exit_time,net_R,cum_net_R,drawdown_R
2022-01-01 05:20:00,-1.247,-1.247,0.0
2022-01-01 23:40:00,0.021,-1.226,0.0
2022-01-02 09:20:00,-1.112,-2.338,-1.112
2022-01-02 17:25:00,0.733,-1.605,-0.379
2022-01-03 00:30:00,-1.253,-2.858,-1.632
2022-01-03 10:00:00,-1.157,-4.015,-2.789
2022-01-03 16:05:00,-1.203,-5.218,-3.992
2022-01-03 16:50:00,2.344,-2.874,-1.648
2022-01-04 00:55:00,0.933,-1.941,-0.715
2022-01-04 08:00:00,-1.068,-3.009,-1.783
2022-01-04 15:55:00,-1.143,-4.152,-2.926
2022-01-05 02:30:00,0.515,-3.637,-2.411
2022-01-05 17:40:00,2.35,-1.287,-0.061
2022-01-05 19:45:00,2.461,1.174,0.0
2022-01-06 03:50:00,0.335,1.509,0.0
2022-01-06 04:55:00,-1.055,0.454,-1.055
2022-01-06 13:00:00,-1.076,-0.622,-2.131
2022-01-07 02:35:00,-1.058,-1.68,-3.189
2022-01-07 03:20:00,2.399,0.719,-0.79
2022-01-07 11:25:00,0.265,0.984,-0.525
2022-01-07 12:30:00,-1.116,-0.132,-1.641
2022-01-07 21:40:00,-0.089,-0.221,-1.73
2022-01-08 00:00:00,-1.135,-1.356,-2.865
2022-01-08 17:10:00,2.397,1.041,-0.468
2022-01-08 18:05:00,2.453,3.494,0.0
2022-01-09 02:10:00,-0.622,2.872,-0.622
2022-01-09 11:10:00,-1.109,1.763,-1.731
2022-01-09 16:55:00,-1.096,0.667,-2.827
2022-01-09 21:40:00,-1.075,-0.408,-3.902
2022-01-10 05:45:00,-0.016,-0.424,-3.918
2022-01-10 12:35:00,2.411,1.987,-1.507
2022-01-10 14:20:00,2.445,4.432,0.0
2022-01-10 16:15:00,-1.018,3.414,-1.018
2022-01-11 02:15:00,-1.088,2.326,-2.106
2022-01-11 11:30:00,-1.074,1.252,-3.18
2022-01-12 00:35:00,0.062,1.314,-3.118
2022-01-12 12:35:00,2.429,3.743,-0.689
2022-01-12 14:50:00,2.457,6.2,0.0
2022-01-12 22:55:00,0.593,6.793,0.0
2022-01-13 15:15:00,-1.075,5.718,-1.075
2022-01-13 23:20:00,0.392,6.11,-0.683
2022-01-14 04:05:00,-1.041,5.069,-1.724
2022-01-14 06:15:00,2.451,7.52,0.0
2022-01-14 08:00:00,-1.026,6.494,-1.026
2022-01-14 15:15:00,-1.035,5.459,-2.061
2022-01-14 23:20:00,-1.038,4.421,-3.099
2022-01-15 08:10:00,-1.09,3.331,-4.189
2022-01-15 12:30:00,-1.135,2.196,-5.324
2022-01-15 15:30:00,-1.09,1.106,-6.414
2022-01-15 21:30:00,-1.101,0.005,-7.515
2022-01-16 05:35:00,0.725,0.73,-6.79
2022-01-16 16:25:00,-1.093,-0.363,-7.883
2022-01-17 01:55:00,0.017,-0.346,-7.866
2022-01-17 10:45:00,0.965,0.619,-6.901
2022-01-17 12:05:00,2.345,2.964,-4.556
2022-01-17 20:10:00,-0.17,2.794,-4.726
2022-01-17 22:30:00,-1.076,1.718,-5.802
2022-01-18 11:15:00,2.438,4.156,-3.364
2022-01-18 13:00:00,-1.053,3.103,-4.417
2022-01-18 21:05:00,-1.085,2.018,-5.502
2022-01-19 07:10:00,2.384,4.402,-3.118
2022-01-19 14:40:00,-1.045,3.357,-4.163
2022-01-19 17:00:00,-1.142,2.215,-5.305
2022-01-20 03:50:00,-1.111,1.104,-6.416
2022-01-20 21:35:00,-1.063,0.041,-7.479
2022-01-20 23:50:00,2.44,2.481,-5.039
2022-01-21 07:55:00,0.756,3.237,-4.283
2022-01-21 12:30:00,2.414,5.651,-1.869
2022-01-21 20:35:00,-0.006,5.645,-1.875
2022-01-22 05:35:00,1.703,7.348,-0.172
2022-01-22 06:35:00,2.472,9.82,0.0
2022-01-22 14:40:00,-0.156,9.664,-0.156
2022-01-22 16:40:00,-1.021,8.643,-1.177
2022-01-23 08:10:00,0.965,9.608,-0.212
2022-01-23 14:40:00,-1.028,8.58,-1.24
2022-01-23 22:50:00,-0.043,8.537,-1.283
2022-01-24 05:30:00,-1.034,7.503,-2.317
2022-01-24 12:20:00,2.472,9.975,0.0
2022-01-24 15:30:00,-1.037,8.938,-1.037
2022-01-25 01:45:00,-1.018,7.92,-2.055
2022-01-25 09:50:00,-1.026,6.894,-3.081
2022-01-25 15:00:00,-1.03,5.864,-4.111
2022-01-26 04:10:00,-0.612,5.252,-4.723
2022-01-26 06:40:00,-1.06,4.192,-5.783
2022-01-26 19:00:00,2.451,6.643,-3.332
2022-01-26 20:20:00,-1.016,5.627,-4.348
2022-01-27 05:25:00,0.965,6.592,-3.383
2022-01-27 16:05:00,-1.056,5.536,-4.439
2022-01-28 09:25:00,-0.099,5.437,-4.538
2022-01-28 16:00:00,-1.096,4.341,-5.634
2022-01-29 04:50:00,0.626,4.967,-5.008
2022-01-29 12:30:00,2.347,7.314,-2.661
2022-01-29 14:55:00,-1.066,6.248,-3.727
2022-01-30 12:50:00,-1.107,5.141,-4.834
2022-01-31 03:10:00,1.293,6.434,-3.541
2022-01-31 23:05:00,0.571,7.005,-2.97
2022-02-01 11:15:00,0.023,7.028,-2.947
2022-02-02 00:05:00,-1.16,5.868,-4.107
2022-02-02 05:20:00,-1.1,4.768,-5.207
2022-02-02 12:05:00,-1.135,3.633,-6.342
2022-02-02 14:20:00,-1.126,2.507,-7.468
2022-02-02 14:45:00,2.422,4.929,-5.046
2022-02-02 22:50:00,0.055,4.984,-4.991
2022-02-03 10:15:00,0.566,5.55,-4.425
2022-02-03 14:15:00,-1.061,4.489,-5.486
2022-02-04 01:05:00,-0.44,4.049,-5.926
2022-02-04 09:15:00,2.361,6.41,-3.565
2022-02-04 13:30:00,-1.116,5.294,-4.681
2022-02-04 23:10:00,1.493,6.787,-3.188
2022-02-05 04:05:00,2.418,9.205,-0.77
2022-02-05 06:00:00,2.429,11.634,0.0
2022-02-05 07:05:00,-1.031,10.603,-1.031
2022-02-05 11:20:00,-1.167,9.436,-2.198
2022-02-05 23:15:00,-1.141,8.295,-3.339
2022-02-06 04:05:00,-1.082,7.213,-4.421
2022-02-06 17:00:00,-1.032,6.181,-5.453
2022-02-06 19:45:00,2.463,8.644,-2.99
2022-02-07 03:50:00,1.911,10.555,-1.079
2022-02-07 15:35:00,2.474,13.029,0.0
2022-02-07 23:40:00,0.143,13.172,0.0
2022-02-08 08:10:00,-1.023,12.149,-1.023
2022-02-08 21:05:00,-1.017,11.132,-2.04
2022-02-08 22:30:00,-1.027,10.105,-3.067
2022-02-09 02:05:00,-1.034,9.071,-4.101
2022-02-09 07:25:00,-1.031,8.04,-5.132
2022-02-09 12:35:00,2.438,10.478,-2.694
2022-02-09 20:40:00,0.171,10.649,-2.523
2022-02-10 09:10:00,-1.108,9.541,-3.631
2022-02-10 12:20:00,-1.068,8.473,-4.699
2022-02-10 21:35:00,0.026,8.499,-4.673
2022-02-11 06:05:00,0.674,9.173,-3.999
2022-02-11 18:35:00,-1.041,8.132,-5.04
2022-02-11 20:20:00,2.45,10.582,-2.59
2022-02-12 04:25:00,0.023,10.605,-2.567
2022-02-12 06:40:00,2.412,13.017,-0.155
2022-02-12 14:45:00,-0.249,12.768,-0.404
2022-02-13 04:05:00,-0.041,12.727,-0.445
2022-02-13 05:50:00,-1.097,11.63,-1.542
2022-02-13 14:15:00,2.458,14.088,0.0
2022-02-13 22:20:00,-0.51,13.578,-0.51
2022-02-14 01:25:00,-1.043,12.535,-1.553
2022-02-14 07:55:00,-1.066,11.469,-2.619
2022-02-14 19:05:00,-0.871,10.598,-3.49
2022-02-15 01:25:00,-1.047,9.551,-4.537
2022-02-15 08:35:00,2.444,11.995,-2.093
2022-02-15 16:40:00,-0.671,11.324,-2.764
2022-02-16 01:50:00,-1.073,10.251,-3.837
2022-02-16 07:55:00,-1.037,9.214,-4.874
2022-02-16 13:45:00,-1.075,8.139,-5.949
2022-02-16 18:55:00,-1.072,7.067,-7.021
2022-02-16 22:30:00,2.414,9.481,-4.607
2022-02-17 04:00:00,-1.034,8.447,-5.641
2022-02-17 13:15:00,-1.063,7.384,-6.704
2022-02-17 18:15:00,2.451,9.835,-4.253
2022-02-18 02:20:00,-0.196,9.639,-4.449
2022-02-18 19:10:00,1.473,11.112,-2.976
2022-02-19 00:15:00,-1.086,10.026,-4.062
2022-02-19 13:05:00,2.442,12.468,-1.62
2022-02-19 13:55:00,-1.054,11.414,-2.674
2022-02-20 03:50:00,1.929,13.343,-0.745
2022-02-20 08:45:00,2.432,15.775,0.0
2022-02-20 12:15:00,-1.042,14.733,-1.042
2022-02-20 22:45:00,-1.105,13.628,-2.147
2022-02-21 10:20:00,-1.074,12.554,-3.221
2022-02-21 14:15:00,-1.053,11.501,-4.274
2022-02-21 21:50:00,-1.019,10.482,-5.293
2022-02-22 06:00:00,1.375,11.857,-3.918
2022-02-23 00:10:00,-1.026,10.831,-4.944
2022-02-23 08:15:00,-1.041,9.79,-5.985
2022-02-23 09:45:00,2.426,12.216,-3.559
2022-02-23 17:50:00,-0.37,11.846,-3.929
2022-02-24 01:25:00,2.438,14.284,-1.491
2022-02-24 03:40:00,2.461,16.745,0.0
2022-02-24 11:45:00,0.414,17.159,0.0
2022-02-25 03:40:00,0.333,17.492,0.0
2022-02-25 11:55:00,-1.036,16.456,-1.036
2022-02-25 20:00:00,-0.002,16.454,-1.038
2022-02-26 00:40:00,2.451,18.905,0.0
2022-02-26 05:35:00,-1.029,17.876,-1.029
2022-02-26 09:10:00,-1.042,16.834,-2.071
2022-02-26 18:15:00,-1.087,15.747,-3.158
2022-02-26 22:15:00,-1.123,14.624,-4.281
2022-02-27 07:05:00,0.28,14.904,-4.001
2022-02-27 13:45:00,-1.061,13.843,-5.062
2022-02-27 21:50:00,0.666,14.509,-4.396
2022-02-28 01:30:00,-1.037,13.472,-5.433
2022-02-28 22:30:00,2.452,15.924,-2.981
2022-03-01 06:40:00,-0.049,15.875,-3.03
2022-03-01 13:50:00,2.462,18.337,-0.568
2022-03-01 21:55:00,-0.586,17.751,-1.154
2022-03-02 11:50:00,-0.226,17.525,-1.38
2022-03-02 21:20:00,0.147,17.672,-1.233
2022-03-03 00:00:00,-1.064,16.608,-2.297
2022-03-03 00:45:00,-1.087,15.521,-3.384
2022-03-03 06:10:00,2.382,17.903,-1.002
2022-03-03 07:10:00,-1.049,16.854,-2.051
2022-03-03 10:45:00,-1.153,15.701,-3.204
2022-03-03 14:45:00,-1.098,14.603,-4.302
2022-03-03 23:15:00,0.561,15.164,-3.741
2022-03-04 08:50:00,-0.61,14.554,-4.351
2022-03-04 19:45:00,2.434,16.988,-1.917
2022-03-05 03:50:00,-0.555,16.433,-2.472
2022-03-05 11:20:00,-1.071,15.362,-3.543
2022-03-06 00:05:00,0.529,15.891,-3.014
2022-03-06 10:05:00,1.654,17.545,-1.36
2022-03-06 12:30:00,-1.052,16.493,-2.412
2022-03-06 16:10:00,-1.115,15.378,-3.527
2022-03-06 21:05:00,-1.11,14.268,-4.637
2022-03-07 07:15:00,1.293,15.561,-3.344
2022-03-07 12:05:00,-1.07,14.491,-4.414
2022-03-07 19:30:00,2.408,16.899,-2.006
2022-03-07 22:25:00,-1.055,15.844,-3.061
2022-03-08 08:10:00,-1.068,14.776,-4.129
2022-03-08 19:40:00,0.013,14.789,-4.116
2022-03-09 01:30:00,-1.082,13.707,-5.198
2022-03-09 03:30:00,2.38,16.087,-2.818
2022-03-09 11:35:00,1.006,17.093,-1.812
2022-03-09 23:30:00,-1.091,16.002,-2.903
2022-03-10 09:45:00,1.07,17.072,-1.833
2022-03-11 06:05:00,0.57,17.642,-1.263
2022-03-11 16:05:00,-1.052,16.59,-2.315
2022-03-12 00:10:00,0.41,17.0,-1.905
2022-03-12 20:15:00,-0.434,16.566,-2.339
2022-03-13 02:00:00,-1.176,15.39,-3.515
2022-03-13 07:00:00,2.401,17.791,-1.114
2022-03-13 09:40:00,-1.037,16.754,-2.151
2022-03-13 13:30:00,-1.074,15.68,-3.225
2022-03-13 19:35:00,-1.125,14.555,-4.35
2022-03-13 22:50:00,2.403,16.958,-1.947
2022-03-14 04:15:00,-1.023,15.935,-2.97
2022-03-14 18:25:00,2.383,18.318,-0.587
2022-03-14 19:50:00,-1.108,17.21,-1.695
2022-03-15 00:15:00,-1.189,16.021,-2.884
2022-03-15 06:05:00,-1.227,14.794,-4.111
2022-03-15 15:15:00,-0.539,14.255,-4.65
2022-03-15 21:00:00,-1.126,13.129,-5.776
2022-03-16 01:15:00,-1.127,12.002,-6.903
2022-03-16 03:15:00,-1.047,10.955,-7.95
2022-03-16 09:00:00,2.282,13.237,-5.668
2022-03-16 17:05:00,-0.799,12.438,-6.467
2022-03-16 19:15:00,-1.061,11.377,-7.528
2022-03-17 03:25:00,0.383,11.76,-7.145
2022-03-17 17:10:00,-1.121,10.639,-8.266
2022-03-18 08:10:00,1.054,11.693,-7.212
2022-03-18 15:45:00,-1.129,10.564,-8.341
2022-03-18 17:05:00,2.371,12.935,-5.97
2022-03-19 01:10:00,0.36,13.295,-5.61
2022-03-19 09:15:00,2.184,15.479,-3.426
2022-03-19 11:20:00,2.397,17.876,-1.029
2022-03-19 14:50:00,2.46,20.336,0.0
2022-03-19 22:55:00,-0.693,19.643,-0.693
2022-03-20 00:30:00,-1.049,18.594,-1.742
2022-03-20 09:20:00,-1.064,17.53,-2.806
2022-03-20 20:00:00,0.665,18.195,-2.141
2022-03-21 07:55:00,-1.055,17.14,-3.196
2022-03-21 16:35:00,-1.099,16.041,-4.295
2022-03-22 00:40:00,-1.114,14.927,-5.409
2022-03-22 10:30:00,0.963,15.89,-4.446
2022-03-22 15:30:00,-1.104,14.786,-5.55
2022-03-22 23:30:00,-1.121,13.665,-6.671
2022-03-23 02:20:00,-1.058,12.607,-7.729
2022-03-23 14:30:00,1.346,13.953,-6.383
2022-03-23 16:55:00,2.385,16.338,-3.998
2022-03-24 01:00:00,0.088,16.426,-3.91
2022-03-24 09:15:00,0.52,16.946,-3.39
2022-03-24 23:25:00,-0.31,16.636,-3.7
2022-03-25 08:00:00,-1.098,15.538,-4.798
2022-03-25 12:40:00,2.342,17.88,-2.456
2022-03-25 14:15:00,-1.056,16.824,-3.512
2022-03-26 00:05:00,0.355,17.179,-3.157
2022-03-26 04:50:00,-1.1,16.079,-4.257
2022-03-26 12:30:00,-1.114,14.965,-5.371
2022-03-26 16:35:00,-1.085,13.88,-6.456
2022-03-26 21:10:00,-1.067,12.813,-7.523
2022-03-27 03:55:00,2.306,15.119,-5.217
2022-03-27 12:15:00,-0.904,14.215,-6.121
2022-03-27 16:00:00,-1.058,13.157,-7.179
2022-03-27 21:25:00,2.42,15.577,-4.759
2022-03-28 05:30:00,1.541,17.118,-3.218
2022-03-28 14:10:00,2.465,19.583,-0.753
2022-03-28 22:15:00,-0.493,19.09,-1.246
2022-03-29 13:50:00,-0.314,18.776,-1.56
2022-03-29 20:50:00,-1.049,17.727,-2.609
2022-03-29 23:30:00,-1.086,16.641,-3.695
2022-03-30 00:30:00,-1.042,15.599,-4.737
2022-03-30 03:50:00,-1.036,14.563,-5.773
2022-03-30 12:10:00,-0.521,14.042,-6.294
2022-03-30 16:15:00,-1.066,12.976,-7.36
2022-03-31 00:20:00,-0.289,12.687,-7.649
2022-03-31 04:25:00,-1.083,11.604,-8.732
2022-03-31 11:35:00,-1.085,10.519,-9.817
2022-03-31 14:00:00,2.434,12.953,-7.383
2022-03-31 22:05:00,0.046,12.999,-7.337
2022-04-01 09:55:00,0.234,13.233,-7.103
2022-04-01 13:20:00,-1.064,12.169,-8.167
2022-04-02 08:40:00,1.473,13.642,-6.694
2022-04-02 12:00:00,-1.079,12.563,-7.773
2022-04-02 23:15:00,0.495,13.058,-7.278
2022-04-03 04:05:00,-1.11,11.948,-8.388
2022-04-03 08:15:00,-1.119,10.829,-9.507
2022-04-03 09:35:00,-1.168,9.661,-10.675
2022-04-03 22:15:00,1.365,11.026,-9.31
2022-04-03 23:00:00,-1.063,9.963,-10.373
2022-04-04 02:35:00,-1.051,8.912,-11.424
2022-04-04 09:50:00,-1.082,7.83,-12.506
2022-04-04 10:50:00,-1.082,6.748,-13.588
2022-04-04 15:10:00,-1.041,5.707,-14.629
2022-04-04 23:15:00,-0.496,5.211,-15.125
2022-04-05 06:50:00,-1.088,4.123,-16.213
2022-04-05 15:05:00,-1.056,3.067,-17.269
2022-04-06 00:10:00,-1.022,2.045,-18.291
2022-04-06 08:15:00,0.075,2.12,-18.216
2022-04-06 13:45:00,2.438,4.558,-15.778
2022-04-06 21:50:00,-0.211,4.347,-15.989
2022-04-07 06:35:00,-0.502,3.845,-16.491
2022-04-07 23:00:00,-0.584,3.261,-17.075
2022-04-08 08:00:00,-1.15,2.111,-18.225
2022-04-08 18:10:00,2.388,4.499,-15.837
2022-04-08 18:50:00,-1.098,3.401,-16.935
2022-04-09 06:15:00,0.652,4.053,-16.283
2022-04-09 11:15:00,-1.126,2.927,-17.409
2022-04-09 19:25:00,-1.093,1.834,-18.502
2022-04-10 07:35:00,0.148,1.982,-18.354
2022-04-10 14:10:00,2.4,4.382,-15.954
2022-04-10 22:15:00,-1.037,3.345,-16.991
2022-04-11 06:20:00,0.7,4.045,-16.291
2022-04-11 09:55:00,2.385,6.43,-13.906
2022-04-11 18:00:00,0.323,6.753,-13.583
2022-04-12 03:35:00,0.898,7.651,-12.685
2022-04-12 11:15:00,2.456,10.107,-10.229
2022-04-12 19:20:00,0.191,10.298,-10.038
2022-04-13 05:45:00,0.617,10.915,-9.421
2022-04-13 09:55:00,-1.061,9.854,-10.482
2022-04-13 22:20:00,-0.288,9.566,-10.77
2022-04-14 09:25:00,-1.074,8.492,-11.844
2022-04-14 13:50:00,-1.058,7.434,-12.902
2022-04-14 21:55:00,0.258,7.692,-12.644
2022-04-15 06:35:00,-1.139,6.553,-13.783
2022-04-15 12:45:00,-1.07,5.483,-14.853
2022-04-15 14:50:00,-1.117,4.366,-15.97
2022-04-15 21:30:00,-1.256,3.11,-17.226
2022-04-16 06:15:00,-1.136,1.974,-18.362
2022-04-16 08:15:00,-1.238,0.736,-19.6
2022-04-16 14:20:00,-1.177,-0.441,-20.777
2022-04-16 15:10:00,-1.199,-1.64,-21.976
2022-04-16 23:15:00,-0.336,-1.976,-22.312
2022-04-17 01:40:00,-1.21,-3.186,-23.522
2022-04-17 05:05:00,-1.112,-4.298,-24.634
2022-04-17 13:15:00,0.853,-3.445,-23.781
2022-04-17 18:05:00,2.297,-1.148,-21.484
2022-04-17 23:25:00,2.429,1.281,-19.055
2022-04-18 07:30:00,0.435,1.716,-18.62
2022-04-18 17:05:00,-1.1,0.616,-19.72
2022-04-19 01:55:00,-1.093,-0.477,-20.813
2022-04-19 10:00:00,-0.02,-0.497,-20.833
2022-04-19 14:00:00,2.354,1.857,-18.479
2022-04-19 22:05:00,-0.607,1.25,-19.086
2022-04-20 05:55:00,-1.054,0.196,-20.14
2022-04-20 13:30:00,-1.087,-0.891,-21.227
2022-04-20 21:35:00,0.414,-0.477,-20.813
2022-04-21 10:20:00,-1.086,-1.563,-21.899
2022-04-21 16:50:00,-1.084,-2.647,-22.983
2022-04-21 19:45:00,2.354,-0.293,-20.629
2022-04-22 03:50:00,-0.167,-0.46,-20.796
2022-04-22 17:40:00,-0.059,-0.519,-20.855
2022-04-23 04:20:00,2.174,1.655,-18.681
2022-04-23 06:10:00,-1.087,0.568,-19.768
2022-04-23 22:25:00,-1.344,-0.776,-21.112
2022-04-24 07:35:00,-0.515,-1.291,-21.627
2022-04-24 13:35:00,2.264,0.973,-19.363
2022-04-24 21:40:00,0.421,1.394,-18.942
2022-04-25 06:50:00,2.426,3.82,-16.516
2022-04-25 11:30:00,-1.064,2.756,-17.58
2022-04-25 19:10:00,2.438,5.194,-15.142
2022-04-26 03:15:00,-0.663,4.531,-15.805
2022-04-26 06:25:00,-1.091,3.44,-16.896
2022-04-26 15:05:00,2.412,5.852,-14.484
2022-04-26 23:10:00,1.268,7.12,-13.216
2022-04-27 02:10:00,-1.032,6.088,-14.248
2022-04-27 08:50:00,-1.1,4.988,-15.348
2022-04-27 16:55:00,0.501,5.489,-14.847
2022-04-27 20:05:00,-1.156,4.333,-16.003
2022-04-28 09:40:00,-0.725,3.608,-16.728
2022-04-28 13:10:00,2.231,5.839,-14.497
2022-04-28 21:15:00,0.239,6.078,-14.258
2022-04-29 03:55:00,-1.112,4.966,-15.37
2022-04-29 10:30:00,2.32,7.286,-13.05
2022-04-29 10:45:00,2.368,9.654,-10.682
2022-04-29 12:20:00,-1.043,8.611,-11.725
2022-04-30 00:45:00,-0.105,8.506,-11.83
2022-04-30 04:55:00,-1.122,7.384,-12.952
2022-04-30 12:05:00,-1.113,6.271,-14.065
2022-04-30 17:50:00,2.398,8.669,-11.667
2022-04-30 23:05:00,2.447,11.116,-9.22
2022-05-01 07:10:00,-0.752,10.364,-9.972
2022-05-01 15:25:00,-1.059,9.305,-11.031
2022-05-02 00:05:00,-0.095,9.21,-11.126
2022-05-02 13:35:00,2.411,11.621,-8.715
2022-05-02 13:40:00,-1.073,10.548,-9.788
2022-05-02 22:05:00,-1.055,9.493,-10.843
2022-05-03 11:55:00,-1.111,8.382,-11.954
2022-05-03 19:40:00,2.413,10.795,-9.541
2022-05-03 20:55:00,-1.065,9.73,-10.606
2022-05-04 04:25:00,-1.049,8.681,-11.655
2022-05-04 08:30:00,-1.056,7.625,-12.711
2022-05-04 09:50:00,-1.107,6.518,-13.818
2022-05-04 12:25:00,-1.074,5.444,-14.892
2022-05-04 18:05:00,-1.075,4.369,-15.967
2022-05-05 02:50:00,0.36,4.729,-15.607
2022-05-05 14:20:00,2.407,7.136,-13.2
2022-05-05 22:25:00,0.533,7.669,-12.667
2022-05-06 15:40:00,-0.502,7.167,-13.169
2022-05-06 19:35:00,-1.105,6.062,-14.274
2022-05-07 04:10:00,2.243,8.305,-12.031
2022-05-07 07:55:00,-1.14,7.165,-13.171
2022-05-07 21:10:00,2.394,9.559,-10.777
2022-05-08 05:15:00,0.626,10.185,-10.151
2022-05-08 10:45:00,-1.13,9.055,-11.281
2022-05-08 21:15:00,0.296,9.351,-10.985
2022-05-09 02:25:00,2.387,11.738,-8.598
2022-05-09 10:30:00,2.468,14.206,-6.13
2022-05-09 16:50:00,2.477,16.683,-3.653
2022-05-10 00:55:00,0.376,17.059,-3.277
2022-05-10 14:45:00,-1.025,16.034,-4.302
2022-05-10 22:50:00,0.481,16.515,-3.821
2022-05-11 11:50:00,2.469,18.984,-1.352
2022-05-11 19:55:00,1.977,20.961,0.0
2022-05-11 22:05:00,-1.021,19.94,-1.021
2022-05-12 05:05:00,2.482,22.422,0.0
2022-05-12 07:50:00,-1.01,21.412,-1.01
2022-05-13 01:00:00,-1.013,20.399,-2.023
2022-05-13 11:15:00,0.402,20.801,-1.621
2022-05-13 16:40:00,-1.023,19.778,-2.644
2022-05-13 21:50:00,-1.028,18.75,-3.672
2022-05-13 23:40:00,-1.02,17.73,-4.692
2022-05-14 11:35:00,1.562,19.292,-3.13
2022-05-14 16:20:00,-1.043,18.249,-4.173
2022-05-15 02:45:00,-1.028,17.221,-5.201
2022-05-15 06:55:00,-1.038,16.183,-6.239
2022-05-15 14:00:00,-1.08,15.103,-7.319
2022-05-15 18:15:00,-1.042,14.061,-8.361
2022-05-16 02:35:00,0.534,14.595,-7.827
2022-05-16 14:20:00,-0.015,14.58,-7.842
2022-05-16 21:05:00,-1.065,13.515,-8.907
2022-05-17 00:15:00,-1.093,12.422,-10.0
2022-05-17 08:20:00,0.544,12.966,-9.456
2022-05-17 22:45:00,-0.528,12.438,-9.984
2022-05-18 01:25:00,-1.131,11.307,-11.115
2022-05-18 11:15:00,0.056,11.363,-11.059
2022-05-18 12:50:00,2.305,13.668,-8.754
2022-05-18 16:05:00,2.446,16.114,-6.308
2022-05-18 16:55:00,-1.033,15.081,-7.341
2022-05-19 01:55:00,2.43,17.511,-4.911
2022-05-19 04:05:00,-1.03,16.481,-5.941
2022-05-19 11:40:00,-1.061,15.42,-7.002
2022-05-19 22:30:00,-1.037,14.383,-8.039
2022-05-19 23:35:00,-1.064,13.319,-9.103
2022-05-20 08:25:00,-1.072,12.247,-10.175
2022-05-20 12:45:00,-1.146,11.101,-11.321
2022-05-20 20:50:00,0.71,11.811,-10.611
2022-05-21 07:25:00,-1.077,10.734,-11.688
2022-05-21 13:40:00,-1.173,9.561,-12.861
2022-05-21 23:05:00,-0.018,9.543,-12.879
2022-05-22 02:30:00,-1.178,8.365,-14.057
2022-05-22 06:25:00,-1.092,7.273,-15.149
2022-05-22 09:55:00,2.352,9.625,-12.797
2022-05-22 11:30:00,-1.071,8.554,-13.868
2022-05-23 06:25:00,0.275,8.829,-13.593
2022-05-23 14:45:00,-0.067,8.762,-13.66
2022-05-23 16:50:00,-1.088,7.674,-14.748
2022-05-24 03:05:00,0.137,7.811,-14.611
2022-05-24 13:45:00,2.403,10.214,-12.208
2022-05-24 15:45:00,-1.041,9.173,-13.249
2022-05-25 02:20:00,-1.081,8.092,-14.33
2022-05-25 05:50:00,-1.065,7.027,-15.395
2022-05-25 13:55:00,-0.558,6.469,-15.953
2022-05-25 18:00:00,-1.088,5.381,-17.041
2022-05-26 00:10:00,-1.155,4.226,-18.196
2022-05-26 08:20:00,2.388,6.614,-15.808
2022-05-26 16:25:00,-0.434,6.18,-16.242
2022-05-27 01:05:00,2.43,8.61,-13.812
2022-05-27 09:10:00,0.332,8.942,-13.48
2022-05-28 00:15:00,-1.083,7.859,-14.563
2022-05-28 17:15:00,-1.092,6.767,-15.655
2022-05-28 18:55:00,-1.071,5.696,-16.726
2022-05-29 01:25:00,-1.083,4.613,-17.809
2022-05-29 08:15:00,-1.091,3.522,-18.9
2022-05-29 12:45:00,2.366,5.888,-16.534
2022-05-29 14:05:00,2.434,8.322,-14.1
2022-05-29 22:10:00,-0.287,8.035,-14.387
2022-05-30 00:05:00,-1.063,6.972,-15.45
2022-05-30 06:15:00,2.463,9.435,-12.987
2022-05-30 11:00:00,-1.024,8.411,-14.011
2022-05-31 05:00:00,-0.097,8.314,-14.108
2022-06-01 00:05:00,-0.714,7.6,-14.822
2022-06-01 07:00:00,-1.088,6.512,-15.91
2022-06-01 14:25:00,-1.061,5.451,-16.971
2022-06-01 20:25:00,2.461,7.912,-14.51
2022-06-02 04:30:00,-0.493,7.419,-15.003
2022-06-02 15:20:00,-1.046,6.373,-16.049
2022-06-03 00:35:00,-1.078,5.295,-17.127
2022-06-03 08:40:00,0.827,6.122,-16.3
2022-06-03 09:35:00,2.273,8.395,-14.027
2022-06-03 17:40:00,0.675,9.07,-13.352
2022-06-04 07:30:00,-0.327,8.743,-13.679
2022-06-04 17:45:00,-0.593,8.15,-14.272
2022-06-05 09:05:00,0.027,8.177,-14.245
2022-06-05 13:00:00,-1.085,7.092,-15.33
2022-06-05 20:05:00,2.324,9.416,-13.006
2022-06-06 00:45:00,-1.152,8.264,-14.158
2022-06-06 07:25:00,2.422,10.686,-11.736
2022-06-06 13:35:00,-1.05,9.636,-12.786
2022-06-07 00:25:00,0.87,10.506,-11.916
2022-06-07 08:35:00,-0.016,10.49,-11.932
2022-06-07 14:30:00,-1.091,9.399,-13.023
2022-06-07 20:25:00,2.411,11.81,-10.612
2022-06-07 22:45:00,-1.037,10.773,-11.649
2022-06-08 06:50:00,-0.276,10.497,-11.925
2022-06-08 13:05:00,-1.095,9.402,-13.02
2022-06-08 18:30:00,-1.07,8.332,-14.09
2022-06-08 22:45:00,-1.094,7.238,-15.184
2022-06-09 06:50:00,-1.103,6.135,-16.287
2022-06-09 11:40:00,-1.164,4.971,-17.451
2022-06-09 17:05:00,-1.206,3.765,-18.657
2022-06-10 03:05:00,-0.37,3.395,-19.027
2022-06-10 12:30:00,2.387,5.782,-16.64
2022-06-10 20:35:00,-0.049,5.733,-16.689
2022-06-11 04:20:00,-1.053,4.68,-17.742
2022-06-11 11:00:00,2.428,7.108,-15.314
2022-06-11 19:05:00,0.599,7.707,-14.715
2022-06-11 22:30:00,-1.061,6.646,-15.776
2022-06-12 02:40:00,2.458,9.104,-13.318
2022-06-12 10:45:00,-0.018,9.086,-13.336
2022-06-12 14:30:00,-1.047,8.039,-14.383
2022-06-12 23:40:00,2.444,10.483,-11.939
2022-06-13 03:00:00,2.455,12.938,-9.484
2022-06-13 04:05:00,-1.031,11.907,-10.515
2022-06-13 09:05:00,2.464,14.371,-8.051
2022-06-13 15:40:00,-1.021,13.35,-9.072
2022-06-14 05:20:00,-1.021,12.329,-10.093
2022-06-14 11:10:00,-1.027,11.302,-11.12
2022-06-14 12:40:00,-1.052,10.25,-12.172
2022-06-14 23:20:00,-1.064,9.186,-13.236
2022-06-15 03:10:00,-1.041,8.145,-14.277
2022-06-15 05:25:00,2.442,10.587,-11.835
2022-06-15 06:50:00,-1.04,9.547,-12.875
2022-06-15 10:40:00,-1.03,8.517,-13.905
2022-06-15 18:40:00,-1.033,7.484,-14.938
2022-06-16 02:45:00,0.427,7.911,-14.511
2022-06-16 17:20:00,-0.321,7.59,-14.832
2022-06-17 01:45:00,-1.044,6.546,-15.876
2022-06-17 09:50:00,-0.267,6.279,-16.143
2022-06-17 20:45:00,-0.834,5.445,-16.977
2022-06-17 22:20:00,-1.08,4.365,-18.057
2022-06-18 01:30:00,-1.088,3.277,-19.145
2022-06-18 09:45:00,1.512,4.789,-17.633
2022-06-18 19:35:00,2.44,7.229,-15.193
2022-06-18 21:25:00,-1.042,6.187,-16.235
2022-06-19 07:20:00,-1.043,5.144,-17.278
2022-06-19 18:20:00,0.526,5.67,-16.752
2022-06-20 02:30:00,-1.032,4.638,-17.784
2022-06-20 16:20:00,0.028,4.666,-17.756
2022-06-20 22:15:00,-1.058,3.608,-18.814
2022-06-21 08:20:00,2.426,6.034,-16.388
2022-06-21 10:30:00,2.474,8.508,-13.914
2022-06-21 18:35:00,1.651,10.159,-12.263
2022-06-21 22:20:00,-1.019,9.14,-13.282
2022-06-22 06:25:00,-1.019,8.121,-14.301
2022-06-22 11:15:00,2.474,10.595,-11.827
2022-06-22 19:20:00,-0.789,9.806,-12.616
2022-06-23 08:30:00,0.554,10.36,-12.062
2022-06-23 19:20:00,-1.031,9.329,-13.093
2022-06-24 03:25:00,0.986,10.315,-12.107
2022-06-24 11:15:00,2.462,12.777,-9.645
2022-06-24 19:20:00,-0.27,12.507,-9.915
2022-06-25 00:00:00,-1.049,11.458,-10.964
2022-06-25 12:00:00,0.153,11.611,-10.811
2022-06-26 01:15:00,2.439,14.05,-8.372
2022-06-26 01:50:00,-1.05,13.0,-9.422
2022-06-26 15:00:00,-0.582,12.418,-10.004
2022-06-26 20:45:00,-1.046,11.372,-11.05
2022-06-26 22:20:00,-1.054,10.318,-12.104
2022-06-27 06:30:00,-0.304,10.014,-12.408
2022-06-27 11:20:00,-1.067,8.947,-13.475
2022-06-27 13:45:00,2.424,11.371,-11.051
2022-06-27 21:50:00,-0.159,11.212,-11.21
2022-06-28 09:25:00,-0.345,10.867,-11.555
2022-06-28 17:45:00,2.454,13.321,-9.101
2022-06-29 01:50:00,0.435,13.756,-8.666
2022-06-29 06:50:00,2.437,16.193,-6.229
2022-06-29 07:55:00,-1.037,15.156,-7.266
2022-06-29 14:05:00,-1.055,14.101,-8.321
2022-06-30 03:20:00,-1.043,13.058,-9.364
2022-06-30 06:20:00,-1.043,12.015,-10.407
2022-06-30 14:25:00,0.447,12.462,-9.96
2022-06-30 23:00:00,-0.378,12.084,-10.338
2022-07-01 07:50:00,-0.15,11.934,-10.488
2022-07-01 13:45:00,-1.123,10.811,-11.611
2022-07-02 05:55:00,-0.008,10.803,-11.619
2022-07-02 18:45:00,-0.108,10.695,-11.727
2022-07-03 04:20:00,-0.016,10.679,-11.743
2022-07-03 13:35:00,2.31,12.989,-9.433
2022-07-03 19:05:00,-1.062,11.927,-10.495
2022-07-03 20:05:00,2.309,14.236,-8.186
2022-07-04 02:45:00,-1.086,13.15,-9.272
2022-07-04 07:30:00,-1.097,12.053,-10.369
2022-07-04 12:00:00,2.402,14.455,-7.967
2022-07-04 20:05:00,-0.338,14.117,-8.305
2022-07-05 01:05:00,2.415,16.532,-5.89
2022-07-05 08:05:00,-1.037,15.495,-6.927
2022-07-05 17:35:00,-0.266,15.229,-7.193
2022-07-06 01:40:00,-1.042,14.187,-8.235
2022-07-06 04:10:00,-1.053,13.134,-9.288
2022-07-06 12:15:00,-0.315,12.819,-9.603
2022-07-06 13:35:00,-1.105,11.714,-10.708
2022-07-06 22:10:00,0.116,11.83,-10.592
2022-07-07 05:50:00,-1.108,10.722,-11.7
2022-07-07 22:20:00,2.458,13.18,-9.242
2022-07-08 06:25:00,-0.755,12.425,-9.997
2022-07-08 23:00:00,0.45,12.875,-9.547
2022-07-09 13:05:00,0.827,13.702,-8.72
2022-07-09 21:15:00,0.68,14.382,-8.04
2022-07-09 21:50:00,-1.164,13.218,-9.204
2022-07-10 09:25:00,-1.185,12.033,-10.389
2022-07-10 17:30:00,0.96,12.993,-9.429
2022-07-11 08:05:00,1.024,14.017,-8.405
2022-07-11 12:55:00,-1.087,12.93,-9.492
2022-07-11 21:15:00,0.661,13.591,-8.831
2022-07-12 05:45:00,-0.367,13.224,-9.198
2022-07-12 15:00:00,-0.324,12.9,-9.522
2022-07-12 19:35:00,2.377,15.277,-7.145
2022-07-13 03:40:00,0.033,15.31,-7.112
2022-07-13 12:25:00,-1.081,14.229,-8.193
2022-07-13 20:35:00,-0.385,13.844,-8.578
2022-07-14 05:45:00,0.301,14.145,-8.277
2022-07-14 14:35:00,0.081,14.226,-8.196
2022-07-14 23:20:00,0.789,15.015,-7.407
2022-07-15 07:35:00,0.679,15.694,-6.728
2022-07-15 13:05:00,2.43,18.124,-4.298
2022-07-16 00:20:00,-1.059,17.065,-5.357
2022-07-16 13:15:00,-1.091,15.974,-6.448
2022-07-16 17:00:00,2.434,18.408,-4.014
2022-07-16 20:10:00,-1.044,17.364,-5.058
2022-07-17 01:15:00,-1.112,16.252,-6.17
2022-07-17 08:30:00,-1.095,15.157,-7.265
2022-07-17 21:05:00,-0.055,15.102,-7.32
2022-07-17 23:35:00,-1.155,13.947,-8.475
2022-07-18 01:40:00,-1.068,12.879,-9.543
2022-07-18 05:40:00,2.419,15.298,-7.124
2022-07-18 13:45:00,0.567,15.865,-6.557
2022-07-18 14:00:00,2.446,18.311,-4.111
2022-07-18 19:10:00,-1.021,17.29,-5.132
2022-07-19 04:05:00,-1.047,16.243,-6.179
2022-07-19 14:55:00,2.44,18.683,-3.739
2022-07-19 23:00:00,-0.15,18.533,-3.889
2022-07-19 23:35:00,-1.055,17.478,-4.944
2022-07-20 07:05:00,2.427,19.905,-2.517
2022-07-20 09:00:00,-1.038,18.867,-3.555
2022-07-21 04:10:00,0.974,19.841,-2.581
2022-07-21 13:25:00,-1.051,18.79,-3.632
2022-07-21 16:10:00,-1.039,17.751,-4.671
2022-07-22 00:15:00,0.758,18.509,-3.913
2022-07-22 08:35:00,0.437,18.946,-3.476
2022-07-22 13:00:00,-1.07,17.876,-4.546
2022-07-22 23:25:00,1.386,19.262,-3.16
2022-07-23 01:00:00,-1.058,18.204,-4.218
2022-07-23 08:50:00,-1.111,17.093,-5.329
2022-07-23 17:00:00,1.012,18.105,-4.317
2022-07-23 22:45:00,-1.062,17.043,-5.379
2022-07-24 05:10:00,-1.104,15.939,-6.483
2022-07-24 13:15:00,-0.358,15.581,-6.841
2022-07-24 22:50:00,-1.167,14.414,-8.008
2022-07-25 06:55:00,1.457,15.871,-6.551
2022-07-25 08:35:00,-1.184,14.687,-7.735
2022-07-25 20:10:00,0.534,15.221,-7.201
2022-07-26 00:00:00,2.39,17.611,-4.811
2022-07-26 08:05:00,0.654,18.265,-4.157
2022-07-26 21:05:00,-1.054,17.211,-5.211
2022-07-27 01:40:00,-1.085,16.126,-6.296
2022-07-27 07:10:00,-1.057,15.069,-7.353
2022-07-27 12:40:00,-1.104,13.965,-8.457
2022-07-27 16:55:00,-1.1,12.865,-9.557
2022-07-27 18:00:00,-1.059,11.806,-10.616
2022-07-28 02:05:00,0.701,12.507,-9.915
2022-07-28 07:30:00,-1.047,11.46,-10.962
2022-07-28 12:25:00,-1.106,10.354,-12.068
2022-07-28 17:25:00,2.445,12.799,-9.623
2022-07-29 01:30:00,-0.55,12.249,-10.173
2022-07-29 08:05:00,-1.044,11.205,-11.217
2022-07-29 14:10:00,-1.047,10.158,-12.264
2022-07-29 17:25:00,-1.031,9.127,-13.295
2022-07-29 23:50:00,-1.059,8.068,-14.354
2022-07-30 06:25:00,-1.091,6.977,-15.445
2022-07-30 08:50:00,2.406,9.383,-13.039
2022-07-30 16:55:00,0.755,10.138,-12.284
2022-07-31 08:45:00,-1.106,9.032,-13.39
2022-07-31 10:55:00,-1.065,7.967,-14.455
2022-07-31 14:40:00,-1.086,6.881,-15.541
2022-07-31 16:00:00,-1.087,5.794,-16.628
2022-08-01 01:50:00,-1.075,4.719,-17.703
2022-08-01 09:55:00,-0.154,4.565,-17.857
2022-08-01 18:35:00,0.754,5.319,-17.103
2022-08-01 22:45:00,-1.082,4.237,-18.185
2022-08-02 09:55:00,0.333,4.57,-17.852
2022-08-02 14:25:00,-1.116,3.454,-18.968
2022-08-02 23:50:00,-1.082,2.372,-20.05
2022-08-03 06:05:00,-1.07,1.302,-21.12
2022-08-03 14:10:00,0.831,2.133,-20.289
2022-08-03 20:20:00,-1.152,0.981,-21.441
2022-08-03 23:00:00,2.305,3.286,-19.136
2022-08-04 01:00:00,-1.067,2.219,-20.203
2022-08-04 06:30:00,-1.074,1.145,-21.277
2022-08-04 14:35:00,0.208,1.353,-21.069
2022-08-05 00:50:00,-0.367,0.986,-21.436
2022-08-05 09:50:00,0.828,1.814,-20.608
2022-08-05 12:30:00,-1.09,0.724,-21.698
2022-08-06 01:30:00,2.27,2.994,-19.428
2022-08-06 08:35:00,-1.286,1.708,-20.714
2022-08-07 01:05:00,0.397,2.105,-20.317
2022-08-07 20:05:00,0.61,2.715,-19.707
2022-08-07 22:00:00,-1.215,1.5,-20.922
2022-08-08 03:25:00,2.336,3.836,-18.586
2022-08-08 11:30:00,0.351,4.187,-18.235
2022-08-08 15:20:00,-1.082,3.105,-19.317
2022-08-08 21:15:00,-1.141,1.964,-20.458
2022-08-09 06:00:00,-1.112,0.852,-21.57
2022-08-09 10:15:00,-1.057,-0.205,-22.627
2022-08-09 18:20:00,1.217,1.012,-21.41
2022-08-10 08:35:00,-0.744,0.268,-22.154
2022-08-10 12:30:00,2.304,2.572,-19.85
2022-08-10 20:35:00,0.171,2.743,-19.679
2022-08-11 04:55:00,1.763,4.506,-17.916
2022-08-11 05:55:00,-1.113,3.393,-19.029
2022-08-11 12:50:00,2.333,5.726,-16.696
2022-08-11 14:40:00,-1.051,4.675,-17.747
2022-08-12 02:50:00,-1.098,3.577,-18.845
2022-08-12 08:15:00,-1.176,2.401,-20.021
2022-08-12 10:50:00,-1.096,1.305,-21.117
2022-08-12 18:40:00,-1.065,0.24,-22.182
2022-08-13 01:20:00,2.383,2.623,-19.799
2022-08-13 03:50:00,-1.079,1.544,-20.878
2022-08-13 11:40:00,-1.072,0.472,-21.95
2022-08-13 18:45:00,-1.123,-0.651,-23.073
2022-08-14 04:00:00,2.395,1.744,-20.678
2022-08-14 05:05:00,2.456,4.2,-18.222
2022-08-14 11:15:00,2.481,6.681,-15.741
2022-08-14 11:40:00,-1.043,5.638,-16.784
2022-08-14 15:05:00,2.458,8.096,-14.326
2022-08-14 23:10:00,0.697,8.793,-13.629
2022-08-16 02:25:00,-1.036,7.757,-14.665
2022-08-16 03:05:00,-1.047,6.71,-15.712
2022-08-16 11:55:00,-0.14,6.57,-15.852
2022-08-16 14:30:00,-1.059,5.511,-16.911
2022-08-16 22:00:00,-1.039,4.472,-17.95
2022-08-17 02:30:00,2.355,6.827,-15.595
2022-08-17 07:30:00,-1.045,5.782,-16.64
2022-08-17 11:55:00,-1.039,4.743,-17.679
2022-08-17 13:40:00,-1.045,3.698,-18.724
2022-08-17 21:25:00,2.466,6.164,-16.258
2022-08-18 05:30:00,-0.213,5.951,-16.471
2022-08-18 10:05:00,-1.102,4.849,-17.573
2022-08-18 17:50:00,2.417,7.266,-15.156
2022-08-18 23:15:00,2.434,9.7,-12.722
2022-08-19 07:20:00,0.397,10.097,-12.325
2022-08-19 12:45:00,-1.047,9.05,-13.372
2022-08-20 18:05:00,1.603,10.653,-11.769
2022-08-21 01:50:00,-1.072,9.581,-12.841
2022-08-21 07:50:00,-1.079,8.502,-13.92
2022-08-21 13:20:00,-1.082,7.42,-15.002
2022-08-21 16:45:00,-1.091,6.329,-16.093
2022-08-22 00:55:00,-0.142,6.187,-16.235
2022-08-22 07:55:00,2.408,8.595,-13.827
2022-08-22 16:00:00,-0.641,7.954,-14.468
2022-08-22 20:05:00,-1.144,6.81,-15.612
2022-08-23 05:30:00,-1.1,5.71,-16.712
2022-08-23 11:45:00,-1.051,4.659,-17.763
2022-08-23 19:50:00,-0.411,4.248,-18.174
2022-08-24 00:10:00,2.303,6.551,-15.871
2022-08-24 00:35:00,-1.06,5.491,-16.931
2022-08-24 09:20:00,-0.192,5.299,-17.123
2022-08-24 22:15:00,-1.106,4.193,-18.229
2022-08-25 06:15:00,-1.081,3.112,-19.31
2022-08-25 10:15:00,2.411,5.523,-16.899
2022-08-25 18:20:00,0.122,5.645,-16.777
2022-08-26 13:25:00,-0.456,5.189,-17.233
2022-08-26 23:05:00,0.346,5.535,-16.887
2022-08-27 07:15:00,0.343,5.878,-16.544
2022-08-27 19:25:00,1.513,7.391,-15.031
2022-08-28 10:45:00,-1.185,6.206,-16.216
2022-08-28 15:35:00,-1.13,5.076,-17.346
2022-08-28 23:50:00,2.425,7.501,-14.921
2022-08-29 07:55:00,-0.594,6.907,-15.515
2022-08-29 21:35:00,0.208,7.115,-15.307
2022-08-30 04:15:00,2.347,9.462,-12.96
2022-08-30 12:20:00,-0.393,9.069,-13.353
2022-08-30 22:10:00,0.268,9.337,-13.085
2022-08-31 08:30:00,-0.484,8.853,-13.569
2022-08-31 10:50:00,-1.1,7.753,-14.669
2022-08-31 23:05:00,0.007,7.76,-14.662
2022-09-01 07:10:00,-0.159,7.601,-14.821
2022-09-01 10:55:00,-1.182,6.419,-16.003
2022-09-01 20:05:00,-1.117,5.302,-17.12
2022-09-02 04:10:00,1.669,6.971,-15.451
2022-09-02 04:50:00,-1.155,5.816,-16.606
2022-09-02 12:35:00,-1.085,4.731,-17.691
2022-09-02 17:30:00,-1.054,3.677,-18.745
2022-09-03 01:35:00,-0.529,3.148,-19.274
2022-09-03 05:35:00,2.354,5.502,-16.92
2022-09-03 07:45:00,-1.042,4.46,-17.962
2022-09-03 13:15:00,-1.067,3.393,-19.029
2022-09-03 14:25:00,-1.132,2.261,-20.161
2022-09-04 01:25:00,2.129,4.39,-18.032
2022-09-04 03:35:00,-1.116,3.274,-19.148
2022-09-04 09:40:00,2.352,5.626,-16.796
2022-09-04 17:45:00,-0.166,5.46,-16.962
2022-09-05 04:55:00,-1.114,4.346,-18.076
2022-09-05 13:10:00,0.958,5.304,-17.118
2022-09-05 23:50:00,2.211,7.515,-14.907
2022-09-06 02:05:00,-1.093,6.422,-16.0
2022-09-06 17:10:00,2.418,8.84,-13.582
2022-09-07 01:15:00,0.074,8.914,-13.508
2022-09-07 08:35:00,-1.049,7.865,-14.557
2022-09-08 01:50:00,-0.235,7.63,-14.792
2022-09-08 05:55:00,-1.14,6.49,-15.932
2022-09-08 20:10:00,-1.068,5.422,-17.0
2022-09-09 04:30:00,2.409,7.831,-14.591
2022-09-09 08:45:00,2.438,10.269,-12.153
2022-09-09 16:50:00,-0.686,9.583,-12.839
2022-09-10 00:35:00,-1.079,8.504,-13.918
2022-09-10 07:45:00,-1.061,7.443,-14.979
2022-09-10 13:45:00,-1.08,6.363,-16.059
2022-09-11 01:45:00,-0.053,6.31,-16.112
2022-09-11 12:55:00,-1.079,5.231,-17.191
2022-09-11 20:35:00,-1.084,4.147,-18.275
2022-09-12 01:35:00,-1.097,3.05,-19.372
2022-09-12 03:30:00,-1.06,1.99,-20.432
2022-09-12 06:45:00,-1.059,0.931,-21.491
2022-09-12 14:50:00,-0.164,0.767,-21.655
2022-09-12 16:05:00,2.421,3.188,-19.234
2022-09-13 00:10:00,-0.732,2.456,-19.966
2022-09-13 06:40:00,-1.049,1.407,-21.015
2022-09-13 10:40:00,-1.142,0.265,-22.157
2022-09-13 12:30:00,-1.082,-0.817,-23.239
2022-09-13 20:35:00,0.241,-0.576,-22.998
2022-09-14 07:50:00,2.375,1.799,-20.623
2022-09-14 12:30:00,-1.056,0.743,-21.679
2022-09-15 00:30:00,-0.09,0.653,-21.769
2022-09-15 09:10:00,0.009,0.662,-21.76
2022-09-15 22:35:00,0.409,1.071,-21.351
2022-09-16 06:40:00,-0.744,0.327,-22.095
2022-09-16 13:55:00,2.344,2.671,-19.751
2022-09-16 22:00:00,-0.195,2.476,-19.946
2022-09-17 09:15:00,-1.139,1.337,-21.085
2022-09-17 21:55:00,0.205,1.542,-20.88
2022-09-18 03:45:00,-1.134,0.408,-22.014
2022-09-18 17:55:00,0.829,1.237,-21.185
2022-09-18 21:10:00,2.403,3.64,-18.782
2022-09-19 05:15:00,-0.481,3.159,-19.263
2022-09-19 13:40:00,-1.053,2.106,-20.316
2022-09-19 19:40:00,-1.068,1.038,-21.384
2022-09-20 02:30:00,-1.135,-0.097,-22.519
2022-09-20 07:05:00,-1.07,-1.167,-23.589
2022-09-20 15:45:00,0.359,-0.808,-23.23
2022-09-21 02:00:00,0.263,-0.545,-22.967
2022-09-21 13:50:00,-1.091,-1.636,-24.058
2022-09-21 17:40:00,-1.057,-2.693,-25.115
2022-09-21 18:00:00,-1.056,-3.749,-26.171
2022-09-21 18:40:00,2.443,-1.306,-23.728
2022-09-21 21:30:00,-1.017,-2.323,-24.745
2022-09-22 05:35:00,-0.807,-3.13,-25.552
2022-09-22 10:25:00,2.367,-0.763,-23.185
2022-09-22 13:20:00,-1.076,-1.839,-24.261
2022-09-22 19:45:00,-1.068,-2.907,-25.329
2022-09-23 03:50:00,0.635,-2.272,-24.694
2022-09-23 07:00:00,-1.112,-3.384,-25.806
2022-09-23 18:50:00,-1.085,-4.469,-26.891
2022-09-24 03:40:00,0.257,-4.212,-26.634
2022-09-24 13:15:00,2.367,-1.845,-24.267
2022-09-24 21:20:00,-0.153,-1.998,-24.42
2022-09-25 10:15:00,-1.075,-3.073,-25.495
2022-09-25 13:20:00,-1.094,-4.167,-26.589
2022-09-25 21:30:00,0.381,-3.786,-26.208
2022-09-25 21:35:00,2.308,-1.478,-23.9
2022-09-26 00:15:00,-1.053,-2.531,-24.953
2022-09-26 05:10:00,2.174,-0.357,-22.779
2022-09-26 08:05:00,-1.117,-1.474,-23.896
2022-09-26 13:20:00,-1.122,-2.596,-25.018
2022-09-26 22:30:00,-1.13,-3.726,-26.148
2022-09-27 03:05:00,2.391,-1.335,-23.757
2022-09-27 11:10:00,-0.443,-1.778,-24.2
2022-09-27 16:45:00,2.396,0.618,-21.804
2022-09-28 00:25:00,-1.039,-0.421,-22.843
2022-09-28 01:25:00,-1.06,-1.481,-23.903
2022-09-28 09:45:00,0.42,-1.061,-23.483
2022-09-28 16:15:00,2.401,1.34,-21.082
2022-09-29 00:20:00,-0.84,0.5,-21.922
2022-09-29 01:15:00,-1.13,-0.63,-23.052
2022-09-29 14:10:00,1.343,0.713,-21.709
2022-09-30 10:45:00,-1.171,-0.458,-22.88
2022-09-30 12:25:00,-1.212,-1.67,-24.092
2022-09-30 21:40:00,2.396,0.726,-21.696
2022-10-01 05:45:00,-0.558,0.168,-22.254
2022-10-01 10:15:00,-1.117,-0.949,-23.371
2022-10-02 00:25:00,-0.116,-1.065,-23.487
2022-10-02 10:15:00,2.341,1.276,-21.146
2022-10-02 17:45:00,-1.058,0.218,-22.204
2022-10-02 22:00:00,-1.099,-0.881,-23.303
2022-10-03 00:05:00,2.361,1.48,-20.942
2022-10-03 00:20:00,-1.133,0.347,-22.075
2022-10-03 05:00:00,-1.092,-0.745,-23.167
2022-10-03 06:05:00,-1.147,-1.892,-24.314
2022-10-03 18:50:00,-0.393,-2.285,-24.707
2022-10-03 23:00:00,-1.181,-3.466,-25.888
2022-10-04 07:20:00,1.888,-1.578,-24.0
2022-10-04 08:45:00,-1.134,-2.712,-25.134
2022-10-04 13:25:00,-1.173,-3.885,-26.307
2022-10-05 00:10:00,0.367,-3.518,-25.94
2022-10-05 03:35:00,-1.096,-4.614,-27.036
2022-10-05 16:45:00,-1.059,-5.673,-28.095
2022-10-06 00:50:00,0.519,-5.154,-27.576
2022-10-06 05:05:00,-1.222,-6.376,-28.798
2022-10-06 21:30:00,1.169,-5.207,-27.629
2022-10-07 05:40:00,-0.488,-5.695,-28.117
2022-10-07 08:20:00,-1.17,-6.865,-29.287
2022-10-07 20:35:00,-0.199,-7.064,-29.486
2022-10-08 12:40:00,-1.239,-8.303,-30.725
2022-10-08 21:50:00,2.318,-5.985,-28.407
2022-10-09 00:10:00,-1.09,-7.075,-29.497
2022-10-09 11:00:00,-1.293,-8.368,-30.79
2022-10-09 14:50:00,-1.334,-9.702,-32.124
2022-10-10 05:30:00,-1.238,-10.94,-33.362
2022-10-10 08:10:00,2.24,-8.7,-31.122
2022-10-10 16:15:00,0.651,-8.049,-30.471
2022-10-10 22:05:00,2.392,-5.657,-28.079
2022-10-11 06:10:00,-0.097,-5.754,-28.176
2022-10-11 15:45:00,-1.11,-6.864,-29.286
2022-10-12 02:45:00,-0.014,-6.878,-29.3
2022-10-12 12:30:00,2.225,-4.653,-27.075
2022-10-12 20:35:00,0.026,-4.627,-27.049
2022-10-13 02:20:00,2.379,-2.248,-24.67
2022-10-13 07:40:00,2.448,0.2,-22.222
2022-10-13 15:35:00,-1.035,-0.835,-23.257
2022-10-13 17:15:00,2.462,1.627,-20.795
2022-10-14 01:20:00,-0.196,1.431,-20.991
2022-10-14 07:15:00,-1.071,0.36,-22.062
2022-10-14 14:00:00,-1.077,-0.717,-23.139
2022-10-14 22:05:00,1.5,0.783,-21.639
2022-10-15 08:25:00,-1.092,-0.309,-22.731
2022-10-15 11:55:00,-1.099,-1.408,-23.83
2022-10-15 13:20:00,-1.096,-2.504,-24.926
2022-10-15 23:25:00,-0.706,-3.21,-25.632
2022-10-16 08:20:00,0.527,-2.683,-25.105
2022-10-16 15:05:00,-1.273,-3.956,-26.378
2022-10-16 19:30:00,-1.115,-5.071,-27.493
2022-10-17 03:35:00,-0.694,-5.765,-28.187
2022-10-17 13:10:00,0.783,-4.982,-27.404
2022-10-17 14:50:00,-1.118,-6.1,-28.522
2022-10-18 00:30:00,2.256,-3.844,-26.266
2022-10-18 01:30:00,-1.132,-4.976,-27.398
2022-10-18 13:55:00,2.361,-2.615,-25.037
2022-10-18 22:00:00,-0.036,-2.651,-25.073
2022-10-19 08:55:00,-0.416,-3.067,-25.489
2022-10-19 15:55:00,-1.103,-4.17,-26.592
2022-10-19 22:35:00,2.304,-1.866,-24.288
2022-10-20 06:40:00,-0.762,-2.628,-25.05
2022-10-20 14:10:00,-1.119,-3.747,-26.169
2022-10-20 16:25:00,-1.12,-4.867,-27.289
2022-10-21 00:20:00,2.374,-2.493,-24.915
2022-10-21 00:50:00,-1.091,-3.584,-26.006
2022-10-21 08:35:00,2.375,-1.209,-23.631
2022-10-21 14:05:00,-1.06,-2.269,-24.691
2022-10-22 03:10:00,-0.089,-2.358,-24.78
2022-10-22 06:10:00,-1.164,-3.522,-25.944
2022-10-22 15:00:00,1.151,-2.371,-24.793
2022-10-23 00:05:00,-1.194,-3.565,-25.987
2022-10-23 06:35:00,-1.144,-4.709,-27.131
2022-10-23 14:40:00,0.302,-4.407,-26.829
2022-10-23 18:10:00,2.236,-2.171,-24.593
2022-10-24 02:15:00,-0.335,-2.506,-24.928
2022-10-24 11:10:00,-0.213,-2.719,-25.141
2022-10-24 21:35:00,0.415,-2.304,-24.726
2022-10-25 07:10:00,-1.267,-3.571,-25.993
2022-10-25 12:35:00,2.308,-1.263,-23.685
2022-10-25 13:15:00,-1.117,-2.38,-24.802
2022-10-25 21:20:00,0.982,-1.398,-23.82
2022-10-26 03:15:00,2.4,1.002,-21.42
2022-10-26 11:20:00,0.011,1.013,-21.409
2022-10-26 16:15:00,-1.093,-0.08,-22.502
2022-10-27 01:10:00,1.244,1.164,-21.258
2022-10-27 04:15:00,2.448,3.612,-18.81
2022-10-27 09:05:00,-1.026,2.586,-19.836
2022-10-27 13:55:00,-1.04,1.546,-20.876
2022-10-27 21:45:00,-1.059,0.487,-21.935
2022-10-28 06:40:00,0.215,0.702,-21.72
2022-10-28 08:30:00,-1.093,-0.391,-22.813
2022-10-28 12:30:00,-1.055,-1.446,-23.868
2022-10-28 16:40:00,2.466,1.02,-21.402
2022-10-29 00:45:00,-0.148,0.872,-21.55
2022-10-29 04:00:00,-1.07,-0.198,-22.62
2022-10-29 10:05:00,2.462,2.264,-20.158
2022-10-29 10:25:00,-1.036,1.228,-21.194
2022-10-29 15:35:00,2.45,3.678,-18.744
2022-10-29 16:00:00,2.481,6.159,-16.263
2022-10-30 00:05:00,-0.737,5.422,-17.0
2022-10-30 08:00:00,-1.037,4.385,-18.037
2022-10-30 13:25:00,-1.04,3.345,-19.077
2022-10-30 21:30:00,0.68,4.025,-18.397
2022-10-31 04:05:00,-1.046,2.979,-19.443
2022-10-31 09:45:00,-1.046,1.933,-20.489
2022-10-31 17:50:00,0.055,1.988,-20.434
2022-11-01 03:30:00,-1.069,0.919,-21.503
2022-11-01 12:25:00,-0.253,0.666,-21.756
2022-11-02 02:05:00,-1.073,-0.407,-22.829
2022-11-02 09:30:00,2.444,2.037,-20.385
2022-11-02 17:35:00,-0.376,1.661,-20.761
2022-11-03 03:45:00,-1.03,0.631,-21.791
2022-11-03 07:10:00,-1.112,-0.481,-22.903
2022-11-03 09:55:00,-1.067,-1.548,-23.97
2022-11-03 19:40:00,0.052,-1.496,-23.918
2022-11-03 23:05:00,2.373,0.877,-21.545
2022-11-04 05:20:00,-1.05,-0.173,-22.595
2022-11-04 05:35:00,2.443,2.27,-20.152
2022-11-04 13:40:00,-0.468,1.802,-20.62
2022-11-04 15:40:00,-1.043,0.759,-21.663
2022-11-05 03:15:00,0.858,1.617,-20.805
2022-11-05 12:55:00,-0.627,0.99,-21.432
2022-11-05 18:25:00,-1.082,-0.092,-22.514
2022-11-05 23:05:00,-1.15,-1.242,-23.664
2022-11-06 07:10:00,-0.326,-1.568,-23.99
2022-11-06 16:00:00,-1.062,-2.63,-25.052
2022-11-06 23:05:00,2.417,-0.213,-22.635
2022-11-07 07:10:00,0.357,0.144,-22.278
2022-11-07 12:55:00,-1.043,-0.899,-23.321
2022-11-07 20:00:00,-1.061,-1.96,-24.382
2022-11-08 02:55:00,2.439,0.479,-21.943
2022-11-08 11:00:00,1.228,1.707,-20.715
2022-11-08 14:35:00,2.375,4.082,-18.34
2022-11-08 16:00:00,-1.037,3.045,-19.377
2022-11-09 02:10:00,0.384,3.429,-18.993
2022-11-09 10:10:00,2.45,5.879,-16.543
2022-11-09 11:20:00,-1.021,4.858,-17.564
2022-11-10 00:20:00,0.725,5.583,-16.839
2022-11-10 08:50:00,-1.03,4.553,-17.869
2022-11-10 21:35:00,-0.088,4.465,-17.957
2022-11-11 10:00:00,-0.148,4.317,-18.105
2022-11-11 22:05:00,0.273,4.59,-17.832
2022-11-12 05:10:00,2.432,7.022,-15.4
2022-11-12 07:20:00,-1.032,5.99,-16.432
2022-11-13 00:25:00,-1.058,4.932,-17.49
2022-11-13 07:00:00,2.354,7.286,-15.136
2022-11-13 15:05:00,0.787,8.073,-14.349
2022-11-13 23:15:00,1.592,9.665,-12.757
2022-11-14 06:40:00,-1.016,8.649,-13.773
2022-11-14 13:10:00,-1.048,7.601,-14.821
2022-11-14 21:55:00,0.318,7.919,-14.503
2022-11-15 07:15:00,-1.149,6.77,-15.652
2022-11-15 15:20:00,0.186,6.956,-15.466
2022-11-15 18:35:00,-1.043,5.913,-16.509
2022-11-16 07:05:00,2.347,8.26,-14.162
2022-11-16 10:35:00,-1.055,7.205,-15.217
2022-11-16 20:10:00,1.029,8.234,-14.188
2022-11-17 12:00:00,0.556,8.79,-13.632
2022-11-18 00:10:00,-1.13,7.66,-14.762
2022-11-18 08:15:00,-0.525,7.135,-15.287
2022-11-18 13:55:00,-1.277,5.858,-16.564
2022-11-18 22:35:00,0.041,5.899,-16.523
2022-11-19 05:10:00,-1.178,4.721,-17.701
2022-11-19 13:15:00,-0.769,3.952,-18.47
2022-11-19 15:05:00,2.18,6.132,-16.29
2022-11-19 23:10:00,-0.052,6.08,-16.342
2022-11-19 23:30:00,-1.279,4.801,-17.621
2022-11-20 01:55:00,-1.196,3.605,-18.817
2022-11-20 11:30:00,2.321,5.926,-16.496
2022-11-20 19:35:00,-0.616,5.31,-17.112
2022-11-21 00:05:00,2.438,7.748,-14.674
2022-11-21 08:10:00,-0.099,7.649,-14.773
2022-11-21 09:50:00,-1.101,6.548,-15.874
2022-11-21 19:30:00,2.413,8.961,-13.461
2022-11-21 20:15:00,-1.048,7.913,-14.509
2022-11-22 06:45:00,2.299,10.212,-12.21
2022-11-22 13:05:00,-1.064,9.148,-13.274
2022-11-22 21:10:00,1.053,10.201,-12.221
2022-11-23 02:20:00,2.365,12.566,-9.856
2022-11-23 10:25:00,0.155,12.721,-9.701
2022-11-23 12:40:00,-1.114,11.607,-10.815
2022-11-24 03:05:00,0.28,11.887,-10.535
2022-11-24 08:05:00,-1.131,10.756,-11.666
2022-11-25 08:15:00,0.362,11.118,-11.304
2022-11-25 11:05:00,2.411,13.529,-8.893
2022-11-25 19:10:00,-0.05,13.479,-8.943
2022-11-26 08:30:00,0.239,13.718,-8.704
2022-11-26 11:15:00,-1.117,12.601,-9.821
2022-11-26 14:50:00,-1.198,11.403,-11.019
2022-11-26 22:45:00,2.378,13.781,-8.641
2022-11-27 02:50:00,-1.06,12.721,-9.701
2022-11-27 06:20:00,2.36,15.081,-7.341
2022-11-27 11:25:00,2.423,17.504,-4.918
2022-11-27 19:30:00,-0.465,17.039,-5.383
2022-11-27 23:00:00,-1.168,15.871,-6.551
2022-11-28 09:15:00,0.681,16.552,-5.87
2022-11-28 14:30:00,-1.128,15.424,-6.998
2022-11-28 16:55:00,-1.071,14.353,-8.069
2022-11-29 01:35:00,-1.127,13.226,-9.196
2022-11-29 09:50:00,0.398,13.624,-8.798
2022-11-29 21:10:00,-0.489,13.135,-9.287
2022-11-30 08:40:00,0.026,13.161,-9.261
2022-11-30 19:10:00,-1.098,12.063,-10.359
2022-12-01 03:15:00,0.019,12.082,-10.34
2022-12-01 04:50:00,-1.25,10.832,-11.59
2022-12-01 13:45:00,-1.167,9.665,-12.757
2022-12-01 23:20:00,-0.117,9.548,-12.874
2022-12-02 01:45:00,-1.1,8.448,-13.974
2022-12-02 09:35:00,-1.054,7.394,-15.028
2022-12-02 10:25:00,-1.391,6.003,-16.419
2022-12-02 21:25:00,-1.088,4.915,-17.507
2022-12-03 05:30:00,0.295,5.21,-17.212
2022-12-03 12:15:00,-1.245,3.965,-18.457
2022-12-03 14:15:00,2.318,6.283,-16.139
2022-12-03 21:00:00,-1.105,5.178,-17.244
2022-12-03 22:35:00,2.255,7.433,-14.989
2022-12-04 04:20:00,-1.073,6.36,-16.062
2022-12-04 08:15:00,-1.167,5.193,-17.229
2022-12-04 09:50:00,-1.199,3.994,-18.428
2022-12-04 14:50:00,-1.198,2.796,-19.626
2022-12-04 22:55:00,0.485,3.281,-19.141
2022-12-05 00:35:00,2.003,5.284,-17.138
2022-12-05 00:50:00,-1.183,4.101,-18.321
2022-12-05 05:00:00,2.331,6.432,-15.99
2022-12-05 05:20:00,2.447,8.879,-13.543
2022-12-05 13:25:00,-0.573,8.306,-14.116
2022-12-05 23:05:00,0.661,8.967,-13.455
2022-12-06 04:15:00,2.104,11.071,-11.351
2022-12-06 12:20:00,-0.069,11.002,-11.42
2022-12-06 15:40:00,-1.153,9.849,-12.573
2022-12-07 01:15:00,-0.458,9.391,-13.031
2022-12-07 04:55:00,-1.286,8.105,-14.317
2022-12-07 06:45:00,2.171,10.276,-12.146
2022-12-07 07:10:00,2.383,12.659,-9.763
2022-12-07 15:15:00,-0.389,12.27,-10.152
2022-12-07 17:50:00,-1.274,10.996,-11.426
2022-12-07 23:10:00,-1.163,9.833,-12.589
2022-12-08 09:05:00,-1.198,8.635,-13.787
2022-12-08 11:45:00,2.282,10.917,-11.505
2022-12-08 12:00:00,-1.235,9.682,-12.74
2022-12-08 18:45:00,2.253,11.935,-10.487
2022-12-09 02:50:00,-0.461,11.474,-10.948
2022-12-09 12:40:00,-1.202,10.272,-12.15
2022-12-09 21:35:00,0.419,10.691,-11.731
2022-12-10 01:15:00,2.108,12.799,-9.623
2022-12-10 09:20:00,-1.144,11.655,-10.767
2022-12-10 10:45:00,-1.282,10.373,-12.049
2022-12-10 11:10:00,-1.493,8.88,-13.542
2022-12-10 21:35:00,-1.249,7.631,-14.791
2022-12-11 05:40:00,-0.985,6.646,-15.776
2022-12-11 14:20:00,-1.652,4.994,-17.428
2022-12-11 20:15:00,-1.126,3.868,-18.554
2022-12-12 02:50:00,2.401,6.269,-16.153
2022-12-12 10:55:00,-0.678,5.591,-16.831
2022-12-12 20:40:00,-0.819,4.772,-17.65
2022-12-13 07:00:00,2.364,7.136,-15.286
2022-12-13 09:55:00,-1.067,6.069,-16.353
2022-12-13 12:40:00,2.388,8.457,-13.965
2022-12-13 20:45:00,0.079,8.536,-13.886
2022-12-14 05:10:00,0.162,8.698,-13.724
2022-12-14 14:10:00,-1.142,7.556,-14.866
2022-12-15 03:05:00,0.671,8.227,-14.195
2022-12-15 18:25:00,0.44,8.667,-13.755
2022-12-15 19:20:00,-1.185,7.482,-14.94
2022-12-16 04:55:00,-1.27,6.212,-16.21
2022-12-16 08:50:00,2.307,8.519,-13.903
2022-12-16 16:55:00,1.672,10.191,-12.231
2022-12-17 06:40:00,-0.221,9.97,-12.452
2022-12-17 15:30:00,-1.097,8.873,-13.549
2022-12-18 01:50:00,2.447,11.32,-11.102
2022-12-18 09:55:00,-0.584,10.736,-11.686
2022-12-18 21:30:00,-1.088,9.648,-12.774
2022-12-19 02:30:00,-1.084,8.564,-13.858
2022-12-19 09:05:00,-1.076,7.488,-14.934
2022-12-19 16:20:00,-1.123,6.365,-16.057
2022-12-20 02:55:00,-0.083,6.282,-16.14
2022-12-20 14:55:00,-1.135,5.147,-17.275
2022-12-21 01:45:00,-1.106,4.041,-18.381
2022-12-21 04:55:00,2.362,6.403,-16.019
2022-12-21 08:40:00,-1.098,5.305,-17.117
2022-12-21 22:45:00,-1.146,4.159,-18.263
2022-12-22 07:10:00,-1.178,2.981,-19.441
2022-12-22 11:20:00,-1.221,1.76,-20.662
2022-12-22 13:30:00,-1.138,0.622,-21.8
2022-12-22 21:35:00,0.15,0.772,-21.65
2022-12-23 06:15:00,-0.433,0.339,-22.083
2022-12-23 11:45:00,-1.2,-0.861,-23.283
2022-12-23 13:30:00,2.277,1.416,-21.006
2022-12-23 13:35:00,-1.155,0.261,-22.161
2022-12-24 00:30:00,-1.253,-0.992,-23.414
2022-12-24 05:20:00,-1.445,-2.437,-24.859
2022-12-24 13:25:00,-0.635,-3.072,-25.494
2022-12-24 22:15:00,-0.684,-3.756,-26.178
2022-12-25 08:10:00,-0.747,-4.503,-26.925
2022-12-25 19:15:00,1.644,-2.859,-25.281
2022-12-26 05:45:00,0.753,-2.106,-24.528
2022-12-26 15:25:00,0.284,-1.822,-24.244
2022-12-26 16:15:00,-1.297,-3.119,-25.541
2022-12-26 21:55:00,-1.225,-4.344,-26.766
2022-12-27 00:00:00,-1.162,-5.506,-27.928
2022-12-27 08:05:00,-0.214,-5.72,-28.142
2022-12-27 14:35:00,2.277,-3.443,-25.865
2022-12-27 22:40:00,0.558,-2.885,-25.307
2022-12-28 03:10:00,2.251,-0.634,-23.056
2022-12-28 11:15:00,0.065,-0.569,-22.991
2022-12-28 23:40:00,0.475,-0.094,-22.516
2022-12-29 13:30:00,-1.213,-1.307,-23.729
2022-12-29 15:05:00,2.392,1.085,-21.337
2022-12-29 23:10:00,-0.086,0.999,-21.423
2022-12-30 02:50:00,-1.061,-0.062,-22.484
2022-12-30 15:10:00,0.919,0.857,-21.565
2022-12-31 08:05:00,-0.063,0.794,-21.628
2022-12-31 16:25:00,0.921,1.715,-20.707
2023-01-01 02:10:00,-1.215,0.5,-21.922
2023-01-01 04:45:00,-1.103,-0.603,-23.025
2023-01-01 11:00:00,-1.192,-1.795,-24.217
2023-01-01 15:55:00,-1.289,-3.084,-25.506
2023-01-02 01:05:00,-1.347,-4.431,-26.853
2023-01-02 08:10:00,2.304,-2.127,-24.549
2023-01-02 16:15:00,-0.4,-2.527,-24.949
2023-01-02 23:00:00,-1.253,-3.78,-26.202
2023-01-03 08:40:00,-1.195,-4.975,-27.397
2023-01-03 13:50:00,-1.194,-6.169,-28.591
2023-01-03 23:00:00,-0.23,-6.399,-28.821
2023-01-04 02:40:00,2.212,-4.187,-26.609
2023-01-04 04:00:00,2.281,-1.906,-24.328
2023-01-04 08:25:00,-1.081,-2.987,-25.409
2023-01-04 15:00:00,-1.104,-4.091,-26.513
2023-01-04 22:35:00,-1.116,-5.207,-27.629
2023-01-05 04:45:00,2.436,-2.771,-25.193
2023-01-05 09:45:00,-1.039,-3.81,-26.232
2023-01-05 13:35:00,-1.121,-4.931,-27.353
2023-01-05 23:05:00,-1.083,-6.014,-28.436
2023-01-06 07:10:00,2.111,-3.903,-26.325
2023-01-06 08:15:00,-1.089,-4.992,-27.414
2023-01-06 13:45:00,-1.148,-6.14,-28.562
2023-01-07 00:05:00,1.241,-4.899,-27.321
2023-01-07 08:55:00,-0.419,-5.318,-27.74
2023-01-07 13:10:00,-1.151,-6.469,-28.891
2023-01-07 18:05:00,-1.199,-7.668,-30.09
2023-01-07 20:40:00,-1.257,-8.925,-31.347
2023-01-08 00:05:00,-1.299,-10.224,-32.646
2023-01-08 08:35:00,-0.624,-10.848,-33.27
2023-01-08 17:20:00,-0.093,-10.941,-33.363
2023-01-08 20:30:00,2.199,-8.742,-31.164
2023-01-09 00:55:00,2.429,-6.313,-28.735
2023-01-09 09:00:00,-0.522,-6.835,-29.257
2023-01-09 13:45:00,-1.066,-7.901,-30.323
2023-01-09 18:35:00,-1.064,-8.965,-31.387
2023-01-10 02:35:00,-1.079,-10.044,-32.466
2023-01-10 08:55:00,-1.037,-11.081,-33.503
2023-01-10 09:15:00,2.417,-8.664,-31.086
2023-01-10 17:20:00,-0.0,-8.664,-31.086
2023-01-11 10:55:00,0.585,-8.079,-30.501
2023-01-11 15:35:00,2.388,-5.691,-28.113
2023-01-11 19:10:00,-1.052,-6.743,-29.165
2023-01-11 23:30:00,2.365,-4.378,-26.8
2023-01-12 02:00:00,2.441,-1.937,-24.359
2023-01-12 05:40:00,-1.046,-2.983,-25.405
2023-01-12 21:55:00,0.213,-2.77,-25.192
2023-01-13 10:20:00,2.411,-0.359,-22.781
2023-01-13 12:50:00,-1.034,-1.393,-23.815
2023-01-13 21:50:00,2.429,1.036,-21.386
2023-01-14 05:55:00,1.643,2.679,-19.743
2023-01-14 09:15:00,-1.04,1.639,-20.783
2023-01-14 14:40:00,-1.045,0.594,-21.828
2023-01-15 07:00:00,-1.074,-0.48,-22.902
2023-01-15 09:05:00,2.376,1.896,-20.526
2023-01-15 13:35:00,-1.035,0.861,-21.561
2023-01-15 21:40:00,0.176,1.037,-21.385
2023-01-16 06:45:00,-0.173,0.864,-21.558
2023-01-16 17:50:00,-1.094,-0.23,-22.652
2023-01-17 01:10:00,-1.097,-1.327,-23.749
2023-01-17 08:55:00,-1.131,-2.458,-24.88
2023-01-17 10:25:00,-1.107,-3.565,-25.987
2023-01-17 20:40:00,0.34,-3.225,-25.647
2023-01-18 01:00:00,2.438,-0.787,-23.209
2023-01-18 09:05:00,0.858,0.071,-22.351
2023-01-18 15:45:00,-1.03,-0.959,-23.381
2023-01-19 00:15:00,0.196,-0.763,-23.185
2023-01-19 03:10:00,-1.034,-1.797,-24.219
2023-01-19 08:35:00,-1.082,-2.879,-25.301
2023-01-19 14:25:00,-1.084,-3.963,-26.385
2023-01-19 16:10:00,2.402,-1.561,-23.983
2023-01-20 00:15:00,-0.533,-2.094,-24.516
2023-01-20 04:50:00,-1.058,-3.152,-25.574
2023-01-20 11:25:00,-1.123,-4.275,-26.697
2023-01-20 14:30:00,-1.112,-5.387,-27.809
2023-01-20 20:15:00,2.436,-2.951,-25.373
2023-01-21 04:20:00,-0.124,-3.075,-25.497
2023-01-21 10:25:00,-1.047,-4.122,-26.544
2023-01-21 22:55:00,-1.053,-5.175,-27.597
2023-01-22 07:25:00,-0.607,-5.782,-28.204
2023-01-22 12:05:00,-1.119,-6.901,-29.323
2023-01-22 14:50:00,-1.124,-8.025,-30.447
2023-01-22 20:05:00,-1.047,-9.072,-31.494
2023-01-23 04:10:00,-0.124,-9.196,-31.618
2023-01-23 12:10:00,-1.144,-10.34,-32.762
2023-01-23 14:50:00,-1.082,-11.422,-33.844
2023-01-23 23:00:00,-0.688,-12.11,-34.532
2023-01-24 02:00:00,-1.181,-13.291,-35.713
2023-01-24 10:05:00,-0.47,-13.761,-36.183
2023-01-24 12:30:00,-1.28,-15.041,-37.463
2023-01-24 21:40:00,0.44,-14.601,-37.023
2023-01-24 22:25:00,2.399,-12.202,-34.624
2023-01-25 06:30:00,-0.499,-12.701,-35.123
2023-01-25 13:05:00,-1.078,-13.779,-36.201
2023-01-25 19:50:00,-1.059,-14.838,-37.26
2023-01-25 21:50:00,2.38,-12.458,-34.88
2023-01-26 05:55:00,0.004,-12.454,-34.876
2023-01-26 12:50:00,-1.123,-13.577,-35.999
2023-01-26 13:30:00,-1.119,-14.696,-37.118
2023-01-26 16:10:00,-1.064,-15.76,-38.182
2023-01-27 00:15:00,-0.409,-16.169,-38.591
2023-01-27 08:55:00,-0.091,-16.26,-38.682
2023-01-27 13:30:00,-1.122,-17.382,-39.804
2023-01-27 20:05:00,2.346,-15.036,-37.458
2023-01-27 20:55:00,-1.098,-16.134,-38.556
2023-01-28 05:10:00,2.402,-13.732,-36.154
2023-01-28 12:15:00,-1.045,-14.777,-37.199
2023-01-28 18:30:00,-1.128,-15.905,-38.327
2023-01-29 00:30:00,-1.169,-17.074,-39.496
2023-01-29 08:50:00,-0.175,-17.249,-39.671
2023-01-29 17:40:00,0.65,-16.599,-39.021
2023-01-29 20:50:00,-1.171,-17.77,-40.192
2023-01-30 07:15:00,-1.131,-18.901,-41.323
2023-01-30 09:05:00,2.372,-16.529,-38.951
2023-01-30 17:10:00,-0.268,-16.797,-39.219
2023-01-31 02:05:00,-0.568,-17.365,-39.787
2023-01-31 10:15:00,-0.633,-17.998,-40.42
2023-01-31 13:35:00,-1.108,-19.106,-41.528
2023-01-31 20:30:00,-1.12,-20.226,-42.648
2023-02-01 05:20:00,-0.276,-20.502,-42.924
2023-02-01 06:55:00,2.223,-18.279,-40.701
2023-02-01 15:00:00,0.292,-17.987,-40.409
2023-02-01 19:00:00,-1.112,-19.099,-41.521
2023-02-02 00:35:00,2.447,-16.652,-39.074
2023-02-02 08:40:00,-0.459,-17.111,-39.533
2023-02-02 16:10:00,2.436,-14.675,-37.097
2023-02-02 22:00:00,-1.016,-15.691,-38.113
2023-02-03 09:25:00,2.417,-13.274,-35.696
2023-02-03 13:30:00,-1.048,-14.322,-36.744
2023-02-04 00:15:00,2.406,-11.916,-34.338
2023-02-04 00:35:00,2.464,-9.452,-31.874
2023-02-04 08:40:00,0.127,-9.325,-31.747
2023-02-04 12:40:00,-1.056,-10.381,-32.803
2023-02-04 17:05:00,2.455,-7.926,-30.348
2023-02-05 01:10:00,-0.713,-8.639,-31.061
2023-02-05 11:50:00,0.816,-7.823,-30.245
2023-02-05 22:25:00,-1.044,-8.867,-31.289
2023-02-06 01:05:00,-1.048,-9.915,-32.337
2023-02-06 03:35:00,-1.056,-10.971,-33.393
2023-02-06 11:45:00,0.905,-10.066,-32.488
2023-02-06 15:15:00,-1.04,-11.106,-33.528
2023-02-07 07:10:00,0.035,-11.071,-33.493
2023-02-07 10:00:00,-1.114,-12.185,-34.607
2023-02-07 17:20:00,2.318,-9.867,-32.289
2023-02-08 01:55:00,0.461,-9.406,-31.828
2023-02-08 13:30:00,-0.126,-9.532,-31.954
2023-02-08 15:10:00,2.326,-7.206,-29.628
2023-02-08 23:15:00,1.043,-6.163,-28.585
2023-02-09 03:05:00,2.432,-3.731,-26.153
2023-02-09 11:10:00,-0.329,-4.06,-26.482
2023-02-09 13:30:00,-1.105,-5.165,-27.587
2023-02-09 19:20:00,2.442,-2.723,-25.145
2023-02-10 03:25:00,0.119,-2.604,-25.026
2023-02-10 12:15:00,0.35,-2.254,-24.676
2023-02-10 13:15:00,-1.142,-3.396,-25.818
2023-02-10 18:40:00,-1.081,-4.477,-26.899
2023-02-10 19:55:00,2.421,-2.056,-24.478
2023-02-11 04:00:00,-0.283,-2.339,-24.761
2023-02-11 12:20:00,-1.054,-3.393,-25.815
2023-02-11 16:40:00,-1.104,-4.497,-26.919
2023-02-11 22:30:00,-1.079,-5.576,-27.998
2023-02-12 06:35:00,-0.173,-5.749,-28.171
2023-02-12 17:30:00,0.743,-5.006,-27.428
2023-02-13 05:30:00,0.677,-4.329,-26.751
2023-02-13 08:00:00,-1.121,-5.45,-27.872
2023-02-13 09:15:00,2.431,-3.019,-25.441
2023-02-13 17:20:00,0.321,-2.698,-25.12
2023-02-13 20:10:00,-1.04,-3.738,-26.16
2023-02-14 09:50:00,-1.088,-4.826,-27.248
2023-02-14 13:25:00,-1.161,-5.987,-28.409
2023-02-14 14:50:00,-1.088,-7.075,-29.497
2023-02-14 22:55:00,0.417,-6.658,-29.08
2023-02-15 01:15:00,-1.098,-7.756,-30.178
2023-02-15 11:20:00,0.8,-6.956,-29.378
2023-02-15 13:25:00,2.32,-4.636,-27.058
2023-02-15 21:30:00,0.906,-3.73,-26.152
2023-02-16 00:30:00,-1.13,-4.86,-27.282
2023-02-16 07:05:00,-1.11,-5.97,-28.392
2023-02-16 20:15:00,-1.036,-7.006,-29.428
2023-02-17 04:20:00,0.593,-6.413,-28.835
2023-02-17 14:35:00,-1.093,-7.506,-29.928
2023-02-17 17:45:00,-1.073,-8.579,-31.001
2023-02-17 22:00:00,-1.128,-9.707,-32.129
2023-02-18 06:55:00,-1.23,-10.937,-33.359
2023-02-18 15:05:00,0.129,-10.808,-33.23
2023-02-18 19:40:00,-1.175,-11.983,-34.405
2023-02-18 23:25:00,-1.117,-13.1,-35.522
2023-02-19 01:15:00,-1.149,-14.249,-36.671
2023-02-19 03:05:00,-1.105,-15.354,-37.776
2023-02-19 11:10:00,-0.526,-15.88,-38.302
2023-02-19 14:15:00,2.358,-13.522,-35.944
2023-02-19 20:00:00,-1.056,-14.578,-37.0
2023-02-20 01:05:00,-1.062,-15.64,-38.062
2023-02-20 08:00:00,-1.051,-16.691,-39.113
2023-02-20 09:15:00,-1.067,-17.758,-40.18
2023-02-20 23:30:00,-1.124,-18.882,-41.304
2023-02-21 04:35:00,-1.083,-19.965,-42.387
2023-02-21 16:50:00,0.328,-19.637,-42.059
2023-02-21 21:25:00,2.337,-17.3,-39.722
2023-02-22 05:30:00,0.377,-16.923,-39.345
2023-02-22 08:30:00,2.31,-14.613,-37.035
2023-02-22 09:40:00,-1.069,-15.682,-38.104
2023-02-22 21:15:00,0.041,-15.641,-38.063
2023-02-23 00:40:00,2.406,-13.235,-35.657
2023-02-23 08:45:00,0.302,-12.933,-35.355
2023-02-23 19:25:00,0.204,-12.729,-35.151
2023-02-23 21:55:00,-1.155,-13.884,-36.306
2023-02-24 01:05:00,-1.088,-14.972,-37.394
2023-02-24 06:20:00,-1.164,-16.136,-38.558
2023-02-24 13:50:00,-1.14,-17.276,-39.698
2023-02-24 16:05:00,2.433,-14.843,-37.265
2023-02-25 00:10:00,-0.087,-14.93,-37.352
2023-02-25 08:25:00,-1.095,-16.025,-38.447
2023-02-25 12:20:00,2.356,-13.669,-36.091
2023-02-25 13:30:00,-1.081,-14.75,-37.172
2023-02-25 22:30:00,-1.054,-15.804,-38.226
2023-02-26 09:45:00,-1.18,-16.984,-39.406
2023-02-26 18:40:00,-1.159,-18.143,-40.565
2023-02-26 20:35:00,2.421,-15.722,-38.144
2023-02-27 04:40:00,-0.829,-16.551,-38.973
2023-02-27 13:30:00,-1.102,-17.653,-40.075
2023-02-27 16:10:00,-1.067,-18.72,-41.142
2023-02-28 00:15:00,0.117,-18.603,-41.025
2023-02-28 08:00:00,2.256,-16.347,-38.769
2023-02-28 16:05:00,-0.78,-17.127,-39.549
2023-03-01 03:30:00,-0.11,-17.237,-39.659
2023-03-01 13:30:00,-1.124,-18.361,-40.783
2023-03-01 21:35:00,-0.034,-18.395,-40.817
2023-03-02 06:10:00,2.401,-15.994,-38.416
2023-03-02 14:15:00,0.209,-15.785,-38.207
2023-03-02 19:00:00,-1.066,-16.851,-39.273
2023-03-03 01:15:00,-1.068,-17.919,-40.341
2023-03-03 01:25:00,2.435,-15.484,-37.906
2023-03-03 09:30:00,-0.018,-15.502,-37.924
2023-03-03 14:00:00,-1.233,-16.735,-39.157
2023-03-03 22:50:00,-1.144,-17.879,-40.301
2023-03-04 10:40:00,2.277,-15.602,-38.024
2023-03-04 12:55:00,-1.141,-16.743,-39.165
2023-03-04 19:45:00,2.344,-14.399,-36.821
2023-03-05 01:15:00,-1.055,-15.454,-37.876
2023-03-05 10:40:00,-0.707,-16.161,-38.583
2023-03-05 20:15:00,-1.265,-17.426,-39.848
2023-03-06 02:00:00,2.384,-15.042,-37.464
2023-03-06 10:05:00,-0.592,-15.634,-38.056
2023-03-06 23:10:00,0.919,-14.715,-37.137
2023-03-06 23:45:00,-1.368,-16.083,-38.505
2023-03-07 07:55:00,-1.15,-17.233,-39.655
2023-03-07 10:55:00,2.305,-14.928,-37.35
2023-03-07 15:00:00,2.397,-12.531,-34.953
2023-03-07 23:05:00,-0.954,-13.485,-35.907
2023-03-08 07:10:00,-0.591,-14.076,-36.498
2023-03-08 11:05:00,2.365,-11.711,-34.133
2023-03-08 19:10:00,0.03,-11.681,-34.103
2023-03-09 05:50:00,-0.21,-11.891,-34.313
2023-03-09 15:25:00,0.219,-11.672,-34.094
2023-03-09 19:05:00,2.407,-9.265,-31.687
2023-03-09 20:55:00,2.455,-6.81,-29.232
2023-03-10 05:00:00,-0.228,-7.038,-29.46
2023-03-10 10:25:00,2.385,-4.653,-27.075
2023-03-10 13:30:00,-1.037,-5.69,-28.112
2023-03-10 22:05:00,-1.083,-6.773,-29.195
2023-03-11 03:05:00,-1.095,-7.868,-30.29
2023-03-11 07:40:00,2.389,-5.479,-27.901
2023-03-11 15:45:00,0.093,-5.386,-27.808
2023-03-11 16:20:00,-1.086,-6.472,-28.894
2023-03-12 02:25:00,-1.089,-7.561,-29.983
2023-03-12 05:00:00,-1.367,-8.928,-31.35
2023-03-12 17:25:00,-1.111,-10.039,-32.461
2023-03-12 22:15:00,2.438,-7.601,-30.023
2023-03-13 06:20:00,0.76,-6.841,-29.263
2023-03-13 21:20:00,1.697,-5.144,-27.566
2023-03-14 12:30:00,-1.18,-6.324,-28.746
2023-03-14 20:35:00,-0.34,-6.664,-29.086
2023-03-15 00:30:00,-1.083,-7.747,-30.169
2023-03-15 09:20:00,-0.551,-8.298,-30.72
2023-03-15 14:40:00,2.431,-5.867,-28.289
2023-03-15 22:45:00,0.858,-5.009,-27.431
2023-03-16 06:00:00,-1.073,-6.082,-28.504
2023-03-16 09:40:00,-1.079,-7.161,-29.583
2023-03-16 14:40:00,-1.054,-8.215,-30.637
2023-03-16 23:40:00,-1.073,-9.288,-31.71
2023-03-17 09:40:00,0.7,-8.588,-31.01
2023-03-17 14:25:00,-1.109,-9.697,-32.119
2023-03-17 21:40:00,-1.047,-10.744,-33.166
2023-03-18 05:45:00,1.366,-9.378,-31.8
2023-03-18 12:15:00,-1.105,-10.483,-32.905
2023-03-18 15:00:00,-1.079,-11.562,-33.984
2023-03-18 16:30:00,2.426,-9.136,-31.558
2023-03-19 06:00:00,0.06,-9.076,-31.498
2023-03-19 07:05:00,2.318,-6.758,-29.18
2023-03-19 09:40:00,-1.062,-7.82,-30.242
2023-03-19 20:35:00,-1.114,-8.934,-31.356
2023-03-20 04:40:00,0.937,-7.997,-30.419
2023-03-20 18:25:00,0.861,-7.136,-29.558
2023-03-21 00:45:00,-1.052,-8.188,-30.61
2023-03-21 11:40:00,-1.092,-9.28,-31.702
2023-03-21 12:40:00,2.249,-7.031,-29.453
2023-03-21 14:00:00,2.417,-4.614,-27.036
2023-03-21 18:20:00,-1.074,-5.688,-28.11
2023-03-21 21:35:00,-1.16,-6.848,-29.27
2023-03-22 09:00:00,-1.049,-7.897,-30.319
2023-03-22 17:10:00,-1.114,-9.011,-31.433
2023-03-23 02:40:00,0.413,-8.598,-31.02
2023-03-23 09:55:00,2.252,-6.346,-28.768
2023-03-23 13:15:00,-1.072,-7.418,-29.84
2023-03-23 14:55:00,-1.088,-8.506,-30.928
2023-03-23 23:00:00,-0.019,-8.525,-30.947
2023-03-24 04:55:00,2.021,-6.504,-28.926
2023-03-24 05:15:00,-1.208,-7.712,-30.134
2023-03-24 11:45:00,2.39,-5.322,-27.744
2023-03-24 14:30:00,-1.061,-6.383,-28.805
2023-03-24 20:20:00,-1.066,-7.449,-29.871
2023-03-25 13:45:00,-0.32,-7.769,-30.191
2023-03-26 01:35:00,0.126,-7.643,-30.065
2023-03-26 08:45:00,-1.188,-8.831,-31.253
2023-03-26 14:50:00,-1.142,-9.973,-32.395
2023-03-26 22:55:00,-0.635,-10.608,-33.03
2023-03-27 01:05:00,-1.141,-11.749,-34.171
2023-03-27 09:10:00,1.058,-10.691,-33.113
2023-03-27 12:30:00,2.365,-8.326,-30.748
2023-03-27 14:25:00,-1.051,-9.377,-31.799
2023-03-27 22:30:00,0.462,-8.915,-31.337
2023-03-28 16:05:00,-0.424,-9.339,-31.761
2023-03-29 02:50:00,0.527,-8.812,-31.234
2023-03-29 06:45:00,2.363,-6.449,-28.871
2023-03-29 14:25:00,-1.085,-7.534,-29.956
2023-03-29 22:00:00,-1.238,-8.772,-31.194
2023-03-30 03:10:00,-1.083,-9.855,-32.277
2023-03-30 17:30:00,2.337,-7.518,-29.94
2023-03-30 20:35:00,-1.104,-8.622,-31.044
2023-03-31 07:20:00,-1.147,-9.769,-32.191
2023-03-31 12:30:00,-1.112,-10.881,-33.303
2023-03-31 20:55:00,1.369,-9.512,-31.934
2023-04-01 05:00:00,0.943,-8.569,-30.991
2023-04-01 12:50:00,2.358,-6.211,-28.633
2023-04-01 20:55:00,0.747,-5.464,-27.886
2023-04-02 08:30:00,-0.351,-5.815,-28.237
2023-04-02 15:00:00,2.397,-3.418,-25.84
2023-04-02 23:05:00,0.1,-3.318,-25.74
2023-04-03 08:05:00,-1.053,-4.371,-26.793
2023-04-03 14:45:00,2.234,-2.137,-24.559
2023-04-03 17:35:00,-1.07,-3.207,-25.629
2023-04-03 18:00:00,2.459,-0.748,-23.17
2023-04-04 02:05:00,-0.247,-0.995,-23.417
2023-04-04 14:15:00,-0.108,-1.103,-23.525
2023-04-05 00:10:00,-1.104,-2.207,-24.629
2023-04-05 09:00:00,0.114,-2.093,-24.515
2023-04-05 12:15:00,-1.193,-3.286,-25.708
2023-04-05 22:15:00,-0.063,-3.349,-25.771
2023-04-06 08:10:00,1.186,-2.163,-24.585
2023-04-06 15:05:00,-1.137,-3.3,-25.722
2023-04-06 19:25:00,-1.163,-4.463,-26.885
2023-04-07 04:50:00,0.137,-4.326,-26.748
2023-04-07 13:35:00,-0.353,-4.679,-27.101
2023-04-07 22:40:00,-1.324,-6.003,-28.425
2023-04-08 03:05:00,-1.162,-7.165,-29.587
2023-04-08 11:35:00,-0.449,-7.614,-30.036
2023-04-08 14:10:00,-1.427,-9.041,-31.463
2023-04-08 18:50:00,2.145,-6.896,-29.318
2023-04-09 00:05:00,-1.151,-8.047,-30.469
2023-04-09 03:10:00,-1.367,-9.414,-31.836
2023-04-09 14:05:00,-0.549,-9.963,-32.385
2023-04-09 15:15:00,-1.227,-11.19,-33.612
2023-04-09 23:20:00,-0.051,-11.241,-33.663
2023-04-10 09:15:00,-0.496,-11.737,-34.159
2023-04-10 16:45:00,-1.356,-13.093,-35.515
2023-04-10 22:30:00,2.317,-10.776,-33.198
2023-04-11 06:35:00,0.254,-10.522,-32.944
2023-04-11 09:20:00,-1.155,-11.677,-34.099
2023-04-11 20:00:00,-1.166,-12.843,-35.265
2023-04-12 02:10:00,2.303,-10.54,-32.962
2023-04-12 10:15:00,-0.075,-10.615,-33.037
2023-04-13 02:50:00,-0.498,-11.113,-33.535
2023-04-13 09:20:00,2.272,-8.841,-31.263
2023-04-13 17:25:00,0.767,-8.074,-30.496
2023-04-14 01:15:00,2.335,-5.739,-28.161
2023-04-14 09:20:00,-0.301,-6.04,-28.462
2023-04-14 19:55:00,-1.063,-7.103,-29.525
2023-04-15 00:40:00,-1.089,-8.192,-30.614
2023-04-15 08:45:00,-0.332,-8.524,-30.946
2023-04-15 17:00:00,2.201,-6.323,-28.745
2023-04-15 19:45:00,-1.074,-7.397,-29.819
2023-04-16 00:00:00,2.37,-5.027,-27.449
2023-04-16 08:05:00,-0.543,-5.57,-27.992
2023-04-16 15:40:00,-1.125,-6.695,-29.117
2023-04-16 20:00:00,-1.064,-7.759,-30.181
2023-04-17 00:40:00,2.342,-5.417,-27.839
2023-04-17 07:20:00,-1.058,-6.475,-28.897
2023-04-17 15:25:00,-0.765,-7.24,-29.662
2023-04-17 23:35:00,-0.127,-7.367,-29.789
2023-04-18 02:00:00,-1.143,-8.51,-30.932
2023-04-18 13:05:00,0.973,-7.537,-29.959
2023-04-18 20:30:00,-1.243,-8.78,-31.202
2023-04-19 02:05:00,-1.14,-9.92,-32.342
2023-04-19 06:55:00,-1.16,-11.08,-33.502
2023-04-19 08:10:00,2.4,-8.68,-31.102
2023-04-19 16:15:00,0.032,-8.648,-31.07
2023-04-19 21:20:00,2.401,-6.247,-28.669
2023-04-20 05:25:00,-0.319,-6.566,-28.988
2023-04-20 12:50:00,-1.146,-7.712,-30.134
2023-04-20 16:00:00,2.392,-5.32,-27.742
2023-04-21 00:05:00,-0.346,-5.666,-28.088
2023-04-21 10:35:00,-0.414,-6.08,-28.502
2023-04-21 13:30:00,-1.168,-7.248,-29.67
2023-04-21 19:05:00,2.372,-4.876,-27.298
2023-04-22 03:10:00,-0.294,-5.17,-27.592
2023-04-22 14:30:00,-1.239,-6.409,-28.831
2023-04-23 08:10:00,-1.074,-7.483,-29.905
2023-04-23 15:10:00,2.201,-5.282,-27.704
2023-04-23 23:15:00,-0.352,-5.634,-28.056
2023-04-24 13:40:00,-1.174,-6.808,-29.23
2023-04-24 14:35:00,-1.15,-7.958,-30.38
2023-04-24 22:45:00,-0.146,-8.104,-30.526
2023-04-25 08:50:00,0.464,-7.64,-30.062
2023-04-25 18:15:00,-1.114,-8.754,-31.176
2023-04-26 04:10:00,0.967,-7.787,-30.209
2023-04-26 07:20:00,-1.239,-9.026,-31.448
2023-04-26 12:30:00,2.393,-6.633,-29.055
2023-04-26 19:05:00,-1.052,-7.685,-30.107
2023-04-26 19:30:00,2.358,-5.327,-27.749
2023-04-27 03:35:00,-0.074,-5.401,-27.823
2023-04-27 14:55:00,-0.04,-5.441,-27.863
2023-04-27 22:50:00,-1.149,-6.59,-29.012
2023-04-28 06:55:00,-0.656,-7.246,-29.668
2023-04-28 13:40:00,2.274,-4.972,-27.394
2023-04-28 18:00:00,-1.099,-6.071,-28.493
2023-04-29 10:00:00,-0.368,-6.439,-28.861
2023-04-29 11:40:00,-1.402,-7.841,-30.263
2023-04-29 17:30:00,-1.497,-9.338,-31.76
2023-04-30 01:35:00,0.145,-9.193,-31.615
2023-04-30 04:45:00,-1.415,-10.608,-33.03
2023-04-30 15:00:00,-1.314,-11.922,-34.344
2023-05-01 01:35:00,2.344,-9.578,-32.0
2023-05-01 09:40:00,-0.288,-9.866,-32.288
2023-05-01 16:10:00,2.305,-7.561,-29.983
2023-05-01 22:40:00,-1.085,-8.646,-31.068
2023-05-02 09:50:00,0.503,-8.143,-30.565
2023-05-02 11:20:00,-1.434,-9.577,-31.999
2023-05-03 00:35:00,-1.202,-10.779,-33.201
2023-05-03 08:40:00,-0.462,-11.241,-33.663
2023-05-03 11:50:00,-1.288,-12.529,-34.951
2023-05-03 20:00:00,-0.474,-13.003,-35.425
2023-05-04 05:35:00,-0.007,-13.01,-35.432
2023-05-04 06:30:00,-1.371,-14.381,-36.803
2023-05-04 12:15:00,-1.217,-15.598,-38.02
2023-05-04 20:20:00,1.04,-14.558,-36.98
2023-05-05 01:30:00,-1.3,-15.858,-38.28
2023-05-05 12:30:00,-1.222,-17.08,-39.502
2023-05-05 14:10:00,-1.098,-18.178,-40.6
2023-05-06 00:05:00,-0.178,-18.356,-40.778
2023-05-06 01:20:00,-1.177,-19.533,-41.955
2023-05-06 09:25:00,1.822,-17.711,-40.133
2023-05-06 10:45:00,2.259,-15.452,-37.874
2023-05-06 18:50:00,0.183,-15.269,-37.691
2023-05-07 05:40:00,0.022,-15.247,-37.669
2023-05-08 00:50:00,1.366,-13.881,-36.303
2023-05-08 01:40:00,2.413,-11.468,-33.89
2023-05-08 09:45:00,-0.31,-11.778,-34.2
2023-05-08 18:00:00,2.418,-9.36,-31.782
2023-05-08 18:20:00,-1.021,-10.381,-32.803
2023-05-09 10:30:00,-0.676,-11.057,-33.479
2023-05-09 17:00:00,-1.095,-12.152,-34.574
2023-05-10 00:35:00,-1.172,-13.324,-35.746
2023-05-10 03:20:00,-1.142,-14.466,-36.888
2023-05-10 11:25:00,1.485,-12.981,-35.403
2023-05-10 17:15:00,-1.067,-14.048,-36.47
2023-05-11 01:20:00,-0.331,-14.379,-36.801
2023-05-11 08:00:00,2.326,-12.053,-34.475
2023-05-11 10:55:00,-1.123,-13.176,-35.598
2023-05-11 17:20:00,2.411,-10.765,-33.187
2023-05-12 01:25:00,-0.505,-11.27,-33.692
2023-05-12 05:05:00,-1.12,-12.39,-34.812
2023-05-12 16:20:00,-1.108,-13.498,-35.92
2023-05-12 19:55:00,-1.114,-14.612,-37.034
2023-05-13 04:05:00,0.444,-14.168,-36.59
2023-05-13 21:55:00,0.262,-13.906,-36.328
2023-05-14 04:15:00,-1.148,-15.054,-37.476
2023-05-14 12:20:00,0.296,-14.758,-37.18
2023-05-14 18:15:00,-1.143,-15.901,-38.323
2023-05-15 01:35:00,-1.132,-17.033,-39.455
2023-05-15 09:40:00,0.319,-16.714,-39.136
2023-05-16 07:35:00,-0.181,-16.895,-39.317
2023-05-16 17:05:00,2.259,-14.636,-37.058
2023-05-16 21:30:00,-1.168,-15.804,-38.226
2023-05-17 06:00:00,-1.127,-16.931,-39.353
2023-05-17 14:05:00,1.318,-15.613,-38.035
2023-05-17 17:10:00,-1.14,-16.753,-39.175
2023-05-18 01:45:00,-1.215,-17.968,-40.39
2023-05-18 02:40:00,-1.191,-19.159,-41.581
2023-05-18 11:20:00,-0.197,-19.356,-41.778
2023-05-18 17:45:00,2.344,-17.012,-39.434
2023-05-18 21:55:00,-1.057,-18.069,-40.491
2023-05-19 06:05:00,-0.425,-18.494,-40.916
2023-05-19 08:35:00,-1.264,-19.758,-42.18
2023-05-19 14:45:00,-1.184,-20.942,-43.364
2023-05-19 15:15:00,-1.242,-22.184,-44.606
2023-05-19 23:35:00,-0.498,-22.682,-45.104
2023-05-20 08:25:00,0.038,-22.644,-45.066
2023-05-20 14:35:00,-1.344,-23.988,-46.41
2023-05-20 16:15:00,-1.417,-25.405,-47.827
2023-05-21 01:45:00,-0.424,-25.829,-48.251
2023-05-21 09:15:00,-1.572,-27.401,-49.823
2023-05-21 19:05:00,1.106,-26.295,-48.717
2023-05-22 05:05:00,-0.535,-26.83,-49.252
2023-05-22 09:40:00,2.326,-24.504,-46.926
2023-05-22 17:45:00,-0.003,-24.507,-46.929
2023-05-23 08:05:00,-0.074,-24.581,-47.003
2023-05-23 18:35:00,-0.573,-25.154,-47.576
2023-05-24 03:30:00,2.328,-22.826,-45.248
2023-05-24 11:35:00,0.581,-22.245,-44.667
2023-05-24 21:55:00,-0.062,-22.307,-44.729
2023-05-25 01:25:00,2.377,-19.93,-42.352
2023-05-25 05:25:00,-1.085,-21.015,-43.437
2023-05-25 09:00:00,-1.298,-22.313,-44.735
2023-05-25 19:05:00,-1.124,-23.437,-45.859
2023-05-25 19:10:00,2.255,-21.182,-43.604
2023-05-25 21:20:00,-1.099,-22.281,-44.703
2023-05-26 05:25:00,-0.152,-22.433,-44.855
2023-05-26 06:55:00,-1.185,-23.618,-46.04
2023-05-27 08:05:00,-1.264,-24.882,-47.304
2023-05-27 11:45:00,-1.379,-26.261,-48.683
2023-05-27 13:55:00,-1.209,-27.47,-49.892
2023-05-27 23:05:00,2.231,-25.239,-47.661
2023-05-28 01:25:00,2.365,-22.874,-45.296
2023-05-28 09:30:00,-0.229,-23.103,-45.525
2023-05-28 11:10:00,-1.258,-24.361,-46.783
2023-05-28 22:00:00,2.201,-22.16,-44.582
2023-05-29 04:20:00,-1.074,-23.234,-45.656
2023-05-29 10:50:00,-1.17,-24.404,-46.826
2023-05-29 15:25:00,-1.188,-25.592,-48.014
2023-05-30 00:35:00,2.261,-23.331,-45.753
2023-05-30 02:25:00,-1.139,-24.47,-46.892
2023-05-30 09:15:00,-1.18,-25.65,-48.072
2023-05-30 14:40:00,-1.139,-26.789,-49.211
2023-05-30 15:40:00,-1.121,-27.91,-50.332
2023-05-30 23:45:00,-0.721,-28.631,-51.053
2023-05-31 04:45:00,2.218,-26.413,-48.835
2023-05-31 12:50:00,1.268,-25.145,-47.567
2023-05-31 22:20:00,-0.829,-25.974,-48.396
2023-06-01 00:10:00,2.261,-23.713,-46.135
2023-06-01 03:45:00,-1.068,-24.781,-47.203
2023-06-01 11:50:00,0.108,-24.673,-47.095
2023-06-02 00:20:00,2.118,-22.555,-44.977
2023-06-02 02:50:00,-1.085,-23.64,-46.062
2023-06-02 09:40:00,-1.27,-24.91,-47.332
2023-06-02 17:50:00,-0.675,-25.585,-48.007
2023-06-02 19:45:00,2.312,-23.273,-45.695
2023-06-03 03:50:00,-0.655,-23.928,-46.35
2023-06-03 08:50:00,2.118,-21.81,-44.232
2023-06-03 16:55:00,-0.773,-22.583,-45.005
2023-06-03 22:15:00,-1.225,-23.808,-46.23
2023-06-04 06:45:00,0.72,-23.088,-45.51
2023-06-04 14:25:00,-1.177,-24.265,-46.687
2023-06-04 21:35:00,-1.321,-25.586,-48.008
2023-06-04 23:20:00,-1.148,-26.734,-49.156
2023-06-05 07:25:00,0.893,-25.841,-48.263
2023-06-05 10:35:00,1.813,-24.028,-46.45
2023-06-05 15:50:00,2.337,-21.691,-44.113
2023-06-05 16:00:00,2.45,-19.241,-41.663
2023-06-06 00:05:00,-0.321,-19.562,-41.984
2023-06-06 12:10:00,2.343,-17.219,-39.641
2023-06-06 13:50:00,-1.059,-18.278,-40.7
2023-06-07 05:00:00,-0.008,-18.286,-40.708
2023-06-07 09:50:00,2.308,-15.978,-38.4
2023-06-07 17:55:00,0.637,-15.341,-37.763
2023-06-07 23:30:00,-1.071,-16.412,-38.834
2023-06-08 04:30:00,-1.122,-17.534,-39.956
2023-06-08 10:25:00,-1.24,-18.774,-41.196
2023-06-09 00:45:00,-0.182,-18.956,-41.378
2023-06-09 12:05:00,-1.142,-20.098,-42.52
2023-06-09 15:50:00,-1.104,-21.202,-43.624
2023-06-09 23:55:00,0.496,-20.706,-43.128
2023-06-10 02:40:00,2.427,-18.279,-40.701
2023-06-10 04:25:00,2.491,-15.788,-38.21
2023-06-10 12:30:00,-0.493,-16.281,-38.703
2023-06-11 08:45:00,0.674,-15.607,-38.029
2023-06-11 10:45:00,-1.104,-16.711,-39.133
2023-06-11 17:35:00,-1.081,-17.792,-40.214
2023-06-12 02:20:00,2.395,-15.397,-37.819
2023-06-12 10:25:00,-0.799,-16.196,-38.618
2023-06-12 15:45:00,-1.166,-17.362,-39.784
2023-06-13 11:10:00,1.188,-16.174,-38.596
2023-06-13 12:55:00,-1.126,-17.3,-39.722
2023-06-13 18:05:00,-1.109,-18.409,-40.831
2023-06-14 02:10:00,0.424,-17.985,-40.407
2023-06-14 12:55:00,2.271,-15.714,-38.136
2023-06-14 13:30:00,-1.133,-16.847,-39.269
2023-06-15 04:10:00,0.051,-16.796,-39.218
2023-06-15 13:40:00,-1.13,-17.926,-40.348
2023-06-15 17:55:00,-1.121,-19.047,-41.469
2023-06-15 20:55:00,2.416,-16.631,-39.053
2023-06-16 05:00:00,-0.531,-17.162,-39.584
2023-06-16 11:25:00,2.216,-14.946,-37.368
2023-06-16 13:25:00,-1.094,-16.04,-38.462
2023-06-16 23:00:00,0.643,-15.397,-37.819
2023-06-17 13:10:00,1.315,-14.082,-36.504
2023-06-17 23:25:00,1.243,-12.839,-35.261
2023-06-18 00:15:00,-1.373,-14.212,-36.634
2023-06-18 16:15:00,0.724,-13.488,-35.91
2023-06-19 11:15:00,-1.142,-14.63,-37.052
2023-06-19 18:05:00,-1.084,-15.714,-38.136
2023-06-19 18:50:00,-1.083,-16.797,-39.219
2023-06-20 01:35:00,-1.123,-17.92,-40.342
2023-06-20 17:45:00,-1.091,-19.011,-41.433
2023-06-21 01:10:00,2.423,-16.588,-39.01
2023-06-21 09:15:00,-0.464,-17.052,-39.474
2023-06-21 16:25:00,2.4,-14.652,-37.074
2023-06-22 00:30:00,0.266,-14.386,-36.808
2023-06-22 01:45:00,2.412,-11.974,-34.396
2023-06-22 07:15:00,2.462,-9.512,-31.934
2023-06-22 11:05:00,-1.023,-10.535,-32.957
2023-06-22 22:25:00,-1.08,-11.615,-34.037
2023-06-23 02:00:00,-1.149,-12.764,-35.186
2023-06-23 09:15:00,-1.087,-13.851,-36.273
2023-06-23 15:05:00,-1.118,-14.969,-37.391
2023-06-23 23:10:00,0.47,-14.499,-36.921
2023-06-24 10:05:00,-0.146,-14.645,-37.067
2023-06-24 13:25:00,-1.233,-15.878,-38.3
2023-06-24 23:20:00,0.288,-15.59,-38.012
2023-06-25 01:25:00,-1.163,-16.753,-39.175
2023-06-25 10:50:00,0.694,-16.059,-38.481
2023-06-25 21:20:00,0.984,-15.075,-37.497
2023-06-26 09:05:00,-0.315,-15.39,-37.812
2023-06-26 14:40:00,-1.144,-16.534,-38.956
2023-06-26 22:45:00,1.044,-15.49,-37.912
2023-06-27 10:10:00,-1.15,-16.64,-39.062
2023-06-27 14:00:00,-1.114,-17.754,-40.176
2023-06-27 23:15:00,0.125,-17.629,-40.051
2023-06-28 07:30:00,2.417,-15.212,-37.634
2023-06-28 15:35:00,-0.806,-16.018,-38.44
2023-06-28 19:30:00,2.423,-13.595,-36.017
2023-06-29 03:35:00,-0.613,-14.208,-36.63
2023-06-29 13:55:00,-1.14,-15.348,-37.77
2023-06-29 22:00:00,0.101,-15.247,-37.669
2023-06-30 02:10:00,-1.107,-16.354,-38.776
2023-06-30 04:05:00,2.399,-13.955,-36.377
2023-06-30 12:10:00,0.528,-13.427,-35.849
2023-06-30 21:45:00,-0.645,-14.072,-36.494
2023-07-01 06:05:00,0.625,-13.447,-35.869
2023-07-01 10:40:00,-1.123,-14.57,-36.992
2023-07-01 15:15:00,-1.192,-15.762,-38.184
2023-07-02 00:10:00,-1.322,-17.084,-39.506
2023-07-02 08:05:00,-1.088,-18.172,-40.594
2023-07-02 09:55:00,-1.18,-19.352,-41.774
2023-07-02 22:25:00,2.292,-17.06,-39.482
2023-07-02 22:40:00,-1.139,-18.199,-40.621
2023-07-03 12:05:00,-1.117,-19.316,-41.738
2023-07-03 23:20:00,0.224,-19.092,-41.514
2023-07-04 07:45:00,-1.096,-20.188,-42.61
2023-07-04 13:40:00,-1.117,-21.305,-43.727
2023-07-04 17:50:00,-1.125,-22.43,-44.852
2023-07-05 02:50:00,-1.147,-23.577,-45.999
2023-07-05 04:45:00,-1.316,-24.893,-47.315
2023-07-05 10:35:00,2.351,-22.542,-44.964
2023-07-05 18:40:00,0.098,-22.444,-44.866
2023-07-05 23:25:00,-1.128,-23.572,-45.994
2023-07-06 02:00:00,-1.144,-24.716,-47.138
2023-07-06 11:50:00,-1.151,-25.867,-48.289
2023-07-06 14:10:00,2.42,-23.447,-45.869
2023-07-06 22:15:00,0.258,-23.189,-45.611
2023-07-07 07:05:00,-0.348,-23.537,-45.959
2023-07-07 21:25:00,-1.193,-24.73,-47.152
2023-07-08 08:30:00,-1.19,-25.92,-48.342
2023-07-08 14:25:00,2.312,-23.608,-46.03
2023-07-08 15:05:00,-1.104,-24.712,-47.134
2023-07-08 19:00:00,2.331,-22.381,-44.803
2023-07-09 03:05:00,0.883,-21.498,-43.92
2023-07-09 06:05:00,-1.074,-22.572,-44.994
2023-07-09 18:50:00,-0.347,-22.919,-45.341
2023-07-09 20:25:00,-1.236,-24.155,-46.577
2023-07-10 14:00:00,-0.091,-24.246,-46.668
2023-07-10 21:55:00,-1.106,-25.352,-47.774
2023-07-11 06:00:00,-0.616,-25.968,-48.39
2023-07-11 13:40:00,2.215,-23.753,-46.175
2023-07-11 22:55:00,-1.099,-24.852,-47.274
2023-07-12 10:35:00,-0.863,-25.715,-48.137
2023-07-12 11:20:00,-1.349,-27.064,-49.486
2023-07-12 12:30:00,-1.212,-28.276,-50.698
2023-07-12 16:05:00,2.255,-26.021,-48.443
2023-07-13 00:10:00,-0.73,-26.751,-49.173
2023-07-13 09:30:00,-1.102,-27.853,-50.275
2023-07-13 15:30:00,2.303,-25.55,-47.972
2023-07-13 17:50:00,2.41,-23.14,-45.562
2023-07-14 01:55:00,0.265,-22.875,-45.297
2023-07-14 07:40:00,-1.136,-24.011,-46.433
2023-07-14 15:25:00,2.412,-21.599,-44.021
2023-07-14 18:20:00,-1.024,-22.623,-45.045
2023-07-15 02:25:00,-0.176,-22.799,-45.221
2023-07-15 03:15:00,-1.128,-23.927,-46.349
2023-07-15 05:20:00,2.427,-21.5,-43.922
2023-07-15 13:25:00,-0.462,-21.962,-44.384
2023-07-15 16:00:00,-1.084,-23.046,-45.468
2023-07-15 21:15:00,-1.049,-24.095,-46.517
2023-07-16 10:20:00,-0.138,-24.233,-46.655
2023-07-16 18:40:00,1.6,-22.633,-45.055
2023-07-17 03:00:00,-0.062,-22.695,-45.117
2023-07-17 14:50:00,0.428,-22.267,-44.689
2023-07-18 00:30:00,-1.071,-23.338,-45.76
2023-07-18 11:35:00,2.358,-20.98,-43.402
2023-07-18 19:40:00,0.657,-20.323,-42.745
2023-07-19 08:05:00,-1.211,-21.534,-43.956
2023-07-19 15:55:00,-1.138,-22.672,-45.094
2023-07-20 00:00:00,-0.501,-23.173,-45.595
2023-07-20 05:15:00,-1.201,-24.374,-46.796
2023-07-20 08:35:00,2.174,-22.2,-44.622
2023-07-20 09:20:00,-1.131,-23.331,-45.753
2023-07-20 14:30:00,-1.182,-24.513,-46.935
2023-07-20 22:35:00,0.738,-23.775,-46.197
2023-07-21 01:20:00,-1.154,-24.929,-47.351
2023-07-21 10:30:00,-0.031,-24.96,-47.382
2023-07-21 13:10:00,2.339,-22.621,-45.043
2023-07-21 19:10:00,-1.041,-23.662,-46.084
2023-07-22 06:25:00,-0.235,-23.897,-46.319
2023-07-22 17:55:00,-0.025,-23.922,-46.344
2023-07-22 23:05:00,-1.397,-25.319,-47.741
2023-07-23 03:45:00,-1.086,-26.405,-48.827
2023-07-23 07:05:00,-1.334,-27.739,-50.161
2023-07-23 17:10:00,0.4,-27.339,-49.761
2023-07-23 19:40:00,-1.211,-28.55,-50.972
2023-07-24 00:40:00,-1.11,-29.66,-52.082
2023-07-24 01:35:00,-1.121,-30.781,-53.203
2023-07-24 07:35:00,-1.118,-31.899,-54.321
2023-07-24 09:50:00,-1.074,-32.973,-55.395
2023-07-24 17:55:00,0.061,-32.912,-55.334
2023-07-24 22:10:00,-1.223,-34.135,-56.557
2023-07-25 12:50:00,-1.09,-35.225,-57.647
2023-07-25 16:30:00,-1.102,-36.327,-58.749
2023-07-26 01:50:00,0.172,-36.155,-58.577
2023-07-26 08:10:00,-1.082,-37.237,-59.659
2023-07-26 16:20:00,2.193,-35.044,-57.466
2023-07-26 18:10:00,-1.088,-36.132,-58.554
2023-07-27 02:15:00,0.632,-35.5,-57.922
2023-07-27 13:10:00,-1.216,-36.716,-59.138
2023-07-27 18:35:00,2.312,-34.404,-56.826
2023-07-27 21:40:00,-1.121,-35.525,-57.947
2023-07-28 10:40:00,-1.175,-36.7,-59.122
2023-07-28 12:55:00,2.119,-34.581,-57.003
2023-07-28 13:10:00,2.336,-32.245,-54.667
2023-07-28 21:15:00,0.785,-31.46,-53.882
2023-07-29 02:05:00,-1.135,-32.595,-55.017
2023-07-29 20:25:00,0.412,-32.183,-54.605
2023-07-30 02:15:00,2.419,-29.764,-52.186
2023-07-30 06:35:00,-1.038,-30.802,-53.224
2023-07-31 03:50:00,-0.617,-31.419,-53.841
2023-07-31 06:25:00,-1.182,-32.601,-55.023
2023-07-31 11:35:00,2.361,-30.24,-52.662
2023-07-31 19:40:00,-0.612,-30.852,-53.274
2023-07-31 23:40:00,-1.085,-31.937,-54.359
2023-08-01 02:10:00,2.377,-29.56,-51.982
2023-08-01 10:15:00,-0.345,-29.905,-52.327
2023-08-01 13:15:00,-1.262,-31.167,-53.589
2023-08-01 18:55:00,-1.088,-32.255,-54.677
2023-08-02 01:30:00,2.268,-29.987,-52.409
2023-08-02 03:05:00,-1.162,-31.149,-53.571
2023-08-02 13:30:00,1.466,-29.683,-52.105
2023-08-02 16:50:00,2.275,-27.408,-49.83
2023-08-03 00:55:00,-0.287,-27.695,-50.117
2023-08-03 08:20:00,-1.088,-28.783,-51.205
2023-08-03 10:00:00,-1.119,-29.902,-52.324
2023-08-03 13:35:00,-1.173,-31.075,-53.497
2023-08-03 22:05:00,-1.177,-32.252,-54.674
2023-08-04 00:15:00,-1.105,-33.357,-55.779
2023-08-04 08:00:00,2.382,-30.975,-53.397
2023-08-04 16:05:00,1.106,-29.869,-52.291
2023-08-05 08:30:00,1.715,-28.154,-50.576
2023-08-05 09:10:00,2.404,-25.75,-48.172
2023-08-05 14:35:00,2.461,-23.289,-45.711
2023-08-05 22:40:00,0.223,-23.066,-45.488
2023-08-06 02:05:00,-1.032,-24.098,-46.52
2023-08-06 13:05:00,-1.043,-25.141,-47.563
2023-08-06 21:25:00,0.944,-24.197,-46.619
2023-08-07 01:15:00,-1.114,-25.311,-47.733
2023-08-07 07:30:00,-1.049,-26.36,-48.782
2023-08-07 15:35:00,0.649,-25.711,-48.133
2023-08-08 00:15:00,-0.251,-25.962,-48.384
2023-08-08 10:55:00,-1.261,-27.223,-49.645
2023-08-08 13:55:00,2.406,-24.817,-47.239
2023-08-08 22:00:00,0.519,-24.298,-46.72
2023-08-09 08:30:00,1.204,-23.094,-45.516
2023-08-09 22:55:00,-1.059,-24.153,-46.575
2023-08-10 10:25:00,0.883,-23.27,-45.692
2023-08-10 20:35:00,0.383,-22.887,-45.309
2023-08-11 10:00:00,0.274,-22.613,-45.035
2023-08-11 14:45:00,2.381,-20.232,-42.654
2023-08-11 22:50:00,0.608,-19.624,-42.046
2023-08-12 00:30:00,2.417,-17.207,-39.629
2023-08-12 08:35:00,0.025,-17.182,-39.604
2023-08-12 15:20:00,-1.059,-18.241,-40.663
2023-08-12 23:40:00,-1.077,-19.318,-41.74
2023-08-13 05:55:00,-1.067,-20.385,-42.807
2023-08-13 11:00:00,-1.113,-21.498,-43.92
2023-08-13 13:00:00,-1.086,-22.584,-45.006
2023-08-13 21:25:00,0.198,-22.386,-44.808
2023-08-14 00:35:00,2.396,-19.99,-42.412
2023-08-14 05:05:00,-1.062,-21.052,-43.474
2023-08-14 16:20:00,-0.627,-21.679,-44.101
2023-08-15 00:40:00,-0.094,-21.773,-44.195
2023-08-15 08:40:00,-1.073,-22.846,-45.268
2023-08-15 14:30:00,-1.093,-23.939,-46.361
2023-08-15 18:40:00,-1.046,-24.985,-47.407
2023-08-16 02:45:00,0.136,-24.849,-47.271
2023-08-16 12:05:00,2.424,-22.425,-44.847
2023-08-16 17:30:00,-1.041,-23.466,-45.888
2023-08-16 20:25:00,2.406,-21.06,-43.482
2023-08-17 04:30:00,0.597,-20.463,-42.885
2023-08-17 11:10:00,2.403,-18.06,-40.482
2023-08-17 19:15:00,0.329,-17.731,-40.153
2023-08-17 21:40:00,2.441,-15.29,-37.712
2023-08-18 05:45:00,-0.693,-15.983,-38.405
2023-08-19 09:45:00,-1.096,-17.079,-39.501
2023-08-19 15:45:00,-1.13,-18.209,-40.631
2023-08-19 17:20:00,-1.085,-19.294,-41.716
2023-08-20 02:20:00,-0.12,-19.414,-41.836
2023-08-20 14:35:00,1.359,-18.055,-40.477
2023-08-20 22:40:00,-0.508,-18.563,-40.985
2023-08-21 05:30:00,-1.191,-19.754,-42.176
2023-08-21 15:20:00,2.407,-17.347,-39.769
2023-08-21 23:25:00,-0.282,-17.629,-40.051
2023-08-22 07:40:00,-1.165,-18.794,-41.216
2023-08-22 21:25:00,2.384,-16.41,-38.832
2023-08-23 04:35:00,2.392,-14.018,-36.44
2023-08-23 12:40:00,-0.84,-14.858,-37.28
2023-08-23 16:20:00,2.413,-12.445,-34.867
2023-08-24 00:25:00,-0.805,-13.25,-35.672
2023-08-24 09:35:00,-1.194,-14.444,-36.866
2023-08-24 16:45:00,-1.124,-15.568,-37.99
2023-08-25 01:40:00,-0.054,-15.622,-38.044
2023-08-25 11:30:00,-0.072,-15.694,-38.116
2023-08-25 22:05:00,-0.411,-16.105,-38.527
2023-08-26 00:20:00,-1.185,-17.29,-39.712
2023-08-26 11:55:00,-0.494,-17.784,-40.206
2023-08-26 14:50:00,-1.199,-18.983,-41.405
2023-08-26 16:20:00,-1.235,-20.218,-42.64
2023-08-27 00:25:00,0.334,-19.884,-42.306
2023-08-27 04:15:00,-1.253,-21.137,-43.559
2023-08-27 13:05:00,-0.485,-21.622,-44.044
2023-08-28 00:50:00,2.319,-19.303,-41.725
2023-08-28 08:55:00,0.327,-18.976,-41.398
2023-08-28 09:30:00,-1.222,-20.198,-42.62
2023-08-28 16:05:00,2.391,-17.807,-40.229
2023-08-29 00:10:00,-0.387,-18.194,-40.616
2023-08-29 02:45:00,-1.114,-19.308,-41.73
2023-08-29 14:05:00,-1.22,-20.528,-42.95
2023-08-29 14:20:00,2.351,-18.177,-40.599
2023-08-29 22:25:00,0.594,-17.583,-40.005
2023-08-30 06:45:00,-1.212,-18.795,-41.217
2023-08-30 13:20:00,-1.17,-19.965,-42.387
2023-08-30 22:45:00,-0.21,-20.175,-42.597
2023-08-31 04:00:00,-1.359,-21.534,-43.956
2023-08-31 07:30:00,2.178,-19.356,-41.778
2023-08-31 13:30:00,-1.105,-20.461,-42.883
2023-08-31 15:40:00,2.323,-18.138,-40.56
2023-08-31 23:45:00,0.097,-18.041,-40.463
2023-09-01 13:40:00,0.196,-17.845,-40.267
2023-09-01 17:10:00,2.363,-15.482,-37.904
2023-09-01 20:30:00,-1.04,-16.522,-38.944
2023-09-02 14:45:00,-1.206,-17.728,-40.15
2023-09-03 01:55:00,0.288,-17.44,-39.862
2023-09-03 13:00:00,2.246,-15.194,-37.616
2023-09-03 21:05:00,0.801,-14.393,-36.815
2023-09-04 01:10:00,-1.133,-15.526,-37.948
2023-09-04 14:00:00,0.088,-15.438,-37.86
2023-09-04 21:15:00,2.358,-13.08,-35.502
2023-09-05 05:20:00,-0.218,-13.298,-35.72
2023-09-05 23:40:00,-0.179,-13.477,-35.899
2023-09-06 04:40:00,-1.184,-14.661,-37.083
2023-09-06 09:40:00,-1.171,-15.832,-38.254
2023-09-06 10:25:00,2.205,-13.627,-36.049
2023-09-06 14:30:00,-1.084,-14.711,-37.133
2023-09-06 17:55:00,-1.105,-15.816,-38.238
2023-09-07 02:00:00,-0.019,-15.835,-38.257
2023-09-07 07:30:00,2.016,-13.819,-36.241
2023-09-07 15:35:00,0.232,-13.587,-36.009
2023-09-08 05:05:00,0.5,-13.087,-35.509
2023-09-08 10:05:00,2.318,-10.769,-33.191
2023-09-08 18:10:00,-0.094,-10.863,-33.285
2023-09-09 08:10:00,-0.539,-11.402,-33.824
2023-09-09 15:00:00,-1.216,-12.618,-35.04
2023-09-10 00:20:00,2.174,-10.444,-32.866
2023-09-10 04:20:00,2.328,-8.116,-30.538
2023-09-10 12:25:00,-0.307,-8.423,-30.845
2023-09-10 19:40:00,2.358,-6.065,-28.487
2023-09-10 19:55:00,-1.234,-7.299,-29.721
2023-09-11 08:50:00,0.392,-6.907,-29.329
2023-09-11 17:25:00,0.597,-6.31,-28.732
2023-09-12 00:45:00,-1.09,-7.4,-29.822
2023-09-12 16:55:00,-1.119,-8.519,-30.941
2023-09-13 00:10:00,-1.238,-9.757,-32.179
2023-09-13 06:55:00,-1.16,-10.917,-33.339
2023-09-13 12:30:00,-1.227,-12.144,-34.566
2023-09-13 20:35:00,0.244,-11.9,-34.322
2023-09-14 04:45:00,-1.148,-13.048,-35.47
2023-09-14 07:05:00,-1.275,-14.323,-36.745
2023-09-14 11:10:00,-1.19,-15.513,-37.935
2023-09-14 13:20:00,2.213,-13.3,-35.722
2023-09-14 21:25:00,0.534,-12.766,-35.188
2023-09-15 10:05:00,-0.483,-13.249,-35.671
2023-09-15 20:50:00,-1.133,-14.382,-36.804
2023-09-15 22:40:00,2.217,-12.165,-34.587
2023-09-16 06:45:00,0.168,-11.997,-34.419
2023-09-16 22:50:00,-0.556,-12.553,-34.975
2023-09-17 08:20:00,0.767,-11.786,-34.208
2023-09-18 00:10:00,0.371,-11.415,-33.837
2023-09-18 09:50:00,-1.107,-12.522,-34.944
2023-09-18 17:30:00,-1.14,-13.662,-36.084
2023-09-19 01:35:00,-0.253,-13.915,-36.337
2023-09-19 09:15:00,2.255,-11.66,-34.082
2023-09-19 17:20:00,-0.066,-11.726,-34.148
2023-09-20 00:20:00,-1.376,-13.102,-35.524
2023-09-20 02:20:00,-1.257,-14.359,-36.781
2023-09-20 17:35:00,-0.148,-14.507,-36.929
2023-09-20 19:15:00,-1.207,-15.714,-38.136
2023-09-21 05:20:00,-0.841,-16.555,-38.977
2023-09-21 14:05:00,1.064,-15.491,-37.913
2023-09-21 22:50:00,-1.295,-16.786,-39.208
2023-09-22 01:20:00,-1.142,-17.928,-40.35
2023-09-22 17:10:00,-0.023,-17.951,-40.373
2023-09-22 22:00:00,-1.156,-19.107,-41.529
2023-09-23 04:55:00,2.27,-16.837,-39.259
2023-09-23 07:20:00,-1.107,-17.944,-40.366
2023-09-23 16:35:00,2.397,-15.547,-37.969
2023-09-24 00:05:00,-1.047,-16.594,-39.016
2023-09-24 12:15:00,0.287,-16.307,-38.729
2023-09-24 16:45:00,-1.302,-17.609,-40.031
2023-09-24 18:20:00,-1.203,-18.812,-41.234
2023-09-24 23:25:00,2.315,-16.497,-38.919
2023-09-25 01:00:00,-1.118,-17.615,-40.037
2023-09-25 10:15:00,2.286,-15.329,-37.751
2023-09-25 18:20:00,-0.416,-15.745,-38.167
2023-09-25 23:55:00,-1.173,-16.918,-39.34
2023-09-26 07:45:00,-1.278,-18.196,-40.618
2023-09-26 14:15:00,2.146,-16.05,-38.472
2023-09-26 22:20:00,-0.256,-16.306,-38.728
2023-09-27 09:50:00,-1.26,-17.566,-39.988
2023-09-27 14:20:00,-1.258,-18.824,-41.246
2023-09-27 22:25:00,0.643,-18.181,-40.603
2023-09-28 08:15:00,-0.212,-18.393,-40.815
2023-09-28 11:45:00,-1.324,-19.717,-42.139
2023-09-28 18:45:00,-1.119,-20.836,-43.258
2023-09-29 13:10:00,0.486,-20.35,-42.772
2023-09-29 20:05:00,-1.251,-21.601,-44.023
2023-09-29 20:20:00,-1.427,-23.028,-45.45
2023-09-30 08:35:00,-1.083,-24.111,-46.533
2023-09-30 11:30:00,-1.414,-25.525,-47.947
2023-09-30 21:55:00,-0.49,-26.015,-48.437
2023-10-01 05:40:00,2.234,-23.781,-46.203
2023-10-01 08:10:00,-1.1,-24.881,-47.303
2023-10-01 12:15:00,-1.19,-26.071,-48.493
2023-10-01 14:35:00,-1.207,-27.278,-49.7
2023-10-01 21:25:00,-1.184,-28.462,-50.884
2023-10-02 06:20:00,0.332,-28.13,-50.552
2023-10-02 09:45:00,-1.217,-29.347,-51.769
2023-10-02 18:35:00,2.387,-26.96,-49.382
2023-10-03 02:40:00,-0.56,-27.52,-49.942
2023-10-03 11:30:00,0.343,-27.177,-49.599
2023-10-03 13:45:00,-1.221,-28.398,-50.82
2023-10-03 22:55:00,-0.706,-29.104,-51.526
2023-10-04 00:40:00,2.388,-26.716,-49.138
2023-10-04 08:45:00,-0.807,-27.523,-49.945
2023-10-04 12:30:00,-1.403,-28.926,-51.348
2023-10-04 16:35:00,-1.194,-30.12,-52.542
2023-10-05 02:20:00,-1.167,-31.287,-53.709
2023-10-05 13:15:00,-1.476,-32.763,-55.185
2023-10-05 23:10:00,0.476,-32.287,-54.709
2023-10-06 01:30:00,-1.214,-33.501,-55.923
2023-10-06 08:10:00,-1.235,-34.736,-57.158
2023-10-06 15:05:00,-1.197,-35.933,-58.355
2023-10-06 21:35:00,2.167,-33.766,-56.188
2023-10-06 23:20:00,-1.217,-34.983,-57.405
2023-10-07 08:15:00,-0.782,-35.765,-58.187
2023-10-07 16:15:00,1.858,-33.907,-56.329
2023-10-07 21:35:00,-1.287,-35.194,-57.616
2023-10-08 01:40:00,2.092,-33.102,-55.524
2023-10-08 04:55:00,-1.182,-34.284,-56.706
2023-10-08 17:45:00,0.641,-33.643,-56.065
2023-10-09 01:50:00,-1.387,-35.03,-57.452
2023-10-09 07:20:00,2.163,-32.867,-55.289
2023-10-09 09:45:00,2.361,-30.506,-52.928
2023-10-09 17:50:00,0.027,-30.479,-52.901
2023-10-09 21:40:00,-1.184,-31.663,-54.085
2023-10-10 17:05:00,1.736,-29.927,-52.349
2023-10-10 22:05:00,-1.235,-31.162,-53.584
2023-10-11 02:30:00,2.305,-28.857,-51.279
2023-10-11 10:35:00,-0.649,-29.506,-51.928
2023-10-11 15:25:00,2.257,-27.249,-49.671
2023-10-11 23:30:00,-0.147,-27.396,-49.818
2023-10-12 02:40:00,-1.22,-28.616,-51.038
2023-10-12 11:15:00,-1.113,-29.729,-52.151
2023-10-12 19:20:00,-0.5,-30.229,-52.651
2023-10-13 00:30:00,-1.243,-31.472,-53.894
2023-10-13 07:05:00,-1.237,-32.709,-55.131
2023-10-13 15:10:00,0.146,-32.563,-54.985
2023-10-14 04:55:00,0.572,-31.991,-54.413
2023-10-14 11:55:00,2.29,-29.701,-52.123
2023-10-14 19:10:00,-1.147,-30.848,-53.27
2023-10-14 22:25:00,-1.222,-32.07,-54.492
2023-10-15 09:45:00,-0.513,-32.583,-55.005
2023-10-15 13:15:00,-1.275,-33.858,-56.28
2023-10-15 21:50:00,-0.62,-34.478,-56.9
2023-10-16 03:00:00,-1.391,-35.869,-58.291
2023-10-16 05:15:00,2.305,-33.564,-55.986
2023-10-16 13:20:00,-0.148,-33.712,-56.134
2023-10-16 13:45:00,-1.045,-34.757,-57.179
2023-10-16 21:05:00,-1.187,-35.944,-58.366
2023-10-17 04:00:00,-1.207,-37.151,-59.573
2023-10-17 12:35:00,2.062,-35.089,-57.511
2023-10-17 13:45:00,2.382,-32.707,-55.129
2023-10-17 21:50:00,-0.269,-32.976,-55.398
2023-10-18 02:15:00,2.111,-30.865,-53.287
2023-10-18 02:50:00,-1.193,-32.058,-54.48
2023-10-18 15:50:00,1.213,-30.845,-53.267
2023-10-18 20:30:00,2.272,-28.573,-50.995
2023-10-18 22:55:00,-1.113,-29.686,-52.108
2023-10-19 09:45:00,-0.389,-30.075,-52.497
2023-10-19 16:15:00,-1.123,-31.198,-53.62
2023-10-20 01:35:00,2.204,-28.994,-51.416
2023-10-20 08:55:00,2.339,-26.655,-49.077
2023-10-20 17:00:00,-1.088,-27.743,-50.165
2023-10-21 04:05:00,-0.1,-27.843,-50.265
2023-10-21 07:00:00,2.007,-25.836,-48.258
2023-10-21 14:40:00,2.326,-23.51,-45.932
2023-10-21 22:45:00,-0.296,-23.806,-46.228
2023-10-22 02:15:00,-1.143,-24.949,-47.371
2023-10-22 07:35:00,-1.19,-26.139,-48.561
2023-10-22 15:40:00,0.317,-25.822,-48.244
2023-10-23 00:10:00,2.336,-23.486,-45.908
2023-10-23 08:15:00,0.003,-23.483,-45.905
2023-10-23 16:50:00,-0.12,-23.603,-46.025
2023-10-23 17:25:00,-1.108,-24.711,-47.133
2023-10-23 22:40:00,2.391,-22.32,-44.742
2023-10-24 06:45:00,-0.041,-22.361,-44.783
2023-10-24 12:40:00,2.395,-19.966,-42.388
2023-10-24 14:15:00,-1.043,-21.009,-43.431
2023-10-25 06:10:00,0.024,-20.985,-43.407
2023-10-25 07:20:00,-1.131,-22.116,-44.538
2023-10-25 13:05:00,-1.068,-23.184,-45.606
2023-10-25 15:05:00,2.396,-20.788,-43.21
2023-10-25 23:10:00,-0.243,-21.031,-43.453
2023-10-26 09:45:00,0.582,-20.449,-42.871
2023-10-27 00:30:00,2.328,-18.121,-40.543
2023-10-27 14:30:00,-1.074,-19.195,-41.617
2023-10-28 00:50:00,0.277,-18.918,-41.34
2023-10-28 01:45:00,-1.21,-20.128,-42.55
2023-10-28 12:45:00,-1.134,-21.262,-43.684
2023-10-28 18:35:00,-1.295,-22.557,-44.979
2023-10-29 01:20:00,-1.065,-23.622,-46.044
2023-10-29 08:00:00,2.335,-21.287,-43.709
2023-10-29 16:05:00,-0.427,-21.714,-44.136
2023-10-30 01:40:00,0.002,-21.712,-44.134
2023-10-30 08:40:00,-1.101,-22.813,-45.235
2023-10-30 16:45:00,0.13,-22.683,-45.105
2023-10-31 00:35:00,-1.069,-23.752,-46.174
2023-10-31 11:20:00,0.055,-23.697,-46.119
2023-10-31 20:50:00,0.397,-23.3,-45.722
2023-11-01 05:10:00,2.237,-21.063,-43.485
2023-11-01 13:15:00,-1.116,-22.179,-44.601
2023-11-01 17:55:00,-1.073,-23.252,-45.674
2023-11-01 20:55:00,2.398,-20.854,-43.276
2023-11-02 05:00:00,0.262,-20.592,-43.014
2023-11-02 13:40:00,-1.085,-21.677,-44.099
2023-11-02 20:00:00,-1.092,-22.769,-45.191
2023-11-03 00:50:00,2.308,-20.461,-42.883
2023-11-03 08:55:00,-0.52,-20.981,-43.403
2023-11-03 14:25:00,-1.13,-22.111,-44.533
2023-11-03 17:30:00,-1.12,-23.231,-45.653
2023-11-03 21:30:00,-1.101,-24.332,-46.754
2023-11-04 14:10:00,-0.728,-25.06,-47.482
2023-11-04 22:15:00,-1.122,-26.182,-48.604
2023-11-05 03:40:00,2.278,-23.904,-46.326
2023-11-05 08:40:00,2.384,-21.52,-43.942
2023-11-05 13:55:00,-1.061,-22.581,-45.003
2023-11-05 21:45:00,-1.099,-23.68,-46.102
2023-11-06 04:40:00,-1.087,-24.767,-47.189
2023-11-06 08:15:00,-1.153,-25.92,-48.342
2023-11-06 17:10:00,2.432,-23.488,-45.91
2023-11-07 00:40:00,-1.046,-24.534,-46.956
2023-11-07 09:30:00,-1.093,-25.627,-48.049
2023-11-07 17:35:00,1.025,-24.602,-47.024
2023-11-08 00:35:00,-1.145,-25.747,-48.169
2023-11-08 01:20:00,-1.194,-26.941,-49.363
2023-11-08 06:15:00,-1.091,-28.032,-50.454
2023-11-09 00:50:00,0.513,-27.519,-49.941
2023-11-09 04:35:00,2.419,-25.1,-47.522
2023-11-09 11:15:00,-1.059,-26.159,-48.581
2023-11-09 16:10:00,-1.051,-27.21,-49.632
2023-11-10 00:15:00,-0.418,-27.628,-50.05
2023-11-10 08:10:00,-1.09,-28.718,-51.14
2023-11-10 10:20:00,-1.069,-29.787,-52.209
2023-11-10 11:10:00,-1.139,-30.926,-53.348
2023-11-10 16:50:00,-1.07,-31.996,-54.418
2023-11-11 00:55:00,1.901,-30.095,-52.517
2023-11-11 07:00:00,2.461,-27.634,-50.056
2023-11-11 15:05:00,-0.154,-27.788,-50.21
2023-11-12 07:50:00,-1.033,-28.821,-51.243
2023-11-12 09:40:00,-1.068,-29.889,-52.311
2023-11-12 21:10:00,-1.107,-30.996,-53.418
2023-11-12 23:15:00,-1.083,-32.079,-54.501
2023-11-13 01:10:00,-1.074,-33.153,-55.575
2023-11-13 04:15:00,-1.035,-34.188,-56.61
2023-11-13 12:20:00,0.52,-33.668,-56.09
2023-11-13 14:15:00,-1.062,-34.73,-57.152
2023-11-13 22:45:00,0.726,-34.004,-56.426
2023-11-14 06:10:00,-1.038,-35.042,-57.464
2023-11-14 17:55:00,0.856,-34.186,-56.608
2023-11-15 02:15:00,-0.05,-34.236,-56.658
2023-11-15 11:20:00,-1.097,-35.333,-57.755
2023-11-15 19:25:00,1.262,-34.071,-56.493
2023-11-16 04:15:00,-0.119,-34.19,-56.612
2023-11-16 08:25:00,-1.044,-35.234,-57.656
2023-11-16 13:15:00,-1.042,-36.276,-58.698
2023-11-16 23:50:00,0.551,-35.725,-58.147
2023-11-17 08:50:00,2.422,-33.303,-55.725
2023-11-17 12:20:00,-1.042,-34.345,-56.767
2023-11-17 22:15:00,0.392,-33.953,-56.375
2023-11-18 05:15:00,-1.073,-35.026,-57.448
2023-11-18 13:20:00,0.45,-34.576,-56.998
2023-11-18 19:05:00,-1.06,-35.636,-58.058
2023-11-19 00:15:00,2.158,-33.478,-55.9
2023-11-19 01:30:00,2.339,-31.139,-53.561
2023-11-19 06:45:00,-1.061,-32.2,-54.622
2023-11-19 17:30:00,-1.128,-33.328,-55.75
2023-11-19 23:20:00,2.309,-31.019,-53.441
2023-11-20 07:25:00,-0.307,-31.326,-53.748
2023-11-20 22:00:00,0.713,-30.613,-53.035
2023-11-21 10:50:00,0.144,-30.469,-52.891
2023-11-21 15:00:00,2.374,-28.095,-50.517
2023-11-21 15:50:00,-1.097,-29.192,-51.614
2023-11-22 02:05:00,0.013,-29.179,-51.601
2023-11-22 18:15:00,-1.061,-30.24,-52.662
2023-11-23 04:30:00,-1.105,-31.345,-53.767
2023-11-23 08:40:00,-1.139,-32.484,-54.906
2023-11-23 11:00:00,-1.191,-33.675,-56.097
2023-11-23 19:05:00,0.851,-32.824,-55.246
2023-11-24 09:20:00,0.447,-32.377,-54.799
2023-11-24 14:30:00,-1.107,-33.484,-55.906
2023-11-24 22:10:00,-1.132,-34.616,-57.038
2023-11-25 09:40:00,0.577,-34.039,-56.461
2023-11-25 15:20:00,-1.18,-35.219,-57.641
2023-11-25 17:35:00,2.333,-32.886,-55.308
2023-11-26 01:40:00,-0.63,-33.516,-55.938
2023-11-26 16:25:00,2.398,-31.118,-53.54
2023-11-26 22:10:00,-1.051,-32.169,-54.591
2023-11-27 03:05:00,-1.123,-33.292,-55.714
2023-11-27 05:10:00,-1.128,-34.42,-56.842
2023-11-27 07:50:00,2.346,-32.074,-54.496
2023-11-27 10:55:00,-1.041,-33.115,-55.537
2023-11-27 19:00:00,0.781,-32.334,-54.756
2023-11-27 23:20:00,-1.082,-33.416,-55.838
2023-11-28 10:05:00,0.326,-33.09,-55.512
2023-11-28 22:05:00,1.383,-31.707,-54.129
2023-11-29 22:25:00,0.596,-31.111,-53.533
2023-11-30 04:50:00,-1.379,-32.49,-54.912
2023-11-30 13:45:00,-1.302,-33.792,-56.214
2023-11-30 19:40:00,-1.106,-34.898,-57.32
2023-12-01 03:45:00,1.798,-33.1,-55.522
2023-12-01 12:40:00,-1.218,-34.318,-56.74
2023-12-02 00:20:00,0.085,-34.233,-56.655
2023-12-02 09:45:00,-0.418,-34.651,-57.073
2023-12-02 19:10:00,2.318,-32.333,-54.755
2023-12-03 03:15:00,0.298,-32.035,-54.457
2023-12-03 16:45:00,-1.133,-33.168,-55.59
2023-12-03 18:40:00,2.376,-30.792,-53.214
2023-12-04 02:45:00,0.641,-30.151,-52.573
2023-12-04 07:55:00,2.427,-27.724,-50.146
2023-12-04 11:10:00,-1.03,-28.754,-51.176
2023-12-04 22:20:00,2.378,-26.376,-48.798
2023-12-05 06:25:00,0.371,-26.005,-48.427
2023-12-05 06:30:00,-1.177,-27.182,-49.604
2023-12-05 12:10:00,2.377,-24.805,-47.227
2023-12-05 20:15:00,-0.131,-24.936,-47.358
2023-12-06 05:35:00,-1.071,-26.007,-48.429
2023-12-06 14:00:00,0.517,-25.49,-47.912
2023-12-07 07:00:00,-1.074,-26.564,-48.986
2023-12-07 09:25:00,2.4,-24.164,-46.586
2023-12-07 14:55:00,-1.048,-25.212,-47.634
2023-12-07 23:00:00,1.259,-23.953,-46.375
2023-12-08 06:40:00,-1.102,-25.055,-47.477
2023-12-08 15:45:00,-0.456,-25.511,-47.933
2023-12-08 21:20:00,2.409,-23.102,-45.524
2023-12-09 01:05:00,-1.046,-24.148,-46.57
2023-12-09 08:35:00,-1.073,-25.221,-47.643
2023-12-10 00:40:00,-1.065,-26.286,-48.708
2023-12-10 08:50:00,-0.25,-26.536,-48.958
2023-12-10 13:15:00,-1.078,-27.614,-50.036
2023-12-10 21:20:00,-0.024,-27.638,-50.06
2023-12-11 01:00:00,-1.11,-28.748,-51.17
2023-12-11 02:10:00,-1.032,-29.78,-52.202
2023-12-11 10:15:00,-0.07,-29.85,-52.272
2023-12-11 18:00:00,2.411,-27.439,-49.861
2023-12-12 00:20:00,-1.055,-28.494,-50.916
2023-12-12 07:10:00,-1.093,-29.587,-52.009
2023-12-12 11:55:00,2.16,-27.427,-49.849
2023-12-12 13:30:00,-1.083,-28.51,-50.932
2023-12-12 23:25:00,-0.873,-29.383,-51.805
2023-12-13 09:30:00,-0.308,-29.691,-52.113
2023-12-13 13:20:00,-1.108,-30.799,-53.221
2023-12-13 23:25:00,1.523,-29.276,-51.698
2023-12-14 05:50:00,2.366,-26.91,-49.332
2023-12-14 13:25:00,-1.051,-27.961,-50.383
2023-12-15 00:25:00,0.37,-27.591,-50.013
2023-12-15 10:45:00,-1.138,-28.729,-51.151
2023-12-15 11:55:00,-1.138,-29.867,-52.289
2023-12-15 14:30:00,2.331,-27.536,-49.958
2023-12-15 21:05:00,-1.098,-28.634,-51.056
2023-12-15 23:20:00,2.355,-26.279,-48.701
2023-12-16 03:45:00,-1.061,-27.34,-49.762
2023-12-16 06:00:00,2.248,-25.092,-47.514
2023-12-16 12:30:00,2.417,-22.675,-45.097
2023-12-16 20:05:00,2.461,-20.214,-42.636
2023-12-17 04:10:00,-0.106,-20.32,-42.742
2023-12-17 15:50:00,-1.099,-21.419,-43.841
2023-12-17 19:55:00,-1.101,-22.52,-44.942
2023-12-18 00:25:00,-1.11,-23.63,-46.052
2023-12-18 09:35:00,1.637,-21.993,-44.415
2023-12-18 13:15:00,-1.044,-23.037,-45.459
2023-12-19 05:10:00,0.021,-23.016,-45.438
2023-12-19 09:25:00,-1.116,-24.132,-46.554
2023-12-19 17:30:00,2.398,-21.734,-44.156
2023-12-20 01:35:00,0.069,-21.665,-44.087
2023-12-20 04:20:00,-1.096,-22.761,-45.183
2023-12-20 19:25:00,-0.263,-23.024,-45.446
2023-12-21 03:45:00,0.191,-22.833,-45.255
2023-12-21 09:25:00,-1.165,-23.998,-46.42
2023-12-21 14:40:00,-1.085,-25.083,-47.505
2023-12-21 19:55:00,-1.063,-26.146,-48.568
2023-12-22 04:05:00,0.206,-25.94,-48.362
2023-12-22 06:50:00,-1.048,-26.988,-49.41
2023-12-22 16:30:00,2.402,-24.586,-47.008
2023-12-23 00:35:00,-0.238,-24.824,-47.246
2023-12-23 05:50:00,-1.135,-25.959,-48.381
2023-12-23 13:55:00,1.386,-24.573,-46.995
2023-12-24 05:35:00,-1.099,-25.672,-48.094
2023-12-24 09:40:00,2.298,-23.374,-45.796
2023-12-24 10:25:00,-1.105,-24.479,-46.901
2023-12-25 04:50:00,0.287,-24.192,-46.614
2023-12-25 11:25:00,-1.132,-25.324,-47.746
2023-12-25 19:30:00,1.086,-24.238,-46.66
2023-12-26 05:10:00,-1.078,-25.316,-47.738
2023-12-26 05:30:00,2.36,-22.956,-45.378
2023-12-26 13:35:00,-0.558,-23.514,-45.936
2023-12-26 17:20:00,2.381,-21.133,-43.555
2023-12-26 17:35:00,2.426,-18.707,-41.129
2023-12-27 01:40:00,-0.726,-19.433,-41.855
2023-12-27 03:30:00,2.329,-17.104,-39.526
2023-12-27 05:10:00,-1.077,-18.181,-40.603
2023-12-27 16:30:00,2.363,-15.818,-38.24
2023-12-28 01:25:00,-1.073,-16.891,-39.313
2023-12-28 13:00:00,2.364,-14.527,-36.949
2023-12-28 21:05:00,0.217,-14.31,-36.732
2023-12-29 08:35:00,-0.256,-14.566,-36.988
2023-12-29 23:45:00,0.802,-13.764,-36.186
2023-12-30 15:50:00,-1.121,-14.885,-37.307
2023-12-30 16:45:00,-1.197,-16.082,-38.504
2023-12-31 06:45:00,-0.192,-16.274,-38.696
2023-12-31 17:05:00,0.066,-16.208,-38.63
2023-12-31 20:30:00,2.075,-14.133,-36.555
2024-01-01 04:20:00,2.365,-11.768,-34.19
2024-01-01 08:10:00,-1.104,-12.872,-35.294
2024-01-01 14:00:00,-1.225,-14.097,-36.519
2024-01-01 15:20:00,-1.326,-15.423,-37.845
2024-01-01 19:45:00,2.33,-13.093,-35.515
2024-01-02 03:50:00,1.682,-11.411,-33.833
2024-01-02 11:40:00,-1.112,-12.523,-34.945
2024-01-02 22:35:00,0.77,-11.753,-34.175
2024-01-03 05:15:00,-1.312,-13.065,-35.487
2024-01-03 07:55:00,-1.128,-14.193,-36.615
2024-01-03 09:35:00,-1.165,-15.358,-37.78
2024-01-03 12:00:00,2.44,-12.918,-35.34
2024-01-03 12:10:00,2.483,-10.435,-32.857
2024-01-03 20:15:00,-0.342,-10.777,-33.199
2024-01-04 12:45:00,-1.107,-11.884,-34.306
2024-01-04 22:35:00,0.843,-11.041,-33.463
2024-01-05 09:50:00,-0.446,-11.487,-33.909
2024-01-05 19:00:00,0.947,-10.54,-32.962
2024-01-06 01:10:00,-1.1,-11.64,-34.062
2024-01-06 05:25:00,2.368,-9.272,-31.694
2024-01-06 13:30:00,-0.166,-9.438,-31.86
2024-01-07 03:45:00,0.041,-9.397,-31.819
2024-01-07 17:15:00,1.045,-8.352,-30.774
2024-01-07 22:05:00,2.329,-6.023,-28.445
2024-01-08 02:15:00,2.436,-3.587,-26.009
2024-01-08 02:50:00,2.397,-1.19,-23.612
2024-01-08 06:10:00,-1.03,-2.22,-24.642
2024-01-08 17:55:00,-1.087,-3.307,-25.729
2024-01-09 02:00:00,0.326,-2.981,-25.403
2024-01-09 09:15:00,-1.101,-4.082,-26.504
2024-01-09 17:20:00,0.279,-3.803,-26.225
2024-01-10 01:35:00,0.833,-2.97,-25.392
2024-01-10 09:35:00,-1.139,-4.109,-26.531
2024-01-10 12:25:00,-1.045,-5.154,-27.576
2024-01-10 18:00:00,-1.055,-6.209,-28.631
2024-01-10 20:10:00,-1.055,-7.264,-29.686
2024-01-11 05:00:00,1.785,-5.479,-27.901
2024-01-11 15:50:00,-1.084,-6.563,-28.985
2024-01-12 12:40:00,-1.128,-7.691,-30.113
2024-01-12 23:25:00,1.006,-6.685,-29.107
2024-01-13 15:25:00,-1.15,-7.835,-30.257
2024-01-14 00:50:00,-1.087,-8.922,-31.344
2024-01-14 03:10:00,-1.115,-10.037,-32.459
2024-01-14 06:05:00,-1.1,-11.137,-33.559
2024-01-14 07:20:00,-1.24,-12.377,-34.799
2024-01-14 12:50:00,-1.149,-13.526,-35.948
2024-01-14 14:05:00,-1.165,-14.691,-37.113
2024-01-15 02:30:00,0.65,-14.041,-36.463
2024-01-15 09:55:00,-1.162,-15.203,-37.625
2024-01-15 15:45:00,2.343,-12.86,-35.282
2024-01-15 17:35:00,-1.084,-13.944,-36.366
2024-01-16 05:25:00,-0.47,-14.414,-36.836
2024-01-16 09:00:00,-1.099,-15.513,-37.935
2024-01-16 14:00:00,-1.092,-16.605,-39.027
2024-01-16 21:30:00,-1.114,-17.719,-40.141
2024-01-17 04:40:00,-1.094,-18.813,-41.235
2024-01-17 12:45:00,0.896,-17.917,-40.339
2024-01-17 14:50:00,-1.162,-19.079,-41.501
2024-01-17 23:55:00,-0.634,-19.713,-42.135
2024-01-18 13:10:00,2.353,-17.36,-39.782
2024-01-18 15:50:00,-1.079,-18.439,-40.861
2024-01-19 00:40:00,0.506,-17.933,-40.355
2024-01-19 04:30:00,-1.1,-19.033,-41.455
2024-01-19 13:45:00,-1.304,-20.337,-42.759
2024-01-19 14:25:00,-1.154,-21.491,-43.913
2024-01-19 16:40:00,2.438,-19.053,-41.475
2024-01-19 18:35:00,-1.027,-20.08,-42.502
2024-01-20 01:30:00,2.224,-17.856,-40.278
2024-01-20 09:35:00,0.333,-17.523,-39.945
2024-01-20 11:05:00,-1.116,-18.639,-41.061
2024-01-20 19:25:00,-1.219,-19.858,-42.28
2024-01-20 21:45:00,2.371,-17.487,-39.909
2024-01-21 05:50:00,-0.676,-18.163,-40.585
2024-01-21 15:35:00,-1.14,-19.303,-41.725
2024-01-22 00:15:00,0.663,-18.64,-41.062
2024-01-22 08:30:00,1.565,-17.075,-39.497
2024-01-22 16:35:00,0.69,-16.385,-38.807
2024-01-23 03:35:00,-0.495,-16.88,-39.302
2024-01-23 08:10:00,2.337,-14.543,-36.965
2024-01-23 16:15:00,0.968,-13.575,-35.997
2024-01-23 22:30:00,-1.124,-14.699,-37.121
2024-01-24 04:15:00,-1.166,-15.865,-38.287
2024-01-24 09:00:00,2.313,-13.552,-35.974
2024-01-24 12:55:00,-1.149,-14.701,-37.123
2024-01-24 21:50:00,0.443,-14.258,-36.68
2024-01-25 05:05:00,-1.114,-15.372,-37.794
2024-01-25 07:25:00,-1.135,-16.507,-38.929
2024-01-25 12:30:00,-1.102,-17.609,-40.031
2024-01-25 20:35:00,-0.539,-18.148,-40.57
2024-01-26 02:05:00,-1.143,-19.291,-41.713
2024-01-26 10:15:00,0.176,-19.115,-41.537
2024-01-26 16:00:00,2.341,-16.774,-39.196
2024-01-26 20:30:00,-1.205,-17.979,-40.401
2024-01-27 01:20:00,1.953,-16.026,-38.448
2024-01-27 05:50:00,-1.176,-17.202,-39.624
2024-01-27 18:10:00,0.766,-16.436,-38.858
2024-01-28 02:55:00,0.947,-15.489,-37.911
2024-01-28 06:35:00,-1.18,-16.669,-39.091
2024-01-28 23:00:00,0.816,-15.853,-38.275
2024-01-29 09:35:00,-1.247,-17.1,-39.522
2024-01-29 13:50:00,-1.115,-18.215,-40.637
2024-01-29 15:55:00,-1.08,-19.295,-41.717
2024-01-30 00:00:00,0.466,-18.829,-41.251
2024-01-30 02:35:00,2.36,-16.469,-38.891
2024-01-30 10:40:00,-0.86,-17.329,-39.751
2024-01-30 12:30:00,-1.15,-18.479,-40.901
2024-01-30 18:35:00,-1.134,-19.613,-42.035
2024-01-30 23:35:00,2.309,-17.304,-39.726
2024-01-31 07:40:00,-0.681,-17.985,-40.407
2024-01-31 10:40:00,2.275,-15.71,-38.132
2024-01-31 12:35:00,-1.118,-16.828,-39.25
2024-01-31 15:40:00,-1.057,-17.885,-40.307
2024-01-31 20:05:00,2.285,-15.6,-38.022
2024-02-01 04:10:00,0.55,-15.05,-37.472
2024-02-01 07:35:00,-1.17,-16.22,-38.642
2024-02-02 04:45:00,-1.198,-17.418,-39.84
2024-02-02 07:00:00,-1.435,-18.853,-41.275
2024-02-02 16:05:00,-1.134,-19.987,-42.409
2024-02-02 18:05:00,-1.098,-21.085,-43.507
2024-02-03 08:30:00,-0.577,-21.662,-44.084
2024-02-04 00:10:00,-0.512,-22.174,-44.596
2024-02-04 12:35:00,0.225,-21.949,-44.371
2024-02-04 15:55:00,-1.291,-23.24,-45.662
2024-02-05 01:05:00,2.362,-20.878,-43.3
2024-02-05 03:15:00,-1.104,-21.982,-44.404
2024-02-05 14:45:00,-1.353,-23.335,-45.757
2024-02-05 22:50:00,1.248,-22.087,-44.509
2024-02-06 07:00:00,-1.753,-23.84,-46.262
2024-02-06 18:45:00,-0.303,-24.143,-46.565
2024-02-07 05:05:00,2.175,-21.968,-44.39
2024-02-07 05:45:00,-1.259,-23.227,-45.649
2024-02-07 12:45:00,-1.27,-24.497,-46.919
2024-02-07 16:55:00,2.299,-22.198,-44.62
2024-02-08 01:00:00,0.547,-21.651,-44.073
2024-02-08 03:55:00,-1.242,-22.893,-45.315
2024-02-08 13:30:00,-0.59,-23.483,-45.905
2024-02-08 16:50:00,-1.078,-24.561,-46.983
2024-02-08 22:05:00,-1.197,-25.758,-48.18
2024-02-09 03:15:00,2.328,-23.43,-45.852
2024-02-09 11:20:00,-0.598,-24.028,-46.45
2024-02-09 14:20:00,-1.169,-25.197,-47.619
2024-02-09 19:10:00,-1.28,-26.477,-48.899
2024-02-10 08:20:00,-0.625,-27.102,-49.524
2024-02-10 16:40:00,-1.203,-28.305,-50.727
2024-02-11 00:45:00,0.03,-28.275,-50.697
2024-02-11 11:40:00,0.336,-27.939,-50.361
2024-02-11 18:30:00,-1.091,-29.03,-51.452
2024-02-12 01:20:00,-1.091,-30.121,-52.543
2024-02-12 02:15:00,-1.165,-31.286,-53.708
2024-02-12 10:40:00,0.565,-30.721,-53.143
2024-02-12 14:10:00,-1.223,-31.944,-54.366
2024-02-12 17:10:00,2.354,-29.59,-52.012
2024-02-13 01:15:00,1.839,-27.751,-50.173
2024-02-13 10:40:00,-1.245,-28.996,-51.418
2024-02-13 21:35:00,0.334,-28.662,-51.084
2024-02-14 03:10:00,-1.156,-29.818,-52.24
2024-02-14 09:05:00,2.311,-27.507,-49.929
2024-02-14 17:10:00,1.243,-26.264,-48.686
2024-02-15 01:15:00,0.153,-26.111,-48.533
2024-02-15 05:50:00,-1.091,-27.202,-49.624
2024-02-15 11:50:00,-1.125,-28.327,-50.749
2024-02-15 15:30:00,-1.084,-29.411,-51.833
2024-02-16 07:05:00,-1.191,-30.602,-53.024
2024-02-16 14:50:00,-1.113,-31.715,-54.137
2024-02-16 22:55:00,-0.295,-32.01,-54.432
2024-02-17 01:15:00,-1.219,-33.229,-55.651
2024-02-17 09:20:00,0.804,-32.425,-54.847
2024-02-17 14:30:00,2.366,-30.059,-52.481
2024-02-17 17:10:00,-1.074,-31.133,-53.555
2024-02-18 06:45:00,-1.252,-32.385,-54.807
2024-02-18 15:15:00,0.089,-32.296,-54.718
2024-02-18 22:00:00,-1.117,-33.413,-55.835
2024-02-19 06:05:00,1.2,-32.213,-54.635
2024-02-19 08:45:00,-1.128,-33.341,-55.763
2024-02-19 15:50:00,-1.106,-34.447,-56.869
2024-02-20 01:20:00,-1.133,-35.58,-58.002
2024-02-20 11:05:00,-1.118,-36.698,-59.12
2024-02-20 14:40:00,-1.084,-37.782,-60.204
2024-02-20 22:45:00,-0.207,-37.989,-60.411
2024-02-21 07:00:00,2.351,-35.638,-58.06
2024-02-21 15:05:00,0.788,-34.85,-57.272
2024-02-21 21:25:00,-1.13,-35.98,-58.402
2024-02-22 06:20:00,-1.112,-37.092,-59.514
2024-02-22 08:45:00,2.289,-34.803,-57.225
2024-02-22 10:35:00,-1.2,-36.003,-58.425
2024-02-22 15:55:00,-1.106,-37.109,-59.531
2024-02-22 21:35:00,-1.148,-38.257,-60.679
2024-02-23 06:30:00,-0.053,-38.31,-60.732
2024-02-23 11:00:00,-1.119,-39.429,-61.851
2024-02-23 23:35:00,-0.118,-39.547,-61.969
2024-02-24 07:20:00,-1.078,-40.625,-63.047
2024-02-24 17:50:00,1.689,-38.936,-61.358
2024-02-25 02:05:00,-0.053,-38.989,-61.411
2024-02-25 03:05:00,-1.178,-40.167,-62.589
2024-02-25 16:05:00,-1.268,-41.435,-63.857
2024-02-25 21:30:00,-1.285,-42.72,-65.142
2024-02-26 01:55:00,-1.158,-43.878,-66.3
2024-02-26 09:35:00,2.356,-41.522,-63.944
2024-02-26 15:05:00,-1.051,-42.573,-64.995
2024-02-26 19:55:00,2.423,-40.15,-62.572
2024-02-27 04:00:00,0.594,-39.556,-61.978
2024-02-27 13:10:00,2.422,-37.134,-59.556
2024-02-27 16:10:00,-1.028,-38.162,-60.584
2024-02-28 03:10:00,-0.034,-38.196,-60.618
2024-02-28 16:20:00,2.226,-35.97,-58.392
2024-02-28 16:55:00,2.466,-33.504,-55.926
2024-02-28 17:30:00,-1.012,-34.516,-56.938
2024-02-29 04:25:00,2.477,-32.039,-54.461
2024-02-29 12:30:00,0.322,-31.717,-54.139
2024-02-29 17:40:00,-1.024,-32.741,-55.163
2024-03-01 06:30:00,-0.597,-33.338,-55.76
2024-03-01 16:50:00,1.621,-31.717,-54.139
2024-03-02 00:05:00,2.482,-29.235,-51.657
2024-03-02 07:50:00,2.489,-26.746,-49.168
2024-03-02 14:00:00,-1.013,-27.759,-50.181
2024-03-03 02:30:00,0.085,-27.674,-50.096
2024-03-03 18:15:00,0.443,-27.231,-49.653
2024-03-04 00:45:00,-1.022,-28.253,-50.675
2024-03-04 06:30:00,2.481,-25.772,-48.194
2024-03-04 14:35:00,0.126,-25.646,-48.068
2024-03-04 16:35:00,2.482,-23.164,-45.586
2024-03-05 00:40:00,2.49,-20.674,-43.096
2024-03-05 05:00:00,-1.007,-21.681,-44.103
2024-03-05 14:20:00,-1.016,-22.697,-45.119
2024-03-05 21:20:00,-1.007,-23.704,-46.126
2024-03-06 05:25:00,0.239,-23.465,-45.887
2024-03-06 13:30:00,-0.499,-23.964,-46.386
2024-03-06 18:25:00,-1.021,-24.985,-47.407
2024-03-07 00:00:00,-1.026,-26.011,-48.433
2024-03-07 08:25:00,0.241,-25.77,-48.192
2024-03-07 14:35:00,-1.022,-26.792,-49.214
2024-03-07 16:45:00,-1.026,-27.818,-50.24
2024-03-08 00:30:00,-1.045,-28.863,-51.285
2024-03-08 09:20:00,0.416,-28.447,-50.869
2024-03-08 13:55:00,2.462,-25.985,-48.407
2024-03-08 15:25:00,-1.021,-27.006,-49.428
2024-03-09 16:05:00,-1.056,-28.062,-50.484
2024-03-10 00:25:00,-0.711,-28.773,-51.195
2024-03-10 01:20:00,-1.075,-29.848,-52.27
2024-03-10 04:40:00,-1.048,-30.896,-53.318
2024-03-10 09:15:00,-1.097,-31.993,-54.415
2024-03-10 14:40:00,2.454,-29.539,-51.961
2024-03-10 16:15:00,-1.038,-30.577,-52.999
2024-03-11 00:50:00,2.442,-28.135,-50.557
2024-03-11 07:00:00,-1.019,-29.154,-51.576
2024-03-11 15:05:00,-0.239,-29.393,-51.815
2024-03-11 21:25:00,-1.072,-30.465,-52.887
2024-03-12 03:20:00,-1.046,-31.511,-53.933
2024-03-12 08:05:00,2.411,-29.1,-51.522
2024-03-12 10:05:00,-1.053,-30.153,-52.575
2024-03-12 20:25:00,0.484,-29.669,-52.091
2024-03-13 10:20:00,-1.082,-30.751,-53.173
2024-03-13 18:25:00,0.671,-30.08,-52.502
2024-03-14 03:00:00,-1.05,-31.13,-53.552
2024-03-14 03:20:00,2.441,-28.689,-51.111
2024-03-14 11:25:00,-0.465,-29.154,-51.576
2024-03-14 19:40:00,2.457,-26.697,-49.119
2024-03-14 20:30:00,-1.027,-27.724,-50.146
2024-03-15 03:25:00,2.45,-25.274,-47.696
2024-03-15 11:30:00,0.465,-24.809,-47.231
2024-03-15 22:55:00,-1.03,-25.839,-48.261
2024-03-16 10:55:00,2.2,-23.639,-46.061
2024-03-16 13:40:00,2.433,-21.206,-43.628
2024-03-16 18:10:00,2.457,-18.749,-41.171
2024-03-17 02:15:00,0.016,-18.733,-41.155
2024-03-17 09:15:00,-1.049,-19.782,-42.204
2024-03-17 15:45:00,2.448,-17.334,-39.756
2024-03-17 23:50:00,0.25,-17.084,-39.506
2024-03-18 16:25:00,0.79,-16.294,-38.716
2024-03-19 00:50:00,0.793,-15.501,-37.923
2024-03-19 08:55:00,1.134,-14.367,-36.789
2024-03-20 04:35:00,2.439,-11.928,-34.35
2024-03-20 07:40:00,-1.03,-12.958,-35.38
2024-03-20 18:05:00,-1.039,-13.997,-36.419
2024-03-21 02:10:00,1.398,-12.599,-35.021
2024-03-21 16:10:00,2.435,-10.164,-32.586
2024-03-21 18:35:00,-1.021,-11.185,-33.607
2024-03-22 03:30:00,-1.06,-12.245,-34.667
2024-03-22 06:25:00,2.407,-9.838,-32.26
2024-03-22 10:25:00,-1.038,-10.876,-33.298
2024-03-22 19:05:00,0.833,-10.043,-32.465
2024-03-22 23:55:00,-1.068,-11.111,-33.533
2024-03-23 01:45:00,2.389,-8.722,-31.144
2024-03-23 09:50:00,-0.249,-8.971,-31.393
2024-03-23 16:55:00,2.396,-6.575,-28.997
2024-03-23 22:45:00,-1.036,-7.611,-30.033
2024-03-24 02:55:00,-1.096,-8.707,-31.129
2024-03-24 11:00:00,-0.304,-9.011,-31.433
2024-03-24 13:25:00,-1.168,-10.179,-32.601
2024-03-24 20:20:00,-1.045,-11.224,-33.646
2024-03-25 00:35:00,-1.085,-12.309,-34.731
2024-03-25 07:45:00,-1.066,-13.375,-35.797
2024-03-25 14:00:00,-1.097,-14.472,-36.894
2024-03-25 14:20:00,2.448,-12.024,-34.446
2024-03-25 22:25:00,-0.221,-12.245,-34.667
2024-03-26 10:15:00,2.386,-9.859,-32.281
2024-03-26 11:20:00,2.427,-7.432,-29.854
2024-03-26 14:30:00,-1.025,-8.457,-30.879
2024-03-26 19:05:00,-1.127,-9.584,-32.006
2024-03-27 00:20:00,2.429,-7.155,-29.577
2024-03-27 07:45:00,-1.032,-8.187,-30.609
2024-03-27 10:20:00,-1.047,-9.234,-31.656
2024-03-27 13:45:00,-1.046,-10.28,-32.702
2024-03-27 20:05:00,-1.056,-11.336,-33.758
2024-03-28 03:40:00,-1.048,-12.384,-34.806
2024-03-28 10:40:00,2.426,-9.958,-32.38
2024-03-28 18:45:00,-0.509,-10.467,-32.889
2024-03-29 01:45:00,-1.066,-11.533,-33.955
2024-03-29 10:05:00,0.207,-11.326,-33.748
2024-03-29 13:35:00,-1.108,-12.434,-34.856
2024-03-29 17:10:00,-1.066,-13.5,-35.922
2024-03-29 21:30:00,-1.068,-14.568,-36.99
2024-03-29 22:45:00,-1.096,-15.664,-38.086
2024-03-30 06:05:00,-1.07,-16.734,-39.156
2024-03-30 14:35:00,-0.33,-17.064,-39.486
2024-03-30 16:00:00,-1.096,-18.16,-40.582
2024-03-31 01:45:00,-1.116,-19.276,-41.698
2024-03-31 10:35:00,-1.131,-20.407,-42.829
2024-03-31 15:00:00,-1.11,-21.517,-43.939
2024-03-31 23:05:00,-0.054,-21.571,-43.993
2024-04-01 00:40:00,-1.134,-22.705,-45.127
2024-04-01 05:45:00,2.373,-20.332,-42.754
2024-04-01 13:50:00,-0.15,-20.482,-42.904
2024-04-01 22:40:00,-0.172,-20.654,-43.076
2024-04-02 00:40:00,2.347,-18.307,-40.729
2024-04-02 02:35:00,2.453,-15.854,-38.276
2024-04-02 10:40:00,0.078,-15.776,-38.198
2024-04-02 14:30:00,-1.066,-16.842,-39.264
2024-04-02 22:45:00,-1.073,-17.915,-40.337
2024-04-03 01:45:00,-1.032,-18.947,-41.369
2024-04-03 19:10:00,0.937,-18.01,-40.432
2024-04-03 21:55:00,-1.081,-19.091,-41.513
2024-04-04 07:15:00,-1.056,-20.147,-42.569
2024-04-04 13:20:00,2.384,-17.763,-40.185
2024-04-04 21:25:00,-0.09,-17.853,-40.275
2024-04-05 01:35:00,-1.058,-18.911,-41.333
2024-04-05 10:10:00,0.176,-18.735,-41.157
2024-04-06 00:25:00,-1.178,-19.913,-42.335
2024-04-06 11:15:00,0.182,-19.731,-42.153
2024-04-06 14:40:00,-1.146,-20.877,-43.299
2024-04-06 22:45:00,0.36,-20.517,-42.939
2024-04-07 02:10:00,2.386,-18.131,-40.553
2024-04-07 10:15:00,-0.035,-18.166,-40.588
2024-04-07 19:40:00,-0.61,-18.776,-41.198
2024-04-08 09:15:00,2.42,-16.356,-38.778
2024-04-08 12:55:00,-1.045,-17.401,-39.823
2024-04-09 00:50:00,-1.101,-18.502,-40.924
2024-04-09 07:45:00,-1.079,-19.581,-42.003
2024-04-09 16:05:00,0.874,-18.707,-41.129
2024-04-10 02:45:00,2.364,-16.343,-38.765
2024-04-10 06:20:00,-1.06,-17.403,-39.825
2024-04-10 14:40:00,-1.038,-18.441,-40.863
2024-04-11 00:05:00,-0.061,-18.502,-40.924
2024-04-11 10:35:00,-1.148,-19.65,-42.072
2024-04-11 18:40:00,0.781,-18.869,-41.291
2024-04-11 23:25:00,-1.111,-19.98,-42.402
2024-04-12 06:25:00,-1.147,-21.127,-43.549
2024-04-12 15:55:00,1.387,-19.74,-42.162
2024-04-12 17:25:00,2.427,-17.313,-39.735
2024-04-13 01:30:00,0.365,-16.948,-39.37
2024-04-13 04:45:00,-1.037,-17.985,-40.407
2024-04-13 10:45:00,-1.072,-19.057,-41.479
2024-04-13 19:50:00,2.466,-16.591,-39.013
2024-04-14 03:55:00,0.076,-16.515,-38.937
2024-04-14 17:40:00,0.941,-15.574,-37.996
2024-04-14 22:00:00,-1.059,-16.633,-39.055
2024-04-15 06:35:00,2.446,-14.187,-36.609
2024-04-15 14:40:00,-0.96,-15.147,-37.569
2024-04-15 22:45:00,0.674,-14.473,-36.895
2024-04-16 07:30:00,-1.035,-15.508,-37.93
2024-04-16 10:50:00,-1.038,-16.546,-38.968
2024-04-16 19:55:00,-0.171,-16.717,-39.139
2024-04-17 05:10:00,0.696,-16.021,-38.443
2024-04-17 12:35:00,2.403,-13.618,-36.04
2024-04-17 13:35:00,-1.065,-14.683,-37.105
2024-04-17 18:05:00,-1.035,-15.718,-38.14
2024-04-18 05:35:00,-1.093,-16.811,-39.233
2024-04-18 06:40:00,2.388,-14.423,-36.845
2024-04-18 11:05:00,-1.047,-15.47,-37.892
2024-04-18 19:10:00,0.724,-14.746,-37.168
2024-04-19 00:10:00,-1.149,-15.895,-38.317
2024-04-19 06:50:00,-1.042,-16.937,-39.359
2024-04-19 14:55:00,0.117,-16.82,-39.242
2024-04-20 16:50:00,2.443,-14.377,-36.799
2024-04-20 17:35:00,2.463,-11.914,-34.336
2024-04-21 01:40:00,0.191,-11.723,-34.145
2024-04-21 09:55:00,-1.053,-12.776,-35.198
2024-04-22 05:10:00,1.19,-11.586,-34.008
2024-04-22 05:35:00,-1.091,-12.677,-35.099
2024-04-23 02:55:00,-1.13,-13.807,-36.229
2024-04-23 05:30:00,-1.081,-14.888,-37.31
2024-04-23 07:35:00,-1.073,-15.961,-38.383
2024-04-23 13:40:00,-1.057,-17.018,-39.44
2024-04-23 15:10:00,2.44,-14.578,-37.0
2024-04-23 22:00:00,-1.035,-15.613,-38.035
2024-04-24 09:00:00,0.09,-15.523,-37.945
2024-04-24 13:05:00,-1.053,-16.576,-38.998
2024-04-24 14:30:00,2.434,-14.142,-36.564
2024-04-24 22:35:00,-0.036,-14.178,-36.6
2024-04-25 06:50:00,0.949,-13.229,-35.651
2024-04-25 09:05:00,-1.079,-14.308,-36.73
2024-04-25 11:45:00,-1.046,-15.354,-37.776
2024-04-26 00:05:00,-0.003,-15.357,-37.779
2024-04-26 03:20:00,-1.114,-16.471,-38.893
2024-04-26 12:00:00,-1.065,-17.536,-39.958
2024-04-26 12:30:00,-1.176,-18.712,-41.134
2024-04-26 14:15:00,-1.054,-19.766,-42.188
2024-04-27 01:15:00,2.427,-17.339,-39.761
2024-04-27 09:20:00,-0.142,-17.481,-39.903
2024-04-27 13:55:00,-1.08,-18.561,-40.983
2024-04-28 08:40:00,-1.126,-19.687,-42.109
2024-04-28 16:45:00,0.041,-19.646,-42.068
2024-04-28 20:20:00,-1.122,-20.768,-43.19
2024-04-29 02:40:00,2.402,-18.366,-40.788
2024-04-29 10:45:00,1.377,-16.989,-39.411
2024-04-29 12:35:00,-1.08,-18.069,-40.491
2024-04-29 22:15:00,-1.076,-19.145,-41.567
2024-04-30 02:00:00,-1.04,-20.185,-42.607
2024-04-30 06:50:00,-1.1,-21.285,-43.707
2024-04-30 16:45:00,1.611,-19.674,-42.096
2024-04-30 20:05:00,-1.055,-20.729,-43.151
2024-05-01 07:05:00,2.448,-18.281,-40.703
2024-05-01 15:10:00,0.444,-17.837,-40.259
2024-05-01 17:25:00,-1.05,-18.887,-41.309
2024-05-02 02:05:00,-0.1,-18.987,-41.409
2024-05-02 10:45:00,-1.053,-20.04,-42.462
2024-05-02 19:15:00,1.071,-18.969,-41.391
2024-05-03 00:25:00,-1.054,-20.023,-42.445
2024-05-03 09:40:00,-0.58,-20.603,-43.025
2024-05-03 10:35:00,-1.111,-21.714,-44.136
2024-05-03 20:35:00,2.1,-19.614,-42.036
2024-05-04 04:40:00,0.682,-18.932,-41.354
2024-05-04 11:20:00,2.408,-16.524,-38.946
2024-05-04 19:25:00,-0.454,-16.978,-39.4
2024-05-04 21:35:00,-1.091,-18.069,-40.491
2024-05-05 15:40:00,0.189,-17.88,-40.302
2024-05-05 18:00:00,-1.12,-19.0,-41.422
2024-05-06 07:10:00,0.169,-18.831,-41.253
2024-05-06 10:40:00,-1.063,-19.894,-42.316
2024-05-06 20:25:00,0.962,-18.932,-41.354
2024-05-07 01:40:00,-1.125,-20.057,-42.479
2024-05-07 11:30:00,-0.651,-20.708,-43.13
2024-05-07 14:55:00,-1.094,-21.802,-44.224
2024-05-07 21:45:00,2.329,-19.473,-41.895
2024-05-08 05:50:00,0.384,-19.089,-41.511
2024-05-08 14:20:00,-1.087,-20.176,-42.598
2024-05-09 04:05:00,-1.044,-21.22,-43.642
2024-05-09 15:10:00,-1.107,-22.327,-44.749
2024-05-09 22:50:00,2.341,-19.986,-42.408
2024-05-10 00:25:00,-1.064,-21.05,-43.472
2024-05-10 14:35:00,2.39,-18.66,-41.082
2024-05-10 22:40:00,0.631,-18.029,-40.451
2024-05-11 12:30:00,-0.53,-18.559,-40.981
2024-05-12 00:45:00,-1.16,-19.719,-42.141
2024-05-12 07:20:00,2.122,-17.597,-40.019
2024-05-12 10:30:00,-1.14,-18.737,-41.159
2024-05-13 01:05:00,0.212,-18.525,-40.947
2024-05-13 07:55:00,-1.084,-19.609,-42.031
2024-05-13 13:20:00,2.458,-17.151,-39.573
2024-05-13 21:25:00,-0.877,-18.028,-40.45
2024-05-14 00:45:00,-1.095,-19.123,-41.545
2024-05-14 06:10:00,-1.096,-20.219,-42.641
2024-05-14 10:10:00,-1.053,-21.272,-43.694
2024-05-14 13:45:00,-1.041,-22.313,-44.735
2024-05-15 05:00:00,0.133,-22.18,-44.602
2024-05-15 07:05:00,2.293,-19.887,-42.309
2024-05-15 08:00:00,2.426,-17.461,-39.883
2024-05-15 16:05:00,-0.233,-17.694,-40.116
2024-05-15 20:35:00,2.352,-15.342,-37.764
2024-05-16 04:40:00,0.147,-15.195,-37.617
2024-05-16 12:35:00,-1.052,-16.247,-38.669
2024-05-16 22:25:00,0.063,-16.184,-38.606
2024-05-17 15:05:00,0.544,-15.64,-38.062
2024-05-17 18:00:00,-1.072,-16.712,-39.134
2024-05-18 00:10:00,-1.179,-17.891,-40.313
2024-05-18 12:15:00,-1.172,-19.063,-41.485
2024-05-18 20:55:00,0.3,-18.763,-41.185
2024-05-19 05:10:00,0.246,-18.517,-40.939
2024-05-19 12:20:00,2.367,-16.15,-38.572
2024-05-19 20:25:00,1.127,-15.023,-37.445
2024-05-20 03:35:00,-1.122,-16.145,-38.567
2024-05-20 14:55:00,-0.487,-16.632,-39.054
2024-05-20 20:00:00,2.427,-14.205,-36.627
2024-05-21 04:05:00,0.451,-13.754,-36.176
2024-05-21 12:55:00,2.37,-11.384,-33.806
2024-05-21 15:55:00,-1.036,-12.42,-34.842
2024-05-22 06:50:00,0.499,-11.921,-34.343
2024-05-22 20:05:00,0.286,-11.635,-34.057
2024-05-23 01:10:00,-1.075,-12.71,-35.132
2024-05-23 11:50:00,-1.102,-13.812,-36.234
2024-05-23 12:55:00,-1.076,-14.888,-37.31
2024-05-23 20:00:00,2.462,-12.426,-34.848
2024-05-24 05:45:00,-1.135,-13.561,-35.983
2024-05-24 14:35:00,-0.386,-13.947,-36.369
2024-05-25 12:45:00,-1.076,-15.023,-37.445
2024-05-25 15:05:00,-1.094,-16.117,-38.539
2024-05-26 02:20:00,-1.121,-17.238,-39.66
2024-05-26 17:50:00,0.53,-16.708,-39.13
2024-05-26 22:00:00,-1.187,-17.895,-40.317
2024-05-27 08:00:00,-1.182,-19.077,-41.499
2024-05-27 09:45:00,2.413,-16.664,-39.086
2024-05-27 17:50:00,0.117,-16.547,-38.969
2024-05-28 01:50:00,-1.057,-17.604,-40.026
2024-05-28 10:00:00,-1.062,-18.666,-41.088
2024-05-28 18:05:00,0.853,-17.813,-40.235
2024-05-29 01:05:00,2.446,-15.367,-37.789
2024-05-29 09:10:00,-0.143,-15.51,-37.932
2024-05-29 21:05:00,-1.044,-16.554,-38.976
2024-05-30 01:05:00,-1.042,-17.596,-40.018
2024-05-30 14:15:00,0.502,-17.094,-39.516
2024-05-31 03:50:00,0.087,-17.007,-39.429
2024-05-31 11:40:00,-1.068,-18.075,-40.497
2024-05-31 22:05:00,0.1,-17.975,-40.397
2024-06-01 07:05:00,1.413,-16.562,-38.984
2024-06-01 17:55:00,-1.235,-17.797,-40.219
2024-06-02 01:30:00,-1.143,-18.94,-41.362
2024-06-02 10:30:00,1.572,-17.368,-39.79
2024-06-02 18:00:00,2.378,-14.99,-37.412
2024-06-02 22:25:00,-1.034,-16.024,-38.446
2024-06-03 01:20:00,-1.081,-17.105,-39.527
2024-06-03 05:45:00,-1.08,-18.185,-40.607
2024-06-03 14:35:00,-1.085,-19.27,-41.692
2024-06-03 22:40:00,0.145,-19.125,-41.547
2024-06-04 04:25:00,2.374,-16.751,-39.173
2024-06-04 12:30:00,-0.454,-17.205,-39.627
2024-06-05 00:05:00,0.556,-16.649,-39.071
2024-06-05 03:45:00,2.412,-14.237,-36.659
2024-06-05 11:50:00,0.666,-13.571,-35.993
2024-06-05 14:05:00,-1.081,-14.652,-37.074
2024-06-05 23:45:00,-0.459,-15.111,-37.533
2024-06-06 04:05:00,-1.07,-16.181,-38.603
2024-06-06 13:15:00,-1.201,-17.382,-39.804
2024-06-07 00:40:00,0.482,-16.9,-39.322
2024-06-07 05:00:00,-1.152,-18.052,-40.474
2024-06-07 10:30:00,2.109,-15.943,-38.365
2024-06-07 18:00:00,2.45,-13.493,-35.915
2024-06-08 02:05:00,-0.715,-14.208,-36.63
2024-06-08 11:40:00,2.33,-11.878,-34.3
2024-06-08 19:45:00,0.199,-11.679,-34.101
2024-06-08 21:45:00,-1.206,-12.885,-35.307
2024-06-09 01:10:00,-1.096,-13.981,-36.403
2024-06-09 10:25:00,-0.267,-14.248,-36.67
2024-06-10 07:05:00,2.347,-11.901,-34.323
2024-06-10 09:45:00,-1.078,-12.979,-35.401
2024-06-10 14:45:00,-1.138,-14.117,-36.539
2024-06-10 20:00:00,-1.083,-15.2,-37.622
2024-06-11 04:05:00,0.658,-14.542,-36.964
2024-06-11 12:35:00,2.342,-12.2,-34.622
2024-06-11 13:00:00,-1.092,-13.292,-35.714
2024-06-11 15:35:00,2.38,-10.912,-33.334
2024-06-11 23:40:00,0.292,-10.62,-33.042
2024-06-12 04:10:00,-1.064,-11.684,-34.106
2024-06-12 12:30:00,-1.091,-12.775,-35.197
2024-06-12 20:35:00,-0.571,-13.346,-35.768
2024-06-13 10:05:00,0.515,-12.831,-35.253
2024-06-13 12:30:00,-1.11,-13.941,-36.363
2024-06-13 20:55:00,0.283,-13.658,-36.08
2024-06-14 03:00:00,-1.102,-14.76,-37.182
2024-06-14 13:10:00,-1.139,-15.899,-38.321
2024-06-14 14:30:00,2.404,-13.495,-35.917
2024-06-14 22:35:00,1.065,-12.43,-34.852
2024-06-15 03:20:00,-1.087,-13.517,-35.939
2024-06-16 02:45:00,0.478,-13.039,-35.461
2024-06-16 05:30:00,-1.115,-14.154,-36.576
2024-06-16 18:45:00,0.635,-13.519,-35.941
2024-06-16 22:05:00,-1.191,-14.71,-37.132
2024-06-17 01:15:00,-1.073,-15.783,-38.205
2024-06-17 08:35:00,2.429,-13.354,-35.776
2024-06-17 15:50:00,2.425,-10.929,-33.351
2024-06-17 18:10:00,-1.033,-11.962,-34.384
2024-06-18 01:20:00,2.443,-9.519,-31.941
2024-06-18 09:25:00,0.539,-8.98,-31.402
2024-06-18 14:05:00,2.424,-6.556,-28.978
2024-06-18 14:30:00,-1.046,-7.602,-30.024
2024-06-18 19:55:00,-1.056,-8.658,-31.08
2024-06-19 08:05:00,-1.103,-9.761,-32.183
2024-06-19 14:20:00,2.418,-7.343,-29.765
2024-06-19 17:20:00,-1.054,-8.397,-30.819
2024-06-19 21:10:00,-1.128,-9.525,-31.947
2024-06-20 01:15:00,-1.079,-10.604,-33.026
2024-06-20 13:05:00,-0.031,-10.635,-33.057
2024-06-20 21:20:00,0.303,-10.332,-32.754
2024-06-21 01:45:00,-1.082,-11.414,-33.836
2024-06-21 10:00:00,-1.062,-12.476,-34.898
2024-06-21 15:00:00,-1.074,-13.55,-35.972
2024-06-21 23:40:00,-0.665,-14.215,-36.637
2024-06-22 08:15:00,-1.164,-15.379,-37.801
2024-06-22 11:50:00,-1.124,-16.503,-38.925
2024-06-22 16:40:00,2.248,-14.255,-36.677
2024-06-22 18:05:00,-1.125,-15.38,-37.802
2024-06-23 01:00:00,-1.286,-16.666,-39.088
2024-06-23 09:05:00,-0.036,-16.702,-39.124
2024-06-23 09:30:00,-1.35,-18.052,-40.474
2024-06-23 15:45:00,2.364,-15.688,-38.11
2024-06-23 20:30:00,2.342,-13.346,-35.768
2024-06-23 21:10:00,-1.07,-14.416,-36.838
2024-06-24 09:25:00,1.641,-12.775,-35.197
2024-06-24 17:35:00,-0.117,-12.892,-35.314
2024-06-24 21:15:00,-1.095,-13.987,-36.409
2024-06-25 08:20:00,-1.092,-15.079,-37.501
2024-06-25 09:50:00,-1.141,-16.22,-38.642
2024-06-25 14:30:00,2.42,-13.8,-36.222
2024-06-25 22:35:00,-0.3,-14.1,-36.522
2024-06-26 05:25:00,-1.063,-15.163,-37.585
2024-06-26 17:05:00,2.392,-12.771,-35.193
2024-06-27 01:10:00,0.043,-12.728,-35.15
2024-06-27 10:00:00,-1.096,-13.824,-36.246
2024-06-27 21:05:00,-0.082,-13.906,-36.328
2024-06-28 00:25:00,-1.108,-15.014,-37.436
2024-06-28 01:25:00,-1.083,-16.097,-38.519
2024-06-28 05:20:00,-1.06,-17.157,-39.579
2024-06-28 12:15:00,-1.151,-18.308,-40.73
2024-06-28 16:05:00,-1.056,-19.364,-41.786
2024-06-29 00:50:00,-0.017,-19.381,-41.803
2024-06-29 07:20:00,-1.371,-20.752,-43.174
2024-06-29 17:30:00,-1.173,-21.925,-44.347
2024-06-29 18:50:00,-1.158,-23.083,-45.505
2024-06-30 02:20:00,2.363,-20.72,-43.142
2024-06-30 07:00:00,-1.094,-21.814,-44.236
2024-06-30 16:05:00,-0.317,-22.131,-44.553
2024-06-30 18:45:00,-1.122,-23.253,-45.675
2024-06-30 22:30:00,2.303,-20.95,-43.372
2024-07-01 06:35:00,0.003,-20.947,-43.369
2024-07-01 17:55:00,-1.153,-22.1,-44.522
2024-07-01 22:20:00,-1.092,-23.192,-45.614
2024-07-02 03:40:00,-1.105,-24.297,-46.719
2024-07-02 08:10:00,-1.141,-25.438,-47.86
2024-07-02 09:05:00,-1.254,-26.692,-49.114
2024-07-02 14:10:00,-1.204,-27.896,-50.318
2024-07-02 22:15:00,-0.652,-28.548,-50.97
2024-07-03 02:00:00,-1.131,-29.679,-52.101
2024-07-03 10:05:00,1.383,-28.296,-50.718
2024-07-03 18:10:00,0.93,-27.366,-49.788
2024-07-04 01:30:00,2.418,-24.948,-47.37
2024-07-04 09:35:00,0.438,-24.51,-46.932
2024-07-04 13:05:00,2.418,-22.092,-44.514
2024-07-04 15:50:00,-1.036,-23.128,-45.55
2024-07-05 00:35:00,2.453,-20.675,-43.097
2024-07-05 08:40:00,1.159,-19.516,-41.938
2024-07-05 10:10:00,-1.043,-20.559,-42.981
2024-07-06 07:15:00,1.26,-19.299,-41.721
2024-07-06 16:35:00,2.45,-16.849,-39.271
2024-07-07 00:40:00,1.209,-15.64,-38.062
2024-07-07 21:10:00,1.023,-14.617,-37.039
2024-07-08 05:20:00,-0.385,-15.002,-37.424
2024-07-08 08:35:00,2.45,-12.552,-34.974
2024-07-08 14:30:00,-1.017,-13.569,-35.991
2024-07-09 00:30:00,-1.07,-14.639,-37.061
2024-07-09 01:10:00,-1.061,-15.7,-38.122
2024-07-09 04:10:00,-1.035,-16.735,-39.157
2024-07-09 12:15:00,-0.675,-17.41,-39.832
2024-07-09 22:10:00,-1.119,-18.529,-40.951
2024-07-10 03:55:00,-1.064,-19.593,-42.015
2024-07-10 04:25:00,2.379,-17.214,-39.636
2024-07-10 12:30:00,-0.753,-17.967,-40.389
2024-07-10 22:30:00,-1.133,-19.1,-41.522
2024-07-11 00:35:00,-1.142,-20.242,-42.664
2024-07-11 03:15:00,-1.062,-21.304,-43.726
2024-07-11 06:45:00,-1.054,-22.358,-44.78
2024-07-11 12:25:00,2.337,-20.021,-42.443
2024-07-11 14:15:00,-1.111,-21.132,-43.554
2024-07-11 23:45:00,1.041,-20.091,-42.513
2024-07-12 09:20:00,-0.13,-20.221,-42.643
2024-07-12 13:15:00,-1.108,-21.329,-43.751
2024-07-12 18:45:00,2.367,-18.962,-41.384
2024-07-12 20:00:00,-1.079,-20.041,-42.463
2024-07-13 05:15:00,2.318,-17.723,-40.145
2024-07-13 13:20:00,1.712,-16.011,-38.433
2024-07-13 21:35:00,-1.063,-17.074,-39.496
2024-07-14 07:15:00,0.252,-16.822,-39.244
2024-07-14 09:10:00,-1.15,-17.972,-40.394
2024-07-14 17:15:00,-1.197,-19.169,-41.591
2024-07-14 23:15:00,2.366,-16.803,-39.225
2024-07-15 02:40:00,2.401,-14.402,-36.824
2024-07-15 10:45:00,-0.687,-15.089,-37.511
2024-07-15 20:35:00,2.423,-12.666,-35.088
2024-07-15 23:45:00,2.424,-10.242,-32.664
2024-07-16 06:50:00,-1.043,-11.285,-33.707
2024-07-16 18:10:00,0.528,-10.757,-33.179
2024-07-17 08:15:00,-1.075,-11.832,-34.254
2024-07-17 23:50:00,1.586,-10.246,-32.668
2024-07-18 06:40:00,-1.083,-11.329,-33.751
2024-07-18 07:50:00,2.44,-8.889,-31.311
2024-07-18 15:55:00,0.435,-8.454,-30.876
2024-07-18 20:30:00,-1.07,-9.524,-31.946
2024-07-19 03:35:00,-1.064,-10.588,-33.01
2024-07-19 14:05:00,-1.056,-11.644,-34.066
2024-07-20 00:25:00,-1.073,-12.717,-35.139
2024-07-20 06:45:00,-1.072,-13.789,-36.211
2024-07-20 14:40:00,-1.094,-14.883,-37.305
2024-07-20 23:05:00,0.594,-14.289,-36.711
2024-07-21 13:05:00,-0.166,-14.455,-36.877
2024-07-21 14:15:00,-1.139,-15.594,-38.016
2024-07-21 17:50:00,-1.084,-16.678,-39.1
2024-07-21 20:15:00,-1.024,-17.702,-40.124
2024-07-22 04:20:00,-0.001,-17.703,-40.125
2024-07-22 13:20:00,0.308,-17.395,-39.817
2024-07-22 22:35:00,-0.143,-17.538,-39.96
2024-07-23 00:45:00,-1.098,-18.636,-41.058
2024-07-23 05:10:00,2.341,-16.295,-38.717
2024-07-23 13:15:00,0.105,-16.19,-38.612
2024-07-23 14:30:00,-1.147,-17.337,-39.759
2024-07-23 21:15:00,-1.067,-18.404,-40.826
2024-07-24 06:20:00,-0.302,-18.706,-41.128
2024-07-24 15:20:00,-1.091,-19.797,-42.219
2024-07-24 23:25:00,1.609,-18.188,-40.61
2024-07-25 09:10:00,-0.293,-18.481,-40.903
2024-07-25 20:45:00,0.34,-18.141,-40.563
2024-07-26 10:10:00,0.616,-17.525,-39.947
2024-07-26 14:30:00,-1.087,-18.612,-41.034
2024-07-27 03:30:00,1.26,-17.352,-39.774
2024-07-27 13:05:00,0.675,-16.677,-39.099
2024-07-27 14:00:00,2.323,-14.354,-36.776
2024-07-27 14:50:00,-1.066,-15.42,-37.842
2024-07-28 05:05:00,-1.039,-16.459,-38.881
2024-07-28 10:15:00,-1.077,-17.536,-39.958
2024-07-28 18:40:00,-1.132,-18.668,-41.09
2024-07-29 00:10:00,-1.195,-19.863,-42.285
2024-07-29 03:00:00,2.383,-17.48,-39.902
2024-07-29 11:05:00,-0.435,-17.915,-40.337
2024-07-29 22:05:00,0.715,-17.2,-39.622
2024-07-30 07:15:00,-1.102,-18.302,-40.724
2024-07-30 12:35:00,-1.165,-19.467,-41.889
2024-07-30 20:05:00,2.418,-17.049,-39.471
2024-07-30 20:40:00,-1.068,-18.117,-40.539
2024-07-31 05:50:00,-1.082,-19.199,-41.621
2024-07-31 20:15:00,2.433,-16.766,-39.188
2024-08-01 04:20:00,-0.239,-17.005,-39.427
2024-08-01 12:40:00,-0.617,-17.622,-40.044
2024-08-01 15:00:00,2.399,-15.223,-37.645
2024-08-01 22:25:00,-1.035,-16.258,-38.68
2024-08-02 09:30:00,1.173,-15.085,-37.507
2024-08-02 13:30:00,-1.146,-16.231,-38.653
2024-08-02 22:50:00,1.103,-15.128,-37.55
2024-08-03 01:10:00,2.412,-12.716,-35.138
2024-08-03 06:15:00,-1.029,-13.745,-36.167
2024-08-03 12:30:00,-1.091,-14.836,-37.258
2024-08-03 16:15:00,2.42,-12.416,-34.838
2024-08-04 00:20:00,-0.057,-12.473,-34.895
2024-08-04 05:35:00,-1.159,-13.632,-36.054
2024-08-04 12:45:00,-1.116,-14.748,-37.17
2024-08-04 16:55:00,2.444,-12.304,-34.726
2024-08-04 19:15:00,-1.034,-13.338,-35.76
2024-08-05 01:05:00,2.456,-10.882,-33.304
2024-08-05 09:10:00,0.255,-10.627,-33.049
2024-08-05 13:45:00,-1.025,-11.652,-34.074
2024-08-05 23:10:00,1.123,-10.529,-32.951
2024-08-06 08:15:00,0.032,-10.497,-32.919
2024-08-06 14:05:00,-1.048,-11.545,-33.967
2024-08-06 22:15:00,0.372,-11.173,-33.595
2024-08-06 22:25:00,-1.063,-12.236,-34.658
2024-08-07 09:50:00,0.257,-11.979,-34.401
2024-08-07 11:00:00,-1.082,-13.061,-35.483
2024-08-07 18:45:00,2.445,-10.616,-33.038
2024-08-08 01:40:00,-1.045,-11.661,-34.083
2024-08-08 10:05:00,-0.233,-11.894,-34.316
2024-08-08 14:35:00,-1.043,-12.937,-35.359
2024-08-08 21:55:00,2.398,-10.539,-32.961
2024-08-09 06:00:00,-0.239,-10.778,-33.2
2024-08-09 10:20:00,-1.069,-11.847,-34.269
2024-08-09 14:35:00,-1.04,-12.887,-35.309
2024-08-10 04:45:00,-1.045,-13.932,-36.354
2024-08-10 13:55:00,-1.168,-15.1,-37.522
2024-08-11 02:55:00,2.358,-12.742,-35.164
2024-08-11 09:50:00,-1.089,-13.831,-36.253
2024-08-11 20:15:00,1.989,-11.842,-34.264
2024-08-12 04:35:00,-0.549,-12.391,-34.813
2024-08-12 07:30:00,-1.16,-13.551,-35.973
2024-08-12 13:45:00,-1.092,-14.643,-37.065
2024-08-12 14:40:00,-1.036,-15.679,-38.101
2024-08-12 22:45:00,-0.484,-16.163,-38.585
2024-08-13 03:45:00,-1.126,-17.289,-39.711
2024-08-13 11:50:00,0.175,-17.114,-39.536
2024-08-13 21:55:00,1.0,-16.114,-38.536
2024-08-14 09:25:00,0.063,-16.051,-38.473
2024-08-14 13:35:00,-1.149,-17.2,-39.622
2024-08-14 21:45:00,0.13,-17.07,-39.492
2024-08-15 12:30:00,-1.127,-18.197,-40.619
2024-08-15 17:10:00,-1.098,-19.295,-41.717
2024-08-15 18:00:00,2.405,-16.89,-39.312
2024-08-16 02:05:00,-0.079,-16.969,-39.391
2024-08-16 09:55:00,-1.252,-18.221,-40.643
2024-08-16 15:35:00,2.392,-15.829,-38.251
2024-08-16 16:30:00,-1.066,-16.895,-39.317
2024-08-17 01:05:00,-1.151,-18.046,-40.468
2024-08-17 21:05:00,-0.431,-18.477,-40.899
2024-08-18 04:30:00,-1.133,-19.61,-42.032
2024-08-18 05:15:00,-1.39,-21.0,-43.422
2024-08-18 12:45:00,2.297,-18.703,-41.125
2024-08-18 17:25:00,-1.156,-19.859,-42.281
2024-08-19 00:00:00,2.344,-17.515,-39.937
2024-08-19 08:05:00,0.149,-17.366,-39.788
2024-08-19 11:55:00,-1.079,-18.445,-40.867
2024-08-19 16:35:00,-1.03,-19.475,-41.897
2024-08-19 17:30:00,-1.081,-20.556,-42.978
2024-08-20 00:30:00,2.364,-18.192,-40.614
2024-08-20 08:35:00,0.499,-17.693,-40.115
2024-08-20 11:10:00,-1.115,-18.808,-41.23
2024-08-20 14:20:00,-1.083,-19.891,-42.313
2024-08-21 09:00:00,-1.14,-21.031,-43.453
2024-08-21 13:30:00,-1.116,-22.147,-44.569
2024-08-21 22:00:00,1.127,-21.02,-43.442
2024-08-22 08:50:00,2.265,-18.755,-41.177
2024-08-22 13:45:00,-1.12,-19.875,-42.297
2024-08-23 05:00:00,0.98,-18.895,-41.317
2024-08-23 13:05:00,1.644,-17.251,-39.673
2024-08-23 14:45:00,-1.07,-18.321,-40.743
2024-08-23 21:50:00,2.414,-15.907,-38.329
2024-08-24 05:55:00,-0.497,-16.404,-38.826
2024-08-24 10:50:00,2.314,-14.09,-36.512
2024-08-24 15:05:00,2.384,-11.706,-34.128
2024-08-24 21:55:00,-1.061,-12.767,-35.189
2024-08-25 14:35:00,-0.671,-13.438,-35.86
2024-08-25 16:35:00,-1.092,-14.53,-36.952
2024-08-26 00:50:00,-1.092,-15.622,-38.044
2024-08-26 09:10:00,0.638,-14.984,-37.406
2024-08-26 17:45:00,2.395,-12.589,-35.011
2024-08-26 22:05:00,-1.051,-13.64,-36.062
2024-08-27 15:50:00,1.652,-11.988,-34.41
2024-08-27 16:20:00,-1.125,-13.113,-35.535
2024-08-27 21:45:00,2.396,-10.717,-33.139
2024-08-28 05:50:00,0.042,-10.675,-33.097
2024-08-28 09:25:00,-1.089,-11.764,-34.186
2024-08-28 16:15:00,2.416,-9.348,-31.77
2024-08-28 16:55:00,-1.043,-10.391,-32.813
2024-08-29 02:45:00,-1.076,-11.467,-33.889
2024-08-29 15:30:00,2.376,-9.091,-31.513
2024-08-29 22:05:00,2.402,-6.689,-29.111
2024-08-30 06:10:00,-0.329,-7.018,-29.44
2024-08-30 11:45:00,-1.167,-8.185,-30.607
2024-08-30 12:30:00,-1.147,-9.332,-31.754
2024-08-30 13:45:00,-1.111,-10.443,-32.865
2024-08-30 21:50:00,0.309,-10.134,-32.556
2024-08-31 02:30:00,-1.214,-11.348,-33.77
2024-08-31 10:35:00,0.386,-10.962,-33.384
2024-08-31 22:05:00,0.287,-10.675,-33.097
2024-09-01 05:50:00,2.322,-8.353,-30.775
2024-09-01 13:55:00,-0.28,-8.633,-31.055
2024-09-01 22:10:00,0.591,-8.042,-30.464
2024-09-02 06:15:00,0.687,-7.355,-29.777
2024-09-02 18:05:00,-0.08,-7.435,-29.857
2024-09-03 04:55:00,0.021,-7.414,-29.836
2024-09-03 21:40:00,0.353,-7.061,-29.483
2024-09-04 01:00:00,2.376,-4.685,-27.107
2024-09-04 07:35:00,-1.019,-5.704,-28.126
2024-09-04 14:40:00,-1.102,-6.806,-29.228
2024-09-04 22:55:00,0.269,-6.537,-28.959
2024-09-05 02:15:00,-1.07,-7.607,-30.029
2024-09-05 08:30:00,-1.127,-8.734,-31.156
2024-09-05 08:45:00,-1.316,-10.05,-32.472
2024-09-05 17:05:00,0.419,-9.631,-32.053
2024-09-06 01:35:00,-1.072,-10.703,-33.125
2024-09-06 07:20:00,-1.062,-11.765,-34.187
2024-09-06 12:35:00,-1.05,-12.815,-35.237
2024-09-06 13:40:00,-1.072,-13.887,-36.309
2024-09-06 20:50:00,2.451,-11.436,-33.858
2024-09-06 22:15:00,-1.041,-12.477,-34.899
2024-09-07 05:05:00,-1.111,-13.588,-36.01
2024-09-08 01:15:00,0.106,-13.482,-35.904
2024-09-08 05:55:00,-1.281,-14.763,-37.185
2024-09-08 12:45:00,-1.17,-15.933,-38.355
2024-09-08 20:50:00,-0.277,-16.21,-38.632
2024-09-09 05:20:00,0.116,-16.094,-38.516
2024-09-09 14:15:00,-1.204,-17.298,-39.72
2024-09-09 16:10:00,-1.065,-18.363,-40.785
2024-09-10 00:15:00,0.602,-17.761,-40.183
2024-09-10 13:10:00,-0.446,-18.207,-40.629
2024-09-10 15:55:00,-1.111,-19.318,-41.74
2024-09-11 01:20:00,-1.13,-20.448,-42.87
2024-09-11 04:15:00,2.333,-18.115,-40.537
2024-09-11 12:20:00,-0.324,-18.439,-40.861
2024-09-11 21:35:00,-0.442,-18.881,-41.303
2024-09-12 00:05:00,-1.416,-20.297,-42.719
2024-09-12 08:40:00,0.377,-19.92,-42.342
2024-09-12 14:15:00,-1.296,-21.216,-43.638
2024-09-12 17:05:00,-1.102,-22.318,-44.74
2024-09-12 18:50:00,-1.293,-23.611,-46.033
2024-09-13 06:40:00,0.186,-23.425,-45.847
2024-09-13 15:10:00,2.329,-21.096,-43.518
2024-09-13 23:15:00,0.692,-20.404,-42.826
2024-09-14 19:05:00,-0.035,-20.439,-42.861
2024-09-15 06:50:00,0.48,-19.959,-42.381
2024-09-15 09:10:00,-1.302,-21.261,-43.683
2024-09-15 16:55:00,-1.125,-22.386,-44.808
2024-09-16 01:00:00,1.864,-20.522,-42.944
2024-09-16 06:10:00,-1.083,-21.605,-44.027
2024-09-16 17:45:00,1.29,-20.315,-42.737
2024-09-16 21:55:00,-1.13,-21.445,-43.867
2024-09-17 04:05:00,-1.1,-22.545,-44.967
2024-09-17 14:15:00,-1.187,-23.732,-46.154
2024-09-17 22:20:00,-0.427,-24.159,-46.581
2024-09-18 03:00:00,-1.194,-25.353,-47.775
2024-09-18 08:55:00,-1.122,-26.475,-48.897
2024-09-18 16:00:00,2.338,-24.137,-46.559
2024-09-18 16:50:00,-1.08,-25.217,-47.639
2024-09-19 02:05:00,1.912,-23.305,-45.727
2024-09-19 08:35:00,2.403,-20.902,-43.324
2024-09-19 16:40:00,0.759,-20.143,-42.565
2024-09-19 19:45:00,-1.054,-21.197,-43.619
2024-09-20 11:15:00,1.384,-19.813,-42.235
2024-09-21 04:30:00,-1.169,-20.982,-43.404
2024-09-21 11:30:00,2.29,-18.692,-41.114
2024-09-21 19:35:00,0.844,-17.848,-40.27
2024-09-22 02:45:00,-1.089,-18.937,-41.359
2024-09-22 17:25:00,0.299,-18.638,-41.06
2024-09-22 21:55:00,-1.082,-19.72,-42.142
2024-09-22 22:40:00,-1.056,-20.776,-43.198
2024-09-23 06:45:00,0.31,-20.466,-42.888
2024-09-23 16:05:00,0.016,-20.45,-42.872
2024-09-23 22:15:00,-1.224,-21.674,-44.096
2024-09-24 07:10:00,-1.078,-22.752,-45.174
2024-09-24 10:45:00,2.307,-20.445,-42.867
2024-09-24 14:20:00,-1.097,-21.542,-43.964
2024-09-25 01:45:00,0.93,-20.612,-43.034
2024-09-25 19:35:00,0.202,-20.41,-42.832
2024-09-26 06:35:00,2.457,-17.953,-40.375
2024-09-26 14:40:00,0.971,-16.982,-39.404
2024-09-26 16:50:00,2.455,-14.527,-36.949
2024-09-27 00:55:00,0.391,-14.136,-36.558
2024-09-27 09:05:00,0.118,-14.018,-36.44
2024-09-27 14:05:00,2.459,-11.559,-33.981
2024-09-27 17:30:00,-1.024,-12.583,-35.005
2024-09-28 06:35:00,-1.03,-13.613,-36.035
2024-09-28 21:15:00,-1.035,-14.648,-37.07
2024-09-29 06:15:00,-1.049,-15.697,-38.119
2024-09-29 10:45:00,-1.08,-16.777,-39.199
2024-09-29 13:00:00,-1.075,-17.852,-40.274
2024-09-29 19:45:00,-1.058,-18.91,-41.332
2024-09-29 23:05:00,-1.075,-19.985,-42.407
2024-09-30 07:10:00,1.129,-18.856,-41.278
2024-09-30 11:05:00,2.381,-16.475,-38.897
2024-09-30 11:25:00,-1.103,-17.578,-40.0
2024-09-30 23:35:00,2.419,-15.159,-37.581
2024-10-01 00:25:00,-1.045,-16.204,-38.626
2024-10-01 14:50:00,2.436,-13.768,-36.19
2024-10-01 22:55:00,1.242,-12.526,-34.948
2024-10-02 06:30:00,-1.115,-13.641,-36.063
2024-10-02 16:05:00,-1.055,-14.696,-37.118
2024-10-03 02:20:00,-0.342,-15.038,-37.46
2024-10-03 08:20:00,2.417,-12.621,-35.043
2024-10-03 16:25:00,0.742,-11.879,-34.301
2024-10-04 10:05:00,0.89,-10.989,-33.411
2024-10-04 12:00:00,2.407,-8.582,-31.004
2024-10-04 20:05:00,-0.097,-8.679,-31.101
2024-10-05 04:15:00,-1.048,-9.727,-32.149
2024-10-05 09:10:00,2.23,-7.497,-29.919
2024-10-05 11:00:00,-1.119,-8.616,-31.038
2024-10-05 23:45:00,-1.101,-9.717,-32.139
2024-10-06 00:00:00,-1.156,-10.873,-33.295
2024-10-06 03:50:00,-1.077,-11.95,-34.372
2024-10-06 08:30:00,-1.078,-13.028,-35.45
2024-10-06 14:40:00,2.418,-10.61,-33.032
2024-10-06 22:45:00,-0.364,-10.974,-33.396
2024-10-07 07:05:00,1.465,-9.509,-31.931
2024-10-07 18:50:00,-1.048,-10.557,-32.979
2024-10-08 02:55:00,0.079,-10.478,-32.9
2024-10-08 13:25:00,-0.181,-10.659,-33.081
2024-10-08 22:20:00,-0.122,-10.781,-33.203
2024-10-09 00:00:00,-1.076,-11.857,-34.279
2024-10-09 12:30:00,-1.055,-12.912,-35.334
2024-10-09 20:35:00,1.765,-11.147,-33.569
2024-10-10 01:25:00,-1.062,-12.209,-34.631
2024-10-10 05:45:00,-1.187,-13.396,-35.818
2024-10-10 11:20:00,-1.098,-14.494,-36.916
2024-10-10 17:55:00,2.433,-12.061,-34.483
2024-10-10 21:55:00,-1.054,-13.115,-35.537
2024-10-11 13:30:00,2.383,-10.732,-33.154
2024-10-11 16:00:00,2.418,-8.314,-30.736
2024-10-12 00:05:00,-0.433,-8.747,-31.169
2024-10-12 08:30:00,-0.074,-8.821,-31.243
2024-10-12 18:15:00,-0.472,-9.293,-31.715
2024-10-12 23:30:00,-1.143,-10.436,-32.858
2024-10-13 09:10:00,-0.515,-10.951,-33.373
2024-10-13 15:20:00,2.397,-8.554,-30.976
2024-10-13 22:00:00,-1.049,-9.603,-32.025
2024-10-14 03:20:00,-1.073,-10.676,-33.098
2024-10-14 11:30:00,0.766,-9.91,-32.332
2024-10-14 22:05:00,0.774,-9.136,-31.558
2024-10-15 04:05:00,-1.099,-10.235,-32.657
2024-10-15 13:45:00,-1.074,-11.309,-33.731
2024-10-15 14:35:00,-1.041,-12.35,-34.772
2024-10-15 22:50:00,0.041,-12.309,-34.731
2024-10-16 07:10:00,-1.136,-13.445,-35.867
2024-10-16 08:25:00,-1.05,-14.495,-36.917
2024-10-16 16:45:00,-0.174,-14.669,-37.091
2024-10-16 23:15:00,-1.083,-15.752,-38.174
2024-10-17 10:30:00,2.378,-13.374,-35.796
2024-10-17 18:35:00,0.395,-12.979,-35.401
2024-10-18 01:35:00,2.405,-10.574,-32.996
2024-10-18 09:40:00,-0.392,-10.966,-33.388
2024-10-18 20:35:00,-1.072,-12.038,-34.46
2024-10-19 00:20:00,-1.171,-13.209,-35.631
2024-10-19 09:30:00,1.394,-11.815,-34.237
2024-10-20 00:35:00,-1.123,-12.938,-35.36
2024-10-20 09:00:00,0.469,-12.469,-34.891
2024-10-20 16:50:00,-1.154,-13.623,-36.045
2024-10-20 22:45:00,2.342,-11.281,-33.703
2024-10-21 06:50:00,-0.024,-11.305,-33.727
2024-10-21 13:30:00,2.404,-8.901,-31.323
2024-10-21 21:35:00,-0.222,-9.123,-31.545
2024-10-22 02:05:00,-1.108,-10.231,-32.653
2024-10-22 15:55:00,0.638,-9.593,-32.015
2024-10-23 07:50:00,1.382,-8.211,-30.633
2024-10-23 15:55:00,0.948,-7.263,-29.685
2024-10-24 00:10:00,-0.645,-7.908,-30.33
2024-10-24 15:30:00,-0.412,-8.32,-30.742
2024-10-25 01:35:00,-1.107,-9.427,-31.849
2024-10-25 09:40:00,0.476,-8.951,-31.373
2024-10-25 18:05:00,2.421,-6.53,-28.952
2024-10-25 23:20:00,2.461,-4.069,-26.491
2024-10-26 07:25:00,-0.624,-4.693,-27.115
2024-10-26 13:50:00,2.198,-2.495,-24.917
2024-10-26 17:35:00,-1.099,-3.594,-26.016
2024-10-27 03:25:00,-1.16,-4.754,-27.176
2024-10-27 07:10:00,-1.291,-6.045,-28.467
2024-10-27 13:05:00,-1.25,-7.295,-29.717
2024-10-27 19:05:00,-1.114,-8.409,-30.831
2024-10-28 00:40:00,-1.132,-9.541,-31.963
2024-10-28 08:45:00,0.506,-9.035,-31.457
2024-10-29 00:15:00,2.443,-6.592,-29.014
2024-10-29 08:20:00,-0.579,-7.171,-29.593
2024-10-29 10:40:00,2.375,-4.796,-27.218
2024-10-29 18:45:00,0.922,-3.874,-26.296
2024-10-30 01:00:00,-1.071,-4.945,-27.367
2024-10-30 06:40:00,-1.208,-6.153,-28.575
2024-10-30 19:05:00,0.258,-5.895,-28.317
2024-10-31 06:40:00,-1.19,-7.085,-29.507
2024-10-31 10:45:00,-1.083,-8.168,-30.59
2024-10-31 14:00:00,-1.05,-9.218,-31.64
2024-10-31 22:05:00,0.368,-8.85,-31.272
2024-11-01 09:35:00,1.283,-7.567,-29.989
2024-11-01 15:45:00,-1.078,-8.645,-31.067
2024-11-01 23:50:00,-0.153,-8.798,-31.22
2024-11-02 05:35:00,-1.16,-9.958,-32.38
2024-11-02 15:00:00,2.379,-7.579,-30.001
2024-11-02 15:30:00,-1.099,-8.678,-31.1
2024-11-03 00:00:00,-1.188,-9.866,-32.288
2024-11-03 02:50:00,2.408,-7.458,-29.88
2024-11-03 10:55:00,-0.328,-7.786,-30.208
2024-11-03 14:40:00,2.403,-5.383,-27.805
2024-11-03 16:05:00,-1.073,-6.456,-28.878
2024-11-04 01:20:00,-1.084,-7.54,-29.962
2024-11-04 10:15:00,-1.084,-8.624,-31.046
2024-11-04 14:30:00,-1.081,-9.705,-32.127
2024-11-04 22:35:00,0.676,-9.029,-31.451
2024-11-05 08:10:00,1.573,-7.456,-29.878
2024-11-05 10:00:00,-1.131,-8.587,-31.009
2024-11-05 19:40:00,0.4,-8.187,-30.609
2024-11-06 02:30:00,2.449,-5.738,-28.16
2024-11-06 10:35:00,-0.011,-5.749,-28.171
2024-11-06 13:15:00,-1.056,-6.805,-29.227
2024-11-07 01:25:00,2.414,-4.391,-26.813
2024-11-07 04:40:00,-1.033,-5.424,-27.846
2024-11-07 13:30:00,-1.076,-6.5,-28.922
2024-11-07 15:40:00,-1.065,-7.565,-29.987
2024-11-08 00:05:00,1.196,-6.369,-28.791
2024-11-08 02:55:00,-1.034,-7.403,-29.825
2024-11-08 13:10:00,-0.327,-7.73,-30.152
2024-11-08 21:55:00,-1.048,-8.778,-31.2
2024-11-09 01:20:00,-1.077,-9.855,-32.277
2024-11-09 06:05:00,-1.08,-10.935,-33.357
2024-11-09 14:10:00,0.748,-10.187,-32.609
2024-11-09 22:05:00,2.407,-7.78,-30.202
2024-11-10 01:00:00,2.465,-5.315,-27.737
2024-11-10 09:05:00,1.099,-4.216,-26.638
2024-11-10 12:40:00,2.439,-1.777,-24.199
2024-11-10 14:10:00,2.474,0.697,-21.725
2024-11-10 21:00:00,-1.011,-0.314,-22.736
2024-11-11 15:20:00,2.46,2.146,-20.276
2024-11-11 23:25:00,0.254,2.4,-20.022
2024-11-12 10:05:00,-1.018,1.382,-21.04
2024-11-12 14:50:00,-1.02,0.362,-22.06
2024-11-13 02:15:00,-1.034,-0.672,-23.094
2024-11-13 10:20:00,0.965,0.293,-22.129
2024-11-13 14:20:00,2.472,2.765,-19.657
2024-11-13 22:25:00,-0.716,2.049,-20.373
2024-11-14 03:00:00,-1.053,0.996,-21.426
2024-11-14 05:50:00,-1.023,-0.027,-22.449
2024-11-14 07:00:00,-1.06,-1.087,-23.509
2024-11-14 15:35:00,0.64,-0.447,-22.869
2024-11-14 16:40:00,-1.042,-1.489,-23.911
2024-11-14 23:35:00,2.457,0.968,-21.454
2024-11-15 07:40:00,-0.5,0.468,-21.954
2024-11-15 20:10:00,-1.032,-0.564,-22.986
2024-11-16 04:15:00,1.262,0.698,-21.724
2024-11-16 12:10:00,-1.035,-0.337,-22.759
2024-11-16 22:20:00,-0.234,-0.571,-22.993
2024-11-17 00:20:00,-1.064,-1.635,-24.057
2024-11-17 08:30:00,-1.03,-2.665,-25.087
2024-11-17 11:05:00,-1.058,-3.723,-26.145
2024-11-17 15:15:00,-1.045,-4.768,-27.19
2024-11-17 19:00:00,-1.05,-5.818,-28.24
2024-11-17 23:10:00,-1.022,-6.84,-29.262
2024-11-18 09:45:00,0.14,-6.7,-29.122
2024-11-18 13:00:00,2.426,-4.274,-26.696
2024-11-18 14:15:00,-1.077,-5.351,-27.773
2024-11-18 19:10:00,-1.039,-6.39,-28.812
2024-11-19 03:15:00,-0.674,-7.064,-29.486
2024-11-19 09:45:00,-1.066,-8.13,-30.552
2024-11-19 13:50:00,-1.058,-9.188,-31.61
2024-11-19 21:55:00,0.126,-9.062,-31.484
2024-11-19 23:40:00,-1.077,-10.139,-32.561
2024-11-20 03:30:00,2.386,-7.753,-30.175
2024-11-20 05:25:00,-1.045,-8.798,-31.22
2024-11-20 14:00:00,-1.066,-9.864,-32.286
2024-11-21 00:25:00,-0.194,-10.058,-32.48
2024-11-21 04:40:00,-1.06,-11.118,-33.54
2024-11-21 12:10:00,-1.075,-12.193,-34.615
2024-11-21 20:20:00,0.576,-11.617,-34.039
2024-11-22 00:40:00,-1.086,-12.703,-35.125
2024-11-22 10:35:00,-0.33,-13.033,-35.455
2024-11-22 21:30:00,-0.443,-13.476,-35.898
2024-11-23 02:25:00,2.428,-11.048,-33.47
2024-11-23 10:30:00,0.502,-10.546,-32.968
2024-11-23 16:00:00,-1.058,-11.604,-34.026
2024-11-24 00:15:00,-1.028,-12.632,-35.054
2024-11-24 09:05:00,-0.087,-12.719,-35.141
2024-11-24 11:50:00,2.421,-10.298,-32.72
2024-11-24 19:55:00,0.361,-9.937,-32.359
2024-11-25 00:35:00,-1.061,-10.998,-33.42
2024-11-25 06:15:00,-1.062,-12.06,-34.482
2024-11-25 10:50:00,2.371,-9.689,-32.111
2024-11-25 11:45:00,-1.052,-10.741,-33.163
2024-11-25 15:10:00,2.436,-8.305,-30.727
2024-11-25 16:20:00,-1.03,-9.335,-31.757
2024-11-26 06:20:00,-0.473,-9.808,-32.23
2024-11-26 11:25:00,2.45,-7.358,-29.78
2024-11-26 14:45:00,-1.032,-8.39,-30.812
2024-11-26 23:55:00,-1.045,-9.435,-31.857
2024-11-27 02:45:00,-1.056,-10.491,-32.913
2024-11-27 12:25:00,-1.121,-11.612,-34.034
2024-11-27 14:05:00,-1.047,-12.659,-35.081
2024-11-27 15:35:00,2.36,-10.299,-32.721
2024-11-27 23:40:00,0.609,-9.69,-32.112
2024-11-28 03:30:00,-1.048,-10.738,-33.16
2024-11-28 13:55:00,-1.093,-11.831,-34.253
2024-11-28 15:15:00,-1.099,-12.93,-35.352
2024-11-28 21:45:00,-1.078,-14.008,-36.43
2024-11-29 02:55:00,2.384,-11.624,-34.046
2024-11-29 07:50:00,-1.074,-12.698,-35.12
2024-11-29 15:35:00,-1.068,-13.766,-36.188
2024-11-29 23:45:00,-1.095,-14.861,-37.283
2024-11-30 07:40:00,2.424,-12.437,-34.859
2024-11-30 15:45:00,-0.053,-12.49,-34.912
2024-11-30 20:15:00,-1.056,-13.546,-35.968
2024-11-30 22:50:00,-1.075,-14.621,-37.043
2024-12-01 01:00:00,2.453,-12.168,-34.59
2024-12-01 09:05:00,0.207,-11.961,-34.383
2024-12-01 13:45:00,2.451,-9.51,-31.932
2024-12-01 20:05:00,-1.019,-10.529,-32.951
2024-12-02 03:45:00,-1.035,-11.564,-33.986
2024-12-02 16:30:00,0.21,-11.354,-33.776
2024-12-03 00:00:00,-1.033,-12.387,-34.809
2024-12-03 00:30:00,-1.084,-13.471,-35.893
2024-12-03 04:55:00,-1.067,-14.538,-36.96
2024-12-03 06:40:00,2.424,-12.114,-34.536
2024-12-03 06:55:00,-1.03,-13.144,-35.566
2024-12-03 13:55:00,2.448,-10.696,-33.118
2024-12-03 22:00:00,-0.536,-11.232,-33.654
2024-12-04 08:20:00,0.033,-11.199,-33.621
2024-12-04 20:40:00,-1.021,-12.22,-34.642
2024-12-04 23:05:00,2.443,-9.777,-32.199
2024-12-05 01:20:00,-1.021,-10.798,-33.22
2024-12-05 12:55:00,-0.267,-11.065,-33.487
2024-12-05 22:25:00,2.431,-8.634,-31.056
2024-12-06 06:30:00,-0.81,-9.444,-31.866
2024-12-06 17:10:00,-0.604,-10.048,-32.47
2024-12-06 22:10:00,-1.146,-11.194,-33.616
2024-12-07 09:25:00,-1.059,-12.253,-34.675
2024-12-07 17:30:00,0.338,-11.915,-34.337
2024-12-08 02:25:00,0.104,-11.811,-34.233
2024-12-08 08:15:00,-1.073,-12.884,-35.306
2024-12-08 16:20:00,-0.372,-13.256,-35.678
2024-12-08 18:25:00,-1.056,-14.312,-36.734
2024-12-09 00:00:00,-1.146,-15.458,-37.88
2024-12-09 08:20:00,1.119,-14.339,-36.761
2024-12-09 16:35:00,0.055,-14.284,-36.706
2024-12-09 20:25:00,2.42,-11.864,-34.286
2024-12-09 21:00:00,2.472,-9.392,-31.814
2024-12-10 05:05:00,-0.435,-9.827,-32.249
2024-12-10 15:50:00,2.45,-7.377,-29.799
2024-12-10 22:25:00,-1.014,-8.391,-30.813
2024-12-11 08:50:00,-0.638,-9.029,-31.451
2024-12-11 13:30:00,2.42,-6.609,-29.031
2024-12-11 21:35:00,1.094,-5.515,-27.937
2024-12-12 11:00:00,-0.891,-6.406,-28.828
2024-12-12 13:35:00,-1.059,-7.465,-29.887
2024-12-13 03:40:00,-0.092,-7.557,-29.979
2024-12-13 11:25:00,-1.061,-8.618,-31.04
2024-12-14 04:20:00,0.855,-7.763,-30.185
2024-12-14 07:15:00,-1.101,-8.864,-31.286
2024-12-14 13:00:00,2.377,-6.487,-28.909
2024-12-14 18:50:00,2.412,-4.075,-26.497
2024-12-14 22:40:00,-1.074,-5.149,-27.571
2024-12-15 01:50:00,-1.08,-6.229,-28.651
2024-12-15 09:40:00,-1.089,-7.318,-29.74
2024-12-15 21:05:00,-1.115,-8.433,-30.855
2024-12-15 22:00:00,2.347,-6.086,-28.508
2024-12-15 23:20:00,-1.044,-7.13,-29.552
2024-12-16 07:25:00,-0.297,-7.427,-29.849
2024-12-16 16:20:00,0.383,-7.044,-29.466
2024-12-17 00:00:00,-1.077,-8.121,-30.543
2024-12-17 08:05:00,0.25,-7.871,-30.293
2024-12-17 14:30:00,-1.133,-9.004,-31.426
2024-12-17 23:15:00,0.97,-8.034,-30.456
2024-12-18 01:05:00,-1.076,-9.11,-31.532
2024-12-18 10:00:00,0.126,-8.984,-31.406
2024-12-18 18:55:00,-1.076,-10.06,-32.482
2024-12-19 04:00:00,0.819,-9.241,-31.663
2024-12-19 10:05:00,-1.079,-10.32,-32.742
2024-12-19 17:45:00,2.446,-7.874,-30.296
2024-12-20 01:50:00,0.941,-6.933,-29.355
2024-12-20 08:50:00,2.446,-4.487,-26.909
2024-12-20 16:55:00,-0.271,-4.758,-27.18
2024-12-21 06:00:00,2.462,-2.296,-24.718
2024-12-21 12:10:00,-1.03,-3.326,-25.748
2024-12-21 13:30:00,2.444,-0.882,-23.304
2024-12-21 21:35:00,0.229,-0.653,-23.075
2024-12-22 05:40:00,0.48,-0.173,-22.595
2024-12-22 16:35:00,-1.05,-1.223,-23.645
2024-12-23 03:35:00,-0.861,-2.084,-24.506
2024-12-23 06:35:00,-1.034,-3.118,-25.54
2024-12-23 09:00:00,-1.036,-4.154,-26.576
2024-12-23 14:40:00,-1.048,-5.202,-27.624
2024-12-23 16:50:00,-1.038,-6.24,-28.662
2024-12-24 00:55:00,0.815,-5.425,-27.847
2024-12-24 06:50:00,-1.169,-6.594,-29.016
2024-12-24 15:20:00,2.425,-4.169,-26.591
2024-12-24 20:00:00,-1.062,-5.231,-27.653
2024-12-25 00:40:00,2.421,-2.81,-25.232
2024-12-25 02:30:00,-1.039,-3.849,-26.271
2024-12-25 11:55:00,-1.06,-4.909,-27.331
2024-12-25 18:00:00,-1.077,-5.986,-28.408
2024-12-25 20:50:00,-1.101,-7.087,-29.509
2024-12-26 00:00:00,-1.094,-8.181,-30.603
2024-12-26 08:20:00,2.413,-5.768,-28.19
2024-12-26 16:25:00,0.213,-5.555,-27.977
2024-12-27 01:35:00,-0.874,-6.429,-28.851
2024-12-27 06:55:00,-1.066,-7.495,-29.917
2024-12-27 09:00:00,-1.046,-8.541,-30.963
2024-12-27 15:15:00,-1.042,-9.583,-32.005
2024-12-27 23:20:00,-0.312,-9.895,-32.317
2024-12-28 00:05:00,-1.105,-11.0,-33.422
2024-12-28 21:25:00,0.243,-10.757,-33.179
2024-12-29 01:20:00,-1.117,-11.874,-34.296
2024-12-29 12:40:00,-1.095,-12.969,-35.391
2024-12-29 22:20:00,2.209,-10.76,-33.182
2024-12-30 01:25:00,-1.067,-11.827,-34.249
2024-12-30 06:15:00,-1.097,-12.924,-35.346
2024-12-30 12:15:00,-1.086,-14.01,-36.432
2024-12-30 21:25:00,0.008,-14.002,-36.424
2024-12-31 05:35:00,1.965,-12.037,-34.459
2024-12-31 06:10:00,-1.131,-13.168,-35.59
2024-12-31 17:35:00,-1.058,-14.226,-36.648
2025-01-01 01:40:00,-0.404,-14.63,-37.052
2025-01-01 09:10:00,2.306,-12.324,-34.746
2025-01-01 14:00:00,-1.083,-13.407,-35.829
2025-01-01 23:55:00,2.073,-11.334,-33.756
2025-01-02 08:30:00,0.335,-10.999,-33.421
2025-01-02 14:30:00,2.401,-8.598,-31.02
2025-01-02 22:35:00,-0.433,-9.031,-31.453
2025-01-03 07:30:00,-0.898,-9.929,-32.351
2025-01-03 16:20:00,2.427,-7.502,-29.924
2025-01-04 00:25:00,0.724,-6.778,-29.2
2025-01-04 11:20:00,-0.829,-7.607,-30.029
2025-01-04 15:25:00,-1.124,-8.731,-31.153
2025-01-05 01:05:00,-1.207,-9.938,-32.36
2025-01-05 16:20:00,0.02,-9.918,-32.34
2025-01-05 20:15:00,-1.106,-11.024,-33.446
2025-01-06 00:35:00,-1.157,-12.181,-34.603
2025-01-06 02:05:00,-1.104,-13.285,-35.707
2025-01-06 10:10:00,-0.55,-13.835,-36.257
2025-01-06 19:25:00,0.79,-13.045,-35.467
2025-01-07 05:10:00,0.218,-12.827,-35.249
2025-01-07 10:15:00,-1.127,-13.954,-36.376
2025-01-07 14:55:00,2.374,-11.58,-34.002
2025-01-07 15:40:00,2.445,-9.135,-31.557
2025-01-07 23:45:00,0.408,-8.727,-31.149
2025-01-08 08:15:00,-1.113,-9.84,-32.262
2025-01-08 14:30:00,-1.074,-10.914,-33.336
2025-01-09 01:10:00,-0.528,-11.442,-33.864
2025-01-09 10:15:00,0.278,-11.164,-33.586
2025-01-09 15:15:00,-1.046,-12.21,-34.632
2025-01-09 23:25:00,-0.274,-12.484,-34.906
2025-01-10 13:30:00,-1.101,-13.585,-36.007
2025-01-10 17:55:00,-1.033,-14.618,-37.04
2025-01-11 02:00:00,-0.259,-14.877,-37.299
2025-01-11 17:00:00,-0.252,-15.129,-37.551
2025-01-11 21:30:00,2.387,-12.742,-35.164
2025-01-12 01:20:00,-1.04,-13.782,-36.204
2025-01-12 15:05:00,0.493,-13.289,-35.711
2025-01-12 21:10:00,-1.117,-14.406,-36.828
2025-01-13 00:25:00,-1.107,-15.513,-37.935
2025-01-13 02:30:00,-1.056,-16.569,-38.991
2025-01-13 10:40:00,1.366,-15.203,-37.625
2025-01-13 18:50:00,0.018,-15.185,-37.607
2025-01-14 06:05:00,0.147,-15.038,-37.46
2025-01-14 17:35:00,0.026,-15.012,-37.434
2025-01-14 19:55:00,-1.121,-16.133,-38.555
2025-01-15 05:05:00,-0.43,-16.563,-38.985
2025-01-15 13:30:00,-1.072,-17.635,-40.057
2025-01-15 21:35:00,0.642,-16.993,-39.415
2025-01-16 00:35:00,-1.08,-18.073,-40.495
2025-01-16 14:40:00,-1.043,-19.116,-41.538
2025-01-16 16:05:00,-1.048,-20.164,-42.586
2025-01-17 01:30:00,-1.101,-21.265,-43.687
2025-01-17 07:50:00,2.44,-18.825,-41.247
2025-01-17 15:55:00,1.049,-17.776,-40.198
2025-01-18 03:20:00,-1.071,-18.847,-41.269
2025-01-18 13:15:00,0.872,-17.975,-40.397
2025-01-18 16:00:00,-1.051,-19.026,-41.448
2025-01-19 00:20:00,-0.614,-19.64,-42.062
2025-01-19 03:40:00,-1.111,-20.751,-43.173
2025-01-19 08:15:00,2.449,-18.302,-40.724
2025-01-19 11:50:00,2.448,-15.854,-38.276
2025-01-19 13:55:00,-1.027,-16.881,-39.303
2025-01-19 23:25:00,2.463,-14.418,-36.84
2025-01-20 06:45:00,-1.02,-15.438,-37.86
2025-01-20 20:25:00,0.589,-14.849,-37.271
2025-01-21 06:05:00,0.266,-14.583,-37.005
2025-01-21 11:30:00,2.397,-12.186,-34.608
2025-01-21 19:35:00,0.583,-11.603,-34.025
2025-01-22 06:10:00,1.232,-10.371,-32.793
2025-01-22 12:05:00,-1.138,-11.509,-33.931
2025-01-22 21:55:00,0.085,-11.424,-33.846
2025-01-23 10:05:00,0.152,-11.272,-33.694
2025-01-23 11:30:00,-1.133,-12.405,-34.827
2025-01-23 13:55:00,-1.087,-13.492,-35.914
2025-01-24 03:05:00,0.407,-13.085,-35.507
2025-01-24 04:30:00,-1.13,-14.215,-36.637
2025-01-24 13:10:00,0.395,-13.82,-36.242
2025-01-25 04:30:00,0.425,-13.395,-35.817
2025-01-25 13:00:00,-1.119,-14.514,-36.936
2025-01-25 21:05:00,-0.02,-14.534,-36.956
2025-01-26 04:20:00,-1.175,-15.709,-38.131
2025-01-26 09:25:00,-1.112,-16.821,-39.243
2025-01-26 17:30:00,0.542,-16.279,-38.701
2025-01-26 22:55:00,2.358,-13.921,-36.343
2025-01-26 23:15:00,2.365,-11.556,-33.978
2025-01-27 05:50:00,2.452,-9.104,-31.526
2025-01-27 13:55:00,-0.304,-9.408,-31.83
2025-01-27 20:10:00,-1.075,-10.483,-32.905
2025-01-28 10:30:00,-0.045,-10.528,-32.95
2025-01-28 18:45:00,2.393,-8.135,-30.557
2025-01-29 02:50:00,0.067,-8.068,-30.49
2025-01-29 16:15:00,2.365,-5.703,-28.125
2025-01-29 17:15:00,-1.083,-6.786,-29.208
2025-01-29 19:40:00,-1.046,-7.832,-30.254
2025-01-30 04:30:00,-0.164,-7.996,-30.418
2025-01-30 17:40:00,0.109,-7.887,-30.309
2025-01-31 06:00:00,-1.171,-9.058,-31.48
2025-01-31 09:15:00,-1.151,-10.209,-32.631
2025-01-31 13:10:00,2.415,-7.794,-30.216
2025-01-31 18:35:00,-1.047,-8.841,-31.263
2025-02-01 00:45:00,-1.067,-9.908,-32.33
2025-02-01 08:15:00,-1.078,-10.986,-33.408
2025-02-01 14:50:00,2.392,-8.594,-31.016
2025-02-01 19:25:00,2.37,-6.224,-28.646
2025-02-01 23:25:00,2.418,-3.806,-26.228
2025-02-02 01:05:00,-1.059,-4.865,-27.287
2025-02-02 11:00:00,0.246,-4.619,-27.041
2025-02-02 16:30:00,2.384,-2.235,-24.657
2025-02-02 18:15:00,2.456,0.221,-22.201
2025-02-03 01:45:00,2.478,2.699,-19.723
2025-02-03 09:50:00,-0.545,2.154,-20.268
2025-02-03 15:05:00,-1.025,1.129,-21.293
2025-02-04 03:05:00,0.468,1.597,-20.825
2025-02-04 13:05:00,0.19,1.787,-20.635
2025-02-04 19:00:00,-1.041,0.746,-21.676
2025-02-05 04:10:00,-0.179,0.567,-21.855
2025-02-05 13:50:00,0.608,1.175,-21.247
2025-02-06 01:35:00,-0.193,0.982,-21.44
2025-02-06 11:15:00,-1.06,-0.078,-22.5
2025-02-06 19:00:00,2.452,2.374,-20.048
2025-02-06 19:15:00,-1.089,1.285,-21.137
2025-02-07 08:45:00,-1.107,0.178,-22.244
2025-02-07 13:40:00,2.356,2.534,-19.888
2025-02-07 17:15:00,-1.06,1.474,-20.948
2025-02-07 18:30:00,-1.049,0.425,-21.997
2025-02-08 04:40:00,-0.396,0.029,-22.393
2025-02-08 11:55:00,2.416,2.445,-19.977
2025-02-08 20:00:00,0.425,2.87,-19.552
2025-02-09 07:35:00,1.619,4.489,-17.933
2025-02-09 10:00:00,-1.09,3.399,-19.023
2025-02-09 21:20:00,1.48,4.879,-17.543
2025-02-10 00:00:00,-1.069,3.81,-18.612
2025-02-10 01:40:00,-1.04,2.77,-19.652
2025-02-10 05:50:00,-1.03,1.74,-20.682
2025-02-10 13:55:00,0.417,2.157,-20.265
2025-02-10 15:20:00,-1.06,1.097,-21.325
2025-02-11 05:55:00,2.391,3.488,-18.934
2025-02-11 11:40:00,-1.082,2.406,-20.016
2025-02-11 15:45:00,-1.081,1.325,-21.097
2025-02-11 17:45:00,-1.055,0.27,-22.152
2025-02-12 02:05:00,-0.459,-0.189,-22.611
2025-02-12 08:10:00,-1.053,-1.242,-23.664
2025-02-12 13:20:00,2.378,1.136,-21.286
2025-02-12 13:30:00,-1.089,0.047,-22.375
2025-02-13 01:05:00,0.321,0.368,-22.054
2025-02-13 13:30:00,-1.114,-0.746,-23.168
2025-02-13 14:10:00,-1.082,-1.828,-24.25
2025-02-13 22:15:00,-0.757,-2.585,-25.007
2025-02-14 10:50:00,0.91,-1.675,-24.097
2025-02-14 22:00:00,0.632,-1.043,-23.465
2025-02-15 09:40:00,-0.598,-1.641,-24.063
2025-02-15 19:40:00,0.813,-0.828,-23.25
2025-02-15 21:00:00,-1.186,-2.014,-24.436
2025-02-16 06:35:00,0.668,-1.346,-23.768
2025-02-16 09:40:00,-1.123,-2.469,-24.891
2025-02-16 21:10:00,1.524,-0.945,-23.367
2025-02-17 11:10:00,-0.405,-1.35,-23.772
2025-02-17 15:35:00,-1.135,-2.485,-24.907
2025-02-17 23:40:00,0.941,-1.544,-23.966
2025-02-18 06:05:00,2.405,0.861,-21.561
2025-02-18 14:10:00,-0.798,0.063,-22.359
2025-02-18 22:50:00,0.099,0.162,-22.26
2025-02-19 02:10:00,-1.094,-0.932,-23.354
2025-02-19 06:45:00,-1.086,-2.018,-24.44
2025-02-19 12:10:00,-1.284,-3.302,-25.724
2025-02-19 14:30:00,-1.119,-4.421,-26.843
2025-02-19 23:00:00,-0.676,-5.097,-27.519
2025-02-20 07:10:00,-1.15,-6.247,-28.669
2025-02-20 10:55:00,-1.143,-7.39,-29.812
2025-02-20 14:55:00,-1.114,-8.504,-30.926
2025-02-20 18:20:00,-1.067,-9.571,-31.993
2025-02-21 01:20:00,-1.109,-10.68,-33.102
2025-02-21 09:15:00,2.347,-8.333,-30.755
2025-02-21 15:30:00,-1.058,-9.391,-31.813
2025-02-21 23:35:00,1.326,-8.065,-30.487
2025-02-22 17:10:00,1.065,-7.0,-29.422
2025-02-23 01:30:00,-0.973,-7.973,-30.395
2025-02-23 12:10:00,-1.25,-9.223,-31.645
2025-02-23 20:15:00,0.768,-8.455,-30.877
2025-02-23 23:10:00,-1.232,-9.687,-32.109
2025-02-24 09:35:00,1.598,-8.089,-30.511
2025-02-24 18:35:00,0.626,-7.463,-29.885
2025-02-24 22:00:00,2.432,-5.031,-27.453
2025-02-25 06:05:00,-0.074,-5.105,-27.527
2025-02-25 12:20:00,-1.029,-6.134,-28.556
2025-02-25 16:45:00,-1.041,-7.175,-29.597
2025-02-26 10:55:00,0.732,-6.443,-28.865
2025-02-26 18:50:00,2.422,-4.021,-26.443
2025-02-26 20:35:00,-1.043,-5.064,-27.486
2025-02-27 04:55:00,0.219,-4.845,-27.267
2025-02-27 14:25:00,0.411,-4.434,-26.856
2025-02-28 01:55:00,2.43,-2.004,-24.426
2025-02-28 10:00:00,0.842,-1.162,-23.584
2025-03-01 01:50:00,-1.082,-2.244,-24.666
2025-03-01 09:55:00,-0.632,-2.876,-25.298
2025-03-01 13:15:00,2.395,-0.481,-22.903
2025-03-01 16:10:00,-1.111,-1.592,-24.014
2025-03-02 13:15:00,-1.091,-2.683,-25.105
2025-03-02 15:25:00,-1.155,-3.838,-26.26
2025-03-02 16:25:00,2.452,-1.386,-23.808
2025-03-03 00:30:00,0.512,-0.874,-23.296
2025-03-03 14:35:00,1.431,0.557,-21.865
2025-03-03 23:00:00,1.273,1.83,-20.592
2025-03-04 09:35:00,-0.071,1.759,-20.663
2025-03-04 14:35:00,-1.061,0.698,-21.724
2025-03-04 18:50:00,-1.022,-0.324,-22.746
2025-03-05 01:50:00,-1.113,-1.437,-23.859
2025-03-05 09:05:00,-1.06,-2.497,-24.919
2025-03-05 14:35:00,-1.098,-3.595,-26.017
2025-03-05 19:05:00,-1.059,-4.654,-27.076
2025-03-06 03:15:00,0.981,-3.673,-26.095
2025-03-06 05:30:00,2.358,-1.315,-23.737
2025-03-06 07:50:00,-1.053,-2.368,-24.79
2025-03-06 12:15:00,-1.093,-3.461,-25.883
2025-03-06 17:00:00,-1.053,-4.514,-26.936
2025-03-07 01:05:00,0.576,-3.938,-26.36
2025-03-07 13:30:00,2.401,-1.537,-23.959
2025-03-07 15:35:00,-1.066,-2.603,-25.025
2025-03-07 18:35:00,-1.05,-3.653,-26.075
2025-03-07 21:05:00,-1.065,-4.718,-27.14
2025-03-08 05:10:00,0.599,-4.119,-26.541
2025-03-08 14:45:00,0.282,-3.837,-26.259
2025-03-08 16:20:00,2.276,-1.561,-23.983
2025-03-09 00:25:00,-0.201,-1.762,-24.184
2025-03-09 09:55:00,0.372,-1.39,-23.812
2025-03-09 13:00:00,-1.185,-2.575,-24.997
2025-03-09 16:05:00,2.411,-0.164,-22.586
2025-03-10 00:10:00,1.241,1.077,-21.345
2025-03-10 14:15:00,-1.033,0.044,-22.378
2025-03-10 22:20:00,0.779,0.823,-21.599
2025-03-11 05:10:00,-1.023,-0.2,-22.622
2025-03-11 13:25:00,-1.067,-1.267,-23.689
2025-03-11 16:00:00,-1.034,-2.301,-24.723
2025-03-12 02:15:00,0.599,-1.702,-24.124
2025-03-12 08:35:00,-1.078,-2.78,-25.202
2025-03-12 12:30:00,2.413,-0.367,-22.789
2025-03-12 13:55:00,-1.048,-1.415,-23.837
2025-03-12 22:05:00,-0.504,-1.919,-24.341
2025-03-13 01:00:00,-1.13,-3.049,-25.471
2025-03-13 09:20:00,-1.081,-4.13,-26.552
2025-03-13 13:45:00,-1.066,-5.196,-27.618
2025-03-13 23:05:00,-1.098,-6.294,-28.716
2025-03-14 06:50:00,2.388,-3.906,-26.328
2025-03-14 10:35:00,2.375,-1.531,-23.953
2025-03-14 10:55:00,-1.102,-2.633,-25.055
2025-03-14 23:20:00,0.023,-2.61,-25.032
2025-03-15 05:30:00,-1.116,-3.726,-26.148
2025-03-16 01:35:00,-1.112,-4.838,-27.26
2025-03-16 11:05:00,-1.092,-5.93,-28.352
2025-03-16 15:30:00,-1.082,-7.012,-29.434
2025-03-16 23:35:00,0.036,-6.976,-29.398
2025-03-17 09:30:00,-0.166,-7.142,-29.564
2025-03-17 18:45:00,-1.064,-8.206,-30.628
2025-03-17 20:35:00,-1.08,-9.286,-31.708
2025-03-18 04:55:00,1.473,-7.813,-30.235
2025-03-18 08:35:00,-1.133,-8.946,-31.368
2025-03-18 18:20:00,0.744,-8.202,-30.624
2025-03-19 18:00:00,-1.093,-9.295,-31.717
2025-03-20 03:10:00,-0.011,-9.306,-31.728
2025-03-20 07:25:00,-1.415,-10.721,-33.143
2025-03-20 10:15:00,-1.073,-11.794,-34.216
2025-03-20 14:25:00,-1.055,-12.849,-35.271
2025-03-20 23:10:00,-1.075,-13.924,-36.346
2025-03-21 06:15:00,-1.134,-15.058,-37.48
2025-03-21 12:55:00,2.368,-12.69,-35.112
2025-03-21 18:30:00,-1.089,-13.779,-36.201
2025-03-22 06:45:00,-0.572,-14.351,-36.773
2025-03-22 11:05:00,-1.155,-15.506,-37.928
2025-03-22 13:00:00,-1.139,-16.645,-39.067
2025-03-22 21:20:00,0.365,-16.28,-38.702
2025-03-23 09:25:00,1.52,-14.76,-37.182
2025-03-23 12:15:00,-1.219,-15.979,-38.401
2025-03-24 01:35:00,-1.114,-17.093,-39.515
2025-03-24 04:45:00,-1.057,-18.15,-40.572
2025-03-24 12:10:00,2.366,-15.784,-38.206
2025-03-24 20:15:00,1.804,-13.98,-36.402
2025-03-25 03:40:00,-1.073,-15.053,-37.475
2025-03-25 21:20:00,2.414,-12.639,-35.061
2025-03-25 23:05:00,-1.077,-13.716,-36.138
2025-03-26 03:05:00,2.419,-11.297,-33.719
2025-03-26 07:30:00,2.451,-8.846,-31.268
2025-03-26 14:20:00,-1.037,-9.883,-32.305
2025-03-27 09:25:00,-0.311,-10.194,-32.616
2025-03-27 19:50:00,0.75,-9.444,-31.866
2025-03-28 04:20:00,1.353,-8.091,-30.513
2025-03-28 04:40:00,2.255,-5.836,-28.258
2025-03-28 12:45:00,0.269,-5.567,-27.989
2025-03-28 23:20:00,-0.341,-5.908,-28.33
2025-03-29 11:00:00,2.048,-3.86,-26.282
2025-03-29 13:10:00,-1.081,-4.941,-27.363
2025-03-30 00:10:00,-0.045,-4.986,-27.408
2025-03-30 13:55:00,2.172,-2.814,-25.236
2025-03-30 22:00:00,0.707,-2.107,-24.529
2025-03-31 06:05:00,0.569,-1.538,-23.96
2025-03-31 12:40:00,-1.116,-2.654,-25.076
2025-03-31 14:30:00,-1.047,-3.701,-26.123
2025-04-01 00:05:00,-1.149,-4.85,-27.272
2025-04-01 05:15:00,2.389,-2.461,-24.883
2025-04-01 13:20:00,-0.024,-2.485,-24.907
2025-04-01 14:10:00,-1.074,-3.559,-25.981
2025-04-01 20:25:00,-1.038,-4.597,-27.019
2025-04-02 05:50:00,2.418,-2.179,-24.601
2025-04-02 07:30:00,-1.069,-3.248,-25.67
2025-04-02 22:00:00,-1.07,-4.318,-26.74
2025-04-03 06:20:00,-0.433,-4.751,-27.173
2025-04-03 12:40:00,2.383,-2.368,-24.79
2025-04-03 14:00:00,-1.06,-3.428,-25.85
2025-04-04 05:25:00,-1.108,-4.536,-26.958
2025-04-04 08:35:00,2.356,-2.18,-24.602
2025-04-04 10:20:00,-1.069,-3.249,-25.671
2025-04-04 18:35:00,-0.197,-3.446,-25.868
2025-04-05 04:50:00,-1.178,-4.624,-27.046
2025-04-05 12:30:00,-1.132,-5.756,-28.178
2025-04-05 20:35:00,-0.155,-5.911,-28.333
2025-04-06 13:35:00,2.397,-3.514,-25.936
2025-04-06 18:20:00,2.432,-1.082,-23.504
2025-04-07 02:25:00,0.147,-0.935,-23.357
2025-04-07 06:45:00,2.458,1.523,-20.899
2025-04-07 10:20:00,-1.022,0.501,-21.921
2025-04-08 01:00:00,-1.077,-0.576,-22.998
2025-04-08 06:10:00,-1.046,-1.622,-24.044
2025-04-08 14:15:00,-0.554,-2.176,-24.598
2025-04-08 22:35:00,2.453,0.277,-22.145
2025-04-09 04:35:00,-1.033,-0.756,-23.178
2025-04-09 13:35:00,-1.037,-1.793,-24.215
2025-04-09 17:30:00,2.439,0.646,-21.776
2025-04-10 01:35:00,0.116,0.762,-21.66
2025-04-10 13:10:00,0.208,0.97,-21.452
2025-04-10 23:30:00,0.167,1.137,-21.285
2025-04-11 09:50:00,1.144,2.281,-20.141
2025-04-11 11:10:00,-1.128,1.153,-21.269
2025-04-12 01:45:00,-0.422,0.731,-21.691
2025-04-12 12:35:00,1.494,2.225,-20.197
2025-04-12 21:45:00,1.293,3.518,-18.904
2025-04-13 11:15:00,-1.149,2.369,-20.053
2025-04-13 15:30:00,2.339,4.708,-17.714
2025-04-13 16:25:00,-1.108,3.6,-18.822
2025-04-13 19:35:00,-1.12,2.48,-19.942
2025-04-14 03:40:00,-0.695,1.785,-20.637
2025-04-14 12:00:00,-1.07,0.715,-21.707
2025-04-14 13:30:00,-1.22,-0.505,-22.927
2025-04-14 14:50:00,-1.085,-1.59,-24.012
2025-04-14 15:35:00,-1.063,-2.653,-25.075
2025-04-14 23:40:00,0.394,-2.259,-24.681
2025-04-15 08:25:00,-0.393,-2.652,-25.074
2025-04-15 22:20:00,0.775,-1.877,-24.299
2025-04-16 06:50:00,-0.179,-2.056,-24.478
2025-04-16 12:20:00,-1.079,-3.135,-25.557
2025-04-16 21:25:00,-1.037,-4.172,-26.594
2025-04-17 03:25:00,-1.08,-5.252,-27.674
2025-04-17 04:45:00,-1.1,-6.352,-28.774
2025-04-17 13:05:00,-1.122,-7.474,-29.896
2025-04-17 16:25:00,-1.125,-8.599,-31.021
2025-04-18 00:30:00,-1.01,-9.609,-32.031
2025-04-18 05:35:00,-1.111,-10.72,-33.142
2025-04-18 08:40:00,2.328,-8.392,-30.814
2025-04-18 16:45:00,1.062,-7.33,-29.752
2025-04-18 18:05:00,2.3,-5.03,-27.452
2025-04-19 02:10:00,-0.71,-5.74,-28.162
2025-04-19 06:35:00,-1.101,-6.841,-29.263
2025-04-20 01:40:00,0.902,-5.939,-28.361
2025-04-20 08:45:00,-1.104,-7.043,-29.465
2025-04-20 14:05:00,-1.172,-8.215,-30.637
2025-04-20 22:10:00,0.42,-7.795,-30.217
2025-04-21 08:35:00,0.496,-7.299,-29.721
2025-04-21 16:45:00,-1.063,-8.362,-30.784
2025-04-22 00:55:00,0.639,-7.723,-30.145
2025-04-22 09:20:00,0.274,-7.449,-29.871
2025-04-22 12:30:00,2.204,-5.245,-27.667
2025-04-22 18:00:00,2.417,-2.828,-25.25
2025-04-22 21:45:00,2.422,-0.406,-22.828
2025-04-23 05:50:00,0.023,-0.383,-22.805
2025-04-23 10:05:00,-1.227,-1.61,-24.032
2025-04-23 13:55:00,-1.156,-2.766,-25.188
2025-04-23 19:25:00,-1.082,-3.848,-26.27
2025-04-24 00:25:00,-1.226,-5.074,-27.496
2025-04-24 10:50:00,0.865,-4.209,-26.631
2025-04-24 14:05:00,2.343,-1.866,-24.288
2025-04-24 22:10:00,0.664,-1.202,-23.624
2025-04-25 07:45:00,1.329,0.127,-22.295
2025-04-25 08:30:00,-1.117,-0.99,-23.412
2025-04-25 12:50:00,-1.123,-2.113,-24.535
2025-04-26 00:15:00,2.387,0.274,-22.148
2025-04-26 01:50:00,2.448,2.722,-19.7
2025-04-26 09:55:00,-0.86,1.862,-20.56
2025-04-27 01:20:00,2.298,4.16,-18.262
2025-04-27 09:25:00,0.459,4.619,-17.803
2025-04-27 18:40:00,0.43,5.049,-17.373
2025-04-28 06:10:00,-1.08,3.969,-18.453
2025-04-28 07:30:00,2.333,6.302,-16.12
2025-04-28 13:35:00,-1.067,5.235,-17.187
2025-04-28 21:40:00,-0.074,5.161,-17.261
2025-04-29 04:45:00,-1.144,4.017,-18.405
2025-04-29 06:25:00,-1.067,2.95,-19.472
2025-04-29 10:45:00,-1.087,1.863,-20.559
2025-04-29 18:50:00,-0.84,1.023,-21.399
2025-04-30 04:35:00,0.599,1.622,-20.8
2025-04-30 11:00:00,-1.176,0.446,-21.976
2025-04-30 20:35:00,-0.143,0.303,-22.119
2025-05-01 08:20:00,-1.106,-0.803,-23.225
2025-05-01 12:05:00,2.362,1.559,-20.863
2025-05-01 13:35:00,-1.098,0.461,-21.961
2025-05-01 15:10:00,-1.081,-0.62,-23.042
2025-05-01 23:15:00,-0.643,-1.263,-23.685
2025-05-02 04:30:00,-1.093,-2.356,-24.778
2025-05-02 12:35:00,0.23,-2.126,-24.548
2025-05-02 19:35:00,-1.083,-3.209,-25.631
2025-05-03 03:40:00,-0.184,-3.393,-25.815
2025-05-03 09:55:00,2.095,-1.298,-23.72
2025-05-03 13:00:00,-1.151,-2.449,-24.871
2025-05-04 00:15:00,1.051,-1.398,-23.82
2025-05-04 01:55:00,-1.118,-2.516,-24.938
2025-05-04 13:45:00,2.331,-0.185,-22.607
2025-05-04 21:50:00,0.045,-0.14,-22.562
2025-05-05 02:20:00,-1.072,-1.212,-23.634
2025-05-05 18:15:00,-0.096,-1.308,-23.73
2025-05-05 22:40:00,-1.048,-2.356,-24.778
2025-05-06 08:25:00,1.287,-1.069,-23.491
2025-05-06 17:50:00,0.282,-0.787,-23.209
2025-05-06 22:00:00,-1.099,-1.886,-24.308
2025-05-07 06:05:00,0.411,-1.475,-23.897
2025-05-07 15:35:00,-0.68,-2.155,-24.577
2025-05-07 22:35:00,-1.127,-3.282,-25.704
2025-05-08 03:15:00,2.385,-0.897,-23.319
2025-05-08 11:20:00,1.65,0.753,-21.669
2025-05-08 13:45:00,-1.208,-0.455,-22.877
2025-05-08 20:00:00,2.424,1.969,-20.453
2025-05-09 04:05:00,0.125,2.094,-20.328
2025-05-09 07:40:00,2.401,4.495,-17.927
2025-05-09 15:45:00,-0.045,4.45,-17.972
2025-05-10 02:05:00,0.303,4.753,-17.669
2025-05-10 14:10:00,0.532,5.285,-17.137
2025-05-10 17:30:00,2.417,7.702,-14.72
2025-05-10 19:15:00,-1.03,6.672,-15.75
2025-05-11 00:00:00,2.438,9.11,-13.312
2025-05-11 00:25:00,-1.028,8.082,-14.34
2025-05-11 13:30:00,-1.082,7.0,-15.422
2025-05-11 22:40:00,-1.089,5.911,-16.511
2025-05-12 07:10:00,2.442,8.353,-14.069
2025-05-12 14:25:00,-1.026,7.327,-15.095
2025-05-12 23:05:00,0.25,7.577,-14.845
2025-05-13 08:15:00,0.551,8.128,-14.294
2025-05-13 16:05:00,-1.05,7.078,-15.344
2025-05-14 00:10:00,1.001,8.079,-14.343
2025-05-14 07:15:00,-1.063,7.016,-15.406
2025-05-14 16:05:00,0.784,7.8,-14.622
2025-05-15 01:15:00,-0.66,7.14,-15.282
2025-05-15 09:40:00,1.857,8.997,-13.425
2025-05-15 12:30:00,-1.052,7.945,-14.477
2025-05-15 17:20:00,-1.043,6.902,-15.52
2025-05-16 02:50:00,-0.679,6.223,-16.199
2025-05-16 09:55:00,-1.05,5.173,-17.249
2025-05-16 13:35:00,-1.144,4.029,-18.393
2025-05-16 22:50:00,1.764,5.793,-16.629
2025-05-17 06:55:00,0.284,6.077,-16.345
2025-05-17 15:35:00,-1.099,4.978,-17.444
2025-05-18 00:50:00,-0.71,4.268,-18.154
2025-05-18 08:45:00,2.384,6.652,-15.77
2025-05-18 16:50:00,1.66,8.312,-14.11
2025-05-19 02:05:00,0.235,8.547,-13.875
2025-05-19 06:35:00,2.413,10.96,-11.462
2025-05-19 14:40:00,-0.845,10.115,-12.307
2025-05-19 17:05:00,2.364,12.479,-9.943
2025-05-20 01:10:00,-0.23,12.249,-10.173
2025-05-20 06:30:00,-1.07,11.179,-11.243
2025-05-20 10:20:00,2.357,13.536,-8.886
2025-05-20 18:25:00,0.238,13.774,-8.648
2025-05-20 19:55:00,-1.057,12.717,-9.705
2025-05-21 04:00:00,0.631,13.348,-9.074
2025-05-21 07:20:00,-1.103,12.245,-10.177
2025-05-21 13:50:00,-1.117,11.128,-11.294
2025-05-21 16:30:00,2.406,13.534,-8.888
2025-05-21 17:20:00,-1.038,12.496,-9.926
2025-05-22 01:30:00,-0.92,11.576,-10.846
2025-05-22 09:35:00,0.893,12.469,-9.953
2025-05-23 02:35:00,2.431,14.9,-7.522
2025-05-23 04:30:00,-1.037,13.863,-8.559
2025-05-23 11:35:00,-1.068,12.795,-9.627
2025-05-23 11:45:00,2.404,15.199,-7.223
2025-05-23 19:50:00,0.607,15.806,-6.616
2025-05-23 23:35:00,2.393,18.199,-4.223
2025-05-24 07:40:00,-0.437,17.762,-4.66
2025-05-24 10:30:00,-1.145,16.617,-5.805
2025-05-24 15:05:00,-1.235,15.382,-7.04
2025-05-24 23:30:00,-1.147,14.235,-8.187
2025-05-25 04:55:00,-1.075,13.16,-9.262
2025-05-25 06:20:00,-1.271,11.889,-10.533
2025-05-25 08:00:00,-1.186,10.703,-11.719
2025-05-25 16:05:00,1.135,11.838,-10.584
2025-05-26 06:10:00,1.551,13.389,-9.033
2025-05-26 08:45:00,-1.196,12.193,-10.229
2025-05-26 13:50:00,-1.121,11.072,-11.35
2025-05-26 21:55:00,-0.144,10.928,-11.494
2025-05-27 03:15:00,-1.054,9.874,-12.548
2025-05-27 13:15:00,2.298,12.172,-10.25
2025-05-27 14:25:00,-1.079,11.093,-11.329
2025-05-28 05:25:00,1.093,12.186,-10.236
2025-05-28 12:20:00,-1.124,11.062,-11.36
2025-05-28 22:00:00,0.098,11.16,-11.262
2025-05-29 07:20:00,0.668,11.828,-10.594
2025-05-29 12:40:00,-1.152,10.676,-11.746
2025-05-29 20:45:00,1.298,11.974,-10.448
2025-05-30 00:45:00,2.372,14.346,-8.076
2025-05-30 08:50:00,0.89,15.236,-7.186
2025-05-31 00:35:00,0.139,15.375,-7.047
2025-05-31 09:10:00,0.029,15.404,-7.018
2025-05-31 12:50:00,-1.082,14.322,-8.1
2025-06-01 07:05:00,-0.017,14.305,-8.117
2025-06-01 09:30:00,2.304,16.609,-5.813
2025-06-01 11:35:00,-1.08,15.529,-6.893
2025-06-01 22:05:00,1.295,16.824,-5.598
2025-06-02 00:20:00,-1.09,15.734,-6.688
2025-06-02 08:25:00,0.111,15.845,-6.577
2025-06-02 13:00:00,-1.074,14.771,-7.651
2025-06-02 19:15:00,-1.12,13.651,-8.771
2025-06-03 01:45:00,2.421,16.072,-6.35
2025-06-03 02:50:00,-1.102,14.97,-7.452
2025-06-03 16:05:00,-1.115,13.855,-8.567
2025-06-04 01:00:00,-1.11,12.745,-9.677
2025-06-04 09:30:00,-0.552,12.193,-10.229
2025-06-04 18:50:00,0.457,12.65,-9.772
2025-06-05 04:10:00,-0.343,12.307,-10.115
2025-06-05 12:25:00,-1.103,11.204,-11.218
2025-06-05 19:15:00,2.436,13.64,-8.782
2025-06-06 03:20:00,0.154,13.794,-8.628
2025-06-06 17:25:00,-1.104,12.69,-9.732
2025-06-07 01:35:00,0.395,13.085,-9.337
2025-06-07 11:10:00,2.141,15.226,-7.196
2025-06-07 15:15:00,-1.164,14.062,-8.36
2025-06-08 00:05:00,-1.181,12.881,-9.541
2025-06-08 07:55:00,2.255,15.136,-7.286
2025-06-08 13:45:00,-1.241,13.895,-8.527
2025-06-08 22:35:00,-1.172,12.723,-9.699
2025-06-09 06:40:00,0.813,13.536,-8.886
2025-06-09 10:30:00,2.352,15.888,-6.534
2025-06-09 18:35:00,-0.158,15.73,-6.692
2025-06-10 05:20:00,0.324,16.054,-6.368
2025-06-10 15:30:00,-1.1,14.954,-7.468
2025-06-11 02:55:00,0.028,14.982,-7.44
2025-06-11 04:45:00,-1.244,13.738,-8.684
2025-06-11 20:00:00,-1.051,12.687,-9.735
2025-06-12 05:35:00,1.181,13.868,-8.554
2025-06-12 16:05:00,1.102,14.97,-7.452
2025-06-13 00:10:00,2.448,17.418,-5.004
2025-06-13 08:15:00,-0.04,17.378,-5.044
2025-06-13 11:05:00,-1.119,16.259,-6.163
2025-06-13 20:40:00,-1.08,15.179,-7.243
2025-06-14 12:15:00,-1.312,13.867,-8.555
2025-06-14 23:35:00,-0.094,13.773,-8.649
2025-06-15 14:40:00,0.075,13.848,-8.574
2025-06-15 21:10:00,2.295,16.143,-6.279
2025-06-15 22:00:00,-1.106,15.037,-7.385
2025-06-16 09:55:00,0.664,15.701,-6.721
2025-06-16 22:20:00,0.332,16.033,-6.389
2025-06-17 06:45:00,0.235,16.268,-6.154
2025-06-17 11:20:00,2.347,18.615,-3.807
2025-06-17 12:40:00,-1.109,17.506,-4.916
2025-06-17 23:15:00,0.041,17.547,-4.875
2025-06-18 13:15:00,2.373,19.92,-2.502
2025-06-18 14:20:00,-1.057,18.863,-3.559
2025-06-18 18:00:00,-1.094,17.769,-4.653
2025-06-18 20:45:00,-1.066,16.703,-5.719
2025-06-19 09:55:00,-0.469,16.234,-6.188
2025-06-19 19:35:00,-0.034,16.2,-6.222
2025-06-20 07:15:00,-1.194,15.006,-7.416
2025-06-20 11:05:00,2.317,17.323,-5.099
2025-06-20 14:20:00,-1.127,16.196,-6.226
2025-06-20 17:20:00,2.418,18.614,-3.808
2025-06-21 01:25:00,-0.559,18.055,-4.367
2025-06-21 08:55:00,-1.296,16.759,-5.663
2025-06-21 15:25:00,2.348,19.107,-3.315
2025-06-21 21:25:00,2.412,21.519,-0.903
2025-06-22 05:30:00,-0.352,21.167,-1.255
2025-06-22 17:55:00,1.292,22.459,0.0
2025-06-22 20:50:00,-1.058,21.401,-1.058
2025-06-23 11:50:00,-1.176,20.225,-2.234
2025-06-23 13:30:00,-1.107,19.118,-3.341
2025-06-23 16:25:00,-1.05,18.068,-4.391
2025-06-23 17:25:00,-1.039,17.029,-5.43
2025-06-24 01:40:00,1.129,18.158,-4.301
2025-06-24 11:20:00,-1.123,17.035,-5.424
2025-06-24 18:15:00,-1.111,15.924,-6.535
2025-06-25 05:55:00,-0.348,15.576,-6.883
2025-06-25 20:50:00,-1.066,14.51,-7.949
2025-06-26 05:35:00,-1.085,13.425,-9.034
2025-06-26 08:30:00,-1.149,12.276,-10.183
2025-06-26 12:50:00,2.379,14.655,-7.804
2025-06-26 20:55:00,-0.208,14.447,-8.012
2025-06-27 05:40:00,-0.289,14.158,-8.301
2025-06-27 13:45:00,1.374,15.532,-6.927
2025-06-27 14:00:00,-1.137,14.395,-8.064
2025-06-27 21:25:00,-1.066,13.329,-9.13
2025-06-28 06:45:00,0.83,14.159,-8.3
2025-06-28 15:00:00,0.177,14.336,-8.123
2025-06-28 17:25:00,-1.152,13.184,-9.275
2025-06-29 03:20:00,-0.552,12.632,-9.827
2025-06-29 09:30:00,2.114,14.746,-7.713
2025-06-29 14:35:00,-1.138,13.608,-8.851
2025-06-29 22:20:00,2.405,16.013,-6.446
2025-06-30 06:25:00,-0.932,15.081,-7.378
2025-06-30 14:45:00,1.589,16.67,-5.789
2025-06-30 15:25:00,-1.137,15.533,-6.926
2025-07-01 00:30:00,-1.091,14.442,-8.017
2025-07-01 01:15:00,-1.142,13.3,-9.159
2025-07-01 09:20:00,2.298,15.598,-6.861
2025-07-01 17:25:00,0.396,15.994,-6.465
2025-07-01 21:20:00,-1.154,14.84,-7.619
2025-07-02 12:25:00,-0.378,14.462,-7.997
2025-07-02 13:05:00,-1.157,13.305,-9.154
2025-07-02 16:05:00,2.392,15.697,-6.762
2025-07-03 00:10:00,0.22,15.917,-6.542
2025-07-03 12:35:00,-1.092,14.825,-7.634
2025-07-03 15:05:00,-1.073,13.752,-8.707
2025-07-04 02:15:00,-1.147,12.605,-9.854
2025-07-04 07:30:00,2.329,14.934,-7.525
2025-07-04 15:35:00,1.768,16.702,-5.757
2025-07-04 22:35:00,-1.079,15.623,-6.836
2025-07-05 02:45:00,-1.29,14.333,-8.126
2025-07-05 16:40:00,0.42,14.753,-7.706
2025-07-05 21:25:00,-1.12,13.633,-8.826
2025-07-06 06:15:00,-1.171,12.462,-9.997
2025-07-06 13:30:00,2.39,14.852,-7.607
2025-07-06 21:35:00,0.538,15.39,-7.069
2025-07-06 23:20:00,-1.093,14.297,-8.162
2025-07-07 07:05:00,-1.107,13.19,-9.269
2025-07-07 23:10:00,0.176,13.366,-9.093
2025-07-08 02:20:00,-1.257,12.109,-10.35
2025-07-08 10:20:00,2.352,14.461,-7.998
2025-07-08 14:50:00,-1.094,13.367,-9.092
2025-07-09 01:20:00,-0.706,12.661,-9.798
2025-07-09 11:05:00,2.295,14.956,-7.503
2025-07-09 18:05:00,2.355,17.311,-5.148
2025-07-10 02:10:00,0.903,18.214,-4.245
2025-07-10 08:55:00,2.311,20.525,-1.934
2025-07-10 12:10:00,-1.083,19.442,-3.017
2025-07-10 22:45:00,2.448,21.89,-0.569
2025-07-11 06:50:00,0.231,22.121,-0.338
2025-07-11 15:25:00,2.399,24.52,0.0
2025-07-11 15:50:00,-1.043,23.477,-1.043
2025-07-11 20:55:00,-1.096,22.381,-2.139
2025-07-12 09:55:00,0.265,22.646,-1.874
2025-07-12 12:20:00,-1.081,21.565,-2.955
2025-07-12 20:40:00,0.089,21.654,-2.866
2025-07-13 00:20:00,-1.107,20.547,-3.973
2025-07-13 11:15:00,-1.113,19.434,-5.086
2025-07-13 19:30:00,0.884,20.318,-4.202
2025-07-13 19:55:00,-1.233,19.085,-5.435
2025-07-14 00:25:00,-1.06,18.025,-6.495
2025-07-14 05:05:00,2.434,20.459,-4.061
2025-07-14 05:50:00,-1.035,19.424,-5.096
2025-07-14 23:10:00,0.633,20.057,-4.463
2025-07-15 00:20:00,-1.142,18.915,-5.605
2025-07-15 08:45:00,0.831,19.746,-4.774
2025-07-16 00:05:00,0.873,20.619,-3.901
2025-07-16 02:10:00,-1.133,19.486,-5.034
2025-07-16 17:15:00,1.436,20.922,-3.598
2025-07-17 02:05:00,0.462,21.384,-3.136
2025-07-17 07:20:00,-1.058,20.326,-4.194
2025-07-18 05:05:00,2.467,22.793,-1.727
2025-07-18 09:00:00,-1.032,21.761,-2.759
2025-07-18 15:15:00,-1.066,20.695,-3.825
2025-07-19 00:30:00,-1.065,19.63,-4.89
2025-07-19 11:20:00,0.106,19.736,-4.784
2025-07-19 19:35:00,-1.095,18.641,-5.879
2025-07-20 04:10:00,0.205,18.846,-5.674
2025-07-20 17:05:00,1.165,20.011,-4.509
2025-07-20 22:15:00,-1.05,18.961,-5.559
2025-07-21 05:20:00,-1.066,17.895,-6.625
2025-07-21 14:25:00,0.651,18.546,-5.974
2025-07-21 16:10:00,-1.061,17.485,-7.035
2025-07-22 02:50:00,-0.166,17.319,-7.201
2025-07-22 12:30:00,-0.236,17.083,-7.437
2025-07-22 15:00:00,-1.034,16.049,-8.471
2025-07-22 22:20:00,-1.048,15.001,-9.519
2025-07-23 00:50:00,-1.112,13.889,-10.631
2025-07-23 12:40:00,2.417,16.306,-8.214
2025-07-23 13:50:00,2.437,18.743,-5.777
2025-07-23 21:55:00,0.559,19.302,-5.218
2025-07-24 06:40:00,2.439,21.741,-2.779
2025-07-24 09:40:00,-1.028,20.713,-3.807
2025-07-25 03:30:00,2.424,23.137,-1.383
2025-07-25 09:30:00,-1.035,22.102,-2.418
2025-07-25 20:40:00,-1.041,21.061,-3.459
2025-07-26 04:45:00,1.239,22.3,-2.22
2025-07-26 12:05:00,-1.237,21.063,-3.457
2025-07-26 20:30:00,-1.17,19.893,-4.627
2025-07-27 07:35:00,-1.166,18.727,-5.793
2025-07-27 10:35:00,-1.206,17.521,-6.999
2025-07-27 15:10:00,-1.088,16.433,-8.087
2025-07-28 00:15:00,0.537,16.97,-7.55
2025-07-28 05:20:00,-1.07,15.9,-8.62
2025-07-28 09:40:00,-1.072,14.828,-9.692
2025-07-28 15:50:00,2.415,17.243,-7.277
2025-07-28 23:55:00,1.592,18.835,-5.685
2025-07-29 05:55:00,-1.066,17.769,-6.751
2025-07-29 14:05:00,2.401,20.17,-4.35
2025-07-29 22:10:00,0.217,20.387,-4.133
2025-07-30 01:45:00,-1.086,19.301,-5.219
2025-07-30 11:25:00,2.378,21.679,-2.841
2025-07-30 19:30:00,0.37,22.049,-2.471
2025-07-31 11:20:00,-1.216,20.833,-3.687
2025-07-31 13:15:00,2.365,23.198,-1.322
2025-07-31 16:40:00,-1.088,22.11,-2.41
2025-08-01 00:50:00,2.439,24.549,0.0
2025-08-01 03:20:00,-1.06,23.489,-1.06
2025-08-01 13:50:00,1.088,24.577,0.0
2025-08-01 14:25:00,-1.04,23.537,-1.04
2025-08-01 19:30:00,-1.068,22.469,-2.108
2025-08-02 04:40:00,-0.723,21.746,-2.831
2025-08-02 14:25:00,0.244,21.99,-2.587
2025-08-02 22:40:00,0.111,22.101,-2.476
2025-08-03 01:35:00,-1.059,21.042,-3.535
2025-08-03 18:05:00,0.557,21.599,-2.978
2025-08-04 08:25:00,0.569,22.168,-2.409
2025-08-04 21:50:00,1.231,23.399,-1.178
2025-08-05 03:05:00,-1.187,22.212,-2.365
2025-08-05 14:15:00,2.382,24.594,0.0
2025-08-05 22:20:00,0.171,24.765,0.0
2025-08-06 05:05:00,-1.126,23.639,-1.126
2025-08-06 12:15:00,-1.113,22.526,-2.239
2025-08-06 23:00:00,0.311,22.837,-1.928
2025-08-07 02:40:00,-1.142,21.695,-3.07
2025-08-07 10:35:00,2.338,24.033,-0.732
2025-08-07 18:40:00,-0.481,23.552,-1.213
2025-08-08 00:35:00,2.406,25.958,0.0
2025-08-08 01:05:00,-1.053,24.905,-1.053
2025-08-08 15:20:00,-0.2,24.705,-1.253
2025-08-09 01:35:00,0.196,24.901,-1.057
2025-08-09 11:20:00,2.413,27.314,0.0
2025-08-09 11:40:00,-1.178,26.136,-1.178
2025-08-09 14:00:00,-1.105,25.031,-2.283
2025-08-10 06:15:00,-1.072,23.959,-3.355
2025-08-10 14:00:00,2.383,26.342,-0.972
2025-08-10 22:30:00,0.554,26.896,-0.418
2025-08-11 08:00:00,-1.063,25.833,-1.481
2025-08-11 12:40:00,2.41,28.243,0.0
2025-08-11 14:00:00,-1.069,27.174,-1.069
2025-08-12 02:10:00,0.536,27.71,-0.533
2025-08-12 12:30:00,-1.096,26.614,-1.629
2025-08-12 22:55:00,1.348,27.962,-0.281
2025-08-13 11:00:00,1.182,29.144,0.0
2025-08-13 18:35:00,-1.096,28.048,-1.096
2025-08-14 06:00:00,-1.059,26.989,-2.155
2025-08-14 12:30:00,2.409,29.398,0.0
2025-08-14 20:35:00,0.098,29.496,0.0
2025-08-14 23:30:00,-1.059,28.437,-1.059
2025-08-15 12:30:00,-1.138,27.299,-2.197
2025-08-15 14:45:00,2.349,29.648,0.0
2025-08-15 22:50:00,-0.938,28.71,-0.938
2025-08-16 09:20:00,-1.131,27.579,-2.069
2025-08-16 18:05:00,-0.273,27.306,-2.342
2025-08-16 18:15:00,-1.253,26.053,-3.595
2025-08-17 01:05:00,-1.18,24.873,-4.775
2025-08-17 02:25:00,-1.207,23.666,-5.982
2025-08-17 11:45:00,1.502,25.168,-4.48
2025-08-17 15:55:00,2.236,27.404,-2.244
2025-08-17 16:50:00,-1.084,26.32,-3.328
2025-08-18 00:00:00,-1.094,25.226,-4.422
2025-08-18 02:50:00,2.405,27.631,-2.017
2025-08-18 10:55:00,0.167,27.798,-1.85
2025-08-18 14:55:00,-1.142,26.656,-2.992
2025-08-19 00:55:00,-1.144,25.512,-4.136
2025-08-19 11:10:00,-0.578,24.934,-4.714
2025-08-19 13:30:00,-1.162,23.772,-5.876
2025-08-19 14:40:00,2.358,26.13,-3.518
2025-08-19 22:45:00,0.411,26.541,-3.107
2025-08-20 03:30:00,-1.082,25.459,-4.189
2025-08-20 12:00:00,-1.076,24.383,-5.265
2025-08-20 14:50:00,-1.066,23.317,-6.331
2025-08-21 00:20:00,0.243,23.56,-6.088
2025-08-21 07:15:00,-1.087,22.473,-7.175
2025-08-21 17:15:00,0.999,23.472,-6.176
2025-08-22 02:05:00,-1.091,22.381,-7.267
2025-08-22 10:20:00,-1.081,21.3,-8.348
2025-08-22 12:30:00,2.361,23.661,-5.987
2025-08-22 13:40:00,-1.06,22.601,-7.047
2025-08-22 22:05:00,2.244,24.845,-4.803
2025-08-23 13:20:00,-0.24,24.605,-5.043
2025-08-24 02:55:00,-0.437,24.168,-5.48
2025-08-24 10:15:00,2.373,26.541,-3.107
2025-08-24 15:05:00,-1.105,25.436,-4.212
2025-08-24 20:05:00,-1.057,24.379,-5.269
2025-08-25 02:20:00,-1.055,23.324,-6.324
2025-08-25 05:05:00,-1.076,22.248,-7.4
2025-08-25 07:50:00,2.423,24.671,-4.977
2025-08-25 15:55:00,0.275,24.946,-4.702
2025-08-25 20:10:00,2.398,27.344,-2.304
2025-08-26 04:15:00,-0.52,26.824,-2.824
2025-08-26 07:30:00,-1.135,25.689,-3.959
2025-08-26 12:35:00,-1.087,24.602,-5.046
2025-08-27 03:20:00,0.175,24.777,-4.871
2025-08-27 07:30:00,-1.099,23.678,-5.97
2025-08-27 14:30:00,-1.114,22.564,-7.084
2025-08-27 18:55:00,-1.152,21.412,-8.236
2025-08-28 05:10:00,0.157,21.569,-8.079
2025-08-28 09:40:00,-1.139,20.43,-9.218
2025-08-28 15:40:00,-1.145,19.285,-10.363
2025-08-28 22:25:00,-1.08,18.205,-11.443
2025-08-29 01:20:00,-1.123,17.082,-12.566
2025-08-29 09:25:00,1.618,18.7,-10.948
2025-08-29 21:40:00,-0.084,18.616,-11.032
2025-08-30 02:30:00,-1.178,17.438,-12.21
2025-08-30 11:10:00,1.029,18.467,-11.181
2025-08-30 13:15:00,2.222,20.689,-8.959
2025-08-30 22:05:00,-1.107,19.582,-10.066
2025-08-31 01:30:00,2.157,21.739,-7.909
2025-08-31 09:35:00,-0.296,21.443,-8.205
2025-08-31 18:15:00,0.347,21.79,-7.858
2025-09-01 02:20:00,2.354,24.144,-5.504
2025-09-01 07:30:00,-1.091,23.053,-6.595
2025-09-01 15:35:00,-0.143,22.91,-6.738
2025-09-02 00:05:00,-0.206,22.704,-6.944
2025-09-02 11:15:00,0.23,22.934,-6.714
2025-09-02 13:35:00,-1.1,21.834,-7.814
2025-09-02 21:40:00,0.642,22.476,-7.172
2025-09-03 06:00:00,-1.107,21.369,-8.279
2025-09-03 16:20:00,0.914,22.283,-7.365
2025-09-03 23:10:00,-1.191,21.092,-8.556
2025-09-04 05:15:00,2.285,23.377,-6.271
2025-09-04 13:20:00,0.438,23.815,-5.833
2025-09-04 22:05:00,-0.131,23.684,-5.964
2025-09-05 01:40:00,-1.149,22.535,-7.113
2025-09-05 12:30:00,2.311,24.846,-4.802
2025-09-05 14:15:00,-1.111,23.735,-5.913
2025-09-05 22:20:00,-0.706,23.029,-6.619
2025-09-06 13:20:00,0.937,23.966,-5.682
2025-09-06 23:30:00,-1.178,22.788,-6.86
2025-09-07 08:15:00,0.906,23.694,-5.954
2025-09-07 14:10:00,2.042,25.736,-3.912
2025-09-08 03:00:00,2.262,27.998,-1.65
2025-09-08 11:05:00,0.746,28.744,-0.904
2025-09-08 21:10:00,0.54,29.284,-0.364
2025-09-09 00:30:00,-1.229,28.055,-1.593
2025-09-09 06:15:00,2.204,30.259,0.0
2025-09-09 14:20:00,-0.134,30.125,-0.134
2025-09-10 00:15:00,-1.164,28.961,-1.298
2025-09-10 10:25:00,-0.685,28.276,-1.983
2025-09-10 13:45:00,2.311,30.587,0.0
2025-09-10 16:10:00,-1.105,29.482,-1.105
2025-09-11 03:30:00,2.226,31.708,0.0
2025-09-11 11:40:00,-0.564,31.144,-0.564
2025-09-11 12:30:00,-1.112,30.032,-1.676
2025-09-11 20:35:00,0.905,30.937,-0.771
2025-09-11 22:30:00,2.209,33.146,0.0
2025-09-12 06:35:00,0.641,33.787,0.0
2025-09-12 17:20:00,2.386,36.173,0.0
2025-09-13 01:25:00,1.718,37.891,0.0
2025-09-13 09:30:00,0.679,38.57,0.0
2025-09-13 17:10:00,-1.038,37.532,-1.038
2025-09-14 00:50:00,-1.087,36.445,-2.125
2025-09-14 11:25:00,-1.095,35.35,-3.22
2025-09-14 19:30:00,0.882,36.232,-2.338
2025-09-15 01:30:00,-1.128,35.104,-3.466
2025-09-15 08:00:00,2.426,37.53,-1.04
2025-09-15 16:05:00,0.497,38.027,-0.543
2025-09-16 05:10:00,-1.119,36.908,-1.662
2025-09-16 17:05:00,-1.176,35.732,-2.838
2025-09-17 02:35:00,-1.272,34.46,-4.11
2025-09-17 11:40:00,0.735,35.195,-3.375
2025-09-17 17:40:00,-1.135,34.06,-4.51
2025-09-17 19:35:00,-1.057,33.003,-5.567
2025-09-18 03:40:00,1.236,34.239,-4.331
2025-09-18 05:15:00,-1.124,33.115,-5.455
2025-09-18 22:50:00,-1.103,32.012,-6.558
2025-09-19 02:25:00,-1.102,30.91,-7.66
2025-09-19 09:45:00,2.374,33.284,-5.286
2025-09-19 17:50:00,1.681,34.965,-3.605
2025-09-19 22:10:00,-1.19,33.775,-4.795
2025-09-20 05:20:00,-1.116,32.659,-5.911
2025-09-20 14:50:00,-1.156,31.503,-7.067
2025-09-21 00:50:00,-1.204,30.299,-8.271
2025-09-21 08:20:00,-1.371,28.928,-9.642
2025-09-21 16:25:00,0.847,29.775,-8.795
2025-09-21 17:55:00,-1.183,28.592,-9.978
2025-09-22 00:20:00,2.197,30.789,-7.781
2025-09-22 02:30:00,2.367,33.156,-5.414
2025-09-22 06:00:00,2.424,35.58,-2.99
2025-09-22 14:05:00,-0.473,35.107,-3.463
2025-09-22 21:20:00,-1.108,33.999,-4.571
2025-09-23 07:10:00,-1.094,32.905,-5.665
2025-09-23 19:15:00,-1.226,31.679,-6.891
2025-09-24 05:40:00,-1.129,30.55,-8.02
2025-09-24 19:15:00,-0.046,30.504,-8.066
2025-09-25 00:25:00,2.245,32.749,-5.821
2025-09-25 04:15:00,2.345,35.094,-3.476
2025-09-25 12:20:00,0.276,35.37,-3.2
2025-09-25 12:30:00,2.303,37.673,-0.897
2025-09-25 13:25:00,-1.126,36.547,-2.023
2025-09-26 00:50:00,-0.063,36.484,-2.086
2025-09-26 14:10:00,-0.354,36.13,-2.44
2025-09-27 01:05:00,0.284,36.414,-2.156
2025-09-27 16:10:00,-0.42,35.994,-2.576
2025-09-27 22:10:00,-1.106,34.888,-3.682
2025-09-28 00:10:00,-1.149,33.739,-4.831
2025-09-28 08:55:00,1.4,35.139,-3.431
2025-09-28 20:25:00,2.268,37.407,-1.163
2025-09-29 04:30:00,0.39,37.797,-0.773
2025-09-29 09:40:00,-1.224,36.573,-1.997
2025-09-29 14:00:00,-1.211,35.362,-3.208
2025-09-29 22:05:00,0.356,35.718,-2.852
2025-09-30 00:55:00,2.198,37.916,-0.654
2025-09-30 09:00:00,1.141,39.057,0.0
2025-09-30 17:05:00,1.035,40.092,0.0
2025-10-01 03:05:00,1.007,41.099,0.0
2025-10-01 06:50:00,-1.18,39.919,-1.18
2025-10-01 08:50:00,2.389,42.308,0.0
2025-10-01 16:55:00,-0.006,42.302,-0.006
2025-10-02 02:40:00,2.337,44.639,0.0
2025-10-02 10:45:00,0.308,44.947,0.0
2025-10-03 00:15:00,-0.138,44.809,-0.138
2025-10-03 16:35:00,2.398,47.207,0.0
2025-10-03 17:00:00,-1.059,46.148,-1.059
2025-10-04 09:45:00,-1.148,45.0,-2.207
2025-10-04 15:20:00,2.355,47.355,0.0
2025-10-04 23:25:00,-0.663,46.692,-0.663
2025-10-05 10:15:00,2.42,49.112,0.0
2025-10-05 11:30:00,-1.068,48.044,-1.068
2025-10-06 02:10:00,0.141,48.185,-0.927
2025-10-06 06:10:00,-1.14,47.045,-2.067
2025-10-06 14:30:00,1.746,48.791,-0.321
2025-10-06 22:35:00,0.06,48.851,-0.261
2025-10-07 14:50:00,1.416,50.267,0.0
2025-10-07 22:55:00,0.64,50.907,0.0
2025-10-08 02:20:00,-1.174,49.733,-1.174
2025-10-08 11:25:00,-0.39,49.343,-1.564
2025-10-09 01:20:00,-0.652,48.691,-2.216
2025-10-09 08:15:00,2.345,51.036,0.0
2025-10-09 16:20:00,1.569,52.605,0.0
2025-10-09 20:00:00,-1.079,51.526,-1.079
2025-10-10 03:25:00,-1.197,50.329,-2.276
2025-10-10 14:55:00,0.771,51.1,-1.505
2025-10-10 19:25:00,2.442,53.542,0.0
2025-10-10 21:10:00,2.462,56.004,0.0
2025-10-10 21:20:00,2.492,58.496,0.0
2025-10-11 05:25:00,-0.692,57.804,-0.692
2025-10-11 19:15:00,2.372,60.176,0.0
2025-10-11 21:05:00,2.447,62.623,0.0
2025-10-11 22:05:00,-1.033,61.59,-1.033
2025-10-12 12:20:00,-1.082,60.508,-2.115
2025-10-12 14:45:00,-1.084,59.424,-3.199
2025-10-12 23:10:00,0.503,59.927,-2.696
2025-10-13 11:25:00,-1.057,58.87,-3.753
2025-10-13 21:35:00,1.794,60.664,-1.959
2025-10-14 05:35:00,2.337,63.001,0.0
2025-10-14 13:40:00,1.472,64.473,0.0
2025-10-15 03:45:00,-1.08,63.393,-1.08
2025-10-15 05:00:00,-1.124,62.269,-2.204
2025-10-15 09:30:00,-1.186,61.083,-3.39
2025-10-15 13:45:00,2.364,63.447,-1.026
2025-10-15 14:10:00,-1.071,62.376,-2.097
2025-10-15 23:55:00,0.296,62.672,-1.801
2025-10-16 09:35:00,2.373,65.045,0.0
2025-10-16 09:45:00,-1.049,63.996,-1.049
2025-10-16 19:30:00,2.431,66.427,0.0
2025-10-17 03:35:00,-0.63,65.797,-0.63
2025-10-17 06:45:00,2.409,68.206,0.0
2025-10-17 14:50:00,0.035,68.241,0.0
2025-10-18 07:00:00,-1.151,67.09,-1.151
2025-10-18 17:55:00,-1.103,65.987,-2.254
2025-10-19 02:00:00,-0.195,65.792,-2.449
2025-10-19 05:45:00,-1.183,64.609,-3.632
2025-10-19 09:45:00,-1.118,63.491,-4.75
2025-10-19 17:50:00,0.47,63.961,-4.28
2025-10-20 05:50:00,2.338,66.299,-1.942
2025-10-20 13:55:00,-0.19,66.109,-2.132
2025-10-21 01:00:00,-1.123,64.986,-3.255
2025-10-21 04:00:00,2.341,67.327,-0.914
2025-10-21 12:05:00,-0.364,66.963,-1.278
2025-10-21 15:20:00,2.426,69.389,0.0
2025-10-21 22:30:00,-1.032,68.357,-1.032
2025-10-22 07:35:00,1.062,69.419,0.0
2025-10-22 13:10:00,-1.099,68.32,-1.099
2025-10-23 02:20:00,-0.59,67.73,-1.689
2025-10-23 14:55:00,0.024,67.754,-1.665
2025-10-23 23:35:00,-0.28,67.474,-1.945
2025-10-24 04:30:00,2.175,69.649,0.0
2025-10-24 12:35:00,0.163,69.812,0.0
2025-10-24 19:05:00,-1.121,68.691,-1.121
2025-10-25 03:25:00,0.041,68.732,-1.08
2025-10-25 07:30:00,-1.401,67.331,-2.481
2025-10-25 15:45:00,-0.498,66.833,-2.979
2025-10-26 01:55:00,-1.165,65.668,-4.144
2025-10-26 07:35:00,-1.175,64.493,-5.319
2025-10-26 09:20:00,2.098,66.591,-3.221
2025-10-26 17:25:00,1.006,67.597,-2.215
2025-10-26 20:20:00,-1.165,66.432,-3.38
2025-10-27 06:05:00,-0.211,66.221,-3.591
2025-10-27 20:30:00,-1.162,65.059,-4.753
2025-10-28 04:35:00,0.829,65.888,-3.924
2025-10-28 06:45:00,-1.139,64.749,-5.063
2025-10-28 14:40:00,-1.084,63.665,-6.147
2025-10-28 22:45:00,0.663,64.328,-5.484
2025-10-29 13:15:00,2.139,66.467,-3.345
2025-10-29 14:00:00,-1.121,65.346,-4.466
2025-10-29 15:45:00,2.251,67.597,-2.215
2025-10-29 17:35:00,-1.074,66.523,-3.289
2025-10-29 18:35:00,-1.071,65.452,-4.36
2025-10-29 19:25:00,-1.028,64.424,-5.388
2025-10-30 03:30:00,-0.387,64.037,-5.775
2025-10-30 12:10:00,1.067,65.104,-4.708
2025-10-30 15:05:00,2.377,67.481,-2.331
2025-10-30 23:10:00,0.064,67.545,-2.267
2025-10-31 17:15:00,-1.14,66.405,-3.407
2025-10-31 19:25:00,-1.07,65.335,-4.477
2025-11-01 03:50:00,0.015,65.35,-4.462
2025-11-01 15:30:00,0.35,65.7,-4.112
2025-11-02 00:50:00,-0.503,65.197,-4.615
2025-11-02 13:00:00,-0.011,65.186,-4.626
2025-11-02 22:20:00,0.994,66.18,-3.632
2025-11-03 01:35:00,-1.116,65.064,-4.748
2025-11-03 06:10:00,2.423,67.487,-2.325
2025-11-03 14:15:00,-0.062,67.425,-2.387
2025-11-03 23:30:00,0.247,67.672,-2.14
2025-11-04 13:30:00,0.547,68.219,-1.593
2025-11-04 14:40:00,-1.093,67.126,-2.686
2025-11-05 00:50:00,0.673,67.799,-2.013
2025-11-05 02:15:00,-1.026,66.773,-3.039
2025-11-05 13:45:00,-1.063,65.71,-4.102
2025-11-06 00:55:00,-0.334,65.376,-4.436
2025-11-06 02:45:00,-1.154,64.222,-5.59
2025-11-06 05:15:00,-1.087,63.135,-6.677
2025-11-06 13:20:00,-0.133,63.002,-6.81
2025-11-06 18:45:00,-1.067,61.935,-7.877
2025-11-07 08:00:00,2.427,64.362,-5.45
2025-11-07 09:25:00,-1.063,63.299,-6.513
2025-11-07 14:45:00,-1.069,62.23,-7.582
2025-11-07 17:10:00,2.457,64.687,-5.125
2025-11-08 01:15:00,0.486,65.173,-4.639
2025-11-08 09:50:00,-1.108,64.065,-5.747
2025-11-08 13:05:00,-1.074,62.991,-6.821
2025-11-09 02:15:00,0.07,63.061,-6.751
2025-11-09 09:20:00,-1.079,61.982,-7.83
2025-11-09 09:45:00,-1.1,60.882,-8.93
2025-11-09 19:05:00,0.032,60.914,-8.898
2025-11-10 03:35:00,1.208,62.122,-7.69
2025-11-10 06:25:00,-1.123,60.999,-8.813
2025-11-10 16:40:00,-1.065,59.934,-9.878
2025-11-10 19:40:00,-1.053,58.881,-10.931
2025-11-10 21:05:00,-1.084,57.797,-12.015
2025-11-11 05:45:00,-1.044,56.753,-13.059
2025-11-11 13:50:00,1.175,57.928,-11.884
2025-11-12 03:05:00,0.778,58.706,-11.106
2025-11-12 15:50:00,-1.068,57.638,-12.174
2025-11-12 23:55:00,0.919,58.557,-11.255
2025-11-13 03:25:00,-1.183,57.374,-12.438
2025-11-13 14:00:00,-0.391,56.983,-12.829
2025-11-13 16:15:00,-1.058,55.925,-13.887
2025-11-14 00:20:00,1.405,57.33,-12.482
2025-11-14 02:15:00,-1.118,56.212,-13.6
2025-11-14 06:55:00,-1.07,55.142,-14.67
2025-11-14 12:50:00,-1.067,54.075,-15.737
2025-11-15 04:45:00,-0.641,53.434,-16.378
2025-11-15 16:05:00,1.136,54.57,-15.242
2025-11-15 17:20:00,-1.102,53.468,-16.344
2025-11-16 01:35:00,2.302,55.77,-14.042
2025-11-16 02:15:00,-1.082,54.688,-15.124
2025-11-16 11:10:00,-1.097,53.591,-16.221
2025-11-16 15:55:00,2.397,55.988,-13.824
2025-11-17 00:00:00,-0.278,55.71,-14.102
2025-11-17 13:30:00,-1.102,54.608,-15.204
2025-11-17 14:35:00,-1.092,53.516,-16.296
2025-11-18 00:05:00,1.206,54.722,-15.09
2025-11-18 08:05:00,-1.08,53.642,-16.17
2025-11-18 23:25:00,-0.121,53.521,-16.291
2025-11-19 01:20:00,-1.082,52.439,-17.373
2025-11-19 11:50:00,0.465,52.904,-16.908
2025-11-19 15:05:00,-1.089,51.815,-17.997
2025-11-19 23:50:00,-0.012,51.803,-18.009
2025-11-20 06:50:00,-1.121,50.682,-19.13
2025-11-20 09:45:00,-1.155,49.527,-20.285
2025-11-20 16:05:00,-1.112,48.415,-21.397
2025-11-21 00:15:00,0.847,49.262,-20.55
2025-11-21 07:30:00,2.435,51.697,-18.115
2025-11-21 15:35:00,-0.121,51.576,-18.236
2025-11-21 17:00:00,-1.037,50.539,-19.273
2025-11-21 21:50:00,-1.051,49.488,-20.324
2025-11-22 06:55:00,-0.501,48.987,-20.825
2025-11-22 16:35:00,-0.041,48.946,-20.866
2025-11-23 10:30:00,0.281,49.227,-20.585
2025-11-23 20:25:00,-0.299,48.928,-20.884
2025-11-24 02:05:00,-1.126,47.802,-22.01
2025-11-24 10:10:00,-0.309,47.493,-22.319
2025-11-24 14:50:00,-1.152,46.341,-23.471
2025-11-25 00:20:00,1.13,47.471,-22.341
2025-11-25 13:35:00,-1.158,46.313,-23.499
2025-11-25 15:45:00,-1.11,45.203,-24.609
2025-11-25 22:50:00,2.456,47.659,-22.153
2025-11-26 06:55:00,-0.36,47.299,-22.513
2025-11-26 08:50:00,-1.146,46.153,-23.659
2025-11-26 16:20:00,-1.105,45.048,-24.764
2025-11-27 00:25:00,0.859,45.907,-23.905
2025-11-27 05:30:00,-1.152,44.755,-25.057
2025-11-27 10:30:00,-1.149,43.606,-26.206
2025-11-27 21:20:00,2.391,45.997,-23.815
2025-11-27 22:40:00,-1.14,44.857,-24.955
2025-11-28 08:20:00,2.316,47.173,-22.639
2025-11-28 16:25:00,-0.79,46.383,-23.429
2025-11-29 01:05:00,0.511,46.894,-22.918
2025-11-29 06:30:00,2.276,49.17,-20.642
2025-11-29 14:35:00,0.28,49.45,-20.362
2025-11-29 19:05:00,-1.283,48.167,-21.645
2025-11-30 08:20:00,-1.183,46.984,-22.828
2025-11-30 12:45:00,-1.227,45.757,-24.055
2025-11-30 17:25:00,-1.108,44.649,-25.163
2025-12-01 00:05:00,2.409,47.058,-22.754
2025-12-01 08:10:00,0.619,47.677,-22.135
2025-12-01 13:00:00,-1.123,46.554,-23.258
2025-12-01 21:40:00,-1.056,45.498,-24.314
2025-12-02 01:05:00,-1.117,44.381,-25.431
2025-12-02 03:55:00,-1.126,43.255,-26.557
2025-12-02 10:45:00,-1.17,42.085,-27.727
2025-12-02 15:10:00,2.418,44.503,-25.309
2025-12-02 23:15:00,0.314,44.817,-24.995
2025-12-03 04:45:00,2.287,47.104,-22.708
2025-12-03 11:20:00,2.384,49.488,-20.324
2025-12-03 13:25:00,2.347,51.835,-17.977
2025-12-03 14:00:00,-1.099,50.736,-19.076
2025-12-03 23:35:00,-0.083,50.653,-19.159
2025-12-04 14:55:00,-1.14,49.513,-20.299
2025-12-04 17:35:00,-1.106,48.407,-21.405
2025-12-05 01:05:00,-1.1,47.307,-22.505
2025-12-05 08:40:00,2.336,49.643,-20.169
2025-12-05 14:50:00,2.396,52.039,-17.773
2025-12-05 15:00:00,-1.137,50.902,-18.91
2025-12-06 00:10:00,-0.026,50.876,-18.936
2025-12-06 20:05:00,-0.78,50.096,-19.716
2025-12-07 08:35:00,-0.098,49.998,-19.814
2025-12-07 17:15:00,-1.109,48.889,-20.923
2025-12-07 22:05:00,-1.085,47.804,-22.008
2025-12-08 06:10:00,-0.806,46.998,-22.814
2025-12-08 14:15:00,0.654,47.652,-22.16
2025-12-08 15:25:00,-1.098,46.554,-23.258
2025-12-09 03:20:00,-1.082,45.472,-24.34
2025-12-09 15:30:00,0.652,46.124,-23.688
2025-12-09 23:45:00,-0.175,45.949,-23.863
2025-12-10 10:00:00,-1.167,44.782,-25.03
2025-12-10 17:25:00,-1.082,43.7,-26.112
2025-12-10 19:00:00,2.383,46.083,-23.729
2025-12-10 22:10:00,-1.08,45.003,-24.809
2025-12-11 08:35:00,2.292,47.295,-22.517
2025-12-11 14:35:00,-1.138,46.157,-23.655
2025-12-12 04:35:00,-0.493,45.664,-24.148
2025-12-12 06:00:00,-1.188,44.476,-25.336
2025-12-12 14:15:00,-0.78,43.696,-26.116
2025-12-12 15:35:00,2.331,46.027,-23.785
2025-12-12 23:40:00,-0.128,45.899,-23.913
2025-12-13 07:15:00,-1.254,44.645,-25.167
2025-12-13 14:25:00,-1.167,43.478,-26.334
2025-12-13 22:30:00,0.05,43.528,-26.284
2025-12-14 04:35:00,-1.23,42.298,-27.514
2025-12-14 10:10:00,2.313,44.611,-25.201
2025-12-14 10:25:00,-1.355,43.256,-26.556
2025-12-14 15:05:00,2.307,45.563,-24.249
2025-12-14 23:10:00,0.12,45.683,-24.129
2025-12-15 00:20:00,-1.193,44.49,-25.322
2025-12-15 14:15:00,-1.138,43.352,-26.46
2025-12-15 16:35:00,2.419,45.771,-24.041
2025-12-16 00:40:00,-0.332,45.439,-24.373
2025-12-16 09:30:00,-0.017,45.422,-24.39
2025-12-16 22:05:00,-0.246,45.176,-24.636
2025-12-17 00:30:00,1.99,47.166,-22.646
2025-12-17 01:15:00,-1.165,46.001,-23.811
2025-12-17 10:20:00,0.698,46.699,-23.113
2025-12-17 13:45:00,-1.156,45.543,-24.269
2025-12-17 14:45:00,-1.108,44.435,-25.377
2025-12-17 16:10:00,-1.038,43.397,-26.415
2025-12-18 00:15:00,0.386,43.783,-26.029
2025-12-18 02:15:00,-1.121,42.662,-27.15
2025-12-18 08:20:00,-1.147,41.515,-28.297
2025-12-18 14:00:00,-1.05,40.465,-29.347
2025-12-18 22:45:00,1.156,41.621,-28.191
2025-12-19 02:25:00,-1.093,40.528,-29.284
2025-12-19 15:15:00,2.306,42.834,-26.978
2025-12-19 23:20:00,0.346,43.18,-26.632
2025-12-20 07:30:00,-1.216,41.964,-27.848
2025-12-20 15:35:00,-0.676,41.288,-28.524
2025-12-21 02:50:00,2.25,43.538,-26.274
2025-12-21 08:30:00,-1.122,42.416,-27.396
2025-12-21 13:30:00,2.367,44.783,-25.029
2025-12-21 21:35:00,0.067,44.85,-24.962
2025-12-22 10:10:00,-0.229,44.621,-25.191
2025-12-22 14:30:00,-1.108,43.513,-26.299
2025-12-23 01:25:00,0.507,44.02,-25.792
2025-12-23 11:10:00,0.339,44.359,-25.453
2025-12-23 16:00:00,-1.119,43.24,-26.572
2025-12-24 10:30:00,-0.18,43.06,-26.752
2025-12-24 14:35:00,2.147,45.207,-24.605
2025-12-24 14:40:00,-1.224,43.983,-25.829
2025-12-24 23:35:00,0.031,44.014,-25.798
2025-12-25 10:35:00,-1.148,42.866,-26.946
2025-12-25 15:40:00,-1.119,41.747,-28.065
2025-12-25 22:45:00,-1.087,40.66,-29.152
2025-12-26 02:20:00,-1.057,39.603,-30.209
2025-12-26 10:25:00,-0.246,39.357,-30.455
2025-12-26 14:35:00,-1.572,37.785,-32.027
2025-12-26 22:40:00,1.203,38.988,-30.824
2025-12-27 11:25:00,0.467,39.455,-30.357
2025-12-27 19:35:00,0.191,39.646,-30.166
2025-12-28 00:00:00,2.343,41.989,-27.823
2025-12-28 08:05:00,-0.268,41.721,-28.091
2025-12-28 18:00:00,-1.142,40.579,-29.233
2025-12-29 00:20:00,2.328,42.907,-26.905
2025-12-29 08:25:00,0.762,43.669,-26.143
2025-12-29 09:35:00,-1.152,42.517,-27.295
2025-12-29 12:05:00,-1.063,41.454,-28.358
2025-12-29 14:30:00,-1.114,40.34,-29.472
2025-12-30 00:30:00,1.194,41.534,-28.278
2025-12-30 08:00:00,-1.174,40.36,-29.452
2025-12-30 14:45:00,-1.167,39.193,-30.619
2025-12-31 02:55:00,0.738,39.931,-29.881
2025-12-31 16:40:00,2.391,42.322,-27.49
2026-01-01 00:45:00,-0.191,42.131,-27.681
2026-01-01 12:05:00,-1.375,40.756,-29.056
2026-01-01 15:40:00,2.327,43.083,-26.729
2026-01-01 20:00:00,2.417,45.5,-24.312
2026-01-02 04:05:00,1.219,46.719,-23.093
2026-01-02 12:45:00,2.409,49.128,-20.684
2026-01-02 20:50:00,1.427,50.555,-19.257
2026-01-02 22:10:00,-1.098,49.457,-20.355
2026-01-03 16:50:00,2.361,51.818,-17.994
2026-01-04 00:55:00,0.374,52.192,-17.62
2026-01-04 03:15:00,2.402,54.594,-15.218
2026-01-04 09:20:00,2.441,57.035,-12.777
2026-01-04 15:30:00,2.435,59.47,-10.342
2026-01-04 23:35:00,0.168,59.638,-10.174
2026-01-05 15:05:00,-1.184,58.454,-11.358
2026-01-05 16:10:00,2.435,60.889,-8.923
2026-01-06 00:15:00,-0.146,60.743,-9.069
2026-01-06 09:30:00,-0.608,60.135,-9.677
2026-01-06 15:45:00,-1.087,59.048,-10.764
2026-01-07 00:10:00,0.443,59.491,-10.321
2026-01-07 08:05:00,-1.093,58.398,-11.414
2026-01-07 10:15:00,-1.044,57.354,-12.458
2026-01-07 18:20:00,0.464,57.818,-11.994
2026-01-07 21:15:00,-1.117,56.701,-13.111
2026-01-08 14:20:00,1.536,58.237,-11.575
2026-01-08 15:05:00,-1.086,57.151,-12.661
2026-01-09 13:30:00,-1.115,56.036,-13.776
2026-01-09 15:25:00,-1.078,54.958,-14.854
2026-01-09 18:20:00,-1.043,53.915,-15.897
2026-01-10 02:35:00,-0.009,53.906,-15.906
2026-01-10 06:45:00,-1.196,52.71,-17.102
2026-01-10 22:05:00,-1.168,51.542,-18.27
2026-01-11 06:10:00,0.097,51.639,-18.173
2026-01-11 13:55:00,-1.154,50.485,-19.327
2026-01-11 20:05:00,2.362,52.847,-16.965
2026-01-12 01:20:00,-1.08,51.767,-18.045
2026-01-12 07:30:00,-1.096,50.671,-19.141
2026-01-12 15:35:00,-0.181,50.49,-19.322
2026-01-13 03:40:00,-1.088,49.402,-20.41
2026-01-13 11:45:00,0.221,49.623,-20.189
2026-01-13 22:05:00,2.408,52.031,-17.781
2026-01-14 06:15:00,-0.91,51.121,-18.691
2026-01-14 14:50:00,-1.078,50.043,-19.769
2026-01-14 22:55:00,-0.789,49.254,-20.558
2026-01-15 03:30:00,2.365,51.619,-18.193
2026-01-15 11:35:00,-0.252,51.367,-18.445
2026-01-15 15:45:00,2.378,53.745,-16.067
2026-01-15 23:50:00,-0.365,53.38,-16.432
2026-01-16 07:25:00,-1.133,52.247,-17.565
2026-01-16 13:30:00,2.184,54.431,-15.381
2026-01-16 15:30:00,2.357,56.788,-13.024
2026-01-16 20:25:00,-1.043,55.745,-14.067
2026-01-17 04:30:00,0.898,56.643,-13.169
2026-01-17 11:05:00,-1.229,55.414,-14.398
2026-01-17 12:25:00,-1.251,54.163,-15.649
2026-01-17 17:50:00,-1.123,53.04,-16.772
2026-01-18 00:10:00,-1.139,51.901,-17.911
2026-01-18 09:10:00,0.576,52.477,-17.335
2026-01-19 00:00:00,2.413,54.89,-14.922
2026-01-19 08:05:00,0.047,54.937,-14.875
2026-01-19 14:30:00,-1.152,53.785,-16.027
2026-01-19 23:40:00,-1.099,52.686,-17.126
2026-01-20 02:20:00,-1.07,51.616,-18.196
2026-01-20 05:45:00,-1.084,50.532,-19.28
2026-01-20 14:55:00,0.418,50.95,-18.862
2026-01-21 00:50:00,-0.735,50.215,-19.597
2026-01-21 07:35:00,-1.14,49.075,-20.737
2026-01-21 14:15:00,-1.118,47.957,-21.855
2026-01-21 16:40:00,-1.057,46.9,-22.912
2026-01-21 19:40:00,-1.028,45.872,-23.94
2026-01-22 03:45:00,-0.184,45.688,-24.124
2026-01-22 06:25:00,2.219,47.907,-21.905
2026-01-22 09:45:00,-1.115,46.792,-23.02
2026-01-22 13:40:00,-1.109,45.683,-24.129
2026-01-22 22:05:00,0.401,46.084,-23.728
2026-01-23 01:30:00,-1.17,44.914,-24.898
2026-01-23 08:30:00,-1.233,43.681,-26.131
2026-01-23 15:45:00,-1.11,42.571,-27.241
2026-01-23 23:50:00,-0.325,42.246,-27.566
2026-01-24 03:10:00,-1.171,41.075,-28.737
2026-01-24 13:10:00,-1.208,39.867,-29.945
2026-01-24 21:15:00,0.147,40.014,-29.798
2026-01-25 01:30:00,2.066,42.08,-27.732
2026-01-25 09:35:00,0.156,42.236,-27.576
2026-01-25 16:05:00,2.288,44.524,-25.288
2026-01-26 00:10:00,0.843,45.367,-24.445
2026-01-26 14:35:00,-1.119,44.248,-25.564
2026-01-26 22:40:00,-0.006,44.242,-25.57
2026-01-27 06:40:00,-1.091,43.151,-26.661
2026-01-27 14:50:00,0.611,43.762,-26.05
2026-01-28 00:10:00,0.413,44.175,-25.637
2026-01-28 07:30:00,-1.242,42.933,-26.879
2026-01-28 15:15:00,-1.079,41.854,-27.958
2026-01-28 20:25:00,-1.09,40.764,-29.048
2026-01-29 02:30:00,2.371,43.135,-26.677
2026-01-29 10:35:00,0.822,43.957,-25.855
2026-01-29 14:25:00,2.202,46.159,-23.653
2026-01-29 14:55:00,2.336,48.495,-21.317
2026-01-29 23:00:00,0.136,48.631,-21.181
2026-01-30 09:45:00,0.041,48.672,-21.14
2026-01-30 18:55:00,-1.093,47.579,-22.233
2026-01-31 07:35:00,2.35,49.929,-19.883
2026-01-31 14:20:00,2.391,52.32,-17.492
2026-01-31 17:10:00,2.442,54.762,-15.05
2026-02-01 01:15:00,-0.61,54.152,-15.66
2026-02-01 10:10:00,-1.107,53.045,-16.767
2026-02-01 18:45:00,0.329,53.374,-16.438
2026-02-02 00:15:00,-1.056,52.318,-17.494
2026-02-02 04:30:00,-1.029,51.289,-18.523
2026-02-02 15:15:00,2.361,53.65,-16.162
2026-02-02 23:20:00,-0.279,53.371,-16.441
2026-02-03 04:40:00,-1.122,52.249,-17.563
2026-02-03 06:15:00,-1.1,51.149,-18.663
2026-02-03 09:10:00,-1.102,50.047,-19.765
2026-02-03 15:25:00,-1.047,49.0,-20.812
2026-02-03 16:45:00,-1.065,47.935,-21.877
2026-02-04 00:50:00,0.123,48.058,-21.754
2026-02-04 16:35:00,2.409,50.467,-19.345
2026-02-04 18:35:00,-1.053,49.414,-20.398
2026-02-05 06:05:00,0.34,49.754,-20.058
2026-02-05 14:30:00,1.176,50.93,-18.882
2026-02-05 18:15:00,2.456,53.386,-16.426
2026-02-06 00:10:00,2.461,55.847,-13.965
2026-02-06 02:00:00,-1.01,54.837,-14.975
2026-02-06 16:30:00,2.428,57.265,-12.547
2026-02-07 00:35:00,-0.434,56.831,-12.981
2026-02-07 04:40:00,-1.12,55.711,-14.101
2026-02-07 15:10:00,-0.189,55.522,-14.29
2026-02-08 00:10:00,0.055,55.577,-14.235
2026-02-08 08:30:00,-1.155,54.422,-15.39
2026-02-08 16:35:00,-1.049,53.373,-16.439
2026-02-08 23:05:00,-1.086,52.287,-17.525
2026-02-09 07:40:00,-0.065,52.222,-17.59
2026-02-09 08:30:00,2.333,54.555,-15.257
2026-02-09 16:35:00,-0.455,54.1,-15.712
2026-02-10 01:40:00,-0.484,53.616,-16.196
2026-02-10 11:20:00,0.685,54.301,-15.511
2026-02-11 02:50:00,-0.676,53.625,-16.187
2026-02-11 06:10:00,2.384,56.009,-13.803
2026-02-11 14:10:00,-1.054,54.955,-14.857
2026-02-11 23:10:00,-0.514,54.441,-15.371
2026-02-12 09:05:00,1.381,55.822,-13.99
2026-02-12 16:00:00,-1.108,54.714,-15.098
2026-02-13 00:05:00,0.455,55.169,-14.643
2026-02-13 14:30:00,2.397,57.566,-12.246
2026-02-13 15:25:00,2.405,59.971,-9.841
2026-02-13 23:30:00,-0.08,59.891,-9.921
2026-02-14 11:35:00,1.364,61.255,-8.557
2026-02-14 18:00:00,2.44,63.695,-6.117
2026-02-14 21:10:00,2.411,66.106,-3.706
2026-02-15 05:15:00,-0.071,66.035,-3.777
2026-02-15 13:45:00,2.407,68.442,-1.37
2026-02-15 21:50:00,0.24,68.682,-1.13
2026-02-16 11:10:00,-1.101,67.581,-2.231
2026-02-16 12:50:00,-1.066,66.515,-3.297
2026-02-16 21:55:00,-1.073,65.442,-4.37
2026-02-17 00:05:00,-1.104,64.338,-5.474
2026-02-17 02:10:00,-1.203,63.135,-6.677
2026-02-17 13:20:00,-1.135,62.0,-7.812
2026-02-17 16:15:00,-1.059,60.941,-8.871
2026-02-18 02:35:00,-1.144,59.797,-10.015
2026-02-18 10:20:00,-1.114,58.683,-11.129
2026-02-18 15:35:00,-1.137,57.546,-12.266
2026-02-19 02:10:00,0.927,58.473,-11.339
2026-02-19 16:35:00,0.208,58.681,-11.131
2026-02-20 05:50:00,-1.083,57.598,-12.214
2026-02-20 12:25:00,-1.18,56.418,-13.394
2026-02-20 14:40:00,-1.136,55.282,-14.53
2026-02-20 23:05:00,0.163,55.445,-14.367
2026-02-21 00:30:00,-1.272,54.173,-15.639
2026-02-21 09:25:00,2.361,56.534,-13.278
2026-02-21 11:30:00,-1.08,55.454,-14.358
2026-02-22 00:20:00,2.18,57.634,-12.178
2026-02-22 06:20:00,2.378,60.012,-9.8
2026-02-22 14:25:00,0.333,60.345,-9.467
2026-02-22 15:30:00,-1.225,59.12,-10.692
2026-02-22 21:45:00,-1.274,57.846,-11.966
2026-02-23 09:00:00,0.357,58.203,-11.609
2026-02-23 14:15:00,-1.089,57.114,-12.698
2026-02-23 22:20:00,0.906,58.02,-11.792
2026-02-24 09:10:00,1.101,59.121,-10.691
2026-02-25 01:20:00,2.403,61.524,-8.288
2026-02-25 09:25:00,-0.371,61.153,-8.659
2026-02-25 13:45:00,2.363,63.516,-6.296
2026-02-25 17:10:00,2.429,65.945,-3.867
2026-02-25 23:20:00,-1.062,64.883,-4.929
2026-02-26 05:10:00,-1.127,63.756,-6.056
2026-02-26 15:15:00,2.373,66.129,-3.683
2026-02-26 23:20:00,0.308,66.437,-3.375
2026-02-27 04:00:00,-1.089,65.348,-4.464
2026-02-27 18:05:00,1.87,67.218,-2.594
2026-02-27 21:20:00,-1.095,66.123,-3.689
2026-02-27 23:00:00,-1.067,65.056,-4.756
2026-02-28 06:15:00,2.197,67.253,-2.559
2026-02-28 14:20:00,0.443,67.696,-2.116
2026-03-01 04:25:00,0.472,68.168,-1.644
2026-03-01 09:45:00,2.32,70.488,0.0
2026-03-01 17:50:00,1.668,72.156,0.0
2026-03-01 22:10:00,-1.084,71.072,-1.084
2026-03-02 14:45:00,-1.062,70.01,-2.146
2026-03-02 23:10:00,-0.704,69.306,-2.85
2026-03-03 07:15:00,1.286,70.592,-1.564
2026-03-03 14:20:00,-1.102,69.49,-2.666
2026-03-03 22:00:00,-1.113,68.377,-3.779
2026-03-04 01:40:00,-1.086,67.291,-4.865
2026-03-04 07:25:00,-1.118,66.173,-5.983
2026-03-04 15:30:00,2.428,68.601,-3.555
2026-03-04 23:35:00,-0.081,68.52,-3.636
2026-03-05 12:15:00,-1.105,67.415,-4.741
2026-03-05 23:20:00,0.436,67.851,-4.305
2026-03-06 01:30:00,-1.129,66.722,-5.434
2026-03-06 09:35:00,-1.03,65.692,-6.464
2026-03-06 14:35:00,2.403,68.095,-4.061
2026-03-06 22:40:00,-0.276,67.819,-4.337
2026-03-07 03:10:00,-1.176,66.643,-5.513
2026-03-07 08:15:00,-1.206,65.437,-6.719
2026-03-07 22:05:00,0.85,66.287,-5.869
2026-03-08 06:25:00,1.088,67.375,-4.781
2026-03-08 12:25:00,-1.096,66.279,-5.877
2026-03-08 20:35:00,-1.101,65.178,-6.978
2026-03-09 00:35:00,-1.049,64.129,-8.027
2026-03-09 07:00:00,-1.08,63.049,-9.107
2026-03-09 13:25:00,-1.069,61.98,-10.176
2026-03-09 21:45:00,0.41,62.39,-9.766
2026-03-10 09:30:00,2.428,64.818,-7.338
2026-03-10 15:25:00,2.449,67.267,-4.889
2026-03-10 18:35:00,-1.021,66.246,-5.91
2026-03-11 05:40:00,-1.113,65.133,-7.023
2026-03-11 12:20:00,2.338,67.471,-4.685
2026-03-11 20:25:00,0.27,67.741,-4.415
2026-03-12 10:45:00,2.409,70.15,-2.006
2026-03-12 18:50:00,-0.574,69.576,-2.58
2026-03-13 03:50:00,0.391,69.967,-2.189
2026-03-13 12:45:00,2.419,72.386,0.0
2026-03-13 14:10:00,-1.053,71.333,-1.053
2026-03-13 21:35:00,-1.143,70.19,-2.196
2026-03-14 06:05:00,-0.006,70.184,-2.202
2026-03-14 14:05:00,-1.181,69.003,-3.383
2026-03-14 20:10:00,2.11,71.113,-1.273
2026-03-15 02:00:00,-1.124,69.989,-2.397
2026-03-15 04:30:00,-1.141,68.848,-3.538
2026-03-15 11:20:00,-1.189,67.659,-4.727
2026-03-15 16:25:00,2.209,69.868,-2.518
2026-03-15 17:50:00,-1.168,68.7,-3.686
2026-03-16 00:45:00,2.385,71.085,-1.301
2026-03-16 06:50:00,2.432,73.517,0.0
2026-03-16 10:45:00,-1.084,72.433,-1.084
2026-03-16 21:00:00,-1.097,71.336,-2.181
2026-03-17 03:15:00,-1.13,70.206,-3.311
2026-03-17 07:15:00,-1.106,69.1,-4.417
2026-03-17 10:05:00,-1.145,67.955,-5.562
2026-03-17 12:55:00,2.361,70.316,-3.201
2026-03-17 18:05:00,-1.057,69.259,-4.258
2026-03-18 02:10:00,0.598,69.857,-3.66
2026-03-18 07:00:00,-1.073,68.784,-4.733
2026-03-18 12:00:00,2.379,71.163,-2.354
2026-03-18 20:05:00,1.42,72.583,-0.934
2026-03-19 07:20:00,2.254,74.837,0.0
2026-03-19 15:25:00,0.557,75.394,0.0
2026-03-20 01:35:00,2.328,77.722,0.0
2026-03-20 05:15:00,2.435,80.157,0.0
2026-03-20 07:00:00,-1.036,79.121,-1.036
2026-03-20 13:55:00,-1.054,78.067,-2.09
2026-03-20 19:35:00,-1.074,76.993,-3.164
2026-03-21 10:30:00,-0.102,76.891,-3.266
2026-03-21 15:20:00,-1.145,75.746,-4.411
2026-03-21 23:25:00,-0.463,75.283,-4.874
2026-03-22 07:50:00,1.613,76.896,-3.261
2026-03-22 16:15:00,-0.008,76.888,-3.269
2026-03-23 01:05:00,-1.17,75.718,-4.439
2026-03-23 11:05:00,-1.064,74.654,-5.503
2026-03-23 19:10:00,0.351,75.005,-5.152
2026-03-23 22:30:00,-1.11,73.895,-6.262
2026-03-24 14:50:00,-1.091,72.804,-7.353
2026-03-25 03:10:00,-0.113,72.691,-7.466
2026-03-25 12:15:00,-1.188,71.503,-8.654
2026-03-26 02:05:00,-1.14,70.363,-9.794
2026-03-26 07:30:00,2.367,72.73,-7.427
2026-03-26 11:55:00,2.258,74.988,-5.169
2026-03-26 13:45:00,-1.12,73.868,-6.289
2026-03-26 20:10:00,-1.143,72.725,-7.432
2026-03-27 10:35:00,2.373,75.098,-5.059
2026-03-27 18:40:00,0.285,75.383,-4.774
2026-03-28 07:30:00,-1.154,74.229,-5.928
2026-03-28 13:40:00,-1.151,73.078,-7.079
2026-03-28 21:45:00,0.373,73.451,-6.706
2026-03-29 07:10:00,1.236,74.687,-5.47
2026-03-29 18:30:00,0.017,74.704,-5.453
2026-03-29 22:40:00,-1.12,73.584,-6.573
2026-03-30 00:15:00,-1.063,72.521,-7.636
2026-03-30 08:20:00,2.442,74.963,-5.194
2026-03-30 09:25:00,-1.058,73.905,-6.252
2026-03-30 18:05:00,-1.074,72.831,-7.326
2026-03-31 01:30:00,-1.122,71.709,-8.448
2026-03-31 04:10:00,-1.095,70.614,-9.543
2026-03-31 12:15:00,-0.41,70.204,-9.953
2026-03-31 14:50:00,-1.119,69.085,-11.072
2026-03-31 17:10:00,-1.081,68.004,-12.153
2026-04-01 01:15:00,-0.275,67.729,-12.428
2026-04-01 05:55:00,-1.118,66.611,-13.546
2026-04-01 14:00:00,0.614,67.225,-12.932
2026-04-01 18:00:00,-1.157,66.068,-14.089
2026-04-02 01:30:00,2.345,68.413,-11.744
2026-04-02 09:35:00,0.389,68.802,-11.355
2026-04-02 14:05:00,-1.162,67.64,-12.517
2026-04-03 01:25:00,-1.076,66.564,-13.593
2026-04-03 03:30:00,-1.137,65.427,-14.73
2026-04-03 10:00:00,2.409,67.836,-12.321
2026-04-03 10:20:00,-1.122,66.714,-13.443
2026-04-03 23:05:00,-1.194,65.52,-14.637
2026-04-04 02:45:00,2.246,67.766,-12.391
2026-04-04 04:40:00,-1.241,66.525,-13.632
2026-04-04 15:05:00,-1.332,65.193,-14.964
2026-04-05 01:20:00,-0.139,65.054,-15.103
2026-04-05 05:20:00,2.127,67.181,-12.976
2026-04-05 06:05:00,2.151,69.332,-10.825
2026-04-05 14:10:00,0.011,69.343,-10.814
2026-04-05 23:05:00,2.299,71.642,-8.515
2026-04-06 07:10:00,0.562,72.204,-7.953
2026-04-06 10:15:00,2.214,74.418,-5.739
2026-04-06 13:35:00,-1.13,73.288,-6.869
2026-04-06 21:55:00,2.052,75.34,-4.817
2026-04-06 22:55:00,2.308,77.648,-2.509
2026-04-07 07:00:00,-0.228,77.42,-2.737
2026-04-07 17:35:00,-1.131,76.289,-3.868
2026-04-07 22:55:00,2.431,78.72,-1.437
2026-04-08 07:00:00,-0.213,78.507,-1.65
2026-04-08 11:30:00,-1.206,77.301,-2.856
2026-04-08 21:35:00,-1.169,76.132,-4.025
2026-04-08 23:00:00,-1.115,75.017,-5.14
2026-04-09 07:05:00,0.968,75.985,-4.172
2026-04-09 15:15:00,-1.235,74.75,-5.407
2026-04-09 23:30:00,-1.081,73.669,-6.488
2026-04-10 07:35:00,-0.05,73.619,-6.538
2026-04-10 11:35:00,-1.202,72.417,-7.74
2026-04-10 22:20:00,0.577,72.994,-7.163
2026-04-11 03:40:00,-1.316,71.678,-8.479
2026-04-11 04:15:00,-1.169,70.509,-9.648
2026-04-11 14:30:00,-0.149,70.36,-9.797
2026-04-11 16:40:00,2.259,72.619,-7.538
2026-04-11 23:05:00,-1.131,71.488,-8.669
2026-04-12 07:10:00,1.09,72.578,-7.579
2026-04-12 17:50:00,-1.289,71.289,-8.868
2026-04-13 00:25:00,-1.147,70.142,-10.015
2026-04-13 12:50:00,-1.125,69.017,-11.14
2026-04-13 19:30:00,-1.162,67.855,-12.302
2026-04-13 23:25:00,2.413,70.268,-9.889
2026-04-14 01:00:00,-1.08,69.188,-10.969
2026-04-14 14:30:00,2.342,71.53,-8.627
2026-04-14 15:25:00,-1.081,70.449,-9.708
2026-04-15 02:20:00,0.097,70.546,-9.611
2026-04-15 10:45:00,-1.128,69.418,-10.739
2026-04-15 19:50:00,1.548,70.966,-9.191
2026-04-16 04:25:00,2.385,73.351,-6.806
2026-04-16 10:00:00,-1.074,72.277,-7.88
2026-04-16 13:50:00,-1.078,71.199,-8.958
2026-04-17 00:05:00,0.393,71.592,-8.565
2026-04-17 12:30:00,2.353,73.945,-6.212
2026-04-17 13:15:00,2.383,76.328,-3.829
2026-04-17 21:20:00,-0.449,75.879,-4.278
2026-04-18 16:35:00,1.278,77.157,-3.0
2026-04-19 00:55:00,0.338,77.495,-2.662
2026-04-19 05:30:00,-1.119,76.376,-3.781
2026-04-19 23:35:00,1.437,77.813,-2.344
2026-04-20 07:20:00,-1.077,76.736,-3.421
2026-04-20 18:20:00,-1.073,75.663,-4.494
2026-04-20 23:00:00,-1.15,74.513,-5.644
2026-04-21 05:05:00,-1.154,73.359,-6.798
2026-04-21 13:10:00,0.558,73.917,-6.24
2026-04-21 15:35:00,-1.119,72.798,-7.359
2026-04-21 23:45:00,-1.067,71.731,-8.426
2026-04-22 07:50:00,1.616,73.347,-6.81
2026-04-22 10:10:00,-1.149,72.198,-7.959
2026-04-22 18:50:00,-0.241,71.957,-8.2
2026-04-23 03:30:00,2.339,74.296,-5.861
2026-04-23 05:00:00,-1.147,73.149,-7.008
2026-04-23 11:50:00,-1.128,72.021,-8.136
2026-04-23 17:35:00,-1.125,70.896,-9.261
2026-04-24 01:40:00,-0.708,70.188,-9.969
2026-04-24 03:20:00,-1.199,68.989,-11.168
2026-04-24 08:20:00,-1.106,67.883,-12.274
2026-04-24 16:25:00,1.574,69.457,-10.7
2026-04-24 20:25:00,-1.166,68.291,-11.866
2026-04-25 03:25:00,-1.328,66.963,-13.194
2026-04-25 05:05:00,-1.196,65.767,-14.39
2026-04-25 11:40:00,-1.16,64.607,-15.55
2026-04-25 13:10:00,-1.273,63.334,-16.823
2026-04-25 23:55:00,-0.193,63.141,-17.016
2026-04-26 13:15:00,-0.451,62.69,-17.467
2026-04-26 19:15:00,-1.214,61.476,-18.681
2026-04-26 21:30:00,-1.314,60.162,-19.995
2026-04-27 05:20:00,-1.141,59.021,-21.136
2026-04-27 13:25:00,0.412,59.433,-20.724
2026-04-27 23:20:00,-0.602,58.831,-21.326
2026-04-28 04:15:00,-1.172,57.659,-22.498
2026-04-28 07:15:00,-1.126,56.533,-23.624
2026-04-28 15:20:00,-0.021,56.512,-23.645
2026-04-29 03:05:00,1.083,57.595,-22.562
2026-04-29 09:10:00,2.321,59.916,-20.241
2026-04-29 09:30:00,2.349,62.265,-17.892
2026-04-29 13:35:00,-1.044,61.221,-18.936
2026-04-29 22:20:00,0.518,61.739,-18.418
2026-04-30 00:40:00,2.282,64.021,-16.136
2026-04-30 05:25:00,-1.083,62.938,-17.219
2026-04-30 09:35:00,2.374,65.312,-14.845
2026-04-30 10:35:00,-1.071,64.241,-15.916
2026-04-30 21:00:00,-1.093,63.148,-17.009
2026-05-01 00:15:00,-1.229,61.919,-18.238
2026-05-01 03:15:00,2.328,64.247,-15.91
2026-05-01 09:45:00,-1.105,63.142,-17.015
2026-05-01 20:30:00,-0.978,62.164,-17.993
2026-05-02 04:40:00,0.948,63.112,-17.045
2026-05-02 06:55:00,-1.208,61.904,-18.253
2026-05-02 21:15:00,0.112,62.016,-18.141
2026-05-02 23:55:00,-1.203,60.813,-19.344
2026-05-03 08:20:00,0.627,61.44,-18.717
2026-05-03 11:40:00,-1.215,60.225,-19.932
2026-05-03 16:35:00,-1.288,58.937,-21.22
2026-05-03 22:00:00,-1.237,57.7,-22.457
2026-05-04 01:30:00,-1.094,56.606,-23.551
2026-05-04 09:35:00,0.114,56.72,-23.437
2026-05-04 18:05:00,-0.62,56.1,-24.057
2026-05-04 21:20:00,-1.195,54.905,-25.252
2026-05-05 00:00:00,-1.344,53.561,-26.596
2026-05-05 06:55:00,-1.221,52.34,-27.817
2026-05-05 15:35:00,0.189,52.529,-27.628
2026-05-05 21:00:00,2.211,54.74,-25.417
2026-05-06 05:05:00,1.182,55.922,-24.235
2026-05-06 13:25:00,-1.102,54.82,-25.337
2026-05-06 20:45:00,-1.176,53.644,-26.513
2026-05-06 23:00:00,-1.09,52.554,-27.603
2026-05-07 08:35:00,-0.419,52.135,-28.022
2026-05-07 21:50:00,0.265,52.4,-27.757
2026-05-08 08:35:00,-1.19,51.21,-28.947
2026-05-08 13:40:00,-1.129,50.081,-30.076
2026-05-08 14:15:00,-1.127,48.954,-31.203
2026-05-08 22:20:00,1.382,50.336,-29.821
2026-05-09 07:45:00,-1.129,49.207,-30.95
2026-05-09 17:30:00,-1.207,48.0,-32.157
2026-05-09 23:25:00,-1.147,46.853,-33.304
2026-05-10 04:55:00,-1.168,45.685,-34.472
2026-05-10 08:05:00,2.205,47.89,-32.267
2026-05-10 14:50:00,2.339,50.229,-29.928
2026-05-10 20:45:00,-1.074,49.155,-31.002
2026-05-11 00:10:00,-1.152,48.003,-32.154
2026-05-11 06:45:00,-1.321,46.682,-33.475
2026-05-11 14:30:00,-1.104,45.578,-34.579
2026-05-12 00:15:00,-0.447,45.131,-35.026
2026-05-12 07:00:00,-1.202,43.929,-36.228
2026-05-12 10:30:00,2.287,46.216,-33.941
2026-05-12 18:35:00,1.021,47.237,-32.92
2026-05-13 00:15:00,-1.254,45.983,-34.174
2026-05-13 11:05:00,-1.231,44.752,-35.405
2026-05-13 14:00:00,2.412,47.164,-32.993
2026-05-13 22:05:00,0.396,47.56,-32.597
2026-05-13 22:45:00,-1.149,46.411,-33.746
2026-05-14 11:10:00,-0.101,46.31,-33.847
2026-05-14 12:30:00,-1.393,44.917,-35.24
2026-05-14 18:25:00,2.385,47.302,-32.855
2026-05-14 23:05:00,-1.062,46.24,-33.917
2026-05-15 05:30:00,2.366,48.606,-31.551
2026-05-15 13:35:00,1.298,49.904,-30.253
2026-05-15 21:40:00,-0.064,49.84,-30.317
2026-05-16 04:30:00,2.095,51.935,-28.222
2026-05-16 09:15:00,2.391,54.326,-25.831
2026-05-16 17:20:00,0.359,54.685,-25.472
2026-05-16 23:05:00,1.887,56.572,-23.585
2026-05-17 01:35:00,2.238,58.81,-21.347
2026-05-17 05:05:00,-1.099,57.711,-22.446
2026-05-17 16:20:00,0.122,57.833,-22.324
2026-05-17 21:30:00,-1.151,56.682,-23.475
2026-05-17 23:40:00,2.409,59.091,-21.066
2026-05-18 07:45:00,-0.027,59.064,-21.093
2026-05-18 11:40:00,-1.138,57.926,-22.231
2026-05-18 17:45:00,-1.094,56.832,-23.325
2026-05-18 19:00:00,-1.107,55.725,-24.432
2026-05-19 13:30:00,-1.314,54.411,-25.746
2026-05-19 22:50:00,0.245,54.656,-25.501
2026-05-20 13:15:00,0.176,54.832,-25.325
2026-05-20 22:55:00,-0.378,54.454,-25.703
2026-05-21 08:15:00,1.191,55.645,-24.512
2026-05-21 17:20:00,-1.132,54.513,-25.644
2026-05-22 01:30:00,-0.222,54.291,-25.866
2026-05-22 07:00:00,-1.166,53.125,-27.032
2026-05-22 14:15:00,-1.17,51.955,-28.202
2026-05-22 22:20:00,1.387,53.342,-26.815
2026-05-23 07:30:00,1.879,55.221,-24.936
2026-05-23 07:50:00,2.328,57.549,-22.608
2026-05-23 15:55:00,-0.728,56.821,-23.336
2026-05-24 04:40:00,-0.541,56.28,-23.877
2026-05-24 06:50:00,-1.225,55.055,-25.102
2026-05-24 14:10:00,2.183,57.238,-22.919
2026-05-24 22:15:00,0.279,57.517,-22.64
2026-05-25 04:45:00,-1.123,56.394,-23.763
2026-05-25 13:10:00,-0.162,56.232,-23.925
2026-05-25 16:10:00,-1.184,55.048,-25.109
2026-05-26 00:50:00,2.332,57.38,-22.777
2026-05-26 05:35:00,-1.123,56.257,-23.9
2026-05-26 16:10:00,-1.106,55.151,-25.006
2026-05-27 00:15:00,0.106,55.257,-24.9
2026-05-27 08:25:00,-1.135,54.122,-26.035
2026-05-27 15:30:00,-1.161,52.961,-27.196
2026-05-27 21:45:00,2.307,55.268,-24.889
2026-05-28 05:50:00,1.695,56.963,-23.194
2026-05-28 16:45:00,-1.106,55.857,-24.3
2026-05-28 20:30:00,-1.147,54.71,-25.447
2026-05-29 05:10:00,-1.228,53.482,-26.675
2026-05-29 11:40:00,-1.182,52.3,-27.857
2026-05-29 13:10:00,2.279,54.579,-25.578
2026-05-29 15:15:00,-1.11,53.469,-26.688
2026-05-29 23:20:00,0.145,53.614,-26.543
2026-05-30 08:40:00,0.448,54.062,-26.095
