entry_time,exit_time,side,entry,exit,sl,tp,R,net_R,reason,hold_bars
2022-01-01 04:05:00,2022-01-01 05:20:00,S,0.033665,0.03381473401064927,0.03381473401064927,0.03329066497337682,-1.0,-1.247,sl,15
2022-01-01 15:40:00,2022-01-01 23:40:00,L,0.034005,0.03405,0.033650581671136784,0.034891045822158046,0.127,0.021,time,96
2022-01-02 04:05:00,2022-01-02 09:20:00,S,0.03371,0.03404117762523873,0.03404117762523873,0.03288205593690317,-1.0,-1.112,sl,63
2022-01-02 09:25:00,2022-01-02 17:25:00,L,0.034035,0.03426,0.0337792585744923,0.03467435356376926,0.88,0.733,time,96
2022-01-02 23:05:00,2022-01-03 00:30:00,L,0.034035,0.03388730355264421,0.03388730355264421,0.03440424111838949,-1.0,-1.253,sl,17
2022-01-03 02:15:00,2022-01-03 10:00:00,S,0.033685,0.033920834138689994,0.033920834138689994,0.033095414653275014,-1.0,-1.157,sl,93
2022-01-03 11:20:00,2022-01-03 16:05:00,L,0.033965,0.03378086314439647,0.03378086314439647,0.03442534213900884,-1.0,-1.203,sl,57
2022-01-03 16:10:00,2022-01-03 16:50:00,S,0.033795,0.03319803198200488,0.034033787207198046,0.03319803198200488,2.5,2.344,tp,8
2022-01-03 16:55:00,2022-01-04 00:55:00,S,0.03339,0.03277,0.034015030173635684,0.0318274245659108,0.992,0.933,time,96
2022-01-04 02:15:00,2022-01-04 08:00:00,S,0.032445,0.03296685282813801,0.03296685282813801,0.031140367929654987,-1.0,-1.068,sl,69
2022-01-04 14:50:00,2022-01-04 15:55:00,L,0.03342,0.03316287058079547,0.03316287058079547,0.034062823548011316,-1.0,-1.143,sl,13
2022-01-04 18:30:00,2022-01-05 02:30:00,S,0.032845,0.03257,0.03330906943580403,0.031684826410489926,0.593,0.515,time,96
2022-01-05 11:25:00,2022-01-05 17:40:00,S,0.03268,0.03207928882255042,0.03292028447097983,0.03207928882255042,2.5,2.35,tp,75
2022-01-05 17:45:00,2022-01-05 19:45:00,S,0.0318,0.029571280176362947,0.032691487929454824,0.029571280176362947,2.5,2.461,tp,24
2022-01-05 19:50:00,2022-01-06 03:50:00,S,0.03017,0.02953,0.03198137258201791,0.02564156854495523,0.353,0.335,time,96
2022-01-06 04:00:00,2022-01-06 04:55:00,S,0.029255,0.029835830217735528,0.029835830217735528,0.02780292445566118,-1.0,-1.055,sl,11
2022-01-06 09:30:00,2022-01-06 13:00:00,S,0.02961,0.03003670769572236,0.03003670769572236,0.0285432307606941,-1.0,-1.076,sl,42
2022-01-06 19:55:00,2022-01-07 02:35:00,L,0.03092,0.03033387470498579,0.03033387470498579,0.032385313237535525,-1.0,-1.058,sl,80
2022-01-07 03:00:00,2022-01-07 03:20:00,S,0.03032,0.02949358371808121,0.030650566512767517,0.02949358371808121,2.5,2.399,tp,4
2022-01-07 03:25:00,2022-01-07 11:25:00,S,0.029785,0.029535,0.030606054579390935,0.027732363551522657,0.304,0.265,time,96
2022-01-07 11:45:00,2022-01-07 12:30:00,S,0.02941,0.02968940518551608,0.02968940518551608,0.028711487036209793,-1.0,-1.116,sl,9
2022-01-07 13:40:00,2022-01-07 21:40:00,S,0.02915,0.02918,0.029844913619065817,0.027412715952335454,-0.043,-0.089,time,96
2022-01-07 23:25:00,2022-01-08 00:00:00,S,0.0289,0.029136185724014666,0.029136185724014666,0.02830953568996333,-1.0,-1.135,sl,7
2022-01-08 12:40:00,2022-01-08 17:10:00,S,0.029185,0.02840577891067557,0.029496688435729772,0.02840577891067557,2.5,2.397,tp,54
2022-01-08 17:15:00,2022-01-08 18:05:00,S,0.02836,0.02670968429136497,0.02902012628345401,0.02670968429136497,2.5,2.453,tp,10
2022-01-08 18:10:00,2022-01-09 02:10:00,S,0.026685,0.0279,0.028684546306055294,0.021686134234861765,-0.608,-0.622,time,96
2022-01-09 09:35:00,2022-01-09 11:10:00,S,0.028195,0.028480255605575627,0.028480255605575627,0.027481860986060938,-1.0,-1.109,sl,19
2022-01-09 13:55:00,2022-01-09 16:55:00,S,0.028125,0.02844893202600522,0.02844893202600522,0.027315169934986956,-1.0,-1.096,sl,36
2022-01-09 19:35:00,2022-01-09 21:40:00,L,0.02894,0.02851672901748225,0.02851672901748225,0.029998177456294378,-1.0,-1.075,sl,25
2022-01-09 21:45:00,2022-01-10 05:45:00,S,0.028535,0.02851,0.028924031687892975,0.02756242078026757,0.064,-0.016,time,96
2022-01-10 08:40:00,2022-01-10 12:35:00,S,0.02824,0.027369121373275247,0.028588351450689903,0.027369121373275247,2.5,2.411,tp,47
2022-01-10 12:40:00,2022-01-10 14:20:00,S,0.02744,0.02606280217804975,0.027990879128780097,0.02606280217804975,2.5,2.445,tp,20
2022-01-10 14:25:00,2022-01-10 16:15:00,S,0.025725,0.027321862309840617,0.027321862309840617,0.02173284422539846,-1.0,-1.018,sl,22
2022-01-11 00:25:00,2022-01-11 02:15:00,S,0.026525,0.02685753747520804,0.02685753747520804,0.0256936563119799,-1.0,-1.088,sl,22
2022-01-11 10:30:00,2022-01-11 11:30:00,S,0.026705,0.02710411756136953,0.02710411756136953,0.02570720609657617,-1.0,-1.074,sl,12
2022-01-11 16:35:00,2022-01-12 00:35:00,L,0.027555,0.027625,0.026915649992883355,0.02915337501779161,0.109,0.062,time,96
2022-01-12 05:10:00,2022-01-12 12:35:00,L,0.028085,0.029171022209241733,0.027650591116303306,0.029171022209241733,2.5,2.429,tp,89
2022-01-12 12:40:00,2022-01-12 14:50:00,L,0.029105,0.030948166722117178,0.028367733311153127,0.030948166722117178,2.5,2.457,tp,26
2022-01-12 14:55:00,2022-01-12 22:55:00,L,0.03124,0.032165,0.02973750862793926,0.034996228430151856,0.616,0.593,time,96
2022-01-13 14:15:00,2022-01-13 15:15:00,L,0.03214,0.031670872423997846,0.031670872423997846,0.03331281894000539,-1.0,-1.075,sl,12
2022-01-13 15:20:00,2022-01-13 23:20:00,S,0.03077,0.029965,0.03273875750923959,0.025848106226901025,0.409,0.392,time,96
2022-01-14 00:05:00,2022-01-14 04:05:00,S,0.029375,0.03016946244437222,0.03016946244437222,0.027388843889069443,-1.0,-1.041,sl,48
2022-01-14 04:20:00,2022-01-14 06:15:00,L,0.03046,0.0321568804397854,0.02978124782408584,0.0321568804397854,2.5,2.451,tp,23
2022-01-14 06:20:00,2022-01-14 08:00:00,L,0.03254,0.031173369202994426,0.031173369202994426,0.035956576992513936,-1.0,-1.026,sl,20
2022-01-14 10:55:00,2022-01-14 15:15:00,S,0.03066,0.03162410969659105,0.03162410969659105,0.028249725758522366,-1.0,-1.035,sl,52
2022-01-14 15:20:00,2022-01-14 23:20:00,L,0.03156,0.030637748923371518,0.030637748923371518,0.0338656276915712,-1.0,-1.038,sl,96
2022-01-15 05:15:00,2022-01-15 08:10:00,S,0.03072,0.0310954027442809,0.0310954027442809,0.029781493139297757,-1.0,-1.09,sl,35
2022-01-15 08:50:00,2022-01-15 12:30:00,L,0.03108,0.030827213123752976,0.030827213123752976,0.03171196719061756,-1.0,-1.135,sl,44
2022-01-15 12:40:00,2022-01-15 15:30:00,S,0.030785,0.0311629279072676,0.0311629279072676,0.029840180231830996,-1.0,-1.09,sl,34
2022-01-15 15:35:00,2022-01-15 21:30:00,L,0.03116,0.03082015326425382,0.03082015326425382,0.03200961683936545,-1.0,-1.101,sl,71
2022-01-15 21:35:00,2022-01-16 05:35:00,S,0.030915,0.030545,0.0313785191974845,0.02975620200628875,0.798,0.725,time,96
2022-01-16 11:00:00,2022-01-16 16:25:00,S,0.03036,0.03071768354449227,0.03071768354449227,0.02946579113876933,-1.0,-1.093,sl,65
2022-01-16 17:55:00,2022-01-17 01:55:00,S,0.03037,0.03033,0.030747079369598262,0.02942730157600435,0.106,0.017,time,96
2022-01-17 02:45:00,2022-01-17 10:45:00,S,0.02991,0.0294,0.030404527657319724,0.02867368085670069,1.031,0.965,time,96
2022-01-17 11:35:00,2022-01-17 12:05:00,S,0.029315,0.028794639987257634,0.02952314400509695,0.028794639987257634,2.5,2.345,tp,6
2022-01-17 12:10:00,2022-01-17 20:10:00,S,0.028805,0.02889,0.029493114942017517,0.02708471264495621,-0.124,-0.17,time,96
2022-01-17 21:30:00,2022-01-17 22:30:00,S,0.02851,0.02892462966735137,0.02892462966735137,0.02747342583162158,-1.0,-1.076,sl,12
2022-01-18 04:20:00,2022-01-18 11:15:00,S,0.028675,0.02740883262090575,0.0291814669516377,0.02740883262090575,2.5,2.438,tp,83
2022-01-18 11:20:00,2022-01-18 13:00:00,S,0.027485,0.028057694063832836,0.028057694063832836,0.02605326484041791,-1.0,-1.053,sl,20
2022-01-18 18:05:00,2022-01-18 21:05:00,S,0.027675,0.02803134095872569,0.02803134095872569,0.02678414760318578,-1.0,-1.085,sl,36
2022-01-19 00:45:00,2022-01-19 07:10:00,S,0.028005,0.027342925227454632,0.028269829909018145,0.027342925227454632,2.5,2.384,tp,77
2022-01-19 07:15:00,2022-01-19 14:40:00,S,0.027395,0.028058355893638177,0.028058355893638177,0.025736610265904555,-1.0,-1.045,sl,89
2022-01-19 16:40:00,2022-01-19 17:00:00,S,0.0277,0.027914174473328016,0.027914174473328016,0.027164563816679956,-1.0,-1.142,sl,4
2022-01-19 21:50:00,2022-01-20 03:50:00,S,0.027455,0.027727312503430284,0.027727312503430284,0.026774218741424292,-1.0,-1.111,sl,72
2022-01-20 14:10:00,2022-01-20 21:35:00,L,0.02815,0.027661381643564617,0.027661381643564617,0.029371545891088462,-1.0,-1.063,sl,89
2022-01-20 21:40:00,2022-01-20 23:50:00,S,0.02768,0.026411929232252558,0.028187228307098976,0.026411929232252558,2.5,2.44,tp,26
2022-01-20 23:55:00,2022-01-21 07:55:00,S,0.02638,0.0258,0.027108580307296154,0.024558549231759617,0.796,0.756,time,96
2022-01-21 12:05:00,2022-01-21 12:30:00,S,0.0255,0.024687435543887436,0.025825025782445023,0.024687435543887436,2.5,2.414,tp,5
2022-01-21 12:35:00,2022-01-21 20:35:00,S,0.02461,0.02459,0.02573563805216462,0.021795904869588448,0.018,-0.006,time,96
2022-01-21 21:35:00,2022-01-22 05:35:00,S,0.02345,0.021105,0.024812132168150078,0.0200446695796248,1.722,1.703,time,96
2022-01-22 05:40:00,2022-01-22 06:35:00,S,0.021105,0.019067162075030293,0.02192013516998788,0.019067162075030293,2.5,2.472,tp,11
2022-01-22 06:40:00,2022-01-22 14:40:00,S,0.019595,0.019845,0.02133249838782038,0.015251254030449059,-0.144,-0.156,time,96
2022-01-22 15:50:00,2022-01-22 16:40:00,S,0.01899,0.019981043848639777,0.019981043848639777,0.016512390378400556,-1.0,-1.021,sl,10
2022-01-23 00:10:00,2022-01-23 08:10:00,L,0.02138,0.02293,0.0197975379069676,0.025336155232581002,0.979,0.965,time,96
2022-01-23 14:00:00,2022-01-23 14:40:00,L,0.02288,0.021968439467290855,0.021968439467290855,0.025158901331772867,-1.0,-1.028,sl,8
2022-01-23 14:50:00,2022-01-23 22:50:00,S,0.0216,0.021655,0.0234349440598668,0.017012639850333,-0.03,-0.043,time,96
2022-01-23 23:05:00,2022-01-24 05:30:00,L,0.021955,0.02124335653411287,0.02124335653411287,0.02373410866471782,-1.0,-1.034,sl,77
2022-01-24 05:35:00,2022-01-24 12:20:00,S,0.021275,0.019205285878902967,0.022102885648438812,0.019205285878902967,2.5,2.472,tp,81
2022-01-24 12:25:00,2022-01-24 15:30:00,S,0.01931,0.019880153204673904,0.019880153204673904,0.01788461698831524,-1.0,-1.037,sl,37
2022-01-24 20:55:00,2022-01-25 01:45:00,L,0.021735,0.0204240157314086,0.0204240157314086,0.0250124606714785,-1.0,-1.018,sl,58
2022-01-25 01:50:00,2022-01-25 09:50:00,S,0.020395,0.021243254355848566,0.021243254355848566,0.018274364110378586,-1.0,-1.026,sl,96
2022-01-25 09:55:00,2022-01-25 15:00:00,L,0.02136,0.020576371439429142,0.020576371439429142,0.023319071401427145,-1.0,-1.03,sl,61
2022-01-25 20:10:00,2022-01-26 04:10:00,S,0.021085,0.0214,0.02163757249913248,0.0197035687521688,-0.57,-0.612,time,96
2022-01-26 04:50:00,2022-01-26 06:40:00,L,0.02167,0.02127300141702299,0.02127300141702299,0.022662496457442522,-1.0,-1.06,sl,22
2022-01-26 11:05:00,2022-01-26 19:00:00,L,0.02171,0.022927534170025337,0.021222986331989865,0.022927534170025337,2.5,2.451,tp,95
2022-01-26 19:05:00,2022-01-26 20:20:00,L,0.022875,0.02131059772537939,0.02131059772537939,0.026786005686551526,-1.0,-1.016,sl,15
2022-01-26 21:25:00,2022-01-27 05:25:00,S,0.021155,0.02042,0.02189250684817567,0.019311232879560825,0.997,0.965,time,96
2022-01-27 14:15:00,2022-01-27 16:05:00,L,0.021205,0.020789300866852038,0.020789300866852038,0.02224424783286991,-1.0,-1.056,sl,22
2022-01-28 01:25:00,2022-01-28 09:25:00,S,0.020905,0.020925,0.021338832548852795,0.019820418627868014,-0.046,-0.099,time,96
2022-01-28 10:05:00,2022-01-28 16:00:00,S,0.020775,0.02101274037923717,0.02101274037923717,0.020180649051907064,-1.0,-1.096,sl,71
2022-01-28 20:50:00,2022-01-29 04:50:00,L,0.02114,0.02134,0.020857520512914784,0.021846198717713036,0.708,0.626,time,96
2022-01-29 07:15:00,2022-01-29 12:30:00,L,0.02144,0.021825881839756377,0.02128564726409745,0.021825881839756377,2.5,2.347,tp,63
2022-01-29 12:40:00,2022-01-29 14:55:00,L,0.021745,0.021382901904467465,0.021382901904467465,0.022650245238831336,-1.0,-1.066,sl,27
2022-01-30 04:50:00,2022-01-30 12:50:00,L,0.02183,0.021605853192562703,0.021605853192562703,0.02239036701859324,-1.0,-1.107,sl,96
2022-01-30 19:10:00,2022-01-31 03:10:00,S,0.02117,0.02047,0.02169336043523027,0.01986159891192433,1.338,1.293,time,96
2022-01-31 15:05:00,2022-01-31 23:05:00,L,0.021135,0.021335,0.020825342067580473,0.021909144831048822,0.646,0.571,time,96
2022-02-01 03:15:00,2022-02-01 11:15:00,L,0.021735,0.02177,0.02124507303512217,0.02295981741219458,0.071,0.023,time,96
2022-02-01 22:00:00,2022-02-02 00:05:00,L,0.021775,0.02162513887621356,0.02162513887621356,0.0221496528094661,-1.0,-1.16,sl,25
2022-02-02 02:45:00,2022-02-02 05:20:00,L,0.02178,0.021540700765836213,0.021540700765836213,0.022378248085409468,-1.0,-1.1,sl,31
2022-02-02 06:45:00,2022-02-02 12:05:00,S,0.021425,0.021600028854769967,0.021600028854769967,0.02098742786307508,-1.0,-1.135,sl,64
2022-02-02 12:50:00,2022-02-02 14:20:00,L,0.02171,0.021520028759106354,0.021520028759106354,0.022184928102234117,-1.0,-1.126,sl,18
2022-02-02 14:35:00,2022-02-02 14:45:00,S,0.02137,0.02061433868081708,0.02167226452767317,0.02061433868081708,2.5,2.422,tp,2
2022-02-02 14:50:00,2022-02-02 22:50:00,S,0.020695,0.02062,0.021643308494014205,0.018324228764964492,0.079,0.055,time,96
2022-02-03 02:15:00,2022-02-03 10:15:00,S,0.020495,0.020315,0.02077334173334124,0.0197991456666469,0.647,0.566,time,96
2022-02-03 10:20:00,2022-02-03 14:15:00,S,0.020315,0.02067987793440608,0.02067987793440608,0.0194028051639848,-1.0,-1.061,sl,47
2022-02-03 17:05:00,2022-02-04 01:05:00,S,0.02044,0.02059,0.020832349456728506,0.019459126358178737,-0.382,-0.44,time,96
2022-02-04 05:15:00,2022-02-04 09:15:00,L,0.02071,0.021119922355993664,0.020546031057602533,0.021119922355993664,2.5,2.361,tp,48
2022-02-04 09:20:00,2022-02-04 13:30:00,L,0.02113,0.020929398542644848,0.020929398542644848,0.02163150364338788,-1.0,-1.116,sl,50
2022-02-04 15:10:00,2022-02-04 23:10:00,L,0.02125,0.0219,0.020830380956478305,0.022299047608804242,1.549,1.493,time,96
2022-02-04 23:50:00,2022-02-05 04:05:00,L,0.02216,0.022902764771036192,0.02186289409158552,0.022902764771036192,2.5,2.418,tp,51
2022-02-05 04:10:00,2022-02-05 06:00:00,L,0.022925,0.023812367700754487,0.022570052919698207,0.023812367700754487,2.5,2.429,tp,22
2022-02-05 06:05:00,2022-02-05 07:05:00,L,0.023775,0.022933337966907608,0.022933337966907608,0.025879155082730983,-1.0,-1.031,sl,12
2022-02-05 11:20:00,2022-02-05 11:20:00,L,0.02337,0.023216058483512717,0.023216058483512717,0.0237548537912182,-1.0,-1.167,sl,0
2022-02-05 22:10:00,2022-02-05 23:15:00,L,0.022755,0.022577111862282003,0.022577111862282003,0.023199720344294995,-1.0,-1.141,sl,13
2022-02-06 01:40:00,2022-02-06 04:05:00,L,0.02288,0.02257236712261285,0.02257236712261285,0.02364908219346788,-1.0,-1.082,sl,29
2022-02-06 14:45:00,2022-02-06 17:00:00,S,0.022595,0.02336977549675616,0.02336977549675616,0.0206580612581096,-1.0,-1.032,sl,27
2022-02-06 17:05:00,2022-02-06 19:45:00,L,0.023205,0.024915832472647538,0.022520667010940985,0.024915832472647538,2.5,2.463,tp,32
2022-02-06 19:50:00,2022-02-07 03:50:00,L,0.025115,0.02895,0.023122364884086664,0.030096587789783334,1.925,1.911,time,96
2022-02-07 14:55:00,2022-02-07 15:35:00,L,0.02913,0.032260633387697836,0.027877746644920865,0.032260633387697836,2.5,2.474,tp,8
2022-02-07 15:40:00,2022-02-07 23:40:00,L,0.032055,0.032685,0.0279035526323488,0.042433618419128,0.152,0.143,time,96
2022-02-08 04:00:00,2022-02-08 08:10:00,L,0.034165,0.0325626464772532,0.0325626464772532,0.03817088380686699,-1.0,-1.023,sl,50
2022-02-08 16:05:00,2022-02-08 21:05:00,S,0.030105,0.03200382198000551,0.03200382198000551,0.025357945049986227,-1.0,-1.017,sl,60
2022-02-08 21:10:00,2022-02-08 22:30:00,L,0.031635,0.030323190299986213,0.030323190299986213,0.03491452425003448,-1.0,-1.027,sl,16
2022-02-09 00:20:00,2022-02-09 02:05:00,L,0.03181,0.030769806872492447,0.030769806872492447,0.03441048281876888,-1.0,-1.034,sl,21
2022-02-09 06:45:00,2022-02-09 07:25:00,L,0.032175,0.03104315540773942,0.03104315540773942,0.035004611480651454,-1.0,-1.031,sl,8
2022-02-09 11:35:00,2022-02-09 12:35:00,L,0.031805,0.03321791663593008,0.03123983334562797,0.03321791663593008,2.5,2.438,tp,12
2022-02-09 12:40:00,2022-02-09 20:40:00,L,0.03313,0.03343,0.03159116231584354,0.03697709421039115,0.195,0.171,time,96
2022-02-10 08:15:00,2022-02-10 09:10:00,L,0.032825,0.032490297761434854,0.032490297761434854,0.033661755596412865,-1.0,-1.108,sl,11
2022-02-10 11:35:00,2022-02-10 12:20:00,L,0.03353,0.03298981643037278,0.03298981643037278,0.03488045892406805,-1.0,-1.068,sl,9
2022-02-10 13:35:00,2022-02-10 21:35:00,S,0.031435,0.031355,0.03320081429338001,0.027020464266549967,0.045,0.026,time,96
2022-02-10 22:05:00,2022-02-11 06:05:00,S,0.030965,0.030535,0.031552724600246405,0.029495688499383985,0.732,0.674,time,96
2022-02-11 13:50:00,2022-02-11 18:35:00,L,0.03171,0.03086683567313458,0.03086683567313458,0.03381791081716355,-1.0,-1.041,sl,57
2022-02-11 18:40:00,2022-02-11 20:20:00,S,0.03082,0.029113557715486318,0.03150257691380547,0.029113557715486318,2.5,2.45,tp,20
2022-02-11 20:25:00,2022-02-12 04:25:00,S,0.029225,0.029155,0.030856662440065852,0.025145843899835374,0.043,0.023,time,96
2022-02-12 05:55:00,2022-02-12 06:40:00,S,0.02864,0.02774093265948114,0.028999626936207543,0.02774093265948114,2.5,2.412,tp,9
2022-02-12 06:45:00,2022-02-12 14:45:00,S,0.027695,0.02799,0.029003409421899527,0.024423976445251187,-0.225,-0.249,time,96
2022-02-12 20:05:00,2022-02-13 04:05:00,S,0.02889,0.02889,0.029673959003570873,0.026930102491072815,-0.0,-0.041,time,96
2022-02-13 04:25:00,2022-02-13 05:50:00,S,0.02864,0.028966282496073237,0.028966282496073237,0.027824293759816904,-1.0,-1.097,sl,17
2022-02-13 10:45:00,2022-02-13 14:15:00,L,0.029675,0.031624623447254696,0.028895150621098122,0.031624623447254696,2.5,2.458,tp,42
2022-02-13 14:20:00,2022-02-13 22:20:00,L,0.031425,0.030395,0.029336444052217928,0.03664638986945519,-0.493,-0.51,time,96
2022-02-14 00:20:00,2022-02-14 01:25:00,L,0.03053,0.029744137644122027,0.029744137644122027,0.03249465588969494,-1.0,-1.043,sl,13
2022-02-14 02:50:00,2022-02-14 07:55:00,S,0.02912,0.029605619050887724,0.029605619050887724,0.02790595237278069,-1.0,-1.066,sl,61
2022-02-14 11:05:00,2022-02-14 19:05:00,L,0.02993,0.029285,0.029151634671597523,0.031875913321006186,-0.829,-0.871,time,96
2022-02-14 19:10:00,2022-02-15 01:25:00,S,0.029285,0.029967325554622025,0.029967325554622025,0.027579186113444933,-1.0,-1.047,sl,75
2022-02-15 01:30:00,2022-02-15 08:35:00,L,0.030165,0.03163969637897707,0.029575121448409174,0.03163969637897707,2.5,2.444,tp,85
2022-02-15 08:40:00,2022-02-15 16:40:00,L,0.03143,0.03076,0.030380709058392893,0.034053227354017765,-0.639,-0.671,time,96
2022-02-15 20:35:00,2022-02-16 01:50:00,L,0.03096,0.03049454709610563,0.03049454709610563,0.032123632259735926,-1.0,-1.073,sl,63
2022-02-16 04:20:00,2022-02-16 07:55:00,S,0.030005,0.030886408512191686,0.030886408512191686,0.027801478719520788,-1.0,-1.037,sl,43
2022-02-16 08:00:00,2022-02-16 13:45:00,L,0.030835,0.03038039613093491,0.03038039613093491,0.03197150967266273,-1.0,-1.075,sl,69
2022-02-16 16:20:00,2022-02-16 18:55:00,S,0.030065,0.030523401241672302,0.030523401241672302,0.028918996895819248,-1.0,-1.072,sl,31
2022-02-16 19:00:00,2022-02-16 22:30:00,L,0.03054,0.03151344866361967,0.03015062053455213,0.03151344866361967,2.5,2.414,tp,42
2022-02-16 22:35:00,2022-02-17 04:00:00,L,0.031505,0.03049140909296734,0.03049140909296734,0.03403897726758165,-1.0,-1.034,sl,65
2022-02-17 07:15:00,2022-02-17 13:15:00,L,0.03119,0.030648404594255572,0.030648404594255572,0.032543988514361064,-1.0,-1.063,sl,72
2022-02-17 13:20:00,2022-02-17 18:15:00,S,0.030575,0.028872886863380992,0.031255845254647606,0.028872886863380992,2.5,2.451,tp,59
2022-02-17 18:20:00,2022-02-18 02:20:00,S,0.028745,0.028985,0.030128830625160374,0.025285423437099067,-0.173,-0.196,time,96
2022-02-18 11:10:00,2022-02-18 19:10:00,S,0.028885,0.02811,0.029389584801928513,0.02762353799517872,1.536,1.473,time,96
2022-02-18 22:50:00,2022-02-19 00:15:00,S,0.02799,0.028347858669558933,0.028347858669558933,0.027095353326102672,-1.0,-1.086,sl,17
2022-02-19 09:15:00,2022-02-19 13:05:00,S,0.028275,0.026944260519691135,0.028807295792123547,0.026944260519691135,2.5,2.442,tp,46
2022-02-19 13:10:00,2022-02-19 13:55:00,S,0.027155,0.027711400527269402,0.027711400527269402,0.025763998681826487,-1.0,-1.054,sl,9
2022-02-19 19:50:00,2022-02-20 03:50:00,S,0.02738,0.026305,0.027921632566721505,0.026025918583196243,1.985,1.929,time,96
2022-02-20 04:35:00,2022-02-20 08:45:00,S,0.026025,0.024977301976321722,0.02644407920947131,0.024977301976321722,2.5,2.432,tp,50
2022-02-20 08:50:00,2022-02-20 12:15:00,S,0.025075,0.025737419936470756,0.025737419936470756,0.02341895015882311,-1.0,-1.042,sl,41
2022-02-20 21:25:00,2022-02-20 22:45:00,S,0.025185,0.025448841262194852,0.025448841262194852,0.024525396844512867,-1.0,-1.105,sl,16
2022-02-21 03:20:00,2022-02-21 10:20:00,L,0.02681,0.026412394184055582,0.026412394184055582,0.027804014539861047,-1.0,-1.074,sl,84
2022-02-21 10:25:00,2022-02-21 14:15:00,S,0.026445,0.026997969399672774,0.026997969399672774,0.025062576500818064,-1.0,-1.053,sl,46
2022-02-21 14:20:00,2022-02-21 21:50:00,L,0.02684,0.025314933118661755,0.025314933118661755,0.03065266720334561,-1.0,-1.019,sl,90
2022-02-21 22:00:00,2022-02-22 06:00:00,S,0.025125,0.023725,0.02612279845744857,0.022630503856378575,1.403,1.375,time,96
2022-02-22 16:20:00,2022-02-23 00:10:00,S,0.024315,0.025331088772558987,0.025331088772558987,0.02177477806860253,-1.0,-1.026,sl,94
2022-02-23 02:40:00,2022-02-23 08:15:00,S,0.02466,0.02532334273005887,0.02532334273005887,0.02300164317485283,-1.0,-1.041,sl,67
2022-02-23 08:20:00,2022-02-23 09:45:00,L,0.025415,0.026365330056163715,0.025034867977534514,0.026365330056163715,2.5,2.426,tp,17
2022-02-23 09:50:00,2022-02-23 17:50:00,L,0.02642,0.02616,0.02563854815748796,0.028373629606280093,-0.333,-0.37,time,96
2022-02-23 21:45:00,2022-02-24 01:25:00,S,0.02549,0.02436292025138568,0.025940831899445727,0.02436292025138568,2.5,2.438,tp,44
2022-02-24 01:30:00,2022-02-24 03:40:00,S,0.02439,0.02266460963824693,0.025080156144701226,0.02266460963824693,2.5,2.461,tp,26
2022-02-24 03:45:00,2022-02-24 11:45:00,S,0.022625,0.02157,0.025114462920794747,0.016401342698013133,0.424,0.414,time,96
2022-02-24 19:40:00,2022-02-25 03:40:00,L,0.02378,0.024245,0.02246383232484906,0.027070419187877344,0.353,0.333,time,96
2022-02-25 08:25:00,2022-02-25 11:55:00,S,0.02335,0.024058108557965117,0.024058108557965117,0.021579728605087205,-1.0,-1.036,sl,42
2022-02-25 12:00:00,2022-02-25 20:00:00,L,0.02406,0.024085,0.023433272039561876,0.025626819901095315,0.04,-0.002,time,96
2022-02-25 21:15:00,2022-02-26 00:40:00,L,0.02444,0.025822409048222254,0.0238870363807111,0.025822409048222254,2.5,2.451,tp,41
2022-02-26 00:45:00,2022-02-26 05:35:00,L,0.0256,0.02461846101360443,0.02461846101360443,0.028053847465988928,-1.0,-1.029,sl,58
2022-02-26 08:20:00,2022-02-26 09:10:00,L,0.025145,0.024488123773025953,0.024488123773025953,0.026787190567435122,-1.0,-1.042,sl,10
2022-02-26 14:35:00,2022-02-26 18:15:00,L,0.02472,0.024407831096771776,0.024407831096771776,0.025500422258070556,-1.0,-1.087,sl,44
2022-02-26 20:50:00,2022-02-26 22:15:00,L,0.024825,0.024603041135765988,0.024603041135765988,0.02537989716058503,-1.0,-1.123,sl,17
2022-02-26 23:05:00,2022-02-27 07:05:00,S,0.02441,0.02422,0.024992268595075817,0.02295432851231046,0.326,0.28,time,96
2022-02-27 09:20:00,2022-02-27 13:45:00,L,0.024435,0.02399301238239515,0.02399301238239515,0.025539969044012116,-1.0,-1.061,sl,53
2022-02-27 13:50:00,2022-02-27 21:50:00,S,0.02415,0.023545,0.025018531155434613,0.021978672111413473,0.697,0.666,time,96
2022-02-28 01:00:00,2022-02-28 01:30:00,S,0.022865,0.02354553675962762,0.02354553675962762,0.02116365810093095,-1.0,-1.037,sl,6
2022-02-28 14:30:00,2022-02-28 22:30:00,L,0.024095,0.025478549748516162,0.023541580100593533,0.025478549748516162,2.5,2.452,tp,96
2022-02-28 22:40:00,2022-03-01 06:40:00,L,0.025685,0.02567,0.0247936268299831,0.027913432925042253,-0.017,-0.049,time,96
2022-03-01 07:15:00,2022-03-01 13:50:00,L,0.026105,0.02799393637555661,0.025349425449777356,0.02799393637555661,2.5,2.462,tp,79
2022-03-01 13:55:00,2022-03-01 21:55:00,L,0.02782,0.02685,0.026111859275163702,0.032090351812090745,-0.568,-0.586,time,96
2022-03-02 03:50:00,2022-03-02 11:50:00,L,0.026925,0.026815,0.026307503337161885,0.028468741657095294,-0.178,-0.226,time,96
2022-03-02 13:20:00,2022-03-02 21:20:00,S,0.026085,0.025905,0.027111631590014906,0.023518421024962738,0.175,0.147,time,96
2022-03-02 22:00:00,2022-03-03 00:00:00,L,0.02623,0.02577930368502534,0.02577930368502534,0.027356740787436655,-1.0,-1.064,sl,24
2022-03-03 00:10:00,2022-03-03 00:45:00,S,0.025765,0.026090281288677557,0.026090281288677557,0.024951796778306105,-1.0,-1.087,sl,7
2022-03-03 03:40:00,2022-03-03 06:10:00,S,0.02578,0.02517997583997602,0.026020009664009594,0.02517997583997602,2.5,2.382,tp,30
2022-03-03 06:15:00,2022-03-03 07:10:00,S,0.025275,0.025846916677550784,0.025846916677550784,0.023845208306123036,-1.0,-1.049,sl,11
2022-03-03 10:40:00,2022-03-03 10:45:00,S,0.025325,0.02550761058960744,0.02550761058960744,0.024868473525981403,-1.0,-1.153,sl,1
2022-03-03 13:15:00,2022-03-03 14:45:00,L,0.025845,0.02555616456586976,0.02555616456586976,0.0265670885853256,-1.0,-1.098,sl,18
2022-03-03 15:15:00,2022-03-03 23:15:00,S,0.02551,0.02518,0.026048125700477424,0.024164685748806446,0.613,0.561,time,96
2022-03-04 00:50:00,2022-03-04 08:50:00,S,0.02439,0.02482,0.02513941941286815,0.022516451467829622,-0.574,-0.61,time,96
2022-03-04 14:10:00,2022-03-04 19:45:00,S,0.02469,0.023662449884455226,0.02510102004621791,0.023662449884455226,2.5,2.434,tp,67
2022-03-04 19:50:00,2022-03-05 03:50:00,S,0.02351,0.0239,0.02425972210608395,0.02163569473479012,-0.52,-0.555,time,96
2022-03-05 10:10:00,2022-03-05 11:20:00,S,0.02372,0.024089484935855686,0.024089484935855686,0.022796287660360792,-1.0,-1.071,sl,14
2022-03-05 16:05:00,2022-03-06 00:05:00,L,0.024415,0.02464,0.024040783450815933,0.025350541372960167,0.601,0.529,time,96
2022-03-06 02:05:00,2022-03-06 10:05:00,S,0.024305,0.023485,0.024784602326682656,0.02310599418329336,1.71,1.654,time,96
2022-03-06 10:25:00,2022-03-06 12:30:00,S,0.02347,0.023967998179706376,0.023967998179706376,0.022225004550734066,-1.0,-1.052,sl,25
2022-03-06 15:05:00,2022-03-06 16:10:00,S,0.023775,0.024001720061222604,0.024001720061222604,0.023208199846943493,-1.0,-1.115,sl,13
2022-03-06 19:45:00,2022-03-06 21:05:00,S,0.02369,0.023926581729813462,0.023926581729813462,0.02309854567546634,-1.0,-1.11,sl,16
2022-03-06 23:15:00,2022-03-07 07:15:00,S,0.02365,0.023115,0.02404365388164209,0.022665865295894774,1.359,1.293,time,96
2022-03-07 07:35:00,2022-03-07 12:05:00,S,0.022915,0.02327671835164829,0.02327671835164829,0.022010704120879285,-1.0,-1.07,sl,54
2022-03-07 17:40:00,2022-03-07 19:30:00,S,0.02329,0.022591527028413036,0.023569389188634788,0.022591527028413036,2.5,2.408,tp,22
2022-03-07 19:35:00,2022-03-07 22:25:00,S,0.022595,0.023047849610788602,0.023047849610788602,0.021462875973028497,-1.0,-1.055,sl,34
2022-03-08 06:35:00,2022-03-08 08:10:00,S,0.02274,0.02311037104108829,0.02311037104108829,0.021814072397279276,-1.0,-1.068,sl,19
2022-03-08 11:40:00,2022-03-08 19:40:00,S,0.023125,0.023095,0.023472265532202465,0.022256836169493838,0.086,0.013,time,96
2022-03-08 20:45:00,2022-03-09 01:30:00,S,0.02287,0.023178112644033674,0.023178112644033674,0.02209971838991582,-1.0,-1.082,sl,57
2022-03-09 01:35:00,2022-03-09 03:30:00,L,0.023195,0.023724600756627995,0.022983159697348803,0.023724600756627995,2.5,2.38,tp,23
2022-03-09 03:35:00,2022-03-09 11:35:00,L,0.023665,0.02423,0.02312918395286474,0.025004540117838148,1.054,1.006,time,96
2022-03-09 20:45:00,2022-03-09 23:30:00,S,0.02358,0.02386644877303694,0.02386644877303694,0.022863878067407653,-1.0,-1.091,sl,33
2022-03-10 01:45:00,2022-03-10 09:45:00,S,0.023455,0.022985,0.023870121692953404,0.022417195767616492,1.132,1.07,time,96
2022-03-10 22:05:00,2022-03-11 06:05:00,S,0.02252,0.022275,0.022906349188886694,0.02155412702778326,0.634,0.57,time,96
2022-03-11 11:35:00,2022-03-11 16:05:00,L,0.022665,0.022189282620936508,0.022189282620936508,0.023854293447658735,-1.0,-1.052,sl,54
2022-03-11 16:10:00,2022-03-12 00:10:00,S,0.02226,0.022135,0.02250486772007699,0.021647830699807524,0.51,0.41,time,96
2022-03-12 12:15:00,2022-03-12 20:15:00,S,0.022245,0.022325,0.022485500087119872,0.021643749782200322,-0.333,-0.434,time,96
2022-03-12 23:40:00,2022-03-13 02:00:00,S,0.02219,0.02232888346569979,0.02232888346569979,0.021842791335750532,-1.0,-1.176,sl,28
2022-03-13 06:55:00,2022-03-13 07:00:00,L,0.022575,0.02320370287886455,0.022323518848454182,0.02320370287886455,2.5,2.401,tp,1
2022-03-13 07:05:00,2022-03-13 09:40:00,L,0.022995,0.02231358082395003,0.02231358082395003,0.02469854794012493,-1.0,-1.037,sl,31
2022-03-13 12:25:00,2022-03-13 13:30:00,S,0.022065,0.022394454474590663,0.022394454474590663,0.021241363813523345,-1.0,-1.074,sl,13
2022-03-13 14:45:00,2022-03-13 19:35:00,L,0.02244,0.022243285700635353,0.022243285700635353,0.02293178574841162,-1.0,-1.125,sl,58
2022-03-13 20:15:00,2022-03-13 22:50:00,S,0.022135,0.021508489880062542,0.02238560404797498,0.021508489880062542,2.5,2.403,tp,31
2022-03-13 22:55:00,2022-03-14 04:15:00,S,0.02137,0.022373299842397342,0.022373299842397342,0.018861750394006643,-1.0,-1.023,sl,64
2022-03-14 11:30:00,2022-03-14 18:25:00,S,0.021875,0.02136014602347821,0.022080941590608714,0.02136014602347821,2.5,2.383,tp,83
2022-03-14 18:30:00,2022-03-14 19:50:00,S,0.0214,0.021618418953774022,0.021618418953774022,0.02085395261556494,-1.0,-1.108,sl,16
2022-03-15 00:15:00,2022-03-15 00:15:00,L,0.022,0.0218722816725604,0.0218722816725604,0.022319295818598997,-1.0,-1.189,sl,0
2022-03-15 05:15:00,2022-03-15 06:05:00,S,0.02158,0.021684741901058686,0.021684741901058686,0.02131814524735328,-1.0,-1.227,sl,10
2022-03-15 07:15:00,2022-03-15 15:15:00,S,0.021395,0.02161,0.021837356685388564,0.020289108286528593,-0.486,-0.539,time,96
2022-03-15 19:00:00,2022-03-15 21:00:00,L,0.021805,0.02161419293226033,0.02161419293226033,0.02228201766934918,-1.0,-1.126,sl,24
2022-03-16 00:55:00,2022-03-16 01:15:00,S,0.021505,0.02169174643449927,0.02169174643449927,0.02103813391375182,-1.0,-1.127,sl,4
2022-03-16 02:10:00,2022-03-16 03:15:00,L,0.022125,0.021602019332006745,0.021602019332006745,0.02343245166998313,-1.0,-1.047,sl,13
2022-03-16 08:05:00,2022-03-16 09:00:00,L,0.02186,0.022135322459221347,0.021749871016311463,0.022135322459221347,2.5,2.282,tp,11
2022-03-16 09:05:00,2022-03-16 17:05:00,L,0.022055,0.02188,0.021805498761784958,0.022678753095537612,-0.701,-0.799,time,96
2022-03-16 18:05:00,2022-03-16 19:15:00,S,0.021695,0.022087033248986605,0.022087033248986605,0.020714916877533483,-1.0,-1.061,sl,14
2022-03-16 19:25:00,2022-03-17 03:25:00,L,0.02219,0.0225,0.02144463774456215,0.02405340563859463,0.416,0.383,time,96
2022-03-17 12:15:00,2022-03-17 17:10:00,L,0.022545,0.022339437452107345,0.022339437452107345,0.023058906369731635,-1.0,-1.121,sl,59
2022-03-18 00:10:00,2022-03-18 08:10:00,S,0.022075,0.02183,0.02228445489288614,0.021551362767784656,1.17,1.054,time,96
2022-03-18 09:00:00,2022-03-18 15:45:00,S,0.02179,0.021976231566652543,0.021976231566652543,0.02132442108336864,-1.0,-1.129,sl,81
2022-03-18 15:50:00,2022-03-18 17:05:00,L,0.02194,0.022406234420702303,0.02175350623171908,0.022406234420702303,2.5,2.371,tp,15
2022-03-18 17:10:00,2022-03-19 01:10:00,L,0.022375,0.02252,0.022040928759793407,0.023210178100516482,0.434,0.36,time,96
2022-03-19 09:05:00,2022-03-19 09:15:00,L,0.022405,0.022599905236623127,0.02232703790535075,0.022599905236623127,2.5,2.184,tp,2
2022-03-19 09:20:00,2022-03-19 11:20:00,L,0.02257,0.023170070164403256,0.022329971934238697,0.023170070164403256,2.5,2.397,tp,24
2022-03-19 11:25:00,2022-03-19 14:50:00,L,0.02324,0.024836412658023867,0.022601434936790454,0.024836412658023867,2.5,2.46,tp,41
2022-03-19 14:55:00,2022-03-19 22:55:00,L,0.02489,0.023955,0.023501126559947606,0.02836218360013098,-0.673,-0.693,time,96
2022-03-20 00:15:00,2022-03-20 00:30:00,L,0.02442,0.02387647078672694,0.02387647078672694,0.02577882303318265,-1.0,-1.049,sl,3
2022-03-20 06:20:00,2022-03-20 09:20:00,L,0.024155,0.023740869262975802,0.023740869262975802,0.025190326842560493,-1.0,-1.064,sl,36
2022-03-20 12:00:00,2022-03-20 20:00:00,S,0.02332,0.02303,0.023717286047692212,0.022326784880769474,0.73,0.665,time,96
2022-03-21 02:25:00,2022-03-21 07:55:00,S,0.02257,0.023024898658631825,0.023024898658631825,0.021432753353420438,-1.0,-1.055,sl,66
2022-03-21 10:00:00,2022-03-21 16:35:00,L,0.0231,0.02284292622551625,0.02284292622551625,0.023742684436209367,-1.0,-1.099,sl,79
2022-03-21 23:25:00,2022-03-22 00:40:00,S,0.02286,0.02308116148359223,0.02308116148359223,0.022307096291019415,-1.0,-1.114,sl,15
2022-03-22 02:30:00,2022-03-22 10:30:00,L,0.02333,0.02378,0.022889505819860295,0.02443123545034926,1.022,0.963,time,96
2022-03-22 10:50:00,2022-03-22 15:30:00,L,0.02381,0.023558907434213038,0.023558907434213038,0.02443773141446741,-1.0,-1.104,sl,56
2022-03-22 19:15:00,2022-03-22 23:30:00,L,0.02366,0.0234442236467412,0.0234442236467412,0.024199440883147003,-1.0,-1.121,sl,51
2022-03-23 01:05:00,2022-03-23 02:20:00,S,0.02312,0.02356101703829327,0.02356101703829327,0.022017457404266826,-1.0,-1.058,sl,15
2022-03-23 06:30:00,2022-03-23 14:30:00,L,0.023415,0.02371,0.02321493224042329,0.02391516939894177,1.475,1.346,time,96
2022-03-23 15:35:00,2022-03-23 16:55:00,L,0.02387,0.024441655927984446,0.02364133762880622,0.024441655927984446,2.5,2.385,tp,16
2022-03-23 17:00:00,2022-03-24 01:00:00,L,0.02434,0.024425,0.023681074250904773,0.02598731437273807,0.129,0.088,time,96
2022-03-24 01:15:00,2022-03-24 09:15:00,L,0.024705,0.025095,0.024007667786283368,0.026448330534291582,0.559,0.52,time,96
2022-03-24 15:25:00,2022-03-24 23:25:00,L,0.024865,0.024735,0.024357385396714625,0.026134036508213443,-0.256,-0.31,time,96
2022-03-25 05:10:00,2022-03-25 08:00:00,L,0.0248,0.02452274529643335,0.02452274529643335,0.025493136758916624,-1.0,-1.098,sl,34
2022-03-25 11:20:00,2022-03-25 12:40:00,L,0.02488,0.025313261853950747,0.0247066952584197,0.025313261853950747,2.5,2.342,tp,16
2022-03-25 12:45:00,2022-03-25 14:15:00,L,0.02531,0.02481419100039152,0.02481419100039152,0.0265495224990212,-1.0,-1.056,sl,18
2022-03-25 16:05:00,2022-03-26 00:05:00,S,0.02443,0.02419,0.02503046351242235,0.022928841218944125,0.4,0.355,time,96
2022-03-26 01:05:00,2022-03-26 04:50:00,S,0.024035,0.02429966911638209,0.02429966911638209,0.023373327209044774,-1.0,-1.1,sl,45
2022-03-26 08:05:00,2022-03-26 12:30:00,L,0.02449,0.024253977254583066,0.024253977254583066,0.025080056863542338,-1.0,-1.114,sl,53
2022-03-26 12:35:00,2022-03-26 16:35:00,S,0.02425,0.024563512160025204,0.024563512160025204,0.023466219599936992,-1.0,-1.085,sl,48
2022-03-26 16:40:00,2022-03-26 21:10:00,L,0.024655,0.024250980463927905,0.024250980463927905,0.025665048840180237,-1.0,-1.067,sl,54
2022-03-27 00:25:00,2022-03-27 03:55:00,L,0.024495,0.02484288212375428,0.024355847150498287,0.02484288212375428,2.5,2.306,tp,42
2022-03-27 04:15:00,2022-03-27 12:15:00,L,0.024935,0.02451,0.02443426445990895,0.026186838850227625,-0.849,-0.904,time,96
2022-03-27 13:00:00,2022-03-27 16:00:00,S,0.024225,0.024686324091498214,0.024686324091498214,0.023071689771254462,-1.0,-1.058,sl,36
2022-03-27 16:05:00,2022-03-27 21:25:00,L,0.02469,0.02553498237091459,0.024352007051634164,0.02553498237091459,2.5,2.42,tp,64
2022-03-27 21:30:00,2022-03-28 05:30:00,L,0.025405,0.026925,0.02443692061671358,0.02782519845821605,1.57,1.541,time,96
2022-03-28 13:45:00,2022-03-28 14:10:00,L,0.0272,0.02935615191702387,0.02633753923319045,0.02935615191702387,2.5,2.465,tp,5
2022-03-28 14:15:00,2022-03-28 22:15:00,L,0.0293,0.027935,0.026468651558067866,0.03637837110483033,-0.482,-0.493,time,96
2022-03-29 05:50:00,2022-03-29 13:50:00,L,0.02776,0.027605,0.027168788275632974,0.029238029310917565,-0.262,-0.314,time,96
2022-03-29 19:20:00,2022-03-29 20:50:00,L,0.02735,0.02673782856541571,0.02673782856541571,0.028880428586460727,-1.0,-1.049,sl,18
2022-03-29 21:45:00,2022-03-29 23:30:00,S,0.026735,0.02707583578947847,0.02707583578947847,0.025882910526303815,-1.0,-1.086,sl,21
2022-03-29 23:55:00,2022-03-30 00:30:00,L,0.027415,0.02670426142664462,0.02670426142664462,0.029191846433388447,-1.0,-1.042,sl,7
2022-03-30 01:45:00,2022-03-30 03:50:00,S,0.02635,0.02715600282813674,0.02715600282813674,0.02433499292965815,-1.0,-1.036,sl,25
2022-03-30 04:10:00,2022-03-30 12:10:00,L,0.027295,0.027055,0.026776462682222262,0.028591343294444342,-0.463,-0.521,time,96
2022-03-30 13:40:00,2022-03-30 16:15:00,S,0.02695,0.02739997377960504,0.02739997377960504,0.025825065550987403,-1.0,-1.066,sl,31
2022-03-30 16:20:00,2022-03-31 00:20:00,L,0.02781,0.02754,0.026770751908683325,0.03040812022829169,-0.26,-0.289,time,96
2022-03-31 03:25:00,2022-03-31 04:25:00,L,0.028015,0.027641861870094424,0.027641861870094424,0.028947845324763945,-1.0,-1.083,sl,12
2022-03-31 10:45:00,2022-03-31 11:35:00,L,0.02795,0.02758645625756834,0.02758645625756834,0.028858859356079146,-1.0,-1.085,sl,10
2022-03-31 13:40:00,2022-03-31 14:00:00,S,0.02738,0.026238862256267835,0.027836455097492867,0.026238862256267835,2.5,2.434,tp,4
2022-03-31 14:05:00,2022-03-31 22:05:00,S,0.02617,0.026065,0.02783165021565553,0.022015874460861166,0.063,0.046,time,96
2022-04-01 01:55:00,2022-04-01 09:55:00,S,0.0256,0.02543,0.026205899190526204,0.024085252023684493,0.281,0.234,time,96
2022-04-01 12:05:00,2022-04-01 13:20:00,S,0.025265,0.025696358794196145,0.025696358794196145,0.024186603014509634,-1.0,-1.064,sl,15
2022-04-02 00:40:00,2022-04-02 08:40:00,L,0.026335,0.02706,0.025862554552360428,0.027516113619098934,1.535,1.473,time,96
2022-04-02 11:45:00,2022-04-02 12:00:00,L,0.027415,0.027032125949457857,0.027032125949457857,0.02837218512635535,-1.0,-1.079,sl,3
2022-04-02 15:15:00,2022-04-02 23:15:00,S,0.02648,0.026145,0.027098457913082755,0.024933855217293112,0.542,0.495,time,96
2022-04-02 23:35:00,2022-04-03 04:05:00,S,0.02597,0.02622919510134035,0.02622919510134035,0.025322012246649126,-1.0,-1.11,sl,54
2022-04-03 06:10:00,2022-04-03 08:15:00,L,0.026505,0.02626084773203889,0.02626084773203889,0.027115380669902774,-1.0,-1.119,sl,25
2022-04-03 08:20:00,2022-04-03 09:35:00,S,0.026275,0.02644732506218572,0.02644732506218572,0.025844187344535703,-1.0,-1.168,sl,15
2022-04-03 14:15:00,2022-04-03 22:15:00,L,0.026715,0.02719,0.02638853069308626,0.02753117326728435,1.455,1.365,time,96
2022-04-03 22:20:00,2022-04-03 23:00:00,L,0.02719,0.02671827243520926,0.02671827243520926,0.02836931891197685,-1.0,-1.063,sl,8
2022-04-04 00:30:00,2022-04-04 02:35:00,S,0.026355,0.02691949179801277,0.02691949179801277,0.02494377050496807,-1.0,-1.051,sl,25
2022-04-04 02:40:00,2022-04-04 09:50:00,L,0.02662,0.026260850277179552,0.026260850277179552,0.027517874307051125,-1.0,-1.082,sl,86
2022-04-04 09:55:00,2022-04-04 10:50:00,S,0.02625,0.026604050551219532,0.026604050551219532,0.025364873621951167,-1.0,-1.082,sl,11
2022-04-04 11:10:00,2022-04-04 15:10:00,L,0.02686,0.026133861930489277,0.026133861930489277,0.028675345173776803,-1.0,-1.041,sl,48
2022-04-04 15:15:00,2022-04-04 23:15:00,S,0.026235,0.026555,0.02693801654244225,0.024477458643894383,-0.455,-0.496,time,96
2022-04-05 02:20:00,2022-04-05 06:50:00,L,0.026905,0.026567178677460387,0.026567178677460387,0.027749553306349026,-1.0,-1.088,sl,54
2022-04-05 14:10:00,2022-04-05 15:05:00,S,0.026325,0.026846037338682616,0.026846037338682616,0.025022406653293465,-1.0,-1.056,sl,11
2022-04-05 17:00:00,2022-04-06 00:10:00,L,0.02754,0.026167041338888093,0.026167041338888093,0.03097239665277976,-1.0,-1.022,sl,86
2022-04-06 00:15:00,2022-04-06 08:15:00,S,0.02608,0.02597,0.02716370980786899,0.023370725480327516,0.102,0.075,time,96
2022-04-06 08:20:00,2022-04-06 13:45:00,S,0.02597,0.02481759363054508,0.026430962547781968,0.02481759363054508,2.5,2.438,tp,65
2022-04-06 13:50:00,2022-04-06 21:50:00,S,0.0247,0.024875,0.025659964204465265,0.022300089488836838,-0.182,-0.211,time,96
2022-04-06 22:35:00,2022-04-07 06:35:00,S,0.024505,0.024755,0.02505618574915896,0.0231270356271026,-0.454,-0.502,time,96
2022-04-07 15:00:00,2022-04-07 23:00:00,S,0.02458,0.02484,0.025071732981937364,0.023350667545156592,-0.529,-0.584,time,96
2022-04-08 07:55:00,2022-04-08 08:00:00,S,0.024875,0.025057980227426266,0.025057980227426266,0.02441754943143434,-1.0,-1.15,sl,1
2022-04-08 11:05:00,2022-04-08 18:10:00,S,0.02473,0.02412219875738706,0.024973120497045174,0.02412219875738706,2.5,2.388,tp,85
2022-04-08 18:15:00,2022-04-08 18:50:00,S,0.02416,0.024432287232256336,0.024432287232256336,0.023479281919359163,-1.0,-1.098,sl,7
2022-04-08 22:15:00,2022-04-09 06:15:00,S,0.024045,0.023825,0.024341656199077036,0.023303359502307414,0.742,0.652,time,96
2022-04-09 09:25:00,2022-04-09 11:15:00,S,0.02372,0.023926575142796048,0.023926575142796048,0.023203562143009886,-1.0,-1.126,sl,22
2022-04-09 16:00:00,2022-04-09 19:25:00,S,0.02392,0.024202401178024968,0.024202401178024968,0.023213997054937582,-1.0,-1.093,sl,41
2022-04-09 23:35:00,2022-04-10 07:35:00,L,0.02453,0.024595,0.02427244033585979,0.025173899160350524,0.252,0.148,time,96
2022-04-10 11:25:00,2022-04-10 14:10:00,L,0.024725,0.025401692030840084,0.024454323187663968,0.025401692030840084,2.5,2.4,tp,33
2022-04-10 14:15:00,2022-04-10 22:15:00,L,0.02527,0.024512937187048497,0.024512937187048497,0.02716265703237876,-1.0,-1.037,sl,96
2022-04-10 22:20:00,2022-04-11 06:20:00,S,0.024625,0.02423,0.02515077562542658,0.023310560936433557,0.751,0.7,time,96
2022-04-11 09:10:00,2022-04-11 09:55:00,S,0.02413,0.023552531280230528,0.024360987487907788,0.023552531280230528,2.5,2.385,tp,9
2022-04-11 10:00:00,2022-04-11 18:00:00,S,0.02332,0.02299,0.024262230490669157,0.020964423773327107,0.35,0.323,time,96
2022-04-11 19:35:00,2022-04-12 03:35:00,S,0.02262,0.0221,0.023171262268125326,0.02124184432968669,0.943,0.898,time,96
2022-04-12 10:40:00,2022-04-12 11:15:00,L,0.02323,0.02469305112400265,0.022644779550398942,0.02469305112400265,2.5,2.456,tp,7
2022-04-12 11:20:00,2022-04-12 19:20:00,L,0.02483,0.02525,0.022768897518078042,0.0299827562048049,0.204,0.191,time,96
2022-04-12 21:45:00,2022-04-13 05:45:00,L,0.02646,0.02704,0.025567517194345593,0.028691207014136022,0.65,0.617,time,96
2022-04-13 05:55:00,2022-04-13 09:55:00,L,0.0271,0.026614019273403275,0.026614019273403275,0.02831495181649181,-1.0,-1.061,sl,48
2022-04-13 14:20:00,2022-04-13 22:20:00,L,0.027025,0.02667,0.025688447608477313,0.030366380978806718,-0.266,-0.288,time,96
2022-04-14 09:05:00,2022-04-14 09:25:00,L,0.02661,0.02621656331794004,0.02621656331794004,0.027593591705149904,-1.0,-1.074,sl,4
2022-04-14 10:15:00,2022-04-14 13:50:00,L,0.02662,0.026111924373709582,0.026111924373709582,0.02789018906572605,-1.0,-1.058,sl,43
2022-04-14 13:55:00,2022-04-14 21:55:00,S,0.026035,0.02577,0.02694946433020055,0.02374883917449862,0.29,0.258,time,96
2022-04-15 04:15:00,2022-04-15 06:35:00,L,0.026085,0.025878585256577366,0.025878585256577366,0.02660103685855659,-1.0,-1.139,sl,28
2022-04-15 07:55:00,2022-04-15 12:45:00,L,0.02621,0.02580063827349696,0.02580063827349696,0.027233404316257606,-1.0,-1.07,sl,58
2022-04-15 12:50:00,2022-04-15 14:50:00,S,0.0258,0.026041743193494855,0.026041743193494855,0.025195642016262863,-1.0,-1.117,sl,24
2022-04-15 19:25:00,2022-04-15 21:30:00,S,0.025695,0.025805275485127864,0.025805275485127864,0.025419311287180335,-1.0,-1.256,sl,25
2022-04-16 01:20:00,2022-04-16 06:15:00,L,0.025975,0.025765030329109734,0.025765030329109734,0.026499924177225673,-1.0,-1.136,sl,59
2022-04-16 06:20:00,2022-04-16 08:15:00,S,0.02578,0.02589896224548256,0.02589896224548256,0.025482594386293606,-1.0,-1.238,sl,23
2022-04-16 09:50:00,2022-04-16 14:20:00,S,0.025675,0.025834262889905108,0.025834262889905108,0.02527684277523723,-1.0,-1.177,sl,54
2022-04-16 14:25:00,2022-04-16 15:10:00,L,0.02585,0.02570676577404497,0.02570676577404497,0.02620808556488758,-1.0,-1.199,sl,9
2022-04-16 15:15:00,2022-04-16 23:15:00,S,0.0256,0.02569,0.025952120734332507,0.02471969816416874,-0.256,-0.336,time,96
2022-04-17 00:30:00,2022-04-17 01:40:00,S,0.02557,0.025703865164721083,0.025703865164721083,0.025235337088197286,-1.0,-1.21,sl,14
2022-04-17 02:55:00,2022-04-17 05:05:00,S,0.025465,0.025714263527996318,0.025714263527996318,0.024841841180009212,-1.0,-1.112,sl,26
2022-04-17 05:15:00,2022-04-17 13:15:00,L,0.025745,0.02594,0.025549698154212395,0.026233254614469015,0.998,0.853,time,96
2022-04-17 17:50:00,2022-04-17 18:05:00,S,0.02581,0.02546008437693749,0.025949966249225003,0.02546008437693749,2.5,2.297,tp,3
2022-04-17 18:10:00,2022-04-17 23:25:00,S,0.025525,0.024538093973130108,0.025919762410747955,0.024538093973130108,2.5,2.429,tp,63
2022-04-17 23:30:00,2022-04-18 07:30:00,S,0.024605,0.024075,0.025760802759763154,0.021715493100592106,0.459,0.435,time,96
2022-04-18 15:45:00,2022-04-18 17:05:00,S,0.024375,0.02464187481914425,0.02464187481914425,0.023707812952139376,-1.0,-1.1,sl,16
2022-04-18 23:55:00,2022-04-19 01:55:00,L,0.02532,0.025021467581503642,0.025021467581503642,0.02606633104624089,-1.0,-1.093,sl,24
2022-04-19 02:00:00,2022-04-19 10:00:00,S,0.02495,0.02493,0.02531539746128646,0.02403650634678385,0.055,-0.02,time,96
2022-04-19 11:00:00,2022-04-19 14:00:00,L,0.025095,0.025568827720344217,0.02490546891186231,0.025568827720344217,2.5,2.354,tp,36
2022-04-19 14:05:00,2022-04-19 22:05:00,L,0.025555,0.025295,0.025080053206603316,0.026742366983491715,-0.547,-0.607,time,96
2022-04-20 00:30:00,2022-04-20 05:55:00,S,0.02497,0.025475361587095128,0.025475361587095128,0.023706596032262175,-1.0,-1.054,sl,65
2022-04-20 06:05:00,2022-04-20 13:30:00,L,0.025485,0.025162599892341018,0.025162599892341018,0.026291000269147456,-1.0,-1.087,sl,89
2022-04-20 13:35:00,2022-04-20 21:35:00,S,0.02521,0.02497,0.025722654236428156,0.02392836440892961,0.468,0.414,time,96
2022-04-21 05:55:00,2022-04-21 10:20:00,S,0.02479,0.025106819776217013,0.025106819776217013,0.023997950559457464,-1.0,-1.086,sl,53
2022-04-21 11:10:00,2022-04-21 16:50:00,L,0.0252,0.024868383871361022,0.024868383871361022,0.026029040321597446,-1.0,-1.084,sl,68
2022-04-21 16:55:00,2022-04-21 19:45:00,S,0.02486,0.024391699283114174,0.02504732028675433,0.024391699283114174,2.5,2.354,tp,34
2022-04-21 19:50:00,2022-04-22 03:50:00,S,0.02441,0.024465,0.024900395634130712,0.023184010914673224,-0.112,-0.167,time,96
2022-04-22 09:40:00,2022-04-22 17:40:00,S,0.02426,0.024245,0.024456418691355997,0.023768953271610008,0.076,-0.059,time,96
2022-04-23 03:00:00,2022-04-23 04:20:00,S,0.02412,0.023916408688427322,0.02420143652462907,0.023916408688427322,2.5,2.174,tp,16
2022-04-23 04:25:00,2022-04-23 06:10:00,S,0.02385,0.02415266085261692,0.02415266085261692,0.023093347868457695,-1.0,-1.087,sl,21
2022-04-23 18:35:00,2022-04-23 22:25:00,S,0.02426,0.024337567468573323,0.024337567468573323,0.02406608132856669,-1.0,-1.344,sl,46
2022-04-23 23:35:00,2022-04-24 07:35:00,S,0.02408,0.024295,0.02454910639139896,0.022907234021502604,-0.458,-0.515,time,96
2022-04-24 09:00:00,2022-04-24 13:35:00,S,0.024195,0.02391277183741601,0.024307891265033597,0.02391277183741601,2.5,2.264,tp,55
2022-04-24 13:40:00,2022-04-24 21:40:00,S,0.02397,0.023855,0.02418049807881369,0.02344375480296578,0.546,0.421,time,96
2022-04-25 00:15:00,2022-04-25 06:50:00,S,0.023695,0.02280907079607289,0.024049371681570845,0.02280907079607289,2.5,2.426,tp,79
2022-04-25 06:55:00,2022-04-25 11:30:00,S,0.02287,0.02326526753942272,0.02326526753942272,0.021881831151443203,-1.0,-1.064,sl,55
2022-04-25 16:35:00,2022-04-25 19:10:00,L,0.023835,0.024898034587576334,0.023409786164969464,0.024898034587576334,2.5,2.438,tp,31
2022-04-25 19:15:00,2022-04-26 03:15:00,L,0.02499,0.024315,0.023930209901568904,0.027639475246077735,-0.637,-0.663,time,96
2022-04-26 04:55:00,2022-04-26 06:25:00,L,0.024535,0.024238194089672177,0.024238194089672177,0.025277014775819562,-1.0,-1.091,sl,18
2022-04-26 12:50:00,2022-04-26 15:05:00,S,0.02395,0.023198554523754005,0.024250578190498397,0.023198554523754005,2.5,2.412,tp,27
2022-04-26 15:10:00,2022-04-26 23:10:00,S,0.02338,0.022975,0.02367914908280098,0.02263212729299755,1.354,1.268,time,96
2022-04-26 23:20:00,2022-04-27 02:10:00,S,0.02255,0.023333814432216816,0.023333814432216816,0.020590463919457964,-1.0,-1.032,sl,34
2022-04-27 07:05:00,2022-04-27 08:50:00,L,0.02362,0.023358953429957613,0.023358953429957613,0.02427261642510596,-1.0,-1.1,sl,21
2022-04-27 08:55:00,2022-04-27 16:55:00,S,0.023435,0.023135,0.023982045564732615,0.022067386088168467,0.548,0.501,time,96
2022-04-27 19:25:00,2022-04-27 20:05:00,S,0.022975,0.023137020246164333,0.023137020246164333,0.022569949384589165,-1.0,-1.156,sl,8
2022-04-28 01:40:00,2022-04-28 09:40:00,S,0.02317,0.02337,0.02348108549587981,0.02239228626030047,-0.643,-0.725,time,96
2022-04-28 12:20:00,2022-04-28 13:10:00,S,0.02328,0.023041655321611555,0.023375337871355376,0.023041655321611555,2.5,2.231,tp,10
2022-04-28 13:15:00,2022-04-28 21:15:00,S,0.023075,0.02298,0.023366832264129778,0.02234541933967555,0.326,0.239,time,96
2022-04-28 21:45:00,2022-04-29 03:55:00,S,0.022825,0.023049680811674612,0.023049680811674612,0.022263297970813473,-1.0,-1.112,sl,74
2022-04-29 08:20:00,2022-04-29 10:30:00,S,0.022815,0.022467044493747732,0.022954182202500905,0.022467044493747732,2.5,2.32,tp,26
2022-04-29 10:35:00,2022-04-29 10:45:00,S,0.02252,0.022052235096145904,0.022707105961541636,0.022052235096145904,2.5,2.368,tp,2
2022-04-29 10:50:00,2022-04-29 12:20:00,S,0.022125,0.02269316912518725,0.02269316912518725,0.020704577187031874,-1.0,-1.043,sl,18
2022-04-29 16:45:00,2022-04-30 00:45:00,S,0.022245,0.02226,0.02261939246821005,0.02130901882947488,-0.04,-0.105,time,96
2022-04-30 03:30:00,2022-04-30 04:55:00,S,0.02218,0.022380472506507574,0.022380472506507574,0.021678818733731058,-1.0,-1.122,sl,17
2022-04-30 08:35:00,2022-04-30 12:05:00,S,0.0221,0.02231567108470135,0.02231567108470135,0.021560822288246635,-1.0,-1.113,sl,42
2022-04-30 13:50:00,2022-04-30 17:50:00,S,0.022,0.021406546035178685,0.022237381585928525,0.021406546035178685,2.5,2.398,tp,48
2022-04-30 17:55:00,2022-04-30 23:05:00,S,0.021485,0.020372592698428792,0.021929962920628484,0.020372592698428792,2.5,2.447,tp,62
2022-04-30 23:10:00,2022-05-01 07:10:00,S,0.018955,0.020805,0.021441839835217635,0.01273790041195591,-0.744,-0.752,time,96
2022-05-01 09:40:00,2022-05-01 15:25:00,S,0.0208,0.02119038329663012,0.02119038329663012,0.0198240417584247,-1.0,-1.059,sl,69
2022-05-01 16:05:00,2022-05-02 00:05:00,L,0.02164,0.02159,0.020859186857821285,0.02359203285544679,-0.064,-0.095,time,96
2022-05-02 08:25:00,2022-05-02 13:35:00,S,0.021175,0.020518863645244606,0.021437454541902157,0.020518863645244606,2.5,2.411,tp,62
2022-05-02 13:40:00,2022-05-02 13:40:00,S,0.02077,0.02108446874262626,0.02108446874262626,0.01998382814343435,-1.0,-1.073,sl,0
2022-05-02 17:30:00,2022-05-02 22:05:00,S,0.020365,0.020770221398121295,0.020770221398121295,0.019351946504696765,-1.0,-1.055,sl,55
2022-05-03 10:00:00,2022-05-03 11:55:00,S,0.02075,0.020954920880019632,0.020954920880019632,0.020237697799950924,-1.0,-1.111,sl,23
2022-05-03 13:50:00,2022-05-03 19:40:00,S,0.02064,0.019985112961005004,0.020901954815597996,0.019985112961005004,2.5,2.413,tp,70
2022-05-03 19:45:00,2022-05-03 20:55:00,S,0.02003,0.020368889255368,0.020368889255368,0.01918277686158,-1.0,-1.065,sl,14
2022-05-04 02:10:00,2022-05-04 04:25:00,L,0.02094,0.020465623373292042,0.020465623373292042,0.022125941566769898,-1.0,-1.049,sl,27
2022-05-04 04:30:00,2022-05-04 08:30:00,S,0.02054,0.02094436574426488,0.02094436574426488,0.0195290856393378,-1.0,-1.056,sl,48
2022-05-04 08:35:00,2022-05-04 09:50:00,L,0.02095,0.02073516828602958,0.02073516828602958,0.021487079284926047,-1.0,-1.107,sl,15
2022-05-04 10:45:00,2022-05-04 12:25:00,L,0.02101,0.020699629982508693,0.020699629982508693,0.02178592504372827,-1.0,-1.074,sl,20
2022-05-04 12:40:00,2022-05-04 18:05:00,S,0.02066,0.020961622370771947,0.020961622370771947,0.019905944073070135,-1.0,-1.075,sl,65
2022-05-04 18:50:00,2022-05-05 02:50:00,L,0.02137,0.021705,0.020505661870259345,0.023530845324351637,0.388,0.36,time,96
2022-05-05 13:35:00,2022-05-05 14:20:00,S,0.02122,0.0205912033827121,0.02147151864691516,0.0205912033827121,2.5,2.407,tp,9
2022-05-05 14:25:00,2022-05-05 22:25:00,S,0.02061,0.02016,0.02141141824662639,0.018606454383434022,0.562,0.533,time,96
2022-05-06 07:40:00,2022-05-06 15:40:00,S,0.01972,0.01998,0.020281267114614452,0.018316832213463877,-0.463,-0.502,time,96
2022-05-06 18:35:00,2022-05-06 19:35:00,S,0.019815,0.020021812673502677,0.020021812673502677,0.019297968316243305,-1.0,-1.105,sl,12
2022-05-07 02:30:00,2022-05-07 04:10:00,S,0.01992,0.01970704033280782,0.02000518386687687,0.01970704033280782,2.5,2.243,tp,20
2022-05-07 04:15:00,2022-05-07 07:55:00,S,0.01974,0.019895508164499934,0.019895508164499934,0.019351229588750168,-1.0,-1.14,sl,44
2022-05-07 20:35:00,2022-05-07 21:10:00,S,0.019715,0.01920335064886358,0.01991965974045457,0.01920335064886358,2.5,2.394,tp,7
2022-05-07 21:15:00,2022-05-08 05:15:00,S,0.01923,0.01879,0.01989908657880267,0.01755728355299333,0.658,0.626,time,96
2022-05-08 10:05:00,2022-05-08 10:45:00,S,0.01879,0.01894909073983051,0.01894909073983051,0.018392273150423726,-1.0,-1.13,sl,8
2022-05-08 13:15:00,2022-05-08 21:15:00,S,0.018775,0.01868,0.019025932996616517,0.018147667508458705,0.379,0.296,time,96
2022-05-08 22:05:00,2022-05-09 02:25:00,S,0.01859,0.018136038368253893,0.01877158465269844,0.018136038368253893,2.5,2.387,tp,52
2022-05-09 02:30:00,2022-05-09 10:30:00,S,0.01807,0.016518702334477733,0.018690519066208906,0.016518702334477733,2.5,2.468,tp,96
2022-05-09 10:35:00,2022-05-09 16:50:00,S,0.0165,0.01451494443823536,0.017294022224705857,0.01451494443823536,2.5,2.477,tp,75
2022-05-09 16:55:00,2022-05-10 00:55:00,S,0.014915,0.01439,0.016267119425266447,0.01153470143683388,0.388,0.376,time,96
2022-05-10 11:25:00,2022-05-10 14:45:00,L,0.01725,0.016482255769845383,0.016482255769845383,0.019169360575386547,-1.0,-1.025,sl,40
2022-05-10 14:50:00,2022-05-10 22:50:00,S,0.01643,0.015905,0.017483248265533737,0.013796879336165658,0.498,0.481,time,96
2022-05-11 06:40:00,2022-05-11 11:50:00,S,0.01561,0.01420259937703543,0.01617296024918583,0.01420259937703543,2.5,2.469,tp,62
2022-05-11 11:55:00,2022-05-11 19:55:00,S,0.01425,0.01177,0.015496289144289944,0.011134277139275141,1.99,1.977,time,96
2022-05-11 20:35:00,2022-05-11 22:05:00,S,0.01159,0.012185048969002792,0.012185048969002792,0.01010237757749302,-1.0,-1.021,sl,18
2022-05-12 02:40:00,2022-05-12 05:05:00,S,0.011835,0.010043421098808708,0.012551631560476516,0.010043421098808708,2.5,2.482,tp,29
2022-05-12 05:10:00,2022-05-12 07:50:00,S,0.01006,0.011123555156659339,0.011123555156659339,0.007401112108351652,-1.0,-1.01,sl,32
2022-05-12 18:25:00,2022-05-13 01:00:00,S,0.01096,0.01188140583790299,0.01188140583790299,0.008656485405242524,-1.0,-1.013,sl,79
2022-05-13 03:15:00,2022-05-13 11:15:00,L,0.01278,0.013235,0.011682831054158996,0.01552292236460251,0.415,0.402,time,96
2022-05-13 11:55:00,2022-05-13 16:40:00,L,0.013825,0.01317142946494075,0.01317142946494075,0.01545892633764813,-1.0,-1.023,sl,57
2022-05-13 17:50:00,2022-05-13 21:50:00,S,0.012855,0.013358813885044967,0.013358813885044967,0.011595465287387583,-1.0,-1.028,sl,48
2022-05-13 21:55:00,2022-05-13 23:40:00,L,0.01342,0.012665447406386686,0.012665447406386686,0.015306381484033283,-1.0,-1.02,sl,21
2022-05-14 03:35:00,2022-05-14 11:35:00,S,0.01276,0.01168,0.01344263863806531,0.011053403404836726,1.582,1.562,time,96
2022-05-14 14:10:00,2022-05-14 16:20:00,S,0.01154,0.01183200459128545,0.01183200459128545,0.010809988521786376,-1.0,-1.043,sl,26
2022-05-14 23:00:00,2022-05-15 02:45:00,L,0.01244,0.011943619715011115,0.011943619715011115,0.01368095071247221,-1.0,-1.028,sl,45
2022-05-15 02:50:00,2022-05-15 06:55:00,S,0.01202,0.012369349417958867,0.012369349417958867,0.01114662645510283,-1.0,-1.038,sl,49
2022-05-15 10:50:00,2022-05-15 14:00:00,L,0.012375,0.012203891744281006,0.012203891744281006,0.012802770639297486,-1.0,-1.08,sl,38
2022-05-15 14:05:00,2022-05-15 18:15:00,S,0.01217,0.012488660995017158,0.012488660995017158,0.011373347512457107,-1.0,-1.042,sl,50
2022-05-15 18:35:00,2022-05-16 02:35:00,L,0.01252,0.01266,0.012283709007920461,0.013110727480198845,0.592,0.534,time,96
2022-05-16 06:20:00,2022-05-16 14:20:00,S,0.012115,0.01211,0.012669800884369227,0.010727997789076935,0.009,-0.015,time,96
2022-05-16 14:50:00,2022-05-16 21:05:00,S,0.01197,0.012173394549745824,0.012173394549745824,0.011461513625635439,-1.0,-1.065,sl,75
2022-05-16 23:40:00,2022-05-17 00:15:00,S,0.01198,0.01212158955588436,0.01212158955588436,0.011626026110289098,-1.0,-1.093,sl,7
2022-05-17 00:20:00,2022-05-17 08:20:00,L,0.01228,0.012535,0.011835824043743724,0.013390439890640687,0.574,0.544,time,96
2022-05-17 14:45:00,2022-05-17 22:45:00,S,0.012305,0.012525,0.012747625473624454,0.011198436315938864,-0.497,-0.528,time,96
2022-05-17 23:10:00,2022-05-18 01:25:00,L,0.012575,0.01246962011909857,0.01246962011909857,0.012838449702253573,-1.0,-1.131,sl,27
2022-05-18 03:15:00,2022-05-18 11:15:00,S,0.012315,0.01229,0.012520436050470905,0.011801409873822737,0.122,0.056,time,96
2022-05-18 12:20:00,2022-05-18 12:50:00,S,0.01225,0.012077564931835587,0.012318974027265766,0.012077564931835587,2.5,2.305,tp,6
2022-05-18 12:55:00,2022-05-18 16:05:00,S,0.012075,0.011460649007810603,0.01232074039687576,0.011460649007810603,2.5,2.446,tp,38
2022-05-18 16:10:00,2022-05-18 16:55:00,S,0.01149,0.01187834196754303,0.01187834196754303,0.010519145081142423,-1.0,-1.033,sl,9
2022-05-18 23:00:00,2022-05-19 01:55:00,S,0.01172,0.011256563029447553,0.011905374788220978,0.011256563029447553,2.5,2.43,tp,35
2022-05-19 02:00:00,2022-05-19 04:05:00,S,0.011275,0.011687416895535365,0.011687416895535365,0.010243957761161587,-1.0,-1.03,sl,25
2022-05-19 08:55:00,2022-05-19 11:40:00,S,0.01143,0.011635228662525251,0.011635228662525251,0.01091692834368687,-1.0,-1.061,sl,33
2022-05-19 15:25:00,2022-05-19 22:30:00,L,0.01198,0.011625249979583021,0.011625249979583021,0.012866875051042444,-1.0,-1.037,sl,85
2022-05-19 22:35:00,2022-05-19 23:35:00,S,0.011655,0.011853986194527294,0.011853986194527294,0.011157534513681767,-1.0,-1.064,sl,12
2022-05-20 06:35:00,2022-05-20 08:25:00,S,0.011695,0.01187479235406941,0.01187479235406941,0.011245519114826477,-1.0,-1.072,sl,22
2022-05-20 09:25:00,2022-05-20 12:45:00,L,0.011875,0.01178570009055936,0.01178570009055936,0.012098249773601601,-1.0,-1.146,sl,40
2022-05-20 12:50:00,2022-05-20 20:50:00,S,0.011775,0.011595,0.012010369701502875,0.011186575746242815,0.765,0.71,time,96
2022-05-21 01:05:00,2022-05-21 07:25:00,S,0.01148,0.011644541162472854,0.011644541162472854,0.011068647093817868,-1.0,-1.077,sl,76
2022-05-21 11:40:00,2022-05-21 13:40:00,S,0.011515,0.011588355987703495,0.011588355987703495,0.01133161003074126,-1.0,-1.173,sl,24
2022-05-21 15:05:00,2022-05-21 23:05:00,L,0.01171,0.01172,0.01154582384677741,0.012120440383056473,0.061,-0.018,time,96
2022-05-22 00:30:00,2022-05-22 02:30:00,L,0.011785,0.011712132493401865,0.011712132493401865,0.01196716876649534,-1.0,-1.178,sl,24
2022-05-22 05:00:00,2022-05-22 06:25:00,S,0.01162,0.011758446554276396,0.011758446554276396,0.01127388361430901,-1.0,-1.092,sl,17
2022-05-22 06:35:00,2022-05-22 09:55:00,L,0.011775,0.011994072650617055,0.011687370939753179,0.011994072650617055,2.5,2.352,tp,40
2022-05-22 10:00:00,2022-05-22 11:30:00,L,0.01197,0.011785772576825938,0.011785772576825938,0.012430568557935156,-1.0,-1.071,sl,18
2022-05-22 22:25:00,2022-05-23 06:25:00,L,0.011945,0.01201,0.011756464100619644,0.012416339748450893,0.345,0.275,time,96
2022-05-23 06:45:00,2022-05-23 14:45:00,L,0.01222,0.01221,0.01186932439332052,0.013096689016698698,-0.029,-0.067,time,96
2022-05-23 16:25:00,2022-05-23 16:50:00,L,0.012455,0.012299953612131398,0.012299953612131398,0.012842615969671508,-1.0,-1.088,sl,5
2022-05-23 19:05:00,2022-05-24 03:05:00,S,0.01192,0.01186,0.012262955841468432,0.01106261039632892,0.175,0.137,time,96
2022-05-24 06:40:00,2022-05-24 13:45:00,S,0.01181,0.011475869042193592,0.011943652383122562,0.011475869042193592,2.5,2.403,tp,85
2022-05-24 13:50:00,2022-05-24 15:45:00,S,0.01143,0.011737631606159895,0.011737631606159895,0.01066092098460026,-1.0,-1.041,sl,23
2022-05-25 00:15:00,2022-05-25 02:20:00,S,0.011675,0.011834158588777096,0.011834158588777096,0.01127710352805726,-1.0,-1.081,sl,25
2022-05-25 02:25:00,2022-05-25 05:50:00,L,0.01183,0.011630307997116045,0.011630307997116045,0.012329230007209887,-1.0,-1.065,sl,41
2022-05-25 05:55:00,2022-05-25 13:55:00,S,0.011595,0.011685,0.011779006321043062,0.011134984197392343,-0.489,-0.558,time,96
2022-05-25 15:35:00,2022-05-25 18:00:00,S,0.01154,0.011683790022124059,0.011683790022124059,0.011180524944689851,-1.0,-1.088,sl,29
2022-05-25 23:55:00,2022-05-26 00:10:00,S,0.011585,0.011667365687955044,0.011667365687955044,0.011379085780112388,-1.0,-1.155,sl,3
2022-05-26 05:25:00,2022-05-26 08:20:00,S,0.011545,0.01126253589585052,0.011657985641659792,0.01126253589585052,2.5,2.388,tp,35
2022-05-26 08:25:00,2022-05-26 16:25:00,S,0.010935,0.01116,0.011480617095773247,0.009570957260566882,-0.412,-0.434,time,96
2022-05-26 18:30:00,2022-05-27 01:05:00,S,0.01088,0.010455519990914798,0.011049792003634082,0.010455519990914798,2.5,2.43,tp,79
2022-05-27 01:10:00,2022-05-27 09:10:00,S,0.010445,0.010355,0.010681264206472965,0.009854339483817587,0.381,0.332,time,96
2022-05-27 23:15:00,2022-05-28 00:15:00,S,0.010415,0.010553623150234127,0.010553623150234127,0.010068442124414684,-1.0,-1.083,sl,12
2022-05-28 12:55:00,2022-05-28 17:15:00,L,0.01076,0.010631265921375468,0.010631265921375468,0.011081835196561331,-1.0,-1.092,sl,52
2022-05-28 17:30:00,2022-05-28 18:55:00,S,0.01065,0.010814174913966442,0.010814174913966442,0.010239562715083896,-1.0,-1.071,sl,17
2022-05-28 19:00:00,2022-05-29 01:25:00,L,0.010805,0.01066225547051489,0.01066225547051489,0.011161861323712777,-1.0,-1.083,sl,77
2022-05-29 01:30:00,2022-05-29 08:15:00,S,0.010645,0.01077349892072905,0.01077349892072905,0.010323752698177376,-1.0,-1.091,sl,81
2022-05-29 08:20:00,2022-05-29 12:45:00,L,0.01076,0.010981386477684905,0.010671445408926039,0.010981386477684905,2.5,2.366,tp,53
2022-05-29 12:50:00,2022-05-29 14:05:00,L,0.01097,0.011429655963634598,0.010786137614546162,0.011429655963634598,2.5,2.434,tp,15
2022-05-29 14:10:00,2022-05-29 22:10:00,L,0.01153,0.011385,0.01097982311543372,0.012905442211415702,-0.264,-0.287,time,96
2022-05-29 22:40:00,2022-05-30 00:05:00,L,0.011525,0.011324786144234955,0.011324786144234955,0.012025534639412614,-1.0,-1.063,sl,17
2022-05-30 01:40:00,2022-05-30 06:15:00,L,0.01161,0.012476901580605021,0.011263239367757992,0.012476901580605021,2.5,2.463,tp,55
2022-05-30 06:20:00,2022-05-30 11:00:00,L,0.01234,0.011772957801322578,0.011772957801322578,0.013757605496693555,-1.0,-1.024,sl,56
2022-05-30 21:00:00,2022-05-31 05:00:00,L,0.012035,0.01201,0.011642092394144515,0.013017269014638714,-0.064,-0.097,time,96
2022-05-31 16:05:00,2022-06-01 00:05:00,L,0.01191,0.011725,0.01163256073418629,0.012603598164534276,-0.667,-0.714,time,96
2022-06-01 04:05:00,2022-06-01 07:00:00,S,0.011595,0.011739256276033777,0.011739256276033777,0.011234359309915554,-1.0,-1.088,sl,35
2022-06-01 10:25:00,2022-06-01 14:25:00,L,0.01185,0.011637609096021208,0.011637609096021208,0.012380977259946977,-1.0,-1.061,sl,48
2022-06-01 14:35:00,2022-06-01 20:25:00,S,0.011555,0.010750434340143084,0.011876826263942765,0.010750434340143084,2.5,2.461,tp,70
2022-06-01 20:30:00,2022-06-02 04:30:00,S,0.010675,0.01082,0.01099297939899439,0.009880051502514028,-0.456,-0.493,time,96
2022-06-02 13:15:00,2022-06-02 15:20:00,S,0.010865,0.011124896742404076,0.011124896742404076,0.010215258143989808,-1.0,-1.046,sl,25
2022-06-02 22:45:00,2022-06-03 00:35:00,L,0.01128,0.011120536078111472,0.011120536078111472,0.011678659804721318,-1.0,-1.078,sl,22
2022-06-03 00:40:00,2022-06-03 08:40:00,S,0.01113,0.010995,0.011278495748152744,0.010758760629618138,0.909,0.827,time,96
2022-06-03 08:50:00,2022-06-03 09:35:00,S,0.011005,0.010871842779882783,0.011058262888046885,0.010871842779882783,2.5,2.273,tp,9
2022-06-03 09:40:00,2022-06-03 17:40:00,S,0.010845,0.010695,0.011049596051221655,0.010333509871945864,0.733,0.675,time,96
2022-06-03 23:30:00,2022-06-04 07:30:00,S,0.01076,0.0108,0.010918548559249867,0.010363628601875334,-0.252,-0.327,time,96
2022-06-04 09:45:00,2022-06-04 17:45:00,S,0.01077,0.010825,0.010882811809278829,0.010487970476802928,-0.488,-0.593,time,96
2022-06-05 01:05:00,2022-06-05 09:05:00,S,0.010785,0.01077,0.010903074498808278,0.010489813752979303,0.127,0.027,time,96
2022-06-05 09:40:00,2022-06-05 13:00:00,S,0.010695,0.010832854430072399,0.010832854430072399,0.010350363924819,-1.0,-1.085,sl,40
2022-06-05 15:05:00,2022-06-05 20:05:00,L,0.01081,0.010978803405953357,0.010742478637618657,0.010978803405953357,2.5,2.324,tp,60
2022-06-05 23:20:00,2022-06-06 00:45:00,S,0.010825,0.01090321186366548,0.01090321186366548,0.010629470340836297,-1.0,-1.152,sl,17
2022-06-06 00:50:00,2022-06-06 07:25:00,L,0.01092,0.011304652578753419,0.010766138968498632,0.011304652578753419,2.5,2.422,tp,79
2022-06-06 07:30:00,2022-06-06 13:35:00,L,0.011305,0.011055479944461462,0.011055479944461462,0.011928800138846347,-1.0,-1.05,sl,73
2022-06-06 16:25:00,2022-06-07 00:25:00,S,0.01093,0.01077,0.011100133394414395,0.010504666513964013,0.94,0.87,time,96
2022-06-07 00:35:00,2022-06-07 08:35:00,S,0.010675,0.01067,0.011099550717450151,0.009613623206374624,0.012,-0.016,time,96
2022-06-07 11:05:00,2022-06-07 14:30:00,S,0.010605,0.010733493212448188,0.010733493212448188,0.01028376696887953,-1.0,-1.091,sl,41
2022-06-07 19:35:00,2022-06-07 20:25:00,L,0.01085,0.011183606736333299,0.010716557305466681,0.011183606736333299,2.5,2.411,tp,10
2022-06-07 20:30:00,2022-06-07 22:45:00,L,0.01109,0.010762116333027254,0.010762116333027254,0.011909709167431863,-1.0,-1.037,sl,27
2022-06-07 22:50:00,2022-06-08 06:50:00,S,0.01056,0.010655,0.010946892170144142,0.009592769574639646,-0.246,-0.276,time,96
2022-06-08 12:25:00,2022-06-08 13:05:00,S,0.010625,0.010748511260764265,0.010748511260764265,0.01031622184808934,-1.0,-1.095,sl,8
2022-06-08 13:40:00,2022-06-08 18:30:00,L,0.01077,0.010600844136017789,0.010600844136017789,0.011192889659955529,-1.0,-1.07,sl,58
2022-06-08 18:35:00,2022-06-08 22:45:00,S,0.010565,0.010688091260594657,0.010688091260594657,0.010257271848513355,-1.0,-1.094,sl,50
2022-06-08 23:55:00,2022-06-09 06:50:00,S,0.01058,0.010692881562940211,0.010692881562940211,0.010297796092649475,-1.0,-1.103,sl,83
2022-06-09 06:55:00,2022-06-09 11:40:00,L,0.010725,0.010653112734680302,0.010653112734680302,0.010904718163299246,-1.0,-1.164,sl,57
2022-06-09 11:45:00,2022-06-09 17:05:00,S,0.01066,0.010716811615189894,0.010716811615189894,0.010517970962025263,-1.0,-1.206,sl,64
2022-06-09 19:05:00,2022-06-10 03:05:00,S,0.01058,0.01061,0.01069255763733542,0.010298605906661451,-0.267,-0.37,time,96
2022-06-10 09:15:00,2022-06-10 12:30:00,S,0.010465,0.010209352374308991,0.010567259050276404,0.010209352374308991,2.5,2.387,tp,39
2022-06-10 12:35:00,2022-06-10 20:35:00,S,0.01023,0.010235,0.010561566458731712,0.00940108385317072,-0.015,-0.049,time,96
2022-06-10 23:25:00,2022-06-11 04:20:00,S,0.01006,0.01026911501070102,0.01026911501070102,0.009537212473247448,-1.0,-1.053,sl,59
2022-06-11 08:40:00,2022-06-11 11:00:00,S,0.01014,0.009755263343262283,0.010293894662695086,0.009755263343262283,2.5,2.428,tp,28
2022-06-11 11:05:00,2022-06-11 19:05:00,S,0.009715,0.00948,0.010089693474162713,0.008778266314593216,0.627,0.599,time,96
2022-06-11 21:00:00,2022-06-11 22:30:00,S,0.009315,0.00948381684451667,0.00948381684451667,0.008892957888708329,-1.0,-1.061,sl,18
2022-06-11 23:40:00,2022-06-12 02:40:00,S,0.00927,0.008658831319701597,0.009514467472119361,0.008658831319701597,2.5,2.458,tp,36
2022-06-12 02:45:00,2022-06-12 10:45:00,S,0.00873,0.00873,0.009256396786699761,0.007414008033250597,-0.0,-0.018,time,96
2022-06-12 13:40:00,2022-06-12 14:30:00,S,0.00864,0.008844131760355005,0.008844131760355005,0.008129670599112489,-1.0,-1.047,sl,10
2022-06-12 18:40:00,2022-06-12 23:40:00,S,0.009055,0.008606923428590646,0.009234230628563742,0.008606923428590646,2.5,2.444,tp,60
2022-06-12 23:45:00,2022-06-13 03:00:00,S,0.008635,0.00810707608545836,0.008846169565816657,0.00810707608545836,2.5,2.455,tp,39
2022-06-13 03:05:00,2022-06-13 04:05:00,S,0.008075,0.008359053834764088,0.008359053834764088,0.007364865413089783,-1.0,-1.031,sl,12
2022-06-13 06:50:00,2022-06-13 09:05:00,S,0.00804,0.007420278623103587,0.008287888550758566,0.007420278623103587,2.5,2.464,tp,27
2022-06-13 09:10:00,2022-06-13 15:40:00,S,0.00757,0.007973447243519203,0.007973447243519203,0.006561381891201994,-1.0,-1.021,sl,78
2022-06-13 22:20:00,2022-06-14 05:20:00,S,0.008045,0.008459173309102978,0.008459173309102978,0.007009566727242555,-1.0,-1.021,sl,84
2022-06-14 05:25:00,2022-06-14 11:10:00,L,0.008355,0.008014345901545901,0.008014345901545901,0.009206635246135245,-1.0,-1.027,sl,69
2022-06-14 11:15:00,2022-06-14 12:40:00,S,0.008025,0.008194760798843124,0.008194760798843124,0.007600598002892187,-1.0,-1.052,sl,17
2022-06-14 19:15:00,2022-06-14 23:20:00,S,0.008035,0.008174075840131098,0.008174075840131098,0.007687310399672257,-1.0,-1.064,sl,49
2022-06-15 01:45:00,2022-06-15 03:10:00,L,0.008335,0.008109910200475686,0.008109910200475686,0.008897724498810787,-1.0,-1.041,sl,17
2022-06-15 03:15:00,2022-06-15 05:25:00,S,0.00812,0.007733649897534417,0.008274540040986234,0.007733649897534417,2.5,2.442,tp,26
2022-06-15 05:30:00,2022-06-15 06:50:00,S,0.007725,0.00793646978024767,0.00793646978024767,0.0071963255493808255,-1.0,-1.04,sl,16
2022-06-15 08:15:00,2022-06-15 10:40:00,S,0.007645,0.007926821831546055,0.007926821831546055,0.006940445421134863,-1.0,-1.03,sl,29
2022-06-15 14:55:00,2022-06-15 18:40:00,S,0.007885,0.008145642113794245,0.008145642113794245,0.007233394715514387,-1.0,-1.033,sl,45
2022-06-15 18:45:00,2022-06-16 02:45:00,L,0.0083,0.0086,0.007618795469515148,0.01000301132621213,0.44,0.427,time,96
2022-06-16 09:20:00,2022-06-16 17:20:00,S,0.00821,0.00827,0.008425110062212601,0.007672224844468499,-0.279,-0.321,time,96
2022-06-16 19:40:00,2022-06-17 01:45:00,S,0.008055,0.008256020739241263,0.008256020739241263,0.007552448151896841,-1.0,-1.044,sl,73
2022-06-17 01:50:00,2022-06-17 09:50:00,L,0.00821,0.00816,0.007988734310616996,0.00876316422345751,-0.226,-0.267,time,96
2022-06-17 12:45:00,2022-06-17 20:45:00,S,0.008095,0.00821,0.00824349710430962,0.007723757239225948,-0.774,-0.834,time,96
2022-06-17 20:50:00,2022-06-17 22:20:00,L,0.00821,0.008097312689213678,0.008097312689213678,0.008491718276965807,-1.0,-1.08,sl,18
2022-06-18 00:35:00,2022-06-18 01:30:00,L,0.00825,0.008147208805346468,0.008147208805346468,0.008506977986633833,-1.0,-1.088,sl,11
2022-06-18 01:45:00,2022-06-18 09:45:00,S,0.00807,0.007785,0.008252611842498,0.007613470393755002,1.561,1.512,time,96
2022-06-18 14:55:00,2022-06-18 19:35:00,S,0.007795,0.007436474554166213,0.007938410178333515,0.007436474554166213,2.5,2.44,tp,56
2022-06-18 19:40:00,2022-06-18 21:25:00,S,0.00746,0.0076559943592503345,0.0076559943592503345,0.006970014101874162,-1.0,-1.042,sl,21
2022-06-19 01:25:00,2022-06-19 07:20:00,S,0.007555,0.007749131721344741,0.007749131721344741,0.0070696706966381475,-1.0,-1.043,sl,71
2022-06-19 10:20:00,2022-06-19 18:20:00,L,0.00789,0.00802,0.007659166275006009,0.008467084312484977,0.563,0.526,time,96
2022-06-19 19:00:00,2022-06-20 02:30:00,L,0.008195,0.00790969505604326,0.00790969505604326,0.008908262359891847,-1.0,-1.032,sl,90
2022-06-20 08:20:00,2022-06-20 16:20:00,L,0.008125,0.00814,0.007905960186895808,0.008672599532760481,0.068,0.028,time,96
2022-06-20 21:05:00,2022-06-20 22:15:00,L,0.00815,0.007996681247854819,0.007996681247854819,0.008533296880362952,-1.0,-1.058,sl,14
2022-06-21 05:15:00,2022-06-21 08:20:00,L,0.00824,0.008547121975840673,0.008117151209663732,0.008547121975840673,2.5,2.426,tp,37
2022-06-21 08:25:00,2022-06-21 10:30:00,L,0.00853,0.009422694616075346,0.00817292215356986,0.009422694616075346,2.5,2.474,tp,25
2022-06-21 10:35:00,2022-06-21 18:35:00,L,0.00935,0.01061,0.008593080875057772,0.011242297812355572,1.665,1.651,time,96
2022-06-21 18:50:00,2022-06-21 22:20:00,L,0.010925,0.010284269765181204,0.010284269765181204,0.012526825587046993,-1.0,-1.019,sl,42
2022-06-22 05:25:00,2022-06-22 06:25:00,L,0.010035,0.009448955961199532,0.009448955961199532,0.011500110097001172,-1.0,-1.019,sl,12
2022-06-22 09:40:00,2022-06-22 11:15:00,L,0.009665,0.010678658465943774,0.00925953661362249,0.010678658465943774,2.5,2.474,tp,19
2022-06-22 11:20:00,2022-06-22 19:20:00,L,0.010505,0.00981,0.009609639015868072,0.01274340246032982,-0.776,-0.789,time,96
2022-06-23 00:30:00,2022-06-23 08:30:00,L,0.009985,0.01022,0.009580685726946802,0.010995785682633,0.581,0.554,time,96
2022-06-23 15:35:00,2022-06-23 19:20:00,S,0.00981,0.01015832786326065,0.01015832786326065,0.00893918034184837,-1.0,-1.031,sl,45
2022-06-23 19:25:00,2022-06-24 03:25:00,L,0.010115,0.01034,0.009898081594910216,0.010657296012724462,1.037,0.986,time,96
2022-06-24 08:50:00,2022-06-24 11:15:00,L,0.01042,0.01117577761893208,0.010117688952427168,0.01117577761893208,2.5,2.462,tp,29
2022-06-24 11:20:00,2022-06-24 19:20:00,L,0.011135,0.01093,0.010329349956659175,0.013149125108352065,-0.254,-0.27,time,96
2022-06-24 21:55:00,2022-06-25 00:00:00,L,0.011035,0.010784985230105577,0.010784985230105577,0.011660036924736055,-1.0,-1.049,sl,25
2022-06-25 04:00:00,2022-06-25 12:00:00,L,0.01147,0.01159,0.010766991782214682,0.013227520544463293,0.171,0.153,time,96
2022-06-25 19:00:00,2022-06-26 01:15:00,L,0.011545,0.012062473445161738,0.011338010621935304,0.012062473445161738,2.5,2.439,tp,75
2022-06-26 01:20:00,2022-06-26 01:50:00,L,0.01195,0.011685545516422697,0.011685545516422697,0.01261113620894326,-1.0,-1.05,sl,6
2022-06-26 07:00:00,2022-06-26 15:00:00,L,0.01184,0.011725,0.011619920154950841,0.012390199612622898,-0.523,-0.582,time,96
2022-06-26 18:20:00,2022-06-26 20:45:00,S,0.011335,0.011606642222413938,0.011606642222413938,0.010655894443965152,-1.0,-1.046,sl,29
2022-06-26 20:50:00,2022-06-26 22:20:00,L,0.01159,0.01135478470048107,0.01135478470048107,0.012178038248797322,-1.0,-1.054,sl,18
2022-06-26 22:30:00,2022-06-27 06:30:00,S,0.011295,0.01146,0.01187955428237291,0.009833614294067722,-0.282,-0.304,time,96
2022-06-27 07:20:00,2022-06-27 11:20:00,L,0.011605,0.01141544764677039,0.01141544764677039,0.012078880883074029,-1.0,-1.067,sl,48
2022-06-27 11:25:00,2022-06-27 13:45:00,S,0.01143,0.01101806206788969,0.011594775172844123,0.01101806206788969,2.5,2.424,tp,28
2022-06-27 13:50:00,2022-06-27 21:50:00,S,0.01091,0.010985,0.011456308194530187,0.009544229513674531,-0.137,-0.159,time,96
2022-06-28 01:25:00,2022-06-28 09:25:00,S,0.01091,0.010995,0.011191057987545418,0.010207355031136454,-0.302,-0.345,time,96
2022-06-28 14:50:00,2022-06-28 17:45:00,S,0.0108,0.010148673489987811,0.011060530604004876,0.010148673489987811,2.5,2.454,tp,35
2022-06-28 17:50:00,2022-06-29 01:50:00,S,0.010325,0.010155,0.01068980888929274,0.009412977776768153,0.466,0.435,time,96
2022-06-29 04:25:00,2022-06-29 06:50:00,S,0.009995,0.009557311654484727,0.01017007533820611,0.009557311654484727,2.5,2.437,tp,29
2022-06-29 06:55:00,2022-06-29 07:55:00,S,0.00959,0.009872563016330316,0.009872563016330316,0.008883592459174208,-1.0,-1.037,sl,12
2022-06-29 11:15:00,2022-06-29 14:05:00,S,0.00972,0.0099145757794854,0.0099145757794854,0.009233560551286497,-1.0,-1.055,sl,34
2022-06-29 23:10:00,2022-06-30 03:20:00,S,0.010165,0.010422587912273757,0.010422587912273757,0.009521030219315609,-1.0,-1.043,sl,50
2022-06-30 03:25:00,2022-06-30 06:20:00,L,0.010305,0.010042593843278678,0.010042593843278678,0.010961015391803303,-1.0,-1.043,sl,35
2022-06-30 06:25:00,2022-06-30 14:25:00,S,0.010065,0.009955,0.010286121177706047,0.009512197055734882,0.497,0.447,time,96
2022-06-30 15:00:00,2022-06-30 23:00:00,L,0.010275,0.01009,0.00975556861212726,0.01157357846968185,-0.356,-0.378,time,96
2022-06-30 23:50:00,2022-07-01 07:50:00,L,0.010275,0.010225,0.009865459650053645,0.011298850874865887,-0.122,-0.15,time,96
2022-07-01 10:10:00,2022-07-01 13:45:00,S,0.010035,0.010125042708724547,0.010125042708724547,0.009809893228188635,-1.0,-1.123,sl,43
2022-07-01 21:55:00,2022-07-02 05:55:00,S,0.01002,0.01001,0.010148693780871906,0.009698265547820235,0.078,-0.008,time,96
2022-07-02 10:45:00,2022-07-02 18:45:00,L,0.010105,0.0101,0.009956367692832462,0.010476580767918842,-0.034,-0.108,time,96
2022-07-02 20:20:00,2022-07-03 04:20:00,S,0.010055,0.010045,0.010122320091659573,0.009886699770851066,0.149,-0.016,time,96
2022-07-03 09:00:00,2022-07-03 13:35:00,S,0.009945,0.009800947452430233,0.010002621019027907,0.009800947452430233,2.5,2.31,tp,55
2022-07-03 13:40:00,2022-07-03 19:05:00,S,0.00981,0.009984764936165352,0.009984764936165352,0.009373087659586617,-1.0,-1.062,sl,65
2022-07-03 19:10:00,2022-07-03 20:05:00,L,0.009975,0.010118650918886482,0.009917539632445406,0.010118650918886482,2.5,2.309,tp,11
2022-07-03 20:10:00,2022-07-04 02:45:00,L,0.01009,0.009961549190720268,0.009961549190720268,0.01041112702319933,-1.0,-1.086,sl,79
2022-07-04 02:50:00,2022-07-04 07:30:00,S,0.009955,0.010068056836474047,0.010068056836474047,0.009672357908814884,-1.0,-1.097,sl,56
2022-07-04 07:35:00,2022-07-04 12:00:00,L,0.010065,0.010346683097718343,0.009952326760912662,0.010346683097718343,2.5,2.402,tp,53
2022-07-04 12:05:00,2022-07-04 20:05:00,L,0.010375,0.01028,0.010059750409846406,0.011163123975383986,-0.301,-0.338,time,96
2022-07-04 22:55:00,2022-07-05 01:05:00,L,0.010415,0.010752630238600142,0.010279947904559944,0.010752630238600142,2.5,2.415,tp,26
2022-07-05 01:10:00,2022-07-05 08:05:00,L,0.010745,0.010426481641739175,0.010426481641739175,0.01154129589565206,-1.0,-1.037,sl,83
2022-07-05 09:35:00,2022-07-05 17:35:00,S,0.01022,0.010265,0.010431187590852434,0.009692031022868914,-0.213,-0.266,time,96
2022-07-05 19:00:00,2022-07-06 01:40:00,L,0.010475,0.010199985303398312,0.010199985303398312,0.01116253674150422,-1.0,-1.042,sl,80
2022-07-06 01:45:00,2022-07-06 04:10:00,S,0.0102,0.010409783719231212,0.010409783719231212,0.009675540701921974,-1.0,-1.053,sl,29
2022-07-06 04:15:00,2022-07-06 12:15:00,L,0.01037,0.01032,0.010174997597181821,0.01085750600704545,-0.256,-0.315,time,96
2022-07-06 13:35:00,2022-07-06 13:35:00,L,0.010435,0.01032607184480412,0.01032607184480412,0.010707320387989699,-1.0,-1.105,sl,0
2022-07-06 14:10:00,2022-07-06 22:10:00,L,0.010455,0.010485,0.01029488333528033,0.010855291661799176,0.187,0.116,time,96
2022-07-07 05:20:00,2022-07-07 05:50:00,L,0.0106,0.01049240072564765,0.01049240072564765,0.010868998185880874,-1.0,-1.108,sl,6
2022-07-07 14:20:00,2022-07-07 22:20:00,L,0.010775,0.011488351151278709,0.010489659539488516,0.011488351151278709,2.5,2.458,tp,96
2022-07-07 22:25:00,2022-07-08 06:25:00,L,0.01143,0.011035,0.010889957049438554,0.012780107376403612,-0.731,-0.755,time,96
2022-07-08 15:00:00,2022-07-08 23:00:00,L,0.01109,0.01124,0.010783813949436963,0.01185546512640759,0.49,0.45,time,96
2022-07-09 05:05:00,2022-07-09 13:05:00,L,0.01127,0.01143,0.011091495126433022,0.011716262183917447,0.896,0.827,time,96
2022-07-09 13:15:00,2022-07-09 21:15:00,L,0.01148,0.01167,0.011219339867442512,0.012131650331393722,0.729,0.68,time,96
2022-07-09 21:50:00,2022-07-09 21:50:00,L,0.01172,0.011641612608171089,0.011641612608171089,0.011915968479572277,-1.0,-1.164,sl,0
2022-07-10 06:00:00,2022-07-10 09:25:00,L,0.01137,0.011302340163898552,0.011302340163898552,0.011539149590253619,-1.0,-1.185,sl,41
2022-07-10 09:30:00,2022-07-10 17:30:00,S,0.01128,0.011115,0.011438908510119434,0.010882728724701415,1.038,0.96,time,96
2022-07-11 00:05:00,2022-07-11 08:05:00,S,0.01107,0.010885,0.011238774007581272,0.010648064981046819,1.096,1.024,time,96
2022-07-11 12:05:00,2022-07-11 12:55:00,S,0.010915,0.011053286783636098,0.011053286783636098,0.010569283040909754,-1.0,-1.087,sl,10
2022-07-11 13:15:00,2022-07-11 21:15:00,S,0.0108,0.010585,0.011107335077356905,0.01003166230660774,0.7,0.661,time,96
2022-07-11 21:45:00,2022-07-12 05:45:00,S,0.01049,0.010535,0.010644261003952212,0.010104347490119467,-0.292,-0.367,time,96
2022-07-12 07:00:00,2022-07-12 15:00:00,S,0.01033,0.010375,0.010503915017582076,0.009895212456044813,-0.259,-0.324,time,96
2022-07-12 18:30:00,2022-07-12 19:35:00,S,0.01031,0.010078566994490223,0.01040257320220391,0.010078566994490223,2.5,2.377,tp,13
2022-07-12 19:40:00,2022-07-13 03:40:00,S,0.010045,0.010025,0.010320001995880412,0.00935749501029897,0.073,0.033,time,96
2022-07-13 12:20:00,2022-07-13 12:25:00,S,0.010225,0.0103640885929911,0.0103640885929911,0.00987727851752225,-1.0,-1.081,sl,1
2022-07-13 12:35:00,2022-07-13 20:35:00,S,0.010065,0.01023,0.010521983004089318,0.008922542489776704,-0.361,-0.385,time,96
2022-07-13 21:45:00,2022-07-14 05:45:00,L,0.010335,0.010385,0.010206536771991794,0.010656158070020516,0.389,0.301,time,96
2022-07-14 06:35:00,2022-07-14 14:35:00,S,0.01027,0.010245,0.010438339117439526,0.009849152206401183,0.149,0.081,time,96
2022-07-14 15:20:00,2022-07-14 23:20:00,L,0.010395,0.01056,0.010200388222350552,0.010881529444123617,0.848,0.789,time,96
2022-07-14 23:35:00,2022-07-15 07:35:00,L,0.01061,0.010715,0.010472566220802863,0.010953584447992841,0.764,0.679,time,96
2022-07-15 08:10:00,2022-07-15 13:05:00,L,0.010755,0.011176209279988329,0.01058651628800467,0.011176209279988329,2.5,2.43,tp,59
2022-07-15 18:45:00,2022-07-16 00:20:00,L,0.010955,0.010750476389676005,0.010750476389676005,0.011466309025809985,-1.0,-1.059,sl,67
2022-07-16 06:00:00,2022-07-16 13:15:00,S,0.010635,0.010762941121069299,0.010762941121069299,0.010315147197326756,-1.0,-1.091,sl,87
2022-07-16 13:20:00,2022-07-16 17:00:00,L,0.010755,0.011202520732661071,0.010575991706935572,0.011202520732661071,2.5,2.434,tp,44
2022-07-16 17:05:00,2022-07-16 20:10:00,L,0.011155,0.010878709490634877,0.010878709490634877,0.011845726273412807,-1.0,-1.044,sl,37
2022-07-16 23:50:00,2022-07-17 01:15:00,L,0.011045,0.01093700156229125,0.01093700156229125,0.011314996094271872,-1.0,-1.112,sl,17
2022-07-17 06:30:00,2022-07-17 08:30:00,L,0.0111,0.01097201046957531,0.01097201046957531,0.011419973826061726,-1.0,-1.095,sl,24
2022-07-17 13:05:00,2022-07-17 21:05:00,S,0.010835,0.010835,0.011049967036251709,0.010297582409370724,-0.0,-0.055,time,96
2022-07-17 22:05:00,2022-07-17 23:35:00,L,0.010855,0.010777824194121554,0.010777824194121554,0.011047939514696115,-1.0,-1.155,sl,18
2022-07-17 23:55:00,2022-07-18 01:40:00,S,0.010715,0.010888331842922393,0.010888331842922393,0.01028167039269402,-1.0,-1.068,sl,21
2022-07-18 01:50:00,2022-07-18 05:40:00,L,0.010895,0.011265110666080715,0.010746955733567714,0.011265110666080715,2.5,2.419,tp,46
2022-07-18 05:45:00,2022-07-18 13:45:00,L,0.011275,0.011415,0.011049918507068683,0.011837703732328293,0.622,0.567,time,96
2022-07-18 13:50:00,2022-07-18 14:00:00,L,0.011415,0.01199392167351142,0.011183431330595432,0.01199392167351142,2.5,2.446,tp,2
2022-07-18 14:05:00,2022-07-18 19:10:00,L,0.011855,0.011233833669131306,0.011233833669131306,0.013407915827171732,-1.0,-1.021,sl,61
2022-07-18 23:15:00,2022-07-19 04:05:00,L,0.011705,0.011431898053616026,0.011431898053616026,0.012387754865959937,-1.0,-1.047,sl,58
2022-07-19 11:00:00,2022-07-19 14:55:00,L,0.011755,0.01229561328667279,0.011538754685330884,0.01229561328667279,2.5,2.44,tp,47
2022-07-19 15:00:00,2022-07-19 23:00:00,L,0.012365,0.012295,0.011808041404665117,0.013757396488337204,-0.126,-0.15,time,96
2022-07-19 23:10:00,2022-07-19 23:35:00,L,0.01243,0.012179152384339156,0.012179152384339156,0.01305711903915211,-1.0,-1.055,sl,5
2022-07-20 02:45:00,2022-07-20 07:05:00,L,0.012325,0.01278915379486392,0.01213933848205443,0.01278915379486392,2.5,2.427,tp,52
2022-07-20 07:10:00,2022-07-20 09:00:00,L,0.012855,0.012480086177520259,0.012480086177520259,0.013792284556199354,-1.0,-1.038,sl,22
2022-07-20 20:10:00,2022-07-21 04:10:00,S,0.01201,0.01149,0.012530388022470041,0.010709029943824895,0.999,0.974,time,96
2022-07-21 11:15:00,2022-07-21 13:25:00,S,0.011645,0.01189547984791719,0.01189547984791719,0.011018800380207028,-1.0,-1.051,sl,26
2022-07-21 14:35:00,2022-07-21 16:10:00,S,0.01156,0.011887645059848732,0.011887645059848732,0.010740887350378172,-1.0,-1.039,sl,19
2022-07-21 16:15:00,2022-07-22 00:15:00,L,0.011885,0.012065,0.011664657795528116,0.012435855511179709,0.817,0.758,time,96
2022-07-22 00:35:00,2022-07-22 08:35:00,L,0.01213,0.012235,0.011920233828289509,0.012654415429276228,0.501,0.437,time,96
2022-07-22 09:15:00,2022-07-22 13:00:00,L,0.012375,0.012179298548599851,0.012179298548599851,0.012864253628500374,-1.0,-1.07,sl,45
2022-07-22 15:25:00,2022-07-22 23:25:00,S,0.011985,0.0117,0.012181066148913611,0.011494834627715975,1.454,1.386,time,96
2022-07-23 00:10:00,2022-07-23 01:00:00,S,0.01157,0.011790339021687416,0.011790339021687416,0.011019152445781461,-1.0,-1.058,sl,10
2022-07-23 04:35:00,2022-07-23 08:50:00,L,0.011945,0.011826990192454043,0.011826990192454043,0.012240024518864894,-1.0,-1.111,sl,51
2022-07-23 09:00:00,2022-07-23 17:00:00,S,0.01176,0.011545,0.01195968341091552,0.011260791472711196,1.077,1.012,time,96
2022-07-23 17:35:00,2022-07-23 22:45:00,S,0.01142,0.011621048176370777,0.011621048176370777,0.010917379559073055,-1.0,-1.062,sl,62
2022-07-24 03:55:00,2022-07-24 05:10:00,S,0.011555,0.011677330980669469,0.011677330980669469,0.011249172548326325,-1.0,-1.104,sl,15
2022-07-24 05:15:00,2022-07-24 13:15:00,L,0.01172,0.01166,0.011516623616542767,0.012228440958643082,-0.295,-0.358,time,96
2022-07-24 22:00:00,2022-07-24 22:50:00,L,0.01175,0.011672753890110393,0.011672753890110393,0.011943115274724019,-1.0,-1.167,sl,10
2022-07-24 22:55:00,2022-07-25 06:55:00,S,0.011655,0.01132,0.011876201014759733,0.01110199746310067,1.514,1.457,time,96
2022-07-25 08:25:00,2022-07-25 08:35:00,S,0.011285,0.01135238786823385,0.01135238786823385,0.011116530329415376,-1.0,-1.184,sl,2
2022-07-25 12:10:00,2022-07-25 20:10:00,S,0.011215,0.01111,0.011388420906464925,0.010781447733837685,0.605,0.534,time,96
2022-07-25 23:45:00,2022-07-26 00:00:00,S,0.010915,0.010642678977978432,0.011023928408808626,0.010642678977978432,2.5,2.39,tp,3
2022-07-26 00:05:00,2022-07-26 08:05:00,S,0.010655,0.01041,0.011011794415486087,0.009763013961284782,0.687,0.654,time,96
2022-07-26 13:15:00,2022-07-26 21:05:00,S,0.01033,0.01053906115438766,0.01053906115438766,0.009807347114030853,-1.0,-1.054,sl,94
2022-07-26 23:50:00,2022-07-27 01:40:00,L,0.010805,0.010665194337255471,0.010665194337255471,0.011154514156861323,-1.0,-1.085,sl,22
2022-07-27 01:45:00,2022-07-27 07:10:00,S,0.01059,0.010795141727184087,0.010795141727184087,0.010077145682039785,-1.0,-1.057,sl,65
2022-07-27 10:20:00,2022-07-27 12:40:00,S,0.01064,0.010752813714840201,0.010752813714840201,0.010357965712899498,-1.0,-1.104,sl,28
2022-07-27 13:50:00,2022-07-27 16:55:00,L,0.010795,0.010675981477269607,0.010675981477269607,0.011092546306825986,-1.0,-1.1,sl,37
2022-07-27 17:05:00,2022-07-27 18:00:00,S,0.010665,0.010865088154982902,0.010865088154982902,0.010164779612542743,-1.0,-1.059,sl,11
2022-07-27 18:05:00,2022-07-28 02:05:00,L,0.01102,0.01132,0.010609130378523651,0.012047174053690872,0.73,0.701,time,96
2022-07-28 02:55:00,2022-07-28 07:30:00,L,0.01156,0.01128972659314932,0.01128972659314932,0.012235683517126703,-1.0,-1.047,sl,55
2022-07-28 10:45:00,2022-07-28 12:25:00,L,0.011375,0.01125705340136574,0.01125705340136574,0.011669866496585649,-1.0,-1.106,sl,20
2022-07-28 15:25:00,2022-07-28 17:25:00,L,0.011435,0.01200996498783922,0.011205014004864313,0.01200996498783922,2.5,2.445,tp,24
2022-07-28 17:30:00,2022-07-29 01:30:00,L,0.012045,0.01184,0.011648073727226087,0.013037315681934784,-0.516,-0.55,time,96
2022-07-29 03:45:00,2022-07-29 08:05:00,L,0.012155,0.011849330423401822,0.011849330423401822,0.012919173941495441,-1.0,-1.044,sl,52
2022-07-29 12:20:00,2022-07-29 14:10:00,S,0.011645,0.011917440286889175,0.011917440286889175,0.010963899282777065,-1.0,-1.047,sl,22
2022-07-29 14:30:00,2022-07-29 17:25:00,L,0.011955,0.011533007001989634,0.011533007001989634,0.013009982495025916,-1.0,-1.031,sl,35
2022-07-29 23:10:00,2022-07-29 23:50:00,L,0.01195,0.011725731407232405,0.011725731407232405,0.012510671481918988,-1.0,-1.059,sl,8
2022-07-30 04:25:00,2022-07-30 06:25:00,S,0.01166,0.011800251441116624,0.011800251441116624,0.011309371397208442,-1.0,-1.091,sl,24
2022-07-30 06:30:00,2022-07-30 08:50:00,L,0.011805,0.012151186760022348,0.01166652529599106,0.012151186760022348,2.5,2.406,tp,28
2022-07-30 08:55:00,2022-07-30 16:55:00,L,0.012225,0.012535,0.011832404087117089,0.013206489782207276,0.79,0.755,time,96
2022-07-31 01:35:00,2022-07-31 08:45:00,L,0.012,0.011875675960948323,0.011875675960948323,0.012310810097629193,-1.0,-1.106,sl,86
2022-07-31 08:50:00,2022-07-31 10:55:00,S,0.011865,0.012065204214763026,0.012065204214763026,0.011364489463092436,-1.0,-1.065,sl,25
2022-07-31 11:00:00,2022-07-31 14:40:00,L,0.012075,0.01192055125044349,0.01192055125044349,0.012461121873891277,-1.0,-1.086,sl,44
2022-07-31 14:45:00,2022-07-31 16:00:00,S,0.011895,0.01204503940597551,0.01204503940597551,0.011519901485061221,-1.0,-1.087,sl,15
2022-07-31 22:20:00,2022-08-01 01:50:00,S,0.011895,0.012068805456655689,0.012068805456655689,0.011460486358360774,-1.0,-1.075,sl,42
2022-08-01 01:55:00,2022-08-01 09:55:00,L,0.0122,0.01215,0.011787770966051778,0.013230572584870558,-0.121,-0.154,time,96
2022-08-01 10:35:00,2022-08-01 18:35:00,S,0.012035,0.011875,0.01222967488760869,0.011548312780978275,0.822,0.754,time,96
2022-08-01 22:15:00,2022-08-01 22:45:00,S,0.0118,0.011958879415873409,0.011958879415873409,0.011402801460316477,-1.0,-1.082,sl,6
2022-08-02 01:55:00,2022-08-02 09:55:00,S,0.01177,0.011665,0.012046339928622429,0.011079150178443926,0.38,0.333,time,96
2022-08-02 14:15:00,2022-08-02 14:25:00,S,0.01164,0.01174995493529575,0.01174995493529575,0.011365112661760622,-1.0,-1.116,sl,2
2022-08-02 16:10:00,2022-08-02 23:50:00,L,0.01189,0.011730456406725357,0.011730456406725357,0.012288858983186607,-1.0,-1.082,sl,92
2022-08-02 23:55:00,2022-08-03 06:05:00,S,0.01175,0.011934976437280916,0.011934976437280916,0.01128755890679771,-1.0,-1.07,sl,74
2022-08-03 06:10:00,2022-08-03 14:10:00,L,0.01193,0.01207,0.011777293488500887,0.012311766278747782,0.917,0.831,time,96
2022-08-03 18:35:00,2022-08-03 20:20:00,L,0.012075,0.011987458856305424,0.011987458856305424,0.012293852859236443,-1.0,-1.152,sl,21
2022-08-03 22:05:00,2022-08-03 23:00:00,S,0.01194,0.011771610874493646,0.01200735565020254,0.011771610874493646,2.5,2.305,tp,11
2022-08-03 23:05:00,2022-08-04 01:00:00,S,0.01176,0.011954170265543872,0.011954170265543872,0.01127457433614032,-1.0,-1.067,sl,23
2022-08-04 01:10:00,2022-08-04 06:30:00,L,0.011985,0.011806482602717213,0.011806482602717213,0.012431293493206971,-1.0,-1.074,sl,64
2022-08-04 06:35:00,2022-08-04 14:35:00,S,0.01185,0.011805,0.012003840195307683,0.01146539951173079,0.293,0.208,time,96
2022-08-04 16:50:00,2022-08-05 00:50:00,S,0.011765,0.011825,0.011963894654199654,0.011267763364500864,-0.302,-0.367,time,96
2022-08-05 01:50:00,2022-08-05 09:50:00,L,0.01193,0.01207,0.011776705814874056,0.01231323546281486,0.913,0.828,time,96
2022-08-05 11:45:00,2022-08-05 12:30:00,L,0.01219,0.012041703161119867,0.012041703161119867,0.01256074209720033,-1.0,-1.09,sl,9
2022-08-05 21:20:00,2022-08-06 01:30:00,L,0.012045,0.012188921544530756,0.011987431382187698,0.012188921544530756,2.5,2.27,tp,50
2022-08-06 08:30:00,2022-08-06 08:35:00,L,0.01219,0.01214306319576318,0.01214306319576318,0.012307342010592047,-1.0,-1.286,sl,1
2022-08-06 17:05:00,2022-08-07 01:05:00,S,0.011955,0.011875,0.012123496463611513,0.011533758840971218,0.475,0.397,time,96
2022-08-07 12:05:00,2022-08-07 20:05:00,L,0.012035,0.012095,0.011958283086647654,0.012226792283380866,0.782,0.61,time,96
2022-08-07 21:10:00,2022-08-07 22:00:00,L,0.01214,0.012077982588366669,0.012077982588366669,0.012295043529083328,-1.0,-1.215,sl,10
2022-08-08 02:40:00,2022-08-08 03:25:00,L,0.012135,0.012338857203070982,0.012053457118771607,0.012338857203070982,2.5,2.336,tp,9
2022-08-08 03:30:00,2022-08-08 11:30:00,L,0.01245,0.01259,0.012089706702176217,0.013350733244559456,0.389,0.351,time,96
2022-08-08 14:05:00,2022-08-08 15:20:00,L,0.01264,0.012470169654076988,0.012470169654076988,0.01306457586480753,-1.0,-1.082,sl,15
2022-08-08 20:40:00,2022-08-08 21:15:00,L,0.01247,0.012372544252604478,0.012372544252604478,0.012713639368488804,-1.0,-1.141,sl,7
2022-08-09 04:55:00,2022-08-09 06:00:00,L,0.012445,0.012322321880699726,0.012322321880699726,0.012751695298250685,-1.0,-1.112,sl,13
2022-08-09 06:35:00,2022-08-09 10:15:00,L,0.012545,0.0123044264751198,0.0123044264751198,0.013146433812200504,-1.0,-1.057,sl,44
2022-08-09 10:20:00,2022-08-09 18:20:00,S,0.01229,0.01192,0.012582947250674999,0.011557631873312504,1.263,1.217,time,96
2022-08-10 00:35:00,2022-08-10 08:35:00,S,0.011875,0.01201,0.01207403840959446,0.01137740397601385,-0.678,-0.744,time,96
2022-08-10 12:20:00,2022-08-10 12:30:00,L,0.012065,0.012234518160735362,0.011997192735705854,0.012234518160735362,2.5,2.304,tp,2
2022-08-10 12:35:00,2022-08-10 20:35:00,L,0.012235,0.01229,0.01199159598232467,0.012843510044188322,0.226,0.171,time,96
2022-08-10 20:55:00,2022-08-11 04:55:00,L,0.012345,0.012565,0.012227940715018861,0.012637648212452847,1.879,1.763,time,96
2022-08-11 05:10:00,2022-08-11 05:55:00,L,0.01259,0.012467279340789537,0.012467279340789537,0.01289680164802616,-1.0,-1.113,sl,9
2022-08-11 11:55:00,2022-08-11 12:50:00,L,0.012465,0.012670199308734163,0.012382920276506336,0.012670199308734163,2.5,2.333,tp,11
2022-08-11 12:55:00,2022-08-11 14:40:00,L,0.01271,0.012433388246909193,0.012433388246909193,0.01340152938272702,-1.0,-1.051,sl,21
2022-08-11 23:00:00,2022-08-12 02:50:00,S,0.0123,0.012438522709099311,0.012438522709099311,0.011953693227251722,-1.0,-1.098,sl,46
2022-08-12 06:10:00,2022-08-12 08:15:00,S,0.012355,0.012432385285903909,0.012432385285903909,0.012161536785240228,-1.0,-1.176,sl,25
2022-08-12 08:20:00,2022-08-12 10:50:00,L,0.012465,0.01232183773630253,0.01232183773630253,0.012822905659243676,-1.0,-1.096,sl,30
2022-08-12 10:55:00,2022-08-12 18:40:00,S,0.01232,0.012528493682890537,0.012528493682890537,0.011798765792773655,-1.0,-1.065,sl,93
2022-08-12 18:45:00,2022-08-13 01:20:00,L,0.01254,0.012834540961153332,0.012422183615538668,0.012834540961153332,2.5,2.383,tp,79
2022-08-13 01:25:00,2022-08-13 03:50:00,L,0.012835,0.01265556181653143,0.01265556181653143,0.013283595458671422,-1.0,-1.079,sl,29
2022-08-13 05:15:00,2022-08-13 11:40:00,L,0.012745,0.012549546030700137,0.012549546030700137,0.013233634923249655,-1.0,-1.072,sl,77
2022-08-13 17:25:00,2022-08-13 18:45:00,L,0.01273,0.012616598141549919,0.012616598141549919,0.013013504646125202,-1.0,-1.123,sl,16
2022-08-14 00:40:00,2022-08-14 04:00:00,L,0.01272,0.013051939291832156,0.012587224283267138,0.013051939291832156,2.5,2.395,tp,40
2022-08-14 04:05:00,2022-08-14 05:05:00,L,0.01312,0.013948358904164869,0.012788656438334052,0.013948358904164869,2.5,2.456,tp,12
2022-08-14 05:10:00,2022-08-14 11:15:00,L,0.013915,0.015958630009382947,0.013097547996246822,0.015958630009382947,2.5,2.481,tp,73
2022-08-14 11:20:00,2022-08-14 11:40:00,L,0.015785,0.015378633741156651,0.015378633741156651,0.016800915647108373,-1.0,-1.043,sl,4
2022-08-14 15:00:00,2022-08-14 15:05:00,L,0.015685,0.01670504521214455,0.015276981915142181,0.01670504521214455,2.5,2.458,tp,1
2022-08-14 15:10:00,2022-08-14 23:10:00,L,0.01633,0.01702,0.015365173082929015,0.018742067292677463,0.715,0.697,time,96
2022-08-15 23:15:00,2022-08-16 02:25:00,S,0.015265,0.0157342285163556,0.0157342285163556,0.014091928709111003,-1.0,-1.036,sl,38
2022-08-16 02:30:00,2022-08-16 03:05:00,L,0.01572,0.015352394485072174,0.015352394485072174,0.016639013787319572,-1.0,-1.047,sl,7
2022-08-16 03:55:00,2022-08-16 11:55:00,L,0.015925,0.015845,0.015230614670643678,0.017660963323390812,-0.115,-0.14,time,96
2022-08-16 14:10:00,2022-08-16 14:30:00,L,0.01601,0.015711373509705768,0.015711373509705768,0.01675656622573558,-1.0,-1.059,sl,4
2022-08-16 17:05:00,2022-08-16 22:00:00,L,0.016245,0.015791851538156997,0.015791851538156997,0.017377871154607503,-1.0,-1.039,sl,59
2022-08-17 01:40:00,2022-08-17 02:30:00,L,0.015945,0.016247790982314547,0.015823883607074183,0.016247790982314547,2.5,2.355,tp,10
2022-08-17 02:35:00,2022-08-17 07:30:00,L,0.01626,0.015865868125603606,0.015865868125603606,0.017245329685990986,-1.0,-1.045,sl,59
2022-08-17 07:35:00,2022-08-17 11:55:00,S,0.0158,0.01624933214766122,0.01624933214766122,0.01467666963084696,-1.0,-1.039,sl,52
2022-08-17 12:00:00,2022-08-17 13:40:00,L,0.016235,0.015836711069276626,0.015836711069276626,0.01723072232680843,-1.0,-1.045,sl,20
2022-08-17 13:50:00,2022-08-17 21:25:00,S,0.015725,0.014446965158522293,0.016236213936591082,0.014446965158522293,2.5,2.466,tp,91
2022-08-17 21:30:00,2022-08-18 05:30:00,S,0.01476,0.014895,0.015471274622410082,0.012981813443974796,-0.19,-0.213,time,96
2022-08-18 09:20:00,2022-08-18 10:05:00,S,0.014755,0.014914741198973748,0.014914741198973748,0.014355647002565634,-1.0,-1.102,sl,9
2022-08-18 11:15:00,2022-08-18 17:50:00,S,0.014725,0.014239124874131728,0.01491935005034731,0.014239124874131728,2.5,2.417,tp,79
2022-08-18 17:55:00,2022-08-18 23:15:00,S,0.014185,0.013591615234948444,0.014422353906020622,0.013591615234948444,2.5,2.434,tp,64
2022-08-18 23:20:00,2022-08-19 07:20:00,S,0.01334,0.01294,0.014311317233459747,0.010911706916350631,0.412,0.397,time,96
2022-08-19 11:10:00,2022-08-19 12:45:00,S,0.012855,0.013153578281169174,0.013153578281169174,0.012108554297077065,-1.0,-1.047,sl,19
2022-08-20 10:05:00,2022-08-20 18:05:00,S,0.01335,0.013005,0.013556000509696244,0.012834998725759394,1.675,1.603,time,96
2022-08-20 18:35:00,2022-08-21 01:50:00,S,0.01293,0.013127385255312735,0.013127385255312735,0.012436536861718165,-1.0,-1.072,sl,87
2022-08-21 05:30:00,2022-08-21 07:50:00,S,0.012915,0.013094165973907336,0.013094165973907336,0.012467085065231656,-1.0,-1.079,sl,28
2022-08-21 11:40:00,2022-08-21 13:20:00,L,0.013335,0.013155127497969583,0.013155127497969583,0.01378468125507604,-1.0,-1.082,sl,20
2022-08-21 13:25:00,2022-08-21 16:45:00,S,0.0132,0.013359975007724213,0.013359975007724213,0.012800062480689467,-1.0,-1.091,sl,40
2022-08-21 16:55:00,2022-08-22 00:55:00,L,0.013425,0.0134,0.013144229410127233,0.014126926474681917,-0.089,-0.142,time,96
2022-08-22 04:00:00,2022-08-22 07:55:00,S,0.013335,0.012937225466294524,0.01349410981348219,0.012937225466294524,2.5,2.408,tp,47
2022-08-22 08:00:00,2022-08-22 16:00:00,S,0.012965,0.01309,0.013182123129372909,0.012422192176567731,-0.576,-0.641,time,96
2022-08-22 18:35:00,2022-08-22 20:05:00,S,0.0129,0.012998607278226625,0.012998607278226625,0.012653481804433438,-1.0,-1.144,sl,18
2022-08-22 23:45:00,2022-08-23 05:30:00,L,0.013105,0.012960615206457804,0.012960615206457804,0.013465961983855492,-1.0,-1.1,sl,69
2022-08-23 05:35:00,2022-08-23 11:45:00,S,0.012925,0.013205796976323929,0.013205796976323929,0.012223007559190181,-1.0,-1.051,sl,74
2022-08-23 11:50:00,2022-08-23 19:50:00,L,0.01322,0.013165,0.013050631093191082,0.013643422267022299,-0.325,-0.411,time,96
2022-08-23 22:55:00,2022-08-24 00:10:00,L,0.01322,0.013404971610507068,0.013146011355797174,0.013404971610507068,2.5,2.303,tp,15
2022-08-24 00:15:00,2022-08-24 00:35:00,L,0.013495,0.01324777483974678,0.01324777483974678,0.014113062900633052,-1.0,-1.06,sl,4
2022-08-24 01:20:00,2022-08-24 09:20:00,S,0.01314,0.013195,0.013501275450856816,0.012236811372857963,-0.152,-0.192,time,96
2022-08-24 15:25:00,2022-08-24 22:15:00,L,0.01326,0.013121843985129123,0.013121843985129123,0.013605390037177189,-1.0,-1.106,sl,82
2022-08-24 22:20:00,2022-08-25 06:15:00,S,0.013135,0.013314017559554059,0.013314017559554059,0.012687456101114856,-1.0,-1.081,sl,95
2022-08-25 06:20:00,2022-08-25 10:15:00,L,0.013305,0.013714760411436495,0.013141095835425403,0.013714760411436495,2.5,2.411,tp,47
2022-08-25 10:20:00,2022-08-25 18:20:00,L,0.01375,0.01383,0.013217665802775088,0.015080835493062281,0.15,0.122,time,96
2022-08-26 05:25:00,2022-08-26 13:25:00,S,0.01338,0.0136,0.013895195801469374,0.012092010496326563,-0.427,-0.456,time,96
2022-08-26 15:05:00,2022-08-26 23:05:00,S,0.01295,0.01269,0.013659684329653667,0.01117578917586583,0.366,0.346,time,96
2022-08-26 23:15:00,2022-08-27 07:15:00,S,0.012415,0.012245,0.012870797656962286,0.011275505857594285,0.373,0.343,time,96
2022-08-27 11:25:00,2022-08-27 19:25:00,S,0.01227,0.011985,0.012449471675657171,0.011821320810857072,1.588,1.513,time,96
2022-08-28 09:50:00,2022-08-28 10:45:00,S,0.01227,0.012343039619464036,0.012343039619464036,0.01208740095133991,-1.0,-1.185,sl,11
2022-08-28 14:15:00,2022-08-28 15:35:00,S,0.012205,0.012308449211042712,0.012308449211042712,0.011946376972393223,-1.0,-1.13,sl,16
2022-08-28 22:05:00,2022-08-28 23:50:00,S,0.01219,0.011742964346172606,0.012368814261530957,0.011742964346172606,2.5,2.425,tp,21
2022-08-28 23:55:00,2022-08-29 07:55:00,S,0.01174,0.01199,0.012182342597556137,0.01063414350610966,-0.565,-0.594,time,96
2022-08-29 13:35:00,2022-08-29 21:35:00,L,0.01225,0.0123,0.012074145707459885,0.012689635731350287,0.284,0.208,time,96
2022-08-29 22:10:00,2022-08-30 04:15:00,L,0.012385,0.012607028969522848,0.01229618841219086,0.012607028969522848,2.5,2.347,tp,73
2022-08-30 04:20:00,2022-08-30 12:20:00,L,0.01262,0.01255,0.012406640095119173,0.013153399762202065,-0.328,-0.393,time,96
2022-08-30 14:10:00,2022-08-30 22:10:00,S,0.01229,0.012205,0.012556438257736297,0.01162390435565926,0.319,0.268,time,96
2022-08-31 00:30:00,2022-08-31 08:30:00,L,0.012365,0.01225,0.012099087159945008,0.013029782100137477,-0.432,-0.484,time,96
2022-08-31 08:40:00,2022-08-31 10:50:00,S,0.0123,0.012434702140954115,0.012434702140954115,0.011963244647614713,-1.0,-1.1,sl,26
2022-08-31 15:05:00,2022-08-31 23:05:00,S,0.012095,0.01208,0.01234631585286779,0.011466710367830524,0.06,0.007,time,96
2022-08-31 23:10:00,2022-09-01 07:10:00,S,0.01208,0.012095,0.012258136387215414,0.011634659031961467,-0.084,-0.159,time,96
2022-09-01 07:20:00,2022-09-01 10:55:00,S,0.01209,0.012162977802140885,0.012162977802140885,0.011907555494647788,-1.0,-1.182,sl,43
2022-09-01 13:35:00,2022-09-01 20:05:00,S,0.01204,0.012153530928547499,0.012153530928547499,0.011756172678631254,-1.0,-1.117,sl,78
2022-09-01 20:10:00,2022-09-02 04:10:00,L,0.012155,0.012365,0.012037171220154087,0.012449571949614779,1.782,1.669,time,96
2022-09-02 04:20:00,2022-09-02 04:50:00,L,0.012385,0.012296831863984574,0.012296831863984574,0.012605420340038566,-1.0,-1.155,sl,6
2022-09-02 10:35:00,2022-09-02 12:35:00,S,0.012145,0.012303064987555599,0.012303064987555599,0.011749837531111001,-1.0,-1.085,sl,24
2022-09-02 12:40:00,2022-09-02 17:30:00,L,0.01235,0.012098132080290829,0.012098132080290829,0.012979669799272928,-1.0,-1.054,sl,58
2022-09-02 17:35:00,2022-09-03 01:35:00,S,0.01211,0.012205,0.012314645195959829,0.011598387010100426,-0.464,-0.529,time,96
2022-09-03 05:35:00,2022-09-03 05:35:00,L,0.01223,0.012459944958417991,0.012138022016632803,0.012459944958417991,2.5,2.354,tp,0
2022-09-03 05:40:00,2022-09-03 07:45:00,L,0.01246,0.01213508574774843,0.01213508574774843,0.01327228563062893,-1.0,-1.042,sl,25
2022-09-03 07:50:00,2022-09-03 13:15:00,S,0.012125,0.012323482577722665,0.012323482577722665,0.011628793555693339,-1.0,-1.067,sl,65
2022-09-03 13:20:00,2022-09-03 14:25:00,L,0.01233,0.012227008260336925,0.012227008260336925,0.012587479349157691,-1.0,-1.132,sl,13
2022-09-03 22:20:00,2022-09-04 01:25:00,L,0.01229,0.012381211373111347,0.012253515450755462,0.012381211373111347,2.5,2.129,tp,37
2022-09-04 01:30:00,2022-09-04 03:35:00,L,0.012395,0.012277529546735905,0.012277529546735905,0.012688676133160236,-1.0,-1.116,sl,25
2022-09-04 09:10:00,2022-09-04 09:40:00,L,0.01239,0.012620844216166133,0.012297662313533547,0.012620844216166133,2.5,2.352,tp,6
2022-09-04 09:45:00,2022-09-04 17:45:00,L,0.012875,0.0128,0.012336721529222609,0.014220696176943475,-0.139,-0.166,time,96
2022-09-04 23:35:00,2022-09-05 04:55:00,L,0.012815,0.012691532841218859,0.012691532841218859,0.013123667896952854,-1.0,-1.114,sl,64
2022-09-05 05:10:00,2022-09-05 13:10:00,S,0.01259,0.01237,0.012805100402540927,0.012052248993647683,1.023,0.958,time,96
2022-09-05 23:05:00,2022-09-05 23:50:00,L,0.012475,0.012593843583384959,0.012427462566646017,0.012593843583384959,2.5,2.211,tp,9
2022-09-05 23:55:00,2022-09-06 02:05:00,L,0.012585,0.012436225962547101,0.012436225962547101,0.012956935093632249,-1.0,-1.093,sl,26
2022-09-06 13:30:00,2022-09-06 17:10:00,S,0.01255,0.012128489237679202,0.01271860430492832,0.012128489237679202,2.5,2.418,tp,44
2022-09-06 17:15:00,2022-09-07 01:15:00,S,0.01206,0.01201,0.01255644883929016,0.0108188779017746,0.101,0.074,time,96
2022-09-07 02:30:00,2022-09-07 08:35:00,S,0.011835,0.01210151192316387,0.01210151192316387,0.011168720192090323,-1.0,-1.049,sl,73
2022-09-07 17:50:00,2022-09-08 01:50:00,L,0.012255,0.01223,0.01209124199247316,0.0126643950188171,-0.153,-0.235,time,96
2022-09-08 03:20:00,2022-09-08 05:55:00,L,0.012345,0.012247880882819579,0.012247880882819579,0.012587797792951053,-1.0,-1.14,sl,31
2022-09-08 12:45:00,2022-09-08 20:10:00,S,0.01208,0.012275207330635621,0.012275207330635621,0.01159198167341095,-1.0,-1.068,sl,89
2022-09-09 00:35:00,2022-09-09 04:30:00,L,0.01231,0.01268243317952637,0.012161026728189452,0.01268243317952637,2.5,2.409,tp,47
2022-09-09 04:35:00,2022-09-09 08:45:00,L,0.012605,0.013161452733492833,0.012382418906602867,0.013161452733492833,2.5,2.438,tp,50
2022-09-09 08:50:00,2022-09-09 16:50:00,L,0.0133,0.01277,0.012505976657950325,0.015285058355124186,-0.667,-0.686,time,96
2022-09-09 20:20:00,2022-09-10 00:35:00,L,0.012915,0.01273494413791332,0.01273494413791332,0.013365139655216698,-1.0,-1.079,sl,51
2022-09-10 04:10:00,2022-09-10 07:45:00,L,0.013155,0.012916504323233807,0.012916504323233807,0.013751239191915484,-1.0,-1.061,sl,43
2022-09-10 12:10:00,2022-09-10 13:45:00,L,0.013065,0.012884618296858039,0.012884618296858039,0.013515954257854904,-1.0,-1.08,sl,19
2022-09-10 17:45:00,2022-09-11 01:45:00,L,0.01325,0.01325,0.012976782108956817,0.013933044727607957,0.0,-0.053,time,96
2022-09-11 06:30:00,2022-09-11 12:55:00,S,0.01287,0.01304908974347457,0.01304908974347457,0.012422275641313573,-1.0,-1.079,sl,77
2022-09-11 13:00:00,2022-09-11 20:35:00,L,0.013005,0.012834968278440727,0.012834968278440727,0.013430079303898178,-1.0,-1.084,sl,91
2022-09-11 20:40:00,2022-09-12 01:35:00,S,0.01287,0.013016088726655325,0.013016088726655325,0.012504778183361686,-1.0,-1.097,sl,59
2022-09-12 01:40:00,2022-09-12 03:30:00,L,0.01302,0.012779438162830059,0.012779438162830059,0.013621404592924853,-1.0,-1.06,sl,22
2022-09-12 03:35:00,2022-09-12 06:45:00,S,0.012785,0.013021581319568208,0.013021581319568208,0.012193546701079479,-1.0,-1.059,sl,38
2022-09-12 06:50:00,2022-09-12 14:50:00,L,0.013035,0.013025,0.01288685597643823,0.013405360058904425,-0.068,-0.164,time,96
2022-09-12 15:05:00,2022-09-12 16:05:00,S,0.012965,0.012513885835126304,0.01314544566594948,0.012513885835126304,2.5,2.421,tp,12
2022-09-12 16:10:00,2022-09-13 00:10:00,S,0.01257,0.01286,0.012984981822296642,0.011532545444258394,-0.699,-0.732,time,96
2022-09-13 00:35:00,2022-09-13 06:40:00,S,0.01263,0.01291279559512248,0.01291279559512248,0.011923011012193802,-1.0,-1.049,sl,73
2022-09-13 09:40:00,2022-09-13 10:40:00,S,0.01275,0.012848981770201934,0.012848981770201934,0.012502545574495162,-1.0,-1.142,sl,12
2022-09-13 11:20:00,2022-09-13 12:30:00,L,0.012905,0.012731511006014133,0.012731511006014133,0.013338722484964666,-1.0,-1.082,sl,14
2022-09-13 12:35:00,2022-09-13 20:35:00,S,0.012395,0.012215,0.013085570675520002,0.010668573311199993,0.261,0.241,time,96
2022-09-14 06:15:00,2022-09-14 07:50:00,S,0.01223,0.01196054241111439,0.012337783035554243,0.01196054241111439,2.5,2.375,tp,19
2022-09-14 07:55:00,2022-09-14 12:30:00,S,0.012025,0.012260143866354262,0.012260143866354262,0.011437140334114342,-1.0,-1.056,sl,55
2022-09-14 16:30:00,2022-09-15 00:30:00,S,0.012145,0.012145,0.012293806720483908,0.011772983198790228,-0.0,-0.09,time,96
2022-09-15 01:10:00,2022-09-15 09:10:00,S,0.012045,0.01203,0.012248865601185351,0.011535335997036624,0.074,0.009,time,96
2022-09-15 14:35:00,2022-09-15 22:35:00,S,0.01183,0.011725,0.012055100686347336,0.011267248284131661,0.466,0.409,time,96
2022-09-15 22:40:00,2022-09-16 06:40:00,S,0.011725,0.011785,0.011823007003090072,0.011479982492274818,-0.612,-0.744,time,96
2022-09-16 08:15:00,2022-09-16 13:55:00,S,0.011705,0.011499135784892683,0.011787345686042927,0.011499135784892683,2.5,2.344,tp,68
2022-09-16 14:00:00,2022-09-16 22:00:00,S,0.011505,0.01153,0.011697704080524491,0.01102323979868877,-0.13,-0.195,time,96
2022-09-17 05:10:00,2022-09-17 09:15:00,S,0.011665,0.011757125183804593,0.011757125183804593,0.011434687040488518,-1.0,-1.139,sl,49
2022-09-17 13:55:00,2022-09-17 21:55:00,L,0.011785,0.01182,0.011677693619556645,0.012053265951108389,0.326,0.205,time,96
2022-09-17 22:55:00,2022-09-18 03:45:00,L,0.01191,0.011812068811873432,0.011812068811873432,0.012154827970316423,-1.0,-1.134,sl,58
2022-09-18 09:55:00,2022-09-18 17:55:00,S,0.011635,0.01139,0.011915136121125063,0.010934659697187342,0.875,0.829,time,96
2022-09-18 18:00:00,2022-09-18 21:10:00,S,0.01139,0.011066273902191899,0.011519490439123242,0.011066273902191899,2.5,2.403,tp,38
2022-09-18 21:15:00,2022-09-19 05:15:00,S,0.010235,0.01081,0.011453197179609425,0.007189507050976436,-0.472,-0.481,time,96
2022-09-19 06:00:00,2022-09-19 13:40:00,S,0.010635,0.010856419106813125,0.010856419106813125,0.010081452232967188,-1.0,-1.053,sl,92
2022-09-19 17:40:00,2022-09-19 19:40:00,S,0.01082,0.010994300416433662,0.010994300416433662,0.010384248958915845,-1.0,-1.068,sl,24
2022-09-20 01:25:00,2022-09-20 02:30:00,S,0.010865,0.010953517077549015,0.010953517077549015,0.01064370730612746,-1.0,-1.135,sl,13
2022-09-20 03:25:00,2022-09-20 07:05:00,S,0.010835,0.01100412885733596,0.01100412885733596,0.010412177856660099,-1.0,-1.07,sl,44
2022-09-20 07:45:00,2022-09-20 15:45:00,S,0.0109,0.01084,0.011033702343507451,0.010565744141231372,0.449,0.359,time,96
2022-09-20 18:00:00,2022-09-21 02:00:00,S,0.01064,0.010585,0.010804846230150556,0.01022788442462361,0.334,0.263,time,96
2022-09-21 06:00:00,2022-09-21 13:50:00,S,0.010585,0.010713085952938173,0.010713085952938173,0.010264785117654569,-1.0,-1.091,sl,94
2022-09-21 15:05:00,2022-09-21 17:40:00,S,0.01054,0.01074438140721227,0.01074438140721227,0.010029046481969329,-1.0,-1.057,sl,31
2022-09-21 17:45:00,2022-09-21 18:00:00,L,0.01073,0.010519869478367442,0.010519869478367442,0.011255326304081395,-1.0,-1.056,sl,3
2022-09-21 18:05:00,2022-09-21 18:40:00,L,0.010415,0.010916603576553677,0.01021435856937853,0.010916603576553677,2.5,2.443,tp,7
2022-09-21 18:45:00,2022-09-21 21:30:00,L,0.010995,0.010285450014445615,0.010285450014445615,0.012768874963885962,-1.0,-1.017,sl,33
2022-09-21 21:35:00,2022-09-22 05:35:00,S,0.010225,0.010535,0.010623106895762098,0.009229732760594753,-0.779,-0.807,time,96
2022-09-22 07:25:00,2022-09-22 10:25:00,L,0.01066,0.010879954448598255,0.010572018220560697,0.010879954448598255,2.5,2.367,tp,36
2022-09-22 10:30:00,2022-09-22 13:20:00,L,0.010885,0.010726753514269573,0.010726753514269573,0.011280616214326068,-1.0,-1.076,sl,34
2022-09-22 13:25:00,2022-09-22 19:45:00,S,0.010735,0.010908796349233947,0.010908796349233947,0.01030050912691513,-1.0,-1.068,sl,76
2022-09-22 19:50:00,2022-09-23 03:50:00,L,0.010905,0.01104,0.010711273107444371,0.01138931723138907,0.697,0.635,time,96
2022-09-23 04:30:00,2022-09-23 07:00:00,L,0.011085,0.010976410167609842,0.010976410167609842,0.011356474580975395,-1.0,-1.112,sl,30
2022-09-23 10:55:00,2022-09-23 18:50:00,S,0.01073,0.010868693942695762,0.010868693942695762,0.010383265143260594,-1.0,-1.085,sl,95
2022-09-23 19:40:00,2022-09-24 03:40:00,L,0.011105,0.011235,0.010645828701186967,0.012252928247032582,0.283,0.257,time,96
2022-09-24 10:30:00,2022-09-24 13:15:00,L,0.011245,0.011477678634988891,0.011151928546004443,0.011477678634988891,2.5,2.367,tp,33
2022-09-24 13:20:00,2022-09-24 21:20:00,L,0.011555,0.01151,0.011177205392616706,0.012499486518458234,-0.119,-0.153,time,96
2022-09-25 03:20:00,2022-09-25 10:15:00,L,0.011465,0.011296594585150095,0.011296594585150095,0.01188601353712476,-1.0,-1.075,sl,83
2022-09-25 12:10:00,2022-09-25 13:20:00,L,0.011445,0.011311184066127054,0.011311184066127054,0.011779539834682367,-1.0,-1.094,sl,14
2022-09-25 13:30:00,2022-09-25 21:30:00,S,0.01121,0.011075,0.011531598507999436,0.010406003730001407,0.42,0.381,time,96
2022-09-25 21:35:00,2022-09-25 21:35:00,S,0.011075,0.010916682114809395,0.011138327154076241,0.010916682114809395,2.5,2.308,tp,0
2022-09-25 21:40:00,2022-09-26 00:15:00,S,0.010915,0.011140550200199408,0.011140550200199408,0.010351124499501478,-1.0,-1.053,sl,31
2022-09-26 04:50:00,2022-09-26 05:10:00,S,0.011025,0.010932130572344111,0.011062147771062356,0.010932130572344111,2.5,2.174,tp,4
2022-09-26 05:15:00,2022-09-26 08:05:00,S,0.01095,0.01105309899170248,0.01105309899170248,0.0106922525207438,-1.0,-1.117,sl,34
2022-09-26 10:50:00,2022-09-26 13:20:00,S,0.01093,0.011028568561510495,0.011028568561510495,0.010683578596223764,-1.0,-1.122,sl,30
2022-09-26 22:05:00,2022-09-26 22:30:00,S,0.01101,0.011103096510378996,0.011103096510378996,0.010777258724052514,-1.0,-1.13,sl,5
2022-09-27 00:10:00,2022-09-27 03:05:00,L,0.01119,0.011472161660665631,0.011077135335733748,0.011472161660665631,2.5,2.391,tp,35
2022-09-27 03:10:00,2022-09-27 11:10:00,L,0.011505,0.0114,0.011239499133416311,0.012168752166459221,-0.395,-0.443,time,96
2022-09-27 15:25:00,2022-09-27 16:45:00,S,0.01125,0.010951702081696255,0.011369319167321498,0.010951702081696255,2.5,2.396,tp,16
2022-09-27 16:50:00,2022-09-28 00:25:00,S,0.010965,0.011270764292563632,0.011270764292563632,0.010200589268590923,-1.0,-1.039,sl,91
2022-09-28 00:30:00,2022-09-28 01:25:00,L,0.011285,0.011076713869487945,0.011076713869487945,0.011805715326280136,-1.0,-1.06,sl,11
2022-09-28 01:45:00,2022-09-28 09:45:00,S,0.01097,0.010855,0.011215139412770336,0.010357151468074161,0.469,0.42,time,96
2022-09-28 14:40:00,2022-09-28 16:15:00,L,0.01109,0.01139874329012494,0.010966502683950023,0.01139874329012494,2.5,2.401,tp,19
2022-09-28 16:20:00,2022-09-29 00:20:00,L,0.01143,0.011105,0.011028206736773615,0.01243448315806596,-0.809,-0.84,time,96
2022-09-29 00:50:00,2022-09-29 01:15:00,S,0.01106,0.011153376888833277,0.011153376888833277,0.010826557777916808,-1.0,-1.13,sl,5
2022-09-29 06:10:00,2022-09-29 14:10:00,S,0.01108,0.01091,0.011197522626254355,0.01078619343436411,1.447,1.343,time,96
2022-09-30 05:25:00,2022-09-30 10:45:00,L,0.011195,0.011123188306525733,0.011123188306525733,0.01137452923368567,-1.0,-1.171,sl,64
2022-09-30 11:55:00,2022-09-30 12:25:00,S,0.011075,0.011132520337462558,0.011132520337462558,0.010931199156343604,-1.0,-1.212,sl,6
2022-09-30 14:00:00,2022-09-30 21:40:00,L,0.011195,0.011491088581290986,0.011076564567483606,0.011491088581290986,2.5,2.396,tp,92
2022-09-30 21:45:00,2022-10-01 05:45:00,L,0.01137,0.011245,0.011123733159029377,0.011985667102426559,-0.508,-0.558,time,96
2022-10-01 09:00:00,2022-10-01 10:15:00,L,0.011365,0.01125779408507879,0.01125779408507879,0.011633014787303027,-1.0,-1.117,sl,15
2022-10-01 16:25:00,2022-10-02 00:25:00,S,0.01116,0.011155,0.011222669312897402,0.011003326717756494,0.08,-0.116,time,96
2022-10-02 10:10:00,2022-10-02 10:15:00,S,0.011085,0.01089289829279115,0.011161840682883539,0.01089289829279115,2.5,2.341,tp,1
2022-10-02 10:20:00,2022-10-02 17:45:00,S,0.01096,0.011166302557365858,0.011166302557365858,0.010444243606585354,-1.0,-1.058,sl,89
2022-10-02 17:50:00,2022-10-02 22:00:00,L,0.011135,0.011011896033877923,0.011011896033877923,0.011442759915305195,-1.0,-1.099,sl,50
2022-10-02 22:05:00,2022-10-03 00:05:00,S,0.01104,0.010821561160876108,0.011127375535649556,0.010821561160876108,2.5,2.361,tp,24
2022-10-03 00:10:00,2022-10-03 00:20:00,S,0.0109,0.010989966380940767,0.010989966380940767,0.010675084047648081,-1.0,-1.133,sl,2
2022-10-03 01:50:00,2022-10-03 05:00:00,L,0.011125,0.010992330591157498,0.010992330591157498,0.011456673522106255,-1.0,-1.092,sl,38
2022-10-03 05:05:00,2022-10-03 06:05:00,S,0.01103,0.01111229350845215,0.01111229350845215,0.010824266228869624,-1.0,-1.147,sl,12
2022-10-03 10:50:00,2022-10-03 18:50:00,L,0.01111,0.01109,0.011028051450817554,0.011314871372956115,-0.244,-0.393,time,96
2022-10-03 19:20:00,2022-10-03 23:00:00,S,0.01105,0.011117159152019909,0.011117159152019909,0.010882102119950231,-1.0,-1.181,sl,44
2022-10-03 23:20:00,2022-10-04 07:20:00,L,0.01114,0.01128,0.011072321274741155,0.011309196813147116,2.069,1.888,time,96
2022-10-04 07:25:00,2022-10-04 08:45:00,L,0.01128,0.011187560712856755,0.011187560712856755,0.011511098217858111,-1.0,-1.134,sl,16
2022-10-04 12:15:00,2022-10-04 13:25:00,L,0.011285,0.011213120022642258,0.011213120022642258,0.011464699943394354,-1.0,-1.173,sl,14
2022-10-04 16:10:00,2022-10-05 00:10:00,L,0.01141,0.011505,0.011185325994554176,0.01197168501361456,0.423,0.367,time,96
2022-10-05 01:55:00,2022-10-05 03:35:00,L,0.01167,0.01153564687472725,0.01153564687472725,0.012005882813181872,-1.0,-1.096,sl,20
2022-10-05 13:30:00,2022-10-05 16:45:00,S,0.011205,0.011414204454231991,0.011414204454231991,0.010681988864420022,-1.0,-1.059,sl,39
2022-10-05 16:50:00,2022-10-06 00:50:00,L,0.01142,0.01151,0.011270923372157696,0.01179269156960576,0.604,0.519,time,96
2022-10-06 01:55:00,2022-10-06 05:05:00,L,0.01153,0.011472923896512097,0.011472923896512097,0.01167269025871976,-1.0,-1.222,sl,38
2022-10-06 13:30:00,2022-10-06 21:30:00,S,0.01135,0.01117,0.011493324963863178,0.010991687590342058,1.256,1.169,time,96
2022-10-06 21:40:00,2022-10-07 05:40:00,S,0.011105,0.01118,0.011283662520570418,0.010658343698573956,-0.42,-0.488,time,96
2022-10-07 06:30:00,2022-10-07 08:20:00,S,0.011115,0.01118680806094455,0.01118680806094455,0.010935479847638627,-1.0,-1.17,sl,22
2022-10-07 12:35:00,2022-10-07 20:35:00,S,0.011025,0.01105,0.011211570183547891,0.010558574541130274,-0.134,-0.199,time,96
2022-10-08 04:55:00,2022-10-08 12:40:00,S,0.01108,0.01113109683101788,0.01113109683101788,0.0109522579224553,-1.0,-1.239,sl,93
2022-10-08 14:30:00,2022-10-08 21:50:00,S,0.011025,0.010858427140648818,0.011091629143740473,0.010858427140648818,2.5,2.318,tp,88
2022-10-08 21:55:00,2022-10-09 00:10:00,S,0.01091,0.011043994646983578,0.011043994646983578,0.010575013382541056,-1.0,-1.09,sl,27
2022-10-09 09:20:00,2022-10-09 11:00:00,S,0.011015,0.011056411637243102,0.011056411637243102,0.010911470906892245,-1.0,-1.293,sl,20
2022-10-09 14:25:00,2022-10-09 14:50:00,S,0.011025,0.011061321419763898,0.011061321419763898,0.010934196450590256,-1.0,-1.334,sl,5
2022-10-10 00:20:00,2022-10-10 05:30:00,L,0.01105,0.010998958067613402,0.010998958067613402,0.011177604830966498,-1.0,-1.238,sl,62
2022-10-10 05:45:00,2022-10-10 08:10:00,S,0.010995,0.01087889840491469,0.011041440638034123,0.01087889840491469,2.5,2.24,tp,29
2022-10-10 08:15:00,2022-10-10 16:15:00,S,0.010895,0.01081,0.011007219544854736,0.010614451137863159,0.757,0.651,time,96
2022-10-10 16:25:00,2022-10-10 22:05:00,S,0.01072,0.01044663246386041,0.010829347014455837,0.01044663246386041,2.5,2.392,tp,68
2022-10-10 22:10:00,2022-10-11 06:10:00,S,0.01014,0.01019,0.010767547488798199,0.008571131278004502,-0.08,-0.097,time,96
2022-10-11 14:00:00,2022-10-11 15:45:00,S,0.01025,0.010352778580298797,0.010352778580298797,0.00999305354925301,-1.0,-1.11,sl,21
2022-10-11 18:45:00,2022-10-12 02:45:00,S,0.010255,0.010245,0.010347171836922518,0.010024570407693705,0.108,-0.014,time,96
2022-10-12 11:15:00,2022-10-12 12:30:00,S,0.010315,0.010211924664515804,0.010356230134193678,0.010211924664515804,2.5,2.225,tp,15
2022-10-12 12:35:00,2022-10-12 20:35:00,S,0.01019,0.010175,0.010333580182215583,0.00983104954446104,0.104,0.026,time,96
2022-10-13 01:50:00,2022-10-13 02:20:00,S,0.010115,0.0098853275980171,0.010206868960793161,0.0098853275980171,2.5,2.379,tp,6
2022-10-13 02:25:00,2022-10-13 07:40:00,S,0.00999,0.009465562575201073,0.010199774969919572,0.009465562575201073,2.5,2.448,tp,63
2022-10-13 07:45:00,2022-10-13 15:35:00,S,0.009585,0.009889674186891195,0.009889674186891195,0.008823314532772013,-1.0,-1.035,sl,94
2022-10-13 16:05:00,2022-10-13 17:15:00,L,0.00994,0.01065051913488661,0.009655792346045355,0.01065051913488661,2.5,2.462,tp,14
2022-10-13 17:20:00,2022-10-14 01:20:00,L,0.010725,0.010575,0.009897996360586038,0.012792509098534906,-0.181,-0.196,time,96
2022-10-14 01:25:00,2022-10-14 07:15:00,L,0.010575,0.010411257538922913,0.010411257538922913,0.010984356152692713,-1.0,-1.071,sl,70
2022-10-14 12:50:00,2022-10-14 14:00:00,L,0.010445,0.010296584031119055,0.010296584031119055,0.010816039922202363,-1.0,-1.077,sl,14
2022-10-14 14:05:00,2022-10-14 22:05:00,S,0.0103,0.01002,0.010479054435074487,0.009852363912313783,1.564,1.5,time,96
2022-10-15 03:25:00,2022-10-15 08:25:00,L,0.01023,0.010107903340049684,0.010107903340049684,0.010535241649875788,-1.0,-1.092,sl,60
2022-10-15 08:35:00,2022-10-15 11:55:00,S,0.010085,0.010197552007276284,0.010197552007276284,0.00980361998180929,-1.0,-1.099,sl,40
2022-10-15 12:00:00,2022-10-15 13:20:00,L,0.010225,0.010107860763594637,0.010107860763594637,0.010517848091013407,-1.0,-1.096,sl,16
2022-10-15 15:25:00,2022-10-15 23:25:00,L,0.010425,0.010225,0.010125276459522848,0.011174308851192881,-0.667,-0.706,time,96
2022-10-16 00:20:00,2022-10-16 08:20:00,L,0.010235,0.01029,0.010151965788166793,0.010442585529583015,0.662,0.527,time,96
2022-10-16 14:40:00,2022-10-16 15:05:00,S,0.01021,0.01025119193359436,0.01025119193359436,0.010107020166014103,-1.0,-1.273,sl,5
2022-10-16 16:40:00,2022-10-16 19:30:00,S,0.01018,0.010277254594425727,0.010277254594425727,0.009936863513935683,-1.0,-1.115,sl,34
2022-10-16 19:35:00,2022-10-17 03:35:00,L,0.01029,0.01022,0.010172838354498219,0.010582904113754454,-0.597,-0.694,time,96
2022-10-17 05:10:00,2022-10-17 13:10:00,L,0.01029,0.010365,0.010208642808137538,0.010493392979656156,0.922,0.783,time,96
2022-10-17 13:25:00,2022-10-17 14:50:00,L,0.010405,0.010307923709180303,0.010307923709180303,0.01064769072704924,-1.0,-1.118,sl,17
2022-10-17 22:35:00,2022-10-18 00:30:00,L,0.01037,0.010486641605272108,0.010323343357891158,0.010486641605272108,2.5,2.256,tp,23
2022-10-18 00:35:00,2022-10-18 01:30:00,L,0.01046,0.01037251650902651,0.01037251650902651,0.010678708727433726,-1.0,-1.132,sl,11
2022-10-18 08:40:00,2022-10-18 13:55:00,S,0.010335,0.010129821898203186,0.010417071240718726,0.010129821898203186,2.5,2.361,tp,63
2022-10-18 14:00:00,2022-10-18 22:00:00,S,0.01014,0.010135,0.01030993647802614,0.009715158804934648,0.029,-0.036,time,96
2022-10-19 00:55:00,2022-10-19 08:55:00,S,0.0101,0.010125,0.010186837579259308,0.009882906051851728,-0.288,-0.416,time,96
2022-10-19 11:15:00,2022-10-19 15:55:00,S,0.01004,0.010146929148057558,0.010146929148057558,0.009772677129856105,-1.0,-1.103,sl,56
2022-10-19 22:35:00,2022-10-19 22:35:00,S,0.010065,0.00992343474829769,0.010121626100680924,0.00992343474829769,2.5,2.304,tp,0
2022-10-19 22:40:00,2022-10-20 06:40:00,S,0.00967,0.01001,0.010130075953923469,0.008519810115191328,-0.739,-0.762,time,96
2022-10-20 13:05:00,2022-10-20 14:10:00,S,0.00999,0.010082520098817705,0.010082520098817705,0.009758699752955739,-1.0,-1.119,sl,13
2022-10-20 14:15:00,2022-10-20 16:25:00,L,0.01009,0.009997763155621477,0.009997763155621477,0.010320592110946308,-1.0,-1.12,sl,26
2022-10-20 16:30:00,2022-10-21 00:20:00,S,0.009995,0.009777281248568855,0.010082087500572458,0.009777281248568855,2.5,2.374,tp,94
2022-10-21 00:25:00,2022-10-21 00:50:00,S,0.00981,0.009928794373490429,0.009928794373490429,0.009513014066273924,-1.0,-1.091,sl,5
2022-10-21 04:40:00,2022-10-21 08:35:00,S,0.00988,0.00966257482855857,0.009966970068576572,0.00966257482855857,2.5,2.375,tp,47
2022-10-21 08:40:00,2022-10-21 14:05:00,S,0.009705,0.009884156368610796,0.009884156368610796,0.009257109078473009,-1.0,-1.06,sl,65
2022-10-21 19:10:00,2022-10-22 03:10:00,L,0.009965,0.00997,0.009897985004835168,0.01013253748791208,0.075,-0.089,time,96
2022-10-22 05:25:00,2022-10-22 06:10:00,S,0.00991,0.009976385801817868,0.009976385801817868,0.009744035495455331,-1.0,-1.164,sl,9
2022-10-22 07:00:00,2022-10-22 15:00:00,L,0.00998,0.01005,0.009928717792619012,0.010108205518452467,1.365,1.151,time,96
2022-10-22 16:20:00,2022-10-23 00:05:00,S,0.00998,0.010036462944994436,0.010036462944994436,0.009838842637513907,-1.0,-1.194,sl,93
2022-10-23 02:30:00,2022-10-23 06:35:00,L,0.010045,0.009968191927612075,0.009968191927612075,0.010237020180969812,-1.0,-1.144,sl,49
2022-10-23 06:40:00,2022-10-23 14:40:00,S,0.00996,0.009935,0.010006515947625265,0.009843710130936836,0.537,0.302,time,96
2022-10-23 17:15:00,2022-10-23 18:10:00,L,0.00999,0.010093902481502645,0.009948439007398942,0.010093902481502645,2.5,2.236,tp,11
2022-10-23 18:15:00,2022-10-24 02:15:00,L,0.010075,0.010045,0.00995223075531875,0.010381923111703127,-0.244,-0.335,time,96
2022-10-24 03:10:00,2022-10-24 11:10:00,S,0.010025,0.010025,0.010076653106953047,0.00989586723261738,-0.0,-0.213,time,96
2022-10-24 13:35:00,2022-10-24 21:35:00,S,0.00995,0.009915,0.010007952399507598,0.009805119001231008,0.604,0.415,time,96
2022-10-25 06:50:00,2022-10-25 07:10:00,L,0.010015,0.009973686143333915,0.009973686143333915,0.010118284641665212,-1.0,-1.267,sl,4
2022-10-25 09:05:00,2022-10-25 12:35:00,S,0.00994,0.009797868865048583,0.009996852453980565,0.009797868865048583,2.5,2.308,tp,42
2022-10-25 12:40:00,2022-10-25 13:15:00,S,0.009885,0.009977988435196634,0.009977988435196634,0.009652528912008414,-1.0,-1.117,sl,7
2022-10-25 13:20:00,2022-10-25 21:20:00,L,0.009985,0.010185,0.009792445818192256,0.010466385454519365,1.039,0.982,time,96
2022-10-26 00:40:00,2022-10-26 03:15:00,L,0.010295,0.010579022076481126,0.01018139116940755,0.010579022076481126,2.5,2.4,tp,31
2022-10-26 03:20:00,2022-10-26 11:20:00,L,0.010605,0.01062,0.010310027146603326,0.011342432133491684,0.051,0.011,time,96
2022-10-26 15:20:00,2022-10-26 16:15:00,L,0.010635,0.010509473586894457,0.010509473586894457,0.01094881603276386,-1.0,-1.093,sl,11
2022-10-26 17:10:00,2022-10-27 01:10:00,L,0.010675,0.010975,0.010443209970782918,0.011254475073042707,1.294,1.244,time,96
2022-10-27 01:25:00,2022-10-27 04:15:00,L,0.01101,0.011596810875708175,0.010775275649716731,0.011596810875708175,2.5,2.448,tp,34
2022-10-27 04:20:00,2022-10-27 09:05:00,L,0.01151,0.011023664063688002,0.011023664063688002,0.012725839840779993,-1.0,-1.026,sl,57
2022-10-27 12:50:00,2022-10-27 13:55:00,L,0.011055,0.010752605133816472,0.010752605133816472,0.011810987165458822,-1.0,-1.04,sl,13
2022-10-27 18:00:00,2022-10-27 21:45:00,L,0.01091,0.010705555412224831,0.010705555412224831,0.01142111146943792,-1.0,-1.059,sl,45
2022-10-27 22:40:00,2022-10-28 06:40:00,S,0.01062,0.01054,0.010938290803679746,0.009824272990800633,0.251,0.215,time,96
2022-10-28 07:25:00,2022-10-28 08:30:00,S,0.01044,0.01056377746413451,0.01056377746413451,0.010130556339663723,-1.0,-1.093,sl,13
2022-10-28 10:25:00,2022-10-28 12:30:00,L,0.010785,0.01056751031113391,0.01056751031113391,0.011328724222165222,-1.0,-1.055,sl,25
2022-10-28 13:10:00,2022-10-28 16:40:00,L,0.010875,0.011756108053129375,0.010522556778748249,0.011756108053129375,2.5,2.466,tp,42
2022-10-28 16:45:00,2022-10-29 00:45:00,L,0.0118,0.011695,0.01100053560647675,0.013798660983808126,-0.131,-0.148,time,96
2022-10-29 02:55:00,2022-10-29 04:00:00,L,0.01193,0.011743282707795484,0.011743282707795484,0.012396793230511287,-1.0,-1.07,sl,13
2022-10-29 06:45:00,2022-10-29 10:05:00,L,0.01192,0.012774202436567853,0.011578319025372858,0.012774202436567853,2.5,2.462,tp,40
2022-10-29 10:10:00,2022-10-29 10:25:00,L,0.01261,0.012228714872427902,0.012228714872427902,0.013563212818930243,-1.0,-1.036,sl,3
2022-10-29 15:15:00,2022-10-29 15:35:00,L,0.01265,0.013352738401125504,0.012368904639549799,0.013352738401125504,2.5,2.45,tp,4
2022-10-29 15:40:00,2022-10-29 16:00:00,L,0.0131,0.014952834471333786,0.012358866211466486,0.014952834471333786,2.5,2.481,tp,4
2022-10-29 16:05:00,2022-10-30 00:05:00,L,0.014225,0.012885,0.0123860582890588,0.018822354277353,-0.729,-0.737,time,96
2022-10-30 02:40:00,2022-10-30 08:00:00,L,0.01325,0.012855945417845021,0.012855945417845021,0.014235136455387445,-1.0,-1.037,sl,64
2022-10-30 12:05:00,2022-10-30 13:25:00,L,0.01275,0.012400231563228978,0.012400231563228978,0.01362442109192755,-1.0,-1.04,sl,16
2022-10-30 13:30:00,2022-10-30 21:30:00,S,0.012335,0.012075,0.012697165719025134,0.011429585702437167,0.718,0.68,time,96
2022-10-30 22:10:00,2022-10-31 04:05:00,S,0.01192,0.0122067725423031,0.0122067725423031,0.011203068644242252,-1.0,-1.046,sl,71
2022-10-31 06:15:00,2022-10-31 09:45:00,S,0.011995,0.012278940624114491,0.012278940624114491,0.011285148439713774,-1.0,-1.046,sl,42
2022-10-31 09:50:00,2022-10-31 17:50:00,L,0.01235,0.01239,0.011871094223741972,0.01354726444064507,0.084,0.055,time,96
2022-11-01 02:50:00,2022-11-01 03:30:00,L,0.012615,0.012414267201520121,0.012414267201520121,0.013116831996199695,-1.0,-1.069,sl,8
2022-11-01 04:25:00,2022-11-01 12:25:00,L,0.01285,0.01273,0.01231973839209579,0.014175654019760526,-0.226,-0.253,time,96
2022-11-01 20:00:00,2022-11-02 02:05:00,L,0.01279,0.012598472556838224,0.012598472556838224,0.013268818607904437,-1.0,-1.073,sl,73
2022-11-02 05:45:00,2022-11-02 09:30:00,S,0.01257,0.01195344584646335,0.01281662166141466,0.01195344584646335,2.5,2.444,tp,45
2022-11-02 09:35:00,2022-11-02 17:35:00,S,0.01204,0.01215,0.012367637906047127,0.011220905234882183,-0.336,-0.376,time,96
2022-11-02 20:20:00,2022-11-03 03:45:00,S,0.011855,0.012296401095389752,0.012296401095389752,0.010751497261525618,-1.0,-1.03,sl,89
2022-11-03 06:30:00,2022-11-03 07:10:00,S,0.01212,0.012238736863673116,0.012238736863673116,0.011823157840817212,-1.0,-1.112,sl,8
2022-11-03 07:50:00,2022-11-03 09:55:00,S,0.012085,0.012284531886612032,0.012284531886612032,0.011586170283469921,-1.0,-1.067,sl,25
2022-11-03 11:40:00,2022-11-03 19:40:00,S,0.01198,0.011955,0.01220649241490318,0.011413768962742047,0.11,0.052,time,96
2022-11-03 21:40:00,2022-11-03 23:05:00,S,0.01193,0.011671415972106936,0.012033433611157225,0.011671415972106936,2.5,2.373,tp,17
2022-11-03 23:10:00,2022-11-04 05:20:00,S,0.01169,0.011946822175896052,0.011946822175896052,0.011047944560259872,-1.0,-1.05,sl,74
2022-11-04 05:35:00,2022-11-04 05:35:00,L,0.012095,0.01268325862134508,0.011859696551461968,0.01268325862134508,2.5,2.443,tp,0
2022-11-04 05:40:00,2022-11-04 13:40:00,L,0.01298,0.012465,0.011848070344600371,0.015809824138499073,-0.455,-0.468,time,96
2022-11-04 14:45:00,2022-11-04 15:40:00,L,0.012735,0.012412344681758994,0.012412344681758994,0.013541638295602516,-1.0,-1.043,sl,11
2022-11-04 19:15:00,2022-11-05 03:15:00,L,0.012485,0.012635,0.012326180164747895,0.012882049588130261,0.944,0.858,time,96
2022-11-05 04:55:00,2022-11-05 12:55:00,L,0.012845,0.012645,0.012503466201641982,0.013698834495895047,-0.586,-0.627,time,96
2022-11-05 17:40:00,2022-11-05 18:25:00,L,0.01278,0.012608939963366173,0.012608939963366173,0.013207650091584568,-1.0,-1.082,sl,9
2022-11-05 22:30:00,2022-11-05 23:05:00,L,0.01265,0.012557370169043226,0.012557370169043226,0.012881574577391936,-1.0,-1.15,sl,7
2022-11-05 23:10:00,2022-11-06 07:10:00,S,0.01229,0.012405,0.012684484681272139,0.011303788296819654,-0.292,-0.326,time,96
2022-11-06 15:05:00,2022-11-06 16:00:00,L,0.012765,0.012538419425031708,0.012538419425031708,0.013331451437420731,-1.0,-1.062,sl,11
2022-11-06 19:40:00,2022-11-06 23:05:00,S,0.01246,0.012047890111037528,0.01262484395558499,0.012047890111037528,2.5,2.417,tp,41
2022-11-06 23:10:00,2022-11-07 07:10:00,S,0.012,0.01185,0.01238283917928359,0.011042902051791027,0.392,0.357,time,96
2022-11-07 07:45:00,2022-11-07 12:55:00,S,0.01175,0.012051109966452754,0.012051109966452754,0.010997225083868117,-1.0,-1.043,sl,62
2022-11-07 14:10:00,2022-11-07 20:00:00,S,0.011895,0.012111115552574589,0.012111115552574589,0.011354711118563525,-1.0,-1.061,sl,70
2022-11-07 21:40:00,2022-11-08 02:55:00,S,0.011835,0.011299937515258537,0.012049024993896585,0.011299937515258537,2.5,2.439,tp,63
2022-11-08 03:00:00,2022-11-08 11:00:00,S,0.01143,0.010915,0.011839267781849752,0.010406830545375617,1.258,1.228,time,96
2022-11-08 14:05:00,2022-11-08 14:35:00,S,0.0109,0.010660496592735758,0.010995801362905696,0.010660496592735758,2.5,2.375,tp,6
2022-11-08 14:40:00,2022-11-08 16:00:00,S,0.010675,0.010991674074249138,0.010991674074249138,0.009883314814377157,-1.0,-1.037,sl,16
2022-11-08 18:10:00,2022-11-09 02:10:00,S,0.010375,0.01005,0.01119183556162974,0.008332911095925651,0.398,0.384,time,96
2022-11-09 08:15:00,2022-11-09 10:10:00,S,0.00992,0.009376093263104422,0.010137562694758231,0.009376093263104422,2.5,2.45,tp,23
2022-11-09 10:15:00,2022-11-09 11:20:00,S,0.009365,0.009863508435114212,0.009863508435114212,0.00811872891221447,-1.0,-1.021,sl,13
2022-11-09 16:20:00,2022-11-10 00:20:00,S,0.00947,0.009085,0.009986882162048722,0.00817779459487819,0.745,0.725,time,96
2022-11-10 08:20:00,2022-11-10 08:50:00,S,0.00956,0.009908599388098297,0.009908599388098297,0.008688501529754259,-1.0,-1.03,sl,6
2022-11-10 13:35:00,2022-11-10 21:35:00,L,0.010295,0.01026,0.00976828137787566,0.011611796555310852,-0.066,-0.088,time,96
2022-11-11 02:00:00,2022-11-11 10:00:00,S,0.010065,0.010115,0.010477818159336485,0.009032954601658785,-0.121,-0.148,time,96
2022-11-11 14:05:00,2022-11-11 22:05:00,S,0.009895,0.009795,0.010221591363222086,0.00907852159194478,0.306,0.273,time,96
2022-11-12 00:50:00,2022-11-12 05:10:00,S,0.009785,0.009388320933818188,0.009943671626472726,0.009388320933818188,2.5,2.432,tp,52
2022-11-12 05:15:00,2022-11-12 07:20:00,S,0.00938,0.009701358983796109,0.009701358983796109,0.008576602540509726,-1.0,-1.032,sl,25
2022-11-12 23:30:00,2022-11-13 00:25:00,S,0.009505,0.00968405028148324,0.00968405028148324,0.009057374296291897,-1.0,-1.058,sl,11
2022-11-13 06:10:00,2022-11-13 07:00:00,S,0.00963,0.009448860577490741,0.009702455769003703,0.009448860577490741,2.5,2.354,tp,10
2022-11-13 07:05:00,2022-11-13 15:05:00,S,0.009435,0.009235,0.009676032520500982,0.008832418698747548,0.83,0.787,time,96
2022-11-13 15:15:00,2022-11-13 23:15:00,S,0.00921,0.00897,0.009354378236250637,0.008849054409373405,1.662,1.592,time,96
2022-11-14 00:25:00,2022-11-14 06:40:00,S,0.00852,0.009112640477853111,0.009112640477853111,0.007038398805367221,-1.0,-1.016,sl,75
2022-11-14 12:10:00,2022-11-14 13:10:00,S,0.009095,0.009303722682330458,0.009303722682330458,0.008573193294173857,-1.0,-1.048,sl,12
2022-11-14 13:55:00,2022-11-14 21:55:00,S,0.009105,0.009,0.009404022408748533,0.008357443978128667,0.351,0.318,time,96
2022-11-15 05:45:00,2022-11-15 07:15:00,S,0.009095,0.009162108443904431,0.009162108443904431,0.008927228890238925,-1.0,-1.149,sl,18
2022-11-15 07:20:00,2022-11-15 15:20:00,L,0.00922,0.009255,0.009086589690744912,0.009553525773137724,0.262,0.186,time,96
2022-11-15 15:40:00,2022-11-15 18:35:00,L,0.00942,0.009177744611645389,0.009177744611645389,0.010025638470886528,-1.0,-1.043,sl,35
2022-11-16 03:40:00,2022-11-16 07:05:00,L,0.009325,0.009492825655251894,0.009257869737899242,0.009492825655251894,2.5,2.347,tp,41
2022-11-16 07:25:00,2022-11-16 10:35:00,L,0.00946,0.009272497104063492,0.009272497104063492,0.00992875723984127,-1.0,-1.055,sl,38
2022-11-16 12:10:00,2022-11-16 20:10:00,S,0.00925,0.009065,0.009419876634364535,0.00882530841408866,1.089,1.029,time,96
2022-11-17 04:00:00,2022-11-17 12:00:00,S,0.00915,0.0091,0.009221842842770792,0.008970392893073022,0.696,0.556,time,96
2022-11-17 20:00:00,2022-11-18 00:10:00,S,0.00906,0.009136571934488549,0.009136571934488549,0.008868570163778629,-1.0,-1.13,sl,50
2022-11-18 00:15:00,2022-11-18 08:15:00,L,0.00916,0.009095,0.009017026847004606,0.009517432882488484,-0.455,-0.525,time,96
2022-11-18 11:10:00,2022-11-18 13:55:00,L,0.009175,0.0091385059430862,0.0091385059430862,0.009266235142284505,-1.0,-1.277,sl,33
2022-11-18 14:35:00,2022-11-18 22:35:00,S,0.00906,0.009045,0.009182421613976043,0.008753945965059892,0.123,0.041,time,96
2022-11-19 03:30:00,2022-11-19 05:10:00,L,0.009115,0.009058732658821471,0.009058732658821471,0.009255668352946321,-1.0,-1.178,sl,20
2022-11-19 05:15:00,2022-11-19 13:15:00,S,0.009045,0.00909,0.009116449817453784,0.008866375456365538,-0.63,-0.769,time,96
2022-11-19 15:05:00,2022-11-19 15:05:00,L,0.00912,0.009198385957662866,0.009088645616934853,0.009198385957662866,2.5,2.18,tp,0
2022-11-19 15:10:00,2022-11-19 23:10:00,L,0.009185,0.00919,0.009087159534676873,0.009429601163307818,0.051,-0.052,time,96
2022-11-19 23:15:00,2022-11-19 23:30:00,L,0.00919,0.009153796247765843,0.009153796247765843,0.009280509380585392,-1.0,-1.279,sl,3
2022-11-20 00:10:00,2022-11-20 01:55:00,L,0.009195,0.009143479176745777,0.009143479176745777,0.009323802058135558,-1.0,-1.196,sl,21
2022-11-20 08:40:00,2022-11-20 11:30:00,S,0.00914,0.008999863637373531,0.009196054545050588,0.008999863637373531,2.5,2.321,tp,34
2022-11-20 11:35:00,2022-11-20 19:35:00,S,0.00891,0.00901,0.009088271700772237,0.008464320748069406,-0.561,-0.616,time,96
2022-11-20 20:30:00,2022-11-21 00:05:00,S,0.00889,0.008494420700368481,0.009048231719852608,0.008494420700368481,2.5,2.438,tp,43
2022-11-21 00:10:00,2022-11-21 08:10:00,S,0.00857,0.008585,0.008816298677389825,0.007954253306525435,-0.061,-0.099,time,96
2022-11-21 09:10:00,2022-11-21 09:50:00,S,0.008555,0.008647971115969025,0.008647971115969025,0.008322572210077438,-1.0,-1.101,sl,8
2022-11-21 16:20:00,2022-11-21 19:30:00,S,0.008565,0.008294514468933986,0.008673194212426405,0.008294514468933986,2.5,2.413,tp,38
2022-11-21 19:35:00,2022-11-21 20:15:00,S,0.00829,0.008479772055930285,0.008479772055930285,0.00781556986017429,-1.0,-1.048,sl,8
2022-11-22 05:00:00,2022-11-22 06:45:00,S,0.008445,0.008329223031303547,0.00849131078747858,0.008329223031303547,2.5,2.299,tp,21
2022-11-22 06:50:00,2022-11-22 13:05:00,S,0.008305,0.00844797454107522,0.00844797454107522,0.00794756364731195,-1.0,-1.064,sl,75
2022-11-22 13:10:00,2022-11-22 21:10:00,L,0.00846,0.0087,0.008240875961309601,0.009007810096725999,1.095,1.053,time,96
2022-11-22 22:50:00,2022-11-23 02:20:00,L,0.0088,0.008979681090189179,0.00872812756392433,0.008979681090189179,2.5,2.365,tp,42
2022-11-23 02:25:00,2022-11-23 10:25:00,L,0.008945,0.008985,0.008750494550477328,0.009431263623806679,0.206,0.155,time,96
2022-11-23 10:55:00,2022-11-23 12:40:00,L,0.009055,0.008967690925516233,0.008967690925516233,0.009273272686209418,-1.0,-1.114,sl,21
2022-11-23 19:05:00,2022-11-24 03:05:00,L,0.009015,0.009075,0.008836259569104254,0.009461851077239366,0.336,0.28,time,96
2022-11-24 07:00:00,2022-11-24 08:05:00,L,0.00912,0.00904352478808248,0.00904352478808248,0.009311188029793797,-1.0,-1.131,sl,13
2022-11-25 00:15:00,2022-11-25 08:15:00,S,0.00895,0.008905,0.009047242779038404,0.00870689305240399,0.463,0.362,time,96
2022-11-25 10:20:00,2022-11-25 11:05:00,L,0.00898,0.009257615996000461,0.008868953601599816,0.009257615996000461,2.5,2.411,tp,9
2022-11-25 11:10:00,2022-11-25 19:10:00,L,0.009275,0.009265,0.008873240840907305,0.010279397897731739,-0.025,-0.05,time,96
2022-11-26 00:30:00,2022-11-26 08:30:00,L,0.009235,0.00926,0.009172802906357259,0.009390492734106852,0.402,0.239,time,96
2022-11-26 09:20:00,2022-11-26 11:15:00,L,0.00932,0.00923258180317632,0.00923258180317632,0.009538545492059198,-1.0,-1.117,sl,23
2022-11-26 14:15:00,2022-11-26 14:50:00,L,0.009315,0.009263238121648195,0.009263238121648195,0.009444404695879514,-1.0,-1.198,sl,7
2022-11-26 17:05:00,2022-11-26 22:45:00,S,0.009125,0.008918554204263785,0.009207578318294486,0.008918554204263785,2.5,2.378,tp,68
2022-11-26 22:50:00,2022-11-27 02:50:00,S,0.008945,0.009108201343655357,0.009108201343655357,0.008536996640861605,-1.0,-1.06,sl,48
2022-11-27 03:05:00,2022-11-27 06:20:00,L,0.00912,0.009298560290403596,0.009048575883838561,0.009298560290403596,2.5,2.36,tp,39
2022-11-27 06:25:00,2022-11-27 11:25:00,L,0.0093,0.009632524653146745,0.009166990138741301,0.009632524653146745,2.5,2.423,tp,60
2022-11-27 11:30:00,2022-11-27 19:30:00,L,0.009595,0.009465,0.009292643620333055,0.010350890949167359,-0.43,-0.465,time,96
2022-11-27 19:35:00,2022-11-27 23:00:00,L,0.009465,0.00940290389477745,0.00940290389477745,0.00962024026305637,-1.0,-1.168,sl,41
2022-11-28 01:15:00,2022-11-28 09:15:00,S,0.0092,0.00906,0.009390590053402386,0.008723524866494036,0.735,0.681,time,96
2022-11-28 10:35:00,2022-11-28 14:30:00,S,0.009005,0.009082220176595214,0.009082220176595214,0.008811949558511967,-1.0,-1.128,sl,47
2022-11-28 15:10:00,2022-11-28 16:55:00,S,0.00898,0.009118594836313651,0.009118594836313651,0.008633512909215872,-1.0,-1.071,sl,21
2022-11-29 00:15:00,2022-11-29 01:35:00,S,0.009025,0.009102896679189669,0.009102896679189669,0.008830258302025829,-1.0,-1.127,sl,16
2022-11-29 01:50:00,2022-11-29 09:50:00,L,0.009165,0.00922,0.009052023406259347,0.009447441484351633,0.487,0.398,time,96
2022-11-29 13:10:00,2022-11-29 21:10:00,S,0.00907,0.009135,0.009223354732557792,0.008686613168605521,-0.424,-0.489,time,96
2022-11-30 00:40:00,2022-11-30 08:40:00,L,0.009245,0.00926,0.009061040009637315,0.009704899975906713,0.082,0.026,time,96
2022-11-30 13:00:00,2022-11-30 19:10:00,S,0.00918,0.00928270741341526,0.00928270741341526,0.008923231466461852,-1.0,-1.098,sl,74
2022-11-30 19:15:00,2022-12-01 03:15:00,L,0.00927,0.009285,0.0090147554336238,0.009908111415940503,0.059,0.019,time,96
2022-12-01 04:00:00,2022-12-01 04:50:00,L,0.009295,0.009254027136972511,0.009254027136972511,0.00939743215756872,-1.0,-1.25,sl,10
2022-12-01 12:05:00,2022-12-01 13:45:00,L,0.009275,0.009213741262078735,0.009213741262078735,0.009428146844803163,-1.0,-1.167,sl,20
2022-12-01 15:20:00,2022-12-01 23:20:00,S,0.009155,0.00916,0.009283724040571532,0.008833189898571169,-0.039,-0.117,time,96
2022-12-02 00:40:00,2022-12-02 01:45:00,L,0.00926,0.009157750213916302,0.009157750213916302,0.009515624465209241,-1.0,-1.1,sl,13
2022-12-02 02:15:00,2022-12-02 09:35:00,S,0.00909,0.00927396327733248,0.00927396327733248,0.008630091806668804,-1.0,-1.054,sl,88
2022-12-02 09:40:00,2022-12-02 10:25:00,L,0.009265,0.009238938519026645,0.009238938519026645,0.00933015370243339,-1.0,-1.391,sl,9
2022-12-02 13:35:00,2022-12-02 21:25:00,S,0.009185,0.009299227142735265,0.009299227142735265,0.008899432143161839,-1.0,-1.088,sl,94
2022-12-02 21:30:00,2022-12-03 05:30:00,L,0.009325,0.009355,0.009258175611719885,0.009492060970700288,0.449,0.295,time,96
2022-12-03 08:50:00,2022-12-03 12:15:00,S,0.009265,0.009306570633047115,0.009306570633047115,0.009161073417382214,-1.0,-1.245,sl,41
2022-12-03 12:20:00,2022-12-03 14:15:00,L,0.009305,0.009445535809952905,0.009248785676018839,0.009445535809952905,2.5,2.318,tp,23
2022-12-03 14:20:00,2022-12-03 21:00:00,L,0.00939,0.009291738655974447,0.009291738655974447,0.009635653360063884,-1.0,-1.105,sl,80
2022-12-03 22:25:00,2022-12-03 22:35:00,S,0.00927,0.009166053353091756,0.009311578658763298,0.009166053353091756,2.5,2.255,tp,2
2022-12-03 22:40:00,2022-12-04 04:20:00,S,0.009175,0.00931296009283051,0.00931296009283051,0.008830099767923729,-1.0,-1.073,sl,68
2022-12-04 04:25:00,2022-12-04 08:15:00,L,0.009345,0.009283621621205789,0.009283621621205789,0.009498445946985526,-1.0,-1.167,sl,46
2022-12-04 09:25:00,2022-12-04 09:50:00,L,0.00936,0.009308258787228806,0.009308258787228806,0.009489353031927985,-1.0,-1.199,sl,5
2022-12-04 11:25:00,2022-12-04 14:50:00,S,0.00925,0.009301365963459565,0.009301365963459565,0.009121585091351088,-1.0,-1.198,sl,41
2022-12-04 14:55:00,2022-12-04 22:55:00,L,0.0093,0.00934,0.009238669040519766,0.009453327398700582,0.652,0.485,time,96
2022-12-04 23:05:00,2022-12-05 00:35:00,L,0.009345,0.009396697072179432,0.009324321171128226,0.009396697072179432,2.5,2.003,tp,18
2022-12-05 00:40:00,2022-12-05 00:50:00,L,0.0094,0.00934343197228876,0.00934343197228876,0.009541420069278102,-1.0,-1.183,sl,2
2022-12-05 04:40:00,2022-12-05 05:00:00,L,0.009435,0.00958821573520518,0.009373713705917929,0.00958821573520518,2.5,2.331,tp,4
2022-12-05 05:05:00,2022-12-05 05:20:00,L,0.00957,0.010066512888851405,0.009371394844459438,0.010066512888851405,2.5,2.447,tp,3
2022-12-05 05:25:00,2022-12-05 13:25:00,L,0.010085,0.009695,0.00938456187955765,0.011836095301105874,-0.557,-0.573,time,96
2022-12-05 15:05:00,2022-12-05 23:05:00,S,0.00952,0.00942,0.00965534634228108,0.0091816341442973,0.739,0.661,time,96
2022-12-06 03:50:00,2022-12-06 04:15:00,S,0.0094,0.009334646294540535,0.009426141482183787,0.009334646294540535,2.5,2.104,tp,5
2022-12-06 04:20:00,2022-12-06 12:20:00,S,0.00935,0.009345,0.009427085978467208,0.009157285053831982,0.065,-0.069,time,96
2022-12-06 15:05:00,2022-12-06 15:40:00,S,0.009305,0.009371898742611087,0.009371898742611087,0.009137753143472285,-1.0,-1.153,sl,7
2022-12-06 17:15:00,2022-12-07 01:15:00,S,0.009305,0.00933,0.009381962695261883,0.009112593261845294,-0.325,-0.458,time,96
2022-12-07 04:10:00,2022-12-07 04:55:00,S,0.00931,0.00934581349109503,0.00934581349109503,0.009220466272262424,-1.0,-1.286,sl,9
2022-12-07 06:10:00,2022-12-07 06:45:00,S,0.009315,0.009237150323978344,0.009346139870408663,0.009237150323978344,2.5,2.171,tp,7
2022-12-07 06:50:00,2022-12-07 07:10:00,S,0.009245,0.009027766928669353,0.009331893228532258,0.009027766928669353,2.5,2.383,tp,4
2022-12-07 07:15:00,2022-12-07 15:15:00,S,0.009,0.009115,0.009321192857944267,0.008197017855139332,-0.358,-0.389,time,96
2022-12-07 17:40:00,2022-12-07 17:50:00,S,0.00906,0.009096336777519703,0.009096336777519703,0.008969158056200743,-1.0,-1.274,sl,2
2022-12-07 21:25:00,2022-12-07 23:10:00,S,0.00906,0.009121099445026362,0.009121099445026362,0.008907251387434097,-1.0,-1.163,sl,21
2022-12-08 07:10:00,2022-12-08 09:05:00,L,0.009235,0.009183570941682189,0.009183570941682189,0.009363572645794528,-1.0,-1.198,sl,23
2022-12-08 09:25:00,2022-12-08 11:45:00,S,0.00917,0.009054480182506312,0.009216207926997474,0.009054480182506312,2.5,2.282,tp,28
2022-12-08 11:50:00,2022-12-08 12:00:00,S,0.00913,0.009172821443342619,0.009172821443342619,0.00902294639164345,-1.0,-1.235,sl,2
2022-12-08 17:55:00,2022-12-08 18:45:00,L,0.009225,0.009327691755457466,0.009183923297817014,0.009327691755457466,2.5,2.253,tp,10
2022-12-08 18:50:00,2022-12-09 02:50:00,L,0.0093,0.00927,0.00921271719084557,0.00951820702288607,-0.344,-0.461,time,96
2022-12-09 07:25:00,2022-12-09 12:40:00,L,0.009345,0.009294010729428183,0.009294010729428183,0.00947247317642954,-1.0,-1.202,sl,63
2022-12-09 13:35:00,2022-12-09 21:35:00,S,0.009235,0.009175,0.009353814713623294,0.008937963215941765,0.505,0.419,time,96
2022-12-10 00:05:00,2022-12-10 01:15:00,L,0.00922,0.00928466556203141,0.009194133775187437,0.00928466556203141,2.5,2.108,tp,14
2022-12-10 01:20:00,2022-12-10 09:20:00,L,0.00928,0.009208965475897155,0.009208965475897155,0.009457586310257114,-1.0,-1.144,sl,96
2022-12-10 09:25:00,2022-12-10 10:45:00,S,0.00921,0.009245883472174156,0.009245883472174156,0.00912029131956461,-1.0,-1.282,sl,16
2022-12-10 10:50:00,2022-12-10 11:10:00,L,0.00925,0.009229351571733978,0.009229351571733978,0.009301621070665053,-1.0,-1.493,sl,4
2022-12-10 15:10:00,2022-12-10 21:35:00,L,0.009255,0.009214109861595144,0.009214109861595144,0.009357225346012138,-1.0,-1.249,sl,77
2022-12-10 21:40:00,2022-12-11 05:40:00,S,0.00921,0.009235,0.009245656054890207,0.009120859862774482,-0.701,-0.985,time,96
2022-12-11 08:30:00,2022-12-11 14:20:00,S,0.009225,0.009240570768667477,0.009240570768667477,0.00918607307833131,-1.0,-1.652,sl,70
2022-12-11 14:25:00,2022-12-11 20:15:00,L,0.009285,0.009203693035354498,0.009203693035354498,0.009488267411613755,-1.0,-1.126,sl,70
2022-12-11 20:20:00,2022-12-12 02:50:00,S,0.00919,0.008933915474176145,0.009292433810329542,0.008933915474176145,2.5,2.401,tp,78
2022-12-12 02:55:00,2022-12-12 10:55:00,S,0.008445,0.00888,0.009099992564557778,0.006807518588605552,-0.664,-0.678,time,96
2022-12-12 12:40:00,2022-12-12 20:40:00,S,0.008825,0.008895,0.008922379151819034,0.008581552120452413,-0.719,-0.819,time,96
2022-12-13 01:40:00,2022-12-13 07:00:00,S,0.008865,0.008685739788170704,0.008936704084731718,0.008685739788170704,2.5,2.364,tp,64
2022-12-13 07:05:00,2022-12-13 09:55:00,S,0.00872,0.008863823823129743,0.008863823823129743,0.008360440442175644,-1.0,-1.067,sl,34
2022-12-13 11:25:00,2022-12-13 12:40:00,L,0.008945,0.009164686197325559,0.008857125521069776,0.009164686197325559,2.5,2.388,tp,15
2022-12-13 12:45:00,2022-12-13 20:45:00,L,0.00912,0.009145,0.008930409565705255,0.00959397608573686,0.132,0.079,time,96
2022-12-13 21:10:00,2022-12-14 05:10:00,L,0.00917,0.00919,0.009108845466082335,0.00932288633479416,0.327,0.162,time,96
2022-12-14 10:35:00,2022-12-14 14:10:00,L,0.00917,0.009098951882656829,0.009098951882656829,0.009347620293357926,-1.0,-1.142,sl,43
2022-12-14 19:05:00,2022-12-15 03:05:00,S,0.009015,0.00886,0.00923124303753852,0.008474392406153703,0.717,0.671,time,96
2022-12-15 10:25:00,2022-12-15 18:25:00,S,0.008865,0.008835,0.008910995169664312,0.008750012075839218,0.652,0.44,time,96
2022-12-15 18:50:00,2022-12-15 19:20:00,S,0.00881,0.008862522272727505,0.008862522272727505,0.008678694318181239,-1.0,-1.185,sl,6
2022-12-16 01:45:00,2022-12-16 04:55:00,L,0.008965,0.008928478346519468,0.008928478346519468,0.009056304133701332,-1.0,-1.27,sl,38
2022-12-16 05:00:00,2022-12-16 08:50:00,S,0.008935,0.008807660259648544,0.008985935896140582,0.008807660259648544,2.5,2.307,tp,46
2022-12-16 08:55:00,2022-12-16 16:55:00,S,0.00877,0.008455,0.008952621071553344,0.00831344732111664,1.725,1.672,time,96
2022-12-16 22:40:00,2022-12-17 06:40:00,S,0.00806,0.00817,0.008598398163092536,0.006714004592268658,-0.204,-0.221,time,96
2022-12-17 10:00:00,2022-12-17 15:30:00,S,0.00814,0.008231909447987157,0.008231909447987157,0.007910226380032106,-1.0,-1.097,sl,66
2022-12-18 01:45:00,2022-12-18 01:50:00,L,0.00837,0.00880657249512928,0.008195371001948289,0.00880657249512928,2.5,2.447,tp,1
2022-12-18 01:55:00,2022-12-18 09:55:00,L,0.008735,0.008425,0.008188051997018936,0.01010237000745266,-0.567,-0.584,time,96
2022-12-18 20:55:00,2022-12-18 21:30:00,L,0.00864,0.008531872773798929,0.008531872773798929,0.008910318065502678,-1.0,-1.088,sl,7
2022-12-19 01:20:00,2022-12-19 02:30:00,L,0.00868,0.008566976621047943,0.008566976621047943,0.008962558447380144,-1.0,-1.084,sl,14
2022-12-19 03:10:00,2022-12-19 09:05:00,S,0.008535,0.008657901120588073,0.008657901120588073,0.008227747198529815,-1.0,-1.076,sl,71
2022-12-19 09:10:00,2022-12-19 16:20:00,L,0.008655,0.008577559158129168,0.008577559158129168,0.008848602104677078,-1.0,-1.123,sl,86
2022-12-19 18:55:00,2022-12-20 02:55:00,S,0.00831,0.008325,0.008601732120319734,0.0075806696992006635,-0.051,-0.083,time,96
2022-12-20 14:50:00,2022-12-20 14:55:00,S,0.00831,0.008377595314822515,0.008377595314822515,0.008141011712943711,-1.0,-1.135,sl,1
2022-12-20 23:35:00,2022-12-21 01:45:00,L,0.00847,0.008382379672787295,0.008382379672787295,0.008689050818031762,-1.0,-1.106,sl,26
2022-12-21 01:50:00,2022-12-21 04:55:00,S,0.00839,0.008222700241424415,0.008456919903430234,0.008222700241424415,2.5,2.362,tp,37
2022-12-21 05:00:00,2022-12-21 08:40:00,S,0.008225,0.008317364279873648,0.008317364279873648,0.00799408930031588,-1.0,-1.098,sl,44
2022-12-21 20:00:00,2022-12-21 22:45:00,S,0.008185,0.008246685162819253,0.008246685162819253,0.008030787092951866,-1.0,-1.146,sl,33
2022-12-22 05:35:00,2022-12-22 07:10:00,S,0.00825,0.008300956437791124,0.008300956437791124,0.00812260890552219,-1.0,-1.178,sl,19
2022-12-22 09:40:00,2022-12-22 11:20:00,L,0.008335,0.008293428187013117,0.008293428187013117,0.008438929532467209,-1.0,-1.221,sl,20
2022-12-22 11:40:00,2022-12-22 13:30:00,L,0.008355,0.008288186260312753,0.008288186260312753,0.008522034349218114,-1.0,-1.138,sl,22
2022-12-22 13:35:00,2022-12-22 21:35:00,S,0.008325,0.008305,0.00839734989671439,0.008144125258214027,0.276,0.15,time,96
2022-12-22 22:15:00,2022-12-23 06:15:00,L,0.008335,0.008315,0.008267685735577521,0.008503285661056199,-0.297,-0.433,time,96
2022-12-23 10:35:00,2022-12-23 11:45:00,L,0.00835,0.008304114576796346,0.008304114576796346,0.008464713558009134,-1.0,-1.2,sl,14
2022-12-23 11:50:00,2022-12-23 13:30:00,S,0.008305,0.008202602777681246,0.008345958888927502,0.008202602777681246,2.5,2.277,tp,20
2022-12-23 13:35:00,2022-12-23 13:35:00,S,0.008285,0.008343644182021093,0.008343644182021093,0.008138389544947269,-1.0,-1.155,sl,0
2022-12-23 21:30:00,2022-12-24 00:30:00,S,0.008255,0.00829086984140271,0.00829086984140271,0.008165325396493225,-1.0,-1.253,sl,36
2022-12-24 03:25:00,2022-12-24 05:20:00,L,0.008305,0.008284463640788215,0.008284463640788215,0.008356340898029464,-1.0,-1.445,sl,23
2022-12-24 05:25:00,2022-12-24 13:25:00,S,0.008265,0.008285,0.008310812340261103,0.008150469149347242,-0.437,-0.635,time,96
2022-12-24 14:15:00,2022-12-24 22:15:00,L,0.008295,0.00829,0.008274362183429215,0.008346594541426965,-0.242,-0.684,time,96
2022-12-25 00:10:00,2022-12-25 08:10:00,L,0.00834,0.008315,0.00829427953473097,0.008454301163172577,-0.547,-0.747,time,96
2022-12-25 11:15:00,2022-12-25 19:15:00,S,0.008285,0.0082,0.008331167099110625,0.008169582252223442,1.841,1.644,time,96
2022-12-25 21:45:00,2022-12-26 05:45:00,L,0.00827,0.008325,0.00820904469036302,0.008422388274092446,0.902,0.753,time,96
2022-12-26 07:25:00,2022-12-26 15:25:00,S,0.00831,0.008295,0.008330605784109957,0.008258485539725106,0.728,0.284,time,96
2022-12-26 15:45:00,2022-12-26 16:15:00,S,0.008275,0.008305599086930838,0.008305599086930838,0.008198502282672902,-1.0,-1.297,sl,6
2022-12-26 16:25:00,2022-12-26 21:55:00,L,0.008315,0.008274344822918053,0.008274344822918053,0.008416637942704867,-1.0,-1.225,sl,66
2022-12-26 22:00:00,2022-12-27 00:00:00,S,0.008265,0.008321280907143092,0.008321280907143092,0.00812429773214227,-1.0,-1.162,sl,24
2022-12-27 00:05:00,2022-12-27 08:05:00,L,0.008325,0.00832,0.008258945616997438,0.008490135957506409,-0.076,-0.214,time,96
2022-12-27 13:00:00,2022-12-27 14:35:00,S,0.00828,0.008177802314269952,0.008320879074292018,0.008177802314269952,2.5,2.277,tp,19
2022-12-27 14:40:00,2022-12-27 22:40:00,S,0.00822,0.008165,0.00830234685133855,0.008014132871653624,0.668,0.558,time,96
2022-12-28 01:00:00,2022-12-28 03:10:00,S,0.008155,0.008064958410174954,0.00819101663593002,0.008064958410174954,2.5,2.251,tp,26
2022-12-28 03:15:00,2022-12-28 11:15:00,S,0.008005,0.007985,0.008177655604577849,0.0075733609885553785,0.116,0.065,time,96
2022-12-28 15:40:00,2022-12-28 23:40:00,S,0.00796,0.0079,0.008067768986468554,0.0076905775338286155,0.557,0.475,time,96
2022-12-29 12:45:00,2022-12-29 13:30:00,S,0.007915,0.007955891926815357,0.007955891926815357,0.007812770182961608,-1.0,-1.213,sl,9
2022-12-29 14:35:00,2022-12-29 15:05:00,L,0.008005,0.00820901873469225,0.0079233925061231,0.00820901873469225,2.5,2.392,tp,6
2022-12-29 15:10:00,2022-12-29 23:10:00,L,0.008225,0.00821,0.00794471310986089,0.008925717225347773,-0.054,-0.086,time,96
2022-12-29 23:35:00,2022-12-30 02:50:00,L,0.00823,0.008081150514244469,0.008081150514244469,0.008602123714388826,-1.0,-1.061,sl,39
2022-12-30 07:10:00,2022-12-30 15:10:00,S,0.008065,0.00799,0.008136971685163558,0.007885070787091103,1.042,0.919,time,96
2022-12-31 00:05:00,2022-12-31 08:05:00,L,0.00807,0.008075,0.008008784207529356,0.008223039481176612,0.082,-0.063,time,96
2022-12-31 08:25:00,2022-12-31 16:25:00,L,0.00809,0.008155,0.008029093578495872,0.00824226605376032,1.067,0.921,time,96
2023-01-01 00:45:00,2023-01-01 02:10:00,S,0.00806,0.008101226353916375,0.008101226353916375,0.00795693411520906,-1.0,-1.215,sl,17
2023-01-01 02:15:00,2023-01-01 04:45:00,L,0.008105,0.008018735402867426,0.008018735402867426,0.008320661492831432,-1.0,-1.103,sl,30
2023-01-01 04:50:00,2023-01-01 11:00:00,S,0.008025,0.008071046068892944,0.008071046068892944,0.007909884827767638,-1.0,-1.192,sl,74
2023-01-01 15:00:00,2023-01-01 15:55:00,S,0.008045,0.008075614316327452,0.008075614316327452,0.00796846420918137,-1.0,-1.289,sl,11
2023-01-01 17:30:00,2023-01-02 01:05:00,L,0.00809,0.00806431787381165,0.00806431787381165,0.008154205315470876,-1.0,-1.347,sl,91
2023-01-02 06:35:00,2023-01-02 08:10:00,L,0.00813,0.008244273178191751,0.0080842907287233,0.008244273178191751,2.5,2.304,tp,19
2023-01-02 08:15:00,2023-01-02 16:15:00,L,0.008245,0.008205,0.008122226745294274,0.008551933136764316,-0.326,-0.4,time,96
2023-01-02 21:05:00,2023-01-02 23:00:00,L,0.00822,0.008184281003599104,0.008184281003599104,0.00830929749100224,-1.0,-1.253,sl,23
2023-01-03 06:05:00,2023-01-03 08:40:00,L,0.0082,0.008153727837375179,0.008153727837375179,0.008315680406562054,-1.0,-1.195,sl,31
2023-01-03 12:20:00,2023-01-03 13:50:00,S,0.008135,0.008181143289333297,0.008181143289333297,0.008019641776666756,-1.0,-1.194,sl,18
2023-01-03 15:00:00,2023-01-03 23:00:00,S,0.00812,0.00813,0.008202400118376214,0.007913999704059468,-0.121,-0.23,time,96
2023-01-03 23:05:00,2023-01-04 02:40:00,L,0.00813,0.008207529718405136,0.008098988112637946,0.008207529718405136,2.5,2.212,tp,43
2023-01-04 02:45:00,2023-01-04 04:00:00,L,0.00821,0.008313316256906914,0.008168673497237235,0.008313316256906914,2.5,2.281,tp,15
2023-01-04 04:05:00,2023-01-04 08:25:00,L,0.00831,0.008197550956394111,0.008197550956394111,0.00859112260901472,-1.0,-1.081,sl,52
2023-01-04 14:40:00,2023-01-04 15:00:00,L,0.008305,0.008217509188980553,0.008217509188980553,0.008523727027548618,-1.0,-1.104,sl,4
2023-01-04 20:40:00,2023-01-04 22:35:00,S,0.008165,0.008242100009170632,0.008242100009170632,0.007972249977073423,-1.0,-1.116,sl,23
2023-01-04 22:45:00,2023-01-05 04:45:00,L,0.0083,0.008656006425234362,0.008157597429906255,0.008656006425234362,2.5,2.436,tp,72
2023-01-05 04:50:00,2023-01-05 09:45:00,L,0.00865,0.008405293929603189,0.008405293929603189,0.009261765175992026,-1.0,-1.039,sl,59
2023-01-05 13:35:00,2023-01-05 13:35:00,L,0.008565,0.008487119231696613,0.008487119231696613,0.008759701920758468,-1.0,-1.121,sl,0
2023-01-05 15:15:00,2023-01-05 23:05:00,L,0.00859,0.008476809357540435,0.008476809357540435,0.008872976606148913,-1.0,-1.083,sl,94
2023-01-05 23:10:00,2023-01-06 07:10:00,S,0.008465,0.00825,0.008562436603887905,0.00822140849028024,2.207,2.111,time,96
2023-01-06 07:15:00,2023-01-06 08:15:00,S,0.00825,0.008352091425744305,0.008352091425744305,0.007994771435639238,-1.0,-1.089,sl,12
2023-01-06 10:55:00,2023-01-06 13:45:00,S,0.008255,0.008316306519252246,0.008316306519252246,0.008101733701869385,-1.0,-1.148,sl,34
2023-01-06 16:05:00,2023-01-07 00:05:00,L,0.00831,0.008415,0.00823274245337565,0.008503143866560873,1.359,1.241,time,96
2023-01-07 00:55:00,2023-01-07 08:55:00,L,0.00852,0.00848,0.00840223614333239,0.008814409641669026,-0.34,-0.419,time,96
2023-01-07 11:15:00,2023-01-07 13:10:00,S,0.00841,0.00847132063936628,0.00847132063936628,0.008256698401584304,-1.0,-1.151,sl,23
2023-01-07 16:45:00,2023-01-07 18:05:00,S,0.008385,0.00843141426257963,0.00843141426257963,0.008268964343550926,-1.0,-1.199,sl,16
2023-01-07 19:35:00,2023-01-07 20:40:00,L,0.00846,0.008423820893687392,0.008423820893687392,0.008550447765781522,-1.0,-1.257,sl,13
2023-01-07 22:25:00,2023-01-08 00:05:00,S,0.00841,0.008440952324035838,0.008440952324035838,0.008332619189910408,-1.0,-1.299,sl,20
2023-01-08 00:35:00,2023-01-08 08:35:00,S,0.00837,0.008415,0.008456864698194863,0.008152838254512846,-0.518,-0.624,time,96
2023-01-08 09:20:00,2023-01-08 17:20:00,L,0.00844,0.008445,0.008394072153182861,0.008554819617042846,0.109,-0.093,time,96
2023-01-08 20:05:00,2023-01-08 20:30:00,L,0.00847,0.008547337605992387,0.008439064957603045,0.008547337605992387,2.5,2.199,tp,5
2023-01-08 20:35:00,2023-01-09 00:55:00,L,0.00858,0.008911818338777949,0.008447272664488822,0.008911818338777949,2.5,2.429,tp,52
2023-01-09 01:00:00,2023-01-09 09:00:00,L,0.00892,0.008775,0.008623698687472451,0.009660753281318876,-0.489,-0.522,time,96
2023-01-09 10:35:00,2023-01-09 13:45:00,L,0.008905,0.008756608816200993,0.008756608816200993,0.009275977959497517,-1.0,-1.066,sl,38
2023-01-09 17:00:00,2023-01-09 18:35:00,L,0.00901,0.008855275677471786,0.008855275677471786,0.009396810806320537,-1.0,-1.064,sl,19
2023-01-10 00:55:00,2023-01-10 02:35:00,L,0.008785,0.008662421614229946,0.008662421614229946,0.009091445964425132,-1.0,-1.079,sl,20
2023-01-10 02:40:00,2023-01-10 08:55:00,S,0.008585,0.008839594137533867,0.008839594137533867,0.007948514656165334,-1.0,-1.037,sl,75
2023-01-10 09:00:00,2023-01-10 09:15:00,L,0.00884,0.009133940374206962,0.008722423850317216,0.009133940374206962,2.5,2.417,tp,3
2023-01-10 09:20:00,2023-01-10 17:20:00,L,0.009135,0.009145,0.008723391557311803,0.010164021106720496,0.024,-0.0,time,96
2023-01-11 02:55:00,2023-01-11 10:55:00,S,0.00906,0.008975,0.009188242585371723,0.008739393536570696,0.663,0.585,time,96
2023-01-11 12:20:00,2023-01-11 15:35:00,S,0.008895,0.00867649755819965,0.00898240097672014,0.00867649755819965,2.5,2.388,tp,39
2023-01-11 15:40:00,2023-01-11 19:10:00,S,0.008715,0.008899765363885339,0.008899765363885339,0.008253086590286654,-1.0,-1.052,sl,42
2023-01-11 19:15:00,2023-01-11 23:30:00,L,0.0089,0.009081737976635466,0.008827304809345814,0.009081737976635466,2.5,2.365,tp,51
2023-01-11 23:35:00,2023-01-12 02:00:00,L,0.00911,0.00953174872558534,0.008941300509765864,0.00953174872558534,2.5,2.441,tp,29
2023-01-12 02:05:00,2023-01-12 05:40:00,L,0.00944,0.009212496519774084,0.009212496519774084,0.010008758700564793,-1.0,-1.046,sl,43
2023-01-12 13:55:00,2023-01-12 21:55:00,L,0.00931,0.00943,0.008794367829720592,0.010599080425698522,0.233,0.213,time,96
2023-01-13 03:55:00,2023-01-13 10:20:00,L,0.009495,0.009789184179480541,0.009377326328207784,0.009789184179480541,2.5,2.411,tp,77
2023-01-13 10:25:00,2023-01-13 12:50:00,L,0.009845,0.009528598219313796,0.009528598219313796,0.01063600445171551,-1.0,-1.034,sl,29
2023-01-13 15:15:00,2023-01-13 21:50:00,L,0.00966,0.010032951073614065,0.009510819570554375,0.010032951073614065,2.5,2.429,tp,79
2023-01-13 21:55:00,2023-01-14 05:55:00,L,0.010095,0.01076,0.009696908320042476,0.01109022919989381,1.67,1.643,time,96
2023-01-14 06:00:00,2023-01-14 09:15:00,L,0.01076,0.010467462806465351,0.010467462806465351,0.011491342983836623,-1.0,-1.04,sl,39
2023-01-14 12:45:00,2023-01-14 14:40:00,L,0.01046,0.01020342233517981,0.01020342233517981,0.01110144416205048,-1.0,-1.045,sl,23
2023-01-15 05:55:00,2023-01-15 07:00:00,L,0.010225,0.010072076149748584,0.010072076149748584,0.010607309625628537,-1.0,-1.074,sl,13
2023-01-15 08:20:00,2023-01-15 09:05:00,S,0.01006,0.009836668426883126,0.010149332629246749,0.009836668426883126,2.5,2.376,tp,9
2023-01-15 09:10:00,2023-01-15 13:35:00,S,0.009835,0.010145958834767519,0.010145958834767519,0.009057602913081202,-1.0,-1.035,sl,53
2023-01-15 13:40:00,2023-01-15 21:40:00,L,0.010205,0.01026,0.009955682669292464,0.010828293326768842,0.221,0.176,time,96
2023-01-15 22:45:00,2023-01-16 06:45:00,L,0.01091,0.010785,0.010119169548647966,0.012887076128380082,-0.158,-0.173,time,96
2023-01-16 14:20:00,2023-01-16 17:50:00,S,0.010325,0.010445675532967172,0.010445675532967172,0.010023311167582073,-1.0,-1.094,sl,42
2023-01-16 18:40:00,2023-01-17 01:10:00,L,0.01047,0.010351849887115657,0.010351849887115657,0.01076537528221086,-1.0,-1.097,sl,78
2023-01-17 06:20:00,2023-01-17 08:55:00,S,0.010465,0.010552784006416677,0.010552784006416677,0.010245539983958309,-1.0,-1.131,sl,31
2023-01-17 09:10:00,2023-01-17 10:25:00,L,0.01057,0.010461168537813894,0.010461168537813894,0.010842078655465263,-1.0,-1.107,sl,15
2023-01-17 12:40:00,2023-01-17 20:40:00,L,0.010605,0.010655,0.010492090846597035,0.010887272883507413,0.443,0.34,time,96
2023-01-18 00:15:00,2023-01-18 01:00:00,L,0.010635,0.011109797873801272,0.010445080850479491,0.011109797873801272,2.5,2.438,tp,9
2023-01-18 01:05:00,2023-01-18 09:05:00,L,0.01132,0.012035,0.010501091865536204,0.01336727033615949,0.873,0.858,time,96
2023-01-18 11:40:00,2023-01-18 15:45:00,L,0.012445,0.011995853636616568,0.011995853636616568,0.01356786590845858,-1.0,-1.03,sl,49
2023-01-18 16:15:00,2023-01-19 00:15:00,S,0.0113,0.011045,0.012538859426913969,0.008202851432715076,0.206,0.196,time,96
2023-01-19 00:30:00,2023-01-19 03:10:00,S,0.010925,0.011281907024683908,0.011281907024683908,0.010032732438290231,-1.0,-1.034,sl,32
2023-01-19 07:35:00,2023-01-19 08:35:00,S,0.011065,0.011213518822239452,0.011213518822239452,0.010693702944401369,-1.0,-1.082,sl,12
2023-01-19 11:35:00,2023-01-19 14:25:00,S,0.01108,0.011224268208795189,0.011224268208795189,0.010719329478012027,-1.0,-1.084,sl,34
2023-01-19 14:45:00,2023-01-19 16:10:00,L,0.01122,0.011535285956170201,0.011093885617531921,0.011535285956170201,2.5,2.402,tp,17
2023-01-19 16:15:00,2023-01-20 00:15:00,L,0.011775,0.011505,0.01124412608757763,0.01310218478105593,-0.509,-0.533,time,96
2023-01-20 00:30:00,2023-01-20 04:50:00,L,0.01162,0.011398689598561187,0.011398689598561187,0.012173276003597033,-1.0,-1.058,sl,52
2023-01-20 09:50:00,2023-01-20 11:25:00,L,0.01146,0.011357642233741201,0.011357642233741201,0.011715894415646997,-1.0,-1.123,sl,19
2023-01-20 12:45:00,2023-01-20 14:30:00,L,0.01148,0.011367461579987193,0.011367461579987193,0.01176134605003202,-1.0,-1.112,sl,21
2023-01-20 16:45:00,2023-01-20 20:15:00,L,0.01164,0.01213835711078776,0.011440657155684895,0.01213835711078776,2.5,2.436,tp,42
2023-01-20 20:20:00,2023-01-21 04:20:00,L,0.012205,0.01215,0.011650996965219278,0.013590007586951808,-0.099,-0.124,time,96
2023-01-21 06:40:00,2023-01-21 10:25:00,L,0.012375,0.012088131145391784,0.012088131145391784,0.013092172136520542,-1.0,-1.047,sl,45
2023-01-21 16:55:00,2023-01-21 22:55:00,L,0.01226,0.012005203376628266,0.012005203376628266,0.012896991558429336,-1.0,-1.053,sl,72
2023-01-21 23:25:00,2023-01-22 07:25:00,S,0.011935,0.012075,0.01218733164031943,0.011304170899201422,-0.555,-0.607,time,96
2023-01-22 11:05:00,2023-01-22 12:05:00,L,0.012165,0.012052323956518632,0.012052323956518632,0.012446690108703421,-1.0,-1.119,sl,12
2023-01-22 13:50:00,2023-01-22 14:50:00,L,0.012205,0.01209671947617776,0.01209671947617776,0.012475701309555604,-1.0,-1.124,sl,12
2023-01-22 16:55:00,2023-01-22 20:05:00,L,0.012315,0.012027613061212094,0.012027613061212094,0.013033467346969764,-1.0,-1.047,sl,38
2023-01-22 20:10:00,2023-01-23 04:10:00,S,0.01206,0.012075,0.012288664525964142,0.011488338685089645,-0.066,-0.124,time,96
2023-01-23 10:55:00,2023-01-23 12:10:00,L,0.012155,0.012062062016870347,0.012062062016870347,0.012387344957824129,-1.0,-1.144,sl,15
2023-01-23 13:55:00,2023-01-23 14:50:00,S,0.01199,0.012151558302051979,0.012151558302051979,0.011586104244870055,-1.0,-1.082,sl,11
2023-01-23 15:00:00,2023-01-23 23:00:00,S,0.01189,0.01207,0.012170564309093457,0.011188589227266354,-0.642,-0.688,time,96
2023-01-24 00:00:00,2023-01-24 02:00:00,S,0.012005,0.012078003137519368,0.012078003137519368,0.01182249215620158,-1.0,-1.181,sl,24
2023-01-24 02:05:00,2023-01-24 10:05:00,L,0.01208,0.01204,0.011966604561355575,0.012363488596611063,-0.353,-0.47,time,96
2023-01-24 11:50:00,2023-01-24 12:30:00,S,0.01201,0.0120571306558877,0.0120571306558877,0.011892173360280752,-1.0,-1.28,sl,8
2023-01-24 13:40:00,2023-01-24 21:40:00,S,0.01194,0.011875,0.01205782602206516,0.011645434944837099,0.552,0.44,time,96
2023-01-24 21:50:00,2023-01-24 22:25:00,S,0.0118,0.011477517065511901,0.01192899317379524,0.011477517065511901,2.5,2.399,tp,7
2023-01-24 22:30:00,2023-01-25 06:30:00,S,0.01086,0.01137,0.011906976516393114,0.008242558709017215,-0.487,-0.499,time,96
2023-01-25 09:20:00,2023-01-25 13:05:00,S,0.01126,0.011419017756839775,0.011419017756839775,0.01086245560790056,-1.0,-1.078,sl,45
2023-01-25 14:30:00,2023-01-25 19:50:00,S,0.01118,0.011389374730052302,0.011389374730052302,0.010656563174869247,-1.0,-1.059,sl,64
2023-01-25 21:10:00,2023-01-25 21:50:00,L,0.011545,0.011808586570849088,0.011439565371660364,0.011808586570849088,2.5,2.38,tp,8
2023-01-25 21:55:00,2023-01-26 05:55:00,L,0.011845,0.01186,0.011342884931029076,0.013100287672427309,0.03,0.004,time,96
2023-01-26 09:35:00,2023-01-26 12:50:00,S,0.01156,0.011663205173280327,0.011663205173280327,0.011301987066799185,-1.0,-1.123,sl,39
2023-01-26 12:55:00,2023-01-26 13:30:00,L,0.01166,0.011552183792925228,0.011552183792925228,0.01192954051768693,-1.0,-1.119,sl,7
2023-01-26 13:40:00,2023-01-26 16:10:00,L,0.011655,0.011454683890298344,0.011454683890298344,0.012155790274254142,-1.0,-1.064,sl,30
2023-01-26 16:15:00,2023-01-27 00:15:00,S,0.01148,0.011575,0.011742876965295995,0.010822807586760014,-0.361,-0.409,time,96
2023-01-27 00:55:00,2023-01-27 08:55:00,S,0.011505,0.01151,0.011699653174148502,0.011018367064628744,-0.026,-0.091,time,96
2023-01-27 13:30:00,2023-01-27 13:30:00,S,0.011495,0.0115990576160784,0.0115990576160784,0.011234855959804002,-1.0,-1.122,sl,0
2023-01-27 17:10:00,2023-01-27 20:05:00,L,0.01165,0.011858142700407689,0.011566742919836925,0.011858142700407689,2.5,2.346,tp,35
2023-01-27 20:10:00,2023-01-27 20:55:00,L,0.01184,0.011706871546009093,0.011706871546009093,0.012172821134977268,-1.0,-1.098,sl,9
2023-01-28 00:45:00,2023-01-28 05:10:00,L,0.011835,0.012168383541475536,0.011701646583409785,0.012168383541475536,2.5,2.402,tp,53
2023-01-28 05:15:00,2023-01-28 12:15:00,L,0.01209,0.011797380270703657,0.011797380270703657,0.012821549323240857,-1.0,-1.045,sl,84
2023-01-28 16:15:00,2023-01-28 18:30:00,L,0.0119,0.011797478834711498,0.011797478834711498,0.012156302913221258,-1.0,-1.128,sl,27
2023-01-28 20:35:00,2023-01-29 00:30:00,S,0.01177,0.011846740559266907,0.011846740559266907,0.01157814860183273,-1.0,-1.169,sl,47
2023-01-29 00:50:00,2023-01-29 08:50:00,L,0.01192,0.0119,0.011731247047998116,0.01239188238000471,-0.106,-0.175,time,96
2023-01-29 09:40:00,2023-01-29 17:40:00,L,0.011955,0.012015,0.011882897482897163,0.012135256292757093,0.832,0.65,time,96
2023-01-29 19:00:00,2023-01-29 20:50:00,L,0.01209,0.01201238416535122,0.01201238416535122,0.01228403958662195,-1.0,-1.171,sl,22
2023-01-30 04:40:00,2023-01-30 07:15:00,L,0.01208,0.01197826560444066,0.01197826560444066,0.01233433598889835,-1.0,-1.131,sl,31
2023-01-30 08:30:00,2023-01-30 09:05:00,S,0.011905,0.011648309586734767,0.012007676165306094,0.011648309586734767,2.5,2.372,tp,7
2023-01-30 09:10:00,2023-01-30 17:10:00,S,0.01161,0.011705,0.012011605819305948,0.010605985451735134,-0.237,-0.268,time,96
2023-01-30 18:05:00,2023-01-31 02:05:00,S,0.01162,0.01179,0.011941789727470299,0.010815525681324253,-0.528,-0.568,time,96
2023-01-31 02:15:00,2023-01-31 10:15:00,L,0.011975,0.01172,0.01155153748535392,0.013033656286615196,-0.602,-0.633,time,96
2023-01-31 11:00:00,2023-01-31 13:35:00,S,0.01167,0.011788506013879268,0.011788506013879268,0.011373734965301828,-1.0,-1.108,sl,31
2023-01-31 16:45:00,2023-01-31 20:30:00,L,0.0119,0.011790789175451104,0.011790789175451104,0.012173027061372242,-1.0,-1.12,sl,45
2023-01-31 21:20:00,2023-02-01 05:20:00,S,0.01169,0.01173,0.011881254689939003,0.011211863275152497,-0.209,-0.276,time,96
2023-02-01 05:25:00,2023-02-01 06:55:00,S,0.01173,0.011613345193291838,0.011776661922683266,0.011613345193291838,2.5,2.223,tp,18
2023-02-01 07:00:00,2023-02-01 15:00:00,S,0.01161,0.01156,0.011737674568032055,0.011290813579919862,0.392,0.292,time,96
2023-02-01 15:20:00,2023-02-01 19:00:00,S,0.01156,0.011673583454200588,0.011673583454200588,0.011276041364498533,-1.0,-1.112,sl,44
2023-02-01 19:05:00,2023-02-02 00:35:00,L,0.011525,0.012121774102565408,0.011286290358973838,0.012121774102565408,2.5,2.447,tp,66
2023-02-02 00:40:00,2023-02-02 08:40:00,L,0.01209,0.012025,0.011919516436520474,0.012516208908698815,-0.381,-0.459,time,96
2023-02-02 14:25:00,2023-02-02 16:10:00,L,0.01213,0.012651946427424914,0.011921221429030035,0.012651946427424914,2.5,2.436,tp,21
2023-02-02 16:15:00,2023-02-02 22:00:00,L,0.012805,0.011949609720452697,0.011949609720452697,0.014943475698868258,-1.0,-1.016,sl,69
2023-02-03 04:25:00,2023-02-03 09:25:00,L,0.012345,0.012754059172445525,0.01218137633102179,0.012754059172445525,2.5,2.417,tp,60
2023-02-03 09:30:00,2023-02-03 13:30:00,L,0.01262,0.012327983263688702,0.012327983263688702,0.013350041840778242,-1.0,-1.048,sl,48
2023-02-03 23:00:00,2023-02-04 00:15:00,L,0.012645,0.01301568183298729,0.012496727266805084,0.01301568183298729,2.5,2.406,tp,15
2023-02-04 00:20:00,2023-02-04 00:35:00,L,0.012975,0.013965833676460537,0.012578666529415786,0.013965833676460537,2.5,2.464,tp,3
2023-02-04 00:40:00,2023-02-04 08:40:00,L,0.01397,0.014155,0.012634271797464578,0.017309320506338554,0.139,0.127,time,96
2023-02-04 10:55:00,2023-02-04 12:40:00,L,0.01426,0.013981762293746822,0.013981762293746822,0.014955594265632945,-1.0,-1.056,sl,21
2023-02-04 13:50:00,2023-02-04 17:05:00,L,0.014315,0.015187132687834864,0.013966146924866054,0.015187132687834864,2.5,2.455,tp,39
2023-02-04 17:10:00,2023-02-05 01:10:00,L,0.015195,0.01446,0.014140755537520188,0.017830611156199532,-0.697,-0.713,time,96
2023-02-05 03:50:00,2023-02-05 11:50:00,L,0.014755,0.015035,0.014431696975926252,0.015563257560184372,0.866,0.816,time,96
2023-02-05 21:15:00,2023-02-05 22:25:00,S,0.014075,0.014424967373666681,0.014424967373666681,0.0132000815658333,-1.0,-1.044,sl,14
2023-02-05 22:40:00,2023-02-06 01:05:00,L,0.01446,0.014131036854203215,0.014131036854203215,0.015282407864491965,-1.0,-1.048,sl,29
2023-02-06 01:10:00,2023-02-06 03:35:00,S,0.014135,0.01441208266871834,0.01441208266871834,0.013442293328204149,-1.0,-1.056,sl,29
2023-02-06 03:45:00,2023-02-06 11:45:00,L,0.014395,0.014745,0.014025655728187363,0.015318360679531594,0.948,0.905,time,96
2023-02-06 11:50:00,2023-02-06 15:15:00,L,0.014745,0.014335597909229851,0.014335597909229851,0.01576850522692537,-1.0,-1.04,sl,41
2023-02-06 23:10:00,2023-02-07 07:10:00,S,0.01413,0.0141,0.014543837617876332,0.01309540595530917,0.072,0.035,time,96
2023-02-07 07:40:00,2023-02-07 10:00:00,S,0.01401,0.014145267669313262,0.014145267669313262,0.013671830826716844,-1.0,-1.114,sl,28
2023-02-07 15:15:00,2023-02-07 17:20:00,S,0.01404,0.013828040393707287,0.014124783842517086,0.013828040393707287,2.5,2.318,tp,25
2023-02-07 17:55:00,2023-02-08 01:55:00,L,0.01419,0.01438,0.013811449562578975,0.015136376093552562,0.502,0.461,time,96
2023-02-08 05:30:00,2023-02-08 13:30:00,S,0.01421,0.014215,0.014373660017552553,0.013800849956118619,-0.031,-0.126,time,96
2023-02-08 14:35:00,2023-02-08 15:10:00,S,0.014145,0.01392123440151564,0.014234506239393744,0.01392123440151564,2.5,2.326,tp,7
2023-02-08 15:15:00,2023-02-08 23:15:00,S,0.01392,0.013605,0.014207411438912911,0.013201471402717723,1.096,1.043,time,96
2023-02-09 02:10:00,2023-02-09 03:05:00,S,0.01355,0.013000403791578855,0.013769838483368458,0.013000403791578855,2.5,2.432,tp,11
2023-02-09 03:10:00,2023-02-09 11:10:00,S,0.01305,0.013225,0.01362596225444542,0.011610094363886454,-0.304,-0.329,time,96
2023-02-09 11:15:00,2023-02-09 13:30:00,S,0.013225,0.013363355973978206,0.013363355973978206,0.012879110065054489,-1.0,-1.105,sl,27
2023-02-09 15:40:00,2023-02-09 19:20:00,S,0.01319,0.0125639681883408,0.01344041272466368,0.0125639681883408,2.5,2.442,tp,44
2023-02-09 19:25:00,2023-02-10 03:25:00,S,0.012505,0.012435,0.01297609178361956,0.0113272705409511,0.149,0.119,time,96
2023-02-10 04:15:00,2023-02-10 12:15:00,S,0.012305,0.01223,0.012480664982375045,0.011865837544062388,0.427,0.35,time,96
2023-02-10 12:40:00,2023-02-10 13:15:00,S,0.012185,0.012279167625694889,0.012279167625694889,0.011949580935762778,-1.0,-1.142,sl,7
2023-02-10 16:50:00,2023-02-10 18:40:00,S,0.01225,0.01241679547200402,0.01241679547200402,0.01183301131998995,-1.0,-1.081,sl,22
2023-02-10 19:40:00,2023-02-10 19:55:00,L,0.01249,0.012926688861670964,0.012315324455331613,0.012926688861670964,2.5,2.421,tp,3
2023-02-10 20:00:00,2023-02-11 04:00:00,L,0.012925,0.012765,0.012308807442345209,0.01446548139413698,-0.26,-0.283,time,96
2023-02-11 05:05:00,2023-02-11 12:20:00,S,0.0126,0.012855533701974817,0.012855533701974817,0.011961165745062957,-1.0,-1.054,sl,87
2023-02-11 15:55:00,2023-02-11 16:40:00,L,0.012805,0.012669621679386898,0.012669621679386898,0.013143445801532757,-1.0,-1.104,sl,9
2023-02-11 16:50:00,2023-02-11 22:30:00,S,0.012695,0.012870873931959882,0.012870873931959882,0.012255315170100294,-1.0,-1.079,sl,68
2023-02-11 22:35:00,2023-02-12 06:35:00,L,0.01288,0.01285,0.01262425041058119,0.013519373973547025,-0.117,-0.173,time,96
2023-02-12 09:30:00,2023-02-12 17:30:00,L,0.0131,0.013365,0.012762671894583511,0.013943320263541224,0.786,0.743,time,96
2023-02-12 21:30:00,2023-02-13 05:30:00,S,0.01309,0.012875,0.013386192016408106,0.012349519958979732,0.726,0.677,time,96
2023-02-13 06:20:00,2023-02-13 08:00:00,L,0.01297,0.01285176091931495,0.01285176091931495,0.013265597701712626,-1.0,-1.121,sl,20
2023-02-13 08:05:00,2023-02-13 09:15:00,S,0.012805,0.012293401254236124,0.013009639498305551,0.012293401254236124,2.5,2.431,tp,14
2023-02-13 09:20:00,2023-02-13 17:20:00,S,0.012225,0.01201,0.012852258557539176,0.010656853606152058,0.343,0.321,time,96
2023-02-13 17:25:00,2023-02-13 20:10:00,S,0.01201,0.012343504843383661,0.012343504843383661,0.011176237891540847,-1.0,-1.04,sl,33
2023-02-14 08:35:00,2023-02-14 09:50:00,S,0.01227,0.012423074716316845,0.012423074716316845,0.011887313209207885,-1.0,-1.088,sl,15
2023-02-14 13:25:00,2023-02-14 13:25:00,S,0.01238,0.012464423761473843,0.012464423761473843,0.012168940596315394,-1.0,-1.161,sl,0
2023-02-14 13:35:00,2023-02-14 14:50:00,S,0.01232,0.01247395384750702,0.01247395384750702,0.011935115381232446,-1.0,-1.088,sl,15
2023-02-14 14:55:00,2023-02-14 22:55:00,L,0.01248,0.01265,0.012105550419266344,0.013416123951834141,0.454,0.417,time,96
2023-02-14 23:45:00,2023-02-15 01:15:00,L,0.012765,0.012622443675052665,0.012622443675052665,0.013121390812368338,-1.0,-1.098,sl,18
2023-02-15 03:20:00,2023-02-15 11:20:00,L,0.012785,0.013015,0.012514959157660151,0.013460102105849619,0.852,0.8,time,96
2023-02-15 11:45:00,2023-02-15 13:25:00,L,0.01304,0.01323870870561734,0.012960516517753063,0.01323870870561734,2.5,2.32,tp,20
2023-02-15 13:30:00,2023-02-15 21:30:00,L,0.01339,0.01372,0.013041998583938324,0.014260003540154192,0.948,0.906,time,96
2023-02-16 00:05:00,2023-02-16 00:30:00,L,0.01374,0.013623295036084015,0.013623295036084015,0.014031762409789966,-1.0,-1.13,sl,5
2023-02-16 06:35:00,2023-02-16 07:05:00,L,0.01387,0.013731772792640762,0.013731772792640762,0.014215568018398097,-1.0,-1.11,sl,6
2023-02-16 16:00:00,2023-02-16 20:15:00,L,0.01374,0.013321957719664228,0.013321957719664228,0.014785105700839431,-1.0,-1.036,sl,51
2023-02-16 20:20:00,2023-02-17 04:20:00,S,0.013325,0.01312,0.013645773540261771,0.012523066149345573,0.639,0.593,time,96
2023-02-17 13:05:00,2023-02-17 14:35:00,S,0.01304,0.013193493393761972,0.013193493393761972,0.01265626651559507,-1.0,-1.093,sl,18
2023-02-17 15:00:00,2023-02-17 17:45:00,S,0.013035,0.013232283053482202,0.013232283053482202,0.012541792366294494,-1.0,-1.073,sl,33
2023-02-17 19:45:00,2023-02-17 22:00:00,L,0.01326,0.013146364593939608,0.013146364593939608,0.013544088515150977,-1.0,-1.128,sl,27
2023-02-18 01:45:00,2023-02-18 06:55:00,L,0.013335,0.013271174527100861,0.013271174527100861,0.013494563682247846,-1.0,-1.23,sl,62
2023-02-18 07:05:00,2023-02-18 15:05:00,S,0.013185,0.01315,0.013343829202719315,0.012787926993201713,0.22,0.129,time,96
2023-02-18 16:25:00,2023-02-18 19:40:00,L,0.01322,0.013136834108655121,0.013136834108655121,0.0134279147283622,-1.0,-1.175,sl,39
2023-02-18 19:45:00,2023-02-18 23:25:00,S,0.013105,0.013228071860816563,0.013228071860816563,0.012797320347958593,-1.0,-1.117,sl,44
2023-02-18 23:30:00,2023-02-19 01:15:00,L,0.01324,0.013142278243190322,0.013142278243190322,0.013484304392024193,-1.0,-1.149,sl,21
2023-02-19 01:25:00,2023-02-19 03:05:00,S,0.01313,0.013268176360737887,0.013268176360737887,0.01278455909815528,-1.0,-1.105,sl,20
2023-02-19 03:10:00,2023-02-19 11:10:00,L,0.013245,0.013195,0.013122169855895717,0.013552075360260707,-0.407,-0.526,time,96
2023-02-19 11:20:00,2023-02-19 14:15:00,L,0.01323,0.013485453359384274,0.013127818656246291,0.013485453359384274,2.5,2.358,tp,35
2023-02-19 14:20:00,2023-02-19 20:00:00,L,0.01352,0.013253907921112215,0.013253907921112215,0.014185230197219467,-1.0,-1.056,sl,68
2023-02-20 00:20:00,2023-02-20 01:05:00,L,0.01354,0.013299065859913353,0.013299065859913353,0.014142335350216619,-1.0,-1.062,sl,9
2023-02-20 01:10:00,2023-02-20 08:00:00,S,0.013275,0.013561059456998597,0.013561059456998597,0.012559851357503508,-1.0,-1.051,sl,82
2023-02-20 08:20:00,2023-02-20 09:15:00,L,0.013675,0.01345129042910227,0.01345129042910227,0.014234273927244322,-1.0,-1.067,sl,11
2023-02-20 20:50:00,2023-02-20 23:30:00,S,0.01337,0.013488563910382457,0.013488563910382457,0.013073590224043856,-1.0,-1.124,sl,32
2023-02-21 03:10:00,2023-02-21 04:35:00,L,0.013625,0.013444771519439626,0.013444771519439626,0.014075571201400934,-1.0,-1.083,sl,17
2023-02-21 08:50:00,2023-02-21 16:50:00,S,0.01322,0.01307,0.0136329742705044,0.012187564323739006,0.363,0.328,time,96
2023-02-21 20:45:00,2023-02-21 21:25:00,S,0.01311,0.012888963139869569,0.013198414744052173,0.012888963139869569,2.5,2.337,tp,8
2023-02-21 21:30:00,2023-02-22 05:30:00,S,0.012905,0.01279,0.013172145817528524,0.01223713545617869,0.43,0.377,time,96
2023-02-22 06:35:00,2023-02-22 08:30:00,S,0.01282,0.012634834961766483,0.012894066015293406,0.012634834961766483,2.5,2.31,tp,23
2023-02-22 08:35:00,2023-02-22 09:40:00,S,0.012635,0.012835440499137096,0.012835440499137096,0.01213389875215726,-1.0,-1.069,sl,13
2023-02-22 13:15:00,2023-02-22 21:15:00,S,0.01281,0.01279,0.012953884487225927,0.012450288781935184,0.139,0.041,time,96
2023-02-22 23:05:00,2023-02-23 00:40:00,L,0.012975,0.01335599314142193,0.012822602743431229,0.01335599314142193,2.5,2.406,tp,19
2023-02-23 00:45:00,2023-02-23 08:45:00,L,0.013275,0.013365,0.013025554442237136,0.013898613894407162,0.361,0.302,time,96
2023-02-23 11:25:00,2023-02-23 19:25:00,S,0.0132,0.013155,0.013349268110402589,0.012826829723993526,0.301,0.204,time,96
2023-02-23 20:35:00,2023-02-23 21:55:00,L,0.013205,0.013111546569520793,0.013111546569520793,0.013438633576198015,-1.0,-1.155,sl,16
2023-02-23 22:15:00,2023-02-24 01:05:00,S,0.013025,0.013188178454615165,0.013188178454615165,0.012617053863462088,-1.0,-1.088,sl,34
2023-02-24 05:15:00,2023-02-24 06:20:00,S,0.01302,0.013107082789282732,0.013107082789282732,0.012802293026793171,-1.0,-1.164,sl,13
2023-02-24 06:25:00,2023-02-24 13:50:00,L,0.0131,0.01299726376578025,0.01299726376578025,0.013356840585549376,-1.0,-1.14,sl,89
2023-02-24 14:10:00,2023-02-24 16:05:00,S,0.012936,0.012401617627445786,0.013149752949021685,0.012401617627445786,2.5,2.433,tp,23
2023-02-24 16:10:00,2023-02-25 00:10:00,S,0.012539,0.012563,0.012975151326824485,0.011448621682938788,-0.055,-0.087,time,96
2023-02-25 02:40:00,2023-02-25 08:25:00,S,0.012491,0.01263506219746703,0.01263506219746703,0.012130844506332427,-1.0,-1.095,sl,69
2023-02-25 09:50:00,2023-02-25 12:20:00,S,0.012524,0.012284111570209403,0.01261995537191624,0.012284111570209403,2.5,2.356,tp,30
2023-02-25 12:25:00,2023-02-25 13:30:00,S,0.012277,0.012444373559575062,0.012444373559575062,0.011858566101062345,-1.0,-1.081,sl,13
2023-02-25 18:55:00,2023-02-25 22:30:00,S,0.01216,0.01240969448160032,0.01240969448160032,0.011535763795999205,-1.0,-1.054,sl,43
2023-02-26 06:15:00,2023-02-26 09:45:00,S,0.01241,0.01248586691851458,0.01248586691851458,0.012220332703713546,-1.0,-1.18,sl,42
2023-02-26 17:10:00,2023-02-26 18:40:00,S,0.012411,0.01249662376725139,0.01249662376725139,0.012196940581871527,-1.0,-1.159,sl,18
2023-02-26 18:45:00,2023-02-26 20:35:00,L,0.012553,0.01298958803923195,0.01237836478430722,0.01298958803923195,2.5,2.421,tp,22
2023-02-26 20:40:00,2023-02-27 04:40:00,L,0.013185,0.012745,0.012637003920781759,0.014554990198045605,-0.803,-0.829,time,96
2023-02-27 08:25:00,2023-02-27 13:30:00,S,0.012608,0.012744622615470056,0.012744622615470056,0.012266443461324859,-1.0,-1.102,sl,61
2023-02-27 13:40:00,2023-02-27 16:10:00,L,0.012767,0.012555847884430222,0.012555847884430222,0.013294880288924447,-1.0,-1.067,sl,30
2023-02-27 16:15:00,2023-02-28 00:15:00,S,0.012555,0.012507,0.012846295047713124,0.011826762380717191,0.165,0.117,time,96
2023-02-28 07:10:00,2023-02-28 08:00:00,S,0.012454,0.012313680361385259,0.012510127855445896,0.012313680361385259,2.5,2.256,tp,10
2023-02-28 08:05:00,2023-02-28 16:05:00,S,0.012323,0.012434,0.0124826144762571,0.011923963809357254,-0.695,-0.78,time,96
2023-02-28 19:30:00,2023-03-01 03:30:00,S,0.012234,0.012242,0.012429943125998577,0.011744142185003558,-0.041,-0.11,time,96
2023-03-01 08:55:00,2023-03-01 13:30:00,L,0.012408,0.012297631130562708,0.012297631130562708,0.012683922173593232,-1.0,-1.124,sl,55
2023-03-01 13:35:00,2023-03-01 21:35:00,S,0.012283,0.012274,0.012417441969855234,0.011946895075361917,0.067,-0.034,time,96
2023-03-02 01:05:00,2023-03-02 06:10:00,S,0.012172,0.01183313620097454,0.012307545519610184,0.01183313620097454,2.5,2.401,tp,61
2023-03-02 06:15:00,2023-03-02 14:15:00,S,0.011883,0.011831,0.01206890378701205,0.011418240532469873,0.28,0.209,time,96
2023-03-02 14:20:00,2023-03-02 19:00:00,S,0.011831,0.012028734586622484,0.012028734586622484,0.011336663533443788,-1.0,-1.066,sl,56
2023-03-02 19:05:00,2023-03-03 01:15:00,L,0.012018,0.011823479818258913,0.011823479818258913,0.012504300454352715,-1.0,-1.068,sl,74
2023-03-03 01:20:00,2023-03-03 01:25:00,S,0.011845,0.011342305202765916,0.012046077918893634,0.011342305202765916,2.5,2.435,tp,1
2023-03-03 01:30:00,2023-03-03 09:30:00,S,0.011392,0.011391,0.01204442919241344,0.009760927018966397,0.002,-0.018,time,96
2023-03-03 11:25:00,2023-03-03 14:00:00,S,0.011333,0.011386391031329685,0.011386391031329685,0.011199522421675786,-1.0,-1.233,sl,31
2023-03-03 18:40:00,2023-03-03 22:50:00,S,0.011246,0.011332168491653461,0.011332168491653461,0.01103057877086635,-1.0,-1.144,sl,50
2023-03-04 03:55:00,2023-03-04 10:40:00,S,0.011369,0.01122859649960629,0.011425161400157485,0.01122859649960629,2.5,2.277,tp,81
2023-03-04 10:45:00,2023-03-04 12:55:00,S,0.011236,0.011323967432133023,0.011323967432133023,0.01101608141966744,-1.0,-1.141,sl,26
2023-03-04 18:20:00,2023-03-04 19:45:00,S,0.011235,0.011037438859446306,0.011314024456221478,0.011037438859446306,2.5,2.344,tp,17
2023-03-04 19:50:00,2023-03-05 01:15:00,S,0.011042,0.011262350586274845,0.011262350586274845,0.010491123534312885,-1.0,-1.055,sl,65
2023-03-05 02:40:00,2023-03-05 10:40:00,S,0.011027,0.011204,0.011294457777531467,0.010358355556171334,-0.662,-0.707,time,96
2023-03-05 17:50:00,2023-03-05 20:15:00,S,0.011153,0.011199333408886653,0.011199333408886653,0.011037166477783368,-1.0,-1.265,sl,29
2023-03-05 21:45:00,2023-03-06 02:00:00,S,0.011143,0.010878757701599639,0.011248696919360144,0.010878757701599639,2.5,2.384,tp,51
2023-03-06 02:05:00,2023-03-06 10:05:00,S,0.010892,0.011007,0.011106537699563166,0.010355655751092088,-0.536,-0.592,time,96
2023-03-06 15:10:00,2023-03-06 23:10:00,L,0.011097,0.011174,0.011026513456381821,0.011273216359045445,1.092,0.919,time,96
2023-03-06 23:15:00,2023-03-06 23:45:00,L,0.011174,0.011140601676737354,0.011140601676737354,0.011257495808156616,-1.0,-1.368,sl,6
2023-03-07 00:35:00,2023-03-07 07:55:00,L,0.011195,0.011113162889689832,0.011113162889689832,0.011399592775775421,-1.0,-1.15,sl,88
2023-03-07 08:00:00,2023-03-07 10:55:00,S,0.011116,0.01095957362589355,0.011178570549642578,0.01095957362589355,2.5,2.305,tp,35
2023-03-07 11:00:00,2023-03-07 15:00:00,S,0.01098,0.010685536196312368,0.011097785521475053,0.010685536196312368,2.5,2.397,tp,48
2023-03-07 15:05:00,2023-03-07 23:05:00,S,0.010767,0.010931,0.010951418499400284,0.010305953751499291,-0.889,-0.954,time,96
2023-03-07 23:10:00,2023-03-08 07:10:00,L,0.010931,0.010808,0.010702613660013661,0.011501965849965845,-0.539,-0.591,time,96
2023-03-08 11:05:00,2023-03-08 11:05:00,L,0.010966,0.011189016704728341,0.010876793318108664,0.011189016704728341,2.5,2.365,tp,0
2023-03-08 11:10:00,2023-03-08 19:10:00,L,0.011232,0.011255,0.010873514209027508,0.012128214477431232,0.064,0.03,time,96
2023-03-08 21:50:00,2023-03-09 05:50:00,S,0.01103,0.01108,0.011325436187738491,0.010291409530653772,-0.169,-0.21,time,96
2023-03-09 07:25:00,2023-03-09 15:25:00,S,0.010987,0.010942,0.011137259090912295,0.010611352272719263,0.299,0.219,time,96
2023-03-09 16:45:00,2023-03-09 19:05:00,S,0.010842,0.010523107660123262,0.010969556935950694,0.010523107660123262,2.5,2.407,tp,28
2023-03-09 19:10:00,2023-03-09 20:55:00,S,0.010585,0.00993537309813475,0.010844850760746101,0.00993537309813475,2.5,2.455,tp,21
2023-03-09 21:00:00,2023-03-10 05:00:00,S,0.009882,0.010032,0.01058851752643491,0.008115706183912726,-0.212,-0.228,time,96
2023-03-10 05:15:00,2023-03-10 10:25:00,S,0.010012,0.009771843113265323,0.010108062754693871,0.009771843113265323,2.5,2.385,tp,62
2023-03-10 10:30:00,2023-03-10 13:30:00,S,0.009756,0.010044920189564634,0.010044920189564634,0.009033699526088419,-1.0,-1.037,sl,36
2023-03-10 21:40:00,2023-03-10 22:05:00,S,0.010118,0.010252401530192797,0.010252401530192797,0.009781996174518009,-1.0,-1.083,sl,5
2023-03-11 01:15:00,2023-03-11 03:05:00,L,0.01041,0.010289899481613584,0.010289899481613584,0.010710251295966044,-1.0,-1.095,sl,22
2023-03-11 04:10:00,2023-03-11 07:40:00,S,0.010223,0.00997023340583994,0.010324106637664024,0.00997023340583994,2.5,2.389,tp,42
2023-03-11 07:45:00,2023-03-11 15:45:00,S,0.009971,0.00993,0.010293675118883476,0.009164312202791312,0.127,0.093,time,96
2023-03-11 15:50:00,2023-03-11 16:20:00,S,0.00993,0.010056992097318156,0.010056992097318156,0.009612519756704609,-1.0,-1.086,sl,6
2023-03-11 23:55:00,2023-03-12 02:25:00,L,0.010298,0.010171200378465318,0.010171200378465318,0.010614999053836704,-1.0,-1.089,sl,30
2023-03-12 04:35:00,2023-03-12 05:00:00,S,0.010175,0.010205508089862255,0.010205508089862255,0.010098729775344362,-1.0,-1.367,sl,5
2023-03-12 14:05:00,2023-03-12 17:25:00,S,0.010071,0.010171203425337607,0.010171203425337607,0.009820491436655983,-1.0,-1.111,sl,40
2023-03-12 17:30:00,2023-03-12 22:15:00,L,0.010185,0.010635996548424726,0.01000460138063011,0.010635996548424726,2.5,2.438,tp,57
2023-03-12 22:20:00,2023-03-13 06:20:00,L,0.010617,0.010796,0.010396807617794738,0.011167480955513153,0.813,0.76,time,96
2023-03-13 13:20:00,2023-03-13 21:20:00,L,0.010647,0.011061,0.010409937864554974,0.011239655338612566,1.746,1.697,time,96
2023-03-14 11:20:00,2023-03-14 12:30:00,L,0.010982,0.010914847542190298,0.010914847542190298,0.011149881144524258,-1.0,-1.18,sl,14
2023-03-14 12:35:00,2023-03-14 20:35:00,L,0.011199,0.011115,0.010915821727360149,0.01190694568159963,-0.297,-0.34,time,96
2023-03-14 23:35:00,2023-03-15 00:30:00,L,0.011273,0.011124398860291483,0.011124398860291483,0.011644502849271293,-1.0,-1.083,sl,11
2023-03-15 01:20:00,2023-03-15 09:20:00,L,0.011325,0.01121,0.011093531133767993,0.011903672165580016,-0.497,-0.551,time,96
2023-03-15 10:20:00,2023-03-15 14:40:00,S,0.011076,0.010633836262846006,0.011252865494861599,0.010633836262846006,2.5,2.431,tp,52
2023-03-15 14:45:00,2023-03-15 22:45:00,S,0.010669,0.010358,0.011017866954264047,0.00979683261433988,0.891,0.858,time,96
2023-03-16 04:40:00,2023-03-16 06:00:00,S,0.010235,0.010389056721768803,0.010389056721768803,0.009849858195577989,-1.0,-1.073,sl,16
2023-03-16 09:25:00,2023-03-16 09:40:00,S,0.0103,0.010443477277643557,0.010443477277643557,0.009941306805891108,-1.0,-1.079,sl,3
2023-03-16 13:20:00,2023-03-16 14:40:00,S,0.01026,0.010468063257254365,0.010468063257254365,0.009739841856864087,-1.0,-1.054,sl,16
2023-03-16 20:50:00,2023-03-16 23:40:00,S,0.010406,0.010562088687964672,0.010562088687964672,0.01001577828008832,-1.0,-1.073,sl,34
2023-03-17 01:40:00,2023-03-17 09:40:00,L,0.010605,0.010752,0.010411773673581735,0.011088065816045663,0.761,0.7,time,96
2023-03-17 10:20:00,2023-03-17 14:25:00,L,0.010823,0.010713513055237382,0.010713513055237382,0.011096717361906544,-1.0,-1.109,sl,49
2023-03-17 14:30:00,2023-03-17 21:40:00,S,0.010668,0.010915111916496488,0.010915111916496488,0.010050220208758781,-1.0,-1.047,sl,86
2023-03-17 21:45:00,2023-03-18 05:45:00,L,0.010941,0.011254,0.010720621396389542,0.011491946509026142,1.42,1.366,time,96
2023-03-18 12:00:00,2023-03-18 12:15:00,L,0.011292,0.011174185663040943,0.011174185663040943,0.011586535842397643,-1.0,-1.105,sl,3
2023-03-18 12:40:00,2023-03-18 15:00:00,L,0.011298,0.01114060401518112,0.01114060401518112,0.011691489962047202,-1.0,-1.079,sl,28
2023-03-18 15:05:00,2023-03-18 16:30:00,S,0.011114,0.010703618196563944,0.011278152721374423,0.010703618196563944,2.5,2.426,tp,17
2023-03-18 22:00:00,2023-03-19 06:00:00,S,0.010902,0.010881,0.011051332054678047,0.010528669863304883,0.141,0.06,time,96
2023-03-19 06:25:00,2023-03-19 07:05:00,S,0.010867,0.010703112989904427,0.010932554804038229,0.010703112989904427,2.5,2.318,tp,8
2023-03-19 07:10:00,2023-03-19 09:40:00,S,0.010708,0.01089656999800997,0.01089656999800997,0.010236575004975077,-1.0,-1.062,sl,30
2023-03-19 16:00:00,2023-03-19 20:35:00,L,0.011001,0.010894607351985565,0.010894607351985565,0.01126698162003609,-1.0,-1.114,sl,55
2023-03-19 20:40:00,2023-03-20 04:40:00,S,0.010897,0.010637,0.01116173172538284,0.0102351706865429,0.982,0.937,time,96
2023-03-20 10:25:00,2023-03-20 18:25:00,S,0.01065,0.010486,0.010826942625272316,0.01020764343681921,0.927,0.861,time,96
2023-03-20 19:25:00,2023-03-21 00:45:00,S,0.010369,0.010589069881203467,0.010589069881203467,0.00981882529699133,-1.0,-1.052,sl,64
2023-03-21 05:45:00,2023-03-21 11:40:00,S,0.010471,0.010595804606525832,0.010595804606525832,0.010158988483685419,-1.0,-1.092,sl,71
2023-03-21 12:20:00,2023-03-21 12:40:00,L,0.010573,0.010688879791709653,0.01052664808331614,0.010688879791709653,2.5,2.249,tp,4
2023-03-21 12:45:00,2023-03-21 14:00:00,L,0.010678,0.01103052813568204,0.010536988745727184,0.01103052813568204,2.5,2.417,tp,15
2023-03-21 14:05:00,2023-03-21 18:20:00,L,0.010924,0.010761423940299499,0.010761423940299499,0.011330440149251251,-1.0,-1.074,sl,51
2023-03-21 20:50:00,2023-03-21 21:35:00,L,0.010923,0.010848084860578075,0.010848084860578075,0.011110287848554813,-1.0,-1.16,sl,9
2023-03-22 02:00:00,2023-03-22 09:00:00,L,0.011025,0.010776342630450115,0.010776342630450115,0.011646643423874711,-1.0,-1.049,sl,84
2023-03-22 13:20:00,2023-03-22 17:10:00,L,0.010904,0.010798606708466737,0.010798606708466737,0.01116748322883316,-1.0,-1.114,sl,46
2023-03-22 18:40:00,2023-03-23 02:40:00,S,0.010744,0.010608,0.011044531542122744,0.009992671144693141,0.453,0.413,time,96
2023-03-23 09:25:00,2023-03-23 09:55:00,L,0.0107,0.01081843952523024,0.010652624189907903,0.01081843952523024,2.5,2.252,tp,6
2023-03-23 10:00:00,2023-03-23 13:15:00,L,0.010816,0.01065157383731415,0.01065157383731415,0.011227065406714623,-1.0,-1.072,sl,39
2023-03-23 13:30:00,2023-03-23 14:55:00,S,0.010625,0.010758391829217572,0.010758391829217572,0.010291520426956073,-1.0,-1.088,sl,17
2023-03-23 15:00:00,2023-03-23 23:00:00,L,0.010806,0.010814,0.010606606863771448,0.01130448284057138,0.04,-0.019,time,96
2023-03-24 04:05:00,2023-03-24 04:55:00,S,0.010798,0.010735973762500007,0.010822810494999998,0.010735973762500007,2.5,2.021,tp,10
2023-03-24 05:00:00,2023-03-24 05:15:00,S,0.010748,0.010804737462454975,0.010804737462454975,0.010606156343862564,-1.0,-1.208,sl,3
2023-03-24 08:35:00,2023-03-24 11:45:00,S,0.010705,0.01043770670445495,0.010811917318218019,0.01043770670445495,2.5,2.39,tp,38
2023-03-24 11:50:00,2023-03-24 14:30:00,S,0.010466,0.010654564405703032,0.010654564405703032,0.009994588985742419,-1.0,-1.061,sl,32
2023-03-24 15:35:00,2023-03-24 20:20:00,S,0.010503,0.010678746902000876,0.010678746902000876,0.01006363274499781,-1.0,-1.066,sl,57
2023-03-25 05:45:00,2023-03-25 13:45:00,S,0.010579,0.010591,0.010652806585654507,0.010394483535863733,-0.163,-0.32,time,96
2023-03-25 17:35:00,2023-03-26 01:35:00,S,0.010578,0.010553,0.010683791720937886,0.010313520697655287,0.236,0.126,time,96
2023-03-26 04:10:00,2023-03-26 08:45:00,S,0.01051,0.010571349741109445,0.010571349741109445,0.010356625647226388,-1.0,-1.188,sl,55
2023-03-26 12:35:00,2023-03-26 14:50:00,L,0.010616,0.010534043713868468,0.010534043713868468,0.010820890715328832,-1.0,-1.142,sl,27
2023-03-26 14:55:00,2023-03-26 22:55:00,S,0.010554,0.010631,0.010693493692637659,0.01020526576840585,-0.552,-0.635,time,96
2023-03-26 23:05:00,2023-03-27 01:05:00,L,0.010651,0.010568078473764914,0.010568078473764914,0.010858303815587717,-1.0,-1.141,sl,24
2023-03-27 01:10:00,2023-03-27 09:10:00,S,0.010559,0.01048,0.010622672722911383,0.010399818192721545,1.241,1.058,time,96
2023-03-27 12:15:00,2023-03-27 12:30:00,L,0.010588,0.010803588314095187,0.010501764674361926,0.010803588314095187,2.5,2.365,tp,3
2023-03-27 12:35:00,2023-03-27 14:25:00,L,0.01073,0.010499203900532364,0.010499203900532364,0.011306990248669088,-1.0,-1.051,sl,22
2023-03-27 14:30:00,2023-03-27 22:30:00,S,0.010583,0.010384,0.010988446115847336,0.009569384710381662,0.491,0.462,time,96
2023-03-28 08:05:00,2023-03-28 16:05:00,S,0.010317,0.010345,0.010409803837559461,0.010084990406101346,-0.302,-0.424,time,96
2023-03-28 18:50:00,2023-03-29 02:50:00,L,0.010437,0.010536,0.010270930199768808,0.01085217450057798,0.596,0.527,time,96
2023-03-29 04:35:00,2023-03-29 06:45:00,L,0.010606,0.01081863750735891,0.010520944997056437,0.01081863750735891,2.5,2.363,tp,26
2023-03-29 06:50:00,2023-03-29 14:25:00,L,0.010795,0.010654904506060426,0.010654904506060426,0.011145238734848937,-1.0,-1.085,sl,91
2023-03-29 20:05:00,2023-03-29 22:00:00,L,0.010707,0.010657415717758892,0.010657415717758892,0.010830960705602768,-1.0,-1.238,sl,23
2023-03-30 02:25:00,2023-03-30 03:10:00,L,0.010708,0.010566800481499574,0.010566800481499574,0.011060998796251068,-1.0,-1.083,sl,9
2023-03-30 15:30:00,2023-03-30 17:30:00,S,0.01058,0.010401616035474785,0.010651353585810087,0.010401616035474785,2.5,2.337,tp,24
2023-03-30 17:35:00,2023-03-30 20:35:00,S,0.01044,0.010550016256677843,0.010550016256677843,0.010164959358305392,-1.0,-1.104,sl,36
2023-03-31 01:00:00,2023-03-31 07:20:00,L,0.010591,0.010511835591816242,0.010511835591816242,0.010788911020459393,-1.0,-1.147,sl,76
2023-03-31 07:25:00,2023-03-31 12:30:00,S,0.010531,0.010634818648986525,0.010634818648986525,0.010271453377533688,-1.0,-1.112,sl,61
2023-03-31 12:55:00,2023-03-31 20:55:00,L,0.010661,0.010813,0.010558518324599666,0.010917204188500836,1.483,1.369,time,96
2023-03-31 21:00:00,2023-04-01 05:00:00,L,0.010813,0.010905,0.010728076695252995,0.011025308261867511,1.083,0.943,time,96
2023-04-01 09:45:00,2023-04-01 12:50:00,L,0.010833,0.011042145972959206,0.010749341610816318,0.011042145972959206,2.5,2.358,tp,37
2023-04-01 12:55:00,2023-04-01 20:55:00,L,0.011052,0.011292,0.010747008039898188,0.011814479900254528,0.787,0.747,time,96
2023-04-02 00:30:00,2023-04-02 08:30:00,L,0.011311,0.011249,0.011099130993262162,0.011840672516844595,-0.293,-0.351,time,96
2023-04-02 12:05:00,2023-04-02 15:00:00,S,0.011075,0.010779408347733072,0.01119323666090677,0.010779408347733072,2.5,2.397,tp,35
2023-04-02 15:05:00,2023-04-02 23:05:00,S,0.010837,0.010806,0.011027985829562834,0.010359535426092914,0.162,0.1,time,96
2023-04-03 01:45:00,2023-04-03 08:05:00,S,0.01059,0.010811177532770742,0.010811177532770742,0.010037056168073145,-1.0,-1.053,sl,76
2023-04-03 12:25:00,2023-04-03 14:45:00,S,0.010783,0.010671607069340323,0.01082755717226387,0.010671607069340323,2.5,2.234,tp,28
2023-04-03 14:50:00,2023-04-03 17:35:00,S,0.010649,0.010817499142059466,0.010817499142059466,0.010227752144851335,-1.0,-1.07,sl,33
2023-04-03 17:40:00,2023-04-03 18:00:00,L,0.010907,0.011645206102370995,0.010611717559051602,0.011645206102370995,2.5,2.459,tp,4
2023-04-03 18:05:00,2023-04-04 02:05:00,L,0.011521,0.011306,0.010599567451724044,0.01382458137068989,-0.233,-0.247,time,96
2023-04-04 06:15:00,2023-04-04 14:15:00,L,0.011331,0.011331,0.011215170401872922,0.011620573995317698,0.0,-0.108,time,96
2023-04-04 18:35:00,2023-04-05 00:10:00,L,0.011283,0.01116358115863298,0.01116358115863298,0.011581547103417546,-1.0,-1.104,sl,67
2023-04-05 01:00:00,2023-04-05 09:00:00,L,0.011321,0.011358,0.011105375033784864,0.011860062415537838,0.172,0.114,time,96
2023-04-05 11:25:00,2023-04-05 12:15:00,L,0.011388,0.011323205153587647,0.011323205153587647,0.011549987116030884,-1.0,-1.193,sl,10
2023-04-05 14:15:00,2023-04-05 22:15:00,S,0.011186,0.011185,0.011364668209741698,0.010739329475645754,0.006,-0.063,time,96
2023-04-06 00:10:00,2023-04-06 08:10:00,S,0.011164,0.011017,0.01127758844765172,0.010880028880870703,1.294,1.186,time,96
2023-04-06 10:05:00,2023-04-06 15:05:00,S,0.010954,0.011042020412395614,0.011042020412395614,0.010733948969010965,-1.0,-1.137,sl,60
2023-04-06 18:45:00,2023-04-06 19:25:00,S,0.011016,0.011090248178614308,0.011090248178614308,0.01083037955346423,-1.0,-1.163,sl,8
2023-04-06 20:50:00,2023-04-07 04:50:00,S,0.010996,0.010962,0.011155379539577568,0.010597551151056081,0.213,0.137,time,96
2023-04-07 05:35:00,2023-04-07 13:35:00,S,0.010899,0.010917,0.010984051468752998,0.010686371328117507,-0.212,-0.353,time,96
2023-04-07 22:20:00,2023-04-07 22:40:00,S,0.010882,0.010918890785686794,0.010918890785686794,0.010789773035783013,-1.0,-1.324,sl,4
2023-04-08 00:25:00,2023-04-08 03:05:00,S,0.010875,0.010948758702349194,0.010948758702349194,0.010690603244127014,-1.0,-1.162,sl,32
2023-04-08 03:35:00,2023-04-08 11:35:00,L,0.010961,0.010942,0.010891771322183665,0.011134071694540839,-0.274,-0.449,time,96
2023-04-08 12:50:00,2023-04-08 14:10:00,S,0.010918,0.010946101635786822,0.010946101635786822,0.010847745910532947,-1.0,-1.427,sl,16
2023-04-08 17:45:00,2023-04-08 18:50:00,S,0.010916,0.010831440531396393,0.010949823787441443,0.010831440531396393,2.5,2.145,tp,13
2023-04-08 18:55:00,2023-04-09 00:05:00,S,0.010832,0.01091106146393314,0.01091106146393314,0.010634346340167149,-1.0,-1.151,sl,62
2023-04-09 01:15:00,2023-04-09 03:10:00,L,0.010939,0.01090625096524779,0.01090625096524779,0.011020872586880526,-1.0,-1.367,sl,23
2023-04-09 06:05:00,2023-04-09 14:05:00,S,0.010819,0.010863,0.010920802975637562,0.010564492560906096,-0.432,-0.549,time,96
2023-04-09 14:25:00,2023-04-09 15:15:00,S,0.010826,0.010878466637058912,0.010878466637058912,0.010694833407352722,-1.0,-1.227,sl,10
2023-04-09 15:20:00,2023-04-09 23:20:00,L,0.010964,0.010968,0.010807397529805021,0.011355506175487447,0.026,-0.051,time,96
2023-04-10 01:15:00,2023-04-10 09:15:00,S,0.010915,0.010935,0.010979573056300929,0.010753567359247675,-0.31,-0.496,time,96
2023-04-10 11:40:00,2023-04-10 16:45:00,S,0.010904,0.010937706182383537,0.010937706182383537,0.010819734544041159,-1.0,-1.356,sl,61
2023-04-10 16:50:00,2023-04-10 22:30:00,L,0.010934,0.01109807241910328,0.010868371032358687,0.01109807241910328,2.5,2.317,tp,68
2023-04-10 22:35:00,2023-04-11 06:35:00,L,0.011094,0.011138,0.010968984276732274,0.011406539308169315,0.352,0.254,time,96
2023-04-11 07:00:00,2023-04-11 09:20:00,L,0.011161,0.011081546422662474,0.011081546422662474,0.011359633943343817,-1.0,-1.155,sl,28
2023-04-11 18:15:00,2023-04-11 20:00:00,L,0.011125,0.011051476928762039,0.011051476928762039,0.0113088076780949,-1.0,-1.166,sl,21
2023-04-11 23:35:00,2023-04-12 02:10:00,S,0.011021,0.010867417202995656,0.011082433118801737,0.010867417202995656,2.5,2.303,tp,31
2023-04-12 02:15:00,2023-04-12 10:15:00,S,0.010807,0.010812,0.011032154268663457,0.01024411432834136,-0.022,-0.075,time,96
2023-04-12 18:50:00,2023-04-13 02:50:00,S,0.010888,0.010928,0.010992289229180248,0.01062727692704938,-0.384,-0.498,time,96
2023-04-13 08:05:00,2023-04-13 09:20:00,L,0.010947,0.011078919120774428,0.01089423235169023,0.011078919120774428,2.5,2.272,tp,15
2023-04-13 09:25:00,2023-04-13 17:25:00,L,0.011052,0.011152,0.010937533282066933,0.011338166794832665,0.874,0.767,time,96
2023-04-14 00:20:00,2023-04-14 01:15:00,L,0.011149,0.011335367050288515,0.011074453179884593,0.011335367050288515,2.5,2.335,tp,11
2023-04-14 01:20:00,2023-04-14 09:20:00,L,0.011326,0.011276,0.011118511358092152,0.011844721604769615,-0.241,-0.301,time,96
2023-04-14 15:05:00,2023-04-14 19:55:00,S,0.011117,0.011311952959785062,0.011311952959785062,0.010629617600537345,-1.0,-1.063,sl,58
2023-04-14 20:00:00,2023-04-15 00:40:00,L,0.011313,0.011172616914603778,0.011172616914603778,0.011663957713490556,-1.0,-1.089,sl,56
2023-04-15 00:45:00,2023-04-15 08:45:00,S,0.011158,0.011185,0.01127639477115068,0.010862013072123297,-0.228,-0.332,time,96
2023-04-15 09:25:00,2023-04-15 17:00:00,L,0.011225,0.011328294947511749,0.011183682020995301,0.011328294947511749,2.5,2.201,tp,91
2023-04-15 17:10:00,2023-04-15 19:45:00,L,0.011411,0.011241836988416782,0.011241836988416782,0.011833907528958042,-1.0,-1.074,sl,31
2023-04-15 23:45:00,2023-04-16 00:00:00,L,0.01149,0.011732379089758022,0.011393048364096792,0.011732379089758022,2.5,2.37,tp,3
2023-04-16 00:05:00,2023-04-16 08:05:00,L,0.011859,0.011623,0.011400772727446292,0.013004568181384268,-0.515,-0.543,time,96
2023-04-16 13:10:00,2023-04-16 15:40:00,L,0.011569,0.011467370219166025,0.011467370219166025,0.011823074452084935,-1.0,-1.125,sl,30
2023-04-16 17:05:00,2023-04-16 20:00:00,L,0.011673,0.01147363748923535,0.01147363748923535,0.012171406276911621,-1.0,-1.064,sl,35
2023-04-17 00:20:00,2023-04-17 00:40:00,S,0.011517,0.011316002596299465,0.011597398961480213,0.011316002596299465,2.5,2.342,tp,4
2023-04-17 00:45:00,2023-04-17 07:20:00,S,0.011383,0.011597137017158681,0.011597137017158681,0.0108476574571033,-1.0,-1.058,sl,79
2023-04-17 07:25:00,2023-04-17 15:25:00,L,0.011589,0.011423,0.011355310242713494,0.012173224393216267,-0.71,-0.765,time,96
2023-04-17 15:35:00,2023-04-17 23:35:00,S,0.011372,0.011375,0.011494410404625946,0.011065973988435136,-0.025,-0.127,time,96
2023-04-18 00:40:00,2023-04-18 02:00:00,S,0.011309,0.011396172422791027,0.011396172422791027,0.01109106894302243,-1.0,-1.143,sl,16
2023-04-18 05:05:00,2023-04-18 13:05:00,L,0.011487,0.011592,0.011392033789851728,0.011724415525370681,1.106,0.973,time,96
2023-04-18 17:35:00,2023-04-18 20:30:00,S,0.011518,0.011570214466385235,0.011570214466385235,0.011387463834036915,-1.0,-1.243,sl,35
2023-04-18 20:35:00,2023-04-19 02:05:00,L,0.011565,0.011474068010304171,0.011474068010304171,0.011792329974239575,-1.0,-1.14,sl,66
2023-04-19 05:15:00,2023-04-19 06:55:00,L,0.01154,0.01146051358500271,0.01146051358500271,0.011738716037493225,-1.0,-1.16,sl,20
2023-04-19 07:00:00,2023-04-19 08:10:00,S,0.011477,0.01116137913518803,0.011603248345924787,0.01116137913518803,2.5,2.4,tp,14
2023-04-19 08:15:00,2023-04-19 16:15:00,S,0.011115,0.011089,0.011541005409707735,0.010049986475730664,0.061,0.032,time,96
2023-04-19 17:15:00,2023-04-19 21:20:00,S,0.01103,0.01072311336230066,0.011152754655079736,0.01072311336230066,2.5,2.401,tp,49
2023-04-19 21:25:00,2023-04-20 05:25:00,S,0.010852,0.010894,0.011021282437265134,0.010428793906837167,-0.248,-0.319,time,96
2023-04-20 11:50:00,2023-04-20 12:50:00,S,0.010907,0.010988996186874692,0.010988996186874692,0.010702009532813271,-1.0,-1.146,sl,12
2023-04-20 15:20:00,2023-04-20 16:00:00,S,0.010816,0.010539979406786748,0.0109264082372853,0.010539979406786748,2.5,2.392,tp,8
2023-04-20 16:05:00,2023-04-21 00:05:00,S,0.010484,0.010614,0.010892871562897331,0.009461821092756673,-0.318,-0.346,time,96
2023-04-21 02:35:00,2023-04-21 10:35:00,S,0.010562,0.010586,0.010648126031255053,0.010346684921862368,-0.279,-0.414,time,96
2023-04-21 11:20:00,2023-04-21 13:30:00,S,0.010555,0.01062396799121443,0.01062396799121443,0.010382580021963926,-1.0,-1.168,sl,26
2023-04-21 17:30:00,2023-04-21 19:05:00,S,0.010515,0.010288869540668995,0.010605452183732402,0.010288869540668995,2.5,2.372,tp,19
2023-04-21 19:10:00,2023-04-22 03:10:00,S,0.0102,0.010287,0.010534083447400507,0.009364791381498736,-0.26,-0.294,time,96
2023-04-22 07:50:00,2023-04-22 14:30:00,S,0.010259,0.010306178711209415,0.010306178711209415,0.010141053221976466,-1.0,-1.239,sl,80
2023-04-23 00:35:00,2023-04-23 08:10:00,S,0.010309,0.010462502155991815,0.010462502155991815,0.009925244610020464,-1.0,-1.074,sl,91
2023-04-23 10:25:00,2023-04-23 15:10:00,S,0.010384,0.010288610540614411,0.010422155783754234,0.010288610540614411,2.5,2.201,tp,57
2023-04-23 15:15:00,2023-04-23 23:15:00,S,0.010305,0.010329,0.010405504591345285,0.010053738521636789,-0.239,-0.352,time,96
2023-04-24 06:40:00,2023-04-24 13:40:00,S,0.010304,0.010369246014241634,0.010369246014241634,0.010140884964395917,-1.0,-1.174,sl,84
2023-04-24 13:55:00,2023-04-24 14:35:00,L,0.010371,0.010295195651745135,0.010295195651745135,0.010560510870637162,-1.0,-1.15,sl,8
2023-04-24 14:45:00,2023-04-24 22:45:00,S,0.010269,0.010274,0.01038071339088585,0.009989716522785377,-0.045,-0.146,time,96
2023-04-25 00:50:00,2023-04-25 08:50:00,S,0.010228,0.010184,0.010298604433331918,0.010051488916670202,0.623,0.464,time,96
2023-04-25 14:15:00,2023-04-25 18:15:00,S,0.010132,0.010230024378084306,0.010230024378084306,0.009886939054789236,-1.0,-1.114,sl,48
2023-04-25 20:10:00,2023-04-26 04:10:00,L,0.010258,0.010372,0.010151726844674617,0.010523682888313457,1.073,0.967,time,96
2023-04-26 04:45:00,2023-04-26 07:20:00,L,0.010392,0.010344101080821025,0.010344101080821025,0.01051174729794744,-1.0,-1.239,sl,31
2023-04-26 08:50:00,2023-04-26 12:30:00,L,0.010435,0.01070406576140764,0.010327373695436943,0.01070406576140764,2.5,2.393,tp,44
2023-04-26 12:35:00,2023-04-26 19:05:00,L,0.010713,0.010485980000492886,0.010485980000492886,0.011280549998767786,-1.0,-1.052,sl,78
2023-04-26 19:10:00,2023-04-26 19:30:00,S,0.010479,0.010276537417590461,0.010559985032963817,0.010276537417590461,2.5,2.358,tp,4
2023-04-26 19:35:00,2023-04-27 03:35:00,S,0.010286,0.010295,0.01055928515587718,0.009602787110307048,-0.033,-0.074,time,96
2023-04-27 06:55:00,2023-04-27 14:55:00,S,0.010207,0.010201,0.010337188051985795,0.009881529870035516,0.046,-0.04,time,96
2023-04-27 17:55:00,2023-04-27 22:50:00,L,0.010317,0.010240901866191672,0.010240901866191672,0.01050724533452082,-1.0,-1.149,sl,59
2023-04-27 22:55:00,2023-04-28 06:55:00,S,0.010241,0.010279,0.010316055440319518,0.010053361399201205,-0.506,-0.656,time,96
2023-04-28 08:35:00,2023-04-28 13:40:00,S,0.010262,0.010136865113648221,0.010312053954540712,0.010136865113648221,2.5,2.274,tp,61
2023-04-28 13:45:00,2023-04-28 18:00:00,S,0.010127,0.010239163216994342,0.010239163216994342,0.009846591957514148,-1.0,-1.099,sl,51
2023-04-29 02:00:00,2023-04-29 10:00:00,L,0.010285,0.010278,0.010235225045223884,0.010409437386940293,-0.141,-0.368,time,96
2023-04-29 11:35:00,2023-04-29 11:40:00,S,0.010242,0.010270002752247405,0.010270002752247405,0.010171993119381485,-1.0,-1.402,sl,1
2023-04-29 12:55:00,2023-04-29 17:30:00,L,0.010285,0.010262228361452653,0.010262228361452653,0.010341929096368371,-1.0,-1.497,sl,55
2023-04-29 17:35:00,2023-04-30 01:35:00,S,0.010249,0.010229,0.01030929528253511,0.010098261793662223,0.332,0.145,time,96
2023-04-30 02:00:00,2023-04-30 04:45:00,S,0.010219,0.010246075653750452,0.010246075653750452,0.010151310865623873,-1.0,-1.415,sl,33
2023-04-30 11:25:00,2023-04-30 15:00:00,S,0.010219,0.010254759774103107,0.010254759774103107,0.010129600564742235,-1.0,-1.314,sl,43
2023-04-30 19:10:00,2023-05-01 01:35:00,S,0.01018,0.010000420042132776,0.01025183198314689,0.010000420042132776,2.5,2.344,tp,77
2023-05-01 01:40:00,2023-05-01 09:40:00,S,0.009947,0.009987,0.010124020318659683,0.00950444920335079,-0.226,-0.288,time,96
2023-05-01 09:50:00,2023-05-01 16:10:00,S,0.009983,0.009841867720695516,0.010039452911721794,0.009841867720695516,2.5,2.305,tp,76
2023-05-01 16:15:00,2023-05-01 22:40:00,S,0.009834,0.009960528786809336,0.009960528786809336,0.009517678032976661,-1.0,-1.085,sl,77
2023-05-02 01:50:00,2023-05-02 09:50:00,S,0.009914,0.009876,0.00996784062835102,0.00977939842912245,0.706,0.503,time,96
2023-05-02 10:25:00,2023-05-02 11:20:00,S,0.009879,0.009904027357308429,0.009904027357308429,0.009816431606728931,-1.0,-1.434,sl,11
2023-05-02 18:25:00,2023-05-03 00:35:00,L,0.010006,0.009951426654339464,0.009951426654339464,0.010142433364151337,-1.0,-1.202,sl,74
2023-05-03 00:40:00,2023-05-03 08:40:00,S,0.009957,0.009975,0.01001969157904968,0.009800271052375801,-0.287,-0.462,time,96
2023-05-03 08:55:00,2023-05-03 11:50:00,L,0.009982,0.00994383575363351,0.00994383575363351,0.010077410615916224,-1.0,-1.288,sl,35
2023-05-03 12:00:00,2023-05-03 20:00:00,S,0.009914,0.009937,0.009985583719092521,0.009735040702268695,-0.321,-0.474,time,96
2023-05-03 21:35:00,2023-05-04 05:35:00,L,0.010058,0.010068,0.009898822797171799,0.0104559430070705,0.063,-0.007,time,96
2023-05-04 06:05:00,2023-05-04 06:30:00,L,0.010069,0.010039155843805589,0.010039155843805589,0.010143610390486026,-1.0,-1.371,sl,5
2023-05-04 10:35:00,2023-05-04 12:15:00,L,0.010051,0.01000008966849787,0.01000008966849787,0.010178275828755322,-1.0,-1.217,sl,20
2023-05-04 12:20:00,2023-05-04 20:20:00,S,0.010002,0.009926,0.010064488889310667,0.009845777776723335,1.216,1.04,time,96
2023-05-05 01:20:00,2023-05-05 01:30:00,S,0.009864,0.009900166898225779,0.009900166898225779,0.009773582754435552,-1.0,-1.3,sl,2
2023-05-05 08:30:00,2023-05-05 12:30:00,S,0.009909,0.009958023510323174,0.009958023510323174,0.009786441224192062,-1.0,-1.222,sl,48
2023-05-05 12:35:00,2023-05-05 14:10:00,S,0.00983,0.009940355688111168,0.009940355688111168,0.00955411077972208,-1.0,-1.098,sl,19
2023-05-05 16:05:00,2023-05-06 00:05:00,L,0.009984,0.009972,0.009854862560921301,0.010306843597696746,-0.093,-0.178,time,96
2023-05-06 00:40:00,2023-05-06 01:20:00,L,0.010026,0.009963645787068409,0.009963645787068409,0.010181885532328978,-1.0,-1.177,sl,8
2023-05-06 01:25:00,2023-05-06 09:25:00,S,0.009952,0.009755,0.010054120179092433,0.00969669955226892,1.929,1.822,time,96
2023-05-06 10:25:00,2023-05-06 10:45:00,S,0.009739,0.009627815981132472,0.00978347360754701,0.009627815981132472,2.5,2.259,tp,4
2023-05-06 10:50:00,2023-05-06 18:50:00,S,0.009548,0.009494,0.009785900655627261,0.008953248360931844,0.227,0.183,time,96
2023-05-06 21:40:00,2023-05-07 05:40:00,S,0.009427,0.009415,0.009501641474790169,0.009240396313024576,0.161,0.022,time,96
2023-05-07 16:50:00,2023-05-08 00:50:00,S,0.009419,0.009303,0.009496315014384603,0.009225712464038494,1.5,1.366,time,96
2023-05-08 01:30:00,2023-05-08 01:40:00,S,0.009216,0.008925726352136114,0.009332109459145555,0.008925726352136114,2.5,2.413,tp,2
2023-05-08 01:45:00,2023-05-08 09:45:00,S,0.008852,0.008991,0.009331053535331195,0.0076543661616720144,-0.29,-0.31,time,96
2023-05-08 14:10:00,2023-05-08 18:00:00,S,0.008953,0.008652653602770266,0.009073138558891893,0.008652653602770266,2.5,2.418,tp,46
2023-05-08 18:05:00,2023-05-08 18:20:00,S,0.008502,0.008947134907742627,0.008947134907742627,0.007389162730643431,-1.0,-1.021,sl,3
2023-05-09 02:30:00,2023-05-09 10:30:00,S,0.008727,0.008833,0.008897985974989942,0.008299535062525147,-0.62,-0.676,time,96
2023-05-09 14:10:00,2023-05-09 17:00:00,S,0.0088,0.008902071005532435,0.008902071005532435,0.008544822486168915,-1.0,-1.095,sl,34
2023-05-10 00:20:00,2023-05-10 00:35:00,L,0.009038,0.008980213040064121,0.008980213040064121,0.009182467399839694,-1.0,-1.172,sl,3
2023-05-10 01:25:00,2023-05-10 03:20:00,L,0.009039,0.008968918696646025,0.008968918696646025,0.009214203258384939,-1.0,-1.142,sl,23
2023-05-10 03:25:00,2023-05-10 11:25:00,S,0.008968,0.008876,0.00902331682356184,0.0088297079410954,1.663,1.485,time,96
2023-05-10 12:35:00,2023-05-10 17:15:00,L,0.009005,0.008857098189782855,0.008857098189782855,0.009374754525542865,-1.0,-1.067,sl,56
2023-05-10 17:20:00,2023-05-11 01:20:00,S,0.008855,0.008933,0.009119960341530191,0.008192599146174522,-0.294,-0.331,time,96
2023-05-11 01:35:00,2023-05-11 08:00:00,S,0.008914,0.008773010785963464,0.008970395685614614,0.008773010785963464,2.5,2.326,tp,77
2023-05-11 08:05:00,2023-05-11 10:55:00,S,0.008808,0.008886821485951631,0.008886821485951631,0.008610946285120921,-1.0,-1.123,sl,34
2023-05-11 12:45:00,2023-05-11 17:20:00,S,0.008848,0.00857480822023312,0.008957276711906752,0.00857480822023312,2.5,2.411,tp,55
2023-05-11 17:25:00,2023-05-12 01:25:00,S,0.008552,0.008643,0.008751014043788084,0.008054464890529793,-0.457,-0.505,time,96
2023-05-12 03:00:00,2023-05-12 05:05:00,S,0.008565,0.00864349149578386,0.00864349149578386,0.00836877126054035,-1.0,-1.12,sl,25
2023-05-12 15:30:00,2023-05-12 16:20:00,S,0.008564,0.008651558206113616,0.008651558206113616,0.00834510448471596,-1.0,-1.108,sl,10
2023-05-12 19:30:00,2023-05-12 19:55:00,S,0.00857,0.00865246401987217,0.00865246401987217,0.008363839950319573,-1.0,-1.114,sl,5
2023-05-12 20:05:00,2023-05-13 04:05:00,L,0.008686,0.008805,0.008439533775444062,0.009302165561389842,0.483,0.444,time,96
2023-05-13 13:55:00,2023-05-13 21:55:00,S,0.00873,0.008701,0.008803970554826838,0.008545073612932903,0.392,0.262,time,96
2023-05-14 00:45:00,2023-05-14 04:15:00,S,0.008677,0.008741458093857365,0.008741458093857365,0.00851585476535659,-1.0,-1.148,sl,42
2023-05-14 04:20:00,2023-05-14 12:20:00,L,0.008743,0.008766,0.008697761128155946,0.008856097179610138,0.508,0.296,time,96
2023-05-14 14:00:00,2023-05-14 18:15:00,L,0.008826,0.008758205774197095,0.008758205774197095,0.008995485564507265,-1.0,-1.143,sl,51
2023-05-14 19:05:00,2023-05-15 01:35:00,S,0.008732,0.008804753646932763,0.008804753646932763,0.008550115882668094,-1.0,-1.132,sl,78
2023-05-15 01:40:00,2023-05-15 09:40:00,L,0.008814,0.008876,0.008650079504243032,0.009223801239392421,0.378,0.319,time,96
2023-05-15 23:35:00,2023-05-16 07:35:00,S,0.008811,0.008812,0.00887003262495159,0.008663418437621022,-0.017,-0.181,time,96
2023-05-16 10:20:00,2023-05-16 17:05:00,S,0.008788,0.008687825561949112,0.008828069775220356,0.008687825561949112,2.5,2.259,tp,81
2023-05-16 17:10:00,2023-05-16 21:30:00,S,0.008693,0.008749989539720131,0.008749989539720131,0.00855052615069967,-1.0,-1.168,sl,52
2023-05-17 02:15:00,2023-05-17 06:00:00,L,0.008844,0.00876738035556588,0.00876738035556588,0.009035549111085298,-1.0,-1.127,sl,45
2023-05-17 06:05:00,2023-05-17 14:05:00,S,0.008751,0.008638,0.0088294259726938,0.008554935068265499,1.441,1.318,time,96
2023-05-17 14:40:00,2023-05-17 17:10:00,S,0.008611,0.008678443775196503,0.008678443775196503,0.008442390562008743,-1.0,-1.14,sl,30
2023-05-17 19:10:00,2023-05-18 01:45:00,L,0.008764,0.008719229104975688,0.008719229104975688,0.008875927237560777,-1.0,-1.215,sl,79
2023-05-18 01:50:00,2023-05-18 02:40:00,S,0.008723,0.008773258581351329,0.008773258581351329,0.008597353546621677,-1.0,-1.191,sl,10
2023-05-18 03:20:00,2023-05-18 11:20:00,L,0.00879,0.008785,0.00871570668557098,0.008975733286072547,-0.067,-0.197,time,96
2023-05-18 13:10:00,2023-05-18 17:45:00,S,0.00874,0.008585846430771892,0.008801661427691242,0.008585846430771892,2.5,2.344,tp,55
2023-05-18 17:50:00,2023-05-18 21:55:00,S,0.008568,0.00873283525404715,0.00873283525404715,0.008155911864882124,-1.0,-1.057,sl,49
2023-05-18 22:05:00,2023-05-19 06:05:00,L,0.008746,0.008695,0.008603397735813697,0.009102505660465759,-0.358,-0.425,time,96
2023-05-19 07:45:00,2023-05-19 08:35:00,S,0.008661,0.008697056907845342,0.008697056907845342,0.008570857730386645,-1.0,-1.264,sl,10
2023-05-19 12:35:00,2023-05-19 14:45:00,L,0.008712,0.008659887516591523,0.008659887516591523,0.00884228120852119,-1.0,-1.184,sl,26
2023-05-19 14:50:00,2023-05-19 15:15:00,S,0.008663,0.008702381545462145,0.008702381545462145,0.00856454613634464,-1.0,-1.242,sl,5
2023-05-19 15:35:00,2023-05-19 23:35:00,S,0.008649,0.008687,0.008744455393732663,0.008410361515668345,-0.398,-0.498,time,96
2023-05-20 00:25:00,2023-05-20 08:25:00,S,0.008656,0.008645,0.008695016388647,0.008558459028382502,0.282,0.038,time,96
2023-05-20 14:05:00,2023-05-20 14:35:00,L,0.008702,0.008674134844124822,0.008674134844124822,0.008771662889687944,-1.0,-1.344,sl,6
2023-05-20 15:50:00,2023-05-20 16:15:00,L,0.0087,0.008677068941730058,0.008677068941730058,0.008757327645674853,-1.0,-1.417,sl,5
2023-05-20 17:45:00,2023-05-21 01:45:00,L,0.008735,0.00872,0.008676956316414356,0.008880109208964109,-0.258,-0.424,time,96
2023-05-21 08:00:00,2023-05-21 09:15:00,S,0.008676,0.008692682068308834,0.008692682068308834,0.008634294829227913,-1.0,-1.572,sl,15
2023-05-21 11:05:00,2023-05-21 19:05:00,S,0.008634,0.008551,0.008700443051194103,0.00846789237201474,1.249,1.106,time,96
2023-05-21 21:05:00,2023-05-22 05:05:00,S,0.00851,0.008535,0.008574237757086092,0.008349405607284772,-0.389,-0.535,time,96
2023-05-22 08:15:00,2023-05-22 09:40:00,L,0.008604,0.00873960675586418,0.008549757297654328,0.00873960675586418,2.5,2.326,tp,17
2023-05-22 09:45:00,2023-05-22 17:45:00,L,0.00883,0.008839,0.008610185586586817,0.009379536033532955,0.041,-0.003,time,96
2023-05-23 00:05:00,2023-05-23 08:05:00,L,0.008808,0.008812,0.00873152317948049,0.008999192051298777,0.052,-0.074,time,96
2023-05-23 10:35:00,2023-05-23 18:35:00,L,0.009027,0.008904,0.00879513120862861,0.009606671978428474,-0.53,-0.573,time,96
2023-05-24 01:10:00,2023-05-24 03:30:00,S,0.008839,0.008698001421603981,0.008895399431358407,0.008698001421603981,2.5,2.328,tp,28
2023-05-24 03:35:00,2023-05-24 11:35:00,S,0.008712,0.008632,0.008833207912055642,0.008408980219860893,0.66,0.581,time,96
2023-05-24 13:55:00,2023-05-24 21:55:00,S,0.008523,0.008523,0.00867365228060688,0.008146369298482798,-0.0,-0.062,time,96
2023-05-25 00:20:00,2023-05-25 01:25:00,S,0.008468,0.008278419689710008,0.008543832124115996,0.008278419689710008,2.5,2.377,tp,13
2023-05-25 01:30:00,2023-05-25 05:25:00,S,0.008368,0.008476863573853624,0.008476863573853624,0.008095841065365941,-1.0,-1.085,sl,47
2023-05-25 08:45:00,2023-05-25 09:00:00,S,0.008439,0.008470128815903002,0.008470128815903002,0.008361177960242498,-1.0,-1.298,sl,3
2023-05-25 13:40:00,2023-05-25 19:05:00,S,0.008417,0.008491779297658535,0.008491779297658535,0.00823005175585366,-1.0,-1.124,sl,65
2023-05-25 19:10:00,2023-05-25 19:10:00,L,0.008499,0.008594576175117465,0.008460769529953014,0.008594576175117465,2.5,2.255,tp,0
2023-05-25 19:15:00,2023-05-25 21:20:00,L,0.008554,0.008458506925959279,0.008458506925959279,0.008792732685101806,-1.0,-1.099,sl,25
2023-05-25 21:25:00,2023-05-26 05:25:00,S,0.008449,0.00846,0.00858235407908393,0.008115614802290172,-0.082,-0.152,time,96
2023-05-26 06:05:00,2023-05-26 06:55:00,S,0.008442,0.008492133756443605,0.008492133756443605,0.008316665608890987,-1.0,-1.185,sl,10
2023-05-27 03:00:00,2023-05-27 08:05:00,L,0.00857,0.008534314222766142,0.008534314222766142,0.008659214443084644,-1.0,-1.264,sl,61
2023-05-27 08:10:00,2023-05-27 11:45:00,S,0.008529,0.008553737741633134,0.008553737741633134,0.008467155645917166,-1.0,-1.379,sl,43
2023-05-27 11:50:00,2023-05-27 13:55:00,L,0.008549,0.00850409526182886,0.00850409526182886,0.008661261845427846,-1.0,-1.209,sl,25
2023-05-27 17:50:00,2023-05-27 23:05:00,L,0.00856,0.008647351281534533,0.008525059487386187,0.008647351281534533,2.5,2.231,tp,63
2023-05-27 23:10:00,2023-05-28 01:25:00,L,0.008645,0.008821284244590236,0.008574486302163906,0.008821284244590236,2.5,2.365,tp,27
2023-05-28 01:30:00,2023-05-28 09:30:00,L,0.008836,0.008789,0.008588813060054613,0.009453967349863469,-0.19,-0.229,time,96
2023-05-28 10:55:00,2023-05-28 11:10:00,L,0.008804,0.008766466211420684,0.008766466211420684,0.008897834471448289,-1.0,-1.258,sl,3
2023-05-28 17:35:00,2023-05-28 22:00:00,L,0.008737,0.008817368334225133,0.008704852666309947,0.008817368334225133,2.5,2.201,tp,53
2023-05-28 22:05:00,2023-05-29 04:20:00,L,0.008883,0.008751531661014661,0.008751531661014661,0.009211670847463348,-1.0,-1.074,sl,75
2023-05-29 10:15:00,2023-05-29 10:50:00,L,0.008831,0.008773841385593761,0.008773841385593761,0.008973896536015599,-1.0,-1.17,sl,7
2023-05-29 11:25:00,2023-05-29 15:25:00,L,0.008822,0.008770512890507893,0.008770512890507893,0.008950717773730268,-1.0,-1.188,sl,48
2023-05-29 20:00:00,2023-05-30 00:35:00,S,0.008745,0.008644281956352213,0.008785287217459114,0.008644281956352213,2.5,2.261,tp,55
2023-05-30 00:40:00,2023-05-30 02:25:00,S,0.008662,0.008730675804181583,0.008730675804181583,0.008490310489546042,-1.0,-1.139,sl,21
2023-05-30 04:40:00,2023-05-30 09:15:00,S,0.008666,0.008719021216818666,0.008719021216818666,0.008533446957953335,-1.0,-1.18,sl,55
2023-05-30 09:20:00,2023-05-30 14:40:00,L,0.00873,0.00866076272986981,0.00866076272986981,0.008903093175325477,-1.0,-1.139,sl,64
2023-05-30 14:45:00,2023-05-30 15:40:00,S,0.008656,0.008734857232966254,0.008734857232966254,0.008458856917584367,-1.0,-1.121,sl,11
2023-05-30 15:45:00,2023-05-30 23:45:00,L,0.008781,0.008681,0.00862890654798169,0.009161233630045777,-0.657,-0.721,time,96
2023-05-30 23:50:00,2023-05-31 04:45:00,S,0.008681,0.008596395869083655,0.008714841652366537,0.008596395869083655,2.5,2.218,tp,59
2023-05-31 04:50:00,2023-05-31 12:50:00,S,0.008582,0.008454,0.008675519119972656,0.008348202200068357,1.369,1.268,time,96
2023-05-31 14:20:00,2023-05-31 22:20:00,S,0.00841,0.008468,0.008491168238248052,0.008207079404379872,-0.715,-0.829,time,96
2023-05-31 23:30:00,2023-06-01 00:10:00,L,0.008502,0.008600015019591446,0.00846279399216342,0.008600015019591446,2.5,2.261,tp,8
2023-06-01 00:15:00,2023-06-01 03:45:00,L,0.008612,0.008472698396374564,0.008472698396374564,0.00896025400906359,-1.0,-1.068,sl,42
2023-06-01 03:50:00,2023-06-01 11:50:00,S,0.008491,0.008473,0.008571547840085241,0.008289630399786897,0.223,0.108,time,96
2023-06-01 23:35:00,2023-06-02 00:20:00,S,0.008457,0.00839618494870999,0.008481326020516003,0.00839618494870999,2.5,2.118,tp,9
2023-06-02 00:25:00,2023-06-02 02:50:00,S,0.008373,0.008481192682625873,0.008481192682625873,0.008102518293435319,-1.0,-1.085,sl,29
2023-06-02 08:55:00,2023-06-02 09:40:00,L,0.008526,0.008491260092493881,0.008491260092493881,0.0086128497687653,-1.0,-1.27,sl,9
2023-06-02 09:50:00,2023-06-02 17:50:00,S,0.00847,0.008504,0.008534209691823152,0.00830947577044212,-0.53,-0.675,time,96
2023-06-02 19:05:00,2023-06-02 19:45:00,L,0.008541,0.008666148076621012,0.008490940769351595,0.008666148076621012,2.5,2.312,tp,8
2023-06-02 19:50:00,2023-06-03 03:50:00,L,0.008667,0.008567,0.008499676898527564,0.009085307753681087,-0.598,-0.655,time,96
2023-06-03 04:25:00,2023-06-03 08:50:00,L,0.008586,0.00864781044481196,0.008561275822075215,0.00864781044481196,2.5,2.118,tp,53
2023-06-03 08:55:00,2023-06-03 16:55:00,L,0.008648,0.008626,0.008607210858136349,0.008749972854659126,-0.539,-0.773,time,96
2023-06-03 20:55:00,2023-06-03 22:15:00,S,0.008544,0.008585837090931967,0.008585837090931967,0.00843940727267008,-1.0,-1.225,sl,16
2023-06-03 22:45:00,2023-06-04 06:45:00,L,0.008587,0.008649,0.0085139653932962,0.008769586516759499,0.849,0.72,time,96
2023-06-04 07:05:00,2023-06-04 14:25:00,L,0.008672,0.00861796147642026,0.00861796147642026,0.008807096308949349,-1.0,-1.177,sl,88
2023-06-04 18:40:00,2023-06-04 21:35:00,L,0.008661,0.008631279634167283,0.008631279634167283,0.008735300914581794,-1.0,-1.321,sl,35
2023-06-04 22:20:00,2023-06-04 23:20:00,L,0.008683,0.008618642380904444,0.008618642380904444,0.008843894047738887,-1.0,-1.148,sl,12
2023-06-04 23:25:00,2023-06-05 07:25:00,S,0.008619,0.00855,0.008685669915563507,0.008452325211091231,1.035,0.893,time,96
2023-06-05 10:10:00,2023-06-05 10:35:00,S,0.008513,0.008478946256544882,0.008526621497382047,0.008478946256544882,2.5,1.813,tp,5
2023-06-05 10:40:00,2023-06-05 15:50:00,S,0.008465,0.008321841087877719,0.008522263564848913,0.008321841087877719,2.5,2.337,tp,62
2023-06-05 15:55:00,2023-06-05 16:00:00,S,0.008304,0.00784693921222997,0.008486824315108013,0.00784693921222997,2.5,2.45,tp,1
2023-06-05 16:05:00,2023-06-06 00:05:00,S,0.007788,0.008006,0.008493476041125573,0.006024309897186066,-0.309,-0.321,time,96
2023-06-06 08:20:00,2023-06-06 12:10:00,S,0.008004,0.007863733997224056,0.008060106401110378,0.007863733997224056,2.5,2.343,tp,46
2023-06-06 12:15:00,2023-06-06 13:50:00,S,0.00789,0.008037999860991749,0.008037999860991749,0.007520000347520626,-1.0,-1.059,sl,19
2023-06-06 21:00:00,2023-06-07 05:00:00,S,0.008113,0.008105,0.008223560903871493,0.00783659774032127,0.072,-0.008,time,96
2023-06-07 06:20:00,2023-06-07 09:50:00,S,0.008061,0.007945388890480826,0.00810724444380767,0.007945388890480826,2.5,2.308,tp,42
2023-06-07 09:55:00,2023-06-07 17:55:00,S,0.007963,0.007885,0.008071688814642538,0.007691277963393654,0.718,0.637,time,96
2023-06-07 21:55:00,2023-06-07 23:30:00,S,0.007761,0.007880477203477334,0.007880477203477334,0.007462306991306664,-1.0,-1.071,sl,19
2023-06-08 03:15:00,2023-06-08 04:30:00,S,0.007851,0.007921627530275442,0.007921627530275442,0.007674431174311396,-1.0,-1.122,sl,15
2023-06-08 10:00:00,2023-06-08 10:25:00,S,0.007909,0.007945187169839982,0.007945187169839982,0.007818532075400043,-1.0,-1.24,sl,5
2023-06-08 16:45:00,2023-06-09 00:45:00,S,0.007915,0.007922,0.008001446703231597,0.0076988832419210085,-0.081,-0.182,time,96
2023-06-09 07:10:00,2023-06-09 12:05:00,S,0.007895,0.007956174682221595,0.007956174682221595,0.00774206329444601,-1.0,-1.142,sl,59
2023-06-09 12:40:00,2023-06-09 15:50:00,L,0.007995,0.007910239253046096,0.007910239253046096,0.008206901867384762,-1.0,-1.104,sl,38
2023-06-09 15:55:00,2023-06-09 23:55:00,S,0.007919,0.007875,0.007990136578584736,0.007741158553538163,0.619,0.496,time,96
2023-06-10 01:05:00,2023-06-10 02:40:00,S,0.007812,0.007518423303212136,0.007929430678715146,0.007518423303212136,2.5,2.427,tp,19
2023-06-10 02:45:00,2023-06-10 04:25:00,S,0.006994,0.004898962588481837,0.007832014964607266,0.004898962588481837,2.5,2.491,tp,20
2023-06-10 04:30:00,2023-06-10 12:30:00,S,0.005671,0.006524,0.00741347262604619,0.0013148184348845257,-0.49,-0.493,time,96
2023-06-11 00:45:00,2023-06-11 08:45:00,S,0.006784,0.006702,0.006894573790588269,0.006507565523529329,0.742,0.674,time,96
2023-06-11 09:55:00,2023-06-11 10:45:00,S,0.006667,0.006737656748323188,0.006737656748323188,0.00649035812919203,-1.0,-1.104,sl,10
2023-06-11 13:40:00,2023-06-11 17:35:00,S,0.006622,0.006712445336017381,0.006712445336017381,0.006395886659956549,-1.0,-1.081,sl,47
2023-06-11 22:40:00,2023-06-12 02:20:00,S,0.006678,0.00650303525501047,0.006747985897995812,0.00650303525501047,2.5,2.395,tp,44
2023-06-12 02:25:00,2023-06-12 10:25:00,S,0.006467,0.00663,0.006679796202593965,0.005935009493515086,-0.766,-0.799,time,96
2023-06-12 12:30:00,2023-06-12 15:45:00,S,0.006582,0.00662553768041184,0.00662553768041184,0.0064731557989704015,-1.0,-1.166,sl,39
2023-06-13 03:10:00,2023-06-13 11:10:00,L,0.006705,0.006803,0.0066287193399358225,0.0068957016501604435,1.285,1.188,time,96
2023-06-13 11:15:00,2023-06-13 12:55:00,L,0.006803,0.006743486737976168,0.006743486737976168,0.00695178315505958,-1.0,-1.126,sl,20
2023-06-13 15:05:00,2023-06-13 18:05:00,S,0.006711,0.00677846461521386,0.00677846461521386,0.006542338461965349,-1.0,-1.109,sl,36
2023-06-13 18:10:00,2023-06-14 02:10:00,L,0.006783,0.00682,0.00671327496338567,0.006957312591535826,0.531,0.424,time,96
2023-06-14 09:45:00,2023-06-14 12:55:00,L,0.006831,0.006913067947457566,0.006798172821016974,0.006913067947457566,2.5,2.271,tp,38
2023-06-14 13:00:00,2023-06-14 13:30:00,L,0.006912,0.006854664980874104,0.006854664980874104,0.007055337547814739,-1.0,-1.133,sl,6
2023-06-14 20:10:00,2023-06-15 04:10:00,S,0.006638,0.00662,0.0068477998204692645,0.006113500448826838,0.086,0.051,time,96
2023-06-15 06:45:00,2023-06-15 13:40:00,S,0.00658,0.0066355310619859035,0.0066355310619859035,0.006441172345035241,-1.0,-1.13,sl,83
2023-06-15 17:10:00,2023-06-15 17:55:00,S,0.006536,0.006595462188337319,0.006595462188337319,0.006387344529156704,-1.0,-1.121,sl,9
2023-06-15 18:05:00,2023-06-15 20:55:00,L,0.006593,0.006809288278598405,0.006506484688560638,0.006809288278598405,2.5,2.416,tp,34
2023-06-15 21:00:00,2023-06-16 05:00:00,L,0.006803,0.006757,0.006702242936926302,0.007054892657684246,-0.457,-0.531,time,96
2023-06-16 11:05:00,2023-06-16 11:25:00,S,0.006721,0.006655842473077928,0.00674706301076883,0.006655842473077928,2.5,2.216,tp,4
2023-06-16 11:30:00,2023-06-16 13:25:00,S,0.00666,0.006738045946017963,0.006738045946017963,0.006464885134955092,-1.0,-1.094,sl,23
2023-06-16 15:00:00,2023-06-16 23:00:00,L,0.006723,0.006807,0.006603887713933177,0.007020780715167058,0.705,0.643,time,96
2023-06-17 05:10:00,2023-06-17 13:10:00,L,0.006834,0.006903,0.006787248152160242,0.0069508796195993944,1.476,1.315,time,96
2023-06-17 15:25:00,2023-06-17 23:25:00,L,0.00691,0.006974,0.006864609132975613,0.007023477167560969,1.41,1.243,time,96
2023-06-17 23:35:00,2023-06-18 00:15:00,L,0.006965,0.00694445420963875,0.00694445420963875,0.007016364475903125,-1.0,-1.373,sl,8
2023-06-18 08:15:00,2023-06-18 16:15:00,L,0.007201,0.007393,0.00694670493392451,0.007836737665188723,0.755,0.724,time,96
2023-06-19 07:10:00,2023-06-19 11:15:00,L,0.007209,0.007153016823600535,0.007153016823600535,0.007348957940998663,-1.0,-1.142,sl,49
2023-06-19 14:20:00,2023-06-19 18:05:00,S,0.007115,0.007208012467855086,0.007208012467855086,0.006882468830362284,-1.0,-1.084,sl,45
2023-06-19 18:10:00,2023-06-19 18:50:00,L,0.007211,0.0071154677339765335,0.0071154677339765335,0.007449830665058667,-1.0,-1.083,sl,8
2023-06-19 21:55:00,2023-06-20 01:35:00,L,0.007265,0.0072000759357998545,0.0072000759357998545,0.0074273101605003625,-1.0,-1.123,sl,44
2023-06-20 14:00:00,2023-06-20 17:45:00,S,0.007073,0.007158168292736095,0.007158168292736095,0.006860079268159763,-1.0,-1.091,sl,45
2023-06-20 18:10:00,2023-06-21 01:10:00,L,0.007146,0.00740260937671392,0.007043356249314432,0.00740260937671392,2.5,2.423,tp,84
2023-06-21 01:15:00,2023-06-21 09:15:00,L,0.007404,0.00734,0.007248640884660371,0.007792397788349073,-0.412,-0.464,time,96
2023-06-21 14:00:00,2023-06-21 16:25:00,L,0.007342,0.007544123519892365,0.0072611505920430535,0.007544123519892365,2.5,2.4,tp,29
2023-06-21 16:30:00,2023-06-22 00:30:00,L,0.007563,0.007621,0.007376364555678993,0.008029588610802519,0.311,0.266,time,96
2023-06-22 00:35:00,2023-06-22 01:45:00,L,0.007621,0.007859451592480214,0.007525619363007914,0.007859451592480214,2.5,2.412,tp,14
2023-06-22 01:50:00,2023-06-22 07:15:00,L,0.007836,0.008406333030512936,0.007607866787794825,0.008406333030512936,2.5,2.462,tp,65
2023-06-22 07:20:00,2023-06-22 11:05:00,L,0.008414,0.008019683638547107,0.008019683638547107,0.00939979090363223,-1.0,-1.023,sl,45
2023-06-22 20:55:00,2023-06-22 22:25:00,L,0.007931,0.007821892020661308,0.007821892020661308,0.00820376994834673,-1.0,-1.08,sl,18
2023-06-23 01:45:00,2023-06-23 02:00:00,L,0.007907,0.007848651874079262,0.007848651874079262,0.008052870314801848,-1.0,-1.149,sl,3
2023-06-23 03:45:00,2023-06-23 09:15:00,L,0.007935,0.007834958724263735,0.007834958724263735,0.00818510318934066,-1.0,-1.087,sl,66
2023-06-23 12:35:00,2023-06-23 15:05:00,S,0.007771,0.00784327440682447,0.00784327440682447,0.007590313982938824,-1.0,-1.118,sl,30
2023-06-23 15:10:00,2023-06-23 23:10:00,L,0.007846,0.007919,0.007708926140060201,0.008188684649849499,0.533,0.47,time,96
2023-06-24 02:05:00,2023-06-24 10:05:00,L,0.007972,0.00796,0.0078299784451029,0.008327053887242749,-0.084,-0.146,time,96
2023-06-24 10:25:00,2023-06-24 13:25:00,L,0.007983,0.007945366676077353,0.007945366676077353,0.00807708330980662,-1.0,-1.233,sl,36
2023-06-24 15:20:00,2023-06-24 23:20:00,S,0.007889,0.007846,0.00800836999434151,0.007590575014146226,0.36,0.288,time,96
2023-06-25 00:45:00,2023-06-25 01:25:00,S,0.007781,0.007833388753259365,0.007833388753259365,0.007650028116851587,-1.0,-1.163,sl,8
2023-06-25 02:50:00,2023-06-25 10:50:00,L,0.007875,0.007934,0.007802448643443841,0.008056378391390399,0.813,0.694,time,96
2023-06-25 13:20:00,2023-06-25 21:20:00,S,0.007888,0.007814,0.007954412752499916,0.007721968118750208,1.114,0.984,time,96
2023-06-26 01:05:00,2023-06-26 09:05:00,S,0.007706,0.007762,0.00791088476615259,0.007193788084618527,-0.273,-0.315,time,96
2023-06-26 13:50:00,2023-06-26 14:40:00,L,0.007788,0.007728518439166593,0.007728518439166593,0.007936703902083517,-1.0,-1.144,sl,10
2023-06-26 14:45:00,2023-06-26 22:45:00,S,0.007701,0.007554,0.007833729946065262,0.007369175134836847,1.108,1.044,time,96
2023-06-27 05:35:00,2023-06-27 10:10:00,S,0.007571,0.007626385795267096,0.007626385795267096,0.007432535511832258,-1.0,-1.15,sl,55
2023-06-27 13:25:00,2023-06-27 14:00:00,S,0.007578,0.007650890356876126,0.007650890356876126,0.007395774107809683,-1.0,-1.114,sl,7
2023-06-27 15:15:00,2023-06-27 23:15:00,S,0.007571,0.007551,0.0076643800291164525,0.0073375499272088675,0.214,0.125,time,96
2023-06-28 00:25:00,2023-06-28 07:30:00,S,0.007505,0.007255546263274541,0.007604781494690184,0.007255546263274541,2.5,2.417,tp,85
2023-06-28 07:35:00,2023-06-28 15:35:00,S,0.007267,0.007405,0.007448183222416753,0.006814041943958117,-0.762,-0.806,time,96
2023-06-28 17:15:00,2023-06-28 19:30:00,S,0.007314,0.007051708384956348,0.007418916646017461,0.007051708384956348,2.5,2.423,tp,27
2023-06-28 19:35:00,2023-06-29 03:35:00,S,0.00714,0.007254,0.007338811069543498,0.006642972326141253,-0.573,-0.613,time,96
2023-06-29 11:20:00,2023-06-29 13:55:00,L,0.007371,0.007313277487556592,0.007313277487556592,0.0075153062811085195,-1.0,-1.14,sl,31
2023-06-29 14:00:00,2023-06-29 22:00:00,S,0.007332,0.007314,0.007430657500323027,0.0070853562491924316,0.182,0.101,time,96
2023-06-30 01:05:00,2023-06-30 02:10:00,S,0.007275,0.007349922235965947,0.007349922235965947,0.007087694410085133,-1.0,-1.107,sl,13
2023-06-30 02:15:00,2023-06-30 04:05:00,L,0.007348,0.007547844624252882,0.007268062150298848,0.007547844624252882,2.5,2.399,tp,22
2023-06-30 04:10:00,2023-06-30 12:10:00,L,0.007524,0.007596,0.007403220540095841,0.0078259486497604,0.596,0.528,time,96
2023-06-30 13:45:00,2023-06-30 21:45:00,S,0.007351,0.007525,0.007633303949951376,0.006645240125121559,-0.616,-0.645,time,96
2023-06-30 22:05:00,2023-07-01 06:05:00,L,0.007533,0.007601,0.00743751530417395,0.007771711739565123,0.712,0.625,time,96
2023-07-01 07:00:00,2023-07-01 10:40:00,L,0.007649,0.007580329850493028,0.007580329850493028,0.007820675373767433,-1.0,-1.123,sl,44
2023-07-01 13:25:00,2023-07-01 15:15:00,L,0.007646,0.00760214855660773,0.00760214855660773,0.007755628608480675,-1.0,-1.192,sl,22
2023-07-01 21:40:00,2023-07-02 00:10:00,L,0.007623,0.0075969402132740095,0.0075969402132740095,0.007688149466814975,-1.0,-1.322,sl,30
2023-07-02 02:20:00,2023-07-02 08:05:00,S,0.007524,0.007617689954093007,0.007617689954093007,0.007289775114767483,-1.0,-1.088,sl,69
2023-07-02 08:10:00,2023-07-02 09:55:00,L,0.007606,0.007559633715048754,0.007559633715048754,0.007721915712378114,-1.0,-1.18,sl,21
2023-07-02 20:50:00,2023-07-02 22:25:00,L,0.007606,0.0077066568723057095,0.007565737251077716,0.0077066568723057095,2.5,2.292,tp,19
2023-07-02 22:30:00,2023-07-02 22:40:00,L,0.0077,0.007638940107727912,0.007638940107727912,0.007852649730680221,-1.0,-1.139,sl,2
2023-07-03 11:15:00,2023-07-03 12:05:00,L,0.007721,0.007648621292444501,0.007648621292444501,0.007901946768888748,-1.0,-1.117,sl,10
2023-07-03 15:20:00,2023-07-03 23:20:00,L,0.007715,0.007733,0.007672442253599537,0.007821394366001155,0.423,0.224,time,96
2023-07-04 02:50:00,2023-07-04 07:45:00,L,0.007774,0.007685362221877525,0.007685362221877525,0.007995594445306186,-1.0,-1.096,sl,59
2023-07-04 07:50:00,2023-07-04 13:40:00,S,0.0077,0.0077726360437896545,0.0077726360437896545,0.007518409890525865,-1.0,-1.117,sl,70
2023-07-04 13:45:00,2023-07-04 17:50:00,L,0.007764,0.007695777725153203,0.007695777725153203,0.007934555687116993,-1.0,-1.125,sl,49
2023-07-04 23:55:00,2023-07-05 02:50:00,S,0.007673,0.00773053883629176,0.00773053883629176,0.0075291529092706005,-1.0,-1.147,sl,35
2023-07-05 04:00:00,2023-07-05 04:45:00,L,0.007738,0.007711064659708285,0.007711064659708285,0.007805338350729289,-1.0,-1.316,sl,9
2023-07-05 08:20:00,2023-07-05 10:35:00,S,0.007674,0.007532460698335826,0.00773061572066567,0.007532460698335826,2.5,2.351,tp,27
2023-07-05 10:40:00,2023-07-05 18:40:00,S,0.007467,0.007439,0.007669681843265933,0.006960295391835167,0.138,0.098,time,96
2023-07-05 20:05:00,2023-07-05 23:25:00,S,0.007412,0.00747555863649795,0.00747555863649795,0.0072531034087551256,-1.0,-1.128,sl,40
2023-07-06 00:50:00,2023-07-06 02:00:00,S,0.007423,0.0074796589056400345,0.0074796589056400345,0.0072813527358999135,-1.0,-1.144,sl,14
2023-07-06 07:35:00,2023-07-06 11:50:00,L,0.007585,0.007529900593463097,0.007529900593463097,0.007722748516342256,-1.0,-1.151,sl,51
2023-07-06 11:55:00,2023-07-06 14:10:00,S,0.007527,0.007267229530570855,0.007630908187771658,0.007267229530570855,2.5,2.42,tp,27
2023-07-06 14:15:00,2023-07-06 22:15:00,S,0.007325,0.007268,0.00751441727181439,0.006851456820464024,0.301,0.258,time,96
2023-07-06 23:05:00,2023-07-07 07:05:00,S,0.007208,0.007227,0.007285365658418635,0.007014585853953413,-0.246,-0.348,time,96
2023-07-07 18:55:00,2023-07-07 21:25:00,S,0.007248,0.007289411782931582,0.007289411782931582,0.007144470542671044,-1.0,-1.193,sl,30
2023-07-08 04:10:00,2023-07-08 08:30:00,S,0.007284,0.0073260755540295154,0.0073260755540295154,0.00717881111492621,-1.0,-1.19,sl,52
2023-07-08 08:35:00,2023-07-08 14:25:00,L,0.007332,0.007439093546602532,0.007289162581358987,0.007439093546602532,2.5,2.312,tp,70
2023-07-08 14:30:00,2023-07-08 15:05:00,L,0.007448,0.007369328932239583,0.007369328932239583,0.007644677669401042,-1.0,-1.104,sl,7
2023-07-08 17:50:00,2023-07-08 19:00:00,L,0.00746,0.00758157068469958,0.007411371726120167,0.00758157068469958,2.5,2.331,tp,14
2023-07-08 19:05:00,2023-07-09 03:05:00,L,0.007585,0.007729,0.007431311500822489,0.007969221247943777,0.937,0.883,time,96
2023-07-09 04:50:00,2023-07-09 06:05:00,L,0.00779,0.007674907099168178,0.007674907099168178,0.008077732252079556,-1.0,-1.074,sl,15
2023-07-09 10:50:00,2023-07-09 18:50:00,L,0.007741,0.007695,0.007583881640375849,0.008133795899060376,-0.293,-0.347,time,96
2023-07-09 19:00:00,2023-07-09 20:25:00,L,0.007695,0.007659208529591023,0.007659208529591023,0.007784478676022442,-1.0,-1.236,sl,17
2023-07-10 06:00:00,2023-07-10 14:00:00,S,0.007528,0.00753,0.0076408279307869165,0.007245930173032709,-0.018,-0.091,time,96
2023-07-10 19:05:00,2023-07-10 21:55:00,L,0.0076,0.007521095613028127,0.007521095613028127,0.0077972609674296835,-1.0,-1.106,sl,34
2023-07-10 22:00:00,2023-07-11 06:00:00,S,0.007531,0.007584,0.00763044067562265,0.007282398310943376,-0.533,-0.616,time,96
2023-07-11 09:05:00,2023-07-11 13:40:00,S,0.007549,0.007476104615143618,0.007578158153942553,0.007476104615143618,2.5,2.215,tp,55
2023-07-11 18:35:00,2023-07-11 22:55:00,S,0.007442,0.007524672796322962,0.007524672796322962,0.007235318009192594,-1.0,-1.099,sl,52
2023-07-12 02:35:00,2023-07-12 10:35:00,L,0.007551,0.007517,0.007501987038310905,0.00767353240422274,-0.694,-0.863,time,96
2023-07-12 10:55:00,2023-07-12 11:20:00,S,0.007515,0.007538695156459405,0.007538695156459405,0.007455762108851487,-1.0,-1.349,sl,5
2023-07-12 12:20:00,2023-07-12 12:30:00,S,0.007515,0.007554063943097004,0.007554063943097004,0.00741734014225749,-1.0,-1.212,sl,2
2023-07-12 12:35:00,2023-07-12 16:05:00,S,0.007531,0.007446616855732026,0.00756475325770719,0.007446616855732026,2.5,2.255,tp,42
2023-07-12 16:10:00,2023-07-13 00:10:00,S,0.007428,0.007506,0.007546008643042458,0.007132978392393855,-0.661,-0.73,time,96
2023-07-13 03:30:00,2023-07-13 09:30:00,S,0.00743,0.007510236215326249,0.007510236215326249,0.007229409461684377,-1.0,-1.102,sl,72
2023-07-13 09:40:00,2023-07-13 15:30:00,L,0.00751,0.007614825331562479,0.0074680698673750085,0.007614825331562479,2.5,2.303,tp,70
2023-07-13 15:35:00,2023-07-13 17:50:00,L,0.007596,0.007829393708627001,0.0075026425165492,0.007829393708627001,2.5,2.41,tp,27
2023-07-13 17:55:00,2023-07-14 01:55:00,L,0.007959,0.008048,0.007656481226923637,0.008715296932690911,0.294,0.265,time,96
2023-07-14 07:00:00,2023-07-14 07:40:00,L,0.008019,0.007954351653577028,0.007954351653577028,0.00818062086605743,-1.0,-1.136,sl,8
2023-07-14 11:55:00,2023-07-14 15:25:00,L,0.00798,0.008229459069400688,0.007880216372239724,0.008229459069400688,2.5,2.412,tp,42
2023-07-14 15:30:00,2023-07-14 18:20:00,L,0.008365,0.007985272770765864,0.007985272770765864,0.009314318073085337,-1.0,-1.024,sl,34
2023-07-14 18:25:00,2023-07-15 02:25:00,S,0.007934,0.007979,0.00823851346848491,0.007172716328787725,-0.148,-0.176,time,96
2023-07-15 03:05:00,2023-07-15 03:15:00,L,0.008034,0.007965200424065833,0.007965200424065833,0.008205998939835415,-1.0,-1.128,sl,2
2023-07-15 05:05:00,2023-07-15 05:20:00,L,0.008075,0.008378123328443343,0.007953750668622663,0.008378123328443343,2.5,2.427,tp,3
2023-07-15 05:25:00,2023-07-15 13:25:00,L,0.008405,0.00822,0.007984834067091988,0.009455414832270028,-0.44,-0.462,time,96
2023-07-15 15:40:00,2023-07-15 16:00:00,L,0.008322,0.008212559495103671,0.008212559495103671,0.00859560126224082,-1.0,-1.084,sl,4
2023-07-15 19:15:00,2023-07-15 21:15:00,L,0.008316,0.008130244216669486,0.008130244216669486,0.008780389458326286,-1.0,-1.049,sl,24
2023-07-16 02:20:00,2023-07-16 10:20:00,S,0.008061,0.008067,0.008168431919509217,0.007792420201226958,-0.056,-0.138,time,96
2023-07-16 10:40:00,2023-07-16 18:40:00,S,0.008037,0.00794,0.008092099332366286,0.007899251669084287,1.76,1.6,time,96
2023-07-16 19:00:00,2023-07-17 03:00:00,S,0.0079,0.007899,0.008024545096409626,0.0075886372589759376,0.008,-0.062,time,96
2023-07-17 06:50:00,2023-07-17 14:50:00,S,0.00793,0.007859,0.008075364026983315,0.007566589932541712,0.488,0.428,time,96
2023-07-17 16:40:00,2023-07-18 00:30:00,S,0.007764,0.007884382679968327,0.007884382679968327,0.007463043300079183,-1.0,-1.071,sl,94
2023-07-18 04:15:00,2023-07-18 11:35:00,S,0.007822,0.0076704221901726715,0.007882631123930933,0.0076704221901726715,2.5,2.358,tp,88
2023-07-18 11:40:00,2023-07-18 19:40:00,S,0.007706,0.007654,0.007772280935278777,0.007540297661803059,0.785,0.657,time,96
2023-07-19 02:05:00,2023-07-19 08:05:00,L,0.007774,0.007733514878594188,0.007733514878594188,0.007875212803514529,-1.0,-1.211,sl,72
2023-07-19 08:10:00,2023-07-19 15:55:00,S,0.007736,0.007797491812210417,0.007797491812210417,0.007582270469473957,-1.0,-1.138,sl,93
2023-07-19 16:00:00,2023-07-20 00:00:00,L,0.00781,0.007732,0.007637242167862116,0.00824189458034471,-0.451,-0.501,time,96
2023-07-20 04:25:00,2023-07-20 05:15:00,S,0.007722,0.007764171926253152,0.007764171926253152,0.00761657018436712,-1.0,-1.201,sl,10
2023-07-20 06:35:00,2023-07-20 08:35:00,L,0.007775,0.007840526147955645,0.007748789540817742,0.007840526147955645,2.5,2.174,tp,24
2023-07-20 08:40:00,2023-07-20 09:20:00,L,0.007846,0.0077799067521567575,0.0077799067521567575,0.008011233119608108,-1.0,-1.131,sl,8
2023-07-20 09:50:00,2023-07-20 14:30:00,L,0.007824,0.007776603859737675,0.007776603859737675,0.00794249035065581,-1.0,-1.182,sl,56
2023-07-20 14:35:00,2023-07-20 22:35:00,S,0.007779,0.007701,0.007873101634252823,0.007543745914367945,0.829,0.738,time,96
2023-07-21 00:40:00,2023-07-21 01:20:00,S,0.007651,0.007705766820974043,0.007705766820974043,0.007514082947564891,-1.0,-1.154,sl,8
2023-07-21 02:30:00,2023-07-21 10:30:00,L,0.007768,0.007774,0.007685404471601338,0.007974488820996654,0.073,-0.031,time,96
2023-07-21 12:35:00,2023-07-21 13:10:00,L,0.007807,0.007940319335394703,0.007753672265842119,0.007940319335394703,2.5,2.339,tp,7
2023-07-21 13:15:00,2023-07-21 19:10:00,L,0.007976,0.007763033045126573,0.007763033045126573,0.008508417387183567,-1.0,-1.041,sl,71
2023-07-21 22:25:00,2023-07-22 06:25:00,L,0.007846,0.00784,0.007783741118521224,0.008001647203696942,-0.096,-0.235,time,96
2023-07-22 09:55:00,2023-07-22 17:55:00,S,0.007805,0.007798,0.007869381909159928,0.007644045227100181,0.109,-0.025,time,96
2023-07-22 22:00:00,2023-07-22 23:05:00,L,0.007817,0.007795339936736586,0.007795339936736586,0.007871150158158532,-1.0,-1.397,sl,13
2023-07-22 23:20:00,2023-07-23 03:45:00,S,0.007731,0.00782947901153314,0.00782947901153314,0.007484802471167152,-1.0,-1.086,sl,53
2023-07-23 04:10:00,2023-07-23 07:05:00,L,0.007829,0.007803246442826932,0.007803246442826932,0.007893383892932667,-1.0,-1.334,sl,35
2023-07-23 09:10:00,2023-07-23 17:10:00,L,0.007836,0.007859,0.007800085862181232,0.007925785344546918,0.64,0.4,time,96
2023-07-23 18:00:00,2023-07-23 19:40:00,L,0.007888,0.007846818698474225,0.007846818698474225,0.007990953253814435,-1.0,-1.211,sl,20
2023-07-23 22:00:00,2023-07-24 00:40:00,S,0.007818,0.007896244314284318,0.007896244314284318,0.007622389214289207,-1.0,-1.11,sl,32
2023-07-24 00:45:00,2023-07-24 01:35:00,L,0.007916,0.007843839986536516,0.007843839986536516,0.008096400033658708,-1.0,-1.121,sl,10
2023-07-24 02:10:00,2023-07-24 07:35:00,S,0.007806,0.007878717470094911,0.007878717470094911,0.00762420632476272,-1.0,-1.118,sl,65
2023-07-24 07:40:00,2023-07-24 09:50:00,L,0.007895,0.007778002389075315,0.007778002389075315,0.008187494027311708,-1.0,-1.074,sl,26
2023-07-24 09:55:00,2023-07-24 17:55:00,S,0.007668,0.007643,0.007939270427855197,0.006989823930362007,0.092,0.061,time,96
2023-07-24 20:40:00,2023-07-24 22:10:00,S,0.007619,0.0076565610555041335,0.0076565610555041335,0.007525097361239666,-1.0,-1.223,sl,18
2023-07-25 05:50:00,2023-07-25 12:50:00,L,0.007841,0.007744876550809031,0.007744876550809031,0.008081308622977425,-1.0,-1.09,sl,84
2023-07-25 13:30:00,2023-07-25 16:30:00,S,0.007712,0.007794845725107463,0.007794845725107463,0.007504885687231344,-1.0,-1.102,sl,36
2023-07-25 17:50:00,2023-07-26 01:50:00,L,0.007842,0.00787,0.007729136174876411,0.008124159562808972,0.248,0.172,time,96
2023-07-26 05:05:00,2023-07-26 08:10:00,L,0.007959,0.00785284410623453,0.00785284410623453,0.00822438973441368,-1.0,-1.082,sl,37
2023-07-26 09:15:00,2023-07-26 16:20:00,S,0.007836,0.007765748630695838,0.007864100547721664,0.007765748630695838,2.5,2.193,tp,85
2023-07-26 17:15:00,2023-07-26 18:10:00,S,0.00773,0.00782610829735304,0.00782610829735304,0.0074897292566174,-1.0,-1.088,sl,11
2023-07-26 18:15:00,2023-07-27 02:15:00,L,0.00782,0.007903,0.007702309710676359,0.008114225723309105,0.705,0.632,time,96
2023-07-27 09:40:00,2023-07-27 13:10:00,L,0.007889,0.00784887063461645,0.00784887063461645,0.007989323413458874,-1.0,-1.216,sl,42
2023-07-27 13:15:00,2023-07-27 18:35:00,S,0.007845,0.007730029591619274,0.00789098816335229,0.007730029591619274,2.5,2.312,tp,64
2023-07-27 18:40:00,2023-07-27 21:40:00,S,0.007735,0.00780533969218203,0.00780533969218203,0.007559150769544923,-1.0,-1.121,sl,36
2023-07-28 08:10:00,2023-07-28 10:40:00,S,0.007775,0.007823910648650139,0.007823910648650139,0.007652723378374653,-1.0,-1.175,sl,30
2023-07-28 10:45:00,2023-07-28 12:55:00,L,0.007823,0.007879486009706034,0.0078004055961175866,0.007879486009706034,2.5,2.119,tp,26
2023-07-28 13:00:00,2023-07-28 13:10:00,L,0.007882,0.008014291497829638,0.007829083400868145,0.008014291497829638,2.5,2.336,tp,2
2023-07-28 13:15:00,2023-07-28 21:15:00,L,0.008084,0.008279,0.007846821105691057,0.008676947235772354,0.822,0.785,time,96
2023-07-29 01:35:00,2023-07-29 02:05:00,L,0.008274,0.008206800874706151,0.008206800874706151,0.008441997813234622,-1.0,-1.135,sl,6
2023-07-29 12:25:00,2023-07-29 20:25:00,L,0.008344,0.008434,0.008147697987548516,0.008834755031128714,0.458,0.412,time,96
2023-07-29 20:35:00,2023-07-30 02:15:00,L,0.00847,0.008755908355879024,0.00835563665764839,0.008755908355879024,2.5,2.419,tp,68
2023-07-30 02:20:00,2023-07-30 06:35:00,L,0.008722,0.008472072340426962,0.008472072340426962,0.009346819148932598,-1.0,-1.038,sl,51
2023-07-30 19:50:00,2023-07-31 03:50:00,S,0.008251,0.00836,0.008442390399833157,0.007772524000417106,-0.57,-0.617,time,96
2023-07-31 04:20:00,2023-07-31 06:25:00,S,0.008322,0.008372284494308619,0.008372284494308619,0.00819628876422845,-1.0,-1.182,sl,25
2023-07-31 08:30:00,2023-07-31 11:35:00,L,0.008382,0.008548411489743871,0.008315435404102452,0.008548411489743871,2.5,2.361,tp,37
2023-07-31 11:40:00,2023-07-31 19:40:00,L,0.008574,0.008465,0.008380497128767386,0.009057757178081535,-0.563,-0.612,time,96
2023-07-31 20:00:00,2023-07-31 23:40:00,S,0.00837,0.00847849870668286,0.00847849870668286,0.00809875323329285,-1.0,-1.085,sl,44
2023-08-01 01:30:00,2023-08-01 02:10:00,S,0.008384,0.008196075581352356,0.008459169767459059,0.008196075581352356,2.5,2.377,tp,8
2023-08-01 02:15:00,2023-08-01 10:15:00,S,0.008223,0.008294,0.008455123692454505,0.0076426907688637346,-0.306,-0.345,time,96
2023-08-01 11:40:00,2023-08-01 13:15:00,S,0.008288,0.008322761734131236,0.008322761734131236,0.00820109566467191,-1.0,-1.262,sl,19
2023-08-01 14:50:00,2023-08-01 18:55:00,S,0.008223,0.008325771135239293,0.008325771135239293,0.007966072161901766,-1.0,-1.088,sl,49
2023-08-01 23:15:00,2023-08-02 01:30:00,L,0.008355,0.008454184081058951,0.008315326367576419,0.008454184081058951,2.5,2.268,tp,27
2023-08-02 01:35:00,2023-08-02 03:05:00,L,0.008454,0.008396558657642552,0.008396558657642552,0.008597603355893619,-1.0,-1.162,sl,18
2023-08-02 05:30:00,2023-08-02 13:30:00,S,0.008337,0.008259,0.0083839515861931,0.008219621034517254,1.661,1.466,time,96
2023-08-02 13:35:00,2023-08-02 16:50:00,S,0.008259,0.008158108530131183,0.008299356587947528,0.008158108530131183,2.5,2.275,tp,39
2023-08-02 16:55:00,2023-08-03 00:55:00,S,0.008139,0.008166,0.008264282797235005,0.007825793006912489,-0.216,-0.287,time,96
2023-08-03 05:40:00,2023-08-03 08:20:00,L,0.008283,0.00817891511773706,0.00817891511773706,0.008543212205657352,-1.0,-1.088,sl,32
2023-08-03 08:25:00,2023-08-03 10:00:00,S,0.008173,0.008248354659486552,0.008248354659486552,0.00798461335128362,-1.0,-1.119,sl,19
2023-08-03 12:50:00,2023-08-03 13:35:00,S,0.008195,0.008247255699741501,0.008247255699741501,0.008064360750646244,-1.0,-1.173,sl,9
2023-08-03 14:35:00,2023-08-03 22:05:00,L,0.008265,0.008213720580945843,0.008213720580945843,0.008393198547635393,-1.0,-1.177,sl,90
2023-08-03 22:10:00,2023-08-04 00:15:00,S,0.008246,0.00833240364014599,0.00833240364014599,0.008029990899635023,-1.0,-1.105,sl,25
2023-08-04 00:20:00,2023-08-04 08:00:00,L,0.008332,0.008526615304871591,0.008254153878051364,0.008526615304871591,2.5,2.382,tp,92
2023-08-04 08:05:00,2023-08-04 16:05:00,L,0.008554,0.008755,0.00838077186747985,0.008987070331300376,1.16,1.106,time,96
2023-08-05 00:30:00,2023-08-05 08:30:00,L,0.008812,0.009112,0.008642691376311818,0.009235271559220458,1.772,1.715,time,96
2023-08-05 09:00:00,2023-08-05 09:10:00,L,0.009169,0.009431497402253956,0.009064001039098418,0.009431497402253956,2.5,2.404,tp,2
2023-08-05 09:15:00,2023-08-05 14:35:00,L,0.009323,0.009984301864519093,0.009058479254192363,0.009984301864519093,2.5,2.461,tp,64
2023-08-05 14:40:00,2023-08-05 22:40:00,L,0.009954,0.010073,0.009469493999163234,0.011165265002091914,0.246,0.223,time,96
2023-08-06 00:45:00,2023-08-06 02:05:00,L,0.010137,0.00979289738943379,0.00979289738943379,0.010997256526415523,-1.0,-1.032,sl,16
2023-08-06 11:50:00,2023-08-06 13:05:00,L,0.009833,0.009578848884219806,0.009578848884219806,0.010468377789450485,-1.0,-1.043,sl,15
2023-08-06 13:25:00,2023-08-06 21:25:00,S,0.009576,0.009399,0.009752388831508828,0.009135027921227928,1.003,0.944,time,96
2023-08-07 00:10:00,2023-08-07 01:15:00,S,0.009301,0.009390840034254168,0.009390840034254168,0.00907639991436458,-1.0,-1.114,sl,13
2023-08-07 01:20:00,2023-08-07 07:30:00,L,0.009399,0.009186041102943814,0.009186041102943814,0.009931397242640463,-1.0,-1.049,sl,74
2023-08-07 07:35:00,2023-08-07 15:35:00,S,0.009149,0.009028,0.009319891348126181,0.008721771629684544,0.708,0.649,time,96
2023-08-07 16:15:00,2023-08-08 00:15:00,S,0.008881,0.008919,0.00907123527100843,0.008405411822478927,-0.2,-0.251,time,96
2023-08-08 10:35:00,2023-08-08 10:55:00,S,0.008953,0.008990786847923411,0.008990786847923411,0.00885853288019147,-1.0,-1.261,sl,4
2023-08-08 13:05:00,2023-08-08 13:55:00,L,0.009049,0.009314155571350489,0.008942937771459804,0.009314155571350489,2.5,2.406,tp,10
2023-08-08 14:00:00,2023-08-08 22:00:00,L,0.009256,0.009393,0.009011571108015577,0.009867072229961058,0.56,0.519,time,96
2023-08-09 00:30:00,2023-08-09 08:30:00,L,0.009628,0.009868,0.009437494785851977,0.010104263035370056,1.26,1.204,time,96
2023-08-09 17:05:00,2023-08-09 22:55:00,S,0.009519,0.009695538854067641,0.009695538854067641,0.009077652864830896,-1.0,-1.059,sl,70
2023-08-10 02:25:00,2023-08-10 10:25:00,L,0.009693,0.009795,0.009589523233566249,0.009951691916084379,0.986,0.883,time,96
2023-08-10 12:35:00,2023-08-10 20:35:00,L,0.009892,0.00997,0.009716637723346072,0.010330405691634818,0.445,0.383,time,96
2023-08-11 02:00:00,2023-08-11 10:00:00,L,0.009953,0.010017,0.009759526677372864,0.010436683306567841,0.331,0.274,time,96
2023-08-11 14:05:00,2023-08-11 14:45:00,L,0.010095,0.010328394454853784,0.010001642218058486,0.010328394454853784,2.5,2.381,tp,8
2023-08-11 14:50:00,2023-08-11 22:50:00,L,0.010296,0.010468,0.010031924109894003,0.010956189725264992,0.651,0.608,time,96
2023-08-12 00:00:00,2023-08-12 00:30:00,L,0.010518,0.01086694545612802,0.010378421817548791,0.01086694545612802,2.5,2.417,tp,6
2023-08-12 00:35:00,2023-08-12 08:35:00,L,0.01086,0.010884,0.010387142037320638,0.012042144906698405,0.051,0.025,time,96
2023-08-12 13:35:00,2023-08-12 15:20:00,L,0.01107,0.010864764107154406,0.010864764107154406,0.011583089732113985,-1.0,-1.059,sl,21
2023-08-12 22:25:00,2023-08-12 23:40:00,L,0.010843,0.010688839641942994,0.010688839641942994,0.011228400895142515,-1.0,-1.077,sl,15
2023-08-13 04:05:00,2023-08-13 05:55:00,L,0.010746,0.010570139484924098,0.010570139484924098,0.011185651287689755,-1.0,-1.067,sl,22
2023-08-13 09:55:00,2023-08-13 11:00:00,S,0.010507,0.010609449130044808,0.010609449130044808,0.010250877174887981,-1.0,-1.113,sl,13
2023-08-13 11:05:00,2023-08-13 13:00:00,L,0.01064,0.010503748300562485,0.010503748300562485,0.010980629248593788,-1.0,-1.086,sl,23
2023-08-13 13:25:00,2023-08-13 21:25:00,S,0.01047,0.010423,0.010649020176059948,0.01002244955985013,0.263,0.198,time,96
2023-08-13 21:55:00,2023-08-14 00:35:00,S,0.010381,0.010106189377773977,0.010490924248890409,0.010106189377773977,2.5,2.396,tp,32
2023-08-14 00:40:00,2023-08-14 05:05:00,S,0.010099,0.010278568534020304,0.010278568534020304,0.009650078664949241,-1.0,-1.062,sl,53
2023-08-14 08:20:00,2023-08-14 16:20:00,L,0.010518,0.010397,0.010306500649640034,0.011046748375899914,-0.572,-0.627,time,96
2023-08-14 16:40:00,2023-08-15 00:40:00,S,0.010351,0.010354,0.010504347758375379,0.009967630604061556,-0.02,-0.094,time,96
2023-08-15 05:55:00,2023-08-15 08:40:00,S,0.010142,0.010294877717002196,0.010294877717002196,0.009759805707494509,-1.0,-1.073,sl,33
2023-08-15 12:05:00,2023-08-15 14:30:00,S,0.010181,0.010301056514238132,0.010301056514238132,0.009880858714404672,-1.0,-1.093,sl,29
2023-08-15 14:35:00,2023-08-15 18:40:00,L,0.01037,0.010120299254570225,0.010120299254570225,0.01099425186357444,-1.0,-1.046,sl,49
2023-08-15 18:45:00,2023-08-16 02:45:00,S,0.010182,0.010107,0.010652692004173774,0.009005269989565565,0.159,0.136,time,96
2023-08-16 05:25:00,2023-08-16 12:05:00,S,0.009985,0.009621316212283322,0.010130473515086672,0.009621316212283322,2.5,2.424,tp,80
2023-08-16 12:10:00,2023-08-16 17:30:00,S,0.009631,0.0098898775731369,0.0098898775731369,0.00898380606715775,-1.0,-1.041,sl,64
2023-08-16 20:25:00,2023-08-16 20:25:00,S,0.009686,0.00940191538220502,0.009799633847117992,0.00940191538220502,2.5,2.406,tp,0
2023-08-16 20:30:00,2023-08-17 04:30:00,S,0.009453,0.009233,0.00980428266750226,0.00857479333124435,0.626,0.597,time,96
2023-08-17 08:20:00,2023-08-17 11:10:00,S,0.009149,0.008890693363817558,0.009252322654472976,0.008890693363817558,2.5,2.403,tp,34
2023-08-17 11:15:00,2023-08-17 19:15:00,S,0.008847,0.008754,0.009100024092352494,0.00821443976911877,0.368,0.329,time,96
2023-08-17 20:30:00,2023-08-17 21:40:00,S,0.008615,0.008211456509466426,0.008776417396213428,0.008211456509466426,2.5,2.441,tp,14
2023-08-17 21:45:00,2023-08-18 05:45:00,S,0.007098,0.008152,0.00862970687913899,0.0032687328021525257,-0.688,-0.693,time,96
2023-08-19 03:20:00,2023-08-19 09:45:00,S,0.008454,0.008551157995007594,0.008551157995007594,0.008211105012481014,-1.0,-1.096,sl,77
2023-08-19 12:55:00,2023-08-19 15:45:00,S,0.008449,0.008520293640246085,0.008520293640246085,0.008270765899384786,-1.0,-1.13,sl,34
2023-08-19 16:50:00,2023-08-19 17:20:00,L,0.008585,0.008474391202106702,0.008474391202106702,0.008861521994733246,-1.0,-1.085,sl,6
2023-08-19 18:20:00,2023-08-20 02:20:00,S,0.008439,0.008442,0.008541713918503622,0.008182215203740947,-0.029,-0.12,time,96
2023-08-20 06:35:00,2023-08-20 14:35:00,S,0.00838,0.008268,0.008455655916682351,0.008190860208294123,1.48,1.359,time,96
2023-08-20 14:40:00,2023-08-20 22:40:00,S,0.008268,0.008322,0.008392156378311604,0.007957609054220988,-0.435,-0.508,time,96
2023-08-21 04:30:00,2023-08-21 05:30:00,S,0.008267,0.008314721714979325,0.008314721714979325,0.008147695712551688,-1.0,-1.191,sl,12
2023-08-21 08:10:00,2023-08-21 15:20:00,S,0.0082,0.007956982504841014,0.008297206998063595,0.007956982504841014,2.5,2.407,tp,86
2023-08-21 15:25:00,2023-08-21 23:25:00,S,0.007943,0.007985,0.008123050500225697,0.007492873749435758,-0.233,-0.282,time,96
2023-08-22 01:15:00,2023-08-22 07:40:00,S,0.007915,0.007967788106848719,0.007967788106848719,0.007783029732878203,-1.0,-1.165,sl,77
2023-08-22 13:40:00,2023-08-22 21:25:00,S,0.007925,0.007737364930420051,0.00800005402783198,0.007737364930420051,2.5,2.384,tp,93
2023-08-23 01:35:00,2023-08-23 04:35:00,L,0.00805,0.008254292253569051,0.007968283098572379,0.008254292253569051,2.5,2.392,tp,36
2023-08-23 04:40:00,2023-08-23 12:40:00,L,0.008239,0.008141,0.00811150221156822,0.008557744471079452,-0.769,-0.84,time,96
2023-08-23 14:55:00,2023-08-23 16:20:00,L,0.008278,0.008538861854986438,0.008173655258005426,0.008538861854986438,2.5,2.413,tp,17
2023-08-23 16:25:00,2023-08-24 00:25:00,L,0.00848,0.008286,0.008227460036389288,0.009111349909026779,-0.768,-0.805,time,96
2023-08-24 03:20:00,2023-08-24 09:35:00,L,0.008321,0.008273930781463362,0.008273930781463362,0.008438673046341598,-1.0,-1.194,sl,75
2023-08-24 14:35:00,2023-08-24 16:45:00,S,0.008177,0.00824979194416199,0.00824979194416199,0.007995020139595028,-1.0,-1.124,sl,26
2023-08-24 17:40:00,2023-08-25 01:40:00,S,0.008162,0.008159,0.00827180250880509,0.007887493727987277,0.027,-0.054,time,96
2023-08-25 03:30:00,2023-08-25 11:30:00,S,0.008085,0.008088,0.008250242750790582,0.007671893123023545,-0.018,-0.072,time,96
2023-08-25 14:05:00,2023-08-25 22:05:00,S,0.008064,0.008103,0.00818048994538004,0.007772775136549898,-0.335,-0.411,time,96
2023-08-25 23:05:00,2023-08-26 00:20:00,L,0.008127,0.008078802246491473,0.008078802246491473,0.008247494383771321,-1.0,-1.185,sl,15
2023-08-26 03:55:00,2023-08-26 11:55:00,L,0.008229,0.008184,0.008119585973761011,0.008502535065597472,-0.411,-0.494,time,96
2023-08-26 12:45:00,2023-08-26 14:50:00,S,0.008141,0.008186031090157777,0.008186031090157777,0.00802842227460556,-1.0,-1.199,sl,25
2023-08-26 14:55:00,2023-08-26 16:20:00,L,0.008182,0.008143762265326504,0.008143762265326504,0.00827759433668374,-1.0,-1.235,sl,17
2023-08-26 16:25:00,2023-08-27 00:25:00,S,0.008127,0.008099,0.008184045283614085,0.00798438679096479,0.491,0.334,time,96
2023-08-27 02:55:00,2023-08-27 04:15:00,S,0.00805,0.008084945684285482,0.008084945684285482,0.007962635789286295,-1.0,-1.253,sl,16
2023-08-27 05:05:00,2023-08-27 13:05:00,L,0.008125,0.008101,0.008057068434091782,0.008294828914770545,-0.353,-0.485,time,96
2023-08-27 17:50:00,2023-08-28 00:50:00,S,0.008067,0.007944740895900838,0.008115903641639664,0.007944740895900838,2.5,2.319,tp,84
2023-08-28 00:55:00,2023-08-28 08:55:00,S,0.007955,0.007918,0.0080414820002869,0.007738794999282751,0.428,0.327,time,96
2023-08-28 09:20:00,2023-08-28 09:30:00,S,0.007901,0.007940190726440418,0.007940190726440418,0.007803023183898955,-1.0,-1.222,sl,2
2023-08-28 14:50:00,2023-08-28 16:05:00,L,0.00808,0.0082840802600802,0.00799836789596792,0.0082840802600802,2.5,2.391,tp,15
2023-08-28 16:10:00,2023-08-29 00:10:00,L,0.008316,0.00822,0.00804447088747708,0.008994822781307303,-0.354,-0.387,time,96
2023-08-29 01:00:00,2023-08-29 02:45:00,L,0.008262,0.00818224196159977,0.00818224196159977,0.008461395096000576,-1.0,-1.114,sl,21
2023-08-29 07:45:00,2023-08-29 14:05:00,S,0.008106,0.008146493152869265,0.008146493152869265,0.008004767117826838,-1.0,-1.22,sl,76
2023-08-29 14:10:00,2023-08-29 14:20:00,L,0.008131,0.008280678177873788,0.008071128728850484,0.008280678177873788,2.5,2.351,tp,2
2023-08-29 14:25:00,2023-08-29 22:25:00,L,0.008249,0.008365,0.008069018968084301,0.008698952579789246,0.645,0.594,time,96
2023-08-30 05:05:00,2023-08-30 06:45:00,L,0.008278,0.008234989370406905,0.008234989370406905,0.00838552657398274,-1.0,-1.212,sl,20
2023-08-30 12:00:00,2023-08-30 13:20:00,S,0.008203,0.008256218681494681,0.008256218681494681,0.008069953296263298,-1.0,-1.17,sl,16
2023-08-30 14:45:00,2023-08-30 22:45:00,S,0.008131,0.008146,0.00824479254075365,0.007846518648115874,-0.132,-0.21,time,96
2023-08-31 01:25:00,2023-08-31 04:00:00,S,0.008093,0.008117825182907478,0.008117825182907478,0.008030937042731303,-1.0,-1.359,sl,31
2023-08-31 07:05:00,2023-08-31 07:30:00,L,0.008154,0.008223704221413199,0.00812611831143472,0.008223704221413199,2.5,2.178,tp,5
2023-08-31 07:35:00,2023-08-31 13:30:00,L,0.008211,0.008125214206428349,0.008125214206428349,0.008425464483929127,-1.0,-1.105,sl,71
2023-08-31 13:35:00,2023-08-31 15:40:00,S,0.008134,0.0080076846242331,0.008184526150306761,0.0080076846242331,2.5,2.323,tp,25
2023-08-31 15:45:00,2023-08-31 23:45:00,S,0.008006,0.007983,0.008152136127390679,0.007640659681523301,0.157,0.097,time,96
2023-09-01 05:40:00,2023-09-01 13:40:00,S,0.007976,0.00796,0.00801282804057068,0.0078839298985733,0.434,0.196,time,96
2023-09-01 13:50:00,2023-09-01 17:10:00,S,0.007929,0.007769569483559785,0.007992772206576087,0.007769569483559785,2.5,2.363,tp,40
2023-09-01 17:15:00,2023-09-01 20:30:00,S,0.007722,0.007934460806503573,0.007934460806503573,0.007190847983741066,-1.0,-1.04,sl,39
2023-09-02 07:05:00,2023-09-02 14:45:00,S,0.00787,0.007912057503777064,0.007912057503777064,0.007764856240557342,-1.0,-1.206,sl,92
2023-09-02 17:55:00,2023-09-03 01:55:00,S,0.007833,0.007807,0.007893337069343058,0.007682157326642355,0.431,0.288,time,96
2023-09-03 07:30:00,2023-09-03 13:00:00,S,0.007823,0.007738420740097876,0.00785683170396085,0.007738420740097876,2.5,2.246,tp,66
2023-09-03 13:05:00,2023-09-03 21:05:00,S,0.007758,0.007695,0.007825987821114893,0.007588030447212769,0.927,0.801,time,96
2023-09-03 21:45:00,2023-09-04 01:10:00,S,0.007652,0.007715312731547403,0.007715312731547403,0.0074937181711314926,-1.0,-1.133,sl,41
2023-09-04 06:00:00,2023-09-04 14:00:00,S,0.007699,0.007685,0.007762080662698897,0.007541298343252758,0.222,0.088,time,96
2023-09-04 14:55:00,2023-09-04 21:15:00,S,0.007653,0.00750500177857252,0.007712199288570992,0.00750500177857252,2.5,2.358,tp,76
2023-09-04 21:20:00,2023-09-05 05:20:00,S,0.007506,0.007519,0.007603296981103648,0.007262757547240879,-0.134,-0.218,time,96
2023-09-05 15:40:00,2023-09-05 23:40:00,L,0.007669,0.007658,0.007560238137028217,0.007940904657429455,-0.101,-0.179,time,96
2023-09-06 01:05:00,2023-09-06 04:40:00,L,0.007684,0.007637952301959184,0.007637952301959184,0.0077991192451020395,-1.0,-1.184,sl,43
2023-09-06 04:45:00,2023-09-06 09:40:00,S,0.007623,0.007672066399143471,0.007672066399143471,0.007500334002141321,-1.0,-1.171,sl,59
2023-09-06 09:45:00,2023-09-06 10:25:00,L,0.007673,0.007744641846573483,0.007644343261370607,0.007744641846573483,2.5,2.205,tp,8
2023-09-06 10:30:00,2023-09-06 14:30:00,L,0.007758,0.007655894253932692,0.007655894253932692,0.008013264365168271,-1.0,-1.084,sl,48
2023-09-06 15:20:00,2023-09-06 17:55:00,S,0.007623,0.007702599458629712,0.007702599458629712,0.007424001353425717,-1.0,-1.105,sl,31
2023-09-06 18:00:00,2023-09-07 02:00:00,L,0.007666,0.007671,0.00748524917915819,0.008117877052104525,0.028,-0.019,time,96
2023-09-07 05:50:00,2023-09-07 07:30:00,S,0.007653,0.007609502023742146,0.0076703991905031415,0.007609502023742146,2.5,2.016,tp,20
2023-09-07 07:35:00,2023-09-07 15:35:00,S,0.007619,0.007603,0.0076517803916459105,0.007537049020885223,0.488,0.232,time,96
2023-09-07 21:05:00,2023-09-08 05:05:00,L,0.007625,0.007659,0.007573782368409052,0.00775304407897737,0.664,0.5,time,96
2023-09-08 08:20:00,2023-09-08 10:05:00,S,0.007619,0.007504048965115749,0.0076649804139537,0.007504048965115749,2.5,2.318,tp,21
2023-09-08 10:10:00,2023-09-08 18:10:00,S,0.007521,0.007523,0.007630596966058626,0.0072470075848534345,-0.018,-0.094,time,96
2023-09-09 00:10:00,2023-09-09 08:10:00,L,0.007606,0.007593,0.007566384027320596,0.0077050399316985095,-0.328,-0.539,time,96
2023-09-09 13:00:00,2023-09-09 15:00:00,S,0.007588,0.007626649522199913,0.007626649522199913,0.007491376194500219,-1.0,-1.216,sl,24
2023-09-09 17:40:00,2023-09-10 00:20:00,S,0.007578,0.007514019184195845,0.007603592326321662,0.007514019184195845,2.5,2.174,tp,80
2023-09-10 00:25:00,2023-09-10 04:20:00,S,0.007515,0.00739499372454371,0.007563002510182516,0.00739499372454371,2.5,2.328,tp,47
2023-09-10 04:25:00,2023-09-10 12:25:00,S,0.007352,0.007401,0.007537933546434272,0.00688716613391432,-0.264,-0.307,time,96
2023-09-10 14:50:00,2023-09-10 19:40:00,S,0.007353,0.007210858180071101,0.00740985672797156,0.007210858180071101,2.5,2.358,tp,58
2023-09-10 19:45:00,2023-09-10 19:55:00,S,0.007256,0.007290138512475368,0.007290138512475368,0.0071706537188115805,-1.0,-1.234,sl,2
2023-09-11 00:50:00,2023-09-11 08:50:00,S,0.007305,0.007265,0.007386476695545735,0.007101308261135662,0.491,0.392,time,96
2023-09-11 09:25:00,2023-09-11 17:25:00,S,0.007165,0.007079,0.007295942762320748,0.006837643094198131,0.657,0.597,time,96
2023-09-11 19:20:00,2023-09-12 00:45:00,S,0.007016,0.007101822297981313,0.007101822297981313,0.006801444255046717,-1.0,-1.09,sl,65
2023-09-12 10:20:00,2023-09-12 16:55:00,L,0.007256,0.0071886864521209185,0.0071886864521209185,0.007424283869697705,-1.0,-1.119,sl,79
2023-09-12 23:15:00,2023-09-13 00:10:00,S,0.007155,0.0071880224720336176,0.0071880224720336176,0.007072443819915956,-1.0,-1.238,sl,11
2023-09-13 03:50:00,2023-09-13 06:55:00,S,0.007156,0.007205158925376069,0.007205158925376069,0.0070331026865598275,-1.0,-1.16,sl,37
2023-09-13 12:15:00,2023-09-13 12:30:00,L,0.007268,0.007232814096551037,0.007232814096551037,0.007355964758622408,-1.0,-1.227,sl,3
2023-09-13 12:35:00,2023-09-13 20:35:00,L,0.007244,0.007259,0.007215144358990864,0.007316139102522839,0.52,0.244,time,96
2023-09-14 00:40:00,2023-09-14 04:45:00,L,0.007291,0.007236799583072221,0.007236799583072221,0.007426501042319447,-1.0,-1.148,sl,49
2023-09-14 05:35:00,2023-09-14 07:05:00,S,0.007229,0.007257919260988364,0.007257919260988364,0.00715670184752909,-1.0,-1.275,sl,18
2023-09-14 09:30:00,2023-09-14 11:10:00,S,0.007215,0.007256670483745455,0.007256670483745455,0.007110823790636362,-1.0,-1.19,sl,20
2023-09-14 11:25:00,2023-09-14 13:20:00,L,0.007263,0.007332491441832752,0.0072352034232669,0.007332491441832752,2.5,2.213,tp,23
2023-09-14 13:25:00,2023-09-14 21:25:00,L,0.007322,0.00737,0.007247147816873131,0.007509130457817172,0.641,0.534,time,96
2023-09-15 02:05:00,2023-09-15 10:05:00,L,0.00742,0.007384,0.0073285414185714,0.007648646453571502,-0.394,-0.483,time,96
2023-09-15 14:45:00,2023-09-15 20:50:00,S,0.007322,0.007382490134389962,0.007382490134389962,0.007170774664025097,-1.0,-1.133,sl,73
2023-09-15 20:55:00,2023-09-15 22:40:00,L,0.007381,0.007452673197503874,0.007352330720998451,0.007452673197503874,2.5,2.217,tp,21
2023-09-15 22:45:00,2023-09-16 06:45:00,L,0.007451,0.00747,0.007386537134750736,0.00761215716312316,0.295,0.168,time,96
2023-09-16 14:50:00,2023-09-16 22:50:00,S,0.007365,0.007382,0.007410109787745622,0.007252225530635945,-0.377,-0.556,time,96
2023-09-17 00:20:00,2023-09-17 08:20:00,S,0.007336,0.00728,0.0073985229473281676,0.00717969263167958,0.896,0.767,time,96
2023-09-17 16:10:00,2023-09-18 00:10:00,S,0.007225,0.007195,0.007284431206461826,0.007076421983845433,0.505,0.371,time,96
2023-09-18 06:50:00,2023-09-18 09:50:00,S,0.007233,0.007307466025694519,0.007307466025694519,0.007046834935763703,-1.0,-1.107,sl,36
2023-09-18 09:55:00,2023-09-18 17:30:00,L,0.007304,0.007246529060775704,0.007246529060775704,0.00744767734806074,-1.0,-1.14,sl,91
2023-09-18 17:35:00,2023-09-19 01:35:00,S,0.007225,0.007246,0.007339288367719945,0.006939279080700136,-0.184,-0.253,time,96
2023-09-19 04:25:00,2023-09-19 09:15:00,L,0.007285,0.00736676940451,0.007252292238196,0.00736676940451,2.5,2.255,tp,58
2023-09-19 09:20:00,2023-09-19 17:20:00,L,0.007371,0.007373,0.007278356226883952,0.0076026094327901195,0.022,-0.066,time,96
2023-09-20 00:15:00,2023-09-20 00:20:00,L,0.007419,0.007397279102218412,0.007397279102218412,0.00747330224445397,-1.0,-1.376,sl,1
2023-09-20 02:00:00,2023-09-20 02:20:00,L,0.00742,0.0073882061691312355,0.0073882061691312355,0.0074994845771719125,-1.0,-1.257,sl,4
2023-09-20 09:35:00,2023-09-20 17:35:00,S,0.007341,0.007339,0.007381979684546584,0.007238550788633542,0.049,-0.148,time,96
2023-09-20 17:50:00,2023-09-20 19:15:00,L,0.007348,0.007308950362046263,0.007308950362046263,0.007445624094884345,-1.0,-1.207,sl,17
2023-09-20 21:20:00,2023-09-21 05:20:00,L,0.007459,0.007401,0.00738028535241307,0.007655786618967325,-0.737,-0.841,time,96
2023-09-21 06:05:00,2023-09-21 14:05:00,S,0.007362,0.007269,0.007441778413733407,0.00716255396566648,1.166,1.064,time,96
2023-09-21 20:10:00,2023-09-21 22:50:00,S,0.007238,0.007264983026912709,0.007264983026912709,0.007170542432718226,-1.0,-1.295,sl,32
2023-09-22 00:15:00,2023-09-22 01:20:00,S,0.007218,0.007274086188311517,0.007274086188311517,0.007077784529221205,-1.0,-1.142,sl,13
2023-09-22 09:10:00,2023-09-22 17:10:00,S,0.007256,0.007249,0.007299067915886369,0.00714833021028408,0.163,-0.023,time,96
2023-09-22 21:10:00,2023-09-22 22:00:00,S,0.007244,0.007294950849348074,0.007294950849348074,0.007116622876629813,-1.0,-1.156,sl,10
2023-09-22 22:55:00,2023-09-23 04:55:00,L,0.007301,0.007388467458891115,0.007266013016443554,0.007388467458891115,2.5,2.27,tp,72
2023-09-23 05:00:00,2023-09-23 07:20:00,L,0.007389,0.0073127241507184165,0.0073127241507184165,0.007579689623203958,-1.0,-1.107,sl,28
2023-09-23 14:25:00,2023-09-23 16:35:00,L,0.007407,0.007603849675084682,0.007328260129966128,0.007603849675084682,2.5,2.397,tp,26
2023-09-23 16:40:00,2023-09-24 00:05:00,L,0.007603,0.007426856478198797,0.007426856478198797,0.008043358804503008,-1.0,-1.047,sl,89
2023-09-24 04:15:00,2023-09-24 12:15:00,S,0.007371,0.00735,0.007415982283720265,0.0072585442906993375,0.467,0.287,time,96
2023-09-24 16:30:00,2023-09-24 16:45:00,S,0.007338,0.007364746160672292,0.007364746160672292,0.007271134598319271,-1.0,-1.302,sl,3
2023-09-24 18:00:00,2023-09-24 18:20:00,L,0.007393,0.007352956137225398,0.007352956137225398,0.0074931096569365065,-1.0,-1.203,sl,4
2023-09-24 18:25:00,2023-09-24 23:25:00,S,0.007367,0.007257517078712196,0.007410793168515122,0.007257517078712196,2.5,2.315,tp,60
2023-09-24 23:30:00,2023-09-25 01:00:00,S,0.007278,0.007345570011047373,0.007345570011047373,0.007109074972381566,-1.0,-1.118,sl,18
2023-09-25 05:40:00,2023-09-25 10:15:00,S,0.007329,0.007234616863908838,0.007366753254436464,0.007234616863908838,2.5,2.286,tp,55
2023-09-25 10:20:00,2023-09-25 18:20:00,S,0.007242,0.007265,0.007316354865380704,0.00705611283654824,-0.309,-0.416,time,96
2023-09-25 21:00:00,2023-09-25 23:55:00,S,0.007233,0.007278949776031748,0.007278949776031748,0.007118125559920628,-1.0,-1.173,sl,35
2023-09-26 01:15:00,2023-09-26 07:45:00,L,0.007307,0.007278138900817075,0.007278138900817075,0.007379152747957312,-1.0,-1.278,sl,78
2023-09-26 08:05:00,2023-09-26 14:15:00,S,0.007281,0.007224396202469795,0.007303641519012082,0.007224396202469795,2.5,2.146,tp,74
2023-09-26 14:20:00,2023-09-26 22:20:00,S,0.007229,0.00723,0.007263986036498772,0.007141534908753071,-0.029,-0.256,time,96
2023-09-27 05:30:00,2023-09-27 09:50:00,S,0.007227,0.007257631518553654,0.007257631518553654,0.007150421203615866,-1.0,-1.26,sl,52
2023-09-27 11:25:00,2023-09-27 14:20:00,L,0.007275,0.00724399059781296,0.00724399059781296,0.0073525235054676,-1.0,-1.258,sl,35
2023-09-27 14:25:00,2023-09-27 22:25:00,S,0.007247,0.007206,0.00729834355538779,0.007118641111530525,0.799,0.643,time,96
2023-09-28 00:15:00,2023-09-28 08:15:00,L,0.007232,0.007233,0.007199126567106884,0.007314183582232788,0.03,-0.212,time,96
2023-09-28 10:40:00,2023-09-28 11:45:00,L,0.007267,0.0072423293057651845,0.0072423293057651845,0.0073286767355870384,-1.0,-1.324,sl,13
2023-09-28 16:05:00,2023-09-28 18:45:00,L,0.007316,0.007248393458896266,0.007248393458896266,0.007485016352759333,-1.0,-1.119,sl,32
2023-09-29 05:10:00,2023-09-29 13:10:00,L,0.00734,0.007366,0.007303104867797276,0.00743223783050681,0.705,0.486,time,96
2023-09-29 17:50:00,2023-09-29 20:05:00,S,0.007293,0.0073249505370105,0.0073249505370105,0.007213123657473751,-1.0,-1.251,sl,27
2023-09-29 20:10:00,2023-09-29 20:20:00,L,0.007322,0.007303152649531228,0.007303152649531228,0.007369118376171932,-1.0,-1.427,sl,2
2023-09-30 00:35:00,2023-09-30 08:35:00,L,0.007349,0.007304,0.007299965408621781,0.007471586478445547,-0.918,-1.083,time,96
2023-09-30 11:20:00,2023-09-30 11:30:00,L,0.007339,0.00731950230914592,0.00731950230914592,0.0073877442271351994,-1.0,-1.414,sl,2
2023-09-30 13:55:00,2023-09-30 21:55:00,L,0.007336,0.007331,0.007309343257076001,0.007402641857309995,-0.188,-0.49,time,96
2023-10-01 03:30:00,2023-10-01 05:40:00,L,0.007385,0.007461307168260023,0.007354477132695991,0.007461307168260023,2.5,2.234,tp,26
2023-10-01 05:45:00,2023-10-01 08:10:00,L,0.007471,0.007388775210704923,0.007388775210704923,0.007676561973237692,-1.0,-1.1,sl,29
2023-10-01 10:05:00,2023-10-01 12:15:00,L,0.007455,0.007411903770873948,0.007411903770873948,0.007562740572815129,-1.0,-1.19,sl,26
2023-10-01 14:30:00,2023-10-01 14:35:00,L,0.007455,0.007415323243926962,0.007415323243926962,0.007554191890182595,-1.0,-1.207,sl,1
2023-10-01 17:35:00,2023-10-01 21:25:00,S,0.00737,0.0074141405098926754,0.0074141405098926754,0.007259648725268311,-1.0,-1.184,sl,46
2023-10-01 22:20:00,2023-10-02 06:20:00,L,0.007496,0.007537,0.00739739459507319,0.007742513512317025,0.416,0.332,time,96
2023-10-02 07:55:00,2023-10-02 09:45:00,L,0.007566,0.007527623641302518,0.007527623641302518,0.007661940896743704,-1.0,-1.217,sl,22
2023-10-02 15:55:00,2023-10-02 18:35:00,S,0.007406,0.007225068211835318,0.007478372715265873,0.007225068211835318,2.5,2.387,tp,32
2023-10-02 18:40:00,2023-10-03 02:40:00,S,0.007178,0.007313,0.007433246539727518,0.006539883650681207,-0.529,-0.56,time,96
2023-10-03 03:30:00,2023-10-03 11:30:00,S,0.007286,0.007264,0.007326719120010858,0.007184202199972855,0.54,0.343,time,96
2023-10-03 11:35:00,2023-10-03 13:45:00,S,0.007264,0.0073000992681615156,0.0073000992681615156,0.00717375182959621,-1.0,-1.221,sl,26
2023-10-03 14:55:00,2023-10-03 22:55:00,S,0.007241,0.007271,0.0072947478911652005,0.007106630272086999,-0.558,-0.706,time,96
2023-10-04 00:25:00,2023-10-04 00:40:00,S,0.007213,0.0070358892015459935,0.007283844319381602,0.0070358892015459935,2.5,2.388,tp,3
2023-10-04 00:45:00,2023-10-04 08:45:00,S,0.007093,0.007241,0.007286163306782379,0.006610091733044054,-0.766,-0.807,time,96
2023-10-04 11:55:00,2023-10-04 12:30:00,S,0.007215,0.007234690756692756,0.007234690756692756,0.007165773108268109,-1.0,-1.403,sl,7
2023-10-04 13:20:00,2023-10-04 16:35:00,S,0.007205,0.0072459126750901446,0.0072459126750901446,0.007102718312274638,-1.0,-1.194,sl,39
2023-10-05 00:55:00,2023-10-05 02:20:00,L,0.007272,0.007224054484908451,0.007224054484908451,0.007391863787728872,-1.0,-1.167,sl,17
2023-10-05 06:25:00,2023-10-05 13:15:00,S,0.007218,0.007234676505139161,0.007234676505139161,0.007176308737152096,-1.0,-1.476,sl,82
2023-10-05 15:10:00,2023-10-05 23:10:00,S,0.007192,0.007162,0.0072383850266178025,0.007076037433455492,0.647,0.476,time,96
2023-10-05 23:25:00,2023-10-06 01:30:00,S,0.007142,0.007178670517472117,0.007178670517472117,0.0070503237063197065,-1.0,-1.214,sl,25
2023-10-06 05:00:00,2023-10-06 08:10:00,S,0.007159,0.007192530467454938,0.007192530467454938,0.0070751738313626555,-1.0,-1.235,sl,38
2023-10-06 12:35:00,2023-10-06 15:05:00,S,0.007152,0.007191949898691795,0.007191949898691795,0.007052125253270513,-1.0,-1.197,sl,30
2023-10-06 15:20:00,2023-10-06 21:35:00,L,0.007183,0.0072422683656067546,0.0071592926537572986,0.0072422683656067546,2.5,2.167,tp,75
2023-10-06 22:15:00,2023-10-06 23:20:00,L,0.007245,0.007208256488298414,0.007208256488298414,0.007336858779253963,-1.0,-1.217,sl,13
2023-10-07 00:15:00,2023-10-07 08:15:00,L,0.007251,0.007224,0.007206249510891847,0.007362876222770382,-0.603,-0.782,time,96
2023-10-07 13:05:00,2023-10-07 16:15:00,S,0.007214,0.007183115771123822,0.007226353691550471,0.007183115771123822,2.5,1.858,tp,38
2023-10-07 16:20:00,2023-10-07 21:35:00,S,0.007192,0.007219566891326822,0.007219566891326822,0.007123082771682943,-1.0,-1.287,sl,63
2023-10-07 21:40:00,2023-10-08 01:40:00,L,0.007219,0.0072675979240628364,0.007199560830374865,0.0072675979240628364,2.5,2.092,tp,48
2023-10-08 01:45:00,2023-10-08 04:55:00,L,0.00727,0.007226120026507366,0.007226120026507366,0.007379699933731587,-1.0,-1.182,sl,38
2023-10-08 09:45:00,2023-10-08 17:45:00,S,0.007204,0.007181,0.007227531468107387,0.007145171329731534,0.977,0.641,time,96
2023-10-08 22:15:00,2023-10-09 01:50:00,S,0.007172,0.007192407886459791,0.007192407886459791,0.007120980283850525,-1.0,-1.387,sl,43
2023-10-09 05:45:00,2023-10-09 07:20:00,S,0.007177,0.007118454389414724,0.0072004182442341105,0.007118454389414724,2.5,2.163,tp,19
2023-10-09 07:25:00,2023-10-09 09:45:00,S,0.00712,0.006979593603940773,0.00717616255842369,0.006979593603940773,2.5,2.361,tp,28
2023-10-09 09:50:00,2023-10-09 17:50:00,S,0.006911,0.006898,0.007108166308754468,0.006418084228113828,0.066,0.027,time,96
2023-10-09 21:15:00,2023-10-09 21:40:00,S,0.006866,0.00690708146179222,0.00690708146179222,0.00676329634551945,-1.0,-1.184,sl,5
2023-10-10 09:05:00,2023-10-10 17:05:00,S,0.006926,0.006865,0.0069567544225332244,0.006849113943666938,1.983,1.736,time,96
2023-10-10 17:30:00,2023-10-10 22:05:00,S,0.006859,0.00689112667618422,0.00689112667618422,0.006778683309539449,-1.0,-1.235,sl,55
2023-10-11 02:25:00,2023-10-11 02:30:00,S,0.006891,0.006794060831076248,0.006929775667569501,0.006794060831076248,2.5,2.305,tp,1
2023-10-11 02:35:00,2023-10-11 10:35:00,S,0.006776,0.006866,0.006926177279196647,0.0064005568020083815,-0.599,-0.649,time,96
2023-10-11 12:40:00,2023-10-11 15:25:00,S,0.006829,0.006751793299078237,0.006859882680368705,0.006751793299078237,2.5,2.257,tp,33
2023-10-11 15:30:00,2023-10-11 23:30:00,S,0.006757,0.00676,0.006827730920362966,0.006580172699092585,-0.042,-0.147,time,96
2023-10-12 01:25:00,2023-10-12 02:40:00,S,0.006741,0.0067746338985818205,0.0067746338985818205,0.006656915253545448,-1.0,-1.22,sl,15
2023-10-12 10:00:00,2023-10-12 11:15:00,S,0.006751,0.0068166961958470535,0.0068166961958470535,0.006586759510382366,-1.0,-1.113,sl,15
2023-10-12 11:20:00,2023-10-12 19:20:00,L,0.006817,0.006801,0.006770043074141954,0.0069343923146451165,-0.341,-0.5,time,96
2023-10-12 20:05:00,2023-10-13 00:30:00,S,0.006785,0.006815731860623445,0.006815731860623445,0.006708170348441388,-1.0,-1.243,sl,53
2023-10-13 03:35:00,2023-10-13 07:05:00,S,0.00679,0.006821514112855059,0.006821514112855059,0.006711214717862351,-1.0,-1.237,sl,42
2023-10-13 07:10:00,2023-10-13 15:10:00,L,0.006822,0.006835,0.006784442011773658,0.006915894970565854,0.346,0.146,time,96
2023-10-13 20:55:00,2023-10-14 04:55:00,L,0.0069,0.006948,0.0068293266026937405,0.007076683493265648,0.679,0.572,time,96
2023-10-14 10:20:00,2023-10-14 11:55:00,L,0.006986,0.007077520083888624,0.00694939196644455,0.007077520083888624,2.5,2.29,tp,19
2023-10-14 12:00:00,2023-10-14 19:10:00,L,0.007057,0.007004157485208441,0.007004157485208441,0.007189106286978898,-1.0,-1.147,sl,86
2023-10-14 21:20:00,2023-10-14 22:25:00,L,0.007029,0.006994162541029047,0.006994162541029047,0.007116093647427381,-1.0,-1.222,sl,13
2023-10-15 01:45:00,2023-10-15 09:45:00,L,0.007042,0.007021,0.006985963157195493,0.0071820921070112655,-0.375,-0.513,time,96
2023-10-15 13:05:00,2023-10-15 13:15:00,S,0.006964,0.006991849947699555,0.006991849947699555,0.0068943751307511125,-1.0,-1.275,sl,2
2023-10-15 13:50:00,2023-10-15 21:50:00,S,0.006955,0.006985,0.007015715402863271,0.006803211492841823,-0.494,-0.62,time,96
2023-10-16 02:35:00,2023-10-16 03:00:00,L,0.007003,0.0069833169077265,0.0069833169077265,0.007052207730683749,-1.0,-1.391,sl,5
2023-10-16 03:55:00,2023-10-16 05:15:00,L,0.007022,0.007120880943591534,0.0069824476225633855,0.007120880943591534,2.5,2.305,tp,16
2023-10-16 05:20:00,2023-10-16 13:20:00,L,0.007115,0.007106,0.007001052715184597,0.007399868212038507,-0.079,-0.148,time,96
2023-10-16 13:30:00,2023-10-16 13:45:00,L,0.007269,0.007092740262102404,0.007092740262102404,0.007709649344743991,-1.0,-1.045,sl,3
2023-10-16 18:55:00,2023-10-16 21:05:00,L,0.007093,0.007051332864348367,0.007051332864348367,0.007197167839129085,-1.0,-1.187,sl,26
2023-10-16 22:45:00,2023-10-17 04:00:00,L,0.007113,0.007075266145335315,0.007075266145335315,0.007207334636661714,-1.0,-1.207,sl,63
2023-10-17 11:40:00,2023-10-17 12:35:00,S,0.007037,0.006992800432304878,0.007054679827078049,0.006992800432304878,2.5,2.062,tp,11
2023-10-17 12:40:00,2023-10-17 13:45:00,S,0.006983,0.006820053895882156,0.007048178441647137,0.006820053895882156,2.5,2.382,tp,13
2023-10-17 13:50:00,2023-10-17 21:50:00,S,0.006891,0.006916,0.007012292105072026,0.006587769737319935,-0.206,-0.269,time,96
2023-10-17 23:45:00,2023-10-18 02:15:00,S,0.006897,0.006848208924507562,0.006916516430196975,0.006848208924507562,2.5,2.111,tp,30
2023-10-18 02:20:00,2023-10-18 02:50:00,S,0.006854,0.0068930896344443805,0.0068930896344443805,0.006756275913889049,-1.0,-1.193,sl,6
2023-10-18 07:50:00,2023-10-18 15:50:00,S,0.006882,0.006831,0.0069177912492082065,0.006792521876979484,1.425,1.213,time,96
2023-10-18 16:40:00,2023-10-18 20:30:00,S,0.006813,0.00673064840846122,0.006845940636615511,0.00673064840846122,2.5,2.272,tp,46
2023-10-18 20:35:00,2023-10-18 22:55:00,S,0.006728,0.006793613026414862,0.006793613026414862,0.0065639674339628435,-1.0,-1.113,sl,28
2023-10-19 01:45:00,2023-10-19 09:45:00,S,0.006652,0.006692,0.006773647764433858,0.006347880588915354,-0.329,-0.389,time,96
2023-10-19 09:50:00,2023-10-19 16:15:00,S,0.006692,0.006752007357928766,0.006752007357928766,0.006541981605178086,-1.0,-1.123,sl,77
2023-10-19 20:45:00,2023-10-20 01:35:00,L,0.00681,0.006873166565789327,0.0067847333736842695,0.006873166565789327,2.5,2.204,tp,58
2023-10-20 01:40:00,2023-10-20 08:55:00,L,0.006869,0.006986457395167778,0.006822017041932889,0.006986457395167778,2.5,2.339,tp,87
2023-10-20 09:00:00,2023-10-20 17:00:00,L,0.006965,0.0068783347662469685,0.0068783347662469685,0.007181663084382579,-1.0,-1.088,sl,96
2023-10-20 20:05:00,2023-10-21 04:05:00,L,0.006921,0.006924,0.00687499707050691,0.007036007323732725,0.065,-0.1,time,96
2023-10-21 06:20:00,2023-10-21 07:00:00,L,0.006937,0.0069757049726855945,0.006921518010925762,0.0069757049726855945,2.5,2.007,tp,8
2023-10-21 07:05:00,2023-10-21 14:40:00,L,0.006968,0.0070780228255241,0.00692399086979036,0.0070780228255241,2.5,2.326,tp,91
2023-10-21 14:45:00,2023-10-21 22:45:00,L,0.007087,0.007076,0.007023491700184354,0.007245770749539117,-0.173,-0.296,time,96
2023-10-22 00:55:00,2023-10-22 02:15:00,L,0.007083,0.007028640245317227,0.007028640245317227,0.007218899386706933,-1.0,-1.143,sl,16
2023-10-22 04:55:00,2023-10-22 07:35:00,L,0.007069,0.00702814606626542,0.00702814606626542,0.007171134834336449,-1.0,-1.19,sl,32
2023-10-22 07:40:00,2023-10-22 15:40:00,S,0.007026,0.006988,0.007121452088142572,0.006787369779643572,0.398,0.317,time,96
2023-10-22 16:25:00,2023-10-23 00:10:00,L,0.007023,0.007140651265741068,0.006975939493703572,0.007140651265741068,2.5,2.336,tp,93
2023-10-23 00:15:00,2023-10-23 08:15:00,L,0.00714,0.007148,0.007083502665539584,0.007281243336151039,0.142,0.003,time,96
2023-10-23 08:50:00,2023-10-23 16:50:00,L,0.007234,0.007224,0.007083789762782515,0.007609525593043712,-0.067,-0.12,time,96
2023-10-23 16:55:00,2023-10-23 17:25:00,L,0.007224,0.007150711381240321,0.007150711381240321,0.007407221546899198,-1.0,-1.108,sl,6
2023-10-23 20:15:00,2023-10-23 22:40:00,L,0.007278,0.007460903310993083,0.007204838675602766,0.007460903310993083,2.5,2.391,tp,29
2023-10-23 22:45:00,2023-10-24 06:45:00,L,0.007415,0.007416,0.007240400295836797,0.007851499260408006,0.006,-0.041,time,96
2023-10-24 09:15:00,2023-10-24 12:40:00,L,0.007518,0.007715720488595897,0.007438911804561642,0.007715720488595897,2.5,2.395,tp,41
2023-10-24 12:45:00,2023-10-24 14:15:00,L,0.007716,0.007520072332391561,0.007520072332391561,0.008205819169021095,-1.0,-1.043,sl,18
2023-10-24 22:10:00,2023-10-25 06:10:00,L,0.007417,0.007428,0.007298201449644113,0.007713996375889716,0.093,0.024,time,96
2023-10-25 06:45:00,2023-10-25 07:20:00,L,0.007447,0.007384670888088805,0.007384670888088805,0.007602822779777986,-1.0,-1.131,sl,7
2023-10-25 07:40:00,2023-10-25 13:05:00,S,0.007345,0.0074640332626084585,0.0074640332626084585,0.0070474168434788535,-1.0,-1.068,sl,65
2023-10-25 13:10:00,2023-10-25 15:05:00,L,0.007471,0.0076682264401143905,0.007392109423954244,0.0076682264401143905,2.5,2.396,tp,23
2023-10-25 15:10:00,2023-10-25 23:10:00,L,0.0079,0.007798,0.007445184553292484,0.009037038616768791,-0.224,-0.243,time,96
2023-10-26 01:45:00,2023-10-26 09:45:00,L,0.007893,0.007995,0.0077326599481663625,0.008293850129584095,0.636,0.582,time,96
2023-10-26 19:25:00,2023-10-27 00:30:00,L,0.007824,0.007949006075411635,0.007773997569835345,0.007949006075411635,2.5,2.328,tp,61
2023-10-27 09:15:00,2023-10-27 14:30:00,L,0.007898,0.007779959813780784,0.007779959813780784,0.008193100465548041,-1.0,-1.074,sl,63
2023-10-27 16:50:00,2023-10-28 00:50:00,S,0.007737,0.007692,0.007868897520564673,0.007407256198588319,0.341,0.277,time,96
2023-10-28 01:40:00,2023-10-28 01:45:00,S,0.007676,0.007716130210171416,0.007716130210171416,0.0075756744745714595,-1.0,-1.21,sl,1
2023-10-28 07:40:00,2023-10-28 12:45:00,L,0.007807,0.007742867798684443,0.007742867798684443,0.007967330503288891,-1.0,-1.134,sl,61
2023-10-28 18:30:00,2023-10-28 18:35:00,S,0.007742,0.007770874375610909,0.007770874375610909,0.007669814060972726,-1.0,-1.295,sl,1
2023-10-28 19:40:00,2023-10-29 01:20:00,L,0.007878,0.007744479875833304,0.007744479875833304,0.00821180031041674,-1.0,-1.065,sl,68
2023-10-29 04:50:00,2023-10-29 08:00:00,L,0.007859,0.007990025347967857,0.007806589860812857,0.007990025347967857,2.5,2.335,tp,38
2023-10-29 08:05:00,2023-10-29 16:05:00,L,0.008052,0.007998,0.007904625478362211,0.008420436304094472,-0.366,-0.427,time,96
2023-10-29 17:40:00,2023-10-30 01:40:00,L,0.008036,0.008045,0.007938188526964507,0.008280528682588731,0.092,0.002,time,96
2023-10-30 03:30:00,2023-10-30 08:40:00,S,0.007909,0.007995159291379658,0.007995159291379658,0.007693601771550852,-1.0,-1.101,sl,62
2023-10-30 08:45:00,2023-10-30 16:45:00,L,0.007982,0.008003,0.007887947474908561,0.008217131312728596,0.223,0.13,time,96
2023-10-30 17:15:00,2023-10-31 00:35:00,S,0.007906,0.008031799581917595,0.008031799581917595,0.007591501045206012,-1.0,-1.069,sl,88
2023-10-31 03:20:00,2023-10-31 11:20:00,S,0.007946,0.007932,0.008041174291592134,0.007708064271019665,0.147,0.055,time,96
2023-10-31 12:50:00,2023-10-31 20:50:00,S,0.007865,0.007795,0.008019520331466422,0.007478699171333945,0.453,0.397,time,96
2023-11-01 02:05:00,2023-11-01 05:10:00,S,0.007766,0.0076848126685581265,0.00779847493257675,0.0076848126685581265,2.5,2.237,tp,37
2023-11-01 05:15:00,2023-11-01 13:15:00,S,0.007691,0.007733,0.007736204483603491,0.007577988790991273,-0.929,-1.116,time,96
2023-11-01 14:55:00,2023-11-01 17:55:00,S,0.007597,0.007711708953785441,0.007711708953785441,0.007310227615536397,-1.0,-1.073,sl,36
2023-11-01 18:05:00,2023-11-01 20:55:00,L,0.007733,0.007940882413213354,0.007649847034714659,0.007940882413213354,2.5,2.398,tp,34
2023-11-01 21:00:00,2023-11-02 05:00:00,L,0.007952,0.007997,0.00781380844322186,0.008297478891945351,0.326,0.262,time,96
2023-11-02 08:55:00,2023-11-02 13:40:00,L,0.008,0.00789678904347556,0.00789678904347556,0.008258027391311103,-1.0,-1.085,sl,57
2023-11-02 15:10:00,2023-11-02 20:00:00,S,0.00783,0.00792333434505418,0.00792333434505418,0.00759666413736455,-1.0,-1.092,sl,58
2023-11-02 22:45:00,2023-11-03 00:50:00,S,0.007846,0.007733769297319445,0.007890892281072223,0.007733769297319445,2.5,2.308,tp,25
2023-11-03 00:55:00,2023-11-03 08:55:00,S,0.007728,0.007796,0.007875038883823174,0.0073604027904420645,-0.462,-0.52,time,96
2023-11-03 09:35:00,2023-11-03 14:25:00,S,0.007755,0.007820441106001863,0.007820441106001863,0.007591397234995342,-1.0,-1.13,sl,58
2023-11-03 15:25:00,2023-11-03 17:30:00,L,0.007828,0.007755969748662547,0.007755969748662547,0.008008075628343634,-1.0,-1.12,sl,25
2023-11-03 17:35:00,2023-11-03 21:30:00,S,0.007759,0.007843267281091562,0.007843267281091562,0.007548331797271095,-1.0,-1.101,sl,47
2023-11-04 06:10:00,2023-11-04 14:10:00,L,0.007881,0.007842,0.00781549061862153,0.008044773453446178,-0.595,-0.728,time,96
2023-11-04 14:15:00,2023-11-04 22:15:00,S,0.007842,0.00791257526984208,0.00791257526984208,0.007665561825394798,-1.0,-1.122,sl,96
2023-11-04 22:20:00,2023-11-05 03:40:00,L,0.007913,0.008011032027797762,0.007873787188880895,0.008011032027797762,2.5,2.278,tp,64
2023-11-05 03:50:00,2023-11-05 08:40:00,L,0.008022,0.008211546300148982,0.007946181479940407,0.008211546300148982,2.5,2.384,tp,58
2023-11-05 08:45:00,2023-11-05 13:55:00,L,0.008178,0.008030710652333734,0.008030710652333734,0.008546223369165664,-1.0,-1.061,sl,62
2023-11-05 17:10:00,2023-11-05 21:45:00,L,0.008149,0.008058628863480338,0.008058628863480338,0.008374927841299156,-1.0,-1.099,sl,55
2023-11-06 00:40:00,2023-11-06 04:40:00,L,0.008188,0.008084425812577487,0.008084425812577487,0.008446935468556285,-1.0,-1.087,sl,48
2023-11-06 07:40:00,2023-11-06 08:15:00,L,0.008137,0.008078519203318946,0.008078519203318946,0.008283201991702635,-1.0,-1.153,sl,7
2023-11-06 09:15:00,2023-11-06 17:10:00,L,0.008185,0.008515858557403683,0.008052656577038526,0.008515858557403683,2.5,2.432,tp,95
2023-11-06 17:15:00,2023-11-07 00:40:00,L,0.00847,0.008268163534749448,0.008268163534749448,0.008974591163126381,-1.0,-1.046,sl,89
2023-11-07 06:05:00,2023-11-07 09:30:00,L,0.008349,0.008250732352908217,0.008250732352908217,0.00859466911772946,-1.0,-1.093,sl,41
2023-11-07 09:35:00,2023-11-07 17:35:00,S,0.008246,0.008085,0.008394193651263251,0.007875515871841873,1.086,1.025,time,96
2023-11-07 19:15:00,2023-11-08 00:35:00,L,0.008212,0.008149847185793965,0.008149847185793965,0.008367382035515089,-1.0,-1.145,sl,64
2023-11-08 00:40:00,2023-11-08 01:20:00,S,0.008182,0.008228303760434178,0.008228303760434178,0.008066240598914554,-1.0,-1.194,sl,8
2023-11-08 01:30:00,2023-11-08 06:15:00,L,0.008247,0.00814732034671833,0.00814732034671833,0.008496199133204176,-1.0,-1.091,sl,57
2023-11-08 16:50:00,2023-11-09 00:50:00,L,0.008284,0.008333,0.008206223589184552,0.008478441027038618,0.63,0.513,time,96
2023-11-09 01:05:00,2023-11-09 04:35:00,L,0.008356,0.008638458853083498,0.008243016458766602,0.008638458853083498,2.5,2.419,tp,42
2023-11-09 04:40:00,2023-11-09 11:15:00,L,0.008646,0.008485957362270657,0.008485957362270657,0.009046106594323356,-1.0,-1.059,sl,79
2023-11-09 14:15:00,2023-11-09 16:10:00,L,0.00865,0.008463386140529824,0.008463386140529824,0.009116534648675439,-1.0,-1.051,sl,23
2023-11-09 16:15:00,2023-11-10 00:15:00,S,0.007981,0.008292,0.00874543307385843,0.0060699173153539255,-0.407,-0.418,time,96
2023-11-10 01:40:00,2023-11-10 08:10:00,L,0.008343,0.008241447886724838,0.008241447886724838,0.008596880283187903,-1.0,-1.09,sl,78
2023-11-10 08:15:00,2023-11-10 10:20:00,S,0.008225,0.008355801235685793,0.008355801235685793,0.007897996910785516,-1.0,-1.069,sl,25
2023-11-10 10:35:00,2023-11-10 11:10:00,L,0.008357,0.008290892354522588,0.008290892354522588,0.00852226911369353,-1.0,-1.139,sl,7
2023-11-10 12:15:00,2023-11-10 16:50:00,S,0.008217,0.008347042178697986,0.008347042178697986,0.007891894553255036,-1.0,-1.07,sl,55
2023-11-10 16:55:00,2023-11-11 00:55:00,L,0.008357,0.00868,0.008191955678207333,0.008769610804481666,1.957,1.901,time,96
2023-11-11 01:05:00,2023-11-11 07:00:00,L,0.008716,0.009323059783203524,0.00847317608671859,0.009323059783203524,2.5,2.461,tp,71
2023-11-11 07:05:00,2023-11-11 15:05:00,L,0.009297,0.009256,0.00896365370870018,0.010130365728249548,-0.123,-0.154,time,96
2023-11-12 00:35:00,2023-11-12 07:50:00,S,0.008831,0.009127226230491715,0.009127226230491715,0.008090434423770713,-1.0,-1.033,sl,87
2023-11-12 08:00:00,2023-11-12 09:40:00,L,0.009135,0.00898615256115925,0.00898615256115925,0.009507118597101877,-1.0,-1.068,sl,20
2023-11-12 17:05:00,2023-11-12 21:10:00,S,0.008941,0.00903309355652743,0.00903309355652743,0.00871076610868142,-1.0,-1.107,sl,49
2023-11-12 21:15:00,2023-11-12 23:15:00,L,0.009042,0.008922277209039708,0.008922277209039708,0.009341306977400727,-1.0,-1.083,sl,24
2023-11-12 23:25:00,2023-11-13 01:10:00,S,0.008893,0.009025239881221763,0.009025239881221763,0.008562400296945591,-1.0,-1.074,sl,21
2023-11-13 01:20:00,2023-11-13 04:15:00,L,0.009065,0.008783485450785214,0.008783485450785214,0.009768786373036967,-1.0,-1.035,sl,35
2023-11-13 04:20:00,2023-11-13 12:20:00,S,0.008877,0.008774,0.009056250424409266,0.008428873938976832,0.575,0.52,time,96
2023-11-13 12:25:00,2023-11-13 14:15:00,S,0.008774,0.00893015814253842,0.00893015814253842,0.008383604643653949,-1.0,-1.062,sl,22
2023-11-13 14:45:00,2023-11-13 22:45:00,S,0.008761,0.008604,0.008964044294896636,0.008253389262758409,0.773,0.726,time,96
2023-11-14 00:10:00,2023-11-14 06:10:00,S,0.008419,0.008660186430613606,0.008660186430613606,0.007816033923465984,-1.0,-1.038,sl,72
2023-11-14 09:55:00,2023-11-14 17:55:00,S,0.008556,0.008436,0.008685148690005346,0.008233128274986632,0.929,0.856,time,96
2023-11-14 18:15:00,2023-11-15 02:15:00,S,0.008385,0.008384,0.008551020509827015,0.007969948725432462,0.006,-0.05,time,96
2023-11-15 10:00:00,2023-11-15 11:20:00,S,0.008447,0.008542524250147735,0.008542524250147735,0.008208189374630661,-1.0,-1.097,sl,16
2023-11-15 11:25:00,2023-11-15 19:25:00,L,0.008568,0.008729,0.008447922563236367,0.008868193591909079,1.341,1.262,time,96
2023-11-15 20:15:00,2023-11-16 04:15:00,L,0.008771,0.008768,0.00866500929021328,0.009035976774466797,-0.028,-0.119,time,96
2023-11-16 07:50:00,2023-11-16 08:25:00,L,0.008975,0.008750685389679495,0.008750685389679495,0.009535786525801265,-1.0,-1.044,sl,7
2023-11-16 10:00:00,2023-11-16 13:15:00,L,0.008966,0.008729424052159393,0.008729424052159393,0.009557439869601518,-1.0,-1.042,sl,39
2023-11-16 15:50:00,2023-11-16 23:50:00,S,0.008662,0.008511,0.008918694953228449,0.008020262616928876,0.588,0.551,time,96
2023-11-17 01:10:00,2023-11-17 08:50:00,L,0.008614,0.008917602363870892,0.008492559054451643,0.008917602363870892,2.5,2.422,tp,92
2023-11-17 08:55:00,2023-11-17 12:20:00,L,0.008943,0.008708244831384729,0.008708244831384729,0.009529887921538176,-1.0,-1.042,sl,41
2023-11-17 14:15:00,2023-11-17 22:15:00,S,0.008686,0.008602,0.008876016510220195,0.008210958724449512,0.442,0.392,time,96
2023-11-17 22:50:00,2023-11-18 05:15:00,L,0.00869,0.008559935632582335,0.008559935632582335,0.009015160918544162,-1.0,-1.073,sl,77
2023-11-18 05:20:00,2023-11-18 13:20:00,S,0.00857,0.008476,0.008757791368707838,0.008100521578230404,0.501,0.45,time,96
2023-11-18 13:25:00,2023-11-18 19:05:00,S,0.008476,0.008630418247228891,0.008630418247228891,0.00808995438192777,-1.0,-1.06,sl,68
2023-11-18 21:30:00,2023-11-19 00:15:00,S,0.008559,0.00849022864312195,0.00858650854275122,0.00849022864312195,2.5,2.158,tp,33
2023-11-19 00:20:00,2023-11-19 01:30:00,S,0.008509,0.008363887840408382,0.008567044863836646,0.008363887840408382,2.5,2.339,tp,14
2023-11-19 01:35:00,2023-11-19 06:45:00,S,0.00838,0.008531070232294085,0.008531070232294085,0.008002324419264788,-1.0,-1.061,sl,62
2023-11-19 10:30:00,2023-11-19 17:30:00,S,0.008485,0.00855770851370688,0.00855770851370688,0.008303228715732799,-1.0,-1.128,sl,84
2023-11-19 18:20:00,2023-11-19 23:20:00,L,0.008572,0.008695616290002792,0.008522553483998883,0.008695616290002792,2.5,2.309,tp,60
2023-11-19 23:25:00,2023-11-20 07:25:00,L,0.008689,0.008653,0.008540662017686435,0.009059844955783915,-0.243,-0.307,time,96
2023-11-20 14:00:00,2023-11-20 22:00:00,S,0.008569,0.00847,0.008694714631651336,0.00825471342087166,0.787,0.713,time,96
2023-11-21 02:50:00,2023-11-21 10:50:00,S,0.008392,0.008365,0.008515801257269404,0.008082496856826491,0.218,0.144,time,96
2023-11-21 11:45:00,2023-11-21 15:00:00,S,0.008319,0.008137457967494682,0.008391616813002127,0.008137457967494682,2.5,2.374,tp,39
2023-11-21 15:05:00,2023-11-21 15:50:00,S,0.008181,0.008274040488200504,0.008274040488200504,0.007948398779498742,-1.0,-1.097,sl,9
2023-11-21 18:05:00,2023-11-22 02:05:00,S,0.007949,0.007936,0.008285149202235819,0.007108626994410451,0.039,0.013,time,96
2023-11-22 10:30:00,2023-11-22 18:15:00,S,0.007927,0.008070280119439666,0.008070280119439666,0.007568799701400836,-1.0,-1.061,sl,93
2023-11-22 23:10:00,2023-11-23 04:30:00,S,0.008077,0.008161669164868383,0.008161669164868383,0.007865327087829046,-1.0,-1.105,sl,64
2023-11-23 06:20:00,2023-11-23 08:40:00,S,0.008109,0.008173026162218915,0.008173026162218915,0.00794893459445271,-1.0,-1.139,sl,28
2023-11-23 08:45:00,2023-11-23 11:00:00,L,0.008174,0.008126966417887372,0.008126966417887372,0.008291583955281574,-1.0,-1.191,sl,27
2023-11-23 11:05:00,2023-11-23 19:05:00,S,0.008126,0.008058,0.008195442759198267,0.00795239310200433,0.979,0.851,time,96
2023-11-24 01:20:00,2023-11-24 09:20:00,L,0.008172,0.008217,0.008091526560520697,0.008373183598698257,0.559,0.447,time,96
2023-11-24 09:45:00,2023-11-24 14:30:00,L,0.008256,0.008171116812850272,0.008171116812850272,0.008468207967874317,-1.0,-1.107,sl,57
2023-11-24 15:15:00,2023-11-24 22:10:00,L,0.008233,0.008164608403800054,0.008164608403800054,0.008403978990499866,-1.0,-1.132,sl,83
2023-11-25 01:40:00,2023-11-25 09:40:00,L,0.008273,0.008321,0.008205556290863439,0.008441609272841407,0.712,0.577,time,96
2023-11-25 13:00:00,2023-11-25 15:20:00,L,0.008347,0.008295931881277552,0.008295931881277552,0.008474670296806121,-1.0,-1.18,sl,28
2023-11-25 17:20:00,2023-11-25 17:35:00,L,0.008388,0.008526212404721342,0.008332715038111463,0.008526212404721342,2.5,2.333,tp,3
2023-11-25 17:40:00,2023-11-26 01:40:00,L,0.008549,0.008421,0.008330856904760523,0.00909435773809869,-0.587,-0.63,time,96
2023-11-26 13:45:00,2023-11-26 16:25:00,S,0.008279,0.008055897567818392,0.008368240972872643,0.008055897567818392,2.5,2.398,tp,32
2023-11-26 16:30:00,2023-11-26 22:10:00,S,0.008125,0.00829970400083663,0.00829970400083663,0.007688239997908428,-1.0,-1.051,sl,68
2023-11-26 22:15:00,2023-11-27 03:05:00,L,0.008302,0.008227578766314084,0.008227578766314084,0.00848805308421479,-1.0,-1.123,sl,58
2023-11-27 03:10:00,2023-11-27 05:10:00,S,0.008245,0.008316108533422748,0.008316108533422748,0.008067228666443133,-1.0,-1.128,sl,24
2023-11-27 05:40:00,2023-11-27 07:50:00,L,0.008319,0.008467559952608023,0.00825957601895679,0.008467559952608023,2.5,2.346,tp,26
2023-11-27 07:55:00,2023-11-27 10:55:00,L,0.008523,0.008293333162028701,0.008293333162028701,0.009097167094928246,-1.0,-1.041,sl,36
2023-11-27 11:00:00,2023-11-27 19:00:00,S,0.008311,0.008139,0.008519478292312003,0.007789804269219994,0.825,0.781,time,96
2023-11-27 19:45:00,2023-11-27 23:20:00,S,0.008078,0.00818693914479469,0.00818693914479469,0.007805652138013273,-1.0,-1.082,sl,43
2023-11-28 02:05:00,2023-11-28 10:05:00,S,0.008138,0.008108,0.008202530279962466,0.007976674300093833,0.465,0.326,time,96
2023-11-28 14:05:00,2023-11-28 22:05:00,L,0.008186,0.008286,0.008120214277846939,0.008350464305382655,1.52,1.383,time,96
2023-11-29 14:25:00,2023-11-29 22:25:00,S,0.008272,0.008221,0.008342342603591743,0.008096143491020641,0.725,0.596,time,96
2023-11-30 03:40:00,2023-11-30 04:50:00,L,0.008267,0.008243029215219579,0.008243029215219579,0.008326926961951052,-1.0,-1.379,sl,14
2023-11-30 05:55:00,2023-11-30 13:45:00,S,0.008231,0.00826099815982537,0.00826099815982537,0.008156004600436577,-1.0,-1.302,sl,94
2023-11-30 14:20:00,2023-11-30 19:40:00,S,0.00818,0.008264806383218944,0.008264806383218944,0.00796798404195264,-1.0,-1.106,sl,64
2023-11-30 19:45:00,2023-12-01 03:45:00,L,0.00827,0.00838,0.008213879228425529,0.008410301928936176,1.96,1.798,time,96
2023-12-01 09:20:00,2023-12-01 12:40:00,L,0.00835,0.008307784022041631,0.008307784022041631,0.008455539944895922,-1.0,-1.218,sl,40
2023-12-01 16:20:00,2023-12-02 00:20:00,L,0.008341,0.008356,0.008272533965180769,0.008512165087048076,0.219,0.085,time,96
2023-12-02 01:45:00,2023-12-02 09:45:00,L,0.008419,0.008402,0.008356202721086762,0.008575993197283093,-0.271,-0.418,time,96
2023-12-02 12:20:00,2023-12-02 19:10:00,L,0.008424,0.00855142445704479,0.008373030217182083,0.00855142445704479,2.5,2.318,tp,82
2023-12-02 19:15:00,2023-12-03 03:15:00,L,0.0085,0.008525,0.00844740649225518,0.008631483769362052,0.475,0.298,time,96
2023-12-03 12:50:00,2023-12-03 16:45:00,S,0.008431,0.008500909904243712,0.008500909904243712,0.008256225239390718,-1.0,-1.133,sl,47
2023-12-03 16:55:00,2023-12-03 18:40:00,L,0.008506,0.008694648789260616,0.008430540484295753,0.008694648789260616,2.5,2.376,tp,21
2023-12-03 18:45:00,2023-12-04 02:45:00,L,0.008837,0.009083,0.00846826804470173,0.009758829888245675,0.667,0.641,time,96
2023-12-04 04:55:00,2023-12-04 07:55:00,L,0.009141,0.009483970145805364,0.009003811941677854,0.009483970145805364,2.5,2.427,tp,36
2023-12-04 08:00:00,2023-12-04 11:10:00,L,0.009453,0.009105640956267298,0.009105640956267298,0.010321397609331755,-1.0,-1.03,sl,38
2023-12-04 20:45:00,2023-12-04 22:20:00,L,0.008971,0.00917371393226634,0.008889914427093464,0.00917371393226634,2.5,2.378,tp,19
2023-12-04 22:25:00,2023-12-05 06:25:00,L,0.009091,0.009155,0.008945359728371832,0.009455100679070422,0.439,0.371,time,96
2023-12-05 06:30:00,2023-12-05 06:30:00,L,0.009155,0.009098055458853355,0.009098055458853355,0.009297361352866611,-1.0,-1.177,sl,0
2023-12-05 11:20:00,2023-12-05 12:10:00,L,0.00901,0.009211146204532573,0.008929541518186972,0.009211146204532573,2.5,2.377,tp,10
2023-12-05 12:15:00,2023-12-05 20:15:00,L,0.009378,0.009336,0.008979658770133596,0.010373853074666008,-0.105,-0.131,time,96
2023-12-05 23:50:00,2023-12-06 05:35:00,L,0.009511,0.009363736310326077,0.009363736310326077,0.00987915922418481,-1.0,-1.071,sl,69
2023-12-06 06:00:00,2023-12-06 14:00:00,L,0.009768,0.010023,0.009295110353273028,0.010950224116817432,0.539,0.517,time,96
2023-12-07 04:40:00,2023-12-07 07:00:00,L,0.009837,0.00969122396852823,0.00969122396852823,0.010201440078679425,-1.0,-1.074,sl,28
2023-12-07 08:20:00,2023-12-07 09:25:00,S,0.009673,0.00940827021789807,0.009778891912840771,0.00940827021789807,2.5,2.4,tp,13
2023-12-07 09:30:00,2023-12-07 14:55:00,S,0.009456,0.00967150169884186,0.00967150169884186,0.008917245752895353,-1.0,-1.048,sl,65
2023-12-07 15:00:00,2023-12-07 23:00:00,L,0.009662,0.009786,0.009571974741671948,0.009887063145820132,1.377,1.259,time,96
2023-12-08 05:15:00,2023-12-08 06:40:00,L,0.009974,0.009866150654642294,0.009866150654642294,0.010243623363394266,-1.0,-1.102,sl,17
2023-12-08 07:45:00,2023-12-08 15:45:00,L,0.010188,0.010031,0.00981928064733055,0.011109798381673622,-0.426,-0.456,time,96
2023-12-08 16:50:00,2023-12-08 21:20:00,L,0.0101,0.010404969328756935,0.009978012268497226,0.010404969328756935,2.5,2.409,tp,54
2023-12-08 21:25:00,2023-12-09 01:05:00,L,0.010418,0.010169989982974064,0.010169989982974064,0.01103802504256484,-1.0,-1.046,sl,44
2023-12-09 03:20:00,2023-12-09 08:35:00,L,0.010323,0.010167220659443118,0.010167220659443118,0.010712448351392208,-1.0,-1.073,sl,63
2023-12-09 23:30:00,2023-12-10 00:40:00,S,0.009997,0.010166958990344024,0.010166958990344024,0.009572102524139942,-1.0,-1.065,sl,14
2023-12-10 00:50:00,2023-12-10 08:50:00,L,0.010181,0.010138,0.00996377290670861,0.010724067733228478,-0.198,-0.25,time,96
2023-12-10 08:55:00,2023-12-10 13:15:00,S,0.010138,0.010280164146517667,0.010280164146517667,0.009782589633705829,-1.0,-1.078,sl,52
2023-12-10 13:20:00,2023-12-10 21:20:00,L,0.010311,0.010316,0.01004529086394826,0.010975272840129353,0.019,-0.024,time,96
2023-12-10 22:15:00,2023-12-11 01:00:00,L,0.010364,0.010260710908273263,0.010260710908273263,0.010622222729316842,-1.0,-1.11,sl,33
2023-12-11 01:50:00,2023-12-11 02:10:00,L,0.010482,0.010123072406707801,0.010123072406707801,0.011379318983230496,-1.0,-1.032,sl,4
2023-12-11 02:15:00,2023-12-11 10:15:00,S,0.009669,0.009726,0.01063798184835719,0.007246545379107028,-0.059,-0.07,time,96
2023-12-11 12:55:00,2023-12-11 18:00:00,S,0.009634,0.009337180248371064,0.009752727900651575,0.009337180248371064,2.5,2.411,tp,61
2023-12-11 18:05:00,2023-12-12 00:20:00,S,0.009384,0.009570830714868014,0.009570830714868014,0.008916923212829964,-1.0,-1.055,sl,75
2023-12-12 05:00:00,2023-12-12 07:10:00,S,0.009573,0.009686735592458869,0.009686735592458869,0.00928866101885283,-1.0,-1.093,sl,26
2023-12-12 11:05:00,2023-12-12 11:55:00,S,0.009631,0.009553126522204042,0.009662149391118384,0.009553126522204042,2.5,2.16,tp,10
2023-12-12 12:00:00,2023-12-12 13:30:00,S,0.009522,0.009647538892580632,0.009647538892580632,0.009208152768548418,-1.0,-1.083,sl,18
2023-12-12 15:25:00,2023-12-12 23:25:00,S,0.009442,0.009631,0.009670479745741143,0.008870800635647144,-0.827,-0.873,time,96
2023-12-13 01:30:00,2023-12-13 09:30:00,S,0.009431,0.009482,0.00963051261324927,0.008932218466876826,-0.256,-0.308,time,96
2023-12-13 11:50:00,2023-12-13 13:20:00,S,0.009375,0.009470269595132422,0.009470269595132422,0.009136826012168944,-1.0,-1.108,sl,18
2023-12-13 15:25:00,2023-12-13 23:25:00,L,0.00959,0.009833,0.009437415562828127,0.00997146109292968,1.593,1.523,time,96
2023-12-14 05:30:00,2023-12-14 05:50:00,L,0.009902,0.010104573891598915,0.009820970443360433,0.010104573891598915,2.5,2.366,tp,4
2023-12-14 05:55:00,2023-12-14 13:25:00,L,0.010035,0.009818563003557696,0.009818563003557696,0.01057609249110576,-1.0,-1.051,sl,90
2023-12-14 16:25:00,2023-12-15 00:25:00,L,0.010022,0.010099,0.009843676940148073,0.010467807649629816,0.432,0.37,time,96
2023-12-15 05:35:00,2023-12-15 10:45:00,S,0.009892,0.009970715025651061,0.009970715025651061,0.009695212435872347,-1.0,-1.138,sl,62
2023-12-15 10:50:00,2023-12-15 11:55:00,L,0.009963,0.009883400486473019,0.009883400486473019,0.010161998783817452,-1.0,-1.138,sl,13
2023-12-15 12:10:00,2023-12-15 14:30:00,S,0.00988,0.009718980155497207,0.009944407937801117,0.009718980155497207,2.5,2.331,tp,28
2023-12-15 14:35:00,2023-12-15 21:05:00,S,0.009726,0.009834776299958038,0.009834776299958038,0.009454059250104906,-1.0,-1.098,sl,78
2023-12-15 22:15:00,2023-12-15 23:20:00,S,0.009773,0.009587679123377676,0.00984712835064893,0.009587679123377676,2.5,2.355,tp,13
2023-12-15 23:25:00,2023-12-16 03:45:00,S,0.009606,0.009780166325615978,0.009780166325615978,0.009170584185960054,-1.0,-1.061,sl,52
2023-12-16 05:05:00,2023-12-16 06:00:00,L,0.009787,0.009893674701011384,0.009744330119595447,0.009893674701011384,2.5,2.248,tp,11
2023-12-16 06:05:00,2023-12-16 12:30:00,L,0.009904,0.010232751562000961,0.009772499375199615,0.010232751562000961,2.5,2.417,tp,77
2023-12-16 12:35:00,2023-12-16 20:05:00,L,0.01026,0.010986783166729592,0.009969286733308163,0.010986783166729592,2.5,2.461,tp,90
2023-12-16 20:10:00,2023-12-17 04:10:00,L,0.010962,0.010894,0.010203553779811232,0.012858115550471918,-0.09,-0.106,time,96
2023-12-17 14:25:00,2023-12-17 15:50:00,S,0.010414,0.01052982109231002,0.01052982109231002,0.010124447269224946,-1.0,-1.099,sl,17
2023-12-17 16:40:00,2023-12-17 19:55:00,L,0.010535,0.010420774510423971,0.010420774510423971,0.01082056372394007,-1.0,-1.101,sl,39
2023-12-17 22:10:00,2023-12-18 00:25:00,S,0.010391,0.010494615834386345,0.010494615834386345,0.010131960414034134,-1.0,-1.11,sl,27
2023-12-18 01:35:00,2023-12-18 09:35:00,S,0.010236,0.009792,0.010500271352328065,0.00957532161917984,1.68,1.637,time,96
2023-12-18 10:30:00,2023-12-18 13:15:00,S,0.009655,0.009897251970902495,0.009897251970902495,0.009049370072743763,-1.0,-1.044,sl,33
2023-12-18 21:10:00,2023-12-19 05:10:00,L,0.010374,0.01039,0.010150276199381183,0.01093330950154704,0.072,0.021,time,96
2023-12-19 06:30:00,2023-12-19 09:25:00,L,0.010513,0.010412974990709168,0.010412974990709168,0.01076306252322708,-1.0,-1.116,sl,35
2023-12-19 14:00:00,2023-12-19 17:30:00,S,0.010271,0.009994936110940891,0.010381425555623644,0.009994936110940891,2.5,2.398,tp,42
2023-12-19 17:35:00,2023-12-20 01:35:00,S,0.010071,0.010048,0.010244862499008639,0.009636343752478405,0.132,0.069,time,96
2023-12-20 01:45:00,2023-12-20 04:20:00,S,0.010058,0.010172867528064417,0.010172867528064417,0.009770831179838953,-1.0,-1.096,sl,31
2023-12-20 11:25:00,2023-12-20 19:25:00,L,0.010368,0.010335,0.010199168640821961,0.010790078397945099,-0.195,-0.263,time,96
2023-12-20 19:45:00,2023-12-21 03:45:00,S,0.010276,0.010234,0.010436514561402137,0.009874713596494658,0.262,0.191,time,96
2023-12-21 07:25:00,2023-12-21 09:25:00,L,0.010312,0.010243157192881183,0.010243157192881183,0.010484107017797045,-1.0,-1.165,sl,24
2023-12-21 10:30:00,2023-12-21 14:40:00,L,0.010366,0.010231359974494455,0.010231359974494455,0.010702600063763865,-1.0,-1.085,sl,50
2023-12-21 14:45:00,2023-12-21 19:55:00,S,0.010231,0.010409218942572967,0.010409218942572967,0.009785452643567585,-1.0,-1.063,sl,62
2023-12-21 20:05:00,2023-12-22 04:05:00,L,0.010475,0.010531,0.010259020208197763,0.011014949479505591,0.259,0.206,time,96
2023-12-22 04:50:00,2023-12-22 06:50:00,L,0.0107,0.010455012801871002,0.010455012801871002,0.011312467995322494,-1.0,-1.048,sl,24
2023-12-22 10:45:00,2023-12-22 16:30:00,L,0.010612,0.010909920973577271,0.010492831610569091,0.010909920973577271,2.5,2.402,tp,69
2023-12-22 16:35:00,2023-12-23 00:35:00,L,0.010836,0.010801,0.0106384643963954,0.011329839009011501,-0.177,-0.238,time,96
2023-12-23 03:05:00,2023-12-23 05:50:00,S,0.010686,0.01077280918822628,0.01077280918822628,0.0104689770294343,-1.0,-1.135,sl,33
2023-12-23 05:55:00,2023-12-23 13:55:00,L,0.01084,0.011247,0.010555021437868082,0.011552446405329798,1.428,1.386,time,96
2023-12-23 23:05:00,2023-12-24 05:35:00,L,0.011031,0.010907830337875688,0.010907830337875688,0.011338924155310778,-1.0,-1.099,sl,78
2023-12-24 09:40:00,2023-12-24 09:40:00,L,0.010936,0.011084919363827286,0.010876432254469085,0.011084919363827286,2.5,2.298,tp,0
2023-12-24 09:45:00,2023-12-24 10:25:00,L,0.010989,0.010874334620539874,0.010874334620539874,0.011275663448650317,-1.0,-1.105,sl,8
2023-12-24 20:50:00,2023-12-25 04:50:00,S,0.010809,0.010751,0.010969446926011784,0.010407882684970539,0.361,0.287,time,96
2023-12-25 09:00:00,2023-12-25 11:25:00,S,0.010756,0.01084556121767972,0.01084556121767972,0.0105320969558007,-1.0,-1.132,sl,29
2023-12-25 11:30:00,2023-12-25 19:30:00,L,0.010858,0.010989,0.010748372500482264,0.011132068748794337,1.195,1.086,time,96
2023-12-25 22:05:00,2023-12-26 05:10:00,L,0.011022,0.01086589770883891,0.01086589770883891,0.011412255727902726,-1.0,-1.078,sl,85
2023-12-26 05:15:00,2023-12-26 05:30:00,S,0.010859,0.010646118873495557,0.010944152450601779,0.010646118873495557,2.5,2.36,tp,3
2023-12-26 05:35:00,2023-12-26 13:35:00,S,0.010663,0.010803,0.010935024528229875,0.009982938679425315,-0.515,-0.558,time,96
2023-12-26 15:10:00,2023-12-26 17:20:00,S,0.010751,0.010502338365423285,0.010850464653830686,0.010502338365423285,2.5,2.381,tp,26
2023-12-26 17:25:00,2023-12-26 17:35:00,S,0.010537,0.01014734739494086,0.010692861042023655,0.01014734739494086,2.5,2.426,tp,2
2023-12-26 17:40:00,2023-12-27 01:40:00,S,0.010061,0.010514,0.010700446550911399,0.008462383622721505,-0.708,-0.726,time,96
2023-12-27 02:15:00,2023-12-27 03:30:00,S,0.010474,0.010305620588818839,0.010541351764472465,0.010305620588818839,2.5,2.329,tp,15
2023-12-27 03:35:00,2023-12-27 05:10:00,S,0.010319,0.01046619282248629,0.01046619282248629,0.009951017943784276,-1.0,-1.077,sl,19
2023-12-27 10:20:00,2023-12-27 16:30:00,L,0.010659,0.010873179978618575,0.01057332800855257,0.010873179978618575,2.5,2.363,tp,74
2023-12-28 00:50:00,2023-12-28 01:25:00,L,0.011053,0.010887443775735655,0.010887443775735655,0.011466890560660865,-1.0,-1.073,sl,7
2023-12-28 06:35:00,2023-12-28 13:00:00,S,0.010831,0.010611322991544925,0.01091887080338203,0.010611322991544925,2.5,2.364,tp,77
2023-12-28 13:05:00,2023-12-28 21:05:00,S,0.010696,0.010644,0.010881291788484154,0.010232770528789617,0.281,0.217,time,96
2023-12-29 00:35:00,2023-12-29 08:35:00,S,0.010563,0.010585,0.010694376377009958,0.010234559057475102,-0.167,-0.256,time,96
2023-12-29 15:45:00,2023-12-29 23:45:00,S,0.010549,0.010411,0.010706682825817252,0.010154792935456868,0.875,0.802,time,96
2023-12-30 08:40:00,2023-12-30 15:50:00,S,0.010483,0.010578621464260257,0.010578621464260257,0.010243946339349354,-1.0,-1.121,sl,86
2023-12-30 15:55:00,2023-12-30 16:45:00,L,0.010578,0.010519082218012864,0.010519082218012864,0.010725294454967843,-1.0,-1.197,sl,10
2023-12-30 22:45:00,2023-12-31 06:45:00,S,0.010473,0.010476,0.010548701738009815,0.01028374565497546,-0.04,-0.192,time,96
2023-12-31 09:05:00,2023-12-31 17:05:00,L,0.010559,0.010575,0.01049299253375954,0.010724018665601152,0.242,0.066,time,96
2023-12-31 19:25:00,2023-12-31 20:30:00,S,0.010526,0.010457887467852443,0.010553245012859024,0.010457887467852443,2.5,2.075,tp,13
2023-12-31 20:35:00,2024-01-01 04:20:00,S,0.010455,0.0102417987525135,0.010540280498994602,0.0102417987525135,2.5,2.365,tp,93
2024-01-01 04:25:00,2024-01-01 08:10:00,S,0.010282,0.010390946902567172,0.010390946902567172,0.010009632743582068,-1.0,-1.104,sl,45
2024-01-01 13:55:00,2024-01-01 14:00:00,L,0.010479,0.010427809817440882,0.010427809817440882,0.010606975456397796,-1.0,-1.225,sl,1
2024-01-01 14:10:00,2024-01-01 15:20:00,S,0.01045,0.010485301638839224,0.010485301638839224,0.01036174590290194,-1.0,-1.326,sl,14
2024-01-01 15:25:00,2024-01-01 19:45:00,L,0.010495,0.010665100776037151,0.01042695968958514,0.010665100776037151,2.5,2.33,tp,52
2024-01-01 19:50:00,2024-01-02 03:50:00,L,0.010662,0.010812,0.010579783219450703,0.010867541951373242,1.824,1.682,time,96
2024-01-02 08:25:00,2024-01-02 11:40:00,L,0.010855,0.010748490820140776,0.010748490820140776,0.01112127294964806,-1.0,-1.112,sl,39
2024-01-02 14:35:00,2024-01-02 22:35:00,S,0.010688,0.010546,0.01085703907898363,0.010265402302540926,0.84,0.77,time,96
2024-01-03 04:35:00,2024-01-03 05:15:00,S,0.010586,0.010623294288468667,0.010623294288468667,0.01049276427882833,-1.0,-1.312,sl,8
2024-01-03 05:40:00,2024-01-03 07:55:00,L,0.010658,0.010566417867036422,0.010566417867036422,0.010886955332408948,-1.0,-1.128,sl,27
2024-01-03 08:00:00,2024-01-03 09:35:00,S,0.010588,0.0106584096529012,0.0106584096529012,0.010411975867747,-1.0,-1.165,sl,19
2024-01-03 11:15:00,2024-01-03 12:00:00,S,0.010482,0.010003221067313627,0.01067351157307455,0.010003221067313627,2.5,2.44,tp,9
2024-01-03 12:05:00,2024-01-03 12:10:00,S,0.009991,0.00834713261782376,0.010648546952870496,0.00834713261782376,2.5,2.483,tp,1
2024-01-03 12:15:00,2024-01-03 20:15:00,S,0.009004,0.009545,0.01061587037793384,0.0049743240551654,-0.336,-0.342,time,96
2024-01-04 07:50:00,2024-01-04 12:45:00,S,0.009592,0.009690833605927731,0.009690833605927731,0.009344915985180672,-1.0,-1.107,sl,59
2024-01-04 14:35:00,2024-01-04 22:35:00,L,0.009845,0.01002,0.009650188731553403,0.010332028171116489,0.898,0.843,time,96
2024-01-05 01:50:00,2024-01-05 09:50:00,S,0.009741,0.009872,0.010058881097339642,0.008946297256650894,-0.412,-0.446,time,96
2024-01-05 11:00:00,2024-01-05 19:00:00,S,0.00974,0.009586,0.009891356744909974,0.009361608137725064,1.017,0.947,time,96
2024-01-05 23:05:00,2024-01-06 01:10:00,L,0.009848,0.00973927903197533,0.00973927903197533,0.010119802420061677,-1.0,-1.1,sl,25
2024-01-06 01:15:00,2024-01-06 05:25:00,S,0.009752,0.00954847878084061,0.009833408487663757,0.00954847878084061,2.5,2.368,tp,50
2024-01-06 05:30:00,2024-01-06 13:30:00,S,0.009542,0.009564,0.009737974364026526,0.009052064089933686,-0.112,-0.166,time,96
2024-01-06 19:45:00,2024-01-07 03:45:00,S,0.009573,0.009557,0.009706269130532892,0.00923982717366777,0.12,0.041,time,96
2024-01-07 09:15:00,2024-01-07 17:15:00,S,0.009495,0.009323,0.009649664193386217,0.009108339516534458,1.112,1.045,time,96
2024-01-07 20:40:00,2024-01-07 22:05:00,S,0.009316,0.009165974948091675,0.00937601002076333,0.009165974948091675,2.5,2.329,tp,17
2024-01-07 22:10:00,2024-01-08 02:15:00,S,0.00917,0.008778600020850097,0.00932655999165996,0.008778600020850097,2.5,2.436,tp,49
2024-01-08 02:20:00,2024-01-08 02:50:00,S,0.008869,0.008631330040484851,0.00896406798380606,0.008631330040484851,2.5,2.397,tp,6
2024-01-08 02:55:00,2024-01-08 06:10:00,S,0.008652,0.008967154452578388,0.008967154452578388,0.00786411386855403,-1.0,-1.03,sl,39
2024-01-08 16:20:00,2024-01-08 17:55:00,S,0.009162,0.009278456198720472,0.009278456198720472,0.008870859503198821,-1.0,-1.087,sl,19
2024-01-08 18:00:00,2024-01-09 02:00:00,L,0.009308,0.009381,0.009115566328080617,0.009789084179798459,0.379,0.326,time,96
2024-01-09 04:45:00,2024-01-09 09:15:00,L,0.009483,0.009379352419389655,0.009379352419389655,0.009742118951525863,-1.0,-1.101,sl,54
2024-01-09 09:20:00,2024-01-09 17:20:00,S,0.009376,0.009322,0.009532771469235236,0.00898407132691191,0.344,0.279,time,96
2024-01-09 17:35:00,2024-01-10 01:35:00,L,0.009491,0.009746,0.009197299667991727,0.01022525083002068,0.868,0.833,time,96
2024-01-10 07:05:00,2024-01-10 09:35:00,S,0.009488,0.009562866104961992,0.009562866104961992,0.00930083473759502,-1.0,-1.139,sl,30
2024-01-10 09:40:00,2024-01-10 12:25:00,L,0.009561,0.009326890432891097,0.009326890432891097,0.010146273917772258,-1.0,-1.045,sl,33
2024-01-10 12:30:00,2024-01-10 18:00:00,S,0.009344,0.009532567232867077,0.009532567232867077,0.008872581917832308,-1.0,-1.055,sl,66
2024-01-10 18:05:00,2024-01-10 20:10:00,L,0.009543,0.009352582968247144,0.009352582968247144,0.010019042579382138,-1.0,-1.055,sl,25
2024-01-10 21:00:00,2024-01-11 05:00:00,L,0.009555,0.010101,0.009255056303657245,0.010304859240856886,1.82,1.785,time,96
2024-01-11 08:30:00,2024-01-11 15:50:00,L,0.010174,0.01004047536815129,0.01004047536815129,0.010507811579621777,-1.0,-1.084,sl,88
2024-01-12 12:25:00,2024-01-12 12:40:00,L,0.010254,0.010166032073283184,0.010166032073283184,0.010473919816792038,-1.0,-1.128,sl,3
2024-01-12 15:25:00,2024-01-12 23:25:00,S,0.00997,0.009621,0.010306096597796072,0.00912975850550982,1.038,1.006,time,96
2024-01-13 14:10:00,2024-01-13 15:25:00,S,0.009775,0.00984660681050294,0.00984660681050294,0.009595982973742652,-1.0,-1.15,sl,15
2024-01-13 17:20:00,2024-01-14 00:50:00,L,0.009925,0.009798826726956533,0.009798826726956533,0.010240433182608666,-1.0,-1.087,sl,90
2024-01-14 00:55:00,2024-01-14 03:10:00,S,0.009806,0.009900024005353543,0.009900024005353543,0.009570939986616145,-1.0,-1.115,sl,27
2024-01-14 04:45:00,2024-01-14 06:05:00,S,0.009786,0.009893531358200725,0.009893531358200725,0.009517171604498185,-1.0,-1.1,sl,16
2024-01-14 07:00:00,2024-01-14 07:20:00,L,0.009907,0.009861498149717655,0.009861498149717655,0.01002075462570586,-1.0,-1.24,sl,4
2024-01-14 08:00:00,2024-01-14 12:50:00,L,0.009905,0.009831890787934883,0.009831890787934883,0.010087773030162794,-1.0,-1.149,sl,58
2024-01-14 12:55:00,2024-01-14 14:05:00,S,0.009848,0.009913515605599953,0.009913515605599953,0.00968421098600012,-1.0,-1.165,sl,14
2024-01-14 18:30:00,2024-01-15 02:30:00,S,0.009802,0.009718,0.009914664023296228,0.00952033994175943,0.746,0.65,time,96
2024-01-15 07:35:00,2024-01-15 09:55:00,S,0.009666,0.009731636004947714,0.009731636004947714,0.009501909987630713,-1.0,-1.162,sl,28
2024-01-15 12:50:00,2024-01-15 15:45:00,S,0.009662,0.00949237323524445,0.00972985070590222,0.00949237323524445,2.5,2.343,tp,35
2024-01-15 15:50:00,2024-01-15 17:35:00,S,0.009497,0.009621748577551811,0.009621748577551811,0.009185128556120473,-1.0,-1.084,sl,21
2024-01-15 21:25:00,2024-01-16 05:25:00,S,0.009609,0.009647,0.009712245459359555,0.00935088635160111,-0.368,-0.47,time,96
2024-01-16 06:25:00,2024-01-16 09:00:00,S,0.009575,0.009681887902877247,0.009681887902877247,0.009307780242806884,-1.0,-1.099,sl,31
2024-01-16 09:05:00,2024-01-16 14:00:00,L,0.009699,0.0095835566443525,0.0095835566443525,0.009987608389118746,-1.0,-1.092,sl,59
2024-01-16 14:05:00,2024-01-16 21:30:00,S,0.009626,0.009718936234947292,0.009718936234947292,0.009393659412631768,-1.0,-1.114,sl,89
2024-01-16 21:35:00,2024-01-17 04:40:00,L,0.009722,0.009608729073603573,0.009608729073603573,0.010005177315991067,-1.0,-1.094,sl,85
2024-01-17 04:45:00,2024-01-17 12:45:00,S,0.009631,0.009567,0.009690628882937487,0.009481927792656285,1.073,0.896,time,96
2024-01-17 13:25:00,2024-01-17 14:50:00,S,0.009522,0.00958646609055822,0.00958646609055822,0.009360834773604446,-1.0,-1.162,sl,17
2024-01-17 15:55:00,2024-01-17 23:55:00,S,0.009453,0.009531,0.009592527196657218,0.009104182008356953,-0.559,-0.634,time,96
2024-01-18 10:45:00,2024-01-18 13:10:00,S,0.009457,0.009280070586453165,0.009527771765418734,0.009280070586453165,2.5,2.353,tp,29
2024-01-18 13:15:00,2024-01-18 15:50:00,S,0.009311,0.009440177620758043,0.009440177620758043,0.008988055948104891,-1.0,-1.079,sl,31
2024-01-18 16:40:00,2024-01-19 00:40:00,S,0.009286,0.009187,0.009461603305908246,0.00884699173522939,0.564,0.506,time,96
2024-01-19 03:20:00,2024-01-19 04:30:00,S,0.009093,0.009192864558732177,0.009192864558732177,0.008843338603169559,-1.0,-1.1,sl,14
2024-01-19 12:30:00,2024-01-19 13:45:00,S,0.009273,0.009306553116762905,0.009306553116762905,0.009189117208092738,-1.0,-1.304,sl,15
2024-01-19 13:50:00,2024-01-19 14:25:00,L,0.009298,0.009231518023622001,0.009231518023622001,0.009464204940945,-1.0,-1.154,sl,7
2024-01-19 14:30:00,2024-01-19 16:40:00,S,0.00924,0.008833421222837857,0.009402631510864857,0.008833421222837857,2.5,2.438,tp,26
2024-01-19 16:45:00,2024-01-19 18:35:00,S,0.008814,0.009172302571324255,0.009172302571324255,0.007918243571689364,-1.0,-1.027,sl,22
2024-01-19 23:20:00,2024-01-20 01:30:00,L,0.009304,0.009396568493812534,0.009266972602474987,0.009396568493812534,2.5,2.224,tp,26
2024-01-20 01:35:00,2024-01-20 09:35:00,L,0.009392,0.009445,0.009264055835822651,0.00971186041044337,0.414,0.333,time,96
2024-01-20 09:45:00,2024-01-20 11:05:00,L,0.009486,0.009396221842330892,0.009396221842330892,0.009710445394172769,-1.0,-1.116,sl,16
2024-01-20 18:45:00,2024-01-20 19:25:00,S,0.009335,0.009381983681439703,0.009381983681439703,0.00921754079640074,-1.0,-1.219,sl,8
2024-01-20 19:45:00,2024-01-20 21:45:00,L,0.009401,0.009601185212844341,0.009320925914862263,0.009601185212844341,2.5,2.371,tp,24
2024-01-20 21:50:00,2024-01-21 05:50:00,L,0.009577,0.009498,0.00944446784887709,0.009908330377807277,-0.596,-0.676,time,96
2024-01-21 13:55:00,2024-01-21 15:35:00,L,0.009542,0.009467166835004497,0.009467166835004497,0.009729082912488758,-1.0,-1.14,sl,20
2024-01-21 16:15:00,2024-01-22 00:15:00,S,0.009438,0.009357,0.009544555418548836,0.009171611453627911,0.76,0.663,time,96
2024-01-22 00:30:00,2024-01-22 08:30:00,S,0.009306,0.009174,0.009383791823416381,0.009111520441459048,1.697,1.565,time,96
2024-01-22 08:35:00,2024-01-22 16:35:00,S,0.009174,0.00908,0.00929557049520122,0.00887007376199695,0.773,0.69,time,96
2024-01-22 19:35:00,2024-01-23 03:35:00,S,0.008963,0.009039,0.009136412066884515,0.008529469832788714,-0.438,-0.495,time,96
2024-01-23 07:20:00,2024-01-23 08:10:00,S,0.008967,0.008815265179392337,0.009027693928243064,0.008815265179392337,2.5,2.337,tp,10
2024-01-23 08:15:00,2024-01-23 16:15:00,S,0.008825,0.008642,0.009004052948945544,0.008377367627636138,1.022,0.968,time,96
2024-01-23 19:45:00,2024-01-23 22:30:00,S,0.008661,0.008737567415611559,0.008737567415611559,0.008469581460971104,-1.0,-1.124,sl,33
2024-01-24 02:50:00,2024-01-24 04:15:00,S,0.008768,0.008826087721799466,0.008826087721799466,0.008622780695501335,-1.0,-1.166,sl,17
2024-01-24 06:05:00,2024-01-24 09:00:00,L,0.008839,0.008968930333537187,0.008787027866585124,0.008968930333537187,2.5,2.313,tp,35
2024-01-24 09:05:00,2024-01-24 12:55:00,L,0.008974,0.008907918097349442,0.008907918097349442,0.009139204756626393,-1.0,-1.149,sl,46
2024-01-24 13:50:00,2024-01-24 21:50:00,S,0.008856,0.008804,0.008951467229562648,0.008617331926093378,0.545,0.443,time,96
2024-01-24 23:05:00,2024-01-25 05:05:00,L,0.008878,0.008792293729977066,0.008792293729977066,0.009092265675057335,-1.0,-1.114,sl,72
2024-01-25 05:10:00,2024-01-25 07:25:00,S,0.008792,0.008863664020265184,0.008863664020265184,0.008612839949337038,-1.0,-1.135,sl,27
2024-01-25 10:55:00,2024-01-25 12:30:00,L,0.00891,0.008814355271882022,0.008814355271882022,0.009149111820294945,-1.0,-1.102,sl,19
2024-01-25 12:35:00,2024-01-25 20:35:00,S,0.008807,0.008861,0.00892517363690812,0.008511565907729703,-0.457,-0.539,time,96
2024-01-26 01:10:00,2024-01-26 02:05:00,S,0.008791,0.00885881927282378,0.00885881927282378,0.00862145181794055,-1.0,-1.143,sl,11
2024-01-26 02:15:00,2024-01-26 10:15:00,L,0.008869,0.008893,0.008788248032288781,0.009070879919278046,0.297,0.176,time,96
2024-01-26 10:40:00,2024-01-26 16:00:00,L,0.008923,0.009076903614586015,0.008861438554165595,0.009076903614586015,2.5,2.341,tp,64
2024-01-26 16:05:00,2024-01-26 20:30:00,L,0.009074,0.009025383115873331,0.009025383115873331,0.009195542210316673,-1.0,-1.205,sl,53
2024-01-27 00:00:00,2024-01-27 01:20:00,L,0.009038,0.009083408209878612,0.009019836716048554,0.009083408209878612,2.5,1.953,tp,16
2024-01-27 01:25:00,2024-01-27 05:50:00,L,0.009082,0.009025193947056687,0.009025193947056687,0.009224015132358281,-1.0,-1.176,sl,53
2024-01-27 10:10:00,2024-01-27 18:10:00,L,0.00903,0.009067,0.008994651263084704,0.00911837184228824,1.047,0.766,time,96
2024-01-27 18:55:00,2024-01-28 02:55:00,L,0.009109,0.009175,0.009049881715783008,0.00925679571054248,1.116,0.947,time,96
2024-01-28 04:50:00,2024-01-28 06:35:00,L,0.009217,0.009160525621021032,0.009160525621021032,0.009358185947447417,-1.0,-1.18,sl,21
2024-01-28 15:00:00,2024-01-28 23:00:00,S,0.009058,0.008981,0.009140109061804147,0.008852727345489631,0.938,0.816,time,96
2024-01-29 05:55:00,2024-01-29 09:35:00,S,0.009032,0.009072154931338552,0.009072154931338552,0.00893161267165362,-1.0,-1.247,sl,44
2024-01-29 09:40:00,2024-01-29 13:50:00,L,0.009042,0.008955301123051394,0.008955301123051394,0.009258747192371512,-1.0,-1.115,sl,50
2024-01-29 13:55:00,2024-01-29 15:55:00,S,0.008974,0.009098130877977407,0.009098130877977407,0.00866367280505648,-1.0,-1.08,sl,24
2024-01-29 16:00:00,2024-01-30 00:00:00,L,0.009105,0.009196,0.0089312554337068,0.009539361415733,0.524,0.466,time,96
2024-01-30 01:35:00,2024-01-30 02:35:00,L,0.009241,0.009422380361438998,0.0091684478554244,0.009422380361438998,2.5,2.36,tp,12
2024-01-30 02:40:00,2024-01-30 10:40:00,L,0.00945,0.009256,0.009212369648313469,0.010044075879216328,-0.816,-0.86,time,96
2024-01-30 11:35:00,2024-01-30 12:30:00,L,0.009311,0.009242694321102482,0.009242694321102482,0.009481764197243794,-1.0,-1.15,sl,11
2024-01-30 16:35:00,2024-01-30 18:35:00,L,0.009289,0.009212551801967924,0.009212551801967924,0.009480120495080192,-1.0,-1.134,sl,24
2024-01-30 21:05:00,2024-01-30 23:35:00,S,0.009171,0.009039065205387846,0.009223773917844862,0.009039065205387846,2.5,2.309,tp,30
2024-01-30 23:40:00,2024-01-31 07:40:00,S,0.009034,0.009094,0.009136765472504358,0.008777086318739104,-0.584,-0.681,time,96
2024-01-31 08:15:00,2024-01-31 10:40:00,S,0.009092,0.008980783025180687,0.009136486789927725,0.008980783025180687,2.5,2.275,tp,29
2024-01-31 10:45:00,2024-01-31 12:35:00,S,0.008967,0.009050520238731442,0.009050520238731442,0.008758199403171393,-1.0,-1.118,sl,22
2024-01-31 15:20:00,2024-01-31 15:40:00,S,0.008908,0.009078695273418988,0.009078695273418988,0.008481261816452527,-1.0,-1.057,sl,4
2024-01-31 19:35:00,2024-01-31 20:05:00,S,0.009045,0.008929288587930809,0.009091284564827676,0.008929288587930809,2.5,2.285,tp,6
2024-01-31 20:10:00,2024-02-01 04:10:00,S,0.008974,0.0089,0.009090614897073466,0.008682462757316333,0.635,0.55,time,96
2024-02-01 06:25:00,2024-02-01 07:35:00,S,0.008849,0.008906365832620944,0.008906365832620944,0.008705585418447638,-1.0,-1.17,sl,14
2024-02-02 00:25:00,2024-02-02 04:45:00,L,0.009054,0.009003767942255296,0.009003767942255296,0.009179580144361758,-1.0,-1.198,sl,52
2024-02-02 06:50:00,2024-02-02 07:00:00,L,0.009077,0.009054063983792946,0.009054063983792946,0.009134340040517636,-1.0,-1.435,sl,2
2024-02-02 13:35:00,2024-02-02 16:05:00,S,0.008975,0.009048937539993869,0.009048937539993869,0.008790156150015329,-1.0,-1.134,sl,30
2024-02-02 16:10:00,2024-02-02 18:05:00,L,0.009091,0.008988943659278267,0.008988943659278267,0.009346140851804335,-1.0,-1.098,sl,23
2024-02-03 00:30:00,2024-02-03 08:30:00,L,0.0091,0.009073,0.009035873205112822,0.009260316987217946,-0.421,-0.577,time,96
2024-02-03 16:10:00,2024-02-04 00:10:00,L,0.009106,0.009064,0.009004445634753843,0.00935988591311539,-0.414,-0.512,time,96
2024-02-04 04:35:00,2024-02-04 12:35:00,S,0.009061,0.009041,0.009105628907902412,0.008949427730243969,0.448,0.225,time,96
2024-02-04 15:25:00,2024-02-04 15:55:00,S,0.009014,0.009048023979230173,0.009048023979230173,0.008928940051924565,-1.0,-1.291,sl,6
2024-02-04 18:55:00,2024-02-05 01:05:00,S,0.008975,0.0087966381017242,0.00904634475931032,0.0087966381017242,2.5,2.362,tp,74
2024-02-05 01:10:00,2024-02-05 03:15:00,S,0.008801,0.008894399417182886,0.008894399417182886,0.008567501457042784,-1.0,-1.104,sl,25
2024-02-05 10:10:00,2024-02-05 14:45:00,L,0.008992,0.008963958128694155,0.008963958128694155,0.009062104678264613,-1.0,-1.353,sl,55
2024-02-05 14:50:00,2024-02-05 22:50:00,S,0.008964,0.008865,0.009035431146951304,0.008785422132621741,1.386,1.248,time,96
2024-02-06 06:20:00,2024-02-06 07:00:00,S,0.008892,0.008904981735085027,0.008904981735085027,0.008859545662287435,-1.0,-1.753,sl,8
2024-02-06 10:45:00,2024-02-06 18:45:00,S,0.008864,0.008876,0.008935888688467656,0.008684278278830861,-0.167,-0.303,time,96
2024-02-06 22:10:00,2024-02-07 05:05:00,S,0.008874,0.008798922804480625,0.00890403087820775,0.008798922804480625,2.5,2.175,tp,83
2024-02-07 05:10:00,2024-02-07 05:45:00,S,0.008822,0.008859534134624487,0.008859534134624487,0.008728164663438781,-1.0,-1.259,sl,7
2024-02-07 11:55:00,2024-02-07 12:45:00,S,0.008827,0.0088629135069586,0.0088629135069586,0.008737216232603498,-1.0,-1.27,sl,10
2024-02-07 15:25:00,2024-02-07 16:55:00,L,0.008903,0.0090249422930258,0.00885422308278968,0.0090249422930258,2.5,2.299,tp,18
2024-02-07 17:00:00,2024-02-08 01:00:00,L,0.009007,0.009084,0.0088844225135658,0.009313443716085498,0.628,0.547,time,96
2024-02-08 03:15:00,2024-02-08 03:55:00,L,0.009105,0.00906365404820998,0.00906365404820998,0.00920836487947505,-1.0,-1.242,sl,8
2024-02-08 05:30:00,2024-02-08 13:30:00,L,0.009234,0.009142,0.009060885114612787,0.009666787213468028,-0.531,-0.59,time,96
2024-02-08 15:30:00,2024-02-08 16:50:00,L,0.009299,0.009167152668176451,0.009167152668176451,0.009628618329558872,-1.0,-1.078,sl,16
2024-02-08 21:20:00,2024-02-08 22:05:00,L,0.00924,0.009188397591653555,0.009188397591653555,0.009369006020866112,-1.0,-1.197,sl,9
2024-02-09 00:25:00,2024-02-09 03:15:00,L,0.009245,0.009393076014477943,0.009185769594208823,0.009393076014477943,2.5,2.328,tp,34
2024-02-09 03:20:00,2024-02-09 11:20:00,L,0.009429,0.009345,0.009271199701792677,0.009823500745518307,-0.532,-0.598,time,96
2024-02-09 12:00:00,2024-02-09 14:20:00,L,0.009395,0.009333911975620649,0.009333911975620649,0.009547720060948381,-1.0,-1.169,sl,28
2024-02-09 18:15:00,2024-02-09 19:10:00,L,0.009358,0.009321281657508255,0.009321281657508255,0.009449795856229362,-1.0,-1.28,sl,11
2024-02-10 00:20:00,2024-02-10 08:20:00,L,0.009428,0.009405,0.009374595173500824,0.009561512066247942,-0.431,-0.625,time,96
2024-02-10 10:05:00,2024-02-10 16:40:00,S,0.009334,0.009384569588685531,0.009384569588685531,0.009207576028286172,-1.0,-1.203,sl,79
2024-02-10 16:45:00,2024-02-11 00:45:00,L,0.009395,0.009407,0.009339971889763916,0.009532570275590211,0.218,0.03,time,96
2024-02-11 03:40:00,2024-02-11 11:40:00,L,0.009454,0.009485,0.009392743166889003,0.009607142082777496,0.506,0.336,time,96
2024-02-11 16:30:00,2024-02-11 18:30:00,L,0.009509,0.009394609185199226,0.009394609185199226,0.009794977037001936,-1.0,-1.091,sl,24
2024-02-11 20:55:00,2024-02-12 01:20:00,S,0.009355,0.009468310132606206,0.009468310132606206,0.009071724668484486,-1.0,-1.091,sl,53
2024-02-12 01:25:00,2024-02-12 02:15:00,L,0.00947,0.009406863883619093,0.009406863883619093,0.009627840290952266,-1.0,-1.165,sl,10
2024-02-12 02:40:00,2024-02-12 10:40:00,S,0.009334,0.009257,0.009452195195683492,0.009038512010791271,0.651,0.565,time,96
2024-02-12 10:55:00,2024-02-12 14:10:00,S,0.009236,0.009281607846713117,0.009281607846713117,0.009121980383217206,-1.0,-1.223,sl,39
2024-02-12 14:35:00,2024-02-12 17:10:00,L,0.009311,0.009486888680971212,0.009240644527611514,0.009486888680971212,2.5,2.354,tp,31
2024-02-12 17:15:00,2024-02-13 01:15:00,L,0.009487,0.009691,0.009381747489808342,0.009750131275479145,1.938,1.839,time,96
2024-02-13 09:00:00,2024-02-13 10:40:00,L,0.009635,0.009591668679042176,0.009591668679042176,0.009743328302394558,-1.0,-1.245,sl,20
2024-02-13 13:35:00,2024-02-13 21:35:00,S,0.009519,0.009473,0.009625503826247937,0.009252740434380156,0.432,0.334,time,96
2024-02-14 00:30:00,2024-02-14 03:10:00,S,0.009417,0.009483461955602308,0.009483461955602308,0.009250845110994232,-1.0,-1.156,sl,32
2024-02-14 03:15:00,2024-02-14 09:05:00,L,0.009488,0.009625914630167199,0.00943283414793312,0.009625914630167199,2.5,2.311,tp,70
2024-02-14 09:10:00,2024-02-14 17:10:00,L,0.009629,0.009791,0.009507159830716087,0.009933600423209784,1.33,1.243,time,96
2024-02-14 17:15:00,2024-02-15 01:15:00,L,0.009791,0.009839,0.009547372102985327,0.01040006974253668,0.197,0.153,time,96
2024-02-15 02:25:00,2024-02-15 05:50:00,L,0.009855,0.009735617498305012,0.009735617498305012,0.010153456254237466,-1.0,-1.091,sl,41
2024-02-15 10:15:00,2024-02-15 11:50:00,L,0.009862,0.00977547918203737,0.00977547918203737,0.010078302044906572,-1.0,-1.125,sl,19
2024-02-15 14:40:00,2024-02-15 15:30:00,L,0.009908,0.009778852480864214,0.009778852480864214,0.010230868797839465,-1.0,-1.084,sl,10
2024-02-16 02:50:00,2024-02-16 07:05:00,L,0.009952,0.009894537521030993,0.009894537521030993,0.01009565619742252,-1.0,-1.191,sl,51
2024-02-16 10:35:00,2024-02-16 14:50:00,L,0.009956,0.00985933748354271,0.00985933748354271,0.010197656291143224,-1.0,-1.113,sl,51
2024-02-16 14:55:00,2024-02-16 22:55:00,S,0.009768,0.009838,0.010041827826064054,0.009083430434839869,-0.256,-0.295,time,96
2024-02-16 23:10:00,2024-02-17 01:15:00,L,0.009845,0.009795537878307168,0.009795537878307168,0.009968655304232077,-1.0,-1.219,sl,25
2024-02-17 01:20:00,2024-02-17 09:20:00,S,0.009792,0.009693,0.009901702446548338,0.009517743883629155,0.902,0.804,time,96
2024-02-17 10:15:00,2024-02-17 14:30:00,S,0.00965,0.00945229450196515,0.00972908219921394,0.00945229450196515,2.5,2.366,tp,51
2024-02-17 14:35:00,2024-02-17 17:10:00,S,0.009487,0.009627719897867409,0.009627719897867409,0.009135200255331481,-1.0,-1.074,sl,31
2024-02-18 05:10:00,2024-02-18 06:45:00,L,0.009709,0.009666622321513017,0.009666622321513017,0.009814944196217458,-1.0,-1.252,sl,19
2024-02-18 07:15:00,2024-02-18 15:15:00,L,0.009741,0.009759,0.009659062645811551,0.00994584338547112,0.22,0.089,time,96
2024-02-18 20:25:00,2024-02-18 22:00:00,S,0.009678,0.009769141254229743,0.009769141254229743,0.009450146864425645,-1.0,-1.117,sl,19
2024-02-18 22:05:00,2024-02-19 06:05:00,L,0.009764,0.009849,0.00970213925771184,0.009918651855720401,1.374,1.2,time,96
2024-02-19 06:15:00,2024-02-19 08:45:00,L,0.009861,0.009776134167832472,0.009776134167832472,0.01007316458041882,-1.0,-1.128,sl,30
2024-02-19 14:05:00,2024-02-19 15:50:00,S,0.00973,0.009830565242218876,0.009830565242218876,0.009478586894452811,-1.0,-1.106,sl,21
2024-02-19 20:10:00,2024-02-20 01:20:00,L,0.00986,0.009778629188700105,0.009778629188700105,0.010063427028249741,-1.0,-1.133,sl,62
2024-02-20 08:10:00,2024-02-20 11:05:00,S,0.009784,0.009875452310014651,0.009875452310014651,0.00955536922496337,-1.0,-1.118,sl,35
2024-02-20 11:10:00,2024-02-20 14:40:00,L,0.00986,0.009730392962044714,0.009730392962044714,0.010184017594888219,-1.0,-1.084,sl,42
2024-02-20 14:45:00,2024-02-20 22:45:00,S,0.009736,0.009772,0.009961747856610314,0.009171630358474216,-0.159,-0.207,time,96
2024-02-21 01:50:00,2024-02-21 07:00:00,S,0.009713,0.009533974910041904,0.009784610035983238,0.009533974910041904,2.5,2.351,tp,62
2024-02-21 07:05:00,2024-02-21 15:05:00,S,0.009506,0.009386,0.00964507823205157,0.009158304419871076,0.863,0.788,time,96
2024-02-21 18:10:00,2024-02-21 21:25:00,S,0.009379,0.009458532958576817,0.009458532958576817,0.009180167603557957,-1.0,-1.13,sl,39
2024-02-22 01:45:00,2024-02-22 06:20:00,S,0.009455,0.009547535019765028,0.009547535019765028,0.00922366245058743,-1.0,-1.112,sl,55
2024-02-22 06:25:00,2024-02-22 08:45:00,L,0.009547,0.009671549065244686,0.009497180373902125,0.009671549065244686,2.5,2.289,tp,28
2024-02-22 08:50:00,2024-02-22 10:35:00,L,0.009672,0.009618881022172546,0.009618881022172546,0.009804797444568636,-1.0,-1.2,sl,21
2024-02-22 13:20:00,2024-02-22 15:55:00,S,0.009572,0.009671038423061645,0.009671038423061645,0.00932440394234589,-1.0,-1.106,sl,31
2024-02-22 20:45:00,2024-02-22 21:35:00,L,0.009713,0.009640627939285202,0.009640627939285202,0.009893930151786991,-1.0,-1.148,sl,10
2024-02-22 22:30:00,2024-02-23 06:30:00,S,0.009562,0.009558,0.009684124711078506,0.009256688222303733,0.033,-0.053,time,96
2024-02-23 07:50:00,2024-02-23 11:00:00,S,0.009494,0.009581675099393892,0.009581675099393892,0.009274812251515272,-1.0,-1.119,sl,38
2024-02-23 15:35:00,2024-02-23 23:35:00,S,0.009522,0.009522,0.009610915014866645,0.009299712462833384,-0.0,-0.118,time,96
2024-02-24 01:45:00,2024-02-24 07:20:00,S,0.009396,0.009529282746632969,0.009529282746632969,0.009062793133417577,-1.0,-1.078,sl,67
2024-02-24 09:50:00,2024-02-24 17:50:00,L,0.009566,0.009658,0.00951774850084159,0.009686628747896026,1.907,1.689,time,96
2024-02-24 18:05:00,2024-02-25 02:05:00,L,0.009664,0.009671,0.009595904258965815,0.009834239352585466,0.103,-0.053,time,96
2024-02-25 02:10:00,2024-02-25 03:05:00,L,0.009671,0.009611392688731214,0.009611392688731214,0.009820018278171968,-1.0,-1.178,sl,11
2024-02-25 14:30:00,2024-02-25 16:05:00,L,0.009653,0.00961336680971652,0.00961336680971652,0.009752082975708702,-1.0,-1.268,sl,19
2024-02-25 19:50:00,2024-02-25 21:30:00,L,0.009714,0.009676567625708735,0.009676567625708735,0.009807580935728163,-1.0,-1.285,sl,20
2024-02-26 00:40:00,2024-02-26 01:55:00,L,0.009726,0.009658495852271557,0.009658495852271557,0.009894760369321109,-1.0,-1.158,sl,15
2024-02-26 02:15:00,2024-02-26 09:35:00,S,0.009652,0.009467750444507275,0.00972569982219709,0.009467750444507275,2.5,2.356,tp,88
2024-02-26 09:40:00,2024-02-26 15:05:00,S,0.009471,0.009675887774011065,0.009675887774011065,0.00895878056497234,-1.0,-1.051,sl,65
2024-02-26 15:10:00,2024-02-26 19:55:00,L,0.009714,0.010060065695693088,0.009575573721722765,0.010060065695693088,2.5,2.423,tp,57
2024-02-26 20:00:00,2024-02-27 04:00:00,L,0.010072,0.010309,0.009691377264442544,0.011023556838893639,0.623,0.594,time,96
2024-02-27 08:50:00,2024-02-27 13:10:00,L,0.010369,0.010733692721167561,0.010223122911532975,0.010733692721167561,2.5,2.422,tp,52
2024-02-27 13:15:00,2024-02-27 16:10:00,L,0.010765,0.010345114520713784,0.010345114520713784,0.011814713698215542,-1.0,-1.028,sl,35
2024-02-27 19:10:00,2024-02-28 03:10:00,L,0.010966,0.01096,0.010431064672759439,0.012303338318101403,-0.011,-0.034,time,96
2024-02-28 08:20:00,2024-02-28 16:20:00,L,0.010921,0.011419,0.010702667189171067,0.011466832027072334,2.281,2.226,time,96
2024-02-28 16:30:00,2024-02-28 16:55:00,L,0.011428,0.01235377616993973,0.01105768953202411,0.01235377616993973,2.5,2.466,tp,5
2024-02-28 17:00:00,2024-02-28 17:30:00,L,0.012272,0.011105779038584779,0.011105779038584779,0.015187552403538052,-1.0,-1.012,sl,6
2024-02-28 23:10:00,2024-02-29 04:25:00,L,0.01192,0.013326174775112961,0.011357530089954816,0.013326174775112961,2.5,2.477,tp,63
2024-02-29 04:30:00,2024-02-29 12:30:00,L,0.013216,0.013608,0.012045135228355708,0.016143161929110732,0.335,0.322,time,96
2024-02-29 13:50:00,2024-02-29 17:40:00,L,0.014066,0.013411882942940344,0.013411882942940344,0.01570129264264914,-1.0,-1.024,sl,46
2024-02-29 22:30:00,2024-03-01 06:30:00,S,0.012411,0.012756,0.01301157655737714,0.010909558606557151,-0.574,-0.597,time,96
2024-03-01 08:50:00,2024-03-01 16:50:00,L,0.013217,0.01425,0.012588747830850176,0.014787630422874558,1.644,1.621,time,96
2024-03-01 17:15:00,2024-03-02 00:05:00,L,0.014977,0.017321276958798166,0.014039289216480734,0.017321276958798166,2.5,2.482,tp,82
2024-03-02 00:10:00,2024-03-02 07:50:00,L,0.017976,0.022586919888755656,0.016131632044497735,0.022586919888755656,2.5,2.489,tp,92
2024-03-02 07:55:00,2024-03-02 14:00:00,L,0.0225,0.020639800676006886,0.020639800676006886,0.027150498309982785,-1.0,-1.013,sl,73
2024-03-02 18:30:00,2024-03-03 02:30:00,L,0.022097,0.022266,0.020402857438741442,0.02633235640314639,0.1,0.085,time,96
2024-03-03 10:15:00,2024-03-03 18:15:00,L,0.021483,0.021924,0.0205406196709768,0.02383895082255799,0.468,0.443,time,96
2024-03-03 20:30:00,2024-03-04 00:45:00,L,0.022818,0.021673852001461234,0.021673852001461234,0.02567836999634692,-1.0,-1.022,sl,51
2024-03-04 03:10:00,2024-03-04 06:30:00,L,0.022894,0.02620188977423605,0.02157084409030558,0.02620188977423605,2.5,2.481,tp,40
2024-03-04 06:35:00,2024-03-04 14:35:00,L,0.026765,0.027281,0.022905311277371443,0.0364142218065714,0.134,0.126,time,96
2024-03-04 15:10:00,2024-03-04 16:35:00,L,0.027765,0.03200360095812305,0.02606955961675078,0.03200360095812305,2.5,2.482,tp,17
2024-03-04 16:40:00,2024-03-05 00:40:00,L,0.032096,0.04083295673516816,0.028601217305932736,0.04083295673516816,2.5,2.49,tp,96
2024-03-05 00:45:00,2024-03-05 05:00:00,L,0.041556,0.03476634273529086,0.03476634273529086,0.05853014316177285,-1.0,-1.007,sl,51
2024-03-05 12:45:00,2024-03-05 14:20:00,L,0.042605,0.03964693524824439,0.03964693524824439,0.05000016187938901,-1.0,-1.016,sl,19
2024-03-05 19:40:00,2024-03-05 21:20:00,S,0.029053,0.033744462373645374,0.033744462373645374,0.01732434406588656,-1.0,-1.007,sl,20
2024-03-05 21:25:00,2024-03-06 05:25:00,L,0.0347,0.036658,0.026678229952773934,0.05475442511806517,0.244,0.239,time,96
2024-03-06 05:30:00,2024-03-06 13:30:00,L,0.036658,0.034475,0.032205343979638854,0.047789640050902873,-0.49,-0.499,time,96
2024-03-06 16:15:00,2024-03-06 18:25:00,L,0.035494,0.03365605449524719,0.03365605449524719,0.04008886376188202,-1.0,-1.021,sl,26
2024-03-06 22:25:00,2024-03-07 00:00:00,S,0.033056,0.03446102779475628,0.03446102779475628,0.029543430513109308,-1.0,-1.026,sl,19
2024-03-07 00:25:00,2024-03-07 08:25:00,S,0.032669,0.0321,0.03488014887942433,0.02714112780143916,0.257,0.241,time,96
2024-03-07 13:10:00,2024-03-07 14:35:00,S,0.03071,0.03224176332556677,0.03224176332556677,0.026880591686083085,-1.0,-1.022,sl,17
2024-03-07 15:35:00,2024-03-07 16:45:00,L,0.03268,0.031304197925210824,0.031304197925210824,0.03611950518697295,-1.0,-1.026,sl,14
2024-03-07 19:30:00,2024-03-08 00:30:00,S,0.031193,0.03195695040142207,0.03195695040142207,0.029283123996444827,-1.0,-1.045,sl,60
2024-03-08 01:20:00,2024-03-08 09:20:00,L,0.032708,0.033525,0.030829446002039046,0.03740438499490239,0.435,0.416,time,96
2024-03-08 10:50:00,2024-03-08 13:55:00,L,0.034677,0.03716820712183165,0.03368051715126734,0.03716820712183165,2.5,2.462,tp,37
2024-03-08 14:00:00,2024-03-08 15:25:00,L,0.03686,0.03491554535983594,0.03491554535983594,0.041721136600410144,-1.0,-1.021,sl,17
2024-03-09 14:20:00,2024-03-09 16:05:00,L,0.035106,0.034415684568986096,0.034415684568986096,0.03683178857753475,-1.0,-1.056,sl,21
2024-03-09 16:25:00,2024-03-10 00:25:00,L,0.035913,0.03473,0.034193465688622846,0.04021183577844289,-0.688,-0.711,time,96
2024-03-10 00:30:00,2024-03-10 01:20:00,S,0.03473,0.03524170703400591,0.03524170703400591,0.03345073241498521,-1.0,-1.075,sl,10
2024-03-10 03:05:00,2024-03-10 04:40:00,S,0.03419,0.034967052302403545,0.034967052302403545,0.03224736924399113,-1.0,-1.048,sl,19
2024-03-10 05:25:00,2024-03-10 09:15:00,L,0.035094,0.034695572248518804,0.034695572248518804,0.03609006937870299,-1.0,-1.097,sl,46
2024-03-10 09:30:00,2024-03-10 14:40:00,S,0.034402,0.03235492861973753,0.03522082855210499,0.03235492861973753,2.5,2.454,tp,62
2024-03-10 14:45:00,2024-03-10 16:15:00,S,0.032561,0.03349710486019838,0.03349710486019838,0.030220737849504055,-1.0,-1.038,sl,18
2024-03-10 22:20:00,2024-03-11 00:50:00,S,0.032852,0.03129355924301007,0.03347537630279597,0.03129355924301007,2.5,2.442,tp,30
2024-03-11 00:55:00,2024-03-11 07:00:00,S,0.031166,0.03299214098264297,0.03299214098264297,0.026600647543392572,-1.0,-1.019,sl,73
2024-03-11 07:05:00,2024-03-11 15:05:00,L,0.033912,0.033442,0.031785328098585516,0.0392286797535362,-0.221,-0.239,time,96
2024-03-11 15:50:00,2024-03-11 21:25:00,S,0.033078,0.03358179537176817,0.03358179537176817,0.03181851157057959,-1.0,-1.072,sl,67
2024-03-11 23:40:00,2024-03-12 03:20:00,L,0.033829,0.03301744565560977,0.03301744565560977,0.035857885860975575,-1.0,-1.046,sl,44
2024-03-12 03:25:00,2024-03-12 08:05:00,S,0.03331,0.03228323251608567,0.03372070699356573,0.03228323251608567,2.5,2.411,tp,56
2024-03-12 08:10:00,2024-03-12 10:05:00,S,0.032154,0.03281738448770357,0.03281738448770357,0.030495538780741082,-1.0,-1.053,sl,23
2024-03-12 12:25:00,2024-03-12 20:25:00,S,0.032129,0.031622,0.033103445425089396,0.0296928864372765,0.52,0.484,time,96
2024-03-13 03:30:00,2024-03-13 10:20:00,L,0.032886,0.03244649603362902,0.03244649603362902,0.03398475991592744,-1.0,-1.082,sl,82
2024-03-13 10:25:00,2024-03-13 18:25:00,S,0.032503,0.032006,0.03319078557722772,0.030783536056930697,0.723,0.671,time,96
2024-03-14 00:55:00,2024-03-14 03:00:00,S,0.0315,0.032190929848730725,0.032190929848730725,0.02977267537817319,-1.0,-1.05,sl,25
2024-03-14 03:05:00,2024-03-14 03:20:00,L,0.032123,0.033630569292369406,0.031519972283052235,0.033630569292369406,2.5,2.441,tp,3
2024-03-14 03:25:00,2024-03-14 11:25:00,L,0.033672,0.032747,0.03160304389879021,0.03884439025302447,-0.447,-0.465,time,96
2024-03-14 13:45:00,2024-03-14 19:40:00,S,0.032581,0.030513535606623253,0.0334079857573507,0.030513535606623253,2.5,2.457,tp,71
2024-03-14 19:45:00,2024-03-14 20:30:00,S,0.03072,0.03198266103522856,0.03198266103522856,0.027563347411928604,-1.0,-1.027,sl,9
2024-03-15 02:05:00,2024-03-15 03:25:00,S,0.031892,0.030129405813035092,0.03259703767478596,0.030129405813035092,2.5,2.45,tp,16
2024-03-15 03:30:00,2024-03-15 11:30:00,S,0.029452,0.02838,0.03168651100561014,0.023865722485974652,0.48,0.465,time,96
2024-03-15 20:45:00,2024-03-15 22:55:00,S,0.028625,0.0296900100118589,0.0296900100118589,0.025962474970352756,-1.0,-1.03,sl,26
2024-03-16 02:55:00,2024-03-16 10:55:00,S,0.029368,0.028573,0.02971466606889891,0.028501334827752717,2.293,2.2,time,96
2024-03-16 11:00:00,2024-03-16 13:40:00,S,0.028573,0.027402559893132575,0.02904117604274697,0.027402559893132575,2.5,2.433,tp,32
2024-03-16 13:45:00,2024-03-16 18:10:00,S,0.027238,0.025493009731201874,0.027935996107519248,0.025493009731201874,2.5,2.457,tp,53
2024-03-16 18:15:00,2024-03-17 02:15:00,S,0.025469,0.025415,0.027111639008926304,0.021362402477684235,0.033,0.016,time,96
2024-03-17 05:55:00,2024-03-17 09:15:00,S,0.025542,0.026110040594263556,0.026110040594263556,0.024121898514341107,-1.0,-1.049,sl,40
2024-03-17 15:00:00,2024-03-17 15:45:00,L,0.027545,0.029009345333036608,0.026959261866785357,0.029009345333036608,2.5,2.448,tp,9
2024-03-17 15:50:00,2024-03-17 23:50:00,L,0.028995,0.029532,0.02697220412202767,0.034051989694930826,0.265,0.25,time,96
2024-03-18 08:25:00,2024-03-18 16:25:00,S,0.027931,0.027289,0.028704659059560718,0.025996852351098207,0.83,0.79,time,96
2024-03-18 16:50:00,2024-03-19 00:50:00,S,0.026859,0.026173,0.02768666132607627,0.024789846684809325,0.829,0.793,time,96
2024-03-19 00:55:00,2024-03-19 08:55:00,S,0.026173,0.024747,0.027405038478303036,0.023092903804242407,1.157,1.134,time,96
2024-03-19 21:35:00,2024-03-20 04:35:00,S,0.025527,0.024384474659515404,0.02598401013619384,0.024384474659515404,2.5,2.439,tp,84
2024-03-20 04:40:00,2024-03-20 07:40:00,S,0.024442,0.025338133844466457,0.025338133844466457,0.02220166538883385,-1.0,-1.03,sl,36
2024-03-20 15:45:00,2024-03-20 18:05:00,S,0.025276,0.025982129059652963,0.025982129059652963,0.023510677350867593,-1.0,-1.039,sl,28
2024-03-20 18:10:00,2024-03-21 02:10:00,L,0.025959,0.027324,0.025002967598844253,0.028349081002889367,1.428,1.398,time,96
2024-03-21 08:15:00,2024-03-21 16:10:00,L,0.027225,0.028385090237526597,0.02676096390498936,0.028385090237526597,2.5,2.435,tp,95
2024-03-21 16:15:00,2024-03-21 18:35:00,L,0.028282,0.026825633641387982,0.026825633641387982,0.03192291589653005,-1.0,-1.021,sl,28
2024-03-22 01:55:00,2024-03-22 03:30:00,S,0.026799,0.027286352244524106,0.027286352244524106,0.025580619388689736,-1.0,-1.06,sl,19
2024-03-22 04:55:00,2024-03-22 06:25:00,L,0.02743,0.02824214309672618,0.027105142761309528,0.02824214309672618,2.5,2.407,tp,18
2024-03-22 06:30:00,2024-03-22 10:25:00,L,0.02823,0.027402598834754096,0.027402598834754096,0.030298502913114766,-1.0,-1.038,sl,47
2024-03-22 11:05:00,2024-03-22 19:05:00,S,0.027085,0.026498,0.027753896996356085,0.025412757509109794,0.878,0.833,time,96
2024-03-22 21:35:00,2024-03-22 23:55:00,S,0.026086,0.026507178988038622,0.026507178988038622,0.025033052529903448,-1.0,-1.068,sl,28
2024-03-23 01:10:00,2024-03-23 01:45:00,L,0.026564,0.027221123532386086,0.026301150587045567,0.027221123532386086,2.5,2.389,tp,7
2024-03-23 01:50:00,2024-03-23 09:50:00,L,0.027357,0.027137,0.026350754330682315,0.02987261417329421,-0.219,-0.249,time,96
2024-03-23 12:35:00,2024-03-23 16:55:00,L,0.027614,0.028347330248873474,0.02732066790045061,0.028347330248873474,2.5,2.396,tp,52
2024-03-23 17:00:00,2024-03-23 22:45:00,L,0.028429,0.027560822231792355,0.027560822231792355,0.03059944442051911,-1.0,-1.036,sl,69
2024-03-23 23:05:00,2024-03-24 02:55:00,S,0.027506,0.027821126924430596,0.027821126924430596,0.02671818268892351,-1.0,-1.096,sl,46
2024-03-24 03:00:00,2024-03-24 11:00:00,L,0.027956,0.027802,0.027348960926913284,0.029473597682716797,-0.254,-0.304,time,96
2024-03-24 13:05:00,2024-03-24 13:25:00,L,0.027987,0.027803476196167454,0.027803476196167454,0.02844580950958137,-1.0,-1.168,sl,4
2024-03-24 17:10:00,2024-03-24 20:20:00,S,0.027335,0.02800346825496689,0.02800346825496689,0.025663829362582775,-1.0,-1.045,sl,38
2024-03-24 20:25:00,2024-03-25 00:35:00,L,0.028085,0.027723027826256783,0.027723027826256783,0.02898993043435804,-1.0,-1.085,sl,50
2024-03-25 05:20:00,2024-03-25 07:45:00,L,0.028175,0.027704449113585036,0.027704449113585036,0.029351377216037405,-1.0,-1.066,sl,29
2024-03-25 07:50:00,2024-03-25 14:00:00,S,0.02771,0.028023521704457273,0.028023521704457273,0.026926195738856813,-1.0,-1.097,sl,74
2024-03-25 14:15:00,2024-03-25 14:20:00,L,0.028066,0.02955004589103409,0.027472381643586365,0.02955004589103409,2.5,2.448,tp,1
2024-03-25 14:25:00,2024-03-25 22:25:00,L,0.029508,0.029086,0.02745147243451598,0.03464931891371005,-0.205,-0.221,time,96
2024-03-26 04:55:00,2024-03-26 10:15:00,L,0.029153,0.02985429942398224,0.028872480230407102,0.02985429942398224,2.5,2.386,tp,64
2024-03-26 10:20:00,2024-03-26 11:20:00,L,0.029815,0.03093279719184052,0.029367881123263793,0.03093279719184052,2.5,2.427,tp,12
2024-03-26 11:25:00,2024-03-26 14:30:00,L,0.030896,0.029539623387291648,0.029539623387291648,0.03428694153177088,-1.0,-1.025,sl,37
2024-03-26 18:40:00,2024-03-26 19:05:00,L,0.030293,0.030030505034328157,0.030030505034328157,0.030949237414179608,-1.0,-1.127,sl,5
2024-03-26 21:25:00,2024-03-27 00:20:00,L,0.030646,0.031825912004922685,0.030174035198030927,0.031825912004922685,2.5,2.429,tp,35
2024-03-27 00:25:00,2024-03-27 07:45:00,L,0.03154,0.030445887619148695,0.030445887619148695,0.034275280952128256,-1.0,-1.032,sl,88
2024-03-27 08:35:00,2024-03-27 10:20:00,S,0.030121,0.030831888164470942,0.030831888164470942,0.02834377958882264,-1.0,-1.047,sl,21
2024-03-27 13:15:00,2024-03-27 13:45:00,L,0.031024,0.030282715218280055,0.030282715218280055,0.03287721195429986,-1.0,-1.046,sl,6
2024-03-27 19:00:00,2024-03-27 20:05:00,S,0.029663,0.030242518571928903,0.030242518571928903,0.02821420357017774,-1.0,-1.056,sl,13
2024-03-28 00:20:00,2024-03-28 03:40:00,L,0.030599,0.029901544857485973,0.029901544857485973,0.03234263785628507,-1.0,-1.048,sl,40
2024-03-28 06:45:00,2024-03-28 10:40:00,L,0.030784,0.03192657396529955,0.03032697041388018,0.03192657396529955,2.5,2.426,tp,47
2024-03-28 10:45:00,2024-03-28 18:45:00,L,0.032231,0.031668,0.03105480723397372,0.03517148191506571,-0.479,-0.509,time,96
2024-03-28 19:55:00,2024-03-29 01:45:00,L,0.032093,0.03155406699581088,0.03155406699581088,0.03344033251047282,-1.0,-1.066,sl,70
2024-03-29 02:05:00,2024-03-29 10:05:00,S,0.030941,0.03072,0.03184285066490754,0.028686373337731157,0.245,0.207,time,96
2024-03-29 13:15:00,2024-03-29 13:35:00,S,0.030597,0.030908200610212554,0.030908200610212554,0.02981899847446861,-1.0,-1.108,sl,4
2024-03-29 15:35:00,2024-03-29 17:10:00,S,0.030574,0.03108657049596193,0.03108657049596193,0.02929257376009518,-1.0,-1.066,sl,19
2024-03-29 17:15:00,2024-03-29 21:30:00,L,0.030958,0.03046035041216784,0.03046035041216784,0.0322021239695804,-1.0,-1.068,sl,51
2024-03-29 21:35:00,2024-03-29 22:45:00,S,0.030507,0.03085482240195201,0.03085482240195201,0.029637443995119972,-1.0,-1.096,sl,14
2024-03-30 01:25:00,2024-03-30 06:05:00,L,0.030961,0.030473638162081727,0.030473638162081727,0.03217940459479568,-1.0,-1.07,sl,56
2024-03-30 06:35:00,2024-03-30 14:35:00,S,0.030132,0.030289,0.030707750937883693,0.028692622655290764,-0.273,-0.33,time,96
2024-03-30 14:50:00,2024-03-30 16:00:00,S,0.030067,0.03041295705518135,0.03041295705518135,0.029202107362046627,-1.0,-1.096,sl,14
2024-03-30 19:00:00,2024-03-31 01:45:00,S,0.030052,0.030336466768777475,0.030336466768777475,0.029340833078056308,-1.0,-1.116,sl,81
2024-03-31 05:50:00,2024-03-31 10:35:00,L,0.03056,0.03030403328478005,0.03030403328478005,0.031199916788049873,-1.0,-1.131,sl,57
2024-03-31 11:00:00,2024-03-31 15:00:00,S,0.030298,0.030601759945304206,0.030601759945304206,0.02953860013673948,-1.0,-1.11,sl,48
2024-03-31 15:05:00,2024-03-31 23:05:00,L,0.030616,0.030627,0.03019311098950844,0.03167322252622891,0.026,-0.054,time,96
2024-03-31 23:35:00,2024-04-01 00:40:00,L,0.030758,0.030505025641530712,0.030505025641530712,0.03139043589617322,-1.0,-1.134,sl,13
2024-04-01 01:15:00,2024-04-01 05:45:00,S,0.030421,0.029760704841177356,0.030685118063529058,0.029760704841177356,2.5,2.373,tp,54
2024-04-01 05:50:00,2024-04-01 13:50:00,S,0.028875,0.02906,0.030323133256161608,0.025254666859595987,-0.128,-0.15,time,96
2024-04-01 14:40:00,2024-04-01 22:40:00,S,0.028578,0.028673,0.029313150927187705,0.026740122682030736,-0.129,-0.172,time,96
2024-04-02 00:05:00,2024-04-02 00:40:00,S,0.028557,0.02804325089552176,0.028762499641791294,0.02804325089552176,2.5,2.347,tp,7
2024-04-02 00:45:00,2024-04-02 02:35:00,S,0.028113,0.026476310265705096,0.02876767589371796,0.026476310265705096,2.5,2.453,tp,22
2024-04-02 02:40:00,2024-04-02 10:40:00,S,0.026557,0.026374,0.028517144918380446,0.021656637704048888,0.093,0.078,time,96
2024-04-02 10:50:00,2024-04-02 14:30:00,S,0.026285,0.026725333503931158,0.026725333503931158,0.025184166240172105,-1.0,-1.066,sl,44
2024-04-02 21:35:00,2024-04-02 22:45:00,S,0.026293,0.026688208614566757,0.026688208614566757,0.025304978463583108,-1.0,-1.073,sl,14
2024-04-03 00:35:00,2024-04-03 01:45:00,S,0.025847,0.02673086920541311,0.02673086920541311,0.023637326986467217,-1.0,-1.032,sl,14
2024-04-03 11:10:00,2024-04-03 19:10:00,S,0.026844,0.026194,0.027505951453711312,0.02518912136572172,0.982,0.937,time,96
2024-04-03 20:10:00,2024-04-03 21:55:00,S,0.025983,0.02633665922850125,0.02633665922850125,0.02509885192874687,-1.0,-1.081,sl,21
2024-04-04 02:25:00,2024-04-04 07:15:00,S,0.026256,0.026775008050002526,0.026775008050002526,0.02495847987499369,-1.0,-1.056,sl,58
2024-04-04 12:20:00,2024-04-04 13:20:00,L,0.02702,0.027658058703828717,0.02676477651846851,0.027658058703828717,2.5,2.384,tp,12
2024-04-04 13:25:00,2024-04-04 21:25:00,L,0.027556,0.027535,0.02698496295083269,0.028983592622918275,-0.037,-0.09,time,96
2024-04-05 00:00:00,2024-04-05 01:35:00,L,0.027728,0.027204797913263707,0.027204797913263707,0.02903600521684073,-1.0,-1.058,sl,19
2024-04-05 02:10:00,2024-04-05 10:10:00,S,0.027095,0.026975,0.027606320989357416,0.025816697526606466,0.235,0.176,time,96
2024-04-05 22:15:00,2024-04-06 00:25:00,S,0.026806,0.02697168199120083,0.02697168199120083,0.026391795021997923,-1.0,-1.178,sl,26
2024-04-06 03:15:00,2024-04-06 11:15:00,L,0.027187,0.027278,0.026851269777028317,0.028026325557429205,0.271,0.182,time,96
2024-04-06 13:25:00,2024-04-06 14:40:00,S,0.027071,0.02727463416335941,0.02727463416335941,0.026561914591601482,-1.0,-1.146,sl,15
2024-04-06 14:45:00,2024-04-06 22:45:00,L,0.027297,0.027436,0.02699404140815398,0.028054396479615044,0.459,0.36,time,96
2024-04-06 22:55:00,2024-04-07 02:10:00,L,0.027554,0.02821869778411256,0.027288120886354975,0.02821869778411256,2.5,2.386,tp,39
2024-04-07 02:15:00,2024-04-07 10:15:00,L,0.028177,0.028195,0.027801513201160026,0.029115716997099937,0.048,-0.035,time,96
2024-04-07 11:40:00,2024-04-07 19:40:00,L,0.028385,0.028261,0.028130719521384,0.029020701196540002,-0.488,-0.61,time,96
2024-04-08 05:25:00,2024-04-08 09:15:00,L,0.028235,0.02920670692249735,0.02784631723100106,0.02920670692249735,2.5,2.42,tp,46
2024-04-08 09:20:00,2024-04-08 12:55:00,L,0.029412,0.028685101186282955,0.028685101186282955,0.031229247034292612,-1.0,-1.045,sl,43
2024-04-08 18:45:00,2024-04-09 00:50:00,L,0.028918,0.028603611899609003,0.028603611899609003,0.029703970250977492,-1.0,-1.101,sl,73
2024-04-09 05:30:00,2024-04-09 07:45:00,L,0.028919,0.028516540533426955,0.028516540533426955,0.029925148666432613,-1.0,-1.079,sl,27
2024-04-09 08:05:00,2024-04-09 16:05:00,S,0.028374,0.027521,0.029314493203378634,0.026022766991553415,0.907,0.874,time,96
2024-04-09 23:20:00,2024-04-10 02:45:00,S,0.027562,0.027003528158744274,0.02778538873650229,0.027003528158744274,2.5,2.364,tp,41
2024-04-10 02:50:00,2024-04-10 06:20:00,S,0.027128,0.027627637194474284,0.027627637194474284,0.02587890701381429,-1.0,-1.06,sl,42
2024-04-10 12:45:00,2024-04-10 14:40:00,S,0.02681,0.027590513374572922,0.027590513374572922,0.024858716563567695,-1.0,-1.038,sl,23
2024-04-10 16:05:00,2024-04-11 00:05:00,L,0.027903,0.027902,0.02738246979508414,0.02920432551228965,-0.002,-0.061,time,96
2024-04-11 07:10:00,2024-04-11 10:35:00,L,0.027943,0.027734843698392866,0.027734843698392866,0.028463390754017832,-1.0,-1.148,sl,41
2024-04-11 10:40:00,2024-04-11 18:40:00,S,0.027715,0.027507,0.027942205736922143,0.027146985657694644,0.915,0.781,time,96
2024-04-11 20:40:00,2024-04-11 23:25:00,L,0.027749,0.02747281647865431,0.02747281647865431,0.02843945880336422,-1.0,-1.111,sl,33
2024-04-12 04:50:00,2024-04-12 06:25:00,L,0.027817,0.02760875593427736,0.02760875593427736,0.02833761016430661,-1.0,-1.147,sl,19
2024-04-12 07:55:00,2024-04-12 15:55:00,S,0.027636,0.02694,0.028115785248708194,0.02643653687822952,1.451,1.387,time,96
2024-04-12 16:25:00,2024-04-12 17:25:00,S,0.026708,0.025707794645946833,0.027108082141621265,0.025707794645946833,2.5,2.427,tp,12
2024-04-12 17:30:00,2024-04-13 01:30:00,S,0.024792,0.02396,0.026995714133538566,0.01928271466615359,0.378,0.365,time,96
2024-04-13 01:35:00,2024-04-13 04:45:00,S,0.02396,0.024669661104051794,0.024669661104051794,0.02218584723987051,-1.0,-1.037,sl,38
2024-04-13 08:05:00,2024-04-13 10:45:00,S,0.024155,0.024521797477411806,0.024521797477411806,0.023238006306470483,-1.0,-1.072,sl,32
2024-04-13 16:25:00,2024-04-13 19:50:00,S,0.024224,0.022262100655247464,0.025008759737901013,0.022262100655247464,2.5,2.466,tp,41
2024-04-13 19:55:00,2024-04-14 03:55:00,S,0.021522,0.021335,0.02368469980099512,0.016115250497512196,0.086,0.076,time,96
2024-04-14 09:40:00,2024-04-14 17:40:00,S,0.022088,0.021537,0.022647812437182467,0.02068846890704383,0.984,0.941,time,96
2024-04-14 21:25:00,2024-04-14 22:00:00,S,0.021253,0.021646244695533324,0.021646244695533324,0.020269888261166692,-1.0,-1.059,sl,7
2024-04-15 06:05:00,2024-04-15 06:35:00,L,0.022595,0.023753109102545307,0.022131756358981878,0.023753109102545307,2.5,2.446,tp,6
2024-04-15 06:40:00,2024-04-15 14:40:00,L,0.023744,0.022509,0.022430701854308156,0.027027245364229614,-0.94,-0.96,time,96
2024-04-15 14:45:00,2024-04-15 22:45:00,S,0.022509,0.02192,0.02334673858363358,0.020414653540916053,0.703,0.674,time,96
2024-04-16 03:45:00,2024-04-16 07:30:00,S,0.021307,0.021967363025852626,0.021967363025852626,0.019656092435368436,-1.0,-1.035,sl,45
2024-04-16 10:20:00,2024-04-16 10:50:00,S,0.021211,0.021823417571232507,0.021823417571232507,0.019679956071918733,-1.0,-1.038,sl,6
2024-04-16 11:55:00,2024-04-16 19:55:00,L,0.022317,0.02221,0.021548969560129267,0.024237076099676833,-0.139,-0.171,time,96
2024-04-16 21:10:00,2024-04-17 05:10:00,L,0.022534,0.022811,0.02217155898590053,0.023440102535248673,0.764,0.696,time,96
2024-04-17 10:15:00,2024-04-17 12:35:00,S,0.022266,0.021635093980223216,0.022518362407910716,0.021635093980223216,2.5,2.403,tp,28
2024-04-17 12:40:00,2024-04-17 13:35:00,S,0.021686,0.022052872530870224,0.022052872530870224,0.020768818672824443,-1.0,-1.065,sl,11
2024-04-17 14:20:00,2024-04-17 18:05:00,S,0.021551,0.022222688500346165,0.022222688500346165,0.01987177874913459,-1.0,-1.035,sl,45
2024-04-18 03:05:00,2024-04-18 05:35:00,L,0.022318,0.022052719720281784,0.022052719720281784,0.022981200699295545,-1.0,-1.093,sl,30
2024-04-18 05:40:00,2024-04-18 06:40:00,S,0.022121,0.02157998246086308,0.022337407015654766,0.02157998246086308,2.5,2.388,tp,12
2024-04-18 06:45:00,2024-04-18 11:05:00,S,0.021629,0.022138128108945904,0.022138128108945904,0.020356179727635235,-1.0,-1.047,sl,52
2024-04-18 11:10:00,2024-04-18 19:10:00,L,0.022205,0.022557,0.021752697994006812,0.023335755014982966,0.778,0.724,time,96
2024-04-18 20:20:00,2024-04-19 00:10:00,L,0.0227,0.022532295918743964,0.022532295918743964,0.023119260203140098,-1.0,-1.149,sl,46
2024-04-19 01:05:00,2024-04-19 06:50:00,S,0.022191,0.022776769217983724,0.022776769217983724,0.02072657695504069,-1.0,-1.042,sl,69
2024-04-19 06:55:00,2024-04-19 14:55:00,L,0.022709,0.022845,0.02176379780638371,0.025072005484040722,0.144,0.117,time,96
2024-04-20 11:30:00,2024-04-20 16:50:00,L,0.023027,0.024130421240020006,0.022585631503991996,0.024130421240020006,2.5,2.443,tp,64
2024-04-20 16:55:00,2024-04-20 17:35:00,L,0.02422,0.026009452809977768,0.02350421887600889,0.026009452809977768,2.5,2.463,tp,8
2024-04-20 17:40:00,2024-04-21 01:40:00,L,0.026254,0.026761,0.023747452693719442,0.03252036826570139,0.202,0.191,time,96
2024-04-21 02:45:00,2024-04-21 09:55:00,L,0.027201,0.02663411493692577,0.02663411493692577,0.028618212657685573,-1.0,-1.053,sl,86
2024-04-21 21:10:00,2024-04-22 05:10:00,L,0.02649,0.027253,0.02587330826915165,0.028031729327120874,1.237,1.19,time,96
2024-04-22 05:15:00,2024-04-22 05:35:00,L,0.027253,0.026922631782598613,0.026922631782598613,0.028078920543503465,-1.0,-1.091,sl,4
2024-04-22 19:10:00,2024-04-23 02:55:00,L,0.026859,0.02663204170821826,0.02663204170821826,0.02742639572945435,-1.0,-1.13,sl,93
2024-04-23 04:50:00,2024-04-23 05:30:00,S,0.026218,0.02657448910696817,0.02657448910696817,0.025326777232579582,-1.0,-1.081,sl,8
2024-04-23 06:25:00,2024-04-23 07:35:00,L,0.026778,0.026373352194353394,0.026373352194353394,0.027789619514116515,-1.0,-1.073,sl,14
2024-04-23 11:45:00,2024-04-23 13:40:00,S,0.026325,0.026833410112234623,0.026833410112234623,0.025053974719413445,-1.0,-1.057,sl,23
2024-04-23 13:50:00,2024-04-23 15:10:00,L,0.026677,0.02789226439199932,0.02619089424320027,0.02789226439199932,2.5,2.44,tp,16
2024-04-23 15:15:00,2024-04-23 22:00:00,L,0.027577,0.026699396494682476,0.026699396494682476,0.02977100876329381,-1.0,-1.035,sl,81
2024-04-24 01:00:00,2024-04-24 09:00:00,L,0.026927,0.026993,0.026521076099463754,0.027941809751340613,0.163,0.09,time,96
2024-04-24 11:30:00,2024-04-24 13:05:00,L,0.027511,0.02693602420888737,0.02693602420888737,0.02894843947778158,-1.0,-1.053,sl,19
2024-04-24 13:15:00,2024-04-24 14:30:00,S,0.026979,0.025863210974069836,0.027425315610372064,0.025863210974069836,2.5,2.434,tp,15
2024-04-24 14:35:00,2024-04-24 22:35:00,S,0.025745,0.025762,0.027009821340631117,0.02258294664842221,-0.013,-0.036,time,96
2024-04-24 22:50:00,2024-04-25 06:50:00,S,0.025614,0.025089,0.026137589090879137,0.024305027272802163,1.003,0.949,time,96
2024-04-25 08:40:00,2024-04-25 09:05:00,S,0.024796,0.025141637947038224,0.025141637947038224,0.023931905132404438,-1.0,-1.079,sl,5
2024-04-25 10:25:00,2024-04-25 11:45:00,S,0.024497,0.025087079788829587,0.025087079788829587,0.023021800527926038,-1.0,-1.046,sl,16
2024-04-25 16:05:00,2024-04-26 00:05:00,L,0.025769,0.025795,0.025007169618532842,0.027673575953667894,0.034,-0.003,time,96
2024-04-26 00:15:00,2024-04-26 03:20:00,S,0.025638,0.025885776002898927,0.025885776002898927,0.02501855999275269,-1.0,-1.114,sl,37
2024-04-26 09:10:00,2024-04-26 12:00:00,L,0.025852,0.025411724503516194,0.025411724503516194,0.026952688741209513,-1.0,-1.065,sl,34
2024-04-26 12:05:00,2024-04-26 12:30:00,S,0.025515,0.02567441806063799,0.02567441806063799,0.025116454848405027,-1.0,-1.176,sl,5
2024-04-26 12:55:00,2024-04-26 14:15:00,S,0.025227,0.025740033695099883,0.025740033695099883,0.02394441576225029,-1.0,-1.054,sl,16
2024-04-26 22:30:00,2024-04-27 01:15:00,S,0.025231,0.024281060068822802,0.02561097597247088,0.024281060068822802,2.5,2.427,tp,33
2024-04-27 01:20:00,2024-04-27 09:20:00,S,0.024402,0.02451,0.025352203434590815,0.02202649141352296,-0.114,-0.142,time,96
2024-04-27 10:40:00,2024-04-27 13:55:00,S,0.024311,0.024646199594194167,0.024646199594194167,0.02347300101451458,-1.0,-1.08,sl,39
2024-04-28 05:30:00,2024-04-28 08:40:00,L,0.025045,0.024826879626428155,0.024826879626428155,0.025590300933929618,-1.0,-1.126,sl,38
2024-04-28 08:45:00,2024-04-28 16:45:00,S,0.024751,0.024709,0.025114020411658382,0.02384344897085404,0.116,0.041,time,96
2024-04-28 18:55:00,2024-04-28 20:20:00,L,0.024973,0.024747748535877554,0.024747748535877554,0.02553612866030611,-1.0,-1.122,sl,17
2024-04-28 22:10:00,2024-04-29 02:40:00,S,0.024571,0.023881441001107978,0.024846823599556807,0.023881441001107978,2.5,2.402,tp,54
2024-04-29 02:45:00,2024-04-29 10:45:00,S,0.023966,0.023399,0.024358695240718913,0.02298426189820272,1.444,1.377,time,96
2024-04-29 12:35:00,2024-04-29 12:35:00,S,0.023093,0.02340867952950362,0.02340867952950362,0.022303801176240947,-1.0,-1.08,sl,0
2024-04-29 18:35:00,2024-04-29 22:15:00,S,0.023532,0.02387071808332607,0.02387071808332607,0.022685204791684826,-1.0,-1.076,sl,44
2024-04-30 00:50:00,2024-04-30 02:00:00,L,0.024523,0.023853427388900943,0.023853427388900943,0.026196931527747644,-1.0,-1.04,sl,14
2024-04-30 05:40:00,2024-04-30 06:50:00,S,0.023817,0.024079687779144876,0.024079687779144876,0.023160280552137813,-1.0,-1.1,sl,14
2024-04-30 08:45:00,2024-04-30 16:45:00,S,0.023632,0.022291,0.02444822105919109,0.02159144735202228,1.643,1.611,time,96
2024-04-30 19:30:00,2024-04-30 20:05:00,S,0.021896,0.022331635681345656,0.022331635681345656,0.020806910796635856,-1.0,-1.055,sl,7
2024-05-01 00:25:00,2024-05-01 07:05:00,S,0.022113,0.020953547259978725,0.02257678109600851,0.020953547259978725,2.5,2.448,tp,80
2024-05-01 07:10:00,2024-05-01 15:10:00,S,0.021299,0.020949,0.022034026342279342,0.01946143414430164,0.476,0.444,time,96
2024-05-01 16:00:00,2024-05-01 17:25:00,S,0.020791,0.021243970373180373,0.021243970373180373,0.01965857406704907,-1.0,-1.05,sl,17
2024-05-01 18:05:00,2024-05-02 02:05:00,L,0.022206,0.0221,0.020907143803453297,0.02545314049136676,-0.082,-0.1,time,96
2024-05-02 05:10:00,2024-05-02 10:45:00,S,0.02178,0.022235821671975735,0.022235821671975735,0.020640445820060666,-1.0,-1.053,sl,67
2024-05-02 11:15:00,2024-05-02 19:15:00,L,0.022413,0.022933,0.021950306042666304,0.023569734893334235,1.124,1.071,time,96
2024-05-02 21:40:00,2024-05-03 00:25:00,L,0.023228,0.022753535587868554,0.022753535587868554,0.02441416103032861,-1.0,-1.054,sl,33
2024-05-03 01:40:00,2024-05-03 09:40:00,L,0.023387,0.022973,0.022628927054298323,0.025282182364254197,-0.546,-0.58,time,96
2024-05-03 09:50:00,2024-05-03 10:35:00,L,0.023048,0.022819520557888967,0.022819520557888967,0.02361919860527758,-1.0,-1.111,sl,9
2024-05-03 12:35:00,2024-05-03 20:35:00,L,0.023255,0.024502,0.022673247322550442,0.0247093816936239,2.144,2.1,time,96
2024-05-03 20:40:00,2024-05-04 04:40:00,L,0.024502,0.024905,0.023950292789260884,0.025881268026847787,0.73,0.682,time,96
2024-05-04 04:50:00,2024-05-04 11:20:00,L,0.024907,0.025650620040672208,0.024609551983731114,0.025650620040672208,2.5,2.408,tp,78
2024-05-04 11:25:00,2024-05-04 19:25:00,L,0.025587,0.025234,0.02474828169988052,0.0276837957502987,-0.421,-0.454,time,96
2024-05-04 20:15:00,2024-05-04 21:35:00,L,0.025506,0.025199133968110354,0.025199133968110354,0.026273165079724117,-1.0,-1.091,sl,16
2024-05-05 07:40:00,2024-05-05 15:40:00,L,0.02482,0.024915,0.024461073481182035,0.025717316297044907,0.265,0.189,time,96
2024-05-05 16:00:00,2024-05-05 18:00:00,L,0.02495,0.02472213483725039,0.02472213483725039,0.025519662906874026,-1.0,-1.12,sl,24
2024-05-05 23:10:00,2024-05-06 07:10:00,L,0.024737,0.024806,0.024489048513922522,0.02535687871519369,0.278,0.169,time,96
2024-05-06 08:20:00,2024-05-06 10:40:00,L,0.025208,0.024766670269397745,0.024766670269397745,0.026311324326505642,-1.0,-1.063,sl,28
2024-05-06 12:25:00,2024-05-06 20:25:00,S,0.024556,0.024162,0.02493758804547591,0.023602029886310227,1.033,0.962,time,96
2024-05-06 23:15:00,2024-05-07 01:40:00,S,0.023914,0.024124612818780863,0.024124612818780863,0.023387467953047848,-1.0,-1.125,sl,29
2024-05-07 03:30:00,2024-05-07 11:30:00,S,0.023473,0.023883,0.024142039223138553,0.02180040194215362,-0.613,-0.651,time,96
2024-05-07 11:45:00,2024-05-07 14:55:00,S,0.023705,0.023982146041753104,0.023982146041753104,0.023012134895617244,-1.0,-1.094,sl,38
2024-05-07 18:05:00,2024-05-07 21:45:00,S,0.02365,0.023269992294069387,0.023802003082372247,0.023269992294069387,2.5,2.329,tp,44
2024-05-07 21:50:00,2024-05-08 05:50:00,S,0.02318,0.023028,0.023509641695849473,0.022355895760376315,0.461,0.384,time,96
2024-05-08 06:20:00,2024-05-08 14:20:00,S,0.022801,0.023088144147526957,0.023088144147526957,0.0220831396311826,-1.0,-1.087,sl,96
2024-05-08 20:20:00,2024-05-09 04:05:00,S,0.022394,0.022948584915664604,0.022948584915664604,0.021007537710838492,-1.0,-1.044,sl,93
2024-05-09 07:50:00,2024-05-09 15:10:00,S,0.022739,0.022972693422114592,0.022972693422114592,0.022154766444713515,-1.0,-1.107,sl,88
2024-05-09 20:10:00,2024-05-09 22:50:00,L,0.023334,0.023736603191379803,0.02317295872344808,0.023736603191379803,2.5,2.341,tp,32
2024-05-09 22:55:00,2024-05-10 00:25:00,L,0.023683,0.023272846879053576,0.023272846879053576,0.024708382802366056,-1.0,-1.064,sl,18
2024-05-10 14:05:00,2024-05-10 14:35:00,S,0.02319,0.022609673483807678,0.023422130606476927,0.022609673483807678,2.5,2.39,tp,6
2024-05-10 14:40:00,2024-05-10 22:40:00,S,0.022704,0.022276,0.023342924257981967,0.021106689355045078,0.67,0.631,time,96
2024-05-11 04:30:00,2024-05-11 12:30:00,S,0.022481,0.02255,0.022657822753670075,0.022038943115824813,-0.39,-0.53,time,96
2024-05-11 21:35:00,2024-05-12 00:45:00,S,0.022485,0.02263959477042783,0.02263959477042783,0.022098513073930424,-1.0,-1.16,sl,38
2024-05-12 06:55:00,2024-05-12 07:20:00,S,0.022558,0.02239381626334464,0.022623673494662145,0.02239381626334464,2.5,2.122,tp,5
2024-05-12 07:25:00,2024-05-12 10:30:00,S,0.022425,0.02260165811725842,0.02260165811725842,0.021983354706853954,-1.0,-1.14,sl,37
2024-05-12 17:05:00,2024-05-13 01:05:00,S,0.022491,0.022413,0.022742366479577242,0.021862583801056896,0.31,0.212,time,96
2024-05-13 01:20:00,2024-05-13 07:55:00,S,0.022253,0.022544056114933105,0.022544056114933105,0.02152535971266723,-1.0,-1.084,sl,79
2024-05-13 08:00:00,2024-05-13 13:20:00,L,0.02251,0.023996131494825178,0.021915547402069926,0.023996131494825178,2.5,2.458,tp,64
2024-05-13 13:25:00,2024-05-13 21:25:00,L,0.023996,0.023348,0.023227286983828057,0.025917782540429857,-0.843,-0.877,time,96
2024-05-14 00:35:00,2024-05-14 00:45:00,L,0.023455,0.023183037743977328,0.023183037743977328,0.02413490564005668,-1.0,-1.095,sl,2
2024-05-14 05:15:00,2024-05-14 06:10:00,L,0.023551,0.023279957640240816,0.023279957640240816,0.02422860589939796,-1.0,-1.096,sl,11
2024-05-14 08:10:00,2024-05-14 10:10:00,L,0.023998,0.023503913102121046,0.023503913102121046,0.025233217244697383,-1.0,-1.053,sl,24
2024-05-14 12:15:00,2024-05-14 13:45:00,L,0.02413,0.023477696430369403,0.023477696430369403,0.02576075892407649,-1.0,-1.041,sl,18
2024-05-14 21:00:00,2024-05-15 05:00:00,S,0.023097,0.023014,0.02353069556345317,0.022012761091367072,0.191,0.133,time,96
2024-05-15 06:20:00,2024-05-15 07:05:00,L,0.023107,0.02341332229066187,0.02298447108373525,0.02341332229066187,2.5,2.293,tp,9
2024-05-15 07:10:00,2024-05-15 08:00:00,L,0.023362,0.024227668931156444,0.023015732427537423,0.024227668931156444,2.5,2.426,tp,10
2024-05-15 08:05:00,2024-05-15 16:05:00,L,0.023974,0.023816,0.02318130977375236,0.025955725565619092,-0.199,-0.233,time,96
2024-05-15 19:30:00,2024-05-15 20:35:00,L,0.024076,0.02452193381621795,0.02389762647351282,0.02452193381621795,2.5,2.352,tp,13
2024-05-15 20:40:00,2024-05-16 04:40:00,L,0.024867,0.025014,0.024052764940630755,0.026902587648423112,0.181,0.147,time,96
2024-05-16 06:35:00,2024-05-16 12:35:00,L,0.025476,0.024941963728857246,0.024941963728857246,0.026811090677856877,-1.0,-1.052,sl,72
2024-05-16 14:25:00,2024-05-16 22:25:00,S,0.02442,0.024365,0.024864637612605826,0.02330840596848544,0.124,0.063,time,96
2024-05-17 07:05:00,2024-05-17 15:05:00,L,0.024712,0.02499,0.024251209269977148,0.025863976825057138,0.603,0.544,time,96
2024-05-17 15:30:00,2024-05-17 18:00:00,L,0.025198,0.02481073285280406,0.02481073285280406,0.026166167867989858,-1.0,-1.072,sl,30
2024-05-17 21:50:00,2024-05-18 00:10:00,L,0.025066,0.024912352219966797,0.024912352219966797,0.025450119450083013,-1.0,-1.179,sl,28
2024-05-18 11:05:00,2024-05-18 12:15:00,L,0.025125,0.024964059008246543,0.024964059008246543,0.025527352479383647,-1.0,-1.172,sl,14
2024-05-18 12:55:00,2024-05-18 20:55:00,S,0.024839,0.024731,0.02510753570485565,0.024167660737860877,0.402,0.3,time,96
2024-05-18 21:10:00,2024-05-19 05:10:00,L,0.024813,0.024904,0.02455364916956102,0.025461377076097462,0.351,0.246,time,96
2024-05-19 06:45:00,2024-05-19 12:20:00,S,0.024724,0.024213964312456523,0.02492801427501739,0.024213964312456523,2.5,2.367,tp,67
2024-05-19 12:25:00,2024-05-19 20:25:00,S,0.024275,0.023886,0.02459653404591152,0.023471164885221205,1.21,1.127,time,96
2024-05-19 21:30:00,2024-05-20 03:35:00,S,0.023716,0.023930405801580738,0.023930405801580738,0.02317998549604816,-1.0,-1.122,sl,73
2024-05-20 06:55:00,2024-05-20 14:55:00,S,0.023752,0.023992,0.0242983033031393,0.02238624174215175,-0.439,-0.487,time,96
2024-05-20 16:05:00,2024-05-20 20:00:00,L,0.024296,0.02521523906703981,0.02392830437318408,0.02521523906703981,2.5,2.427,tp,47
2024-05-20 20:05:00,2024-05-21 04:05:00,L,0.025073,0.025482,0.02422760160570843,0.027186495985728934,0.484,0.451,time,96
2024-05-21 10:50:00,2024-05-21 12:55:00,L,0.025638,0.02618027595263084,0.025421089618947665,0.02618027595263084,2.5,2.37,tp,25
2024-05-21 13:00:00,2024-05-21 15:55:00,L,0.026209,0.02541675882658318,0.02541675882658318,0.028189602933542043,-1.0,-1.036,sl,35
2024-05-21 22:50:00,2024-05-22 06:50:00,L,0.025738,0.026066,0.025137813275457752,0.02723846681135562,0.546,0.499,time,96
2024-05-22 12:05:00,2024-05-22 20:05:00,S,0.02563,0.025463,0.026115818043039838,0.024415454892400407,0.344,0.286,time,96
2024-05-22 21:45:00,2024-05-23 01:10:00,L,0.025472,0.025099743578963392,0.025099743578963392,0.026402641052591526,-1.0,-1.075,sl,41
2024-05-23 09:50:00,2024-05-23 11:50:00,S,0.025351,0.025623862962324852,0.025623862962324852,0.024668842594187862,-1.0,-1.102,sl,24
2024-05-23 11:55:00,2024-05-23 12:55:00,L,0.025617,0.025246369432094306,0.025246369432094306,0.026543576419764237,-1.0,-1.076,sl,12
2024-05-23 13:00:00,2024-05-23 20:00:00,S,0.02506,0.02326364353760641,0.025778542584957435,0.02326364353760641,2.5,2.462,tp,84
2024-05-24 05:30:00,2024-05-24 05:45:00,S,0.024308,0.024505828527658487,0.024505828527658487,0.02381342868085378,-1.0,-1.135,sl,3
2024-05-24 06:35:00,2024-05-24 14:35:00,S,0.024136,0.024391,0.024864523021143933,0.02231469244714017,-0.35,-0.386,time,96
2024-05-25 07:55:00,2024-05-25 12:45:00,L,0.02492,0.02455741995911757,0.02455741995911757,0.025826450102206078,-1.0,-1.076,sl,58
2024-05-25 13:40:00,2024-05-25 15:05:00,S,0.024556,0.024843516666164668,0.024843516666164668,0.023837208334588335,-1.0,-1.094,sl,17
2024-05-25 23:40:00,2024-05-26 02:20:00,L,0.024918,0.024691352913364644,0.024691352913364644,0.025484617716588387,-1.0,-1.121,sl,32
2024-05-26 09:50:00,2024-05-26 17:50:00,S,0.024518,0.024373,0.024740742603806737,0.023961143490483165,0.651,0.53,time,96
2024-05-26 20:35:00,2024-05-26 22:00:00,S,0.024294,0.02443676036372677,0.02443676036372677,0.023937099090683076,-1.0,-1.187,sl,17
2024-05-27 05:10:00,2024-05-27 08:00:00,S,0.024569,0.024717107746504402,0.024717107746504402,0.024198730633738997,-1.0,-1.182,sl,34
2024-05-27 08:05:00,2024-05-27 09:45:00,L,0.02473,0.025511691704520105,0.024417323318191957,0.025511691704520105,2.5,2.413,tp,20
2024-05-27 09:50:00,2024-05-27 17:50:00,L,0.025645,0.025786,0.02468433109533867,0.028046672261653326,0.147,0.117,time,96
2024-05-28 01:35:00,2024-05-28 01:50:00,L,0.025695,0.025199992714814712,0.025199992714814712,0.02693251821296322,-1.0,-1.057,sl,3
2024-05-28 03:40:00,2024-05-28 10:00:00,S,0.024809,0.025250547527465358,0.025250547527465358,0.02370513118133661,-1.0,-1.062,sl,76
2024-05-28 10:05:00,2024-05-28 18:05:00,L,0.025343,0.025868,0.024760017474917705,0.026800456312705744,0.901,0.853,time,96
2024-05-28 20:15:00,2024-05-29 01:05:00,L,0.026515,0.0278741345227548,0.02597134619089808,0.0278741345227548,2.5,2.446,tp,58
2024-05-29 01:10:00,2024-05-29 09:10:00,L,0.027831,0.027679,0.02655228072108002,0.031027798197299956,-0.119,-0.143,time,96
2024-05-29 17:35:00,2024-05-29 21:05:00,L,0.027775,0.02707564058508003,0.02707564058508003,0.029523398537299926,-1.0,-1.044,sl,42
2024-05-29 22:40:00,2024-05-30 01:05:00,L,0.028036,0.02729501973792182,0.02729501973792182,0.029888450655195443,-1.0,-1.042,sl,29
2024-05-30 06:15:00,2024-05-30 14:15:00,S,0.0272,0.026776,0.027984845897573624,0.025237885256065934,0.54,0.502,time,96
2024-05-30 19:50:00,2024-05-31 03:50:00,S,0.026109,0.026045,0.026516199587052845,0.025091001032367888,0.157,0.087,time,96
2024-05-31 05:25:00,2024-05-31 11:40:00,S,0.025708,0.02612199178364396,0.02612199178364396,0.024673020540890107,-1.0,-1.068,sl,75
2024-05-31 14:05:00,2024-05-31 22:05:00,S,0.025735,0.025642,0.026381681028941843,0.024118297427645395,0.144,0.1,time,96
2024-05-31 23:05:00,2024-06-01 07:05:00,S,0.025517,0.025263,0.025676843632606017,0.02511739091848496,1.589,1.413,time,96
2024-06-01 17:50:00,2024-06-01 17:55:00,S,0.02528,0.025398205044637735,0.025398205044637735,0.024984487388405665,-1.0,-1.235,sl,1
2024-06-01 23:35:00,2024-06-02 01:30:00,S,0.025301,0.02549519029149471,0.02549519029149471,0.024815524271263226,-1.0,-1.143,sl,23
2024-06-02 02:30:00,2024-06-02 10:30:00,S,0.025231,0.024748,0.025520580992559876,0.024507047518600313,1.668,1.572,time,96
2024-06-02 16:25:00,2024-06-02 18:00:00,S,0.024765,0.02420587678382786,0.024988649286468854,0.02420587678382786,2.5,2.378,tp,19
2024-06-02 18:05:00,2024-06-02 22:25:00,S,0.024065,0.02484670894956689,0.02484670894956689,0.022110727626082776,-1.0,-1.034,sl,52
2024-06-03 00:40:00,2024-06-03 01:20:00,S,0.024383,0.02471599007873742,0.02471599007873742,0.023550524803156447,-1.0,-1.081,sl,8
2024-06-03 04:45:00,2024-06-03 05:45:00,S,0.024567,0.02490457144689927,0.02490457144689927,0.023723071382751815,-1.0,-1.08,sl,12
2024-06-03 07:15:00,2024-06-03 14:35:00,L,0.02504,0.024717026449071217,0.024717026449071217,0.025847433877321954,-1.0,-1.085,sl,88
2024-06-03 14:40:00,2024-06-03 22:40:00,S,0.024744,0.024619,0.02541636706830932,0.0230630823292267,0.186,0.145,time,96
2024-06-03 23:00:00,2024-06-04 04:25:00,S,0.02446,0.023924737442097492,0.024674105023161003,0.023924737442097492,2.5,2.374,tp,65
2024-06-04 04:30:00,2024-06-04 12:30:00,S,0.023393,0.023871,0.024503109613167186,0.020617725967082036,-0.431,-0.454,time,96
2024-06-04 16:05:00,2024-06-05 00:05:00,L,0.024411,0.024666,0.02400038539681027,0.02543753650797432,0.621,0.556,time,96
2024-06-05 00:35:00,2024-06-05 03:45:00,L,0.024815,0.025586842035081298,0.02450626318596748,0.025586842035081298,2.5,2.412,tp,38
2024-06-05 03:50:00,2024-06-05 11:50:00,L,0.025483,0.025843,0.02498481902644914,0.026728452433877146,0.723,0.666,time,96
2024-06-05 13:10:00,2024-06-05 14:05:00,L,0.025874,0.025523141236409603,0.025523141236409603,0.026751146908975995,-1.0,-1.081,sl,11
2024-06-05 15:45:00,2024-06-05 23:45:00,L,0.026069,0.025895,0.025627784631815212,0.027172038420461966,-0.394,-0.459,time,96
2024-06-06 03:05:00,2024-06-06 04:05:00,L,0.026204,0.02579332882894637,0.02579332882894637,0.02723067792763408,-1.0,-1.07,sl,12
2024-06-06 11:40:00,2024-06-06 13:15:00,L,0.025753,0.02561192463779052,0.02561192463779052,0.026105688405523707,-1.0,-1.201,sl,19
2024-06-06 16:40:00,2024-06-07 00:40:00,S,0.025469,0.025278,0.02580718723984463,0.02462353190038842,0.565,0.482,time,96
2024-06-07 01:20:00,2024-06-07 05:00:00,S,0.025153,0.025334902684293177,0.025334902684293177,0.02469824328926705,-1.0,-1.152,sl,44
2024-06-07 08:20:00,2024-06-07 10:30:00,S,0.025297,0.025119164216525516,0.025368134313389794,0.025119164216525516,2.5,2.109,tp,26
2024-06-07 12:35:00,2024-06-07 18:00:00,S,0.024936,0.023570034176987442,0.025482386329205024,0.023570034176987442,2.5,2.45,tp,65
2024-06-07 18:05:00,2024-06-08 02:05:00,S,0.021529,0.023895,0.024871650207509893,0.013172374481225265,-0.708,-0.715,time,96
2024-06-08 09:30:00,2024-06-08 11:40:00,S,0.023826,0.023440424439852288,0.023980230224059085,0.023440424439852288,2.5,2.33,tp,26
2024-06-08 11:45:00,2024-06-08 19:45:00,S,0.023371,0.023267,0.023763654370430775,0.02238936407392306,0.265,0.199,time,96
2024-06-08 21:15:00,2024-06-08 21:45:00,S,0.023183,0.023306509830737027,0.023306509830737027,0.022874225423157427,-1.0,-1.206,sl,6
2024-06-08 22:30:00,2024-06-09 01:10:00,S,0.023063,0.02332609975493963,0.02332609975493963,0.022405250612650925,-1.0,-1.096,sl,32
2024-06-09 02:25:00,2024-06-09 10:25:00,S,0.023047,0.023103,0.023352040554325364,0.022284398614186594,-0.184,-0.267,time,96
2024-06-10 00:15:00,2024-06-10 07:05:00,S,0.023382,0.02296098425255054,0.023550406298979785,0.02296098425255054,2.5,2.347,tp,82
2024-06-10 07:10:00,2024-06-10 09:45:00,S,0.022895,0.02321958585845415,0.02321958585845415,0.022083535353864623,-1.0,-1.078,sl,31
2024-06-10 13:10:00,2024-06-10 14:45:00,S,0.023006,0.023189266797681143,0.023189266797681143,0.022547833005797137,-1.0,-1.138,sl,19
2024-06-10 15:20:00,2024-06-10 20:00:00,L,0.023225,0.022915489563211884,0.022915489563211884,0.023998776091970285,-1.0,-1.083,sl,56
2024-06-10 20:05:00,2024-06-11 04:05:00,S,0.022883,0.022626,0.0232354236572352,0.022001940856912004,0.729,0.658,time,96
2024-06-11 06:35:00,2024-06-11 12:35:00,S,0.022377,0.021986930747847237,0.022533027700861106,0.021986930747847237,2.5,2.342,tp,72
2024-06-11 12:40:00,2024-06-11 13:00:00,S,0.021994,0.022258164223205458,0.022258164223205458,0.021333589441986354,-1.0,-1.092,sl,4
2024-06-11 13:05:00,2024-06-11 15:35:00,S,0.022178,0.021668307045598773,0.02238187718176049,0.021668307045598773,2.5,2.38,tp,30
2024-06-11 15:40:00,2024-06-11 23:40:00,S,0.02171,0.021596,0.022019120191124075,0.020937199522189816,0.369,0.292,time,96
2024-06-11 23:55:00,2024-06-12 04:10:00,S,0.021606,0.02197514724522684,0.02197514724522684,0.020683131886932903,-1.0,-1.064,sl,51
2024-06-12 11:30:00,2024-06-12 12:30:00,S,0.021892,0.022156481740395743,0.022156481740395743,0.021230795649010634,-1.0,-1.091,sl,12
2024-06-12 12:35:00,2024-06-12 20:35:00,L,0.022575,0.022118,0.02173170048580755,0.02468324878548113,-0.542,-0.571,time,96
2024-06-13 02:05:00,2024-06-13 10:05:00,S,0.021836,0.02164,0.02217024380611562,0.021000390484710953,0.586,0.515,time,96
2024-06-13 11:15:00,2024-06-13 12:30:00,S,0.021483,0.021698807553114263,0.021698807553114263,0.020943481117214335,-1.0,-1.11,sl,15
2024-06-13 12:55:00,2024-06-13 20:55:00,S,0.021352,0.021208,0.021777948205417078,0.020287129486457306,0.338,0.283,time,96
2024-06-13 21:05:00,2024-06-14 03:00:00,S,0.021197,0.021425958077270824,0.021425958077270824,0.020624604806822943,-1.0,-1.102,sl,71
2024-06-14 08:35:00,2024-06-14 13:10:00,L,0.021706,0.02153412965571127,0.02153412965571127,0.022135675860721828,-1.0,-1.139,sl,55
2024-06-14 13:15:00,2024-06-14 14:30:00,S,0.021571,0.020949914616667262,0.021819434153333095,0.020949914616667262,2.5,2.404,tp,15
2024-06-14 14:35:00,2024-06-14 22:35:00,S,0.021019,0.020227,0.021740812022888464,0.01921446994277884,1.097,1.065,time,96
2024-06-15 02:05:00,2024-06-15 03:20:00,S,0.02002,0.020272651181839407,0.020272651181839407,0.019388372045401482,-1.0,-1.087,sl,15
2024-06-15 18:45:00,2024-06-16 02:45:00,S,0.020729,0.020644,0.02085902115967294,0.02040394710081765,0.654,0.478,time,96
2024-06-16 04:10:00,2024-06-16 05:30:00,S,0.020474,0.020670109877934346,0.020670109877934346,0.01998372530516413,-1.0,-1.115,sl,16
2024-06-16 10:45:00,2024-06-16 18:45:00,L,0.020777,0.020885,0.020642859048608256,0.02111235237847936,0.805,0.635,time,96
2024-06-16 21:45:00,2024-06-16 22:05:00,S,0.020809,0.020928691269704817,0.020928691269704817,0.02050977182573796,-1.0,-1.191,sl,4
2024-06-16 22:10:00,2024-06-17 01:15:00,L,0.021074,0.020757278763716858,0.020757278763716858,0.021865803090707854,-1.0,-1.073,sl,37
2024-06-17 01:20:00,2024-06-17 08:35:00,S,0.020743,0.019936473339455182,0.02106561066421793,0.019936473339455182,2.5,2.429,tp,87
2024-06-17 08:40:00,2024-06-17 15:50:00,S,0.019992,0.01926034044029719,0.020284663823881124,0.01926034044029719,2.5,2.425,tp,86
2024-06-17 16:00:00,2024-06-17 18:10:00,S,0.019114,0.01975717972665733,0.01975717972665733,0.01750605068335667,-1.0,-1.033,sl,26
2024-06-17 20:55:00,2024-06-18 01:20:00,S,0.019331,0.018398481237852267,0.019704007504859095,0.018398481237852267,2.5,2.443,tp,53
2024-06-18 01:25:00,2024-06-18 09:25:00,S,0.018502,0.018081,0.019245591413003253,0.016643021467491873,0.566,0.539,time,96
2024-06-18 10:15:00,2024-06-18 14:05:00,S,0.017942,0.01728866082575658,0.018203335669697368,0.01728866082575658,2.5,2.424,tp,46
2024-06-18 14:10:00,2024-06-18 14:30:00,S,0.017395,0.017811808789870244,0.017811808789870244,0.016352978025324393,-1.0,-1.046,sl,4
2024-06-18 19:10:00,2024-06-18 19:55:00,S,0.017424,0.017764674176832022,0.017764674176832022,0.016572314557919937,-1.0,-1.056,sl,9
2024-06-19 04:15:00,2024-06-19 08:05:00,L,0.018858,0.018655982252224444,0.018655982252224444,0.01936304436943889,-1.0,-1.103,sl,46
2024-06-19 08:10:00,2024-06-19 14:20:00,S,0.018661,0.018037534703776018,0.018910386118489594,0.018037534703776018,2.5,2.418,tp,74
2024-06-19 14:25:00,2024-06-19 17:20:00,S,0.01805,0.018420980474966504,0.018420980474966504,0.01712254881258374,-1.0,-1.054,sl,35
2024-06-19 20:10:00,2024-06-19 21:10:00,S,0.018121,0.018277294000657026,0.018277294000657026,0.01773026499835744,-1.0,-1.128,sl,12
2024-06-19 23:35:00,2024-06-20 01:15:00,S,0.018037,0.018288467022607956,0.018288467022607956,0.017408332443480112,-1.0,-1.079,sl,20
2024-06-20 05:05:00,2024-06-20 13:05:00,L,0.018433,0.018444,0.018137487028693028,0.019171782428267434,0.037,-0.031,time,96
2024-06-20 13:20:00,2024-06-20 21:20:00,S,0.018304,0.018151,0.018743032665700977,0.017206418335747563,0.348,0.303,time,96
2024-06-21 00:15:00,2024-06-21 01:45:00,S,0.017911,0.018151746248570924,0.018151746248570924,0.01730913437857269,-1.0,-1.082,sl,18
2024-06-21 08:10:00,2024-06-21 10:00:00,S,0.017747,0.018062920842270243,0.018062920842270243,0.01695719789432439,-1.0,-1.062,sl,22
2024-06-21 12:50:00,2024-06-21 15:00:00,S,0.017746,0.01800933450407984,0.01800933450407984,0.017087663739800408,-1.0,-1.074,sl,26
2024-06-21 15:40:00,2024-06-21 23:40:00,S,0.017493,0.017847,0.01805450571247302,0.016089235718817457,-0.63,-0.665,time,96
2024-06-22 06:20:00,2024-06-22 08:15:00,L,0.018048,0.017927176875373697,0.017927176875373697,0.018350057811565762,-1.0,-1.164,sl,23
2024-06-22 08:20:00,2024-06-22 11:50:00,S,0.017904,0.018062324832781276,0.018062324832781276,0.01750818791804681,-1.0,-1.124,sl,42
2024-06-22 11:55:00,2024-06-22 16:40:00,L,0.018049,0.01824604828876846,0.017970180684492614,0.01824604828876846,2.5,2.248,tp,57
2024-06-22 16:45:00,2024-06-22 18:05:00,L,0.018268,0.01810720085598562,0.01810720085598562,0.01866999786003595,-1.0,-1.125,sl,16
2024-06-22 21:20:00,2024-06-23 01:00:00,S,0.01807,0.01813953074894631,0.01813953074894631,0.017896173127634224,-1.0,-1.286,sl,44
2024-06-23 01:05:00,2024-06-23 09:05:00,L,0.018152,0.018164,0.017927879093101125,0.018712302267247193,0.054,-0.036,time,96
2024-06-23 09:10:00,2024-06-23 09:30:00,L,0.018164,0.018106948007036005,0.018106948007036005,0.018306629982409985,-1.0,-1.35,sl,4
2024-06-23 10:10:00,2024-06-23 15:45:00,S,0.018036,0.017672185115491904,0.018181525953803238,0.017672185115491904,2.5,2.364,tp,67
2024-06-23 15:50:00,2024-06-23 20:30:00,S,0.017701,0.017392827128778782,0.01782426914848849,0.017392827128778782,2.5,2.342,tp,56
2024-06-23 20:35:00,2024-06-23 21:10:00,S,0.017486,0.01776139547749204,0.01776139547749204,0.0167975113062699,-1.0,-1.07,sl,7
2024-06-24 01:25:00,2024-06-24 09:25:00,S,0.017376,0.016861,0.017678216857629405,0.016620457855926484,1.704,1.641,time,96
2024-06-24 09:35:00,2024-06-24 17:35:00,S,0.016609,0.016656,0.01716793932888879,0.015211651677778017,-0.084,-0.117,time,96
2024-06-24 19:45:00,2024-06-24 21:15:00,S,0.016532,0.016722441760891077,0.016722441760891077,0.01605589559777231,-1.0,-1.095,sl,18
2024-06-25 03:05:00,2024-06-25 08:20:00,L,0.017313,0.017105883169415234,0.017105883169415234,0.01783079207646191,-1.0,-1.092,sl,63
2024-06-25 08:25:00,2024-06-25 09:50:00,S,0.01711,0.017243831427992518,0.017243831427992518,0.016775421430018707,-1.0,-1.141,sl,17
2024-06-25 11:05:00,2024-06-25 14:30:00,L,0.017394,0.01799031809271616,0.017155472762913536,0.01799031809271616,2.5,2.42,tp,41
2024-06-25 14:35:00,2024-06-25 22:35:00,L,0.017948,0.017769,0.017285898030438864,0.019603254923902837,-0.27,-0.3,time,96
2024-06-26 01:40:00,2024-06-26 05:25:00,L,0.01789,0.01757627469271914,0.01757627469271914,0.018674313268202153,-1.0,-1.063,sl,45
2024-06-26 09:05:00,2024-06-26 17:05:00,S,0.017561,0.017113294523798575,0.01774008219048057,0.017113294523798575,2.5,2.392,tp,96
2024-06-26 17:10:00,2024-06-27 01:10:00,S,0.017143,0.01711,0.017469685432919383,0.016326286417701535,0.101,0.043,time,96
2024-06-27 05:20:00,2024-06-27 10:00:00,S,0.017042,0.017236891832083632,0.017236891832083632,0.016554770419790928,-1.0,-1.096,sl,56
2024-06-27 13:05:00,2024-06-27 21:05:00,L,0.017517,0.017507,0.017159022886723534,0.01841194278319117,-0.028,-0.082,time,96
2024-06-27 23:10:00,2024-06-28 00:25:00,L,0.017609,0.01742923587224528,0.01742923587224528,0.0180584103193868,-1.0,-1.108,sl,15
2024-06-28 00:40:00,2024-06-28 01:25:00,S,0.017359,0.017588834195279436,0.017588834195279436,0.016784414511801408,-1.0,-1.083,sl,9
2024-06-28 01:35:00,2024-06-28 05:20:00,L,0.01763,0.01730821410789589,0.01730821410789589,0.018434464730260277,-1.0,-1.06,sl,45
2024-06-28 05:25:00,2024-06-28 12:15:00,S,0.017338,0.017464323047660973,0.017464323047660973,0.017022192380847567,-1.0,-1.151,sl,82
2024-06-28 13:05:00,2024-06-28 16:05:00,S,0.017208,0.01754397470385149,0.01754397470385149,0.016368063240371274,-1.0,-1.056,sl,36
2024-06-28 16:50:00,2024-06-29 00:50:00,S,0.017074,0.017074,0.018159948214208226,0.01435912946447943,-0.0,-0.017,time,96
2024-06-29 04:15:00,2024-06-29 07:20:00,S,0.017068,0.01711862104504883,0.01711862104504883,0.016941447387377927,-1.0,-1.371,sl,37
2024-06-29 12:55:00,2024-06-29 17:30:00,S,0.01705,0.017158350828391056,0.017158350828391056,0.016779122929022356,-1.0,-1.173,sl,55
2024-06-29 17:50:00,2024-06-29 18:50:00,L,0.017202,0.01708207054374802,0.01708207054374802,0.017501823640629945,-1.0,-1.158,sl,12
2024-06-29 21:20:00,2024-06-30 02:20:00,S,0.016966,0.016625687894003344,0.01710212484239866,0.016625687894003344,2.5,2.363,tp,60
2024-06-30 02:25:00,2024-06-30 07:00:00,S,0.016669,0.016864195444075334,0.016864195444075334,0.016181011389811664,-1.0,-1.094,sl,55
2024-06-30 08:05:00,2024-06-30 16:05:00,L,0.017072,0.017007,0.016807818747873307,0.017732453130316732,-0.246,-0.317,time,96
2024-06-30 17:15:00,2024-06-30 18:45:00,S,0.016873,0.017025163219993436,0.017025163219993436,0.016492591950016407,-1.0,-1.122,sl,18
2024-06-30 20:10:00,2024-06-30 22:30:00,L,0.017078,0.017316003966152797,0.01698279841353888,0.017316003966152797,2.5,2.303,tp,28
2024-06-30 22:35:00,2024-07-01 06:35:00,L,0.017317,0.017337,0.016977433095524647,0.01816591726118838,0.059,0.003,time,96
2024-07-01 10:45:00,2024-07-01 17:55:00,S,0.017138,0.01726093082511866,0.01726093082511866,0.016830672937203348,-1.0,-1.153,sl,86
2024-07-01 18:00:00,2024-07-01 22:20:00,L,0.017264,0.017058640477708126,0.017058640477708126,0.01777739880572969,-1.0,-1.092,sl,52
2024-07-01 22:25:00,2024-07-02 03:40:00,S,0.017042,0.017221299293967287,0.017221299293967287,0.016593751765081786,-1.0,-1.105,sl,63
2024-07-02 03:45:00,2024-07-02 08:10:00,L,0.017205,0.017070744097749127,0.017070744097749127,0.01754063975562719,-1.0,-1.141,sl,53
2024-07-02 08:15:00,2024-07-02 09:05:00,S,0.017083,0.017157072576269774,0.017157072576269774,0.016897818559325567,-1.0,-1.254,sl,10
2024-07-02 09:50:00,2024-07-02 14:10:00,L,0.017195,0.017102465797181284,0.017102465797181284,0.017426335507046788,-1.0,-1.204,sl,52
2024-07-02 14:15:00,2024-07-02 22:15:00,S,0.017106,0.017265,0.017378534174588733,0.016424664563528167,-0.583,-0.652,time,96
2024-07-02 22:20:00,2024-07-03 02:00:00,L,0.017265,0.017120047941030506,0.017120047941030506,0.01762738014742373,-1.0,-1.131,sl,44
2024-07-03 02:05:00,2024-07-03 10:05:00,S,0.017116,0.016713,0.017393733228862233,0.016421666927844414,1.451,1.383,time,96
2024-07-03 10:10:00,2024-07-03 18:10:00,S,0.016713,0.016484,0.016939554796530514,0.01614661300867371,1.011,0.93,time,96
2024-07-03 19:05:00,2024-07-04 01:30:00,S,0.01635,0.015800914400935305,0.016569634239625878,0.015800914400935305,2.5,2.418,tp,77
2024-07-04 01:35:00,2024-07-04 09:35:00,S,0.015733,0.015388,0.016480660264036617,0.01386384933990846,0.461,0.438,time,96
2024-07-04 10:25:00,2024-07-04 13:05:00,S,0.015225,0.014714109845672323,0.015429356061731072,0.014714109845672323,2.5,2.418,tp,32
2024-07-04 13:10:00,2024-07-04 15:50:00,S,0.014805,0.015263604345102157,0.015263604345102157,0.013658489137244609,-1.0,-1.036,sl,32
2024-07-04 23:05:00,2024-07-05 00:35:00,S,0.014975,0.014092129282530659,0.015328148286987737,0.014092129282530659,2.5,2.453,tp,18
2024-07-05 00:40:00,2024-07-05 08:40:00,S,0.014038,0.013086,0.014846256101326775,0.012017359746683061,1.178,1.159,time,96
2024-07-05 08:45:00,2024-07-05 10:10:00,S,0.013086,0.013417592048243103,0.013417592048243103,0.012257019879392244,-1.0,-1.043,sl,17
2024-07-05 23:15:00,2024-07-06 07:15:00,L,0.014916,0.015381,0.014559933879447111,0.015806165301382222,1.306,1.26,time,96
2024-07-06 10:05:00,2024-07-06 16:35:00,L,0.015515,0.016367733133825224,0.01517390674646991,0.016367733133825224,2.5,2.45,tp,78
2024-07-06 16:40:00,2024-07-07 00:40:00,L,0.016436,0.01717,0.01584374579565837,0.017916635510854075,1.239,1.209,time,96
2024-07-07 13:10:00,2024-07-07 21:10:00,S,0.016043,0.015666,0.016394390321204075,0.015164524196989817,1.073,1.023,time,96
2024-07-07 21:20:00,2024-07-08 05:20:00,S,0.01559,0.015744,0.016035106144896387,0.014477234637759032,-0.346,-0.385,time,96
2024-07-08 06:15:00,2024-07-08 08:35:00,L,0.01601,0.01688745388095498,0.01565901844761801,0.01688745388095498,2.5,2.45,tp,28
2024-07-08 08:40:00,2024-07-08 14:30:00,L,0.016869,0.015776044618300743,0.015776044618300743,0.019601388454248136,-1.0,-1.017,sl,70
2024-07-08 18:40:00,2024-07-09 00:30:00,L,0.016244,0.015987647719264267,0.015987647719264267,0.016884880701839338,-1.0,-1.07,sl,70
2024-07-09 00:35:00,2024-07-09 01:10:00,S,0.015964,0.016251348647640943,0.016251348647640943,0.015245628380897639,-1.0,-1.061,sl,7
2024-07-09 01:45:00,2024-07-09 04:10:00,S,0.015955,0.016462048811872045,0.016462048811872045,0.014687377970319888,-1.0,-1.035,sl,29
2024-07-09 04:15:00,2024-07-09 12:15:00,L,0.016466,0.016298,0.016190183960157117,0.017155540099607212,-0.609,-0.675,time,96
2024-07-09 20:25:00,2024-07-09 22:10:00,L,0.016373,0.016221371997179303,0.016221371997179303,0.01675207000705174,-1.0,-1.119,sl,21
2024-07-10 00:30:00,2024-07-10 03:55:00,S,0.016133,0.016411474017071652,0.016411474017071652,0.015436814957320875,-1.0,-1.064,sl,41
2024-07-10 04:00:00,2024-07-10 04:25:00,L,0.016407,0.016781162305444283,0.016257335077822288,0.016781162305444283,2.5,2.379,tp,5
2024-07-10 04:30:00,2024-07-10 12:30:00,L,0.0168,0.016445,0.016303775745970774,0.01804056063507306,-0.715,-0.753,time,96
2024-07-10 20:35:00,2024-07-10 22:30:00,S,0.016255,0.01638960038377456,0.01638960038377456,0.01591849904056359,-1.0,-1.133,sl,23
2024-07-10 23:45:00,2024-07-11 00:35:00,L,0.016427,0.01629973534358098,0.01629973534358098,0.016745161641047557,-1.0,-1.142,sl,10
2024-07-11 01:50:00,2024-07-11 03:15:00,L,0.016526,0.016235117447460586,0.016235117447460586,0.01725320638134853,-1.0,-1.062,sl,17
2024-07-11 03:20:00,2024-07-11 06:45:00,S,0.016199,0.016526492128211747,0.016526492128211747,0.015380269679470638,-1.0,-1.054,sl,41
2024-07-11 06:50:00,2024-07-11 12:25:00,L,0.016528,0.016806554873793726,0.01641657805048251,0.016806554873793726,2.5,2.337,tp,67
2024-07-11 12:30:00,2024-07-11 14:15:00,L,0.016758,0.01659149187729142,0.01659149187729142,0.017174270306771447,-1.0,-1.111,sl,21
2024-07-11 15:45:00,2024-07-11 23:45:00,S,0.016439,0.016192,0.016658829804903835,0.01588942548774041,1.124,1.041,time,96
2024-07-12 01:20:00,2024-07-12 09:20:00,S,0.016013,0.016043,0.016378742784876,0.01509864303781,-0.082,-0.13,time,96
2024-07-12 09:50:00,2024-07-12 13:15:00,S,0.015958,0.01612089061973783,0.01612089061973783,0.015550773450655427,-1.0,-1.108,sl,41
2024-07-12 15:35:00,2024-07-12 18:45:00,L,0.016269,0.016604868819381675,0.016134652472247327,0.016604868819381675,2.5,2.367,tp,38
2024-07-12 18:50:00,2024-07-12 20:00:00,L,0.01661,0.01637904678269483,0.01637904678269483,0.01718738304326292,-1.0,-1.079,sl,14
2024-07-13 00:55:00,2024-07-13 05:15:00,L,0.016518,0.01676757087065975,0.0164181716517361,0.01676757087065975,2.5,2.318,tp,52
2024-07-13 05:20:00,2024-07-13 13:20:00,L,0.016764,0.017108,0.016573865610651325,0.01723933597337169,1.809,1.712,time,96
2024-07-13 15:40:00,2024-07-13 21:35:00,L,0.01726,0.01696068359645982,0.01696068359645982,0.018008291008850454,-1.0,-1.063,sl,71
2024-07-13 23:15:00,2024-07-14 07:15:00,L,0.017295,0.017422,0.01686716942507754,0.018364576437306154,0.297,0.252,time,96
2024-07-14 08:30:00,2024-07-14 09:10:00,L,0.017554,0.017424870504787453,0.017424870504787453,0.017876823738031365,-1.0,-1.15,sl,8
2024-07-14 16:05:00,2024-07-14 17:15:00,L,0.017259,0.01716245920586919,0.01716245920586919,0.017500351985327022,-1.0,-1.197,sl,14
2024-07-14 20:45:00,2024-07-14 23:15:00,L,0.01725,0.017603696379312916,0.017108521448274835,0.017603696379312916,2.5,2.366,tp,30
2024-07-14 23:20:00,2024-07-15 02:40:00,L,0.017621,0.01811227633423728,0.01742448946630509,0.01811227633423728,2.5,2.401,tp,40
2024-07-15 02:45:00,2024-07-15 10:45:00,L,0.018039,0.017878,0.017775589437866512,0.018697526405333717,-0.611,-0.687,time,96
2024-07-15 13:05:00,2024-07-15 20:35:00,L,0.018028,0.018672754897483195,0.01777009804100672,0.018672754897483195,2.5,2.423,tp,90
2024-07-15 20:40:00,2024-07-15 23:45:00,L,0.018648,0.0193215860905954,0.018378565563761842,0.0193215860905954,2.5,2.424,tp,37
2024-07-15 23:50:00,2024-07-16 06:50:00,L,0.019253,0.018760423683483515,0.018760423683483515,0.020484440791291213,-1.0,-1.043,sl,84
2024-07-16 10:10:00,2024-07-16 18:10:00,L,0.019138,0.01945,0.01858708373301523,0.020515290667461925,0.566,0.528,time,96
2024-07-17 00:20:00,2024-07-17 08:15:00,L,0.019455,0.019170631010820886,0.019170631010820886,0.020165922472947784,-1.0,-1.075,sl,95
2024-07-17 15:50:00,2024-07-17 23:50:00,S,0.018971,0.018595,0.019194969125958784,0.018411077185103035,1.679,1.586,time,96
2024-07-18 05:20:00,2024-07-18 06:40:00,S,0.01858,0.018827023980027245,0.018827023980027245,0.017962440049931885,-1.0,-1.083,sl,16
2024-07-18 07:10:00,2024-07-18 07:50:00,S,0.018564,0.017706785706121227,0.01890688571755151,0.017706785706121227,2.5,2.44,tp,8
2024-07-18 07:55:00,2024-07-18 15:55:00,S,0.01769,0.017136,0.01891905781537216,0.014617355461569599,0.451,0.435,time,96
2024-07-18 19:25:00,2024-07-18 20:30:00,S,0.016953,0.01721769866975071,0.01721769866975071,0.01629125332562322,-1.0,-1.07,sl,13
2024-07-19 00:20:00,2024-07-19 03:35:00,S,0.017155,0.017448572504975376,0.017448572504975376,0.016421068737561557,-1.0,-1.064,sl,39
2024-07-19 07:40:00,2024-07-19 14:05:00,S,0.017197,0.017534309514422905,0.017534309514422905,0.016353726213942738,-1.0,-1.056,sl,77
2024-07-19 19:25:00,2024-07-20 00:25:00,L,0.017927,0.01765578135631876,0.01765578135631876,0.01860504660920309,-1.0,-1.073,sl,60
2024-07-20 00:30:00,2024-07-20 06:45:00,S,0.017654,0.01792548233952691,0.01792548233952691,0.016975294151182724,-1.0,-1.072,sl,75
2024-07-20 09:05:00,2024-07-20 14:40:00,S,0.017719,0.01792718121985065,0.01792718121985065,0.017198546950373372,-1.0,-1.094,sl,67
2024-07-20 15:05:00,2024-07-20 23:05:00,L,0.017956,0.01811,0.01773015748984352,0.018520606275391198,0.682,0.594,time,96
2024-07-21 05:05:00,2024-07-21 13:05:00,S,0.017833,0.017845,0.018023232704306672,0.017357418239233327,-0.063,-0.166,time,96
2024-07-21 13:45:00,2024-07-21 14:15:00,S,0.017741,0.01788146483055698,0.01788146483055698,0.01738983792360755,-1.0,-1.139,sl,6
2024-07-21 14:20:00,2024-07-21 17:50:00,L,0.017838,0.01760391381183089,0.01760391381183089,0.018423215470422777,-1.0,-1.084,sl,42
2024-07-21 18:10:00,2024-07-21 20:15:00,S,0.017227,0.018013707731605124,0.018013707731605124,0.015260230670987187,-1.0,-1.024,sl,25
2024-07-21 20:20:00,2024-07-22 04:20:00,L,0.018073,0.018092,0.017377852361716295,0.01981086909570926,0.027,-0.001,time,96
2024-07-22 05:20:00,2024-07-22 13:20:00,S,0.017908,0.017818,0.01813597198834551,0.017338070029136225,0.395,0.308,time,96
2024-07-22 14:35:00,2024-07-22 22:35:00,S,0.017509,0.017552,0.017944767319010846,0.016419581702472888,-0.099,-0.143,time,96
2024-07-22 23:15:00,2024-07-23 00:45:00,S,0.01745,0.017644902944866807,0.017644902944866807,0.016962742637832984,-1.0,-1.098,sl,18
2024-07-23 04:30:00,2024-07-23 05:10:00,S,0.017504,0.01720060661998631,0.017625357352005475,0.01720060661998631,2.5,2.341,tp,8
2024-07-23 05:15:00,2024-07-23 13:15:00,S,0.017246,0.017189,0.017607126433465025,0.01634318391633744,0.158,0.105,time,96
2024-07-23 13:35:00,2024-07-23 14:30:00,S,0.017219,0.017348170288297153,0.017348170288297153,0.01689607427925712,-1.0,-1.147,sl,11
2024-07-23 16:45:00,2024-07-23 21:15:00,S,0.016976,0.017254057579795288,0.017254057579795288,0.016280856050511786,-1.0,-1.067,sl,54
2024-07-23 22:20:00,2024-07-24 06:20:00,S,0.016984,0.017049,0.0172607324023716,0.016292168994071002,-0.235,-0.302,time,96
2024-07-24 14:25:00,2024-07-24 15:20:00,L,0.017466,0.01725498765026462,0.01725498765026462,0.01799353087433845,-1.0,-1.091,sl,11
2024-07-24 15:25:00,2024-07-24 23:25:00,S,0.017243,0.016685,0.017577931675041673,0.01640567081239582,1.666,1.609,time,96
2024-07-25 01:10:00,2024-07-25 09:10:00,S,0.016171,0.016363,0.01688783351524039,0.01437891621189903,-0.268,-0.293,time,96
2024-07-25 12:45:00,2024-07-25 20:45:00,S,0.016174,0.016075,0.01641307770666062,0.015576305733348452,0.414,0.34,time,96
2024-07-26 02:10:00,2024-07-26 10:10:00,L,0.016673,0.016808,0.01648358411777361,0.017146539705565976,0.713,0.616,time,96
2024-07-26 14:05:00,2024-07-26 14:30:00,L,0.016838,0.01662608496475989,0.01662608496475989,0.017367787588100272,-1.0,-1.087,sl,5
2024-07-26 19:30:00,2024-07-27 03:30:00,L,0.01688,0.017104,0.01671692557150805,0.017287686071229873,1.374,1.26,time,96
2024-07-27 05:05:00,2024-07-27 13:05:00,L,0.017204,0.0173,0.017089763850481197,0.01748959037379701,0.84,0.675,time,96
2024-07-27 13:10:00,2024-07-27 14:00:00,L,0.0173,0.017568263115767355,0.017192694753693057,0.017568263115767355,2.5,2.323,tp,10
2024-07-27 14:05:00,2024-07-27 14:50:00,L,0.017564,0.01726965198074783,0.01726965198074783,0.018299870048130423,-1.0,-1.066,sl,9
2024-07-27 21:15:00,2024-07-28 05:05:00,L,0.017177,0.016695584241123055,0.016695584241123055,0.018380539397192367,-1.0,-1.039,sl,94
2024-07-28 05:10:00,2024-07-28 10:15:00,S,0.0167,0.016938108659005215,0.016938108659005215,0.016104728352486962,-1.0,-1.077,sl,61
2024-07-28 14:20:00,2024-07-28 18:40:00,S,0.016765,0.016904261151349912,0.016904261151349912,0.016416847121625215,-1.0,-1.132,sl,52
2024-07-28 20:40:00,2024-07-29 00:10:00,S,0.01674,0.016834257795514816,0.016834257795514816,0.016504355511212966,-1.0,-1.195,sl,42
2024-07-29 00:15:00,2024-07-29 03:00:00,L,0.016862,0.017256842836151913,0.016704062865539233,0.017256842836151913,2.5,2.383,tp,33
2024-07-29 03:05:00,2024-07-29 11:05:00,L,0.017271,0.017118,0.01687549258695837,0.01825976853260408,-0.387,-0.435,time,96
2024-07-29 14:05:00,2024-07-29 22:05:00,S,0.016922,0.016711,0.01719124312783053,0.016248892180423677,0.784,0.715,time,96
2024-07-29 23:20:00,2024-07-30 07:15:00,S,0.016629,0.016808602292253,0.016808602292253,0.01617999426936751,-1.0,-1.102,sl,95
2024-07-30 12:30:00,2024-07-30 12:35:00,S,0.016603,0.0167137503212072,0.0167137503212072,0.016326124196982,-1.0,-1.165,sl,1
2024-07-30 13:55:00,2024-07-30 20:05:00,S,0.016565,0.016010250431090577,0.01678689982756377,0.016010250431090577,2.5,2.418,tp,74
2024-07-30 20:10:00,2024-07-30 20:40:00,S,0.015999,0.016257677919935303,0.016257677919935303,0.01535230520016174,-1.0,-1.068,sl,6
2024-07-31 04:55:00,2024-07-31 05:50:00,S,0.016136,0.016351918557961073,0.016351918557961073,0.01559620360509732,-1.0,-1.082,sl,11
2024-07-31 14:20:00,2024-07-31 20:15:00,S,0.016419,0.015742226693314473,0.01668970932267421,0.015742226693314473,2.5,2.433,tp,71
2024-07-31 20:20:00,2024-08-01 04:20:00,S,0.015753,0.015871,0.016318155231007454,0.014340111922481365,-0.209,-0.239,time,96
2024-08-01 04:40:00,2024-08-01 12:40:00,S,0.015819,0.015911,0.015996340454704706,0.015375648863238235,-0.519,-0.617,time,96
2024-08-01 13:40:00,2024-08-01 15:00:00,S,0.015806,0.01537366681484084,0.015978933274063665,0.01537366681484084,2.5,2.399,tp,16
2024-08-01 15:05:00,2024-08-01 22:25:00,S,0.015362,0.015839938478070338,0.015839938478070338,0.014167153804824157,-1.0,-1.035,sl,88
2024-08-02 01:30:00,2024-08-02 09:30:00,S,0.015647,0.015403,0.015840286118162263,0.015163784704594346,1.262,1.173,time,96
2024-08-02 12:50:00,2024-08-02 13:30:00,S,0.015515,0.015631616483137448,0.015631616483137448,0.015223458792156377,-1.0,-1.146,sl,8
2024-08-02 14:50:00,2024-08-02 22:50:00,S,0.015234,0.014635,0.015761748746442067,0.013914628133894831,1.135,1.103,time,96
2024-08-03 00:35:00,2024-08-03 01:10:00,S,0.014577,0.01412278771094718,0.014758684915621127,0.01412278771094718,2.5,2.412,tp,7
2024-08-03 01:15:00,2024-08-03 06:15:00,S,0.014205,0.01474542361978036,0.01474542361978036,0.012853940950549102,-1.0,-1.029,sl,60
2024-08-03 08:20:00,2024-08-03 12:30:00,S,0.014614,0.014790730198123344,0.014790730198123344,0.01417217450469164,-1.0,-1.091,sl,50
2024-08-03 15:20:00,2024-08-03 16:15:00,S,0.014638,0.014136590372144198,0.01483856385114232,0.014136590372144198,2.5,2.42,tp,11
2024-08-03 16:20:00,2024-08-04 00:20:00,S,0.014123,0.014142,0.014724882734189752,0.01261829316452562,-0.032,-0.057,time,96
2024-08-04 05:05:00,2024-08-04 05:35:00,S,0.014087,0.014184395855407254,0.014184395855407254,0.013843510361481865,-1.0,-1.159,sl,6
2024-08-04 07:35:00,2024-08-04 12:45:00,S,0.01403,0.0141632770085817,0.0141632770085817,0.013696807478545753,-1.0,-1.116,sl,62
2024-08-04 14:15:00,2024-08-04 16:55:00,S,0.013895,0.013214125106803226,0.014167349957278709,0.013214125106803226,2.5,2.444,tp,32
2024-08-04 17:00:00,2024-08-04 19:15:00,S,0.01314,0.013569636842902617,0.013569636842902617,0.01206590789274346,-1.0,-1.034,sl,27
2024-08-04 23:20:00,2024-08-05 01:05:00,S,0.013319,0.012483340434900667,0.013653263826039732,0.012483340434900667,2.5,2.456,tp,21
2024-08-05 01:10:00,2024-08-05 09:10:00,S,0.012091,0.011738,0.013423230624556706,0.008760423438608233,0.265,0.255,time,96
2024-08-05 10:30:00,2024-08-05 13:45:00,S,0.011308,0.01181183621816927,0.01181183621816927,0.010048409454576825,-1.0,-1.025,sl,39
2024-08-05 15:10:00,2024-08-05 23:10:00,L,0.012755,0.013608,0.012008077443248123,0.014622306391879695,1.142,1.123,time,96
2024-08-06 00:15:00,2024-08-06 08:15:00,L,0.013681,0.013713,0.01314803843198864,0.015013403920028402,0.06,0.032,time,96
2024-08-06 13:20:00,2024-08-06 14:05:00,S,0.013227,0.013528817670010438,0.013528817670010438,0.012472455824973902,-1.0,-1.048,sl,9
2024-08-06 14:15:00,2024-08-06 22:15:00,L,0.013567,0.013757,0.01309575862904906,0.014745103427377348,0.403,0.372,time,96
2024-08-06 22:20:00,2024-08-06 22:25:00,L,0.013757,0.013516322905002237,0.013516322905002237,0.014358692737494409,-1.0,-1.063,sl,1
2024-08-07 01:50:00,2024-08-07 09:50:00,L,0.013662,0.013779,0.01326451740274138,0.014655706493146552,0.294,0.257,time,96
2024-08-07 10:35:00,2024-08-07 11:00:00,L,0.013915,0.013727417261627272,0.013727417261627272,0.014383956845931821,-1.0,-1.082,sl,5
2024-08-07 14:05:00,2024-08-07 18:45:00,S,0.013594,0.012908430727319758,0.013868227709072097,0.012908430727319758,2.5,2.445,tp,56
2024-08-07 18:50:00,2024-08-08 01:40:00,S,0.012922,0.013238703778981571,0.013238703778981571,0.01213024055254607,-1.0,-1.045,sl,82
2024-08-08 02:05:00,2024-08-08 10:05:00,L,0.013356,0.013247,0.01282602449078337,0.014680938773041573,-0.206,-0.233,time,96
2024-08-08 13:50:00,2024-08-08 14:35:00,S,0.013197,0.013532005994108812,0.013532005994108812,0.01235948501472797,-1.0,-1.043,sl,9
2024-08-08 15:55:00,2024-08-08 21:55:00,L,0.013625,0.013992343902811812,0.013478062438875275,0.013992343902811812,2.5,2.398,tp,72
2024-08-08 22:00:00,2024-08-09 06:00:00,L,0.014046,0.013969,0.01365840931136982,0.015014976721575448,-0.199,-0.239,time,96
2024-08-09 07:20:00,2024-08-09 10:20:00,L,0.014139,0.01391289184773387,0.01391289184773387,0.014704270380665328,-1.0,-1.069,sl,36
2024-08-09 14:05:00,2024-08-09 14:35:00,L,0.014061,0.013677478268682142,0.013677478268682142,0.015019804328294646,-1.0,-1.04,sl,6
2024-08-10 00:25:00,2024-08-10 04:45:00,L,0.014234,0.013888787729024844,0.013888787729024844,0.015097030677437891,-1.0,-1.045,sl,52
2024-08-10 07:20:00,2024-08-10 13:55:00,L,0.014041,0.013949049772233145,0.013949049772233145,0.014270875569417136,-1.0,-1.168,sl,79
2024-08-10 21:25:00,2024-08-11 02:55:00,L,0.014144,0.014417017991283025,0.01403479280348679,0.014417017991283025,2.5,2.358,tp,66
2024-08-11 03:00:00,2024-08-11 09:50:00,L,0.01439,0.014211966996862278,0.014211966996862278,0.014835082507844304,-1.0,-1.089,sl,82
2024-08-11 12:15:00,2024-08-11 20:15:00,S,0.013964,0.013464,0.014207647943540267,0.013354880141149335,2.052,1.989,time,96
2024-08-11 20:35:00,2024-08-12 04:35:00,S,0.013365,0.013502,0.013641345269242702,0.012674136826893246,-0.496,-0.549,time,96
2024-08-12 06:55:00,2024-08-12 07:30:00,S,0.013429,0.013521500618940207,0.013521500618940207,0.013197748452649483,-1.0,-1.16,sl,7
2024-08-12 10:40:00,2024-08-12 13:45:00,L,0.013783,0.013618287401947718,0.013618287401947718,0.014194781495130706,-1.0,-1.092,sl,37
2024-08-12 13:50:00,2024-08-12 14:40:00,S,0.013637,0.014053928343032686,0.014053928343032686,0.012594679142418285,-1.0,-1.036,sl,10
2024-08-12 14:45:00,2024-08-12 22:45:00,L,0.01395,0.013704,0.01341018088938002,0.015299547776549953,-0.456,-0.484,time,96
2024-08-12 23:10:00,2024-08-13 03:45:00,L,0.013778,0.013657366955068462,0.013657366955068462,0.014079582612328844,-1.0,-1.126,sl,55
2024-08-13 03:50:00,2024-08-13 11:50:00,S,0.013655,0.013606,0.01384918244059637,0.013169543898509077,0.252,0.175,time,96
2024-08-13 13:55:00,2024-08-13 21:55:00,L,0.013788,0.013951,0.013640168758012383,0.014157578104969041,1.103,1.0,time,96
2024-08-14 01:25:00,2024-08-14 09:25:00,S,0.013804,0.013781,0.013928850230391069,0.013491874424022329,0.184,0.063,time,96
2024-08-14 10:20:00,2024-08-14 13:35:00,L,0.013855,0.013752669004736538,0.013752669004736538,0.014110827488158652,-1.0,-1.149,sl,39
2024-08-14 13:45:00,2024-08-14 21:45:00,S,0.01367,0.013606,0.014045632099336226,0.012730919751659436,0.17,0.13,time,96
2024-08-15 06:00:00,2024-08-15 12:30:00,S,0.013536,0.013653128112268651,0.013653128112268651,0.013243179719328368,-1.0,-1.127,sl,78
2024-08-15 13:40:00,2024-08-15 17:10:00,L,0.01371,0.013555459054188547,0.013555459054188547,0.014096352364528632,-1.0,-1.098,sl,42
2024-08-15 17:15:00,2024-08-15 18:00:00,S,0.013573,0.013179874140290454,0.013730250343883818,0.013179874140290454,2.5,2.405,tp,9
2024-08-15 18:05:00,2024-08-16 02:05:00,S,0.013182,0.013204,0.013642874763176922,0.012029813092057692,-0.048,-0.079,time,96
2024-08-16 09:35:00,2024-08-16 09:55:00,S,0.01335,0.013408268882283742,0.013408268882283742,0.013204327794290649,-1.0,-1.252,sl,4
2024-08-16 12:15:00,2024-08-16 15:35:00,S,0.013264,0.01292526612556101,0.013399493549775595,0.01292526612556101,2.5,2.392,tp,40
2024-08-16 15:40:00,2024-08-16 16:30:00,S,0.012971,0.013185907095037114,0.013185907095037114,0.012433732262407215,-1.0,-1.066,sl,10
2024-08-17 00:35:00,2024-08-17 01:05:00,S,0.013146,0.013241913902434852,0.013241913902434852,0.01290621524391287,-1.0,-1.151,sl,6
2024-08-17 13:05:00,2024-08-17 21:05:00,L,0.013339,0.013301,0.01321673351994446,0.01364466620013885,-0.311,-0.431,time,96
2024-08-17 22:05:00,2024-08-18 04:30:00,L,0.013358,0.013247838363136144,0.013247838363136144,0.01363340409215964,-1.0,-1.133,sl,77
2024-08-18 04:35:00,2024-08-18 05:15:00,S,0.013284,0.013321434690764005,0.013321434690764005,0.01319041327308999,-1.0,-1.39,sl,8
2024-08-18 09:15:00,2024-08-18 12:45:00,L,0.013366,0.013547444987194485,0.013293422005122206,0.013547444987194485,2.5,2.297,tp,42
2024-08-18 12:50:00,2024-08-18 17:25:00,L,0.013504,0.013408788899457322,0.013408788899457322,0.013742027751356696,-1.0,-1.156,sl,55
2024-08-18 23:15:00,2024-08-19 00:00:00,S,0.013408,0.013171262937740104,0.013502694824903958,0.013171262937740104,2.5,2.344,tp,9
2024-08-19 00:05:00,2024-08-19 08:05:00,S,0.013189,0.013134,0.013461485681019071,0.01250778579745232,0.202,0.149,time,96
2024-08-19 10:00:00,2024-08-19 11:55:00,S,0.013045,0.01322653700565516,0.01322653700565516,0.012591157485862096,-1.0,-1.079,sl,23
2024-08-19 12:00:00,2024-08-19 16:35:00,L,0.013475,0.012981216808879968,0.012981216808879968,0.014709457977800083,-1.0,-1.03,sl,55
2024-08-19 16:40:00,2024-08-19 17:30:00,S,0.012995,0.01317155911677102,0.01317155911677102,0.01255360220807245,-1.0,-1.081,sl,10
2024-08-19 23:50:00,2024-08-20 00:30:00,L,0.013325,0.013594795393179964,0.013217081842728014,0.013594795393179964,2.5,2.364,tp,8
2024-08-20 00:35:00,2024-08-20 08:35:00,L,0.013578,0.013743,0.013276985243111453,0.014330536892221368,0.548,0.499,time,96
2024-08-20 10:05:00,2024-08-20 11:10:00,L,0.013876,0.013743525765579637,0.013743525765579637,0.014207185586050905,-1.0,-1.115,sl,13
2024-08-20 13:50:00,2024-08-20 14:20:00,L,0.013841,0.013658156965638431,0.013658156965638431,0.014298107585903918,-1.0,-1.083,sl,6
2024-08-21 06:30:00,2024-08-21 09:00:00,L,0.013737,0.013628934378582461,0.013628934378582461,0.014007164053543845,-1.0,-1.14,sl,30
2024-08-21 12:50:00,2024-08-21 13:30:00,L,0.013744,0.013614067810108935,0.013614067810108935,0.01406883047472766,-1.0,-1.116,sl,8
2024-08-21 14:00:00,2024-08-21 22:00:00,L,0.013768,0.014113,0.013475213637123427,0.014499965907191437,1.178,1.127,time,96
2024-08-22 06:15:00,2024-08-22 08:50:00,L,0.014074,0.01423903432455631,0.014007986270177476,0.01423903432455631,2.5,2.265,tp,31
2024-08-22 08:55:00,2024-08-22 13:45:00,L,0.014238,0.014107775414788394,0.014107775414788394,0.014563561463029017,-1.0,-1.12,sl,58
2024-08-22 21:00:00,2024-08-23 05:00:00,L,0.014112,0.014255,0.013981918369363371,0.014437204076591572,1.099,0.98,time,96
2024-08-23 05:05:00,2024-08-23 13:05:00,L,0.014255,0.014411,0.014169635910359015,0.014468410224102463,1.827,1.644,time,96
2024-08-23 14:05:00,2024-08-23 14:45:00,L,0.014572,0.014343110377302959,0.014343110377302959,0.015144224056742601,-1.0,-1.07,sl,8
2024-08-23 17:45:00,2024-08-23 21:50:00,L,0.014856,0.015331114673358914,0.014665954130656434,0.015331114673358914,2.5,2.414,tp,49
2024-08-23 21:55:00,2024-08-24 05:55:00,L,0.015352,0.01521,0.01503251036883588,0.0161507240779103,-0.444,-0.497,time,96
2024-08-24 09:45:00,2024-08-24 10:50:00,L,0.015327,0.015553398890197061,0.015236440443921176,0.015553398890197061,2.5,2.314,tp,13
2024-08-24 10:55:00,2024-08-24 15:05:00,L,0.015499,0.015867807238215313,0.015351477104713875,0.015867807238215313,2.5,2.384,tp,50
2024-08-24 15:10:00,2024-08-24 21:55:00,L,0.015721,0.015438923432576943,0.015438923432576943,0.01642619141855764,-1.0,-1.061,sl,81
2024-08-25 06:35:00,2024-08-25 14:35:00,S,0.014997,0.015182,0.015297186574773927,0.014246533563065182,-0.616,-0.671,time,96
2024-08-25 15:25:00,2024-08-25 16:35:00,L,0.015273,0.015090943312142498,0.015090943312142498,0.015728141719643755,-1.0,-1.092,sl,14
2024-08-25 21:25:00,2024-08-26 00:50:00,L,0.015242,0.015060047435330898,0.015060047435330898,0.015696881411672754,-1.0,-1.092,sl,41
2024-08-26 01:10:00,2024-08-26 09:10:00,S,0.015035,0.014885,0.01524427159779384,0.014511821005515398,0.717,0.638,time,96
2024-08-26 12:20:00,2024-08-26 17:45:00,S,0.01482,0.014431046183891393,0.014975581526443443,0.014431046183891393,2.5,2.395,tp,65
2024-08-26 17:50:00,2024-08-26 22:05:00,S,0.01444,0.014748629034930473,0.014748629034930473,0.013668427412673817,-1.0,-1.051,sl,51
2024-08-27 07:50:00,2024-08-27 15:50:00,S,0.014588,0.0143,0.014752643520854489,0.014176391197863777,1.749,1.652,time,96
2024-08-27 16:10:00,2024-08-27 16:20:00,S,0.014239,0.014364307173902795,0.014364307173902795,0.013925732065243012,-1.0,-1.125,sl,2
2024-08-27 21:10:00,2024-08-27 21:45:00,S,0.014287,0.01390885322066513,0.014438258711733947,0.01390885322066513,2.5,2.396,tp,7
2024-08-27 21:50:00,2024-08-28 05:50:00,S,0.013821,0.013781,0.014411088221722324,0.012345779445694191,0.068,0.042,time,96
2024-08-28 07:55:00,2024-08-28 09:25:00,S,0.013637,0.013805280561128693,0.013805280561128693,0.013216298597178266,-1.0,-1.089,sl,18
2024-08-28 13:50:00,2024-08-28 16:15:00,S,0.013899,0.01344208766314945,0.01408176493474022,0.01344208766314945,2.5,2.416,tp,29
2024-08-28 16:20:00,2024-08-28 16:55:00,S,0.013442,0.013786573585033633,0.013786573585033633,0.012580566037415922,-1.0,-1.043,sl,7
2024-08-28 22:35:00,2024-08-29 02:45:00,S,0.013769,0.013967952763705917,0.013967952763705917,0.013271618090735208,-1.0,-1.076,sl,50
2024-08-29 09:30:00,2024-08-29 15:30:00,L,0.014175,0.014489866027393453,0.014049053589042619,0.014489866027393453,2.5,2.376,tp,72
2024-08-29 18:15:00,2024-08-29 22:05:00,S,0.014258,0.013858530193446194,0.014417787922621522,0.013858530193446194,2.5,2.402,tp,46
2024-08-29 22:10:00,2024-08-30 06:10:00,S,0.013866,0.013933,0.014115707952688987,0.013241730118277534,-0.268,-0.329,time,96
2024-08-30 09:50:00,2024-08-30 11:45:00,L,0.014145,0.014052054647613615,0.014052054647613615,0.01437736338096596,-1.0,-1.167,sl,23
2024-08-30 11:50:00,2024-08-30 12:30:00,S,0.014054,0.014159347607187237,0.014159347607187237,0.013790630982031909,-1.0,-1.147,sl,8
2024-08-30 12:35:00,2024-08-30 13:45:00,L,0.014166,0.014025050442564616,0.014025050442564616,0.01451837389358846,-1.0,-1.111,sl,14
2024-08-30 13:50:00,2024-08-30 21:50:00,S,0.013984,0.013902,0.014199533222143705,0.013445166944640739,0.38,0.309,time,96
2024-08-31 00:25:00,2024-08-31 02:30:00,L,0.014024,0.013951794231169708,0.013951794231169708,0.01420451442207573,-1.0,-1.214,sl,25
2024-08-31 02:35:00,2024-08-31 10:35:00,S,0.013952,0.013896,0.014057423426793933,0.013688441433015171,0.531,0.386,time,96
2024-08-31 14:05:00,2024-08-31 22:05:00,S,0.013832,0.013792,0.013918402103150951,0.013615994742122623,0.463,0.287,time,96
2024-09-01 01:35:00,2024-09-01 05:50:00,S,0.013748,0.013535422525953272,0.01383303098961869,0.013535422525953272,2.5,2.322,tp,51
2024-09-01 05:55:00,2024-09-01 13:55:00,S,0.013534,0.013572,0.013722664010663198,0.013062339973342,-0.201,-0.28,time,96
2024-09-01 14:10:00,2024-09-01 22:10:00,S,0.013472,0.013352,0.013650015330629074,0.013026961673427314,0.674,0.591,time,96
2024-09-01 22:15:00,2024-09-02 06:15:00,S,0.013352,0.013233,0.013503799933500739,0.01297250016624815,0.784,0.687,time,96
2024-09-02 10:05:00,2024-09-02 18:05:00,L,0.013488,0.013485,0.013264631085878793,0.014046422285303018,-0.013,-0.08,time,96
2024-09-02 20:55:00,2024-09-03 04:55:00,L,0.013642,0.013662,0.013409517193675136,0.014223207015812159,0.086,0.021,time,96
2024-09-03 13:40:00,2024-09-03 21:40:00,S,0.013365,0.013245,0.013663290193159514,0.012619274517101216,0.402,0.353,time,96
2024-09-03 23:25:00,2024-09-04 01:00:00,S,0.013157,0.012865518224367035,0.013273592710253187,0.012865518224367035,2.5,2.376,tp,19
2024-09-04 01:05:00,2024-09-04 07:35:00,S,0.01245,0.013184681950533248,0.013184681950533248,0.010613295123666877,-1.0,-1.019,sl,78
2024-09-04 10:35:00,2024-09-04 14:40:00,S,0.0131,0.01324131536048563,0.01324131536048563,0.012746711598785928,-1.0,-1.102,sl,49
2024-09-04 14:55:00,2024-09-04 22:55:00,L,0.013375,0.01348,0.013039823115627234,0.014212942210931914,0.313,0.269,time,96
2024-09-04 23:20:00,2024-09-05 02:15:00,L,0.013641,0.01342560438114721,0.01342560438114721,0.014179489047131975,-1.0,-1.07,sl,35
2024-09-05 03:05:00,2024-09-05 08:30:00,S,0.013413,0.013528838570651382,0.013528838570651382,0.013123403573371543,-1.0,-1.127,sl,65
2024-09-05 08:35:00,2024-09-05 08:45:00,L,0.013474,0.01342712878848853,0.01342712878848853,0.013591178028778676,-1.0,-1.316,sl,2
2024-09-05 09:05:00,2024-09-05 17:05:00,S,0.013278,0.013155,0.013536466473353097,0.012631833816617258,0.476,0.419,time,96
2024-09-05 19:45:00,2024-09-06 01:35:00,S,0.013061,0.013259953489412595,0.013259953489412595,0.012563616276468511,-1.0,-1.072,sl,70
2024-09-06 02:10:00,2024-09-06 07:20:00,L,0.013367,0.013129752595701278,0.013129752595701278,0.013960118510746806,-1.0,-1.062,sl,62
2024-09-06 07:25:00,2024-09-06 12:35:00,S,0.01311,0.013397563438015441,0.013397563438015441,0.012391091404961398,-1.0,-1.05,sl,62
2024-09-06 12:40:00,2024-09-06 13:40:00,L,0.013367,0.013162414607180359,0.013162414607180359,0.013878463482049104,-1.0,-1.072,sl,12
2024-09-06 13:45:00,2024-09-06 20:50:00,S,0.013156,0.012424008162648964,0.013448796734940413,0.012424008162648964,2.5,2.451,tp,85
2024-09-06 20:55:00,2024-09-06 22:15:00,S,0.012411,0.012740084157054202,0.012740084157054202,0.011588289607364497,-1.0,-1.041,sl,16
2024-09-07 01:50:00,2024-09-07 05:05:00,S,0.012721,0.012847280090131693,0.012847280090131693,0.012405299774670767,-1.0,-1.111,sl,39
2024-09-07 17:15:00,2024-09-08 01:15:00,S,0.012917,0.012892,0.013018667557789436,0.01266283110552641,0.246,0.106,time,96
2024-09-08 04:30:00,2024-09-08 05:55:00,L,0.01296,0.01290926314066437,0.01290926314066437,0.013086842148339073,-1.0,-1.281,sl,17
2024-09-08 07:50:00,2024-09-08 12:45:00,L,0.012987,0.012903053280053025,0.012903053280053025,0.013196866799867438,-1.0,-1.17,sl,59
2024-09-08 12:50:00,2024-09-08 20:50:00,S,0.012891,0.012919,0.013043459854849818,0.012509850362875455,-0.184,-0.277,time,96
2024-09-08 21:20:00,2024-09-09 05:20:00,L,0.013019,0.013048,0.01289259628951488,0.013335009276212798,0.229,0.116,time,96
2024-09-09 07:35:00,2024-09-09 14:15:00,L,0.013127,0.013056081473184248,0.013056081473184248,0.013304296317039381,-1.0,-1.204,sl,80
2024-09-09 14:35:00,2024-09-09 16:10:00,S,0.013018,0.013238110193279048,0.013238110193279048,0.01246772451680238,-1.0,-1.065,sl,19
2024-09-09 16:15:00,2024-09-10 00:15:00,L,0.013273,0.013447,0.013008036226942564,0.01393540943264359,0.657,0.602,time,96
2024-09-10 05:10:00,2024-09-10 13:10:00,L,0.0134,0.013365,0.013288434046177602,0.013678914884555998,-0.314,-0.446,time,96
2024-09-10 15:30:00,2024-09-10 15:55:00,L,0.013502,0.013368789967959078,0.013368789967959078,0.013835025080102304,-1.0,-1.111,sl,5
2024-09-10 18:10:00,2024-09-11 01:20:00,L,0.013527,0.013412123330413106,0.013412123330413106,0.013814191673967236,-1.0,-1.13,sl,86
2024-09-11 01:25:00,2024-09-11 04:15:00,S,0.013416,0.013194479453543058,0.013504608218582778,0.013194479453543058,2.5,2.333,tp,34
2024-09-11 04:20:00,2024-09-11 12:20:00,S,0.013208,0.013244,0.013363776716484603,0.012818558208788489,-0.231,-0.324,time,96
2024-09-11 13:35:00,2024-09-11 21:35:00,S,0.013145,0.013255,0.013426647002937265,0.01244088249265684,-0.391,-0.442,time,96
2024-09-11 22:20:00,2024-09-12 00:05:00,S,0.013239,0.013273991539079318,0.013273991539079318,0.013151521152301707,-1.0,-1.416,sl,21
2024-09-12 00:40:00,2024-09-12 08:40:00,L,0.013363,0.013424,0.013240235641790742,0.013669910895523146,0.497,0.377,time,96
2024-09-12 12:35:00,2024-09-12 14:15:00,S,0.013322,0.013371535722831581,0.013371535722831581,0.013198160692921047,-1.0,-1.296,sl,20
2024-09-12 15:50:00,2024-09-12 17:05:00,S,0.0132,0.01334264395677351,0.01334264395677351,0.012843390108066222,-1.0,-1.102,sl,15
2024-09-12 18:25:00,2024-09-12 18:50:00,L,0.013372,0.013321726876228079,0.013321726876228079,0.013497682809429805,-1.0,-1.293,sl,5
2024-09-12 22:40:00,2024-09-13 06:40:00,L,0.013405,0.013438,0.01330661887856418,0.01365095280358955,0.335,0.186,time,96
2024-09-13 08:15:00,2024-09-13 15:10:00,L,0.013508,0.013725762492986415,0.013420895002805433,0.013725762492986415,2.5,2.329,tp,83
2024-09-13 15:15:00,2024-09-13 23:15:00,L,0.013769,0.013962,0.013511997475538162,0.014411506311154594,0.751,0.692,time,96
2024-09-14 11:05:00,2024-09-14 19:05:00,S,0.01366,0.01365,0.013803834743862632,0.013300413140343421,0.07,-0.035,time,96
2024-09-14 22:50:00,2024-09-15 06:50:00,L,0.013745,0.013795,0.01367234883311046,0.013926627917223851,0.688,0.48,time,96
2024-09-15 07:15:00,2024-09-15 09:10:00,L,0.013804,0.013753702560950931,0.013753702560950931,0.013929743597622673,-1.0,-1.302,sl,23
2024-09-15 13:05:00,2024-09-15 16:55:00,L,0.013795,0.013673778444116796,0.013673778444116796,0.014098053889708008,-1.0,-1.125,sl,46
2024-09-15 17:00:00,2024-09-16 01:00:00,S,0.013658,0.013272,0.013857028095684594,0.013160429760788513,1.939,1.864,time,96
2024-09-16 01:15:00,2024-09-16 06:10:00,S,0.013188,0.013361863559748752,0.013361863559748752,0.012753341100628118,-1.0,-1.083,sl,59
2024-09-16 09:45:00,2024-09-16 17:45:00,S,0.013281,0.013113,0.013399886024233044,0.012983784939417388,1.413,1.29,time,96
2024-09-16 21:05:00,2024-09-16 21:55:00,S,0.013038,0.013148661567145488,0.013148661567145488,0.012761346082136278,-1.0,-1.13,sl,10
2024-09-17 00:55:00,2024-09-17 04:05:00,S,0.013057,0.013200331962661457,0.013200331962661457,0.012698670093346355,-1.0,-1.1,sl,38
2024-09-17 11:25:00,2024-09-17 14:15:00,S,0.013272,0.013350174594866223,0.013350174594866223,0.013076563512834444,-1.0,-1.187,sl,34
2024-09-17 14:20:00,2024-09-17 22:20:00,L,0.01334,0.013272,0.013146222249272803,0.013824444376817992,-0.351,-0.427,time,96
2024-09-17 23:25:00,2024-09-18 03:00:00,S,0.013242,0.01331692389898982,0.01331692389898982,0.013054690252525453,-1.0,-1.194,sl,43
2024-09-18 03:10:00,2024-09-18 08:55:00,L,0.013315,0.013194609480280653,0.013194609480280653,0.01361597629929837,-1.0,-1.122,sl,69
2024-09-18 09:00:00,2024-09-18 16:00:00,S,0.01319,0.012965570173264537,0.013279771930694186,0.012965570173264537,2.5,2.338,tp,84
2024-09-18 16:05:00,2024-09-18 16:50:00,S,0.012963,0.013140456669651109,0.013140456669651109,0.01251935832587223,-1.0,-1.08,sl,9
2024-09-18 18:05:00,2024-09-19 02:05:00,L,0.013337,0.013856,0.01307327396235635,0.013996315094109122,1.968,1.912,time,96
2024-09-19 05:25:00,2024-09-19 08:35:00,L,0.013958,0.014354598480785458,0.013799360607685817,0.014354598480785458,2.5,2.403,tp,38
2024-09-19 08:40:00,2024-09-19 16:40:00,L,0.014228,0.014473,0.013925905139183344,0.014983237152041636,0.811,0.759,time,96
2024-09-19 16:50:00,2024-09-19 19:45:00,L,0.014527,0.014233721611112922,0.014233721611112922,0.015260195972217696,-1.0,-1.054,sl,35
2024-09-20 03:15:00,2024-09-20 11:15:00,L,0.014154,0.014424,0.013970100548769715,0.014613748628075712,1.468,1.384,time,96
2024-09-20 20:50:00,2024-09-21 04:30:00,L,0.014225,0.014132504016551728,0.014132504016551728,0.01445623995862068,-1.0,-1.169,sl,92
2024-09-21 07:50:00,2024-09-21 11:30:00,L,0.014271,0.014457689405403124,0.014196324237838752,0.014457689405403124,2.5,2.29,tp,44
2024-09-21 11:35:00,2024-09-21 19:35:00,L,0.01453,0.014778,0.01425495312566715,0.015217617185832125,0.902,0.844,time,96
2024-09-21 22:50:00,2024-09-22 02:45:00,L,0.014802,0.014618941365759629,0.014618941365759629,0.015259646585600924,-1.0,-1.089,sl,47
2024-09-22 09:25:00,2024-09-22 17:25:00,S,0.014546,0.014478,0.01471992351691976,0.0141111912077006,0.391,0.299,time,96
2024-09-22 17:35:00,2024-09-22 21:55:00,L,0.014509,0.014314759441267448,0.014314759441267448,0.014994601396831378,-1.0,-1.082,sl,52
2024-09-22 22:00:00,2024-09-22 22:40:00,S,0.014326,0.014605420008182336,0.014605420008182336,0.013627449979544161,-1.0,-1.056,sl,8
2024-09-22 22:45:00,2024-09-23 06:45:00,L,0.014571,0.01472,0.014142287493110443,0.015642781267223894,0.348,0.31,time,96
2024-09-23 08:05:00,2024-09-23 16:05:00,S,0.014517,0.014498,0.014709542984245191,0.014035642539387022,0.099,0.016,time,96
2024-09-23 21:05:00,2024-09-23 22:15:00,S,0.014431,0.01450175328071521,0.01450175328071521,0.014254116798211971,-1.0,-1.224,sl,14
2024-09-24 02:15:00,2024-09-24 07:10:00,S,0.014295,0.014496738787445416,0.014496738787445416,0.01379065303138646,-1.0,-1.078,sl,59
2024-09-24 07:20:00,2024-09-24 10:45:00,L,0.01451,0.014716743336753704,0.014427302665298519,0.014716743336753704,2.5,2.307,tp,41
2024-09-24 10:50:00,2024-09-24 14:20:00,L,0.014718,0.014551303561212247,0.014551303561212247,0.015134741096969384,-1.0,-1.097,sl,42
2024-09-24 17:45:00,2024-09-25 01:45:00,L,0.014731,0.014956,0.014506415449116664,0.015292461377208338,1.002,0.93,time,96
2024-09-25 11:35:00,2024-09-25 19:35:00,L,0.015377,0.015485,0.014926737919895149,0.016502655200262128,0.24,0.202,time,96
2024-09-26 02:45:00,2024-09-26 06:35:00,L,0.015322,0.016306491214295477,0.01492820351428181,0.016306491214295477,2.5,2.457,tp,46
2024-09-26 06:40:00,2024-09-26 14:40:00,L,0.016398,0.017195,0.015595536758883673,0.018404158102790814,0.993,0.971,time,96
2024-09-26 15:55:00,2024-09-26 16:50:00,L,0.017425,0.018494566174318113,0.016997173530272754,0.018494566174318113,2.5,2.455,tp,11
2024-09-26 16:55:00,2024-09-27 00:55:00,L,0.018524,0.019002,0.017354045735980726,0.02144888566004818,0.409,0.391,time,96
2024-09-27 01:05:00,2024-09-27 09:05:00,L,0.019126,0.019218,0.01852713480214571,0.02062316299463572,0.154,0.118,time,96
2024-09-27 10:00:00,2024-09-27 14:05:00,L,0.019681,0.02101225694858168,0.01914849722056733,0.02101225694858168,2.5,2.459,tp,49
2024-09-27 14:10:00,2024-09-27 17:30:00,L,0.020938,0.019986337398654873,0.019986337398654873,0.023317156503362812,-1.0,-1.024,sl,40
2024-09-28 01:00:00,2024-09-28 06:35:00,L,0.02087,0.020097790735136498,0.020097790735136498,0.022800523162158755,-1.0,-1.03,sl,67
2024-09-28 14:25:00,2024-09-28 21:15:00,L,0.020047,0.01941653984615399,0.01941653984615399,0.02162315038461502,-1.0,-1.035,sl,82
2024-09-29 02:25:00,2024-09-29 06:15:00,L,0.020068,0.019621033631634824,0.019621033631634824,0.021185415920912935,-1.0,-1.049,sl,46
2024-09-29 07:25:00,2024-09-29 10:45:00,S,0.019476,0.019743979172738832,0.019743979172738832,0.01880605206815292,-1.0,-1.08,sl,40
2024-09-29 10:55:00,2024-09-29 13:00:00,L,0.019757,0.019466570597889556,0.019466570597889556,0.02048307350527611,-1.0,-1.075,sl,25
2024-09-29 16:30:00,2024-09-29 19:45:00,S,0.019223,0.019586113972439635,0.019586113972439635,0.018315215068900915,-1.0,-1.058,sl,39
2024-09-29 19:50:00,2024-09-29 23:05:00,L,0.019606,0.01931914148587921,0.01931914148587921,0.02032314628530197,-1.0,-1.075,sl,39
2024-09-29 23:10:00,2024-09-30 07:10:00,S,0.019282,0.018778,0.019709793024435627,0.018212517438910933,1.178,1.129,time,96
2024-09-30 09:20:00,2024-09-30 11:05:00,S,0.01854,0.018110888538383073,0.01871164458464677,0.018110888538383073,2.5,2.381,tp,21
2024-09-30 11:10:00,2024-09-30 11:25:00,S,0.018179,0.018373553647185886,0.018373553647185886,0.017692615882035287,-1.0,-1.103,sl,3
2024-09-30 15:40:00,2024-09-30 23:35:00,S,0.018144,0.017530567887749225,0.01838937284490031,0.017530567887749225,2.5,2.419,tp,95
2024-09-30 23:40:00,2024-10-01 00:25:00,S,0.017535,0.01795972947279892,0.01795972947279892,0.0164731763180027,-1.0,-1.045,sl,9
2024-10-01 13:20:00,2024-10-01 14:50:00,S,0.018235,0.017455144372381284,0.01854694225104749,0.017455144372381284,2.5,2.436,tp,18
2024-10-01 14:55:00,2024-10-01 22:55:00,S,0.017305,0.016299,0.018099743371481933,0.01531814157129517,1.266,1.242,time,96
2024-10-02 05:30:00,2024-10-02 06:30:00,S,0.016631,0.01678979028851475,0.01678979028851475,0.01623402427871313,-1.0,-1.115,sl,12
2024-10-02 09:45:00,2024-10-02 16:05:00,S,0.016616,0.016949458797652025,0.016949458797652025,0.015782353005869935,-1.0,-1.055,sl,76
2024-10-02 18:20:00,2024-10-03 02:20:00,S,0.016358,0.016541,0.01694544232891929,0.01488939417770178,-0.312,-0.342,time,96
2024-10-03 05:55:00,2024-10-03 08:20:00,S,0.016446,0.015901669201029263,0.016663732319588294,0.015901669201029263,2.5,2.417,tp,29
2024-10-03 08:25:00,2024-10-03 16:25:00,S,0.01603,0.01566,0.016504945711695067,0.014842635720762328,0.779,0.742,time,96
2024-10-04 02:05:00,2024-10-04 10:05:00,L,0.016385,0.0168,0.015939032539935442,0.017499918650161393,0.931,0.89,time,96
2024-10-04 10:40:00,2024-10-04 12:00:00,L,0.016943,0.01744514974142728,0.016742140103429087,0.01744514974142728,2.5,2.407,tp,16
2024-10-04 12:05:00,2024-10-04 20:05:00,L,0.017577,0.017532,0.016911649281204453,0.019240376796988864,-0.068,-0.097,time,96
2024-10-05 00:10:00,2024-10-05 04:15:00,L,0.017591,0.017184756672147545,0.017184756672147545,0.018606608319631134,-1.0,-1.048,sl,49
2024-10-05 07:55:00,2024-10-05 09:10:00,L,0.017597,0.017776147452706732,0.01752534101891731,0.017776147452706732,2.5,2.23,tp,15
2024-10-05 09:15:00,2024-10-05 11:00:00,L,0.017767,0.0176029653117991,0.0176029653117991,0.018177086720502257,-1.0,-1.119,sl,21
2024-10-05 18:30:00,2024-10-05 23:45:00,S,0.017227,0.017415474347840305,0.017415474347840305,0.016755814130399234,-1.0,-1.101,sl,63
2024-10-05 23:50:00,2024-10-06 00:00:00,L,0.017416,0.017293244577642364,0.017293244577642364,0.017722888555894094,-1.0,-1.156,sl,2
2024-10-06 01:15:00,2024-10-06 03:50:00,L,0.017496,0.017246689243801995,0.017246689243801995,0.018119276890495015,-1.0,-1.077,sl,31
2024-10-06 04:00:00,2024-10-06 08:30:00,S,0.017221,0.017463003512400568,0.017463003512400568,0.01661599121899858,-1.0,-1.078,sl,54
2024-10-06 13:45:00,2024-10-06 14:40:00,L,0.017539,0.018127100743892857,0.017303759702442856,0.018127100743892857,2.5,2.418,tp,11
2024-10-06 14:45:00,2024-10-06 22:45:00,L,0.018318,0.018015,0.017429671560812023,0.020538821097969947,-0.341,-0.364,time,96
2024-10-06 23:05:00,2024-10-07 07:05:00,L,0.018111,0.018585,0.017800962951263533,0.018886092621841162,1.529,1.465,time,96
2024-10-07 13:50:00,2024-10-07 18:50:00,L,0.018158,0.017739066401542776,0.017739066401542776,0.019205333996143062,-1.0,-1.048,sl,60
2024-10-07 18:55:00,2024-10-08 02:55:00,S,0.017722,0.01766,0.01826240646668063,0.01637098383329843,0.115,0.079,time,96
2024-10-08 05:25:00,2024-10-08 13:25:00,S,0.017324,0.017363,0.017644021346230495,0.01652394663442376,-0.122,-0.181,time,96
2024-10-08 14:20:00,2024-10-08 22:20:00,S,0.017266,0.017292,0.017635720018009837,0.016341699954975406,-0.07,-0.122,time,96
2024-10-08 23:20:00,2024-10-09 00:00:00,S,0.017079,0.017326796741961345,0.017326796741961345,0.01645950814509664,-1.0,-1.076,sl,8
2024-10-09 05:40:00,2024-10-09 12:30:00,L,0.017773,0.0174171689558885,0.0174171689558885,0.01866257761027875,-1.0,-1.055,sl,82
2024-10-09 12:35:00,2024-10-09 20:35:00,S,0.017376,0.016922,0.01762234989369561,0.016760125265760973,1.843,1.765,time,96
2024-10-09 20:55:00,2024-10-10 01:25:00,S,0.016806,0.017101977788481975,0.017101977788481975,0.016066055528795066,-1.0,-1.062,sl,54
2024-10-10 05:10:00,2024-10-10 05:45:00,S,0.017021,0.01712138172573955,0.01712138172573955,0.01677004568565113,-1.0,-1.187,sl,7
2024-10-10 09:10:00,2024-10-10 11:20:00,S,0.016949,0.01713929322998473,0.01713929322998473,0.01647326692503817,-1.0,-1.098,sl,26
2024-10-10 13:05:00,2024-10-10 17:55:00,S,0.016939,0.01624468738512805,0.017216725045948778,0.01624468738512805,2.5,2.433,tp,58
2024-10-10 18:00:00,2024-10-10 21:55:00,S,0.016247,0.016579377379027496,0.016579377379027496,0.015416056552431263,-1.0,-1.054,sl,47
2024-10-11 09:15:00,2024-10-11 13:30:00,L,0.016976,0.017375387111076286,0.01681624515556949,0.017375387111076286,2.5,2.383,tp,51
2024-10-11 13:35:00,2024-10-11 16:00:00,L,0.017384,0.017965937927721574,0.01715122482891137,0.017965937927721574,2.5,2.418,tp,29
2024-10-11 16:05:00,2024-10-12 00:05:00,L,0.01789,0.017724,0.0174607395186689,0.01896315120332775,-0.387,-0.433,time,96
2024-10-12 00:30:00,2024-10-12 08:30:00,L,0.017871,0.017868,0.01756636959514354,0.018632576012141154,-0.01,-0.074,time,96
2024-10-12 10:15:00,2024-10-12 18:15:00,L,0.017992,0.017902,0.017759580619995358,0.01857304845001161,-0.387,-0.472,time,96
2024-10-12 21:35:00,2024-10-12 23:30:00,L,0.017981,0.017842652796013738,0.017842652796013738,0.018326868009965656,-1.0,-1.143,sl,23
2024-10-13 01:10:00,2024-10-13 09:10:00,S,0.017696,0.017799,0.017933995657870343,0.017101010855324145,-0.433,-0.515,time,96
2024-10-13 10:55:00,2024-10-13 15:20:00,S,0.017627,0.017155072464559752,0.0178157710141761,0.017155072464559752,2.5,2.397,tp,53
2024-10-13 15:25:00,2024-10-13 22:00:00,S,0.017178,0.017567152769515985,0.017567152769515985,0.016205118076210036,-1.0,-1.049,sl,79
2024-10-14 00:55:00,2024-10-14 03:20:00,S,0.01739,0.01765258509864309,0.01765258509864309,0.016733537253392276,-1.0,-1.073,sl,29
2024-10-14 03:30:00,2024-10-14 11:30:00,L,0.017758,0.018094,0.017344879758074916,0.01879080060481271,0.813,0.766,time,96
2024-10-14 14:05:00,2024-10-14 22:05:00,L,0.018202,0.018476,0.01787394809731278,0.019022129756718048,0.835,0.774,time,96
2024-10-14 22:20:00,2024-10-15 04:05:00,L,0.018547,0.018340349071628233,0.018340349071628233,0.01906362732092942,-1.0,-1.099,sl,69
2024-10-15 11:10:00,2024-10-15 13:45:00,S,0.018106,0.018375184690922437,0.018375184690922437,0.01743303827269391,-1.0,-1.074,sl,31
2024-10-15 13:50:00,2024-10-15 14:35:00,L,0.018404,0.017913218620677407,0.017913218620677407,0.019630953448306482,-1.0,-1.041,sl,9
2024-10-15 14:50:00,2024-10-15 22:50:00,S,0.018063,0.018013,0.018805089170496746,0.01620777707375813,0.067,0.041,time,96
2024-10-15 23:35:00,2024-10-16 07:10:00,L,0.018112,0.017965538885856603,0.017965538885856603,0.01847815278535849,-1.0,-1.136,sl,91
2024-10-16 07:15:00,2024-10-16 08:25:00,S,0.017923,0.01831449823607795,0.01831449823607795,0.016944254409805126,-1.0,-1.05,sl,14
2024-10-16 08:45:00,2024-10-16 16:45:00,L,0.018592,0.018499,0.01793915298302022,0.020224117542449453,-0.142,-0.174,time,96
2024-10-16 20:25:00,2024-10-16 23:15:00,L,0.018854,0.01860279326070081,0.01860279326070081,0.01948201684824797,-1.0,-1.083,sl,34
2024-10-17 05:25:00,2024-10-17 10:30:00,S,0.018252,0.0178399611967928,0.01841681552128288,0.0178399611967928,2.5,2.378,tp,61
2024-10-17 10:35:00,2024-10-17 18:35:00,S,0.01781,0.017664,0.018130283428359706,0.017009291429100733,0.456,0.395,time,96
2024-10-18 00:25:00,2024-10-18 01:35:00,L,0.018284,0.01881420942220478,0.01807191623111809,0.01881420942220478,2.5,2.405,tp,14
2024-10-18 01:40:00,2024-10-18 09:40:00,L,0.019101,0.018808,0.018300286391844733,0.02110278402038817,-0.366,-0.392,time,96
2024-10-18 16:45:00,2024-10-18 20:35:00,L,0.019022,0.01873080821051516,0.01873080821051516,0.019749979473712105,-1.0,-1.072,sl,46
2024-10-18 23:45:00,2024-10-19 00:20:00,L,0.01879,0.01866907547431812,0.01866907547431812,0.019092311314204705,-1.0,-1.171,sl,7
2024-10-19 01:30:00,2024-10-19 09:30:00,L,0.0189,0.019293,0.01863305566165234,0.01956736084586915,1.472,1.394,time,96
2024-10-19 23:25:00,2024-10-20 00:35:00,L,0.01903,0.018859312467915827,0.018859312467915827,0.019456718830210426,-1.0,-1.123,sl,14
2024-10-20 01:00:00,2024-10-20 09:00:00,S,0.018807,0.018643,0.019112386962608027,0.018043532593479936,0.537,0.469,time,96
2024-10-20 12:40:00,2024-10-20 16:50:00,S,0.018687,0.018820339220191266,0.018820339220191266,0.018353651949521828,-1.0,-1.154,sl,50
2024-10-20 17:05:00,2024-10-20 22:45:00,L,0.01882,0.019147340077390104,0.01868906396904396,0.019147340077390104,2.5,2.342,tp,68
2024-10-20 22:50:00,2024-10-21 06:50:00,L,0.019142,0.019156,0.01885122708963946,0.019868932275901346,0.048,-0.024,time,96
2024-10-21 08:20:00,2024-10-21 13:30:00,S,0.018961,0.018415278230190967,0.01917928870792361,0.018415278230190967,2.5,2.404,tp,62
2024-10-21 13:35:00,2024-10-21 21:35:00,S,0.018422,0.018475,0.01875130416349715,0.01759873959125713,-0.161,-0.222,time,96
2024-10-21 23:35:00,2024-10-22 02:05:00,S,0.018368,0.018555198083936342,0.018555198083936342,0.01790000479015914,-1.0,-1.108,sl,30
2024-10-22 07:55:00,2024-10-22 15:55:00,S,0.018339,0.018194,0.01853475822982902,0.017849604425427455,0.741,0.638,time,96
2024-10-22 23:50:00,2024-10-23 07:50:00,S,0.018095,0.017819,0.018280319231743437,0.01763170192064141,1.489,1.382,time,96
2024-10-23 07:55:00,2024-10-23 15:55:00,S,0.017819,0.017608,0.018020848056139523,0.0173143798596512,1.045,0.948,time,96
2024-10-23 16:10:00,2024-10-24 00:10:00,S,0.017484,0.017649,0.01776948334922534,0.01677029162693665,-0.578,-0.645,time,96
2024-10-24 07:30:00,2024-10-24 15:30:00,S,0.017716,0.017793,0.017950306879279114,0.01713023280180221,-0.329,-0.412,time,96
2024-10-24 19:40:00,2024-10-25 01:35:00,L,0.017957,0.017772941569799715,0.017772941569799715,0.018417146075500716,-1.0,-1.107,sl,71
2024-10-25 01:40:00,2024-10-25 09:40:00,S,0.017774,0.01767,0.017951463897835016,0.01733034025541247,0.586,0.476,time,96
2024-10-25 13:05:00,2024-10-25 18:05:00,S,0.017636,0.017020641084545308,0.017882143566181875,0.017020641084545308,2.5,2.421,tp,60
2024-10-25 18:10:00,2024-10-25 23:20:00,S,0.017036,0.015842582768482875,0.01751336689260685,0.015842582768482875,2.5,2.461,tp,62
2024-10-25 23:25:00,2024-10-26 07:25:00,S,0.0161,0.016881,0.017380219749422773,0.012899450626443067,-0.61,-0.624,time,96
2024-10-26 13:25:00,2024-10-26 13:50:00,S,0.016903,0.016748860565968523,0.016964655773612593,0.016748860565968523,2.5,2.198,tp,5
2024-10-26 13:55:00,2024-10-26 17:35:00,S,0.016764,0.016951075963011267,0.016951075963011267,0.016296310092471837,-1.0,-1.099,sl,44
2024-10-27 01:05:00,2024-10-27 03:25:00,S,0.016905,0.017021255661067672,0.017021255661067672,0.016614360847330818,-1.0,-1.16,sl,28
2024-10-27 06:45:00,2024-10-27 07:10:00,S,0.016979,0.01704314997002498,0.01704314997002498,0.016818625074937553,-1.0,-1.291,sl,5
2024-10-27 08:50:00,2024-10-27 13:05:00,S,0.016967,0.01704178203852752,0.01704178203852752,0.0167800449036812,-1.0,-1.25,sl,51
2024-10-27 15:50:00,2024-10-27 19:05:00,L,0.017224,0.01705718360077221,0.01705718360077221,0.017641040998069474,-1.0,-1.114,sl,39
2024-10-27 21:50:00,2024-10-28 00:40:00,L,0.017251,0.01710691077769672,0.01710691077769672,0.0176112230557582,-1.0,-1.132,sl,34
2024-10-28 00:45:00,2024-10-28 08:45:00,S,0.017104,0.017006,0.017260561889140887,0.016712595277147788,0.626,0.506,time,96
2024-10-28 19:15:00,2024-10-29 00:15:00,L,0.017558,0.018404789137598625,0.01721928434496055,0.018404789137598625,2.5,2.443,tp,60
2024-10-29 00:20:00,2024-10-29 08:20:00,L,0.01844,0.018257,0.01808906265237906,0.019317343369052355,-0.521,-0.579,time,96
2024-10-29 09:35:00,2024-10-29 10:40:00,L,0.01841,0.01881514648199238,0.018247941407203046,0.01881514648199238,2.5,2.375,tp,13
2024-10-29 10:45:00,2024-10-29 18:45:00,L,0.01884,0.019291,0.01837354984145409,0.020006125396364774,0.967,0.922,time,96
2024-10-30 00:05:00,2024-10-30 01:00:00,L,0.01924,0.018942392865259578,0.018942392865259578,0.019984017836851053,-1.0,-1.071,sl,11
2024-10-30 05:50:00,2024-10-30 06:40:00,L,0.0191,0.018998817325806317,0.018998817325806317,0.0193529566854842,-1.0,-1.208,sl,10
2024-10-30 11:05:00,2024-10-30 19:05:00,S,0.018519,0.018449,0.01871148680136216,0.0180377829965946,0.364,0.258,time,96
2024-10-31 05:35:00,2024-10-31 06:40:00,L,0.018668,0.018559690079632627,0.018559690079632627,0.018938774800918434,-1.0,-1.19,sl,13
2024-10-31 08:25:00,2024-10-31 10:45:00,S,0.018427,0.01867128798239695,0.01867128798239695,0.01781628004400762,-1.0,-1.083,sl,28
2024-10-31 12:55:00,2024-10-31 14:00:00,L,0.018782,0.01836571025430757,0.01836571025430757,0.01982272436423108,-1.0,-1.05,sl,13
2024-10-31 14:05:00,2024-10-31 22:05:00,S,0.018236,0.017862,0.019197286844135256,0.015832782889661855,0.389,0.368,time,96
2024-11-01 01:35:00,2024-11-01 09:35:00,S,0.017726,0.017374,0.01798520902914421,0.01707797742713947,1.358,1.283,time,96
2024-11-01 13:40:00,2024-11-01 15:45:00,L,0.017832,0.01757969264346944,0.01757969264346944,0.018462768391326406,-1.0,-1.078,sl,25
2024-11-01 15:50:00,2024-11-01 23:50:00,S,0.017517,0.017588,0.018107913493413064,0.016039716266467344,-0.12,-0.153,time,96
2024-11-02 04:40:00,2024-11-02 05:35:00,S,0.017652,0.017773286172817707,0.017773286172817707,0.017348784567955737,-1.0,-1.16,sl,11
2024-11-02 09:05:00,2024-11-02 15:00:00,S,0.017686,0.017284235048082536,0.017846705980766986,0.017284235048082536,2.5,2.379,tp,71
2024-11-02 15:05:00,2024-11-02 15:30:00,S,0.017295,0.0174878906128697,0.0174878906128697,0.01681277346782576,-1.0,-1.099,sl,5
2024-11-02 23:30:00,2024-11-03 00:00:00,S,0.017355,0.017456323944200648,0.017456323944200648,0.017101690139498377,-1.0,-1.188,sl,6
2024-11-03 01:00:00,2024-11-03 02:50:00,S,0.017257,0.016740907087748537,0.017463437164900588,0.016740907087748537,2.5,2.408,tp,22
2024-11-03 02:55:00,2024-11-03 10:55:00,S,0.016814,0.016945,0.017270264755376314,0.01567333811155921,-0.287,-0.328,time,96
2024-11-03 11:40:00,2024-11-03 14:40:00,S,0.016841,0.01636442945901194,0.01703162821639522,0.01636442945901194,2.5,2.403,tp,36
2024-11-03 14:45:00,2024-11-03 16:05:00,S,0.016379,0.016626618820546123,0.016626618820546123,0.015759952948634696,-1.0,-1.073,sl,16
2024-11-04 00:35:00,2024-11-04 01:20:00,S,0.016742,0.016960013186061395,0.016960013186061395,0.016196967034846514,-1.0,-1.084,sl,9
2024-11-04 05:25:00,2024-11-04 10:15:00,S,0.016804,0.0170250174230141,0.0170250174230141,0.01625145644246475,-1.0,-1.084,sl,58
2024-11-04 11:20:00,2024-11-04 14:30:00,L,0.017125,0.016891433238501324,0.016891433238501324,0.017708916903746694,-1.0,-1.081,sl,38
2024-11-04 14:35:00,2024-11-04 22:35:00,S,0.016908,0.016698,0.017191155297973826,0.016200111755065433,0.742,0.676,time,96
2024-11-05 00:10:00,2024-11-05 08:10:00,L,0.017028,0.017572,0.01669396560490334,0.017863085987741653,1.629,1.573,time,96
2024-11-05 08:50:00,2024-11-05 10:00:00,L,0.017666,0.017518128149033342,0.017518128149033342,0.01803567962741665,-1.0,-1.131,sl,14
2024-11-05 11:40:00,2024-11-05 19:40:00,L,0.017868,0.018004,0.01757689584046334,0.018595760398841643,0.467,0.4,time,96
2024-11-05 23:25:00,2024-11-06 02:30:00,L,0.017892,0.0188646419278153,0.01750294322887388,0.0188646419278153,2.5,2.449,tp,37
2024-11-06 02:35:00,2024-11-06 10:35:00,L,0.018843,0.018856,0.018149663444587596,0.020576341388531004,0.019,-0.011,time,96
2024-11-06 12:10:00,2024-11-06 13:15:00,L,0.019183,0.018807792342769747,0.018807792342769747,0.020121019143075628,-1.0,-1.056,sl,13
2024-11-06 19:45:00,2024-11-07 01:25:00,L,0.01881,0.019412740533365502,0.0185689037866538,0.019412740533365502,2.5,2.414,tp,68
2024-11-07 01:30:00,2024-11-07 04:40:00,L,0.019412,0.018767278759386868,0.018767278759386868,0.021023803101532824,-1.0,-1.033,sl,38
2024-11-07 08:30:00,2024-11-07 13:30:00,L,0.018864,0.018589700845225238,0.018589700845225238,0.0195497478869369,-1.0,-1.076,sl,60
2024-11-07 13:50:00,2024-11-07 15:40:00,S,0.018498,0.01880899659390439,0.01880899659390439,0.017720508515239028,-1.0,-1.065,sl,22
2024-11-07 16:05:00,2024-11-08 00:05:00,L,0.018895,0.019385,0.018502614798401318,0.019875963003996702,1.249,1.196,time,96
2024-11-08 00:10:00,2024-11-08 02:55:00,L,0.019385,0.018765228239426914,0.018765228239426914,0.02093442940143271,-1.0,-1.034,sl,33
2024-11-08 05:10:00,2024-11-08 13:10:00,L,0.019114,0.019042,0.018829193774073685,0.019826015564815787,-0.253,-0.327,time,96
2024-11-08 16:45:00,2024-11-08 21:55:00,S,0.018631,0.01906144438937717,0.01906144438937717,0.01755488902655708,-1.0,-1.048,sl,62
2024-11-08 22:00:00,2024-11-09 01:20:00,L,0.019057,0.0187863475739652,0.0187863475739652,0.019733631065087003,-1.0,-1.077,sl,40
2024-11-09 01:25:00,2024-11-09 06:05:00,S,0.018773,0.01903131149845938,0.01903131149845938,0.018127221253851557,-1.0,-1.08,sl,56
2024-11-09 06:10:00,2024-11-09 14:10:00,L,0.019047,0.019308,0.018726102135711253,0.019849244660721875,0.813,0.748,time,96
2024-11-09 20:50:00,2024-11-09 22:05:00,L,0.019441,0.02001558506835647,0.019211165972657412,0.02001558506835647,2.5,2.407,tp,15
2024-11-09 22:10:00,2024-11-10 01:00:00,L,0.020031,0.021584290185657783,0.019409683925736887,0.021584290185657783,2.5,2.465,tp,34
2024-11-10 01:05:00,2024-11-10 09:05:00,L,0.021334,0.022699,0.02011286151727615,0.024386846206809615,1.118,1.099,time,96
2024-11-10 10:10:00,2024-11-10 12:40:00,L,0.022862,0.023897898226366537,0.022447640709453386,0.023897898226366537,2.5,2.439,tp,30
2024-11-10 12:45:00,2024-11-10 14:10:00,L,0.024074,0.026592981367058156,0.02306640745317674,0.026592981367058156,2.5,2.474,tp,17
2024-11-10 14:15:00,2024-11-10 21:00:00,L,0.026757,0.0240712881240824,0.0240712881240824,0.033471279689794,-1.0,-1.011,sl,81
2024-11-11 10:05:00,2024-11-11 15:20:00,L,0.025481,0.027242192350887345,0.02477652305964506,0.027242192350887345,2.5,2.46,tp,63
2024-11-11 15:25:00,2024-11-11 23:25:00,L,0.027145,0.027697,0.025086774668421935,0.03229056332894516,0.268,0.254,time,96
2024-11-12 04:25:00,2024-11-12 10:05:00,L,0.028455,0.02669412209508711,0.02669412209508711,0.03285719476228223,-1.0,-1.018,sl,68
2024-11-12 13:50:00,2024-11-12 14:50:00,S,0.024639,0.02596663512622671,0.02596663512622671,0.021319912184433226,-1.0,-1.02,sl,12
2024-11-12 18:25:00,2024-11-13 02:15:00,L,0.026249,0.025404707795881967,0.025404707795881967,0.02835973051029509,-1.0,-1.034,sl,94
2024-11-13 02:20:00,2024-11-13 10:20:00,S,0.025408,0.024079,0.02675661813079447,0.02203645467301383,0.985,0.965,time,96
2024-11-13 13:25:00,2024-11-13 14:20:00,L,0.024949,0.027436607739881422,0.02395395690404743,0.027436607739881422,2.5,2.472,tp,11
2024-11-13 14:25:00,2024-11-13 22:25:00,L,0.02794,0.025409,0.024360008992891948,0.03688997751777013,-0.707,-0.716,time,96
2024-11-13 23:25:00,2024-11-14 03:00:00,L,0.025697,0.025161455545168014,0.025161455545168014,0.027035861137079967,-1.0,-1.053,sl,43
2024-11-14 03:10:00,2024-11-14 05:50:00,S,0.025102,0.02627770741825733,0.02627770741825733,0.022162731454356675,-1.0,-1.023,sl,32
2024-11-14 05:55:00,2024-11-14 07:00:00,L,0.026267,0.025786399471459966,0.025786399471459966,0.027468501321350078,-1.0,-1.06,sl,13
2024-11-14 07:35:00,2024-11-14 15:35:00,S,0.025359,0.024556,0.026570507382043196,0.02233023154489201,0.663,0.64,time,96
2024-11-14 16:05:00,2024-11-14 16:40:00,S,0.024462,0.025098158954706046,0.025098158954706046,0.02287160261323489,-1.0,-1.042,sl,7
2024-11-14 21:00:00,2024-11-14 23:35:00,S,0.024625,0.023059396158368724,0.02525124153665251,0.023059396158368724,2.5,2.457,tp,31
2024-11-14 23:40:00,2024-11-15 07:40:00,S,0.022939,0.023708,0.024528180828935875,0.018966047927660316,-0.484,-0.5,time,96
2024-11-15 14:40:00,2024-11-15 20:10:00,S,0.023619,0.02442820334287015,0.02442820334287015,0.021595991642824625,-1.0,-1.032,sl,66
2024-11-15 20:15:00,2024-11-16 04:15:00,L,0.02451,0.025398,0.023827613415236423,0.026215966461908945,1.301,1.262,time,96
2024-11-16 06:25:00,2024-11-16 12:10:00,L,0.025678,0.024873993714312065,0.024873993714312065,0.027688015714219836,-1.0,-1.035,sl,69
2024-11-16 14:20:00,2024-11-16 22:20:00,S,0.024572,0.024702,0.025244470305216017,0.022890824236959956,-0.193,-0.234,time,96
2024-11-16 23:05:00,2024-11-17 00:20:00,S,0.02432,0.024737930909796087,0.024737930909796087,0.023275172725509788,-1.0,-1.064,sl,15
2024-11-17 01:45:00,2024-11-17 08:30:00,S,0.023983,0.024875983183973785,0.024875983183973785,0.02175054204006554,-1.0,-1.03,sl,81
2024-11-17 08:35:00,2024-11-17 11:05:00,L,0.024908,0.02443809576495551,0.02443809576495551,0.026082760587611227,-1.0,-1.058,sl,30
2024-11-17 11:10:00,2024-11-17 15:15:00,S,0.024443,0.025035332810468686,0.025035332810468686,0.022962167973828284,-1.0,-1.045,sl,49
2024-11-17 15:20:00,2024-11-17 19:00:00,L,0.025,0.024444858058185113,0.024444858058185113,0.02638785485453722,-1.0,-1.05,sl,44
2024-11-17 20:15:00,2024-11-17 23:10:00,L,0.025543,0.02427085848469226,0.02427085848469226,0.028723353788269346,-1.0,-1.022,sl,35
2024-11-18 01:45:00,2024-11-18 09:45:00,L,0.025211,0.025353,0.02439337524555331,0.027255061886116733,0.174,0.14,time,96
2024-11-18 11:05:00,2024-11-18 13:00:00,S,0.025193,0.024260810497219336,0.025565875801112265,0.024260810497219336,2.5,2.426,tp,23
2024-11-18 13:05:00,2024-11-18 14:15:00,S,0.024342,0.02469199905560432,0.02469199905560432,0.023467002360989198,-1.0,-1.077,sl,14
2024-11-18 15:40:00,2024-11-18 19:10:00,L,0.025142,0.02444178349228081,0.02444178349228081,0.026892541269297975,-1.0,-1.039,sl,42
2024-11-18 19:15:00,2024-11-19 03:15:00,S,0.024488,0.024801,0.02499235151789363,0.023227121205265922,-0.621,-0.674,time,96
2024-11-19 04:15:00,2024-11-19 09:45:00,L,0.025148,0.024729989586675404,0.024729989586675404,0.026193026033311494,-1.0,-1.066,sl,66
2024-11-19 12:25:00,2024-11-19 13:50:00,L,0.025452,0.024972865462114125,0.024972865462114125,0.026649836344714684,-1.0,-1.058,sl,17
2024-11-19 13:55:00,2024-11-19 21:55:00,S,0.024951,0.024765,0.02621262164705255,0.02179694588236863,0.147,0.126,time,96
2024-11-19 22:25:00,2024-11-19 23:40:00,S,0.024486,0.02483711084330756,0.02483711084330756,0.023608222891731097,-1.0,-1.077,sl,15
2024-11-20 02:20:00,2024-11-20 03:30:00,S,0.024388,0.023798190474056544,0.024623923810377382,0.023798190474056544,2.5,2.386,tp,14
2024-11-20 03:35:00,2024-11-20 05:25:00,S,0.023811,0.024397055361904597,0.024397055361904597,0.022345861595238502,-1.0,-1.045,sl,22
2024-11-20 11:10:00,2024-11-20 14:00:00,S,0.024235,0.024639215519028743,0.024639215519028743,0.023224461202428142,-1.0,-1.066,sl,34
2024-11-20 16:25:00,2024-11-21 00:25:00,S,0.024113,0.024192,0.024656719470501836,0.022753701323745407,-0.145,-0.194,time,96
2024-11-21 02:10:00,2024-11-21 04:40:00,S,0.023737,0.024174426348850447,0.024174426348850447,0.022643434127873886,-1.0,-1.06,sl,30
2024-11-21 10:00:00,2024-11-21 12:10:00,S,0.023808,0.024156903274515945,0.024156903274515945,0.022935741813710137,-1.0,-1.075,sl,26
2024-11-21 12:20:00,2024-11-21 20:20:00,L,0.024357,0.024709,0.023792044576899003,0.025769388557752494,0.623,0.576,time,96
2024-11-21 23:05:00,2024-11-22 00:40:00,L,0.024822,0.02450526012888593,0.02450526012888593,0.025613849677785176,-1.0,-1.086,sl,19
2024-11-22 02:35:00,2024-11-22 10:35:00,L,0.025059,0.024842,0.024317869228633396,0.026911826928416517,-0.293,-0.33,time,96
2024-11-22 13:30:00,2024-11-22 21:30:00,S,0.024347,0.024979,0.025834054591629407,0.020629363520926484,-0.425,-0.443,time,96
2024-11-22 22:00:00,2024-11-23 02:25:00,L,0.025295,0.026267367530156863,0.024906052987937258,0.026267367530156863,2.5,2.428,tp,53
2024-11-23 02:30:00,2024-11-23 10:30:00,L,0.026545,0.027408,0.02488339385519987,0.03069901536200032,0.519,0.502,time,96
2024-11-23 10:55:00,2024-11-23 16:00:00,L,0.027551,0.02703218340481777,0.02703218340481777,0.02884804148795557,-1.0,-1.058,sl,61
2024-11-23 20:30:00,2024-11-24 00:15:00,S,0.025286,0.026281493377103567,0.026281493377103567,0.022797266557241083,-1.0,-1.028,sl,45
2024-11-24 01:05:00,2024-11-24 09:05:00,L,0.026643,0.026599,0.02580242358574848,0.0287444410356288,-0.052,-0.087,time,96
2024-11-24 10:40:00,2024-11-24 11:50:00,S,0.026184,0.02526957190197814,0.026549771239208743,0.02526957190197814,2.5,2.421,tp,14
2024-11-24 11:55:00,2024-11-24 19:55:00,S,0.025301,0.024965,0.026155814756339407,0.023163963109151482,0.393,0.361,time,96
2024-11-24 23:05:00,2024-11-25 00:35:00,L,0.025836,0.025368431649232175,0.025368431649232175,0.027004920876919566,-1.0,-1.061,sl,18
2024-11-25 01:10:00,2024-11-25 06:15:00,S,0.025275,0.025723485121785437,0.025723485121785437,0.024153787195536403,-1.0,-1.062,sl,61
2024-11-25 06:20:00,2024-11-25 10:50:00,L,0.025724,0.02627414301958486,0.025503942792166057,0.02627414301958486,2.5,2.371,tp,54
2024-11-25 10:55:00,2024-11-25 11:45:00,L,0.026389,0.025835440487070788,0.025835440487070788,0.02777289878232303,-1.0,-1.052,sl,10
2024-11-25 13:10:00,2024-11-25 15:10:00,S,0.02568,0.024579705757408164,0.026120117697036736,0.024579705757408164,2.5,2.436,tp,24
2024-11-25 15:15:00,2024-11-25 16:20:00,S,0.024853,0.025769637559375388,0.025769637559375388,0.02256140610156153,-1.0,-1.03,sl,13
2024-11-25 22:20:00,2024-11-26 06:20:00,S,0.024973,0.025335,0.02579556552906246,0.022916586177343844,-0.44,-0.473,time,96
2024-11-26 07:15:00,2024-11-26 11:25:00,S,0.024906,0.023525603620244757,0.0254581585519021,0.023525603620244757,2.5,2.45,tp,50
2024-11-26 11:30:00,2024-11-26 14:45:00,S,0.023541,0.024358521108790384,0.024358521108790384,0.02149719722802404,-1.0,-1.032,sl,39
2024-11-26 18:20:00,2024-11-26 23:55:00,S,0.023838,0.0244217768873062,0.0244217768873062,0.022378557781734504,-1.0,-1.045,sl,67
2024-11-27 01:00:00,2024-11-27 02:45:00,S,0.024155,0.024633264474004005,0.024633264474004005,0.022959338814989988,-1.0,-1.056,sl,21
2024-11-27 07:50:00,2024-11-27 12:25:00,L,0.024776,0.02455025072230951,0.02455025072230951,0.025340373194226225,-1.0,-1.121,sl,55
2024-11-27 12:30:00,2024-11-27 14:05:00,S,0.024512,0.02508418758807996,0.02508418758807996,0.023081531029800095,-1.0,-1.047,sl,19
2024-11-27 14:10:00,2024-11-27 15:35:00,L,0.024975,0.025464514996599776,0.02477919400136009,0.025464514996599776,2.5,2.36,tp,17
2024-11-27 15:40:00,2024-11-27 23:40:00,L,0.025478,0.025815,0.02497089513623,0.026745762159425004,0.665,0.609,time,96
2024-11-28 00:50:00,2024-11-28 03:30:00,L,0.026061,0.025467232999914546,0.025467232999914546,0.027545417500213637,-1.0,-1.048,sl,32
2024-11-28 10:55:00,2024-11-28 13:55:00,S,0.02511,0.02540808164080032,0.02540808164080032,0.024364795897999197,-1.0,-1.093,sl,36
2024-11-28 14:00:00,2024-11-28 15:15:00,L,0.025376,0.02509368336413695,0.02509368336413695,0.02608179158965763,-1.0,-1.099,sl,15
2024-11-28 15:25:00,2024-11-28 21:45:00,S,0.025066,0.025421277491926658,0.025421277491926658,0.024177806270183358,-1.0,-1.078,sl,76
2024-11-28 21:50:00,2024-11-29 02:55:00,L,0.0254,0.02600001076095449,0.025159995695618203,0.02600001076095449,2.5,2.384,tp,61
2024-11-29 03:00:00,2024-11-29 07:50:00,L,0.026005,0.025616332280525306,0.025616332280525306,0.026976669298686737,-1.0,-1.074,sl,58
2024-11-29 15:15:00,2024-11-29 15:35:00,L,0.026326,0.025898220747627557,0.025898220747627557,0.027395448130931102,-1.0,-1.068,sl,4
2024-11-29 20:35:00,2024-11-29 23:45:00,L,0.026285,0.025980507705278086,0.025980507705278086,0.02704623073680478,-1.0,-1.095,sl,38
2024-11-30 06:10:00,2024-11-30 07:40:00,L,0.026208,0.027154336372404723,0.02582946545103811,0.027154336372404723,2.5,2.424,tp,18
2024-11-30 07:45:00,2024-11-30 15:45:00,L,0.026871,0.026864,0.02618076438323267,0.02859658904191832,-0.01,-0.053,time,96
2024-11-30 16:45:00,2024-11-30 20:15:00,L,0.02731,0.026777460413373748,0.026777460413373748,0.028641348966565634,-1.0,-1.056,sl,42
2024-11-30 21:15:00,2024-11-30 22:50:00,L,0.027151,0.026753049778958298,0.026753049778958298,0.02814587555260426,-1.0,-1.075,sl,19
2024-12-01 00:45:00,2024-12-01 01:00:00,L,0.027237,0.028831331468187678,0.02659926741272493,0.028831331468187678,2.5,2.453,tp,3
2024-12-01 01:05:00,2024-12-01 09:05:00,L,0.028999,0.029533,0.026579027926416525,0.03504893018395869,0.221,0.207,time,96
2024-12-01 11:50:00,2024-12-01 13:45:00,L,0.03034,0.03202736809694526,0.029665052761221895,0.03202736809694526,2.5,2.451,tp,23
2024-12-01 13:50:00,2024-12-01 20:05:00,L,0.032315,0.030475236553446857,0.030475236553446857,0.03691440861638287,-1.0,-1.019,sl,75
2024-12-02 00:10:00,2024-12-02 03:45:00,L,0.031701,0.0307043317616943,0.0307043317616943,0.03419267059576425,-1.0,-1.035,sl,43
2024-12-02 08:30:00,2024-12-02 16:30:00,S,0.029546,0.02936,0.03027597294305087,0.027721067642372817,0.255,0.21,time,96
2024-12-02 16:45:00,2024-12-03 00:00:00,S,0.029054,0.030022787913779683,0.030022787913779683,0.026632030215550793,-1.0,-1.033,sl,87
2024-12-03 00:05:00,2024-12-03 00:30:00,L,0.029759,0.02936876735809312,0.02936876735809312,0.0307345816047672,-1.0,-1.084,sl,5
2024-12-03 02:05:00,2024-12-03 04:55:00,S,0.029145,0.02962409472410443,0.02962409472410443,0.02794726318973893,-1.0,-1.067,sl,34
2024-12-03 06:05:00,2024-12-03 06:40:00,L,0.029772,0.03085587273201737,0.029338450907193052,0.03085587273201737,2.5,2.424,tp,7
2024-12-03 06:45:00,2024-12-03 06:55:00,L,0.030636,0.029507969829422703,0.029507969829422703,0.033456075426443244,-1.0,-1.03,sl,2
2024-12-03 10:55:00,2024-12-03 13:55:00,S,0.029007,0.027461251866721565,0.029625299253311376,0.027461251866721565,2.5,2.448,tp,36
2024-12-03 14:00:00,2024-12-03 22:00:00,S,0.027605,0.02855,0.02942543484521973,0.023053912886950675,-0.519,-0.536,time,96
2024-12-04 00:20:00,2024-12-04 08:20:00,L,0.030374,0.030468,0.028519128560515347,0.03501117859871164,0.051,0.033,time,96
2024-12-04 16:50:00,2024-12-04 20:40:00,S,0.02911,0.030631509862206648,0.030631509862206648,0.02530622534448338,-1.0,-1.021,sl,46
2024-12-04 20:45:00,2024-12-04 23:05:00,L,0.030495,0.03197167882919319,0.029904328468322725,0.03197167882919319,2.5,2.443,tp,28
2024-12-04 23:10:00,2024-12-05 01:20:00,L,0.031978,0.030331209000499553,0.030331209000499553,0.03609497749875112,-1.0,-1.021,sl,26
2024-12-05 04:55:00,2024-12-05 12:55:00,L,0.032533,0.03213,0.030888762824886336,0.03664359293778416,-0.245,-0.267,time,96
2024-12-05 19:05:00,2024-12-05 22:25:00,S,0.031086,0.029848569440292287,0.031580972223883085,0.029848569440292287,2.5,2.431,tp,40
2024-12-05 22:30:00,2024-12-06 06:30:00,S,0.029943,0.031021,0.03131497560404664,0.026513060989883402,-0.786,-0.81,time,96
2024-12-06 09:10:00,2024-12-06 17:10:00,S,0.030478,0.030858,0.031163160227603348,0.028765099430991634,-0.555,-0.604,time,96
2024-12-06 19:30:00,2024-12-06 22:10:00,L,0.031134,0.030898800928025733,0.030898800928025733,0.031721997679935665,-1.0,-1.146,sl,32
2024-12-07 03:25:00,2024-12-07 09:25:00,S,0.030713,0.03128874447238714,0.03128874447238714,0.02927363881903216,-1.0,-1.059,sl,72
2024-12-07 09:30:00,2024-12-07 17:30:00,L,0.031371,0.031609,0.03076983234003343,0.03287391914991644,0.396,0.338,time,96
2024-12-07 18:25:00,2024-12-08 02:25:00,L,0.032183,0.032296,0.031438512481948906,0.03404421879512774,0.152,0.104,time,96
2024-12-08 03:10:00,2024-12-08 08:15:00,L,0.032484,0.0319931410281576,0.0319931410281576,0.033711147429606,-1.0,-1.073,sl,61
2024-12-08 08:20:00,2024-12-08 16:20:00,S,0.031993,0.032197,0.03263608232651349,0.030385294183716285,-0.317,-0.372,time,96
2024-12-08 16:40:00,2024-12-08 18:25:00,L,0.032429,0.03178729499890579,0.03178729499890579,0.034033262502735515,-1.0,-1.056,sl,21
2024-12-08 23:25:00,2024-12-09 00:00:00,L,0.03222,0.03197681494159011,0.03197681494159011,0.03282796264602472,-1.0,-1.146,sl,7
2024-12-09 00:20:00,2024-12-09 08:20:00,S,0.031698,0.030853,0.032421855177386785,0.029888362056533026,1.167,1.119,time,96
2024-12-09 08:35:00,2024-12-09 16:35:00,S,0.030331,0.030258,0.031047039648855468,0.028540900877861333,0.102,0.055,time,96
2024-12-09 18:05:00,2024-12-09 20:25:00,S,0.02979,0.028768042753010516,0.030198782898795795,0.028768042753010516,2.5,2.42,tp,28
2024-12-09 20:30:00,2024-12-09 21:00:00,S,0.028762,0.025940103821640824,0.02989075847134367,0.025940103821640824,2.5,2.472,tp,6
2024-12-09 21:05:00,2024-12-10 05:05:00,S,0.024233,0.02661,0.029755588855579055,0.010426527861052366,-0.43,-0.435,time,96
2024-12-10 12:20:00,2024-12-10 15:50:00,S,0.026834,0.025367340468635285,0.027420663812545886,0.025367340468635285,2.5,2.45,tp,42
2024-12-10 15:55:00,2024-12-10 22:25:00,S,0.025236,0.02717835303199804,0.02717835303199804,0.02038011742000491,-1.0,-1.014,sl,78
2024-12-11 00:50:00,2024-12-11 08:50:00,S,0.026643,0.027165,0.02750693758005431,0.02448315604986423,-0.604,-0.638,time,96
2024-12-11 09:35:00,2024-12-11 13:30:00,L,0.027408,0.028345817366334243,0.0270328730534663,0.028345817366334243,2.5,2.42,tp,47
2024-12-11 13:35:00,2024-12-11 21:35:00,L,0.028304,0.02889,0.027796755263377323,0.02957211184155669,1.155,1.094,time,96
2024-12-12 03:00:00,2024-12-12 11:00:00,L,0.029382,0.028626,0.028497714215601242,0.03159271446099689,-0.855,-0.891,time,96
2024-12-12 13:20:00,2024-12-12 13:35:00,L,0.029179,0.028633537921670386,0.028633537921670386,0.030542655195824032,-1.0,-1.059,sl,3
2024-12-12 19:40:00,2024-12-13 03:40:00,S,0.028053,0.028103,0.02893160455504842,0.025856488612378957,-0.057,-0.092,time,96
2024-12-13 07:00:00,2024-12-13 11:25:00,S,0.027639,0.02813566577824289,0.02813566577824289,0.026397335554392776,-1.0,-1.061,sl,53
2024-12-13 20:20:00,2024-12-14 04:20:00,L,0.028374,0.028788,0.02792606775637837,0.029493830609054077,0.924,0.855,time,96
2024-12-14 04:25:00,2024-12-14 07:15:00,L,0.028788,0.02847442696732152,0.02847442696732152,0.029571932581696207,-1.0,-1.101,sl,34
2024-12-14 09:55:00,2024-12-14 13:00:00,S,0.028282,0.02764992582510785,0.028534829669956862,0.02764992582510785,2.5,2.377,tp,37
2024-12-14 13:05:00,2024-12-14 18:50:00,S,0.027736,0.026871511187163757,0.028081795525134498,0.026871511187163757,2.5,2.412,tp,69
2024-12-14 18:55:00,2024-12-14 22:40:00,S,0.026948,0.02734779246206378,0.02734779246206378,0.025948518844840552,-1.0,-1.074,sl,45
2024-12-15 00:45:00,2024-12-15 01:50:00,S,0.027159,0.0275323701238612,0.0275323701238612,0.026225574690346996,-1.0,-1.08,sl,13
2024-12-15 07:15:00,2024-12-15 09:40:00,S,0.027182,0.02751925502336644,0.02751925502336644,0.026338862441583906,-1.0,-1.089,sl,29
2024-12-15 13:30:00,2024-12-15 21:05:00,L,0.027747,0.027481002578255937,0.027481002578255937,0.02841199355436016,-1.0,-1.115,sl,91
2024-12-15 21:10:00,2024-12-15 22:00:00,S,0.027504,0.027010063102147944,0.027701574759140823,0.027010063102147944,2.5,2.347,tp,10
2024-12-15 22:05:00,2024-12-15 23:20:00,S,0.026926,0.027605937184659025,0.027605937184659025,0.02522615703835243,-1.0,-1.044,sl,15
2024-12-15 23:25:00,2024-12-16 07:25:00,L,0.027772,0.027609,0.027121164563205617,0.029399088591985964,-0.25,-0.297,time,96
2024-12-16 08:20:00,2024-12-16 16:20:00,S,0.027286,0.027123,0.027633589553731516,0.026417026115671215,0.469,0.383,time,96
2024-12-16 17:10:00,2024-12-17 00:00:00,L,0.027469,0.02707575468464742,0.02707575468464742,0.028452113288381452,-1.0,-1.077,sl,82
2024-12-17 00:05:00,2024-12-17 08:05:00,S,0.027069,0.026918,0.027553759726824948,0.025857100682937628,0.311,0.25,time,96
2024-12-17 10:45:00,2024-12-17 14:30:00,L,0.027296,0.027070653212370035,0.027070653212370035,0.027859366969074914,-1.0,-1.133,sl,45
2024-12-17 15:15:00,2024-12-17 23:15:00,S,0.026801,0.026239,0.027349836820412816,0.025428907948967953,1.024,0.97,time,96
2024-12-18 00:35:00,2024-12-18 01:05:00,S,0.026066,0.026444642162168058,0.026444642162168058,0.025119394594579854,-1.0,-1.076,sl,6
2024-12-18 02:00:00,2024-12-18 10:00:00,S,0.025973,0.025883,0.026459954961730786,0.024755612595673035,0.185,0.126,time,96
2024-12-18 12:35:00,2024-12-18 18:55:00,S,0.025714,0.02608643902266617,0.02608643902266617,0.024782902443334576,-1.0,-1.076,sl,76
2024-12-18 20:00:00,2024-12-19 04:00:00,S,0.025104,0.024171,0.026208998096760847,0.022341504758097888,0.844,0.819,time,96
2024-12-19 08:45:00,2024-12-19 10:05:00,S,0.023884,0.024218286919656433,0.024218286919656433,0.023048282700858916,-1.0,-1.079,sl,16
2024-12-19 12:55:00,2024-12-19 17:45:00,S,0.024002,0.02277797222159434,0.024491611111362263,0.02277797222159434,2.5,2.446,tp,58
2024-12-19 17:50:00,2024-12-20 01:50:00,S,0.022652,0.021579,0.023766324682815785,0.01986618829296053,0.963,0.941,time,96
2024-12-20 05:55:00,2024-12-20 08:50:00,S,0.021877,0.020753630677163026,0.02232634772913479,0.020753630677163026,2.5,2.446,tp,35
2024-12-20 08:55:00,2024-12-20 16:55:00,S,0.020793,0.021103,0.02202054850485128,0.017724128737871797,-0.253,-0.271,time,96
2024-12-20 22:10:00,2024-12-21 06:00:00,L,0.021981,0.02358476503243502,0.021339493987025993,0.02358476503243502,2.5,2.462,tp,94
2024-12-21 06:05:00,2024-12-21 12:10:00,L,0.02358,0.022712299679738607,0.022712299679738607,0.025749250800653482,-1.0,-1.03,sl,73
2024-12-21 12:15:00,2024-12-21 13:30:00,S,0.022778,0.02166500393686795,0.02322319842525282,0.02166500393686795,2.5,2.444,tp,15
2024-12-21 13:35:00,2024-12-21 21:35:00,S,0.021756,0.02151,0.022724196940468334,0.01933550764882917,0.254,0.229,time,96
2024-12-21 21:40:00,2024-12-22 05:40:00,S,0.02151,0.021221,0.02206322660522007,0.020126933486949827,0.522,0.48,time,96
2024-12-22 14:25:00,2024-12-22 16:35:00,S,0.021637,0.022111476771929848,0.022111476771929848,0.02045080807017538,-1.0,-1.05,sl,26
2024-12-22 19:35:00,2024-12-23 03:35:00,S,0.021437,0.021936,0.022043669326846753,0.01992032668288312,-0.823,-0.861,time,96
2024-12-23 03:50:00,2024-12-23 06:35:00,L,0.021953,0.02123958942496845,0.02123958942496845,0.023736526437578877,-1.0,-1.034,sl,33
2024-12-23 06:40:00,2024-12-23 09:00:00,S,0.021226,0.021870742620937286,0.021870742620937286,0.01961414344765678,-1.0,-1.036,sl,28
2024-12-23 09:10:00,2024-12-23 14:40:00,L,0.021902,0.021400657544137065,0.021400657544137065,0.023155356139657343,-1.0,-1.048,sl,66
2024-12-23 14:50:00,2024-12-23 16:50:00,S,0.021255,0.02187033027102297,0.02187033027102297,0.019716674322442576,-1.0,-1.038,sl,24
2024-12-23 16:55:00,2024-12-24 00:55:00,L,0.021861,0.022469,0.021144063761947444,0.023653340595131384,0.848,0.815,time,96
2024-12-24 05:25:00,2024-12-24 06:50:00,L,0.022458,0.022311893873732908,0.022311893873732908,0.022823265315667723,-1.0,-1.169,sl,17
2024-12-24 12:00:00,2024-12-24 15:20:00,L,0.022361,0.023181334293359744,0.0220328662826561,0.023181334293359744,2.5,2.425,tp,40
2024-12-24 15:25:00,2024-12-24 20:00:00,L,0.023284,0.022868663367261184,0.022868663367261184,0.024322341581847037,-1.0,-1.062,sl,55
2024-12-24 21:50:00,2024-12-25 00:40:00,L,0.023145,0.023953431851711525,0.02282162725931539,0.023953431851711525,2.5,2.421,tp,34
2024-12-25 00:45:00,2024-12-25 02:30:00,L,0.024057,0.023371218869682252,0.023371218869682252,0.025771452825794364,-1.0,-1.039,sl,21
2024-12-25 10:20:00,2024-12-25 11:55:00,L,0.023387,0.022960717031053804,0.022960717031053804,0.024452707422365494,-1.0,-1.06,sl,19
2024-12-25 16:35:00,2024-12-25 18:00:00,S,0.022655,0.022979102147208778,0.022979102147208778,0.02184474463197806,-1.0,-1.077,sl,17
2024-12-25 20:05:00,2024-12-25 20:50:00,L,0.023086,0.022835800427022688,0.022835800427022688,0.023711498932443276,-1.0,-1.101,sl,9
2024-12-25 21:10:00,2024-12-26 00:00:00,S,0.022827,0.02309436956627212,0.02309436956627212,0.022158576084319703,-1.0,-1.094,sl,34
2024-12-26 03:00:00,2024-12-26 08:20:00,S,0.022503,0.021791228003872044,0.02278770879845118,0.021791228003872044,2.5,2.413,tp,64
2024-12-26 08:25:00,2024-12-26 16:25:00,S,0.021703,0.021557,0.022275368419575968,0.02027207895106008,0.255,0.213,time,96
2024-12-26 17:35:00,2024-12-27 01:35:00,S,0.021366,0.021715,0.021792037436218416,0.020300906409453957,-0.819,-0.874,time,96
2024-12-27 05:20:00,2024-12-27 06:55:00,S,0.021545,0.021906046977170593,0.021906046977170593,0.020642382557073524,-1.0,-1.066,sl,19
2024-12-27 07:40:00,2024-12-27 09:00:00,S,0.021487,0.021996280127256306,0.021996280127256306,0.020213799681859233,-1.0,-1.046,sl,16
2024-12-27 09:05:00,2024-12-27 15:15:00,L,0.022031,0.021457634728897626,0.021457634728897626,0.02346441317775593,-1.0,-1.042,sl,74
2024-12-27 15:20:00,2024-12-27 23:20:00,S,0.02147,0.021625,0.022043284966651897,0.020036787583370255,-0.27,-0.312,time,96
2024-12-27 23:40:00,2024-12-28 00:05:00,S,0.021512,0.021737147359637738,0.021737147359637738,0.020949131600905654,-1.0,-1.105,sl,5
2024-12-28 13:25:00,2024-12-28 21:25:00,L,0.021971,0.022076,0.021638477566709773,0.022802306083225574,0.316,0.243,time,96
2024-12-28 22:30:00,2024-12-29 01:20:00,L,0.022249,0.022040208565710744,0.022040208565710744,0.022770978585723144,-1.0,-1.117,sl,34
2024-12-29 06:55:00,2024-12-29 12:40:00,L,0.022284,0.02202512024705598,0.02202512024705598,0.02293119938236006,-1.0,-1.095,sl,69
2024-12-29 14:20:00,2024-12-29 22:20:00,S,0.021973,0.021339,0.022249036412876795,0.02128290896780801,2.297,2.209,time,96
2024-12-29 22:25:00,2024-12-30 01:25:00,S,0.021339,0.021690049610576304,0.021690049610576304,0.02046137597355924,-1.0,-1.067,sl,36
2024-12-30 05:40:00,2024-12-30 06:15:00,S,0.021344,0.021585927672169655,0.021585927672169655,0.020739180819575858,-1.0,-1.097,sl,7
2024-12-30 11:05:00,2024-12-30 12:15:00,S,0.021485,0.021759355836163948,0.021759355836163948,0.020799110409590132,-1.0,-1.086,sl,14
2024-12-30 13:25:00,2024-12-30 21:25:00,S,0.021436,0.021409,0.021888027333750473,0.02030593166562382,0.06,0.008,time,96
2024-12-30 21:35:00,2024-12-31 05:35:00,S,0.021327,0.020701,0.021633645172364328,0.020560387069089178,2.041,1.965,time,96
2024-12-31 06:05:00,2024-12-31 06:10:00,S,0.020575,0.02074794580329155,0.02074794580329155,0.02014263549177112,-1.0,-1.131,sl,1
2024-12-31 13:20:00,2024-12-31 17:35:00,L,0.021517,0.02110821292635156,0.02110821292635156,0.022538967684121107,-1.0,-1.058,sl,51
2024-12-31 17:40:00,2025-01-01 01:40:00,S,0.021127,0.021354,0.021745716313998933,0.01958020921500267,-0.367,-0.404,time,96
2025-01-01 03:20:00,2025-01-01 09:10:00,S,0.021138,0.020838577079218643,0.021257769168312544,0.020838577079218643,2.5,2.306,tp,70
2025-01-01 09:15:00,2025-01-01 14:00:00,S,0.020866,0.02114157671668585,0.02114157671668585,0.020177058208285376,-1.0,-1.083,sl,57
2025-01-01 15:55:00,2025-01-01 23:55:00,L,0.021241,0.021681,0.021040011546540366,0.021743471133649085,2.189,2.073,time,96
2025-01-02 00:30:00,2025-01-02 08:30:00,L,0.022023,0.0222,0.021567286800154867,0.023162282999612836,0.388,0.335,time,96
2025-01-02 08:45:00,2025-01-02 14:30:00,L,0.022362,0.022983400628898407,0.022113439748440638,0.022983400628898407,2.5,2.401,tp,69
2025-01-02 14:35:00,2025-01-02 22:35:00,L,0.022802,0.022668,0.022434399459523,0.023721001351192497,-0.365,-0.433,time,96
2025-01-02 23:30:00,2025-01-03 07:30:00,L,0.022917,0.022591,0.022525728970360478,0.023895177574098807,-0.833,-0.898,time,96
2025-01-03 11:50:00,2025-01-03 16:20:00,L,0.023126,0.023996191239823245,0.022777923504070704,0.023996191239823245,2.5,2.427,tp,54
2025-01-03 16:25:00,2025-01-04 00:25:00,L,0.024274,0.024743,0.023663082220727258,0.025801294448181855,0.768,0.724,time,96
2025-01-04 03:20:00,2025-01-04 11:20:00,L,0.024845,0.024295,0.024148379060439706,0.02658655234890073,-0.79,-0.829,time,96
2025-01-04 12:45:00,2025-01-04 15:25:00,L,0.024506,0.024287785444314796,0.024287785444314796,0.02505153638921301,-1.0,-1.124,sl,32
2025-01-04 20:30:00,2025-01-05 01:05:00,L,0.024286,0.02415678914227494,0.02415678914227494,0.024609027144312644,-1.0,-1.207,sl,55
2025-01-05 08:20:00,2025-01-05 16:20:00,S,0.023795,0.023762,0.024140030531370905,0.022932423671572735,0.096,0.02,time,96
2025-01-05 18:05:00,2025-01-05 20:15:00,S,0.023563,0.023807875761155513,0.023807875761155513,0.02295081059711122,-1.0,-1.106,sl,26
2025-01-05 21:55:00,2025-01-06 00:35:00,L,0.023851,0.023684077265968613,0.023684077265968613,0.024268306835078468,-1.0,-1.157,sl,32
2025-01-06 00:40:00,2025-01-06 02:05:00,S,0.02374,0.023991346830015293,0.023991346830015293,0.02311163292496177,-1.0,-1.104,sl,17
2025-01-06 02:10:00,2025-01-06 10:10:00,L,0.024137,0.02376,0.023402671612260846,0.02597282096934788,-0.513,-0.55,time,96
2025-01-06 11:25:00,2025-01-06 19:25:00,L,0.023998,0.024238,0.023727786329954353,0.024673534175114115,0.888,0.79,time,96
2025-01-06 21:10:00,2025-01-07 05:10:00,S,0.024012,0.023927,0.02428127963412611,0.023338800914684724,0.316,0.218,time,96
2025-01-07 08:40:00,2025-01-07 10:15:00,L,0.024184,0.0239738964404371,0.0239738964404371,0.02470925889890725,-1.0,-1.127,sl,19
2025-01-07 11:35:00,2025-01-07 14:55:00,S,0.023882,0.023359875240958346,0.02409084990361666,0.023359875240958346,2.5,2.374,tp,40
2025-01-07 15:00:00,2025-01-07 15:40:00,S,0.023462,0.022294563108689595,0.02392897475652416,0.022294563108689595,2.5,2.445,tp,8
2025-01-07 15:45:00,2025-01-07 23:45:00,S,0.022426,0.021807,0.023881899315496186,0.01878625171125954,0.425,0.408,time,96
2025-01-08 04:40:00,2025-01-08 08:15:00,S,0.021591,0.021800805336720613,0.021800805336720613,0.021066486658198463,-1.0,-1.113,sl,43
2025-01-08 11:35:00,2025-01-08 14:30:00,S,0.021412,0.021731419949266122,0.021731419949266122,0.020613450126834694,-1.0,-1.074,sl,35
2025-01-08 17:10:00,2025-01-09 01:10:00,S,0.021084,0.021367,0.021663878572049967,0.019634303569875076,-0.488,-0.528,time,96
2025-01-09 02:15:00,2025-01-09 10:15:00,S,0.021142,0.021019,0.02150016525589448,0.0202465868602638,0.343,0.278,time,96
2025-01-09 13:50:00,2025-01-09 15:15:00,S,0.020719,0.02121423518422124,0.02121423518422124,0.019480912039446904,-1.0,-1.046,sl,17
2025-01-09 15:25:00,2025-01-09 23:25:00,L,0.021228,0.021056,0.020514771268568373,0.023011071828579067,-0.241,-0.274,time,96
2025-01-10 07:00:00,2025-01-10 13:30:00,L,0.021556,0.02132122626293294,0.02132122626293294,0.02214293434266764,-1.0,-1.101,sl,78
2025-01-10 13:40:00,2025-01-10 17:55:00,S,0.021086,0.02179662655220051,0.02179662655220051,0.019309433619498724,-1.0,-1.033,sl,51
2025-01-10 18:00:00,2025-01-11 02:00:00,L,0.021773,0.021607,0.021038761613160737,0.02360859596709816,-0.226,-0.259,time,96
2025-01-11 09:00:00,2025-01-11 17:00:00,L,0.021695,0.021666,0.02148486624009344,0.022220334399766395,-0.138,-0.252,time,96
2025-01-11 20:30:00,2025-01-11 21:30:00,L,0.021907,0.022441199906824805,0.021693320037270078,0.022441199906824805,2.5,2.387,tp,12
2025-01-11 21:35:00,2025-01-12 01:20:00,L,0.022479,0.02186538288759671,0.02186538288759671,0.02401304278100822,-1.0,-1.04,sl,45
2025-01-12 07:05:00,2025-01-12 15:05:00,S,0.02176,0.021674,0.021886009159910933,0.021444977100222674,0.682,0.493,time,96
2025-01-12 15:25:00,2025-01-12 21:10:00,L,0.021843,0.021638471590909647,0.021638471590909647,0.022354321022725887,-1.0,-1.117,sl,69
2025-01-12 21:15:00,2025-01-13 00:25:00,S,0.021608,0.021829334262763782,0.021829334262763782,0.021054664343090543,-1.0,-1.107,sl,38
2025-01-13 00:30:00,2025-01-13 02:30:00,L,0.02184,0.021408596398471487,0.021408596398471487,0.022918509003821277,-1.0,-1.056,sl,24
2025-01-13 02:40:00,2025-01-13 10:40:00,S,0.02132,0.020287,0.022059004040658876,0.019472489898352804,1.398,1.366,time,96
2025-01-13 10:50:00,2025-01-13 18:50:00,S,0.020229,0.020198,0.020708231533934418,0.019030921165163958,0.065,0.018,time,96
2025-01-13 22:05:00,2025-01-14 06:05:00,L,0.02115,0.021232,0.020749423756740392,0.022151440608149015,0.205,0.147,time,96
2025-01-14 09:35:00,2025-01-14 17:35:00,L,0.021471,0.021502,0.021191590628358986,0.022169523429102535,0.111,0.026,time,96
2025-01-14 18:40:00,2025-01-14 19:55:00,L,0.021658,0.02146034345025077,0.02146034345025077,0.022152141374373074,-1.0,-1.121,sl,15
2025-01-14 21:05:00,2025-01-15 05:05:00,L,0.021703,0.021548,0.021286833073916635,0.022743417315208413,-0.372,-0.43,time,96
2025-01-15 09:40:00,2025-01-15 13:30:00,S,0.021265,0.0215898961118508,0.0215898961118508,0.020452759720373,-1.0,-1.072,sl,46
2025-01-15 13:35:00,2025-01-15 21:35:00,L,0.021742,0.022266,0.02096299981050696,0.023689500473732604,0.673,0.642,time,96
2025-01-15 22:50:00,2025-01-16 00:35:00,L,0.022529,0.022219309868218625,0.022219309868218625,0.02330322532945344,-1.0,-1.08,sl,21
2025-01-16 12:25:00,2025-01-16 14:40:00,L,0.022552,0.02197257846108739,0.02197257846108739,0.024000553847281524,-1.0,-1.043,sl,27
2025-01-16 14:45:00,2025-01-16 16:05:00,S,0.021973,0.022479609285735117,0.022479609285735117,0.020706476785662203,-1.0,-1.048,sl,16
2025-01-16 22:25:00,2025-01-17 01:30:00,S,0.021978,0.022216642301227153,0.022216642301227153,0.021381394246932122,-1.0,-1.101,sl,37
2025-01-17 01:40:00,2025-01-17 07:50:00,L,0.022473,0.02350928147908464,0.022058487408366145,0.02350928147908464,2.5,2.44,tp,74
2025-01-17 07:55:00,2025-01-17 15:55:00,L,0.023474,0.0243,0.022711196214118937,0.02538100946470265,1.083,1.049,time,96
2025-01-18 00:20:00,2025-01-18 03:20:00,L,0.024542,0.024161075536848233,0.024161075536848233,0.025494311157879423,-1.0,-1.071,sl,36
2025-01-18 05:15:00,2025-01-18 13:15:00,S,0.023314,0.022823,0.02384791476848529,0.02197921307878678,0.92,0.872,time,96
2025-01-18 14:00:00,2025-01-18 16:00:00,L,0.023179,0.022679627689808825,0.022679627689808825,0.024427430775477942,-1.0,-1.051,sl,24
2025-01-18 16:20:00,2025-01-19 00:20:00,S,0.022513,0.022812,0.023040103963257095,0.021195240091857255,-0.567,-0.614,time,96
2025-01-19 01:15:00,2025-01-19 03:40:00,L,0.022995,0.022767812529789357,0.022767812529789357,0.023562968675526614,-1.0,-1.111,sl,29
2025-01-19 03:45:00,2025-01-19 08:15:00,S,0.022774,0.021551460347756096,0.02326301586089756,0.021551460347756096,2.5,2.449,tp,54
2025-01-19 08:20:00,2025-01-19 11:50:00,S,0.021542,0.020395484280843215,0.022000606287662712,0.020395484280843215,2.5,2.448,tp,42
2025-01-19 11:55:00,2025-01-19 13:55:00,S,0.020396,0.02123085456805799,0.02123085456805799,0.018308863579855027,-1.0,-1.027,sl,24
2025-01-19 21:05:00,2025-01-19 23:25:00,S,0.02143,0.019848465896933065,0.022062613641226775,0.019848465896933065,2.5,2.463,tp,28
2025-01-19 23:30:00,2025-01-20 06:45:00,S,0.019903,0.020979960693865096,0.020979960693865096,0.01721059826533726,-1.0,-1.02,sl,87
2025-01-20 12:25:00,2025-01-20 20:25:00,S,0.020932,0.020587,0.021478378443986583,0.01956605389003354,0.631,0.589,time,96
2025-01-20 22:05:00,2025-01-21 06:05:00,S,0.020108,0.019918,0.02073800546914098,0.018532986327147553,0.302,0.266,time,96
2025-01-21 11:05:00,2025-01-21 11:30:00,L,0.020259,0.020800250714704087,0.020042499714118363,0.020800250714704087,2.5,2.397,tp,5
2025-01-21 11:35:00,2025-01-21 19:35:00,L,0.020657,0.020998,0.02011108832489911,0.02202177918775222,0.625,0.583,time,96
2025-01-21 22:10:00,2025-01-22 06:10:00,S,0.020873,0.020608,0.021069461336938437,0.020381846657653906,1.349,1.232,time,96
2025-01-22 06:30:00,2025-01-22 12:05:00,S,0.020514,0.020677527708715695,0.020677527708715695,0.020105180728210766,-1.0,-1.138,sl,67
2025-01-22 13:55:00,2025-01-22 21:55:00,S,0.020354,0.02031,0.020608096656328786,0.019718758359178037,0.173,0.085,time,96
2025-01-23 02:05:00,2025-01-23 10:05:00,S,0.019997,0.019934,0.020267103545810333,0.01932174113547417,0.233,0.152,time,96
2025-01-23 10:55:00,2025-01-23 11:30:00,S,0.019833,0.019997288633450943,0.019997288633450943,0.019422278416372642,-1.0,-1.133,sl,7
2025-01-23 12:20:00,2025-01-23 13:55:00,S,0.019754,0.020004812680233432,0.020004812680233432,0.019126968299416423,-1.0,-1.087,sl,19
2025-01-23 19:05:00,2025-01-24 03:05:00,S,0.019846,0.019654,0.0202641403948467,0.018800649012883246,0.459,0.407,time,96
2025-01-24 03:30:00,2025-01-24 04:30:00,S,0.019666,0.019832632697552446,0.019832632697552446,0.019249418256118884,-1.0,-1.13,sl,12
2025-01-24 05:10:00,2025-01-24 13:10:00,L,0.020159,0.020379,0.019658041290804958,0.021411396772987604,0.439,0.395,time,96
2025-01-24 20:30:00,2025-01-25 04:30:00,S,0.020077,0.019941,0.020345143297491677,0.019406641756270812,0.507,0.425,time,96
2025-01-25 06:50:00,2025-01-25 13:00:00,S,0.019876,0.02006025016634567,0.02006025016634567,0.019415374584135826,-1.0,-1.119,sl,74
2025-01-25 13:05:00,2025-01-25 21:05:00,L,0.020042,0.020062,0.019938339833056484,0.02030115041735879,0.193,-0.02,time,96
2025-01-25 23:25:00,2025-01-26 04:20:00,S,0.01999,0.020115593383955962,0.020115593383955962,0.0196760165401101,-1.0,-1.175,sl,59
2025-01-26 04:25:00,2025-01-26 09:25:00,L,0.020113,0.01991600502061349,0.01991600502061349,0.02060548744846627,-1.0,-1.112,sl,60
2025-01-26 09:30:00,2025-01-26 17:30:00,S,0.019904,0.019821,0.0200167475473839,0.019622131131540255,0.736,0.542,time,96
2025-01-26 21:00:00,2025-01-26 22:55:00,S,0.019803,0.01941832971864452,0.019956868112542193,0.01941832971864452,2.5,2.358,tp,23
2025-01-26 23:00:00,2025-01-26 23:15:00,S,0.01948,0.019083654126577303,0.01963853834936908,0.019083654126577303,2.5,2.365,tp,3
2025-01-26 23:20:00,2025-01-27 05:50:00,S,0.019176,0.018074112503884927,0.019616754998446027,0.018074112503884927,2.5,2.452,tp,78
2025-01-27 05:55:00,2025-01-27 13:55:00,S,0.018089,0.018181,0.01845753978873968,0.017167650528150804,-0.25,-0.304,time,96
2025-01-27 18:55:00,2025-01-27 20:10:00,S,0.018212,0.018477761340392987,0.018477761340392987,0.01754759664901753,-1.0,-1.075,sl,15
2025-01-28 02:30:00,2025-01-28 10:30:00,L,0.019069,0.019075,0.01873900039992472,0.019893999000188196,0.018,-0.045,time,96
2025-01-28 11:40:00,2025-01-28 18:45:00,S,0.01889,0.01840559587733378,0.01908376164906649,0.01840559587733378,2.5,2.393,tp,85
2025-01-28 18:50:00,2025-01-29 02:50:00,S,0.018395,0.018354,0.01870586761440413,0.01761783096398968,0.132,0.067,time,96
2025-01-29 10:00:00,2025-01-29 16:15:00,S,0.018343,0.01796879248507788,0.01849268300596885,0.01796879248507788,2.5,2.365,tp,75
2025-01-29 16:20:00,2025-01-29 17:15:00,S,0.017966,0.018203816543620414,0.018203816543620414,0.017371458640948963,-1.0,-1.083,sl,11
2025-01-29 19:10:00,2025-01-29 19:40:00,S,0.017973,0.018407256578952928,0.018407256578952928,0.01688735855261768,-1.0,-1.046,sl,6
2025-01-29 20:30:00,2025-01-30 04:30:00,L,0.01871,0.018578,0.017778096260150065,0.02103975934962484,-0.142,-0.164,time,96
2025-01-30 09:40:00,2025-01-30 17:40:00,L,0.018694,0.018735,0.01850705129786536,0.019161371755336595,0.219,0.109,time,96
2025-01-31 02:30:00,2025-01-31 06:00:00,S,0.01855,0.018669267491083493,0.018669267491083493,0.01825183127229127,-1.0,-1.171,sl,42
2025-01-31 06:35:00,2025-01-31 09:15:00,L,0.018691,0.018554670537115167,0.018554670537115167,0.01903182365721208,-1.0,-1.151,sl,32
2025-01-31 11:10:00,2025-01-31 13:10:00,L,0.01883,0.019438213903649484,0.018586714438540205,0.019438213903649484,2.5,2.415,tp,24
2025-01-31 13:15:00,2025-01-31 18:35:00,L,0.019387,0.018931913536013444,0.018931913536013444,0.020524716159966396,-1.0,-1.047,sl,64
2025-01-31 20:20:00,2025-02-01 00:45:00,S,0.018725,0.01903414677597617,0.01903414677597617,0.01795213306005957,-1.0,-1.067,sl,53
2025-02-01 01:40:00,2025-02-01 08:15:00,L,0.01916,0.018890833000003285,0.018890833000003285,0.01983291749999179,-1.0,-1.078,sl,79
2025-02-01 08:20:00,2025-02-01 14:50:00,S,0.018885,0.018404143953443766,0.01907734241862249,0.018404143953443766,2.5,2.392,tp,78
2025-02-01 14:55:00,2025-02-01 19:25:00,S,0.018433,0.018043203240358782,0.01858891870385649,0.018043203240358782,2.5,2.37,tp,54
2025-02-01 19:30:00,2025-02-01 23:25:00,S,0.01811,0.01750471409476289,0.018352114362094846,0.01750471409476289,2.5,2.418,tp,47
2025-02-01 23:30:00,2025-02-02 01:05:00,S,0.017556,0.017885315254392294,0.017885315254392294,0.01673271186401926,-1.0,-1.059,sl,19
2025-02-02 03:00:00,2025-02-02 11:00:00,S,0.017501,0.017394,0.017857922218632978,0.016608694453417554,0.3,0.246,time,96
2025-02-02 11:25:00,2025-02-02 16:30:00,S,0.017249,0.016838577923344575,0.01741316883066217,0.016838577923344575,2.5,2.384,tp,61
2025-02-02 16:35:00,2025-02-02 18:15:00,S,0.016752,0.01569498894906955,0.01717480442037218,0.01569498894906955,2.5,2.456,tp,20
2025-02-02 18:20:00,2025-02-03 01:45:00,S,0.015713,0.013717270088058332,0.01651129196477667,0.013717270088058332,2.5,2.478,tp,89
2025-02-03 01:50:00,2025-02-03 09:50:00,S,0.013788,0.014397,0.014932999290267323,0.010925501774331693,-0.532,-0.545,time,96
2025-02-03 13:30:00,2025-02-03 15:05:00,S,0.014271,0.014900077615337005,0.014900077615337005,0.01269830596165749,-1.0,-1.025,sl,19
2025-02-03 19:05:00,2025-02-04 03:05:00,L,0.016004,0.016231,0.015556265993255184,0.017123335016862043,0.507,0.468,time,96
2025-02-04 05:05:00,2025-02-04 13:05:00,S,0.01591,0.015807,0.016360720958720043,0.014783197603199894,0.229,0.19,time,96
2025-02-04 15:20:00,2025-02-04 19:00:00,S,0.01558,0.01600281040565075,0.01600281040565075,0.01452297398587313,-1.0,-1.041,sl,44
2025-02-04 20:10:00,2025-02-05 04:10:00,S,0.015781,0.01589,0.01648881778758222,0.014011455531044447,-0.154,-0.179,time,96
2025-02-05 05:50:00,2025-02-05 13:50:00,L,0.016193,0.016407,0.01587043009099471,0.016999424772513223,0.663,0.608,time,96
2025-02-05 17:35:00,2025-02-06 01:35:00,S,0.015688,0.015759,0.01614542378602844,0.014544440534928904,-0.155,-0.193,time,96
2025-02-06 07:00:00,2025-02-06 11:15:00,L,0.016081,0.015785066260319666,0.015785066260319666,0.01682083434920084,-1.0,-1.06,sl,51
2025-02-06 11:20:00,2025-02-06 19:00:00,S,0.015773,0.014874838328082955,0.016132264668766817,0.014874838328082955,2.5,2.452,tp,92
2025-02-06 19:05:00,2025-02-06 19:15:00,S,0.014926,0.015109648494069915,0.015109648494069915,0.014466878764825213,-1.0,-1.089,sl,2
2025-02-07 06:25:00,2025-02-07 08:45:00,S,0.014923,0.015075705509824297,0.015075705509824297,0.014541236225439258,-1.0,-1.107,sl,28
2025-02-07 13:35:00,2025-02-07 13:40:00,L,0.015215,0.015504819586513154,0.015099072165394738,0.015504819586513154,2.5,2.356,tp,1
2025-02-07 13:45:00,2025-02-07 17:15:00,L,0.015397,0.015113371909911619,0.015113371909911619,0.01610607022522095,-1.0,-1.06,sl,42
2025-02-07 17:20:00,2025-02-07 18:30:00,S,0.015057,0.015397218825760884,0.015397218825760884,0.014206452935597788,-1.0,-1.049,sl,14
2025-02-07 20:40:00,2025-02-08 04:40:00,S,0.01498,0.01514,0.015425520610179084,0.01386619847455229,-0.359,-0.396,time,96
2025-02-08 07:40:00,2025-02-08 11:55:00,L,0.015246,0.015742491856187285,0.015047403257525085,0.015742491856187285,2.5,2.416,tp,51
2025-02-08 12:00:00,2025-02-08 20:00:00,L,0.015679,0.015842,0.015335777250814166,0.016537056872964577,0.475,0.425,time,96
2025-02-08 23:35:00,2025-02-09 07:35:00,L,0.015982,0.016308,0.015791519336669595,0.01645820165832601,1.711,1.619,time,96
2025-02-09 08:30:00,2025-02-09 10:00:00,L,0.016429,0.01622794742840355,0.01622794742840355,0.016931631428991116,-1.0,-1.09,sl,18
2025-02-09 13:20:00,2025-02-09 21:20:00,S,0.01587,0.015522,0.01609340226613595,0.015311494334660121,1.558,1.48,time,96
2025-02-09 21:25:00,2025-02-10 00:00:00,S,0.015522,0.015768295978738155,0.015768295978738155,0.01490626005315461,-1.0,-1.069,sl,31
2025-02-10 00:05:00,2025-02-10 01:40:00,L,0.015825,0.015384364988208925,0.015384364988208925,0.016926587529477684,-1.0,-1.04,sl,19
2025-02-10 01:50:00,2025-02-10 05:50:00,S,0.015372,0.01593498851859351,0.01593498851859351,0.013964528703516228,-1.0,-1.03,sl,48
2025-02-10 05:55:00,2025-02-10 13:55:00,L,0.015922,0.016045,0.01566905136601447,0.016554371584963826,0.486,0.417,time,96
2025-02-10 14:00:00,2025-02-10 15:20:00,L,0.016045,0.015750314146069633,0.015750314146069633,0.016781714634825917,-1.0,-1.06,sl,16
2025-02-11 00:30:00,2025-02-11 05:55:00,L,0.015895,0.016296543716387238,0.015734382513445104,0.016296543716387238,2.5,2.391,tp,65
2025-02-11 06:00:00,2025-02-11 11:40:00,L,0.016299,0.016080477933686707,0.016080477933686707,0.016845305165783236,-1.0,-1.082,sl,68
2025-02-11 13:30:00,2025-02-11 15:45:00,S,0.015923,0.01613810910571522,0.01613810910571522,0.015385227235711951,-1.0,-1.081,sl,27
2025-02-11 15:50:00,2025-02-11 17:45:00,L,0.016037,0.015716217786473894,0.015716217786473894,0.016838955533815262,-1.0,-1.055,sl,23
2025-02-11 18:05:00,2025-02-12 02:05:00,S,0.015727,0.015793,0.015908678234168874,0.01527280441457782,-0.363,-0.459,time,96
2025-02-12 03:15:00,2025-02-12 08:10:00,S,0.015488,0.015810449831403683,0.015810449831403683,0.014681875421490794,-1.0,-1.053,sl,59
2025-02-12 09:55:00,2025-02-12 13:20:00,L,0.015819,0.016174822841277917,0.015676670863488833,0.016174822841277917,2.5,2.378,tp,41
2025-02-12 13:25:00,2025-02-12 13:30:00,L,0.016114,0.01591441923697329,0.01591441923697329,0.016612951907566773,-1.0,-1.089,sl,1
2025-02-12 17:05:00,2025-02-13 01:05:00,L,0.016633,0.016907,0.015836612110229492,0.018623969724426266,0.344,0.321,time,96
2025-02-13 11:15:00,2025-02-13 13:30:00,S,0.016272,0.01642936276286145,0.01642936276286145,0.015878593092846366,-1.0,-1.114,sl,27
2025-02-13 13:35:00,2025-02-13 14:10:00,L,0.016351,0.016131910418189118,0.016131910418189118,0.016898723954527208,-1.0,-1.082,sl,7
2025-02-13 14:15:00,2025-02-13 22:15:00,S,0.016126,0.016352,0.01644797407877489,0.01532106480306278,-0.702,-0.757,time,96
2025-02-14 02:50:00,2025-02-14 10:50:00,L,0.016385,0.016597,0.01617191411270869,0.01691771471822828,0.995,0.91,time,96
2025-02-14 14:00:00,2025-02-14 22:00:00,L,0.01664,0.016797,0.01642043032876727,0.01718892417808182,0.715,0.632,time,96
2025-02-15 01:40:00,2025-02-15 09:40:00,L,0.016873,0.016711,0.01657127884027275,0.017627302899318124,-0.537,-0.598,time,96
2025-02-15 11:40:00,2025-02-15 19:40:00,S,0.01653,0.016337,0.0167449854907213,0.015992536273196745,0.898,0.813,time,96
2025-02-15 20:50:00,2025-02-15 21:00:00,S,0.016245,0.016341042229811132,0.016341042229811132,0.016004894425472167,-1.0,-1.186,sl,2
2025-02-15 22:35:00,2025-02-16 06:35:00,S,0.016267,0.016171,0.016383988366101186,0.015974529084747037,0.821,0.668,time,96
2025-02-16 07:10:00,2025-02-16 09:40:00,S,0.016051,0.016194714161662106,0.016194714161662106,0.01569171459584473,-1.0,-1.123,sl,30
2025-02-16 13:10:00,2025-02-16 21:10:00,S,0.016136,0.015886,0.016288389814597667,0.015755025463505837,1.641,1.524,time,96
2025-02-17 03:10:00,2025-02-17 11:10:00,S,0.015877,0.015954,0.016110196211286915,0.015294009471782707,-0.33,-0.405,time,96
2025-02-17 14:10:00,2025-02-17 15:35:00,L,0.016121,0.015989930500808547,0.015989930500808547,0.016448673747978634,-1.0,-1.135,sl,17
2025-02-17 15:40:00,2025-02-17 23:40:00,S,0.01599,0.015696,0.0162836487123421,0.015255878219144753,1.001,0.941,time,96
2025-02-18 00:25:00,2025-02-18 06:05:00,S,0.015613,0.015161355564521098,0.01579365777419156,0.015161355564521098,2.5,2.405,tp,68
2025-02-18 06:10:00,2025-02-18 14:10:00,S,0.015195,0.015454,0.015540681492720355,0.014330796268199114,-0.749,-0.798,time,96
2025-02-18 14:50:00,2025-02-18 22:50:00,S,0.015225,0.015177,0.015541320175130952,0.014434199562172623,0.152,0.099,time,96
2025-02-19 01:20:00,2025-02-19 02:10:00,S,0.015067,0.015244179734035194,0.015244179734035194,0.014624050664912017,-1.0,-1.094,sl,10
2025-02-19 05:00:00,2025-02-19 06:45:00,S,0.015056,0.015249512122036778,0.015249512122036778,0.014572219694908056,-1.0,-1.086,sl,21
2025-02-19 12:00:00,2025-02-19 12:10:00,L,0.015472,0.015412038889403908,0.015412038889403908,0.01562190277649023,-1.0,-1.284,sl,2
2025-02-19 12:55:00,2025-02-19 14:30:00,S,0.01535,0.015492408868604854,0.015492408868604854,0.014993977828487867,-1.0,-1.119,sl,19
2025-02-19 15:00:00,2025-02-19 23:00:00,S,0.01526,0.015435,0.015543693132583426,0.014550767168541433,-0.617,-0.676,time,96
2025-02-20 00:45:00,2025-02-20 07:10:00,L,0.015456,0.015342525483081978,0.015342525483081978,0.015739686292295052,-1.0,-1.15,sl,77
2025-02-20 07:15:00,2025-02-20 10:55:00,S,0.015349,0.015467003844405816,0.015467003844405816,0.015053990388985458,-1.0,-1.143,sl,44
2025-02-20 11:00:00,2025-02-20 14:55:00,L,0.015483,0.015333185603126827,0.015333185603126827,0.015857535992182932,-1.0,-1.114,sl,47
2025-02-20 15:00:00,2025-02-20 18:20:00,S,0.015318,0.01556859348615311,0.01556859348615311,0.014691516284617227,-1.0,-1.067,sl,40
2025-02-20 18:25:00,2025-02-21 01:20:00,L,0.015583,0.015425664199859777,0.015425664199859777,0.01597633950035056,-1.0,-1.109,sl,83
2025-02-21 04:50:00,2025-02-21 09:15:00,L,0.015541,0.01582052676087456,0.015429189295650176,0.01582052676087456,2.5,2.347,tp,53
2025-02-21 09:20:00,2025-02-21 15:30:00,L,0.015864,0.01556482994184189,0.01556482994184189,0.016611925145395275,-1.0,-1.058,sl,74
2025-02-21 15:35:00,2025-02-21 23:35:00,S,0.015575,0.015077,0.015937749766179326,0.014668125584551685,1.373,1.326,time,96
2025-02-22 09:10:00,2025-02-22 17:10:00,L,0.015354,0.015572,0.015165180627735659,0.01582604843066085,1.155,1.065,time,96
2025-02-22 17:30:00,2025-02-23 01:30:00,L,0.015626,0.015548,0.01552814299315904,0.015870642517102407,-0.797,-0.973,time,96
2025-02-23 06:30:00,2025-02-23 12:10:00,L,0.015642,0.015573060247253431,0.015573060247253431,0.015814349381866422,-1.0,-1.25,sl,68
2025-02-23 12:15:00,2025-02-23 20:15:00,S,0.01555,0.015419,0.01569832064293661,0.015179198392658477,0.883,0.768,time,96
2025-02-23 20:20:00,2025-02-23 23:10:00,S,0.015419,0.0154921715317249,0.0154921715317249,0.015236071170687752,-1.0,-1.232,sl,34
2025-02-24 01:35:00,2025-02-24 09:35:00,S,0.015286,0.014862,0.01554081444042219,0.014648963898944522,1.664,1.598,time,96
2025-02-24 10:35:00,2025-02-24 18:35:00,S,0.01462,0.014429,0.014899244702412212,0.013921888243969466,0.684,0.626,time,96
2025-02-24 19:00:00,2025-02-24 22:00:00,S,0.014276,0.013702119619355645,0.014505552152257743,0.013702119619355645,2.5,2.432,tp,36
2025-02-24 22:05:00,2025-02-25 06:05:00,S,0.013759,0.013788,0.014352201221764331,0.012275996945589174,-0.049,-0.074,time,96
2025-02-25 07:25:00,2025-02-25 12:20:00,S,0.013354,0.013860920895354187,0.013860920895354187,0.01208669776161453,-1.0,-1.029,sl,59
2025-02-25 15:05:00,2025-02-25 16:45:00,S,0.013569,0.013929068343738046,0.013929068343738046,0.012668829140654883,-1.0,-1.041,sl,20
2025-02-26 02:55:00,2025-02-26 10:55:00,L,0.014283,0.014472,0.014046427063611767,0.014874432340970585,0.799,0.732,time,96
2025-02-26 12:25:00,2025-02-26 18:50:00,S,0.014284,0.013779709950182118,0.014485716019927153,0.013779709950182118,2.5,2.422,tp,77
2025-02-26 18:55:00,2025-02-26 20:35:00,S,0.013795,0.014144318971160802,0.014144318971160802,0.012921702572097994,-1.0,-1.043,sl,20
2025-02-26 20:55:00,2025-02-27 04:55:00,L,0.014276,0.014388,0.013836371395041538,0.015375071512396157,0.255,0.219,time,96
2025-02-27 06:25:00,2025-02-27 14:25:00,L,0.014586,0.014677,0.014403445659324377,0.015042385851689058,0.498,0.411,time,96
2025-02-27 20:10:00,2025-02-28 01:55:00,S,0.014323,0.013757227945264097,0.014549308821894362,0.013757227945264097,2.5,2.43,tp,69
2025-02-28 02:00:00,2025-02-28 10:00:00,S,0.013826,0.01336,0.0143611080013299,0.012488229996675248,0.871,0.842,time,96
2025-03-01 00:55:00,2025-03-01 01:50:00,S,0.013801,0.013985869073442212,0.013985869073442212,0.013338827316394472,-1.0,-1.082,sl,11
2025-03-01 01:55:00,2025-03-01 09:55:00,L,0.014018,0.013875,0.01376725674219863,0.014644858144503423,-0.57,-0.632,time,96
2025-03-01 10:10:00,2025-03-01 13:15:00,S,0.013815,0.013453455750576685,0.013959617699769325,0.013453455750576685,2.5,2.395,tp,37
2025-03-01 13:20:00,2025-03-01 16:10:00,S,0.013488,0.013621893648843163,0.013621893648843163,0.013153265877892093,-1.0,-1.111,sl,34
2025-03-02 09:50:00,2025-03-02 13:15:00,L,0.013842,0.013674914306813944,0.013674914306813944,0.01425971423296514,-1.0,-1.091,sl,41
2025-03-02 13:20:00,2025-03-02 15:25:00,S,0.013668,0.013764960705899177,0.013764960705899177,0.013425598235252054,-1.0,-1.155,sl,25
2025-03-02 15:30:00,2025-03-02 16:25:00,L,0.013785,0.01457091173948543,0.013470635304205829,0.01457091173948543,2.5,2.452,tp,11
2025-03-02 16:30:00,2025-03-03 00:30:00,L,0.014493,0.014979,0.013574791700962147,0.016788520747594633,0.529,0.512,time,96
2025-03-03 06:35:00,2025-03-03 14:35:00,S,0.014334,0.013946,0.014594082051828416,0.013683794870428957,1.492,1.431,time,96
2025-03-03 15:00:00,2025-03-03 23:00:00,S,0.013656,0.012913,0.014227649900649023,0.012226875248377442,1.3,1.273,time,96
2025-03-04 01:35:00,2025-03-04 09:35:00,S,0.012727,0.012733,0.013009036314375954,0.012021909214060118,-0.021,-0.071,time,96
2025-03-04 13:25:00,2025-03-04 14:35:00,S,0.012606,0.012833941968215037,0.012833941968215037,0.012036145079462404,-1.0,-1.061,sl,14
2025-03-04 15:25:00,2025-03-04 18:50:00,S,0.012501,0.013130574530869358,0.013130574530869358,0.010927063672826604,-1.0,-1.022,sl,41
2025-03-05 00:35:00,2025-03-05 01:50:00,S,0.012983,0.013109626129798527,0.013109626129798527,0.012666434675503681,-1.0,-1.113,sl,15
2025-03-05 04:00:00,2025-03-05 09:05:00,S,0.012893,0.013130299876213634,0.013130299876213634,0.012299750309465913,-1.0,-1.06,sl,61
2025-03-05 09:10:00,2025-03-05 14:35:00,L,0.013166,0.013018627552112362,0.013018627552112362,0.013534431119719095,-1.0,-1.098,sl,65
2025-03-05 14:40:00,2025-03-05 19:05:00,S,0.013031,0.013272882016703551,0.013272882016703551,0.01242629495824112,-1.0,-1.059,sl,53
2025-03-05 19:15:00,2025-03-06 03:15:00,L,0.013272,0.013453,0.013102456532833245,0.01369585866791689,1.068,0.981,time,96
2025-03-06 04:35:00,2025-03-06 05:30:00,L,0.013524,0.013786148844811021,0.013419140462075591,0.013786148844811021,2.5,2.358,tp,11
2025-03-06 05:35:00,2025-03-06 07:50:00,L,0.013767,0.013479820861183845,0.013479820861183845,0.014484947847040387,-1.0,-1.053,sl,27
2025-03-06 10:30:00,2025-03-06 12:15:00,L,0.013608,0.013447221825117494,0.013447221825117494,0.014009945437206267,-1.0,-1.093,sl,21
2025-03-06 15:45:00,2025-03-06 17:00:00,L,0.013529,0.013246240057803777,0.013246240057803777,0.014235899855490557,-1.0,-1.053,sl,15
2025-03-06 17:05:00,2025-03-07 01:05:00,S,0.0132,0.01297,0.013573990918050479,0.012265022704873802,0.615,0.576,time,96
2025-03-07 06:50:00,2025-03-07 13:30:00,L,0.01338,0.013752672653910118,0.013230930938435952,0.013752672653910118,2.5,2.401,tp,80
2025-03-07 13:35:00,2025-03-07 15:35:00,L,0.013604,0.013377106598372292,0.013377106598372292,0.014171233504069267,-1.0,-1.066,sl,24
2025-03-07 16:55:00,2025-03-07 18:35:00,S,0.013281,0.013572695179528516,0.013572695179528516,0.012551762051178708,-1.0,-1.05,sl,20
2025-03-07 18:40:00,2025-03-07 21:05:00,L,0.013565,0.01333546207863651,0.01333546207863651,0.014138844803408728,-1.0,-1.065,sl,29
2025-03-07 21:10:00,2025-03-08 05:10:00,S,0.013218,0.012996,0.013564413816860597,0.012351965457848509,0.641,0.599,time,96
2025-03-08 06:45:00,2025-03-08 14:45:00,S,0.0129,0.012863,0.01298075502256163,0.012698112443595925,0.458,0.282,time,96
2025-03-08 16:05:00,2025-03-08 16:20:00,S,0.012798,0.0126409469944165,0.0128608212022334,0.0126409469944165,2.5,2.276,tp,3
2025-03-08 16:25:00,2025-03-09 00:25:00,S,0.012658,0.012685,0.012861758734952853,0.012148603162617871,-0.133,-0.201,time,96
2025-03-09 01:55:00,2025-03-09 09:55:00,S,0.012569,0.012507,0.012698586865595784,0.012245032836010541,0.478,0.372,time,96
2025-03-09 12:10:00,2025-03-09 13:00:00,S,0.012328,0.012401452273049982,0.012401452273049982,0.012144369317375045,-1.0,-1.185,sl,10
2025-03-09 13:55:00,2025-03-09 16:05:00,S,0.012287,0.011908412471440913,0.012438435011423634,0.011908412471440913,2.5,2.411,tp,26
2025-03-09 16:10:00,2025-03-10 00:10:00,S,0.011976,0.011686,0.012199150938750033,0.011418122653124918,1.3,1.241,time,96
2025-03-10 09:20:00,2025-03-10 14:15:00,L,0.012588,0.012168847359400407,0.012168847359400407,0.013635881601498983,-1.0,-1.033,sl,59
2025-03-10 14:20:00,2025-03-10 22:20:00,S,0.012117,0.01164,0.012712370195891021,0.010628574510272444,0.801,0.779,time,96
2025-03-11 00:35:00,2025-03-11 05:10:00,S,0.011151,0.011675151572980255,0.011675151572980255,0.00984062106754936,-1.0,-1.023,sl,55
2025-03-11 12:15:00,2025-03-11 13:25:00,S,0.011622,0.01181197317270963,0.01181197317270963,0.011147067068225928,-1.0,-1.067,sl,14
2025-03-11 14:35:00,2025-03-11 16:00:00,S,0.011454,0.011821458124604589,0.011821458124604589,0.01053535468848853,-1.0,-1.034,sl,17
2025-03-11 18:15:00,2025-03-12 02:15:00,L,0.012008,0.012238,0.011646116715847947,0.012912708210380132,0.636,0.599,time,96
2025-03-12 03:30:00,2025-03-12 08:35:00,S,0.012044,0.012213809895008518,0.012213809895008518,0.011619475262478703,-1.0,-1.078,sl,61
2025-03-12 08:40:00,2025-03-12 12:30:00,L,0.012196,0.012581034007345324,0.01204198639706187,0.012581034007345324,2.5,2.413,tp,46
2025-03-12 12:35:00,2025-03-12 13:55:00,L,0.0125,0.012212662400196942,0.012212662400196942,0.013218343999507647,-1.0,-1.048,sl,16
2025-03-12 14:05:00,2025-03-12 22:05:00,S,0.012174,0.012332,0.012514099697081164,0.011323750757297092,-0.465,-0.504,time,96
2025-03-13 00:05:00,2025-03-13 01:00:00,L,0.012371,0.012266040645986156,0.012266040645986156,0.01263339838503461,-1.0,-1.13,sl,11
2025-03-13 05:55:00,2025-03-13 09:20:00,S,0.012122,0.01228577890376733,0.01228577890376733,0.011712552740581677,-1.0,-1.081,sl,41
2025-03-13 09:25:00,2025-03-13 13:45:00,L,0.012267,0.012063655413285627,0.012063655413285627,0.012775361466785932,-1.0,-1.066,sl,52
2025-03-13 16:10:00,2025-03-13 23:05:00,S,0.011985,0.012119921960620644,0.012119921960620644,0.011647695098448391,-1.0,-1.098,sl,83
2025-03-14 01:45:00,2025-03-14 06:50:00,L,0.012145,0.012442027615772074,0.01202618895369117,0.012442027615772074,2.5,2.388,tp,61
2025-03-14 06:55:00,2025-03-14 10:35:00,L,0.012446,0.012719208998821736,0.012336716400471306,0.012719208998821736,2.5,2.375,tp,44
2025-03-14 10:40:00,2025-03-14 10:55:00,L,0.012712,0.012574933662012042,0.012574933662012042,0.013054665844969893,-1.0,-1.102,sl,3
2025-03-14 15:20:00,2025-03-14 23:20:00,L,0.012783,0.012804,0.01248734321956296,0.013522141951092598,0.071,0.023,time,96
2025-03-15 04:40:00,2025-03-15 05:30:00,L,0.012845,0.01272336961937799,0.01272336961937799,0.013149075951555027,-1.0,-1.116,sl,10
2025-03-15 20:25:00,2025-03-16 01:35:00,L,0.012804,0.012678709759544758,0.012678709759544758,0.0131172256011381,-1.0,-1.112,sl,62
2025-03-16 04:10:00,2025-03-16 11:05:00,L,0.012908,0.012754137216762548,0.012754137216762548,0.013292656958093629,-1.0,-1.092,sl,83
2025-03-16 11:10:00,2025-03-16 15:30:00,S,0.012825,0.012997978646392865,0.012997978646392865,0.012392553384017835,-1.0,-1.082,sl,52
2025-03-16 15:35:00,2025-03-16 23:35:00,L,0.013108,0.013141,0.012596539830305856,0.01438665042423536,0.065,0.036,time,96
2025-03-17 01:30:00,2025-03-17 09:30:00,L,0.013236,0.013221,0.013057425749738269,0.013682435625654327,-0.084,-0.166,time,96
2025-03-17 12:20:00,2025-03-17 18:45:00,S,0.01295,0.013173186441066003,0.013173186441066003,0.012392033897334991,-1.0,-1.064,sl,77
2025-03-17 18:50:00,2025-03-17 20:35:00,L,0.013172,0.012990664919008094,0.012990664919008094,0.013625337702479763,-1.0,-1.08,sl,21
2025-03-17 20:55:00,2025-03-18 04:55:00,S,0.012933,0.012704,0.013078766709078872,0.01256858322730282,1.571,1.473,time,96
2025-03-18 06:15:00,2025-03-18 08:35:00,S,0.012616,0.012720542206566975,0.012720542206566975,0.012354644483582564,-1.0,-1.133,sl,28
2025-03-18 10:20:00,2025-03-18 18:20:00,S,0.012511,0.012354,0.012703476370943913,0.012029809072640216,0.816,0.744,time,96
2025-03-19 11:15:00,2025-03-19 18:00:00,L,0.012741,0.012590071386603513,0.012590071386603513,0.01311832153349122,-1.0,-1.093,sl,81
2025-03-19 19:10:00,2025-03-20 03:10:00,L,0.012894,0.012904,0.012522496904077075,0.01382275773980731,0.027,-0.011,time,96
2025-03-20 07:20:00,2025-03-20 07:25:00,L,0.012854,0.012819931430203227,0.012819931430203227,0.012939171424491936,-1.0,-1.415,sl,1
2025-03-20 08:55:00,2025-03-20 10:15:00,L,0.012969,0.01277389614057411,0.01277389614057411,0.013456759648564725,-1.0,-1.073,sl,16
2025-03-20 10:20:00,2025-03-20 14:25:00,S,0.012696,0.012951395336232706,0.012951395336232706,0.012057511659418239,-1.0,-1.055,sl,49
2025-03-20 15:40:00,2025-03-20 23:10:00,S,0.012762,0.012948615882298656,0.012948615882298656,0.012295460294253362,-1.0,-1.075,sl,90
2025-03-20 23:15:00,2025-03-21 06:15:00,L,0.012956,0.012849929472020809,0.012849929472020809,0.013221176319947979,-1.0,-1.134,sl,84
2025-03-21 08:25:00,2025-03-21 12:55:00,S,0.012793,0.012525717065619304,0.012899913173752279,0.012525717065619304,2.5,2.368,tp,54
2025-03-21 13:00:00,2025-03-21 18:30:00,S,0.012511,0.012665847346346248,0.012665847346346248,0.01212388163413438,-1.0,-1.089,sl,66
2025-03-21 22:45:00,2025-03-22 06:45:00,S,0.012576,0.012662,0.012750583317450957,0.012139541706372608,-0.493,-0.572,time,96
2025-03-22 09:45:00,2025-03-22 11:05:00,L,0.012768,0.012677430448947518,0.012677430448947518,0.012994423877631205,-1.0,-1.155,sl,16
2025-03-22 11:15:00,2025-03-22 13:00:00,S,0.012666,0.012766290880878241,0.012766290880878241,0.012415272797804397,-1.0,-1.139,sl,21
2025-03-22 13:20:00,2025-03-22 21:20:00,L,0.01278,0.012835,0.0126679227378253,0.013060193155436748,0.491,0.365,time,96
2025-03-23 01:25:00,2025-03-23 09:25:00,L,0.012851,0.012986,0.012771470234960457,0.013049824412598856,1.697,1.52,time,96
2025-03-23 11:25:00,2025-03-23 12:15:00,L,0.013001,0.012935568398856899,0.012935568398856899,0.013164579002857755,-1.0,-1.219,sl,10
2025-03-23 22:10:00,2025-03-24 01:35:00,L,0.012914,0.01278914790996986,0.01278914790996986,0.01322613022507535,-1.0,-1.114,sl,41
2025-03-24 01:40:00,2025-03-24 04:45:00,S,0.012796,0.01304395157165522,0.01304395157165522,0.012176121070861952,-1.0,-1.057,sl,37
2025-03-24 04:50:00,2025-03-24 12:10:00,L,0.013046,0.013313592889473903,0.01293896284421044,0.013313592889473903,2.5,2.366,tp,88
2025-03-24 12:15:00,2025-03-24 20:15:00,L,0.013291,0.013656,0.013096794032990699,0.013776514917523255,1.879,1.804,time,96
2025-03-25 00:45:00,2025-03-25 03:40:00,L,0.013643,0.013438404038413084,0.013438404038413084,0.014154489903967291,-1.0,-1.073,sl,35
2025-03-25 13:35:00,2025-03-25 21:20:00,L,0.013544,0.013977272846141992,0.013370690861543204,0.013977272846141992,2.5,2.414,tp,93
2025-03-25 21:25:00,2025-03-25 23:05:00,L,0.01398,0.013779603532279286,0.013779603532279286,0.014480991169301783,-1.0,-1.077,sl,20
2025-03-26 01:00:00,2025-03-26 03:05:00,L,0.013968,0.014442154198813908,0.013778338320474436,0.014442154198813908,2.5,2.419,tp,25
2025-03-26 03:10:00,2025-03-26 07:30:00,L,0.014443,0.01525697199254823,0.014117411202980707,0.01525697199254823,2.5,2.451,tp,52
2025-03-26 07:35:00,2025-03-26 14:20:00,L,0.015197,0.014741688264810536,0.014741688264810536,0.016335279337973664,-1.0,-1.037,sl,81
2025-03-27 01:25:00,2025-03-27 09:25:00,L,0.01436,0.014276,0.014038975888922544,0.01516256027769364,-0.262,-0.311,time,96
2025-03-27 11:50:00,2025-03-27 19:50:00,S,0.014209,0.014035,0.014420126051249432,0.013681184871876417,0.824,0.75,time,96
2025-03-27 20:20:00,2025-03-28 04:20:00,S,0.013997,0.013756,0.014163793071636708,0.013580017320908234,1.445,1.353,time,96
2025-03-28 04:25:00,2025-03-28 04:40:00,S,0.013756,0.013601527830836376,0.013817788867665451,0.013601527830836376,2.5,2.255,tp,3
2025-03-28 04:45:00,2025-03-28 12:45:00,S,0.01347,0.013361,0.013820724781222577,0.012593188046943555,0.311,0.269,time,96
2025-03-28 15:20:00,2025-03-28 23:20:00,S,0.013208,0.013242,0.013350470089062722,0.012851824777343191,-0.239,-0.341,time,96
2025-03-29 03:00:00,2025-03-29 11:00:00,S,0.013125,0.012733,0.013309330595268504,0.012664173511828738,2.127,2.048,time,96
2025-03-29 11:25:00,2025-03-29 13:10:00,S,0.012668,0.012839067823837435,0.012839067823837435,0.012240330440406413,-1.0,-1.081,sl,21
2025-03-29 16:10:00,2025-03-30 00:10:00,S,0.012668,0.012661,0.01282108328212978,0.012285291794675551,0.046,-0.045,time,96
2025-03-30 05:55:00,2025-03-30 13:55:00,S,0.012714,0.012507,0.012802851466099177,0.012491871334752056,2.33,2.172,time,96
2025-03-30 14:00:00,2025-03-30 22:00:00,S,0.012507,0.012362,0.012692689470391578,0.012042776324021058,0.781,0.707,time,96
2025-03-30 22:05:00,2025-03-31 06:05:00,S,0.012362,0.012224,0.012580698083613262,0.011815254790966845,0.631,0.569,time,96
2025-03-31 07:15:00,2025-03-31 12:40:00,S,0.01212,0.012235005524346598,0.012235005524346598,0.011832486189133507,-1.0,-1.116,sl,65
2025-03-31 13:50:00,2025-03-31 14:30:00,S,0.012084,0.012366416339547492,0.012366416339547492,0.011377959151131267,-1.0,-1.047,sl,8
2025-03-31 22:05:00,2025-04-01 00:05:00,S,0.012347,0.01243796479521274,0.01243796479521274,0.01211958801196815,-1.0,-1.149,sl,24
2025-04-01 00:10:00,2025-04-01 05:15:00,L,0.012449,0.012758252590816236,0.012325298963673506,0.012758252590816236,2.5,2.389,tp,61
2025-04-01 05:20:00,2025-04-01 13:20:00,L,0.01277,0.012781,0.012640610154386498,0.013093474614033755,0.085,-0.024,time,96
2025-04-01 13:50:00,2025-04-01 14:10:00,L,0.012882,0.012691462106199133,0.012691462106199133,0.013358344734502165,-1.0,-1.074,sl,4
2025-04-01 15:15:00,2025-04-01 20:25:00,L,0.012975,0.012601531212226498,0.012601531212226498,0.013908671969433756,-1.0,-1.038,sl,62
2025-04-02 00:30:00,2025-04-02 05:50:00,S,0.012558,0.01213590138713444,0.012726839445146224,0.01213590138713444,2.5,2.418,tp,64
2025-04-02 05:55:00,2025-04-02 07:30:00,S,0.012137,0.012330887592294018,0.012330887592294018,0.011652281019264955,-1.0,-1.069,sl,19
2025-04-02 15:30:00,2025-04-02 22:00:00,L,0.012596,0.012398979529463828,0.012398979529463828,0.013088551176340429,-1.0,-1.07,sl,78
2025-04-02 22:20:00,2025-04-03 06:20:00,S,0.012157,0.0123,0.012518409162817367,0.011253477092956581,-0.396,-0.433,time,96
2025-04-03 06:50:00,2025-04-03 12:40:00,S,0.012251,0.011963141166994384,0.012366143533202246,0.011963141166994384,2.5,2.383,tp,70
2025-04-03 12:45:00,2025-04-03 14:00:00,S,0.011935,0.012153678161239441,0.012153678161239441,0.011388304596901395,-1.0,-1.06,sl,15
2025-04-04 05:05:00,2025-04-04 05:25:00,S,0.012004,0.012125980510504196,0.012125980510504196,0.011699048723739513,-1.0,-1.108,sl,4
2025-04-04 07:10:00,2025-04-04 08:35:00,L,0.012231,0.012464595579127814,0.012137561768348876,0.012464595579127814,2.5,2.356,tp,17
2025-04-04 08:40:00,2025-04-04 10:20:00,L,0.012463,0.012263750487751439,0.012263750487751439,0.012961123780621404,-1.0,-1.069,sl,20
2025-04-04 10:35:00,2025-04-04 18:35:00,S,0.012215,0.012265,0.012536664922037026,0.011410837694907435,-0.155,-0.197,time,96
2025-04-04 21:45:00,2025-04-05 04:50:00,L,0.012338,0.012261757673879123,0.012261757673879123,0.012528605815302194,-1.0,-1.178,sl,85
2025-04-05 07:50:00,2025-04-05 12:30:00,L,0.01238,0.01227693712899964,0.01227693712899964,0.0126376571775009,-1.0,-1.132,sl,56
2025-04-05 12:35:00,2025-04-05 20:35:00,S,0.01226,0.012262,0.012360140805528382,0.012009647986179045,-0.02,-0.155,time,96
2025-04-06 07:00:00,2025-04-06 13:35:00,S,0.012162,0.011836691162852547,0.01229212353485898,0.011836691162852547,2.5,2.397,tp,79
2025-04-06 13:40:00,2025-04-06 18:20:00,S,0.011839,0.011358982370144844,0.012031007051942063,0.011358982370144844,2.5,2.432,tp,56
2025-04-06 18:25:00,2025-04-07 02:25:00,S,0.011425,0.011353,0.011828575581924163,0.010416061045189592,0.178,0.147,time,96
2025-04-07 03:35:00,2025-04-07 06:45:00,S,0.011113,0.010385720994740662,0.011403911602103734,0.010385720994740662,2.5,2.458,tp,38
2025-04-07 06:50:00,2025-04-07 10:20:00,S,0.010522,0.011058033245223278,0.011058033245223278,0.009181916886941806,-1.0,-1.022,sl,42
2025-04-07 22:20:00,2025-04-08 01:00:00,L,0.011501,0.011335745987969863,0.011335745987969863,0.011914135030075344,-1.0,-1.077,sl,32
2025-04-08 01:45:00,2025-04-08 06:10:00,L,0.011607,0.011327189184769633,0.011327189184769633,0.012306527038075915,-1.0,-1.046,sl,53
2025-04-08 06:15:00,2025-04-08 14:15:00,S,0.01132,0.011404,0.011493970121441198,0.010885074696397004,-0.483,-0.554,time,96
2025-04-08 14:55:00,2025-04-08 22:35:00,S,0.011184,0.010526728785172478,0.011446908485931008,0.010526728785172478,2.5,2.453,tp,92
2025-04-09 01:20:00,2025-04-09 04:35:00,S,0.010393,0.010735004897667497,0.010735004897667497,0.009537987755831256,-1.0,-1.033,sl,39
2025-04-09 11:40:00,2025-04-09 13:35:00,S,0.010767,0.011086031694410473,0.011086031694410473,0.009969420763973818,-1.0,-1.037,sl,23
2025-04-09 17:05:00,2025-04-09 17:30:00,L,0.011208,0.011712305281804475,0.01100627788727821,0.011712305281804475,2.5,2.439,tp,5
2025-04-09 17:35:00,2025-04-10 01:35:00,L,0.011712,0.011802,0.011048701654827145,0.013370245862932138,0.136,0.116,time,96
2025-04-10 05:10:00,2025-04-10 13:10:00,L,0.011879,0.011928,0.01170626027326505,0.012310849316837374,0.284,0.208,time,96
2025-04-10 15:30:00,2025-04-10 23:30:00,S,0.011703,0.011634,0.012038995243175452,0.010863011892061368,0.205,0.167,time,96
2025-04-11 01:50:00,2025-04-11 09:50:00,L,0.011786,0.012022,0.01159106173373891,0.012273345665652725,1.211,1.144,time,96
2025-04-11 10:35:00,2025-04-11 11:10:00,L,0.012075,0.011971130099351855,0.011971130099351855,0.012334674751620365,-1.0,-1.128,sl,7
2025-04-11 17:45:00,2025-04-12 01:45:00,L,0.012222,0.012144,0.012005146294826541,0.012764134262933647,-0.36,-0.422,time,96
2025-04-12 04:35:00,2025-04-12 12:35:00,L,0.012141,0.012304,0.01204080504164652,0.012391487395883704,1.627,1.494,time,96
2025-04-12 13:45:00,2025-04-12 21:45:00,L,0.012384,0.012576,0.012246046047145794,0.012728884882135512,1.392,1.293,time,96
2025-04-13 08:50:00,2025-04-13 11:15:00,L,0.012386,0.012294546892027747,0.012294546892027747,0.01261463276993063,-1.0,-1.149,sl,29
2025-04-13 12:30:00,2025-04-13 15:30:00,S,0.012237,0.012028201590656477,0.012320519363737409,0.012028201590656477,2.5,2.339,tp,36
2025-04-13 15:35:00,2025-04-13 16:25:00,S,0.01202,0.012142533482348459,0.012142533482348459,0.01171366629412885,-1.0,-1.108,sl,10
2025-04-13 17:10:00,2025-04-13 19:35:00,L,0.012166,0.012054578128823048,0.012054578128823048,0.01244455467794238,-1.0,-1.12,sl,29
2025-04-13 19:40:00,2025-04-14 03:40:00,S,0.012028,0.01229,0.01242380231984786,0.011038494200380354,-0.662,-0.695,time,96
2025-04-14 06:10:00,2025-04-14 12:00:00,S,0.012186,0.012378586435276345,0.012378586435276345,0.01170453391180914,-1.0,-1.07,sl,70
2025-04-14 12:05:00,2025-04-14 13:30:00,L,0.012322,0.012260347477012962,0.012260347477012962,0.012476131307467594,-1.0,-1.22,sl,17
2025-04-14 13:35:00,2025-04-14 14:50:00,S,0.01225,0.012408462119763226,0.012408462119763226,0.011853844700591937,-1.0,-1.085,sl,15
2025-04-14 14:55:00,2025-04-14 15:35:00,L,0.012388,0.012171632232234886,0.012171632232234886,0.012928919419412785,-1.0,-1.063,sl,8
2025-04-14 15:40:00,2025-04-14 23:40:00,S,0.012108,0.01197,0.012424148946787228,0.011317627633031933,0.437,0.394,time,96
2025-04-15 00:25:00,2025-04-15 08:25:00,S,0.011908,0.011955,0.012060943296820288,0.01152564175794928,-0.307,-0.393,time,96
2025-04-15 14:20:00,2025-04-15 22:20:00,S,0.011906,0.011716,0.012134359796837735,0.011335100507905661,0.832,0.775,time,96
2025-04-15 22:50:00,2025-04-16 06:50:00,S,0.011686,0.011696,0.011813877605691607,0.011366305985770984,-0.078,-0.179,time,96
2025-04-16 08:05:00,2025-04-16 12:20:00,S,0.011557,0.011717913391079852,0.011717913391079852,0.011154716522300368,-1.0,-1.079,sl,51
2025-04-16 17:50:00,2025-04-16 21:25:00,S,0.011615,0.011957580152271993,0.011957580152271993,0.01075854961932002,-1.0,-1.037,sl,43
2025-04-16 21:30:00,2025-04-17 03:25:00,L,0.011937,0.011773745907177918,0.011773745907177918,0.012345135232055203,-1.0,-1.08,sl,71
2025-04-17 03:30:00,2025-04-17 04:45:00,S,0.011749,0.011878280817307152,0.011878280817307152,0.011425797956732122,-1.0,-1.1,sl,15
2025-04-17 05:35:00,2025-04-17 13:05:00,L,0.011943,0.01183563273286702,0.01183563273286702,0.012211418167832454,-1.0,-1.122,sl,90
2025-04-17 13:35:00,2025-04-17 16:25:00,S,0.011811,0.01191476714770339,0.01191476714770339,0.011551582130741528,-1.0,-1.125,sl,34
2025-04-17 16:30:00,2025-04-18 00:30:00,L,0.011913,0.01171,0.011698968209397366,0.012448079476506585,-0.948,-1.01,time,96
2025-04-18 00:35:00,2025-04-18 05:35:00,S,0.01171,0.011825614913966623,0.011825614913966623,0.011420962715083444,-1.0,-1.111,sl,60
2025-04-18 05:40:00,2025-04-18 08:40:00,L,0.011836,0.01202472398385435,0.01176051040645826,0.01202472398385435,2.5,2.328,tp,36
2025-04-18 08:45:00,2025-04-18 16:45:00,L,0.012011,0.012129,0.011912317545865725,0.01225770613533569,1.196,1.062,time,96
2025-04-18 17:05:00,2025-04-18 18:05:00,L,0.012171,0.012338361673588852,0.012104055330564458,0.012338361673588852,2.5,2.3,tp,12
2025-04-18 18:10:00,2025-04-19 02:10:00,L,0.012326,0.012227,0.01216748769820086,0.012722280754497852,-0.625,-0.71,time,96
2025-04-19 03:05:00,2025-04-19 06:35:00,L,0.012309,0.012174991992466208,0.012174991992466208,0.012644020018834481,-1.0,-1.101,sl,42
2025-04-19 17:40:00,2025-04-20 01:40:00,L,0.012235,0.012362,0.01210907974787573,0.012549800630310672,1.009,0.902,time,96
2025-04-20 07:05:00,2025-04-20 08:45:00,L,0.01245,0.01231868879381219,0.01231868879381219,0.01277827801546952,-1.0,-1.104,sl,20
2025-04-20 10:45:00,2025-04-20 14:05:00,S,0.01219,0.012268000639733451,0.012268000639733451,0.01199499840066637,-1.0,-1.172,sl,40
2025-04-20 14:10:00,2025-04-20 22:10:00,L,0.012287,0.012355,0.012157406842030543,0.012610982894923638,0.525,0.42,time,96
2025-04-21 00:35:00,2025-04-21 08:35:00,L,0.01257,0.01271,0.01231567625749371,0.013205809356265724,0.55,0.496,time,96
2025-04-21 14:30:00,2025-04-21 16:45:00,L,0.012677,0.012454273283223244,0.012454273283223244,0.013233816791941893,-1.0,-1.063,sl,27
2025-04-21 16:55:00,2025-04-22 00:55:00,S,0.012407,0.012276,0.012590647960620259,0.011947880098449352,0.713,0.639,time,96
2025-04-22 01:20:00,2025-04-22 09:20:00,L,0.012432,0.012522,0.012153714665713078,0.013127713335717307,0.323,0.274,time,96
2025-04-22 11:45:00,2025-04-22 12:30:00,L,0.012578,0.012694914129707913,0.012531234348116836,0.012694914129707913,2.5,2.204,tp,9
2025-04-22 12:35:00,2025-04-22 18:00:00,L,0.01274,0.013162240947876238,0.012571103620849504,0.013162240947876238,2.5,2.417,tp,65
2025-04-22 18:05:00,2025-04-22 21:45:00,L,0.013166,0.013631088703360054,0.01297996451865598,0.013631088703360054,2.5,2.422,tp,44
2025-04-22 21:50:00,2025-04-23 05:50:00,L,0.01374,0.013767,0.013232140868687388,0.015009647828281533,0.053,0.023,time,96
2025-04-23 09:20:00,2025-04-23 10:05:00,L,0.013746,0.01367931603225113,0.01367931603225113,0.013912709919372174,-1.0,-1.227,sl,9
2025-04-23 13:40:00,2025-04-23 13:55:00,L,0.01359,0.013494223137603598,0.013494223137603598,0.013829442155991002,-1.0,-1.156,sl,3
2025-04-23 17:55:00,2025-04-23 19:25:00,L,0.013643,0.013458933267765772,0.013458933267765772,0.014103166830585571,-1.0,-1.082,sl,18
2025-04-24 00:05:00,2025-04-24 00:25:00,L,0.013545,0.013479053609198002,0.013479053609198002,0.013709865977004992,-1.0,-1.226,sl,4
2025-04-24 02:50:00,2025-04-24 10:50:00,S,0.013305,0.013125,0.013496232666358984,0.012826918334102544,0.941,0.865,time,96
2025-04-24 13:05:00,2025-04-24 14:05:00,L,0.013166,0.013395945025850823,0.013074021989659672,0.013395945025850823,2.5,2.343,tp,12
2025-04-24 14:10:00,2025-04-24 22:10:00,L,0.013408,0.01359,0.013156150182990892,0.01403762454252277,0.723,0.664,time,96
2025-04-24 23:45:00,2025-04-25 07:45:00,L,0.013753,0.014056,0.013536350113630911,0.014294624715922721,1.399,1.329,time,96
2025-04-25 08:00:00,2025-04-25 08:30:00,L,0.014144,0.014011226062513314,0.014011226062513314,0.014475934843716717,-1.0,-1.117,sl,6
2025-04-25 09:00:00,2025-04-25 12:50:00,L,0.014128,0.01400194420744119,0.01400194420744119,0.014443139481397025,-1.0,-1.123,sl,46
2025-04-25 21:15:00,2025-04-26 00:15:00,L,0.013976,0.014317063416698451,0.01383957463332062,0.014317063416698451,2.5,2.387,tp,36
2025-04-26 00:20:00,2025-04-26 01:50:00,L,0.014351,0.015109651569349585,0.014047539372260165,0.015109651569349585,2.5,2.448,tp,18
2025-04-26 01:55:00,2025-04-26 09:55:00,L,0.01508,0.014441,0.014317807974207059,0.01698548006448235,-0.838,-0.86,time,96
2025-04-26 18:55:00,2025-04-27 01:20:00,S,0.014123,0.013930526989407582,0.014199989204236967,0.013930526989407582,2.5,2.298,tp,77
2025-04-27 01:25:00,2025-04-27 09:25:00,S,0.013904,0.013759,0.014186374282945995,0.013198064292635012,0.514,0.459,time,96
2025-04-27 10:40:00,2025-04-27 18:40:00,S,0.013677,0.013594,0.013834903388087577,0.013282241529781058,0.526,0.43,time,96
2025-04-27 22:15:00,2025-04-28 06:10:00,S,0.013492,0.013677754187134157,0.013677754187134157,0.013027614532164607,-1.0,-1.08,sl,95
2025-04-28 06:15:00,2025-04-28 07:30:00,L,0.013665,0.013889719277161573,0.01357511228913537,0.013889719277161573,2.5,2.333,tp,15
2025-04-28 07:35:00,2025-04-28 13:35:00,L,0.013886,0.013657703548454513,0.013657703548454513,0.01445674112886372,-1.0,-1.067,sl,72
2025-04-28 13:40:00,2025-04-28 21:40:00,S,0.013627,0.013631,0.01388406827527614,0.01298432931180965,-0.016,-0.074,time,96
2025-04-28 23:40:00,2025-04-29 04:45:00,L,0.013729,0.013624455540952655,0.013624455540952655,0.013990361147618362,-1.0,-1.144,sl,61
2025-04-29 05:05:00,2025-04-29 06:25:00,S,0.013585,0.013809582907964397,0.013809582907964397,0.013023542730089006,-1.0,-1.067,sl,16
2025-04-29 06:30:00,2025-04-29 10:45:00,L,0.013752,0.013577330964328432,0.013577330964328432,0.014188672589178922,-1.0,-1.087,sl,51
2025-04-29 10:50:00,2025-04-29 18:50:00,S,0.013573,0.013727,0.013774092784348588,0.01307026803912853,-0.766,-0.84,time,96
2025-04-29 20:35:00,2025-04-30 04:35:00,S,0.013534,0.013431,0.013681217500034051,0.01316595624991487,0.7,0.599,time,96
2025-04-30 07:00:00,2025-04-30 11:00:00,S,0.013358,0.013441618172978618,0.013441618172978618,0.013148954567553455,-1.0,-1.176,sl,48
2025-04-30 12:35:00,2025-04-30 20:35:00,S,0.013292,0.013312,0.013533607126140419,0.012687982184648953,-0.083,-0.143,time,96
2025-05-01 04:05:00,2025-05-01 08:20:00,S,0.013242,0.013379050400808728,0.013379050400808728,0.012899373997978181,-1.0,-1.106,sl,51
2025-05-01 09:05:00,2025-05-01 12:05:00,L,0.013371,0.013637633118281561,0.013264346752687374,0.013637633118281561,2.5,2.362,tp,36
2025-05-01 12:10:00,2025-05-01 13:35:00,L,0.013653,0.01349942781580827,0.01349942781580827,0.014036930460479328,-1.0,-1.098,sl,17
2025-05-01 13:45:00,2025-05-01 15:10:00,S,0.013483,0.0136665427057271,0.0136665427057271,0.01302414323568225,-1.0,-1.081,sl,17
2025-05-01 15:15:00,2025-05-01 23:15:00,L,0.013719,0.013546,0.013426368046497916,0.014450579883755211,-0.591,-0.643,time,96
2025-05-02 02:50:00,2025-05-02 04:30:00,L,0.013637,0.013475447950826861,0.013475447950826861,0.014040880122932847,-1.0,-1.093,sl,20
2025-05-02 04:35:00,2025-05-02 12:35:00,S,0.013446,0.01339,0.013625527265195019,0.012997181837012452,0.312,0.23,time,96
2025-05-02 12:55:00,2025-05-02 19:35:00,L,0.013493,0.013313600594078602,0.013313600594078602,0.013941498514803493,-1.0,-1.083,sl,80
2025-05-02 19:40:00,2025-05-03 03:40:00,S,0.01332,0.013338,0.013497263441448235,0.012876841396379415,-0.102,-0.184,time,96
2025-05-03 07:15:00,2025-05-03 09:55:00,S,0.013265,0.013174964580734864,0.013301014167706056,0.013174964580734864,2.5,2.095,tp,32
2025-05-03 10:35:00,2025-05-03 13:00:00,S,0.013152,0.013247845773846903,0.013247845773846903,0.012912385565382746,-1.0,-1.151,sl,29
2025-05-03 16:15:00,2025-05-04 00:15:00,S,0.013135,0.012961,0.013286780697675648,0.012755548255810883,1.146,1.051,time,96
2025-05-04 00:30:00,2025-05-04 01:55:00,S,0.012916,0.013036610677431658,0.013036610677431658,0.012614473306420855,-1.0,-1.118,sl,17
2025-05-04 08:40:00,2025-05-04 13:45:00,S,0.013,0.01278806777294127,0.013084772890823491,0.01278806777294127,2.5,2.331,tp,61
2025-05-04 13:50:00,2025-05-04 21:50:00,S,0.012812,0.012791,0.012965048578798596,0.012429378553003512,0.137,0.045,time,96
2025-05-04 22:35:00,2025-05-05 02:20:00,S,0.012607,0.0127994807671009,0.0127994807671009,0.01212579808224775,-1.0,-1.072,sl,45
2025-05-05 10:15:00,2025-05-05 18:15:00,S,0.012793,0.01279,0.012908443358681743,0.012504391603295646,0.026,-0.096,time,96
2025-05-05 20:35:00,2025-05-05 22:40:00,S,0.012548,0.012838334666210293,0.012838334666210293,0.011822163334474268,-1.0,-1.048,sl,25
2025-05-06 00:25:00,2025-05-06 08:25:00,S,0.012659,0.012475,0.012791098022855666,0.012328754942860835,1.393,1.287,time,96
2025-05-06 09:50:00,2025-05-06 17:50:00,S,0.012492,0.012446,0.012606423680288154,0.012205940799279613,0.402,0.282,time,96
2025-05-06 20:45:00,2025-05-06 22:00:00,S,0.012456,0.012595042887452777,0.012595042887452777,0.012108392781368058,-1.0,-1.099,sl,15
2025-05-06 22:05:00,2025-05-07 06:05:00,L,0.012606,0.012755,0.0122770430164089,0.013428392458977747,0.453,0.411,time,96
2025-05-07 07:35:00,2025-05-07 15:35:00,L,0.012839,0.012746,0.012681370587685984,0.013233073530785039,-0.59,-0.68,time,96
2025-05-07 16:05:00,2025-05-07 22:35:00,S,0.012675,0.012785135532563576,0.012785135532563576,0.01239966116859106,-1.0,-1.127,sl,78
2025-05-07 22:40:00,2025-05-08 03:15:00,L,0.01279,0.013095444178796089,0.012667822328481564,0.013095444178796089,2.5,2.385,tp,55
2025-05-08 03:20:00,2025-05-08 11:20:00,L,0.013087,0.01343,0.012887789818405623,0.013585025453985941,1.722,1.65,time,96
2025-05-08 13:35:00,2025-05-08 13:45:00,L,0.013494,0.013422679930396964,0.013422679930396964,0.013672300174007591,-1.0,-1.208,sl,2
2025-05-08 14:35:00,2025-05-08 20:00:00,L,0.013614,0.014105641735960156,0.013417343305615937,0.014105641735960156,2.5,2.424,tp,65
2025-05-08 20:05:00,2025-05-09 04:05:00,L,0.014168,0.014214,0.013924209104638671,0.014777477238403322,0.189,0.125,time,96
2025-05-09 06:55:00,2025-05-09 07:40:00,L,0.014443,0.01484465460643632,0.01428233815742547,0.01484465460643632,2.5,2.401,tp,9
2025-05-09 07:45:00,2025-05-09 15:45:00,L,0.01485,0.014842,0.014311202227681376,0.01619699443079656,-0.015,-0.045,time,96
2025-05-09 18:05:00,2025-05-10 02:05:00,L,0.015012,0.015116,0.014723560190566335,0.01573309952358416,0.361,0.303,time,96
2025-05-10 06:10:00,2025-05-10 14:10:00,L,0.015562,0.015829,0.015092149353099188,0.016736626617252028,0.568,0.532,time,96
2025-05-10 16:20:00,2025-05-10 17:30:00,L,0.015858,0.016381606504697846,0.015648557398120863,0.016381606504697846,2.5,2.417,tp,14
2025-05-10 17:35:00,2025-05-10 19:15:00,L,0.016408,0.01581096458597783,0.01581096458597783,0.017900588535055426,-1.0,-1.03,sl,20
2025-05-10 22:40:00,2025-05-11 00:00:00,L,0.016369,0.017097847282719042,0.016077461086912385,0.017097847282719042,2.5,2.438,tp,16
2025-05-11 00:05:00,2025-05-11 00:25:00,L,0.017098,0.0164284620231042,0.0164284620231042,0.018771844942239494,-1.0,-1.028,sl,4
2025-05-11 11:25:00,2025-05-11 13:30:00,L,0.016096,0.015879308311391883,0.015879308311391883,0.016637729221520292,-1.0,-1.082,sl,25
2025-05-11 18:45:00,2025-05-11 22:40:00,L,0.015985,0.015787930220781364,0.015787930220781364,0.016477674448046587,-1.0,-1.089,sl,47
2025-05-12 00:40:00,2025-05-12 07:10:00,L,0.016133,0.016893198610930332,0.01582892055562787,0.016893198610930332,2.5,2.442,tp,78
2025-05-12 07:15:00,2025-05-12 14:25:00,L,0.016948,0.016220952064144124,0.016220952064144124,0.018765619839639695,-1.0,-1.026,sl,86
2025-05-12 15:05:00,2025-05-12 23:05:00,S,0.016004,0.015804,0.016732762364067153,0.01418209408983212,0.274,0.25,time,96
2025-05-13 00:15:00,2025-05-13 08:15:00,S,0.015532,0.015331,0.01586593530492122,0.014697161737696949,0.602,0.551,time,96
2025-05-13 14:15:00,2025-05-13 16:05:00,S,0.0155,0.015838513279605743,0.015838513279605743,0.014653716800985641,-1.0,-1.05,sl,22
2025-05-13 16:10:00,2025-05-14 00:10:00,L,0.015878,0.016255,0.015518821297551123,0.016775946756122193,1.05,1.001,time,96
2025-05-14 05:50:00,2025-05-14 07:15:00,L,0.016519,0.016229550170366855,0.016229550170366855,0.01724262457408286,-1.0,-1.063,sl,17
2025-05-14 08:05:00,2025-05-14 16:05:00,S,0.016099,0.015836,0.01641199700609209,0.015316507484769771,0.84,0.784,time,96
2025-05-14 17:15:00,2025-05-15 01:15:00,S,0.015551,0.015776,0.015918021426481768,0.014633446433795584,-0.613,-0.66,time,96
2025-05-15 01:40:00,2025-05-15 09:40:00,S,0.015562,0.014916,0.015900570584816313,0.014715573537959216,1.908,1.857,time,96
2025-05-15 10:35:00,2025-05-15 12:30:00,S,0.014801,0.015111382243730747,0.015111382243730747,0.014025044390673133,-1.0,-1.052,sl,23
2025-05-15 13:50:00,2025-05-15 17:20:00,S,0.014759,0.01513515847648822,0.01513515847648822,0.013818603808779448,-1.0,-1.043,sl,42
2025-05-15 18:50:00,2025-05-16 02:50:00,S,0.014736,0.015063,0.015241284733694226,0.013472788165764438,-0.647,-0.679,time,96
2025-05-16 08:40:00,2025-05-16 09:55:00,S,0.014727,0.015052688588414381,0.015052688588414381,0.013912778528964049,-1.0,-1.05,sl,15
2025-05-16 13:05:00,2025-05-16 13:35:00,S,0.014978,0.015092320843802576,0.015092320843802576,0.014692197890493561,-1.0,-1.144,sl,6
2025-05-16 14:50:00,2025-05-16 22:50:00,S,0.014899,0.01443,0.01515558577881105,0.014257535552972378,1.828,1.764,time,96
2025-05-16 22:55:00,2025-05-17 06:55:00,S,0.01443,0.014308,0.014804182116407627,0.013494544708980932,0.326,0.284,time,96
2025-05-17 09:00:00,2025-05-17 15:35:00,S,0.014164,0.014320762234729535,0.014320762234729535,0.01377209441317616,-1.0,-1.099,sl,79
2025-05-17 16:50:00,2025-05-18 00:50:00,S,0.013991,0.014216,0.01432940225208874,0.01314499436977815,-0.665,-0.71,time,96
2025-05-18 05:05:00,2025-05-18 08:45:00,L,0.014419,0.014760441066905676,0.014282423573237729,0.014760441066905676,2.5,2.384,tp,44
2025-05-18 08:50:00,2025-05-18 16:50:00,L,0.014776,0.015196,0.014532792850366927,0.01538401787408268,1.727,1.66,time,96
2025-05-18 18:05:00,2025-05-19 02:05:00,S,0.014688,0.014542,0.015240566018942756,0.01330658495264311,0.264,0.235,time,96
2025-05-19 03:10:00,2025-05-19 06:35:00,S,0.014458,0.014001402769506644,0.014640638892197343,0.014001402769506644,2.5,2.413,tp,41
2025-05-19 06:40:00,2025-05-19 14:40:00,S,0.014057,0.014254,0.01430851231083297,0.013428219222917577,-0.783,-0.845,time,96
2025-05-19 16:35:00,2025-05-19 17:05:00,L,0.014354,0.014644385259832773,0.014237845896066892,0.014644385259832773,2.5,2.364,tp,6
2025-05-19 17:10:00,2025-05-20 01:10:00,L,0.014639,0.014566,0.01425218779660369,0.01560603050849077,-0.189,-0.23,time,96
2025-05-20 02:00:00,2025-05-20 06:30:00,L,0.014727,0.01449458923698968,0.01449458923698968,0.015308026907525802,-1.0,-1.07,sl,54
2025-05-20 07:10:00,2025-05-20 10:20:00,S,0.014535,0.014256180860732475,0.014646527655707009,0.014256180860732475,2.5,2.357,tp,38
2025-05-20 10:25:00,2025-05-20 18:25:00,S,0.014302,0.014254,0.014437350610013026,0.013963623474967437,0.355,0.238,time,96
2025-05-20 18:50:00,2025-05-20 19:55:00,S,0.01416,0.014430905417219,0.014430905417219,0.013482736456952502,-1.0,-1.057,sl,13
2025-05-20 20:00:00,2025-05-21 04:00:00,L,0.014439,0.014661,0.014112496371833516,0.015255259070416211,0.68,0.631,time,96
2025-05-21 04:40:00,2025-05-21 07:20:00,L,0.014741,0.01458370665828425,0.01458370665828425,0.015134233354289376,-1.0,-1.103,sl,32
2025-05-21 08:35:00,2025-05-21 13:50:00,S,0.0145,0.01463648412505936,0.01463648412505936,0.0141587896873516,-1.0,-1.117,sl,63
2025-05-21 14:00:00,2025-05-21 16:30:00,L,0.014604,0.015033180648430115,0.014432327740627955,0.015033180648430115,2.5,2.406,tp,30
2025-05-21 16:35:00,2025-05-21 17:20:00,L,0.015095,0.014655196602641725,0.014655196602641725,0.01619450849339569,-1.0,-1.038,sl,9
2025-05-21 17:30:00,2025-05-22 01:30:00,S,0.014358,0.015102,0.01518429745417761,0.012292256364555974,-0.9,-0.92,time,96
2025-05-22 01:35:00,2025-05-22 09:35:00,L,0.015102,0.015384,0.014804735987946925,0.015845160030132692,0.949,0.893,time,96
2025-05-22 22:35:00,2025-05-23 02:35:00,L,0.015304,0.01591116412464004,0.015061134350143984,0.01591116412464004,2.5,2.431,tp,48
2025-05-23 02:40:00,2025-05-23 04:30:00,L,0.015994,0.015518174295438452,0.015518174295438452,0.017183564261403873,-1.0,-1.037,sl,22
2025-05-23 09:20:00,2025-05-23 11:35:00,L,0.01566,0.015405237494825278,0.015405237494825278,0.016296906262936804,-1.0,-1.068,sl,27
2025-05-23 11:40:00,2025-05-23 11:45:00,S,0.015462,0.015020773283044018,0.015638490686782393,0.015020773283044018,2.5,2.404,tp,1
2025-05-23 11:50:00,2025-05-23 19:50:00,S,0.015053,0.014683,0.01563483256029433,0.013598418599264177,0.636,0.607,time,96
2025-05-23 20:05:00,2025-05-23 23:35:00,S,0.014637,0.014259051568363632,0.014788179372654548,0.014259051568363632,2.5,2.393,tp,42
2025-05-23 23:40:00,2025-05-24 07:40:00,S,0.014261,0.014387,0.014585136442991442,0.013450658892521391,-0.389,-0.437,time,96
2025-05-24 07:50:00,2025-05-24 10:30:00,S,0.014362,0.014470899248121524,0.014470899248121524,0.014089751879696188,-1.0,-1.145,sl,32
2025-05-24 13:20:00,2025-05-24 15:05:00,S,0.014403,0.01447039619320403,0.01447039619320403,0.014234509516989919,-1.0,-1.235,sl,21
2025-05-24 23:05:00,2025-05-24 23:30:00,S,0.014301,0.014408276940389268,0.014408276940389268,0.01403280764902683,-1.0,-1.147,sl,5
2025-05-25 00:50:00,2025-05-25 04:55:00,S,0.014254,0.014462824328858596,0.014462824328858596,0.013731939177853508,-1.0,-1.075,sl,49
2025-05-25 06:05:00,2025-05-25 06:20:00,L,0.014502,0.014443243469480936,0.014443243469480936,0.014648891326297656,-1.0,-1.271,sl,3
2025-05-25 06:40:00,2025-05-25 08:00:00,L,0.014515,0.014428954472739137,0.014428954472739137,0.014730113818152158,-1.0,-1.186,sl,16
2025-05-25 08:05:00,2025-05-25 16:05:00,S,0.014408,0.014081,0.014682163458036203,0.013722591354909497,1.193,1.135,time,96
2025-05-25 22:10:00,2025-05-26 06:10:00,L,0.014228,0.0146,0.013998223155724727,0.01480244211068818,1.619,1.551,time,96
2025-05-26 07:00:00,2025-05-26 08:45:00,L,0.014653,0.014570654112623654,0.014570654112623654,0.014858864718440862,-1.0,-1.196,sl,21
2025-05-26 12:55:00,2025-05-26 13:50:00,L,0.014576,0.014443621409909698,0.014443621409909698,0.014906946475225755,-1.0,-1.121,sl,11
2025-05-26 13:55:00,2025-05-26 21:55:00,S,0.014381,0.014396,0.014594877145929679,0.013846307135175802,-0.07,-0.144,time,96
2025-05-27 01:15:00,2025-05-27 03:15:00,S,0.014169,0.014459348430004324,0.014459348430004324,0.013443128924989188,-1.0,-1.054,sl,24
2025-05-27 07:55:00,2025-05-27 13:15:00,L,0.01447,0.014667160183747162,0.014391135926501136,0.014667160183747162,2.5,2.298,tp,64
2025-05-27 13:20:00,2025-05-27 14:25:00,L,0.014661,0.014456422089543322,0.014456422089543322,0.015172444776141696,-1.0,-1.079,sl,13
2025-05-27 21:25:00,2025-05-28 05:25:00,S,0.014469,0.014323,0.014587986857778587,0.014171532855553531,1.227,1.093,time,96
2025-05-28 06:40:00,2025-05-28 12:20:00,S,0.014234,0.014360144960475833,0.014360144960475833,0.013918637598810419,-1.0,-1.124,sl,68
2025-05-28 14:00:00,2025-05-28 22:00:00,S,0.014196,0.01416,0.01440375457390846,0.01367661356522885,0.173,0.098,time,96
2025-05-28 23:20:00,2025-05-29 07:20:00,L,0.014283,0.014423,0.014096931191848848,0.014748172020377884,0.752,0.668,time,96
2025-05-29 08:20:00,2025-05-29 12:40:00,L,0.014439,0.014334468734598402,0.014334468734598402,0.014700328163503995,-1.0,-1.152,sl,52
2025-05-29 12:45:00,2025-05-29 20:45:00,S,0.014293,0.014038,0.014477282695596439,0.013832293261008903,1.384,1.298,time,96
2025-05-29 23:20:00,2025-05-30 00:45:00,S,0.013999,0.013699042358002768,0.014118983056798892,0.013699042358002768,2.5,2.372,tp,17
2025-05-30 00:50:00,2025-05-30 08:50:00,S,0.013673,0.013381,0.013984341155017335,0.01289464711245666,0.938,0.89,time,96
2025-05-30 16:35:00,2025-05-31 00:35:00,S,0.01281,0.012724,0.01332850964640011,0.011513725883999727,0.166,0.139,time,96
2025-05-31 01:10:00,2025-05-31 09:10:00,S,0.012515,0.012494,0.012764791137126379,0.011890522157184053,0.084,0.029,time,96
2025-05-31 10:40:00,2025-05-31 12:50:00,S,0.012351,0.012516190085648962,0.012516190085648962,0.011938024785877598,-1.0,-1.082,sl,26
2025-05-31 23:05:00,2025-06-01 07:05:00,S,0.012788,0.012776,0.012908939370915449,0.01248565157271138,0.099,-0.017,time,96
2025-06-01 07:50:00,2025-06-01 09:30:00,S,0.01278,0.01260059518066708,0.012851761927733168,0.01260059518066708,2.5,2.304,tp,20
2025-06-01 09:35:00,2025-06-01 11:35:00,S,0.012608,0.012781627114197655,0.012781627114197655,0.01217393221450586,-1.0,-1.08,sl,24
2025-06-01 14:05:00,2025-06-01 22:05:00,L,0.01283,0.013037,0.012681085928699253,0.013202285178251866,1.39,1.295,time,96
2025-06-01 22:10:00,2025-06-02 00:20:00,L,0.013037,0.012877951649671112,0.012877951649671112,0.013434620875822218,-1.0,-1.09,sl,26
2025-06-02 00:25:00,2025-06-02 08:25:00,S,0.012889,0.012862,0.013004007961481875,0.01260148009629531,0.235,0.111,time,96
2025-06-02 09:15:00,2025-06-02 13:00:00,S,0.012688,0.012877820902520595,0.012877820902520595,0.012213447743698511,-1.0,-1.074,sl,45
2025-06-02 18:25:00,2025-06-02 19:15:00,L,0.012953,0.01283450136827073,0.01283450136827073,0.013249246579323172,-1.0,-1.12,sl,10
2025-06-02 20:20:00,2025-06-03 01:45:00,L,0.012958,0.013407453566635167,0.012778218573345934,0.013407453566635167,2.5,2.421,tp,65
2025-06-03 01:50:00,2025-06-03 02:50:00,L,0.013406,0.013261473576447271,0.013261473576447271,0.013767316058881821,-1.0,-1.102,sl,12
2025-06-03 15:45:00,2025-06-03 16:05:00,L,0.013323,0.013195823336349577,0.013195823336349577,0.013640941659126056,-1.0,-1.115,sl,4
2025-06-03 21:55:00,2025-06-04 01:00:00,S,0.012975,0.013105021923791916,0.013105021923791916,0.012649945190520212,-1.0,-1.11,sl,37
2025-06-04 01:30:00,2025-06-04 09:30:00,L,0.013148,0.013062,0.012965902004957616,0.013603244987605961,-0.472,-0.552,time,96
2025-06-04 10:50:00,2025-06-04 18:50:00,S,0.01302,0.012956,0.013128690355728428,0.012748274110678932,0.589,0.457,time,96
2025-06-04 20:10:00,2025-06-05 04:10:00,S,0.012839,0.012873,0.012979365043146581,0.012488087392133546,-0.242,-0.343,time,96
2025-06-05 05:35:00,2025-06-05 12:25:00,S,0.012767,0.01290362539420152,0.01290362539420152,0.0124254365144962,-1.0,-1.103,sl,82
2025-06-05 14:05:00,2025-06-05 19:15:00,S,0.01274,0.012191136938556505,0.012959545224577398,0.012191136938556505,2.5,2.436,tp,62
2025-06-05 19:20:00,2025-06-06 03:20:00,S,0.012149,0.01206,0.012638689560426849,0.010924776098932878,0.182,0.154,time,96
2025-06-06 13:50:00,2025-06-06 17:25:00,L,0.012654,0.012520785579502914,0.012520785579502914,0.012987036051242715,-1.0,-1.104,sl,43
2025-06-06 17:35:00,2025-06-07 01:35:00,S,0.012502,0.012435,0.012636735953295739,0.012165160116760651,0.497,0.395,time,96
2025-06-07 03:10:00,2025-06-07 11:10:00,L,0.012522,0.012815,0.012391573229823613,0.012848066925440969,2.246,2.141,time,96
2025-06-07 11:25:00,2025-06-07 15:15:00,L,0.012851,0.01276455697723757,0.01276455697723757,0.013067107556906073,-1.0,-1.164,sl,46
2025-06-07 21:45:00,2025-06-08 00:05:00,L,0.012756,0.01267833017328438,0.01267833017328438,0.012950174566789052,-1.0,-1.181,sl,28
2025-06-08 00:10:00,2025-06-08 07:55:00,S,0.012683,0.012540351673505624,0.01274005933059775,0.012540351673505624,2.5,2.255,tp,93
2025-06-08 09:00:00,2025-06-08 13:45:00,S,0.012527,0.012584083399552633,0.012584083399552633,0.012384291501118416,-1.0,-1.241,sl,57
2025-06-08 16:15:00,2025-06-08 22:35:00,L,0.012624,0.01254345340839842,0.01254345340839842,0.012825366479003949,-1.0,-1.172,sl,76
2025-06-08 22:40:00,2025-06-09 06:40:00,S,0.012536,0.012397,0.012689979673479582,0.012151050816301048,0.903,0.813,time,96
2025-06-09 09:15:00,2025-06-09 10:30:00,L,0.012452,0.012682716909333556,0.012359713236266577,0.012682716909333556,2.5,2.352,tp,15
2025-06-09 10:35:00,2025-06-09 18:35:00,L,0.0127,0.012678,0.012472491002876139,0.01326877249280965,-0.097,-0.158,time,96
2025-06-09 21:20:00,2025-06-10 05:20:00,L,0.012826,0.012908,0.012616454154507581,0.013349864613731048,0.391,0.324,time,96
2025-06-10 10:00:00,2025-06-10 15:30:00,L,0.013022,0.012878801746688583,0.012878801746688583,0.013379995633278545,-1.0,-1.1,sl,66
2025-06-10 18:55:00,2025-06-11 02:55:00,L,0.013116,0.013136,0.012916031035014734,0.013615922412463163,0.1,0.028,time,96
2025-06-11 04:35:00,2025-06-11 04:45:00,L,0.01328,0.013220084394327451,0.013220084394327451,0.013429789014181372,-1.0,-1.244,sl,2
2025-06-11 12:45:00,2025-06-11 20:00:00,L,0.013396,0.01310470209594124,0.01310470209594124,0.014124244760146898,-1.0,-1.051,sl,87
2025-06-11 21:35:00,2025-06-12 05:35:00,S,0.013052,0.012835,0.013223649983804195,0.01262287504048951,1.264,1.181,time,96
2025-06-12 08:05:00,2025-06-12 16:05:00,S,0.012717,0.012558,0.012848567848550934,0.01238808037862266,1.209,1.102,time,96
2025-06-12 18:50:00,2025-06-13 00:10:00,S,0.012472,0.01181822953964888,0.012733508184140449,0.01181822953964888,2.5,2.448,tp,64
2025-06-13 00:15:00,2025-06-13 08:15:00,S,0.011818,0.011823,0.012270642829902643,0.010686392925243393,-0.011,-0.04,time,96
2025-06-13 10:15:00,2025-06-13 11:05:00,S,0.011655,0.01176283301572518,0.01176283301572518,0.011385417460687051,-1.0,-1.119,sl,10
2025-06-13 18:35:00,2025-06-13 20:40:00,S,0.011847,0.012009018701051886,0.012009018701051886,0.011441953247370283,-1.0,-1.08,sl,25
2025-06-14 12:05:00,2025-06-14 12:15:00,L,0.012187,0.012144089103502882,0.012144089103502882,0.012294277241242796,-1.0,-1.312,sl,2
2025-06-14 15:35:00,2025-06-14 23:35:00,S,0.012045,0.012046,0.012196854724422331,0.011665363188944173,-0.007,-0.094,time,96
2025-06-15 06:40:00,2025-06-15 14:40:00,S,0.012045,0.012025,0.012134868530245016,0.01182032867438746,0.223,0.075,time,96
2025-06-15 17:20:00,2025-06-15 21:10:00,S,0.01196,0.01179919895658034,0.012024320417367864,0.01179919895658034,2.5,2.295,tp,46
2025-06-15 21:15:00,2025-06-15 22:00:00,S,0.011814,0.011936535826368474,0.011936535826368474,0.011507660434078816,-1.0,-1.106,sl,9
2025-06-16 01:55:00,2025-06-16 09:55:00,L,0.012054,0.012173,0.01189482575316462,0.01245193561708845,0.748,0.664,time,96
2025-06-16 14:20:00,2025-06-16 22:20:00,L,0.012206,0.012259,0.012086760033606647,0.01250409991598338,0.444,0.332,time,96
2025-06-16 22:45:00,2025-06-17 06:45:00,S,0.011963,0.011874,0.012285338447401194,0.011157153881497014,0.276,0.235,time,96
2025-06-17 06:50:00,2025-06-17 11:20:00,S,0.011874,0.011660479782573821,0.01195940808697047,0.011660479782573821,2.5,2.347,tp,54
2025-06-17 11:25:00,2025-06-17 12:40:00,S,0.011659,0.011777017221900391,0.011777017221900391,0.01136395694524902,-1.0,-1.109,sl,15
2025-06-17 15:15:00,2025-06-17 23:15:00,S,0.011596,0.011575,0.011798801697462469,0.011088995756343829,0.104,0.041,time,96
2025-06-18 08:40:00,2025-06-18 13:15:00,S,0.011663,0.011410404324157061,0.011764038270337175,0.011410404324157061,2.5,2.373,tp,55
2025-06-18 13:20:00,2025-06-18 14:20:00,S,0.011391,0.011611273872415409,0.011611273872415409,0.010840315318961478,-1.0,-1.057,sl,12
2025-06-18 17:35:00,2025-06-18 18:00:00,S,0.01146,0.011594241766024702,0.011594241766024702,0.011124395584938244,-1.0,-1.094,sl,5
2025-06-18 19:00:00,2025-06-18 20:45:00,S,0.011436,0.011626265673011692,0.011626265673011692,0.01096033581747077,-1.0,-1.066,sl,21
2025-06-19 01:55:00,2025-06-19 09:55:00,S,0.011583,0.01164,0.0117316310364487,0.01121142240887825,-0.383,-0.469,time,96
2025-06-19 11:35:00,2025-06-19 19:35:00,S,0.011547,0.011538,0.011655831631534818,0.011274920921162956,0.083,-0.034,time,96
2025-06-20 03:05:00,2025-06-20 07:15:00,S,0.011524,0.011589305402263722,0.011589305402263722,0.011360736494340693,-1.0,-1.194,sl,50
2025-06-20 07:20:00,2025-06-20 11:05:00,L,0.011598,0.011772268891193035,0.011528292443522787,0.011772268891193035,2.5,2.317,tp,45
2025-06-20 11:10:00,2025-06-20 14:20:00,L,0.011772,0.011670274859993323,0.011670274859993323,0.012026312850016692,-1.0,-1.127,sl,38
2025-06-20 14:25:00,2025-06-20 17:20:00,S,0.01166,0.011267912884010387,0.011816834846395846,0.011267912884010387,2.5,2.418,tp,35
2025-06-20 17:25:00,2025-06-21 01:25:00,S,0.011187,0.011354,0.011507811234577883,0.010384971913555295,-0.521,-0.559,time,96
2025-06-21 05:05:00,2025-06-21 08:55:00,S,0.011364,0.011406239748310301,0.011406239748310301,0.01125840062922425,-1.0,-1.296,sl,46
2025-06-21 12:50:00,2025-06-21 15:25:00,S,0.011311,0.011106485501313018,0.011392805799474793,0.011106485501313018,2.5,2.348,tp,31
2025-06-21 15:30:00,2025-06-21 21:25:00,S,0.011108,0.01076254225913163,0.011246183096347348,0.01076254225913163,2.5,2.412,tp,71
2025-06-21 21:30:00,2025-06-22 05:30:00,S,0.010813,0.010882,0.011042866878517917,0.010238332803705208,-0.3,-0.352,time,96
2025-06-22 09:55:00,2025-06-22 17:55:00,S,0.0107,0.010416,0.010910740856554194,0.010173147858614513,1.348,1.292,time,96
2025-06-22 20:10:00,2025-06-22 20:50:00,S,0.010175,0.010368064280329697,0.010368064280329697,0.009692339299175758,-1.0,-1.058,sl,8
2025-06-23 09:25:00,2025-06-23 11:50:00,S,0.010748,0.010815328981890037,0.010815328981890037,0.01057967754527491,-1.0,-1.176,sl,29
2025-06-23 12:40:00,2025-06-23 13:30:00,L,0.010862,0.01075019027709289,0.01075019027709289,0.011141524307267775,-1.0,-1.107,sl,10
2025-06-23 13:45:00,2025-06-23 16:25:00,L,0.010975,0.010733099266631805,0.010733099266631805,0.01157975183342049,-1.0,-1.05,sl,32
2025-06-23 16:30:00,2025-06-23 17:25:00,S,0.01071,0.011012186334188953,0.011012186334188953,0.009954534164527622,-1.0,-1.039,sl,11
2025-06-23 17:40:00,2025-06-24 01:40:00,L,0.011064,0.011582,0.010615859688721864,0.012184350778195336,1.156,1.129,time,96
2025-06-24 05:30:00,2025-06-24 11:20:00,L,0.011697,0.011592293741553756,0.011592293741553756,0.011958765646115612,-1.0,-1.123,sl,70
2025-06-24 14:50:00,2025-06-24 18:15:00,L,0.011672,0.011556806790432608,0.011556806790432608,0.011959983023918482,-1.0,-1.111,sl,41
2025-06-24 21:55:00,2025-06-25 05:55:00,L,0.011635,0.011625,0.011569515730976308,0.011798710672559228,-0.153,-0.348,time,96
2025-06-25 15:20:00,2025-06-25 20:50:00,S,0.011497,0.011687557679881293,0.011687557679881293,0.011020605800296769,-1.0,-1.066,sl,66
2025-06-26 01:35:00,2025-06-26 05:35:00,L,0.011727,0.011575703796463069,0.011575703796463069,0.012105240508842326,-1.0,-1.085,sl,48
2025-06-26 07:25:00,2025-06-26 08:30:00,L,0.011688,0.011601591407279262,0.011601591407279262,0.011904021481801846,-1.0,-1.149,sl,13
2025-06-26 09:10:00,2025-06-26 12:50:00,S,0.011553,0.011289745833265051,0.01165830166669398,0.011289745833265051,2.5,2.379,tp,44
2025-06-26 12:55:00,2025-06-26 20:55:00,S,0.011291,0.011314,0.011461333418529654,0.010865166453675867,-0.135,-0.208,time,96
2025-06-26 21:40:00,2025-06-27 05:40:00,S,0.011223,0.011262,0.01140051051348908,0.0107792237162773,-0.22,-0.289,time,96
2025-06-27 05:45:00,2025-06-27 13:45:00,S,0.011262,0.011101,0.011370144117260988,0.01099163970684753,1.489,1.374,time,96
2025-06-27 13:50:00,2025-06-27 14:00:00,S,0.011101,0.011190276471086728,0.011190276471086728,0.01087780882228318,-1.0,-1.137,sl,2
2025-06-27 18:20:00,2025-06-27 21:25:00,S,0.011094,0.011279470586709764,0.011279470586709764,0.01063032353322559,-1.0,-1.066,sl,37
2025-06-27 22:45:00,2025-06-28 06:45:00,L,0.011309,0.011357,0.011266146574989378,0.011416133562526552,1.12,0.83,time,96
2025-06-28 07:00:00,2025-06-28 15:00:00,L,0.011371,0.011391,0.011328748142241572,0.011476629644396066,0.473,0.177,time,96
2025-06-28 16:00:00,2025-06-28 17:25:00,L,0.011448,0.011365066580233984,0.011365066580233984,0.011655333549415038,-1.0,-1.152,sl,17
2025-06-28 19:20:00,2025-06-29 03:20:00,L,0.011577,0.011519,0.011448858490331861,0.011897353774170349,-0.453,-0.552,time,96
2025-06-29 06:45:00,2025-06-29 09:30:00,L,0.011536,0.011618184969835067,0.011503126012065972,0.011618184969835067,2.5,2.114,tp,33
2025-06-29 09:35:00,2025-06-29 14:35:00,L,0.011625,0.011532158286263292,0.011532158286263292,0.011857104284341771,-1.0,-1.138,sl,60
2025-06-29 21:40:00,2025-06-29 22:20:00,L,0.011576,0.01191191038234601,0.011441635847061595,0.01191191038234601,2.5,2.405,tp,8
2025-06-29 22:25:00,2025-06-30 06:25:00,L,0.011912,0.01155,0.011509684143187983,0.012917789642030044,-0.9,-0.932,time,96
2025-06-30 06:45:00,2025-06-30 14:45:00,S,0.011498,0.01135,0.011583207435321105,0.011284981411697235,1.737,1.589,time,96
2025-06-30 15:00:00,2025-06-30 15:25:00,S,0.011296,0.011386928064566834,0.011386928064566834,0.011068679838582916,-1.0,-1.137,sl,5
2025-06-30 19:30:00,2025-07-01 00:30:00,L,0.011513,0.011373383841460385,0.011373383841460385,0.011862040396349041,-1.0,-1.091,sl,60
2025-07-01 00:35:00,2025-07-01 01:15:00,S,0.011384,0.011472282217329073,0.011472282217329073,0.011163294456677316,-1.0,-1.142,sl,8
2025-07-01 04:30:00,2025-07-01 09:20:00,S,0.011375,0.011219943082411681,0.011437022767035327,0.011219943082411681,2.5,2.298,tp,58
2025-07-01 09:25:00,2025-07-01 17:25:00,S,0.011222,0.011174,0.011312064228493275,0.010996839428766812,0.533,0.396,time,96
2025-07-01 19:00:00,2025-07-01 21:20:00,S,0.011123,0.011202387989388508,0.011202387989388508,0.010924530026528727,-1.0,-1.154,sl,28
2025-07-02 04:25:00,2025-07-02 12:25:00,L,0.01133,0.011322,0.011275872900064453,0.011465317749838867,-0.148,-0.378,time,96
2025-07-02 12:35:00,2025-07-02 13:05:00,S,0.0113,0.011379082857779351,0.011379082857779351,0.011102292855551619,-1.0,-1.157,sl,6
2025-07-02 13:40:00,2025-07-02 16:05:00,L,0.011409,0.011699544778645998,0.011292782088541602,0.011699544778645998,2.5,2.392,tp,29
2025-07-02 16:10:00,2025-07-03 00:10:00,L,0.011758,0.011826,0.0115075531013727,0.012384117246568247,0.272,0.22,time,96
2025-07-03 05:10:00,2025-07-03 12:35:00,L,0.01199,0.011846364742204674,0.011846364742204674,0.012349088144488317,-1.0,-1.092,sl,89
2025-07-03 14:05:00,2025-07-03 15:05:00,L,0.012012,0.01183057852517313,0.01183057852517313,0.012465553687067175,-1.0,-1.073,sl,12
2025-07-04 01:15:00,2025-07-04 02:15:00,L,0.011949,0.011859601472540959,0.011859601472540959,0.012172496318647603,-1.0,-1.147,sl,12
2025-07-04 04:45:00,2025-07-04 07:30:00,S,0.011773,0.011583756757323161,0.011848697297070736,0.011583756757323161,2.5,2.329,tp,33
2025-07-04 07:35:00,2025-07-04 15:35:00,S,0.011596,0.011339,0.011734164074544891,0.011250589813637774,1.86,1.768,time,96
2025-07-04 16:05:00,2025-07-04 22:35:00,S,0.011295,0.011452026977970793,0.011452026977970793,0.010902432555073015,-1.0,-1.079,sl,78
2025-07-05 02:35:00,2025-07-05 02:45:00,S,0.011421,0.011464260261190025,0.011464260261190025,0.01131284934702494,-1.0,-1.29,sl,2
2025-07-05 08:40:00,2025-07-05 16:40:00,S,0.011458,0.011419,0.011520917924400721,0.011300705188998195,0.62,0.42,time,96
2025-07-05 19:05:00,2025-07-05 21:25:00,S,0.011348,0.011452055931897475,0.011452055931897475,0.011087860170256314,-1.0,-1.12,sl,28
2025-07-06 01:30:00,2025-07-06 06:15:00,S,0.011381,0.011454414325902593,0.011454414325902593,0.01119746418524352,-1.0,-1.171,sl,57
2025-07-06 07:05:00,2025-07-06 13:30:00,L,0.011488,0.011775207379157002,0.011373117048337199,0.011775207379157002,2.5,2.39,tp,77
2025-07-06 13:35:00,2025-07-06 21:35:00,L,0.011802,0.011932,0.011584603522344255,0.012345491194139361,0.598,0.538,time,96
2025-07-06 21:45:00,2025-07-06 23:20:00,L,0.01192,0.011779441813535614,0.011779441813535614,0.012271395466160965,-1.0,-1.093,sl,19
2025-07-07 02:15:00,2025-07-07 07:05:00,L,0.011842,0.011720459218548068,0.011720459218548068,0.01214585195362983,-1.0,-1.107,sl,58
2025-07-07 15:10:00,2025-07-07 23:10:00,S,0.011623,0.011588,0.011749357165163137,0.011307107087092157,0.277,0.176,time,96
2025-07-08 02:15:00,2025-07-08 02:20:00,S,0.011546,0.011595354181705072,0.011595354181705072,0.011422614545737324,-1.0,-1.257,sl,1
2025-07-08 05:20:00,2025-07-08 10:20:00,L,0.01165,0.01186715116957212,0.011563139532171153,0.01186715116957212,2.5,2.352,tp,60
2025-07-08 10:25:00,2025-07-08 14:50:00,L,0.011867,0.011728811168661226,0.011728811168661226,0.012212472078346939,-1.0,-1.094,sl,53
2025-07-08 17:20:00,2025-07-09 01:20:00,L,0.01192,0.01181,0.01174571733540357,0.012355706661491075,-0.631,-0.706,time,96
2025-07-09 05:05:00,2025-07-09 11:05:00,L,0.011845,0.012004060884282512,0.011781375646286995,0.012004060884282512,2.5,2.295,tp,72
2025-07-09 11:10:00,2025-07-09 18:05:00,L,0.012003,0.012231108172023504,0.011911756731190598,0.012231108172023504,2.5,2.355,tp,83
2025-07-09 18:10:00,2025-07-10 02:10:00,L,0.012237,0.012412,0.01205818942908522,0.01268402642728695,0.979,0.903,time,96
2025-07-10 03:00:00,2025-07-10 08:55:00,L,0.012444,0.01262482938750089,0.012371668244999644,0.01262482938750089,2.5,2.311,tp,71
2025-07-10 09:00:00,2025-07-10 12:10:00,L,0.012624,0.012457088280889362,0.012457088280889362,0.013041279297776594,-1.0,-1.083,sl,38
2025-07-10 16:40:00,2025-07-10 22:45:00,L,0.012624,0.013290740611987099,0.01235730375520516,0.013290740611987099,2.5,2.448,tp,73
2025-07-10 22:50:00,2025-07-11 06:50:00,L,0.013293,0.013363,0.013053108637964102,0.013892728405089741,0.292,0.231,time,96
2025-07-11 10:20:00,2025-07-11 15:25:00,L,0.013497,0.013863630187332023,0.013350347925067192,0.013863630187332023,2.5,2.399,tp,61
2025-07-11 15:30:00,2025-07-11 15:50:00,L,0.013869,0.013514525702165481,0.013514525702165481,0.014755185744586294,-1.0,-1.043,sl,4
2025-07-11 18:20:00,2025-07-11 20:55:00,L,0.013745,0.013586722754482942,0.013586722754482942,0.014140693113792645,-1.0,-1.096,sl,31
2025-07-12 01:55:00,2025-07-12 09:55:00,L,0.013389,0.013482,0.013094055466945222,0.014126361332636943,0.315,0.265,time,96
2025-07-12 10:00:00,2025-07-12 12:20:00,L,0.013482,0.01329827264928155,0.01329827264928155,0.013941318376796122,-1.0,-1.081,sl,28
2025-07-12 12:40:00,2025-07-12 20:40:00,S,0.013142,0.013094,0.01351819896689089,0.01220150258277277,0.128,0.089,time,96
2025-07-12 20:45:00,2025-07-13 00:20:00,S,0.013094,0.013228431455755925,0.013228431455755925,0.012757921360610186,-1.0,-1.107,sl,43
2025-07-13 09:35:00,2025-07-13 11:15:00,S,0.013105,0.013232034088486678,0.013232034088486678,0.012787414778783306,-1.0,-1.113,sl,20
2025-07-13 11:30:00,2025-07-13 19:30:00,L,0.01325,0.013411,0.013084333302741218,0.013664166743146956,0.972,0.884,time,96
2025-07-13 19:35:00,2025-07-13 19:55:00,L,0.013411,0.013347710420394818,0.013347710420394818,0.013569223949012952,-1.0,-1.233,sl,4
2025-07-13 21:40:00,2025-07-14 00:25:00,S,0.013183,0.013424486341265227,0.013424486341265227,0.012579284146836933,-1.0,-1.06,sl,33
2025-07-14 00:30:00,2025-07-14 05:05:00,L,0.013399,0.013957678261891662,0.013175528695243334,0.013957678261891662,2.5,2.434,tp,55
2025-07-14 05:10:00,2025-07-14 05:50:00,L,0.0141,0.013653892620824818,0.013653892620824818,0.015215268447937955,-1.0,-1.035,sl,8
2025-07-14 15:10:00,2025-07-14 23:10:00,S,0.013484,0.013248,0.01383328303092806,0.012610792422679847,0.676,0.633,time,96
2025-07-15 00:15:00,2025-07-15 00:20:00,S,0.013174,0.01327634027553336,0.01327634027553336,0.012918149311166601,-1.0,-1.142,sl,1
2025-07-15 00:45:00,2025-07-15 08:45:00,S,0.013133,0.012965,0.013317734741720221,0.012671163145699448,0.909,0.831,time,96
2025-07-15 16:05:00,2025-07-16 00:05:00,L,0.013304,0.013667,0.012905125488571124,0.014301186278572188,0.91,0.873,time,96
2025-07-16 00:35:00,2025-07-16 02:10:00,L,0.013761,0.013646802962484859,0.013646802962484859,0.014046492593787856,-1.0,-1.133,sl,19
2025-07-16 09:15:00,2025-07-16 17:15:00,L,0.013835,0.014109,0.013654811861960698,0.014285470345098254,1.521,1.436,time,96
2025-07-16 18:05:00,2025-07-17 02:05:00,L,0.014277,0.014404,0.014036084011714984,0.014879289970712539,0.527,0.462,time,96
2025-07-17 06:10:00,2025-07-17 07:20:00,L,0.014559,0.014281820643188335,0.014281820643188335,0.015251948392029166,-1.0,-1.058,sl,14
2025-07-17 21:15:00,2025-07-18 05:05:00,L,0.014354,0.015550474597863727,0.01387541016085451,0.015550474597863727,2.5,2.467,tp,94
2025-07-18 05:10:00,2025-07-18 09:00:00,L,0.015592,0.015052417545763513,0.015052417545763513,0.01694095613559122,-1.0,-1.032,sl,46
2025-07-18 12:45:00,2025-07-18 15:15:00,L,0.015097,0.014845857137248798,0.014845857137248798,0.015724857156878002,-1.0,-1.066,sl,30
2025-07-18 20:20:00,2025-07-19 00:30:00,S,0.014538,0.014784471491394058,0.014784471491394058,0.013921821271514857,-1.0,-1.065,sl,50
2025-07-19 03:20:00,2025-07-19 11:20:00,L,0.014911,0.014968,0.014529288955844951,0.015865277610387623,0.149,0.106,time,96
2025-07-19 14:05:00,2025-07-19 19:35:00,S,0.014767,0.014937825734625529,0.014937825734625529,0.014339935663436179,-1.0,-1.095,sl,66
2025-07-19 20:10:00,2025-07-20 04:10:00,L,0.014965,0.015047,0.014645728214946436,0.015763179462633906,0.257,0.205,time,96
2025-07-20 09:05:00,2025-07-20 17:05:00,L,0.015201,0.015441,0.015009326741078317,0.015680183147304204,1.252,1.165,time,96
2025-07-20 19:00:00,2025-07-20 22:15:00,L,0.015615,0.015270282610677244,0.015270282610677244,0.01647679347330689,-1.0,-1.05,sl,39
2025-07-21 03:10:00,2025-07-21 05:20:00,L,0.015635,0.01537296086552075,0.01537296086552075,0.01629009783619812,-1.0,-1.066,sl,26
2025-07-21 06:25:00,2025-07-21 14:25:00,L,0.015689,0.015917,0.015365368219649697,0.016498079450875763,0.705,0.651,time,96
2025-07-21 14:45:00,2025-07-21 16:10:00,L,0.015953,0.01566457324891325,0.01566457324891325,0.016674066877716873,-1.0,-1.061,sl,17
2025-07-21 18:50:00,2025-07-22 02:50:00,S,0.015364,0.015404,0.015706623260959163,0.014507441847602089,-0.117,-0.166,time,96
2025-07-22 04:30:00,2025-07-22 12:30:00,S,0.01503,0.015093,0.015367511970385335,0.014186220074036662,-0.187,-0.236,time,96
2025-07-22 14:05:00,2025-07-22 15:00:00,S,0.014806,0.015286164495493259,0.015286164495493259,0.013605588761266852,-1.0,-1.034,sl,11
2025-07-22 20:00:00,2025-07-22 22:20:00,S,0.015023,0.015364665940253253,0.015364665940253253,0.014168835149366867,-1.0,-1.048,sl,28
2025-07-22 23:15:00,2025-07-23 00:50:00,L,0.015438,0.015286655291503642,0.015286655291503642,0.015816361771240895,-1.0,-1.112,sl,19
2025-07-23 06:40:00,2025-07-23 12:40:00,S,0.01505,0.014549244613464896,0.01525030215461404,0.014549244613464896,2.5,2.417,tp,72
2025-07-23 12:45:00,2025-07-23 13:50:00,S,0.014582,0.013945890333881869,0.014836443866447252,0.013945890333881869,2.5,2.437,tp,13
2025-07-23 13:55:00,2025-07-23 21:55:00,S,0.014081,0.013747,0.014650879699765102,0.012656300750587244,0.586,0.559,time,96
2025-07-24 04:30:00,2025-07-24 06:40:00,S,0.013813,0.013192625886873624,0.014061149645250551,0.013192625886873624,2.5,2.439,tp,26
2025-07-24 06:45:00,2025-07-24 09:40:00,S,0.013078,0.013585748847821143,0.013585748847821143,0.011808627880447141,-1.0,-1.028,sl,35
2025-07-24 22:10:00,2025-07-25 03:30:00,S,0.013693,0.013198786045533931,0.013890685581786428,0.013198786045533931,2.5,2.424,tp,64
2025-07-25 03:35:00,2025-07-25 09:30:00,S,0.013139,0.013550712958759748,0.013550712958759748,0.012109717603100627,-1.0,-1.035,sl,71
2025-07-25 14:35:00,2025-07-25 20:40:00,S,0.01344,0.013797371552285973,0.013797371552285973,0.012546571119285069,-1.0,-1.041,sl,73
2025-07-25 20:45:00,2025-07-26 04:45:00,L,0.013811,0.014072,0.013612639765167902,0.014306900587080246,1.316,1.239,time,96
2025-07-26 04:50:00,2025-07-26 12:05:00,L,0.014072,0.014006555052941945,0.014006555052941945,0.014235612367645136,-1.0,-1.237,sl,87
2025-07-26 19:50:00,2025-07-26 20:30:00,L,0.014152,0.014060331122468232,0.014060331122468232,0.014381172193829419,-1.0,-1.17,sl,8
2025-07-27 05:30:00,2025-07-27 07:35:00,L,0.014169,0.014074887597608977,0.014074887597608977,0.014404281005977553,-1.0,-1.166,sl,25
2025-07-27 09:20:00,2025-07-27 10:35:00,S,0.013974,0.014048616689573966,0.014048616689573966,0.013787458276065086,-1.0,-1.206,sl,15
2025-07-27 10:55:00,2025-07-27 15:10:00,L,0.014099,0.013923087041176571,0.013923087041176571,0.014538782397058574,-1.0,-1.088,sl,51
2025-07-27 16:15:00,2025-07-28 00:15:00,L,0.01412,0.014263,0.013882606046703895,0.014713484883240265,0.602,0.537,time,96
2025-07-28 01:05:00,2025-07-28 05:20:00,S,0.014062,0.01428348682303552,0.01428348682303552,0.013508282942411201,-1.0,-1.07,sl,51
2025-07-28 05:25:00,2025-07-28 09:40:00,L,0.014304,0.014086268464748567,0.014086268464748567,0.014848328838128585,-1.0,-1.072,sl,51
2025-07-28 13:15:00,2025-07-28 15:50:00,S,0.014024,0.01356991457680428,0.014205634169278288,0.01356991457680428,2.5,2.415,tp,31
2025-07-28 15:55:00,2025-07-28 23:55:00,S,0.01361,0.013346,0.013766409044699723,0.013218977388250694,1.688,1.592,time,96
2025-07-29 00:45:00,2025-07-29 05:55:00,S,0.013253,0.013472693745118735,0.013472693745118735,0.01270376563720316,-1.0,-1.066,sl,62
2025-07-29 10:05:00,2025-07-29 14:05:00,S,0.013456,0.013080403465525112,0.013606238613789954,0.013080403465525112,2.5,2.401,tp,48
2025-07-29 14:10:00,2025-07-29 22:10:00,S,0.013116,0.013026,0.013464537674743876,0.012244655813140309,0.258,0.217,time,96
2025-07-30 01:20:00,2025-07-30 01:45:00,S,0.01295,0.013115815718012427,0.013115815718012427,0.012535460704968932,-1.0,-1.086,sl,5
2025-07-30 05:05:00,2025-07-30 11:25:00,S,0.013024,0.012729599549153255,0.0131417601803387,0.012729599549153255,2.5,2.378,tp,76
2025-07-30 11:30:00,2025-07-30 19:30:00,S,0.012721,0.012592,0.013031643750093774,0.011944390624765563,0.415,0.37,time,96
2025-07-31 08:50:00,2025-07-31 11:20:00,L,0.01311,0.013043267843283732,0.013043267843283732,0.013276830391790671,-1.0,-1.216,sl,30
2025-07-31 11:25:00,2025-07-31 13:15:00,S,0.013046,0.012779546449623452,0.01315258142015062,0.012779546449623452,2.5,2.365,tp,22
2025-07-31 13:20:00,2025-07-31 16:40:00,S,0.012846,0.013006897273724711,0.013006897273724711,0.012443756815688222,-1.0,-1.088,sl,40
2025-07-31 18:15:00,2025-08-01 00:50:00,S,0.012707,0.012131225370123096,0.012937309851950761,0.012131225370123096,2.5,2.439,tp,79
2025-08-01 00:55:00,2025-08-01 03:20:00,S,0.012243,0.012467848105895473,0.012467848105895473,0.011680879735261319,-1.0,-1.06,sl,29
2025-08-01 05:50:00,2025-08-01 13:50:00,S,0.012222,0.01202,0.012395365755726698,0.011788585610683255,1.165,1.088,time,96
2025-08-01 13:55:00,2025-08-01 14:25:00,S,0.01202,0.012354397273127773,0.012354397273127773,0.011184006817180564,-1.0,-1.04,sl,6
2025-08-01 18:05:00,2025-08-01 19:30:00,S,0.012086,0.01228132872344259,0.01228132872344259,0.011597678191393523,-1.0,-1.068,sl,17
2025-08-01 20:40:00,2025-08-02 04:40:00,S,0.012016,0.012243,0.012348346512463942,0.011185133718840147,-0.683,-0.723,time,96
2025-08-02 06:25:00,2025-08-02 14:25:00,S,0.012082,0.012028,0.012249043914750297,0.011664390213124258,0.323,0.244,time,96
2025-08-02 14:40:00,2025-08-02 22:40:00,S,0.011946,0.01191,0.012151395163239313,0.011432512091901718,0.175,0.111,time,96
2025-08-02 23:30:00,2025-08-03 01:35:00,S,0.011731,0.011949475335642416,0.011949475335642416,0.01118481166089396,-1.0,-1.059,sl,25
2025-08-03 10:05:00,2025-08-03 18:05:00,L,0.012134,0.012184,0.012068158815344052,0.012298602961639874,0.759,0.557,time,96
2025-08-04 00:25:00,2025-08-04 08:25:00,L,0.012259,0.012318,0.012178978440589948,0.012459053898525132,0.737,0.569,time,96
2025-08-04 13:50:00,2025-08-04 21:50:00,L,0.012318,0.012482,0.012195805934968955,0.012623485162577615,1.342,1.231,time,96
2025-08-04 22:00:00,2025-08-05 03:05:00,L,0.012474,0.012400430151909642,0.012400430151909642,0.0126579246202259,-1.0,-1.187,sl,61
2025-08-05 06:55:00,2025-08-05 14:15:00,S,0.01229,0.012004493509536682,0.012404202596185328,0.012004493509536682,2.5,2.382,tp,88
2025-08-05 14:20:00,2025-08-05 22:20:00,S,0.012021,0.011971,0.012236067494224581,0.011483331264438549,0.232,0.171,time,96
2025-08-06 03:25:00,2025-08-06 05:05:00,S,0.0119,0.012003962983459387,0.012003962983459387,0.011640092541351536,-1.0,-1.126,sl,20
2025-08-06 07:30:00,2025-08-06 12:15:00,L,0.012165,0.012046192974700054,0.012046192974700054,0.012462017563249866,-1.0,-1.113,sl,57
2025-08-06 15:00:00,2025-08-06 23:00:00,L,0.01228,0.012347,0.0121081635434114,0.012709591141471495,0.39,0.311,time,96
2025-08-07 01:30:00,2025-08-07 02:40:00,L,0.012409,0.012313119060307624,0.012313119060307624,0.012648702349230939,-1.0,-1.142,sl,14
2025-08-07 06:05:00,2025-08-07 10:35:00,L,0.012361,0.012570780576175935,0.012277087769529627,0.012570780576175935,2.5,2.338,tp,54
2025-08-07 10:40:00,2025-08-07 18:40:00,L,0.012579,0.012484,0.01235267669225057,0.013144808269373576,-0.42,-0.481,time,96
2025-08-07 19:50:00,2025-08-08 00:35:00,L,0.012629,0.013000175304325847,0.01248052987826966,0.013000175304325847,2.5,2.406,tp,57
2025-08-08 00:40:00,2025-08-08 01:05:00,L,0.012968,0.012700960646172061,0.012700960646172061,0.013635598384569849,-1.0,-1.053,sl,5
2025-08-08 07:20:00,2025-08-08 15:20:00,L,0.012907,0.01289,0.012750913607475989,0.013297215981310027,-0.109,-0.2,time,96
2025-08-08 17:35:00,2025-08-09 01:35:00,L,0.013155,0.013224,0.01287686819918632,0.0138503295020342,0.248,0.196,time,96
2025-08-09 05:05:00,2025-08-09 11:20:00,L,0.013334,0.013755225770052282,0.013165509691979087,0.013755225770052282,2.5,2.413,tp,75
2025-08-09 11:25:00,2025-08-09 11:40:00,L,0.013742,0.013656862086636743,0.013656862086636743,0.013954844783408145,-1.0,-1.178,sl,3
2025-08-09 12:15:00,2025-08-09 14:00:00,L,0.013785,0.013640308884391317,0.013640308884391317,0.014146727789021707,-1.0,-1.105,sl,21
2025-08-10 03:50:00,2025-08-10 06:15:00,L,0.013935,0.013721053173329419,0.013721053173329419,0.01446986706667645,-1.0,-1.072,sl,29
2025-08-10 07:35:00,2025-08-10 14:00:00,S,0.013594,0.013273986238485014,0.013722005504605995,0.013273986238485014,2.5,2.383,tp,77
2025-08-10 14:30:00,2025-08-10 22:30:00,L,0.013435,0.01355,0.013254078683524118,0.013887303291189708,0.636,0.554,time,96
2025-08-11 01:40:00,2025-08-11 08:00:00,L,0.013731,0.013490504485198755,0.013490504485198755,0.014332238787003113,-1.0,-1.063,sl,76
2025-08-11 10:05:00,2025-08-11 12:40:00,S,0.013438,0.013027687833357558,0.013602124866656977,0.013027687833357558,2.5,2.41,tp,31
2025-08-11 12:45:00,2025-08-11 14:00:00,S,0.013044,0.013250583615261588,0.013250583615261588,0.01252754096184603,-1.0,-1.069,sl,15
2025-08-11 18:10:00,2025-08-12 02:10:00,S,0.013165,0.013048,0.013356095236189098,0.012687261909527254,0.612,0.536,time,96
2025-08-12 05:20:00,2025-08-12 12:30:00,S,0.012966,0.013114471058697019,0.013114471058697019,0.012594822353257453,-1.0,-1.096,sl,86
2025-08-12 14:55:00,2025-08-12 22:55:00,L,0.013225,0.013581,0.01297166811077515,0.013858329723062127,1.405,1.348,time,96
2025-08-13 03:00:00,2025-08-13 11:00:00,L,0.013645,0.013952,0.013397914696408468,0.014262713258978828,1.242,1.182,time,96
2025-08-13 17:20:00,2025-08-13 18:35:00,L,0.013883,0.013723941473292143,0.013723941473292143,0.01428064631676964,-1.0,-1.096,sl,15
2025-08-14 01:45:00,2025-08-14 06:00:00,L,0.014062,0.013800665334045656,0.013800665334045656,0.01471533666488586,-1.0,-1.059,sl,51
2025-08-14 08:10:00,2025-08-14 12:30:00,S,0.013717,0.013300187682064243,0.013883724927174303,0.013300187682064243,2.5,2.409,tp,52
2025-08-14 12:35:00,2025-08-14 20:35:00,S,0.012914,0.012827,0.013658405324773398,0.011052986688066507,0.117,0.098,time,96
2025-08-14 21:35:00,2025-08-14 23:30:00,S,0.012658,0.012892648848290847,0.012892648848290847,0.012071377879272885,-1.0,-1.059,sl,23
2025-08-15 10:00:00,2025-08-15 12:30:00,S,0.012943,0.013046345727566973,0.013046345727566973,0.012684635681082567,-1.0,-1.138,sl,30
2025-08-15 12:35:00,2025-08-15 14:45:00,S,0.012998,0.012760511836555685,0.013092995265377725,0.012760511836555685,2.5,2.349,tp,26
2025-08-15 14:50:00,2025-08-15 22:50:00,S,0.012778,0.01291,0.012933696897482708,0.01238875775629323,-0.848,-0.938,time,96
2025-08-16 05:45:00,2025-08-16 09:20:00,S,0.012916,0.013024255149446832,0.013024255149446832,0.012645362126382922,-1.0,-1.131,sl,43
2025-08-16 10:05:00,2025-08-16 18:05:00,S,0.012915,0.012937,0.013047518177083902,0.012583704557290243,-0.166,-0.273,time,96
2025-08-16 18:10:00,2025-08-16 18:15:00,S,0.012937,0.01299321992353841,0.01299321992353841,0.012796450191153979,-1.0,-1.253,sl,1
2025-08-16 22:45:00,2025-08-17 01:05:00,L,0.012993,0.012913393567709873,0.012913393567709873,0.013192016080725316,-1.0,-1.18,sl,28
2025-08-17 01:10:00,2025-08-17 02:25:00,S,0.012917,0.012985750141027196,0.012985750141027196,0.012745124647432009,-1.0,-1.207,sl,15
2025-08-17 03:45:00,2025-08-17 11:45:00,L,0.013051,0.013169,0.012982004755038731,0.013223488112403172,1.71,1.502,time,96
2025-08-17 14:50:00,2025-08-17 15:55:00,L,0.013183,0.013320504766414502,0.0131279980934342,0.013320504766414502,2.5,2.236,tp,13
2025-08-17 16:00:00,2025-08-17 16:50:00,L,0.013336,0.013162312892167847,0.013162312892167847,0.013770217769580383,-1.0,-1.084,sl,10
2025-08-17 22:35:00,2025-08-18 00:00:00,L,0.013153,0.01299910933084661,0.01299910933084661,0.013537726672883473,-1.0,-1.094,sl,17
2025-08-18 00:05:00,2025-08-18 02:50:00,S,0.012998,0.012619897036737111,0.013149241185305154,0.012619897036737111,2.5,2.405,tp,33
2025-08-18 02:55:00,2025-08-18 10:55:00,S,0.012595,0.012538,0.012853573961381579,0.011948565096546054,0.22,0.167,time,96
2025-08-18 14:50:00,2025-08-18 14:55:00,S,0.012531,0.012628244671723892,0.012628244671723892,0.012287888320690271,-1.0,-1.142,sl,1
2025-08-19 00:25:00,2025-08-19 00:55:00,S,0.012672,0.01276899520832739,0.01276899520832739,0.012429511979181521,-1.0,-1.144,sl,6
2025-08-19 03:10:00,2025-08-19 11:10:00,S,0.012568,0.012621,0.01268361229435405,0.012278969264114873,-0.458,-0.578,time,96
2025-08-19 13:10:00,2025-08-19 13:30:00,S,0.012556,0.012641431455518779,0.012641431455518779,0.012342421361203051,-1.0,-1.162,sl,4
2025-08-19 13:35:00,2025-08-19 14:40:00,S,0.012527,0.012283616888843017,0.012624353244462793,0.012283616888843017,2.5,2.358,tp,13
2025-08-19 14:45:00,2025-08-19 22:45:00,S,0.012326,0.012205,0.012587128868382279,0.011673177829044304,0.463,0.411,time,96
2025-08-19 23:40:00,2025-08-20 03:30:00,S,0.012097,0.012258820628784955,0.012258820628784955,0.011692448428037613,-1.0,-1.082,sl,46
2025-08-20 11:45:00,2025-08-20 12:00:00,S,0.012184,0.01236132429461238,0.01236132429461238,0.011740689263469052,-1.0,-1.076,sl,3
2025-08-20 13:50:00,2025-08-20 14:50:00,S,0.012126,0.01232844083546202,0.01232844083546202,0.011619897911344948,-1.0,-1.066,sl,12
2025-08-20 16:20:00,2025-08-21 00:20:00,L,0.012483,0.012537,0.012316978639977296,0.012898053400056758,0.325,0.243,time,96
2025-08-21 03:15:00,2025-08-21 07:15:00,L,0.012672,0.012511283489884383,0.012511283489884383,0.01307379127528904,-1.0,-1.087,sl,48
2025-08-21 09:15:00,2025-08-21 17:15:00,S,0.01244,0.012305,0.01256148148622026,0.01213629628444935,1.111,0.999,time,96
2025-08-22 01:10:00,2025-08-22 02:05:00,S,0.012316,0.01246414091976491,0.01246414091976491,0.011945647700587727,-1.0,-1.091,sl,11
2025-08-22 02:20:00,2025-08-22 10:20:00,L,0.012496,0.01232723137893674,0.01232723137893674,0.012917921552658149,-1.0,-1.081,sl,96
2025-08-22 10:25:00,2025-08-22 12:30:00,S,0.012333,0.01208962611345021,0.012430349554619916,0.01208962611345021,2.5,2.361,tp,25
2025-08-22 12:35:00,2025-08-22 13:40:00,S,0.012045,0.012265285788743741,0.012265285788743741,0.011494285528140647,-1.0,-1.06,sl,13
2025-08-22 14:05:00,2025-08-22 22:05:00,L,0.012473,0.013419,0.012057576567334425,0.013511558581663937,2.277,2.244,time,96
2025-08-23 05:20:00,2025-08-23 13:20:00,L,0.013215,0.013178,0.013000231931912836,0.013751920170217907,-0.172,-0.24,time,96
2025-08-23 18:55:00,2025-08-24 02:55:00,L,0.013222,0.013216,0.013174942143327676,0.013339644641680807,-0.128,-0.437,time,96
2025-08-24 06:05:00,2025-08-24 10:15:00,S,0.013073,0.012790292730744286,0.013186082907702285,0.012790292730744286,2.5,2.373,tp,50
2025-08-24 10:20:00,2025-08-24 15:05:00,S,0.012793,0.01292694425609452,0.01292694425609452,0.012458139359763701,-1.0,-1.105,sl,57
2025-08-24 17:45:00,2025-08-24 20:05:00,L,0.013083,0.012828910759741404,0.012828910759741404,0.013718223100646486,-1.0,-1.057,sl,28
2025-08-25 00:40:00,2025-08-25 02:20:00,S,0.0128,0.01305589402069084,0.01305589402069084,0.012160264948272902,-1.0,-1.055,sl,20
2025-08-25 02:35:00,2025-08-25 05:05:00,L,0.013048,0.012859118872429175,0.012859118872429175,0.013520202818927064,-1.0,-1.076,sl,30
2025-08-25 05:10:00,2025-08-25 07:50:00,S,0.012856,0.012398598675412386,0.013038960529835044,0.012398598675412386,2.5,2.423,tp,32
2025-08-25 07:55:00,2025-08-25 15:55:00,S,0.012406,0.012328,0.012639787700352992,0.011821530749117522,0.334,0.275,time,96
2025-08-25 16:00:00,2025-08-25 20:10:00,S,0.012328,0.011995400813371955,0.012461039674651219,0.011995400813371955,2.5,2.398,tp,50
2025-08-25 20:15:00,2025-08-26 04:15:00,S,0.012002,0.012158,0.012327420347981503,0.011188449130046244,-0.479,-0.52,time,96
2025-08-26 07:15:00,2025-08-26 07:30:00,S,0.012083,0.012181185153233682,0.012181185153233682,0.011837537116915795,-1.0,-1.135,sl,3
2025-08-26 11:35:00,2025-08-26 12:35:00,S,0.012116,0.012268812196995094,0.012268812196995094,0.011733969507512265,-1.0,-1.087,sl,12
2025-08-26 19:20:00,2025-08-27 03:20:00,L,0.012412,0.01244,0.012330155021499641,0.012616612446250895,0.342,0.175,time,96
2025-08-27 03:55:00,2025-08-27 07:30:00,L,0.012572,0.012431989318945954,0.012431989318945954,0.012922026702635115,-1.0,-1.099,sl,43
2025-08-27 07:35:00,2025-08-27 14:30:00,S,0.012445,0.012565127071312838,0.012565127071312838,0.012144682321717903,-1.0,-1.114,sl,83
2025-08-27 18:15:00,2025-08-27 18:55:00,L,0.01261,0.012518780113230028,0.012518780113230028,0.01283804971692493,-1.0,-1.152,sl,8
2025-08-27 21:10:00,2025-08-28 05:10:00,L,0.012592,0.012643,0.012354878211672594,0.013184804470818517,0.215,0.157,time,96
2025-08-28 08:05:00,2025-08-28 09:40:00,L,0.012667,0.012566521884411368,0.012566521884411368,0.01291819528897158,-1.0,-1.139,sl,19
2025-08-28 14:20:00,2025-08-28 15:40:00,L,0.012664,0.012568161453220967,0.012568161453220967,0.012903596366947582,-1.0,-1.145,sl,16
2025-08-28 17:05:00,2025-08-28 22:25:00,S,0.012448,0.01261811994630433,0.01261811994630433,0.012022700134239176,-1.0,-1.08,sl,64
2025-08-28 22:30:00,2025-08-29 01:20:00,L,0.012621,0.012508370603646637,0.012508370603646637,0.012902573490883407,-1.0,-1.123,sl,34
2025-08-29 01:25:00,2025-08-29 09:25:00,S,0.012519,0.012171,0.012725525409769836,0.012002686475575413,1.685,1.618,time,96
2025-08-29 13:40:00,2025-08-29 21:40:00,S,0.012171,0.012171,0.012331083118407792,0.011770792203980519,-0.0,-0.084,time,96
2025-08-30 01:50:00,2025-08-30 02:30:00,S,0.012111,0.012185869566155626,0.012185869566155626,0.011923826084610935,-1.0,-1.178,sl,8
2025-08-30 03:10:00,2025-08-30 11:10:00,L,0.012232,0.012401,0.012080889858050331,0.012609775354874172,1.118,1.029,time,96
2025-08-30 12:30:00,2025-08-30 13:15:00,S,0.012358,0.012235764160156568,0.012406894335937372,0.012235764160156568,2.5,2.222,tp,9
2025-08-30 15:25:00,2025-08-30 22:05:00,L,0.012417,0.012289568167372865,0.012289568167372865,0.012735579581567836,-1.0,-1.107,sl,80
2025-08-31 00:35:00,2025-08-31 01:30:00,L,0.01236,0.012459137915311762,0.012320344833875294,0.012459137915311762,2.5,2.157,tp,11
2025-08-31 01:35:00,2025-08-31 09:35:00,L,0.012458,0.012437,0.01234073232975435,0.012751169175614124,-0.179,-0.296,time,96
2025-08-31 10:15:00,2025-08-31 18:15:00,S,0.01237,0.012326,0.012457639227395402,0.012150901931511497,0.502,0.347,time,96
2025-08-31 22:50:00,2025-09-01 02:20:00,S,0.012284,0.012051951091938093,0.012376819563224763,0.012051951091938093,2.5,2.354,tp,42
2025-09-01 02:25:00,2025-09-01 07:30:00,S,0.012048,0.012193352972159404,0.012193352972159404,0.011684617569601489,-1.0,-1.091,sl,61
2025-09-01 07:35:00,2025-09-01 15:35:00,L,0.012191,0.012173,0.01197208876199761,0.012738278095005977,-0.082,-0.143,time,96
2025-09-01 16:05:00,2025-09-02 00:05:00,S,0.012084,0.012102,0.012235834360306811,0.011704414099232969,-0.119,-0.206,time,96
2025-09-02 03:15:00,2025-09-02 11:15:00,L,0.012219,0.012274,0.0120383130434053,0.01267071739148675,0.304,0.23,time,96
2025-09-02 12:45:00,2025-09-02 13:35:00,S,0.012167,0.012300181192752217,0.012300181192752217,0.01183404701811946,-1.0,-1.1,sl,10
2025-09-02 13:40:00,2025-09-02 21:40:00,L,0.012301,0.012458,0.012077632410443458,0.012859418973891352,0.703,0.642,time,96
2025-09-03 02:30:00,2025-09-03 06:00:00,L,0.012458,0.0123304290637818,0.0123304290637818,0.012776927340545502,-1.0,-1.107,sl,42
2025-09-03 08:20:00,2025-09-03 16:20:00,L,0.012409,0.012526,0.012295869966857685,0.012691825082855787,1.034,0.914,time,96
2025-09-03 20:10:00,2025-09-03 23:10:00,L,0.012562,0.012489540800291854,0.012489540800291854,0.012743147999270366,-1.0,-1.191,sl,36
2025-09-04 02:25:00,2025-09-04 05:15:00,S,0.012422,0.012263195686752973,0.012485521725298812,0.012263195686752973,2.5,2.285,tp,34
2025-09-04 05:20:00,2025-09-04 13:20:00,S,0.012263,0.012203,0.012369207906980439,0.011997480232548902,0.565,0.438,time,96
2025-09-04 14:05:00,2025-09-04 22:05:00,S,0.012107,0.012109,0.012223775164835046,0.011815062087912383,-0.017,-0.131,time,96
2025-09-05 01:05:00,2025-09-05 01:40:00,S,0.012074,0.012163204322629946,0.012163204322629946,0.011850989193425135,-1.0,-1.149,sl,7
2025-09-05 07:05:00,2025-09-05 12:30:00,L,0.012232,0.0124103453882905,0.0121606618446838,0.0124103453882905,2.5,2.311,tp,65
2025-09-05 12:35:00,2025-09-05 14:15:00,L,0.012414,0.012291483136804605,0.012291483136804605,0.012720292157988488,-1.0,-1.111,sl,20
2025-09-05 14:20:00,2025-09-05 22:20:00,S,0.012242,0.012387,0.012466403366893464,0.011680991582766337,-0.646,-0.706,time,96
2025-09-06 05:20:00,2025-09-06 13:20:00,S,0.012304,0.012249,0.012348269548724524,0.012193326128188691,1.242,0.937,time,96
2025-09-06 15:50:00,2025-09-06 23:30:00,S,0.012207,0.012282368912589898,0.012282368912589898,0.01201857771852526,-1.0,-1.178,sl,92
2025-09-07 00:15:00,2025-09-07 08:15:00,L,0.012295,0.012374,0.012222712296439342,0.012475719258901646,1.093,0.906,time,96
2025-09-07 11:55:00,2025-09-07 14:10:00,L,0.012391,0.012465356802067798,0.01236125727917288,0.012465356802067798,2.5,2.042,tp,27
2025-09-07 21:00:00,2025-09-08 03:00:00,L,0.01241,0.012553355263647151,0.012352657894541139,0.012553355263647151,2.5,2.262,tp,72
2025-09-08 03:05:00,2025-09-08 11:05:00,L,0.012562,0.012704,0.012390100827803037,0.012991747930492407,0.826,0.746,time,96
2025-09-08 13:10:00,2025-09-08 21:10:00,L,0.012773,0.012843,0.012669323439615196,0.013032191400962009,0.675,0.54,time,96
2025-09-09 00:20:00,2025-09-09 00:30:00,L,0.012905,0.012843052032226132,0.012843052032226132,0.013059869919434669,-1.0,-1.229,sl,2
2025-09-09 05:25:00,2025-09-09 06:15:00,L,0.012809,0.012927910794043736,0.012761435682382504,0.012927910794043736,2.5,2.204,tp,10
2025-09-09 06:20:00,2025-09-09 14:20:00,L,0.012967,0.012956,0.012778559118703644,0.013438102203240886,-0.058,-0.134,time,96
2025-09-09 23:15:00,2025-09-10 00:15:00,L,0.012932,0.012845063146140947,0.012845063146140947,0.013149342134647635,-1.0,-1.164,sl,12
2025-09-10 02:25:00,2025-09-10 10:25:00,L,0.012959,0.012881,0.012824260141682068,0.013295849645794831,-0.579,-0.685,time,96
2025-09-10 12:20:00,2025-09-10 13:45:00,L,0.012957,0.013145148033958592,0.012881740786416563,0.013145148033958592,2.5,2.311,tp,17
2025-09-10 13:50:00,2025-09-10 16:10:00,L,0.013127,0.012988904398529339,0.012988904398529339,0.013472239003676653,-1.0,-1.105,sl,28
2025-09-10 23:05:00,2025-09-11 03:30:00,L,0.013023,0.013153934485038812,0.012970626205984475,0.013153934485038812,2.5,2.226,tp,53
2025-09-11 03:40:00,2025-09-11 11:40:00,L,0.013163,0.013096,0.013018526216592765,0.013524184458518084,-0.464,-0.564,time,96
2025-09-11 12:30:00,2025-09-11 12:30:00,L,0.013164,0.013034661911229085,0.013034661911229085,0.01348734522192729,-1.0,-1.112,sl,0
2025-09-11 12:35:00,2025-09-11 20:35:00,L,0.012968,0.013076,0.01286440484597811,0.013226987885054727,1.043,0.905,time,96
2025-09-11 21:35:00,2025-09-11 22:30:00,L,0.013114,0.013237823793380081,0.013064470482647968,0.013237823793380081,2.5,2.209,tp,11
2025-09-11 22:35:00,2025-09-12 06:35:00,L,0.013239,0.013348,0.013091578831958344,0.013607552920104144,0.739,0.641,time,96
2025-09-12 14:30:00,2025-09-12 17:20:00,L,0.01334,0.013661008274939337,0.013211596690024264,0.013661008274939337,2.5,2.386,tp,34
2025-09-12 17:25:00,2025-09-13 01:25:00,L,0.013651,0.014187,0.013347748241737931,0.014409129395655172,1.768,1.718,time,96
2025-09-13 01:30:00,2025-09-13 09:30:00,L,0.014187,0.014505,0.013741742484176502,0.015300143789558743,0.714,0.679,time,96
2025-09-13 09:35:00,2025-09-13 17:10:00,L,0.014505,0.014079598472197658,0.014079598472197658,0.015568503819505856,-1.0,-1.038,sl,91
2025-09-13 21:05:00,2025-09-14 00:50:00,L,0.014246,0.01406571187031802,0.01406571187031802,0.014696720324204948,-1.0,-1.087,sl,45
2025-09-14 09:25:00,2025-09-14 11:25:00,L,0.014076,0.013912190256942196,0.013912190256942196,0.014485524357644509,-1.0,-1.095,sl,24
2025-09-14 11:30:00,2025-09-14 19:30:00,S,0.013889,0.013726,0.014056472093998991,0.013470319765002523,0.973,0.882,time,96
2025-09-15 01:20:00,2025-09-15 01:30:00,S,0.01364,0.013757605238110008,0.013757605238110008,0.013345986904724976,-1.0,-1.128,sl,2
2025-09-15 06:40:00,2025-09-15 08:00:00,S,0.013605,0.013101352074319887,0.013806459170272047,0.013101352074319887,2.5,2.426,tp,16
2025-09-15 08:05:00,2025-09-15 16:05:00,S,0.013197,0.012974,0.01361642993405352,0.012148425164866201,0.532,0.497,time,96
2025-09-16 04:20:00,2025-09-16 05:10:00,S,0.012937,0.013056416889780062,0.013056416889780062,0.012638457775549849,-1.0,-1.119,sl,10
2025-09-16 10:40:00,2025-09-16 17:05:00,S,0.013036,0.013117590011473257,0.013117590011473257,0.012832024971316861,-1.0,-1.176,sl,77
2025-09-17 01:55:00,2025-09-17 02:35:00,S,0.013122,0.013175126447585428,0.013175126447585428,0.012989183881036431,-1.0,-1.272,sl,8
2025-09-17 03:40:00,2025-09-17 11:40:00,S,0.013094,0.012994,0.013210534222814652,0.01280266444296337,0.858,0.735,time,96
2025-09-17 14:35:00,2025-09-17 17:40:00,S,0.012971,0.013076625742144696,0.013076625742144696,0.012706935644638259,-1.0,-1.135,sl,37
2025-09-17 18:45:00,2025-09-17 19:35:00,S,0.012884,0.013130601616474905,0.013130601616474905,0.012267495958812737,-1.0,-1.057,sl,10
2025-09-17 19:40:00,2025-09-18 03:40:00,L,0.013138,0.013544,0.012821321286583323,0.013929696783541693,1.282,1.236,time,96
2025-09-18 04:00:00,2025-09-18 05:15:00,L,0.013582,0.013461839806024662,0.013461839806024662,0.013882400484938346,-1.0,-1.124,sl,15
2025-09-18 16:10:00,2025-09-18 22:50:00,L,0.013522,0.013376995489700018,0.013376995489700018,0.013884511275749953,-1.0,-1.103,sl,80
2025-09-19 01:05:00,2025-09-19 02:25:00,L,0.013536,0.013390237662137105,0.013390237662137105,0.013900405844657236,-1.0,-1.102,sl,16
2025-09-19 03:05:00,2025-09-19 09:45:00,S,0.013391,0.013098606642467425,0.01350795734301303,0.013098606642467425,2.5,2.374,tp,80
2025-09-19 09:50:00,2025-09-19 17:50:00,S,0.013108,0.012875,0.013237998842308104,0.012783002894229739,1.792,1.681,time,96
2025-09-19 18:15:00,2025-09-19 22:10:00,S,0.012843,0.012917437793500481,0.012917437793500481,0.012656905516248798,-1.0,-1.19,sl,47
2025-09-19 23:25:00,2025-09-20 05:20:00,S,0.012803,0.01292411236649654,0.01292411236649654,0.012500219083758653,-1.0,-1.116,sl,71
2025-09-20 09:00:00,2025-09-20 14:50:00,S,0.012891,0.012981750267038794,0.012981750267038794,0.012664124332403014,-1.0,-1.156,sl,70
2025-09-20 18:05:00,2025-09-21 00:50:00,S,0.012906,0.012975722912381516,0.012975722912381516,0.012731692719046213,-1.0,-1.204,sl,81
2025-09-21 05:05:00,2025-09-21 08:20:00,L,0.012982,0.012943537580846862,0.012943537580846862,0.013078156047882847,-1.0,-1.371,sl,39
2025-09-21 08:25:00,2025-09-21 16:25:00,S,0.012936,0.012845,0.013026629658552695,0.012709425853618263,1.004,0.847,time,96
2025-09-21 17:20:00,2025-09-21 17:55:00,S,0.012801,0.012877949115736389,0.012877949115736389,0.012608627210659027,-1.0,-1.183,sl,7
2025-09-21 21:15:00,2025-09-22 00:20:00,S,0.012797,0.012681000955147879,0.012843399617940848,0.012681000955147879,2.5,2.197,tp,37
2025-09-22 00:25:00,2025-09-22 02:30:00,S,0.012665,0.012402462732998715,0.012770014906800513,0.012402462732998715,2.5,2.367,tp,25
2025-09-22 02:35:00,2025-09-22 06:00:00,S,0.01243,0.011979373993824462,0.012610250402470215,0.011979373993824462,2.5,2.424,tp,41
2025-09-22 06:05:00,2025-09-22 14:05:00,S,0.011833,0.01213,0.012488693102095067,0.010193767244762331,-0.453,-0.473,time,96
2025-09-22 19:55:00,2025-09-22 21:20:00,S,0.011946,0.012067375034812403,0.012067375034812403,0.011642562412968993,-1.0,-1.108,sl,17
2025-09-23 01:10:00,2025-09-23 07:10:00,S,0.012044,0.01218530526045137,0.01218530526045137,0.011690736848871574,-1.0,-1.094,sl,72
2025-09-23 18:45:00,2025-09-23 19:15:00,S,0.012086,0.012144938294847005,0.012144938294847005,0.011938654262882485,-1.0,-1.226,sl,6
2025-09-24 03:25:00,2025-09-24 05:40:00,S,0.01208,0.012183305390565682,0.012183305390565682,0.011821736523585796,-1.0,-1.129,sl,27
2025-09-24 11:15:00,2025-09-24 19:15:00,L,0.012235,0.012245,0.012160043149575398,0.012422392126061502,0.133,-0.046,time,96
2025-09-24 20:35:00,2025-09-25 00:25:00,S,0.012204,0.01207250085164049,0.012256599659343803,0.01207250085164049,2.5,2.245,tp,46
2025-09-25 00:30:00,2025-09-25 04:15:00,S,0.012077,0.011862971427367905,0.012162611429052837,0.011862971427367905,2.5,2.345,tp,45
2025-09-25 04:20:00,2025-09-25 12:20:00,S,0.01186,0.011796,0.012044647367147361,0.011398381582131599,0.347,0.276,time,96
2025-09-25 12:25:00,2025-09-25 12:30:00,S,0.011796,0.01163101783316985,0.01186199286673206,0.01163101783316985,2.5,2.303,tp,1
2025-09-25 12:35:00,2025-09-25 13:25:00,S,0.011797,0.011899879631847871,0.011899879631847871,0.011539800920380323,-1.0,-1.126,sl,10
2025-09-25 16:50:00,2025-09-26 00:50:00,S,0.011765,0.011762,0.011923877830252035,0.01136780542436991,0.019,-0.063,time,96
2025-09-26 06:10:00,2025-09-26 14:10:00,S,0.011667,0.01169,0.01176815846897958,0.01141410382755105,-0.227,-0.354,time,96
2025-09-26 17:05:00,2025-09-27 01:05:00,L,0.011826,0.011875,0.011699078053325599,0.012143304866686001,0.386,0.284,time,96
2025-09-27 08:10:00,2025-09-27 16:10:00,S,0.011804,0.011829,0.011894361064337888,0.01157809733915528,-0.277,-0.42,time,96
2025-09-27 17:20:00,2025-09-27 22:10:00,S,0.01171,0.01183114133014367,0.01183114133014367,0.011407146674640826,-1.0,-1.106,sl,58
2025-09-27 22:15:00,2025-09-28 00:10:00,L,0.011841,0.01175387465787703,0.01175387465787703,0.012058813355307427,-1.0,-1.149,sl,23
2025-09-28 00:55:00,2025-09-28 08:55:00,S,0.011759,0.011665,0.011816885502201087,0.011614286244497283,1.624,1.4,time,96
2025-09-28 14:30:00,2025-09-28 20:25:00,L,0.011752,0.01189151800656851,0.011696192797372596,0.01189151800656851,2.5,2.268,tp,71
2025-09-28 20:30:00,2025-09-29 04:30:00,L,0.011889,0.011935,0.01180451444926396,0.012100213876840103,0.544,0.39,time,96
2025-09-29 08:55:00,2025-09-29 09:40:00,L,0.011928,0.011869301101657537,0.011869301101657537,0.012074747245856155,-1.0,-1.224,sl,9
2025-09-29 10:35:00,2025-09-29 14:00:00,S,0.01184,0.011901855183785833,0.011901855183785833,0.011685362040535417,-1.0,-1.211,sl,41
2025-09-29 14:05:00,2025-09-29 22:05:00,L,0.011908,0.011994,0.011703008702755938,0.012420478243110156,0.42,0.356,time,96
2025-09-30 00:05:00,2025-09-30 00:55:00,S,0.011968,0.01185898843174318,0.012011604627302728,0.01185898843174318,2.5,2.198,tp,10
2025-09-30 01:00:00,2025-09-30 09:00:00,S,0.011864,0.011701,0.011995435856132322,0.011535410359669193,1.24,1.141,time,96
2025-09-30 09:05:00,2025-09-30 17:05:00,S,0.011701,0.011602,0.01178422142594855,0.011492946435128625,1.19,1.035,time,96
2025-09-30 19:05:00,2025-10-01 03:05:00,L,0.011691,0.011844,0.01155185391631772,0.012038865209205699,1.1,1.007,time,96
2025-10-01 05:25:00,2025-10-01 06:50:00,L,0.011896,0.011823424073829848,0.011823424073829848,0.012077439815425382,-1.0,-1.18,sl,17
2025-10-01 08:30:00,2025-10-01 08:50:00,L,0.011958,0.012255331523981831,0.011839067390407267,0.012255331523981831,2.5,2.389,tp,4
2025-10-01 08:55:00,2025-10-01 16:55:00,L,0.012262,0.012273,0.01183810215504393,0.013321744612390175,0.026,-0.006,time,96
2025-10-01 19:25:00,2025-10-02 02:40:00,L,0.012341,0.01254911161275547,0.012257755354897811,0.01254911161275547,2.5,2.337,tp,87
2025-10-02 02:45:00,2025-10-02 10:45:00,L,0.01256,0.012601,0.012471606670104598,0.012780983324738504,0.464,0.308,time,96
2025-10-02 16:15:00,2025-10-03 00:15:00,L,0.012593,0.012577,0.012375950265383875,0.013135624336540313,-0.074,-0.138,time,96
2025-10-03 13:35:00,2025-10-03 16:35:00,L,0.012475,0.012812688724809972,0.012339924510076011,0.012812688724809972,2.5,2.398,tp,36
2025-10-03 16:40:00,2025-10-03 17:00:00,L,0.012816,0.01257849360877481,0.01257849360877481,0.013409765978062973,-1.0,-1.059,sl,4
2025-10-04 05:15:00,2025-10-04 09:45:00,L,0.01258,0.012486347673908216,0.012486347673908216,0.012814130815229457,-1.0,-1.148,sl,54
2025-10-04 09:50:00,2025-10-04 15:20:00,S,0.012479,0.012242677794826995,0.012573528882069203,0.012242677794826995,2.5,2.355,tp,66
2025-10-04 15:25:00,2025-10-04 23:25:00,S,0.012251,0.012377,0.01246133241634754,0.011725168959131149,-0.599,-0.663,time,96
2025-10-05 02:35:00,2025-10-05 10:15:00,L,0.012487,0.012915171657326308,0.012315731337069476,0.012915171657326308,2.5,2.42,tp,92
2025-10-05 10:20:00,2025-10-05 11:30:00,L,0.012944,0.012734409580247453,0.012734409580247453,0.01346797604938137,-1.0,-1.068,sl,14
2025-10-05 18:10:00,2025-10-06 02:10:00,S,0.012519,0.012482,0.012683232512156212,0.012108418719609472,0.225,0.141,time,96
2025-10-06 05:15:00,2025-10-06 06:10:00,S,0.012414,0.012511445955815733,0.012511445955815733,0.012170385110460665,-1.0,-1.14,sl,11
2025-10-06 06:30:00,2025-10-06 14:30:00,L,0.012571,0.01288,0.012401924546241875,0.012993688634395316,1.828,1.746,time,96
2025-10-06 14:35:00,2025-10-06 22:35:00,L,0.01288,0.012905,0.012699025312731585,0.013332436718171041,0.138,0.06,time,96
2025-10-07 06:50:00,2025-10-07 14:50:00,S,0.012686,0.012424,0.01286117250147998,0.012248068746300049,1.496,1.416,time,96
2025-10-07 14:55:00,2025-10-07 22:55:00,S,0.012424,0.012252,0.012671411103707049,0.011805472240732376,0.695,0.64,time,96
2025-10-07 23:35:00,2025-10-08 02:20:00,S,0.012208,0.012285122500772978,0.012285122500772978,0.012015193748067556,-1.0,-1.174,sl,33
2025-10-08 03:25:00,2025-10-08 11:25:00,S,0.012121,0.012177,0.012298983793471975,0.011676040516320062,-0.315,-0.39,time,96
2025-10-08 17:20:00,2025-10-09 01:20:00,L,0.012365,0.012252,0.012170771285782266,0.012850571785544333,-0.582,-0.652,time,96
2025-10-09 01:35:00,2025-10-09 08:15:00,S,0.012219,0.012002844354719149,0.012305462258112342,0.012002844354719149,2.5,2.345,tp,80
2025-10-09 08:20:00,2025-10-09 16:20:00,S,0.01202,0.011823,0.012137156386412032,0.011727109033969917,1.682,1.569,time,96
2025-10-09 17:00:00,2025-10-09 20:00:00,S,0.011748,0.011910795093234863,0.011910795093234863,0.011341012266912844,-1.0,-1.079,sl,36
2025-10-10 01:45:00,2025-10-10 03:25:00,S,0.011968,0.012034994985212624,0.012034994985212624,0.01180051253696844,-1.0,-1.197,sl,20
2025-10-10 06:55:00,2025-10-10 14:55:00,S,0.011997,0.011879,0.01213289822686869,0.011657254432828277,0.868,0.771,time,96
2025-10-10 15:00:00,2025-10-10 19:25:00,S,0.011879,0.011313260379842337,0.012105295848063066,0.011313260379842337,2.5,2.442,tp,53
2025-10-10 19:30:00,2025-10-10 21:10:00,S,0.011208,0.01040709728925893,0.011528361084296427,0.01040709728925893,2.5,2.462,tp,20
2025-10-10 21:15:00,2025-10-10 21:20:00,S,0.010131,0.006832229471538817,0.011450508211384472,0.006832229471538817,2.5,2.492,tp,1
2025-10-10 21:25:00,2025-10-11 05:25:00,S,0.007133,0.010141,0.011492643945439893,-0.0037661098635997344,-0.69,-0.692,time,96
2025-10-11 12:35:00,2025-10-11 19:15:00,S,0.010352,0.010129907118869085,0.010440837152452366,0.010129907118869085,2.5,2.372,tp,80
2025-10-11 19:20:00,2025-10-11 21:05:00,S,0.010127,0.009598155162338614,0.010338537935064555,0.009598155162338614,2.5,2.447,tp,21
2025-10-11 21:10:00,2025-10-11 22:05:00,S,0.009588,0.009907024773244066,0.009907024773244066,0.008790438066889832,-1.0,-1.033,sl,11
2025-10-12 09:05:00,2025-10-12 12:20:00,S,0.009952,0.01008552200001355,0.01008552200001355,0.009618194999966129,-1.0,-1.082,sl,39
2025-10-12 13:35:00,2025-10-12 14:45:00,S,0.009979,0.010110057630713657,0.010110057630713657,0.009651355923215858,-1.0,-1.084,sl,14
2025-10-12 15:10:00,2025-10-12 23:10:00,L,0.010424,0.010653,0.009991914011627178,0.011504214970932052,0.53,0.503,time,96
2025-10-13 07:05:00,2025-10-13 11:25:00,L,0.010774,0.010566984279489164,0.010566984279489164,0.011291539301277092,-1.0,-1.057,sl,52
2025-10-13 13:35:00,2025-10-13 21:35:00,L,0.010925,0.011253,0.010748827820829211,0.011365430447926976,1.862,1.794,time,96
2025-10-14 04:15:00,2025-10-14 05:35:00,S,0.01085,0.010666867032865637,0.010923253186853745,0.010666867032865637,2.5,2.337,tp,16
2025-10-14 05:40:00,2025-10-14 13:40:00,S,0.01063,0.010306,0.01084216179321848,0.010099595516953802,1.527,1.472,time,96
2025-10-15 02:30:00,2025-10-15 03:45:00,L,0.010774,0.010626271693963081,0.010626271693963081,0.0111433207650923,-1.0,-1.08,sl,15
2025-10-15 03:50:00,2025-10-15 05:00:00,S,0.010658,0.010752882580901273,0.010752882580901273,0.01042079354774682,-1.0,-1.124,sl,14
2025-10-15 08:20:00,2025-10-15 09:30:00,L,0.010747,0.010683461698089404,0.010683461698089404,0.010905845754776489,-1.0,-1.186,sl,14
2025-10-15 10:05:00,2025-10-15 13:45:00,S,0.010678,0.010461312216672009,0.010764675113331196,0.010461312216672009,2.5,2.364,tp,44
2025-10-15 13:50:00,2025-10-15 14:10:00,S,0.010433,0.010595243149334226,0.010595243149334226,0.010027392126664432,-1.0,-1.071,sl,4
2025-10-15 15:55:00,2025-10-15 23:55:00,S,0.010371,0.010319,0.010507903956415448,0.010028740108961381,0.38,0.296,time,96
2025-10-16 09:05:00,2025-10-16 09:35:00,S,0.010255,0.01003362487104284,0.010343550051582865,0.01003362487104284,2.5,2.373,tp,6
2025-10-16 09:40:00,2025-10-16 09:45:00,S,0.010099,0.01032568187433261,0.01032568187433261,0.009532295314168477,-1.0,-1.049,sl,1
2025-10-16 14:10:00,2025-10-16 19:30:00,S,0.010329,0.009919681318164895,0.010492727472734041,0.009919681318164895,2.5,2.431,tp,64
2025-10-16 19:35:00,2025-10-17 03:35:00,S,0.009942,0.010057,0.010141816241783836,0.00944245939554041,-0.576,-0.63,time,96
2025-10-17 05:45:00,2025-10-17 06:45:00,S,0.009947,0.009646125925084566,0.010067349629966173,0.009646125925084566,2.5,2.409,tp,12
2025-10-17 06:50:00,2025-10-17 14:50:00,S,0.009636,0.009614,0.009958999757940228,0.008828500605149434,0.068,0.035,time,96
2025-10-18 04:45:00,2025-10-18 07:00:00,S,0.009802,0.009873583403320403,0.009873583403320403,0.009623041491698993,-1.0,-1.151,sl,27
2025-10-18 13:20:00,2025-10-18 17:55:00,S,0.009801,0.00990613423490078,0.00990613423490078,0.009538164412748053,-1.0,-1.103,sl,55
2025-10-18 18:00:00,2025-10-19 02:00:00,L,0.009902,0.009888,0.009774583994642894,0.010220540013392763,-0.11,-0.195,time,96
2025-10-19 03:20:00,2025-10-19 05:45:00,L,0.009915,0.009855350815132944,0.009855350815132944,0.010064122962167639,-1.0,-1.183,sl,29
2025-10-19 08:30:00,2025-10-19 09:45:00,S,0.009871,0.009963069182675739,0.009963069182675739,0.009640827043310651,-1.0,-1.118,sl,15
2025-10-19 09:50:00,2025-10-19 17:50:00,L,0.009987,0.010096,0.009778416800757195,0.01050845799810701,0.523,0.47,time,96
2025-10-20 03:45:00,2025-10-20 05:50:00,L,0.010076,0.01024742237031757,0.010007431051872972,0.01024742237031757,2.5,2.338,tp,25
2025-10-20 05:55:00,2025-10-20 13:55:00,L,0.010259,0.010255,0.010178737602049622,0.010459655994875947,-0.05,-0.19,time,96
2025-10-20 19:55:00,2025-10-21 01:00:00,L,0.010187,0.010095787896625576,0.010095787896625576,0.01041503025843606,-1.0,-1.123,sl,61
2025-10-21 01:05:00,2025-10-21 04:00:00,S,0.010117,0.009942147979182699,0.01018694080832692,0.009942147979182699,2.5,2.341,tp,35
2025-10-21 04:05:00,2025-10-21 12:05:00,S,0.009958,0.009983,0.010056667988902942,0.009711330027742644,-0.253,-0.364,time,96
2025-10-21 14:10:00,2025-10-21 15:20:00,L,0.010115,0.010491226791167995,0.009964509283532803,0.010491226791167995,2.5,2.426,tp,14
2025-10-21 15:25:00,2025-10-21 22:30:00,L,0.010524,0.010157511836051465,0.010157511836051465,0.01144022040987134,-1.0,-1.032,sl,85
2025-10-21 23:35:00,2025-10-22 07:35:00,S,0.010098,0.009945,0.010231641904300792,0.009763895239248019,1.145,1.062,time,96
2025-10-22 09:45:00,2025-10-22 13:10:00,S,0.009848,0.009957738378270178,0.009957738378270178,0.009573654054324558,-1.0,-1.099,sl,41
2025-10-22 18:20:00,2025-10-23 02:20:00,S,0.009814,0.009891,0.009962850598293592,0.009441873504266018,-0.517,-0.59,time,96
2025-10-23 06:55:00,2025-10-23 14:55:00,L,0.009986,0.01,0.009857935897732033,0.010306160255669918,0.109,0.024,time,96
2025-10-23 15:35:00,2025-10-23 23:35:00,L,0.010093,0.010069,0.009967780958826175,0.01040604760293456,-0.192,-0.28,time,96
2025-10-23 23:50:00,2025-10-24 04:30:00,L,0.010088,0.010173458588794584,0.010053816564482166,0.010173458588794584,2.5,2.175,tp,56
2025-10-24 04:35:00,2025-10-24 12:35:00,L,0.010193,0.010226,0.01005951031101548,0.010526724222461304,0.247,0.163,time,96
2025-10-24 16:10:00,2025-10-24 19:05:00,S,0.010061,0.010152316781846717,0.010152316781846717,0.009832708045383208,-1.0,-1.121,sl,35
2025-10-24 19:25:00,2025-10-25 03:25:00,L,0.010175,0.010189,0.010105722342355978,0.010348194144110055,0.202,0.041,time,96
2025-10-25 07:05:00,2025-10-25 07:30:00,S,0.010132,0.010159810080868113,0.010159810080868113,0.01006247479782972,-1.0,-1.401,sl,5
2025-10-25 07:45:00,2025-10-25 15:45:00,S,0.010123,0.010138,0.010175532268627583,0.009991669328431043,-0.286,-0.498,time,96
2025-10-25 18:40:00,2025-10-26 01:55:00,L,0.010195,0.01012687526794861,0.01012687526794861,0.010365311830128471,-1.0,-1.165,sl,87
2025-10-26 02:00:00,2025-10-26 07:35:00,S,0.010123,0.010186472751097329,0.010186472751097329,0.009964318122256679,-1.0,-1.175,sl,67
2025-10-26 07:40:00,2025-10-26 09:20:00,L,0.010187,0.01025667852713474,0.010159128589146103,0.01025667852713474,2.5,2.098,tp,20
2025-10-26 09:25:00,2025-10-26 17:25:00,L,0.010308,0.010433,0.010194983367020103,0.01059054158244974,1.106,1.006,time,96
2025-10-26 18:25:00,2025-10-26 20:20:00,L,0.010489,0.010419248430138008,0.010419248430138008,0.010663378924654982,-1.0,-1.165,sl,23
2025-10-26 22:05:00,2025-10-27 06:05:00,L,0.010609,0.010573,0.010383276198490419,0.011173309503773954,-0.159,-0.211,time,96
2025-10-27 16:20:00,2025-10-27 20:30:00,L,0.010496,0.010424670996884145,0.010424670996884145,0.010674322507789637,-1.0,-1.162,sl,50
2025-10-27 20:35:00,2025-10-28 04:35:00,S,0.010424,0.010316,0.0105404223961323,0.01013294400966925,0.928,0.829,time,96
2025-10-28 05:50:00,2025-10-28 06:45:00,S,0.010282,0.010363324333938113,0.010363324333938113,0.010078689165154715,-1.0,-1.139,sl,11
2025-10-28 06:50:00,2025-10-28 14:40:00,L,0.010371,0.010235606756073599,0.010235606756073599,0.010709483109816002,-1.0,-1.084,sl,94
2025-10-28 14:45:00,2025-10-28 22:45:00,S,0.010251,0.010129,0.010417963413480806,0.009833591466297986,0.731,0.663,time,96
2025-10-29 12:45:00,2025-10-29 13:15:00,L,0.010276,0.010354318931491677,0.01024467242740333,0.010354318931491677,2.5,2.139,tp,6
2025-10-29 13:20:00,2025-10-29 14:00:00,L,0.010347,0.010252856389273046,0.010252856389273046,0.010582359026817388,-1.0,-1.121,sl,8
2025-10-29 15:20:00,2025-10-29 15:45:00,S,0.010259,0.010145526203121667,0.010304389518751334,0.010145526203121667,2.5,2.251,tp,5
2025-10-29 15:50:00,2025-10-29 17:35:00,S,0.010141,0.010291917743334919,0.010291917743334919,0.009763705641662705,-1.0,-1.074,sl,21
2025-10-29 17:40:00,2025-10-29 18:35:00,L,0.010317,0.010157386468313887,0.010157386468313887,0.010716033829215283,-1.0,-1.071,sl,11
2025-10-29 18:40:00,2025-10-29 19:25:00,S,0.010004,0.010398366789563707,0.010398366789563707,0.009018083026090735,-1.0,-1.028,sl,9
2025-10-29 19:30:00,2025-10-30 03:30:00,L,0.010358,0.010196,0.009910185404843674,0.011477536487890811,-0.362,-0.387,time,96
2025-10-30 04:10:00,2025-10-30 12:10:00,S,0.010088,0.009931,0.010224775568876316,0.009746061077809209,1.148,1.067,time,96
2025-10-30 12:20:00,2025-10-30 15:05:00,S,0.009913,0.009690961454696124,0.01000181541812155,0.009690961454696124,2.5,2.377,tp,33
2025-10-30 15:10:00,2025-10-30 23:10:00,S,0.009663,0.009644,0.009794496034065655,0.009334259914835863,0.144,0.064,time,96
2025-10-31 11:55:00,2025-10-31 17:15:00,L,0.00993,0.009851902919616275,0.009851902919616275,0.010125242700959311,-1.0,-1.14,sl,64
2025-10-31 17:20:00,2025-10-31 19:25:00,S,0.00984,0.009993760556424867,0.009993760556424867,0.009455598608937832,-1.0,-1.07,sl,25
2025-10-31 19:50:00,2025-11-01 03:50:00,L,0.010039,0.010052,0.00990504568844338,0.010373885778891548,0.097,0.015,time,96
2025-11-01 07:30:00,2025-11-01 15:30:00,L,0.010076,0.010118,0.009987552006661064,0.010297119983347338,0.475,0.35,time,96
2025-11-01 16:50:00,2025-11-02 00:50:00,L,0.010165,0.010148,0.010108945166574585,0.010305137083563539,-0.303,-0.503,time,96
2025-11-02 05:00:00,2025-11-02 13:00:00,L,0.010193,0.010203,0.010085299652849267,0.010462250867876836,0.093,-0.011,time,96
2025-11-02 14:20:00,2025-11-02 22:20:00,S,0.010118,0.010037,0.010188293553546264,0.009942266116134342,1.152,0.994,time,96
2025-11-02 23:10:00,2025-11-03 01:35:00,L,0.010074,0.00997819642166586,0.00997819642166586,0.010313508945835348,-1.0,-1.116,sl,29
2025-11-03 01:40:00,2025-11-03 06:10:00,S,0.009981,0.009625068661715782,0.010123372535313688,0.009625068661715782,2.5,2.423,tp,54
2025-11-03 06:15:00,2025-11-03 14:15:00,S,0.009626,0.009624,0.009763635127201546,0.009281912181996133,0.015,-0.062,time,96
2025-11-03 15:30:00,2025-11-03 23:30:00,S,0.009266,0.009156,0.00966999018237221,0.008256024544069478,0.272,0.247,time,96
2025-11-04 05:30:00,2025-11-04 13:30:00,S,0.009111,0.008999,0.009297374732015333,0.008645063169961666,0.601,0.547,time,96
2025-11-04 13:35:00,2025-11-04 14:40:00,S,0.008999,0.009106010151270636,0.009106010151270636,0.00873147462182341,-1.0,-1.093,sl,13
2025-11-04 16:50:00,2025-11-05 00:50:00,S,0.008925,0.008748,0.009173547128053697,0.00830363217986576,0.712,0.673,time,96
2025-11-05 01:25:00,2025-11-05 02:15:00,S,0.00851,0.008871237452480571,0.008871237452480571,0.007606906368798573,-1.0,-1.026,sl,10
2025-11-05 08:25:00,2025-11-05 13:45:00,S,0.008891,0.009045321565229442,0.009045321565229442,0.008505196086926394,-1.0,-1.063,sl,64
2025-11-05 16:55:00,2025-11-06 00:55:00,L,0.009165,0.009134,0.00904206041972686,0.009472348950682847,-0.252,-0.334,time,96
2025-11-06 01:05:00,2025-11-06 02:45:00,S,0.009096,0.009161181147420799,0.009161181147420799,0.008933047131448003,-1.0,-1.154,sl,20
2025-11-06 03:20:00,2025-11-06 05:15:00,L,0.009166,0.009050456364481829,0.009050456364481829,0.00945485908879543,-1.0,-1.087,sl,23
2025-11-06 05:20:00,2025-11-06 13:20:00,S,0.009049,0.009056,0.009176422493510734,0.008730443766223164,-0.055,-0.133,time,96
2025-11-06 14:40:00,2025-11-06 18:45:00,S,0.008934,0.009080349665263436,0.009080349665263436,0.008568125836841408,-1.0,-1.067,sl,49
2025-11-07 00:35:00,2025-11-07 08:00:00,L,0.009086,0.009426789722797708,0.008949684110880917,0.009426789722797708,2.5,2.427,tp,89
2025-11-07 08:05:00,2025-11-07 09:25:00,L,0.009441,0.009276251448190623,0.009276251448190623,0.009852871379523443,-1.0,-1.063,sl,16
2025-11-07 12:35:00,2025-11-07 14:45:00,S,0.009124,0.009268674186466182,0.009268674186466182,0.008762314533834546,-1.0,-1.069,sl,26
2025-11-07 15:00:00,2025-11-07 17:10:00,L,0.009276,0.009874900707064479,0.009036439717174207,0.009874900707064479,2.5,2.457,tp,26
2025-11-07 17:15:00,2025-11-08 01:15:00,L,0.009893,0.010132,0.00942399839314212,0.011065504017144701,0.51,0.486,time,96
2025-11-08 09:30:00,2025-11-08 09:50:00,L,0.010066,0.009963116332886797,0.009963116332886797,0.010323209167783008,-1.0,-1.108,sl,4
2025-11-08 11:15:00,2025-11-08 13:05:00,L,0.010147,0.009995334807862606,0.009995334807862606,0.010526162980343482,-1.0,-1.074,sl,22
2025-11-08 18:15:00,2025-11-09 02:15:00,L,0.009879,0.009899,0.009747809742085086,0.010206975644787288,0.152,0.07,time,96
2025-11-09 02:35:00,2025-11-09 09:20:00,S,0.009776,0.00991148366296825,0.00991148366296825,0.009437290842579375,-1.0,-1.079,sl,81
2025-11-09 09:25:00,2025-11-09 09:45:00,L,0.009899,0.009790025390689572,0.009790025390689572,0.01017143652327607,-1.0,-1.1,sl,4
2025-11-09 11:05:00,2025-11-09 19:05:00,L,0.00993,0.009948,0.009706092937844378,0.010489767655389053,0.08,0.032,time,96
2025-11-09 19:35:00,2025-11-10 03:35:00,L,0.009971,0.010103,0.009870795136518978,0.010221512158702557,1.317,1.208,time,96
2025-11-10 05:20:00,2025-11-10 06:25:00,L,0.010107,0.010016258373177699,0.010016258373177699,0.010333854067055752,-1.0,-1.123,sl,13
2025-11-10 09:40:00,2025-11-10 16:40:00,L,0.010081,0.009911173103542163,0.009911173103542163,0.01050556724114459,-1.0,-1.065,sl,84
2025-11-10 16:45:00,2025-11-10 19:40:00,S,0.009904,0.010108976035654884,0.010108976035654884,0.009391559910862789,-1.0,-1.053,sl,35
2025-11-10 19:55:00,2025-11-10 21:05:00,L,0.010121,0.009988748091168266,0.009988748091168266,0.010451629772079335,-1.0,-1.084,sl,14
2025-11-10 22:50:00,2025-11-11 05:45:00,L,0.010189,0.00993596037684016,0.00993596037684016,0.0108215990578996,-1.0,-1.044,sl,83
2025-11-11 05:50:00,2025-11-11 13:50:00,S,0.009959,0.009828,0.010061183947930546,0.009703540130173638,1.282,1.175,time,96
2025-11-11 19:05:00,2025-11-12 03:05:00,S,0.009721,0.009616,0.009842178020739887,0.009418054948150283,0.866,0.778,time,96
2025-11-12 09:15:00,2025-11-12 15:50:00,L,0.009862,0.00970164828883262,0.00970164828883262,0.010262879277918448,-1.0,-1.068,sl,79
2025-11-12 15:55:00,2025-11-12 23:55:00,S,0.009718,0.0095,0.00994350465699977,0.009154238357500573,0.967,0.919,time,96
2025-11-13 03:20:00,2025-11-13 03:25:00,S,0.009564,0.00962137277498924,0.00962137277498924,0.009420568062526898,-1.0,-1.183,sl,1
2025-11-13 06:00:00,2025-11-13 14:00:00,L,0.00977,0.009741,0.009668285336846227,0.010024286657884431,-0.285,-0.391,time,96
2025-11-13 14:55:00,2025-11-13 16:15:00,L,0.009819,0.009633788777760754,0.009633788777760754,0.010282028055598113,-1.0,-1.058,sl,16
2025-11-13 16:20:00,2025-11-14 00:20:00,S,0.009628,0.009284,0.009865228627244685,0.009034928431888285,1.45,1.405,time,96
2025-11-14 02:00:00,2025-11-14 02:15:00,S,0.009201,0.009286700490054646,0.009286700490054646,0.008986748774863388,-1.0,-1.118,sl,3
2025-11-14 04:35:00,2025-11-14 06:55:00,S,0.009096,0.009239528822886502,0.009239528822886502,0.008737177942783744,-1.0,-1.07,sl,28
2025-11-14 12:40:00,2025-11-14 12:50:00,S,0.009013,0.009161782628803966,0.009161782628803966,0.008641043427990085,-1.0,-1.067,sl,2
2025-11-14 20:45:00,2025-11-15 04:45:00,S,0.009038,0.009179,0.009273384631822267,0.008449538420444328,-0.599,-0.641,time,96
2025-11-15 08:05:00,2025-11-15 16:05:00,S,0.009162,0.009061,0.009242038957191504,0.00896190260702124,1.262,1.136,time,96
2025-11-15 16:20:00,2025-11-15 17:20:00,S,0.009048,0.009145240532510606,0.009145240532510606,0.008804898668723488,-1.0,-1.102,sl,12
2025-11-15 20:25:00,2025-11-16 01:35:00,S,0.009075,0.008948867329667305,0.009125453068133078,0.008948867329667305,2.5,2.302,tp,62
2025-11-16 01:40:00,2025-11-16 02:15:00,S,0.008927,0.009047192425152006,0.009047192425152006,0.008626518937119982,-1.0,-1.082,sl,7
2025-11-16 10:00:00,2025-11-16 11:10:00,L,0.00922,0.009115599732514716,0.009115599732514716,0.009481000668713213,-1.0,-1.097,sl,14
2025-11-16 11:15:00,2025-11-16 15:55:00,S,0.009111,0.008868805841050622,0.00920787766357975,0.008868805841050622,2.5,2.397,tp,56
2025-11-16 16:00:00,2025-11-17 00:00:00,S,0.008855,0.008896,0.009037315511973915,0.008399211220065213,-0.225,-0.278,time,96
2025-11-17 07:20:00,2025-11-17 13:30:00,L,0.009048,0.008950759676165747,0.008950759676165747,0.009291100809585633,-1.0,-1.102,sl,74
2025-11-17 13:35:00,2025-11-17 14:35:00,S,0.008954,0.009061342104400408,0.009061342104400408,0.00868564473899898,-1.0,-1.092,sl,12
2025-11-17 16:05:00,2025-11-18 00:05:00,S,0.008857,0.008593,0.009067758190034064,0.008330104524914842,1.253,1.206,time,96
2025-11-18 07:05:00,2025-11-18 08:05:00,S,0.008643,0.008762047815936702,0.008762047815936702,0.008345380460158244,-1.0,-1.08,sl,12
2025-11-18 15:25:00,2025-11-18 23:25:00,L,0.008885,0.008872,0.00869678259662003,0.009355543508449929,-0.069,-0.121,time,96
2025-11-19 00:20:00,2025-11-19 01:20:00,S,0.008767,0.008885191976809216,0.008885191976809216,0.008471520057976963,-1.0,-1.082,sl,12
2025-11-19 03:50:00,2025-11-19 11:50:00,S,0.008761,0.008687,0.008899267761223342,0.008415330596941644,0.535,0.465,time,96
2025-11-19 14:05:00,2025-11-19 15:05:00,S,0.008617,0.008724052245993636,0.008724052245993636,0.008349369385015907,-1.0,-1.089,sl,12
2025-11-19 15:50:00,2025-11-19 23:50:00,S,0.008551,0.008544,0.00875639229331753,0.008037519266706174,0.034,-0.012,time,96
2025-11-20 05:00:00,2025-11-20 06:50:00,L,0.008684,0.00860508775144278,0.00860508775144278,0.008881280621393052,-1.0,-1.121,sl,22
2025-11-20 08:10:00,2025-11-20 09:45:00,L,0.00869,0.008628242786301178,0.008628242786301178,0.008844393034247054,-1.0,-1.155,sl,19
2025-11-20 12:35:00,2025-11-20 16:05:00,L,0.008717,0.008631063213373228,0.008631063213373228,0.008931841966566932,-1.0,-1.112,sl,42
2025-11-20 16:15:00,2025-11-21 00:15:00,S,0.008527,0.008276,0.008812274767816482,0.007813813080458793,0.88,0.847,time,96
2025-11-21 02:20:00,2025-11-21 07:30:00,S,0.008254,0.007906110639106628,0.008393155744357348,0.007906110639106628,2.5,2.435,tp,62
2025-11-21 07:35:00,2025-11-21 15:35:00,S,0.00775,0.007794,0.008183579858861935,0.006666050352845163,-0.101,-0.121,time,96
2025-11-21 16:05:00,2025-11-21 17:00:00,S,0.007751,0.007978953874574618,0.007978953874574618,0.007181115313563455,-1.0,-1.037,sl,11
2025-11-21 20:20:00,2025-11-21 21:50:00,S,0.007757,0.007925360879326366,0.007925360879326366,0.007336097801684084,-1.0,-1.051,sl,18
2025-11-21 22:55:00,2025-11-22 06:55:00,S,0.007685,0.0078,0.007931592969352879,0.007068517576617804,-0.466,-0.501,time,96
2025-11-22 08:35:00,2025-11-22 16:35:00,S,0.00767,0.007668,0.007828419658715325,0.007273950853211687,0.013,-0.041,time,96
2025-11-23 02:30:00,2025-11-23 10:30:00,L,0.007877,0.007904,0.007811753609328531,0.008040115976678674,0.414,0.281,time,96
2025-11-23 12:25:00,2025-11-23 20:25:00,L,0.00797,0.007951,0.007877113350953178,0.008202216622617053,-0.205,-0.299,time,96
2025-11-23 23:10:00,2025-11-24 02:05:00,S,0.007889,0.007957946272092358,0.007957946272092358,0.007716634319769106,-1.0,-1.126,sl,35
2025-11-24 02:10:00,2025-11-24 10:10:00,L,0.007947,0.007909,0.007795513895238476,0.008325715261903809,-0.251,-0.309,time,96
2025-11-24 12:35:00,2025-11-24 14:50:00,L,0.007977,0.007919210896820019,0.007919210896820019,0.008121472757949952,-1.0,-1.152,sl,27
2025-11-24 16:20:00,2025-11-25 00:20:00,L,0.008121,0.008299,0.007971354664727167,0.008495113338182082,1.189,1.13,time,96
2025-11-25 12:15:00,2025-11-25 13:35:00,L,0.008199,0.008142079981223021,0.008142079981223021,0.008341300046942446,-1.0,-1.158,sl,16
2025-11-25 14:45:00,2025-11-25 15:45:00,S,0.008082,0.008162939181841758,0.008162939181841758,0.007879652045395608,-1.0,-1.11,sl,12
2025-11-25 16:25:00,2025-11-25 22:50:00,L,0.00824,0.00875367428589223,0.00803453028564311,0.00875367428589223,2.5,2.456,tp,77
2025-11-25 22:55:00,2025-11-26 06:55:00,L,0.008763,0.008679,0.008502686557643089,0.00941378360589228,-0.323,-0.36,time,96
2025-11-26 07:20:00,2025-11-26 08:50:00,L,0.008667,0.008601645021624905,0.008601645021624905,0.008830387445937737,-1.0,-1.146,sl,18
2025-11-26 14:10:00,2025-11-26 16:20:00,S,0.008368,0.008455659793886702,0.008455659793886702,0.008148850515283246,-1.0,-1.105,sl,26
2025-11-26 16:25:00,2025-11-27 00:25:00,L,0.008444,0.00857,0.008308151177925709,0.008783622055185729,0.928,0.859,time,96
2025-11-27 02:20:00,2025-11-27 05:30:00,L,0.008643,0.008580274342624558,0.008580274342624558,0.008799814143438604,-1.0,-1.152,sl,38
2025-11-27 09:35:00,2025-11-27 10:30:00,L,0.008604,0.008540441545454901,0.008540441545454901,0.00876289613636275,-1.0,-1.149,sl,11
2025-11-27 14:45:00,2025-11-27 21:20:00,L,0.008627,0.008844273234367213,0.008540090706253113,0.008844273234367213,2.5,2.391,tp,79
2025-11-27 21:25:00,2025-11-27 22:40:00,L,0.008835,0.00876578435634779,0.00876578435634779,0.009008039109130526,-1.0,-1.14,sl,15
2025-11-28 07:55:00,2025-11-28 08:20:00,L,0.008739,0.008869938857204567,0.008686624457118174,0.008869938857204567,2.5,2.316,tp,5
2025-11-28 08:25:00,2025-11-28 16:25:00,L,0.008864,0.00875,0.00870736684115561,0.009255582897110978,-0.728,-0.79,time,96
2025-11-28 17:05:00,2025-11-29 01:05:00,S,0.008713,0.008632,0.008852782814704923,0.008363542963237693,0.579,0.511,time,96
2025-11-29 01:45:00,2025-11-29 06:30:00,S,0.008608,0.008502235057797614,0.008650305976880953,0.008502235057797614,2.5,2.276,tp,57
2025-11-29 06:35:00,2025-11-29 14:35:00,S,0.008498,0.008471,0.00856104251548983,0.008340393711275429,0.428,0.28,time,96
2025-11-29 18:15:00,2025-11-29 19:05:00,S,0.008436,0.008468802465974663,0.008468802465974663,0.008353993835063345,-1.0,-1.283,sl,10
2025-11-30 03:00:00,2025-11-30 08:20:00,S,0.00847,0.008520912638170161,0.008520912638170161,0.008342718404574598,-1.0,-1.183,sl,64
2025-11-30 10:45:00,2025-11-30 12:45:00,S,0.008487,0.0085280484367912,0.0085280484367912,0.008384378908022,-1.0,-1.227,sl,24
2025-11-30 13:20:00,2025-11-30 17:25:00,L,0.008567,0.008479351236940819,0.008479351236940819,0.008786121907647952,-1.0,-1.108,sl,49
2025-11-30 17:30:00,2025-12-01 00:05:00,S,0.008478,0.008221406033224776,0.008580637586710089,0.008221406033224776,2.5,2.409,tp,79
2025-12-01 00:10:00,2025-12-01 08:10:00,S,0.008183,0.007999,0.00846574789935674,0.007476130251608149,0.651,0.619,time,96
2025-12-01 11:35:00,2025-12-01 13:00:00,S,0.007974,0.008045221253956849,0.008045221253956849,0.007795946865107879,-1.0,-1.123,sl,17
2025-12-01 15:35:00,2025-12-01 21:40:00,S,0.007862,0.008015340781058165,0.008015340781058165,0.007478648047354584,-1.0,-1.056,sl,73
2025-12-02 00:25:00,2025-12-02 01:05:00,S,0.007934,0.008008686682573209,0.008008686682573209,0.007747283293566978,-1.0,-1.117,sl,8
2025-12-02 03:35:00,2025-12-02 03:55:00,S,0.007922,0.007991331466124789,0.007991331466124789,0.0077486713346880285,-1.0,-1.126,sl,4
2025-12-02 08:15:00,2025-12-02 10:45:00,S,0.007913,0.007964155718371455,0.007964155718371455,0.0077851107040713624,-1.0,-1.17,sl,30
2025-12-02 14:10:00,2025-12-02 15:10:00,L,0.008077,0.008349416217319529,0.00796803351307219,0.008349416217319529,2.5,2.418,tp,12
2025-12-02 15:15:00,2025-12-02 23:15:00,L,0.008387,0.0085,0.008056186172690504,0.00921403456827374,0.342,0.314,time,96
2025-12-03 01:55:00,2025-12-03 04:45:00,L,0.008526,0.008635839148149244,0.008482064340740303,0.008635839148149244,2.5,2.287,tp,34
2025-12-03 04:50:00,2025-12-03 11:20:00,L,0.008637,0.008842168786037562,0.008554932485584976,0.008842168786037562,2.5,2.384,tp,78
2025-12-03 11:25:00,2025-12-03 13:25:00,L,0.008846,0.009004628700759455,0.008782548519696218,0.009004628700759455,2.5,2.347,tp,24
2025-12-03 13:30:00,2025-12-03 14:00:00,L,0.009005,0.008905326266039086,0.008905326266039086,0.009254184334902287,-1.0,-1.099,sl,6
2025-12-03 15:35:00,2025-12-03 23:35:00,L,0.009021,0.00901,0.008767769834610088,0.00965407541347478,-0.043,-0.083,time,96
2025-12-04 14:30:00,2025-12-04 14:55:00,L,0.00878,0.00871112324097656,0.00871112324097656,0.0089521918975586,-1.0,-1.14,sl,5
2025-12-04 15:15:00,2025-12-04 17:35:00,L,0.008791,0.008700047994919365,0.008700047994919365,0.00901838001270159,-1.0,-1.106,sl,28
2025-12-04 18:45:00,2025-12-05 01:05:00,S,0.008669,0.008764667517535407,0.008764667517535407,0.00842983120616148,-1.0,-1.1,sl,76
2025-12-05 03:35:00,2025-12-05 08:40:00,S,0.008684,0.008538302943010109,0.008742278822795957,0.008538302943010109,2.5,2.336,tp,61
2025-12-05 08:45:00,2025-12-05 14:50:00,S,0.008543,0.008316280690984574,0.00863368772360617,0.008316280690984574,2.5,2.396,tp,73
2025-12-05 14:55:00,2025-12-05 15:00:00,S,0.008334,0.008400743843984487,0.008400743843984487,0.00816714039003878,-1.0,-1.137,sl,1
2025-12-05 16:10:00,2025-12-06 00:10:00,S,0.008316,0.008311,0.00847614322050872,0.007915641948728205,0.031,-0.026,time,96
2025-12-06 12:05:00,2025-12-06 20:05:00,L,0.008449,0.008368,0.008333273260742232,0.008738316848144419,-0.7,-0.78,time,96
2025-12-07 00:35:00,2025-12-07 08:35:00,L,0.008444,0.008449,0.00840045065433365,0.008552873364165875,0.115,-0.098,time,96
2025-12-07 09:25:00,2025-12-07 17:15:00,S,0.008383,0.008467781776355295,0.008467781776355295,0.008171045559111762,-1.0,-1.109,sl,94
2025-12-07 17:20:00,2025-12-07 22:05:00,L,0.00845,0.008340693414596895,0.008340693414596895,0.00872326646350776,-1.0,-1.085,sl,57
2025-12-07 22:10:00,2025-12-08 06:10:00,S,0.008291,0.008466,0.008519363265636822,0.0077200918359079445,-0.766,-0.806,time,96
2025-12-08 06:15:00,2025-12-08 14:15:00,L,0.008466,0.00852,0.008397618849282567,0.008636952876793582,0.79,0.654,time,96
2025-12-08 14:35:00,2025-12-08 15:25:00,L,0.008565,0.008469224453656965,0.008469224453656965,0.008804438865857585,-1.0,-1.098,sl,10
2025-12-08 21:35:00,2025-12-09 03:20:00,L,0.008567,0.00845259986841766,0.00845259986841766,0.008853000328955848,-1.0,-1.082,sl,69
2025-12-09 07:30:00,2025-12-09 15:30:00,L,0.008555,0.008657,0.008412943234965782,0.008910141912585545,0.718,0.652,time,96
2025-12-09 15:45:00,2025-12-09 23:45:00,L,0.008778,0.008746,0.008539570378667807,0.00937407405333048,-0.134,-0.175,time,96
2025-12-10 07:10:00,2025-12-10 10:00:00,S,0.008547,0.008603257652686278,0.008603257652686278,0.008406355868284308,-1.0,-1.167,sl,34
2025-12-10 10:45:00,2025-12-10 17:25:00,S,0.008522,0.008636296716555802,0.008636296716555802,0.008236258208610493,-1.0,-1.082,sl,80
2025-12-10 17:30:00,2025-12-10 19:00:00,L,0.008613,0.00881476519208509,0.008532293923165965,0.00881476519208509,2.5,2.383,tp,18
2025-12-10 19:05:00,2025-12-10 22:10:00,L,0.008704,0.00858418197893697,0.00858418197893697,0.009003545052657576,-1.0,-1.08,sl,37
2025-12-11 00:35:00,2025-12-11 08:35:00,S,0.008477,0.008227,0.008581996004071793,0.008214509989820519,2.381,2.292,time,96
2025-12-11 10:25:00,2025-12-11 14:35:00,S,0.008202,0.008267451790420226,0.008267451790420226,0.008038370523949432,-1.0,-1.138,sl,50
2025-12-11 20:35:00,2025-12-12 04:35:00,L,0.008432,0.008401,0.008350309703703356,0.008636225740741611,-0.379,-0.493,time,96
2025-12-12 04:40:00,2025-12-12 06:00:00,S,0.008401,0.008450057977317302,0.008450057977317302,0.008278355056706746,-1.0,-1.188,sl,16
2025-12-12 06:15:00,2025-12-12 14:15:00,L,0.008488,0.0084,0.008363240884373417,0.008799897789066459,-0.705,-0.78,time,96
2025-12-12 15:20:00,2025-12-12 15:35:00,S,0.008382,0.008245714452834587,0.008436514218866166,0.008245714452834587,2.5,2.331,tp,3
2025-12-12 15:40:00,2025-12-12 23:40:00,S,0.008265,0.008278,0.008437679640593315,0.007833300898516714,-0.075,-0.128,time,96
2025-12-13 06:45:00,2025-12-13 07:15:00,S,0.00831,0.008345935255263276,0.008345935255263276,0.008220161861841808,-1.0,-1.254,sl,6
2025-12-13 08:20:00,2025-12-13 14:25:00,L,0.008388,0.00833272575257103,0.00833272575257103,0.008526185618572421,-1.0,-1.167,sl,73
2025-12-13 14:30:00,2025-12-13 22:30:00,S,0.008331,0.008317,0.008427685299494557,0.008089286751263608,0.145,0.05,time,96
2025-12-14 00:20:00,2025-12-14 04:35:00,L,0.008358,0.008318046332884119,0.008318046332884119,0.008457884167789706,-1.0,-1.23,sl,51
2025-12-14 04:40:00,2025-12-14 10:10:00,S,0.008316,0.008193866855576337,0.008364853257769466,0.008193866855576337,2.5,2.313,tp,66
2025-12-14 10:15:00,2025-12-14 10:25:00,S,0.008212,0.00823743315279308,0.00823743315279308,0.008148417118017304,-1.0,-1.355,sl,2
2025-12-14 11:40:00,2025-12-14 15:05:00,S,0.008184,0.008067332383840449,0.008230667046463821,0.008067332383840449,2.5,2.307,tp,41
2025-12-14 15:10:00,2025-12-14 23:10:00,S,0.008068,0.008046,0.008177132106855221,0.007795169732861949,0.202,0.12,time,96
2025-12-14 23:35:00,2025-12-15 00:20:00,S,0.008052,0.008097879478260642,0.008097879478260642,0.007937301304348396,-1.0,-1.193,sl,9
2025-12-15 07:25:00,2025-12-15 14:15:00,S,0.00816,0.008225053477353332,0.008225053477353332,0.007997366306616672,-1.0,-1.138,sl,82
2025-12-15 14:50:00,2025-12-15 16:35:00,S,0.008121,0.007845636888712471,0.008231145244515011,0.007845636888712471,2.5,2.419,tp,21
2025-12-15 16:40:00,2025-12-16 00:40:00,S,0.007818,0.007863,0.007979577577138575,0.0074140560571535645,-0.279,-0.332,time,96
2025-12-16 01:30:00,2025-12-16 09:30:00,S,0.007822,0.007815,0.007916840844497855,0.0075848978887553655,0.074,-0.017,time,96
2025-12-16 14:05:00,2025-12-16 22:05:00,S,0.007843,0.007872,0.007996050878119106,0.007460372804702232,-0.189,-0.246,time,96
2025-12-16 23:55:00,2025-12-17 00:30:00,S,0.007858,0.007815592047257795,0.007874963181096883,0.007815592047257795,2.5,1.99,tp,7
2025-12-17 00:35:00,2025-12-17 01:15:00,S,0.007813,0.00786522439233926,0.00786522439233926,0.00768243901915185,-1.0,-1.165,sl,8
2025-12-17 02:20:00,2025-12-17 10:20:00,S,0.007816,0.007752,0.00789533228437697,0.007617669289057576,0.807,0.698,time,96
2025-12-17 13:20:00,2025-12-17 13:45:00,S,0.007707,0.007761315700516784,0.007761315700516784,0.007571210748708042,-1.0,-1.156,sl,5
2025-12-17 14:05:00,2025-12-17 14:45:00,L,0.007784,0.007705008958405986,0.007705008958405986,0.007981477603985036,-1.0,-1.108,sl,8
2025-12-17 14:55:00,2025-12-17 16:10:00,L,0.007907,0.007675985691116749,0.007675985691116749,0.008484535772208132,-1.0,-1.038,sl,15
2025-12-17 16:15:00,2025-12-18 00:15:00,S,0.007664,0.007507,0.008048913685210955,0.006701715786972611,0.408,0.386,time,96
2025-12-18 01:25:00,2025-12-18 02:15:00,S,0.007454,0.007521587430998921,0.007521587430998921,0.007285031422502696,-1.0,-1.121,sl,10
2025-12-18 06:05:00,2025-12-18 08:20:00,S,0.007435,0.007490802754682186,0.007490802754682186,0.007295493113294534,-1.0,-1.147,sl,27
2025-12-18 12:35:00,2025-12-18 14:00:00,S,0.007348,0.007510151335789384,0.007510151335789384,0.006942621660526542,-1.0,-1.05,sl,17
2025-12-18 14:45:00,2025-12-18 22:45:00,S,0.007314,0.00707,0.007518088949670162,0.006803777625824596,1.196,1.156,time,96
2025-12-18 23:25:00,2025-12-19 02:25:00,S,0.007005,0.007087826671423079,0.007087826671423079,0.006797933321442302,-1.0,-1.093,sl,36
2025-12-19 13:20:00,2025-12-19 15:15:00,L,0.007439,0.007544711976358799,0.007396715209456481,0.007544711976358799,2.5,2.306,tp,23
2025-12-19 15:20:00,2025-12-19 23:20:00,L,0.007507,0.007552,0.007400779943879901,0.007772550140300247,0.424,0.346,time,96
2025-12-20 04:05:00,2025-12-20 07:30:00,S,0.007432,0.007469907627849681,0.007469907627849681,0.007337230930375799,-1.0,-1.216,sl,41
2025-12-20 07:35:00,2025-12-20 15:35:00,L,0.007468,0.007432,0.0074026148159401246,0.0076314629601496875,-0.551,-0.676,time,96
2025-12-21 00:05:00,2025-12-21 02:50:00,S,0.007425,0.007343168527798035,0.007457732588880786,0.007343168527798035,2.5,2.25,tp,33
2025-12-21 02:55:00,2025-12-21 08:30:00,S,0.007348,0.007414437180242007,0.007414437180242007,0.007181907049394982,-1.0,-1.122,sl,67
2025-12-21 11:00:00,2025-12-21 13:30:00,S,0.007387,0.007233791520311231,0.007448283391875508,0.007233791520311231,2.5,2.367,tp,30
2025-12-21 13:35:00,2025-12-21 21:35:00,S,0.007254,0.007238,0.007374548308462251,0.006952629228844372,0.133,0.067,time,96
2025-12-22 02:10:00,2025-12-22 10:10:00,S,0.007239,0.007261,0.007370038257559091,0.006911404356102272,-0.168,-0.229,time,96
2025-12-22 14:20:00,2025-12-22 14:30:00,L,0.007351,0.00727642943285592,0.00727642943285592,0.007537426417860201,-1.0,-1.108,sl,2
2025-12-22 17:25:00,2025-12-23 01:25:00,S,0.007283,0.007239,0.007353950055574024,0.007105624861064941,0.62,0.507,time,96
2025-12-23 03:10:00,2025-12-23 11:10:00,S,0.007186,0.007149,0.007271782452888777,0.006971543867778056,0.431,0.339,time,96
2025-12-23 14:55:00,2025-12-23 16:00:00,S,0.007077,0.007142354896136277,0.007142354896136277,0.006913612759659307,-1.0,-1.119,sl,13
2025-12-24 02:30:00,2025-12-24 10:30:00,S,0.007088,0.007091,0.007147960617161841,0.0069380984570953964,-0.05,-0.18,time,96
2025-12-24 14:35:00,2025-12-24 14:35:00,S,0.007109,0.0070536402706255965,0.007131143891749761,0.0070536402706255965,2.5,2.147,tp,0
2025-12-24 14:40:00,2025-12-24 14:40:00,S,0.007086,0.007120751372849793,0.007120751372849793,0.006999121567875518,-1.0,-1.224,sl,0
2025-12-24 15:35:00,2025-12-24 23:35:00,L,0.007211,0.007224,0.007049196491704092,0.007615508770739771,0.08,0.031,time,96
2025-12-25 02:35:00,2025-12-25 10:35:00,L,0.007228,0.007174123607010745,0.007174123607010745,0.007362690982473138,-1.0,-1.148,sl,96
2025-12-25 10:40:00,2025-12-25 15:40:00,S,0.007172,0.00723826624130841,0.00723826624130841,0.007006334396728976,-1.0,-1.119,sl,60
2025-12-25 15:45:00,2025-12-25 22:45:00,L,0.007254,0.00716216262036109,0.00716216262036109,0.007483593449097274,-1.0,-1.087,sl,84
2025-12-25 22:50:00,2025-12-26 02:20:00,S,0.007092,0.007229993438993012,0.007229993438993012,0.006747016402517471,-1.0,-1.057,sl,42
2025-12-26 02:25:00,2025-12-26 10:25:00,L,0.007243,0.007202,0.007044033804828969,0.007740415487927579,-0.206,-0.246,time,96
2025-12-26 11:30:00,2025-12-26 14:35:00,L,0.007203,0.007189146755862004,0.007189146755862004,0.007237633110344992,-1.0,-1.572,sl,37
2025-12-26 14:40:00,2025-12-26 22:40:00,S,0.007182,0.00711,0.007235276255550496,0.007048809361123759,1.351,1.203,time,96
2025-12-27 03:25:00,2025-12-27 11:25:00,L,0.007173,0.007209,0.007112827151680879,0.007323432120797801,0.598,0.467,time,96
2025-12-27 11:35:00,2025-12-27 19:35:00,L,0.007212,0.007237,0.00712274359770002,0.00743514100574995,0.28,0.191,time,96
2025-12-27 21:15:00,2025-12-28 00:00:00,L,0.007277,0.007404195624301226,0.007226121750279509,0.007404195624301226,2.5,2.343,tp,33
2025-12-28 00:05:00,2025-12-28 08:05:00,L,0.00739,0.007373,0.007296328105112732,0.0076241797372181685,-0.181,-0.268,time,96
2025-12-28 14:30:00,2025-12-28 18:00:00,L,0.007369,0.007311760761005068,0.007311760761005068,0.00751209809748733,-1.0,-1.142,sl,42
2025-12-28 22:10:00,2025-12-29 00:20:00,L,0.007322,0.007438927558079726,0.00727522897676811,0.007438927558079726,2.5,2.328,tp,26
2025-12-29 00:25:00,2025-12-29 08:25:00,L,0.007427,0.00749,0.007355055048341706,0.007606862379145735,0.876,0.762,time,96
2025-12-29 08:35:00,2025-12-29 09:35:00,L,0.007493,0.007438940610354376,0.007438940610354376,0.007628148474114058,-1.0,-1.152,sl,12
2025-12-29 10:50:00,2025-12-29 12:05:00,L,0.007498,0.007367203015661847,0.007367203015661847,0.007824992460845384,-1.0,-1.063,sl,15
2025-12-29 13:50:00,2025-12-29 14:30:00,S,0.007308,0.007378561662773471,0.007378561662773471,0.007131595843066323,-1.0,-1.114,sl,8
2025-12-29 16:30:00,2025-12-30 00:30:00,S,0.007287,0.007152,0.007393333985813613,0.007021165035465967,1.27,1.194,time,96
2025-12-30 00:35:00,2025-12-30 08:00:00,S,0.007152,0.0071972240296650225,0.0071972240296650225,0.007038939925837445,-1.0,-1.174,sl,89
2025-12-30 13:35:00,2025-12-30 14:45:00,S,0.007147,0.007194077442543032,0.007194077442543032,0.00702930639364242,-1.0,-1.167,sl,14
2025-12-30 18:55:00,2025-12-31 02:55:00,S,0.007098,0.007065,0.007132158511102781,0.0070126037222430476,0.966,0.738,time,96
2025-12-31 09:30:00,2025-12-31 16:40:00,S,0.007058,0.006880186778972938,0.007129125288410825,0.006880186778972938,2.5,2.391,tp,86
2025-12-31 16:45:00,2026-01-01 00:45:00,S,0.006902,0.006918,0.0070253721313621635,0.006593569671594591,-0.13,-0.191,time,96
2026-01-01 11:00:00,2026-01-01 12:05:00,L,0.007043,0.007022357966387751,0.007022357966387751,0.007094605084030621,-1.0,-1.375,sl,13
2026-01-01 13:50:00,2026-01-01 15:40:00,L,0.007052,0.007163986919746216,0.007007205232101514,0.007163986919746216,2.5,2.327,tp,22
2026-01-01 15:45:00,2026-01-01 20:00:00,L,0.007157,0.007394916682895448,0.007061833326841821,0.007394916682895448,2.5,2.417,tp,51
2026-01-01 20:05:00,2026-01-02 04:05:00,L,0.007381,0.007523,0.007271191842777262,0.0076555203930568465,1.293,1.219,time,96
2026-01-02 09:45:00,2026-01-02 12:45:00,L,0.007536,0.007762769479639232,0.007445292208144307,0.007762769479639232,2.5,2.409,tp,36
2026-01-02 12:50:00,2026-01-02 20:50:00,L,0.007743,0.008115,0.007488330312218563,0.00837967421945359,1.461,1.427,time,96
2026-01-02 21:55:00,2026-01-02 22:10:00,L,0.008196,0.008104355358957824,0.008104355358957824,0.00842511160260544,-1.0,-1.098,sl,3
2026-01-03 13:35:00,2026-01-03 16:50:00,L,0.007922,0.008078567589370249,0.0078593729642519,0.008078567589370249,2.5,2.361,tp,39
2026-01-03 16:55:00,2026-01-04 00:55:00,L,0.008091,0.008161,0.00792747255286127,0.008499818617846822,0.428,0.374,time,96
2026-01-04 01:00:00,2026-01-04 03:15:00,L,0.008161,0.008390472035932049,0.00806921118562718,0.008390472035932049,2.5,2.402,tp,27
2026-01-04 03:20:00,2026-01-04 09:20:00,L,0.008379,0.008766609222209593,0.008223956311116162,0.008766609222209593,2.5,2.441,tp,72
2026-01-04 09:25:00,2026-01-04 15:30:00,L,0.00867,0.00903676263110191,0.008523294947559237,0.00903676263110191,2.5,2.435,tp,73
2026-01-04 15:35:00,2026-01-04 23:35:00,L,0.009026,0.009082,0.008751310163043004,0.009712724592392486,0.204,0.168,time,96
2026-01-05 13:05:00,2026-01-05 15:05:00,L,0.008715,0.008662883019358136,0.008662883019358136,0.008845292451604661,-1.0,-1.184,sl,24
2026-01-05 15:35:00,2026-01-05 16:10:00,L,0.008786,0.009155088181247363,0.008638364727501055,0.009155088181247363,2.5,2.435,tp,7
2026-01-05 16:15:00,2026-01-06 00:15:00,L,0.009286,0.009205,0.008660322571067896,0.010850193572330264,-0.129,-0.146,time,96
2026-01-06 01:30:00,2026-01-06 09:30:00,L,0.009409,0.009245,0.009122110313798656,0.010126224215503361,-0.572,-0.608,time,96
2026-01-06 10:15:00,2026-01-06 15:45:00,L,0.00928,0.009162325557714946,0.009162325557714946,0.009574186105712635,-1.0,-1.087,sl,66
2026-01-06 16:10:00,2026-01-07 00:10:00,S,0.009182,0.009091,0.009364652888017827,0.00872536777995543,0.498,0.443,time,96
2026-01-07 00:45:00,2026-01-07 08:05:00,S,0.009027,0.009134275741023148,0.009134275741023148,0.00875881064744213,-1.0,-1.093,sl,88
2026-01-07 08:10:00,2026-01-07 10:15:00,L,0.009201,0.008973421143264718,0.008973421143264718,0.009769947141838207,-1.0,-1.044,sl,25
2026-01-07 10:20:00,2026-01-07 18:20:00,S,0.008965,0.008859,0.009172153797539476,0.008447115506151313,0.512,0.464,time,96
2026-01-07 19:00:00,2026-01-07 21:15:00,S,0.008822,0.008905278625306072,0.008905278625306072,0.008613803436734822,-1.0,-1.117,sl,27
2026-01-08 06:20:00,2026-01-08 14:20:00,S,0.008703,0.008512,0.008821078578687793,0.008407803553280519,1.618,1.536,time,96
2026-01-08 14:30:00,2026-01-08 15:05:00,S,0.008507,0.008616229014025267,0.008616229014025267,0.008233927464936836,-1.0,-1.086,sl,7
2026-01-09 08:40:00,2026-01-09 13:30:00,S,0.008694,0.008777452028302348,0.008777452028302348,0.00848536992924413,-1.0,-1.115,sl,58
2026-01-09 14:50:00,2026-01-09 15:25:00,S,0.008639,0.008760320021057297,0.008760320021057297,0.008335699947356761,-1.0,-1.078,sl,7
2026-01-09 16:20:00,2026-01-09 18:20:00,L,0.008862,0.008636709876837012,0.008636709876837012,0.00942522530790747,-1.0,-1.043,sl,24
2026-01-09 18:35:00,2026-01-10 02:35:00,S,0.008612,0.008604,0.008782618078709576,0.00818545480322606,0.047,-0.009,time,96
2026-01-10 06:00:00,2026-01-10 06:45:00,S,0.008573,0.008621106659451473,0.008621106659451473,0.008452733351371321,-1.0,-1.196,sl,9
2026-01-10 19:40:00,2026-01-10 22:05:00,L,0.00872,0.00866286503818458,0.00866286503818458,0.008862837404538554,-1.0,-1.168,sl,29
2026-01-10 22:10:00,2026-01-11 06:10:00,S,0.008664,0.008648,0.00873038231451662,0.00849804421370845,0.241,0.097,time,96
2026-01-11 12:50:00,2026-01-11 13:55:00,L,0.008714,0.008651707994133614,0.008651707994133614,0.008869730014665964,-1.0,-1.154,sl,13
2026-01-11 15:15:00,2026-01-11 20:05:00,S,0.008638,0.008465561844521609,0.008706975262191356,0.008465561844521609,2.5,2.362,tp,58
2026-01-11 20:10:00,2026-01-12 01:20:00,S,0.008471,0.008587074505642308,0.008587074505642308,0.00818081373589423,-1.0,-1.08,sl,62
2026-01-12 02:10:00,2026-01-12 07:30:00,L,0.00861,0.008511375398090234,0.008511375398090234,0.008856561504774412,-1.0,-1.096,sl,64
2026-01-12 07:35:00,2026-01-12 15:35:00,S,0.008475,0.008488,0.00859861431322215,0.008165964216944623,-0.105,-0.181,time,96
2026-01-12 20:35:00,2026-01-13 03:40:00,S,0.008408,0.00851250733555603,0.00851250733555603,0.008146731661109928,-1.0,-1.088,sl,85
2026-01-13 03:45:00,2026-01-13 11:45:00,L,0.008536,0.008582,0.008370312106404793,0.008950219733988019,0.278,0.221,time,96
2026-01-13 14:30:00,2026-01-13 22:05:00,L,0.008707,0.00896855768095597,0.008602376927617611,0.00896855768095597,2.5,2.408,tp,91
2026-01-13 22:15:00,2026-01-14 06:15:00,L,0.009014,0.008795,0.008762492751392438,0.009642768121518902,-0.871,-0.91,time,96
2026-01-14 11:10:00,2026-01-14 14:50:00,S,0.008686,0.00880818881238809,0.00880818881238809,0.008380527969029772,-1.0,-1.078,sl,44
2026-01-14 14:55:00,2026-01-14 22:55:00,L,0.008814,0.008692,0.008647001098639192,0.009231497253402023,-0.731,-0.789,time,96
2026-01-15 02:40:00,2026-01-15 03:30:00,S,0.008654,0.008477104890433181,0.008724758043826728,0.008477104890433181,2.5,2.365,tp,10
2026-01-15 03:35:00,2026-01-15 11:35:00,S,0.00851,0.00855,0.008705850595787948,0.008020373510530131,-0.204,-0.252,time,96
2026-01-15 14:35:00,2026-01-15 15:45:00,S,0.008541,0.00834783491251395,0.00861826603499442,0.00834783491251395,2.5,2.378,tp,14
2026-01-15 15:50:00,2026-01-15 23:50:00,S,0.008344,0.008416,0.008566434813768778,0.007787912965578059,-0.324,-0.365,time,96
2026-01-16 02:25:00,2026-01-16 07:25:00,S,0.008392,0.008461574789374444,0.008461574789374444,0.008218063026563891,-1.0,-1.133,sl,60
2026-01-16 11:20:00,2026-01-16 13:30:00,S,0.008448,0.008374489270247237,0.008477404291901107,0.008374489270247237,2.5,2.184,tp,26
2026-01-16 13:35:00,2026-01-16 15:30:00,S,0.008369,0.008207762557395066,0.008433494977041973,0.008207762557395066,2.5,2.357,tp,23
2026-01-16 15:35:00,2026-01-16 20:25:00,S,0.008188,0.008396539113685597,0.008396539113685597,0.00766665221578601,-1.0,-1.043,sl,58
2026-01-16 20:30:00,2026-01-17 04:30:00,L,0.008409,0.008519,0.008296845693382715,0.008689385766543212,0.981,0.898,time,96
2026-01-17 08:25:00,2026-01-17 11:05:00,L,0.008528,0.008487086011705903,0.008487086011705903,0.008630284970735244,-1.0,-1.229,sl,32
2026-01-17 11:50:00,2026-01-17 12:25:00,S,0.008486,0.008523133662823137,0.008523133662823137,0.008393165842942158,-1.0,-1.251,sl,7
2026-01-17 14:50:00,2026-01-17 17:50:00,L,0.008563,0.008486457097369563,0.008486457097369563,0.008754357256576091,-1.0,-1.123,sl,36
2026-01-17 22:40:00,2026-01-18 00:10:00,S,0.008446,0.008512819459873982,0.008512819459873982,0.008278951350315046,-1.0,-1.139,sl,18
2026-01-18 01:10:00,2026-01-18 09:10:00,S,0.00843,0.008369,0.008519805045755882,0.008205487385610295,0.679,0.576,time,96
2026-01-18 23:05:00,2026-01-19 00:00:00,S,0.008311,0.008048256789861107,0.008416097284055558,0.008048256789861107,2.5,2.413,tp,11
2026-01-19 00:05:00,2026-01-19 08:05:00,S,0.007895,0.007862,0.008414660645040128,0.006595848387399677,0.064,0.047,time,96
2026-01-19 14:10:00,2026-01-19 14:30:00,S,0.007822,0.00787874591988832,0.00787874591988832,0.007680135200279204,-1.0,-1.152,sl,4
2026-01-19 22:45:00,2026-01-19 23:40:00,S,0.008024,0.008113482464689603,0.008113482464689603,0.007800293838275993,-1.0,-1.099,sl,11
2026-01-19 23:45:00,2026-01-20 02:20:00,L,0.008122,0.007994009182999048,0.007994009182999048,0.008441977042502383,-1.0,-1.07,sl,31
2026-01-20 02:25:00,2026-01-20 05:45:00,S,0.007995,0.008099880431925147,0.008099880431925147,0.007732798920187134,-1.0,-1.084,sl,40
2026-01-20 06:55:00,2026-01-20 14:55:00,S,0.007947,0.007876,0.0080958816280327,0.007574795929918248,0.477,0.418,time,96
2026-01-20 16:50:00,2026-01-21 00:50:00,S,0.007735,0.007841,0.007890790501651871,0.007345523745870322,-0.68,-0.735,time,96
2026-01-21 05:50:00,2026-01-21 07:35:00,L,0.007971,0.007908406422882897,0.007908406422882897,0.00812748394279276,-1.0,-1.14,sl,21
2026-01-21 08:30:00,2026-01-21 14:15:00,S,0.007894,0.007967452287557051,0.007967452287557051,0.0077103692811073725,-1.0,-1.118,sl,69
2026-01-21 14:20:00,2026-01-21 16:40:00,L,0.00793,0.007776733949765905,0.007776733949765905,0.008313165125585236,-1.0,-1.057,sl,28
2026-01-21 16:45:00,2026-01-21 19:40:00,S,0.00772,0.008020979636353849,0.008020979636353849,0.006967550909115378,-1.0,-1.028,sl,35
2026-01-21 19:45:00,2026-01-22 03:45:00,L,0.008023,0.00798,0.00774200110354433,0.008725497241139177,-0.153,-0.184,time,96
2026-01-22 05:25:00,2026-01-22 06:25:00,S,0.007967,0.007889119897942304,0.007998152040823079,0.007889119897942304,2.5,2.219,tp,12
2026-01-22 06:30:00,2026-01-22 09:45:00,S,0.007894,0.007969807664525702,0.007969807664525702,0.007704480838685744,-1.0,-1.115,sl,39
2026-01-22 09:50:00,2026-01-22 13:40:00,L,0.007968,0.007887562688354822,0.007887562688354822,0.008169093279112943,-1.0,-1.109,sl,46
2026-01-22 14:05:00,2026-01-22 22:05:00,S,0.007857,0.007811,0.007950152624729416,0.007624118438176458,0.494,0.401,time,96
2026-01-22 22:35:00,2026-01-23 01:30:00,S,0.007798,0.007848557538066361,0.007848557538066361,0.007671606154834098,-1.0,-1.17,sl,35
2026-01-23 03:15:00,2026-01-23 08:30:00,L,0.007896,0.007858773745332313,0.007858773745332313,0.00798906563666922,-1.0,-1.233,sl,63
2026-01-23 08:35:00,2026-01-23 15:45:00,S,0.007844,0.007922699087191593,0.007922699087191593,0.00764725228202102,-1.0,-1.11,sl,86
2026-01-23 15:50:00,2026-01-23 23:50:00,L,0.007925,0.007871,0.007732235620441915,0.00840691094889521,-0.28,-0.325,time,96
2026-01-24 01:35:00,2026-01-24 03:10:00,S,0.007831,0.0078812409785012,0.0078812409785012,0.007705397553746999,-1.0,-1.171,sl,19
2026-01-24 09:15:00,2026-01-24 13:10:00,L,0.007893,0.007851204254905006,0.007851204254905006,0.00799748936273749,-1.0,-1.208,sl,47
2026-01-24 13:15:00,2026-01-24 21:15:00,S,0.007842,0.007826,0.007892025644555522,0.0077169358886111945,0.32,0.147,time,96
2026-01-24 23:50:00,2026-01-25 01:30:00,S,0.007821,0.0077713903966028725,0.00784084384135885,0.0077713903966028725,2.5,2.066,tp,20
2026-01-25 01:35:00,2026-01-25 09:35:00,S,0.007768,0.007751,0.007822154614650998,0.0076326134633725035,0.314,0.156,time,96
2026-01-25 13:30:00,2026-01-25 16:05:00,S,0.007734,0.007633468301078842,0.007774212679568464,0.007633468301078842,2.5,2.288,tp,31
2026-01-25 16:10:00,2026-01-26 00:10:00,S,0.007635,0.00753,0.007749526858112691,0.007348682854718274,0.917,0.843,time,96
2026-01-26 09:55:00,2026-01-26 14:35:00,S,0.007638,0.007708501377072809,0.007708501377072809,0.0074617465573179765,-1.0,-1.119,sl,56
2026-01-26 14:40:00,2026-01-26 22:40:00,L,0.007693,0.007701,0.0076186208009231034,0.007878947997692242,0.108,-0.006,time,96
2026-01-27 01:50:00,2026-01-27 06:40:00,L,0.007773,0.007679137312415581,0.007679137312415581,0.008007656718961049,-1.0,-1.091,sl,58
2026-01-27 06:50:00,2026-01-27 14:50:00,S,0.007673,0.007639,0.007714827104327783,0.007568432239180543,0.813,0.611,time,96
2026-01-27 16:10:00,2026-01-28 00:10:00,L,0.007761,0.007831,0.007612008952088679,0.008133477619778302,0.47,0.413,time,96
2026-01-28 06:55:00,2026-01-28 07:30:00,L,0.007783,0.007747692476010443,0.007747692476010443,0.00787126880997389,-1.0,-1.242,sl,7
2026-01-28 10:05:00,2026-01-28 15:15:00,L,0.007829,0.007720260389769071,0.007720260389769071,0.00810084902557732,-1.0,-1.079,sl,62
2026-01-28 15:20:00,2026-01-28 20:25:00,S,0.007734,0.007828901956486996,0.007828901956486996,0.00749674510878251,-1.0,-1.09,sl,61
2026-01-29 00:40:00,2026-01-29 02:30:00,S,0.007752,0.007587309918213601,0.00781787603271456,0.007587309918213601,2.5,2.371,tp,22
2026-01-29 02:35:00,2026-01-29 10:35:00,S,0.007641,0.007557,0.0077329983085940406,0.007411004228514899,0.913,0.822,time,96
2026-01-29 10:50:00,2026-01-29 14:25:00,S,0.007554,0.0074843184658367565,0.007581872613665297,0.0074843184658367565,2.5,2.202,tp,43
2026-01-29 14:30:00,2026-01-29 14:55:00,S,0.007482,0.0073564947027963835,0.007532202118881446,0.0073564947027963835,2.5,2.336,tp,5
2026-01-29 15:00:00,2026-01-29 23:00:00,S,0.007358,0.007326,0.00753392659049315,0.006918183523767125,0.182,0.136,time,96
2026-01-30 01:45:00,2026-01-30 09:45:00,S,0.007205,0.00719,0.007376038437894695,0.0067774039052632615,0.088,0.041,time,96
2026-01-30 15:35:00,2026-01-30 18:55:00,S,0.007269,0.00735484339347185,0.00735484339347185,0.0070543915163203755,-1.0,-1.093,sl,40
2026-01-31 01:40:00,2026-01-31 07:35:00,S,0.007167,0.007035785753345378,0.007219485698661848,0.007035785753345378,2.5,2.35,tp,71
2026-01-31 07:40:00,2026-01-31 14:20:00,S,0.007044,0.006867058565812687,0.007114776573674925,0.006867058565812687,2.5,2.391,tp,80
2026-01-31 14:25:00,2026-01-31 17:10:00,S,0.006869,0.006540966668827986,0.007000213332468806,0.006540966668827986,2.5,2.442,tp,33
2026-01-31 17:15:00,2026-02-01 01:15:00,S,0.00656,0.006753,0.006888343952610475,0.005739140118473813,-0.588,-0.61,time,96
2026-02-01 09:25:00,2026-02-01 10:10:00,S,0.00677,0.006839823966218104,0.006839823966218104,0.00659544008445474,-1.0,-1.107,sl,9
2026-02-01 10:45:00,2026-02-01 18:45:00,S,0.00673,0.006684,0.006847378375646611,0.006436554060883471,0.392,0.329,time,96
2026-02-01 23:15:00,2026-02-02 00:15:00,S,0.006586,0.006716173743987936,0.006716173743987936,0.006260565640030159,-1.0,-1.056,sl,12
2026-02-02 03:25:00,2026-02-02 04:30:00,S,0.00653,0.0067744353429708025,0.0067744353429708025,0.005918911642572995,-1.0,-1.029,sl,13
2026-02-02 13:25:00,2026-02-02 15:15:00,L,0.006784,0.006918627020877529,0.006730149191648989,0.006918627020877529,2.5,2.361,tp,22
2026-02-02 15:20:00,2026-02-02 23:20:00,L,0.006918,0.006884,0.006769076300873665,0.007290309247815836,-0.228,-0.279,time,96
2026-02-03 02:35:00,2026-02-03 04:40:00,S,0.006824,0.006885560491301568,0.006885560491301568,0.006670098771746081,-1.0,-1.122,sl,25
2026-02-03 04:45:00,2026-02-03 06:15:00,L,0.0069,0.006824128419026446,0.006824128419026446,0.007089678952433885,-1.0,-1.1,sl,18
2026-02-03 08:30:00,2026-02-03 09:10:00,L,0.006914,0.006839291028898155,0.006839291028898155,0.007100772427754613,-1.0,-1.102,sl,8
2026-02-03 09:30:00,2026-02-03 15:25:00,S,0.006768,0.00692650110215518,0.00692650110215518,0.006371747244612049,-1.0,-1.047,sl,71
2026-02-03 15:30:00,2026-02-03 16:45:00,L,0.006903,0.006785887477784269,0.006785887477784269,0.007195781305539329,-1.0,-1.065,sl,15
2026-02-03 16:50:00,2026-02-04 00:50:00,S,0.006783,0.006745,0.007030682239592229,0.006163794401019428,0.153,0.123,time,96
2026-02-04 11:15:00,2026-02-04 16:35:00,S,0.006719,0.006516289707557984,0.006800084116976806,0.006516289707557984,2.5,2.409,tp,64
2026-02-04 16:40:00,2026-02-04 18:35:00,S,0.006512,0.006647817434928394,0.006647817434928394,0.006172456412679017,-1.0,-1.053,sl,23
2026-02-04 22:05:00,2026-02-05 06:05:00,S,0.006542,0.006482,0.006697131579182255,0.006154171052044362,0.387,0.34,time,96
2026-02-05 06:30:00,2026-02-05 14:30:00,S,0.00646,0.0063,0.006589976334553093,0.006135059163617267,1.231,1.176,time,96
2026-02-05 15:05:00,2026-02-05 18:15:00,S,0.006199,0.005808020012476747,0.006355391995009301,0.005808020012476747,2.5,2.456,tp,38
2026-02-05 18:20:00,2026-02-06 00:10:00,S,0.005814,0.005402805544208128,0.005978477782316748,0.005402805544208128,2.5,2.461,tp,70
2026-02-06 00:15:00,2026-02-06 02:00:00,S,0.005212,0.00581505192102652,0.00581505192102652,0.0037043701974336994,-1.0,-1.01,sl,21
2026-02-06 14:35:00,2026-02-06 16:30:00,L,0.006082,0.006312720304259943,0.005989711878296023,0.006312720304259943,2.5,2.428,tp,23
2026-02-06 16:35:00,2026-02-07 00:35:00,L,0.006311,0.00624,0.006131255038803795,0.006760362402990512,-0.395,-0.434,time,96
2026-02-07 04:15:00,2026-02-07 04:40:00,L,0.006323,0.006264846369751586,0.006264846369751586,0.006468384075621033,-1.0,-1.12,sl,5
2026-02-07 07:10:00,2026-02-07 15:10:00,S,0.006128,0.006159,0.006327223416732785,0.005629941458168036,-0.156,-0.189,time,96
2026-02-07 16:10:00,2026-02-08 00:10:00,L,0.006274,0.006289,0.006125614698845348,0.006644963252886631,0.101,0.055,time,96
2026-02-08 03:50:00,2026-02-08 08:30:00,S,0.006213,0.006257074030554179,0.006257074030554179,0.006102814923614553,-1.0,-1.155,sl,56
2026-02-08 08:35:00,2026-02-08 16:35:00,L,0.006297,0.0061552724441949385,0.0061552724441949385,0.006651318889512653,-1.0,-1.049,sl,96
2026-02-08 16:40:00,2026-02-08 23:05:00,S,0.006132,0.0062108095065355265,0.0062108095065355265,0.005934976233661185,-1.0,-1.086,sl,77
2026-02-08 23:40:00,2026-02-09 07:40:00,S,0.006092,0.006095,0.006242349065266955,0.005716127336832612,-0.02,-0.065,time,96
2026-02-09 07:50:00,2026-02-09 08:30:00,S,0.006097,0.005996376869124234,0.0061372492523503065,0.005996376869124234,2.5,2.333,tp,8
2026-02-09 08:35:00,2026-02-09 16:35:00,S,0.006009,0.006053,0.006120108908931067,0.005731227727672332,-0.396,-0.455,time,96
2026-02-09 17:40:00,2026-02-10 01:40:00,L,0.006184,0.006126,0.006050192349233411,0.006518519126916474,-0.433,-0.484,time,96
2026-02-10 03:20:00,2026-02-10 11:20:00,S,0.006044,0.005985,0.006120465094557833,0.005852837263605417,0.772,0.685,time,96
2026-02-10 18:50:00,2026-02-11 02:50:00,S,0.005956,0.00602,0.006060354734175137,0.005695113164562159,-0.613,-0.676,time,96
2026-02-11 03:15:00,2026-02-11 06:10:00,S,0.006004,0.00586127820672286,0.006061088717310856,0.00586127820672286,2.5,2.384,tp,35
2026-02-11 06:15:00,2026-02-11 14:10:00,S,0.005848,0.005968037262314687,0.005968037262314687,0.005547906844213282,-1.0,-1.054,sl,95
2026-02-11 15:10:00,2026-02-11 23:10:00,S,0.005758,0.005896,0.006038972743062115,0.005055568142344712,-0.491,-0.514,time,96
2026-02-12 01:05:00,2026-02-12 09:05:00,L,0.005971,0.006068,0.005905498731068203,0.006134753172329492,1.481,1.381,time,96
2026-02-12 09:55:00,2026-02-12 16:00:00,L,0.006119,0.006056527692624041,0.006056527692624041,0.006275180768439898,-1.0,-1.108,sl,73
2026-02-12 16:05:00,2026-02-13 00:05:00,S,0.006086,0.006043,0.006165867604504485,0.005886330988738789,0.538,0.455,time,96
2026-02-13 07:10:00,2026-02-13 14:30:00,L,0.006002,0.00616234964810871,0.005937860140756516,0.00616234964810871,2.5,2.397,tp,88
2026-02-13 14:35:00,2026-02-13 15:25:00,L,0.006157,0.006334485400411059,0.006086005839835576,0.006334485400411059,2.5,2.405,tp,10
2026-02-13 15:30:00,2026-02-13 23:30:00,L,0.006351,0.006338,0.006099693743720249,0.0069792656406993765,-0.052,-0.08,time,96
2026-02-14 03:35:00,2026-02-14 11:35:00,L,0.006385,0.006496,0.006308787880948535,0.006575530297628663,1.456,1.364,time,96
2026-02-14 11:50:00,2026-02-14 18:00:00,L,0.006534,0.006833817424363536,0.0064140730302545855,0.006833817424363536,2.5,2.44,tp,74
2026-02-14 18:05:00,2026-02-14 21:10:00,L,0.00683,0.0070398972154952725,0.006746041113801891,0.0070398972154952725,2.5,2.411,tp,37
2026-02-14 21:15:00,2026-02-15 05:15:00,L,0.007085,0.007073,0.006804943927364999,0.007785140181587503,-0.043,-0.071,time,96
2026-02-15 12:10:00,2026-02-15 13:45:00,S,0.006746,0.006545869833402464,0.006826052066639015,0.006545869833402464,2.5,2.407,tp,19
2026-02-15 13:50:00,2026-02-15 21:50:00,S,0.006548,0.006502,0.006709498650159497,0.006144253374601258,0.285,0.24,time,96
2026-02-16 04:55:00,2026-02-16 11:10:00,L,0.006645,0.006572323725663456,0.006572323725663456,0.006826690685841359,-1.0,-1.101,sl,75
2026-02-16 11:15:00,2026-02-16 12:50:00,S,0.006538,0.0066470897869955504,0.0066470897869955504,0.006265275532511125,-1.0,-1.066,sl,19
2026-02-16 14:30:00,2026-02-16 21:55:00,S,0.006496,0.006594284570533468,0.006594284570533468,0.006250288573666329,-1.0,-1.073,sl,89
2026-02-16 22:00:00,2026-02-17 00:05:00,L,0.006609,0.006539130708622307,0.006539130708622307,0.006783673228444233,-1.0,-1.104,sl,25
2026-02-17 02:05:00,2026-02-17 02:10:00,S,0.00653,0.006565467614401943,0.006565467614401943,0.0064413309639951444,-1.0,-1.203,sl,1
2026-02-17 09:05:00,2026-02-17 13:20:00,S,0.006503,0.006556094202144788,0.006556094202144788,0.006370264494638031,-1.0,-1.135,sl,51
2026-02-17 14:45:00,2026-02-17 16:15:00,S,0.00646,0.006581276490819534,0.006581276490819534,0.006156808772951164,-1.0,-1.059,sl,18
2026-02-18 01:05:00,2026-02-18 02:35:00,S,0.006466,0.006515227117339786,0.006515227117339786,0.006342932206650538,-1.0,-1.144,sl,18
2026-02-18 07:50:00,2026-02-18 10:20:00,L,0.006545,0.006481689968883125,0.006481689968883125,0.006703275077792186,-1.0,-1.114,sl,30
2026-02-18 10:25:00,2026-02-18 15:35:00,S,0.006474,0.006526099732698276,0.006526099732698276,0.00634375066825431,-1.0,-1.137,sl,62
2026-02-18 18:10:00,2026-02-19 02:10:00,S,0.006393,0.006316,0.006468483766773,0.006204290583067502,1.02,0.927,time,96
2026-02-19 08:35:00,2026-02-19 16:35:00,S,0.006215,0.006188,0.0063117164586473425,0.005973208853381644,0.279,0.208,time,96
2026-02-20 04:20:00,2026-02-20 05:50:00,S,0.006183,0.006265420971518696,0.006265420971518696,0.00597694757120326,-1.0,-1.083,sl,18
2026-02-20 08:05:00,2026-02-20 12:25:00,L,0.006286,0.006247687959185128,0.006247687959185128,0.006381780102037179,-1.0,-1.18,sl,52
2026-02-20 12:30:00,2026-02-20 14:40:00,S,0.006249,0.006299377348258432,0.006299377348258432,0.006123056629353921,-1.0,-1.136,sl,26
2026-02-20 15:05:00,2026-02-20 23:05:00,L,0.006378,0.006416,0.006187825568416831,0.006853436078957923,0.2,0.163,time,96
2026-02-20 23:55:00,2026-02-21 00:30:00,L,0.006427,0.006401047831466676,0.006401047831466676,0.006491880421333312,-1.0,-1.272,sl,7
2026-02-21 05:20:00,2026-02-21 09:25:00,L,0.006472,0.006599635832668836,0.006420945666932466,0.006599635832668836,2.5,2.361,tp,49
2026-02-21 09:30:00,2026-02-21 11:30:00,L,0.006593,0.006501866275081865,0.006501866275081865,0.0068208343122953385,-1.0,-1.08,sl,24
2026-02-21 20:55:00,2026-02-22 00:20:00,S,0.006408,0.006352856415608092,0.006430057433756763,0.006352856415608092,2.5,2.18,tp,41
2026-02-22 00:25:00,2026-02-22 06:20:00,S,0.00634,0.006197124667169375,0.00639715013313225,0.006197124667169375,2.5,2.378,tp,71
2026-02-22 06:25:00,2026-02-22 14:25:00,S,0.006206,0.006165,0.006308474630353066,0.005949813424117333,0.4,0.333,time,96
2026-02-22 14:45:00,2026-02-22 15:30:00,S,0.006155,0.0061851426454276595,0.0061851426454276595,0.006079643386430851,-1.0,-1.225,sl,9
2026-02-22 20:55:00,2026-02-22 21:45:00,S,0.006143,0.006167670429242296,0.006167670429242296,0.006081323926894259,-1.0,-1.274,sl,10
2026-02-23 01:00:00,2026-02-23 09:00:00,S,0.006108,0.006065,0.006209663169801114,0.005853842075497214,0.423,0.357,time,96
2026-02-23 12:40:00,2026-02-23 14:15:00,L,0.00621,0.006133183448392505,0.006133183448392505,0.006402041379018739,-1.0,-1.089,sl,19
2026-02-23 14:20:00,2026-02-23 22:20:00,S,0.006132,0.006046,0.006219468816943626,0.005913327957640936,0.983,0.906,time,96
2026-02-24 01:10:00,2026-02-24 09:10:00,S,0.005996,0.005933,0.006047249294876553,0.005867876762808616,1.229,1.101,time,96
2026-02-25 01:10:00,2026-02-25 01:20:00,L,0.005952,0.0061200297970173834,0.005884788081193046,0.0061200297970173834,2.5,2.403,tp,2
2026-02-25 01:25:00,2026-02-25 09:25:00,L,0.006095,0.006023,0.005882576952409221,0.0066260576189769455,-0.339,-0.371,time,96
2026-02-25 12:20:00,2026-02-25 13:45:00,L,0.006028,0.006149104263849238,0.005979558294460305,0.006149104263849238,2.5,2.363,tp,17
2026-02-25 13:50:00,2026-02-25 17:10:00,L,0.006165,0.006402460807725368,0.0060700156769098535,0.006402460807725368,2.5,2.429,tp,40
2026-02-25 17:15:00,2026-02-25 23:20:00,L,0.006396,0.006283154888046192,0.006283154888046192,0.006678112779884519,-1.0,-1.062,sl,73
2026-02-26 04:35:00,2026-02-26 05:10:00,L,0.006235,0.00618103557302236,0.00618103557302236,0.0063699110674441,-1.0,-1.127,sl,7
2026-02-26 07:25:00,2026-02-26 15:15:00,S,0.006141,0.00600776853779532,0.006194292584881872,0.00600776853779532,2.5,2.373,tp,94
2026-02-26 15:20:00,2026-02-26 23:20:00,S,0.005993,0.00595,0.006111155632867857,0.005697610917830357,0.364,0.308,time,96
2026-02-27 03:35:00,2026-02-27 04:00:00,S,0.005935,0.006008263670107983,0.006008263670107983,0.005751840824730044,-1.0,-1.089,sl,5
2026-02-27 10:05:00,2026-02-27 18:05:00,S,0.005968,0.005767,0.006071978576733611,0.005708053558165973,1.933,1.87,time,96
2026-02-27 19:45:00,2026-02-27 21:20:00,S,0.005713,0.005779382686970805,0.005779382686970805,0.005547043282572987,-1.0,-1.095,sl,19
2026-02-27 22:35:00,2026-02-27 23:00:00,S,0.005681,0.005774756612930177,0.005774756612930177,0.005446608467674559,-1.0,-1.067,sl,5
2026-02-28 04:35:00,2026-02-28 06:15:00,S,0.005767,0.005714647621048351,0.00578794095158066,0.005714647621048351,2.5,2.197,tp,20
2026-02-28 06:20:00,2026-02-28 14:20:00,S,0.005658,0.005596,0.005784031043004416,0.005342922392488959,0.492,0.443,time,96
2026-02-28 20:25:00,2026-03-01 04:25:00,L,0.005755,0.005825,0.00562021771523892,0.0060919557119027,0.519,0.472,time,96
2026-03-01 08:30:00,2026-03-01 09:45:00,S,0.005759,0.00567084898674463,0.0057942604053021485,0.00567084898674463,2.5,2.32,tp,15
2026-03-01 09:50:00,2026-03-01 17:50:00,S,0.00568,0.005549,0.005754789276598144,0.00549302680850464,1.752,1.668,time,96
2026-03-01 19:25:00,2026-03-01 22:10:00,S,0.005515,0.005587592540613582,0.005587592540613582,0.005333518648466044,-1.0,-1.084,sl,33
2026-03-02 07:10:00,2026-03-02 14:45:00,S,0.005503,0.005600931958971682,0.005600931958971682,0.005258170102570794,-1.0,-1.062,sl,91
2026-03-02 15:10:00,2026-03-02 23:10:00,L,0.005693,0.005534,0.005458336137492626,0.006279659656268435,-0.678,-0.704,time,96
2026-03-02 23:15:00,2026-03-03 07:15:00,S,0.005534,0.005446,0.005597713001505445,0.005374717496236387,1.381,1.286,time,96
2026-03-03 08:25:00,2026-03-03 14:20:00,S,0.005394,0.005452453486139255,0.005452453486139255,0.005247866284651863,-1.0,-1.102,sl,71
2026-03-03 21:30:00,2026-03-03 22:00:00,S,0.005432,0.005484778981385453,0.005484778981385453,0.005300052546536368,-1.0,-1.113,sl,6
2026-03-04 00:45:00,2026-03-04 01:40:00,S,0.005427,0.005496431041446706,0.005496431041446706,0.005253422396383237,-1.0,-1.086,sl,11
2026-03-04 06:25:00,2026-03-04 07:25:00,S,0.005413,0.005463299692977286,0.005463299692977286,0.005287250767556786,-1.0,-1.118,sl,12
2026-03-04 08:10:00,2026-03-04 15:30:00,L,0.005509,0.0057189786021928715,0.005425008559122852,0.0057189786021928715,2.5,2.428,tp,88
2026-03-04 15:35:00,2026-03-04 23:35:00,L,0.005707,0.005703,0.005579726217287853,0.006025184456780369,-0.031,-0.081,time,96
2026-03-05 10:30:00,2026-03-05 12:15:00,L,0.005678,0.005618368206248977,0.005618368206248977,0.005827079484377556,-1.0,-1.105,sl,21
2026-03-05 15:20:00,2026-03-05 23:20:00,S,0.005586,0.005541,0.005675136746465843,0.005363158133835392,0.505,0.436,time,96
2026-03-05 23:35:00,2026-03-06 01:30:00,S,0.005523,0.005570041028732236,0.005570041028732236,0.005405397428169411,-1.0,-1.129,sl,23
2026-03-06 01:35:00,2026-03-06 09:35:00,L,0.005566,0.005517,0.00551246738442297,0.0056998315389425735,-0.915,-1.03,time,96
2026-03-06 09:45:00,2026-03-06 14:35:00,S,0.005526,0.005369692740437224,0.00558852290382511,0.005369692740437224,2.5,2.403,tp,58
2026-03-06 14:40:00,2026-03-06 22:40:00,S,0.00537,0.005411,0.005540194005051429,0.0049445149873714265,-0.241,-0.276,time,96
2026-03-07 01:30:00,2026-03-07 03:10:00,S,0.005389,0.0054226899860677965,0.0054226899860677965,0.005304775034830508,-1.0,-1.176,sl,20
2026-03-07 07:05:00,2026-03-07 08:15:00,S,0.005377,0.005405650112395712,0.005405650112395712,0.005305374719010719,-1.0,-1.206,sl,14
2026-03-07 14:05:00,2026-03-07 22:05:00,S,0.005374,0.005334,0.005414089792376736,0.0052737755190581615,0.998,0.85,time,96
2026-03-07 22:25:00,2026-03-08 06:25:00,S,0.005315,0.00527,0.005350975746605793,0.005225060633485519,1.251,1.088,time,96
2026-03-08 12:15:00,2026-03-08 12:25:00,S,0.005292,0.005352609115344989,0.005352609115344989,0.005140477211637526,-1.0,-1.096,sl,2
2026-03-08 13:30:00,2026-03-08 20:35:00,S,0.005304,0.0053619947023320815,0.0053619947023320815,0.005159013244169795,-1.0,-1.101,sl,85
2026-03-08 22:05:00,2026-03-09 00:35:00,S,0.005231,0.005348239303594755,0.005348239303594755,0.004937901741013115,-1.0,-1.049,sl,30
2026-03-09 05:45:00,2026-03-09 07:00:00,L,0.005407,0.0053322231545749185,0.0053322231545749185,0.005593942113562705,-1.0,-1.08,sl,15
2026-03-09 07:10:00,2026-03-09 13:25:00,S,0.005332,0.005416478651789532,0.005416478651789532,0.005120803370526171,-1.0,-1.069,sl,75
2026-03-09 13:45:00,2026-03-09 21:45:00,L,0.005444,0.005485,0.005358548202549306,0.005657629493626736,0.48,0.41,time,96
2026-03-10 02:35:00,2026-03-10 09:30:00,L,0.005514,0.005723440050217024,0.00543022397991319,0.005723440050217024,2.5,2.428,tp,83
2026-03-10 09:35:00,2026-03-10 15:25:00,L,0.005731,0.006041028506804049,0.005606988597278381,0.006041028506804049,2.5,2.449,tp,70
2026-03-10 15:30:00,2026-03-10 18:35:00,L,0.006047,0.00573586337005351,0.00573586337005351,0.006824841574866226,-1.0,-1.021,sl,37
2026-03-11 04:50:00,2026-03-11 05:40:00,L,0.005653,0.0055978440611540075,0.0055978440611540075,0.005790889847114981,-1.0,-1.113,sl,10
2026-03-11 10:05:00,2026-03-11 12:20:00,L,0.005651,0.005746767416489864,0.005612693033404054,0.005746767416489864,2.5,2.338,tp,27
2026-03-11 12:25:00,2026-03-11 20:25:00,L,0.005742,0.005775,0.005643197451198203,0.005989006372004491,0.334,0.27,time,96
2026-03-12 07:30:00,2026-03-12 10:45:00,L,0.005764,0.0059372957834433835,0.005694681686622647,0.0059372957834433835,2.5,2.409,tp,39
2026-03-12 10:50:00,2026-03-12 18:50:00,L,0.00592,0.005864,0.005811055617199895,0.006192360957000261,-0.514,-0.574,time,96
2026-03-12 19:50:00,2026-03-13 03:50:00,L,0.00594,0.005984,0.005844264659007556,0.00617933835248111,0.46,0.391,time,96
2026-03-13 10:05:00,2026-03-13 12:45:00,L,0.006048,0.006252143856043611,0.005966342457582556,0.006252143856043611,2.5,2.419,tp,32
2026-03-13 12:50:00,2026-03-13 14:10:00,L,0.006275,0.006145650518245504,0.006145650518245504,0.0065983737043862414,-1.0,-1.053,sl,16
2026-03-13 21:05:00,2026-03-13 21:35:00,L,0.005987,0.005940966505195837,0.005940966505195837,0.006102083737010407,-1.0,-1.143,sl,6
2026-03-13 22:05:00,2026-03-14 06:05:00,S,0.005914,0.005908,0.005994888473685637,0.005711778815785907,0.074,-0.006,time,96
2026-03-14 06:15:00,2026-03-14 14:05:00,S,0.005904,0.005939979500878941,0.005939979500878941,0.005814051247802648,-1.0,-1.181,sl,94
2026-03-14 19:05:00,2026-03-14 20:10:00,S,0.005876,0.005834521481153376,0.0058925914075386495,0.005834521481153376,2.5,2.11,tp,13
2026-03-14 20:15:00,2026-03-15 02:00:00,S,0.005831,0.0058828934650926815,0.0058828934650926815,0.005701266337268297,-1.0,-1.124,sl,69
2026-03-15 02:45:00,2026-03-15 04:30:00,L,0.005892,0.005845965505283615,0.005845965505283615,0.006007086236790961,-1.0,-1.141,sl,21
2026-03-15 06:35:00,2026-03-15 11:20:00,S,0.005832,0.005865932104106193,0.005865932104106193,0.005747169739734518,-1.0,-1.189,sl,57
2026-03-15 13:15:00,2026-03-15 16:25:00,S,0.005847,0.005791771767344538,0.005869091293062185,0.005791771767344538,2.5,2.209,tp,38
2026-03-15 16:30:00,2026-03-15 17:50:00,S,0.005799,0.005836958806260858,0.005836958806260858,0.005704102984347856,-1.0,-1.168,sl,16
2026-03-15 22:05:00,2026-03-16 00:45:00,L,0.005872,0.006012813991656941,0.005815674403337223,0.006012813991656941,2.5,2.385,tp,32
2026-03-16 00:50:00,2026-03-16 06:50:00,L,0.006014,0.0062568705598983285,0.005916851776040669,0.0062568705598983285,2.5,2.432,tp,72
2026-03-16 06:55:00,2026-03-16 10:45:00,L,0.00626,0.006178237942084212,0.006178237942084212,0.006464405144789469,-1.0,-1.084,sl,46
2026-03-16 19:10:00,2026-03-16 21:00:00,L,0.006196,0.006125612076562787,0.006125612076562787,0.006371969808593033,-1.0,-1.097,sl,22
2026-03-17 01:15:00,2026-03-17 03:15:00,L,0.006214,0.006161278917435519,0.006161278917435519,0.0063458027064112014,-1.0,-1.13,sl,24
2026-03-17 05:45:00,2026-03-17 07:15:00,S,0.006041,0.00610378247737757,0.00610378247737757,0.005884043806556076,-1.0,-1.106,sl,18
2026-03-17 08:45:00,2026-03-17 10:05:00,L,0.006115,0.006068738192741613,0.006068738192741613,0.006230654518145966,-1.0,-1.145,sl,16
2026-03-17 12:00:00,2026-03-17 12:55:00,S,0.006065,0.00594495449312697,0.006113018202749212,0.00594495449312697,2.5,2.361,tp,11
2026-03-17 13:00:00,2026-03-17 18:05:00,S,0.005961,0.00607586078155557,0.00607586078155557,0.0056738480461110755,-1.0,-1.057,sl,61
2026-03-17 18:10:00,2026-03-18 02:10:00,L,0.006089,0.006142,0.006011613617823587,0.006282465955441031,0.685,0.598,time,96
2026-03-18 02:15:00,2026-03-18 07:00:00,L,0.006142,0.006049277288421988,0.006049277288421988,0.006373806778945029,-1.0,-1.073,sl,57
2026-03-18 07:05:00,2026-03-18 12:00:00,S,0.006056,0.005917919232135032,0.006111232307145987,0.005917919232135032,2.5,2.379,tp,59
2026-03-18 12:05:00,2026-03-18 20:05:00,S,0.005932,0.005732,0.006068258165170967,0.005591354587072581,1.468,1.42,time,96
2026-03-19 05:30:00,2026-03-19 07:20:00,S,0.005776,0.005711313469165402,0.005801874612333839,0.005711313469165402,2.5,2.254,tp,22
2026-03-19 07:25:00,2026-03-19 15:25:00,S,0.005714,0.005661,0.005797889775253798,0.005504275561865505,0.632,0.557,time,96
2026-03-20 00:05:00,2026-03-20 01:35:00,L,0.005804,0.005897065264480904,0.005766773894207639,0.005897065264480904,2.5,2.328,tp,18
2026-03-20 01:40:00,2026-03-20 05:15:00,L,0.005907,0.00615864358861235,0.00580634256455506,0.00615864358861235,2.5,2.435,tp,43
2026-03-20 05:20:00,2026-03-20 07:00:00,L,0.006182,0.005990663474772774,0.005990663474772774,0.006660341313068065,-1.0,-1.036,sl,20
2026-03-20 10:55:00,2026-03-20 13:55:00,L,0.00604,0.005917191423929066,0.005917191423929066,0.006347021440177336,-1.0,-1.054,sl,36
2026-03-20 15:35:00,2026-03-20 19:35:00,L,0.006036,0.005945770283997936,0.005945770283997936,0.006261574290005159,-1.0,-1.074,sl,48
2026-03-21 02:30:00,2026-03-21 10:30:00,L,0.005987,0.005988,0.0059319745683881235,0.006124563579029692,0.018,-0.102,time,96
2026-03-21 14:55:00,2026-03-21 15:20:00,S,0.00595,0.005995047100034065,0.005995047100034065,0.005837382249914839,-1.0,-1.145,sl,5
2026-03-21 15:25:00,2026-03-21 23:25:00,L,0.005996,0.005975,0.005936430829592904,0.006144922926017738,-0.353,-0.463,time,96
2026-03-21 23:50:00,2026-03-22 07:50:00,S,0.005931,0.005805,0.006005061371152327,0.0057458465721191825,1.701,1.613,time,96
2026-03-22 08:15:00,2026-03-22 16:15:00,S,0.005787,0.005781,0.005830226208280904,0.005678934479297739,0.139,-0.008,time,96
2026-03-22 18:05:00,2026-03-23 01:05:00,S,0.005731,0.005768026418848874,0.005768026418848874,0.005638433952877815,-1.0,-1.17,sl,84
2026-03-23 07:25:00,2026-03-23 11:05:00,S,0.005727,0.005824999139532256,0.005824999139532256,0.00548200215116936,-1.0,-1.064,sl,44
2026-03-23 11:10:00,2026-03-23 19:10:00,L,0.006025,0.00613,0.005745078265393867,0.006724804336515332,0.375,0.351,time,96
2026-03-23 21:45:00,2026-03-23 22:30:00,L,0.006168,0.006106196788676001,0.006106196788676001,0.006322508028309998,-1.0,-1.11,sl,9
2026-03-24 07:35:00,2026-03-24 14:50:00,L,0.006115,0.006041364098216454,0.006041364098216454,0.006299089754458865,-1.0,-1.091,sl,87
2026-03-24 19:10:00,2026-03-25 03:10:00,L,0.00612,0.006118,0.006042383963733628,0.0063140400906659296,-0.026,-0.113,time,96
2026-03-25 06:20:00,2026-03-25 12:15:00,L,0.00619,0.006153859035843496,0.006153859035843496,0.00628035241039126,-1.0,-1.188,sl,71
2026-03-25 21:15:00,2026-03-26 02:05:00,L,0.006132,0.006083965524374719,0.006083965524374719,0.006252086189063203,-1.0,-1.14,sl,58
2026-03-26 02:35:00,2026-03-26 07:30:00,S,0.006074,0.0059483773809839175,0.0061242490476064336,0.0059483773809839175,2.5,2.367,tp,59
2026-03-26 07:35:00,2026-03-26 11:55:00,S,0.005953,0.005885469983992371,0.0059800120064030515,0.005885469983992371,2.5,2.258,tp,52
2026-03-26 12:00:00,2026-03-26 13:45:00,S,0.005885,0.005938952325803401,0.005938952325803401,0.005750119185491497,-1.0,-1.12,sl,21
2026-03-26 18:00:00,2026-03-26 20:10:00,S,0.005864,0.005909169925885273,0.005909169925885273,0.005751075185286819,-1.0,-1.143,sl,26
2026-03-27 04:05:00,2026-03-27 10:35:00,S,0.005889,0.005761125876293901,0.00594014964948244,0.005761125876293901,2.5,2.373,tp,78
2026-03-27 10:40:00,2026-03-27 18:40:00,S,0.005776,0.005752,0.005837832834935626,0.005621417912660935,0.388,0.285,time,96
2026-03-28 01:40:00,2026-03-28 07:30:00,S,0.005747,0.005787958946539322,0.005787958946539322,0.0056446026336516965,-1.0,-1.154,sl,70
2026-03-28 12:40:00,2026-03-28 13:40:00,S,0.005806,0.005848286323689671,0.005848286323689671,0.005700284190775824,-1.0,-1.151,sl,12
2026-03-28 13:45:00,2026-03-28 21:45:00,L,0.005872,0.005906,0.005798128271028628,0.006056679322428428,0.46,0.373,time,96
2026-03-28 23:10:00,2026-03-29 07:10:00,S,0.005846,0.005785,0.005890140950164802,0.005735647624587993,1.382,1.236,time,96
2026-03-29 10:30:00,2026-03-29 18:30:00,S,0.005764,0.005757,0.005802658041186045,0.0056673548970348885,0.181,0.017,time,96
2026-03-29 20:25:00,2026-03-29 22:40:00,L,0.005803,0.005749971883940082,0.005749971883940082,0.005935570290149794,-1.0,-1.12,sl,27
2026-03-29 22:45:00,2026-03-30 00:15:00,S,0.005748,0.005849008737967175,0.005849008737967175,0.00549547815508206,-1.0,-1.063,sl,18
2026-03-30 00:20:00,2026-03-30 08:20:00,L,0.005869,0.006145308797700099,0.00575847648091996,0.006145308797700099,2.5,2.442,tp,96
2026-03-30 08:25:00,2026-03-30 09:25:00,L,0.006146,0.006030422741809758,0.006030422741809758,0.006434943145475606,-1.0,-1.058,sl,12
2026-03-30 15:45:00,2026-03-30 18:05:00,L,0.006097,0.006006876155532636,0.006006876155532636,0.006322309611168411,-1.0,-1.074,sl,28
2026-03-30 23:10:00,2026-03-31 01:30:00,S,0.005922,0.005975428533291191,0.005975428533291191,0.005788428666772023,-1.0,-1.122,sl,28
2026-03-31 01:35:00,2026-03-31 04:10:00,L,0.005978,0.005909100085111834,0.005909100085111834,0.006150249787220415,-1.0,-1.095,sl,31
2026-03-31 04:15:00,2026-03-31 12:15:00,S,0.005915,0.005927,0.005960142359949246,0.005802144100126886,-0.266,-0.41,time,96
2026-03-31 13:50:00,2026-03-31 14:50:00,L,0.005935,0.005880252893961003,0.005880252893961003,0.006071867765097492,-1.0,-1.119,sl,12
2026-03-31 14:55:00,2026-03-31 17:10:00,S,0.005897,0.005977419489098261,0.005977419489098261,0.005695951277254347,-1.0,-1.081,sl,27
2026-03-31 17:15:00,2026-04-01 01:15:00,L,0.005996,0.005957,0.0058302145636376585,0.006410463590905852,-0.235,-0.275,time,96
2026-04-01 02:05:00,2026-04-01 05:55:00,S,0.005922,0.005977269318776108,0.005977269318776108,0.00578382670305973,-1.0,-1.118,sl,46
2026-04-01 06:00:00,2026-04-01 14:00:00,L,0.005973,0.006019,0.005908790146462544,0.00613352463384364,0.716,0.614,time,96
2026-04-01 16:00:00,2026-04-01 18:00:00,L,0.00607,0.006027504053149918,0.006027504053149918,0.006176239867125205,-1.0,-1.157,sl,24
2026-04-02 01:10:00,2026-04-02 01:30:00,S,0.006009,0.005902674333687418,0.006051530266525032,0.005902674333687418,2.5,2.345,tp,4
2026-04-02 01:35:00,2026-04-02 09:35:00,S,0.005897,0.00583,0.006052673671438852,0.00550781582140287,0.43,0.389,time,96
2026-04-02 12:20:00,2026-04-02 14:05:00,S,0.005785,0.005824168320417936,0.005824168320417936,0.00568707919895516,-1.0,-1.162,sl,21
2026-04-02 18:30:00,2026-04-03 01:25:00,S,0.005799,0.00588327816865656,0.00588327816865656,0.005588304578358602,-1.0,-1.076,sl,83
2026-04-03 02:10:00,2026-04-03 03:30:00,S,0.005845,0.005892008401709901,0.005892008401709901,0.005727478995725248,-1.0,-1.137,sl,16
2026-04-03 03:35:00,2026-04-03 10:00:00,L,0.005892,0.006070915890792072,0.005820433643683171,0.006070915890792072,2.5,2.409,tp,77
2026-04-03 10:05:00,2026-04-03 10:20:00,L,0.006073,0.006018388374519021,0.006018388374519021,0.006209529063702448,-1.0,-1.122,sl,3
2026-04-03 17:00:00,2026-04-03 23:05:00,L,0.006013,0.005978978101493823,0.005978978101493823,0.006098054746265442,-1.0,-1.194,sl,73
2026-04-04 00:25:00,2026-04-04 02:45:00,S,0.005958,0.005893529331845259,0.005983788267261896,0.005893529331845259,2.5,2.246,tp,28
2026-04-04 02:50:00,2026-04-04 04:40:00,S,0.005898,0.005924900295732224,0.005924900295732224,0.005830749260669439,-1.0,-1.241,sl,22
2026-04-04 09:10:00,2026-04-04 15:05:00,S,0.005888,0.005907491315953165,0.005907491315953165,0.0058392717101170884,-1.0,-1.332,sl,71
2026-04-04 17:20:00,2026-04-05 01:20:00,L,0.005941,0.005941,0.005893893917720309,0.006058765205699227,0.0,-0.139,time,96
2026-04-05 03:35:00,2026-04-05 05:20:00,S,0.005929,0.0058852596348808895,0.005946496146047644,0.0058852596348808895,2.5,2.127,tp,21
2026-04-05 05:25:00,2026-04-05 06:05:00,S,0.005885,0.005838623620112855,0.005903550551954857,0.005838623620112855,2.5,2.151,tp,8
2026-04-05 06:10:00,2026-04-05 14:10:00,S,0.005841,0.005834,0.0058919874570707515,0.005713531357323121,0.137,0.011,time,96
2026-04-05 22:05:00,2026-04-05 23:05:00,L,0.005846,0.0059260698614469354,0.0058139720554212255,0.0059260698614469354,2.5,2.299,tp,12
2026-04-05 23:10:00,2026-04-06 07:10:00,L,0.005921,0.005983,0.0058222673058944685,0.006167831735263829,0.628,0.562,time,96
2026-04-06 08:40:00,2026-04-06 10:15:00,L,0.006003,0.006060711366226219,0.005979915453509512,0.006060711366226219,2.5,2.214,tp,19
2026-04-06 10:20:00,2026-04-06 13:35:00,L,0.006053,0.0060017534064009505,0.0060017534064009505,0.0061811164839976245,-1.0,-1.13,sl,39
2026-04-06 21:05:00,2026-04-06 21:55:00,S,0.005947,0.005910459181908781,0.005961616327236487,0.005910459181908781,2.5,2.052,tp,10
2026-04-06 22:00:00,2026-04-06 22:55:00,S,0.005917,0.0058322869711054486,0.005950885211557821,0.0058322869711054486,2.5,2.308,tp,11
2026-04-06 23:00:00,2026-04-07 07:00:00,S,0.005822,0.005839,0.005924490974768404,0.00556577256307899,-0.166,-0.228,time,96
2026-04-07 10:30:00,2026-04-07 17:35:00,S,0.005841,0.005890209495350738,0.005890209495350738,0.005717976261623153,-1.0,-1.131,sl,85
2026-04-07 17:40:00,2026-04-07 22:55:00,L,0.005907,0.0061415432959417374,0.005813182681623305,0.0061415432959417374,2.5,2.431,tp,63
2026-04-07 23:00:00,2026-04-08 07:00:00,L,0.006145,0.00612,0.005996147914589078,0.006517130213527305,-0.168,-0.213,time,96
2026-04-08 10:10:00,2026-04-08 11:30:00,L,0.006102,0.006069481894927691,0.006069481894927691,0.006183295262680772,-1.0,-1.206,sl,16
2026-04-08 18:45:00,2026-04-08 21:35:00,S,0.005981,0.006019966822466165,0.006019966822466165,0.005883582943834587,-1.0,-1.169,sl,34
2026-04-08 21:40:00,2026-04-08 23:00:00,L,0.006013,0.005955718433449309,0.005955718433449309,0.006156203916376728,-1.0,-1.115,sl,16
2026-04-08 23:05:00,2026-04-09 07:05:00,S,0.00594,0.005876,0.005999352576888648,0.005791618557778379,1.078,0.968,time,96
2026-04-09 14:30:00,2026-04-09 15:15:00,S,0.005828,0.005855234117682127,0.005855234117682127,0.005759914705794682,-1.0,-1.235,sl,9
2026-04-09 17:40:00,2026-04-09 23:30:00,L,0.005973,0.0058922058635977005,0.0058922058635977005,0.006174985341005749,-1.0,-1.081,sl,70
2026-04-09 23:35:00,2026-04-10 07:35:00,S,0.00589,0.00589,0.006018949650535551,0.005567625873661124,-0.0,-0.05,time,96
2026-04-10 07:55:00,2026-04-10 11:35:00,S,0.005876,0.005908015242354082,0.005908015242354082,0.005795961894114795,-1.0,-1.202,sl,44
2026-04-10 14:20:00,2026-04-10 22:20:00,L,0.005946,0.005991,0.005879359853083088,0.006112600367292279,0.675,0.577,time,96
2026-04-11 00:10:00,2026-04-11 03:40:00,S,0.005957,0.005977753077367549,0.005977753077367549,0.0059051173065811265,-1.0,-1.316,sl,42
2026-04-11 03:45:00,2026-04-11 04:15:00,L,0.005973,0.0059341024211947615,0.0059341024211947615,0.006070243947013096,-1.0,-1.169,sl,6
2026-04-11 06:30:00,2026-04-11 14:30:00,S,0.005906,0.005908,0.005963090417317221,0.005763273956706947,-0.035,-0.149,time,96
2026-04-11 15:20:00,2026-04-11 16:40:00,L,0.005928,0.00599556698795764,0.005900973204816944,0.00599556698795764,2.5,2.259,tp,16
2026-04-11 16:45:00,2026-04-11 23:05:00,L,0.005989,0.005938595568112307,0.005938595568112307,0.006115011079719235,-1.0,-1.131,sl,76
2026-04-11 23:10:00,2026-04-12 07:10:00,S,0.005931,0.005817,0.006029603775402896,0.005684490561492759,1.156,1.09,time,96
2026-04-12 14:50:00,2026-04-12 17:50:00,S,0.005785,0.005807048826421919,0.005807048826421919,0.005729877933945203,-1.0,-1.289,sl,36
2026-04-12 22:05:00,2026-04-13 00:25:00,S,0.005771,0.005814238327264053,0.005814238327264053,0.005662904181839868,-1.0,-1.147,sl,28
2026-04-13 07:20:00,2026-04-13 12:50:00,S,0.005761,0.005811775890955904,0.005811775890955904,0.00563406027261024,-1.0,-1.125,sl,66
2026-04-13 16:10:00,2026-04-13 19:30:00,S,0.005765,0.005804191064575468,0.005804191064575468,0.005667022338561332,-1.0,-1.162,sl,40
2026-04-13 19:35:00,2026-04-13 23:25:00,L,0.005815,0.005997794713003027,0.005741882114798789,0.005997794713003027,2.5,2.413,tp,46
2026-04-13 23:30:00,2026-04-14 01:00:00,L,0.005992,0.0059097600244017575,0.0059097600244017575,0.006197599938995606,-1.0,-1.08,sl,18
2026-04-14 08:40:00,2026-04-14 14:30:00,L,0.005917,0.006019690057834901,0.00587592397686604,0.006019690057834901,2.5,2.342,tp,70
2026-04-14 14:35:00,2026-04-14 15:25:00,L,0.00599,0.005908530543462775,0.005908530543462775,0.0061936736413430605,-1.0,-1.081,sl,10
2026-04-14 18:20:00,2026-04-15 02:20:00,S,0.005878,0.005865,0.005945466994318208,0.005709332514204482,0.193,0.097,time,96
2026-04-15 06:05:00,2026-04-15 10:45:00,S,0.005831,0.005880974783804008,0.005880974783804008,0.00570606304048998,-1.0,-1.128,sl,56
2026-04-15 11:50:00,2026-04-15 19:50:00,L,0.005895,0.005987,0.005839740428204502,0.006033148929488746,1.665,1.548,time,96
2026-04-16 02:10:00,2026-04-16 04:25:00,L,0.005999,0.0061425807587785885,0.005941567696488565,0.0061425807587785885,2.5,2.385,tp,27
2026-04-16 04:30:00,2026-04-16 10:00:00,L,0.006127,0.006035668975452454,0.006035668975452454,0.006355327561368864,-1.0,-1.074,sl,66
2026-04-16 12:45:00,2026-04-16 13:50:00,L,0.006115,0.006028348089661758,0.006028348089661758,0.006331629775845603,-1.0,-1.078,sl,13
2026-04-16 16:05:00,2026-04-17 00:05:00,L,0.006164,0.006232,0.006008183357817423,0.006553541605456444,0.436,0.393,time,96
2026-04-17 07:45:00,2026-04-17 12:30:00,L,0.00616,0.006275542956708959,0.006113782817316416,0.006275542956708959,2.5,2.353,tp,57
2026-04-17 12:35:00,2026-04-17 13:15:00,L,0.006272,0.006419075324386445,0.006213169870245422,0.006419075324386445,2.5,2.383,tp,8
2026-04-17 13:20:00,2026-04-17 21:20:00,L,0.006428,0.006348,0.006233903652925267,0.006913240867686832,-0.412,-0.449,time,96
2026-04-18 08:35:00,2026-04-18 16:35:00,S,0.006213,0.006086,0.006307007043293076,0.00597798239176731,1.351,1.278,time,96
2026-04-18 16:55:00,2026-04-19 00:55:00,S,0.006065,0.006042,0.0061132496280694336,0.005944375929826416,0.477,0.338,time,96
2026-04-19 02:25:00,2026-04-19 05:30:00,S,0.005992,0.006047192715643979,0.006047192715643979,0.005854018210890053,-1.0,-1.119,sl,37
2026-04-19 15:35:00,2026-04-19 23:35:00,S,0.006019,0.005892,0.006102784967792162,0.005809537580519594,1.516,1.437,time,96
2026-04-20 05:30:00,2026-04-20 07:20:00,S,0.005926,0.0060103504736520996,0.0060103504736520996,0.005715123815869751,-1.0,-1.077,sl,22
2026-04-20 15:05:00,2026-04-20 18:20:00,S,0.005964,0.006054028187362203,0.006054028187362203,0.005738929531594491,-1.0,-1.073,sl,39
2026-04-20 18:25:00,2026-04-20 23:00:00,L,0.006041,0.005996783892066366,0.005996783892066366,0.006151540269834085,-1.0,-1.15,sl,55
2026-04-20 23:15:00,2026-04-21 05:05:00,S,0.005991,0.006033797929801878,0.006033797929801878,0.0058840051754953035,-1.0,-1.154,sl,70
2026-04-21 05:10:00,2026-04-21 13:10:00,L,0.006034,0.006069,0.005983156570956942,0.0061611085726076455,0.688,0.558,time,96
2026-04-21 14:45:00,2026-04-21 15:35:00,L,0.006111,0.006054447049499868,0.006054447049499868,0.00625238237625033,-1.0,-1.119,sl,10
2026-04-21 17:20:00,2026-04-21 23:45:00,S,0.005997,0.006095789551147244,0.006095789551147244,0.005750026122131889,-1.0,-1.067,sl,77
2026-04-21 23:50:00,2026-04-22 07:50:00,L,0.006089,0.006204,0.006021961262349014,0.006256596844127464,1.715,1.616,time,96
2026-04-22 08:45:00,2026-04-22 10:10:00,L,0.006233,0.006186959822071401,0.006186959822071401,0.006348100444821496,-1.0,-1.149,sl,17
2026-04-22 10:50:00,2026-04-22 18:50:00,L,0.006259,0.006247,0.0061806058992789,0.006454985251802749,-0.153,-0.241,time,96
2026-04-22 23:05:00,2026-04-23 03:30:00,S,0.006145,0.006039999523229896,0.006187000190708042,0.006039999523229896,2.5,2.339,tp,53
2026-04-23 03:35:00,2026-04-23 05:00:00,S,0.006029,0.0060740496518292275,0.0060740496518292275,0.00591637587042693,-1.0,-1.147,sl,17
2026-04-23 09:10:00,2026-04-23 11:50:00,S,0.006058,0.006110139369241441,0.006110139369241441,0.005927651576896398,-1.0,-1.128,sl,32
2026-04-23 14:55:00,2026-04-23 17:35:00,L,0.006132,0.006077967543587889,0.006077967543587889,0.0062670811410302785,-1.0,-1.125,sl,32
2026-04-23 17:40:00,2026-04-24 01:40:00,S,0.006061,0.006133,0.006172065229139179,0.005783336927152054,-0.648,-0.708,time,96
2026-04-24 02:05:00,2026-04-24 03:20:00,L,0.006159,0.006124924567051257,0.006124924567051257,0.0062441885823718585,-1.0,-1.199,sl,15
2026-04-24 03:35:00,2026-04-24 08:20:00,S,0.0061,0.006163237765384396,0.006163237765384396,0.005941905586539012,-1.0,-1.106,sl,57
2026-04-24 08:25:00,2026-04-24 16:25:00,L,0.006167,0.006237,0.006126839038024337,0.006267402404939155,1.743,1.574,time,96
2026-04-24 17:55:00,2026-04-24 20:25:00,L,0.006254,0.006212515634608013,0.006212515634608013,0.006357710913479968,-1.0,-1.166,sl,30
2026-04-25 02:35:00,2026-04-25 03:25:00,L,0.006207,0.006186192057853818,0.006186192057853818,0.006259019855365454,-1.0,-1.328,sl,10
2026-04-25 04:00:00,2026-04-25 05:05:00,L,0.006217,0.006182048732392163,0.006182048732392163,0.006304378169019593,-1.0,-1.196,sl,13
2026-04-25 06:30:00,2026-04-25 11:40:00,L,0.006231,0.00618811264691822,0.00618811264691822,0.006338218382704451,-1.0,-1.16,sl,62
2026-04-25 12:50:00,2026-04-25 13:10:00,S,0.006175,0.00619987615212019,0.00619987615212019,0.0061128096196995255,-1.0,-1.273,sl,4
2026-04-25 15:55:00,2026-04-25 23:55:00,S,0.006168,0.006166,0.006192799562846468,0.00610600109288383,0.081,-0.193,time,96
2026-04-26 05:15:00,2026-04-26 13:15:00,L,0.006212,0.006189,0.006145795413807808,0.006377511465480478,-0.347,-0.451,time,96
2026-04-26 13:20:00,2026-04-26 19:15:00,S,0.006189,0.0062207424265368445,0.0062207424265368445,0.0061096439336578885,-1.0,-1.214,sl,71
2026-04-26 19:20:00,2026-04-26 21:30:00,L,0.006216,0.006194231508250857,0.006194231508250857,0.006270421229372858,-1.0,-1.314,sl,26
2026-04-26 22:05:00,2026-04-27 05:20:00,L,0.006221,0.006172545572255104,0.006172545572255104,0.00634213606936224,-1.0,-1.141,sl,87
2026-04-27 05:25:00,2026-04-27 13:25:00,S,0.006172,0.006114,0.006296162959872754,0.005861592600318115,0.467,0.412,time,96
2026-04-27 15:20:00,2026-04-27 23:20:00,S,0.006068,0.00613,0.006182077173838234,0.005782807065404414,-0.543,-0.602,time,96
2026-04-28 02:40:00,2026-04-28 04:15:00,S,0.006111,0.006149998512790612,0.006149998512790612,0.00601350371802347,-1.0,-1.172,sl,19
2026-04-28 05:10:00,2026-04-28 07:15:00,L,0.006173,0.006119049499139102,0.006119049499139102,0.006307876252152244,-1.0,-1.126,sl,25
2026-04-28 07:20:00,2026-04-28 15:20:00,S,0.006106,0.006101,0.006189230626588307,0.0058979234335292344,0.06,-0.021,time,96
2026-04-28 19:05:00,2026-04-29 03:05:00,L,0.00612,0.006147,0.006101289383246554,0.006166776541883615,1.443,1.083,time,96
2026-04-29 03:20:00,2026-04-29 09:10:00,L,0.006165,0.006259597039818581,0.006127161184072568,0.006259597039818581,2.5,2.321,tp,70
2026-04-29 09:15:00,2026-04-29 09:30:00,L,0.006265,0.006378867780054651,0.006219452887978139,0.006378867780054651,2.5,2.349,tp,3
2026-04-29 09:35:00,2026-04-29 13:35:00,L,0.006376,0.006218388439181109,0.006218388439181109,0.006770028902047226,-1.0,-1.044,sl,48
2026-04-29 14:20:00,2026-04-29 22:20:00,S,0.006202,0.00614,0.006308426159470042,0.005935934601324895,0.583,0.518,time,96
2026-04-30 00:10:00,2026-04-30 00:40:00,L,0.006161,0.006238610270023301,0.0061299558919906795,0.006238610270023301,2.5,2.282,tp,6
2026-04-30 00:45:00,2026-04-30 05:25:00,L,0.00623,0.006147034420785089,0.006147034420785089,0.006437413948037278,-1.0,-1.083,sl,56
2026-04-30 06:50:00,2026-04-30 09:35:00,L,0.006236,0.006372030718146337,0.006181587712741465,0.006372030718146337,2.5,2.374,tp,33
2026-04-30 09:40:00,2026-04-30 10:35:00,L,0.006374,0.006274898389301095,0.006274898389301095,0.006621754026747264,-1.0,-1.071,sl,11
2026-04-30 16:00:00,2026-04-30 21:00:00,L,0.00632,0.006245194121341366,0.006245194121341366,0.006507014696646586,-1.0,-1.093,sl,60
2026-04-30 22:40:00,2026-05-01 00:15:00,S,0.006218,0.00624792655411716,0.00624792655411716,0.006143183614707098,-1.0,-1.229,sl,19
2026-05-01 01:05:00,2026-05-01 03:15:00,L,0.006257,0.0063572940410657995,0.006216882383573681,0.0063572940410657995,2.5,2.328,tp,26
2026-05-01 03:20:00,2026-05-01 09:45:00,L,0.006361,0.006294368561589447,0.006294368561589447,0.0065275785960263845,-1.0,-1.105,sl,77
2026-05-01 12:30:00,2026-05-01 20:30:00,L,0.006342,0.006299,0.006290907174456978,0.006469732063857557,-0.842,-0.978,time,96
2026-05-01 20:40:00,2026-05-02 04:40:00,S,0.006296,0.006257,0.006329837731947194,0.0062114056701320156,1.153,0.948,time,96
2026-05-02 05:15:00,2026-05-02 06:55:00,S,0.006229,0.006261896842772265,0.006261896842772265,0.006146757893069339,-1.0,-1.208,sl,20
2026-05-02 13:15:00,2026-05-02 21:15:00,L,0.006267,0.006277,0.006239141941517102,0.006336645146207244,0.359,0.112,time,96
2026-05-02 21:40:00,2026-05-02 23:55:00,L,0.006299,0.0062648545574710834,0.0062648545574710834,0.0063843636063222915,-1.0,-1.203,sl,27
2026-05-03 00:20:00,2026-05-03 08:20:00,S,0.006249,0.006219,0.00628588477976163,0.006156788050595927,0.813,0.627,time,96
2026-05-03 11:05:00,2026-05-03 11:40:00,S,0.006194,0.006225622854751989,0.006225622854751989,0.006114942863120027,-1.0,-1.215,sl,7
2026-05-03 16:25:00,2026-05-03 16:35:00,S,0.00619,0.006213648649361631,0.006213648649361631,0.006130878376595924,-1.0,-1.288,sl,2
2026-05-03 18:15:00,2026-05-03 22:00:00,S,0.006169,0.006197614179574536,0.006197614179574536,0.006097464551063659,-1.0,-1.237,sl,45
2026-05-04 00:05:00,2026-05-04 01:30:00,S,0.00615,0.006222078920200254,0.006222078920200254,0.005969802699499364,-1.0,-1.094,sl,17
2026-05-04 01:35:00,2026-05-04 09:35:00,L,0.006235,0.006252,0.006146009463379938,0.006457476341550156,0.191,0.114,time,96
2026-05-04 10:05:00,2026-05-04 18:05:00,S,0.006196,0.006238,0.006274729496397597,0.005999176259006008,-0.533,-0.62,time,96
2026-05-04 20:20:00,2026-05-04 21:20:00,S,0.006178,0.006212913363156211,0.006212913363156211,0.006090716592109473,-1.0,-1.195,sl,12
2026-05-04 23:40:00,2026-05-05 00:00:00,S,0.006177,0.006196743131432719,0.006196743131432719,0.006127642171418203,-1.0,-1.344,sl,4
2026-05-05 05:05:00,2026-05-05 06:55:00,S,0.006197,0.006227846624307837,0.006227846624307837,0.0061198834392304086,-1.0,-1.221,sl,22
2026-05-05 07:35:00,2026-05-05 15:35:00,L,0.006257,0.006276,0.006192990223185201,0.006417024442036999,0.297,0.189,time,96
2026-05-05 19:35:00,2026-05-05 21:00:00,L,0.006295,0.0063548663274896645,0.0062710534690041345,0.0063548663274896645,2.5,2.211,tp,17
2026-05-05 21:05:00,2026-05-06 05:05:00,L,0.006349,0.006419,0.006295666042568335,0.0064823348935791605,1.312,1.182,time,96
2026-05-06 09:05:00,2026-05-06 13:25:00,L,0.006465,0.00639522023394864,0.00639522023394864,0.006639449415128401,-1.0,-1.102,sl,52
2026-05-06 20:15:00,2026-05-06 20:45:00,L,0.00641,0.0063699776655365276,0.0063699776655365276,0.006510055836158681,-1.0,-1.176,sl,6
2026-05-06 21:45:00,2026-05-06 23:00:00,L,0.006444,0.006365637332156126,0.006365637332156126,0.0066399066696096855,-1.0,-1.09,sl,15
2026-05-07 00:35:00,2026-05-07 08:35:00,S,0.006352,0.006369,0.006409253089915836,0.00620886727521041,-0.297,-0.419,time,96
2026-05-07 13:50:00,2026-05-07 21:50:00,S,0.006293,0.006259,0.006395139481390331,0.006037651296524173,0.333,0.265,time,96
2026-05-08 06:40:00,2026-05-08 08:35:00,S,0.006256,0.006292144972524006,0.006292144972524006,0.006165637568689986,-1.0,-1.19,sl,23
2026-05-08 09:25:00,2026-05-08 13:40:00,L,0.006323,0.0062689407452878355,0.0062689407452878355,0.00645814813678041,-1.0,-1.129,sl,51
2026-05-08 13:45:00,2026-05-08 14:15:00,S,0.006274,0.006328456060725258,0.006328456060725258,0.006137859848186856,-1.0,-1.127,sl,6
2026-05-08 14:20:00,2026-05-08 22:20:00,L,0.006343,0.00646,0.00626338995696214,0.006542025107594648,1.47,1.382,time,96
2026-05-09 01:20:00,2026-05-09 07:45:00,L,0.006483,0.006427769248940567,0.006427769248940567,0.006621076877648583,-1.0,-1.129,sl,77
2026-05-09 13:25:00,2026-05-09 17:30:00,S,0.006381,0.006414929590895106,0.006414929590895106,0.006296176022762236,-1.0,-1.207,sl,49
2026-05-09 17:35:00,2026-05-09 23:25:00,L,0.006415,0.006367084132852387,0.006367084132852387,0.00653478966786903,-1.0,-1.147,sl,70
2026-05-09 23:40:00,2026-05-10 04:55:00,S,0.006359,0.006400620801552541,0.006400620801552541,0.006254947996118649,-1.0,-1.168,sl,63
2026-05-10 05:00:00,2026-05-10 08:05:00,L,0.006391,0.006450579756573984,0.006367168097370406,0.006450579756573984,2.5,2.205,tp,37
2026-05-10 08:10:00,2026-05-10 14:50:00,L,0.006452,0.006562153785769102,0.00640793848569236,0.006562153785769102,2.5,2.339,tp,80
2026-05-10 14:55:00,2026-05-10 20:45:00,L,0.00656,0.0064618744942950895,0.0064618744942950895,0.006805313764262275,-1.0,-1.074,sl,70
2026-05-10 23:45:00,2026-05-11 00:10:00,L,0.006621,0.006573187360124589,0.006573187360124589,0.006740531599688527,-1.0,-1.152,sl,5
2026-05-11 05:40:00,2026-05-11 06:45:00,L,0.006521,0.006498654180073694,0.006498654180073694,0.006576864549815764,-1.0,-1.321,sl,13
2026-05-11 09:20:00,2026-05-11 14:30:00,L,0.006578,0.006508755671418367,0.006508755671418367,0.006751110821454081,-1.0,-1.104,sl,62
2026-05-11 16:15:00,2026-05-12 00:15:00,L,0.006608,0.006585,0.006540324197259001,0.006777189506852499,-0.34,-0.447,time,96
2026-05-12 06:20:00,2026-05-12 07:00:00,L,0.006599,0.006562984008354122,0.006562984008354122,0.006689039979114695,-1.0,-1.202,sl,8
2026-05-12 08:10:00,2026-05-12 10:30:00,S,0.006567,0.00648239613705914,0.006600841545176344,0.00648239613705914,2.5,2.287,tp,28
2026-05-12 10:35:00,2026-05-12 18:35:00,S,0.006479,0.006405,0.00654448198656949,0.0063152950335762775,1.13,1.021,time,96
2026-05-12 23:50:00,2026-05-13 00:15:00,S,0.006415,0.006442745448259971,0.006442745448259971,0.0063456363793500704,-1.0,-1.254,sl,5
2026-05-13 03:40:00,2026-05-13 11:05:00,L,0.006491,0.006460133959152683,0.006460133959152683,0.006568165102118292,-1.0,-1.231,sl,89
2026-05-13 11:10:00,2026-05-13 14:00:00,S,0.006463,0.006261546251619914,0.006543581499352034,0.006261546251619914,2.5,2.412,tp,34
2026-05-13 14:05:00,2026-05-13 22:05:00,S,0.006284,0.006242,0.006372545547970717,0.006062636130073207,0.474,0.396,time,96
2026-05-13 22:10:00,2026-05-13 22:45:00,S,0.006242,0.006288116440675876,0.006288116440675876,0.006126708898310311,-1.0,-1.149,sl,7
2026-05-14 03:10:00,2026-05-14 11:10:00,S,0.006261,0.006261,0.006329468412690031,0.006089828968274922,-0.0,-0.101,time,96
2026-05-14 12:05:00,2026-05-14 12:30:00,S,0.006261,0.006278545995506558,0.006278545995506558,0.006217135011233605,-1.0,-1.393,sl,5
2026-05-14 14:45:00,2026-05-14 18:25:00,L,0.006323,0.00647458249846225,0.0062623670006151,0.00647458249846225,2.5,2.385,tp,44
2026-05-14 18:30:00,2026-05-14 23:05:00,L,0.006475,0.0063609736193918215,0.0063609736193918215,0.006760065951520446,-1.0,-1.062,sl,55
2026-05-14 23:10:00,2026-05-15 05:30:00,S,0.006367,0.006236773805845237,0.006419090477661905,0.006236773805845237,2.5,2.366,tp,76
2026-05-15 05:35:00,2026-05-15 13:35:00,S,0.006233,0.006115,0.006318618752595019,0.006018953118512452,1.378,1.298,time,96
2026-05-15 13:40:00,2026-05-15 21:40:00,S,0.006115,0.006117,0.00625167054544049,0.005773323636398775,-0.015,-0.064,time,96
2026-05-16 04:05:00,2026-05-16 04:30:00,S,0.006116,0.00607446230791641,0.0061326150768334356,0.00607446230791641,2.5,2.095,tp,5
2026-05-16 04:35:00,2026-05-16 09:15:00,S,0.006065,0.005912349628533264,0.006126060148586694,0.005912349628533264,2.5,2.391,tp,56
2026-05-16 09:20:00,2026-05-16 17:20:00,S,0.00592,0.005886,0.0059965646937596715,0.005728588265600821,0.444,0.359,time,96
2026-05-16 21:55:00,2026-05-16 23:05:00,S,0.005876,0.005849644023625091,0.005886542390549964,0.005849644023625091,2.5,1.887,tp,14
2026-05-16 23:10:00,2026-05-17 01:35:00,S,0.005854,0.005792453947015743,0.005878618421193703,0.005792453947015743,2.5,2.238,tp,29
2026-05-17 01:40:00,2026-05-17 05:05:00,S,0.005803,0.005867381455903982,0.005867381455903982,0.005642046360240046,-1.0,-1.099,sl,41
2026-05-17 08:20:00,2026-05-17 16:20:00,S,0.005824,0.005811,0.005878166898363031,0.005688582754092422,0.24,0.122,time,96
2026-05-17 17:35:00,2026-05-17 21:30:00,S,0.00578,0.0058219796298031225,0.0058219796298031225,0.005675050925492195,-1.0,-1.151,sl,47
2026-05-17 22:55:00,2026-05-17 23:40:00,S,0.005781,0.005605403345925394,0.005851238661629842,0.005605403345925394,2.5,2.409,tp,9
2026-05-17 23:45:00,2026-05-18 07:45:00,S,0.005658,0.005656,0.005814630631474887,0.0052664234213127825,0.013,-0.027,time,96
2026-05-18 10:05:00,2026-05-18 11:40:00,S,0.005635,0.005679993297482919,0.005679993297482919,0.005522516756292704,-1.0,-1.138,sl,19
2026-05-18 15:05:00,2026-05-18 17:45:00,S,0.005637,0.005702952051193482,0.005702952051193482,0.005472119872016295,-1.0,-1.094,sl,32
2026-05-18 19:00:00,2026-05-18 19:00:00,S,0.005645,0.005703104476505319,0.005703104476505319,0.005499738808736701,-1.0,-1.107,sl,0
2026-05-19 10:50:00,2026-05-19 13:30:00,S,0.005729,0.005749098433209593,0.005749098433209593,0.005678753916976016,-1.0,-1.314,sl,32
2026-05-19 14:50:00,2026-05-19 22:50:00,S,0.005691,0.005666,0.005767613421731738,0.0054994664456706555,0.326,0.245,time,96
2026-05-20 05:15:00,2026-05-20 13:15:00,L,0.005736,0.00575,0.005692241649675845,0.005845395875810387,0.32,0.176,time,96
2026-05-20 14:55:00,2026-05-20 22:55:00,L,0.005793,0.005772,0.0057206130535954625,0.005973967366011345,-0.29,-0.378,time,96
2026-05-21 00:15:00,2026-05-21 08:15:00,L,0.005789,0.005832,0.00575825328480938,0.00586586678797655,1.399,1.191,time,96
2026-05-21 10:30:00,2026-05-21 17:20:00,S,0.005775,0.0058231725466077865,0.0058231725466077865,0.005654568633480532,-1.0,-1.132,sl,82
2026-05-21 17:30:00,2026-05-22 01:30:00,L,0.005846,0.005829,0.0057403234148304064,0.006110191462923983,-0.161,-0.222,time,96
2026-05-22 02:05:00,2026-05-22 07:00:00,L,0.005856,0.005817115124383889,0.005817115124383889,0.005953212189040278,-1.0,-1.166,sl,59
2026-05-22 12:00:00,2026-05-22 14:15:00,L,0.005861,0.0058231529152203785,0.0058231529152203785,0.005955617711949053,-1.0,-1.17,sl,27
2026-05-22 14:20:00,2026-05-22 22:20:00,S,0.005825,0.005729,0.005889607085630674,0.0056634822859233155,1.486,1.387,time,96
2026-05-22 23:30:00,2026-05-23 07:30:00,S,0.005699,0.005614,0.005740898145844061,0.005594254635389847,2.029,1.879,time,96
2026-05-23 07:35:00,2026-05-23 07:50:00,S,0.005614,0.0055242098872636276,0.005649916045094549,0.0055242098872636276,2.5,2.328,tp,3
2026-05-23 07:55:00,2026-05-23 15:55:00,S,0.005505,0.005594,0.005635613557806329,0.005178466105484178,-0.681,-0.728,time,96
2026-05-23 20:40:00,2026-05-24 04:40:00,L,0.005701,0.005657,0.005608109033629411,0.005933227415926474,-0.474,-0.541,time,96
2026-05-24 05:30:00,2026-05-24 06:50:00,S,0.005635,0.005662577177124184,0.005662577177124184,0.005566057057189542,-1.0,-1.225,sl,16
2026-05-24 12:20:00,2026-05-24 14:10:00,S,0.00564,0.005591064075989669,0.005659574369604133,0.005591064075989669,2.5,2.183,tp,22
2026-05-24 14:15:00,2026-05-24 22:15:00,S,0.005585,0.005562,0.005645448722560769,0.005433878193598076,0.38,0.279,time,96
2026-05-25 03:10:00,2026-05-25 04:45:00,S,0.005551,0.005600826331321259,0.005600826331321259,0.005426434171696854,-1.0,-1.123,sl,19
2026-05-25 05:10:00,2026-05-25 13:10:00,L,0.005619,0.005615,0.005556097687664925,0.005776255780837686,-0.064,-0.162,time,96
2026-05-25 14:30:00,2026-05-25 16:10:00,L,0.005643,0.00560922330294565,0.00560922330294565,0.005727441742635873,-1.0,-1.184,sl,20
2026-05-25 19:35:00,2026-05-26 00:50:00,S,0.005604,0.005512340199689164,0.005640663920124334,0.005512340199689164,2.5,2.332,tp,63
2026-05-26 00:55:00,2026-05-26 05:35:00,S,0.005512,0.005561161345597468,0.005561161345597468,0.00538909663600633,-1.0,-1.123,sl,56
2026-05-26 10:30:00,2026-05-26 16:10:00,L,0.005596,0.005537690807279325,0.005537690807279325,0.0057417729818016894,-1.0,-1.106,sl,68
2026-05-26 16:15:00,2026-05-27 00:15:00,S,0.005541,0.005529,0.005596826673955451,0.005401433315111372,0.215,0.106,time,96
2026-05-27 02:40:00,2026-05-27 08:25:00,S,0.005507,0.005552015448161393,0.005552015448161393,0.005394461379596517,-1.0,-1.135,sl,69
2026-05-27 08:55:00,2026-05-27 15:30:00,S,0.005516,0.0055537759428437505,0.0055537759428437505,0.0054215601428906236,-1.0,-1.161,sl,79
2026-05-27 18:15:00,2026-05-27 21:45:00,S,0.005476,0.005397813239893429,0.005507274704042628,0.005397813239893429,2.5,2.307,tp,42
2026-05-27 21:50:00,2026-05-28 05:50:00,S,0.005419,0.005274,0.0055010215691098895,0.005213946077225277,1.768,1.695,time,96
2026-05-28 11:05:00,2026-05-28 16:45:00,S,0.00529,0.00534491272237682,0.00534491272237682,0.005152718194057951,-1.0,-1.106,sl,68
2026-05-28 20:10:00,2026-05-28 20:30:00,S,0.00534,0.005380065033255043,0.005380065033255043,0.005239837416862394,-1.0,-1.147,sl,4
2026-05-29 02:30:00,2026-05-29 05:10:00,S,0.005349,0.005374824939780591,0.005374824939780591,0.005284437650548521,-1.0,-1.228,sl,32
2026-05-29 09:20:00,2026-05-29 11:40:00,L,0.005415,0.005382208374916508,0.005382208374916508,0.00549697906270873,-1.0,-1.182,sl,28
2026-05-29 11:45:00,2026-05-29 13:10:00,S,0.005389,0.005321948479434724,0.00541582060822611,0.005321948479434724,2.5,2.279,tp,17
2026-05-29 13:15:00,2026-05-29 15:15:00,S,0.005333,0.0053862371814705524,0.0053862371814705524,0.005199907046323619,-1.0,-1.11,sl,24
2026-05-29 15:20:00,2026-05-29 23:20:00,L,0.005386,0.005409,0.005267980212709049,0.0056810494682273775,0.195,0.145,time,96
2026-05-30 00:40:00,2026-05-30 08:40:00,L,0.005454,0.005485,0.005398181332810229,0.005593546667974425,0.555,0.448,time,96
