exit_time,net_R,cum_net_R,drawdown_R
2022-01-01 05:20:00,-1.2,-1.2,0.0
2022-01-01 10:30:00,-1.085,-2.285,-1.085
2022-01-01 15:30:00,-1.089,-3.374,-2.174
2022-01-01 20:25:00,2.389,-0.985,0.0
2022-01-02 04:30:00,-0.405,-1.39,-0.405
2022-01-02 12:05:00,-1.133,-2.523,-1.538
2022-01-02 18:30:00,-1.143,-3.666,-2.681
2022-01-03 01:20:00,-1.194,-4.86,-3.875
2022-01-03 03:40:00,2.301,-2.559,-1.574
2022-01-03 10:35:00,-1.122,-3.681,-2.696
2022-01-03 15:05:00,-1.125,-4.806,-3.821
2022-01-03 20:40:00,2.431,-2.375,-1.39
2022-01-03 23:15:00,-1.05,-3.425,-2.44
2022-01-04 09:05:00,-0.301,-3.726,-2.741
2022-01-04 10:45:00,-1.113,-4.839,-3.854
2022-01-04 18:45:00,-1.057,-5.896,-4.911
2022-01-05 02:50:00,-0.133,-6.029,-5.044
2022-01-05 06:30:00,-1.513,-7.542,-6.557
2022-01-05 09:45:00,-1.152,-8.694,-7.709
2022-01-05 11:20:00,-1.163,-9.857,-8.872
2022-01-05 19:10:00,2.424,-7.433,-6.448
2022-01-05 21:35:00,2.445,-4.988,-4.003
2022-01-06 05:40:00,1.404,-3.584,-2.599
2022-01-06 14:00:00,-1.081,-4.665,-3.68
2022-01-06 17:05:00,-1.059,-5.724,-4.739
2022-01-07 00:40:00,2.428,-3.296,-2.311
2022-01-07 08:45:00,1.346,-1.95,-0.965
2022-01-07 12:30:00,-1.068,-3.018,-2.033
2022-01-07 21:45:00,-0.472,-3.49,-2.505
2022-01-08 00:55:00,-1.075,-4.565,-3.58
2022-01-08 04:40:00,-1.071,-5.636,-4.651
2022-01-08 15:30:00,-1.065,-6.701,-5.716
2022-01-08 16:10:00,-1.055,-7.756,-6.771
2022-01-08 22:00:00,-1.035,-8.791,-7.806
2022-01-09 06:05:00,-0.579,-9.37,-8.385
2022-01-09 16:25:00,-0.278,-9.648,-8.663
2022-01-10 00:50:00,-0.216,-9.864,-8.879
2022-01-10 04:15:00,-1.114,-10.978,-9.993
2022-01-10 11:25:00,-1.091,-12.069,-11.084
2022-01-10 12:50:00,2.412,-9.657,-8.672
2022-01-10 20:55:00,0.175,-9.482,-8.497
2022-01-11 07:00:00,-1.078,-10.56,-9.575
2022-01-11 16:05:00,-1.076,-11.636,-10.651
2022-01-12 00:35:00,0.261,-11.375,-10.39
2022-01-12 07:10:00,-1.13,-12.505,-11.52
2022-01-12 09:20:00,2.361,-10.144,-9.159
2022-01-12 17:25:00,1.952,-8.192,-7.207
2022-01-13 03:00:00,-1.057,-9.249,-8.264
2022-01-13 12:55:00,2.361,-6.888,-5.903
2022-01-13 17:15:00,-1.048,-7.936,-6.951
2022-01-14 03:40:00,-0.105,-8.041,-7.056
2022-01-14 07:35:00,-1.088,-9.129,-8.144
2022-01-14 15:40:00,0.37,-8.759,-7.774
2022-01-14 23:20:00,-1.126,-9.885,-8.9
2022-01-15 01:20:00,-1.124,-11.009,-10.024
2022-01-15 11:45:00,-1.092,-12.101,-11.116
2022-01-15 14:55:00,-1.086,-13.187,-12.202
2022-01-15 23:00:00,1.274,-11.913,-10.928
2022-01-16 02:00:00,-1.194,-13.107,-12.122
2022-01-16 06:35:00,-1.162,-14.269,-13.284
2022-01-16 14:40:00,1.708,-12.561,-11.576
2022-01-16 19:40:00,-1.047,-13.608,-12.623
2022-01-17 02:20:00,2.358,-11.25,-10.265
2022-01-17 05:00:00,2.384,-8.866,-7.881
2022-01-17 07:35:00,-1.086,-9.952,-8.967
2022-01-17 14:25:00,-1.097,-11.049,-10.064
2022-01-17 17:10:00,2.362,-8.687,-7.702
2022-01-18 01:10:00,-1.07,-9.757,-8.772
2022-01-18 09:15:00,2.407,-7.35,-6.365
2022-01-18 17:20:00,-0.159,-7.509,-6.524
2022-01-19 05:15:00,-0.143,-7.652,-6.667
2022-01-19 07:30:00,2.369,-5.283,-4.298
2022-01-19 14:55:00,-1.044,-6.327,-5.342
2022-01-19 23:50:00,0.175,-6.152,-5.167
2022-01-20 02:50:00,-1.081,-7.233,-6.248
2022-01-20 06:00:00,-1.319,-8.552,-7.567
2022-01-20 11:05:00,-1.26,-9.812,-8.827
2022-01-20 14:30:00,2.372,-7.44,-6.455
2022-01-20 21:05:00,-1.046,-8.486,-7.501
2022-01-20 21:55:00,2.427,-6.059,-5.074
2022-01-21 06:00:00,0.98,-5.079,-4.094
2022-01-21 12:30:00,2.444,-2.635,-1.65
2022-01-21 15:50:00,-1.024,-3.659,-2.674
2022-01-21 18:40:00,-1.07,-4.729,-3.744
2022-01-22 04:15:00,1.211,-3.518,-2.533
2022-01-22 06:30:00,2.461,-1.057,-0.072
2022-01-22 14:35:00,0.206,-0.851,0.0
2022-01-22 23:15:00,0.283,-0.568,0.0
2022-01-23 07:10:00,-1.028,-1.596,-1.028
2022-01-23 14:45:00,2.44,0.844,0.0
2022-01-23 22:50:00,0.192,1.036,0.0
2022-01-24 08:25:00,0.715,1.751,0.0
2022-01-24 17:20:00,-0.073,1.678,-0.073
2022-01-24 20:20:00,-1.031,0.647,-1.104
2022-01-25 04:25:00,-0.641,0.006,-1.745
2022-01-25 06:15:00,-1.046,-1.04,-2.791
2022-01-25 13:25:00,-1.049,-2.089,-3.84
2022-01-25 14:20:00,-1.045,-3.134,-4.885
2022-01-25 17:25:00,2.399,-0.735,-2.486
2022-01-25 21:10:00,-1.023,-1.758,-3.509
2022-01-26 04:45:00,-1.039,-2.797,-4.548
2022-01-26 06:45:00,-1.043,-3.84,-5.591
2022-01-26 13:50:00,2.441,-1.399,-3.15
2022-01-26 20:00:00,-1.028,-2.427,-4.178
2022-01-27 04:05:00,0.745,-1.682,-3.433
2022-01-27 17:15:00,-1.066,-2.748,-4.499
2022-01-28 01:20:00,-0.233,-2.981,-4.732
2022-01-28 03:10:00,-1.025,-4.006,-5.757
2022-01-28 08:15:00,-1.028,-5.034,-6.785
2022-01-28 16:15:00,-1.04,-6.074,-7.825
2022-01-29 00:20:00,0.275,-5.799,-7.55
2022-01-29 08:25:00,1.036,-4.763,-6.514
2022-01-29 14:55:00,-1.055,-5.818,-7.569
2022-01-30 00:55:00,-1.082,-6.9,-8.651
2022-01-30 06:55:00,-1.034,-7.934,-9.685
2022-01-30 08:30:00,-1.142,-9.076,-10.827
2022-01-30 12:50:00,-1.118,-10.194,-11.945
2022-01-30 19:05:00,-1.073,-11.267,-13.018
2022-01-31 03:10:00,0.66,-10.607,-12.358
2022-01-31 10:50:00,-1.16,-11.767,-13.518
2022-01-31 11:55:00,-1.073,-12.84,-14.591
2022-01-31 16:30:00,2.433,-10.407,-12.158
2022-01-31 22:25:00,2.444,-7.963,-9.714
2022-02-01 03:50:00,2.46,-5.503,-7.254
2022-02-01 11:55:00,-0.114,-5.617,-7.368
2022-02-01 22:20:00,0.551,-5.066,-6.817
2022-02-02 13:25:00,-1.065,-6.131,-7.882
2022-02-02 18:35:00,-1.046,-7.177,-8.928
2022-02-02 20:30:00,-1.034,-8.211,-9.962
2022-02-03 04:35:00,0.941,-7.27,-9.021
2022-02-03 17:20:00,0.105,-7.165,-8.916
2022-02-03 21:00:00,-1.052,-8.217,-9.968
2022-02-04 02:40:00,2.366,-5.851,-7.602
2022-02-04 10:50:00,1.138,-4.713,-6.464
2022-02-04 16:25:00,2.457,-2.256,-4.007
2022-02-05 00:30:00,0.25,-2.006,-3.757
2022-02-05 06:25:00,2.445,0.439,-1.312
2022-02-05 07:05:00,-1.054,-0.615,-2.366
2022-02-05 15:00:00,-1.172,-1.787,-3.538
2022-02-05 16:45:00,-1.052,-2.839,-4.59
2022-02-05 23:30:00,-1.122,-3.961,-5.712
2022-02-06 15:00:00,-1.115,-5.076,-6.827
2022-02-06 18:30:00,-1.089,-6.165,-7.916
2022-02-06 23:15:00,-1.091,-7.256,-9.007
2022-02-07 03:35:00,2.431,-4.825,-6.576
2022-02-07 11:40:00,-0.134,-4.959,-6.71
2022-02-07 12:10:00,-1.126,-6.085,-7.836
2022-02-07 16:35:00,2.413,-3.672,-5.423
2022-02-07 20:50:00,-1.107,-4.779,-6.53
2022-02-08 08:05:00,-1.077,-5.856,-7.607
2022-02-08 16:20:00,0.436,-5.42,-7.171
2022-02-08 20:35:00,-1.064,-6.484,-8.235
2022-02-09 02:05:00,-1.053,-7.537,-9.288
2022-02-09 10:10:00,-0.006,-7.543,-9.294
2022-02-09 13:10:00,2.398,-5.145,-6.896
2022-02-09 15:50:00,-1.044,-6.189,-7.94
2022-02-09 16:55:00,-1.074,-7.263,-9.014
2022-02-10 01:00:00,-0.487,-7.75,-9.501
2022-02-10 03:35:00,2.37,-5.38,-7.131
2022-02-10 10:10:00,-1.047,-6.427,-8.178
2022-02-10 13:30:00,-1.088,-7.515,-9.266
2022-02-10 21:35:00,0.05,-7.465,-9.216
2022-02-11 05:55:00,2.43,-5.035,-6.786
2022-02-11 06:25:00,-1.077,-6.112,-7.863
2022-02-11 10:55:00,-1.06,-7.172,-8.923
2022-02-11 19:05:00,2.448,-4.724,-6.475
2022-02-12 03:10:00,0.497,-4.227,-5.978
2022-02-12 06:40:00,2.431,-1.796,-3.547
2022-02-12 14:45:00,-0.123,-1.919,-3.67
2022-02-12 16:05:00,-1.054,-2.973,-4.724
2022-02-13 03:35:00,0.727,-2.246,-3.997
2022-02-13 06:35:00,-1.138,-3.384,-5.135
2022-02-13 14:15:00,-1.119,-4.503,-6.254
2022-02-14 00:05:00,1.248,-3.255,-5.006
2022-02-14 03:45:00,-1.091,-4.346,-6.097
2022-02-14 12:55:00,-1.092,-5.438,-7.189
2022-02-14 19:00:00,-1.054,-6.492,-8.243
2022-02-14 22:15:00,-1.046,-7.538,-9.289
2022-02-15 06:20:00,1.567,-5.971,-7.722
2022-02-15 13:30:00,-1.091,-7.062,-8.813
2022-02-15 22:15:00,-0.475,-7.537,-9.288
2022-02-16 04:25:00,-1.058,-8.595,-10.346
2022-02-16 10:20:00,-1.099,-9.694,-11.445
2022-02-16 19:20:00,-1.066,-10.76,-12.511
2022-02-17 03:25:00,-0.657,-11.417,-13.168
2022-02-17 11:30:00,0.775,-10.642,-12.393
2022-02-17 21:20:00,2.445,-8.197,-9.948
2022-02-18 01:35:00,-1.046,-9.243,-10.994
2022-02-18 08:05:00,-1.063,-10.306,-12.057
2022-02-18 13:30:00,2.371,-7.935,-9.686
2022-02-18 15:30:00,2.4,-5.535,-7.286
2022-02-18 23:35:00,0.291,-5.244,-6.995
2022-02-19 16:55:00,0.046,-5.198,-6.949
2022-02-20 01:05:00,0.199,-4.999,-6.75
2022-02-20 05:50:00,2.409,-2.59,-4.341
2022-02-20 09:00:00,-1.053,-3.643,-5.394
2022-02-21 01:40:00,2.436,-1.207,-2.958
2022-02-21 09:45:00,-0.109,-1.316,-3.067
2022-02-21 11:45:00,2.432,1.116,-0.635
2022-02-21 19:50:00,0.152,1.268,-0.483
2022-02-22 05:55:00,1.02,2.288,0.0
2022-02-22 08:55:00,-1.054,1.234,-1.054
2022-02-23 00:15:00,-1.036,0.198,-2.09
2022-02-23 08:20:00,0.692,0.89,-1.398
2022-02-23 16:30:00,0.103,0.993,-1.295
2022-02-23 17:50:00,-1.053,-0.06,-2.348
2022-02-24 02:10:00,0.958,0.898,-1.39
2022-02-24 03:30:00,2.439,3.337,0.0
2022-02-24 11:35:00,-0.216,3.121,-0.216
2022-02-24 18:50:00,-1.031,2.09,-1.247
2022-02-25 02:55:00,0.766,2.856,-0.481
2022-02-25 14:20:00,0.568,3.424,0.0
2022-02-26 00:00:00,0.562,3.986,0.0
2022-02-26 05:30:00,-1.04,2.946,-1.04
2022-02-26 09:10:00,-1.073,1.873,-2.113
2022-02-26 11:15:00,-1.136,0.737,-3.249
2022-02-26 16:35:00,-1.101,-0.364,-4.35
2022-02-27 00:30:00,-1.062,-1.426,-5.412
2022-02-27 08:35:00,-0.28,-1.706,-5.692
2022-02-27 10:45:00,2.38,0.674,-3.312
2022-02-27 13:45:00,-1.056,-0.382,-4.368
2022-02-27 16:15:00,-1.064,-1.446,-5.432
2022-02-28 00:20:00,1.859,0.413,-3.573
2022-02-28 14:55:00,2.457,2.87,-1.116
2022-02-28 23:00:00,0.68,3.55,-0.436
2022-03-01 05:40:00,-1.086,2.464,-1.522
2022-03-01 09:35:00,-1.054,1.41,-2.576
2022-03-01 18:45:00,0.388,1.798,-2.188
2022-03-02 03:00:00,0.243,2.041,-1.945
2022-03-02 11:25:00,0.614,2.655,-1.331
2022-03-02 18:50:00,-1.03,1.625,-2.361
2022-03-03 01:10:00,-1.072,0.553,-3.433
2022-03-03 07:00:00,-1.055,-0.502,-4.488
2022-03-03 15:05:00,-1.039,-1.541,-5.527
2022-03-03 23:10:00,0.724,-0.817,-4.803
2022-03-04 01:10:00,2.425,1.608,-2.378
2022-03-04 09:15:00,-0.016,1.592,-2.394
2022-03-05 03:10:00,1.587,3.179,-0.807
2022-03-05 12:05:00,-1.091,2.088,-1.898
2022-03-05 16:15:00,-1.076,1.012,-2.974
2022-03-06 02:05:00,0.571,1.583,-2.403
2022-03-06 10:00:00,2.366,3.949,-0.037
2022-03-06 13:15:00,-1.057,2.892,-1.094
2022-03-06 16:10:00,-1.103,1.789,-2.197
2022-03-07 00:20:00,2.437,4.226,0.0
2022-03-07 08:25:00,0.155,4.381,0.0
2022-03-07 23:25:00,0.981,5.362,0.0
2022-03-08 01:55:00,-1.066,4.296,-1.066
2022-03-08 10:50:00,-1.088,3.208,-2.154
2022-03-08 18:05:00,-1.04,2.168,-3.194
2022-03-09 03:05:00,-0.84,1.328,-4.034
2022-03-09 07:25:00,2.438,3.766,-1.596
2022-03-09 12:40:00,-1.05,2.716,-2.646
2022-03-09 19:10:00,-1.06,1.656,-3.706
2022-03-10 02:05:00,-1.076,0.58,-4.782
2022-03-10 10:10:00,1.051,1.631,-3.731
2022-03-10 13:30:00,-1.121,0.51,-4.852
2022-03-10 21:45:00,-0.655,-0.145,-5.507
2022-03-11 02:10:00,2.38,2.235,-3.127
2022-03-11 06:25:00,-1.071,1.164,-4.198
2022-03-11 11:30:00,-1.098,0.066,-5.296
2022-03-11 16:05:00,-1.037,-0.971,-6.333
2022-03-12 00:10:00,-0.102,-1.073,-6.435
2022-03-12 04:45:00,-1.181,-2.254,-7.616
2022-03-12 15:00:00,0.342,-1.912,-7.274
2022-03-12 20:00:00,-1.127,-3.039,-8.401
2022-03-12 20:45:00,-1.191,-4.23,-9.592
2022-03-13 03:45:00,-1.133,-5.363,-10.725
2022-03-13 08:05:00,-1.122,-6.485,-11.847
2022-03-13 16:10:00,0.23,-6.255,-11.617
2022-03-13 20:10:00,2.37,-3.885,-9.247
2022-03-14 04:10:00,-1.061,-4.946,-10.308
2022-03-14 15:35:00,0.376,-4.57,-9.932
2022-03-14 22:45:00,-1.086,-5.656,-11.018
2022-03-15 03:20:00,-1.055,-6.711,-12.073
2022-03-15 11:25:00,-0.582,-7.293,-12.655
2022-03-15 13:40:00,-1.15,-8.443,-13.805
2022-03-15 14:30:00,-1.12,-9.563,-14.925
2022-03-15 16:20:00,2.377,-7.186,-12.548
2022-03-16 00:25:00,0.648,-6.538,-11.9
2022-03-16 03:40:00,-1.037,-7.575,-12.937
2022-03-16 08:35:00,2.354,-5.221,-10.583
2022-03-16 16:40:00,0.149,-5.072,-10.434
2022-03-17 03:15:00,0.912,-4.16,-9.522
2022-03-17 06:45:00,-1.062,-5.222,-10.584
2022-03-17 10:05:00,-1.165,-6.387,-11.749
2022-03-17 20:15:00,0.642,-5.745,-11.107
2022-03-18 08:05:00,1.597,-4.148,-9.51
2022-03-18 15:05:00,-1.083,-5.231,-10.593
2022-03-18 16:30:00,2.42,-2.811,-8.173
2022-03-19 00:35:00,0.741,-2.07,-7.432
2022-03-19 03:45:00,-1.043,-3.113,-8.475
2022-03-19 15:35:00,2.413,-0.7,-6.062
2022-03-19 20:00:00,-1.061,-1.761,-7.123
2022-03-19 22:15:00,-1.097,-2.858,-8.22
2022-03-20 20:00:00,0.223,-2.635,-7.997
2022-03-21 04:50:00,0.635,-2.0,-7.362
2022-03-21 15:15:00,0.265,-1.735,-7.097
2022-03-22 00:40:00,0.002,-1.733,-7.095
2022-03-22 10:05:00,0.416,-1.317,-6.679
2022-03-22 18:35:00,0.632,-0.685,-6.047
2022-03-23 07:05:00,-0.258,-0.943,-6.305
2022-03-23 14:25:00,2.376,1.433,-3.929
2022-03-23 22:30:00,0.321,1.754,-3.608
2022-03-24 06:15:00,2.411,4.165,-1.197
2022-03-24 14:20:00,1.313,5.478,0.0
2022-03-24 23:20:00,0.112,5.59,0.0
2022-03-25 09:30:00,-0.33,5.26,-0.33
2022-03-25 14:15:00,-1.057,4.203,-1.387
2022-03-26 00:05:00,0.185,4.388,-1.202
2022-03-26 04:45:00,-1.08,3.308,-2.282
2022-03-26 12:55:00,0.113,3.421,-2.169
2022-03-27 00:10:00,0.077,3.498,-2.092
2022-03-27 03:25:00,-1.126,2.372,-3.218
2022-03-27 08:25:00,-1.179,1.193,-4.397
2022-03-27 12:55:00,2.325,3.518,-2.072
2022-03-27 13:50:00,-1.071,2.447,-3.143
2022-03-27 20:35:00,2.384,4.831,-0.759
2022-03-28 04:40:00,0.843,5.674,0.0
2022-03-28 05:50:00,2.424,8.098,0.0
2022-03-28 13:55:00,0.019,8.117,0.0
2022-03-28 15:55:00,-1.058,7.059,-1.058
2022-03-28 21:35:00,-1.08,5.979,-2.138
2022-03-29 04:55:00,-1.045,4.934,-3.183
2022-03-29 13:00:00,1.525,6.459,-1.658
2022-03-29 15:40:00,-1.044,5.415,-2.702
2022-03-29 22:30:00,-1.074,4.341,-3.776
2022-03-30 00:30:00,-1.087,3.254,-4.863
2022-03-30 05:25:00,-1.043,2.211,-5.906
2022-03-30 13:30:00,1.179,3.39,-4.727
2022-03-30 21:35:00,1.003,4.393,-3.724
2022-03-31 07:35:00,1.348,5.741,-2.376
2022-03-31 10:25:00,2.402,8.143,0.0
2022-03-31 14:00:00,-1.043,7.1,-1.043
2022-03-31 22:50:00,-0.558,6.542,-1.601
2022-04-01 07:40:00,-1.053,5.489,-2.654
2022-04-01 12:20:00,-1.051,4.438,-3.705
2022-04-01 16:15:00,2.462,6.9,-1.243
2022-04-02 00:20:00,0.2,7.1,-1.043
2022-04-02 08:55:00,-0.219,6.881,-1.262
2022-04-02 12:05:00,2.358,9.239,0.0
2022-04-02 13:10:00,2.398,11.637,0.0
2022-04-02 18:05:00,-1.032,10.605,-1.032
2022-04-02 22:15:00,-1.071,9.534,-2.103
2022-04-03 02:20:00,-1.093,8.441,-3.196
2022-04-03 10:25:00,0.78,9.221,-2.416
2022-04-03 22:00:00,-1.087,8.134,-3.503
2022-04-03 23:35:00,-1.062,7.072,-4.565
2022-04-04 03:10:00,-1.088,5.984,-5.653
2022-04-04 10:00:00,-1.068,4.916,-6.721
2022-04-04 15:05:00,2.434,7.35,-4.287
2022-04-04 23:10:00,-0.673,6.677,-4.96
2022-04-05 03:10:00,-1.072,5.605,-6.032
2022-04-05 06:50:00,-1.115,4.49,-7.147
2022-04-05 07:35:00,-1.111,3.379,-8.258
2022-04-05 14:05:00,-1.071,2.308,-9.329
2022-04-05 22:10:00,0.183,2.491,-9.146
2022-04-06 00:20:00,2.45,4.941,-6.696
2022-04-06 08:25:00,-0.393,4.548,-7.089
2022-04-06 10:10:00,2.337,6.885,-4.752
2022-04-06 15:15:00,2.448,9.333,-2.304
2022-04-06 18:00:00,-1.036,8.297,-3.34
2022-04-07 00:55:00,2.445,10.742,-0.895
2022-04-07 06:45:00,-1.039,9.703,-1.934
2022-04-07 11:35:00,-1.084,8.619,-3.018
2022-04-07 19:50:00,-1.043,7.576,-4.061
2022-04-07 23:15:00,-1.057,6.519,-5.118
2022-04-08 07:25:00,-1.04,5.479,-6.158
2022-04-08 15:30:00,-0.261,5.218,-6.419
2022-04-09 00:15:00,1.588,6.806,-4.831
2022-04-09 09:40:00,-0.488,6.318,-5.319
2022-04-09 12:30:00,-1.067,5.251,-6.386
2022-04-09 22:15:00,-0.336,4.915,-6.722
2022-04-10 04:10:00,-1.096,3.819,-7.818
2022-04-10 13:30:00,0.735,4.554,-7.083
2022-04-10 17:35:00,2.356,6.91,-4.727
2022-04-10 22:15:00,-1.046,5.864,-5.773
2022-04-11 06:20:00,0.739,6.603,-5.034
2022-04-11 13:10:00,2.45,9.053,-2.584
2022-04-11 21:15:00,1.016,10.069,-1.568
2022-04-12 05:30:00,-0.743,9.326,-2.311
2022-04-12 18:30:00,-1.047,8.279,-3.358
2022-04-13 02:35:00,-0.482,7.797,-3.84
2022-04-13 13:50:00,-1.074,6.723,-4.914
2022-04-13 23:25:00,-0.207,6.516,-5.121
2022-04-14 09:25:00,-1.053,5.463,-6.174
2022-04-14 16:40:00,2.435,7.898,-3.739
2022-04-15 00:45:00,-0.149,7.749,-3.888
2022-04-15 03:50:00,-1.069,6.68,-4.957
2022-04-15 14:45:00,-0.685,5.995,-5.642
2022-04-16 03:25:00,-0.24,5.755,-5.882
2022-04-16 10:15:00,-1.184,4.571,-7.066
2022-04-16 15:30:00,-1.104,3.467,-8.17
2022-04-16 23:35:00,-0.569,2.898,-8.739
2022-04-17 09:05:00,-1.115,1.783,-9.854
2022-04-17 13:15:00,2.289,4.072,-7.565
2022-04-17 21:15:00,-1.082,2.99,-8.647
2022-04-18 04:15:00,2.403,5.393,-6.244
2022-04-18 12:20:00,0.118,5.511,-6.126
2022-04-18 16:45:00,-1.067,4.444,-7.193
2022-04-19 01:10:00,1.486,5.93,-5.707
2022-04-19 12:30:00,1.553,7.483,-4.154
2022-04-19 14:00:00,2.415,9.898,-1.739
2022-04-19 22:05:00,0.11,10.008,-1.629
2022-04-20 06:35:00,-0.51,9.498,-2.139
2022-04-20 14:05:00,-1.105,8.393,-3.244
2022-04-20 18:40:00,-1.071,7.322,-4.315
2022-04-20 20:35:00,-1.048,6.274,-5.363
2022-04-20 23:35:00,-1.066,5.208,-6.429
2022-04-21 04:10:00,-1.063,4.145,-7.492
2022-04-21 07:55:00,-1.084,3.061,-8.576
2022-04-21 16:00:00,0.03,3.091,-8.546
2022-04-21 22:25:00,2.451,5.542,-6.095
2022-04-22 00:25:00,-1.06,4.482,-7.155
2022-04-22 15:35:00,0.582,5.064,-6.573
2022-04-22 18:15:00,-1.077,3.987,-7.65
2022-04-23 06:10:00,-0.015,3.972,-7.665
2022-04-23 12:25:00,-1.114,2.858,-8.779
2022-04-23 16:35:00,-1.143,1.715,-9.922
2022-04-23 23:30:00,2.297,4.012,-7.625
2022-04-24 07:35:00,-0.9,3.112,-8.525
2022-04-24 16:50:00,2.386,5.498,-6.139
2022-04-24 18:25:00,-1.087,4.411,-7.226
2022-04-25 00:20:00,2.395,6.806,-4.831
2022-04-25 08:25:00,0.483,7.289,-4.348
2022-04-25 10:00:00,-1.124,6.165,-5.472
2022-04-25 13:35:00,-1.078,5.087,-6.55
2022-04-26 02:50:00,0.426,5.513,-6.124
2022-04-26 06:20:00,-1.191,4.322,-7.315
2022-04-26 11:00:00,-1.152,3.17,-8.467
2022-04-26 19:30:00,2.428,5.598,-6.039
2022-04-27 03:35:00,-0.731,4.867,-6.77
2022-04-27 08:15:00,2.358,7.225,-4.412
2022-04-27 11:20:00,-1.063,6.162,-5.475
2022-04-27 14:10:00,-1.072,5.09,-6.547
2022-04-27 22:15:00,-0.24,4.85,-6.787
2022-04-28 00:35:00,-1.121,3.729,-7.908
2022-04-28 09:05:00,0.46,4.189,-7.448
2022-04-28 13:45:00,2.366,6.555,-5.082
2022-04-28 15:05:00,-1.049,5.506,-6.131
2022-04-29 01:05:00,-0.28,5.226,-6.411
2022-04-29 11:00:00,1.235,6.461,-5.176
2022-04-29 13:55:00,-1.068,5.393,-6.244
2022-04-30 01:15:00,0.006,5.399,-6.238
2022-04-30 05:50:00,-1.148,4.251,-7.386
2022-04-30 16:30:00,1.166,5.417,-6.22
2022-04-30 21:45:00,2.365,7.782,-3.855
2022-04-30 22:35:00,2.388,10.17,-1.467
2022-05-01 06:40:00,-0.583,9.587,-2.05
2022-05-01 08:50:00,-1.112,8.475,-3.162
2022-05-01 15:25:00,-1.092,7.383,-4.254
2022-05-02 01:45:00,0.072,7.455,-4.182
2022-05-02 06:05:00,-1.099,6.356,-5.281
2022-05-02 10:05:00,2.384,8.74,-2.897
2022-05-02 18:10:00,1.156,9.896,-1.741
2022-05-02 19:05:00,-1.097,8.799,-2.838
2022-05-03 03:05:00,-1.1,7.699,-3.938
2022-05-03 05:50:00,-1.145,6.554,-5.083
2022-05-03 15:00:00,2.331,8.885,-2.752
2022-05-03 18:10:00,2.345,11.23,-0.407
2022-05-04 02:15:00,-0.353,10.877,-0.76
2022-05-04 15:05:00,-1.143,9.734,-1.903
2022-05-04 16:20:00,-1.064,8.67,-2.967
2022-05-04 19:10:00,2.442,11.112,-0.525
2022-05-05 03:15:00,0.527,11.639,0.0
2022-05-05 05:50:00,-1.08,10.559,-1.08
2022-05-05 13:20:00,-1.132,9.427,-2.212
2022-05-05 13:55:00,2.393,11.82,0.0
2022-05-05 18:10:00,2.466,14.286,0.0
2022-05-06 02:15:00,-0.488,13.798,-0.488
2022-05-06 11:45:00,1.215,15.013,0.0
2022-05-07 03:25:00,2.306,17.319,0.0
2022-05-07 08:15:00,-1.106,16.213,-1.106
2022-05-07 21:15:00,0.515,16.728,-0.591
2022-05-07 22:50:00,2.416,19.144,0.0
2022-05-07 23:25:00,-1.035,18.109,-1.035
2022-05-08 02:50:00,2.414,20.523,0.0
2022-05-08 04:30:00,-1.039,19.484,-1.039
2022-05-08 17:00:00,2.403,21.887,0.0
2022-05-09 01:25:00,-0.51,21.377,-0.51
2022-05-09 10:05:00,0.875,22.252,0.0
2022-05-09 18:40:00,2.475,24.727,0.0
2022-05-10 02:45:00,-0.378,24.349,-0.378
2022-05-10 12:35:00,-1.025,23.324,-1.403
2022-05-10 13:45:00,-1.036,22.288,-2.439
2022-05-10 22:00:00,2.475,24.763,0.0
2022-05-10 23:00:00,-1.034,23.729,-1.034
2022-05-11 05:15:00,-1.03,22.699,-2.064
2022-05-11 12:40:00,2.481,25.18,0.0
2022-05-11 20:45:00,0.904,26.084,0.0
2022-05-11 22:10:00,-1.007,25.077,-1.007
2022-05-12 07:15:00,2.488,27.565,0.0
2022-05-12 07:40:00,-1.008,26.557,-1.008
2022-05-12 23:40:00,-1.015,25.542,-2.023
2022-05-13 07:45:00,-1.021,24.521,-3.044
2022-05-13 09:15:00,-1.019,23.502,-4.063
2022-05-13 17:20:00,0.135,23.637,-3.928
2022-05-14 01:45:00,-0.174,23.463,-4.102
2022-05-14 08:25:00,-1.043,22.42,-5.145
2022-05-14 10:15:00,2.425,24.845,-2.72
2022-05-14 18:20:00,-0.273,24.572,-2.993
2022-05-15 05:45:00,-0.188,24.384,-3.181
2022-05-15 13:50:00,0.808,25.192,-2.373
2022-05-15 21:55:00,2.462,27.654,0.0
2022-05-16 01:35:00,-1.048,26.606,-1.048
2022-05-16 09:15:00,-1.061,25.545,-2.109
2022-05-16 10:50:00,-1.044,24.501,-3.153
2022-05-16 14:55:00,-1.024,23.477,-4.177
2022-05-16 17:20:00,-1.032,22.445,-5.209
2022-05-17 01:25:00,-0.164,22.281,-5.373
2022-05-17 06:45:00,2.432,24.713,-2.941
2022-05-17 07:15:00,-1.057,23.656,-3.998
2022-05-17 14:40:00,-1.047,22.609,-5.045
2022-05-17 22:45:00,-0.443,22.166,-5.488
2022-05-18 01:50:00,-1.056,21.11,-6.544
2022-05-18 11:15:00,1.216,22.326,-5.328
2022-05-18 13:20:00,2.4,24.726,-2.928
2022-05-18 21:25:00,0.59,25.316,-2.338
2022-05-19 04:05:00,-1.035,24.281,-3.373
2022-05-19 06:15:00,-1.06,23.221,-4.433
2022-05-19 14:20:00,-1.036,22.185,-5.469
2022-05-19 22:00:00,-1.03,21.155,-6.499
2022-05-19 23:45:00,-1.042,20.113,-7.541
2022-05-20 03:45:00,-1.044,19.069,-8.585
2022-05-20 08:25:00,-1.052,18.017,-9.637
2022-05-20 14:05:00,-1.041,16.976,-10.678
2022-05-20 22:10:00,0.971,17.947,-9.707
2022-05-21 07:30:00,-1.064,16.883,-10.771
2022-05-21 13:50:00,-1.115,15.768,-11.886
2022-05-21 21:20:00,-1.05,14.718,-12.936
2022-05-21 23:00:00,-1.145,13.573,-14.081
2022-05-22 09:15:00,-1.125,12.448,-15.206
2022-05-22 10:25:00,2.383,14.831,-12.823
2022-05-22 18:30:00,-0.103,14.728,-12.926
2022-05-23 04:40:00,0.141,14.869,-12.785
2022-05-23 14:05:00,-0.446,14.423,-13.231
2022-05-23 18:00:00,-1.045,13.378,-14.276
2022-05-23 19:15:00,2.43,15.808,-11.846
2022-05-24 03:20:00,0.648,16.456,-11.198
2022-05-24 15:45:00,-1.045,15.411,-12.243
2022-05-25 01:20:00,-0.12,15.291,-12.363
2022-05-25 05:50:00,-1.05,14.241,-13.413
2022-05-25 13:55:00,0.715,14.956,-12.698
2022-05-25 18:00:00,-1.081,13.875,-13.779
2022-05-26 08:20:00,2.448,16.323,-11.331
2022-05-26 16:20:00,-1.025,15.298,-12.356
2022-05-27 00:45:00,2.441,17.739,-9.915
2022-05-27 05:00:00,2.444,20.183,-7.471
2022-05-27 12:40:00,-1.026,19.157,-8.497
2022-05-27 22:40:00,0.646,19.803,-7.851
2022-05-28 00:55:00,-1.068,18.735,-8.919
2022-05-28 09:55:00,-0.23,18.505,-9.149
2022-05-28 11:10:00,-1.162,17.343,-10.311
2022-05-28 15:30:00,-1.056,16.287,-11.367
2022-05-28 23:35:00,0.666,16.953,-10.701
2022-05-29 00:15:00,-1.085,15.868,-11.786
2022-05-29 10:10:00,-0.116,15.752,-11.902
2022-05-29 12:55:00,2.444,18.196,-9.458
2022-05-29 21:00:00,-0.726,17.47,-10.184
2022-05-29 22:35:00,2.323,19.793,-7.861
2022-05-30 00:50:00,-1.077,18.716,-8.938
2022-05-30 09:35:00,1.261,19.977,-7.677
2022-05-30 12:20:00,-1.124,18.853,-8.801
2022-05-30 22:10:00,1.006,19.859,-7.795
2022-05-31 00:45:00,-1.106,18.753,-8.901
2022-05-31 06:35:00,-1.039,17.714,-9.94
2022-05-31 09:35:00,-1.077,16.637,-11.017
2022-05-31 13:40:00,2.415,19.052,-8.602
2022-05-31 16:00:00,-1.03,18.022,-9.632
2022-05-31 18:55:00,-1.036,16.986,-10.668
2022-06-01 03:00:00,0.122,17.108,-10.546
2022-06-01 11:20:00,0.384,17.492,-10.162
2022-06-01 12:45:00,-1.063,16.429,-11.225
2022-06-01 17:20:00,2.462,18.891,-8.763
2022-06-02 01:25:00,1.165,20.056,-7.598
2022-06-02 05:05:00,2.417,22.473,-5.181
2022-06-02 05:40:00,-1.05,21.423,-6.231
2022-06-02 15:20:00,-1.04,20.383,-7.271
2022-06-02 22:05:00,-1.043,19.34,-8.314
2022-06-03 01:40:00,-1.071,18.269,-9.385
2022-06-03 09:10:00,2.429,20.698,-6.956
2022-06-03 17:15:00,1.188,21.886,-5.768
2022-06-04 02:15:00,2.44,24.326,-3.328
2022-06-04 08:15:00,-1.042,23.284,-4.37
2022-06-04 14:30:00,-1.067,22.217,-5.437
2022-06-04 17:50:00,-1.155,21.062,-6.592
2022-06-04 21:20:00,-1.105,19.957,-7.697
2022-06-05 05:45:00,-0.32,19.637,-8.017
2022-06-05 13:50:00,0.38,20.017,-7.637
2022-06-05 22:55:00,-0.381,19.636,-8.018
2022-06-06 01:05:00,-1.049,18.587,-9.067
2022-06-06 06:45:00,2.47,21.057,-6.597
2022-06-06 14:50:00,-0.349,20.708,-6.946
2022-06-06 18:35:00,-1.059,19.649,-8.005
2022-06-07 00:20:00,-1.037,18.612,-9.042
2022-06-07 08:25:00,1.199,19.811,-7.843
2022-06-07 11:00:00,2.399,22.21,-5.444
2022-06-07 14:45:00,-1.023,21.187,-6.467
2022-06-07 18:10:00,-1.065,20.122,-7.532
2022-06-07 22:40:00,-1.068,19.054,-8.6
2022-06-08 02:05:00,-1.031,18.023,-9.631
2022-06-08 11:20:00,-0.22,17.803,-9.851
2022-06-08 13:35:00,-1.059,16.744,-10.91
2022-06-08 18:25:00,-1.046,15.698,-11.956
2022-06-09 02:30:00,-0.135,15.563,-12.091
2022-06-09 09:05:00,2.417,17.98,-9.674
2022-06-09 17:10:00,0.305,18.285,-9.369
2022-06-10 03:05:00,-0.616,17.669,-9.985
2022-06-10 09:05:00,-1.049,16.62,-11.034
2022-06-10 13:30:00,2.451,19.071,-8.583
2022-06-10 21:35:00,-0.014,19.057,-8.597
2022-06-11 06:35:00,0.372,19.429,-8.225
2022-06-11 11:20:00,2.431,21.86,-5.794
2022-06-11 19:25:00,0.986,22.846,-4.808
2022-06-11 22:30:00,-1.061,21.785,-5.869
2022-06-12 02:25:00,2.445,24.23,-3.424
2022-06-12 08:25:00,-1.022,23.208,-4.446
2022-06-12 14:15:00,2.43,25.638,-2.016
2022-06-12 14:25:00,-1.033,24.605,-3.049
2022-06-12 22:00:00,2.451,27.056,-0.598
2022-06-13 00:45:00,2.445,29.501,0.0
2022-06-13 07:50:00,2.47,31.971,0.0
2022-06-13 16:00:00,-0.438,31.533,-0.438
2022-06-13 20:05:00,-1.019,30.514,-1.457
2022-06-14 01:55:00,2.465,32.979,0.0
2022-06-14 03:25:00,-1.018,31.961,-1.018
2022-06-14 13:20:00,0.01,31.971,-1.008
2022-06-14 20:20:00,-1.024,30.947,-2.032
2022-06-14 23:30:00,-1.041,29.906,-3.073
2022-06-15 02:25:00,-1.038,28.868,-4.111
2022-06-15 05:30:00,2.461,31.329,-1.65
2022-06-15 11:25:00,-1.04,30.289,-2.69
2022-06-15 16:55:00,-1.025,29.264,-3.715
2022-06-15 17:55:00,-1.028,28.236,-4.743
2022-06-16 03:30:00,0.555,28.791,-4.188
2022-06-16 13:50:00,-1.032,27.759,-5.22
2022-06-16 16:30:00,-1.015,26.744,-6.235
2022-06-16 19:35:00,-1.024,25.72,-7.259
2022-06-17 03:40:00,0.214,25.934,-7.045
2022-06-17 14:50:00,-0.277,25.657,-7.322
2022-06-17 20:25:00,-1.07,24.587,-8.392
2022-06-17 22:20:00,-1.065,23.522,-9.457
2022-06-18 00:15:00,-1.081,22.441,-10.538
2022-06-18 07:20:00,2.464,24.905,-8.074
2022-06-18 11:10:00,-1.017,23.888,-9.091
2022-06-18 16:15:00,-1.043,22.845,-10.134
2022-06-18 22:15:00,-1.035,21.81,-11.169
2022-06-19 06:20:00,-0.333,21.477,-11.502
2022-06-19 09:15:00,-1.047,20.43,-12.549
2022-06-19 18:20:00,0.903,21.333,-11.646
2022-06-20 01:50:00,-1.021,20.312,-12.667
2022-06-20 11:40:00,2.474,22.786,-10.193
2022-06-20 13:45:00,-1.028,21.758,-11.221
2022-06-20 15:20:00,-1.035,20.723,-12.256
2022-06-20 18:10:00,-1.039,19.684,-13.295
2022-06-21 09:15:00,1.691,21.375,-11.604
2022-06-21 19:45:00,-1.055,20.32,-12.659
2022-06-21 23:25:00,-1.056,19.264,-13.715
2022-06-22 10:05:00,-0.049,19.215,-13.764
2022-06-22 12:15:00,-1.066,18.149,-14.83
2022-06-22 14:05:00,-1.039,17.11,-15.869
2022-06-22 15:40:00,-1.027,16.083,-16.896
2022-06-22 23:45:00,0.889,16.972,-16.007
2022-06-23 00:15:00,-1.04,15.932,-17.047
2022-06-23 08:20:00,1.379,17.311,-15.668
2022-06-23 18:45:00,-0.255,17.056,-15.923
2022-06-24 03:50:00,0.84,17.896,-15.083
2022-06-24 11:15:00,2.437,20.333,-12.646
2022-06-24 19:20:00,0.528,20.861,-12.118
2022-06-25 03:25:00,0.209,21.07,-11.909
2022-06-25 12:25:00,-1.07,20.0,-12.979
2022-06-25 19:10:00,-1.069,18.931,-14.048
2022-06-26 03:15:00,0.365,19.296,-13.683
2022-06-26 09:45:00,-1.056,18.24,-14.739
2022-06-26 11:55:00,2.382,20.622,-12.357
2022-06-26 13:05:00,-1.035,19.587,-13.392
2022-06-26 20:45:00,-1.047,18.54,-14.439
2022-06-26 22:10:00,-1.05,17.49,-15.489
2022-06-27 06:20:00,0.339,17.829,-15.15
2022-06-27 13:30:00,-1.059,16.77,-16.209
2022-06-27 21:35:00,1.183,17.953,-15.026
2022-06-28 08:45:00,-1.045,16.908,-16.071
2022-06-28 11:10:00,-1.084,15.824,-17.155
2022-06-28 14:25:00,-1.047,14.777,-18.202
2022-06-28 22:35:00,1.689,16.466,-16.513
2022-06-29 06:50:00,0.989,17.455,-15.524
2022-06-29 08:00:00,-1.04,16.415,-16.564
2022-06-29 17:15:00,2.444,18.859,-14.12
2022-06-29 19:55:00,-1.028,17.831,-15.148
2022-06-30 07:10:00,2.454,20.285,-12.694
2022-06-30 15:15:00,-0.11,20.175,-12.804
2022-06-30 22:35:00,-1.07,19.105,-13.874
2022-07-01 00:25:00,2.446,21.551,-11.428
2022-07-01 08:30:00,-0.515,21.036,-11.943
2022-07-01 17:15:00,0.012,21.048,-11.931
2022-07-01 20:05:00,-1.058,19.99,-12.989
2022-07-02 05:50:00,0.268,20.258,-12.721
2022-07-02 10:35:00,-1.056,19.202,-13.777
2022-07-02 12:40:00,2.33,21.532,-11.447
2022-07-02 20:45:00,-0.38,21.152,-11.827
2022-07-03 00:30:00,-1.066,20.086,-12.893
2022-07-03 05:00:00,-1.051,19.035,-13.944
2022-07-03 10:00:00,-1.187,17.848,-15.131
2022-07-03 19:25:00,-1.074,16.774,-16.205
2022-07-03 20:05:00,2.383,19.157,-13.822
2022-07-04 02:45:00,-1.047,18.11,-14.869
2022-07-04 09:50:00,-1.047,17.063,-15.916
2022-07-04 15:05:00,2.439,19.502,-13.477
2022-07-04 21:35:00,2.457,21.959,-11.02
2022-07-05 05:40:00,0.113,22.072,-10.907
2022-07-05 13:00:00,2.414,24.486,-8.493
2022-07-05 17:20:00,-1.061,23.425,-9.554
2022-07-05 20:05:00,2.441,25.866,-7.113
2022-07-06 01:45:00,-1.032,24.834,-8.145
2022-07-06 12:15:00,-0.334,24.5,-8.479
2022-07-06 15:30:00,-1.055,23.445,-9.534
2022-07-07 03:25:00,0.301,23.746,-9.233
2022-07-07 14:05:00,2.407,26.153,-6.826
2022-07-07 22:10:00,0.577,26.73,-6.249
2022-07-08 01:25:00,2.406,29.136,-3.843
2022-07-08 02:25:00,-1.03,28.106,-4.873
2022-07-08 14:45:00,-1.115,26.991,-5.988
2022-07-08 22:50:00,0.632,27.623,-5.356
2022-07-09 11:50:00,-1.118,26.505,-6.474
2022-07-09 17:10:00,-1.089,25.416,-7.563
2022-07-09 22:50:00,-1.119,24.297,-8.682
2022-07-10 02:25:00,2.368,26.665,-6.314
2022-07-10 10:30:00,0.114,26.779,-6.2
2022-07-10 18:50:00,-0.346,26.433,-6.546
2022-07-11 01:20:00,2.424,28.857,-4.122
2022-07-11 09:25:00,0.33,29.187,-3.792
2022-07-11 13:00:00,-1.101,28.086,-4.893
2022-07-11 21:50:00,0.338,28.424,-4.555
2022-07-12 06:05:00,0.452,28.876,-4.103
2022-07-12 11:30:00,-1.068,27.808,-5.171
2022-07-12 13:30:00,-1.115,26.693,-6.286
2022-07-12 15:10:00,-1.068,25.625,-7.354
2022-07-12 19:10:00,2.388,28.013,-4.966
2022-07-13 03:15:00,0.656,28.669,-4.31
2022-07-13 11:45:00,-1.144,27.525,-5.454
2022-07-13 12:20:00,-1.108,26.417,-6.562
2022-07-13 20:35:00,-0.356,26.061,-6.918
2022-07-13 23:15:00,2.408,28.469,-4.51
2022-07-14 07:20:00,-0.657,27.812,-5.167
2022-07-14 15:15:00,-1.087,26.725,-6.254
2022-07-14 17:55:00,2.452,29.177,-3.802
2022-07-15 02:00:00,0.643,29.82,-3.159
2022-07-15 07:05:00,-1.042,28.778,-4.201
2022-07-15 15:25:00,1.091,29.869,-3.11
2022-07-16 00:30:00,-1.047,28.822,-4.157
2022-07-16 06:00:00,-1.095,27.727,-5.252
2022-07-16 13:00:00,-1.088,26.639,-6.34
2022-07-16 16:10:00,2.43,29.069,-3.91
2022-07-17 00:15:00,0.403,29.472,-3.507
2022-07-17 01:30:00,-1.055,28.417,-4.562
2022-07-17 10:05:00,-1.07,27.347,-5.632
2022-07-17 13:00:00,-1.078,26.269,-6.71
2022-07-18 02:00:00,-0.817,25.452,-7.527
2022-07-18 05:10:00,2.442,27.894,-5.085
2022-07-18 13:15:00,0.405,28.299,-4.68
2022-07-18 17:20:00,-1.064,27.235,-5.744
2022-07-18 23:20:00,-1.03,26.205,-6.774
2022-07-19 07:25:00,0.637,26.842,-6.137
2022-07-19 12:45:00,2.446,29.288,-3.691
2022-07-19 20:50:00,-0.781,28.507,-4.472
2022-07-19 22:40:00,-1.064,27.443,-5.536
2022-07-20 08:50:00,-1.051,26.392,-6.587
2022-07-20 16:40:00,-1.049,25.343,-7.636
2022-07-21 00:45:00,1.26,26.603,-6.376
2022-07-21 10:25:00,-0.137,26.466,-6.513
2022-07-21 11:30:00,-1.103,25.363,-7.616
2022-07-21 16:10:00,-1.053,24.31,-8.669
2022-07-22 00:15:00,0.3,24.61,-8.369
2022-07-22 07:35:00,-1.127,23.483,-9.496
2022-07-22 13:55:00,-1.045,22.438,-10.541
2022-07-22 23:25:00,1.648,24.086,-8.893
2022-07-23 01:10:00,-1.076,23.01,-9.969
2022-07-23 16:50:00,1.238,24.248,-8.731
2022-07-24 00:00:00,-1.042,23.206,-9.773
2022-07-24 05:10:00,-1.073,22.133,-10.846
2022-07-24 13:15:00,-0.219,21.914,-11.065
2022-07-24 22:20:00,1.398,23.312,-9.667
2022-07-24 22:50:00,-1.061,22.251,-10.728
2022-07-25 08:25:00,1.438,23.689,-9.29
2022-07-25 13:30:00,-1.127,22.562,-10.417
2022-07-25 17:10:00,-1.106,21.456,-11.523
2022-07-25 20:10:00,-1.04,20.416,-12.563
2022-07-25 23:45:00,2.42,22.836,-10.143
2022-07-26 07:50:00,1.046,23.882,-9.097
2022-07-26 12:10:00,-1.078,22.804,-10.175
2022-07-26 20:50:00,-0.069,22.735,-10.244
2022-07-27 05:40:00,2.392,25.127,-7.852
2022-07-27 13:45:00,0.161,25.288,-7.691
2022-07-27 16:55:00,-1.078,24.21,-8.769
2022-07-27 18:00:00,-1.04,23.17,-9.809
2022-07-28 02:05:00,0.819,23.989,-8.99
2022-07-28 10:40:00,0.817,24.806,-8.173
2022-07-28 12:30:00,-1.059,23.747,-9.232
2022-07-28 21:35:00,1.639,25.386,-7.593
2022-07-29 07:25:00,-1.052,24.334,-8.645
2022-07-29 11:15:00,-1.081,23.253,-9.726
2022-07-29 21:45:00,-0.482,22.771,-10.208
2022-07-30 00:35:00,-1.037,21.734,-11.245
2022-07-30 13:15:00,2.429,24.163,-8.816
2022-07-30 21:20:00,0.255,24.418,-8.561
2022-07-31 12:15:00,1.11,25.528,-7.451
2022-07-31 17:40:00,-1.129,24.399,-8.58
2022-07-31 18:30:00,-1.054,23.345,-9.634
2022-08-01 05:50:00,0.699,24.044,-8.935
2022-08-01 08:00:00,-1.069,22.975,-10.004
2022-08-01 13:10:00,2.393,25.368,-7.611
2022-08-01 14:00:00,-1.049,24.319,-8.66
2022-08-02 00:45:00,0.731,25.05,-7.929
2022-08-02 08:55:00,1.196,26.246,-6.733
2022-08-02 14:25:00,-1.065,25.181,-7.798
2022-08-02 23:45:00,-1.051,24.13,-8.849
2022-08-03 08:00:00,0.54,24.67,-8.309
2022-08-03 20:55:00,-1.039,23.631,-9.348
2022-08-04 05:00:00,-0.059,23.572,-9.407
2022-08-04 13:45:00,-1.067,22.505,-10.474
2022-08-04 22:30:00,0.095,22.6,-10.379
2022-08-05 09:50:00,1.025,23.625,-9.354
2022-08-05 12:00:00,2.336,25.961,-7.018
2022-08-05 12:35:00,-1.062,24.899,-8.08
2022-08-05 16:30:00,-1.04,23.859,-9.12
2022-08-06 05:00:00,0.424,24.283,-8.696
2022-08-06 11:45:00,-1.093,23.19,-9.789
2022-08-06 23:15:00,-1.078,22.112,-10.867
2022-08-07 07:25:00,0.16,22.272,-10.707
2022-08-07 20:05:00,0.538,22.81,-10.169
2022-08-07 21:10:00,2.354,25.164,-7.815
2022-08-07 22:40:00,-1.055,24.109,-8.87
2022-08-08 08:20:00,2.095,26.204,-6.775
2022-08-08 15:35:00,-1.115,25.089,-7.89
2022-08-08 22:45:00,-1.102,23.987,-8.992
2022-08-09 09:55:00,-1.091,22.896,-10.083
2022-08-09 18:00:00,1.578,24.474,-8.505
2022-08-10 06:45:00,1.193,25.667,-7.312
2022-08-10 11:25:00,-1.12,24.547,-8.432
2022-08-10 12:30:00,2.404,26.951,-6.028
2022-08-10 20:35:00,0.243,27.194,-5.785
2022-08-11 01:50:00,2.422,29.616,-3.363
2022-08-11 02:15:00,-1.055,28.561,-4.418
2022-08-11 11:25:00,0.518,29.079,-3.9
2022-08-11 15:15:00,-1.091,27.988,-4.991
2022-08-11 18:00:00,-1.119,26.869,-6.11
2022-08-12 10:25:00,-1.156,25.713,-7.266
2022-08-12 18:30:00,-0.478,25.235,-7.744
2022-08-13 00:10:00,2.437,27.672,-5.307
2022-08-13 00:55:00,2.428,30.1,-2.879
2022-08-13 09:00:00,0.109,30.209,-2.77
2022-08-13 10:20:00,-1.08,29.129,-3.85
2022-08-13 13:45:00,-1.11,28.019,-4.96
2022-08-14 01:40:00,-0.169,27.85,-5.129
2022-08-14 10:45:00,-1.107,26.743,-6.236
2022-08-14 16:35:00,2.333,29.076,-3.903
2022-08-15 00:40:00,-0.257,28.819,-4.16
2022-08-15 06:10:00,-1.082,27.737,-5.242
2022-08-15 14:15:00,0.78,28.517,-4.462
2022-08-16 01:35:00,0.043,28.56,-4.419
2022-08-16 09:40:00,-1.05,27.51,-5.469
2022-08-16 12:55:00,2.413,29.923,-3.056
2022-08-16 21:00:00,-0.14,29.783,-3.196
2022-08-17 00:15:00,-1.104,28.679,-4.3
2022-08-17 07:30:00,-1.079,27.6,-5.379
2022-08-17 15:35:00,1.916,29.516,-3.463
2022-08-17 16:20:00,-1.111,28.405,-4.574
2022-08-17 18:35:00,-1.08,27.325,-5.654
2022-08-18 03:15:00,-0.042,27.283,-5.696
2022-08-18 21:35:00,-0.112,27.171,-5.808
2022-08-18 23:10:00,2.303,29.474,-3.505
2022-08-19 00:20:00,2.445,31.919,-1.06
2022-08-19 06:35:00,2.469,34.388,0.0
2022-08-19 14:40:00,-0.374,34.014,-0.374
2022-08-19 21:55:00,2.409,36.423,0.0
2022-08-20 04:55:00,-1.053,35.37,-1.053
2022-08-20 16:45:00,1.411,36.781,0.0
2022-08-20 19:35:00,2.437,39.218,0.0
2022-08-21 03:40:00,-0.511,38.707,-0.511
2022-08-21 08:05:00,-1.071,37.636,-1.582
2022-08-21 16:45:00,-1.091,36.545,-2.673
2022-08-21 20:50:00,-1.13,35.415,-3.803
2022-08-21 22:15:00,-1.042,34.373,-4.845
2022-08-22 07:55:00,2.403,36.776,-2.442
2022-08-22 16:00:00,-0.022,36.754,-2.464
2022-08-22 19:55:00,-1.078,35.676,-3.542
2022-08-22 23:05:00,-1.111,34.565,-4.653
2022-08-23 05:45:00,2.388,36.953,-2.265
2022-08-23 09:45:00,-1.036,35.917,-3.301
2022-08-23 19:50:00,-0.53,35.387,-3.831
2022-08-24 00:25:00,-1.11,34.277,-4.941
2022-08-24 08:30:00,0.508,34.785,-4.433
2022-08-24 19:50:00,1.106,35.891,-3.327
2022-08-25 03:15:00,-1.1,34.791,-4.427
2022-08-25 06:00:00,-1.075,33.716,-5.502
2022-08-25 06:45:00,2.317,36.033,-3.185
2022-08-25 14:50:00,-0.122,35.911,-3.307
2022-08-25 22:50:00,-1.102,34.809,-4.409
2022-08-26 06:55:00,1.29,36.099,-3.119
2022-08-26 11:05:00,2.335,38.434,-0.784
2022-08-26 12:30:00,-1.054,37.38,-1.838
2022-08-26 22:40:00,1.834,39.214,-0.004
2022-08-27 06:45:00,0.306,39.52,0.0
2022-08-27 15:40:00,2.363,41.883,0.0
2022-08-27 23:45:00,-0.448,41.435,-0.448
2022-08-28 01:40:00,-1.122,40.313,-1.57
2022-08-28 07:45:00,-1.107,39.206,-2.677
2022-08-28 10:40:00,-1.093,38.113,-3.77
2022-08-28 15:40:00,-1.137,36.976,-4.907
2022-08-28 23:25:00,2.43,39.406,-2.477
2022-08-29 07:30:00,0.275,39.681,-2.202
2022-08-29 21:40:00,0.463,40.144,-1.739
2022-08-29 23:25:00,2.309,42.453,0.0
2022-08-30 02:10:00,-1.097,41.356,-1.097
2022-08-30 04:30:00,2.357,43.713,0.0
2022-08-30 12:35:00,-0.731,42.982,-0.731
2022-08-30 16:40:00,2.432,45.414,0.0
2022-08-30 19:00:00,-1.045,44.369,-1.045
2022-08-31 00:30:00,-1.091,43.278,-2.136
2022-08-31 09:40:00,0.25,43.528,-1.886
2022-08-31 15:00:00,-1.061,42.467,-2.947
2022-08-31 23:05:00,-0.01,42.457,-2.957
2022-09-01 07:10:00,0.729,43.186,-2.228
2022-09-01 10:40:00,-1.085,42.101,-3.313
2022-09-01 20:25:00,-0.261,41.84,-3.574
2022-09-02 03:00:00,-1.105,40.735,-4.679
2022-09-02 11:05:00,-0.531,40.204,-5.21
2022-09-02 17:30:00,-1.087,39.117,-6.297
2022-09-03 01:35:00,0.085,39.202,-6.212
2022-09-03 04:50:00,-1.125,38.077,-7.337
2022-09-03 14:25:00,0.094,38.171,-7.243
2022-09-03 22:15:00,-1.221,36.95,-8.464
2022-09-04 07:55:00,-1.127,35.823,-9.591
2022-09-04 08:40:00,-1.142,34.681,-10.733
2022-09-04 16:45:00,1.439,36.12,-9.294
2022-09-04 18:45:00,-1.178,34.942,-10.472
2022-09-05 00:00:00,2.315,37.257,-8.157
2022-09-05 05:20:00,-1.068,36.189,-9.225
2022-09-05 14:55:00,-1.075,35.114,-10.3
2022-09-05 23:00:00,1.28,36.394,-9.02
2022-09-06 00:30:00,2.374,38.768,-6.646
2022-09-06 08:35:00,0.079,38.847,-6.567
2022-09-06 12:05:00,2.243,41.09,-4.324
2022-09-06 12:55:00,-1.081,40.009,-5.405
2022-09-06 17:10:00,-1.055,38.954,-6.46
2022-09-07 01:15:00,0.934,39.888,-5.526
2022-09-07 05:05:00,-1.057,38.831,-6.583
2022-09-07 08:05:00,-1.12,37.711,-7.703
2022-09-07 11:35:00,-1.261,36.45,-8.964
2022-09-07 13:00:00,-1.11,35.34,-10.074
2022-09-07 23:25:00,2.427,37.767,-7.647
2022-09-08 00:30:00,-1.109,36.658,-8.756
2022-09-08 07:20:00,-1.106,35.552,-9.862
2022-09-08 16:20:00,0.856,36.408,-9.006
2022-09-09 00:10:00,2.386,38.794,-6.62
2022-09-09 08:15:00,1.522,40.316,-5.098
2022-09-09 13:25:00,-1.102,39.214,-6.2
2022-09-09 23:20:00,-1.099,38.115,-7.299
2022-09-10 04:50:00,-1.159,36.956,-8.458
2022-09-10 07:45:00,-1.078,35.878,-9.536
2022-09-10 13:50:00,-1.157,34.721,-10.693
2022-09-11 00:45:00,0.541,35.262,-10.152
2022-09-11 08:20:00,-1.105,34.157,-11.257
2022-09-11 09:55:00,-1.226,32.931,-12.483
2022-09-11 11:10:00,-1.132,31.799,-13.615
2022-09-11 15:55:00,2.305,34.104,-11.31
2022-09-11 20:35:00,-1.081,33.023,-12.391
2022-09-12 01:40:00,-1.049,31.974,-13.44
2022-09-12 09:45:00,1.037,33.011,-12.403
2022-09-12 17:55:00,0.137,33.148,-12.266
2022-09-12 21:15:00,-1.103,32.045,-13.369
2022-09-13 03:45:00,2.405,34.45,-10.964
2022-09-13 11:50:00,-0.188,34.262,-11.152
2022-09-13 19:05:00,2.473,36.735,-8.679
2022-09-14 03:10:00,-0.077,36.658,-8.756
2022-09-14 14:05:00,-0.043,36.615,-8.799
2022-09-14 21:45:00,-1.085,35.53,-9.884
2022-09-15 03:00:00,2.39,37.92,-7.494
2022-09-15 06:45:00,-1.04,36.88,-8.534
2022-09-15 15:15:00,-1.021,35.859,-9.555
2022-09-15 23:20:00,-0.257,35.602,-9.812
2022-09-16 00:55:00,-1.065,34.537,-10.877
2022-09-16 10:15:00,-0.013,34.524,-10.89
2022-09-16 16:25:00,2.412,36.936,-8.478
2022-09-17 00:25:00,-1.043,35.893,-9.521
2022-09-17 04:10:00,-1.143,34.75,-10.664
2022-09-17 08:00:00,-1.143,33.607,-11.807
2022-09-17 10:25:00,-1.502,32.105,-13.309
2022-09-17 14:10:00,-1.164,30.941,-14.473
2022-09-17 22:20:00,0.831,31.772,-13.642
2022-09-18 03:45:00,-1.117,30.655,-14.759
2022-09-18 09:40:00,-1.225,29.43,-15.984
2022-09-18 16:10:00,2.404,31.834,-13.58
2022-09-18 21:10:00,2.44,34.274,-11.14
2022-09-19 05:15:00,-0.207,34.067,-11.347
2022-09-19 13:40:00,-1.059,33.008,-12.406
2022-09-19 18:50:00,-1.141,31.867,-13.547
2022-09-20 02:55:00,0.194,32.061,-13.353
2022-09-20 09:25:00,-1.068,30.993,-14.421
2022-09-20 15:50:00,-1.082,29.911,-15.503
2022-09-20 17:05:00,-1.092,28.819,-16.595
2022-09-21 01:10:00,0.577,29.396,-16.018
2022-09-21 11:45:00,-1.136,28.26,-17.154
2022-09-21 14:55:00,-1.101,27.159,-18.255
2022-09-21 17:30:00,-1.063,26.096,-19.318
2022-09-21 18:00:00,-1.058,25.038,-20.376
2022-09-21 18:35:00,2.451,27.489,-17.925
2022-09-21 21:15:00,-1.018,26.471,-18.943
2022-09-22 05:20:00,-0.369,26.102,-19.312
2022-09-22 08:20:00,2.345,28.447,-16.967
2022-09-22 16:25:00,-0.256,28.191,-17.223
2022-09-23 02:35:00,0.503,28.694,-16.72
2022-09-23 08:15:00,-1.06,27.634,-17.78
2022-09-23 16:20:00,1.364,28.998,-16.416
2022-09-23 18:05:00,-1.079,27.919,-17.495
2022-09-24 04:25:00,1.261,29.18,-16.234
2022-09-24 15:50:00,-0.695,28.485,-16.929
2022-09-24 21:50:00,-1.081,27.404,-18.01
2022-09-25 08:10:00,0.766,28.17,-17.244
2022-09-25 21:35:00,2.405,30.575,-14.839
2022-09-26 00:10:00,-1.081,29.494,-15.92
2022-09-26 08:25:00,-1.075,28.419,-16.995
2022-09-26 11:25:00,-1.09,27.329,-18.085
2022-09-26 12:50:00,-1.059,26.27,-19.144
2022-09-26 21:05:00,1.268,27.538,-17.876
2022-09-27 07:55:00,1.021,28.559,-16.855
2022-09-27 15:55:00,-1.104,27.455,-17.959
2022-09-28 00:15:00,0.845,28.3,-17.114
2022-09-28 09:45:00,0.358,28.658,-16.756
2022-09-28 18:30:00,-1.146,27.512,-17.902
2022-09-29 02:35:00,0.057,27.569,-17.845
2022-09-29 05:50:00,-1.111,26.458,-18.956
2022-09-29 13:40:00,-1.108,25.35,-20.064
2022-09-29 14:50:00,-1.053,24.297,-21.117
2022-09-29 22:55:00,-0.043,24.254,-21.16
2022-09-30 10:10:00,0.415,24.669,-20.745
2022-09-30 18:45:00,-1.036,23.633,-21.781
2022-09-30 22:25:00,2.421,26.054,-19.36
2022-10-01 06:30:00,-0.253,25.801,-19.613
2022-10-01 15:50:00,-1.212,24.589,-20.825
2022-10-01 17:20:00,2.269,26.858,-18.556
2022-10-02 00:20:00,-1.074,25.784,-19.63
2022-10-02 10:15:00,2.261,28.045,-17.369
2022-10-02 18:20:00,-0.274,27.771,-17.643
2022-10-03 05:25:00,1.136,28.907,-16.507
2022-10-03 05:50:00,-1.113,27.794,-17.62
2022-10-03 13:05:00,2.228,30.022,-15.392
2022-10-03 22:25:00,-0.043,29.979,-15.435
2022-10-04 07:35:00,1.117,31.096,-14.318
2022-10-04 15:45:00,1.088,32.184,-13.23
2022-10-05 00:55:00,-1.124,31.06,-14.354
2022-10-05 08:15:00,-1.097,29.963,-15.451
2022-10-05 16:05:00,-1.179,28.784,-16.63
2022-10-06 00:10:00,1.047,29.831,-15.583
2022-10-06 07:00:00,-1.107,28.724,-16.69
2022-10-06 13:25:00,-1.2,27.524,-17.89
2022-10-07 03:00:00,-1.156,26.368,-19.046
2022-10-07 12:25:00,2.296,28.664,-16.75
2022-10-07 12:50:00,2.371,31.035,-14.379
2022-10-07 20:55:00,-0.545,30.49,-14.924
2022-10-08 08:05:00,-0.008,30.482,-14.932
2022-10-08 16:30:00,-0.009,30.473,-14.941
2022-10-08 21:40:00,2.273,32.746,-12.668
2022-10-09 05:45:00,-0.358,32.388,-13.026
2022-10-09 10:40:00,-1.304,31.084,-14.33
2022-10-09 20:30:00,-0.473,30.611,-14.803
2022-10-10 00:40:00,-1.3,29.311,-16.103
2022-10-10 05:45:00,-1.099,28.212,-17.202
2022-10-10 13:50:00,0.84,29.052,-16.362
2022-10-10 21:55:00,0.46,29.512,-15.902
2022-10-11 00:05:00,2.346,31.858,-13.556
2022-10-11 08:10:00,-0.307,31.551,-13.863
2022-10-11 12:00:00,-1.157,30.394,-15.02
2022-10-11 16:45:00,-1.101,29.293,-16.121
2022-10-11 23:10:00,2.357,31.65,-13.764
2022-10-12 06:35:00,-1.091,30.559,-14.855
2022-10-12 18:35:00,0.649,31.208,-14.206
2022-10-13 06:40:00,2.369,33.577,-11.837
2022-10-13 07:35:00,2.412,35.989,-9.425
2022-10-13 15:40:00,-0.372,35.617,-9.797
2022-10-14 01:45:00,2.415,38.032,-7.382
2022-10-14 09:50:00,-0.352,37.68,-7.734
2022-10-14 12:10:00,-1.111,36.569,-8.845
2022-10-14 14:10:00,-1.076,35.493,-9.921
2022-10-14 18:40:00,2.4,37.893,-7.521
2022-10-15 02:45:00,0.022,37.915,-7.499
2022-10-15 14:55:00,-0.553,37.362,-8.052
2022-10-15 23:00:00,2.199,39.561,-5.853
2022-10-16 00:40:00,-1.134,38.427,-6.987
2022-10-16 15:15:00,-1.237,37.19,-8.224
2022-10-17 02:05:00,-1.09,36.1,-9.314
2022-10-17 04:30:00,-1.204,34.896,-10.518
2022-10-17 12:55:00,1.316,36.212,-9.202
2022-10-17 21:10:00,0.186,36.398,-9.016
2022-10-18 06:10:00,-0.367,36.031,-9.383
2022-10-18 08:25:00,-1.145,34.886,-10.528
2022-10-18 13:40:00,-1.149,33.737,-11.677
2022-10-18 22:25:00,0.306,34.043,-11.371
2022-10-19 09:00:00,-0.382,33.661,-11.753
2022-10-19 19:20:00,0.13,33.791,-11.623
2022-10-20 00:45:00,2.402,36.193,-9.221
2022-10-20 04:15:00,-1.066,35.127,-10.287
2022-10-20 14:20:00,-1.119,34.008,-11.406
2022-10-20 18:05:00,2.385,36.393,-9.021
2022-10-21 02:10:00,0.149,36.542,-8.872
2022-10-21 12:10:00,2.409,38.951,-6.463
2022-10-21 16:35:00,-1.046,37.905,-7.509
2022-10-22 05:40:00,1.169,39.074,-6.34
2022-10-22 21:05:00,-1.157,37.917,-7.497
2022-10-23 10:10:00,0.434,38.351,-7.063
2022-10-23 17:50:00,-1.133,37.218,-8.196
2022-10-24 01:55:00,1.0,38.218,-7.196
2022-10-24 07:15:00,-1.286,36.932,-8.482
2022-10-24 10:20:00,2.321,39.253,-6.161
2022-10-24 14:15:00,-1.061,38.192,-7.222
2022-10-24 22:20:00,0.675,38.867,-6.547
2022-10-25 09:00:00,-1.123,37.744,-7.67
2022-10-25 13:10:00,-1.101,36.643,-8.771
2022-10-25 15:10:00,2.411,39.054,-6.36
2022-10-25 16:00:00,2.405,41.459,-3.955
2022-10-26 00:05:00,0.474,41.933,-3.481
2022-10-26 11:30:00,0.432,42.365,-3.049
2022-10-26 22:05:00,0.179,42.544,-2.87
2022-10-27 02:25:00,-1.094,41.45,-3.964
2022-10-27 09:40:00,-1.098,40.352,-5.062
2022-10-27 13:55:00,-1.128,39.224,-6.19
2022-10-27 20:00:00,-1.127,38.097,-7.317
2022-10-28 00:20:00,2.404,40.501,-4.913
2022-10-28 02:00:00,-1.157,39.344,-6.07
2022-10-28 10:15:00,0.156,39.5,-5.914
2022-10-28 13:05:00,-1.144,38.356,-7.058
2022-10-28 21:10:00,2.046,40.402,-5.012
2022-10-29 03:55:00,2.377,42.779,-2.635
2022-10-29 12:00:00,0.34,43.119,-2.295
2022-10-29 13:20:00,-1.13,41.989,-3.425
2022-10-29 22:15:00,-0.666,41.323,-4.091
2022-10-30 08:10:00,1.849,43.172,-2.242
2022-10-30 08:25:00,-1.068,42.104,-3.31
2022-10-30 12:30:00,-1.109,40.995,-4.419
2022-10-30 21:00:00,-1.142,39.853,-5.561
2022-10-30 22:15:00,-1.113,38.74,-6.674
2022-10-31 07:00:00,0.308,39.048,-6.366
2022-10-31 13:55:00,-1.045,38.003,-7.411
2022-10-31 22:00:00,0.292,38.295,-7.119
2022-11-01 03:35:00,-1.131,37.164,-8.25
2022-11-01 06:15:00,-1.099,36.065,-9.349
2022-11-01 13:40:00,-1.08,34.985,-10.429
2022-11-01 21:50:00,0.326,35.311,-10.103
2022-11-02 05:00:00,-1.077,34.234,-11.18
2022-11-02 07:15:00,2.347,36.581,-8.833
2022-11-02 15:20:00,0.375,36.956,-8.458
2022-11-02 16:50:00,-1.124,35.832,-9.582
2022-11-02 18:05:00,-1.08,34.752,-10.662
2022-11-03 03:35:00,-0.369,34.383,-11.031
2022-11-03 11:35:00,-1.089,33.294,-12.12
2022-11-03 19:40:00,0.148,33.442,-11.972
2022-11-04 02:30:00,-1.13,32.312,-13.102
2022-11-04 04:00:00,2.355,34.667,-10.747
2022-11-04 12:05:00,0.38,35.047,-10.367
2022-11-04 20:40:00,0.689,35.736,-9.678
2022-11-05 00:35:00,2.375,38.111,-7.303
2022-11-05 08:40:00,0.799,38.91,-6.504
2022-11-05 12:55:00,-1.098,37.812,-7.602
2022-11-05 15:20:00,2.458,40.27,-5.144
2022-11-05 23:25:00,-0.224,40.046,-5.368
2022-11-06 11:30:00,-1.105,38.941,-6.473
2022-11-06 15:55:00,-1.056,37.885,-7.529
2022-11-06 23:05:00,2.46,40.345,-5.069
2022-11-07 07:10:00,1.074,41.419,-3.995
2022-11-07 15:45:00,-1.029,40.39,-5.024
2022-11-07 22:15:00,2.447,42.837,-2.577
2022-11-08 05:25:00,2.484,45.321,-0.093
2022-11-08 06:40:00,-1.012,44.309,-1.105
2022-11-08 14:35:00,2.447,46.756,0.0
2022-11-08 16:00:00,-1.019,45.737,-1.019
2022-11-09 01:25:00,0.873,46.61,-0.146
2022-11-09 05:55:00,2.475,49.085,0.0
2022-11-09 09:10:00,2.49,51.575,0.0
2022-11-09 11:45:00,-1.005,50.57,-1.005
2022-11-09 18:35:00,2.494,53.064,0.0
2022-11-09 18:45:00,-1.003,52.061,-1.003
2022-11-10 03:15:00,-1.003,51.058,-2.006
2022-11-10 12:10:00,-1.004,50.054,-3.01
2022-11-10 21:35:00,0.665,50.719,-2.345
2022-11-11 10:10:00,-0.41,50.309,-2.755
2022-11-11 13:55:00,-1.043,49.266,-3.798
2022-11-11 14:20:00,2.484,51.75,-1.314
2022-11-11 22:25:00,-0.362,51.388,-1.676
2022-11-11 23:45:00,-1.037,50.351,-2.713
2022-11-12 05:10:00,2.459,52.81,-0.254
2022-11-12 07:10:00,-1.015,51.795,-1.269
2022-11-12 19:25:00,-0.13,51.665,-1.399
2022-11-12 23:45:00,2.38,54.045,0.0
2022-11-13 07:50:00,0.918,54.963,0.0
2022-11-13 13:40:00,-1.028,53.935,-1.028
2022-11-13 16:50:00,-1.042,52.893,-2.07
2022-11-14 05:05:00,0.746,53.639,-1.324
2022-11-14 14:45:00,-0.048,53.591,-1.372
2022-11-14 22:50:00,0.443,54.034,-0.929
2022-11-15 07:15:00,-1.027,53.007,-1.956
2022-11-15 15:20:00,-0.084,52.923,-2.04
2022-11-15 18:25:00,-1.064,51.859,-3.104
2022-11-16 02:30:00,-0.518,51.341,-3.622
2022-11-16 08:35:00,-1.047,50.294,-4.669
2022-11-16 16:40:00,0.366,50.66,-4.303
2022-11-17 04:00:00,-1.051,49.609,-5.354
2022-11-17 06:15:00,-1.054,48.555,-6.408
2022-11-17 07:15:00,-1.09,47.465,-7.498
2022-11-17 12:50:00,2.419,49.884,-5.079
2022-11-17 20:55:00,0.031,49.915,-5.048
2022-11-18 03:40:00,-1.065,48.85,-6.113
2022-11-18 12:20:00,0.2,49.05,-5.913
2022-11-18 13:20:00,-1.143,47.907,-7.056
2022-11-18 22:35:00,0.999,48.906,-6.057
2022-11-19 10:20:00,-0.256,48.65,-6.313
2022-11-19 14:35:00,2.38,51.03,-3.933
2022-11-19 16:35:00,-1.066,49.964,-4.999
2022-11-20 04:00:00,-1.092,48.872,-6.091
2022-11-20 10:40:00,-1.039,47.833,-7.13
2022-11-20 13:45:00,-1.09,46.743,-8.22
2022-11-20 21:55:00,2.444,49.187,-5.776
2022-11-21 06:00:00,0.525,49.712,-5.251
2022-11-21 13:05:00,-1.065,48.647,-6.316
2022-11-21 19:30:00,2.431,51.078,-3.885
2022-11-21 22:20:00,-1.026,50.052,-4.911
2022-11-22 09:00:00,0.983,51.035,-3.928
2022-11-22 12:05:00,2.423,53.458,-1.505
2022-11-22 13:10:00,-1.03,52.428,-2.535
2022-11-22 23:25:00,0.863,53.291,-1.672
2022-11-23 02:30:00,2.461,55.752,0.0
2022-11-23 10:35:00,-0.339,55.413,-0.339
2022-11-23 13:45:00,-1.057,54.356,-1.396
2022-11-23 19:05:00,2.469,56.825,0.0
2022-11-24 03:10:00,0.551,57.376,0.0
2022-11-24 08:25:00,-1.049,56.327,-1.049
2022-11-24 16:05:00,2.434,58.761,0.0
2022-11-25 00:10:00,-0.722,58.039,-0.722
2022-11-25 04:40:00,-1.067,56.972,-1.789
2022-11-25 11:15:00,2.397,59.369,0.0
2022-11-25 16:10:00,-1.043,58.326,-1.043
2022-11-26 00:35:00,2.358,60.684,0.0
2022-11-26 08:45:00,0.24,60.924,0.0
2022-11-26 14:55:00,-1.049,59.875,-1.049
2022-11-27 01:05:00,0.251,60.126,-0.798
2022-11-27 04:55:00,2.349,62.475,0.0
2022-11-27 06:00:00,-1.084,61.391,-1.084
2022-11-27 10:15:00,-1.11,60.281,-2.194
2022-11-27 13:15:00,-1.126,59.155,-3.32
2022-11-27 22:45:00,0.286,59.441,-3.034
2022-11-28 01:15:00,2.431,61.872,-0.603
2022-11-28 09:20:00,0.446,62.318,-0.157
2022-11-28 12:40:00,2.224,64.542,0.0
2022-11-28 14:35:00,-1.081,63.461,-1.081
2022-11-28 16:55:00,-1.069,62.392,-2.15
2022-11-29 01:50:00,-1.086,61.306,-3.236
2022-11-29 05:00:00,2.376,63.682,-0.86
2022-11-29 13:05:00,-0.756,62.926,-1.616
2022-11-29 14:00:00,-1.179,61.747,-2.795
2022-11-29 23:00:00,0.146,61.893,-2.649
2022-11-30 08:50:00,-0.27,61.623,-2.919
2022-11-30 19:10:00,-1.083,60.54,-4.002
2022-12-01 03:15:00,0.38,60.92,-3.622
2022-12-01 11:00:00,-1.184,59.736,-4.806
2022-12-01 13:45:00,-1.114,58.622,-5.92
2022-12-01 21:50:00,0.261,58.883,-5.659
2022-12-02 00:35:00,-1.09,57.793,-6.749
2022-12-02 09:50:00,-0.487,57.306,-7.236
2022-12-02 11:00:00,-1.145,56.161,-8.381
2022-12-02 13:30:00,-1.103,55.058,-9.484
2022-12-02 21:35:00,-0.764,54.294,-10.248
2022-12-02 23:35:00,-1.378,52.916,-11.626
2022-12-03 09:10:00,0.126,53.042,-11.5
2022-12-03 15:10:00,-1.131,51.911,-12.631
2022-12-03 17:15:00,-1.181,50.73,-13.812
2022-12-03 21:05:00,2.185,52.915,-11.627
2022-12-04 01:25:00,-1.151,51.764,-12.778
2022-12-04 05:05:00,-1.26,50.504,-14.038
2022-12-04 15:35:00,-0.436,50.068,-14.474
2022-12-05 00:20:00,2.355,52.423,-12.119
2022-12-05 08:25:00,0.637,53.06,-11.482
2022-12-05 12:05:00,-1.175,51.885,-12.657
2022-12-05 19:20:00,-1.133,50.752,-13.79
2022-12-05 21:55:00,-1.043,49.709,-14.833
2022-12-06 06:00:00,0.276,49.985,-14.557
2022-12-06 08:30:00,-1.126,48.859,-15.683
2022-12-06 15:05:00,-1.13,47.729,-16.813
2022-12-07 00:00:00,2.324,50.053,-14.489
2022-12-07 03:25:00,-1.075,48.978,-15.564
2022-12-07 06:00:00,2.034,51.012,-13.53
2022-12-07 07:10:00,2.334,53.346,-11.196
2022-12-07 15:15:00,0.051,53.397,-11.145
2022-12-08 00:55:00,2.32,55.717,-8.825
2022-12-08 07:35:00,-1.08,54.637,-9.905
2022-12-08 14:00:00,-1.219,53.418,-11.124
2022-12-08 18:35:00,2.213,55.631,-8.911
2022-12-09 02:40:00,-0.366,55.265,-9.277
2022-12-09 08:15:00,-1.226,54.039,-10.503
2022-12-09 09:40:00,2.359,56.398,-8.144
2022-12-09 17:30:00,-1.048,55.35,-9.192
2022-12-10 01:35:00,0.1,55.45,-9.092
2022-12-10 04:45:00,-1.292,54.158,-10.384
2022-12-10 08:05:00,-1.208,52.95,-11.592
2022-12-10 16:00:00,-1.292,51.658,-12.884
2022-12-10 17:45:00,-1.668,49.99,-14.552
2022-12-10 20:55:00,-1.208,48.782,-15.76
2022-12-11 05:45:00,-0.389,48.393,-16.149
2022-12-11 12:50:00,-1.325,47.068,-17.474
2022-12-11 19:05:00,2.211,49.279,-15.263
2022-12-11 19:30:00,-1.165,48.114,-16.428
2022-12-12 02:40:00,2.395,50.509,-14.033
2022-12-12 02:50:00,2.385,52.894,-11.648
2022-12-12 10:55:00,-0.577,52.317,-12.225
2022-12-12 12:35:00,2.245,54.562,-9.98
2022-12-12 13:00:00,-1.093,53.469,-11.073
2022-12-13 00:00:00,-1.319,52.15,-12.392
2022-12-13 04:00:00,2.283,54.433,-10.109
2022-12-13 06:35:00,-1.096,53.337,-11.205
2022-12-13 09:55:00,-1.074,52.263,-12.279
2022-12-13 13:30:00,2.416,54.679,-9.863
2022-12-13 21:35:00,-0.073,54.606,-9.936
2022-12-14 08:05:00,-0.238,54.368,-10.174
2022-12-14 12:40:00,2.271,56.639,-7.903
2022-12-14 16:30:00,2.435,59.074,-5.468
2022-12-14 19:00:00,-1.047,58.027,-6.515
2022-12-15 01:35:00,-1.121,56.906,-7.636
2022-12-15 11:20:00,-0.613,56.293,-8.249
2022-12-15 18:55:00,-1.099,55.194,-9.348
2022-12-15 21:40:00,-1.125,54.069,-10.473
2022-12-16 08:50:00,-1.072,52.997,-11.545
2022-12-16 16:20:00,2.461,55.458,-9.084
2022-12-17 00:25:00,0.952,56.41,-8.132
2022-12-17 06:35:00,-1.07,55.34,-9.202
2022-12-17 10:50:00,-1.136,54.204,-10.338
2022-12-17 19:35:00,0.102,54.306,-10.236
2022-12-17 21:15:00,-1.233,53.073,-11.469
2022-12-18 04:10:00,-1.116,51.957,-12.585
2022-12-18 14:00:00,1.15,53.107,-11.435
2022-12-18 18:00:00,-1.147,51.96,-12.582
2022-12-18 22:35:00,-1.088,50.872,-13.67
2022-12-19 08:00:00,0.516,51.388,-13.154
2022-12-19 16:20:00,2.338,53.726,-10.816
2022-12-20 00:40:00,-0.365,53.361,-11.181
2022-12-20 12:40:00,0.117,53.478,-11.064
2022-12-20 15:00:00,-1.132,52.346,-12.196
2022-12-20 17:15:00,-1.081,51.265,-13.277
2022-12-20 20:25:00,-1.113,50.152,-14.39
2022-12-21 08:55:00,0.539,50.691,-13.851
2022-12-21 14:55:00,2.22,52.911,-11.631
2022-12-21 22:20:00,-1.085,51.826,-12.716
2022-12-22 09:35:00,-1.145,50.681,-13.861
2022-12-22 11:35:00,-1.234,49.447,-15.095
2022-12-22 14:45:00,2.35,51.797,-12.745
2022-12-22 20:20:00,-1.063,50.734,-13.808
2022-12-23 01:45:00,-1.088,49.646,-14.896
2022-12-23 08:05:00,-1.089,48.557,-15.985
2022-12-23 10:15:00,-1.11,47.447,-17.095
2022-12-23 22:30:00,0.062,47.509,-17.033
2022-12-24 05:20:00,2.292,49.801,-14.741
2022-12-24 13:25:00,0.054,49.855,-14.687
2022-12-24 16:25:00,-1.303,48.552,-15.99
2022-12-25 05:10:00,0.111,48.663,-15.879
2022-12-25 06:10:00,-1.189,47.474,-17.068
2022-12-25 13:50:00,2.232,49.706,-14.836
2022-12-25 15:00:00,-1.187,48.519,-16.023
2022-12-25 19:50:00,-1.186,47.333,-17.209
2022-12-26 02:00:00,-1.173,46.16,-18.382
2022-12-26 04:00:00,-1.301,44.859,-19.683
2022-12-26 12:45:00,-0.2,44.659,-19.883
2022-12-26 15:35:00,2.339,46.998,-17.544
2022-12-26 23:35:00,-1.06,45.938,-18.604
2022-12-27 12:55:00,2.34,48.278,-16.264
2022-12-27 14:35:00,2.377,50.655,-13.887
2022-12-27 22:40:00,-0.491,50.164,-14.378
2022-12-28 03:10:00,2.401,52.565,-11.977
2022-12-28 05:30:00,2.445,55.01,-9.532
2022-12-28 13:35:00,0.219,55.229,-9.313
2022-12-28 14:30:00,-1.076,54.153,-10.389
2022-12-28 23:40:00,0.238,54.391,-10.151
2022-12-29 08:35:00,1.175,55.566,-8.976
2022-12-29 16:45:00,-0.133,55.433,-9.109
2022-12-29 19:20:00,2.443,57.876,-6.666
2022-12-29 22:35:00,-1.018,56.858,-7.684
2022-12-30 07:20:00,-1.016,55.842,-8.7
2022-12-30 12:30:00,-1.037,54.805,-9.737
2022-12-30 17:25:00,-1.043,53.762,-10.78
2022-12-31 01:30:00,0.656,54.418,-10.124
2022-12-31 08:20:00,-1.1,53.318,-11.224
2022-12-31 14:25:00,2.408,55.726,-8.816
2022-12-31 22:30:00,-0.572,55.154,-9.388
2023-01-01 03:00:00,-1.151,54.003,-10.539
2023-01-01 11:05:00,-1.11,52.893,-11.649
2023-01-01 19:10:00,0.682,53.575,-10.967
2023-01-01 19:45:00,-1.162,52.413,-12.129
2023-01-02 03:45:00,-1.115,51.298,-13.244
2023-01-02 07:10:00,2.349,53.647,-10.895
2023-01-02 15:15:00,-0.433,53.214,-11.328
2023-01-02 19:45:00,2.409,55.623,-8.919
2023-01-03 01:20:00,-1.068,54.555,-9.987
2023-01-03 05:15:00,2.396,56.951,-7.591
2023-01-03 13:20:00,0.439,57.39,-7.152
2023-01-03 14:10:00,2.375,59.765,-4.777
2023-01-03 16:05:00,2.473,62.238,-2.304
2023-01-04 00:10:00,0.026,62.264,-2.278
2023-01-04 07:55:00,2.449,64.713,0.0
2023-01-04 09:25:00,-1.036,63.677,-1.036
2023-01-04 19:25:00,-1.033,62.644,-2.069
2023-01-05 06:05:00,0.101,62.745,-1.968
2023-01-05 18:40:00,-0.154,62.591,-2.122
2023-01-05 20:05:00,2.409,65.0,0.0
2023-01-06 02:00:00,-1.04,63.96,-1.04
2023-01-06 13:00:00,2.393,66.353,0.0
2023-01-06 13:30:00,-1.068,65.285,-1.068
2023-01-06 23:10:00,1.34,66.625,0.0
2023-01-07 04:30:00,-1.067,65.558,-1.067
2023-01-07 16:40:00,-0.069,65.489,-1.136
2023-01-08 00:30:00,2.334,67.823,0.0
2023-01-08 01:50:00,-1.071,66.752,-1.071
2023-01-08 10:05:00,0.827,67.579,-0.244
2023-01-08 14:50:00,2.392,69.971,0.0
2023-01-08 17:50:00,-1.061,68.91,-1.061
2023-01-08 23:05:00,2.37,71.28,0.0
2023-01-08 23:55:00,2.428,73.708,0.0
2023-01-09 02:10:00,2.48,76.188,0.0
2023-01-09 10:15:00,0.104,76.292,0.0
2023-01-09 14:05:00,-1.076,75.216,-1.076
2023-01-09 23:10:00,-1.024,74.192,-2.1
2023-01-10 08:00:00,-1.105,73.087,-3.205
2023-01-10 13:35:00,-1.061,72.026,-4.266
2023-01-10 20:50:00,2.425,74.451,-1.841
2023-01-11 12:45:00,2.332,76.783,0.0
2023-01-11 17:00:00,2.421,79.204,0.0
2023-01-11 17:20:00,-1.143,78.061,-1.143
2023-01-11 23:30:00,2.431,80.492,0.0
2023-01-12 07:35:00,-0.459,80.033,-0.459
2023-01-12 12:35:00,-1.147,78.886,-1.606
2023-01-12 21:40:00,0.626,79.512,-0.98
2023-01-13 01:30:00,-1.061,78.451,-2.041
2023-01-13 04:15:00,2.419,80.87,0.0
2023-01-13 12:20:00,-0.853,80.017,-0.853
2023-01-13 16:15:00,-1.079,78.938,-1.932
2023-01-13 21:25:00,2.442,81.38,0.0
2023-01-14 00:35:00,2.474,83.854,0.0
2023-01-14 08:40:00,1.103,84.957,0.0
2023-01-14 14:40:00,-1.028,83.929,-1.028
2023-01-15 00:20:00,2.471,86.4,0.0
2023-01-15 00:30:00,-1.036,85.364,-1.036
2023-01-15 18:00:00,0.423,85.787,-0.613
2023-01-16 09:10:00,-0.107,85.68,-0.72
2023-01-16 13:45:00,-1.051,84.629,-1.771
2023-01-17 00:20:00,0.46,85.089,-1.311
2023-01-17 12:25:00,1.473,86.562,0.0
2023-01-17 14:30:00,-1.046,85.516,-1.046
2023-01-17 20:50:00,-1.09,84.426,-2.136
2023-01-17 23:35:00,2.305,86.731,0.0
2023-01-18 07:40:00,0.306,87.037,0.0
2023-01-18 08:50:00,2.388,89.425,0.0
2023-01-18 13:45:00,-1.043,88.382,-1.043
2023-01-18 15:50:00,-1.039,87.343,-2.082
2023-01-18 23:55:00,0.056,87.399,-2.026
2023-01-19 13:10:00,2.423,89.822,0.0
2023-01-19 14:40:00,-1.045,88.777,-1.045
2023-01-20 05:15:00,0.625,89.402,-0.42
2023-01-20 12:45:00,-1.056,88.346,-1.476
2023-01-20 16:50:00,2.402,90.748,0.0
2023-01-20 20:35:00,2.469,93.217,0.0
2023-01-21 04:40:00,0.565,93.782,0.0
2023-01-21 10:10:00,2.449,96.231,0.0
2023-01-21 10:25:00,-1.02,95.211,-1.02
2023-01-22 09:20:00,1.155,96.366,0.0
2023-01-22 20:00:00,-1.057,95.309,-1.057
2023-01-22 20:05:00,2.43,97.739,0.0
2023-01-23 04:10:00,-0.514,97.225,-0.514
2023-01-23 10:10:00,-1.08,96.145,-1.594
2023-01-23 12:10:00,-1.136,95.009,-2.73
2023-01-23 14:50:00,-1.08,93.929,-3.81
2023-01-23 18:35:00,-1.033,92.896,-4.843
2023-01-24 02:00:00,-1.043,91.853,-5.886
2023-01-24 10:05:00,-0.605,91.248,-6.491
2023-01-24 19:50:00,-0.441,90.807,-6.932
2023-01-24 22:25:00,2.431,93.238,-4.501
2023-01-25 06:30:00,-0.325,92.913,-4.826
2023-01-25 12:00:00,-1.097,91.816,-5.923
2023-01-25 15:00:00,-1.037,90.779,-6.96
2023-01-25 20:00:00,-1.026,89.753,-7.986
2023-01-26 04:10:00,0.833,90.586,-7.153
2023-01-26 13:30:00,-1.126,89.46,-8.279
2023-01-26 16:05:00,-1.029,88.431,-9.308
2023-01-27 00:15:00,-1.074,87.357,-10.382
2023-01-27 08:20:00,0.423,87.78,-9.959
2023-01-27 15:00:00,-1.124,86.656,-11.083
2023-01-28 01:05:00,1.187,87.843,-9.896
2023-01-28 07:25:00,-1.047,86.796,-10.943
2023-01-28 10:55:00,-1.155,85.641,-12.098
2023-01-28 13:20:00,2.337,87.978,-9.761
2023-01-28 21:25:00,-0.088,87.89,-9.849
2023-01-28 23:55:00,-1.129,86.761,-10.978
2023-01-29 08:35:00,0.088,86.849,-10.89
2023-01-29 13:10:00,2.359,89.208,-8.531
2023-01-29 17:10:00,2.438,91.646,-6.093
2023-01-30 01:15:00,0.184,91.83,-5.909
2023-01-30 08:30:00,-1.096,90.734,-7.005
2023-01-30 17:05:00,0.331,91.065,-6.674
2023-01-31 03:10:00,-0.645,90.42,-7.319
2023-01-31 11:25:00,1.36,91.78,-5.959
2023-01-31 16:30:00,-1.152,90.628,-7.111
2023-01-31 22:50:00,-1.084,89.544,-8.195
2023-02-01 08:30:00,0.891,90.435,-7.304
2023-02-01 13:15:00,-1.206,89.229,-8.51
2023-02-01 15:45:00,2.377,91.606,-6.133
2023-02-01 19:35:00,-1.035,90.571,-7.168
2023-02-02 00:50:00,2.468,93.039,-4.7
2023-02-02 06:10:00,-1.044,91.995,-5.744
2023-02-02 14:55:00,-1.111,90.884,-6.855
2023-02-02 18:15:00,2.418,93.302,-4.437
2023-02-02 19:20:00,-1.036,92.266,-5.473
2023-02-03 05:10:00,0.869,93.135,-4.604
2023-02-03 12:00:00,-1.179,91.956,-5.783
2023-02-03 13:25:00,-1.137,90.819,-6.92
2023-02-03 14:25:00,2.35,93.169,-4.57
2023-02-03 22:45:00,-0.244,92.925,-4.814
2023-02-04 01:55:00,-1.104,91.821,-5.918
2023-02-04 10:00:00,-0.125,91.696,-6.043
2023-02-04 13:05:00,2.21,93.906,-3.833
2023-02-04 16:20:00,-1.113,92.793,-4.946
2023-02-04 23:35:00,-1.106,91.687,-6.052
2023-02-05 07:40:00,0.071,91.758,-5.981
2023-02-05 12:40:00,2.315,94.073,-3.666
2023-02-05 12:55:00,2.366,96.439,-1.3
2023-02-05 21:00:00,0.61,97.049,-0.69
2023-02-05 22:10:00,-1.078,95.971,-1.768
2023-02-06 05:25:00,2.364,98.335,0.0
2023-02-06 13:30:00,-0.468,97.867,-0.468
2023-02-06 15:55:00,-1.089,96.778,-1.557
2023-02-06 23:10:00,2.385,99.163,0.0
2023-02-07 03:40:00,-1.049,98.114,-1.049
2023-02-07 09:45:00,-1.124,96.99,-2.173
2023-02-07 15:25:00,2.325,99.315,0.0
2023-02-07 17:45:00,-1.079,98.236,-1.079
2023-02-07 18:25:00,-1.042,97.194,-2.121
2023-02-07 23:10:00,-1.023,96.171,-3.144
2023-02-08 07:15:00,-0.439,95.732,-3.583
2023-02-08 08:30:00,-1.163,94.569,-4.746
2023-02-08 13:05:00,-1.186,93.383,-5.932
2023-02-08 15:10:00,-1.068,92.315,-7.0
2023-02-08 23:15:00,0.48,92.795,-6.52
2023-02-08 23:40:00,-1.126,91.669,-7.646
2023-02-09 03:00:00,2.389,94.058,-5.257
2023-02-09 11:05:00,-0.47,93.588,-5.727
2023-02-09 19:25:00,2.426,96.014,-3.301
2023-02-09 22:50:00,2.463,98.477,-0.838
2023-02-10 06:55:00,-0.673,97.804,-1.511
2023-02-10 12:30:00,2.342,100.146,0.0
2023-02-10 14:15:00,-1.082,99.064,-1.082
2023-02-11 05:25:00,0.364,99.428,-0.718
2023-02-11 12:15:00,-1.286,98.142,-2.004
2023-02-11 21:45:00,-1.151,96.991,-3.155
2023-02-12 06:35:00,-1.198,95.793,-4.353
2023-02-12 14:40:00,0.867,96.66,-3.486
2023-02-12 16:20:00,2.411,99.071,-1.075
2023-02-12 18:10:00,2.436,101.507,0.0
2023-02-12 21:35:00,-1.033,100.474,-1.033
2023-02-13 01:15:00,-1.059,99.415,-2.092
2023-02-13 09:25:00,1.865,101.28,-0.227
2023-02-13 23:15:00,-1.067,100.213,-1.294
2023-02-14 06:10:00,-1.078,99.135,-2.372
2023-02-14 15:10:00,2.444,101.579,0.0
2023-02-14 23:15:00,-0.332,101.247,-0.332
2023-02-15 11:20:00,0.732,101.979,0.0
2023-02-15 12:35:00,2.396,104.375,0.0
2023-02-15 20:40:00,1.158,105.533,0.0
2023-02-16 05:20:00,0.175,105.708,0.0
2023-02-16 07:05:00,-1.142,104.566,-1.142
2023-02-16 13:30:00,-1.106,103.46,-2.248
2023-02-16 13:45:00,-1.09,102.37,-3.338
2023-02-16 20:25:00,-1.039,101.331,-4.377
2023-02-17 06:15:00,0.481,101.812,-3.896
2023-02-17 14:15:00,-1.182,100.63,-5.078
2023-02-17 17:05:00,-1.053,99.577,-6.131
2023-02-18 01:15:00,0.409,99.986,-5.722
2023-02-18 07:05:00,-1.109,98.877,-6.831
2023-02-18 13:00:00,-1.159,97.718,-7.99
2023-02-18 21:05:00,0.368,98.086,-7.622
2023-02-19 01:25:00,-1.147,96.939,-8.769
2023-02-19 05:55:00,2.36,99.299,-6.409
2023-02-19 14:00:00,0.604,99.903,-5.805
2023-02-19 17:05:00,-1.065,98.838,-6.87
2023-02-19 20:15:00,-1.043,97.795,-7.913
2023-02-20 05:20:00,1.973,99.768,-5.94
2023-02-20 13:25:00,0.053,99.821,-5.887
2023-02-21 03:05:00,-0.056,99.765,-5.943
2023-02-21 18:00:00,-1.061,98.704,-7.004
2023-02-21 21:20:00,-1.039,97.665,-8.043
2023-02-22 05:25:00,0.964,98.629,-7.079
2023-02-22 13:30:00,1.213,99.842,-5.866
2023-02-22 16:00:00,-1.103,98.739,-6.969
2023-02-23 02:00:00,-1.133,97.606,-8.102
2023-02-23 10:05:00,-0.14,97.466,-8.242
2023-02-23 18:10:00,1.741,99.207,-6.501
2023-02-24 05:10:00,0.4,99.607,-6.101
2023-02-24 06:35:00,-1.148,98.459,-7.249
2023-02-24 08:30:00,-1.17,97.289,-8.419
2023-02-24 15:40:00,2.401,99.69,-6.018
2023-02-24 23:45:00,-0.063,99.627,-6.081
2023-02-25 10:30:00,1.195,100.822,-4.886
2023-02-25 12:45:00,2.363,103.185,-2.523
2023-02-25 20:50:00,0.935,104.12,-1.588
2023-02-26 07:40:00,-1.118,103.002,-2.706
2023-02-26 12:45:00,-1.103,101.899,-3.809
2023-02-26 14:45:00,-1.087,100.812,-4.896
2023-02-26 18:40:00,-1.22,99.592,-6.116
2023-02-27 02:45:00,-0.386,99.206,-6.502
2023-02-27 13:15:00,-1.112,98.094,-7.614
2023-02-27 16:30:00,-1.055,97.039,-8.669
2023-02-28 00:35:00,0.086,97.125,-8.583
2023-02-28 09:45:00,1.111,98.236,-7.472
2023-02-28 14:40:00,-1.097,97.139,-8.569
2023-03-01 03:30:00,-0.334,96.805,-8.903
2023-03-01 12:50:00,0.39,97.195,-8.513
2023-03-02 00:15:00,-1.108,96.087,-9.621
2023-03-02 09:05:00,0.805,96.892,-8.816
2023-03-02 19:00:00,-1.096,95.796,-9.912
2023-03-03 00:35:00,2.243,98.039,-7.669
2023-03-03 01:20:00,2.381,100.42,-5.288
2023-03-03 09:25:00,0.133,100.553,-5.155
2023-03-03 13:25:00,-1.174,99.379,-6.329
2023-03-03 13:55:00,-1.226,98.153,-7.555
2023-03-04 01:05:00,-1.084,97.069,-8.639
2023-03-04 10:00:00,0.614,97.683,-8.025
2023-03-04 15:50:00,2.249,99.932,-5.776
2023-03-04 20:40:00,2.372,102.304,-3.404
2023-03-04 22:20:00,-1.082,101.222,-4.486
2023-03-05 08:05:00,0.761,101.983,-3.725
2023-03-05 20:55:00,-1.108,100.875,-4.833
2023-03-06 05:45:00,1.056,101.931,-3.777
2023-03-06 13:45:00,-1.11,100.821,-4.887
2023-03-06 19:35:00,-1.173,99.648,-6.06
2023-03-07 03:40:00,0.124,99.772,-5.936
2023-03-07 10:50:00,2.297,102.069,-3.639
2023-03-07 15:35:00,-1.075,100.994,-4.714
2023-03-08 02:55:00,0.166,101.16,-4.548
2023-03-08 05:35:00,2.345,103.505,-2.203
2023-03-08 13:40:00,1.561,105.066,-0.642
2023-03-08 15:10:00,-1.046,104.02,-1.688
2023-03-09 01:15:00,0.928,104.948,-0.76
2023-03-09 15:45:00,0.055,105.003,-0.705
2023-03-09 20:45:00,2.448,107.451,0.0
2023-03-10 04:50:00,0.306,107.757,0.0
2023-03-10 10:25:00,2.434,110.191,0.0
2023-03-10 11:50:00,-1.029,109.162,-1.029
2023-03-11 06:15:00,0.406,109.568,-0.623
2023-03-11 15:15:00,1.073,110.641,0.0
2023-03-11 16:45:00,-1.067,109.574,-1.067
2023-03-12 03:50:00,0.126,109.7,-0.941
2023-03-12 07:45:00,-1.075,108.625,-2.016
2023-03-12 15:00:00,-1.08,107.545,-3.096
2023-03-12 16:50:00,-1.157,106.388,-4.253
2023-03-12 17:30:00,2.404,108.792,-1.849
2023-03-12 22:15:00,2.469,111.261,0.0
2023-03-13 06:20:00,-0.331,110.93,-0.331
2023-03-13 14:40:00,2.45,113.38,0.0
2023-03-13 22:45:00,0.042,113.422,0.0
2023-03-14 12:30:00,2.38,115.802,0.0
2023-03-14 20:35:00,-0.175,115.627,-0.175
2023-03-15 06:20:00,0.35,115.977,0.0
2023-03-15 20:50:00,1.403,117.38,0.0
2023-03-16 06:40:00,-0.297,117.083,-0.297
2023-03-16 09:40:00,-1.151,115.932,-1.448
2023-03-16 19:20:00,-1.083,114.849,-2.531
2023-03-17 01:35:00,-1.076,113.773,-3.607
2023-03-17 09:40:00,0.366,114.139,-3.241
2023-03-17 10:35:00,2.38,116.519,-0.861
2023-03-17 14:35:00,-1.044,115.475,-1.905
2023-03-17 18:20:00,-1.091,114.384,-2.996
2023-03-17 22:40:00,2.434,116.818,-0.562
2023-03-18 06:45:00,1.168,117.986,0.0
2023-03-18 15:25:00,-1.067,116.919,-1.067
2023-03-18 23:25:00,-1.031,115.888,-2.098
2023-03-19 04:00:00,-1.031,114.857,-3.129
2023-03-19 06:40:00,-1.08,113.777,-4.209
2023-03-19 11:00:00,-1.105,112.672,-5.314
2023-03-19 20:10:00,0.453,113.125,-4.861
2023-03-20 04:00:00,-1.034,112.091,-5.895
2023-03-20 15:35:00,0.258,112.349,-5.637
2023-03-21 03:25:00,-0.204,112.145,-5.841
2023-03-21 10:20:00,-1.048,111.097,-6.889
2023-03-21 14:00:00,2.422,113.519,-4.467
2023-03-21 14:25:00,-1.079,112.44,-5.546
2023-03-21 17:30:00,-1.118,111.322,-6.664
2023-03-22 02:15:00,0.168,111.49,-6.496
2023-03-22 07:30:00,-1.117,110.373,-7.613
2023-03-22 10:40:00,-1.103,109.27,-8.716
2023-03-22 18:35:00,-1.064,108.206,-9.78
2023-03-23 02:40:00,0.869,109.075,-8.911
2023-03-23 14:55:00,-1.116,107.959,-10.027
2023-03-23 23:00:00,0.07,108.029,-9.957
2023-03-24 10:05:00,2.373,110.402,-7.584
2023-03-24 17:10:00,2.405,112.807,-5.179
2023-03-25 01:15:00,0.185,112.992,-4.994
2023-03-25 13:35:00,-1.144,111.848,-6.138
2023-03-25 15:45:00,-1.078,110.77,-7.216
2023-03-26 01:30:00,-0.621,110.149,-7.837
2023-03-26 05:45:00,-1.228,108.921,-9.065
2023-03-26 16:40:00,-0.76,108.161,-9.825
2023-03-26 18:00:00,-1.117,107.044,-10.942
2023-03-27 01:50:00,-1.089,105.955,-12.031
2023-03-27 09:55:00,0.352,106.307,-11.679
2023-03-27 14:55:00,2.392,108.699,-9.287
2023-03-27 23:00:00,0.061,108.76,-9.226
2023-03-28 01:35:00,-1.09,107.67,-10.316
2023-03-28 11:45:00,-1.156,106.514,-11.472
2023-03-28 14:05:00,-1.092,105.422,-12.564
2023-03-28 22:10:00,0.541,105.963,-12.023
2023-03-29 06:25:00,2.41,108.373,-9.613
2023-03-29 14:30:00,0.042,108.415,-9.571
2023-03-29 22:00:00,-1.168,107.247,-10.739
2023-03-30 03:10:00,-1.062,106.185,-11.801
2023-03-30 06:20:00,-1.095,105.09,-12.896
2023-03-30 16:40:00,1.647,106.737,-11.249
2023-03-30 19:20:00,-1.085,105.652,-12.334
2023-03-31 00:50:00,-1.189,104.463,-13.523
2023-03-31 04:50:00,-1.179,103.284,-14.702
2023-03-31 13:30:00,-1.105,102.179,-15.807
2023-03-31 21:35:00,0.43,102.609,-15.377
2023-03-31 22:40:00,2.365,104.974,-13.012
2023-04-01 02:40:00,-1.048,103.926,-14.06
2023-04-01 20:05:00,-1.12,102.806,-15.18
2023-04-02 04:35:00,-0.76,102.046,-15.94
2023-04-02 07:25:00,2.278,104.324,-13.662
2023-04-02 11:00:00,-1.098,103.226,-14.76
2023-04-02 15:00:00,2.302,105.528,-12.458
2023-04-02 23:05:00,0.045,105.573,-12.413
2023-04-03 08:15:00,-1.13,104.443,-13.543
2023-04-03 13:40:00,-1.152,103.291,-14.695
2023-04-03 18:35:00,-1.062,102.229,-15.757
2023-04-03 21:00:00,-1.057,101.172,-16.814
2023-04-04 05:05:00,-0.145,101.027,-16.959
2023-04-04 11:05:00,2.35,103.377,-14.609
2023-04-04 19:10:00,0.008,103.385,-14.601
2023-04-04 23:20:00,-1.153,102.232,-15.754
2023-04-05 08:35:00,0.156,102.388,-15.598
2023-04-05 12:20:00,-1.129,101.259,-16.727
2023-04-05 22:10:00,-0.039,101.22,-16.766
2023-04-06 00:05:00,-1.101,100.119,-17.867
2023-04-06 08:10:00,0.627,100.746,-17.24
2023-04-06 12:30:00,-1.116,99.63,-18.356
2023-04-06 15:05:00,-1.1,98.53,-19.456
2023-04-07 01:50:00,0.46,98.99,-18.996
2023-04-07 10:35:00,-0.012,98.978,-19.008
2023-04-07 12:30:00,-1.226,97.752,-20.234
2023-04-07 18:25:00,-1.253,96.499,-21.487
2023-04-08 02:55:00,0.504,97.003,-20.983
2023-04-08 05:50:00,2.178,99.181,-18.805
2023-04-08 13:30:00,-1.091,98.09,-19.896
2023-04-08 17:50:00,2.277,100.367,-17.619
2023-04-09 01:55:00,0.358,100.725,-17.261
2023-04-09 05:15:00,-1.188,99.537,-18.449
2023-04-09 12:20:00,-1.144,98.393,-19.593
2023-04-09 19:15:00,-1.115,97.278,-20.708
2023-04-10 03:20:00,-0.456,96.822,-21.164
2023-04-10 08:10:00,-1.973,94.849,-23.137
2023-04-10 12:30:00,-1.253,93.596,-24.39
2023-04-10 16:45:00,-1.183,92.413,-25.573
2023-04-10 22:00:00,2.374,94.787,-23.199
2023-04-11 04:25:00,2.419,97.206,-20.78
2023-04-11 05:00:00,2.44,99.646,-18.34
2023-04-11 13:05:00,-0.127,99.519,-18.467
2023-04-11 14:10:00,2.415,101.934,-16.052
2023-04-11 22:15:00,0.153,102.087,-15.899
2023-04-12 02:10:00,-1.06,101.027,-16.959
2023-04-12 07:10:00,2.389,103.416,-14.57
2023-04-12 15:15:00,0.221,103.637,-14.349
2023-04-13 01:45:00,-0.458,103.179,-14.807
2023-04-13 08:15:00,-1.102,102.077,-15.909
2023-04-13 12:45:00,2.419,104.496,-13.49
2023-04-13 20:50:00,-0.352,104.144,-13.842
2023-04-14 08:40:00,0.188,104.332,-13.654
2023-04-14 12:45:00,-1.102,103.23,-14.756
2023-04-14 23:05:00,-1.032,102.198,-15.788
2023-04-15 00:05:00,-1.077,101.121,-16.865
2023-04-15 09:05:00,0.291,101.412,-16.574
2023-04-15 13:50:00,-1.123,100.289,-17.697
2023-04-15 21:55:00,0.741,101.03,-16.956
2023-04-16 00:10:00,-1.254,99.776,-18.21
2023-04-16 02:05:00,-1.076,98.7,-19.286
2023-04-16 10:10:00,-0.57,98.13,-19.856
2023-04-16 20:35:00,2.381,100.511,-17.475
2023-04-17 04:40:00,0.579,101.09,-16.896
2023-04-17 11:20:00,-1.088,100.002,-17.984
2023-04-17 15:35:00,-1.052,98.95,-19.036
2023-04-17 23:40:00,0.012,98.962,-19.024
2023-04-18 05:35:00,-1.1,97.862,-20.124
2023-04-18 13:40:00,1.352,99.214,-18.772
2023-04-19 00:35:00,0.349,99.563,-18.423
2023-04-19 08:05:00,2.362,101.925,-16.061
2023-04-19 08:10:00,2.413,104.338,-13.648
2023-04-19 16:15:00,0.129,104.467,-13.519
2023-04-20 01:20:00,-0.015,104.452,-13.534
2023-04-20 10:35:00,0.636,105.088,-12.898
2023-04-20 12:30:00,-1.093,103.995,-13.991
2023-04-20 22:30:00,1.003,104.998,-12.988
2023-04-21 08:00:00,-1.111,103.887,-14.099
2023-04-21 19:05:00,2.411,106.298,-11.688
2023-04-22 03:10:00,-0.128,106.17,-11.816
2023-04-22 12:55:00,-1.14,105.03,-12.956
2023-04-22 14:45:00,-1.138,103.892,-14.094
2023-04-22 22:05:00,-1.116,102.776,-15.21
2023-04-23 04:55:00,-1.188,101.588,-16.398
2023-04-23 13:00:00,0.818,102.406,-15.58
2023-04-23 16:10:00,2.383,104.789,-13.197
2023-04-24 00:15:00,-0.127,104.662,-13.324
2023-04-24 07:20:00,-1.049,103.613,-14.373
2023-04-24 11:05:00,-1.062,102.551,-15.435
2023-04-24 15:15:00,-1.116,101.435,-16.551
2023-04-24 23:20:00,0.178,101.613,-16.373
2023-04-25 03:50:00,2.33,103.943,-14.043
2023-04-25 04:45:00,-1.072,102.871,-15.115
2023-04-25 13:20:00,-1.11,101.761,-16.225
2023-04-26 04:10:00,1.543,103.304,-14.682
2023-04-26 07:40:00,-1.201,102.103,-15.883
2023-04-26 10:50:00,2.398,104.501,-13.485
2023-04-26 18:55:00,0.536,105.037,-12.949
2023-04-26 19:35:00,2.44,107.477,-10.509
2023-04-27 03:40:00,-0.184,107.293,-10.693
2023-04-27 06:50:00,-1.096,106.197,-11.789
2023-04-27 14:55:00,-0.804,105.393,-12.593
2023-04-27 18:45:00,2.406,107.799,-10.187
2023-04-27 19:10:00,-1.13,106.669,-11.317
2023-04-28 03:25:00,-1.072,105.597,-12.389
2023-04-28 12:35:00,1.031,106.628,-11.358
2023-04-29 00:05:00,1.657,108.285,-9.701
2023-04-29 12:50:00,2.328,110.613,-7.373
2023-04-29 16:40:00,-1.073,109.54,-8.446
2023-04-29 20:50:00,-1.198,108.342,-9.644
2023-04-30 07:25:00,0.566,108.908,-9.078
2023-04-30 12:35:00,-1.168,107.74,-10.246
2023-04-30 19:05:00,-1.116,106.624,-11.362
2023-04-30 23:55:00,2.391,109.015,-8.971
2023-05-01 08:00:00,0.98,109.995,-7.991
2023-05-01 12:35:00,-1.188,108.807,-9.179
2023-05-01 16:10:00,2.375,111.182,-6.804
2023-05-01 23:00:00,-1.063,110.119,-7.867
2023-05-02 09:10:00,-0.185,109.934,-8.052
2023-05-02 11:40:00,-1.151,108.783,-9.203
2023-05-02 14:25:00,-1.113,107.67,-10.316
2023-05-02 20:45:00,-1.163,106.507,-11.479
2023-05-03 02:05:00,2.332,108.839,-9.147
2023-05-03 10:10:00,0.253,109.092,-8.894
2023-05-03 11:45:00,2.156,111.248,-6.738
2023-05-03 18:00:00,-1.094,110.154,-7.832
2023-05-04 05:30:00,1.192,111.346,-6.64
2023-05-04 10:35:00,2.277,113.623,-4.363
2023-05-04 12:40:00,-1.117,112.506,-5.48
2023-05-04 21:20:00,1.436,113.942,-4.044
2023-05-05 00:35:00,-1.217,112.725,-5.261
2023-05-05 05:20:00,-1.107,111.618,-6.368
2023-05-05 11:50:00,-1.08,110.538,-7.448
2023-05-05 12:30:00,-1.215,109.323,-8.663
2023-05-05 13:45:00,-1.067,108.256,-9.73
2023-05-05 21:50:00,1.52,109.776,-8.21
2023-05-06 01:20:00,-1.127,108.649,-9.337
2023-05-06 08:00:00,-1.168,107.481,-10.505
2023-05-06 12:35:00,-1.197,106.284,-11.702
2023-05-06 13:40:00,2.395,108.679,-9.307
2023-05-06 21:45:00,0.08,108.759,-9.227
2023-05-07 04:40:00,-1.125,107.634,-10.352
2023-05-07 10:55:00,-1.208,106.426,-11.56
2023-05-07 16:10:00,2.37,108.796,-9.19
2023-05-07 16:30:00,-1.095,107.701,-10.285
2023-05-07 21:50:00,-1.078,106.623,-11.363
2023-05-07 23:55:00,2.388,109.011,-8.975
2023-05-08 08:00:00,0.802,109.813,-8.173
2023-05-08 18:00:00,2.418,112.231,-5.755
2023-05-09 02:05:00,-0.468,111.763,-6.223
2023-05-09 07:55:00,-1.094,110.669,-7.317
2023-05-09 21:40:00,0.811,111.48,-6.506
2023-05-10 10:25:00,0.419,111.899,-6.087
2023-05-10 12:20:00,-1.224,110.675,-7.311
2023-05-10 17:15:00,-1.06,109.615,-8.371
2023-05-10 20:15:00,-1.027,108.588,-9.398
2023-05-10 21:20:00,-1.071,107.517,-10.469
2023-05-11 05:25:00,0.575,108.092,-9.894
2023-05-11 07:30:00,-1.17,106.922,-11.064
2023-05-11 12:25:00,-1.095,105.827,-12.159
2023-05-11 17:20:00,2.419,108.246,-9.74
2023-05-11 21:45:00,-1.053,107.193,-10.793
2023-05-12 07:10:00,0.007,107.2,-10.786
2023-05-12 14:10:00,-1.205,105.995,-11.991
2023-05-12 20:05:00,-1.065,104.93,-13.056
2023-05-13 04:10:00,0.642,105.572,-12.414
2023-05-13 12:50:00,-1.259,104.313,-13.673
2023-05-14 00:05:00,-1.079,103.234,-14.752
2023-05-14 03:30:00,-1.078,102.156,-15.83
2023-05-14 11:35:00,0.181,102.337,-15.649
2023-05-14 20:20:00,-1.13,101.207,-16.779
2023-05-15 00:15:00,-1.172,100.035,-17.951
2023-05-15 01:30:00,-1.1,98.935,-19.051
2023-05-15 09:35:00,1.06,99.995,-17.991
2023-05-15 13:55:00,-1.26,98.735,-19.251
2023-05-15 19:25:00,-1.094,97.641,-20.345
2023-05-15 23:45:00,-1.237,96.404,-21.582
2023-05-16 01:25:00,2.292,98.696,-19.29
2023-05-16 09:30:00,-0.666,98.03,-19.956
2023-05-16 14:00:00,2.287,100.317,-17.669
2023-05-16 19:50:00,2.283,102.6,-15.386
2023-05-16 21:50:00,-1.118,101.482,-16.504
2023-05-17 07:45:00,-1.091,100.391,-17.595
2023-05-17 15:50:00,-0.058,100.333,-17.653
2023-05-18 01:55:00,0.503,100.836,-17.15
2023-05-18 14:10:00,0.946,101.782,-16.204
2023-05-18 17:40:00,2.276,104.058,-13.928
2023-05-19 01:45:00,-0.036,104.022,-13.964
2023-05-19 15:20:00,-1.355,102.667,-15.319
2023-05-19 23:35:00,-0.346,102.321,-15.665
2023-05-20 08:35:00,0.347,102.668,-15.318
2023-05-20 11:20:00,-1.448,101.22,-16.766
2023-05-21 00:45:00,-1.158,100.062,-17.924
2023-05-21 02:45:00,-1.189,98.873,-19.113
2023-05-21 08:20:00,-1.357,97.516,-20.47
2023-05-21 12:40:00,2.252,99.768,-18.218
2023-05-21 20:45:00,0.317,100.085,-17.901
2023-05-22 05:00:00,0.445,100.53,-17.456
2023-05-22 13:40:00,-1.174,99.356,-18.63
2023-05-22 22:10:00,-0.071,99.285,-18.701
2023-05-23 01:30:00,-1.191,98.094,-19.892
2023-05-23 07:30:00,-1.168,96.926,-21.06
2023-05-23 11:45:00,-1.173,95.753,-22.233
2023-05-23 13:35:00,-1.219,94.534,-23.452
2023-05-23 14:15:00,-1.265,93.269,-24.717
2023-05-23 22:20:00,1.212,94.481,-23.505
2023-05-24 03:35:00,2.37,96.851,-21.135
2023-05-24 11:40:00,0.316,97.167,-20.819
2023-05-24 13:50:00,2.316,99.483,-18.503
2023-05-24 21:55:00,-0.621,98.862,-19.124
2023-05-25 03:35:00,-1.111,97.751,-20.235
2023-05-25 08:45:00,2.076,99.827,-18.159
2023-05-25 09:30:00,-1.185,98.642,-19.344
2023-05-25 21:50:00,0.511,99.153,-18.833
2023-05-26 01:05:00,-1.211,97.942,-20.044
2023-05-26 07:50:00,-1.183,96.759,-21.227
2023-05-26 12:30:00,-1.245,95.514,-22.472
2023-05-26 13:00:00,-1.254,94.26,-23.726
2023-05-26 17:45:00,-1.178,93.082,-24.904
2023-05-26 18:45:00,-1.17,91.912,-26.074
2023-05-27 02:50:00,-0.088,91.824,-26.162
2023-05-27 10:55:00,0.232,92.056,-25.93
2023-05-27 13:55:00,-1.451,90.605,-27.381
2023-05-27 16:40:00,-1.266,89.339,-28.647
2023-05-27 22:25:00,2.345,91.684,-26.302
2023-05-28 06:30:00,1.148,92.832,-25.154
2023-05-28 18:15:00,2.354,95.186,-22.8
2023-05-29 02:20:00,-0.219,94.967,-23.019
2023-05-30 00:05:00,-0.552,94.415,-23.571
2023-05-30 03:05:00,2.364,96.779,-21.207
2023-05-30 04:35:00,-1.074,95.705,-22.281
2023-05-30 10:10:00,2.271,97.976,-20.01
2023-05-30 15:20:00,-1.139,96.837,-21.149
2023-05-31 00:40:00,0.291,97.128,-20.858
2023-05-31 02:00:00,-1.143,95.985,-22.001
2023-05-31 05:00:00,2.333,98.318,-19.668
2023-05-31 13:05:00,0.362,98.68,-19.306
2023-05-31 13:15:00,-1.274,97.406,-20.58
2023-05-31 18:00:00,-1.083,96.323,-21.663
2023-06-01 02:45:00,-1.182,95.141,-22.845
2023-06-01 10:50:00,-0.644,94.497,-23.489
2023-06-01 14:15:00,-1.2,93.297,-24.689
2023-06-01 16:55:00,-1.125,92.172,-25.814
2023-06-01 19:30:00,-1.088,91.084,-26.902
2023-06-01 23:30:00,2.202,93.286,-24.7
2023-06-02 01:25:00,-1.176,92.11,-25.876
2023-06-02 05:15:00,2.362,94.472,-23.514
2023-06-02 13:20:00,-0.027,94.445,-23.541
2023-06-02 23:55:00,0.24,94.685,-23.301
2023-06-03 15:00:00,-0.318,94.367,-23.619
2023-06-03 18:05:00,-1.218,93.149,-24.837
2023-06-03 21:10:00,2.111,95.26,-22.726
2023-06-03 22:20:00,-1.289,93.971,-24.015
2023-06-04 06:25:00,1.324,95.295,-22.691
2023-06-04 14:50:00,0.879,96.174,-21.812
2023-06-04 23:25:00,-1.065,95.109,-22.877
2023-06-05 11:05:00,-0.178,94.931,-23.055
2023-06-05 15:00:00,2.276,97.207,-20.779
2023-06-05 15:50:00,2.411,99.618,-18.368
2023-06-05 23:55:00,0.605,100.223,-17.763
2023-06-06 04:55:00,-1.143,99.08,-18.906
2023-06-06 07:05:00,-1.222,97.858,-20.128
2023-06-06 12:10:00,2.374,100.232,-17.754
2023-06-06 14:00:00,-1.05,99.182,-18.804
2023-06-06 19:50:00,2.346,101.528,-16.458
2023-06-07 01:35:00,-1.052,100.476,-17.51
2023-06-07 09:40:00,0.643,101.119,-16.867
2023-06-07 14:20:00,2.39,103.509,-14.477
2023-06-07 22:25:00,2.15,105.659,-12.327
2023-06-08 03:25:00,2.348,108.007,-9.979
2023-06-08 11:30:00,-0.731,107.276,-10.71
2023-06-08 20:20:00,-1.16,106.116,-11.87
2023-06-09 02:20:00,2.302,108.418,-9.568
2023-06-09 10:10:00,-1.069,107.349,-10.637
2023-06-09 11:45:00,2.384,109.733,-8.253
2023-06-09 13:10:00,-1.089,108.644,-9.342
2023-06-09 17:05:00,2.422,111.066,-6.92
2023-06-09 19:05:00,2.429,113.495,-4.491
2023-06-10 02:40:00,2.471,115.966,-2.02
2023-06-10 04:20:00,2.478,118.444,0.0
2023-06-10 12:25:00,-0.352,118.092,-0.352
2023-06-10 17:05:00,-1.045,117.047,-1.397
2023-06-11 08:10:00,0.094,117.141,-1.303
2023-06-11 10:40:00,-1.069,116.072,-2.372
2023-06-11 18:15:00,-1.072,115.0,-3.444
2023-06-11 22:35:00,-1.065,113.935,-4.509
2023-06-12 02:25:00,2.431,116.366,-2.078
2023-06-12 09:05:00,-1.041,115.325,-3.119
2023-06-12 17:20:00,2.403,117.728,-0.716
2023-06-12 21:55:00,-1.049,116.679,-1.765
2023-06-13 08:25:00,-1.053,115.626,-2.818
2023-06-13 09:35:00,-1.116,114.51,-3.934
2023-06-13 12:30:00,2.389,116.899,-1.545
2023-06-13 12:50:00,-1.045,115.854,-2.59
2023-06-13 22:05:00,0.9,116.754,-1.69
2023-06-14 05:40:00,-1.086,115.668,-2.776
2023-06-14 11:30:00,-1.075,114.593,-3.851
2023-06-14 17:35:00,-1.065,113.528,-4.916
2023-06-14 18:05:00,-1.084,112.444,-6.0
2023-06-14 20:05:00,2.444,114.888,-3.556
2023-06-15 04:35:00,-0.528,114.36,-4.084
2023-06-15 12:55:00,1.433,115.793,-2.651
2023-06-15 19:00:00,-1.075,114.718,-3.726
2023-06-16 05:05:00,-0.276,114.442,-4.002
2023-06-16 09:00:00,-1.144,113.298,-5.146
2023-06-16 14:45:00,2.399,115.697,-2.747
2023-06-16 14:55:00,-1.108,114.589,-3.855
2023-06-16 23:05:00,1.471,116.06,-2.384
2023-06-17 05:40:00,2.413,118.473,0.0
2023-06-17 13:45:00,-0.103,118.37,-0.103
2023-06-17 20:30:00,-1.123,117.247,-1.226
2023-06-17 23:50:00,-1.304,115.943,-2.53
2023-06-18 06:00:00,-1.156,114.787,-3.686
2023-06-18 08:15:00,-1.178,113.609,-4.864
2023-06-18 18:10:00,-0.08,113.529,-4.944
2023-06-18 20:05:00,-1.216,112.313,-6.16
2023-06-19 04:15:00,0.72,113.033,-5.44
2023-06-19 10:15:00,-1.18,111.853,-6.62
2023-06-19 14:15:00,-1.155,110.698,-7.775
2023-06-19 17:40:00,-1.087,109.611,-8.862
2023-06-20 00:20:00,2.419,112.03,-6.443
2023-06-20 06:05:00,-1.059,110.971,-7.502
2023-06-20 11:05:00,-1.18,109.791,-8.682
2023-06-20 14:15:00,-1.131,108.66,-9.813
2023-06-20 17:45:00,2.41,111.07,-7.403
2023-06-21 01:50:00,1.621,112.691,-5.782
2023-06-21 06:50:00,-1.096,111.595,-6.878
2023-06-21 10:30:00,-1.202,110.393,-8.08
2023-06-21 16:30:00,2.409,112.802,-5.671
2023-06-21 17:10:00,-1.058,111.744,-6.729
2023-06-22 02:25:00,1.314,113.058,-5.415
2023-06-22 04:25:00,-1.084,111.974,-6.499
2023-06-22 11:05:00,-1.163,110.811,-7.662
2023-06-22 19:10:00,-0.094,110.717,-7.756
2023-06-23 05:20:00,0.179,110.896,-7.577
2023-06-23 12:20:00,2.347,113.243,-5.23
2023-06-23 15:05:00,-1.094,112.149,-6.324
2023-06-23 23:10:00,0.999,113.148,-5.325
2023-06-24 00:50:00,2.33,115.478,-2.995
2023-06-24 06:20:00,-1.07,114.408,-4.065
2023-06-24 13:45:00,-1.143,113.265,-5.208
2023-06-24 15:30:00,2.397,115.662,-2.811
2023-06-24 23:35:00,0.172,115.834,-2.639
2023-06-25 11:10:00,1.054,116.888,-1.585
2023-06-25 15:40:00,-1.08,115.808,-2.665
2023-06-25 23:45:00,-0.526,115.282,-3.191
2023-06-26 07:00:00,-1.102,114.18,-4.293
2023-06-26 14:40:00,-1.191,112.989,-5.484
2023-06-26 22:00:00,2.444,115.433,-3.04
2023-06-26 22:40:00,-1.081,114.352,-4.121
2023-06-27 01:40:00,-1.119,113.233,-5.24
2023-06-27 07:05:00,-1.104,112.129,-6.344
2023-06-27 15:10:00,-1.08,111.049,-7.424
2023-06-27 18:35:00,-1.063,109.986,-8.487
2023-06-27 22:55:00,-1.065,108.921,-9.552
2023-06-28 07:00:00,1.67,110.591,-7.882
2023-06-28 12:30:00,-1.057,109.534,-8.939
2023-06-28 19:25:00,2.33,111.864,-6.609
2023-06-29 03:30:00,-0.3,111.564,-6.909
2023-06-29 09:20:00,2.377,113.941,-4.532
2023-06-29 17:25:00,1.18,115.121,-3.352
2023-06-30 00:05:00,2.409,117.53,-0.943
2023-06-30 03:50:00,2.443,119.973,0.0
2023-06-30 11:55:00,-0.047,119.926,-0.047
2023-06-30 13:35:00,-1.074,118.852,-1.121
2023-06-30 17:15:00,2.454,121.306,0.0
2023-07-01 01:20:00,-0.853,120.453,-0.853
2023-07-01 07:40:00,-1.132,119.321,-1.985
2023-07-01 15:45:00,-0.017,119.304,-2.002
2023-07-02 04:45:00,2.419,121.723,0.0
2023-07-02 12:50:00,-0.328,121.395,-0.328
2023-07-02 15:20:00,-1.092,120.303,-1.42
2023-07-02 23:40:00,0.228,120.531,-1.192
2023-07-03 13:25:00,-1.09,119.441,-2.282
2023-07-03 15:30:00,-1.078,118.363,-3.36
2023-07-03 21:25:00,-1.058,117.305,-4.418
2023-07-03 23:40:00,-1.077,116.228,-5.495
2023-07-04 07:45:00,-0.502,115.726,-5.997
2023-07-04 15:00:00,2.312,118.038,-3.685
2023-07-04 17:35:00,-1.055,116.983,-4.74
2023-07-04 23:40:00,-1.086,115.897,-5.826
2023-07-05 07:45:00,-0.3,115.597,-6.126
2023-07-05 10:35:00,2.318,117.915,-3.808
2023-07-05 18:40:00,-0.025,117.89,-3.833
2023-07-05 23:20:00,-1.076,116.814,-4.909
2023-07-06 01:55:00,2.417,119.231,-2.492
2023-07-06 10:00:00,0.926,120.157,-1.566
2023-07-06 11:45:00,-1.08,119.077,-2.646
2023-07-06 17:55:00,-1.035,118.042,-3.681
2023-07-06 23:55:00,-1.045,116.997,-4.726
2023-07-07 01:40:00,-1.028,115.969,-5.754
2023-07-07 07:30:00,-1.053,114.916,-6.807
2023-07-07 10:35:00,-1.045,113.871,-7.852
2023-07-07 15:00:00,2.457,116.328,-5.395
2023-07-07 23:05:00,0.126,116.454,-5.269
2023-07-08 00:15:00,2.361,118.815,-2.908
2023-07-08 08:20:00,0.737,119.552,-2.171
2023-07-09 00:25:00,-0.539,119.013,-2.71
2023-07-09 02:35:00,-1.078,117.935,-3.788
2023-07-09 14:10:00,-1.123,116.812,-4.911
2023-07-09 23:05:00,0.412,117.224,-4.499
2023-07-10 08:15:00,0.782,118.006,-3.717
2023-07-10 14:30:00,-1.052,116.954,-4.769
2023-07-10 17:25:00,-1.1,115.854,-5.869
2023-07-11 02:35:00,1.756,117.61,-4.113
2023-07-11 12:05:00,-0.097,117.513,-4.21
2023-07-11 14:15:00,-1.104,116.409,-5.314
2023-07-11 21:20:00,-1.068,115.341,-6.382
2023-07-12 06:45:00,-0.051,115.29,-6.433
2023-07-12 12:15:00,-1.172,114.118,-7.605
2023-07-12 19:20:00,-1.072,113.046,-8.677
2023-07-13 03:35:00,0.689,113.735,-7.988
2023-07-13 06:05:00,-1.136,112.599,-9.124
2023-07-13 09:00:00,-1.108,111.491,-10.232
2023-07-13 15:25:00,2.412,113.903,-7.82
2023-07-13 15:30:00,2.45,116.353,-5.37
2023-07-13 17:35:00,2.478,118.831,-2.892
2023-07-14 00:45:00,2.485,121.316,-0.407
2023-07-14 08:50:00,-0.291,121.025,-0.698
2023-07-14 16:25:00,-1.053,119.972,-1.751
2023-07-15 05:15:00,1.145,121.117,-0.606
2023-07-15 13:20:00,0.973,122.09,0.0
2023-07-16 01:40:00,-0.283,121.807,-0.283
2023-07-16 10:50:00,0.188,121.995,-0.095
2023-07-16 16:10:00,-1.101,120.894,-1.196
2023-07-17 00:30:00,-1.087,119.807,-2.283
2023-07-17 08:35:00,-0.452,119.355,-2.735
2023-07-17 17:15:00,2.423,121.778,-0.312
2023-07-18 01:20:00,-0.595,121.183,-0.907
2023-07-18 07:30:00,2.414,123.597,0.0
2023-07-18 15:35:00,0.634,124.231,0.0
2023-07-19 00:35:00,-1.063,123.168,-1.063
2023-07-19 09:15:00,-0.209,122.959,-1.272
2023-07-19 17:45:00,0.841,123.8,-0.431
2023-07-20 00:30:00,-1.05,122.75,-1.481
2023-07-20 09:10:00,1.16,123.91,-0.321
2023-07-20 12:10:00,-1.132,122.778,-1.453
2023-07-20 14:05:00,-1.139,121.639,-2.592
2023-07-20 14:45:00,2.412,124.051,-0.18
2023-07-20 22:50:00,0.784,124.835,0.0
2023-07-21 01:25:00,-1.101,123.734,-1.101
2023-07-21 09:15:00,-1.114,122.62,-2.215
2023-07-21 18:00:00,-1.079,121.541,-3.294
2023-07-22 02:05:00,-0.137,121.404,-3.431
2023-07-22 04:45:00,-1.104,120.3,-4.535
2023-07-22 18:05:00,0.178,120.478,-4.357
2023-07-22 23:15:00,2.372,122.85,-1.985
2023-07-23 07:20:00,-0.165,122.685,-2.15
2023-07-23 08:40:00,-1.177,121.508,-3.327
2023-07-23 16:05:00,-1.264,120.244,-4.591
2023-07-23 19:45:00,-1.094,119.15,-5.685
2023-07-24 03:50:00,1.126,120.276,-4.559
2023-07-24 06:00:00,-1.101,119.175,-5.66
2023-07-24 17:55:00,0.12,119.295,-5.54
2023-07-25 02:30:00,-1.132,118.163,-6.672
2023-07-25 12:25:00,0.208,118.371,-6.464
2023-07-25 13:35:00,-1.066,117.305,-7.53
2023-07-26 01:00:00,-1.124,116.181,-8.654
2023-07-26 08:35:00,-1.099,115.082,-9.753
2023-07-26 12:50:00,2.407,117.489,-7.346
2023-07-26 20:55:00,1.214,118.703,-6.132
2023-07-27 02:00:00,-1.053,117.65,-7.185
2023-07-27 11:45:00,0.858,118.508,-6.327
2023-07-27 13:05:00,-1.135,117.373,-7.462
2023-07-27 15:50:00,-1.094,116.279,-8.556
2023-07-28 04:15:00,-0.387,115.892,-8.943
2023-07-28 13:30:00,0.004,115.896,-8.939
2023-07-28 15:20:00,2.357,118.253,-6.582
2023-07-28 17:40:00,-1.056,117.197,-7.638
2023-07-29 01:40:00,-1.304,115.893,-8.942
2023-07-29 10:05:00,-0.476,115.417,-9.418
2023-07-29 14:50:00,-1.126,114.291,-10.544
2023-07-29 17:40:00,2.191,116.482,-8.353
2023-07-30 01:45:00,-0.975,115.507,-9.328
2023-07-30 10:00:00,-1.281,114.226,-10.609
2023-07-30 15:20:00,-1.184,113.042,-11.793
2023-07-30 19:45:00,2.346,115.388,-9.447
2023-07-31 03:50:00,-0.525,114.863,-9.972
2023-07-31 12:15:00,0.755,115.618,-9.217
2023-07-31 12:35:00,-1.239,114.379,-10.456
2023-07-31 21:55:00,1.177,115.556,-9.279
2023-08-01 00:30:00,-1.193,114.363,-10.472
2023-08-01 09:55:00,0.054,114.417,-10.418
2023-08-01 15:30:00,2.368,116.785,-8.05
2023-08-01 18:15:00,-1.125,115.66,-9.175
2023-08-01 21:30:00,-1.188,114.472,-10.363
2023-08-02 01:30:00,2.375,116.847,-7.988
2023-08-02 02:00:00,-1.108,115.739,-9.096
2023-08-02 11:05:00,0.903,116.642,-8.193
2023-08-02 14:05:00,2.309,118.951,-5.884
2023-08-02 16:50:00,2.372,121.323,-3.512
2023-08-03 00:55:00,-0.363,120.96,-3.875
2023-08-03 14:55:00,-0.559,120.401,-4.434
2023-08-04 00:05:00,0.464,120.865,-3.97
2023-08-04 03:05:00,-1.131,119.734,-5.101
2023-08-04 07:50:00,-1.211,118.523,-6.312
2023-08-04 13:10:00,2.291,120.814,-4.021
2023-08-04 18:45:00,-1.066,119.748,-5.087
2023-08-05 02:50:00,0.645,120.393,-4.442
2023-08-05 05:35:00,-1.173,119.22,-5.615
2023-08-05 10:25:00,-1.212,118.008,-6.827
2023-08-05 20:15:00,0.323,118.331,-6.504
2023-08-06 08:20:00,2.35,120.681,-4.154
2023-08-06 13:55:00,-1.054,119.627,-5.208
2023-08-06 23:10:00,0.802,120.429,-4.406
2023-08-07 06:55:00,-1.077,119.352,-5.483
2023-08-07 15:00:00,0.57,119.922,-4.913
2023-08-07 18:05:00,-1.117,118.805,-6.03
2023-08-08 04:50:00,1.282,120.087,-4.748
2023-08-08 13:50:00,-0.704,119.383,-5.452
2023-08-08 16:50:00,2.389,121.772,-3.063
2023-08-08 19:00:00,2.412,124.184,-0.651
2023-08-08 22:45:00,-1.055,123.129,-1.706
2023-08-09 08:05:00,1.042,124.171,-0.664
2023-08-09 14:55:00,-1.161,123.01,-1.825
2023-08-09 19:40:00,-1.118,121.892,-2.943
2023-08-10 03:20:00,-1.269,120.623,-4.212
2023-08-10 13:35:00,2.356,122.979,-1.856
2023-08-10 14:40:00,-1.09,121.889,-2.946
2023-08-11 05:20:00,-0.147,121.742,-3.093
2023-08-11 12:00:00,-1.328,120.414,-4.421
2023-08-11 12:30:00,-1.217,119.197,-5.638
2023-08-11 16:40:00,-1.126,118.071,-6.764
2023-08-11 22:05:00,-1.233,116.838,-7.997
2023-08-12 03:35:00,-1.114,115.724,-9.111
2023-08-12 11:40:00,-0.777,114.947,-9.888
2023-08-12 15:15:00,1.99,116.937,-7.898
2023-08-12 22:10:00,2.322,119.259,-5.576
2023-08-13 01:25:00,-1.078,118.181,-6.654
2023-08-13 11:45:00,-1.341,116.84,-7.995
2023-08-13 21:50:00,1.184,118.024,-6.811
2023-08-14 06:15:00,-0.551,117.473,-7.362
2023-08-14 08:20:00,-1.236,116.237,-8.598
2023-08-14 14:20:00,-1.3,114.937,-9.898
2023-08-14 16:05:00,2.331,117.268,-7.567
2023-08-14 18:05:00,-1.078,116.19,-8.645
2023-08-15 00:00:00,2.331,118.521,-6.314
2023-08-15 01:30:00,-1.188,117.333,-7.502
2023-08-15 07:05:00,-1.115,116.218,-8.617
2023-08-15 14:05:00,-1.126,115.092,-9.743
2023-08-15 18:05:00,-1.078,114.014,-10.821
2023-08-15 19:05:00,2.336,116.35,-8.485
2023-08-16 03:10:00,0.206,116.556,-8.279
2023-08-16 09:25:00,2.376,118.932,-5.903
2023-08-16 17:30:00,-0.257,118.675,-6.16
2023-08-16 20:25:00,2.326,121.001,-3.834
2023-08-17 04:30:00,-0.785,120.216,-4.619
2023-08-17 12:45:00,-1.172,119.044,-5.791
2023-08-17 21:30:00,2.407,121.451,-3.384
2023-08-17 21:40:00,2.452,123.903,-0.932
2023-08-18 05:45:00,-0.651,123.252,-1.583
2023-08-18 16:20:00,2.373,125.625,0.0
2023-08-19 00:25:00,0.089,125.714,0.0
2023-08-19 15:45:00,-1.113,124.601,-1.113
2023-08-19 23:50:00,-0.279,124.322,-1.392
2023-08-20 09:30:00,-0.054,124.268,-1.446
2023-08-20 14:50:00,-1.164,123.104,-2.61
2023-08-20 20:45:00,-1.127,121.977,-3.737
2023-08-20 23:05:00,-1.144,120.833,-4.881
2023-08-21 01:10:00,2.294,123.127,-2.587
2023-08-21 09:15:00,0.235,123.362,-2.352
2023-08-21 13:55:00,-1.103,122.259,-3.455
2023-08-21 15:25:00,2.404,124.663,-1.051
2023-08-21 19:45:00,-1.031,123.632,-2.082
2023-08-22 15:50:00,2.363,125.995,0.0
2023-08-22 17:35:00,2.374,128.369,0.0
2023-08-23 01:40:00,-0.876,127.493,-0.876
2023-08-23 06:40:00,-1.176,126.317,-2.052
2023-08-23 15:55:00,-1.113,125.204,-3.165
2023-08-23 16:20:00,2.371,127.575,-0.794
2023-08-24 00:25:00,0.626,128.201,-0.168
2023-08-24 01:30:00,-1.143,127.058,-1.311
2023-08-24 11:30:00,0.537,127.595,-0.774
2023-08-24 12:05:00,-1.11,126.485,-1.884
2023-08-24 14:40:00,2.314,128.799,0.0
2023-08-24 22:45:00,0.469,129.268,0.0
2023-08-24 23:40:00,-1.235,128.033,-1.235
2023-08-25 08:55:00,0.505,128.538,-0.73
2023-08-25 14:15:00,-1.096,127.442,-1.826
2023-08-25 22:45:00,0.132,127.574,-1.694
2023-08-26 07:05:00,-1.143,126.431,-2.837
2023-08-26 14:50:00,-1.206,125.225,-4.043
2023-08-27 00:30:00,-1.05,124.175,-5.093
2023-08-27 08:35:00,1.903,126.078,-3.19
2023-08-27 14:30:00,2.342,128.42,-0.848
2023-08-27 17:30:00,-1.09,127.33,-1.938
2023-08-28 00:50:00,-1.154,126.176,-3.092
2023-08-28 09:15:00,2.342,128.518,-0.75
2023-08-28 11:50:00,-1.106,127.412,-1.856
2023-08-28 20:10:00,-0.356,127.056,-2.212
2023-08-28 22:20:00,-1.397,125.659,-3.609
2023-08-29 06:10:00,-1.184,124.475,-4.793
2023-08-29 14:05:00,-1.174,123.301,-5.967
2023-08-29 14:20:00,2.406,125.707,-3.561
2023-08-29 22:25:00,1.272,126.979,-2.289
2023-08-30 01:00:00,-1.099,125.88,-3.388
2023-08-30 11:15:00,-1.129,124.751,-4.517
2023-08-30 22:25:00,1.501,126.252,-3.016
2023-08-31 08:05:00,-0.156,126.096,-3.172
2023-08-31 14:05:00,2.318,128.414,-0.854
2023-08-31 16:50:00,2.415,130.829,0.0
2023-09-01 00:55:00,-0.059,130.77,-0.059
2023-09-01 12:15:00,-1.281,129.489,-1.34
2023-09-01 14:45:00,2.348,131.837,0.0
2023-09-01 22:50:00,0.275,132.112,0.0
2023-09-02 08:00:00,-1.224,130.888,-1.224
2023-09-02 15:25:00,-1.19,129.698,-2.414
2023-09-02 17:50:00,2.333,132.031,-0.081
2023-09-02 21:05:00,-1.081,130.95,-1.162
2023-09-03 12:50:00,0.479,131.429,-0.683
2023-09-03 18:20:00,-1.103,130.326,-1.786
2023-09-04 03:05:00,2.351,132.677,0.0
2023-09-04 05:55:00,-1.089,131.588,-1.089
2023-09-04 11:25:00,-1.109,130.479,-2.198
2023-09-04 19:30:00,0.953,131.432,-1.245
2023-09-04 23:35:00,-1.099,130.333,-2.344
2023-09-05 08:50:00,-0.295,130.038,-2.639
2023-09-05 14:10:00,2.404,132.442,-0.235
2023-09-05 22:15:00,0.198,132.64,-0.037
2023-09-06 13:10:00,1.193,133.833,0.0
2023-09-06 17:55:00,-1.058,132.775,-1.058
2023-09-07 01:00:00,-1.229,131.546,-2.287
2023-09-07 06:20:00,-1.138,130.408,-3.425
2023-09-07 15:25:00,0.286,130.694,-3.139
2023-09-08 00:40:00,2.368,133.062,-0.771
2023-09-08 06:00:00,-1.073,131.989,-1.844
2023-09-08 10:05:00,2.324,134.313,0.0
2023-09-08 18:10:00,0.061,134.374,0.0
2023-09-08 19:20:00,-1.308,133.066,-1.308
2023-09-08 22:40:00,-1.193,131.873,-2.501
2023-09-09 08:25:00,0.703,132.576,-1.798
2023-09-09 09:20:00,-1.309,131.267,-3.107
2023-09-09 15:05:00,-1.426,129.841,-4.533
2023-09-10 02:05:00,0.93,130.771,-3.603
2023-09-10 04:05:00,2.261,133.032,-1.342
2023-09-10 12:10:00,0.74,133.772,-0.602
2023-09-10 20:15:00,-1.04,132.732,-1.642
2023-09-11 07:00:00,-0.042,132.69,-1.684
2023-09-11 09:20:00,2.372,135.062,0.0
2023-09-11 17:25:00,0.156,135.218,0.0
2023-09-11 23:55:00,-1.068,134.15,-1.068
2023-09-12 03:20:00,2.415,136.565,0.0
2023-09-12 11:25:00,0.07,136.635,0.0
2023-09-12 16:30:00,-1.084,135.551,-1.084
2023-09-13 01:00:00,-0.503,135.048,-1.587
2023-09-13 07:35:00,-1.111,133.937,-2.698
2023-09-13 10:25:00,-1.118,132.819,-3.816
2023-09-13 12:30:00,-1.132,131.687,-4.948
2023-09-13 17:25:00,-1.088,130.599,-6.036
2023-09-14 00:10:00,-1.039,129.56,-7.075
2023-09-14 08:15:00,0.145,129.705,-6.93
2023-09-14 19:35:00,0.191,129.896,-6.739
2023-09-15 10:05:00,0.028,129.924,-6.711
2023-09-15 18:00:00,2.319,132.243,-4.392
2023-09-15 22:30:00,-1.107,131.136,-5.499
2023-09-15 23:00:00,2.402,133.538,-3.097
2023-09-16 07:05:00,-0.515,133.023,-3.612
2023-09-16 13:10:00,-1.183,131.84,-4.795
2023-09-16 21:20:00,-0.622,131.218,-5.417
2023-09-17 00:10:00,-1.413,129.805,-6.83
2023-09-17 08:15:00,0.299,130.104,-6.531
2023-09-17 16:05:00,-1.205,128.899,-7.736
2023-09-17 20:40:00,2.315,131.214,-5.421
2023-09-18 02:20:00,-1.108,130.106,-6.529
2023-09-18 10:25:00,1.325,131.431,-5.204
2023-09-18 18:35:00,-0.242,131.189,-5.446
2023-09-19 03:45:00,0.336,131.525,-5.11
2023-09-19 05:20:00,-1.152,130.373,-6.262
2023-09-19 17:00:00,-0.457,129.916,-6.719
2023-09-20 05:10:00,-0.92,128.996,-7.639
2023-09-20 13:50:00,2.35,131.346,-5.289
2023-09-20 19:15:00,-1.066,130.28,-6.355
2023-09-21 01:25:00,-1.066,129.214,-7.421
2023-09-21 05:25:00,-1.164,128.05,-8.585
2023-09-21 10:50:00,2.38,130.43,-6.205
2023-09-21 18:55:00,-0.78,129.65,-6.985
2023-09-22 00:10:00,2.323,131.973,-4.662
2023-09-22 01:25:00,-1.093,130.88,-5.755
2023-09-22 08:05:00,-1.253,129.627,-7.008
2023-09-22 18:55:00,1.896,131.523,-5.112
2023-09-22 22:00:00,-1.192,130.331,-6.304
2023-09-23 08:50:00,-0.576,129.755,-6.88
2023-09-23 21:10:00,-0.209,129.546,-7.089
2023-09-24 00:00:00,-1.277,128.269,-8.366
2023-09-24 09:20:00,0.465,128.734,-7.901
2023-09-24 13:40:00,-1.251,127.483,-9.152
2023-09-24 17:45:00,-1.189,126.294,-10.341
2023-09-24 18:20:00,-1.13,125.164,-11.471
2023-09-25 03:10:00,-1.106,124.058,-12.577
2023-09-25 07:50:00,-1.152,122.906,-13.729
2023-09-25 20:05:00,-0.457,122.449,-14.186
2023-09-26 05:15:00,0.158,122.607,-14.028
2023-09-26 13:20:00,0.863,123.47,-13.165
2023-09-26 21:20:00,2.231,125.701,-10.934
2023-09-27 05:25:00,0.085,125.786,-10.849
2023-09-27 14:20:00,-1.154,124.632,-12.003
2023-09-27 22:25:00,0.262,124.894,-11.741
2023-09-28 08:15:00,-0.498,124.396,-12.239
2023-09-28 10:35:00,-1.163,123.233,-13.402
2023-09-28 11:45:00,-1.15,122.083,-14.552
2023-09-28 14:55:00,2.303,124.386,-12.249
2023-09-28 23:00:00,1.434,125.82,-10.815
2023-09-29 07:10:00,0.627,126.447,-10.188
2023-09-29 08:55:00,-1.136,125.311,-11.324
2023-09-29 20:40:00,0.279,125.59,-11.045
2023-09-30 01:40:00,-1.206,124.384,-12.251
2023-09-30 12:55:00,2.335,126.719,-9.916
2023-09-30 14:45:00,2.409,129.128,-7.507
2023-09-30 22:50:00,0.22,129.348,-7.287
2023-10-01 00:25:00,-1.162,128.186,-8.449
2023-10-01 08:20:00,2.265,130.451,-6.184
2023-10-01 10:00:00,2.377,132.828,-3.807
2023-10-01 10:05:00,2.465,135.293,-1.342
2023-10-01 18:10:00,-0.274,135.019,-1.616
2023-10-01 22:15:00,2.372,137.391,0.0
2023-10-02 06:20:00,0.64,138.031,0.0
2023-10-02 11:40:00,-1.078,136.953,-1.078
2023-10-02 18:35:00,-1.059,135.894,-2.137
2023-10-02 21:40:00,-1.039,134.855,-3.176
2023-10-03 09:35:00,2.407,137.262,-0.769
2023-10-03 11:10:00,-1.072,136.19,-1.841
2023-10-03 18:55:00,-1.051,135.139,-2.892
2023-10-04 03:05:00,0.717,135.856,-2.175
2023-10-04 14:00:00,-1.069,134.787,-3.244
2023-10-04 22:05:00,-0.208,134.579,-3.452
2023-10-05 00:25:00,-1.164,133.415,-4.616
2023-10-05 06:55:00,-1.089,132.326,-5.705
2023-10-05 10:55:00,-1.096,131.23,-6.801
2023-10-05 15:10:00,-1.085,130.145,-7.886
2023-10-05 23:15:00,0.488,130.633,-7.398
2023-10-06 09:35:00,0.606,131.239,-6.792
2023-10-06 10:50:00,-1.104,130.135,-7.896
2023-10-06 15:10:00,-1.108,129.027,-9.004
2023-10-06 23:15:00,0.192,129.219,-8.812
2023-10-07 08:40:00,0.531,129.75,-8.281
2023-10-07 11:50:00,-1.067,128.683,-9.348
2023-10-07 23:45:00,0.491,129.174,-8.857
2023-10-08 01:10:00,-1.222,127.952,-10.079
2023-10-08 02:20:00,-1.137,126.815,-11.216
2023-10-08 10:25:00,-0.191,126.624,-11.407
2023-10-08 16:00:00,-1.17,125.454,-12.577
2023-10-08 18:05:00,-1.113,124.341,-13.69
2023-10-09 06:20:00,0.331,124.672,-13.359
2023-10-09 07:20:00,2.274,126.946,-11.085
2023-10-09 09:50:00,2.427,129.373,-8.658
2023-10-09 17:55:00,0.23,129.603,-8.428
2023-10-10 05:45:00,-1.237,128.366,-9.665
2023-10-10 14:10:00,-1.155,127.211,-10.82
2023-10-10 23:00:00,-0.251,126.96,-11.071
2023-10-11 00:35:00,-1.22,125.74,-12.291
2023-10-11 02:30:00,2.306,128.046,-9.985
2023-10-11 04:45:00,-1.043,127.003,-11.028
2023-10-11 09:45:00,-1.094,125.909,-12.122
2023-10-11 11:50:00,-1.111,124.798,-13.233
2023-10-11 14:05:00,-1.152,123.646,-14.385
2023-10-11 18:10:00,2.361,126.007,-12.024
2023-10-11 18:30:00,-1.106,124.901,-13.13
2023-10-11 22:25:00,-1.147,123.754,-14.277
2023-10-12 09:15:00,0.886,124.64,-13.391
2023-10-12 17:40:00,0.356,124.996,-13.035
2023-10-13 00:20:00,-1.123,123.873,-14.158
2023-10-13 07:10:00,-1.185,122.688,-15.343
2023-10-13 11:20:00,-1.176,121.512,-16.519
2023-10-13 14:50:00,-1.123,120.389,-17.642
2023-10-13 16:30:00,-1.131,119.258,-18.773
2023-10-13 21:00:00,2.392,121.65,-16.381
2023-10-14 05:05:00,-0.206,121.444,-16.587
2023-10-14 11:40:00,-1.094,120.35,-17.681
2023-10-14 22:05:00,-0.301,120.049,-17.982
2023-10-15 09:45:00,-0.542,119.507,-18.524
2023-10-15 11:40:00,-1.294,118.213,-19.818
2023-10-15 20:20:00,-0.459,117.754,-20.277
2023-10-15 22:45:00,-1.131,116.623,-21.408
2023-10-16 05:15:00,2.358,118.981,-19.05
2023-10-16 12:50:00,2.435,121.416,-16.615
2023-10-16 13:25:00,2.424,123.84,-14.191
2023-10-16 14:05:00,-1.018,122.822,-15.209
2023-10-17 01:55:00,2.161,124.983,-13.048
2023-10-17 13:45:00,-1.102,123.881,-14.15
2023-10-17 23:15:00,-0.186,123.695,-14.336
2023-10-18 09:10:00,-0.251,123.444,-14.587
2023-10-18 09:55:00,-1.126,122.318,-15.713
2023-10-18 14:35:00,-1.117,121.201,-16.83
2023-10-18 20:30:00,-1.126,120.075,-17.956
2023-10-19 05:20:00,-0.808,119.267,-18.764
2023-10-19 10:10:00,2.354,121.621,-16.41
2023-10-19 16:05:00,2.426,124.047,-13.984
2023-10-20 00:10:00,0.224,124.271,-13.76
2023-10-20 04:55:00,2.431,126.702,-11.329
2023-10-20 09:00:00,2.444,129.146,-8.885
2023-10-20 17:05:00,-0.84,128.306,-9.725
2023-10-21 01:55:00,-0.087,128.219,-9.812
2023-10-21 06:15:00,2.342,130.561,-7.47
2023-10-21 06:30:00,2.424,132.985,-5.046
2023-10-21 14:35:00,0.929,133.914,-4.117
2023-10-21 20:30:00,2.404,136.318,-1.713
2023-10-22 01:35:00,-1.051,135.267,-2.764
2023-10-22 05:45:00,-1.115,134.152,-3.879
2023-10-22 20:20:00,0.317,134.469,-3.562
2023-10-23 03:40:00,2.438,136.907,-1.124
2023-10-23 09:30:00,-1.042,135.865,-2.166
2023-10-23 13:20:00,-1.156,134.709,-3.322
2023-10-23 16:45:00,-1.081,133.628,-4.403
2023-10-23 22:35:00,2.439,136.067,-1.964
2023-10-24 06:40:00,-0.139,135.928,-2.103
2023-10-24 15:10:00,2.428,138.356,0.0
2023-10-24 15:30:00,-1.034,137.322,-1.034
2023-10-25 01:00:00,-1.025,136.297,-2.059
2023-10-25 09:05:00,0.488,136.785,-1.571
2023-10-25 12:15:00,2.46,139.245,0.0
2023-10-25 20:20:00,-0.327,138.918,-0.327
2023-10-26 00:45:00,-1.047,137.871,-1.374
2023-10-26 05:35:00,-1.141,136.73,-2.515
2023-10-26 09:25:00,-1.041,135.689,-3.556
2023-10-26 13:40:00,-1.063,134.626,-4.619
2023-10-26 20:55:00,-1.034,133.592,-5.653
2023-10-27 05:00:00,-0.098,133.494,-5.751
2023-10-27 14:30:00,-1.05,132.444,-6.801
2023-10-27 22:35:00,0.526,132.97,-6.275
2023-10-28 02:40:00,-1.071,131.899,-7.346
2023-10-28 10:45:00,0.095,131.994,-7.251
2023-10-28 11:55:00,-1.093,130.901,-8.344
2023-10-28 20:20:00,0.493,131.394,-7.851
2023-10-29 05:30:00,-1.098,130.296,-8.949
2023-10-29 13:35:00,1.52,131.816,-7.429
2023-10-29 21:40:00,0.417,132.233,-7.012
2023-10-30 05:25:00,-1.093,131.14,-8.105
2023-10-30 08:35:00,2.429,133.569,-5.676
2023-10-30 16:40:00,0.812,134.381,-4.864
2023-10-31 08:35:00,0.38,134.761,-4.484
2023-10-31 16:40:00,0.308,135.069,-4.176
2023-11-01 00:50:00,2.447,137.516,-1.729
2023-11-01 05:55:00,-1.049,136.467,-2.778
2023-11-01 08:15:00,-1.038,135.429,-3.816
2023-11-01 15:05:00,2.447,137.876,-1.369
2023-11-01 17:55:00,2.469,140.345,0.0
2023-11-01 23:15:00,-1.014,139.331,-1.014
2023-11-02 09:00:00,1.723,141.054,0.0
2023-11-02 23:05:00,0.841,141.895,0.0
2023-11-03 08:10:00,-0.289,141.606,-0.289
2023-11-03 12:30:00,-1.043,140.563,-1.332
2023-11-03 22:55:00,-1.052,139.511,-2.384
2023-11-04 00:15:00,-1.073,138.438,-3.457
2023-11-04 01:10:00,-1.083,137.355,-4.54
2023-11-04 09:45:00,1.536,138.891,-3.004
2023-11-04 15:05:00,-1.071,137.82,-4.075
2023-11-04 18:20:00,-1.078,136.742,-5.153
2023-11-05 05:20:00,-0.311,136.431,-5.464
2023-11-05 21:55:00,0.958,137.389,-4.506
2023-11-06 04:20:00,-1.049,136.34,-5.555
2023-11-06 12:25:00,-0.114,136.226,-5.669
2023-11-06 22:30:00,-1.058,135.168,-6.727
2023-11-07 03:00:00,-1.059,134.109,-7.786
2023-11-07 07:05:00,-1.034,133.075,-8.82
2023-11-07 09:30:00,-1.087,131.988,-9.907
2023-11-07 11:10:00,-1.07,130.918,-10.977
2023-11-07 18:15:00,2.453,133.371,-8.524
2023-11-08 02:20:00,-0.128,133.243,-8.652
2023-11-08 10:40:00,0.141,133.384,-8.511
2023-11-09 00:40:00,-0.232,133.152,-8.743
2023-11-09 09:35:00,2.452,135.604,-6.291
2023-11-09 16:10:00,-1.026,134.578,-7.317
2023-11-09 18:55:00,-1.037,133.541,-8.354
2023-11-09 22:50:00,-1.026,132.515,-9.38
2023-11-10 03:05:00,2.423,134.938,-6.957
2023-11-10 11:10:00,1.715,136.653,-5.242
2023-11-10 14:10:00,-1.032,135.621,-6.274
2023-11-10 23:00:00,2.478,138.099,-3.796
2023-11-11 07:05:00,-0.561,137.538,-4.357
2023-11-11 14:00:00,2.47,140.008,-1.887
2023-11-11 22:05:00,-0.76,139.248,-2.647
2023-11-11 23:30:00,-1.032,138.216,-3.679
2023-11-12 07:20:00,2.469,140.685,-1.21
2023-11-12 13:00:00,-1.016,139.669,-2.226
2023-11-13 01:00:00,-1.033,138.636,-3.259
2023-11-13 09:05:00,0.314,138.95,-2.945
2023-11-13 14:10:00,-1.068,137.882,-4.013
2023-11-13 22:45:00,0.692,138.574,-3.321
2023-11-14 00:10:00,-1.068,137.506,-4.389
2023-11-14 07:20:00,-1.068,136.438,-5.457
2023-11-14 11:20:00,2.434,138.872,-3.023
2023-11-14 13:35:00,-1.027,137.845,-4.05
2023-11-14 18:50:00,-1.026,136.819,-5.076
2023-11-14 19:05:00,-1.031,135.788,-6.107
2023-11-15 04:10:00,0.737,136.525,-5.37
2023-11-15 11:25:00,2.453,138.978,-2.917
2023-11-15 19:30:00,1.813,140.791,-1.104
2023-11-16 03:35:00,0.215,141.006,-0.889
2023-11-16 09:05:00,-1.043,139.963,-1.932
2023-11-16 11:50:00,-1.04,138.923,-2.972
2023-11-16 23:00:00,2.455,141.378,-0.517
2023-11-17 01:50:00,-1.028,140.35,-1.545
2023-11-17 10:50:00,0.184,140.534,-1.361
2023-11-17 22:15:00,-0.246,140.288,-1.607
2023-11-18 07:55:00,1.236,141.524,-0.371
2023-11-18 14:25:00,-1.039,140.485,-1.41
2023-11-19 00:40:00,-1.08,139.405,-2.49
2023-11-19 05:25:00,-1.082,138.323,-3.572
2023-11-19 07:05:00,2.427,140.75,-1.145
2023-11-19 15:10:00,-0.663,140.087,-1.808
2023-11-20 02:45:00,-0.648,139.439,-2.456
2023-11-20 14:10:00,-1.076,138.363,-3.532
2023-11-21 00:25:00,0.993,139.356,-2.539
2023-11-21 10:30:00,-0.641,138.715,-3.18
2023-11-21 14:05:00,2.39,141.105,-0.79
2023-11-21 22:10:00,1.416,142.521,0.0
2023-11-22 06:15:00,-1.042,141.479,-1.042
2023-11-22 10:50:00,-1.099,140.38,-2.141
2023-11-22 18:15:00,-1.045,139.335,-3.186
2023-11-22 21:10:00,2.449,141.784,-0.737
2023-11-23 05:15:00,-0.292,141.492,-1.029
2023-11-23 06:10:00,-1.145,140.347,-2.174
2023-11-23 14:50:00,-1.044,139.303,-3.218
2023-11-23 23:20:00,0.396,139.699,-2.822
2023-11-24 08:25:00,0.486,140.185,-2.336
2023-11-24 09:20:00,2.312,142.497,-0.024
2023-11-24 17:25:00,-0.471,142.026,-0.495
2023-11-25 00:00:00,2.409,144.435,0.0
2023-11-25 01:05:00,-1.072,143.363,-1.072
2023-11-25 09:10:00,1.226,144.589,0.0
2023-11-25 20:35:00,0.792,145.381,0.0
2023-11-26 00:15:00,-1.164,144.217,-1.164
2023-11-26 09:30:00,-1.136,143.081,-2.3
2023-11-26 14:30:00,2.323,145.404,0.0
2023-11-26 20:45:00,-1.062,144.342,-1.062
2023-11-27 02:40:00,-1.035,143.307,-2.097
2023-11-27 10:35:00,2.407,145.714,0.0
2023-11-27 18:40:00,0.51,146.224,0.0
2023-11-27 21:30:00,-1.091,145.133,-1.091
2023-11-28 09:35:00,-1.107,144.026,-2.198
2023-11-28 17:20:00,2.41,146.436,0.0
2023-11-29 01:25:00,0.113,146.549,0.0
2023-11-29 08:20:00,2.384,148.933,0.0
2023-11-29 16:25:00,-0.431,148.502,-0.431
2023-11-30 01:00:00,-1.107,147.395,-1.538
2023-11-30 10:50:00,-0.367,147.028,-1.905
2023-11-30 14:40:00,-1.105,145.923,-3.01
2023-12-01 00:25:00,-1.108,144.815,-4.118
2023-12-01 01:20:00,-1.108,143.707,-5.226
2023-12-01 09:25:00,1.432,145.139,-3.794
2023-12-01 11:40:00,-1.086,144.053,-4.88
2023-12-01 23:40:00,-1.099,142.954,-5.979
2023-12-02 01:15:00,-1.129,141.825,-7.108
2023-12-02 06:05:00,2.383,144.208,-4.725
2023-12-02 14:10:00,0.503,144.711,-4.222
2023-12-03 00:45:00,2.436,147.147,-1.786
2023-12-03 08:50:00,-0.817,146.33,-2.603
2023-12-03 17:25:00,-1.063,145.267,-3.666
2023-12-04 01:40:00,2.402,147.669,-1.264
2023-12-04 09:45:00,-0.587,147.082,-1.851
2023-12-04 11:10:00,2.436,149.518,0.0
2023-12-04 19:15:00,0.114,149.632,0.0
2023-12-05 00:45:00,-1.056,148.576,-1.056
2023-12-05 09:25:00,0.527,149.103,-0.529
2023-12-05 22:00:00,-1.064,148.039,-1.593
2023-12-06 00:00:00,-1.157,146.882,-2.75
2023-12-06 04:05:00,2.446,149.328,-0.304
2023-12-06 05:30:00,-1.06,148.268,-1.364
2023-12-06 11:05:00,-1.062,147.206,-2.426
2023-12-06 15:45:00,-1.068,146.138,-3.494
2023-12-06 22:50:00,-1.083,145.055,-4.577
2023-12-07 01:10:00,-1.065,143.99,-5.642
2023-12-07 09:15:00,-0.523,143.467,-6.165
2023-12-07 17:55:00,1.535,145.002,-4.63
2023-12-07 22:20:00,2.447,147.449,-2.183
2023-12-07 23:25:00,-1.04,146.409,-3.223
2023-12-08 08:25:00,1.405,147.814,-1.818
2023-12-08 18:50:00,0.311,148.125,-1.507
2023-12-09 05:00:00,0.64,148.765,-0.867
2023-12-09 07:35:00,2.424,151.189,0.0
2023-12-09 08:35:00,-1.056,150.133,-1.056
2023-12-09 13:35:00,-1.087,149.046,-2.143
2023-12-09 20:05:00,-1.147,147.899,-3.29
2023-12-09 23:20:00,-1.076,146.823,-4.366
2023-12-10 07:25:00,0.734,147.557,-3.632
2023-12-10 14:05:00,-1.068,146.489,-4.7
2023-12-10 22:10:00,1.169,147.658,-3.531
2023-12-10 23:15:00,-1.092,146.566,-4.623
2023-12-11 02:10:00,2.462,149.028,-2.161
2023-12-11 10:15:00,-0.305,148.723,-2.466
2023-12-11 16:25:00,-1.076,147.647,-3.542
2023-12-11 23:35:00,-1.054,146.593,-4.596
2023-12-12 08:05:00,0.251,146.844,-4.345
2023-12-12 11:55:00,-1.098,145.746,-5.443
2023-12-12 13:30:00,-1.07,144.676,-6.513
2023-12-12 14:10:00,-1.092,143.584,-7.605
2023-12-12 22:15:00,1.284,144.868,-6.321
2023-12-13 06:55:00,2.439,147.307,-3.882
2023-12-13 08:45:00,-1.036,146.271,-4.918
2023-12-13 13:10:00,-1.055,145.216,-5.973
2023-12-13 18:10:00,-1.065,144.151,-7.038
2023-12-13 20:05:00,2.421,146.572,-4.617
2023-12-14 04:10:00,-0.38,146.192,-4.997
2023-12-14 13:30:00,-1.05,145.142,-6.047
2023-12-15 00:05:00,1.794,146.936,-4.253
2023-12-15 02:30:00,-1.093,145.843,-5.346
2023-12-15 09:00:00,2.403,148.246,-2.943
2023-12-15 13:30:00,-1.069,147.177,-4.012
2023-12-15 22:55:00,-1.054,146.123,-5.066
2023-12-16 07:20:00,0.152,146.275,-4.914
2023-12-16 12:45:00,2.365,148.64,-2.549
2023-12-16 18:50:00,-1.062,147.578,-3.611
2023-12-17 03:15:00,1.053,148.631,-2.558
2023-12-17 13:35:00,1.56,150.191,-0.998
2023-12-17 14:45:00,-1.127,149.064,-2.125
2023-12-17 22:35:00,-1.072,147.992,-3.197
2023-12-18 06:40:00,1.246,149.238,-1.951
2023-12-18 13:50:00,-1.063,148.175,-3.014
2023-12-19 03:10:00,1.665,149.84,-1.349
2023-12-19 09:25:00,-1.109,148.731,-2.458
2023-12-19 20:05:00,-1.05,147.681,-3.508
2023-12-20 04:55:00,-0.819,146.862,-4.327
2023-12-20 10:10:00,2.423,149.285,-1.904
2023-12-20 17:45:00,2.457,151.742,0.0
2023-12-20 20:05:00,-1.022,150.72,-1.022
2023-12-21 06:20:00,1.328,152.048,0.0
2023-12-21 14:35:00,0.69,152.738,0.0
2023-12-21 17:25:00,2.442,155.18,0.0
2023-12-22 01:30:00,1.132,156.312,0.0
2023-12-22 07:00:00,-1.028,155.284,-1.028
2023-12-22 18:30:00,2.438,157.722,0.0
2023-12-23 01:15:00,-1.037,156.685,-1.037
2023-12-23 12:30:00,2.402,159.087,0.0
2023-12-23 18:45:00,2.452,161.539,0.0
2023-12-24 01:25:00,2.472,164.011,0.0
2023-12-24 09:30:00,0.332,164.343,0.0
2023-12-24 20:45:00,-0.121,164.222,-0.121
2023-12-24 22:45:00,-1.037,163.185,-1.158
2023-12-25 11:15:00,-0.317,162.868,-1.475
2023-12-25 12:05:00,-1.08,161.788,-2.555
2023-12-25 14:55:00,2.452,164.24,-0.103
2023-12-25 23:00:00,-0.057,164.183,-0.16
2023-12-26 00:45:00,-1.066,163.117,-1.226
2023-12-26 05:30:00,-1.043,162.074,-2.269
2023-12-26 12:50:00,-1.05,161.024,-3.319
2023-12-26 14:00:00,-1.039,159.985,-4.358
2023-12-26 17:20:00,2.444,162.429,-1.914
2023-12-26 23:55:00,-1.028,161.401,-2.942
2023-12-27 09:00:00,-0.666,160.735,-3.608
2023-12-27 14:00:00,-1.048,159.687,-4.656
2023-12-27 22:05:00,0.744,160.431,-3.912
2023-12-28 07:00:00,1.061,161.492,-2.851
2023-12-28 15:25:00,0.938,162.43,-1.913
2023-12-28 19:15:00,-1.057,161.373,-2.97
2023-12-29 01:30:00,-1.043,160.33,-4.013
2023-12-29 13:45:00,0.671,161.001,-3.342
2023-12-29 15:45:00,-1.061,159.94,-4.403
2023-12-29 23:50:00,0.047,159.987,-4.356
2023-12-30 11:20:00,0.622,160.609,-3.734
2023-12-31 05:40:00,-0.03,160.579,-3.764
2023-12-31 06:35:00,-1.084,159.495,-4.848
2023-12-31 15:15:00,0.598,160.093,-4.25
2023-12-31 16:50:00,-1.084,159.009,-5.334
2023-12-31 22:15:00,-1.072,157.937,-6.406
2024-01-01 06:20:00,0.323,158.26,-6.083
2024-01-01 18:05:00,1.203,159.463,-4.88
2024-01-02 01:00:00,2.426,161.889,-2.454
2024-01-02 09:05:00,0.866,162.755,-1.588
2024-01-02 11:40:00,-1.093,161.662,-2.681
2024-01-03 01:35:00,0.606,162.268,-2.075
2024-01-03 07:45:00,-1.082,161.186,-3.157
2024-01-03 11:55:00,2.442,163.628,-0.715
2024-01-03 12:00:00,2.473,166.101,0.0
2024-01-03 20:05:00,0.104,166.205,0.0
2024-01-04 01:00:00,-1.068,165.137,-1.068
2024-01-04 02:45:00,-1.04,164.097,-2.108
2024-01-04 14:20:00,-1.046,163.051,-3.154
2024-01-04 20:35:00,2.456,165.507,-0.698
2024-01-04 22:45:00,-1.044,164.463,-1.742
2024-01-05 09:50:00,-0.419,164.044,-2.161
2024-01-05 16:55:00,2.441,166.485,0.0
2024-01-05 19:15:00,-1.043,165.442,-1.043
2024-01-05 23:05:00,-1.067,164.375,-2.11
2024-01-06 06:20:00,2.45,166.825,0.0
2024-01-06 14:25:00,-0.805,166.02,-0.805
2024-01-07 03:20:00,0.774,166.794,-0.031
2024-01-07 13:10:00,-1.063,165.731,-1.094
2024-01-07 15:45:00,-1.048,164.683,-2.142
2024-01-07 23:50:00,1.656,166.339,-0.486
2024-01-08 06:20:00,-1.047,165.292,-1.533
2024-01-08 10:25:00,-1.064,164.228,-2.597
2024-01-08 20:05:00,1.61,165.838,-0.987
2024-01-09 12:00:00,0.971,166.809,-0.016
2024-01-09 12:55:00,-1.07,165.739,-1.086
2024-01-09 20:15:00,-1.032,164.707,-2.118
2024-01-09 21:10:00,-1.044,163.663,-3.162
2024-01-10 06:00:00,-0.29,163.373,-3.452
2024-01-10 12:20:00,2.394,165.767,-1.058
2024-01-10 18:00:00,-1.054,164.713,-2.112
2024-01-10 20:10:00,-1.026,163.687,-3.138
2024-01-10 21:10:00,-1.031,162.656,-4.169
2024-01-11 05:15:00,0.468,163.124,-3.701
2024-01-11 12:05:00,2.446,165.57,-1.255
2024-01-11 15:15:00,-1.068,164.502,-2.323
2024-01-12 00:10:00,-0.117,164.385,-2.44
2024-01-12 06:15:00,-1.078,163.307,-3.518
2024-01-12 15:15:00,0.62,163.927,-2.898
2024-01-12 23:40:00,0.964,164.891,-1.934
2024-01-13 06:05:00,-1.057,163.834,-2.991
2024-01-13 15:30:00,-1.132,162.702,-4.123
2024-01-13 17:50:00,-1.097,161.605,-5.22
2024-01-14 04:10:00,0.247,161.852,-4.973
2024-01-14 13:15:00,-0.513,161.339,-5.486
2024-01-14 19:50:00,-1.055,160.284,-6.541
2024-01-15 03:55:00,0.136,160.42,-6.405
2024-01-15 12:20:00,0.222,160.642,-6.183
2024-01-15 18:25:00,-1.094,159.548,-7.277
2024-01-16 04:50:00,-0.514,159.034,-7.791
2024-01-16 14:35:00,-1.098,157.936,-8.889
2024-01-16 23:20:00,0.346,158.282,-8.543
2024-01-17 07:50:00,-1.062,157.22,-9.605
2024-01-17 11:25:00,2.429,159.649,-7.176
2024-01-17 15:40:00,-1.036,158.613,-8.212
2024-01-18 02:10:00,0.472,159.085,-7.74
2024-01-18 07:20:00,-1.089,157.996,-8.829
2024-01-18 16:50:00,2.437,160.433,-6.392
2024-01-19 00:55:00,0.485,160.918,-5.907
2024-01-19 06:45:00,-1.065,159.853,-6.972
2024-01-19 09:15:00,-1.099,158.754,-8.071
2024-01-19 14:25:00,2.338,161.092,-5.733
2024-01-19 16:35:00,2.447,163.539,-3.286
2024-01-19 18:25:00,-1.027,162.512,-4.313
2024-01-20 01:30:00,-1.064,161.448,-5.377
2024-01-20 13:45:00,0.524,161.972,-4.853
2024-01-20 17:55:00,-1.061,160.911,-5.914
2024-01-20 20:20:00,-1.152,159.759,-7.066
2024-01-21 07:35:00,-0.044,159.715,-7.11
2024-01-21 15:35:00,-1.172,158.543,-8.282
2024-01-21 23:50:00,1.33,159.873,-6.952
2024-01-22 03:15:00,2.394,162.267,-4.558
2024-01-22 11:20:00,0.219,162.486,-4.339
2024-01-22 19:40:00,2.459,164.945,-1.88
2024-01-23 03:45:00,-0.581,164.364,-2.461
2024-01-23 08:45:00,2.43,166.794,-0.031
2024-01-23 16:50:00,-0.843,165.951,-0.874
2024-01-23 23:25:00,-1.071,164.88,-1.945
2024-01-24 08:05:00,1.513,166.393,-0.432
2024-01-24 16:10:00,-0.086,166.307,-0.518
2024-01-24 23:50:00,2.407,168.714,0.0
2024-01-25 05:00:00,-1.052,167.662,-1.052
2024-01-25 10:05:00,-1.118,166.544,-2.17
2024-01-25 13:25:00,-1.063,165.481,-3.233
2024-01-25 15:45:00,-1.092,164.389,-4.325
2024-01-25 19:35:00,-1.046,163.343,-5.371
2024-01-26 00:15:00,-1.05,162.293,-6.421
2024-01-26 02:15:00,-1.062,161.231,-7.483
2024-01-26 10:30:00,0.15,161.381,-7.333
2024-01-26 16:15:00,2.442,163.823,-4.891
2024-01-27 00:20:00,-0.532,163.291,-5.423
2024-01-27 16:10:00,2.368,165.659,-3.055
2024-01-27 16:50:00,-1.147,164.512,-4.202
2024-01-28 01:15:00,2.346,166.858,-1.856
2024-01-28 09:20:00,0.84,167.698,-1.016
2024-01-28 10:40:00,2.346,170.044,0.0
2024-01-28 12:15:00,-1.048,168.996,-1.048
2024-01-28 22:35:00,-1.098,167.898,-2.146
2024-01-29 03:35:00,2.389,170.287,0.0
2024-01-29 05:20:00,-1.051,169.236,-1.051
2024-01-29 13:20:00,-1.089,168.147,-2.14
2024-01-29 16:30:00,2.435,170.582,0.0
2024-01-30 00:35:00,-0.036,170.546,-0.036
2024-01-30 09:25:00,0.272,170.818,0.0
2024-01-30 18:35:00,0.559,171.377,0.0
2024-01-31 08:10:00,-0.263,171.114,-0.263
2024-01-31 15:40:00,-1.064,170.05,-1.327
2024-01-31 21:20:00,-1.029,169.021,-2.356
2024-02-01 05:25:00,0.971,169.992,-1.385
2024-02-01 14:30:00,-1.09,168.902,-2.475
2024-02-01 19:45:00,-1.061,167.841,-3.536
2024-02-02 03:55:00,0.611,168.452,-2.925
2024-02-02 10:30:00,2.372,170.824,-0.553
2024-02-02 13:30:00,-1.07,169.754,-1.623
2024-02-02 18:05:00,-1.05,168.704,-2.673
2024-02-03 04:05:00,-0.343,168.361,-3.016
2024-02-03 16:40:00,0.79,169.151,-2.226
2024-02-03 17:45:00,-1.159,167.992,-3.385
2024-02-04 02:50:00,-0.621,167.371,-4.006
2024-02-04 12:30:00,-0.779,166.592,-4.785
2024-02-04 18:00:00,2.283,168.875,-2.502
2024-02-05 01:10:00,2.387,171.262,-0.115
2024-02-05 04:05:00,-1.054,170.208,-1.169
2024-02-05 15:05:00,0.343,170.551,-0.826
2024-02-05 23:15:00,1.188,171.739,0.0
2024-02-06 10:45:00,2.397,174.136,0.0
2024-02-06 18:50:00,-1.045,173.091,-1.045
2024-02-07 03:20:00,-0.506,172.585,-1.551
2024-02-07 11:35:00,0.632,173.217,-0.919
2024-02-07 21:55:00,2.433,175.65,0.0
2024-02-08 06:00:00,0.266,175.916,0.0
2024-02-08 14:00:00,2.391,178.307,0.0
2024-02-08 22:05:00,-0.549,177.758,-0.549
2024-02-09 08:35:00,2.365,180.123,0.0
2024-02-09 09:15:00,-1.127,178.996,-1.127
2024-02-09 11:20:00,-1.158,177.838,-2.285
2024-02-09 15:00:00,-1.063,176.775,-3.348
2024-02-10 00:05:00,0.775,177.55,-2.573
2024-02-10 10:05:00,-0.392,177.158,-2.965
2024-02-10 22:05:00,1.081,178.239,-1.884
2024-02-11 11:20:00,1.218,179.457,-0.666
2024-02-11 18:25:00,-1.135,178.322,-1.801
2024-02-12 00:25:00,-1.112,177.21,-2.913
2024-02-12 02:35:00,-1.06,176.15,-3.973
2024-02-12 10:40:00,0.509,176.659,-3.464
2024-02-12 14:20:00,-1.151,175.508,-4.615
2024-02-12 23:10:00,1.322,176.83,-3.293
2024-02-13 00:05:00,2.331,179.161,-0.962
2024-02-13 08:10:00,0.383,179.544,-0.579
2024-02-13 10:40:00,-1.148,178.396,-1.727
2024-02-13 22:15:00,-0.338,178.058,-2.065
2024-02-14 13:20:00,2.416,180.474,0.0
2024-02-14 21:30:00,-0.458,180.016,-0.458
2024-02-15 01:30:00,-1.16,178.856,-1.618
2024-02-15 04:15:00,-1.131,177.725,-2.749
2024-02-15 15:30:00,-1.166,176.559,-3.915
2024-02-15 23:35:00,0.285,176.844,-3.63
2024-02-16 08:50:00,2.346,179.19,-1.284
2024-02-16 10:50:00,-1.094,178.096,-2.378
2024-02-16 22:05:00,1.053,179.149,-1.325
2024-02-17 09:25:00,0.935,180.084,-0.39
2024-02-17 17:30:00,0.659,180.743,0.0
2024-02-18 00:20:00,-1.159,179.584,-1.159
2024-02-18 09:00:00,-1.113,178.471,-2.272
2024-02-18 10:05:00,2.366,180.837,0.0
2024-02-18 18:10:00,0.433,181.27,0.0
2024-02-19 10:25:00,-1.108,180.162,-1.108
2024-02-19 19:05:00,-1.131,179.031,-2.239
2024-02-19 22:25:00,-1.151,177.88,-3.39
2024-02-20 07:15:00,0.959,178.839,-2.431
2024-02-20 14:40:00,2.416,181.255,-0.015
2024-02-20 22:45:00,-0.312,180.943,-0.327
2024-02-21 08:15:00,1.796,182.739,0.0
2024-02-21 14:25:00,2.408,185.147,0.0
2024-02-21 15:30:00,-1.054,184.093,-1.054
2024-02-21 21:50:00,-1.067,183.026,-2.121
2024-02-22 08:05:00,-1.069,181.957,-3.19
2024-02-22 13:15:00,-1.056,180.901,-4.246
2024-02-22 21:20:00,-0.084,180.817,-4.33
2024-02-23 05:50:00,0.482,181.299,-3.848
2024-02-23 15:50:00,0.538,181.837,-3.31
2024-02-23 23:55:00,0.431,182.268,-2.879
2024-02-24 04:30:00,-1.087,181.181,-3.966
2024-02-24 15:15:00,0.98,182.161,-2.986
2024-02-24 21:55:00,2.357,184.518,-0.629
2024-02-25 00:05:00,-1.159,183.359,-1.788
2024-02-25 02:55:00,-1.102,182.257,-2.89
2024-02-25 14:35:00,-1.173,181.084,-4.063
2024-02-25 20:00:00,-1.073,180.011,-5.136
2024-02-26 02:55:00,-1.101,178.91,-6.237
2024-02-26 09:20:00,-1.092,177.818,-7.329
2024-02-26 15:30:00,-1.045,176.773,-8.374
2024-02-26 18:00:00,2.448,179.221,-5.926
2024-02-27 02:05:00,0.042,179.263,-5.884
2024-02-27 13:25:00,-1.094,178.169,-6.978
2024-02-27 23:40:00,0.143,178.312,-6.835
2024-02-28 01:10:00,-1.09,177.222,-7.925
2024-02-28 04:20:00,-1.137,176.085,-9.062
2024-02-28 09:45:00,2.408,178.493,-6.654
2024-02-28 11:50:00,-1.047,177.446,-7.701
2024-02-28 14:25:00,-1.068,176.378,-8.769
2024-02-28 17:30:00,-1.037,175.341,-9.806
2024-02-29 00:55:00,2.466,177.807,-7.34
2024-02-29 09:00:00,1.481,179.288,-5.859
2024-02-29 17:05:00,-0.305,178.983,-6.164
2024-02-29 21:20:00,-1.041,177.942,-7.205
2024-03-01 01:00:00,2.453,180.395,-4.752
2024-03-01 09:05:00,-0.137,180.258,-4.889
2024-03-01 15:40:00,-1.059,179.199,-5.948
2024-03-01 23:55:00,-1.06,178.139,-7.008
2024-03-02 08:20:00,-1.095,177.044,-8.103
2024-03-02 09:35:00,-1.045,175.999,-9.148
2024-03-02 17:40:00,-0.333,175.666,-9.481
2024-03-03 03:15:00,-0.058,175.608,-9.539
2024-03-03 17:15:00,0.382,175.99,-9.157
2024-03-04 00:45:00,-1.05,174.94,-10.207
2024-03-04 08:05:00,-1.116,173.824,-11.323
2024-03-04 16:15:00,-0.04,173.784,-11.363
2024-03-04 23:30:00,-1.053,172.731,-12.416
2024-03-05 02:15:00,-1.077,171.654,-13.493
2024-03-05 10:45:00,-0.796,170.858,-14.289
2024-03-05 14:50:00,2.439,173.297,-11.85
2024-03-05 16:10:00,-1.021,172.276,-12.871
2024-03-05 19:50:00,2.47,174.746,-10.401
2024-03-06 03:55:00,-0.319,174.427,-10.72
2024-03-06 13:10:00,0.263,174.69,-10.457
2024-03-06 17:30:00,-1.051,173.639,-11.508
2024-03-07 02:05:00,2.449,176.088,-9.059
2024-03-07 10:10:00,0.358,176.446,-8.701
2024-03-07 19:30:00,0.86,177.306,-7.841
2024-03-08 01:35:00,-1.072,176.234,-8.913
2024-03-08 14:50:00,2.438,178.672,-6.475
2024-03-08 15:30:00,-1.042,177.63,-7.517
2024-03-08 21:45:00,-1.029,176.601,-8.546
2024-03-09 07:20:00,1.711,178.312,-6.835
2024-03-09 16:30:00,-1.137,177.175,-7.972
2024-03-10 01:20:00,-1.083,176.092,-9.055
2024-03-10 09:25:00,-0.182,175.91,-9.237
2024-03-10 14:40:00,2.39,178.3,-6.847
2024-03-10 17:05:00,-1.053,177.247,-7.9
2024-03-11 00:45:00,2.388,179.635,-5.512
2024-03-11 07:05:00,-1.037,178.598,-6.549
2024-03-11 15:10:00,0.436,179.034,-6.113
2024-03-12 02:20:00,0.439,179.473,-5.674
2024-03-12 03:15:00,2.401,181.874,-3.273
2024-03-12 08:20:00,-1.034,180.84,-4.307
2024-03-12 12:25:00,-1.034,179.806,-5.341
2024-03-13 00:05:00,-1.031,178.775,-6.372
2024-03-13 08:10:00,0.035,178.81,-6.337
2024-03-13 10:00:00,-1.086,177.724,-7.423
2024-03-13 21:30:00,2.457,180.181,-4.966
2024-03-14 05:35:00,0.795,180.976,-4.171
2024-03-14 13:50:00,-1.044,179.932,-5.215
2024-03-14 15:25:00,-1.071,178.861,-6.286
2024-03-14 18:45:00,-1.029,177.832,-7.315
2024-03-15 01:35:00,2.477,180.309,-4.838
2024-03-15 02:40:00,-1.026,179.283,-5.864
2024-03-15 08:30:00,-1.033,178.25,-6.897
2024-03-15 21:05:00,0.605,178.855,-6.292
2024-03-16 04:40:00,2.447,181.302,-3.845
2024-03-16 05:15:00,-1.064,180.238,-4.909
2024-03-16 13:35:00,0.426,180.664,-4.483
2024-03-16 17:30:00,-1.035,179.629,-5.518
2024-03-17 00:15:00,-1.033,178.596,-6.551
2024-03-17 08:20:00,-0.397,178.199,-6.948
2024-03-17 16:40:00,0.922,179.121,-6.026
2024-03-18 02:10:00,0.685,179.806,-5.341
2024-03-18 10:45:00,1.372,181.178,-3.969
2024-03-18 16:50:00,-1.029,180.149,-4.998
2024-03-18 23:35:00,-1.073,179.076,-6.071
2024-03-19 01:20:00,2.435,181.511,-3.636
2024-03-19 09:25:00,1.469,182.98,-2.167
2024-03-19 11:40:00,-1.039,181.941,-3.206
2024-03-19 15:45:00,-1.042,180.899,-4.248
2024-03-19 22:25:00,2.464,183.363,-1.784
2024-03-20 00:20:00,-1.023,182.34,-2.807
2024-03-20 12:05:00,-0.507,181.833,-3.314
2024-03-20 18:00:00,-1.037,180.796,-4.351
2024-03-21 02:05:00,1.524,182.32,-2.827
2024-03-21 03:45:00,-1.07,181.25,-3.897
2024-03-21 14:10:00,-0.192,181.058,-4.089
2024-03-22 01:35:00,0.825,181.883,-3.264
2024-03-22 04:50:00,-1.039,180.844,-4.303
2024-03-22 12:00:00,2.402,183.246,-1.901
2024-03-22 20:05:00,0.165,183.411,-1.736
2024-03-22 23:20:00,-1.074,182.337,-2.81
2024-03-23 10:50:00,-0.057,182.28,-2.867
2024-03-23 23:40:00,0.259,182.539,-2.608
2024-03-24 00:15:00,-1.092,181.447,-3.7
2024-03-24 03:50:00,-1.053,180.394,-4.753
2024-03-24 08:10:00,-1.073,179.321,-5.826
2024-03-24 16:15:00,0.534,179.855,-5.292
2024-03-24 20:10:00,-1.048,178.807,-6.34
2024-03-24 21:10:00,2.38,181.187,-3.96
2024-03-25 05:15:00,0.82,182.007,-3.14
2024-03-25 10:15:00,2.4,184.407,-0.74
2024-03-25 12:20:00,-1.047,183.36,-1.787
2024-03-25 22:05:00,0.141,183.501,-1.646
2024-03-25 23:35:00,-1.128,182.373,-2.774
2024-03-26 05:20:00,2.372,184.745,-0.402
2024-03-26 08:00:00,-1.054,183.691,-1.456
2024-03-26 12:10:00,-1.108,182.583,-2.564
2024-03-26 21:30:00,-1.061,181.522,-3.625
2024-03-27 05:35:00,-0.668,180.854,-4.293
2024-03-27 13:10:00,-1.083,179.771,-5.376
2024-03-27 21:50:00,0.261,180.032,-5.115
2024-03-28 08:00:00,-1.054,178.978,-6.169
2024-03-28 10:15:00,-1.138,177.84,-7.307
2024-03-28 13:15:00,2.359,180.199,-4.948
2024-03-28 13:25:00,-1.169,179.03,-6.117
2024-03-28 22:05:00,0.04,179.07,-6.077
2024-03-29 05:30:00,-1.074,177.996,-7.151
2024-03-29 13:45:00,-0.246,177.75,-7.397
2024-03-29 15:35:00,-1.093,176.657,-8.49
2024-03-29 20:35:00,-1.044,175.613,-9.534
2024-03-30 04:40:00,1.599,177.212,-7.935
2024-03-30 12:45:00,0.25,177.462,-7.685
2024-03-31 12:55:00,0.689,178.151,-6.996
2024-03-31 19:10:00,2.32,180.471,-4.676
2024-04-01 03:15:00,0.633,181.104,-4.043
2024-04-01 13:25:00,0.743,181.847,-3.3
2024-04-01 15:10:00,2.427,184.274,-0.873
2024-04-01 23:15:00,-0.562,183.712,-1.435
2024-04-02 00:30:00,2.312,186.024,0.0
2024-04-02 08:35:00,1.904,187.928,0.0
2024-04-02 13:40:00,2.419,190.347,0.0
2024-04-02 14:30:00,-1.047,189.3,-1.047
2024-04-02 17:55:00,-1.065,188.235,-2.112
2024-04-03 00:35:00,2.428,190.663,0.0
2024-04-03 01:35:00,-1.044,189.619,-1.044
2024-04-03 06:15:00,2.387,192.006,0.0
2024-04-03 11:05:00,-1.068,190.938,-1.068
2024-04-03 18:20:00,-1.11,189.828,-2.178
2024-04-04 02:25:00,0.382,190.21,-1.796
2024-04-04 08:25:00,-1.063,189.147,-2.859
2024-04-04 10:20:00,-1.157,187.99,-4.016
2024-04-04 19:50:00,-1.118,186.872,-5.134
2024-04-04 20:10:00,2.356,189.228,-2.778
2024-04-05 04:15:00,0.766,189.994,-2.012
2024-04-05 12:00:00,2.441,192.435,0.0
2024-04-05 12:55:00,-1.054,191.381,-1.054
2024-04-05 18:55:00,-1.105,190.276,-2.159
2024-04-06 05:10:00,-1.092,189.184,-3.251
2024-04-06 09:05:00,-1.163,188.021,-4.414
2024-04-06 16:00:00,-1.11,186.911,-5.524
2024-04-06 21:00:00,-1.271,185.64,-6.795
2024-04-07 05:10:00,1.144,186.784,-5.651
2024-04-07 09:30:00,-1.198,185.586,-6.849
2024-04-07 18:05:00,-1.121,184.465,-7.97
2024-04-08 02:10:00,0.927,185.392,-7.043
2024-04-08 03:05:00,2.287,187.679,-4.756
2024-04-08 07:20:00,-1.097,186.582,-5.853
2024-04-08 15:35:00,0.631,187.213,-5.222
2024-04-08 21:50:00,-1.079,186.134,-6.301
2024-04-09 00:25:00,-1.152,184.982,-7.453
2024-04-09 08:05:00,2.387,187.369,-5.066
2024-04-09 16:10:00,-0.047,187.322,-5.113
2024-04-10 02:50:00,2.377,189.699,-2.736
2024-04-10 06:25:00,-1.048,188.651,-3.784
2024-04-10 12:30:00,2.408,191.059,-1.376
2024-04-10 16:50:00,-1.036,190.023,-2.412
2024-04-10 22:00:00,-1.041,188.982,-3.453
2024-04-11 06:05:00,0.105,189.087,-3.348
2024-04-11 09:35:00,-1.19,187.897,-4.538
2024-04-11 17:40:00,-0.849,187.048,-5.387
2024-04-11 21:30:00,-1.068,185.98,-6.455
2024-04-12 05:30:00,-1.091,184.889,-7.546
2024-04-12 12:30:00,2.342,187.231,-5.204
2024-04-12 17:20:00,2.425,189.656,-2.779
2024-04-12 18:30:00,2.44,192.096,-0.339
2024-04-13 02:35:00,0.095,192.191,-0.244
2024-04-13 14:20:00,0.521,192.712,0.0
2024-04-13 15:25:00,-1.104,191.608,-1.104
2024-04-13 17:35:00,2.46,194.068,0.0
2024-04-14 01:40:00,-0.139,193.929,-0.139
2024-04-14 04:35:00,-1.021,192.908,-1.16
2024-04-14 17:20:00,2.449,195.357,0.0
2024-04-14 18:15:00,-1.018,194.339,-1.018
2024-04-14 22:00:00,-1.06,193.279,-2.078
2024-04-15 06:05:00,1.267,194.546,-0.811
2024-04-15 14:10:00,-1.034,193.512,-1.845
2024-04-15 19:00:00,2.469,195.981,0.0
2024-04-16 01:35:00,-1.027,194.954,-1.027
2024-04-16 07:35:00,-1.056,193.898,-2.083
2024-04-16 18:20:00,0.126,194.024,-1.957
2024-04-17 00:50:00,-1.082,192.942,-3.039
2024-04-17 04:30:00,-1.049,191.893,-4.088
2024-04-17 10:45:00,-1.03,190.863,-5.118
2024-04-17 14:15:00,2.446,193.309,-2.672
2024-04-17 18:05:00,-1.028,192.281,-3.7
2024-04-18 03:05:00,-1.041,191.24,-4.741
2024-04-18 07:30:00,2.431,193.671,-2.31
2024-04-18 10:30:00,-1.078,192.593,-3.388
2024-04-18 19:05:00,1.641,194.234,-1.747
2024-04-19 01:20:00,-1.035,193.199,-2.782
2024-04-19 04:35:00,-1.025,192.174,-3.807
2024-04-19 12:40:00,0.737,192.911,-3.07
2024-04-19 22:45:00,-0.503,192.408,-3.573
2024-04-20 09:00:00,-1.048,191.36,-4.621
2024-04-20 15:30:00,-1.081,190.279,-5.702
2024-04-20 23:50:00,1.076,191.355,-4.626
2024-04-21 11:00:00,-0.231,191.124,-4.857
2024-04-21 16:05:00,-1.075,190.049,-5.932
2024-04-22 01:55:00,-0.569,189.48,-6.501
2024-04-22 11:35:00,1.016,190.496,-5.485
2024-04-22 15:00:00,-1.074,189.422,-6.559
2024-04-23 01:50:00,0.67,190.092,-5.889
2024-04-23 14:10:00,2.355,192.447,-3.534
2024-04-23 22:15:00,-0.221,192.226,-3.755
2024-04-24 08:40:00,0.558,192.784,-3.197
2024-04-24 13:30:00,-1.106,191.678,-4.303
2024-04-24 19:00:00,2.441,194.119,-1.862
2024-04-25 03:05:00,0.624,194.743,-1.238
2024-04-25 04:35:00,-1.087,193.656,-2.325
2024-04-25 13:20:00,2.401,196.057,0.0
2024-04-25 15:35:00,-1.051,195.006,-1.051
2024-04-26 06:50:00,0.635,195.641,-0.416
2024-04-26 13:50:00,-1.085,194.556,-1.501
2024-04-26 23:25:00,0.542,195.098,-0.959
2024-04-27 01:15:00,2.418,197.516,0.0
2024-04-27 09:20:00,-0.233,197.283,-0.233
2024-04-27 11:40:00,-1.145,196.138,-1.378
2024-04-27 17:35:00,-1.111,195.027,-2.489
2024-04-28 01:45:00,0.369,195.396,-2.12
2024-04-28 09:55:00,-0.531,194.865,-2.651
2024-04-28 13:10:00,-1.137,193.728,-3.788
2024-04-28 20:10:00,-1.142,192.586,-4.93
2024-04-29 03:05:00,2.431,195.017,-2.499
2024-04-29 11:10:00,0.327,195.344,-2.172
2024-04-29 13:00:00,-1.099,194.245,-3.271
2024-04-29 22:30:00,-1.124,193.121,-4.395
2024-04-30 01:55:00,-1.068,192.053,-5.463
2024-04-30 10:00:00,1.713,193.766,-3.75
2024-04-30 16:00:00,2.39,196.156,-1.36
2024-05-01 00:05:00,-0.07,196.086,-1.43
2024-05-01 07:05:00,2.418,198.504,0.0
2024-05-01 15:10:00,-0.227,198.277,-0.227
2024-05-01 16:10:00,-1.069,197.208,-1.296
2024-05-02 02:05:00,0.238,197.446,-1.058
2024-05-02 05:30:00,-1.066,196.38,-2.124
2024-05-02 15:20:00,2.073,198.453,-0.051
2024-05-03 05:40:00,0.431,198.884,0.0
2024-05-03 10:35:00,-1.083,197.801,-1.083
2024-05-03 20:35:00,1.073,198.874,-0.01
2024-05-04 04:40:00,0.101,198.975,0.0
2024-05-04 18:45:00,0.384,199.359,0.0
2024-05-04 21:30:00,-1.218,198.141,-1.218
2024-05-05 13:20:00,1.448,199.589,0.0
2024-05-06 04:45:00,2.341,201.93,0.0
2024-05-06 08:25:00,2.429,204.359,0.0
2024-05-06 16:30:00,-0.256,204.103,-0.256
2024-05-07 04:30:00,-0.047,204.056,-0.303
2024-05-07 05:35:00,-1.151,202.905,-1.454
2024-05-07 12:40:00,-1.064,201.841,-2.518
2024-05-07 18:20:00,-1.045,200.796,-3.563
2024-05-08 02:25:00,1.231,202.027,-2.332
2024-05-08 12:45:00,0.709,202.736,-1.623
2024-05-08 18:25:00,-1.047,201.689,-2.67
2024-05-09 03:25:00,0.427,202.116,-2.243
2024-05-09 05:40:00,-1.127,200.989,-3.37
2024-05-09 15:05:00,-1.105,199.884,-4.475
2024-05-09 23:10:00,1.18,201.064,-3.295
2024-05-10 05:10:00,-1.106,199.958,-4.401
2024-05-10 11:15:00,-1.071,198.887,-5.472
2024-05-10 14:45:00,2.386,201.273,-3.086
2024-05-10 22:50:00,0.366,201.639,-2.72
2024-05-11 01:10:00,-1.098,200.541,-3.818
2024-05-11 05:10:00,-1.11,199.431,-4.928
2024-05-11 15:10:00,-1.122,198.309,-6.05
2024-05-11 23:35:00,-0.312,197.997,-6.362
2024-05-12 07:15:00,-1.203,196.794,-7.565
2024-05-12 15:20:00,0.207,197.001,-7.358
2024-05-13 01:05:00,-0.247,196.754,-7.605
2024-05-13 09:20:00,-1.053,195.701,-8.658
2024-05-13 16:35:00,2.416,198.117,-6.242
2024-05-13 18:05:00,-1.047,197.07,-7.289
2024-05-14 03:10:00,-1.075,195.995,-8.364
2024-05-14 06:10:00,-1.1,194.895,-9.464
2024-05-14 13:40:00,-1.094,193.801,-10.558
2024-05-14 21:55:00,0.444,194.245,-10.114
2024-05-15 03:10:00,-1.143,193.102,-11.257
2024-05-15 08:00:00,-1.137,191.965,-12.394
2024-05-15 11:35:00,-1.06,190.905,-13.454
2024-05-15 20:35:00,1.186,192.091,-12.268
2024-05-16 03:15:00,2.432,194.523,-9.836
2024-05-16 11:20:00,0.005,194.528,-9.831
2024-05-17 02:05:00,0.162,194.69,-9.669
2024-05-17 08:20:00,2.439,197.129,-7.23
2024-05-17 10:10:00,-1.101,196.028,-8.331
2024-05-17 11:55:00,-1.109,194.919,-9.44
2024-05-17 18:05:00,-1.067,193.852,-10.507
2024-05-18 02:25:00,2.402,196.254,-8.105
2024-05-18 10:30:00,0.155,196.409,-7.95
2024-05-18 11:50:00,-1.138,195.271,-9.088
2024-05-18 14:15:00,-1.118,194.153,-10.206
2024-05-19 02:20:00,1.199,195.352,-9.007
2024-05-19 06:40:00,-1.147,194.205,-10.154
2024-05-19 09:20:00,-1.124,193.081,-11.278
2024-05-19 20:20:00,0.073,193.154,-11.205
2024-05-20 01:30:00,-1.06,192.094,-12.265
2024-05-20 10:25:00,1.392,193.486,-10.873
2024-05-20 12:40:00,-1.113,192.373,-11.986
2024-05-20 19:55:00,2.436,194.809,-9.55
2024-05-21 04:00:00,-0.344,194.465,-9.894
2024-05-21 11:40:00,-1.125,193.34,-11.019
2024-05-21 14:20:00,-1.102,192.238,-12.121
2024-05-21 22:25:00,0.018,192.256,-12.103
2024-05-22 05:45:00,-1.122,191.134,-13.225
2024-05-22 13:50:00,-0.202,190.932,-13.427
2024-05-22 22:00:00,-0.031,190.901,-13.458
2024-05-23 07:05:00,-0.002,190.899,-13.46
2024-05-23 12:55:00,2.391,193.29,-11.069
2024-05-23 21:00:00,-0.256,193.034,-11.325
2024-05-24 05:05:00,-0.578,192.456,-11.903
2024-05-24 13:10:00,0.544,193.0,-11.359
2024-05-24 18:00:00,-1.055,191.945,-12.414
2024-05-25 02:10:00,-1.124,190.821,-13.538
2024-05-25 11:05:00,-1.134,189.687,-14.672
2024-05-25 19:50:00,0.647,190.334,-14.025
2024-05-25 22:45:00,-1.185,189.149,-15.21
2024-05-26 09:20:00,2.363,191.512,-12.847
2024-05-26 15:00:00,-1.078,190.434,-13.925
2024-05-26 23:55:00,-0.2,190.234,-14.125
2024-05-27 10:35:00,-0.784,189.45,-14.909
2024-05-27 16:10:00,2.397,191.847,-12.512
2024-05-27 19:45:00,-1.076,190.771,-13.588
2024-05-28 01:50:00,-1.073,189.698,-14.661
2024-05-28 10:15:00,-1.057,188.641,-15.718
2024-05-28 15:20:00,-1.065,187.576,-16.783
2024-05-28 19:10:00,-1.066,186.51,-17.849
2024-05-29 03:15:00,0.518,187.028,-17.331
2024-05-29 09:20:00,-1.063,185.965,-18.394
2024-05-29 10:50:00,-1.097,184.868,-19.491
2024-05-29 11:50:00,-1.117,183.751,-20.608
2024-05-29 16:45:00,-1.088,182.663,-21.696
2024-05-30 05:50:00,-0.727,181.936,-22.423
2024-05-30 14:05:00,-1.105,180.831,-23.528
2024-05-30 17:40:00,2.353,183.184,-21.175
2024-05-30 19:40:00,-1.06,182.124,-22.235
2024-05-31 03:45:00,0.473,182.597,-21.762
2024-05-31 11:00:00,-1.1,181.497,-22.862
2024-05-31 12:30:00,2.302,183.799,-20.56
2024-05-31 13:30:00,-1.081,182.718,-21.641
2024-05-31 21:35:00,0.39,183.108,-21.251
2024-06-01 00:40:00,-1.203,181.905,-22.454
2024-06-01 10:05:00,-0.106,181.799,-22.56
2024-06-01 17:45:00,-1.408,180.391,-23.968
2024-06-01 22:05:00,-1.311,179.08,-25.279
2024-06-02 07:10:00,1.076,180.156,-24.203
2024-06-02 15:25:00,0.278,180.434,-23.925
2024-06-03 01:10:00,-0.045,180.389,-23.97
2024-06-03 06:25:00,-1.086,179.303,-25.056
2024-06-03 14:30:00,-1.15,178.153,-26.206
2024-06-03 22:35:00,-0.386,177.767,-26.592
2024-06-04 00:45:00,-1.175,176.592,-27.767
2024-06-04 13:45:00,-0.207,176.385,-27.974
2024-06-04 16:15:00,2.328,178.713,-25.646
2024-06-05 00:20:00,0.92,179.633,-24.726
2024-06-05 02:25:00,2.314,181.947,-22.412
2024-06-05 10:30:00,-0.821,181.126,-23.233
2024-06-05 14:05:00,-1.098,180.028,-24.331
2024-06-05 23:30:00,-0.576,179.452,-24.907
2024-06-06 15:55:00,0.302,179.754,-24.605
2024-06-06 20:00:00,2.383,182.137,-22.222
2024-06-07 04:05:00,-0.906,181.231,-23.128
2024-06-07 12:20:00,0.427,181.658,-22.701
2024-06-07 18:00:00,2.433,184.091,-20.268
2024-06-08 02:05:00,-0.467,183.624,-20.735
2024-06-08 07:15:00,-1.26,182.364,-21.995
2024-06-08 12:00:00,2.344,184.708,-19.651
2024-06-08 20:05:00,-0.165,184.543,-19.816
2024-06-09 03:20:00,2.305,186.848,-17.511
2024-06-09 03:50:00,-1.148,185.7,-18.659
2024-06-09 09:20:00,-1.166,184.534,-19.825
2024-06-09 18:30:00,-1.176,183.358,-21.001
2024-06-10 02:35:00,-0.172,183.186,-21.173
2024-06-10 07:45:00,2.333,185.519,-18.84
2024-06-10 08:15:00,-1.114,184.405,-19.954
2024-06-10 14:45:00,-1.185,183.22,-21.139
2024-06-10 23:05:00,-0.438,182.782,-21.577
2024-06-11 01:15:00,-1.164,181.618,-22.741
2024-06-11 09:55:00,1.575,183.193,-21.166
2024-06-11 15:40:00,2.395,185.588,-18.771
2024-06-11 23:45:00,-0.5,185.088,-19.271
2024-06-12 03:00:00,-1.072,184.016,-20.343
2024-06-12 07:15:00,-1.1,182.916,-21.443
2024-06-12 09:55:00,-1.128,181.788,-22.571
2024-06-12 12:30:00,-1.198,180.59,-23.769
2024-06-12 19:50:00,-1.025,179.565,-24.794
2024-06-13 03:55:00,0.02,179.585,-24.774
2024-06-13 14:45:00,0.375,179.96,-24.399
2024-06-13 23:25:00,0.093,180.053,-24.306
2024-06-14 05:30:00,-1.126,178.927,-25.432
2024-06-14 16:05:00,2.432,181.359,-23.0
2024-06-15 00:10:00,-0.509,180.85,-23.509
2024-06-15 14:35:00,-0.196,180.654,-23.705
2024-06-15 23:30:00,-1.196,179.458,-24.901
2024-06-16 09:00:00,0.218,179.676,-24.683
2024-06-16 10:00:00,-1.179,178.497,-25.862
2024-06-16 15:40:00,2.343,180.84,-23.519
2024-06-16 23:45:00,1.572,182.412,-21.947
2024-06-17 01:15:00,-1.163,181.249,-23.11
2024-06-17 06:50:00,-1.087,180.162,-24.197
2024-06-17 10:20:00,2.408,182.57,-21.789
2024-06-17 18:25:00,-0.719,181.851,-22.508
2024-06-17 20:00:00,-1.064,180.787,-23.572
2024-06-18 01:40:00,2.449,183.236,-21.123
2024-06-18 09:45:00,-0.626,182.61,-21.749
2024-06-18 19:40:00,1.98,184.59,-19.769
2024-06-18 20:05:00,-1.055,183.535,-20.824
2024-06-19 09:15:00,-1.088,182.447,-21.912
2024-06-19 11:00:00,-1.114,181.333,-23.026
2024-06-19 19:15:00,1.468,182.801,-21.558
2024-06-20 03:25:00,0.835,183.636,-20.723
2024-06-20 13:15:00,-1.061,182.575,-21.784
2024-06-20 21:20:00,0.387,182.962,-21.397
2024-06-21 11:00:00,0.347,183.309,-21.05
2024-06-21 14:20:00,-1.07,182.239,-22.12
2024-06-21 19:25:00,-1.067,181.172,-23.187
2024-06-21 21:55:00,-1.085,180.087,-24.272
2024-06-22 06:45:00,0.569,180.656,-23.703
2024-06-22 16:10:00,0.151,180.807,-23.552
2024-06-23 00:20:00,-1.141,179.666,-24.693
2024-06-23 08:25:00,-0.141,179.525,-24.834
2024-06-23 16:50:00,2.364,181.889,-22.47
2024-06-23 19:20:00,-1.103,180.786,-23.573
2024-06-24 01:40:00,2.42,183.206,-21.153
2024-06-24 09:45:00,0.522,183.728,-20.631
2024-06-24 17:15:00,-1.052,182.676,-21.683
2024-06-24 21:00:00,-1.057,181.619,-22.74
2024-06-25 05:05:00,1.774,183.393,-20.966
2024-06-25 17:35:00,0.994,184.387,-19.972
2024-06-25 22:50:00,-1.082,183.305,-21.054
2024-06-26 09:20:00,-0.688,182.617,-21.742
2024-06-26 16:45:00,-1.137,181.48,-22.879
2024-06-27 03:55:00,-0.091,181.389,-22.97
2024-06-27 09:50:00,-1.099,180.29,-24.069
2024-06-27 13:00:00,2.44,182.73,-21.629
2024-06-27 21:05:00,0.325,183.055,-21.304
2024-06-28 00:35:00,-1.102,181.953,-22.406
2024-06-28 02:30:00,-1.072,180.881,-23.478
2024-06-28 13:00:00,-1.122,179.759,-24.6
2024-06-28 22:15:00,0.839,180.598,-23.761
2024-06-29 00:30:00,-1.172,179.426,-24.933
2024-06-29 05:30:00,2.205,181.631,-22.728
2024-06-29 07:00:00,-1.174,180.457,-23.902
2024-06-29 14:40:00,-1.132,179.325,-25.034
2024-06-29 19:30:00,-1.131,178.194,-26.165
2024-06-30 02:40:00,2.34,180.534,-23.825
2024-06-30 07:05:00,-1.087,179.447,-24.912
2024-06-30 16:10:00,1.522,180.969,-23.39
2024-06-30 22:25:00,2.378,183.347,-21.012
2024-07-01 06:30:00,0.09,183.437,-20.922
2024-07-01 08:35:00,-1.169,182.268,-22.091
2024-07-01 20:40:00,0.247,182.515,-21.844
2024-07-02 08:10:00,-1.111,181.404,-22.955
2024-07-02 13:40:00,2.384,183.788,-20.571
2024-07-02 13:55:00,-1.131,182.657,-21.702
2024-07-03 02:05:00,0.338,182.995,-21.364
2024-07-03 10:30:00,2.428,185.423,-18.936
2024-07-03 18:35:00,0.737,186.16,-18.199
2024-07-04 00:35:00,-1.102,185.058,-19.301
2024-07-04 01:55:00,2.441,187.499,-16.86
2024-07-04 10:00:00,0.044,187.543,-16.816
2024-07-04 14:40:00,-1.052,186.491,-17.868
2024-07-05 00:35:00,2.451,188.942,-15.417
2024-07-05 08:40:00,0.644,189.586,-14.773
2024-07-05 10:10:00,-1.03,188.556,-15.803
2024-07-05 13:35:00,-1.033,187.523,-16.836
2024-07-05 23:10:00,0.535,188.058,-16.301
2024-07-06 01:55:00,-1.036,187.022,-17.337
2024-07-06 06:05:00,-1.062,185.96,-18.399
2024-07-06 14:30:00,1.334,187.294,-17.065
2024-07-06 23:30:00,1.39,188.684,-15.675
2024-07-07 04:30:00,-1.065,187.619,-16.74
2024-07-07 07:05:00,-1.146,186.473,-17.886
2024-07-07 12:40:00,-1.09,185.383,-18.976
2024-07-07 21:20:00,1.202,186.585,-17.774
2024-07-08 05:25:00,0.419,187.004,-17.355
2024-07-08 08:05:00,-1.073,185.931,-18.428
2024-07-08 16:10:00,1.017,186.948,-17.411
2024-07-08 20:10:00,-1.037,185.911,-18.448
2024-07-09 00:30:00,-1.053,184.858,-19.501
2024-07-09 04:10:00,-1.041,183.817,-20.542
2024-07-09 12:15:00,0.026,183.843,-20.516
2024-07-09 20:45:00,-1.04,182.803,-21.556
2024-07-09 22:00:00,-1.131,181.672,-22.687
2024-07-10 04:00:00,-1.06,180.612,-23.747
2024-07-10 05:05:00,2.395,183.007,-21.352
2024-07-10 12:25:00,-1.042,181.965,-22.394
2024-07-10 16:15:00,-1.089,180.876,-23.483
2024-07-10 17:15:00,-1.107,179.769,-24.59
2024-07-11 01:20:00,-0.367,179.402,-24.957
2024-07-11 03:15:00,-1.061,178.341,-26.018
2024-07-11 09:40:00,-1.047,177.294,-27.065
2024-07-11 12:30:00,2.305,179.599,-24.76
2024-07-11 13:05:00,-1.055,178.544,-25.815
2024-07-11 22:15:00,2.092,180.636,-23.723
2024-07-12 02:20:00,-1.146,179.49,-24.869
2024-07-12 13:10:00,-1.08,178.41,-25.949
2024-07-12 21:15:00,0.435,178.845,-25.514
2024-07-13 07:25:00,0.443,179.288,-25.071
2024-07-13 17:35:00,-0.148,179.14,-25.219
2024-07-13 21:05:00,-1.342,177.798,-26.561
2024-07-14 06:50:00,1.438,179.236,-25.123
2024-07-14 11:35:00,-1.153,178.083,-26.276
2024-07-14 21:25:00,2.377,180.46,-23.899
2024-07-15 01:15:00,2.405,182.865,-21.494
2024-07-15 09:20:00,0.271,183.136,-21.223
2024-07-15 20:30:00,2.145,185.281,-19.078
2024-07-16 05:15:00,0.45,185.731,-18.628
2024-07-16 14:00:00,-1.118,184.613,-19.746
2024-07-16 23:20:00,0.823,185.436,-18.923
2024-07-17 07:30:00,-0.538,184.898,-19.461
2024-07-17 15:15:00,-1.082,183.816,-20.543
2024-07-18 00:05:00,0.745,184.561,-19.798
2024-07-18 08:40:00,0.176,184.737,-19.622
2024-07-18 14:45:00,-1.061,183.676,-20.683
2024-07-18 22:50:00,-0.558,183.118,-21.241
2024-07-19 03:20:00,-1.13,181.988,-22.371
2024-07-19 06:10:00,2.414,184.402,-19.957
2024-07-19 08:05:00,-1.04,183.362,-20.997
2024-07-19 16:00:00,2.435,185.797,-18.562
2024-07-20 00:05:00,-0.337,185.46,-18.899
2024-07-20 09:20:00,-0.592,184.868,-19.491
2024-07-20 11:20:00,-1.151,183.717,-20.642
2024-07-20 13:15:00,-1.153,182.564,-21.795
2024-07-20 17:45:00,2.407,184.971,-19.388
2024-07-21 01:50:00,-0.098,184.873,-19.486
2024-07-21 04:55:00,-1.132,183.741,-20.618
2024-07-21 12:05:00,2.189,185.93,-18.429
2024-07-21 18:10:00,-1.061,184.869,-19.49
2024-07-22 02:30:00,0.908,185.777,-18.582
2024-07-22 18:05:00,1.201,186.978,-17.381
2024-07-22 22:05:00,-1.052,185.926,-18.433
2024-07-23 04:35:00,-1.076,184.85,-19.509
2024-07-23 12:40:00,0.301,185.151,-19.208
2024-07-23 14:25:00,-1.133,184.018,-20.341
2024-07-23 16:55:00,-1.047,182.971,-21.388
2024-07-24 01:00:00,-0.171,182.8,-21.559
2024-07-24 14:30:00,2.396,185.196,-19.163
2024-07-24 16:05:00,-1.066,184.13,-20.229
2024-07-24 21:30:00,-1.046,183.084,-21.275
2024-07-25 01:05:00,-1.061,182.023,-22.336
2024-07-25 09:20:00,0.717,182.74,-21.619
2024-07-25 14:50:00,-1.062,181.678,-22.681
2024-07-25 21:00:00,-1.054,180.624,-23.735
2024-07-26 08:15:00,2.097,182.721,-21.638
2024-07-26 13:55:00,2.381,185.102,-19.257
2024-07-26 22:00:00,-0.132,184.97,-19.389
2024-07-27 01:10:00,-1.163,183.807,-20.552
2024-07-27 08:00:00,2.363,186.17,-18.189
2024-07-27 15:05:00,-1.067,185.103,-19.256
2024-07-27 19:10:00,2.307,187.41,-16.949
2024-07-27 21:05:00,2.408,189.818,-14.541
2024-07-28 05:10:00,-0.481,189.337,-15.022
2024-07-28 15:50:00,0.175,189.512,-14.847
2024-07-28 16:55:00,-1.19,188.322,-16.037
2024-07-28 22:45:00,-1.117,187.205,-17.154
2024-07-29 02:35:00,2.402,189.607,-14.752
2024-07-29 10:40:00,0.162,189.769,-14.59
2024-07-29 13:55:00,-1.154,188.615,-15.744
2024-07-29 23:15:00,2.374,190.989,-13.37
2024-07-30 07:20:00,-0.217,190.772,-13.587
2024-07-30 16:05:00,0.888,191.66,-12.699
2024-07-31 01:20:00,-0.703,190.957,-13.402
2024-07-31 05:50:00,-1.125,189.832,-14.527
2024-07-31 14:05:00,0.121,189.953,-14.406
2024-07-31 22:30:00,2.006,191.959,-12.4
2024-08-01 04:20:00,2.389,194.348,-10.011
2024-08-01 12:05:00,-1.073,193.275,-11.084
2024-08-01 15:00:00,2.413,195.688,-8.671
2024-08-01 23:05:00,-0.546,195.142,-9.217
2024-08-02 06:25:00,2.436,197.578,-6.781
2024-08-02 10:45:00,-1.035,196.543,-7.816
2024-08-02 12:30:00,-1.092,195.451,-8.908
2024-08-02 13:40:00,-1.078,194.373,-9.986
2024-08-02 22:35:00,1.714,196.087,-8.272
2024-08-03 08:55:00,0.191,196.278,-8.081
2024-08-03 10:55:00,-1.052,195.226,-9.133
2024-08-03 15:45:00,2.413,197.639,-6.72
2024-08-03 23:50:00,0.769,198.408,-5.951
2024-08-04 08:00:00,2.373,200.781,-3.578
2024-08-04 10:55:00,-1.046,199.735,-4.624
2024-08-04 14:45:00,2.419,202.154,-2.205
2024-08-04 22:50:00,-0.386,201.768,-2.591
2024-08-05 00:55:00,2.454,204.222,-0.137
2024-08-05 06:20:00,2.483,206.705,0.0
2024-08-05 07:40:00,-1.01,205.695,-1.01
2024-08-05 13:45:00,-1.023,204.672,-2.033
2024-08-06 00:15:00,-1.028,203.644,-3.061
2024-08-06 08:20:00,0.772,204.416,-2.289
2024-08-06 13:20:00,-1.084,203.332,-3.373
2024-08-06 22:20:00,0.352,203.684,-3.021
2024-08-07 01:10:00,-1.057,202.627,-4.078
2024-08-07 09:50:00,0.752,203.379,-3.326
2024-08-07 14:15:00,-1.086,202.293,-4.412
2024-08-08 01:20:00,-1.053,201.24,-5.465
2024-08-08 09:25:00,0.931,202.171,-4.534
2024-08-08 10:00:00,-1.158,201.013,-5.692
2024-08-08 20:35:00,-0.47,200.543,-6.162
2024-08-08 21:45:00,2.373,202.916,-3.789
2024-08-09 05:50:00,-0.68,202.236,-4.469
2024-08-09 10:20:00,-1.102,201.134,-5.571
2024-08-09 22:35:00,-0.407,200.727,-5.978
2024-08-10 07:00:00,-0.327,200.4,-6.305
2024-08-10 16:40:00,0.188,200.588,-6.117
2024-08-11 01:55:00,0.444,201.032,-5.673
2024-08-11 09:20:00,2.331,203.363,-3.342
2024-08-11 09:35:00,-1.13,202.233,-4.472
2024-08-11 13:10:00,2.409,204.642,-2.063
2024-08-11 21:05:00,2.442,207.084,0.0
2024-08-12 05:10:00,-0.145,206.939,-0.145
2024-08-12 07:30:00,-1.135,205.804,-1.28
2024-08-12 10:55:00,-1.057,204.747,-2.337
2024-08-12 14:00:00,-1.036,203.711,-3.373
2024-08-12 21:00:00,-1.024,202.687,-4.397
2024-08-12 23:15:00,-1.044,201.643,-5.441
2024-08-13 03:45:00,2.373,204.016,-3.068
2024-08-13 05:30:00,-1.06,202.956,-4.128
2024-08-13 12:30:00,-1.082,201.874,-5.21
2024-08-13 14:30:00,-1.085,200.789,-6.295
2024-08-13 16:35:00,-1.055,199.734,-7.35
2024-08-13 19:15:00,-1.05,198.684,-8.4
2024-08-14 03:20:00,0.197,198.881,-8.203
2024-08-14 09:15:00,-1.126,197.755,-9.329
2024-08-14 12:40:00,2.389,200.144,-6.94
2024-08-14 13:45:00,-1.039,199.105,-7.979
2024-08-15 00:40:00,-0.083,199.022,-8.062
2024-08-15 10:10:00,0.499,199.521,-7.563
2024-08-15 11:25:00,-1.1,198.421,-8.663
2024-08-15 17:55:00,-1.077,197.344,-9.74
2024-08-16 02:00:00,0.492,197.836,-9.248
2024-08-16 11:50:00,-1.116,196.72,-10.364
2024-08-16 15:25:00,2.42,199.14,-7.944
2024-08-16 16:25:00,-1.056,198.084,-9.0
2024-08-16 17:55:00,-1.041,197.043,-10.041
2024-08-17 05:20:00,0.416,197.459,-9.625
2024-08-17 09:25:00,-1.199,196.26,-10.824
2024-08-17 22:40:00,0.771,197.031,-10.053
2024-08-18 01:55:00,-1.238,195.793,-11.291
2024-08-18 04:00:00,-1.11,194.683,-12.401
2024-08-18 10:15:00,2.373,197.056,-10.028
2024-08-18 18:20:00,-0.311,196.745,-10.339
2024-08-18 23:10:00,-1.121,195.624,-11.46
2024-08-19 01:10:00,2.36,197.984,-9.1
2024-08-19 06:50:00,-1.121,196.863,-10.221
2024-08-19 12:55:00,-1.053,195.81,-11.274
2024-08-19 14:20:00,-1.105,194.705,-12.379
2024-08-19 18:10:00,-1.052,193.653,-13.431
2024-08-20 01:00:00,2.393,196.046,-11.038
2024-08-20 09:05:00,-0.319,195.727,-11.357
2024-08-20 22:20:00,0.179,195.906,-11.178
2024-08-21 06:05:00,-1.207,194.699,-12.385
2024-08-21 12:15:00,2.323,197.022,-10.062
2024-08-21 14:05:00,-1.14,195.882,-11.202
2024-08-22 02:45:00,-1.08,194.802,-12.282
2024-08-22 07:45:00,-1.066,193.736,-13.348
2024-08-22 14:05:00,-1.14,192.596,-14.488
2024-08-22 22:10:00,-0.715,191.881,-15.203
2024-08-23 08:25:00,0.784,192.665,-14.419
2024-08-23 14:00:00,-1.244,191.421,-15.663
2024-08-23 17:50:00,-1.035,190.386,-16.698
2024-08-24 01:55:00,1.577,191.963,-15.121
2024-08-24 10:20:00,1.325,193.288,-13.796
2024-08-24 18:35:00,0.882,194.17,-12.914
2024-08-25 01:35:00,-1.091,193.079,-14.005
2024-08-25 07:10:00,-1.132,191.947,-15.137
2024-08-25 17:05:00,1.497,193.444,-13.64
2024-08-25 23:45:00,-1.063,192.381,-14.703
2024-08-26 11:20:00,1.124,193.505,-13.579
2024-08-26 22:20:00,-0.13,193.375,-13.709
2024-08-27 06:25:00,-1.171,192.204,-14.88
2024-08-27 10:15:00,2.341,194.545,-12.539
2024-08-27 18:20:00,-0.254,194.291,-12.793
2024-08-27 21:10:00,2.293,196.584,-10.5
2024-08-28 05:15:00,1.199,197.783,-9.301
2024-08-28 08:00:00,2.401,200.184,-6.9
2024-08-28 09:50:00,-1.037,199.147,-7.937
2024-08-28 15:35:00,2.394,201.541,-5.543
2024-08-28 20:20:00,-1.075,200.466,-6.618
2024-08-29 00:20:00,-1.076,199.39,-7.694
2024-08-29 06:35:00,-1.087,198.303,-8.781
2024-08-29 09:10:00,-1.216,197.087,-9.997
2024-08-29 15:15:00,-1.136,195.951,-11.133
2024-08-29 18:50:00,2.425,198.376,-8.708
2024-08-30 02:55:00,0.065,198.441,-8.643
2024-08-30 11:10:00,-0.491,197.95,-9.134
2024-08-30 12:15:00,-1.117,196.833,-10.251
2024-08-30 15:00:00,2.426,199.259,-7.825
2024-08-30 23:05:00,-0.602,198.657,-8.427
2024-08-31 08:45:00,2.249,200.906,-6.178
2024-08-31 16:50:00,0.426,201.332,-5.752
2024-09-01 01:15:00,0.485,201.817,-5.267
2024-09-01 09:45:00,1.868,203.685,-3.399
2024-09-01 14:45:00,-1.1,202.585,-4.499
2024-09-01 18:20:00,-1.107,201.478,-5.606
2024-09-01 22:15:00,-1.052,200.426,-6.658
2024-09-02 04:55:00,2.428,202.854,-4.23
2024-09-02 08:30:00,-1.049,201.805,-5.279
2024-09-02 13:15:00,-1.158,200.647,-6.437
2024-09-02 14:30:00,-1.113,199.534,-7.55
2024-09-02 22:35:00,0.806,200.34,-6.744
2024-09-03 04:55:00,-1.077,199.263,-7.821
2024-09-03 12:05:00,-1.099,198.164,-8.92
2024-09-03 13:30:00,-1.105,197.059,-10.025
2024-09-03 21:35:00,1.101,198.16,-8.924
2024-09-04 01:00:00,2.385,200.545,-6.539
2024-09-04 07:05:00,-1.022,199.523,-7.561
2024-09-04 09:45:00,-1.138,198.385,-8.699
2024-09-04 14:10:00,-1.083,197.302,-9.782
2024-09-04 22:40:00,0.647,197.949,-9.135
2024-09-05 03:00:00,-1.117,196.832,-10.252
2024-09-05 04:50:00,-1.068,195.764,-11.32
2024-09-05 06:20:00,-1.054,194.71,-12.374
2024-09-05 15:25:00,-1.058,193.652,-13.432
2024-09-05 23:30:00,0.3,193.952,-13.132
2024-09-06 07:20:00,2.335,196.287,-10.797
2024-09-06 10:20:00,-1.047,195.24,-11.844
2024-09-06 12:30:00,2.304,197.544,-9.54
2024-09-06 14:05:00,-1.08,196.464,-10.62
2024-09-06 22:10:00,1.135,197.599,-9.485
2024-09-07 15:00:00,-1.092,196.507,-10.577
2024-09-07 17:35:00,-1.072,195.435,-11.649
2024-09-07 19:25:00,-1.14,194.295,-12.789
2024-09-07 21:10:00,-1.107,193.188,-13.896
2024-09-08 01:10:00,-1.162,192.026,-15.058
2024-09-08 09:10:00,2.368,194.394,-12.69
2024-09-08 12:30:00,-1.092,193.302,-13.782
2024-09-08 17:55:00,-1.18,192.122,-14.962
2024-09-09 02:00:00,0.153,192.275,-14.809
2024-09-09 07:55:00,-1.104,191.171,-15.913
2024-09-09 14:15:00,-1.124,190.047,-17.037
2024-09-09 16:10:00,-1.071,188.976,-18.108
2024-09-10 00:15:00,1.092,190.068,-17.016
2024-09-10 13:45:00,-0.2,189.868,-17.216
2024-09-10 22:30:00,-0.216,189.652,-17.432
2024-09-11 08:45:00,2.345,191.997,-15.087
2024-09-11 12:30:00,-1.106,190.891,-16.193
2024-09-11 13:00:00,-1.111,189.78,-17.304
2024-09-11 17:50:00,-1.039,188.741,-18.343
2024-09-11 19:00:00,-1.122,187.619,-19.465
2024-09-12 08:40:00,0.679,188.298,-18.786
2024-09-12 12:35:00,-1.18,187.118,-19.966
2024-09-12 15:45:00,-1.077,186.041,-21.043
2024-09-13 01:55:00,-0.586,185.455,-21.629
2024-09-13 06:35:00,-1.214,184.241,-22.843
2024-09-13 12:20:00,2.311,186.552,-20.532
2024-09-13 14:55:00,-1.078,185.474,-21.61
2024-09-13 21:25:00,2.428,187.902,-19.182
2024-09-14 05:30:00,-0.746,187.156,-19.928
2024-09-14 10:20:00,-1.222,185.934,-21.15
2024-09-14 18:05:00,-1.183,184.751,-22.333
2024-09-15 01:15:00,2.127,186.878,-20.206
2024-09-15 04:25:00,-1.192,185.686,-21.398
2024-09-15 08:20:00,-1.262,184.424,-22.66
2024-09-15 11:35:00,2.256,186.68,-20.404
2024-09-15 17:10:00,2.334,189.014,-18.07
2024-09-16 01:15:00,1.36,190.374,-16.71
2024-09-16 08:20:00,-1.085,189.289,-17.795
2024-09-16 14:00:00,-1.116,188.173,-18.911
2024-09-16 22:25:00,-0.071,188.102,-18.982
2024-09-17 05:30:00,-1.109,186.993,-20.091
2024-09-17 13:50:00,-1.118,185.875,-21.209
2024-09-17 14:10:00,-1.088,184.787,-22.297
2024-09-17 22:15:00,-0.403,184.384,-22.7
2024-09-18 06:30:00,0.674,185.058,-22.026
2024-09-18 10:05:00,2.327,187.385,-19.699
2024-09-18 18:00:00,-1.063,186.322,-20.762
2024-09-19 02:05:00,1.64,187.962,-19.122
2024-09-19 10:45:00,1.187,189.149,-17.935
2024-09-19 14:30:00,2.341,191.49,-15.594
2024-09-19 22:35:00,0.244,191.734,-15.35
2024-09-20 04:40:00,2.417,194.151,-12.933
2024-09-20 12:45:00,0.607,194.758,-12.326
2024-09-21 03:25:00,-0.252,194.506,-12.578
2024-09-21 15:15:00,0.415,194.921,-12.163
2024-09-22 01:20:00,0.006,194.927,-12.157
2024-09-22 06:15:00,-1.145,193.782,-13.302
2024-09-22 09:20:00,-1.167,192.615,-14.469
2024-09-22 14:30:00,2.372,194.987,-12.097
2024-09-22 17:10:00,-1.125,193.862,-13.222
2024-09-22 19:55:00,-1.128,192.734,-14.35
2024-09-22 22:40:00,-1.05,191.684,-15.4
2024-09-23 09:10:00,-0.586,191.098,-15.986
2024-09-23 14:15:00,-1.125,189.973,-17.111
2024-09-23 23:10:00,-0.699,189.274,-17.81
2024-09-24 11:00:00,-0.195,189.079,-18.005
2024-09-24 14:00:00,-1.134,187.945,-19.139
2024-09-24 22:25:00,2.406,190.351,-16.733
2024-09-25 06:30:00,-0.555,189.796,-17.288
2024-09-25 10:00:00,-1.193,188.603,-18.481
2024-09-25 12:35:00,-1.155,187.448,-19.636
2024-09-25 17:30:00,-1.143,186.305,-20.779
2024-09-25 21:55:00,-1.115,185.19,-21.894
2024-09-26 03:00:00,-1.138,184.052,-23.032
2024-09-26 10:30:00,2.366,186.418,-20.666
2024-09-26 15:35:00,2.411,188.829,-18.255
2024-09-26 23:40:00,-0.466,188.363,-18.721
2024-09-27 01:40:00,-1.166,187.197,-19.887
2024-09-27 06:10:00,2.369,189.566,-17.518
2024-09-27 10:40:00,-1.068,188.498,-18.586
2024-09-27 14:30:00,2.397,190.895,-16.189
2024-09-27 22:35:00,-0.533,190.362,-16.722
2024-09-28 10:00:00,-1.211,189.151,-17.933
2024-09-28 18:05:00,-0.051,189.1,-17.984
2024-09-29 06:20:00,-0.789,188.311,-18.773
2024-09-29 14:25:00,-0.652,187.659,-19.425
2024-09-29 20:05:00,2.353,190.012,-17.072
2024-09-29 23:25:00,-1.078,188.934,-18.15
2024-09-30 02:50:00,-1.082,187.852,-19.232
2024-09-30 10:55:00,0.921,188.773,-18.311
2024-09-30 15:40:00,-1.102,187.671,-19.413
2024-09-30 23:45:00,1.87,189.541,-17.543
2024-10-01 01:05:00,-1.062,188.479,-18.605
2024-10-01 13:25:00,-1.19,187.289,-19.795
2024-10-01 14:50:00,2.407,189.696,-17.388
2024-10-01 22:55:00,1.611,191.307,-15.777
2024-10-02 00:40:00,-1.095,190.212,-16.872
2024-10-02 13:05:00,2.387,192.599,-14.485
2024-10-02 13:55:00,-1.069,191.53,-15.554
2024-10-03 01:35:00,1.002,192.532,-14.552
2024-10-03 08:10:00,2.362,194.894,-12.19
2024-10-03 16:15:00,0.585,195.479,-11.605
2024-10-04 01:20:00,-1.062,194.417,-12.667
2024-10-04 12:25:00,-1.147,193.27,-13.814
2024-10-04 12:30:00,-1.123,192.147,-14.937
2024-10-04 12:55:00,2.321,194.468,-12.616
2024-10-04 14:20:00,-1.05,193.418,-13.666
2024-10-04 15:10:00,-1.044,192.374,-14.71
2024-10-04 23:15:00,0.082,192.456,-14.628
2024-10-05 02:50:00,-1.17,191.286,-15.798
2024-10-05 12:40:00,0.897,192.183,-14.901
2024-10-05 13:30:00,-1.22,190.963,-16.121
2024-10-06 00:15:00,-0.129,190.834,-16.25
2024-10-06 09:35:00,0.163,190.997,-16.087
2024-10-06 14:55:00,2.334,193.331,-13.753
2024-10-06 23:00:00,-0.22,193.111,-13.973
2024-10-07 01:30:00,2.386,195.497,-11.587
2024-10-07 09:20:00,-1.061,194.436,-12.648
2024-10-07 14:40:00,2.413,196.849,-10.235
2024-10-07 18:45:00,-1.034,195.815,-11.269
2024-10-08 02:50:00,0.364,196.179,-10.905
2024-10-08 13:15:00,0.652,196.831,-10.253
2024-10-08 13:35:00,-1.105,195.726,-11.358
2024-10-08 22:30:00,-0.39,195.336,-11.748
2024-10-09 01:15:00,-1.136,194.2,-12.884
2024-10-09 05:10:00,-1.087,193.113,-13.971
2024-10-09 05:55:00,-1.151,191.962,-15.122
2024-10-09 15:15:00,0.146,192.108,-14.976
2024-10-10 00:35:00,1.117,193.225,-13.859
2024-10-10 01:40:00,-1.086,192.139,-14.945
2024-10-10 12:25:00,-1.161,190.978,-16.106
2024-10-10 18:10:00,2.39,193.368,-13.716
2024-10-10 20:10:00,-1.065,192.303,-14.781
2024-10-11 09:55:00,1.409,193.712,-13.372
2024-10-11 15:10:00,2.345,196.057,-11.027
2024-10-11 23:15:00,0.093,196.15,-10.934
2024-10-12 12:15:00,0.664,196.814,-10.27
2024-10-12 15:55:00,-1.115,195.699,-11.385
2024-10-13 09:45:00,2.23,197.929,-9.155
2024-10-13 11:55:00,-1.145,196.784,-10.3
2024-10-13 21:55:00,-1.119,195.665,-11.419
2024-10-14 04:00:00,2.418,198.083,-9.001
2024-10-14 12:05:00,0.112,198.195,-8.889
2024-10-14 22:05:00,0.992,199.187,-7.897
2024-10-15 03:55:00,-1.138,198.049,-9.035
2024-10-15 11:10:00,-1.11,196.939,-10.145
2024-10-15 13:40:00,-1.11,195.829,-11.255
2024-10-15 14:35:00,-1.071,194.758,-12.326
2024-10-15 22:40:00,-0.124,194.634,-12.45
2024-10-16 07:50:00,-0.709,193.925,-13.159
2024-10-16 11:25:00,2.366,196.291,-10.793
2024-10-16 12:00:00,-1.073,195.218,-11.866
2024-10-16 21:15:00,-1.068,194.15,-12.934
2024-10-17 00:20:00,-1.127,193.023,-14.061
2024-10-17 12:45:00,0.959,193.982,-13.102
2024-10-17 22:10:00,0.374,194.356,-12.728
2024-10-18 10:05:00,0.283,194.639,-12.445
2024-10-18 13:40:00,-1.154,193.485,-13.599
2024-10-18 21:45:00,-0.016,193.469,-13.615
2024-10-19 07:15:00,-0.693,192.776,-14.308
2024-10-19 14:00:00,-1.297,191.479,-15.605
2024-10-19 15:00:00,2.299,193.778,-13.306
2024-10-19 23:05:00,0.801,194.579,-12.505
2024-10-20 07:15:00,-0.071,194.508,-12.576
2024-10-20 12:55:00,-1.164,193.344,-13.74
2024-10-20 21:00:00,2.395,195.739,-11.345
2024-10-21 04:55:00,2.44,198.179,-8.905
2024-10-21 07:55:00,-1.075,197.104,-9.98
2024-10-21 16:35:00,-1.08,196.024,-11.06
2024-10-22 00:25:00,-1.119,194.905,-12.179
2024-10-22 09:25:00,-0.546,194.359,-12.725
2024-10-22 18:35:00,0.408,194.767,-12.317
2024-10-22 23:45:00,-1.129,193.638,-13.446
2024-10-23 03:00:00,-1.127,192.511,-14.573
2024-10-23 11:05:00,-0.31,192.201,-14.883
2024-10-23 16:45:00,-1.084,191.117,-15.967
2024-10-23 18:40:00,-1.06,190.057,-17.027
2024-10-24 03:05:00,0.483,190.54,-16.544
2024-10-24 04:15:00,-1.258,189.282,-17.802
2024-10-24 18:35:00,0.906,190.188,-16.896
2024-10-25 00:40:00,-1.148,189.04,-18.044
2024-10-25 07:10:00,-1.141,187.899,-19.185
2024-10-25 13:50:00,-1.102,186.797,-20.287
2024-10-25 15:45:00,-1.068,185.729,-21.355
2024-10-25 23:05:00,2.453,188.182,-18.902
2024-10-26 06:35:00,-1.036,187.146,-19.938
2024-10-26 18:10:00,-1.106,186.04,-21.044
2024-10-26 20:05:00,2.327,188.367,-18.717
2024-10-27 00:00:00,-1.09,187.277,-19.807
2024-10-27 08:50:00,2.352,189.629,-17.455
2024-10-27 16:55:00,0.977,190.606,-16.478
2024-10-28 01:15:00,-0.577,190.029,-17.055
2024-10-28 04:20:00,-1.107,188.922,-18.162
2024-10-28 10:35:00,2.37,191.292,-15.792
2024-10-28 12:05:00,-1.138,190.154,-16.93
2024-10-28 16:20:00,-1.154,189.0,-18.084
2024-10-29 01:35:00,0.632,189.632,-17.452
2024-10-29 10:15:00,-0.064,189.568,-17.516
2024-10-29 19:30:00,-1.096,188.472,-18.612
2024-10-30 05:20:00,0.654,189.126,-17.958
2024-10-30 11:25:00,2.329,191.455,-15.629
2024-10-30 19:30:00,0.506,191.961,-15.123
2024-10-30 20:30:00,-1.178,190.783,-16.301
2024-10-31 10:45:00,-1.099,189.684,-17.4
2024-10-31 14:00:00,2.365,192.049,-15.035
2024-10-31 22:05:00,0.409,192.458,-14.626
2024-11-01 06:15:00,0.886,193.344,-13.74
2024-11-01 10:10:00,-1.12,192.224,-14.86
2024-11-01 15:35:00,-1.09,191.134,-15.95
2024-11-01 23:40:00,0.209,191.343,-15.741
2024-11-02 11:20:00,0.473,191.816,-15.268
2024-11-02 13:50:00,2.233,194.049,-13.035
2024-11-02 20:15:00,-1.101,192.948,-14.136
2024-11-03 01:55:00,2.295,195.243,-11.841
2024-11-03 10:00:00,0.246,195.489,-11.595
2024-11-03 21:35:00,-0.425,195.064,-12.02
2024-11-04 02:30:00,-1.128,193.936,-13.148
2024-11-04 05:25:00,-1.095,192.841,-14.243
2024-11-04 11:10:00,-1.086,191.755,-15.329
2024-11-04 14:30:00,-1.147,190.608,-16.476
2024-11-04 21:20:00,2.405,193.013,-14.071
2024-11-05 04:15:00,-1.057,191.956,-15.128
2024-11-05 12:40:00,2.335,194.291,-12.793
2024-11-05 17:00:00,2.415,196.706,-10.378
2024-11-05 19:50:00,-1.053,195.653,-11.431
2024-11-06 00:40:00,2.42,198.073,-9.011
2024-11-06 04:20:00,2.467,200.54,-6.544
2024-11-06 12:25:00,-0.16,200.38,-6.704
2024-11-07 03:10:00,1.05,201.43,-5.654
2024-11-07 09:20:00,-1.17,200.26,-6.824
2024-11-07 15:55:00,2.394,202.654,-4.43
2024-11-08 00:00:00,0.758,203.412,-3.672
2024-11-08 08:05:00,0.743,204.155,-2.929
2024-11-08 15:05:00,-1.066,203.089,-3.995
2024-11-08 20:25:00,-1.075,202.014,-5.07
2024-11-09 13:45:00,-0.544,201.47,-5.614
2024-11-09 18:30:00,-1.129,200.341,-6.743
2024-11-10 02:35:00,1.539,201.88,-5.204
2024-11-10 10:45:00,0.441,202.321,-4.763
2024-11-10 12:10:00,-1.103,201.218,-5.866
2024-11-10 14:35:00,-1.061,200.157,-6.927
2024-11-10 20:40:00,-1.038,199.119,-7.965
2024-11-10 22:15:00,-1.038,198.081,-9.003
2024-11-11 06:20:00,-0.629,197.452,-9.632
2024-11-11 12:05:00,2.426,199.878,-7.206
2024-11-11 13:10:00,-1.061,198.817,-8.267
2024-11-12 00:15:00,-1.043,197.774,-9.31
2024-11-12 10:00:00,-1.054,196.72,-10.364
2024-11-12 18:05:00,0.403,197.123,-9.961
2024-11-12 21:15:00,-1.055,196.068,-11.016
2024-11-12 22:30:00,-1.062,195.006,-12.078
2024-11-13 03:55:00,2.433,197.439,-9.645
2024-11-13 10:50:00,-1.043,196.396,-10.688
2024-11-13 21:15:00,-1.027,195.369,-11.715
2024-11-13 23:25:00,-1.028,194.341,-12.743
2024-11-14 10:00:00,1.2,195.541,-11.543
2024-11-14 13:35:00,-1.083,194.458,-12.626
2024-11-14 22:40:00,0.234,194.692,-12.392
2024-11-15 07:15:00,-0.321,194.371,-12.713
2024-11-15 15:20:00,-1.059,193.312,-13.772
2024-11-15 20:10:00,-1.039,192.273,-14.811
2024-11-16 04:15:00,1.914,194.187,-12.897
2024-11-16 06:10:00,-1.171,193.016,-14.068
2024-11-16 12:15:00,-1.046,191.97,-15.114
2024-11-16 23:05:00,0.181,192.151,-14.933
2024-11-17 01:45:00,-1.079,191.072,-16.012
2024-11-17 04:15:00,2.454,193.526,-13.558
2024-11-17 12:20:00,0.073,193.599,-13.485
2024-11-17 22:55:00,0.3,193.899,-13.185
2024-11-18 10:30:00,2.397,196.296,-10.788
2024-11-18 13:00:00,-1.039,195.257,-11.827
2024-11-18 17:45:00,-1.042,194.215,-12.869
2024-11-19 04:30:00,0.161,194.376,-12.708
2024-11-19 13:55:00,-1.101,193.275,-13.809
2024-11-19 21:05:00,-1.078,192.197,-14.887
2024-11-20 05:10:00,0.776,192.973,-14.111
2024-11-20 12:30:00,-1.073,191.9,-15.184
2024-11-21 00:20:00,-0.574,191.326,-15.758
2024-11-21 04:30:00,-1.059,190.267,-16.817
2024-11-21 12:35:00,0.837,191.104,-15.98
2024-11-21 19:15:00,2.446,193.55,-13.534
2024-11-21 19:55:00,-1.11,192.44,-14.644
2024-11-22 00:50:00,-1.091,191.349,-15.735
2024-11-22 10:35:00,0.11,191.459,-15.625
2024-11-22 13:15:00,-1.102,190.357,-16.727
2024-11-23 01:25:00,-1.11,189.247,-17.837
2024-11-23 12:05:00,-0.324,188.923,-18.161
2024-11-23 16:20:00,-1.123,187.8,-19.284
2024-11-24 00:20:00,-1.166,186.634,-20.45
2024-11-24 08:25:00,-0.448,186.186,-20.898
2024-11-24 11:10:00,2.368,188.554,-18.53
2024-11-24 19:15:00,0.342,188.896,-18.188
2024-11-25 01:10:00,-1.128,187.768,-19.316
2024-11-25 04:10:00,-1.069,186.699,-20.385
2024-11-25 06:45:00,-1.126,185.573,-21.511
2024-11-25 08:05:00,-1.115,184.458,-22.626
2024-11-25 11:40:00,-1.095,183.363,-23.721
2024-11-25 14:50:00,2.413,185.776,-21.308
2024-11-25 22:55:00,1.188,186.964,-20.12
2024-11-26 10:55:00,2.425,189.389,-17.695
2024-11-26 19:00:00,-0.001,189.388,-17.696
2024-11-27 07:35:00,-1.065,188.323,-18.761
2024-11-27 18:45:00,0.617,188.94,-18.144
2024-11-28 03:30:00,-1.079,187.861,-19.223
2024-11-28 18:00:00,-0.183,187.678,-19.406
2024-11-28 22:15:00,-1.138,186.54,-20.544
2024-11-29 02:55:00,2.341,188.881,-18.203
2024-11-29 07:55:00,-1.068,187.813,-19.271
2024-11-29 10:45:00,-1.064,186.749,-20.335
2024-11-29 11:35:00,2.276,189.025,-18.059
2024-11-29 17:05:00,-1.09,187.935,-19.149
2024-11-30 01:00:00,-1.13,186.805,-20.279
2024-11-30 10:35:00,-0.544,186.261,-20.823
2024-11-30 18:40:00,0.497,186.758,-20.326
2024-12-01 02:35:00,2.353,189.111,-17.973
2024-12-01 10:40:00,-0.274,188.837,-18.247
2024-12-02 01:20:00,-0.059,188.778,-18.306
2024-12-02 06:20:00,2.428,191.206,-15.878
2024-12-02 14:25:00,0.036,191.242,-15.842
2024-12-03 01:20:00,-0.21,191.032,-16.052
2024-12-03 06:15:00,-1.18,189.852,-17.232
2024-12-03 13:55:00,2.44,192.292,-14.792
2024-12-03 15:00:00,-1.035,191.257,-15.827
2024-12-03 21:15:00,2.42,193.677,-13.407
2024-12-04 05:20:00,0.551,194.228,-12.856
2024-12-04 14:40:00,-1.125,193.103,-13.981
2024-12-04 16:15:00,-1.084,192.019,-15.065
2024-12-04 20:20:00,-1.045,190.974,-16.11
2024-12-04 20:50:00,-1.062,189.912,-17.172
2024-12-05 02:40:00,-1.059,188.853,-18.231
2024-12-05 10:45:00,0.256,189.109,-17.975
2024-12-05 15:25:00,-1.094,188.015,-19.069
2024-12-05 19:00:00,-1.046,186.969,-20.115
2024-12-05 22:25:00,2.438,189.407,-17.677
2024-12-06 07:00:00,0.321,189.728,-17.356
2024-12-06 17:10:00,-0.819,188.909,-18.175
2024-12-06 23:15:00,-1.095,187.814,-19.27
2024-12-07 09:20:00,-1.117,186.697,-20.387
2024-12-07 17:30:00,0.942,187.639,-19.445
2024-12-08 04:35:00,-1.138,186.501,-20.583
2024-12-08 12:40:00,1.303,187.804,-19.28
2024-12-08 22:55:00,-0.522,187.282,-19.802
2024-12-09 07:05:00,2.396,189.678,-17.406
2024-12-09 15:10:00,-0.085,189.593,-17.491
2024-12-09 21:00:00,2.447,192.04,-15.044
2024-12-10 05:05:00,-0.557,191.483,-15.601
2024-12-10 12:55:00,2.384,193.867,-13.217
2024-12-10 14:20:00,-1.041,192.826,-14.258
2024-12-10 23:30:00,-0.422,192.404,-14.68
2024-12-11 11:10:00,1.048,193.452,-13.632
2024-12-11 13:30:00,2.284,195.736,-11.348
2024-12-11 21:35:00,0.694,196.43,-10.654
2024-12-12 11:00:00,-0.054,196.376,-10.708
2024-12-12 19:35:00,-1.105,195.271,-11.813
2024-12-13 02:45:00,-1.087,194.184,-12.9
2024-12-13 06:40:00,-1.09,193.094,-13.99
2024-12-13 11:20:00,-1.112,191.982,-15.102
2024-12-13 21:20:00,0.094,192.076,-15.008
2024-12-14 09:25:00,-0.291,191.785,-15.299
2024-12-14 12:55:00,2.303,194.088,-12.996
2024-12-14 20:30:00,2.398,196.486,-10.598
2024-12-14 23:10:00,-1.106,195.38,-11.704
2024-12-15 04:20:00,-1.16,194.22,-12.864
2024-12-15 13:25:00,-1.103,193.117,-13.967
2024-12-15 21:00:00,-1.148,191.969,-15.115
2024-12-15 23:05:00,-1.155,190.814,-16.27
2024-12-16 07:10:00,0.515,191.329,-15.755
2024-12-16 16:30:00,0.743,192.072,-15.012
2024-12-16 19:25:00,-1.08,190.992,-16.092
2024-12-17 03:30:00,1.061,192.053,-15.031
2024-12-17 10:10:00,2.399,194.452,-12.632
2024-12-17 15:15:00,-1.046,193.406,-13.678
2024-12-18 00:10:00,-0.096,193.31,-13.774
2024-12-18 01:35:00,-1.064,192.246,-14.838
2024-12-18 09:55:00,0.371,192.617,-14.467
2024-12-18 15:20:00,-1.123,191.494,-15.59
2024-12-19 04:10:00,0.063,191.557,-15.527
2024-12-19 05:40:00,-1.149,190.408,-16.676
2024-12-19 15:00:00,2.391,192.799,-14.285
2024-12-19 19:40:00,2.462,195.261,-11.823
2024-12-19 21:15:00,-1.031,194.23,-12.854
2024-12-20 08:35:00,2.448,196.678,-10.406
2024-12-20 16:40:00,-0.887,195.791,-11.293
2024-12-20 23:00:00,-1.05,194.741,-12.343
2024-12-21 04:40:00,-1.122,193.619,-13.465
2024-12-21 09:05:00,-1.079,192.54,-14.544
2024-12-21 12:35:00,2.431,194.971,-12.113
2024-12-21 20:40:00,0.722,195.693,-11.391
2024-12-22 01:05:00,-1.042,194.651,-12.433
2024-12-22 22:10:00,1.242,195.893,-11.191
2024-12-23 03:10:00,-1.057,194.836,-12.248
2024-12-23 11:25:00,0.101,194.937,-12.147
2024-12-23 15:10:00,-1.062,193.875,-13.209
2024-12-24 01:05:00,0.796,194.671,-12.413
2024-12-24 09:40:00,2.393,197.064,-10.02
2024-12-24 10:40:00,-1.089,195.975,-11.109
2024-12-24 19:45:00,0.975,196.95,-10.134
2024-12-25 05:35:00,1.271,198.221,-8.863
2024-12-25 22:10:00,-1.088,197.133,-9.951
2024-12-26 00:45:00,-1.083,196.05,-11.034
2024-12-26 08:25:00,2.403,198.453,-8.631
2024-12-26 16:30:00,0.134,198.587,-8.497
2024-12-27 09:05:00,-1.06,197.527,-9.557
2024-12-27 14:35:00,-1.038,196.489,-10.595
2024-12-27 22:40:00,0.37,196.859,-10.225
2024-12-28 01:40:00,-1.133,195.726,-11.358
2024-12-28 15:05:00,2.335,198.061,-9.023
2024-12-28 23:10:00,1.105,199.166,-7.918
2024-12-29 11:30:00,1.745,200.911,-6.173
2024-12-29 14:20:00,-1.113,199.798,-7.286
2024-12-30 01:25:00,-1.141,198.657,-8.427
2024-12-30 04:50:00,-1.063,197.594,-9.49
2024-12-30 06:15:00,-1.083,196.511,-10.573
2024-12-30 13:35:00,-1.072,195.439,-11.645
2024-12-30 18:30:00,-1.043,194.396,-12.688
2024-12-31 02:35:00,-0.751,193.645,-13.439
2024-12-31 09:40:00,2.352,195.997,-11.087
2024-12-31 17:10:00,2.404,198.401,-8.683
2024-12-31 17:30:00,-1.206,197.195,-9.889
2025-01-01 06:10:00,1.448,198.643,-8.441
2025-01-01 10:30:00,-1.13,197.513,-9.571
2025-01-01 15:45:00,-1.147,196.366,-10.718
2025-01-01 18:30:00,-1.102,195.264,-11.82
2025-01-02 01:05:00,2.414,197.678,-9.406
2025-01-02 09:10:00,1.873,199.551,-7.533
2025-01-02 15:35:00,-1.136,198.415,-8.669
2025-01-02 17:45:00,-1.072,197.343,-9.741
2025-01-03 03:20:00,-0.587,196.756,-10.328
2025-01-03 09:15:00,2.381,199.137,-7.947
2025-01-03 17:20:00,1.217,200.354,-6.73
2025-01-04 03:05:00,-1.223,199.131,-7.953
2025-01-04 07:45:00,-1.205,197.926,-9.158
2025-01-04 14:30:00,-1.193,196.733,-10.351
2025-01-05 01:20:00,0.783,197.516,-9.568
2025-01-05 08:10:00,-1.129,196.387,-10.697
2025-01-05 17:10:00,0.694,197.081,-10.003
2025-01-06 00:15:00,-1.156,195.925,-11.159
2025-01-06 09:55:00,-0.269,195.656,-11.428
2025-01-06 14:45:00,2.368,198.024,-9.06
2025-01-06 22:50:00,-0.535,197.489,-9.595
2025-01-07 01:00:00,-1.268,196.221,-10.863
2025-01-07 13:00:00,1.479,197.7,-9.384
2025-01-07 15:00:00,2.331,200.031,-7.053
2025-01-07 23:05:00,1.997,202.028,-5.056
2025-01-08 03:45:00,2.37,204.398,-2.686
2025-01-08 11:50:00,0.752,205.15,-1.934
2025-01-08 17:30:00,2.426,207.576,0.0
2025-01-08 22:40:00,-1.025,206.551,-1.025
2025-01-09 01:20:00,-1.146,205.405,-2.171
2025-01-09 10:10:00,1.013,206.418,-1.158
2025-01-09 11:15:00,-1.085,205.333,-2.243
2025-01-09 15:50:00,-1.06,204.273,-3.303
2025-01-09 17:50:00,2.386,206.659,-0.917
2025-01-10 01:55:00,-0.221,206.438,-1.138
2025-01-10 13:30:00,2.345,208.783,0.0
2025-01-10 21:35:00,-0.214,208.569,-0.214
2025-01-11 06:15:00,0.002,208.571,-0.212
2025-01-11 12:00:00,-1.135,207.436,-1.347
2025-01-11 14:40:00,-1.171,206.265,-2.518
2025-01-12 01:00:00,-1.134,205.131,-3.652
2025-01-12 02:55:00,-1.166,203.965,-4.818
2025-01-12 11:30:00,0.217,204.182,-4.601
2025-01-12 21:15:00,0.178,204.36,-4.423
2025-01-13 00:25:00,-1.149,203.211,-5.572
2025-01-13 02:05:00,-1.058,202.153,-6.63
2025-01-13 10:10:00,2.052,204.205,-4.578
2025-01-13 14:30:00,2.413,206.618,-2.165
2025-01-13 15:10:00,-1.033,205.585,-3.198
2025-01-13 19:45:00,-1.066,204.519,-4.264
2025-01-14 09:25:00,2.355,206.874,-1.909
2025-01-14 12:15:00,-1.081,205.793,-2.99
2025-01-14 21:35:00,-0.504,205.289,-3.494
2025-01-15 06:50:00,0.314,205.603,-3.18
2025-01-15 09:25:00,-1.095,204.508,-4.275
2025-01-15 13:30:00,2.361,206.869,-1.914
2025-01-15 21:35:00,1.35,208.219,-0.564
2025-01-16 03:15:00,-1.173,207.046,-1.737
2025-01-16 08:30:00,-1.221,205.825,-2.958
2025-01-16 11:10:00,2.4,208.225,-0.558
2025-01-16 19:15:00,1.395,209.62,0.0
2025-01-17 01:35:00,2.345,211.965,0.0
2025-01-17 09:40:00,0.071,212.036,0.0
2025-01-17 18:15:00,-0.104,211.932,-0.104
2025-01-17 20:40:00,2.297,214.229,0.0
2025-01-18 03:25:00,2.43,216.659,0.0
2025-01-18 11:30:00,1.056,217.715,0.0
2025-01-18 15:50:00,2.452,220.167,0.0
2025-01-18 23:55:00,0.213,220.38,0.0
2025-01-19 00:55:00,-1.046,219.334,-1.046
2025-01-19 11:15:00,2.476,221.81,0.0
2025-01-19 14:10:00,-1.017,220.793,-1.017
2025-01-19 21:25:00,-1.05,219.743,-2.067
2025-01-20 06:05:00,0.244,219.987,-1.823
2025-01-20 08:30:00,2.46,222.447,0.0
2025-01-20 12:15:00,-1.028,221.419,-1.028
2025-01-20 20:20:00,0.61,222.029,-0.418
2025-01-20 22:45:00,-1.035,220.994,-1.453
2025-01-21 08:00:00,0.676,221.67,-0.777
2025-01-21 12:15:00,-1.068,220.602,-1.845
2025-01-22 01:50:00,0.546,221.148,-1.299
2025-01-22 11:15:00,1.138,222.286,-0.161
2025-01-22 19:20:00,-0.365,221.921,-0.526
2025-01-23 01:50:00,-1.033,220.888,-1.559
2025-01-23 09:55:00,1.652,222.54,0.0
2025-01-23 13:35:00,-1.093,221.447,-1.093
2025-01-23 21:15:00,-1.046,220.401,-2.139
2025-01-24 05:10:00,-1.019,219.382,-3.158
2025-01-24 13:15:00,0.702,220.084,-2.456
2025-01-24 15:30:00,-1.067,219.017,-3.523
2025-01-24 19:40:00,-1.102,217.915,-4.625
2025-01-25 06:15:00,1.369,219.284,-3.256
2025-01-25 11:50:00,-1.076,218.208,-4.332
2025-01-25 23:20:00,1.789,219.997,-2.543
2025-01-26 10:35:00,-1.08,218.917,-3.623
2025-01-26 12:00:00,-1.119,217.798,-4.742
2025-01-26 21:05:00,2.32,220.118,-2.422
2025-01-26 23:55:00,2.441,222.559,0.0
2025-01-27 08:00:00,1.886,224.445,0.0
2025-01-27 11:25:00,-1.076,223.369,-1.076
2025-01-27 21:00:00,-1.033,222.336,-2.109
2025-01-28 03:40:00,-1.09,221.246,-3.199
2025-01-28 05:45:00,2.384,223.63,-0.815
2025-01-28 06:55:00,-1.067,222.563,-1.882
2025-01-28 15:05:00,0.602,223.165,-1.28
2025-01-29 02:45:00,0.424,223.589,-0.856
2025-01-29 06:10:00,-1.167,222.422,-2.023
2025-01-29 13:25:00,2.406,224.828,0.0
2025-01-29 17:30:00,-1.055,223.773,-1.055
2025-01-29 19:40:00,-1.058,222.715,-2.113
2025-01-30 04:30:00,0.288,223.003,-1.825
2025-01-30 05:45:00,-1.108,221.895,-2.933
2025-01-30 16:50:00,0.71,222.605,-2.223
2025-01-31 11:10:00,-0.603,222.002,-2.826
2025-01-31 18:00:00,-1.11,220.892,-3.936
2025-02-01 02:05:00,0.608,221.5,-3.328
2025-02-01 09:45:00,2.348,223.848,-0.98
2025-02-01 17:50:00,-0.157,223.691,-1.137
2025-02-01 21:45:00,2.422,226.113,0.0
2025-02-02 03:55:00,2.434,228.547,0.0
2025-02-02 08:40:00,-1.028,227.519,-1.028
2025-02-02 17:50:00,2.431,229.95,0.0
2025-02-03 01:45:00,2.463,232.413,0.0
2025-02-03 09:50:00,-0.537,231.876,-0.537
2025-02-03 14:55:00,-1.05,230.826,-1.587
2025-02-03 23:05:00,1.776,232.602,0.0
2025-02-04 03:25:00,-1.062,231.54,-1.062
2025-02-04 13:05:00,-0.232,231.308,-1.294
2025-02-04 19:55:00,-1.053,230.255,-2.347
2025-02-05 04:00:00,0.073,230.328,-2.274
2025-02-05 05:55:00,-1.097,229.231,-3.371
2025-02-05 14:35:00,-1.093,228.138,-4.464
2025-02-05 23:05:00,1.286,229.424,-3.178
2025-02-06 00:10:00,-1.096,228.328,-4.274
2025-02-06 14:40:00,2.395,230.723,-1.879
2025-02-06 22:45:00,1.12,231.843,-0.759
2025-02-07 00:20:00,-1.061,230.782,-1.82
2025-02-07 09:15:00,-1.087,229.695,-2.907
2025-02-07 14:05:00,2.42,232.115,-0.487
2025-02-07 15:20:00,-1.035,231.08,-1.522
2025-02-07 18:45:00,-1.083,229.997,-2.605
2025-02-07 19:40:00,-1.079,228.918,-3.684
2025-02-07 20:55:00,2.424,231.342,-1.26
2025-02-08 05:00:00,-0.231,231.111,-1.491
2025-02-08 07:55:00,-1.089,230.022,-2.58
2025-02-08 15:40:00,-1.112,228.91,-3.692
2025-02-08 16:50:00,-1.087,227.823,-4.779
2025-02-09 01:10:00,1.685,229.508,-3.094
2025-02-09 03:45:00,2.399,231.907,-0.695
2025-02-09 11:50:00,-0.844,231.063,-1.539
2025-02-09 12:35:00,-1.145,229.918,-2.684
2025-02-09 21:20:00,0.541,230.459,-2.143
2025-02-10 00:00:00,-1.069,229.39,-3.212
2025-02-10 02:10:00,-1.04,228.35,-4.252
2025-02-10 03:30:00,-1.031,227.319,-5.283
2025-02-10 11:35:00,0.085,227.404,-5.198
2025-02-10 15:25:00,-1.088,226.316,-6.286
2025-02-11 00:40:00,-1.09,225.226,-7.376
2025-02-11 08:45:00,0.729,225.955,-6.647
2025-02-11 12:15:00,-1.201,224.754,-7.848
2025-02-11 17:00:00,2.354,227.108,-5.494
2025-02-12 01:05:00,-0.096,227.012,-5.59
2025-02-12 06:55:00,2.361,229.373,-3.229
2025-02-12 07:30:00,-1.093,228.28,-4.322
2025-02-12 13:20:00,-1.12,227.16,-5.442
2025-02-12 21:35:00,-0.638,226.522,-6.08
2025-02-13 07:35:00,1.075,227.597,-5.005
2025-02-13 13:00:00,2.3,229.897,-2.705
2025-02-13 13:35:00,-1.141,228.756,-3.846
2025-02-13 15:20:00,-1.111,227.645,-4.957
2025-02-13 22:55:00,-1.177,226.468,-6.134
2025-02-14 08:25:00,1.878,228.346,-4.256
2025-02-14 10:00:00,2.301,230.647,-1.955
2025-02-14 12:40:00,-1.075,229.572,-3.03
2025-02-14 17:40:00,2.397,231.969,-0.633
2025-02-14 22:35:00,-1.048,230.921,-1.681
2025-02-15 04:40:00,-1.132,229.789,-2.813
2025-02-15 12:45:00,1.225,231.014,-1.588
2025-02-15 22:30:00,-0.055,230.959,-1.643
2025-02-16 05:45:00,-1.169,229.79,-2.812
2025-02-16 14:30:00,2.395,232.185,-0.417
2025-02-16 22:35:00,0.665,232.85,0.0
2025-02-17 11:05:00,0.88,233.73,0.0
2025-02-17 14:10:00,-1.242,232.488,-1.242
2025-02-17 16:25:00,2.409,234.897,0.0
2025-02-18 00:30:00,0.522,235.419,0.0
2025-02-18 02:50:00,-1.092,234.327,-1.092
2025-02-18 06:00:00,2.419,236.746,0.0
2025-02-18 14:05:00,0.277,237.023,0.0
2025-02-18 22:55:00,-0.302,236.721,-0.302
2025-02-19 09:00:00,-0.205,236.516,-0.507
2025-02-19 14:00:00,-1.078,235.438,-1.585
2025-02-19 17:00:00,-1.079,234.359,-2.664
2025-02-19 20:25:00,2.336,236.695,-0.328
2025-02-20 00:50:00,-1.082,235.613,-1.41
2025-02-20 10:50:00,0.767,236.38,-0.643
2025-02-20 15:45:00,-1.111,235.269,-1.754
2025-02-20 19:20:00,-1.054,234.215,-2.808
2025-02-20 21:20:00,-1.127,233.088,-3.935
2025-02-21 01:25:00,-1.109,231.979,-5.044
2025-02-21 09:15:00,2.364,234.343,-2.68
2025-02-21 15:20:00,-1.047,233.296,-3.727
2025-02-21 23:25:00,1.678,234.974,-2.049
2025-02-22 09:55:00,-1.106,233.868,-3.155
2025-02-22 18:00:00,0.014,233.882,-3.141
2025-02-23 03:50:00,1.702,235.584,-1.439
2025-02-23 04:55:00,-1.219,234.365,-2.658
2025-02-23 11:40:00,-1.163,233.202,-3.821
2025-02-23 15:40:00,2.35,235.552,-1.471
2025-02-23 23:45:00,-0.328,235.224,-1.799
2025-02-24 03:25:00,2.427,237.651,0.0
2025-02-24 11:30:00,0.903,238.554,0.0
2025-02-24 15:45:00,2.434,240.988,0.0
2025-02-24 23:50:00,1.647,242.635,0.0
2025-02-25 09:10:00,0.271,242.906,0.0
2025-02-25 11:45:00,-1.036,241.87,-1.036
2025-02-25 16:35:00,-1.04,240.83,-2.076
2025-02-25 19:55:00,-1.042,239.788,-3.118
2025-02-25 22:00:00,-1.059,238.729,-4.177
2025-02-26 03:15:00,-1.068,237.661,-5.245
2025-02-26 14:00:00,2.427,240.088,-2.818
2025-02-26 14:40:00,-1.075,239.013,-3.893
2025-02-26 18:35:00,2.44,241.453,-1.453
2025-02-26 21:20:00,-1.031,240.422,-2.484
2025-02-27 14:05:00,-0.25,240.172,-2.734
2025-02-27 15:50:00,-1.05,239.122,-3.784
2025-02-28 01:00:00,0.124,239.246,-3.66
2025-02-28 01:30:00,2.425,241.671,-1.235
2025-02-28 09:35:00,-0.274,241.397,-1.509
2025-02-28 11:25:00,-1.052,240.345,-2.561
2025-02-28 14:05:00,2.455,242.8,-0.106
2025-02-28 22:10:00,0.333,243.133,0.0
2025-03-01 00:40:00,-1.089,242.044,-1.089
2025-03-01 04:00:00,-1.054,240.99,-2.143
2025-03-01 10:05:00,-1.112,239.878,-3.255
2025-03-01 18:10:00,1.333,241.211,-1.922
2025-03-02 06:00:00,0.246,241.457,-1.676
2025-03-02 12:10:00,-1.084,240.373,-2.76
2025-03-02 15:20:00,-1.098,239.275,-3.858
2025-03-02 15:25:00,2.446,241.721,-1.412
2025-03-02 23:30:00,2.054,243.775,0.0
2025-03-03 01:15:00,-1.079,242.696,-1.079
2025-03-03 14:55:00,-1.045,241.651,-2.124
2025-03-03 23:00:00,1.155,242.806,-0.969
2025-03-04 09:40:00,-0.053,242.753,-1.022
2025-03-04 14:35:00,-1.048,241.705,-2.07
2025-03-04 17:15:00,-1.02,240.685,-3.09
2025-03-05 04:25:00,-1.031,239.654,-4.121
2025-03-05 08:20:00,-1.044,238.61,-5.165
2025-03-05 14:20:00,-1.079,237.531,-6.244
2025-03-05 19:05:00,-1.06,236.471,-7.304
2025-03-06 03:10:00,0.793,237.264,-6.511
2025-03-06 11:15:00,1.065,238.329,-5.446
2025-03-06 15:15:00,-1.079,237.25,-6.525
2025-03-06 16:55:00,-1.04,236.21,-7.565
2025-03-07 01:00:00,1.808,238.018,-5.757
2025-03-07 08:55:00,-1.17,236.848,-6.927
2025-03-07 13:35:00,-1.059,235.789,-7.986
2025-03-07 16:20:00,-1.034,234.755,-9.02
2025-03-07 18:35:00,-1.037,233.718,-10.057
2025-03-07 21:05:00,-1.035,232.683,-11.092
2025-03-08 05:10:00,0.466,233.149,-10.626
2025-03-08 13:35:00,0.302,233.451,-10.324
2025-03-08 18:30:00,-1.079,232.372,-11.403
2025-03-09 04:55:00,-1.075,231.297,-12.478
2025-03-09 07:30:00,-1.097,230.2,-13.575
2025-03-09 13:35:00,2.407,232.607,-11.168
2025-03-09 16:35:00,2.427,235.034,-8.741
2025-03-10 00:40:00,0.72,235.754,-8.021
2025-03-10 17:00:00,2.456,238.21,-5.565
2025-03-11 01:05:00,1.113,239.323,-4.452
2025-03-11 08:25:00,-1.154,238.169,-5.606
2025-03-11 11:40:00,-1.091,237.078,-6.697
2025-03-11 13:25:00,-1.066,236.012,-7.763
2025-03-11 16:30:00,-1.026,234.986,-8.789
2025-03-12 00:35:00,-0.273,234.713,-9.062
2025-03-12 01:30:00,-1.101,233.612,-10.163
2025-03-12 02:35:00,-1.053,232.559,-11.216
2025-03-12 10:40:00,0.125,232.684,-11.091
2025-03-12 12:30:00,2.434,235.118,-8.657
2025-03-12 14:00:00,-1.034,234.084,-9.691
2025-03-12 22:05:00,-0.01,234.074,-9.701
2025-03-13 00:55:00,-1.195,232.879,-10.896
2025-03-13 09:30:00,-1.071,231.808,-11.967
2025-03-13 14:00:00,-1.052,230.756,-13.019
2025-03-13 22:05:00,0.447,231.203,-12.572
2025-03-14 09:40:00,0.957,232.16,-11.615
2025-03-14 10:05:00,-1.191,230.969,-12.806
2025-03-14 13:50:00,2.366,233.335,-10.44
2025-03-14 21:55:00,1.433,234.768,-9.007
2025-03-15 00:25:00,-1.09,233.678,-10.097
2025-03-15 07:15:00,-1.096,232.582,-11.193
2025-03-15 11:00:00,-1.36,231.222,-12.553
2025-03-15 20:40:00,0.504,231.726,-12.049
2025-03-16 02:20:00,-1.121,230.605,-13.17
2025-03-16 07:10:00,-1.111,229.494,-14.281
2025-03-16 13:40:00,2.405,231.899,-11.876
2025-03-16 16:05:00,-1.092,230.807,-12.968
2025-03-17 02:55:00,0.38,231.187,-12.588
2025-03-17 07:40:00,-1.156,230.031,-13.744
2025-03-17 18:45:00,-1.061,228.97,-14.805
2025-03-17 23:25:00,-1.067,227.903,-15.872
2025-03-18 03:00:00,2.393,230.296,-13.479
2025-03-18 09:05:00,-1.117,229.179,-14.596
2025-03-18 18:20:00,0.095,229.274,-14.501
2025-03-19 03:50:00,-1.105,228.169,-15.606
2025-03-19 11:55:00,1.074,229.243,-14.532
2025-03-19 21:45:00,1.896,231.139,-12.636
2025-03-20 01:30:00,-1.104,230.035,-13.74
2025-03-20 04:45:00,-1.124,228.911,-14.864
2025-03-20 10:10:00,-1.146,227.765,-16.01
2025-03-20 15:00:00,-1.118,226.647,-17.128
2025-03-20 23:05:00,0.877,227.524,-16.251
2025-03-21 18:25:00,0.049,227.573,-16.202
2025-03-21 21:30:00,2.281,229.854,-13.921
2025-03-21 22:35:00,-1.073,228.781,-14.994
2025-03-22 06:40:00,-0.549,228.232,-15.543
2025-03-22 15:00:00,-1.102,227.13,-16.645
2025-03-22 21:40:00,-1.202,225.928,-17.847
2025-03-23 00:20:00,-1.212,224.716,-19.059
2025-03-23 04:00:00,2.264,226.98,-16.795
2025-03-23 11:20:00,2.376,229.356,-14.419
2025-03-23 16:30:00,-1.085,228.271,-15.504
2025-03-24 00:20:00,2.349,230.62,-13.155
2025-03-24 04:00:00,2.43,233.05,-10.725
2025-03-24 12:05:00,0.899,233.949,-9.826
2025-03-24 14:55:00,-1.098,232.851,-10.924
2025-03-25 02:05:00,-1.11,231.741,-12.034
2025-03-25 09:45:00,2.377,234.118,-9.657
2025-03-25 17:50:00,0.578,234.696,-9.079
2025-03-26 02:15:00,-1.129,233.567,-10.208
2025-03-26 07:40:00,2.312,235.879,-7.896
2025-03-26 13:20:00,-1.14,234.739,-9.036
2025-03-26 18:05:00,2.427,237.166,-6.609
2025-03-27 02:10:00,-0.851,236.315,-7.46
2025-03-27 12:05:00,2.31,238.625,-5.15
2025-03-27 14:35:00,-1.152,237.473,-6.302
2025-03-27 22:40:00,0.034,237.507,-6.268
2025-03-28 03:15:00,2.346,239.853,-3.922
2025-03-28 11:20:00,1.995,241.848,-1.927
2025-03-28 22:10:00,-0.138,241.71,-2.065
2025-03-29 10:45:00,1.756,243.466,-0.309
2025-03-29 19:20:00,0.609,244.075,0.0
2025-03-30 14:20:00,0.793,244.868,0.0
2025-03-30 18:05:00,-1.086,243.782,-1.086
2025-03-30 22:05:00,2.353,246.135,0.0
2025-03-31 01:25:00,-1.046,245.089,-1.046
2025-03-31 03:35:00,-1.088,244.001,-2.134
2025-03-31 11:40:00,0.625,244.626,-1.509
2025-03-31 14:05:00,-1.053,243.573,-2.562
2025-03-31 22:10:00,-0.367,243.206,-2.929
2025-04-01 02:15:00,-1.103,242.103,-4.032
2025-04-01 08:20:00,2.408,244.511,-1.624
2025-04-01 14:05:00,-1.05,243.461,-2.674
2025-04-01 23:15:00,-0.42,243.041,-3.094
2025-04-02 09:25:00,-0.425,242.616,-3.519
2025-04-02 20:15:00,2.444,245.06,-1.075
2025-04-02 20:25:00,-1.024,244.036,-2.099
2025-04-03 05:10:00,0.498,244.534,-1.601
2025-04-03 10:40:00,2.396,246.93,0.0
2025-04-03 18:45:00,0.093,247.023,0.0
2025-04-04 07:25:00,-1.09,245.933,-1.09
2025-04-04 10:10:00,-1.191,244.742,-2.281
2025-04-04 15:10:00,-1.061,243.681,-3.342
2025-04-04 23:15:00,0.56,244.241,-2.782
2025-04-05 11:10:00,-1.119,243.122,-3.901
2025-04-05 12:45:00,2.23,245.352,-1.671
2025-04-05 20:50:00,-0.254,245.098,-1.925
2025-04-06 07:20:00,-1.092,244.006,-3.017
2025-04-06 13:20:00,2.416,246.422,-0.601
2025-04-06 19:05:00,2.461,248.883,0.0
2025-04-07 03:10:00,0.223,249.106,0.0
2025-04-07 06:20:00,2.446,251.552,0.0
2025-04-07 12:55:00,-1.038,250.514,-1.038
2025-04-08 01:25:00,-1.059,249.455,-2.097
2025-04-08 09:30:00,-0.503,248.952,-2.6
2025-04-08 11:50:00,2.367,251.319,-0.233
2025-04-08 14:40:00,-1.044,250.275,-1.277
2025-04-08 22:45:00,1.197,251.472,-0.08
2025-04-09 00:30:00,-1.075,250.397,-1.155
2025-04-09 06:10:00,-1.062,249.335,-2.217
2025-04-09 11:00:00,-1.058,248.277,-3.275
2025-04-09 14:30:00,-1.038,247.239,-4.313
2025-04-09 17:20:00,2.421,249.66,-1.892
2025-04-10 01:25:00,0.479,250.139,-1.413
2025-04-10 07:30:00,-1.105,249.034,-2.518
2025-04-10 10:15:00,-1.113,247.921,-3.631
2025-04-10 12:50:00,-1.071,246.85,-4.702
2025-04-10 23:25:00,-0.345,246.505,-5.047
2025-04-11 10:00:00,1.74,248.245,-3.307
2025-04-11 17:40:00,2.411,250.656,-0.896
2025-04-12 01:45:00,-0.437,250.219,-1.333
2025-04-12 07:50:00,2.402,252.621,0.0
2025-04-12 13:55:00,2.421,255.042,0.0
2025-04-12 22:00:00,1.514,256.556,0.0
2025-04-13 00:30:00,-1.122,255.434,-1.122
2025-04-13 13:40:00,-1.094,254.34,-2.216
2025-04-13 19:35:00,-1.086,253.254,-3.302
2025-04-14 00:20:00,-1.037,252.217,-4.339
2025-04-14 08:25:00,0.369,252.586,-3.97
2025-04-14 09:45:00,-1.071,251.515,-5.041
2025-04-14 13:40:00,-1.066,250.449,-6.107
2025-04-14 15:05:00,-1.045,249.404,-7.152
2025-04-14 23:10:00,0.405,249.809,-6.747
2025-04-15 01:55:00,-1.056,248.753,-7.803
2025-04-15 10:00:00,1.142,249.895,-6.661
2025-04-15 12:30:00,-1.073,248.822,-7.734
2025-04-15 23:50:00,1.831,250.653,-5.903
2025-04-16 00:30:00,-1.152,249.501,-7.055
2025-04-16 09:00:00,-0.08,249.421,-7.135
2025-04-16 14:20:00,-1.079,248.342,-8.214
2025-04-16 23:05:00,1.011,249.353,-7.203
2025-04-17 06:25:00,2.399,251.752,-4.804
2025-04-17 14:05:00,-1.052,250.7,-5.856
2025-04-17 23:55:00,0.509,251.209,-5.347
2025-04-18 14:30:00,-1.112,250.097,-6.459
2025-04-18 23:10:00,-0.433,249.664,-6.892
2025-04-19 02:10:00,2.359,252.023,-4.533
2025-04-19 10:15:00,0.743,252.766,-3.79
2025-04-20 01:40:00,1.886,254.652,-1.904
2025-04-20 06:45:00,-1.127,253.525,-3.031
2025-04-20 10:45:00,-1.198,252.327,-4.229
2025-04-20 19:25:00,0.098,252.425,-4.131
2025-04-20 23:10:00,-1.121,251.304,-5.252
2025-04-21 00:25:00,2.383,253.687,-2.869
2025-04-21 08:30:00,-0.248,253.439,-3.117
2025-04-21 14:20:00,-1.115,252.324,-4.232
2025-04-21 16:40:00,-1.059,251.265,-5.291
2025-04-22 00:45:00,0.126,251.391,-5.165
2025-04-22 09:05:00,0.702,252.093,-4.463
2025-04-22 14:15:00,2.39,254.483,-2.073
2025-04-22 22:20:00,1.552,256.035,-0.521
2025-04-23 07:00:00,0.624,256.659,0.0
2025-04-23 13:55:00,-1.09,255.569,-1.09
2025-04-24 02:45:00,-1.081,254.488,-2.171
2025-04-24 07:25:00,-1.153,253.335,-3.324
2025-04-24 13:20:00,-1.114,252.221,-4.438
2025-04-24 14:05:00,2.321,254.542,-2.117
2025-04-24 22:10:00,-0.015,254.527,-2.132
2025-04-25 02:20:00,-1.086,253.441,-3.218
2025-04-25 14:55:00,0.537,253.978,-2.681
2025-04-26 01:40:00,-0.811,253.167,-3.492
2025-04-26 06:30:00,-1.159,252.008,-4.651
2025-04-26 08:50:00,-1.153,250.855,-5.804
2025-04-26 16:55:00,0.634,251.489,-5.17
2025-04-26 19:55:00,-1.242,250.247,-6.412
2025-04-27 09:25:00,0.19,250.437,-6.222
2025-04-27 11:00:00,-1.251,249.186,-7.473
2025-04-27 12:45:00,-1.188,247.998,-8.661
2025-04-27 13:45:00,-1.103,246.895,-9.764
2025-04-27 18:15:00,-1.126,245.769,-10.89
2025-04-27 20:55:00,-1.123,244.646,-12.013
2025-04-28 01:30:00,2.383,247.029,-9.63
2025-04-28 03:30:00,-1.047,245.982,-10.677
2025-04-28 06:40:00,2.303,248.285,-8.374
2025-04-28 10:05:00,-1.071,247.214,-9.445
2025-04-28 10:20:00,-1.137,246.077,-10.582
2025-04-28 13:30:00,-1.056,245.021,-11.638
2025-04-28 21:35:00,0.573,245.594,-11.065
2025-04-29 06:30:00,-1.081,244.513,-12.146
2025-04-29 15:15:00,-0.461,244.052,-12.607
2025-04-29 21:15:00,-1.1,242.952,-13.707
2025-04-30 05:20:00,-0.31,242.642,-14.017
2025-04-30 10:50:00,-1.12,241.522,-15.137
2025-04-30 12:20:00,-1.19,240.332,-16.327
2025-04-30 12:45:00,2.334,242.666,-13.993
2025-04-30 20:50:00,-0.721,241.945,-14.714
2025-04-30 22:20:00,-1.161,240.784,-15.875
2025-05-01 02:35:00,2.335,243.119,-13.54
2025-05-01 04:15:00,-1.167,241.952,-14.707
2025-05-01 15:10:00,2.384,244.336,-12.323
2025-05-01 17:35:00,-1.065,243.271,-13.388
2025-05-02 05:15:00,-1.158,242.113,-14.546
2025-05-02 11:10:00,-1.154,240.959,-15.7
2025-05-02 12:30:00,-1.182,239.777,-16.882
2025-05-02 19:00:00,-1.098,238.679,-17.98
2025-05-03 03:05:00,-0.021,238.658,-18.001
2025-05-03 13:00:00,-1.154,237.504,-19.155
2025-05-04 00:25:00,1.451,238.955,-17.704
2025-05-04 01:55:00,-1.246,237.709,-18.95
2025-05-04 11:10:00,-0.14,237.569,-19.09
2025-05-04 14:20:00,-1.243,236.326,-20.333
2025-05-04 17:05:00,-1.276,235.05,-21.609
2025-05-04 17:35:00,-1.244,233.806,-22.853
2025-05-05 02:05:00,2.384,236.19,-20.469
2025-05-05 02:30:00,-1.074,235.116,-21.543
2025-05-05 10:05:00,-1.273,233.843,-22.816
2025-05-05 18:10:00,-0.383,233.46,-23.199
2025-05-06 02:05:00,-1.126,232.334,-24.325
2025-05-06 10:10:00,0.411,232.745,-23.914
2025-05-06 18:20:00,-1.151,231.594,-25.065
2025-05-06 22:00:00,-1.121,230.473,-26.186
2025-05-07 06:05:00,0.046,230.519,-26.14
2025-05-07 15:40:00,-0.669,229.85,-26.809
2025-05-07 18:30:00,-1.105,228.745,-27.914
2025-05-08 02:35:00,0.956,229.701,-26.958
2025-05-08 09:50:00,2.388,232.089,-24.57
2025-05-08 14:50:00,2.394,234.483,-22.176
2025-05-08 22:55:00,1.013,235.496,-21.163
2025-05-09 07:40:00,0.889,236.385,-20.274
2025-05-09 10:55:00,2.431,238.816,-17.843
2025-05-09 19:00:00,-0.236,238.58,-18.079
2025-05-09 19:15:00,-1.157,237.423,-19.236
2025-05-09 21:20:00,-1.127,236.296,-20.363
2025-05-10 00:30:00,-1.152,235.144,-21.515
2025-05-10 11:30:00,-1.126,234.018,-22.641
2025-05-10 20:50:00,1.109,235.127,-21.532
2025-05-11 07:00:00,-0.477,234.65,-22.009
2025-05-11 13:30:00,-1.12,233.53,-23.129
2025-05-11 21:35:00,0.005,233.535,-23.124
2025-05-12 01:35:00,-1.104,232.431,-24.228
2025-05-12 10:20:00,-0.327,232.104,-24.555
2025-05-12 16:05:00,-1.067,231.037,-25.622
2025-05-13 01:50:00,0.177,231.214,-25.445
2025-05-13 07:15:00,-1.051,230.163,-26.496
2025-05-13 16:05:00,2.382,232.545,-24.114
2025-05-14 00:10:00,1.869,234.414,-22.245
2025-05-14 08:50:00,-1.109,233.305,-23.354
2025-05-14 22:20:00,0.027,233.332,-23.327
2025-05-15 00:10:00,-1.096,232.236,-24.423
2025-05-15 01:45:00,-1.075,231.161,-25.498
2025-05-15 09:50:00,1.357,232.518,-24.141
2025-05-15 16:45:00,-1.08,231.438,-25.221
2025-05-16 02:30:00,-0.681,230.757,-25.902
2025-05-16 09:55:00,-1.061,229.696,-26.963
2025-05-16 16:30:00,-1.091,228.605,-28.054
2025-05-17 04:45:00,0.116,228.721,-27.938
2025-05-17 07:05:00,-1.103,227.618,-29.041
2025-05-17 15:50:00,0.371,227.989,-28.67
2025-05-18 00:20:00,0.088,228.077,-28.582
2025-05-18 13:05:00,1.09,229.167,-27.492
2025-05-18 14:35:00,2.285,231.452,-25.207
2025-05-18 18:00:00,-1.066,230.386,-26.273
2025-05-18 23:30:00,-1.066,229.32,-27.339
2025-05-19 00:45:00,-1.066,228.254,-28.405
2025-05-19 08:50:00,0.993,229.247,-27.412
2025-05-19 09:30:00,-1.102,228.145,-28.514
2025-05-19 13:35:00,-1.081,227.064,-29.595
2025-05-19 16:25:00,-1.132,225.932,-30.727
2025-05-19 19:40:00,-1.07,224.862,-31.797
2025-05-20 02:00:00,2.402,227.264,-29.395
2025-05-20 08:10:00,-1.044,226.22,-30.439
2025-05-20 17:50:00,-1.161,225.059,-31.6
2025-05-20 18:50:00,-1.063,223.996,-32.663
2025-05-20 19:55:00,-1.057,222.939,-33.72
2025-05-21 04:00:00,0.457,223.396,-33.263
2025-05-21 07:20:00,-1.095,222.301,-34.358
2025-05-21 11:40:00,-1.176,221.125,-35.534
2025-05-21 16:30:00,2.386,223.511,-33.148
2025-05-21 17:15:00,-1.072,222.439,-34.22
2025-05-21 23:25:00,-1.05,221.389,-35.27
2025-05-22 07:30:00,0.861,222.25,-34.409
2025-05-22 15:40:00,0.845,223.095,-33.564
2025-05-23 01:35:00,2.374,225.469,-31.19
2025-05-23 09:40:00,0.873,226.342,-30.317
2025-05-23 20:05:00,-0.166,226.176,-30.483
2025-05-24 04:10:00,1.224,227.4,-29.259
2025-05-24 09:20:00,-1.103,226.297,-30.362
2025-05-24 18:35:00,0.875,227.172,-29.487
2025-05-25 00:50:00,2.364,229.536,-27.123
2025-05-25 08:55:00,0.405,229.941,-26.718
2025-05-25 19:15:00,-1.066,228.875,-27.784
2025-05-25 22:05:00,-1.168,227.707,-28.952
2025-05-26 06:10:00,1.839,229.546,-27.113
2025-05-26 08:55:00,-1.206,228.34,-28.319
2025-05-26 13:55:00,-1.18,227.16,-29.499
2025-05-26 16:20:00,-1.078,226.082,-30.577
2025-05-27 01:20:00,1.018,227.1,-29.559
2025-05-27 06:35:00,-1.059,226.041,-30.618
2025-05-27 15:45:00,1.628,227.669,-28.99
2025-05-28 10:05:00,0.577,228.246,-28.413
2025-05-28 14:55:00,2.355,230.601,-26.058
2025-05-28 23:00:00,-0.359,230.242,-26.417
2025-05-29 04:35:00,-1.099,229.143,-27.516
2025-05-29 12:40:00,0.27,229.413,-27.246
2025-05-29 16:55:00,2.375,231.788,-24.871
2025-05-30 00:55:00,2.409,234.197,-22.462
2025-05-30 09:00:00,-0.347,233.85,-22.809
2025-05-30 11:20:00,-1.087,232.763,-23.896
2025-05-30 16:30:00,2.425,235.188,-21.471
2025-05-31 00:35:00,-0.005,235.183,-21.476
2025-05-31 09:35:00,-0.165,235.018,-21.641
2025-05-31 13:00:00,-1.109,233.909,-22.75
2025-05-31 16:35:00,-1.109,232.8,-23.859
2025-05-31 21:30:00,-1.216,231.584,-25.075
2025-06-01 03:20:00,2.36,233.944,-22.715
2025-06-01 04:30:00,-1.085,232.859,-23.8
2025-06-01 09:05:00,2.308,235.167,-21.492
2025-06-01 15:25:00,-1.094,234.073,-22.586
2025-06-01 21:30:00,-1.125,232.948,-23.711
2025-06-02 03:20:00,-1.098,231.85,-24.809
2025-06-02 11:25:00,0.783,232.633,-24.026
2025-06-02 14:00:00,2.292,234.925,-21.734
2025-06-02 18:20:00,-1.078,233.847,-22.812
2025-06-02 21:05:00,-1.052,232.795,-23.864
2025-06-03 01:05:00,2.409,235.204,-21.455
2025-06-03 09:10:00,-0.236,234.968,-21.691
2025-06-03 15:00:00,2.371,237.339,-19.32
2025-06-03 20:15:00,-1.067,236.272,-20.387
2025-06-04 04:20:00,0.619,236.891,-19.768
2025-06-04 11:15:00,-1.129,235.762,-20.897
2025-06-04 15:40:00,-1.105,234.657,-22.002
2025-06-05 01:30:00,1.621,236.278,-20.381
2025-06-05 12:45:00,-1.092,235.186,-21.473
2025-06-05 19:15:00,2.442,237.628,-19.031
2025-06-06 03:20:00,-0.284,237.344,-19.315
2025-06-06 10:15:00,-1.137,236.207,-20.452
2025-06-06 20:05:00,-0.509,235.698,-20.961
2025-06-07 04:50:00,-1.118,234.58,-22.079
2025-06-07 06:45:00,2.282,236.862,-19.797
2025-06-07 14:50:00,-0.436,236.426,-20.233
2025-06-07 21:30:00,-1.207,235.219,-21.44
2025-06-08 07:15:00,0.232,235.451,-21.208
2025-06-08 11:55:00,-1.246,234.205,-22.454
2025-06-08 17:05:00,2.3,236.505,-20.154
2025-06-09 01:10:00,-0.596,235.909,-20.75
2025-06-09 09:10:00,-1.14,234.769,-21.89
2025-06-09 10:45:00,2.385,237.154,-19.505
2025-06-09 13:55:00,-1.077,236.077,-20.582
2025-06-09 22:25:00,2.408,238.485,-18.174
2025-06-10 05:30:00,-1.09,237.395,-19.264
2025-06-10 08:50:00,-1.207,236.188,-20.471
2025-06-10 11:05:00,-1.123,235.065,-21.594
2025-06-10 14:40:00,-1.073,233.992,-22.667
2025-06-10 18:45:00,2.336,236.328,-20.331
2025-06-11 02:55:00,0.193,236.521,-20.138
2025-06-11 11:10:00,-0.58,235.941,-20.718
2025-06-11 18:00:00,-1.07,234.871,-21.788
2025-06-12 05:40:00,0.782,235.653,-21.006
2025-06-12 14:15:00,-1.115,234.538,-22.121
2025-06-12 20:50:00,2.428,236.966,-19.693
2025-06-13 00:30:00,2.445,239.411,-17.248
2025-06-13 08:35:00,-0.268,239.143,-17.516
2025-06-13 23:35:00,-1.07,238.073,-18.586
2025-06-14 08:05:00,2.329,240.402,-16.257
2025-06-14 16:10:00,0.95,241.352,-15.307
2025-06-14 18:05:00,-1.133,240.219,-16.44
2025-06-14 21:45:00,-1.067,239.152,-17.507
2025-06-15 08:00:00,-1.163,237.989,-18.67
2025-06-15 11:50:00,-1.174,236.815,-19.844
2025-06-15 14:40:00,2.373,239.188,-17.471
2025-06-15 22:45:00,1.259,240.447,-16.212
2025-06-16 06:50:00,1.704,242.151,-14.508
2025-06-16 09:25:00,-1.153,240.998,-15.661
2025-06-16 22:00:00,0.049,241.047,-15.612
2025-06-17 06:45:00,-0.002,241.045,-15.614
2025-06-17 14:55:00,2.37,243.415,-13.244
2025-06-17 23:00:00,0.993,244.408,-12.251
2025-06-18 10:35:00,2.299,246.707,-9.952
2025-06-18 18:40:00,0.414,247.121,-9.538
2025-06-18 20:40:00,-1.075,246.046,-10.613
2025-06-19 00:40:00,-1.152,244.894,-11.765
2025-06-19 09:10:00,0.142,245.036,-11.623
2025-06-19 19:30:00,-0.157,244.879,-11.78
2025-06-20 04:20:00,-1.118,243.761,-12.898
2025-06-20 07:20:00,-1.148,242.613,-14.046
2025-06-20 14:40:00,-1.115,241.498,-15.161
2025-06-20 17:20:00,2.422,243.92,-12.739
2025-06-21 01:25:00,-0.556,243.364,-13.295
2025-06-21 08:45:00,-1.164,242.2,-14.459
2025-06-21 15:25:00,2.305,244.505,-12.154
2025-06-21 21:25:00,2.419,246.924,-9.735
2025-06-22 05:30:00,-0.175,246.749,-9.91
2025-06-22 09:50:00,2.362,249.111,-7.548
2025-06-22 17:55:00,0.746,249.857,-6.802
2025-06-22 22:05:00,-1.081,248.776,-7.883
2025-06-23 13:30:00,-1.083,247.693,-8.966
2025-06-23 16:05:00,-1.046,246.647,-10.012
2025-06-23 17:25:00,-1.051,245.596,-11.063
2025-06-24 01:30:00,1.316,246.912,-9.747
2025-06-24 06:40:00,2.343,249.255,-7.404
2025-06-24 07:30:00,-1.105,248.15,-8.509
2025-06-24 10:15:00,-1.095,247.055,-9.604
2025-06-24 19:00:00,-1.072,245.983,-10.676
2025-06-25 05:00:00,0.26,246.243,-10.416
2025-06-25 08:45:00,-1.133,245.11,-11.549
2025-06-25 14:15:00,-1.079,244.031,-12.628
2025-06-25 17:20:00,-1.154,242.877,-13.782
2025-06-25 23:00:00,-1.091,241.786,-14.873
2025-06-26 01:25:00,-1.082,240.704,-15.955
2025-06-26 03:00:00,2.378,243.082,-13.577
2025-06-26 05:20:00,-1.057,242.025,-14.634
2025-06-26 17:10:00,1.65,243.675,-12.984
2025-06-27 05:15:00,0.084,243.759,-12.9
2025-06-27 07:20:00,-1.113,242.646,-14.013
2025-06-27 08:45:00,-1.078,241.568,-15.091
2025-06-27 11:15:00,-1.249,240.319,-16.34
2025-06-27 13:55:00,-1.221,239.098,-17.561
2025-06-27 17:25:00,-1.078,238.02,-18.639
2025-06-28 01:30:00,0.31,238.33,-18.329
2025-06-28 07:55:00,2.395,240.725,-15.934
2025-06-28 16:00:00,0.829,241.554,-15.105
2025-06-29 00:05:00,1.059,242.613,-14.046
2025-06-29 16:45:00,-0.724,241.889,-14.77
2025-06-29 22:15:00,2.318,244.207,-12.452
2025-06-30 05:20:00,-1.064,243.143,-13.516
2025-06-30 15:25:00,2.396,245.539,-11.12
2025-06-30 23:35:00,0.085,245.624,-11.035
2025-07-01 07:20:00,2.368,247.992,-8.667
2025-07-01 15:25:00,0.868,248.86,-7.799
2025-07-02 02:25:00,-1.107,247.753,-8.906
2025-07-02 10:00:00,-1.185,246.568,-10.091
2025-07-02 13:45:00,-1.146,245.422,-11.237
2025-07-02 22:30:00,1.946,247.368,-9.291
2025-07-02 23:15:00,-1.151,246.217,-10.442
2025-07-03 11:25:00,0.169,246.386,-10.273
2025-07-03 12:35:00,-1.23,245.156,-11.503
2025-07-03 23:05:00,-0.402,244.754,-11.905
2025-07-04 05:25:00,-1.145,243.609,-13.05
2025-07-04 07:15:00,-1.088,242.521,-14.138
2025-07-04 15:35:00,1.487,244.008,-12.651
2025-07-04 23:45:00,-0.574,243.434,-13.225
2025-07-05 06:30:00,-1.141,242.293,-14.366
2025-07-05 13:25:00,-1.186,241.107,-15.552
2025-07-05 23:40:00,-0.549,240.558,-16.101
2025-07-06 06:15:00,-1.24,239.318,-17.341
2025-07-06 12:45:00,-1.232,238.086,-18.573
2025-07-06 13:30:00,2.312,240.398,-16.261
2025-07-06 21:35:00,0.786,241.184,-15.475
2025-07-07 10:05:00,0.015,241.199,-15.46
2025-07-07 12:15:00,-1.136,240.063,-16.596
2025-07-08 00:25:00,0.267,240.33,-16.329
2025-07-08 08:10:00,-1.16,239.17,-17.489
2025-07-08 11:40:00,2.208,241.378,-15.281
2025-07-08 14:50:00,-1.25,240.128,-16.531
2025-07-08 17:10:00,-1.158,238.97,-17.689
2025-07-09 01:15:00,0.038,239.008,-17.651
2025-07-09 12:15:00,2.348,241.356,-15.303
2025-07-09 14:35:00,-1.116,240.24,-16.419
2025-07-09 17:20:00,-1.14,239.1,-17.559
2025-07-10 02:10:00,2.13,241.23,-15.429
2025-07-10 10:15:00,-0.503,240.727,-15.932
2025-07-10 21:15:00,2.418,243.145,-13.514
2025-07-11 05:20:00,0.553,243.698,-12.961
2025-07-11 06:45:00,-1.1,242.598,-14.061
2025-07-11 12:20:00,-1.157,241.441,-15.218
2025-07-11 14:25:00,2.365,243.806,-12.853
2025-07-11 15:35:00,-1.053,242.753,-13.906
2025-07-11 21:40:00,-1.074,241.679,-14.98
2025-07-12 07:30:00,0.214,241.893,-14.766
2025-07-12 15:40:00,2.384,244.277,-12.382
2025-07-12 17:15:00,-1.104,243.173,-13.486
2025-07-12 23:45:00,-1.182,241.991,-14.668
2025-07-13 02:20:00,-1.194,240.797,-15.862
2025-07-13 12:25:00,0.501,241.298,-15.361
2025-07-13 15:35:00,-1.15,240.148,-16.511
2025-07-13 19:30:00,-1.136,239.012,-17.647
2025-07-13 19:55:00,-1.365,237.647,-19.012
2025-07-14 02:10:00,-1.146,236.501,-20.158
2025-07-14 03:40:00,2.392,238.893,-17.766
2025-07-14 11:45:00,-0.33,238.563,-18.096
2025-07-15 01:00:00,2.329,240.892,-15.767
2025-07-15 09:05:00,0.583,241.475,-15.184
2025-07-15 12:30:00,-1.191,240.284,-16.375
2025-07-15 13:45:00,-1.071,239.213,-17.446
2025-07-15 17:45:00,-1.061,238.152,-18.507
2025-07-15 18:35:00,-1.101,237.051,-19.608
2025-07-15 23:00:00,-1.089,235.962,-20.697
2025-07-16 07:05:00,-0.106,235.856,-20.803
2025-07-16 09:20:00,2.352,238.208,-18.451
2025-07-16 17:25:00,1.945,240.153,-16.506
2025-07-17 01:30:00,-1.063,239.09,-17.569
2025-07-17 09:35:00,2.409,241.499,-15.16
2025-07-17 16:15:00,-1.045,240.454,-16.205
2025-07-17 20:05:00,-1.09,239.364,-17.295
2025-07-18 05:15:00,1.929,241.293,-15.366
2025-07-18 08:35:00,-1.05,240.243,-16.416
2025-07-18 14:20:00,-1.123,239.12,-17.539
2025-07-18 20:20:00,-1.05,238.07,-18.589
2025-07-19 04:25:00,-0.715,237.355,-19.304
2025-07-19 10:35:00,-1.119,236.236,-20.423
2025-07-19 11:15:00,-1.195,235.041,-21.618
2025-07-19 14:40:00,-1.104,233.937,-22.722
2025-07-19 19:40:00,-1.1,232.837,-23.822
2025-07-19 21:10:00,-1.131,231.706,-24.953
2025-07-20 01:05:00,-1.062,230.644,-26.015
2025-07-20 09:10:00,0.324,230.968,-25.691
2025-07-20 20:55:00,-0.339,230.629,-26.03
2025-07-21 00:15:00,-1.104,229.525,-27.134
2025-07-21 10:40:00,1.865,231.39,-25.269
2025-07-21 12:00:00,-1.098,230.292,-26.367
2025-07-21 21:55:00,0.948,231.24,-25.419
2025-07-22 01:05:00,-1.114,230.126,-26.533
2025-07-22 09:25:00,-0.548,229.578,-27.081
2025-07-22 17:45:00,0.766,230.344,-26.315
2025-07-23 06:35:00,-1.074,229.27,-27.389
2025-07-23 13:15:00,2.377,231.647,-25.012
2025-07-23 21:20:00,1.22,232.867,-23.792
2025-07-23 21:50:00,-1.071,231.796,-24.863
2025-07-24 04:50:00,2.389,234.185,-22.474
2025-07-24 12:55:00,-0.139,234.046,-22.613
2025-07-24 17:50:00,-1.056,232.99,-23.669
2025-07-25 03:00:00,2.434,235.424,-21.235
2025-07-25 11:05:00,-0.663,234.761,-21.898
2025-07-25 18:40:00,-1.1,233.661,-22.998
2025-07-26 05:05:00,0.513,234.174,-22.485
2025-07-26 13:40:00,0.725,234.899,-21.76
2025-07-26 17:05:00,-1.133,233.766,-22.893
2025-07-27 01:10:00,-0.215,233.551,-23.108
2025-07-27 09:15:00,0.606,234.157,-22.502
2025-07-27 12:25:00,-1.122,233.035,-23.624
2025-07-28 00:20:00,0.557,233.592,-23.067
2025-07-28 08:25:00,0.714,234.306,-22.353
2025-07-28 11:25:00,-1.168,233.138,-23.521
2025-07-28 13:20:00,-1.1,232.038,-24.621
2025-07-28 22:20:00,1.283,233.321,-23.338
2025-07-29 06:20:00,-1.131,232.19,-24.469
2025-07-29 14:05:00,2.366,234.556,-22.103
2025-07-29 22:10:00,0.081,234.637,-22.022
2025-07-30 01:45:00,-1.095,233.542,-23.117
2025-07-30 07:00:00,-1.102,232.44,-24.219
2025-07-30 17:40:00,-0.244,232.196,-24.463
2025-07-31 02:40:00,-1.057,231.139,-25.52
2025-07-31 12:20:00,-1.232,229.907,-26.752
2025-07-31 14:15:00,2.354,232.261,-24.398
2025-07-31 16:25:00,-1.106,231.155,-25.504
2025-08-01 00:10:00,2.419,233.574,-23.085
2025-08-01 08:15:00,0.994,234.568,-22.091
2025-08-01 14:00:00,2.386,236.954,-19.705
2025-08-01 22:05:00,0.752,237.706,-18.953
2025-08-02 02:05:00,-1.057,236.649,-20.01
2025-08-02 14:20:00,-0.161,236.488,-20.171
2025-08-02 18:25:00,2.422,238.91,-17.749
2025-08-03 02:30:00,-0.603,238.307,-18.352
2025-08-03 10:45:00,-1.184,237.123,-19.536
2025-08-03 20:05:00,0.177,237.3,-19.359
2025-08-03 23:15:00,-1.097,236.203,-20.456
2025-08-04 06:15:00,-1.079,235.124,-21.535
2025-08-04 07:10:00,-1.2,233.924,-22.735
2025-08-04 13:45:00,2.362,236.286,-20.373
2025-08-04 21:50:00,1.59,237.876,-18.783
2025-08-05 06:05:00,0.07,237.946,-18.713
2025-08-05 10:30:00,2.384,240.33,-16.329
2025-08-05 12:35:00,-1.046,239.284,-17.375
2025-08-05 22:00:00,2.407,241.691,-14.968
2025-08-05 22:35:00,-1.091,240.6,-16.059
2025-08-06 05:35:00,-1.121,239.479,-17.18
2025-08-06 22:55:00,0.274,239.753,-16.906
2025-08-07 01:55:00,-1.194,238.559,-18.1
2025-08-07 06:45:00,2.274,240.833,-15.826
2025-08-07 14:50:00,0.318,241.151,-15.508
2025-08-07 19:45:00,2.287,243.438,-13.221
2025-08-08 03:50:00,1.106,244.544,-12.115
2025-08-08 15:35:00,-0.727,243.817,-12.842
2025-08-09 01:25:00,-0.09,243.727,-12.932
2025-08-09 09:40:00,2.38,246.107,-10.552
2025-08-09 12:00:00,-1.122,244.985,-11.674
2025-08-09 13:45:00,-1.119,243.866,-12.793
2025-08-09 23:05:00,-0.601,243.265,-13.394
2025-08-10 02:00:00,2.367,245.632,-11.027
2025-08-10 06:15:00,-1.073,244.559,-12.1
2025-08-10 14:35:00,-1.157,243.402,-13.257
2025-08-10 22:50:00,0.449,243.851,-12.808
2025-08-11 10:05:00,-0.67,243.181,-13.478
2025-08-11 19:05:00,1.647,244.828,-11.831
2025-08-12 03:55:00,0.046,244.874,-11.785
2025-08-12 12:30:00,-1.116,243.758,-12.901
2025-08-12 17:00:00,2.43,246.188,-10.471
2025-08-13 01:05:00,1.304,247.492,-9.167
2025-08-13 09:20:00,2.424,249.916,-6.743
2025-08-13 14:50:00,-1.051,248.865,-7.794
2025-08-14 00:25:00,1.152,250.017,-6.642
2025-08-14 00:45:00,-1.088,248.929,-7.73
2025-08-14 09:45:00,-0.046,248.883,-7.776
2025-08-14 10:40:00,-1.079,247.804,-8.855
2025-08-14 20:35:00,0.112,247.916,-8.743
2025-08-15 00:10:00,-1.102,246.814,-9.845
2025-08-15 09:50:00,-1.101,245.713,-10.946
2025-08-15 14:45:00,2.422,248.135,-8.524
2025-08-15 22:50:00,0.23,248.365,-8.294
2025-08-16 03:20:00,-1.055,247.31,-9.349
2025-08-16 07:25:00,-1.117,246.193,-10.466
2025-08-16 14:25:00,-1.118,245.075,-11.584
2025-08-16 23:45:00,-1.206,243.869,-12.79
2025-08-17 02:30:00,-1.109,242.76,-13.899
2025-08-17 10:45:00,0.202,242.962,-13.697
2025-08-17 18:50:00,-1.144,241.818,-14.841
2025-08-17 22:45:00,2.205,244.023,-12.636
2025-08-17 23:50:00,-1.092,242.931,-13.728
2025-08-18 02:05:00,2.406,245.337,-11.322
2025-08-18 10:10:00,0.982,246.319,-10.34
2025-08-18 16:05:00,-1.09,245.229,-11.43
2025-08-18 22:05:00,-1.152,244.077,-12.582
2025-08-19 00:45:00,-1.097,242.98,-13.679
2025-08-19 10:20:00,0.115,243.095,-13.564
2025-08-19 14:00:00,-1.196,241.899,-14.76
2025-08-19 22:30:00,0.001,241.9,-14.759
2025-08-20 01:50:00,-1.074,240.826,-15.833
2025-08-20 08:30:00,-1.132,239.694,-16.965
2025-08-20 11:15:00,-1.108,238.586,-18.073
2025-08-20 12:00:00,-1.072,237.514,-19.145
2025-08-20 14:05:00,-1.066,236.448,-20.211
2025-08-20 14:35:00,-1.05,235.398,-21.261
2025-08-20 23:10:00,0.521,235.919,-20.74
2025-08-21 02:15:00,-1.158,234.761,-21.898
2025-08-21 09:00:00,-1.055,233.706,-22.953
2025-08-21 13:25:00,-1.166,232.54,-24.119
2025-08-21 23:35:00,0.684,233.224,-23.435
2025-08-22 12:05:00,2.382,235.606,-21.053
2025-08-22 13:45:00,-1.072,234.534,-22.125
2025-08-22 22:05:00,2.001,236.535,-20.124
2025-08-23 00:10:00,-1.131,235.404,-21.255
2025-08-23 04:45:00,2.419,237.823,-18.836
2025-08-23 12:50:00,-0.278,237.545,-19.114
2025-08-23 22:35:00,0.016,237.561,-19.098
2025-08-24 01:15:00,2.318,239.879,-16.78
2025-08-24 02:05:00,2.327,242.206,-14.453
2025-08-24 10:10:00,-0.417,241.789,-14.87
2025-08-24 15:20:00,2.354,244.143,-12.516
2025-08-24 19:35:00,-1.057,243.086,-13.573
2025-08-24 22:20:00,-1.082,242.004,-14.655
2025-08-25 07:10:00,-0.549,241.455,-15.204
2025-08-25 15:35:00,1.452,242.907,-13.752
2025-08-25 19:55:00,2.398,245.305,-11.354
2025-08-26 04:00:00,0.722,246.027,-10.632
2025-08-26 07:35:00,-1.091,244.936,-11.723
2025-08-27 02:25:00,1.826,246.762,-9.897
2025-08-27 10:30:00,1.675,248.437,-8.222
2025-08-27 12:10:00,-1.175,247.262,-9.397
2025-08-27 20:05:00,-1.059,246.203,-10.456
2025-08-28 04:50:00,2.412,248.615,-8.044
2025-08-28 12:55:00,0.092,248.707,-7.952
2025-08-29 00:25:00,2.393,251.1,-5.559
2025-08-29 01:05:00,-1.062,250.038,-6.621
2025-08-29 07:00:00,-1.047,248.991,-7.668
2025-08-29 15:05:00,0.754,249.745,-6.914
2025-08-30 00:05:00,-0.247,249.498,-7.161
2025-08-30 03:15:00,-1.063,248.435,-8.224
2025-08-30 05:35:00,-1.117,247.318,-9.341
2025-08-30 17:15:00,0.413,247.731,-8.928
2025-08-30 23:00:00,-1.148,246.583,-10.076
2025-08-31 08:05:00,0.448,247.031,-9.628
2025-08-31 08:55:00,2.178,249.209,-7.45
2025-08-31 10:15:00,-1.096,248.113,-8.546
2025-08-31 17:30:00,-1.103,247.01,-9.649
2025-08-31 22:45:00,-1.134,245.876,-10.783
2025-09-01 02:45:00,2.412,248.288,-8.371
2025-09-01 07:55:00,-1.039,247.249,-9.41
2025-09-01 15:50:00,-1.043,246.206,-10.453
2025-09-01 23:55:00,0.111,246.317,-10.342
2025-09-02 10:10:00,1.866,248.183,-8.476
2025-09-02 13:45:00,-1.084,247.099,-9.56
2025-09-02 21:50:00,0.693,247.792,-8.867
2025-09-03 01:55:00,2.341,250.133,-6.526
2025-09-03 10:00:00,-0.594,249.539,-7.12
2025-09-03 18:45:00,-1.049,248.49,-8.169
2025-09-04 02:25:00,-1.125,247.365,-9.294
2025-09-04 10:10:00,-1.214,246.151,-10.508
2025-09-04 15:10:00,2.331,248.482,-8.177
2025-09-04 23:15:00,-0.033,248.449,-8.21
2025-09-05 05:45:00,-1.097,247.352,-9.307
2025-09-05 07:55:00,2.331,249.683,-6.976
2025-09-05 09:30:00,-1.068,248.615,-8.044
2025-09-05 12:30:00,-1.271,247.344,-9.315
2025-09-05 14:15:00,-1.118,246.226,-10.433
2025-09-05 22:20:00,0.548,246.774,-9.885
2025-09-06 13:00:00,0.942,247.716,-8.943
2025-09-06 18:45:00,2.243,249.959,-6.7
2025-09-06 21:00:00,-1.295,248.664,-7.995
2025-09-07 07:35:00,-1.322,247.342,-9.317
2025-09-07 15:40:00,2.23,249.572,-7.087
2025-09-07 16:55:00,-1.121,248.451,-8.208
2025-09-07 22:15:00,-1.106,247.345,-9.314
2025-09-08 03:40:00,2.326,249.671,-6.988
2025-09-08 04:00:00,-1.278,248.393,-8.266
2025-09-08 10:00:00,2.338,250.731,-5.928
2025-09-08 18:05:00,1.311,252.042,-4.617
2025-09-09 11:50:00,1.076,253.118,-3.541
2025-09-09 14:00:00,-1.128,251.99,-4.669
2025-09-09 14:30:00,-1.17,250.82,-5.839
2025-09-10 01:05:00,0.073,250.893,-5.766
2025-09-10 07:30:00,2.383,253.276,-3.383
2025-09-10 15:35:00,0.315,253.591,-3.068
2025-09-11 05:35:00,-1.139,252.452,-4.207
2025-09-11 12:10:00,2.336,254.788,-1.871
2025-09-11 12:30:00,-1.073,253.715,-2.944
2025-09-11 20:35:00,0.069,253.784,-2.875
2025-09-12 00:50:00,2.39,256.174,-0.485
2025-09-12 08:55:00,0.486,256.66,0.0
2025-09-12 16:05:00,-1.081,255.579,-1.081
2025-09-13 01:50:00,0.1,255.679,-0.981
2025-09-13 11:05:00,-1.211,254.468,-2.192
2025-09-13 23:15:00,2.345,256.813,0.0
2025-09-14 02:50:00,2.386,259.199,0.0
2025-09-14 04:15:00,-1.063,258.136,-1.063
2025-09-14 07:50:00,-1.135,257.001,-2.198
2025-09-14 11:30:00,-1.215,255.786,-3.413
2025-09-14 20:35:00,-1.101,254.685,-4.514
2025-09-14 23:30:00,-1.107,253.578,-5.621
2025-09-15 05:20:00,-1.085,252.493,-6.706
2025-09-15 06:25:00,-1.188,251.305,-7.894
2025-09-15 07:35:00,2.367,253.672,-5.527
2025-09-15 15:40:00,0.918,254.59,-4.609
2025-09-16 01:10:00,-1.144,253.446,-5.753
2025-09-16 15:40:00,-1.108,252.338,-6.861
2025-09-16 23:45:00,0.159,252.497,-6.702
2025-09-17 04:50:00,2.321,254.818,-4.381
2025-09-17 05:55:00,-1.209,253.609,-5.59
2025-09-17 10:20:00,-1.093,252.516,-6.683
2025-09-17 17:40:00,-1.105,251.411,-7.788
2025-09-17 18:00:00,-1.059,250.352,-8.847
2025-09-18 03:40:00,1.498,251.85,-7.349
2025-09-18 15:35:00,1.192,253.042,-6.157
2025-09-18 17:10:00,2.333,255.375,-3.824
2025-09-18 19:35:00,-1.055,254.32,-4.879
2025-09-19 06:50:00,-1.179,253.141,-6.058
2025-09-19 14:50:00,2.334,255.475,-3.724
2025-09-19 22:55:00,0.685,256.16,-3.039
2025-09-20 00:10:00,-1.244,254.916,-4.283
2025-09-20 10:20:00,-0.16,254.756,-4.443
2025-09-20 11:00:00,-1.305,253.451,-5.748
2025-09-21 00:55:00,-1.191,252.26,-6.939
2025-09-21 08:20:00,-1.151,251.109,-8.09
2025-09-21 13:30:00,-1.238,249.871,-9.328
2025-09-21 16:35:00,2.235,252.106,-7.093
2025-09-22 00:30:00,2.338,254.444,-4.755
2025-09-22 06:00:00,2.431,256.875,-2.324
2025-09-22 14:05:00,-0.399,256.476,-2.723
2025-09-22 22:50:00,0.436,256.912,-2.287
2025-09-23 09:15:00,-0.665,256.247,-2.952
2025-09-23 16:50:00,-1.095,255.152,-4.047
2025-09-24 03:25:00,2.415,257.567,-1.632
2025-09-24 11:30:00,-0.604,256.963,-2.236
2025-09-24 13:40:00,-1.19,255.773,-3.426
2025-09-24 14:20:00,-1.143,254.63,-4.569
2025-09-25 01:40:00,2.38,257.01,-2.189
2025-09-25 02:30:00,-1.088,255.922,-3.277
2025-09-25 11:30:00,0.878,256.8,-2.399
2025-09-25 14:15:00,-1.049,255.751,-3.448
2025-09-25 17:35:00,2.402,258.153,-1.046
2025-09-25 19:20:00,-1.051,257.102,-2.097
2025-09-26 04:30:00,0.231,257.333,-1.866
2025-09-26 12:35:00,-1.075,256.258,-2.941
2025-09-26 16:05:00,-1.054,255.204,-3.995
2025-09-27 01:05:00,1.255,256.459,-2.74
2025-09-27 04:00:00,-1.202,255.257,-3.942
2025-09-27 07:45:00,-1.174,254.083,-5.116
2025-09-27 13:40:00,-1.11,252.973,-6.226
2025-09-27 15:05:00,-1.162,251.811,-7.388
2025-09-27 21:40:00,-1.124,250.687,-8.512
2025-09-28 01:05:00,-1.152,249.535,-9.664
2025-09-28 09:40:00,-0.13,249.405,-9.794
2025-09-28 13:55:00,-1.23,248.175,-11.024
2025-09-28 20:20:00,2.396,250.571,-8.628
2025-09-28 23:40:00,2.336,252.907,-6.292
2025-09-29 00:55:00,-1.172,251.735,-7.464
2025-09-29 06:00:00,-1.116,250.619,-8.58
2025-09-29 10:35:00,-1.13,249.489,-9.71
2025-09-29 13:40:00,-1.101,248.388,-10.811
2025-09-29 21:45:00,1.122,249.51,-9.689
2025-09-30 07:35:00,-1.123,248.387,-10.812
2025-09-30 16:05:00,1.356,249.743,-9.456
2025-10-01 03:05:00,0.515,250.258,-8.941
2025-10-01 08:05:00,-1.144,249.114,-10.085
2025-10-01 08:45:00,2.39,251.504,-7.695
2025-10-01 16:50:00,0.464,251.968,-7.231
2025-10-02 02:55:00,1.658,253.626,-5.573
2025-10-02 11:35:00,0.148,253.774,-5.425
2025-10-02 13:15:00,-1.141,252.633,-6.566
2025-10-03 00:15:00,1.01,253.643,-5.556
2025-10-03 05:35:00,-1.098,252.545,-6.654
2025-10-03 14:15:00,-1.104,251.441,-7.758
2025-10-03 17:00:00,-1.05,250.391,-8.808
2025-10-04 02:10:00,-1.063,249.328,-9.871
2025-10-04 07:50:00,-1.242,248.086,-11.113
2025-10-04 23:05:00,-0.325,247.761,-11.438
2025-10-05 11:05:00,-0.229,247.532,-11.667
2025-10-05 18:05:00,-1.104,246.428,-12.771
2025-10-06 01:35:00,-1.085,245.343,-13.856
2025-10-06 10:05:00,0.557,245.9,-13.299
2025-10-06 15:20:00,2.298,248.198,-11.001
2025-10-06 23:20:00,-1.075,247.123,-12.076
2025-10-07 06:35:00,-1.104,246.019,-13.18
2025-10-07 14:40:00,1.001,247.02,-12.179
2025-10-07 23:10:00,0.064,247.084,-12.115
2025-10-08 07:15:00,0.772,247.856,-11.343
2025-10-08 13:00:00,-1.16,246.696,-12.503
2025-10-08 14:00:00,-1.087,245.609,-13.59
2025-10-09 01:20:00,0.207,245.816,-13.383
2025-10-09 10:20:00,1.576,247.392,-11.807
2025-10-09 13:55:00,-1.184,246.208,-12.991
2025-10-09 22:00:00,0.414,246.622,-12.577
2025-10-10 03:30:00,-1.201,245.421,-13.778
2025-10-10 13:10:00,-0.587,244.834,-14.365
2025-10-10 14:55:00,-1.187,243.647,-15.552
2025-10-10 18:45:00,2.45,246.097,-13.102
2025-10-10 20:55:00,2.4,248.497,-10.702
2025-10-10 21:15:00,2.481,250.978,-8.221
2025-10-11 05:20:00,-0.532,250.446,-8.753
2025-10-11 08:50:00,-1.034,249.412,-9.787
2025-10-11 19:05:00,0.333,249.745,-9.454
2025-10-11 20:35:00,2.417,252.162,-7.037
2025-10-12 04:10:00,-1.057,251.105,-8.094
2025-10-12 12:25:00,-1.12,249.985,-9.214
2025-10-12 14:45:00,-1.051,248.934,-10.265
2025-10-12 23:10:00,0.797,249.731,-9.468
2025-10-13 11:25:00,-1.058,248.673,-10.526
2025-10-13 17:55:00,2.443,251.116,-8.083
2025-10-14 02:00:00,0.415,251.531,-7.668
2025-10-14 14:20:00,0.155,251.686,-7.513
2025-10-14 23:55:00,0.034,251.72,-7.479
2025-10-15 01:35:00,-1.08,250.64,-8.559
2025-10-15 03:45:00,-1.077,249.563,-9.636
2025-10-15 12:55:00,-0.212,249.351,-9.848
2025-10-15 13:45:00,-1.11,248.241,-10.958
2025-10-15 23:05:00,0.921,249.162,-10.037
2025-10-16 06:50:00,-1.11,248.052,-11.147
2025-10-16 10:15:00,-1.067,246.985,-12.214
2025-10-16 15:40:00,2.416,249.401,-9.798
2025-10-16 23:45:00,0.671,250.072,-9.127
2025-10-17 07:30:00,2.425,252.497,-6.702
2025-10-17 15:35:00,-0.297,252.2,-6.999
2025-10-17 21:10:00,-1.058,251.142,-8.057
2025-10-18 06:40:00,-0.839,250.303,-8.896
2025-10-18 14:10:00,-1.095,249.208,-9.991
2025-10-18 14:35:00,-1.111,248.097,-11.102
2025-10-19 01:40:00,-0.283,247.814,-11.385
2025-10-19 08:25:00,-1.154,246.66,-12.539
2025-10-19 09:45:00,-1.086,245.574,-13.625
2025-10-19 17:50:00,0.374,245.948,-13.251
2025-10-19 23:30:00,-1.164,244.784,-14.415
2025-10-20 03:50:00,-1.075,243.709,-15.49
2025-10-20 11:55:00,0.12,243.829,-15.37
2025-10-21 00:35:00,-0.438,243.391,-15.808
2025-10-21 10:00:00,0.765,244.156,-15.043
2025-10-21 14:10:00,-1.112,243.044,-16.155
2025-10-21 22:15:00,0.359,243.403,-15.796
2025-10-22 07:20:00,1.065,244.468,-14.731
2025-10-22 11:10:00,-1.175,243.293,-15.906
2025-10-23 02:20:00,-0.518,242.775,-16.424
2025-10-23 07:30:00,2.369,245.144,-14.055
2025-10-23 13:30:00,2.387,247.531,-11.668
2025-10-23 21:35:00,-0.823,246.708,-12.491
2025-10-24 00:50:00,2.356,249.064,-10.135
2025-10-24 03:50:00,-1.086,247.978,-11.221
2025-10-24 11:30:00,-1.104,246.874,-12.325
2025-10-24 12:30:00,2.371,249.245,-9.954
2025-10-24 14:20:00,-1.052,248.193,-11.006
2025-10-24 17:00:00,-1.117,247.076,-12.123
2025-10-25 01:05:00,0.54,247.616,-11.583
2025-10-25 09:30:00,-0.439,247.177,-12.022
2025-10-25 16:25:00,-1.186,245.991,-13.208
2025-10-25 18:25:00,2.161,248.152,-11.047
2025-10-26 02:30:00,-0.642,247.51,-11.689
2025-10-26 05:50:00,-1.135,246.375,-12.824
2025-10-26 09:25:00,2.212,248.587,-10.612
2025-10-26 17:30:00,1.205,249.792,-9.407
2025-10-26 19:00:00,-1.343,248.449,-10.75
2025-10-27 06:05:00,0.729,249.178,-10.021
2025-10-27 11:20:00,-1.171,248.007,-11.192
2025-10-27 20:25:00,-1.09,246.917,-12.282
2025-10-28 01:40:00,-1.117,245.8,-13.399
2025-10-28 05:45:00,-1.091,244.709,-14.49
2025-10-28 07:00:00,-1.071,243.638,-15.561
2025-10-28 12:15:00,-1.07,242.568,-16.631
2025-10-28 14:45:00,-1.084,241.484,-17.715
2025-10-28 22:50:00,0.742,242.226,-16.973
2025-10-29 05:15:00,-1.144,241.082,-18.117
2025-10-29 10:25:00,-1.171,239.911,-19.288
2025-10-29 18:35:00,-1.063,238.848,-20.351
2025-10-30 02:40:00,-0.817,238.031,-21.168
2025-10-30 04:10:00,-1.068,236.963,-22.236
2025-10-30 12:15:00,0.837,237.8,-21.399
2025-10-30 13:35:00,2.389,240.189,-19.01
2025-10-30 21:40:00,0.957,241.146,-18.053
2025-10-31 04:20:00,-1.07,240.076,-19.123
2025-10-31 14:55:00,-1.091,238.985,-20.214
2025-11-01 00:50:00,-0.255,238.73,-20.469
2025-11-01 04:05:00,-1.101,237.629,-21.57
2025-11-01 14:10:00,1.759,239.388,-19.811
2025-11-01 16:00:00,-1.093,238.295,-20.904
2025-11-02 01:50:00,-0.012,238.283,-20.916
2025-11-02 10:30:00,-1.137,237.146,-22.053
2025-11-02 18:35:00,0.295,237.441,-21.758
2025-11-02 20:55:00,-1.138,236.303,-22.896
2025-11-02 23:05:00,-1.12,235.183,-24.016
2025-11-03 02:30:00,-1.117,234.066,-25.133
2025-11-03 04:05:00,2.435,236.501,-22.698
2025-11-03 12:10:00,0.142,236.643,-22.556
2025-11-03 23:35:00,0.07,236.713,-22.486
2025-11-04 05:50:00,2.438,239.151,-20.048
2025-11-04 13:55:00,-0.481,238.67,-20.529
2025-11-04 14:40:00,-1.092,237.578,-21.621
2025-11-04 20:15:00,2.46,240.038,-19.161
2025-11-05 04:20:00,-0.772,239.266,-19.933
2025-11-05 12:25:00,-1.091,238.175,-21.024
2025-11-05 15:40:00,-1.059,237.116,-22.083
2025-11-06 01:30:00,-0.554,236.562,-22.637
2025-11-06 05:15:00,-1.07,235.492,-23.707
2025-11-06 13:20:00,-0.41,235.082,-24.117
2025-11-06 22:40:00,0.688,235.77,-23.429
2025-11-07 00:15:00,-1.065,234.705,-24.494
2025-11-07 05:10:00,-1.07,233.635,-25.564
2025-11-07 11:10:00,2.386,236.021,-23.178
2025-11-07 15:10:00,-1.048,234.973,-24.226
2025-11-08 01:15:00,0.635,235.608,-23.591
2025-11-08 05:35:00,-1.109,234.499,-24.7
2025-11-08 11:35:00,-1.118,233.381,-25.818
2025-11-08 19:40:00,1.312,234.693,-24.506
2025-11-09 06:20:00,-1.126,233.567,-25.632
2025-11-09 10:00:00,-1.113,232.454,-26.745
2025-11-09 13:30:00,-1.096,231.358,-27.841
2025-11-09 14:30:00,2.332,233.69,-25.509
2025-11-09 22:35:00,0.536,234.226,-24.973
2025-11-09 23:35:00,-1.11,233.116,-26.083
2025-11-10 08:40:00,-0.17,232.946,-26.253
2025-11-10 14:45:00,-1.068,231.878,-27.321
2025-11-10 21:45:00,-1.11,230.768,-28.431
2025-11-11 06:00:00,-1.069,229.699,-29.5
2025-11-11 14:05:00,0.973,230.672,-28.527
2025-11-11 19:05:00,2.4,233.072,-26.127
2025-11-11 23:45:00,2.393,235.465,-23.734
2025-11-12 07:50:00,-0.254,235.211,-23.988
2025-11-12 08:25:00,-1.104,234.107,-25.092
2025-11-12 13:45:00,-1.127,232.98,-26.219
2025-11-12 14:45:00,-1.076,231.904,-27.295
2025-11-12 22:50:00,1.317,233.221,-25.978
2025-11-13 14:35:00,2.381,235.602,-23.597
2025-11-13 14:50:00,-1.12,234.482,-24.717
2025-11-13 19:55:00,2.456,236.938,-22.261
2025-11-14 04:00:00,-0.313,236.625,-22.574
2025-11-14 12:10:00,2.22,238.845,-20.354
2025-11-14 14:40:00,-1.054,237.791,-21.408
2025-11-15 01:50:00,-0.311,237.48,-21.719
2025-11-15 06:20:00,-1.138,236.342,-22.857
2025-11-15 15:05:00,0.323,236.665,-22.534
2025-11-15 21:40:00,2.374,239.039,-20.16
2025-11-16 03:20:00,-1.066,237.973,-21.226
2025-11-16 11:20:00,-1.077,236.896,-22.303
2025-11-16 16:55:00,2.431,239.327,-19.872
2025-11-16 18:10:00,-1.056,238.271,-20.928
2025-11-17 00:25:00,-1.095,237.176,-22.023
2025-11-17 12:30:00,0.995,238.171,-21.028
2025-11-17 14:35:00,-1.072,237.099,-22.1
2025-11-17 23:55:00,1.245,238.344,-20.855
2025-11-18 16:10:00,0.707,239.051,-20.148
2025-11-18 21:45:00,-1.094,237.957,-21.242
2025-11-19 04:30:00,-1.073,236.884,-22.315
2025-11-19 07:45:00,-1.083,235.801,-23.398
2025-11-19 11:50:00,-1.069,234.732,-24.467
2025-11-19 14:00:00,2.31,237.042,-22.157
2025-11-19 15:15:00,-1.053,235.989,-23.21
2025-11-19 23:35:00,-0.376,235.613,-23.586
2025-11-20 02:00:00,2.367,237.98,-21.219
2025-11-20 10:05:00,0.038,238.018,-21.181
2025-11-20 13:45:00,-1.16,236.858,-22.341
2025-11-21 00:05:00,0.873,237.731,-21.468
2025-11-21 07:30:00,2.446,240.177,-19.022
2025-11-21 15:35:00,-0.109,240.068,-19.131
2025-11-21 17:00:00,-1.032,239.036,-20.163
2025-11-22 04:10:00,0.3,239.336,-19.863
2025-11-22 07:20:00,-1.073,238.263,-20.936
2025-11-22 16:20:00,-0.734,237.529,-21.67
2025-11-22 22:45:00,-1.098,236.431,-22.768
2025-11-23 04:20:00,2.372,238.803,-20.396
2025-11-23 06:45:00,-1.076,237.727,-21.472
2025-11-23 12:15:00,-1.071,236.656,-22.543
2025-11-23 20:20:00,0.825,237.481,-21.718
2025-11-24 08:55:00,-0.441,237.04,-22.159
2025-11-24 14:30:00,-1.091,235.949,-23.25
2025-11-24 14:50:00,-1.098,234.851,-24.348
2025-11-24 22:05:00,2.447,237.298,-21.901
2025-11-25 00:00:00,-1.117,236.181,-23.018
2025-11-25 14:40:00,-1.102,235.079,-24.12
2025-11-26 00:35:00,1.122,236.201,-22.998
2025-11-26 03:40:00,-1.133,235.068,-24.131
2025-11-26 08:55:00,-1.173,233.895,-25.304
2025-11-26 14:45:00,-1.113,232.782,-26.417
2025-11-27 01:45:00,0.716,233.498,-25.701
2025-11-27 09:50:00,-1.106,232.392,-26.807
2025-11-27 22:30:00,-0.135,232.257,-26.942
2025-11-28 08:50:00,-1.103,231.154,-28.045
2025-11-28 16:55:00,-1.066,230.088,-29.111
2025-11-29 01:00:00,0.345,230.433,-28.766
2025-11-29 04:55:00,-1.242,229.191,-30.008
2025-11-29 14:25:00,0.013,229.204,-29.995
2025-11-29 15:15:00,-1.387,227.817,-31.382
2025-11-30 01:25:00,0.631,228.448,-30.751
2025-11-30 04:05:00,-1.123,227.325,-31.874
2025-11-30 07:25:00,-1.155,226.17,-33.029
2025-11-30 09:10:00,-1.183,224.987,-34.212
2025-11-30 20:50:00,-0.32,224.667,-34.532
2025-11-30 23:30:00,2.324,226.991,-32.208
2025-12-01 00:45:00,2.446,229.437,-29.762
2025-12-01 08:50:00,0.132,229.569,-29.63
2025-12-01 15:30:00,2.374,231.943,-27.256
2025-12-01 22:50:00,-1.035,230.908,-28.291
2025-12-02 10:50:00,-1.071,229.837,-29.362
2025-12-02 14:25:00,2.357,232.194,-27.005
2025-12-02 15:10:00,2.392,234.586,-24.613
2025-12-02 23:15:00,0.651,235.237,-23.962
2025-12-03 10:15:00,1.055,236.292,-22.907
2025-12-03 22:45:00,0.265,236.557,-22.642
2025-12-04 05:20:00,-1.05,235.507,-23.692
2025-12-04 07:10:00,-1.129,234.378,-24.821
2025-12-05 02:50:00,0.449,234.827,-24.372
2025-12-05 07:05:00,-1.106,233.721,-25.478
2025-12-05 16:10:00,1.867,235.588,-23.611
2025-12-06 00:15:00,0.208,235.796,-23.403
2025-12-06 03:00:00,-1.208,234.588,-24.611
2025-12-06 14:05:00,-0.159,234.429,-24.77
2025-12-06 23:20:00,0.437,234.866,-24.333
2025-12-07 00:35:00,-1.137,233.729,-25.47
2025-12-07 07:45:00,2.187,235.916,-23.283
2025-12-07 14:20:00,2.366,238.282,-20.917
2025-12-07 17:15:00,-1.041,237.241,-21.958
2025-12-07 22:05:00,-1.051,236.19,-23.009
2025-12-08 06:10:00,-0.823,235.367,-23.832
2025-12-08 09:05:00,2.376,237.743,-21.456
2025-12-08 15:25:00,-1.053,236.69,-22.509
2025-12-09 12:50:00,-0.448,236.242,-22.957
2025-12-09 15:00:00,-1.135,235.107,-24.092
2025-12-09 16:00:00,2.428,237.535,-21.664
2025-12-10 00:05:00,-0.166,237.369,-21.83
2025-12-10 10:25:00,-1.094,236.275,-22.924
2025-12-10 14:35:00,-1.163,235.112,-24.087
2025-12-10 18:30:00,-1.1,234.012,-25.187
2025-12-10 20:15:00,2.42,236.432,-22.767
2025-12-10 21:05:00,-1.046,235.386,-23.813
2025-12-11 01:20:00,2.397,237.783,-21.416
2025-12-11 09:25:00,0.631,238.414,-20.785
2025-12-11 15:15:00,-1.14,237.274,-21.925
2025-12-12 02:05:00,1.885,239.159,-20.04
2025-12-12 14:00:00,-0.017,239.142,-20.057
2025-12-12 19:45:00,2.44,241.582,-17.617
2025-12-13 03:50:00,-0.878,240.704,-18.495
2025-12-13 19:45:00,0.427,241.131,-18.068
2025-12-13 22:50:00,-1.185,239.946,-19.253
2025-12-14 07:50:00,-1.218,238.728,-20.471
2025-12-14 11:40:00,2.313,241.041,-18.158
2025-12-14 19:45:00,0.058,241.099,-18.1
2025-12-14 23:25:00,2.219,243.318,-15.881
2025-12-15 01:35:00,-1.086,242.232,-16.967
2025-12-15 14:10:00,2.211,244.443,-14.756
2025-12-15 23:05:00,0.369,244.812,-14.387
2025-12-16 08:55:00,0.377,245.189,-14.01
2025-12-16 14:50:00,-1.064,244.125,-15.074
2025-12-16 18:40:00,-1.166,242.959,-16.24
2025-12-16 20:55:00,-1.078,241.881,-17.318
2025-12-17 12:00:00,0.192,242.073,-17.126
2025-12-17 13:45:00,2.218,244.291,-14.908
2025-12-17 14:45:00,-1.095,243.196,-16.003
2025-12-17 15:50:00,-1.035,242.161,-17.038
2025-12-17 23:55:00,0.523,242.684,-16.515
2025-12-18 10:30:00,-1.118,241.566,-17.633
2025-12-18 14:00:00,2.371,243.937,-15.262
2025-12-18 17:10:00,-1.039,242.898,-16.301
2025-12-19 01:15:00,1.308,244.206,-14.993
2025-12-19 03:00:00,-1.073,243.133,-16.066
2025-12-19 15:05:00,0.965,244.098,-15.101
2025-12-19 17:30:00,-1.096,243.002,-16.197
2025-12-19 19:35:00,-1.071,241.931,-17.268
2025-12-20 03:40:00,-0.085,241.846,-17.353
2025-12-20 13:05:00,-1.275,240.571,-18.628
2025-12-20 22:15:00,-1.257,239.314,-19.885
2025-12-21 09:30:00,-1.145,238.169,-21.03
2025-12-21 12:40:00,-1.13,237.039,-22.16
2025-12-21 17:05:00,-1.089,235.95,-23.249
2025-12-21 18:05:00,-1.117,234.833,-24.366
2025-12-22 00:10:00,-1.077,233.756,-25.443
2025-12-22 02:05:00,-1.066,232.69,-26.509
2025-12-22 10:10:00,-0.53,232.16,-27.039
2025-12-22 13:40:00,-1.243,230.917,-28.282
2025-12-22 19:00:00,-1.114,229.803,-29.396
2025-12-23 03:30:00,-0.169,229.634,-29.565
2025-12-23 13:35:00,0.842,230.476,-28.723
2025-12-23 16:50:00,-1.104,229.372,-29.827
2025-12-23 20:40:00,-1.088,228.284,-30.915
2025-12-24 02:40:00,2.303,230.587,-28.612
2025-12-24 10:45:00,-0.073,230.514,-28.685
2025-12-24 15:40:00,-1.23,229.284,-29.915
2025-12-24 22:05:00,-1.187,228.097,-31.102
2025-12-25 07:25:00,0.806,228.903,-30.296
2025-12-25 15:25:00,-1.179,227.724,-31.475
2025-12-25 22:45:00,-1.166,226.558,-32.641
2025-12-26 02:20:00,-1.078,225.48,-33.719
2025-12-26 10:25:00,-0.068,225.412,-33.787
2025-12-26 13:50:00,2.228,227.64,-31.559
2025-12-26 14:35:00,-1.132,226.508,-32.691
2025-12-26 15:15:00,2.399,228.907,-30.292
2025-12-26 23:20:00,-0.335,228.572,-30.627
2025-12-27 11:25:00,-0.206,228.366,-30.833
2025-12-27 16:50:00,-1.228,227.138,-32.061
2025-12-28 05:15:00,-0.593,226.545,-32.654
2025-12-28 14:40:00,0.951,227.496,-31.703
2025-12-28 14:55:00,-1.42,226.076,-33.123
2025-12-28 15:55:00,-1.383,224.693,-34.506
2025-12-28 23:40:00,-1.195,223.498,-35.701
2025-12-29 00:30:00,2.373,225.871,-33.328
2025-12-29 08:35:00,0.125,225.996,-33.203
2025-12-29 19:05:00,1.266,227.262,-31.937
2025-12-30 01:45:00,-1.316,225.946,-33.253
2025-12-30 03:25:00,-1.262,224.684,-34.515
2025-12-30 07:35:00,-1.144,223.54,-35.659
2025-12-30 14:00:00,-1.159,222.381,-36.818
2025-12-30 19:05:00,-1.059,221.322,-37.877
2025-12-30 22:30:00,-1.143,220.179,-39.02
2025-12-31 06:35:00,1.47,221.649,-37.55
2025-12-31 14:45:00,-1.17,220.479,-38.72
2026-01-01 00:45:00,-0.601,219.878,-39.321
2026-01-01 07:25:00,-1.21,218.668,-40.531
2026-01-01 10:00:00,-1.22,217.448,-41.751
2026-01-01 14:20:00,-1.221,216.227,-42.972
2026-01-01 15:45:00,-1.203,215.024,-44.175
2026-01-01 17:30:00,-1.192,213.832,-45.367
2026-01-02 01:35:00,0.745,214.577,-44.622
2026-01-02 09:45:00,2.375,216.952,-42.247
2026-01-02 14:15:00,-1.07,215.882,-43.317
2026-01-02 22:50:00,1.647,217.529,-41.67
2026-01-03 05:30:00,-1.143,216.386,-42.813
2026-01-03 17:35:00,0.683,217.069,-42.13
2026-01-03 22:35:00,2.268,219.337,-39.862
2026-01-04 06:40:00,0.462,219.799,-39.4
2026-01-04 17:00:00,0.89,220.689,-38.51
2026-01-05 01:05:00,2.327,223.016,-36.183
2026-01-05 09:10:00,-0.68,222.336,-36.863
2026-01-05 15:35:00,-1.119,221.217,-37.982
2026-01-05 23:40:00,0.976,222.193,-37.006
2026-01-06 09:30:00,-0.315,221.878,-37.321
2026-01-06 14:10:00,2.337,224.215,-34.984
2026-01-06 16:40:00,-1.065,223.15,-36.049
2026-01-06 21:15:00,-1.052,222.098,-37.101
2026-01-07 05:20:00,-0.804,221.294,-37.905
2026-01-07 09:15:00,-1.229,220.065,-39.134
2026-01-07 17:20:00,1.465,221.53,-37.669
2026-01-07 22:30:00,-1.139,220.391,-38.808
2026-01-08 03:45:00,-1.137,219.254,-39.945
2026-01-08 04:35:00,-1.104,218.15,-41.049
2026-01-08 06:00:00,-1.091,217.059,-42.14
2026-01-08 14:05:00,1.109,218.168,-41.031
2026-01-08 15:05:00,-1.206,216.962,-42.237
2026-01-09 00:05:00,0.645,217.607,-41.592
2026-01-09 08:30:00,-1.164,216.443,-42.756
2026-01-09 13:25:00,-1.153,215.29,-43.909
2026-01-09 14:05:00,-1.157,214.133,-45.066
2026-01-09 15:25:00,-1.074,213.059,-46.14
2026-01-09 18:25:00,-1.04,212.019,-47.18
2026-01-10 02:30:00,-0.14,211.879,-47.32
2026-01-10 19:55:00,0.074,211.953,-47.246
2026-01-10 22:10:00,1.817,213.77,-45.429
2026-01-11 00:10:00,-1.223,212.547,-46.652
2026-01-11 14:45:00,2.27,214.817,-44.382
2026-01-11 16:30:00,2.388,217.205,-41.994
2026-01-11 22:05:00,-1.049,216.156,-43.043
2026-01-12 07:20:00,0.904,217.06,-42.139
2026-01-12 14:20:00,-1.287,215.773,-43.426
2026-01-12 16:05:00,2.375,218.148,-41.051
2026-01-12 20:55:00,-1.052,217.096,-42.103
2026-01-13 05:05:00,0.181,217.277,-41.922
2026-01-13 13:20:00,0.817,218.094,-41.105
2026-01-13 15:00:00,-1.086,217.008,-42.191
2026-01-14 00:05:00,0.684,217.692,-41.507
2026-01-14 10:35:00,-1.156,216.536,-42.663
2026-01-14 16:10:00,2.383,218.919,-40.28
2026-01-14 17:35:00,-1.093,217.826,-41.373
2026-01-15 01:30:00,-1.075,216.751,-42.448
2026-01-15 09:35:00,-1.148,215.603,-43.596
2026-01-15 12:25:00,-1.133,214.47,-44.729
2026-01-15 14:35:00,-1.179,213.291,-45.908
2026-01-15 22:40:00,0.798,214.089,-45.11
2026-01-16 05:45:00,-1.195,212.894,-46.305
2026-01-16 08:25:00,-1.222,211.672,-47.527
2026-01-16 18:45:00,-1.133,210.539,-48.66
2026-01-17 02:50:00,0.84,211.379,-47.82
2026-01-17 08:25:00,-1.473,209.906,-49.293
2026-01-17 11:05:00,-1.25,208.656,-50.543
2026-01-17 16:20:00,-1.369,207.287,-51.912
2026-01-17 22:00:00,-1.467,205.82,-53.379
2026-01-18 01:10:00,2.247,208.067,-51.132
2026-01-18 09:15:00,-0.166,207.901,-51.298
2026-01-18 18:45:00,-1.168,206.733,-52.466
2026-01-18 23:30:00,2.345,209.078,-50.121
2026-01-19 00:00:00,2.453,211.531,-47.668
2026-01-19 08:05:00,0.12,211.651,-47.548
2026-01-19 19:15:00,-1.289,210.362,-48.837
2026-01-20 05:20:00,1.299,211.661,-47.538
2026-01-20 14:20:00,1.291,212.952,-46.247
2026-01-20 23:10:00,0.39,213.342,-45.857
2026-01-21 04:20:00,-1.155,212.187,-47.012
2026-01-21 14:10:00,-1.194,210.993,-48.206
2026-01-21 16:40:00,-1.055,209.938,-49.261
2026-01-21 19:35:00,-1.032,208.906,-50.293
2026-01-22 03:40:00,-0.253,208.653,-50.546
2026-01-22 22:25:00,0.153,208.806,-50.393
2026-01-23 13:30:00,1.729,210.535,-48.664
2026-01-23 14:35:00,2.139,212.674,-46.525
2026-01-23 15:45:00,-1.075,211.599,-47.6
2026-01-24 03:20:00,0.186,211.785,-47.414
2026-01-24 12:55:00,0.928,212.713,-46.486
2026-01-24 18:35:00,-1.23,211.483,-47.716
2026-01-24 22:10:00,-1.589,209.894,-49.305
2026-01-25 08:00:00,0.843,210.737,-48.462
2026-01-25 09:35:00,-1.31,209.427,-49.772
2026-01-25 16:00:00,2.384,211.811,-47.388
2026-01-25 19:50:00,2.446,214.257,-44.942
2026-01-26 01:20:00,-1.031,213.226,-45.973
2026-01-26 04:20:00,-1.093,212.133,-47.066
2026-01-26 14:35:00,-1.084,211.049,-48.15
2026-01-27 02:35:00,-0.102,210.947,-48.252
2026-01-27 15:55:00,-1.126,209.821,-49.378
2026-01-28 00:00:00,1.149,210.97,-48.229
2026-01-28 09:15:00,-1.236,209.734,-49.465
2026-01-28 15:10:00,-1.102,208.632,-50.567
2026-01-28 21:00:00,-1.081,207.551,-51.648
2026-01-29 03:15:00,2.335,209.886,-49.313
2026-01-29 11:20:00,-0.022,209.864,-49.335
2026-01-29 14:30:00,2.251,212.115,-47.084
2026-01-29 15:10:00,2.413,214.528,-44.671
2026-01-29 23:15:00,0.026,214.554,-44.645
2026-01-30 01:40:00,2.417,216.971,-42.228
2026-01-30 09:45:00,-0.424,216.547,-42.652
2026-01-30 14:10:00,-1.11,215.437,-43.762
2026-01-30 16:25:00,-1.048,214.389,-44.81
2026-01-30 18:50:00,-1.038,213.351,-45.848
2026-01-31 04:40:00,-0.742,212.609,-46.59
2026-01-31 08:15:00,2.315,214.924,-44.275
2026-01-31 14:25:00,2.444,217.368,-41.831
2026-01-31 18:40:00,2.474,219.842,-39.357
2026-01-31 22:30:00,-1.029,218.813,-40.386
2026-02-01 09:10:00,-0.32,218.493,-40.706
2026-02-01 13:00:00,-1.051,217.442,-41.757
2026-02-01 22:00:00,1.214,218.656,-40.543
2026-02-02 01:25:00,-1.037,217.619,-41.58
2026-02-02 09:35:00,-1.026,216.593,-42.606
2026-02-02 14:30:00,-1.135,215.458,-43.741
2026-02-03 01:55:00,0.51,215.968,-43.231
2026-02-03 03:55:00,-1.1,214.868,-44.331
2026-02-03 12:15:00,-0.72,214.148,-45.051
2026-02-03 22:55:00,1.111,215.259,-43.94
2026-02-04 07:05:00,0.095,215.354,-43.845
2026-02-04 14:30:00,2.425,217.779,-41.42
2026-02-04 22:35:00,0.407,218.186,-41.013
2026-02-05 09:05:00,-1.048,217.138,-42.061
2026-02-05 13:20:00,2.416,219.554,-39.645
2026-02-05 14:25:00,-1.058,218.496,-40.703
2026-02-05 20:20:00,2.472,220.968,-38.231
2026-02-06 00:10:00,2.473,223.441,-35.758
2026-02-06 08:15:00,-0.73,222.711,-36.488
2026-02-06 22:35:00,2.448,225.159,-34.04
2026-02-06 23:20:00,-1.049,224.11,-35.089
2026-02-07 07:05:00,-1.062,223.048,-36.151
2026-02-07 15:10:00,-0.272,222.776,-36.423
2026-02-07 23:25:00,0.548,223.324,-35.875
2026-02-08 02:50:00,-1.115,222.209,-36.99
2026-02-08 08:00:00,-1.127,221.082,-38.117
2026-02-08 10:25:00,-1.104,219.978,-39.221
2026-02-08 13:20:00,-1.046,218.932,-40.267
2026-02-08 15:25:00,-1.084,217.848,-41.351
2026-02-08 18:30:00,-1.089,216.759,-42.44
2026-02-08 21:35:00,-1.06,215.699,-43.5
2026-02-08 23:00:00,-1.076,214.623,-44.576
2026-02-09 07:40:00,0.32,214.943,-44.256
2026-02-09 15:45:00,-0.096,214.847,-44.352
2026-02-10 01:35:00,0.177,215.024,-44.175
2026-02-10 11:20:00,0.902,215.926,-43.273
2026-02-10 13:30:00,-1.116,214.81,-44.389
2026-02-11 02:30:00,-0.507,214.303,-44.896
2026-02-11 07:15:00,2.421,216.724,-42.475
2026-02-11 13:30:00,-1.08,215.644,-43.555
2026-02-11 22:50:00,0.384,216.028,-43.171
2026-02-12 00:35:00,-1.073,214.955,-44.244
2026-02-12 06:25:00,-1.074,213.881,-45.318
2026-02-12 15:10:00,-1.064,212.817,-46.382
2026-02-13 00:10:00,0.347,213.164,-46.035
2026-02-13 01:45:00,-1.079,212.085,-47.114
2026-02-13 07:00:00,-1.106,210.979,-48.22
2026-02-13 14:45:00,2.379,213.358,-45.841
2026-02-13 22:50:00,1.382,214.74,-44.459
2026-02-14 08:35:00,2.341,217.081,-42.118
2026-02-14 16:40:00,1.506,218.587,-40.612
2026-02-15 00:45:00,-0.027,218.56,-40.639
2026-02-15 12:10:00,-0.015,218.545,-40.654
2026-02-15 17:45:00,-1.111,217.434,-41.765
2026-02-16 01:50:00,0.098,217.532,-41.667
2026-02-16 09:25:00,-1.102,216.43,-42.769
2026-02-16 12:25:00,-1.068,215.362,-43.837
2026-02-16 13:30:00,-1.056,214.306,-44.893
2026-02-16 21:35:00,-0.484,213.822,-45.377
2026-02-17 06:00:00,0.319,214.141,-45.058
2026-02-17 14:50:00,2.388,216.529,-42.67
2026-02-17 19:10:00,-1.04,215.489,-43.71
2026-02-17 21:10:00,-1.205,214.284,-44.915
2026-02-18 04:10:00,-1.081,213.203,-45.996
2026-02-18 07:45:00,-1.156,212.047,-47.152
2026-02-18 10:40:00,-1.13,210.917,-48.282
2026-02-18 14:25:00,2.407,213.324,-45.875
2026-02-18 15:35:00,-1.089,212.235,-46.964
2026-02-19 02:25:00,-0.375,211.86,-47.339
2026-02-19 06:05:00,-1.133,210.727,-48.472
2026-02-19 12:55:00,2.327,213.054,-46.145
2026-02-19 14:55:00,-1.171,211.883,-47.316
2026-02-19 17:10:00,-1.098,210.785,-48.414
2026-02-20 00:15:00,2.271,213.056,-46.143
2026-02-20 08:20:00,0.378,213.434,-45.765
2026-02-20 13:00:00,-1.092,212.342,-46.857
2026-02-20 15:00:00,-1.123,211.219,-47.98
2026-02-20 23:05:00,0.149,211.368,-47.831
2026-02-21 09:20:00,2.182,213.55,-45.649
2026-02-21 17:25:00,0.988,214.538,-44.661
2026-02-21 20:00:00,-1.312,213.226,-45.973
2026-02-22 03:15:00,-1.16,212.066,-47.133
2026-02-22 12:05:00,-0.709,211.357,-47.842
2026-02-22 14:45:00,2.332,213.689,-45.51
2026-02-22 22:50:00,-0.268,213.421,-45.778
2026-02-23 01:05:00,2.417,215.838,-43.361
2026-02-23 09:10:00,0.112,215.95,-43.249
2026-02-23 12:35:00,-1.152,214.798,-44.401
2026-02-23 23:55:00,1.369,216.167,-43.032
2026-02-24 09:15:00,0.603,216.77,-42.429
2026-02-24 14:45:00,-1.099,215.671,-43.528
2026-02-25 01:20:00,2.425,218.096,-41.103
2026-02-25 09:25:00,0.085,218.181,-41.018
2026-02-25 12:45:00,2.278,220.459,-38.74
2026-02-25 15:00:00,2.395,222.854,-36.345
2026-02-25 21:35:00,2.454,225.308,-33.891
2026-02-25 22:40:00,-1.057,224.251,-34.948
2026-02-26 14:45:00,-1.097,223.154,-36.045
2026-02-27 00:50:00,-0.307,222.847,-36.352
2026-02-27 03:45:00,2.348,225.195,-34.004
2026-02-27 09:45:00,-1.093,224.102,-35.097
2026-02-27 16:55:00,2.449,226.551,-32.648
2026-02-28 01:00:00,-0.619,225.932,-33.267
2026-02-28 06:15:00,2.321,228.253,-30.946
2026-02-28 14:20:00,-0.32,227.933,-31.266
2026-02-28 20:45:00,2.414,230.347,-28.852
2026-03-01 04:50:00,1.026,231.373,-27.826
2026-03-01 16:45:00,-1.042,230.331,-28.868
2026-03-02 00:50:00,-0.291,230.04,-29.159
2026-03-02 06:15:00,-1.053,228.987,-30.212
2026-03-02 14:20:00,-0.008,228.979,-30.22
2026-03-02 15:15:00,2.439,231.418,-27.781
2026-03-02 23:20:00,-0.082,231.336,-27.863
2026-03-03 04:45:00,-1.1,230.236,-28.963
2026-03-03 14:45:00,2.411,232.647,-26.552
2026-03-03 15:35:00,-1.052,231.595,-27.604
2026-03-03 23:45:00,1.273,232.868,-26.331
2026-03-04 03:25:00,-1.081,231.787,-27.412
2026-03-04 07:45:00,-1.048,230.739,-28.46
2026-03-04 15:30:00,2.455,233.194,-26.005
2026-03-04 23:35:00,-0.467,232.727,-26.472
2026-03-05 01:20:00,-1.138,231.589,-27.61
2026-03-05 07:50:00,-1.093,230.496,-28.703
2026-03-05 15:10:00,-1.061,229.435,-29.764
2026-03-06 00:10:00,-0.419,229.016,-30.183
2026-03-06 01:35:00,-1.109,227.907,-31.292
2026-03-06 11:15:00,0.3,228.207,-30.992
2026-03-06 14:30:00,2.395,230.602,-28.597
2026-03-06 22:35:00,-0.058,230.544,-28.655
2026-03-07 08:30:00,-1.223,229.321,-29.878
2026-03-07 11:10:00,-1.309,228.012,-31.187
2026-03-07 18:00:00,2.293,230.305,-28.894
2026-03-08 02:05:00,0.396,230.701,-28.498
2026-03-08 09:10:00,-1.19,229.511,-29.688
2026-03-08 19:10:00,0.701,230.212,-28.987
2026-03-09 00:35:00,-1.089,229.123,-30.076
2026-03-09 06:50:00,-1.107,228.016,-31.183
2026-03-09 13:25:00,-1.063,226.953,-32.246
2026-03-09 21:30:00,0.549,227.502,-31.697
2026-03-10 10:35:00,0.26,227.762,-31.437
2026-03-10 22:55:00,-0.789,226.973,-32.226
2026-03-11 07:35:00,-1.103,225.87,-33.329
2026-03-11 13:15:00,-1.108,224.762,-34.437
2026-03-11 15:30:00,-1.065,223.697,-35.502
2026-03-11 17:20:00,-1.044,222.653,-36.546
2026-03-12 01:25:00,-0.612,222.041,-37.158
2026-03-12 09:45:00,0.058,222.099,-37.1
2026-03-12 13:35:00,2.355,224.454,-34.745
2026-03-12 13:45:00,-1.176,223.278,-35.921
2026-03-12 22:35:00,-0.204,223.074,-36.125
2026-03-13 00:20:00,2.413,225.487,-33.712
2026-03-13 08:25:00,-0.391,225.096,-34.103
2026-03-13 12:45:00,2.386,227.482,-31.717
2026-03-13 15:40:00,-1.08,226.402,-32.797
2026-03-14 06:05:00,0.003,226.405,-32.794
2026-03-14 14:20:00,1.235,227.64,-31.559
2026-03-14 21:50:00,-1.147,226.493,-32.706
2026-03-15 07:05:00,0.5,226.993,-32.206
2026-03-15 13:05:00,-1.162,225.831,-33.368
2026-03-15 17:50:00,-1.089,224.742,-34.457
2026-03-15 23:05:00,2.432,227.174,-32.025
2026-03-16 07:10:00,0.248,227.422,-31.777
2026-03-16 13:30:00,2.342,229.764,-29.435
2026-03-16 13:55:00,-1.068,228.696,-30.503
2026-03-16 20:25:00,2.35,231.046,-28.153
2026-03-17 03:20:00,-1.101,229.945,-29.254
2026-03-17 10:50:00,-1.134,228.811,-30.388
2026-03-17 12:25:00,-1.23,227.581,-31.618
2026-03-17 21:35:00,0.976,228.557,-30.642
2026-03-17 22:35:00,-1.15,227.407,-31.792
2026-03-18 04:25:00,-1.137,226.27,-32.929
2026-03-18 10:40:00,-1.115,225.155,-34.044
2026-03-18 11:35:00,2.351,227.506,-31.693
2026-03-18 19:40:00,0.888,228.394,-30.805
2026-03-19 03:15:00,-1.139,227.255,-31.944
2026-03-19 12:30:00,0.607,227.862,-31.337
2026-03-19 20:35:00,-0.25,227.612,-31.587
2026-03-20 00:10:00,-1.171,226.441,-32.758
2026-03-20 08:05:00,-1.153,225.288,-33.911
2026-03-20 17:20:00,0.206,225.494,-33.705
2026-03-20 20:00:00,-1.119,224.375,-34.824
2026-03-21 06:05:00,-0.154,224.221,-34.978
2026-03-21 11:10:00,-1.254,222.967,-36.232
2026-03-21 22:50:00,0.022,222.989,-36.21
2026-03-21 23:45:00,2.227,225.216,-33.983
2026-03-22 07:50:00,0.625,225.841,-33.358
2026-03-22 16:00:00,0.006,225.847,-33.352
2026-03-22 21:20:00,2.35,228.197,-31.002
2026-03-23 03:00:00,-1.064,227.133,-32.066
2026-03-23 11:05:00,-1.123,226.01,-33.189
2026-03-23 19:10:00,0.118,226.128,-33.071
2026-03-23 22:10:00,-1.166,224.962,-34.237
2026-03-24 13:40:00,-1.085,223.877,-35.322
2026-03-24 22:15:00,-0.542,223.335,-35.864
2026-03-25 05:05:00,2.371,225.706,-33.493
2026-03-25 13:10:00,0.329,226.035,-33.164
2026-03-25 19:55:00,-1.102,224.933,-34.266
2026-03-26 02:30:00,-1.146,223.787,-35.412
2026-03-26 09:30:00,2.406,226.193,-33.006
2026-03-26 17:35:00,0.41,226.603,-32.596
2026-03-27 02:10:00,-0.388,226.215,-32.984
2026-03-27 10:35:00,2.375,228.59,-30.609
2026-03-27 18:40:00,0.562,229.152,-30.047
2026-03-28 06:15:00,-1.144,228.008,-31.191
2026-03-28 13:40:00,-1.189,226.819,-32.38
2026-03-28 23:10:00,2.326,229.145,-30.054
2026-03-29 03:15:00,-1.097,228.048,-31.151
2026-03-29 13:05:00,2.261,230.309,-28.89
2026-03-29 21:10:00,-0.202,230.107,-29.092
2026-03-29 22:45:00,2.366,232.473,-26.726
2026-03-30 00:15:00,-1.03,231.443,-27.756
2026-03-30 07:50:00,2.351,233.794,-25.405
2026-03-30 16:10:00,-0.041,233.753,-25.446
2026-03-31 01:30:00,-1.075,232.678,-26.521
2026-03-31 09:00:00,-1.041,231.637,-27.562
2026-03-31 17:05:00,-0.011,231.626,-27.573
2026-03-31 22:30:00,-1.165,230.461,-28.738
2026-04-01 02:10:00,-1.199,229.262,-29.937
2026-04-01 11:10:00,-0.002,229.26,-29.939
2026-04-01 17:00:00,2.376,231.636,-27.563
2026-04-01 20:15:00,-1.026,230.61,-28.589
2026-04-02 01:30:00,2.438,233.048,-26.151
2026-04-02 09:35:00,0.117,233.165,-26.034
2026-04-02 12:45:00,2.292,235.457,-23.742
2026-04-02 14:30:00,-1.142,234.315,-24.884
2026-04-03 01:25:00,-1.076,233.239,-25.96
2026-04-03 07:35:00,-1.123,232.116,-27.083
2026-04-03 15:00:00,-1.204,230.912,-28.287
2026-04-03 23:05:00,-0.253,230.659,-28.54
2026-04-04 08:45:00,-1.444,229.215,-29.984
2026-04-04 15:00:00,-1.297,227.918,-31.281
2026-04-04 23:05:00,-0.058,227.86,-31.339
2026-04-05 04:55:00,-1.501,226.359,-32.84
2026-04-05 06:10:00,2.116,228.475,-30.724
2026-04-05 14:15:00,0.348,228.823,-30.376
2026-04-05 22:40:00,-1.155,227.668,-31.531
2026-04-06 06:45:00,0.965,228.633,-30.566
2026-04-06 14:35:00,-1.092,227.541,-31.658
2026-04-06 23:00:00,2.347,229.888,-29.311
2026-04-07 07:05:00,0.203,230.091,-29.108
2026-04-07 12:05:00,2.334,232.425,-26.774
2026-04-07 17:30:00,-1.125,231.3,-27.899
2026-04-07 22:05:00,2.423,233.723,-25.476
2026-04-07 23:00:00,2.424,236.147,-23.052
2026-04-08 07:05:00,-0.407,235.74,-23.459
2026-04-08 18:50:00,-1.225,234.515,-24.684
2026-04-08 22:15:00,-1.197,233.318,-25.881
2026-04-09 06:20:00,0.988,234.306,-24.893
2026-04-09 13:50:00,2.121,236.427,-22.772
2026-04-09 15:10:00,-1.109,235.318,-23.881
2026-04-09 22:15:00,2.419,237.737,-21.462
2026-04-09 22:50:00,-1.072,236.665,-22.534
2026-04-10 03:20:00,-1.12,235.545,-23.654
2026-04-10 04:50:00,-1.15,234.395,-24.804
2026-04-10 08:00:00,-1.165,233.23,-25.969
2026-04-10 09:15:00,-1.226,232.004,-27.195
2026-04-10 14:25:00,2.367,234.371,-24.828
2026-04-10 22:30:00,-0.01,234.361,-24.838
2026-04-11 03:55:00,-1.238,233.123,-26.076
2026-04-11 11:15:00,-1.206,231.917,-27.282
2026-04-11 13:10:00,-1.264,230.653,-28.546
2026-04-11 18:35:00,2.251,232.904,-26.295
2026-04-11 23:05:00,-1.103,231.801,-27.398
2026-04-12 01:35:00,2.161,233.962,-25.237
2026-04-12 09:40:00,0.908,234.87,-24.329
2026-04-12 12:25:00,-1.362,233.508,-25.691
2026-04-12 20:40:00,-1.161,232.347,-26.852
2026-04-13 06:05:00,-0.0,232.347,-26.852
2026-04-13 19:50:00,2.345,234.692,-24.507
2026-04-13 23:25:00,2.415,237.107,-22.092
2026-04-14 05:55:00,-1.085,236.022,-23.177
2026-04-14 15:05:00,-1.156,234.866,-24.333
2026-04-15 02:40:00,1.273,236.139,-23.06
2026-04-15 12:35:00,-1.121,235.018,-24.181
2026-04-15 14:15:00,-1.214,233.804,-25.395
2026-04-15 22:20:00,1.156,234.96,-24.239
2026-04-16 06:40:00,-0.194,234.766,-24.433
2026-04-16 10:05:00,-1.155,233.611,-25.588
2026-04-16 13:50:00,-1.193,232.418,-26.781
2026-04-16 23:15:00,1.248,233.666,-25.533
2026-04-17 05:10:00,-1.243,232.423,-26.776
2026-04-17 13:10:00,2.359,234.782,-24.417
2026-04-17 21:15:00,-0.386,234.396,-24.803
2026-04-17 23:15:00,-1.154,233.242,-25.957
2026-04-18 03:50:00,-1.208,232.034,-27.165
2026-04-18 10:45:00,2.304,234.338,-24.861
2026-04-18 18:50:00,1.23,235.568,-23.631
2026-04-19 02:20:00,2.139,237.707,-21.492
2026-04-19 12:15:00,-1.186,236.521,-22.678
2026-04-19 15:30:00,-1.086,235.435,-23.764
2026-04-19 22:20:00,2.419,237.854,-21.345
2026-04-20 06:25:00,-0.355,237.499,-21.7
2026-04-20 12:20:00,-1.168,236.331,-22.868
2026-04-21 00:00:00,-0.406,235.925,-23.274
2026-04-21 05:05:00,-1.227,234.698,-24.501
2026-04-21 13:10:00,-0.564,234.134,-25.065
2026-04-21 17:10:00,-1.196,232.938,-26.261
2026-04-22 00:15:00,-1.073,231.865,-27.334
2026-04-22 08:20:00,1.429,233.294,-25.905
2026-04-22 13:40:00,2.258,235.552,-23.647
2026-04-22 15:15:00,-1.157,234.395,-24.804
2026-04-22 19:00:00,-1.221,233.174,-26.025
2026-04-22 23:20:00,-1.239,231.935,-27.264
2026-04-23 08:10:00,0.984,232.919,-26.28
2026-04-23 15:15:00,-1.148,231.771,-27.428
2026-04-24 01:00:00,-0.507,231.264,-27.935
2026-04-24 11:20:00,-1.156,230.108,-29.091
2026-04-24 19:25:00,0.018,230.126,-29.073
2026-04-24 22:35:00,-1.252,228.874,-30.325
2026-04-25 09:20:00,1.066,229.94,-29.259
2026-04-25 15:50:00,-1.291,228.649,-30.55
2026-04-26 00:30:00,-0.069,228.58,-30.619
2026-04-26 03:30:00,-1.415,227.165,-32.034
2026-04-26 04:45:00,-1.188,225.977,-33.222
2026-04-26 12:50:00,-0.801,225.176,-34.023
2026-04-26 19:15:00,2.186,227.362,-31.837
2026-04-26 20:35:00,-1.249,226.113,-33.086
2026-04-27 05:20:00,-1.096,225.017,-34.182
2026-04-27 13:25:00,0.651,225.668,-33.531
2026-04-27 23:20:00,-0.29,225.378,-33.821
2026-04-28 04:25:00,2.21,227.588,-31.611
2026-04-28 12:30:00,0.777,228.365,-30.834
2026-04-28 12:45:00,-1.346,227.019,-32.18
2026-04-28 13:40:00,-1.215,225.804,-33.395
2026-04-28 22:30:00,-0.817,224.987,-34.212
2026-04-29 04:40:00,2.2,227.187,-32.012
2026-04-29 08:30:00,-1.205,225.982,-33.217
2026-04-29 12:10:00,-1.186,224.796,-34.403
2026-04-29 18:05:00,2.388,227.184,-32.015
2026-04-30 00:30:00,-1.049,226.135,-33.064
2026-04-30 04:35:00,2.303,228.438,-30.761
2026-04-30 07:30:00,-1.103,227.335,-31.864
2026-04-30 09:30:00,-1.366,225.969,-33.23
2026-04-30 15:30:00,-1.16,224.809,-34.39
2026-05-01 00:00:00,-1.304,223.505,-35.694
2026-05-01 03:15:00,2.136,225.641,-33.558
2026-05-01 11:20:00,-0.343,225.298,-33.901
2026-05-01 19:15:00,-1.242,224.056,-35.143
2026-05-02 02:00:00,-1.384,222.672,-36.527
2026-05-02 03:10:00,-1.418,221.254,-37.945
2026-05-02 09:35:00,-1.288,219.966,-39.233
2026-05-02 11:30:00,-1.407,218.559,-40.64
2026-05-02 12:25:00,-1.311,217.248,-41.951
2026-05-02 20:30:00,0.049,217.297,-41.902
2026-05-02 21:35:00,2.152,219.449,-39.75
2026-05-02 22:20:00,-1.151,218.298,-40.901
2026-05-03 09:40:00,-0.759,217.539,-41.66
2026-05-03 11:40:00,-1.406,216.133,-43.066
2026-05-03 19:45:00,0.71,216.843,-42.356
2026-05-03 21:00:00,-1.333,215.51,-43.689
2026-05-04 00:00:00,-1.095,214.415,-44.784
2026-05-04 01:55:00,-1.09,213.325,-45.874
2026-05-04 10:00:00,-0.415,212.91,-46.289
2026-05-04 14:50:00,-1.103,211.807,-47.392
2026-05-04 22:55:00,-0.749,211.058,-48.141
2026-05-05 02:00:00,-1.244,209.814,-49.385
2026-05-05 10:30:00,0.84,210.654,-48.545
2026-05-05 13:05:00,2.297,212.951,-46.248
2026-05-05 21:10:00,0.56,213.511,-45.688
2026-05-05 22:40:00,-1.154,212.357,-46.842
2026-05-06 08:50:00,2.37,214.727,-44.472
2026-05-06 14:05:00,-1.078,213.649,-45.55
2026-05-06 23:20:00,0.162,213.811,-45.388
2026-05-07 07:05:00,2.296,216.107,-43.092
2026-05-07 14:30:00,-1.101,215.006,-44.193
2026-05-07 21:05:00,-1.103,213.903,-45.296
2026-05-08 03:30:00,-1.208,212.695,-46.504
2026-05-08 07:20:00,-1.137,211.558,-47.641
2026-05-08 16:05:00,1.583,213.141,-46.058
2026-05-09 00:25:00,1.917,215.058,-44.141
2026-05-09 08:35:00,1.532,216.59,-42.609
2026-05-10 00:20:00,0.03,216.62,-42.579
2026-05-10 09:00:00,2.241,218.861,-40.338
2026-05-10 11:20:00,-1.078,217.783,-41.416
2026-05-10 17:20:00,2.343,220.126,-39.073
2026-05-10 20:45:00,-1.064,219.062,-40.137
2026-05-11 03:10:00,-1.113,217.949,-41.25
2026-05-11 12:55:00,-0.608,217.341,-41.858
2026-05-12 00:00:00,0.194,217.535,-41.664
2026-05-12 06:50:00,-1.283,216.252,-42.947
2026-05-12 15:20:00,2.346,218.598,-40.601
2026-05-12 23:25:00,-0.676,217.922,-41.277
2026-05-13 01:05:00,-1.303,216.619,-42.58
2026-05-13 09:10:00,0.972,217.591,-41.608
2026-05-13 12:35:00,2.367,219.958,-39.241
2026-05-13 20:40:00,0.644,220.602,-38.597
2026-05-13 22:50:00,-1.273,219.329,-39.87
2026-05-14 05:50:00,-1.167,218.162,-41.037
2026-05-14 14:45:00,-1.106,217.056,-42.143
2026-05-14 23:05:00,0.088,217.144,-42.055
2026-05-15 05:35:00,2.358,219.502,-39.697
2026-05-15 13:40:00,0.97,220.472,-38.727
2026-05-15 21:50:00,0.188,220.66,-38.539
2026-05-16 00:05:00,-1.249,219.411,-39.788
2026-05-16 06:45:00,2.273,221.684,-37.515
2026-05-16 09:15:00,2.381,224.065,-35.134
2026-05-16 17:20:00,-0.48,223.585,-35.614
2026-05-17 00:55:00,2.099,225.684,-33.515
2026-05-17 04:20:00,-1.154,224.53,-34.669
2026-05-17 07:30:00,-1.432,223.098,-36.101
2026-05-17 10:00:00,-1.255,221.843,-37.356
2026-05-17 21:15:00,-0.703,221.14,-38.059
2026-05-17 23:15:00,2.232,223.372,-35.827
2026-05-17 23:40:00,2.316,225.688,-33.511
2026-05-18 07:45:00,-0.103,225.585,-33.614
2026-05-18 11:40:00,-1.161,224.424,-34.775
2026-05-18 21:35:00,-0.793,223.631,-35.568
2026-05-19 00:20:00,-1.265,222.366,-36.833
2026-05-19 09:30:00,0.541,222.907,-36.292
2026-05-19 13:00:00,-1.202,221.705,-37.494
2026-05-19 22:50:00,-0.273,221.432,-37.767
2026-05-20 11:50:00,-1.266,220.166,-39.033
2026-05-20 12:45:00,-1.251,218.915,-40.284
2026-05-20 13:35:00,-1.186,217.729,-41.47
2026-05-20 14:30:00,-1.097,216.632,-42.567
2026-05-20 22:35:00,0.375,217.007,-42.192
2026-05-21 08:35:00,0.505,217.512,-41.687
2026-05-21 17:15:00,-1.094,216.418,-42.781
2026-05-22 01:30:00,-0.665,215.753,-43.446
2026-05-22 06:25:00,-1.146,214.607,-44.592
2026-05-22 14:20:00,-1.189,213.418,-45.781
2026-05-22 17:20:00,-1.219,212.199,-47.0
2026-05-22 19:40:00,2.393,214.592,-44.607
2026-05-23 03:45:00,-0.259,214.333,-44.866
2026-05-23 07:45:00,2.219,216.552,-42.647
2026-05-23 14:55:00,-1.048,215.504,-43.695
2026-05-23 20:35:00,2.252,217.756,-41.443
2026-05-24 04:40:00,-0.299,217.457,-41.742
2026-05-24 14:00:00,-0.73,216.727,-42.472
2026-05-24 22:15:00,0.101,216.828,-42.371
2026-05-25 01:50:00,-1.23,215.598,-43.601
2026-05-25 02:05:00,-1.182,214.416,-44.783
2026-05-25 04:30:00,-1.223,213.193,-46.006
2026-05-25 12:35:00,1.177,214.37,-44.829
2026-05-25 19:00:00,-1.155,213.215,-45.984
2026-05-26 00:35:00,2.323,215.538,-43.661
2026-05-26 08:40:00,-0.211,215.327,-43.872
2026-05-26 15:50:00,-1.07,214.257,-44.942
2026-05-26 23:55:00,0.241,214.498,-44.701
2026-05-27 07:00:00,-1.194,213.304,-45.895
2026-05-27 12:20:00,-1.141,212.163,-47.036
2026-05-27 15:15:00,-1.101,211.062,-48.137
2026-05-27 17:15:00,-1.068,209.994,-49.205
2026-05-28 01:20:00,0.839,210.833,-48.366
2026-05-28 03:55:00,2.358,213.191,-46.008
2026-05-28 12:00:00,-0.163,213.028,-46.171
2026-05-28 12:30:00,-1.231,211.797,-47.402
2026-05-28 14:15:00,-1.118,210.679,-48.52
2026-05-28 20:05:00,-1.114,209.565,-49.634
2026-05-29 04:10:00,0.458,210.023,-49.176
2026-05-29 05:00:00,-1.192,208.831,-50.368
2026-05-29 08:00:00,-1.172,207.659,-51.54
2026-05-29 10:30:00,-1.205,206.454,-52.745
2026-05-29 14:15:00,2.295,208.749,-50.45
2026-05-29 15:05:00,-1.123,207.626,-51.573
2026-05-29 23:10:00,-0.129,207.497,-51.702
2026-05-30 04:30:00,-1.258,206.239,-52.96
