exit_time,net_R,cum_net_R,drawdown_R
2022-01-01 05:20:00,-1.079,-1.079,0.0
2022-01-01 12:50:00,-1.156,-2.235,-1.156
2022-01-02 00:15:00,0.968,-1.267,-0.188
2022-01-02 15:00:00,2.364,1.097,0.0
2022-01-02 16:25:00,2.356,3.453,0.0
2022-01-02 18:30:00,-1.068,2.385,-1.068
2022-01-03 14:30:00,2.442,4.827,0.0
2022-01-03 15:50:00,-1.047,3.78,-1.047
2022-01-04 02:10:00,-1.041,2.739,-2.088
2022-01-04 10:40:00,-1.083,1.656,-3.171
2022-01-04 18:45:00,-1.051,0.605,-4.222
2022-01-05 02:50:00,-0.135,0.47,-4.357
2022-01-05 10:10:00,2.412,2.882,-1.945
2022-01-05 11:20:00,-1.074,1.808,-3.019
2022-01-05 16:45:00,-1.067,0.741,-4.086
2022-01-05 19:50:00,2.444,3.185,-1.642
2022-01-06 03:55:00,1.732,4.917,0.0
2022-01-06 05:15:00,-1.041,3.876,-1.041
2022-01-06 14:35:00,-1.082,2.794,-2.123
2022-01-07 03:25:00,2.444,5.238,0.0
2022-01-07 11:30:00,-0.219,5.019,-0.219
2022-01-07 16:55:00,-1.026,3.993,-1.245
2022-01-08 04:45:00,-1.056,2.937,-2.301
2022-01-08 15:00:00,2.381,5.318,0.0
2022-01-08 23:05:00,0.548,5.866,0.0
2022-01-09 10:35:00,-1.097,4.769,-1.097
2022-01-10 00:55:00,-0.808,3.961,-1.905
2022-01-10 03:50:00,-1.073,2.888,-2.978
2022-01-10 11:00:00,-1.092,1.796,-4.07
2022-01-10 12:50:00,2.424,4.22,-1.646
2022-01-10 20:55:00,0.023,4.243,-1.623
2022-01-11 12:10:00,-1.062,3.181,-2.685
2022-01-11 14:35:00,-1.05,2.131,-3.735
2022-01-11 23:05:00,1.445,3.576,-2.29
2022-01-12 07:15:00,-1.061,2.515,-3.351
2022-01-12 13:30:00,2.401,4.916,-0.95
2022-01-12 21:35:00,1.458,6.374,0.0
2022-01-13 00:50:00,-1.103,5.271,-1.103
2022-01-13 11:15:00,-1.097,4.174,-2.2
2022-01-13 15:15:00,-1.061,3.113,-3.261
2022-01-14 01:20:00,-0.309,2.804,-3.57
2022-01-14 09:35:00,0.478,3.282,-3.092
2022-01-14 14:05:00,-1.048,2.234,-4.14
2022-01-14 22:30:00,0.926,3.16,-3.214
2022-01-15 02:00:00,-1.065,2.095,-4.279
2022-01-15 12:30:00,-1.14,0.955,-5.419
2022-01-15 16:20:00,-1.086,-0.131,-6.505
2022-01-16 00:25:00,0.877,0.746,-5.628
2022-01-16 08:55:00,-0.144,0.602,-5.772
2022-01-16 19:15:00,-1.06,-0.458,-6.832
2022-01-17 01:35:00,2.373,1.915,-4.459
2022-01-17 09:40:00,0.576,2.491,-3.883
2022-01-17 15:50:00,2.369,4.86,-1.514
2022-01-17 23:55:00,0.789,5.649,-0.725
2022-01-18 11:45:00,1.047,6.696,0.0
2022-01-18 19:45:00,-1.07,5.626,-1.07
2022-01-19 07:00:00,2.412,8.038,0.0
2022-01-19 12:05:00,-1.073,6.965,-1.073
2022-01-19 23:50:00,0.083,7.048,-0.99
2022-01-20 02:05:00,-1.074,5.974,-2.064
2022-01-20 11:15:00,-1.128,4.846,-3.192
2022-01-20 15:25:00,2.419,7.265,-0.773
2022-01-20 20:05:00,-1.049,6.216,-1.822
2022-01-20 21:25:00,2.415,8.631,0.0
2022-01-21 03:25:00,2.466,11.097,0.0
2022-01-21 11:30:00,-0.029,11.068,-0.029
2022-01-21 12:35:00,2.446,13.514,0.0
2022-01-21 20:40:00,-0.267,13.247,-0.267
2022-01-22 05:35:00,1.695,14.942,0.0
2022-01-22 13:15:00,-1.02,13.922,-1.02
2022-01-22 20:15:00,-1.028,12.894,-2.048
2022-01-23 07:25:00,-1.033,11.861,-3.081
2022-01-23 14:00:00,-1.052,10.809,-4.133
2022-01-23 22:35:00,0.619,11.428,-3.514
2022-01-24 09:55:00,1.854,13.282,-1.66
2022-01-24 17:40:00,-1.02,12.262,-2.68
2022-01-25 04:35:00,-0.572,11.69,-3.252
2022-01-25 08:00:00,-1.051,10.639,-4.303
2022-01-25 16:05:00,0.736,11.375,-3.567
2022-01-25 21:00:00,-1.064,10.311,-4.631
2022-01-26 10:40:00,0.192,10.503,-4.439
2022-01-26 13:05:00,-1.084,9.419,-5.523
2022-01-26 18:00:00,-1.031,8.388,-6.554
2022-01-26 20:15:00,-1.016,7.372,-7.57
2022-01-27 04:20:00,0.727,8.099,-6.843
2022-01-27 16:05:00,-1.088,7.011,-7.931
2022-01-28 00:20:00,-0.246,6.765,-8.177
2022-01-28 08:10:00,-1.03,5.735,-9.207
2022-01-28 16:15:00,-0.928,4.807,-10.135
2022-01-29 00:20:00,0.278,5.085,-9.857
2022-01-29 12:00:00,0.882,5.967,-8.975
2022-01-29 14:50:00,-1.136,4.831,-10.111
2022-01-29 21:05:00,2.336,7.167,-7.775
2022-01-29 23:00:00,-1.063,6.104,-8.838
2022-01-30 13:00:00,-0.483,5.621,-9.321
2022-01-30 19:05:00,2.404,8.025,-6.917
2022-01-31 03:10:00,0.804,8.829,-6.113
2022-01-31 08:15:00,-1.067,7.762,-7.18
2022-01-31 11:55:00,-1.08,6.682,-8.26
2022-01-31 14:10:00,-1.063,5.619,-9.323
2022-01-31 16:45:00,2.434,8.053,-6.889
2022-02-01 00:50:00,1.221,9.274,-5.668
2022-02-01 06:25:00,-1.072,8.202,-6.74
2022-02-01 09:40:00,-1.12,7.082,-7.86
2022-02-01 14:45:00,-1.064,6.018,-8.924
2022-02-02 09:10:00,0.332,6.35,-8.592
2022-02-02 13:20:00,-1.166,5.184,-9.758
2022-02-02 14:40:00,2.405,7.589,-7.353
2022-02-02 22:45:00,1.032,8.621,-6.321
2022-02-03 15:20:00,-1.043,7.578,-7.364
2022-02-03 21:00:00,-1.082,6.496,-8.446
2022-02-04 08:00:00,1.233,7.729,-7.213
2022-02-04 13:30:00,-1.159,6.57,-8.372
2022-02-04 23:10:00,1.391,7.961,-6.981
2022-02-05 03:40:00,2.438,10.399,-4.543
2022-02-05 11:45:00,0.073,10.472,-4.47
2022-02-05 16:45:00,-1.093,9.379,-5.563
2022-02-06 04:05:00,-1.117,8.262,-6.68
2022-02-06 14:40:00,-1.087,7.175,-7.767
2022-02-06 23:35:00,2.373,9.548,-5.394
2022-02-07 07:40:00,0.85,10.398,-4.544
2022-02-07 13:45:00,-1.064,9.334,-5.608
2022-02-07 23:05:00,0.001,9.335,-5.607
2022-02-08 08:05:00,-1.039,8.296,-6.646
2022-02-08 16:10:00,1.218,9.514,-5.428
2022-02-09 10:10:00,-0.493,9.021,-5.921
2022-02-09 13:10:00,2.361,11.382,-3.56
2022-02-09 21:15:00,-0.047,11.335,-3.607
2022-02-10 08:10:00,0.278,11.613,-3.329
2022-02-10 13:30:00,-1.105,10.508,-4.434
2022-02-10 21:35:00,0.281,10.789,-4.153
2022-02-11 07:50:00,0.026,10.815,-4.127
2022-02-11 18:45:00,2.415,13.23,-1.712
2022-02-12 02:50:00,1.302,14.532,-0.41
2022-02-12 11:15:00,0.619,15.151,0.0
2022-02-12 16:10:00,-1.047,14.104,-1.047
2022-02-13 04:05:00,-1.075,13.029,-2.122
2022-02-13 10:50:00,-1.095,11.934,-3.217
2022-02-13 15:35:00,-1.073,10.861,-4.29
2022-02-14 02:40:00,1.782,12.643,-2.508
2022-02-14 07:50:00,-1.069,11.574,-3.577
2022-02-14 22:40:00,-1.1,10.474,-4.677
2022-02-15 06:45:00,1.327,11.801,-3.35
2022-02-15 08:00:00,2.207,14.008,-1.143
2022-02-15 10:00:00,2.362,16.37,0.0
2022-02-15 18:05:00,-0.224,16.146,-0.224
2022-02-16 04:05:00,-1.126,15.02,-1.35
2022-02-16 10:20:00,-1.112,13.908,-2.462
2022-02-16 19:20:00,-1.084,12.824,-3.546
2022-02-17 03:25:00,-0.304,12.52,-3.85
2022-02-17 04:00:00,2.365,14.885,-1.485
2022-02-17 12:05:00,-0.057,14.828,-1.542
2022-02-17 17:45:00,2.409,17.237,0.0
2022-02-18 01:50:00,0.405,17.642,0.0
2022-02-18 14:40:00,2.408,20.05,0.0
2022-02-18 22:45:00,-0.007,20.043,-0.007
2022-02-19 11:30:00,2.38,22.423,0.0
2022-02-19 16:10:00,-1.044,21.379,-1.044
2022-02-19 22:45:00,-1.114,20.265,-2.158
2022-02-20 05:35:00,2.419,22.684,0.0
2022-02-20 12:20:00,-1.073,21.611,-1.073
2022-02-20 22:50:00,-1.093,20.518,-2.166
2022-02-21 10:20:00,-1.084,19.434,-3.25
2022-02-21 13:05:00,2.444,21.878,-0.806
2022-02-21 14:15:00,-1.045,20.833,-1.851
2022-02-22 01:45:00,1.274,22.107,-0.577
2022-02-22 10:20:00,-1.044,21.063,-1.621
2022-02-23 00:25:00,-0.578,20.485,-2.199
2022-02-23 07:10:00,-1.047,19.438,-3.246
2022-02-23 09:50:00,2.415,21.853,-0.831
2022-02-23 15:45:00,-1.075,20.778,-1.906
2022-02-23 17:50:00,-1.039,19.739,-2.945
2022-02-24 02:10:00,1.02,20.759,-1.925
2022-02-24 05:45:00,2.469,23.228,0.0
2022-02-24 13:50:00,-0.885,22.343,-0.885
2022-02-25 03:35:00,0.292,22.635,-0.593
2022-02-25 20:10:00,0.166,22.801,-0.427
2022-02-26 00:35:00,2.444,25.245,0.0
2022-02-26 08:40:00,0.354,25.599,0.0
2022-02-26 18:50:00,-0.247,25.352,-0.247
2022-02-27 00:25:00,-1.03,24.322,-1.277
2022-02-27 10:35:00,2.431,26.753,0.0
2022-02-27 13:40:00,-1.038,25.715,-1.038
2022-02-27 21:15:00,2.437,28.152,0.0
2022-02-28 05:20:00,-0.234,27.918,-0.234
2022-02-28 06:15:00,2.39,30.308,0.0
2022-02-28 14:20:00,-0.715,29.593,-0.715
2022-02-28 22:25:00,2.456,32.049,0.0
2022-03-01 00:40:00,2.449,34.498,0.0
2022-03-01 01:15:00,-1.05,33.448,-1.05
2022-03-01 15:10:00,-0.238,33.21,-1.288
2022-03-02 07:10:00,-1.042,32.168,-2.33
2022-03-02 21:15:00,0.311,32.479,-2.019
2022-03-03 00:10:00,-1.082,31.397,-3.101
2022-03-03 09:15:00,0.774,32.171,-2.327
2022-03-03 10:45:00,-1.166,31.005,-3.493
2022-03-03 14:45:00,-1.09,29.915,-4.583
2022-03-03 22:50:00,0.643,30.558,-3.94
2022-03-04 01:05:00,2.425,32.983,-1.515
2022-03-04 09:10:00,-0.157,32.826,-1.672
2022-03-04 22:20:00,0.873,33.699,-0.799
2022-03-05 06:30:00,-0.769,32.93,-1.568
2022-03-05 23:15:00,0.398,33.328,-1.17
2022-03-06 01:30:00,-1.117,32.211,-2.287
2022-03-06 09:40:00,1.415,33.626,-0.872
2022-03-06 16:00:00,-1.075,32.551,-1.947
2022-03-07 00:05:00,-0.654,31.897,-2.601
2022-03-07 08:10:00,0.926,32.823,-1.675
2022-03-07 12:00:00,-1.051,31.772,-2.726
2022-03-07 18:00:00,-1.092,30.68,-3.818
2022-03-08 02:10:00,0.168,30.848,-3.65
2022-03-08 07:40:00,-1.094,29.754,-4.744
2022-03-08 16:20:00,-0.011,29.743,-4.755
2022-03-09 02:05:00,0.185,29.928,-4.57
2022-03-09 11:30:00,0.928,30.856,-3.642
2022-03-09 13:50:00,-1.122,29.734,-4.764
2022-03-09 18:20:00,-1.079,28.655,-5.843
2022-03-10 01:35:00,-1.153,27.502,-6.996
2022-03-10 04:40:00,2.373,29.875,-4.623
2022-03-10 12:45:00,0.072,29.947,-4.551
2022-03-10 21:45:00,-0.6,29.347,-5.151
2022-03-11 04:15:00,-1.065,28.282,-6.216
2022-03-11 11:30:00,2.433,30.715,-3.783
2022-03-11 17:05:00,-1.057,29.658,-4.84
2022-03-12 04:15:00,0.711,30.369,-4.129
2022-03-12 08:10:00,-1.092,29.277,-5.221
2022-03-12 23:25:00,0.048,29.325,-5.173
2022-03-13 04:55:00,-1.06,28.265,-6.233
2022-03-13 18:20:00,-0.586,27.679,-6.819
2022-03-14 00:10:00,2.428,30.107,-4.391
2022-03-14 01:05:00,-1.063,29.044,-5.454
2022-03-14 18:10:00,2.354,31.398,-3.1
2022-03-14 21:35:00,-1.112,30.286,-4.212
2022-03-15 11:45:00,0.548,30.834,-3.664
2022-03-15 14:30:00,-1.092,29.742,-4.756
2022-03-16 00:10:00,1.616,31.358,-3.14
2022-03-16 09:00:00,0.782,32.14,-2.358
2022-03-16 16:20:00,-1.087,31.053,-3.445
2022-03-17 03:20:00,1.205,32.258,-2.24
2022-03-17 14:45:00,-1.13,31.128,-3.37
2022-03-18 09:00:00,-0.189,30.939,-3.559
2022-03-18 15:35:00,-1.09,29.849,-4.649
2022-03-18 23:40:00,1.268,31.117,-3.381
2022-03-19 03:30:00,-1.056,30.061,-4.437
2022-03-19 12:10:00,2.407,32.468,-2.03
2022-03-19 20:15:00,-0.19,32.278,-2.22
2022-03-20 11:50:00,2.369,34.647,0.0
2022-03-20 19:55:00,-0.172,34.475,-0.172
2022-03-21 12:40:00,-1.074,33.401,-1.246
2022-03-21 13:15:00,-1.063,32.338,-2.309
2022-03-22 01:00:00,-0.491,31.847,-2.8
2022-03-22 10:15:00,2.444,34.291,-0.356
2022-03-22 18:25:00,-0.539,33.752,-0.895
2022-03-23 01:00:00,-1.07,32.682,-1.965
2022-03-23 10:25:00,-0.186,32.496,-2.151
2022-03-23 15:35:00,2.392,34.888,0.0
2022-03-23 17:35:00,-1.084,33.804,-1.084
2022-03-24 04:45:00,-0.221,33.583,-1.305
2022-03-24 22:50:00,1.493,35.076,0.0
2022-03-25 15:10:00,-1.136,33.94,-1.136
2022-03-25 23:15:00,0.999,34.939,-0.137
2022-03-26 05:40:00,-1.118,33.821,-1.255
2022-03-26 13:45:00,0.631,34.452,-0.624
2022-03-26 21:25:00,-1.164,33.288,-1.788
2022-03-27 09:05:00,-0.208,33.08,-1.996
2022-03-27 15:00:00,-1.139,31.941,-3.135
2022-03-27 16:55:00,2.255,34.196,-0.88
2022-03-27 21:15:00,2.392,36.588,0.0
2022-03-28 03:55:00,2.45,39.038,0.0
2022-03-28 12:00:00,0.187,39.225,0.0
2022-03-29 05:25:00,-1.054,38.171,-1.054
2022-03-29 13:30:00,0.891,39.062,-0.163
2022-03-29 23:55:00,-0.253,38.809,-0.416
2022-03-30 01:30:00,-1.059,37.75,-1.475
2022-03-30 05:55:00,-1.037,36.713,-2.512
2022-03-30 13:20:00,-1.071,35.642,-3.583
2022-03-30 16:35:00,-1.092,34.55,-4.675
2022-03-31 00:40:00,0.695,35.245,-3.98
2022-03-31 08:50:00,0.369,35.614,-3.611
2022-03-31 16:05:00,2.439,38.053,-1.172
2022-04-01 00:10:00,0.209,38.262,-0.963
2022-04-01 10:30:00,-0.199,38.063,-1.162
2022-04-01 13:25:00,-1.079,36.984,-2.241
2022-04-01 22:10:00,1.747,38.731,-0.494
2022-04-02 08:20:00,0.371,39.102,-0.123
2022-04-02 11:45:00,2.387,41.489,0.0
2022-04-02 15:10:00,-1.049,40.44,-1.049
2022-04-03 13:00:00,0.294,40.734,-0.755
2022-04-04 00:25:00,-1.132,39.602,-1.887
2022-04-04 08:30:00,0.037,39.639,-1.85
2022-04-04 15:00:00,2.385,42.024,0.0
2022-04-04 20:40:00,-1.055,40.969,-1.055
2022-04-05 06:55:00,0.127,41.096,-0.928
2022-04-05 13:10:00,-1.083,40.013,-2.011
2022-04-05 21:20:00,1.299,41.312,-0.712
2022-04-06 00:05:00,2.37,43.682,0.0
2022-04-06 08:10:00,0.302,43.984,0.0
2022-04-06 13:45:00,2.424,46.408,0.0
2022-04-06 21:50:00,0.579,46.987,0.0
2022-04-07 06:20:00,-0.211,46.776,-0.211
2022-04-07 11:30:00,-1.077,45.699,-1.288
2022-04-07 21:30:00,-0.495,45.204,-1.783
2022-04-08 12:40:00,2.375,47.579,0.0
2022-04-08 14:25:00,-1.099,46.48,-1.099
2022-04-08 18:50:00,-1.109,45.371,-2.208
2022-04-08 23:05:00,2.383,47.754,0.0
2022-04-09 07:10:00,-0.653,47.101,-0.653
2022-04-09 23:30:00,-1.171,45.93,-1.824
2022-04-10 07:30:00,-1.138,44.792,-2.962
2022-04-10 15:35:00,0.662,45.454,-2.3
2022-04-10 22:45:00,-1.064,44.39,-3.364
2022-04-11 06:50:00,0.887,45.277,-2.477
2022-04-11 08:35:00,2.333,47.61,-0.144
2022-04-11 16:40:00,1.675,49.285,0.0
2022-04-12 04:10:00,0.233,49.518,0.0
2022-04-12 22:30:00,0.002,49.52,0.0
2022-04-13 06:30:00,-1.124,48.396,-1.124
2022-04-13 13:00:00,2.378,50.774,0.0
2022-04-13 21:45:00,0.708,51.482,0.0
2022-04-14 06:35:00,-0.469,51.013,-0.469
2022-04-14 12:15:00,-1.142,49.871,-1.611
2022-04-14 13:50:00,-1.076,48.795,-2.687
2022-04-14 21:55:00,0.167,48.962,-2.52
2022-04-15 11:15:00,0.804,49.766,-1.716
2022-04-15 12:30:00,-1.126,48.64,-2.842
2022-04-15 14:45:00,-1.102,47.538,-3.944
2022-04-15 22:50:00,-0.099,47.439,-4.043
2022-04-16 07:50:00,-0.415,47.024,-4.458
2022-04-16 15:35:00,-1.17,45.854,-5.628
2022-04-17 01:00:00,0.543,46.397,-5.085
2022-04-17 07:35:00,-1.282,45.115,-6.367
2022-04-17 11:15:00,-1.15,43.965,-7.517
2022-04-17 23:00:00,2.376,46.341,-5.141
2022-04-18 07:05:00,1.511,47.852,-3.63
2022-04-18 09:40:00,-1.152,46.7,-4.782
2022-04-18 16:45:00,-1.129,45.571,-5.911
2022-04-19 01:10:00,0.902,46.473,-5.009
2022-04-19 06:55:00,-1.136,45.337,-6.145
2022-04-19 13:40:00,2.338,47.675,-3.807
2022-04-19 21:45:00,1.745,49.42,-2.062
2022-04-20 08:25:00,2.404,51.824,0.0
2022-04-20 15:00:00,-1.105,50.719,-1.105
2022-04-21 05:15:00,0.781,51.5,-0.324
2022-04-21 16:00:00,-0.234,51.266,-0.558
2022-04-21 18:00:00,2.376,53.642,0.0
2022-04-22 02:05:00,1.475,55.117,0.0
2022-04-22 15:25:00,-0.25,54.867,-0.25
2022-04-23 06:30:00,-1.094,53.773,-1.344
2022-04-23 11:15:00,2.349,56.122,0.0
2022-04-23 12:00:00,-1.165,54.957,-1.165
2022-04-23 23:25:00,0.24,55.197,-0.925
2022-04-24 05:35:00,-1.108,54.089,-2.033
2022-04-24 13:35:00,2.334,56.423,0.0
2022-04-24 21:40:00,0.467,56.89,0.0
2022-04-25 00:20:00,2.389,59.279,0.0
2022-04-25 08:25:00,0.946,60.225,0.0
2022-04-25 09:30:00,-1.15,59.075,-1.15
2022-04-26 00:35:00,2.317,61.392,0.0
2022-04-26 01:50:00,-1.105,60.287,-1.105
2022-04-26 10:00:00,0.69,60.977,-0.415
2022-04-26 19:30:00,2.446,63.423,0.0
2022-04-27 03:35:00,-0.455,62.968,-0.455
2022-04-27 16:55:00,-0.011,62.957,-0.466
2022-04-27 22:10:00,-1.077,61.88,-1.543
2022-04-28 09:15:00,2.343,64.223,0.0
2022-04-28 12:50:00,-1.057,63.166,-1.057
2022-04-28 15:05:00,-1.07,62.096,-2.127
2022-04-29 04:05:00,0.572,62.668,-1.555
2022-04-29 05:20:00,-1.127,61.541,-2.682
2022-04-29 10:45:00,2.383,63.924,-0.299
2022-04-29 13:55:00,-1.057,62.867,-1.356
2022-04-30 01:00:00,-0.138,62.729,-1.494
2022-04-30 14:20:00,2.401,65.13,0.0
2022-04-30 22:25:00,0.961,66.091,0.0
2022-04-30 23:05:00,2.445,68.536,0.0
2022-05-01 07:10:00,-0.554,67.982,-0.554
2022-05-01 12:20:00,-1.143,66.839,-1.697
2022-05-01 23:20:00,-1.054,65.785,-2.751
2022-05-02 02:00:00,-1.087,64.698,-3.838
2022-05-02 08:00:00,-1.071,63.627,-4.909
2022-05-02 11:55:00,2.409,66.036,-2.5
2022-05-02 13:25:00,-1.079,64.957,-3.579
2022-05-02 13:40:00,-1.075,63.882,-4.654
2022-05-02 21:35:00,-1.054,62.828,-5.708
2022-05-03 17:05:00,2.34,65.168,-3.368
2022-05-04 01:10:00,-0.299,64.869,-3.667
2022-05-04 05:15:00,-1.111,63.758,-4.778
2022-05-04 14:40:00,-0.363,63.395,-5.141
2022-05-04 18:45:00,2.416,65.811,-2.725
2022-05-05 02:50:00,0.956,66.767,-1.769
2022-05-05 14:40:00,2.439,69.206,0.0
2022-05-05 22:45:00,0.81,70.016,0.0
2022-05-06 04:45:00,-1.072,68.944,-1.072
2022-05-06 15:40:00,-0.034,68.91,-1.106
2022-05-06 19:35:00,-1.088,67.822,-2.194
2022-05-07 07:45:00,-1.103,66.719,-3.297
2022-05-07 22:50:00,2.42,69.139,-0.877
2022-05-08 06:55:00,-0.448,68.691,-1.325
2022-05-08 15:50:00,0.103,68.794,-1.222
2022-05-09 00:40:00,-1.098,67.696,-2.32
2022-05-09 08:20:00,2.452,70.148,0.0
2022-05-09 15:30:00,2.463,72.611,0.0
2022-05-09 23:35:00,1.15,73.761,0.0
2022-05-10 04:55:00,-1.023,72.738,-1.023
2022-05-10 14:35:00,-1.054,71.684,-2.077
2022-05-10 22:40:00,1.785,73.469,-0.292
2022-05-11 05:15:00,-1.034,72.435,-1.326
2022-05-11 12:40:00,2.474,74.909,0.0
2022-05-11 20:45:00,1.085,75.994,0.0
2022-05-11 22:05:00,-1.012,74.982,-1.012
2022-05-12 05:10:00,2.481,77.463,0.0
2022-05-12 10:50:00,-1.009,76.454,-1.009
2022-05-13 00:40:00,-1.032,75.422,-2.041
2022-05-13 05:15:00,2.473,77.895,0.0
2022-05-13 13:20:00,1.289,79.184,0.0
2022-05-13 13:50:00,2.447,81.631,0.0
2022-05-13 15:40:00,-1.024,80.607,-1.024
2022-05-13 22:40:00,-1.038,79.569,-2.062
2022-05-14 04:00:00,-1.044,78.525,-3.106
2022-05-14 07:45:00,-1.066,77.459,-4.172
2022-05-14 16:30:00,-1.026,76.433,-5.198
2022-05-15 00:35:00,0.627,77.06,-4.571
2022-05-15 08:15:00,-1.039,76.021,-5.61
2022-05-16 00:55:00,0.692,76.713,-4.918
2022-05-16 06:05:00,-1.042,75.671,-5.96
2022-05-16 14:10:00,0.516,76.187,-5.444
2022-05-16 16:00:00,-1.058,75.129,-6.502
2022-05-17 00:50:00,-1.046,74.083,-7.548
2022-05-17 11:40:00,-0.19,73.893,-7.738
2022-05-17 12:30:00,-1.048,72.845,-8.786
2022-05-17 14:30:00,-1.047,71.798,-9.833
2022-05-17 22:45:00,-0.47,71.328,-10.303
2022-05-18 06:50:00,2.443,73.771,-7.86
2022-05-18 13:25:00,2.43,76.201,-5.43
2022-05-18 21:30:00,0.97,77.171,-4.46
2022-05-18 22:25:00,-1.087,76.084,-5.547
2022-05-19 07:25:00,-0.401,75.683,-5.948
2022-05-19 11:25:00,-1.057,74.626,-7.005
2022-05-19 22:20:00,-1.035,73.591,-8.04
2022-05-19 23:45:00,-1.048,72.543,-9.088
2022-05-20 04:45:00,-1.033,71.51,-10.121
2022-05-20 10:20:00,-1.032,70.478,-11.153
2022-05-20 22:55:00,0.025,70.503,-11.128
2022-05-21 03:55:00,-1.068,69.435,-12.196
2022-05-21 13:50:00,-1.115,68.32,-13.311
2022-05-22 00:05:00,-0.043,68.277,-13.354
2022-05-22 07:10:00,-1.113,67.164,-14.467
2022-05-22 15:20:00,-1.09,66.074,-15.557
2022-05-23 02:10:00,-1.068,65.006,-16.625
2022-05-23 05:00:00,-1.067,63.939,-17.692
2022-05-23 07:40:00,2.401,66.34,-15.291
2022-05-23 15:45:00,1.086,67.426,-14.205
2022-05-23 17:15:00,-1.054,66.372,-15.259
2022-05-24 03:05:00,0.394,66.766,-14.865
2022-05-24 09:05:00,2.388,69.154,-12.477
2022-05-24 15:45:00,-1.039,68.115,-13.516
2022-05-25 05:15:00,0.218,68.333,-13.298
2022-05-25 13:40:00,-0.223,68.11,-13.521
2022-05-25 22:55:00,-0.648,67.462,-14.169
2022-05-26 00:10:00,-1.073,66.389,-15.242
2022-05-26 08:20:00,2.419,68.808,-12.823
2022-05-26 16:25:00,-0.08,68.728,-12.903
2022-05-26 21:10:00,-1.053,67.675,-13.956
2022-05-27 01:05:00,2.412,70.087,-11.544
2022-05-27 09:10:00,-0.539,69.548,-12.083
2022-05-27 10:40:00,2.46,72.008,-9.623
2022-05-27 18:45:00,-0.909,71.099,-10.532
2022-05-27 19:55:00,-1.049,70.05,-11.581
2022-05-28 05:25:00,-1.04,69.01,-12.621
2022-05-28 09:20:00,-1.036,67.974,-13.657
2022-05-28 19:25:00,0.359,68.333,-13.298
2022-05-29 01:25:00,-1.063,67.27,-14.361
2022-05-29 10:10:00,-0.57,66.7,-14.931
2022-05-29 13:25:00,2.438,69.138,-12.493
2022-05-29 21:30:00,-0.346,68.792,-12.839
2022-05-30 02:00:00,2.426,71.218,-10.413
2022-05-30 10:05:00,-0.553,70.665,-10.966
2022-05-30 22:10:00,0.566,71.231,-10.4
2022-05-31 06:00:00,-1.05,70.181,-11.45
2022-05-31 12:20:00,-1.109,69.072,-12.559
2022-05-31 15:50:00,-1.032,68.04,-13.591
2022-05-31 23:55:00,-0.336,67.704,-13.927
2022-06-01 06:05:00,-1.094,66.61,-15.021
2022-06-01 14:10:00,0.25,66.86,-14.771
2022-06-01 22:20:00,1.832,68.692,-12.939
2022-06-02 02:15:00,-1.059,67.633,-13.998
2022-06-02 05:40:00,-1.079,66.554,-15.077
2022-06-02 16:10:00,-1.045,65.509,-16.122
2022-06-03 04:20:00,-0.586,64.923,-16.708
2022-06-03 06:55:00,-1.079,63.844,-17.787
2022-06-03 10:35:00,2.422,66.266,-15.365
2022-06-03 18:40:00,-0.023,66.243,-15.388
2022-06-03 21:20:00,-1.077,65.166,-16.465
2022-06-04 00:40:00,-1.163,64.003,-17.628
2022-06-04 08:15:00,-1.068,62.935,-18.696
2022-06-04 14:30:00,-1.087,61.848,-19.783
2022-06-05 09:05:00,0.172,62.02,-19.611
2022-06-05 12:25:00,-1.11,60.91,-20.721
2022-06-05 16:05:00,2.335,63.245,-18.386
2022-06-05 20:55:00,-1.103,62.142,-19.489
2022-06-06 00:45:00,-1.066,61.076,-20.555
2022-06-06 08:50:00,1.636,62.712,-18.919
2022-06-06 16:05:00,-1.047,61.665,-19.966
2022-06-07 00:10:00,1.576,63.241,-18.39
2022-06-07 08:25:00,0.33,63.571,-18.06
2022-06-07 12:35:00,-1.134,62.437,-19.194
2022-06-07 22:45:00,-1.074,61.363,-20.268
2022-06-08 02:05:00,-1.024,60.339,-21.292
2022-06-08 11:20:00,0.14,60.479,-21.152
2022-06-08 13:25:00,-1.102,59.377,-22.254
2022-06-09 00:35:00,0.88,60.257,-21.374
2022-06-09 14:05:00,-0.412,59.845,-21.786
2022-06-09 22:35:00,-0.579,59.266,-22.365
2022-06-10 03:00:00,-1.049,58.217,-23.414
2022-06-10 09:05:00,-1.047,57.17,-24.461
2022-06-10 12:30:00,2.422,59.592,-22.039
2022-06-10 20:35:00,0.085,59.677,-21.954
2022-06-11 03:35:00,-1.036,58.641,-22.99
2022-06-11 12:55:00,2.448,61.089,-20.542
2022-06-11 21:00:00,0.315,61.404,-20.227
2022-06-12 05:00:00,2.457,63.861,-17.77
2022-06-12 08:25:00,-1.032,62.829,-18.802
2022-06-12 14:20:00,-1.064,61.765,-19.866
2022-06-12 23:40:00,2.439,64.204,-17.427
2022-06-13 01:25:00,2.453,66.657,-14.974
2022-06-13 09:30:00,0.842,67.499,-14.132
2022-06-14 00:35:00,-1.021,66.478,-15.153
2022-06-14 02:40:00,-1.02,65.458,-16.173
2022-06-14 13:20:00,0.953,66.411,-15.22
2022-06-14 21:25:00,-0.862,65.549,-16.082
2022-06-14 22:50:00,-1.079,64.47,-17.161
2022-06-15 05:20:00,-1.044,63.426,-18.205
2022-06-15 13:25:00,-0.42,63.006,-18.625
2022-06-15 14:40:00,-1.047,61.959,-19.672
2022-06-15 18:40:00,-1.024,60.935,-20.696
2022-06-16 02:45:00,1.316,62.251,-19.38
2022-06-16 12:25:00,-1.05,61.201,-20.43
2022-06-16 21:35:00,-0.024,61.177,-20.454
2022-06-17 01:45:00,-1.032,60.145,-21.486
2022-06-18 01:35:00,-1.05,59.095,-22.536
2022-06-18 08:15:00,2.463,61.558,-20.073
2022-06-18 15:35:00,-1.03,60.528,-21.103
2022-06-18 21:20:00,-1.055,59.473,-22.158
2022-06-19 01:55:00,-1.029,58.444,-23.187
2022-06-19 05:05:00,-1.057,57.387,-24.244
2022-06-19 17:20:00,0.475,57.862,-23.769
2022-06-20 01:50:00,-1.033,56.829,-24.802
2022-06-20 10:10:00,2.445,59.274,-22.357
2022-06-20 10:40:00,2.424,61.698,-19.933
2022-06-20 18:45:00,-0.64,61.058,-20.573
2022-06-21 07:40:00,0.94,61.998,-19.633
2022-06-21 18:55:00,-1.036,60.962,-20.669
2022-06-22 04:05:00,1.558,62.52,-19.111
2022-06-22 10:10:00,-1.046,61.474,-20.157
2022-06-22 13:30:00,-1.046,60.428,-21.203
2022-06-22 16:05:00,-1.03,59.398,-22.233
2022-06-23 00:10:00,-0.159,59.239,-22.392
2022-06-23 07:50:00,-1.071,58.168,-23.463
2022-06-23 15:30:00,-1.053,57.115,-24.516
2022-06-23 19:35:00,-1.047,56.068,-25.563
2022-06-24 03:40:00,1.478,57.546,-24.085
2022-06-24 16:35:00,0.303,57.849,-23.782
2022-06-25 03:50:00,0.178,58.027,-23.604
2022-06-25 12:10:00,-1.066,56.961,-24.67
2022-06-25 20:15:00,0.677,57.638,-23.993
2022-06-26 05:35:00,-0.152,57.486,-24.145
2022-06-26 14:50:00,-0.046,57.44,-24.191
2022-06-26 20:45:00,-1.059,56.381,-25.25
2022-06-26 22:20:00,-1.057,55.324,-26.307
2022-06-27 06:30:00,-0.034,55.29,-26.341
2022-06-27 13:45:00,-1.086,54.204,-27.427
2022-06-27 21:50:00,0.401,54.605,-27.026
2022-06-28 08:40:00,-0.361,54.244,-27.387
2022-06-28 14:30:00,-1.052,53.192,-28.439
2022-06-28 22:35:00,1.678,54.87,-26.761
2022-06-29 07:05:00,0.711,55.581,-26.05
2022-06-29 14:50:00,-1.066,54.515,-27.116
2022-06-29 20:10:00,-1.049,53.466,-28.165
2022-06-30 06:35:00,1.587,55.053,-26.578
2022-06-30 12:30:00,-1.063,53.99,-27.641
2022-06-30 15:25:00,-1.029,52.961,-28.67
2022-06-30 23:45:00,-1.045,51.916,-29.715
2022-07-01 05:30:00,-1.022,50.894,-30.737
2022-07-01 08:20:00,-1.026,49.868,-31.763
2022-07-01 13:45:00,-1.051,48.817,-32.814
2022-07-02 06:25:00,0.586,49.403,-32.228
2022-07-02 15:10:00,-1.14,48.263,-33.368
2022-07-02 18:05:00,-1.091,47.172,-34.459
2022-07-03 00:20:00,-1.159,46.013,-35.618
2022-07-03 05:00:00,-1.103,44.91,-36.721
2022-07-03 10:00:00,-1.249,43.661,-37.97
2022-07-03 16:45:00,-1.075,42.586,-39.045
2022-07-03 20:00:00,2.388,44.974,-36.657
2022-07-04 02:40:00,-1.038,43.936,-37.695
2022-07-04 10:45:00,-0.486,43.45,-38.181
2022-07-04 12:00:00,2.389,45.839,-35.792
2022-07-04 20:05:00,-0.122,45.717,-35.914
2022-07-05 02:30:00,-1.084,44.633,-36.998
2022-07-05 12:20:00,2.443,47.076,-34.555
2022-07-05 19:30:00,-1.045,46.031,-35.6
2022-07-06 02:00:00,-1.046,44.985,-36.646
2022-07-06 09:00:00,-1.041,43.944,-37.687
2022-07-07 03:25:00,-1.071,42.873,-38.758
2022-07-07 16:10:00,1.527,44.4,-37.231
2022-07-08 00:30:00,0.991,45.391,-36.24
2022-07-08 05:50:00,-1.038,44.353,-37.278
2022-07-08 16:40:00,0.779,45.132,-36.499
2022-07-08 21:45:00,-1.102,44.03,-37.601
2022-07-09 05:00:00,-1.056,42.974,-38.657
2022-07-09 14:35:00,0.444,43.418,-38.213
2022-07-09 19:10:00,-1.105,42.313,-39.318
2022-07-10 01:00:00,2.371,44.684,-36.947
2022-07-10 09:05:00,0.391,45.075,-36.556
2022-07-10 13:30:00,2.35,47.425,-34.206
2022-07-10 21:35:00,0.331,47.756,-33.875
2022-07-11 08:20:00,-0.218,47.538,-34.093
2022-07-11 13:00:00,-1.073,46.465,-35.166
2022-07-11 21:50:00,0.668,47.133,-34.498
2022-07-12 06:30:00,0.206,47.339,-34.292
2022-07-12 14:55:00,-0.022,47.317,-34.314
2022-07-13 00:00:00,2.418,49.735,-31.896
2022-07-13 05:35:00,-1.046,48.689,-32.942
2022-07-13 20:35:00,0.053,48.742,-32.889
2022-07-14 07:20:00,-0.058,48.684,-32.947
2022-07-14 15:40:00,-1.105,47.579,-34.052
2022-07-14 23:45:00,1.263,48.842,-32.789
2022-07-15 10:00:00,0.912,49.754,-31.877
2022-07-15 11:55:00,-1.132,48.622,-33.009
2022-07-15 16:20:00,-1.059,47.563,-34.068
2022-07-16 00:00:00,-1.059,46.504,-35.127
2022-07-16 05:55:00,-1.235,45.269,-36.362
2022-07-16 14:00:00,-0.355,44.914,-36.717
2022-07-16 16:05:00,2.397,47.311,-34.32
2022-07-17 00:10:00,1.746,49.057,-32.574
2022-07-17 08:25:00,-1.06,47.997,-33.634
2022-07-18 02:00:00,-0.812,47.185,-34.446
2022-07-18 06:35:00,2.452,49.637,-31.994
2022-07-18 14:40:00,-0.062,49.575,-32.056
2022-07-18 16:40:00,-1.05,48.525,-33.106
2022-07-18 23:45:00,2.412,50.937,-30.694
2022-07-19 07:50:00,-0.283,50.654,-30.977
2022-07-19 15:20:00,-1.049,49.605,-32.026
2022-07-20 00:10:00,-0.685,48.92,-32.711
2022-07-20 03:30:00,2.3,51.22,-30.411
2022-07-20 08:35:00,-1.098,50.122,-31.509
2022-07-20 16:25:00,-1.044,49.078,-32.553
2022-07-21 01:15:00,0.593,49.671,-31.96
2022-07-21 10:30:00,-0.263,49.408,-32.223
2022-07-21 12:40:00,-1.054,48.354,-33.277
2022-07-21 16:10:00,-1.052,47.302,-34.329
2022-07-22 03:15:00,-0.694,46.608,-35.023
2022-07-22 05:35:00,-1.099,45.509,-36.122
2022-07-22 13:40:00,1.344,46.853,-34.778
2022-07-22 23:30:00,1.632,48.485,-33.146
2022-07-23 00:30:00,-1.06,47.425,-34.206
2022-07-23 18:40:00,0.777,48.202,-33.429
2022-07-24 02:30:00,-1.082,47.12,-34.511
2022-07-24 10:35:00,-0.362,46.758,-34.873
2022-07-24 15:10:00,-1.069,45.689,-35.942
2022-07-24 23:15:00,-0.439,45.25,-36.381
2022-07-25 08:25:00,1.923,47.173,-34.458
2022-07-25 19:05:00,2.385,49.558,-32.073
2022-07-25 20:40:00,-1.05,48.508,-33.123
2022-07-26 00:00:00,2.397,50.905,-30.726
2022-07-26 08:05:00,0.41,51.315,-30.316
2022-07-26 20:50:00,-0.343,50.972,-30.659
2022-07-27 05:10:00,-1.11,49.862,-31.769
2022-07-27 10:30:00,-1.204,48.658,-32.973
2022-07-27 12:35:00,-1.119,47.539,-34.092
2022-07-27 18:00:00,2.433,49.972,-31.659
2022-07-27 23:50:00,2.473,52.445,-29.186
2022-07-28 07:55:00,-0.309,52.136,-29.495
2022-07-28 12:20:00,-1.116,51.02,-30.611
2022-07-28 21:35:00,0.856,51.876,-29.755
2022-07-29 08:50:00,0.044,51.92,-29.711
2022-07-29 11:15:00,-1.072,50.848,-30.783
2022-07-29 22:10:00,0.331,51.179,-30.452
2022-07-30 06:45:00,-0.04,51.139,-30.492
2022-07-30 08:40:00,2.435,53.574,-28.057
2022-07-30 16:45:00,-0.516,53.058,-28.573
2022-07-30 19:20:00,-1.048,52.01,-29.621
2022-07-31 00:30:00,-1.076,50.934,-30.697
2022-07-31 04:25:00,-1.123,49.811,-31.82
2022-07-31 10:55:00,-1.057,48.754,-32.877
2022-07-31 16:20:00,2.402,51.156,-30.475
2022-08-01 00:30:00,-0.177,50.979,-30.652
2022-08-01 06:10:00,-1.042,49.937,-31.694
2022-08-01 17:25:00,2.442,52.379,-29.252
2022-08-02 01:30:00,0.331,52.71,-28.921
2022-08-02 09:45:00,1.294,54.004,-27.627
2022-08-02 19:00:00,-1.043,52.961,-28.67
2022-08-03 03:05:00,0.208,53.169,-28.462
2022-08-03 15:40:00,2.405,55.574,-26.057
2022-08-03 22:40:00,-1.068,54.506,-27.125
2022-08-04 06:45:00,0.145,54.651,-26.98
2022-08-04 13:10:00,-1.106,53.545,-28.086
2022-08-04 13:50:00,2.348,55.893,-25.738
2022-08-04 16:45:00,-1.052,54.841,-26.79
2022-08-05 00:50:00,-0.867,53.974,-27.657
2022-08-05 04:00:00,2.408,56.382,-25.249
2022-08-05 12:05:00,0.819,57.201,-24.43
2022-08-06 01:30:00,0.976,58.177,-23.454
2022-08-06 12:45:00,-1.079,57.098,-24.533
2022-08-06 15:35:00,-1.215,55.883,-25.748
2022-08-07 07:20:00,0.465,56.348,-25.283
2022-08-07 10:55:00,-1.119,55.229,-26.402
2022-08-07 16:25:00,2.335,57.564,-24.067
2022-08-08 00:30:00,0.737,58.301,-23.33
2022-08-08 07:50:00,2.401,60.702,-20.929
2022-08-08 15:55:00,0.739,61.441,-20.19
2022-08-09 14:00:00,2.399,63.84,-17.791
2022-08-09 22:05:00,-0.389,63.451,-18.18
2022-08-10 00:40:00,2.396,65.847,-15.784
2022-08-10 08:45:00,-0.359,65.488,-16.143
2022-08-10 12:30:00,2.418,67.906,-13.725
2022-08-10 20:35:00,1.642,69.548,-12.083
2022-08-11 02:10:00,-1.073,68.475,-13.156
2022-08-11 14:35:00,-1.111,67.364,-14.267
2022-08-12 06:25:00,0.202,67.566,-14.065
2022-08-12 08:15:00,-1.089,66.477,-15.154
2022-08-12 10:50:00,-1.09,65.387,-16.244
2022-08-12 15:20:00,-1.044,64.343,-17.288
2022-08-12 23:30:00,0.227,64.57,-17.061
2022-08-13 09:20:00,-0.125,64.445,-17.186
2022-08-13 15:30:00,-1.182,63.263,-18.368
2022-08-14 03:30:00,-0.003,63.26,-18.371
2022-08-14 11:35:00,-1.2,62.06,-19.571
2022-08-14 13:30:00,2.382,64.442,-17.189
2022-08-14 21:35:00,0.571,65.013,-16.618
2022-08-15 00:30:00,-1.112,63.901,-17.73
2022-08-15 06:20:00,-1.064,62.837,-18.794
2022-08-15 14:25:00,0.414,63.251,-18.38
2022-08-16 02:10:00,-0.167,63.084,-18.547
2022-08-16 03:55:00,-1.062,62.022,-19.609
2022-08-16 20:55:00,-0.674,61.348,-20.283
2022-08-17 07:40:00,-1.067,60.281,-21.35
2022-08-17 15:45:00,1.446,61.727,-19.904
2022-08-18 05:25:00,-0.669,61.058,-20.573
2022-08-18 10:05:00,-1.12,59.938,-21.693
2022-08-18 23:15:00,2.425,62.363,-19.268
2022-08-19 07:20:00,1.221,63.584,-18.047
2022-08-19 16:25:00,-1.047,62.537,-19.094
2022-08-19 19:20:00,-1.105,61.432,-20.199
2022-08-20 05:55:00,-0.23,61.202,-20.429
2022-08-20 18:40:00,0.999,62.201,-19.43
2022-08-20 20:50:00,2.404,64.605,-17.026
2022-08-20 22:05:00,-1.034,63.571,-18.06
2022-08-21 07:45:00,-1.077,62.494,-19.137
2022-08-21 16:40:00,-1.132,61.362,-20.269
2022-08-22 06:05:00,0.417,61.779,-19.852
2022-08-22 14:40:00,0.242,62.021,-19.61
2022-08-22 20:00:00,-1.096,60.925,-20.706
2022-08-23 05:35:00,-1.13,59.795,-21.836
2022-08-23 08:05:00,-1.048,58.747,-22.884
2022-08-23 16:10:00,0.776,59.523,-22.108
2022-08-23 20:30:00,-1.147,58.376,-23.255
2022-08-24 07:30:00,-1.101,57.275,-24.356
2022-08-24 13:30:00,-1.095,56.18,-25.451
2022-08-24 23:25:00,-0.114,56.066,-25.565
2022-08-25 03:30:00,-1.097,54.969,-26.662
2022-08-25 14:20:00,-0.537,54.432,-27.199
2022-08-25 23:25:00,-0.63,53.802,-27.829
2022-08-26 08:10:00,0.153,53.955,-27.676
2022-08-26 12:30:00,-1.105,52.85,-28.781
2022-08-26 15:00:00,-1.041,51.809,-29.822
2022-08-26 23:05:00,0.399,52.208,-29.423
2022-08-27 07:15:00,-0.079,52.129,-29.502
2022-08-27 13:40:00,-1.148,50.981,-30.65
2022-08-27 17:35:00,-1.099,49.882,-31.749
2022-08-28 01:15:00,-1.093,48.789,-32.842
2022-08-28 15:45:00,-1.15,47.639,-33.992
2022-08-29 06:05:00,0.561,48.2,-33.431
2022-08-29 22:10:00,1.202,49.402,-32.229
2022-08-30 01:35:00,-1.129,48.273,-33.358
2022-08-30 04:25:00,2.307,50.58,-31.051
2022-08-30 12:05:00,-1.066,49.514,-32.117
2022-08-30 22:10:00,0.906,50.42,-31.211
2022-08-31 09:10:00,-0.073,50.347,-31.284
2022-08-31 23:05:00,-0.049,50.298,-31.333
2022-09-01 07:20:00,0.615,50.913,-30.718
2022-09-01 09:00:00,-1.098,49.815,-31.816
2022-09-01 17:30:00,-1.055,48.76,-32.871
2022-09-02 04:05:00,1.361,50.121,-31.51
2022-09-02 10:30:00,-1.156,48.965,-32.666
2022-09-02 12:35:00,2.373,51.338,-30.293
2022-09-02 20:40:00,-0.517,50.821,-30.81
2022-09-03 11:55:00,-0.213,50.608,-31.023
2022-09-03 13:15:00,-1.171,49.437,-32.194
2022-09-03 14:25:00,-1.156,48.281,-33.35
2022-09-04 03:35:00,-0.195,48.086,-33.545
2022-09-04 15:20:00,0.481,48.567,-33.064
2022-09-05 00:00:00,2.37,50.937,-30.694
2022-09-05 08:05:00,0.164,51.101,-30.53
2022-09-05 10:45:00,-1.101,50.0,-31.631
2022-09-05 17:05:00,-1.095,48.905,-32.726
2022-09-06 00:25:00,-1.105,47.8,-33.831
2022-09-06 08:30:00,0.773,48.573,-33.058
2022-09-06 13:50:00,-1.086,47.487,-34.144
2022-09-06 19:30:00,2.458,49.945,-31.686
2022-09-07 03:35:00,0.711,50.656,-30.975
2022-09-08 01:45:00,0.07,50.726,-30.905
2022-09-08 10:45:00,-1.118,49.608,-32.023
2022-09-08 13:05:00,-1.06,48.548,-33.083
2022-09-08 23:00:00,0.364,48.912,-32.719
2022-09-09 01:45:00,-1.197,47.715,-33.916
2022-09-09 07:45:00,2.4,50.115,-31.516
2022-09-09 15:50:00,0.616,50.731,-30.9
2022-09-09 17:40:00,-1.056,49.675,-31.956
2022-09-09 21:55:00,-1.204,48.471,-33.16
2022-09-09 23:20:00,-1.188,47.283,-34.348
2022-09-10 05:30:00,2.283,49.566,-32.065
2022-09-10 07:45:00,-1.063,48.503,-33.128
2022-09-11 00:55:00,0.504,49.007,-32.624
2022-09-11 20:15:00,-1.043,47.964,-33.667
2022-09-12 01:40:00,-1.096,46.868,-34.763
2022-09-12 09:45:00,0.765,47.633,-33.998
2022-09-12 15:40:00,-1.081,46.552,-35.079
2022-09-12 23:45:00,1.013,47.565,-34.066
2022-09-13 02:10:00,2.376,49.941,-31.69
2022-09-13 03:50:00,-1.076,48.865,-32.766
2022-09-13 12:25:00,2.403,51.268,-30.363
2022-09-13 20:35:00,1.649,52.917,-28.714
2022-09-14 03:25:00,-1.059,51.858,-29.773
2022-09-14 09:25:00,-1.109,50.749,-30.882
2022-09-14 12:30:00,-1.089,49.66,-31.971
2022-09-14 17:20:00,-1.096,48.564,-33.067
2022-09-14 22:40:00,-1.081,47.483,-34.148
2022-09-15 08:55:00,0.242,47.725,-33.906
2022-09-15 12:30:00,-1.137,46.588,-35.043
2022-09-15 21:30:00,0.998,47.586,-34.045
2022-09-16 06:40:00,-0.175,47.411,-34.22
2022-09-16 10:40:00,-1.243,46.168,-35.463
2022-09-16 20:50:00,-0.34,45.828,-35.803
2022-09-17 08:05:00,0.998,46.826,-34.805
2022-09-17 13:35:00,-1.114,45.712,-35.919
2022-09-17 16:05:00,2.313,48.025,-33.606
2022-09-17 22:20:00,-1.152,46.873,-34.758
2022-09-18 08:20:00,-0.19,46.683,-34.948
2022-09-18 17:50:00,0.763,47.446,-34.185
2022-09-18 21:10:00,2.391,49.837,-31.794
2022-09-19 05:15:00,0.26,50.097,-31.534
2022-09-19 12:50:00,-1.095,49.002,-32.629
2022-09-19 19:10:00,-1.059,47.943,-33.688
2022-09-20 08:15:00,0.571,48.514,-33.117
2022-09-20 14:55:00,-1.104,47.41,-34.221
2022-09-21 00:50:00,-1.058,46.352,-35.279
2022-09-21 12:30:00,-1.071,45.281,-36.35
2022-09-21 17:35:00,-1.103,44.178,-37.453
2022-09-21 18:00:00,-1.075,43.103,-38.528
2022-09-21 18:40:00,2.436,45.539,-36.092
2022-09-21 21:05:00,-1.02,44.519,-37.112
2022-09-22 04:05:00,-1.05,43.469,-38.162
2022-09-22 15:25:00,0.461,43.93,-37.701
2022-09-23 02:05:00,2.394,46.324,-35.307
2022-09-23 08:50:00,-1.044,45.28,-36.351
2022-09-23 16:55:00,0.55,45.83,-35.801
2022-09-24 04:30:00,0.302,46.132,-35.499
2022-09-24 21:15:00,-1.115,45.017,-36.614
2022-09-25 06:05:00,0.065,45.082,-36.549
2022-09-25 11:05:00,-1.135,43.947,-37.684
2022-09-25 21:30:00,0.821,44.768,-36.863
2022-09-25 22:00:00,2.285,47.053,-34.578
2022-09-25 22:30:00,-1.057,45.996,-35.635
2022-09-26 06:55:00,-1.048,44.948,-36.683
2022-09-26 08:05:00,-1.053,43.895,-37.736
2022-09-26 14:10:00,2.416,46.311,-35.32
2022-09-26 22:15:00,0.356,46.667,-34.964
2022-09-27 08:15:00,0.906,47.573,-34.058
2022-09-27 13:00:00,-1.143,46.43,-35.201
2022-09-27 16:40:00,2.417,48.847,-32.784
2022-09-28 00:45:00,0.01,48.857,-32.774
2022-09-28 09:45:00,-0.137,48.72,-32.911
2022-09-28 22:30:00,-0.08,48.64,-32.991
2022-09-29 09:15:00,-1.134,47.506,-34.125
2022-09-29 12:35:00,-1.092,46.414,-35.217
2022-09-29 20:40:00,0.044,46.458,-35.173
2022-09-30 07:45:00,0.671,47.129,-34.502
2022-09-30 11:50:00,-1.07,46.059,-35.572
2022-09-30 18:00:00,-1.061,44.998,-36.633
2022-10-01 02:05:00,0.892,45.89,-35.741
2022-10-01 07:40:00,-1.191,44.699,-36.932
2022-10-01 19:30:00,-0.034,44.665,-36.966
2022-10-02 10:15:00,2.278,46.943,-34.688
2022-10-02 18:20:00,-0.479,46.464,-35.167
2022-10-02 21:20:00,-1.223,45.241,-36.39
2022-10-02 22:15:00,-1.148,44.093,-37.538
2022-10-03 07:00:00,0.252,44.345,-37.286
2022-10-03 14:20:00,2.31,46.655,-34.976
2022-10-03 22:25:00,0.121,46.776,-34.855
2022-10-04 00:55:00,-1.269,45.507,-36.124
2022-10-04 04:45:00,-1.195,44.312,-37.319
2022-10-04 14:35:00,0.798,45.11,-36.521
2022-10-05 02:55:00,-1.116,43.994,-37.637
2022-10-05 08:10:00,-1.154,42.84,-38.791
2022-10-05 16:15:00,0.23,43.07,-38.561
2022-10-06 03:05:00,1.557,44.627,-37.004
2022-10-06 14:00:00,-1.125,43.502,-38.129
2022-10-06 22:10:00,0.281,43.783,-37.848
2022-10-07 14:30:00,0.643,44.426,-37.205
2022-10-07 20:25:00,-1.134,43.292,-38.339
2022-10-08 08:25:00,-0.431,42.861,-38.77
2022-10-08 21:30:00,1.776,44.637,-36.994
2022-10-09 05:45:00,-0.777,43.86,-37.771
2022-10-09 15:05:00,2.277,46.137,-35.494
2022-10-09 23:10:00,0.359,46.496,-35.135
2022-10-10 05:35:00,-1.173,45.323,-36.308
2022-10-10 16:15:00,0.546,45.869,-35.762
2022-10-11 00:10:00,2.379,48.248,-33.383
2022-10-11 08:15:00,-0.379,47.869,-33.762
2022-10-11 11:55:00,-1.165,46.704,-34.927
2022-10-11 15:45:00,-1.12,45.584,-36.047
2022-10-12 02:55:00,-0.032,45.552,-36.079
2022-10-12 20:35:00,0.145,45.697,-35.934
2022-10-13 02:30:00,2.336,48.033,-33.598
2022-10-13 10:30:00,2.448,50.481,-31.15
2022-10-13 12:25:00,-1.035,49.446,-32.185
2022-10-13 15:35:00,-1.027,48.419,-33.212
2022-10-14 01:20:00,2.317,50.736,-30.895
2022-10-14 09:25:00,0.435,51.171,-30.46
2022-10-14 14:00:00,-1.096,50.075,-31.556
2022-10-14 23:50:00,1.419,51.494,-30.137
2022-10-15 12:20:00,-1.118,50.376,-31.255
2022-10-15 20:45:00,-1.162,49.214,-32.417
2022-10-15 23:25:00,-1.256,47.958,-33.673
2022-10-16 08:05:00,0.464,48.422,-33.209
2022-10-16 16:30:00,-0.566,47.856,-33.775
2022-10-16 21:50:00,-1.121,46.735,-34.896
2022-10-17 13:25:00,1.152,47.887,-33.744
2022-10-17 18:20:00,-1.134,46.753,-34.878
2022-10-17 20:50:00,-1.328,45.425,-36.206
2022-10-18 05:40:00,-0.656,44.769,-36.862
2022-10-18 08:35:00,-1.135,43.634,-37.997
2022-10-18 16:40:00,0.948,44.582,-37.049
2022-10-18 19:45:00,-1.093,43.489,-38.142
2022-10-19 09:00:00,-0.19,43.299,-38.332
2022-10-19 22:35:00,-1.164,42.135,-39.496
2022-10-20 07:20:00,0.095,42.23,-39.401
2022-10-20 17:55:00,2.287,44.517,-37.114
2022-10-20 18:15:00,2.371,46.888,-34.743
2022-10-21 02:20:00,0.536,47.424,-34.207
2022-10-21 06:15:00,-1.476,45.948,-35.683
2022-10-21 08:35:00,2.293,48.241,-33.39
2022-10-21 11:35:00,-1.052,47.189,-34.442
2022-10-22 09:35:00,-0.521,46.668,-34.963
2022-10-22 21:05:00,-1.178,45.49,-36.141
2022-10-23 02:25:00,-1.155,44.335,-37.296
2022-10-23 10:30:00,-0.609,43.726,-37.905
2022-10-23 17:10:00,-1.124,42.602,-39.029
2022-10-24 01:35:00,0.545,43.147,-38.484
2022-10-24 11:15:00,-0.686,42.461,-39.17
2022-10-24 12:25:00,-1.179,41.282,-40.349
2022-10-24 19:05:00,-1.123,40.159,-41.472
2022-10-24 21:25:00,-1.249,38.91,-42.721
2022-10-25 05:40:00,-0.029,38.881,-42.75
2022-10-25 14:15:00,2.357,41.238,-40.393
2022-10-25 16:50:00,2.438,43.676,-37.955
2022-10-26 00:55:00,0.688,44.364,-37.267
2022-10-26 08:35:00,2.33,46.694,-34.937
2022-10-26 12:05:00,-1.067,45.627,-36.004
2022-10-27 03:00:00,-1.154,44.473,-37.158
2022-10-27 07:35:00,-1.14,43.333,-38.298
2022-10-27 13:55:00,-1.113,42.22,-39.411
2022-10-27 20:00:00,-1.172,41.048,-40.583
2022-10-28 04:05:00,0.344,41.392,-40.239
2022-10-28 12:30:00,-1.105,40.287,-41.344
2022-10-28 17:05:00,2.378,42.665,-38.966
2022-10-29 01:10:00,-0.207,42.458,-39.173
2022-10-29 11:10:00,0.29,42.748,-38.883
2022-10-30 00:15:00,0.395,43.143,-38.488
2022-10-30 09:45:00,-1.102,42.041,-39.59
2022-10-30 14:40:00,-1.154,40.887,-40.744
2022-10-30 15:45:00,-1.095,39.792,-41.839
2022-10-30 20:25:00,-1.067,38.725,-42.906
2022-10-30 22:10:00,-1.158,37.567,-44.064
2022-10-31 01:40:00,-1.11,36.457,-45.174
2022-10-31 11:30:00,0.835,37.292,-44.339
2022-10-31 21:50:00,1.958,39.25,-42.381
2022-11-01 01:20:00,-1.129,38.121,-43.51
2022-11-01 09:35:00,0.04,38.161,-43.47
2022-11-01 19:15:00,1.205,39.366,-42.265
2022-11-02 00:05:00,2.159,41.525,-40.106
2022-11-02 08:10:00,0.611,42.136,-39.495
2022-11-02 18:00:00,-1.044,41.092,-40.539
2022-11-02 19:25:00,2.413,43.505,-38.126
2022-11-03 03:20:00,-1.034,42.471,-39.16
2022-11-03 07:15:00,2.329,44.8,-36.831
2022-11-03 07:45:00,-1.126,43.674,-37.957
2022-11-03 16:50:00,-1.072,42.602,-39.029
2022-11-03 22:15:00,-1.116,41.486,-40.145
2022-11-04 00:30:00,-1.137,40.349,-41.282
2022-11-04 08:35:00,1.352,41.701,-39.93
2022-11-04 11:50:00,-1.131,40.57,-41.061
2022-11-04 20:40:00,0.989,41.559,-40.072
2022-11-05 01:15:00,2.4,43.959,-37.672
2022-11-05 03:25:00,-1.04,42.919,-38.712
2022-11-05 13:25:00,-1.125,41.794,-39.837
2022-11-05 23:05:00,-1.076,40.718,-40.913
2022-11-06 16:50:00,0.256,40.974,-40.657
2022-11-07 05:55:00,1.069,42.043,-39.588
2022-11-07 12:55:00,-1.045,40.998,-40.633
2022-11-07 15:05:00,2.322,43.32,-38.311
2022-11-07 23:10:00,0.439,43.759,-37.872
2022-11-08 05:10:00,2.46,46.219,-35.412
2022-11-08 06:50:00,-1.035,45.184,-36.447
2022-11-08 16:00:00,-1.069,44.115,-37.516
2022-11-09 02:10:00,0.236,44.351,-37.28
2022-11-09 16:40:00,0.184,44.535,-37.096
2022-11-09 21:20:00,2.452,46.987,-34.644
2022-11-10 05:25:00,-0.26,46.727,-34.904
2022-11-10 13:30:00,-1.03,45.697,-35.934
2022-11-10 21:35:00,0.351,46.048,-35.583
2022-11-11 09:55:00,0.2,46.248,-35.383
2022-11-11 13:05:00,-1.102,45.146,-36.485
2022-11-11 22:20:00,-0.181,44.965,-36.666
2022-11-12 12:55:00,-0.554,44.411,-37.22
2022-11-12 21:30:00,2.302,46.713,-34.918
2022-11-12 23:10:00,-1.245,45.468,-36.163
2022-11-13 06:10:00,-1.049,44.419,-37.212
2022-11-13 06:30:00,-1.071,43.348,-38.283
2022-11-13 08:45:00,-1.05,42.298,-39.333
2022-11-13 16:55:00,-0.4,41.898,-39.733
2022-11-14 01:15:00,1.765,43.663,-37.968
2022-11-14 06:50:00,-1.03,42.633,-38.998
2022-11-14 14:55:00,0.311,42.944,-38.687
2022-11-14 22:15:00,-1.123,41.821,-39.81
2022-11-15 06:20:00,0.506,42.327,-39.304
2022-11-15 15:20:00,1.279,43.606,-38.025
2022-11-15 18:30:00,-1.092,42.514,-39.117
2022-11-16 08:25:00,-1.086,41.428,-40.203
2022-11-16 14:00:00,2.416,43.844,-37.787
2022-11-16 22:05:00,-0.336,43.508,-38.123
2022-11-17 04:05:00,2.298,45.806,-35.825
2022-11-17 06:05:00,-1.071,44.735,-36.896
2022-11-17 15:20:00,-1.086,43.649,-37.982
2022-11-18 00:10:00,-1.135,42.514,-39.117
2022-11-18 08:15:00,-0.507,42.007,-39.624
2022-11-18 15:00:00,-1.123,40.884,-40.747
2022-11-18 23:05:00,0.88,41.764,-39.867
2022-11-18 23:30:00,-1.681,40.083,-41.548
2022-11-19 10:35:00,0.794,40.877,-40.754
2022-11-19 15:05:00,-1.295,39.582,-42.049
2022-11-19 21:55:00,-1.392,38.19,-43.441
2022-11-20 04:45:00,-1.24,36.95,-44.681
2022-11-20 16:50:00,1.085,38.035,-43.596
2022-11-21 00:05:00,2.411,40.446,-41.185
2022-11-21 08:10:00,0.592,41.038,-40.593
2022-11-21 09:15:00,-1.155,39.883,-41.748
2022-11-21 19:30:00,2.377,42.26,-39.371
2022-11-21 20:05:00,-1.054,41.206,-40.425
2022-11-22 07:00:00,2.407,43.613,-38.018
2022-11-22 13:15:00,-1.039,42.574,-39.057
2022-11-22 21:20:00,0.804,43.378,-38.253
2022-11-23 00:40:00,-1.219,42.159,-39.472
2022-11-23 08:00:00,2.412,44.571,-37.06
2022-11-23 09:35:00,-1.117,43.454,-38.177
2022-11-24 03:05:00,0.093,43.547,-38.084
2022-11-24 08:05:00,-1.131,42.416,-39.215
2022-11-24 16:05:00,-1.128,41.288,-40.343
2022-11-24 21:20:00,-1.129,40.159,-41.472
2022-11-24 23:40:00,-1.144,39.015,-42.616
2022-11-25 00:05:00,-1.144,37.871,-43.76
2022-11-25 08:25:00,0.752,38.623,-43.008
2022-11-25 22:05:00,-0.457,38.166,-43.465
2022-11-26 00:30:00,-1.188,36.978,-44.653
2022-11-26 14:40:00,2.372,39.35,-42.281
2022-11-26 14:50:00,-1.28,38.07,-43.561
2022-11-27 03:05:00,-0.662,37.408,-44.223
2022-11-27 10:05:00,-1.165,36.243,-45.388
2022-11-27 14:20:00,-1.082,35.161,-46.47
2022-11-28 01:30:00,2.436,37.597,-44.034
2022-11-28 09:35:00,-0.353,37.244,-44.387
2022-11-28 14:35:00,-1.122,36.122,-45.509
2022-11-28 17:00:00,-1.078,35.044,-46.587
2022-11-29 02:05:00,-1.183,33.861,-47.77
2022-11-29 08:30:00,2.361,36.222,-45.409
2022-11-29 13:35:00,-1.141,35.081,-46.55
2022-11-30 00:45:00,2.405,37.486,-44.145
2022-11-30 08:50:00,-0.416,37.07,-44.561
2022-12-01 03:05:00,0.033,37.103,-44.528
2022-12-01 13:45:00,-1.192,35.911,-45.72
2022-12-01 21:50:00,-0.472,35.439,-46.192
2022-12-02 01:45:00,-1.166,34.273,-47.358
2022-12-02 10:25:00,2.369,36.642,-44.989
2022-12-02 11:45:00,2.29,38.932,-42.699
2022-12-02 13:30:00,-1.099,37.833,-43.798
2022-12-02 22:35:00,0.271,38.104,-43.527
2022-12-03 00:15:00,-1.15,36.954,-44.677
2022-12-03 02:10:00,-1.109,35.845,-45.786
2022-12-03 16:30:00,-1.133,34.712,-46.919
2022-12-03 21:05:00,-1.12,33.592,-48.039
2022-12-03 22:30:00,2.118,35.71,-45.921
2022-12-04 00:15:00,-1.13,34.58,-47.051
2022-12-04 03:50:00,-1.234,33.346,-48.285
2022-12-04 11:20:00,-1.171,32.175,-49.456
2022-12-04 11:25:00,-1.291,30.884,-50.747
2022-12-04 15:00:00,-1.193,29.691,-51.94
2022-12-04 20:20:00,-1.294,28.397,-53.234
2022-12-05 08:25:00,1.361,29.758,-51.873
2022-12-05 16:25:00,2.305,32.063,-49.568
2022-12-05 18:15:00,-1.192,30.871,-50.76
2022-12-06 03:20:00,-0.301,30.57,-51.061
2022-12-06 08:00:00,-1.289,29.281,-52.35
2022-12-06 17:55:00,-0.194,29.087,-52.544
2022-12-06 23:10:00,-1.231,27.856,-53.775
2022-12-07 07:05:00,2.306,30.162,-51.469
2022-12-07 15:10:00,0.226,30.388,-51.243
2022-12-08 01:20:00,0.16,30.548,-51.083
2022-12-08 11:50:00,-1.141,29.407,-52.224
2022-12-09 02:35:00,1.287,30.694,-50.937
2022-12-09 12:45:00,-1.167,29.527,-52.104
2022-12-09 21:35:00,1.28,30.807,-50.824
2022-12-09 23:05:00,-1.365,29.442,-52.189
2022-12-10 06:50:00,-1.556,27.886,-53.745
2022-12-10 10:55:00,-1.374,26.512,-55.119
2022-12-10 14:25:00,-1.279,25.233,-56.398
2022-12-10 21:25:00,1.992,27.225,-54.406
2022-12-11 05:30:00,-0.421,26.804,-54.827
2022-12-11 15:15:00,-0.764,26.04,-55.591
2022-12-11 19:30:00,-1.372,24.668,-56.963
2022-12-11 20:15:00,2.359,27.027,-54.604
2022-12-12 04:20:00,0.617,27.644,-53.987
2022-12-12 20:25:00,-0.021,27.623,-54.008
2022-12-13 04:00:00,2.226,29.849,-51.782
2022-12-13 10:00:00,-1.099,28.75,-52.881
2022-12-13 13:40:00,2.362,31.112,-50.519
2022-12-13 21:45:00,-0.006,31.106,-50.525
2022-12-14 02:15:00,-1.162,29.944,-51.687
2022-12-14 09:35:00,-1.227,28.717,-52.914
2022-12-14 18:55:00,-1.19,27.527,-54.104
2022-12-15 03:05:00,0.564,28.091,-53.54
2022-12-15 16:50:00,-1.221,26.87,-54.761
2022-12-15 21:45:00,-1.184,25.686,-55.945
2022-12-16 05:10:00,-1.14,24.546,-57.085
2022-12-16 06:50:00,-1.366,23.18,-58.451
2022-12-16 08:50:00,-1.279,21.901,-59.73
2022-12-16 16:55:00,2.076,23.977,-57.654
2022-12-16 21:50:00,2.346,26.323,-55.308
2022-12-16 22:35:00,2.441,28.764,-52.867
2022-12-17 06:40:00,-0.325,28.439,-53.192
2022-12-18 04:25:00,-1.249,27.19,-54.441
2022-12-18 14:10:00,0.97,28.16,-53.471
2022-12-18 18:00:00,-1.247,26.913,-54.718
2022-12-18 23:00:00,-1.165,25.748,-55.883
2022-12-19 11:05:00,0.194,25.942,-55.689
2022-12-19 14:35:00,-1.163,24.779,-56.852
2022-12-20 00:40:00,0.905,25.684,-55.947
2022-12-20 14:55:00,-1.195,24.489,-57.142
2022-12-20 23:25:00,-0.262,24.227,-57.404
2022-12-21 05:00:00,2.36,26.587,-55.044
2022-12-21 07:15:00,-1.188,25.399,-56.232
2022-12-21 08:55:00,-1.096,24.303,-57.328
2022-12-21 19:55:00,2.308,26.611,-55.02
2022-12-22 00:00:00,-1.136,25.475,-56.156
2022-12-22 11:35:00,-1.192,24.283,-57.348
2022-12-22 14:30:00,2.202,26.485,-55.146
2022-12-22 20:20:00,-1.094,25.391,-56.24
2022-12-23 06:15:00,0.324,25.715,-55.916
2022-12-23 12:40:00,-1.194,24.521,-57.11
2022-12-23 21:35:00,0.317,24.838,-56.793
2022-12-24 00:15:00,-1.312,23.526,-58.105
2022-12-24 09:00:00,2.187,25.713,-55.918
2022-12-24 17:05:00,-0.809,24.904,-56.727
2022-12-25 00:55:00,-1.459,23.445,-58.186
2022-12-25 13:15:00,-0.778,22.667,-58.964
2022-12-25 15:05:00,-1.118,21.549,-60.082
2022-12-25 19:25:00,-1.459,20.09,-61.541
2022-12-25 22:00:00,2.189,22.279,-59.352
2022-12-26 06:05:00,0.001,22.28,-59.351
2022-12-26 18:35:00,0.97,23.25,-58.381
2022-12-27 03:10:00,-1.242,22.008,-59.623
2022-12-27 14:35:00,-1.109,20.899,-60.732
2022-12-28 01:25:00,0.002,20.901,-60.73
2022-12-28 05:40:00,2.342,23.243,-58.388
2022-12-28 13:45:00,-0.432,22.811,-58.82
2022-12-28 14:30:00,-1.303,21.508,-60.123
2022-12-29 00:00:00,0.353,21.861,-59.77
2022-12-29 03:45:00,-1.13,20.731,-60.9
2022-12-29 09:20:00,-1.153,19.578,-62.053
2022-12-29 14:30:00,-1.229,18.349,-63.282
2022-12-29 20:30:00,2.315,20.664,-60.967
2022-12-30 00:40:00,-1.083,19.581,-62.05
2022-12-30 10:25:00,0.008,19.589,-62.042
2022-12-30 15:45:00,-1.129,18.46,-63.171
2022-12-31 01:30:00,0.013,18.473,-63.158
2022-12-31 14:20:00,2.192,20.665,-60.966
2022-12-31 17:45:00,-1.156,19.509,-62.122
2023-01-01 05:45:00,0.986,20.495,-61.136
2023-01-01 18:55:00,0.657,21.152,-60.479
2023-01-02 00:15:00,-1.234,19.918,-61.713
2023-01-02 10:40:00,1.696,21.614,-60.017
2023-01-02 16:35:00,2.188,23.802,-57.829
2023-01-02 17:15:00,-1.19,22.612,-59.019
2023-01-03 06:00:00,2.186,24.798,-56.833
2023-01-03 14:05:00,-0.196,24.602,-57.029
2023-01-04 01:20:00,2.378,26.98,-54.651
2023-01-04 09:25:00,0.671,27.651,-53.98
2023-01-04 20:35:00,-1.11,26.541,-55.09
2023-01-05 01:05:00,-1.199,25.342,-56.289
2023-01-05 15:25:00,-0.141,25.201,-56.43
2023-01-06 03:15:00,1.459,26.66,-54.971
2023-01-06 13:40:00,-1.141,25.519,-56.112
2023-01-06 21:45:00,0.114,25.633,-55.998
2023-01-07 06:55:00,-0.7,24.933,-56.698
2023-01-07 22:30:00,-1.248,23.685,-57.946
2023-01-08 08:40:00,-0.283,23.402,-58.229
2023-01-08 14:30:00,2.333,25.735,-55.896
2023-01-08 22:35:00,-0.003,25.732,-55.899
2023-01-09 00:00:00,2.298,28.03,-53.601
2023-01-09 08:05:00,0.842,28.872,-52.759
2023-01-09 10:35:00,2.368,31.24,-50.391
2023-01-09 18:40:00,-0.698,30.542,-51.089
2023-01-10 02:25:00,-1.096,29.446,-52.185
2023-01-10 13:35:00,-1.117,28.329,-53.302
2023-01-10 23:15:00,-0.156,28.173,-53.458
2023-01-11 10:15:00,-0.131,28.042,-53.589
2023-01-11 19:05:00,-1.148,26.894,-54.737
2023-01-11 23:15:00,2.404,29.298,-52.333
2023-01-12 07:20:00,0.683,29.981,-51.65
2023-01-12 13:20:00,-1.327,28.654,-52.977
2023-01-12 21:40:00,1.498,30.152,-51.479
2023-01-13 12:00:00,-0.439,29.713,-51.918
2023-01-13 21:35:00,2.388,32.101,-49.53
2023-01-14 00:35:00,2.429,34.53,-47.101
2023-01-14 06:45:00,2.469,36.999,-44.632
2023-01-14 14:50:00,-0.548,36.451,-45.18
2023-01-15 00:15:00,-1.125,35.326,-46.305
2023-01-15 17:25:00,0.654,35.98,-45.651
2023-01-16 00:20:00,-1.115,34.865,-46.766
2023-01-16 03:05:00,-1.059,33.806,-47.825
2023-01-16 16:10:00,-0.331,33.475,-48.156
2023-01-17 00:00:00,-1.07,32.405,-49.226
2023-01-17 00:10:00,-1.135,31.27,-50.361
2023-01-17 05:30:00,-1.058,30.212,-51.419
2023-01-17 07:05:00,2.361,32.573,-49.058
2023-01-17 15:10:00,0.43,33.003,-48.628
2023-01-17 23:20:00,-0.723,32.28,-49.351
2023-01-18 08:15:00,-1.081,31.199,-50.432
2023-01-18 13:40:00,-1.061,30.138,-51.493
2023-01-18 15:50:00,-1.059,29.079,-52.552
2023-01-18 23:55:00,0.076,29.155,-52.476
2023-01-19 08:05:00,-1.201,27.954,-53.677
2023-01-19 14:00:00,-1.072,26.882,-54.749
2023-01-20 04:15:00,0.946,27.828,-53.803
2023-01-20 12:45:00,-1.298,26.53,-55.101
2023-01-20 15:05:00,2.297,28.827,-52.804
2023-01-20 20:15:00,2.43,31.257,-50.374
2023-01-21 04:20:00,0.678,31.935,-49.696
2023-01-21 10:25:00,-1.071,30.864,-50.767
2023-01-21 22:55:00,-1.05,29.814,-51.817
2023-01-22 12:30:00,-1.112,28.702,-52.929
2023-01-22 15:20:00,-1.085,27.617,-54.014
2023-01-22 19:55:00,-1.068,26.549,-55.082
2023-01-23 04:05:00,-0.3,26.249,-55.382
2023-01-23 13:50:00,-1.091,25.158,-56.473
2023-01-23 22:55:00,0.688,25.846,-55.785
2023-01-24 09:00:00,-1.063,24.783,-56.848
2023-01-24 18:30:00,-1.08,23.703,-57.928
2023-01-24 20:40:00,-1.124,22.579,-59.052
2023-01-25 06:30:00,-0.217,22.362,-59.269
2023-01-25 12:35:00,-1.111,21.251,-60.38
2023-01-25 20:00:00,-1.069,20.182,-61.449
2023-01-25 22:00:00,2.429,22.611,-59.02
2023-01-26 06:20:00,-1.138,21.473,-60.158
2023-01-26 12:35:00,-1.104,20.369,-61.262
2023-01-26 13:30:00,-1.15,19.219,-62.412
2023-01-26 16:10:00,-1.065,18.154,-63.477
2023-01-27 00:15:00,-1.093,17.061,-64.57
2023-01-27 08:00:00,-1.072,15.989,-65.642
2023-01-27 10:50:00,-1.099,14.89,-66.741
2023-01-28 00:40:00,2.374,17.264,-64.367
2023-01-28 07:15:00,-1.068,16.196,-65.435
2023-01-28 20:20:00,0.609,16.805,-64.826
2023-01-29 00:35:00,-1.114,15.691,-65.94
2023-01-29 09:05:00,0.211,15.902,-65.729
2023-01-29 11:00:00,2.302,18.204,-63.427
2023-01-29 17:20:00,2.297,20.501,-61.13
2023-01-30 01:25:00,-0.567,19.934,-61.697
2023-01-30 07:20:00,2.223,22.157,-59.474
2023-01-30 09:10:00,2.384,24.541,-57.09
2023-01-30 17:15:00,-0.036,24.505,-57.126
2023-01-31 03:10:00,-0.629,23.876,-57.755
2023-01-31 07:45:00,-1.102,22.774,-58.857
2023-01-31 13:15:00,-1.133,21.641,-59.99
2023-02-01 05:20:00,-0.386,21.255,-60.376
2023-02-01 14:20:00,-0.207,21.048,-60.583
2023-02-01 19:00:00,-1.054,19.994,-61.637
2023-02-01 20:00:00,2.428,22.422,-59.209
2023-02-02 04:05:00,0.579,23.001,-58.63
2023-02-02 16:15:00,2.373,25.374,-56.257
2023-02-02 21:55:00,-1.028,24.346,-57.285
2023-02-03 09:40:00,2.421,26.767,-54.864
2023-02-03 17:45:00,1.856,28.623,-53.008
2023-02-03 20:00:00,-1.068,27.555,-54.076
2023-02-04 00:05:00,-1.178,26.377,-55.254
2023-02-04 15:10:00,1.136,27.513,-54.118
2023-02-04 23:35:00,-1.154,26.359,-55.272
2023-02-05 08:25:00,-0.175,26.184,-55.447
2023-02-05 12:50:00,2.297,28.481,-53.15
2023-02-05 20:55:00,1.22,29.701,-51.93
2023-02-05 22:20:00,-1.116,28.585,-53.046
2023-02-06 07:25:00,-1.11,27.475,-54.156
2023-02-06 11:05:00,-1.065,26.41,-55.221
2023-02-06 12:45:00,-1.098,25.312,-56.319
2023-02-06 23:00:00,2.332,27.644,-53.987
2023-02-06 23:15:00,2.345,29.989,-51.642
2023-02-07 03:25:00,-1.048,28.941,-52.69
2023-02-07 17:15:00,0.083,29.024,-52.607
2023-02-07 18:25:00,-1.115,27.909,-53.722
2023-02-08 05:10:00,0.49,28.399,-53.232
2023-02-08 15:00:00,-1.116,27.283,-54.348
2023-02-08 16:15:00,2.388,29.671,-51.96
2023-02-09 00:20:00,-0.597,29.074,-52.557
2023-02-09 02:40:00,-1.078,27.996,-53.635
2023-02-09 08:25:00,-1.063,26.933,-54.698
2023-02-09 16:30:00,-0.31,26.623,-55.008
2023-02-09 19:30:00,2.446,29.069,-52.562
2023-02-10 03:35:00,0.294,29.363,-52.268
2023-02-10 06:30:00,-1.099,28.264,-53.367
2023-02-10 18:35:00,0.219,28.483,-53.148
2023-02-11 05:35:00,-0.451,28.032,-53.599
2023-02-11 07:50:00,-1.221,26.811,-54.82
2023-02-11 14:00:00,-1.142,25.669,-55.962
2023-02-11 20:30:00,-1.158,24.511,-57.12
2023-02-12 07:30:00,-1.267,23.244,-58.387
2023-02-12 16:15:00,2.29,25.534,-56.097
2023-02-12 21:15:00,-1.142,24.392,-57.239
2023-02-12 21:35:00,2.352,26.744,-54.887
2023-02-13 05:40:00,0.18,26.924,-54.707
2023-02-13 16:25:00,1.778,28.702,-52.929
2023-02-13 23:15:00,-1.077,27.625,-54.006
2023-02-14 06:10:00,-1.338,26.287,-55.344
2023-02-14 09:50:00,-1.115,25.172,-56.459
2023-02-14 14:50:00,-1.142,24.03,-57.601
2023-02-14 22:55:00,0.18,24.21,-57.421
2023-02-15 12:05:00,2.286,26.496,-55.135
2023-02-15 20:10:00,1.281,27.777,-53.854
2023-02-16 04:15:00,1.345,29.122,-52.509
2023-02-16 22:20:00,-1.052,28.07,-53.561
2023-02-17 04:00:00,-1.059,27.011,-54.62
2023-02-17 12:05:00,1.314,28.325,-53.306
2023-02-17 16:50:00,2.408,30.733,-50.898
2023-02-18 00:55:00,0.524,31.257,-50.374
2023-02-18 07:40:00,-1.056,30.201,-51.43
2023-02-18 16:40:00,-1.147,29.054,-52.577
2023-02-19 02:30:00,-0.131,28.923,-52.708
2023-02-19 06:45:00,2.424,31.347,-50.284
2023-02-19 14:50:00,0.484,31.831,-49.8
2023-02-20 05:20:00,-1.124,30.707,-50.924
2023-02-20 08:35:00,-1.122,29.585,-52.046
2023-02-20 12:35:00,-1.218,28.367,-53.264
2023-02-21 01:20:00,-0.501,27.866,-53.765
2023-02-21 06:50:00,-1.129,26.737,-54.894
2023-02-21 08:30:00,-1.19,25.547,-56.084
2023-02-21 16:50:00,0.151,25.698,-55.933
2023-02-21 21:25:00,2.346,28.044,-53.587
2023-02-22 05:30:00,0.172,28.216,-53.415
2023-02-22 06:55:00,2.26,30.476,-51.155
2023-02-22 15:00:00,0.74,31.216,-50.415
2023-02-22 22:35:00,-1.071,30.145,-51.486
2023-02-23 02:35:00,2.33,32.475,-49.156
2023-02-23 10:40:00,-0.217,32.258,-49.373
2023-02-23 13:15:00,-1.085,31.173,-50.458
2023-02-23 16:50:00,-1.05,30.123,-51.508
2023-02-24 00:55:00,0.648,30.771,-50.86
2023-02-24 06:50:00,-1.296,29.475,-52.156
2023-02-24 15:30:00,2.408,31.883,-49.748
2023-02-24 23:35:00,0.665,32.548,-49.083
2023-02-25 08:00:00,-1.226,31.322,-50.309
2023-02-25 13:30:00,-1.19,30.132,-51.499
2023-02-25 20:20:00,2.363,32.495,-49.136
2023-02-25 22:35:00,-1.097,31.398,-50.233
2023-02-26 07:40:00,-1.164,30.234,-51.397
2023-02-26 14:15:00,-1.219,29.015,-52.616
2023-02-27 02:05:00,1.276,30.291,-51.34
2023-02-27 04:25:00,-1.16,29.131,-52.5
2023-02-27 12:30:00,0.669,29.8,-51.831
2023-02-27 18:10:00,-1.123,28.677,-52.954
2023-02-28 02:15:00,0.908,29.585,-52.046
2023-02-28 07:50:00,2.27,31.855,-49.776
2023-02-28 15:55:00,-0.301,31.554,-50.077
2023-03-01 03:15:00,-1.065,30.489,-51.142
2023-03-01 11:20:00,0.818,31.307,-50.324
2023-03-01 16:10:00,-1.079,30.228,-51.403
2023-03-01 23:55:00,-1.096,29.132,-52.499
2023-03-02 01:00:00,-1.12,28.012,-53.619
2023-03-02 09:30:00,0.759,28.771,-52.86
2023-03-02 14:15:00,2.352,31.123,-50.508
2023-03-02 22:20:00,-0.747,30.376,-51.255
2023-03-03 09:25:00,0.373,30.749,-50.882
2023-03-04 02:45:00,1.404,32.153,-49.478
2023-03-04 10:50:00,-0.69,31.463,-50.168
2023-03-04 20:10:00,2.363,33.826,-47.805
2023-03-05 01:15:00,-1.054,32.772,-48.859
2023-03-05 09:50:00,-1.318,31.454,-50.177
2023-03-05 18:00:00,-1.239,30.215,-51.416
2023-03-05 21:10:00,-1.19,29.025,-52.606
2023-03-05 21:35:00,-1.331,27.694,-53.937
2023-03-06 07:05:00,0.975,28.669,-52.962
2023-03-06 13:30:00,-1.133,27.536,-54.095
2023-03-06 20:55:00,-1.197,26.339,-55.292
2023-03-07 01:20:00,-1.103,25.236,-56.395
2023-03-07 03:30:00,-1.27,23.966,-57.665
2023-03-07 09:35:00,2.169,26.135,-55.496
2023-03-07 15:00:00,2.363,28.498,-53.133
2023-03-07 15:20:00,-1.096,27.402,-54.229
2023-03-07 23:10:00,-1.136,26.266,-55.365
2023-03-08 05:35:00,2.327,28.593,-53.038
2023-03-08 13:40:00,0.343,28.936,-52.695
2023-03-08 16:05:00,-1.111,27.825,-53.806
2023-03-09 06:10:00,-0.162,27.663,-53.968
2023-03-09 11:15:00,-1.131,26.532,-55.099
2023-03-09 18:30:00,-1.162,25.37,-56.261
2023-03-09 20:45:00,2.442,27.812,-53.819
2023-03-10 04:50:00,-0.237,27.575,-54.056
2023-03-10 13:40:00,-1.068,26.507,-55.124
2023-03-10 22:10:00,-1.079,25.428,-56.203
2023-03-11 06:45:00,-0.148,25.28,-56.351
2023-03-11 07:40:00,2.412,27.692,-53.939
2023-03-11 15:45:00,0.276,27.968,-53.663
2023-03-11 17:40:00,-1.071,26.897,-54.734
2023-03-12 07:55:00,-0.316,26.581,-55.05
2023-03-12 12:00:00,-1.132,25.449,-56.182
2023-03-12 17:25:00,-1.092,24.357,-57.274
2023-03-12 23:45:00,2.458,26.815,-54.816
2023-03-13 07:50:00,0.239,27.054,-54.577
2023-03-13 21:20:00,2.135,29.189,-52.442
2023-03-14 05:25:00,-1.077,28.112,-53.519
2023-03-14 20:45:00,-0.195,27.917,-53.714
2023-03-15 09:35:00,-0.417,27.5,-54.131
2023-03-15 22:40:00,1.542,29.042,-52.589
2023-03-16 02:50:00,-1.06,27.982,-53.649
2023-03-16 12:45:00,-1.069,26.913,-54.718
2023-03-16 14:45:00,-1.061,25.852,-55.779
2023-03-16 22:50:00,-0.092,25.76,-55.871
2023-03-17 00:25:00,-1.171,24.589,-57.042
2023-03-17 09:30:00,2.088,26.677,-54.954
2023-03-17 11:35:00,2.394,29.071,-52.56
2023-03-17 14:25:00,-1.073,27.998,-53.633
2023-03-17 22:45:00,2.388,30.386,-51.245
2023-03-18 06:50:00,0.102,30.488,-51.143
2023-03-18 08:10:00,-1.109,29.379,-52.252
2023-03-19 03:50:00,-1.125,28.254,-53.377
2023-03-19 05:45:00,-1.142,27.112,-54.519
2023-03-19 11:50:00,-1.134,25.978,-55.653
2023-03-19 20:20:00,0.93,26.908,-54.723
2023-03-20 04:00:00,2.418,29.326,-52.305
2023-03-20 07:45:00,-1.047,28.279,-53.352
2023-03-20 15:50:00,-0.351,27.928,-53.703
2023-03-21 00:45:00,0.782,28.71,-52.921
2023-03-21 10:20:00,-1.069,27.641,-53.99
2023-03-21 14:00:00,2.397,30.038,-51.593
2023-03-21 19:55:00,-1.061,28.977,-52.654
2023-03-22 04:05:00,0.036,29.013,-52.618
2023-03-22 07:30:00,-1.127,27.886,-53.745
2023-03-22 14:45:00,-1.101,26.785,-54.846
2023-03-22 16:10:00,-1.085,25.7,-55.931
2023-03-23 00:15:00,1.219,26.919,-54.712
2023-03-23 14:55:00,-1.144,25.775,-55.856
2023-03-23 23:00:00,0.322,26.097,-55.534
2023-03-24 04:00:00,-1.166,24.931,-56.7
2023-03-24 08:30:00,-1.148,23.783,-57.848
2023-03-24 11:45:00,2.414,26.197,-55.434
2023-03-24 12:20:00,-1.059,25.138,-56.493
2023-03-24 23:10:00,0.268,25.406,-56.225
2023-03-25 13:40:00,-0.019,25.387,-56.244
2023-03-25 19:45:00,2.379,27.766,-53.865
2023-03-26 01:30:00,-1.053,26.713,-54.918
2023-03-26 16:40:00,-0.708,26.005,-55.626
2023-03-26 22:10:00,-1.173,24.832,-56.799
2023-03-27 01:40:00,-1.139,23.693,-57.938
2023-03-27 09:45:00,0.273,23.966,-57.665
2023-03-27 13:40:00,2.287,26.253,-55.378
2023-03-27 14:20:00,-1.089,25.164,-56.467
2023-03-27 22:25:00,0.962,26.126,-55.505
2023-03-28 01:35:00,-1.092,25.034,-56.597
2023-03-28 11:15:00,-1.192,23.842,-57.789
2023-03-28 20:05:00,1.622,25.464,-56.167
2023-03-29 06:25:00,2.351,27.815,-53.816
2023-03-29 14:30:00,-0.691,27.124,-54.507
2023-03-29 21:05:00,-1.201,25.923,-55.708
2023-03-30 03:05:00,-1.076,24.847,-56.784
2023-03-30 23:50:00,-0.283,24.564,-57.067
2023-03-31 08:05:00,1.277,25.841,-55.79
2023-03-31 20:40:00,1.361,27.202,-54.429
2023-04-01 01:10:00,-1.176,26.026,-55.605
2023-04-01 12:00:00,-1.258,24.768,-56.863
2023-04-01 20:15:00,-1.12,23.648,-57.983
2023-04-02 04:20:00,2.075,25.723,-55.908
2023-04-02 07:25:00,-1.241,24.482,-57.149
2023-04-02 15:00:00,-1.108,23.374,-58.257
2023-04-03 03:35:00,0.899,24.273,-57.358
2023-04-03 16:05:00,0.56,24.833,-56.798
2023-04-03 20:15:00,-1.079,23.754,-57.877
2023-04-04 04:20:00,-0.563,23.191,-58.44
2023-04-04 16:30:00,-0.274,22.917,-58.714
2023-04-04 21:35:00,-1.255,21.662,-59.969
2023-04-05 08:35:00,0.299,21.961,-59.67
2023-04-05 09:25:00,-1.205,20.756,-60.875
2023-04-05 22:05:00,0.32,21.076,-60.555
2023-04-06 08:45:00,0.365,21.441,-60.19
2023-04-06 12:20:00,-1.109,20.332,-61.299
2023-04-07 02:30:00,2.295,22.627,-59.004
2023-04-07 10:35:00,0.45,23.077,-58.554
2023-04-08 05:45:00,-1.103,21.974,-59.657
2023-04-08 14:05:00,-1.254,20.72,-60.911
2023-04-08 18:50:00,2.298,23.018,-58.613
2023-04-09 01:10:00,-1.117,21.901,-59.73
2023-04-09 06:00:00,-1.163,20.738,-60.893
2023-04-09 14:05:00,-0.245,20.493,-61.138
2023-04-10 01:40:00,-1.104,19.389,-62.242
2023-04-10 09:45:00,-0.608,18.781,-62.85
2023-04-10 16:50:00,-1.194,17.587,-64.044
2023-04-11 00:55:00,1.82,19.407,-62.224
2023-04-11 07:15:00,2.34,21.747,-59.884
2023-04-11 15:20:00,0.335,22.082,-59.549
2023-04-11 19:40:00,-1.19,20.892,-60.739
2023-04-12 00:55:00,-1.116,19.776,-61.855
2023-04-12 10:05:00,0.465,20.241,-61.39
2023-04-12 20:35:00,0.06,20.301,-61.33
2023-04-13 09:05:00,2.228,22.529,-59.102
2023-04-13 17:10:00,1.338,23.867,-57.764
2023-04-14 00:35:00,2.328,26.195,-55.436
2023-04-14 08:40:00,-0.211,25.984,-55.647
2023-04-14 19:30:00,-1.051,24.933,-56.698
2023-04-15 00:40:00,-1.118,23.815,-57.816
2023-04-15 13:05:00,1.959,25.774,-55.857
2023-04-15 13:30:00,-1.146,24.628,-57.003
2023-04-15 19:45:00,-1.108,23.52,-58.111
2023-04-16 01:05:00,-1.179,22.341,-59.29
2023-04-16 09:05:00,-1.16,21.181,-60.45
2023-04-16 17:00:00,-1.119,20.062,-61.569
2023-04-16 20:00:00,-1.203,18.859,-62.772
2023-04-17 08:25:00,0.599,19.458,-62.173
2023-04-17 12:10:00,-1.124,18.334,-63.297
2023-04-17 22:40:00,-1.205,17.129,-64.502
2023-04-18 00:35:00,-1.154,15.975,-65.656
2023-04-18 03:10:00,-1.125,14.85,-66.781
2023-04-18 08:00:00,2.31,17.16,-64.471
2023-04-18 12:20:00,2.35,19.51,-62.121
2023-04-18 13:20:00,-1.138,18.372,-63.259
2023-04-19 06:15:00,-1.223,17.149,-64.482
2023-04-19 08:10:00,2.38,19.529,-62.102
2023-04-19 16:15:00,0.618,20.147,-61.484
2023-04-20 01:35:00,-1.119,19.028,-62.603
2023-04-20 04:30:00,-1.072,17.956,-63.675
2023-04-20 15:55:00,2.368,20.324,-61.307
2023-04-21 00:00:00,1.0,21.324,-60.307
2023-04-21 06:50:00,2.304,23.628,-58.003
2023-04-21 07:55:00,-1.071,22.557,-59.074
2023-04-21 17:25:00,2.368,24.925,-56.706
2023-04-22 01:30:00,1.433,26.358,-55.273
2023-04-22 11:40:00,-1.308,25.05,-56.581
2023-04-22 22:05:00,-1.287,23.763,-57.868
2023-04-23 07:35:00,-1.062,22.701,-58.93
2023-04-23 12:20:00,-1.159,21.542,-60.089
2023-04-23 23:05:00,-0.265,21.277,-60.354
2023-04-24 09:00:00,-0.618,20.659,-60.972
2023-04-24 14:35:00,-1.284,19.375,-62.256
2023-04-24 22:40:00,0.238,19.613,-62.018
2023-04-25 04:30:00,-1.223,18.39,-63.241
2023-04-25 13:25:00,-1.183,17.207,-64.424
2023-04-25 18:15:00,-1.106,16.101,-65.53
2023-04-26 04:10:00,1.393,17.494,-64.137
2023-04-26 11:00:00,2.345,19.839,-61.792
2023-04-26 19:05:00,-0.121,19.718,-61.913
2023-04-26 19:30:00,2.351,22.069,-59.562
2023-04-27 03:35:00,0.179,22.248,-59.383
2023-04-27 14:55:00,-0.522,21.726,-59.905
2023-04-27 15:45:00,-1.081,20.645,-60.986
2023-04-27 22:50:00,-1.117,19.528,-62.103
2023-04-28 10:20:00,1.141,20.669,-60.962
2023-04-28 12:30:00,-1.143,19.526,-62.105
2023-04-28 15:45:00,-1.095,18.431,-63.2
2023-04-29 00:10:00,0.492,18.923,-62.708
2023-04-29 10:05:00,0.489,19.412,-62.219
2023-04-29 17:30:00,-1.208,18.204,-63.427
2023-04-30 00:50:00,-1.158,17.046,-64.585
2023-04-30 05:55:00,-1.265,15.781,-65.85
2023-04-30 14:00:00,-0.785,14.996,-66.635
2023-04-30 19:15:00,-1.095,13.901,-67.73
2023-05-01 03:20:00,1.064,14.965,-66.666
2023-05-01 09:20:00,-1.236,13.729,-67.902
2023-05-01 14:00:00,2.241,15.97,-65.661
2023-05-01 16:10:00,2.3,18.27,-63.361
2023-05-02 00:15:00,0.475,18.745,-62.886
2023-05-02 12:40:00,-1.178,17.567,-64.064
2023-05-02 14:25:00,-1.104,16.463,-65.168
2023-05-03 08:40:00,-0.25,16.213,-65.418
2023-05-03 12:40:00,2.34,18.553,-63.078
2023-05-03 17:40:00,-1.066,17.487,-64.144
2023-05-04 05:35:00,0.122,17.609,-64.022
2023-05-04 12:35:00,-1.193,16.416,-65.215
2023-05-04 18:15:00,2.303,18.719,-62.912
2023-05-05 00:30:00,-1.144,17.575,-64.056
2023-05-05 08:35:00,1.87,19.445,-62.186
2023-05-05 21:30:00,0.61,20.055,-61.576
2023-05-06 01:45:00,-1.114,18.941,-62.69
2023-05-06 14:05:00,2.367,21.308,-60.323
2023-05-06 22:10:00,-0.336,20.972,-60.659
2023-05-07 06:40:00,-1.15,19.822,-61.809
2023-05-07 09:30:00,-1.298,18.524,-63.107
2023-05-08 01:40:00,2.416,20.94,-60.691
2023-05-08 09:45:00,-0.025,20.915,-60.716
2023-05-08 18:00:00,2.415,23.33,-58.301
2023-05-09 01:05:00,-1.029,22.301,-59.33
2023-05-09 10:20:00,-0.116,22.185,-59.446
2023-05-10 00:15:00,-1.133,21.052,-60.579
2023-05-10 12:30:00,-1.139,19.913,-61.718
2023-05-10 17:15:00,-1.043,18.87,-62.761
2023-05-10 20:50:00,-1.03,17.84,-63.791
2023-05-11 00:30:00,-1.073,16.767,-64.864
2023-05-11 05:20:00,2.175,18.942,-62.689
2023-05-11 06:55:00,-1.331,17.611,-64.02
2023-05-11 08:00:00,-1.153,16.458,-65.173
2023-05-11 16:05:00,1.316,17.774,-63.857
2023-05-12 01:20:00,-0.52,17.254,-64.377
2023-05-12 10:35:00,-0.397,16.857,-64.774
2023-05-12 20:50:00,-1.098,15.759,-65.872
2023-05-13 05:05:00,1.163,16.922,-64.709
2023-05-13 13:35:00,-1.287,15.635,-65.996
2023-05-13 18:55:00,-1.113,14.522,-67.109
2023-05-13 23:45:00,-1.337,13.185,-68.446
2023-05-14 11:30:00,-0.142,13.043,-68.588
2023-05-14 15:25:00,2.287,15.33,-66.301
2023-05-14 17:55:00,-1.076,14.254,-67.377
2023-05-15 00:15:00,2.242,16.496,-65.135
2023-05-15 01:35:00,-1.094,15.402,-66.229
2023-05-15 09:40:00,0.173,15.575,-66.056
2023-05-15 19:25:00,-1.1,14.475,-67.156
2023-05-16 00:50:00,2.275,16.75,-64.881
2023-05-16 08:55:00,0.033,16.783,-64.848
2023-05-16 18:25:00,-0.51,16.273,-65.358
2023-05-16 21:35:00,-1.171,15.102,-66.529
2023-05-17 08:00:00,-1.149,13.953,-67.678
2023-05-17 16:05:00,0.24,14.193,-67.438
2023-05-18 02:05:00,1.45,15.643,-65.988
2023-05-18 11:05:00,0.093,15.736,-65.895
2023-05-19 01:50:00,-0.449,15.287,-66.344
2023-05-19 09:20:00,-1.23,14.057,-67.574
2023-05-19 15:15:00,-1.247,12.81,-68.821
2023-05-19 15:30:00,-1.12,11.69,-69.941
2023-05-19 21:10:00,-1.151,10.539,-71.092
2023-05-20 00:35:00,-1.206,9.333,-72.298
2023-05-20 03:15:00,-1.128,8.205,-73.426
2023-05-20 04:15:00,-1.437,6.768,-74.863
2023-05-20 07:30:00,-1.274,5.494,-76.137
2023-05-20 10:00:00,2.142,7.636,-73.995
2023-05-20 18:05:00,1.315,8.951,-72.68
2023-05-20 19:00:00,-1.168,7.783,-73.848
2023-05-21 10:45:00,1.93,9.713,-71.918
2023-05-21 15:40:00,2.278,11.991,-69.64
2023-05-21 23:45:00,-0.041,11.95,-69.681
2023-05-22 06:20:00,-1.128,10.822,-70.809
2023-05-22 12:40:00,-1.164,9.658,-71.973
2023-05-22 13:40:00,-1.219,8.439,-73.192
2023-05-22 22:10:00,-0.643,7.796,-73.835
2023-05-23 03:25:00,2.353,10.149,-71.482
2023-05-23 11:30:00,-0.617,9.532,-72.099
2023-05-23 22:35:00,0.105,9.637,-71.994
2023-05-24 03:30:00,2.204,11.841,-69.79
2023-05-24 11:35:00,0.57,12.411,-69.22
2023-05-24 13:50:00,2.311,14.722,-66.909
2023-05-24 21:55:00,-0.396,14.326,-67.305
2023-05-25 08:35:00,-0.803,13.523,-68.108
2023-05-25 19:10:00,-1.152,12.371,-69.26
2023-05-26 09:35:00,-0.702,11.669,-69.962
2023-05-26 12:30:00,-1.313,10.356,-71.275
2023-05-26 17:40:00,-1.208,9.148,-72.483
2023-05-26 18:35:00,-1.176,7.972,-73.659
2023-05-26 20:05:00,-1.506,6.466,-75.165
2023-05-27 02:55:00,-1.374,5.092,-76.539
2023-05-27 11:00:00,1.043,6.135,-75.496
2023-05-27 13:55:00,-1.436,4.699,-76.932
2023-05-27 22:10:00,0.316,5.015,-76.616
2023-05-28 00:15:00,-1.32,3.695,-77.936
2023-05-28 08:45:00,0.293,3.988,-77.643
2023-05-28 18:20:00,2.225,6.213,-75.418
2023-05-29 02:25:00,0.743,6.956,-74.675
2023-05-29 07:00:00,-1.488,5.468,-76.163
2023-05-29 14:35:00,-1.161,4.307,-77.324
2023-05-29 19:55:00,-1.293,3.014,-78.617
2023-05-30 14:00:00,-1.226,1.788,-79.843
2023-05-30 22:05:00,0.519,2.307,-79.324
2023-05-31 10:10:00,1.703,4.01,-77.621
2023-05-31 18:45:00,-0.197,3.813,-77.818
2023-06-01 03:00:00,2.329,6.142,-75.489
2023-06-01 11:05:00,-0.276,5.866,-75.765
2023-06-01 12:30:00,-1.501,4.365,-77.266
2023-06-02 00:55:00,-1.292,3.073,-78.558
2023-06-02 12:30:00,-1.158,1.915,-79.716
2023-06-02 20:00:00,-1.206,0.709,-80.922
2023-06-03 01:35:00,-1.154,-0.445,-82.076
2023-06-03 06:35:00,-1.266,-1.711,-83.342
2023-06-03 12:50:00,1.989,0.278,-81.353
2023-06-03 13:20:00,-1.336,-1.058,-82.689
2023-06-03 17:35:00,-1.257,-2.315,-83.946
2023-06-03 22:45:00,-1.188,-3.503,-85.134
2023-06-03 23:55:00,2.145,-1.358,-82.989
2023-06-04 08:00:00,0.204,-1.154,-82.785
2023-06-04 11:45:00,-1.472,-2.626,-84.257
2023-06-04 23:45:00,-1.303,-3.929,-85.56
2023-06-05 07:50:00,0.329,-3.6,-85.231
2023-06-05 15:00:00,-1.131,-4.731,-86.362
2023-06-05 16:00:00,2.43,-2.301,-83.932
2023-06-06 00:05:00,-0.433,-2.734,-84.365
2023-06-06 03:30:00,-1.155,-3.889,-85.52
2023-06-06 13:15:00,2.305,-1.584,-83.215
2023-06-06 14:00:00,-1.073,-2.657,-84.288
2023-06-07 02:20:00,-0.278,-2.935,-84.566
2023-06-07 09:45:00,-1.117,-4.052,-85.683
2023-06-07 16:25:00,2.392,-1.66,-83.291
2023-06-08 00:30:00,-0.369,-2.029,-83.66
2023-06-08 11:10:00,-0.447,-2.476,-84.107
2023-06-09 00:50:00,-0.277,-2.753,-84.384
2023-06-09 08:55:00,-0.375,-3.128,-84.759
2023-06-09 17:10:00,-1.225,-4.353,-85.984
2023-06-10 01:00:00,2.355,-1.998,-83.629
2023-06-10 04:15:00,2.404,0.406,-81.225
2023-06-10 04:20:00,2.45,2.856,-78.775
2023-06-10 12:25:00,-0.381,2.475,-79.156
2023-06-10 17:05:00,-1.118,1.357,-80.274
2023-06-11 08:45:00,0.507,1.864,-79.767
2023-06-11 09:25:00,-1.182,0.682,-80.949
2023-06-11 16:20:00,-1.197,-0.515,-82.146
2023-06-12 06:45:00,-0.425,-0.94,-82.571
2023-06-12 14:15:00,-1.146,-2.086,-83.717
2023-06-12 17:40:00,-1.216,-3.302,-84.933
2023-06-13 09:45:00,1.261,-2.041,-83.672
2023-06-13 12:55:00,-1.155,-3.196,-84.827
2023-06-13 20:35:00,-1.131,-4.327,-85.958
2023-06-14 07:20:00,-1.208,-5.535,-87.166
2023-06-14 12:15:00,2.25,-3.285,-84.916
2023-06-14 18:00:00,2.359,-0.926,-82.557
2023-06-14 18:05:00,-1.153,-2.079,-83.71
2023-06-14 20:05:00,-1.055,-3.134,-84.765
2023-06-15 04:10:00,0.143,-2.991,-84.622
2023-06-15 07:05:00,2.401,-0.59,-82.221
2023-06-15 15:10:00,0.552,-0.038,-81.669
2023-06-15 18:50:00,-1.154,-1.192,-82.823
2023-06-16 03:50:00,-1.221,-2.413,-84.044
2023-06-16 11:25:00,2.254,-0.159,-81.79
2023-06-16 12:20:00,-1.094,-1.253,-82.884
2023-06-16 14:55:00,-1.109,-2.362,-83.993
2023-06-17 02:40:00,-1.118,-3.48,-85.111
2023-06-17 05:40:00,2.293,-1.187,-82.818
2023-06-17 13:45:00,0.504,-0.683,-82.314
2023-06-18 00:00:00,-0.484,-1.167,-82.798
2023-06-18 06:00:00,-1.287,-2.454,-84.085
2023-06-18 09:45:00,2.342,-0.112,-81.743
2023-06-18 17:50:00,-0.508,-0.62,-82.251
2023-06-18 20:10:00,-1.165,-1.785,-83.416
2023-06-19 09:55:00,-0.568,-2.353,-83.984
2023-06-19 15:05:00,2.269,-0.084,-81.715
2023-06-19 18:10:00,-1.077,-1.161,-82.792
2023-06-20 01:05:00,-1.053,-2.214,-83.845
2023-06-20 12:05:00,0.1,-2.114,-83.745
2023-06-20 17:05:00,-1.086,-3.2,-84.831
2023-06-20 20:45:00,2.434,-0.766,-82.397
2023-06-21 04:50:00,0.554,-0.212,-81.843
2023-06-21 06:35:00,-1.1,-1.312,-82.943
2023-06-21 16:25:00,2.39,1.078,-80.553
2023-06-22 00:30:00,0.218,1.296,-80.335
2023-06-22 08:35:00,0.808,2.104,-79.527
2023-06-22 11:05:00,-1.199,0.905,-80.726
2023-06-22 20:35:00,-1.092,-0.187,-81.818
2023-06-23 08:45:00,0.464,0.277,-81.354
2023-06-23 15:15:00,2.402,2.679,-78.952
2023-06-23 23:20:00,0.258,2.937,-78.694
2023-06-24 13:05:00,-1.152,1.785,-79.846
2023-06-25 04:00:00,2.368,4.153,-77.478
2023-06-25 12:05:00,0.477,4.63,-77.001
2023-06-26 01:10:00,-1.088,3.542,-78.089
2023-06-26 05:15:00,-1.1,2.442,-79.189
2023-06-26 10:05:00,-1.103,1.339,-80.292
2023-06-26 14:40:00,-1.109,0.23,-81.401
2023-06-27 04:45:00,-0.11,0.12,-81.511
2023-06-27 07:20:00,-1.155,-1.035,-82.666
2023-06-27 15:40:00,-1.107,-2.142,-83.773
2023-06-27 16:55:00,-1.098,-3.24,-84.871
2023-06-28 07:05:00,1.259,-1.981,-83.612
2023-06-28 15:10:00,0.673,-1.308,-82.939
2023-06-28 19:25:00,2.376,1.068,-80.563
2023-06-29 03:30:00,-0.833,0.235,-81.396
2023-06-29 14:00:00,2.358,2.593,-79.038
2023-06-29 20:20:00,-1.038,1.555,-80.076
2023-06-29 23:30:00,-1.084,0.471,-81.16
2023-06-30 02:35:00,-1.113,-0.642,-82.273
2023-06-30 10:40:00,1.834,1.192,-80.439
2023-06-30 13:35:00,-1.081,0.111,-81.52
2023-06-30 21:45:00,-0.756,-0.645,-82.276
2023-07-01 12:20:00,2.372,1.727,-79.904
2023-07-01 16:45:00,-1.066,0.661,-80.97
2023-07-02 03:05:00,-0.503,0.158,-81.473
2023-07-02 15:05:00,2.354,2.512,-79.119
2023-07-02 15:20:00,-1.059,1.453,-80.178
2023-07-02 21:00:00,2.311,3.764,-77.867
2023-07-03 05:05:00,0.42,4.184,-77.447
2023-07-03 17:05:00,-1.08,3.104,-78.527
2023-07-03 21:15:00,-1.089,2.015,-79.616
2023-07-04 08:35:00,0.14,2.155,-79.476
2023-07-04 10:25:00,-1.135,1.02,-80.611
2023-07-04 15:35:00,-1.12,-0.1,-81.731
2023-07-05 00:05:00,0.702,0.602,-81.029
2023-07-05 08:15:00,2.23,2.832,-78.799
2023-07-05 15:30:00,2.408,5.24,-76.391
2023-07-05 17:05:00,-1.069,4.171,-77.46
2023-07-06 03:55:00,-0.319,3.852,-77.779
2023-07-06 11:50:00,-1.161,2.691,-78.94
2023-07-06 19:55:00,1.629,4.32,-77.311
2023-07-06 23:55:00,2.32,6.64,-74.991
2023-07-07 02:20:00,-1.089,5.551,-76.08
2023-07-08 00:55:00,-0.655,4.896,-76.735
2023-07-08 09:05:00,0.767,5.663,-75.968
2023-07-08 11:20:00,-1.198,4.465,-77.166
2023-07-08 19:15:00,2.229,6.694,-74.937
2023-07-09 00:40:00,-1.127,5.567,-76.064
2023-07-09 15:05:00,-0.183,5.384,-76.247
2023-07-09 20:55:00,-1.441,3.943,-77.688
2023-07-10 08:10:00,-0.164,3.779,-77.852
2023-07-10 09:20:00,-1.13,2.649,-78.982
2023-07-10 19:20:00,2.339,4.988,-76.643
2023-07-10 22:00:00,-1.113,3.875,-77.756
2023-07-11 09:10:00,-1.23,2.645,-78.986
2023-07-11 11:20:00,-1.284,1.361,-80.27
2023-07-11 20:35:00,1.215,2.576,-79.055
2023-07-12 02:00:00,2.32,4.896,-76.735
2023-07-12 10:05:00,-0.698,4.198,-77.433
2023-07-12 23:45:00,0.302,4.5,-77.131
2023-07-13 06:05:00,-1.115,3.385,-78.246
2023-07-13 14:10:00,1.535,4.92,-76.711
2023-07-13 18:05:00,2.425,7.345,-74.286
2023-07-14 02:10:00,1.065,8.41,-73.221
2023-07-14 05:10:00,-1.122,7.288,-74.343
2023-07-14 16:30:00,-1.118,6.17,-75.461
2023-07-15 02:25:00,0.055,6.225,-75.406
2023-07-15 06:55:00,-1.102,5.123,-76.508
2023-07-15 15:10:00,0.478,5.601,-76.03
2023-07-16 02:20:00,2.38,7.981,-73.65
2023-07-16 10:25:00,-0.391,7.59,-74.041
2023-07-16 14:30:00,-1.152,6.438,-75.193
2023-07-17 02:40:00,-0.562,5.876,-75.755
2023-07-17 09:45:00,-1.174,4.702,-76.929
2023-07-17 17:50:00,1.058,5.76,-75.871
2023-07-18 00:50:00,2.298,8.058,-73.573
2023-07-18 05:55:00,-1.07,6.988,-74.643
2023-07-18 11:55:00,2.365,9.353,-72.278
2023-07-18 20:00:00,0.424,9.777,-71.854
2023-07-19 14:45:00,1.315,11.092,-70.539
2023-07-19 19:00:00,-1.066,10.026,-71.605
2023-07-20 00:45:00,-1.126,8.9,-72.731
2023-07-20 04:25:00,-1.153,7.747,-73.884
2023-07-20 09:20:00,2.394,10.141,-71.49
2023-07-20 14:35:00,-1.069,9.072,-72.559
2023-07-20 22:10:00,-1.096,7.976,-73.655
2023-07-21 01:05:00,2.394,10.37,-71.261
2023-07-21 09:10:00,-0.133,10.237,-71.394
2023-07-21 18:10:00,0.079,10.316,-71.315
2023-07-21 19:10:00,-1.099,9.217,-72.414
2023-07-22 14:30:00,0.421,9.638,-71.993
2023-07-23 02:20:00,-1.078,8.56,-73.071
2023-07-23 08:55:00,2.348,10.908,-70.723
2023-07-23 11:45:00,-1.087,9.821,-71.81
2023-07-23 17:50:00,-1.206,8.615,-73.016
2023-07-23 21:35:00,-1.188,7.427,-74.204
2023-07-24 05:40:00,0.821,8.248,-73.383
2023-07-24 09:50:00,2.392,10.64,-70.991
2023-07-24 17:55:00,-0.413,10.227,-71.404
2023-07-24 20:50:00,-1.342,8.885,-72.746
2023-07-25 02:10:00,-1.287,7.598,-74.033
2023-07-25 09:35:00,-1.223,6.375,-75.256
2023-07-25 21:15:00,-0.419,5.956,-75.675
2023-07-26 02:55:00,-1.12,4.836,-76.795
2023-07-26 12:45:00,-1.155,3.681,-77.95
2023-07-26 17:10:00,-1.336,2.345,-79.286
2023-07-26 18:00:00,-1.183,1.162,-80.469
2023-07-27 02:15:00,0.201,1.363,-80.268
2023-07-27 06:55:00,-1.177,0.186,-81.445
2023-07-27 14:25:00,-1.136,-0.95,-82.581
2023-07-27 22:45:00,-0.227,-1.177,-82.808
2023-07-28 09:45:00,-1.244,-2.421,-84.052
2023-07-28 13:20:00,-1.395,-3.816,-85.447
2023-07-28 17:35:00,-1.177,-4.993,-86.624
2023-07-29 01:40:00,-0.824,-5.817,-87.448
2023-07-29 10:35:00,-0.434,-6.251,-87.882
2023-07-29 12:25:00,-1.352,-7.603,-89.234
2023-07-29 20:30:00,0.115,-7.488,-89.119
2023-07-30 15:25:00,-0.911,-8.399,-90.03
2023-07-30 19:00:00,-1.139,-9.538,-91.169
2023-07-30 19:45:00,2.312,-7.226,-88.857
2023-07-31 00:40:00,-1.072,-8.298,-89.929
2023-07-31 07:55:00,-1.09,-9.388,-91.019
2023-07-31 16:00:00,0.917,-8.471,-90.102
2023-07-31 19:55:00,2.296,-6.175,-87.806
2023-08-01 02:10:00,2.396,-3.779,-85.41
2023-08-01 10:15:00,-0.62,-4.399,-86.03
2023-08-01 14:00:00,-1.158,-5.557,-87.188
2023-08-01 15:55:00,-1.245,-6.802,-88.433
2023-08-02 00:00:00,2.328,-4.474,-86.105
2023-08-02 07:40:00,-1.082,-5.556,-87.187
2023-08-02 10:35:00,-1.365,-6.921,-88.552
2023-08-02 13:30:00,-1.14,-8.061,-89.692
2023-08-02 14:25:00,2.198,-5.863,-87.494
2023-08-02 22:30:00,0.385,-5.478,-87.109
2023-08-03 00:20:00,-1.297,-6.775,-88.406
2023-08-03 11:05:00,0.231,-6.544,-88.175
2023-08-03 14:35:00,-1.225,-7.769,-89.4
2023-08-03 22:05:00,2.314,-5.455,-87.086
2023-08-04 06:10:00,-0.855,-6.31,-87.941
2023-08-04 09:30:00,-1.313,-7.623,-89.254
2023-08-04 18:45:00,2.254,-5.369,-87.0
2023-08-05 02:50:00,-0.134,-5.503,-87.134
2023-08-05 09:15:00,-1.242,-6.745,-88.376
2023-08-05 13:25:00,-1.583,-8.328,-89.959
2023-08-05 18:50:00,-1.183,-9.511,-91.142
2023-08-06 10:20:00,0.042,-9.469,-91.1
2023-08-06 18:15:00,-1.31,-10.779,-92.41
2023-08-06 21:05:00,2.116,-8.663,-90.294
2023-08-06 23:45:00,-1.124,-9.787,-91.418
2023-08-07 06:35:00,-1.101,-10.888,-92.519
2023-08-07 14:40:00,0.466,-10.422,-92.053
2023-08-07 16:15:00,2.34,-8.082,-89.713
2023-08-07 18:20:00,-1.06,-9.142,-90.773
2023-08-08 13:00:00,2.293,-6.849,-88.48
2023-08-08 13:50:00,-1.143,-7.992,-89.623
2023-08-09 00:40:00,-0.188,-8.18,-89.811
2023-08-09 14:55:00,-1.175,-9.355,-90.986
2023-08-10 00:00:00,-1.213,-10.568,-92.199
2023-08-10 00:40:00,-1.591,-12.159,-93.79
2023-08-10 04:05:00,-1.273,-13.432,-95.063
2023-08-10 13:35:00,-1.27,-14.702,-96.333
2023-08-10 14:40:00,-1.169,-15.871,-97.502
2023-08-10 22:45:00,0.15,-15.721,-97.352
2023-08-11 10:50:00,-0.362,-16.083,-97.714
2023-08-11 14:10:00,-1.284,-17.367,-98.998
2023-08-11 23:20:00,-0.872,-18.239,-99.87
2023-08-12 03:10:00,-1.319,-19.558,-101.189
2023-08-12 07:05:00,-1.538,-21.096,-102.727
2023-08-12 15:10:00,1.382,-19.714,-101.345
2023-08-12 17:55:00,-1.449,-21.163,-102.794
2023-08-13 06:15:00,-0.808,-21.971,-103.602
2023-08-13 16:35:00,1.827,-20.144,-101.775
2023-08-13 18:40:00,-1.216,-21.36,-102.991
2023-08-13 22:15:00,-1.285,-22.645,-104.276
2023-08-14 02:20:00,2.23,-20.415,-102.046
2023-08-14 02:40:00,-1.166,-21.581,-103.212
2023-08-14 14:40:00,-1.208,-22.789,-104.42
2023-08-14 18:05:00,-1.136,-23.925,-105.556
2023-08-15 02:10:00,-0.076,-24.001,-105.632
2023-08-15 11:35:00,0.156,-23.845,-105.476
2023-08-15 14:05:00,2.017,-21.828,-103.459
2023-08-15 18:05:00,2.098,-19.73,-101.361
2023-08-15 19:05:00,2.205,-17.525,-99.156
2023-08-16 03:10:00,-0.574,-18.099,-99.73
2023-08-16 12:15:00,2.284,-15.815,-97.446
2023-08-16 20:20:00,1.016,-14.799,-96.43
2023-08-16 20:25:00,2.22,-12.579,-94.21
2023-08-17 03:45:00,-1.039,-13.618,-95.249
2023-08-17 15:40:00,2.369,-11.249,-92.88
2023-08-17 21:40:00,2.417,-8.832,-90.463
2023-08-18 05:45:00,-0.44,-9.272,-90.903
2023-08-19 00:40:00,-1.194,-10.466,-92.097
2023-08-19 09:25:00,0.478,-9.988,-91.619
2023-08-20 00:45:00,-0.488,-10.476,-92.107
2023-08-20 09:25:00,-0.11,-10.586,-92.217
2023-08-20 14:30:00,-1.255,-11.841,-93.472
2023-08-20 20:45:00,-1.156,-12.997,-94.628
2023-08-21 03:40:00,-1.21,-14.207,-95.838
2023-08-21 05:30:00,-1.3,-15.507,-97.138
2023-08-21 08:55:00,-1.252,-16.759,-98.39
2023-08-21 12:10:00,-1.166,-17.925,-99.556
2023-08-21 21:30:00,-0.212,-18.137,-99.768
2023-08-22 07:00:00,-1.395,-19.532,-101.163
2023-08-22 12:35:00,-1.19,-20.722,-102.353
2023-08-22 17:35:00,2.348,-18.374,-100.005
2023-08-22 23:05:00,-1.061,-19.435,-101.066
2023-08-23 07:10:00,0.156,-19.279,-100.91
2023-08-23 13:50:00,-1.163,-20.442,-102.073
2023-08-23 16:20:00,2.357,-18.085,-99.716
2023-08-24 00:25:00,-0.274,-18.359,-99.99
2023-08-24 14:40:00,2.3,-16.059,-97.69
2023-08-24 22:45:00,-0.208,-16.267,-97.898
2023-08-25 09:10:00,-1.115,-17.382,-99.013
2023-08-25 13:10:00,2.25,-15.132,-96.763
2023-08-25 13:50:00,-1.16,-16.292,-97.923
2023-08-25 18:50:00,-1.099,-17.391,-99.022
2023-08-26 02:55:00,-0.092,-17.483,-99.114
2023-08-26 08:35:00,-1.244,-18.727,-100.358
2023-08-26 16:40:00,-1.286,-20.013,-101.644
2023-08-27 03:40:00,0.742,-19.271,-100.902
2023-08-27 05:30:00,-1.696,-20.967,-102.598
2023-08-27 12:25:00,-1.189,-22.156,-103.787
2023-08-28 00:15:00,0.487,-21.669,-103.3
2023-08-28 08:25:00,1.083,-20.586,-102.217
2023-08-28 11:00:00,-1.315,-21.901,-103.532
2023-08-28 14:15:00,2.373,-19.528,-101.159
2023-08-28 22:20:00,0.638,-18.89,-100.521
2023-08-29 07:10:00,-1.17,-20.06,-101.691
2023-08-29 14:20:00,2.305,-17.755,-99.386
2023-08-29 22:25:00,-0.028,-17.783,-99.414
2023-08-30 14:05:00,-0.187,-17.97,-99.601
2023-08-30 22:45:00,0.339,-17.631,-99.262
2023-08-31 08:20:00,0.707,-16.924,-98.555
2023-08-31 11:20:00,-1.266,-18.19,-99.821
2023-08-31 15:40:00,2.381,-15.809,-97.44
2023-08-31 23:45:00,1.211,-14.598,-96.229
2023-09-01 11:45:00,-1.267,-15.865,-97.496
2023-09-01 17:10:00,2.347,-13.518,-95.149
2023-09-02 01:15:00,-0.767,-14.285,-95.916
2023-09-02 13:40:00,-1.35,-15.635,-97.266
2023-09-02 22:45:00,-1.205,-16.84,-98.471
2023-09-03 09:00:00,-0.106,-16.946,-98.577
2023-09-03 12:40:00,-1.349,-18.295,-99.926
2023-09-03 18:15:00,-1.175,-19.47,-101.101
2023-09-04 00:45:00,-1.559,-21.029,-102.66
2023-09-04 10:40:00,-0.025,-21.054,-102.685
2023-09-04 14:50:00,2.213,-18.841,-100.472
2023-09-04 17:10:00,-1.181,-20.022,-101.653
2023-09-04 19:20:00,-1.303,-21.325,-102.956
2023-09-04 23:50:00,-1.216,-22.541,-104.172
2023-09-05 08:05:00,-1.152,-23.693,-105.324
2023-09-05 17:35:00,-0.515,-24.208,-105.839
2023-09-05 23:15:00,-1.17,-25.378,-107.009
2023-09-06 13:05:00,-0.186,-25.564,-107.195
2023-09-06 17:50:00,-1.129,-26.693,-108.324
2023-09-07 01:55:00,0.213,-26.48,-108.111
2023-09-07 05:55:00,-1.219,-27.699,-109.33
2023-09-07 09:35:00,-1.455,-29.154,-110.785
2023-09-07 11:45:00,-1.256,-30.41,-112.041
2023-09-07 15:00:00,-1.198,-31.608,-113.239
2023-09-08 00:50:00,2.101,-29.507,-111.138
2023-09-08 06:35:00,-1.122,-30.629,-112.26
2023-09-08 10:05:00,2.3,-28.329,-109.96
2023-09-08 18:10:00,-0.283,-28.612,-110.243
2023-09-09 12:30:00,0.143,-28.469,-110.1
2023-09-09 15:00:00,-1.308,-29.777,-111.408
2023-09-09 16:40:00,-1.256,-31.033,-112.664
2023-09-10 00:20:00,2.173,-28.86,-110.491
2023-09-10 04:20:00,2.339,-26.521,-108.152
2023-09-10 12:25:00,-0.261,-26.782,-108.413
2023-09-10 22:50:00,-0.081,-26.863,-108.494
2023-09-11 08:40:00,0.962,-25.901,-107.532
2023-09-11 17:10:00,0.918,-24.983,-106.614
2023-09-12 03:05:00,-0.077,-25.06,-106.691
2023-09-12 16:30:00,-1.116,-26.176,-107.807
2023-09-13 00:25:00,-1.164,-27.34,-108.971
2023-09-13 07:35:00,-1.203,-28.543,-110.174
2023-09-13 17:25:00,-1.139,-29.682,-111.313
2023-09-14 00:45:00,-1.12,-30.802,-112.433
2023-09-14 04:20:00,-1.111,-31.913,-113.544
2023-09-14 07:20:00,-1.195,-33.108,-114.739
2023-09-14 17:10:00,0.771,-32.337,-113.968
2023-09-15 02:30:00,0.662,-31.675,-113.306
2023-09-15 11:55:00,-1.311,-32.986,-114.617
2023-09-15 14:45:00,-1.19,-34.176,-115.807
2023-09-15 23:50:00,0.47,-33.706,-115.337
2023-09-16 09:15:00,0.25,-33.456,-115.087
2023-09-16 23:30:00,2.012,-31.444,-113.075
2023-09-17 00:15:00,-1.225,-32.669,-114.3
2023-09-17 09:05:00,-0.282,-32.951,-114.582
2023-09-17 19:55:00,1.01,-31.941,-113.572
2023-09-18 02:25:00,-1.128,-33.069,-114.7
2023-09-18 10:30:00,1.531,-31.538,-113.169
2023-09-18 17:30:00,-1.068,-32.606,-114.237
2023-09-19 01:35:00,0.093,-32.513,-114.144
2023-09-19 09:00:00,-1.231,-33.744,-115.375
2023-09-19 13:55:00,-1.138,-34.882,-116.513
2023-09-19 15:25:00,-1.122,-36.004,-117.635
2023-09-19 23:40:00,0.629,-35.375,-117.006
2023-09-20 11:20:00,0.862,-34.513,-116.144
2023-09-20 14:00:00,-1.141,-35.654,-117.285
2023-09-20 19:15:00,-1.123,-36.777,-118.408
2023-09-21 01:20:00,-1.179,-37.956,-119.587
2023-09-21 10:50:00,2.336,-35.62,-117.251
2023-09-21 18:55:00,0.134,-35.486,-117.117
2023-09-22 01:55:00,-1.154,-36.64,-118.271
2023-09-22 08:05:00,-1.228,-37.868,-119.499
2023-09-22 20:55:00,0.645,-37.223,-118.854
2023-09-22 21:25:00,-1.522,-38.745,-120.376
2023-09-23 05:30:00,-1.284,-40.029,-121.66
2023-09-23 21:10:00,-1.427,-41.456,-123.087
2023-09-23 23:35:00,-1.333,-42.789,-124.42
2023-09-24 09:15:00,-0.998,-43.787,-125.418
2023-09-24 12:00:00,1.887,-41.9,-123.531
2023-09-24 18:20:00,-1.255,-43.155,-124.786
2023-09-25 00:20:00,2.346,-40.809,-122.44
2023-09-25 01:05:00,-1.099,-41.908,-123.539
2023-09-25 15:35:00,0.813,-41.095,-122.726
2023-09-25 23:40:00,-0.637,-41.732,-123.363
2023-09-26 03:45:00,-1.231,-42.963,-124.594
2023-09-26 12:35:00,2.111,-40.852,-122.483
2023-09-26 20:40:00,-0.124,-40.976,-122.607
2023-09-26 23:30:00,-1.3,-42.276,-123.907
2023-09-27 11:20:00,2.213,-40.063,-121.694
2023-09-27 14:15:00,-1.305,-41.368,-122.999
2023-09-27 22:20:00,0.563,-40.805,-122.436
2023-09-28 14:40:00,2.284,-38.521,-120.152
2023-09-28 22:45:00,-0.19,-38.711,-120.342
2023-09-29 07:30:00,2.102,-36.609,-118.24
2023-09-29 11:00:00,-1.134,-37.743,-119.374
2023-09-29 14:05:00,-1.126,-38.869,-120.5
2023-09-29 22:40:00,-0.574,-39.443,-121.074
2023-09-30 07:45:00,-1.4,-40.843,-122.474
2023-09-30 11:40:00,-1.547,-42.39,-124.021
2023-09-30 17:00:00,-1.259,-43.649,-125.28
2023-10-01 03:35:00,-0.068,-43.717,-125.348
2023-10-01 06:05:00,2.157,-41.56,-123.191
2023-10-01 14:10:00,1.446,-40.114,-121.745
2023-10-01 14:40:00,-1.225,-41.339,-122.97
2023-10-01 22:15:00,2.312,-39.027,-120.658
2023-10-02 06:35:00,-0.053,-39.08,-120.711
2023-10-02 08:00:00,-1.405,-40.485,-122.116
2023-10-02 09:15:00,-1.215,-41.7,-123.331
2023-10-02 23:50:00,0.655,-41.045,-122.676
2023-10-03 13:35:00,-0.395,-41.44,-123.071
2023-10-03 22:20:00,1.238,-40.202,-121.833
2023-10-04 00:40:00,2.373,-37.829,-119.46
2023-10-04 08:45:00,-0.813,-38.642,-120.273
2023-10-04 18:55:00,-0.146,-38.788,-120.419
2023-10-05 04:40:00,-1.24,-40.028,-121.659
2023-10-05 09:20:00,-1.329,-41.357,-122.988
2023-10-05 13:15:00,-1.228,-42.585,-124.216
2023-10-05 23:05:00,-0.08,-42.665,-124.296
2023-10-06 03:50:00,-1.427,-44.092,-125.723
2023-10-06 07:15:00,-1.335,-45.427,-127.058
2023-10-06 11:30:00,-1.291,-46.718,-128.349
2023-10-06 15:25:00,-1.23,-47.948,-129.579
2023-10-06 23:30:00,0.315,-47.633,-129.264
2023-10-07 12:50:00,0.114,-47.519,-129.15
2023-10-07 19:25:00,2.064,-45.455,-127.086
2023-10-08 03:30:00,-1.072,-46.527,-128.158
2023-10-08 04:50:00,-1.435,-47.962,-129.593
2023-10-08 10:45:00,2.242,-45.72,-127.351
2023-10-08 12:50:00,-1.268,-46.988,-128.619
2023-10-09 03:45:00,-1.271,-48.259,-129.89
2023-10-09 07:20:00,2.021,-46.238,-127.869
2023-10-09 08:20:00,2.296,-43.942,-125.573
2023-10-09 09:45:00,2.399,-41.543,-123.174
2023-10-09 17:50:00,-0.375,-41.918,-123.549
2023-10-09 21:40:00,-1.171,-43.089,-124.72
2023-10-10 09:40:00,0.851,-42.238,-123.869
2023-10-10 17:45:00,0.735,-41.503,-123.134
2023-10-10 22:05:00,-1.14,-42.643,-124.274
2023-10-11 02:30:00,2.274,-40.369,-122.0
2023-10-11 10:35:00,-0.552,-40.921,-122.552
2023-10-11 23:30:00,-0.179,-41.1,-122.731
2023-10-12 09:25:00,0.551,-40.549,-122.18
2023-10-12 09:45:00,2.279,-38.27,-119.901
2023-10-12 17:50:00,0.07,-38.2,-119.831
2023-10-13 07:15:00,-1.281,-39.481,-121.112
2023-10-13 14:55:00,-1.282,-40.763,-122.394
2023-10-13 16:40:00,-1.181,-41.944,-123.575
2023-10-13 20:50:00,2.138,-39.806,-121.437
2023-10-14 04:55:00,-0.095,-39.901,-121.532
2023-10-14 14:05:00,1.93,-37.971,-119.602
2023-10-14 18:10:00,-1.337,-39.308,-120.939
2023-10-14 22:20:00,-1.364,-40.672,-122.303
2023-10-15 04:10:00,-1.238,-41.91,-123.541
2023-10-15 08:45:00,-1.224,-43.134,-124.765
2023-10-15 16:50:00,-0.18,-43.314,-124.945
2023-10-16 01:00:00,-0.666,-43.98,-125.611
2023-10-16 05:30:00,2.315,-41.665,-123.296
2023-10-16 13:35:00,0.401,-41.264,-122.895
2023-10-17 00:25:00,-1.136,-42.4,-124.031
2023-10-17 08:30:00,0.421,-41.979,-123.61
2023-10-17 13:45:00,2.318,-39.661,-121.292
2023-10-17 21:50:00,0.08,-39.581,-121.212
2023-10-18 04:50:00,-1.26,-40.841,-122.472
2023-10-18 21:35:00,2.281,-38.56,-120.191
2023-10-18 22:20:00,-1.177,-39.737,-121.368
2023-10-19 09:45:00,-0.33,-40.067,-121.698
2023-10-19 19:40:00,-1.1,-41.167,-122.798
2023-10-20 03:15:00,2.303,-38.864,-120.495
2023-10-20 08:30:00,2.369,-36.495,-118.126
2023-10-20 15:30:00,-1.081,-37.576,-119.207
2023-10-21 01:35:00,-1.363,-38.939,-120.57
2023-10-21 09:45:00,2.193,-36.746,-118.377
2023-10-21 11:40:00,2.262,-34.484,-116.115
2023-10-21 17:25:00,2.412,-32.072,-113.703
2023-10-22 01:30:00,-0.204,-32.276,-113.907
2023-10-22 07:35:00,-1.161,-33.437,-115.068
2023-10-22 17:35:00,-1.128,-34.565,-116.196
2023-10-22 23:00:00,2.393,-32.172,-113.803
2023-10-23 07:05:00,0.187,-31.985,-113.616
2023-10-23 18:50:00,1.528,-30.457,-112.088
2023-10-24 03:50:00,1.352,-29.105,-110.736
2023-10-24 14:20:00,-1.049,-30.154,-111.785
2023-10-25 06:15:00,0.375,-29.779,-111.41
2023-10-25 15:30:00,2.381,-27.398,-109.029
2023-10-25 16:40:00,-1.088,-28.486,-110.117
2023-10-26 06:00:00,-1.127,-29.613,-111.244
2023-10-26 11:40:00,-1.053,-30.666,-112.297
2023-10-26 22:25:00,0.26,-30.406,-112.037
2023-10-27 01:45:00,2.322,-28.084,-109.715
2023-10-27 09:50:00,-0.513,-28.597,-110.228
2023-10-27 13:05:00,-1.099,-29.696,-111.327
2023-10-27 22:35:00,-0.314,-30.01,-111.641
2023-10-28 05:15:00,2.268,-27.742,-109.373
2023-10-28 08:35:00,-1.277,-29.019,-110.65
2023-10-28 12:45:00,-1.188,-30.207,-111.838
2023-10-28 20:50:00,-0.142,-30.349,-111.98
2023-10-28 22:30:00,-1.206,-31.555,-113.186
2023-10-29 08:10:00,-1.143,-32.698,-114.329
2023-10-29 14:55:00,2.332,-30.366,-111.997
2023-10-29 23:00:00,1.082,-29.284,-110.915
2023-10-30 16:40:00,0.683,-28.601,-110.232
2023-10-30 23:10:00,2.413,-26.188,-107.819
2023-10-31 07:15:00,-0.511,-26.699,-108.33
2023-10-31 12:30:00,-1.107,-27.806,-109.437
2023-10-31 16:40:00,-1.062,-28.868,-110.499
2023-11-01 04:25:00,-0.796,-29.664,-111.295
2023-11-01 06:00:00,2.297,-27.367,-108.998
2023-11-01 12:55:00,-1.063,-28.43,-110.061
2023-11-01 19:00:00,2.446,-25.984,-107.615
2023-11-02 03:05:00,0.156,-25.828,-107.459
2023-11-02 03:45:00,-1.208,-27.036,-108.667
2023-11-02 15:05:00,-1.061,-28.097,-109.728
2023-11-03 00:25:00,-1.051,-29.148,-110.779
2023-11-03 08:30:00,0.012,-29.136,-110.767
2023-11-03 13:55:00,-1.08,-30.216,-111.847
2023-11-03 22:00:00,0.394,-29.822,-111.453
2023-11-04 14:10:00,0.798,-29.024,-110.655
2023-11-05 04:50:00,2.37,-26.654,-108.285
2023-11-05 12:55:00,1.363,-25.291,-106.922
2023-11-05 13:55:00,-1.07,-26.361,-107.992
2023-11-05 20:50:00,-1.079,-27.44,-109.071
2023-11-06 01:05:00,-1.073,-28.513,-110.144
2023-11-06 02:30:00,-1.054,-29.567,-111.198
2023-11-06 07:55:00,-1.077,-30.644,-112.275
2023-11-06 16:00:00,1.902,-28.742,-110.373
2023-11-07 03:35:00,-0.205,-28.947,-110.578
2023-11-07 18:10:00,-1.059,-30.006,-111.637
2023-11-08 02:15:00,0.1,-29.906,-111.537
2023-11-08 12:40:00,2.387,-27.519,-109.15
2023-11-08 15:20:00,-1.056,-28.575,-110.206
2023-11-09 02:15:00,1.584,-26.991,-108.622
2023-11-09 10:20:00,1.46,-25.531,-107.162
2023-11-09 16:10:00,-1.048,-26.579,-108.21
2023-11-10 00:15:00,-0.702,-27.281,-108.912
2023-11-10 08:20:00,-0.533,-27.814,-109.445
2023-11-10 13:55:00,-1.08,-28.894,-110.525
2023-11-10 18:00:00,-1.058,-29.952,-111.583
2023-11-10 22:00:00,2.393,-27.559,-109.19
2023-11-11 04:00:00,-1.053,-28.612,-110.243
2023-11-11 17:35:00,1.559,-27.053,-108.684
2023-11-11 22:10:00,-1.074,-28.127,-109.758
2023-11-12 04:30:00,-1.071,-29.198,-110.829
2023-11-12 15:00:00,1.517,-27.681,-109.312
2023-11-12 23:15:00,-1.097,-28.778,-110.409
2023-11-13 04:35:00,-1.034,-29.812,-111.443
2023-11-13 12:20:00,-1.037,-30.849,-112.48
2023-11-13 16:20:00,-1.05,-31.899,-113.53
2023-11-14 05:05:00,0.245,-31.654,-113.285
2023-11-14 17:50:00,1.763,-29.891,-111.522
2023-11-15 02:00:00,0.262,-29.629,-111.26
2023-11-15 18:50:00,2.418,-27.211,-108.842
2023-11-16 03:05:00,0.03,-27.181,-108.812
2023-11-16 12:00:00,-1.061,-28.242,-109.873
2023-11-16 23:50:00,0.743,-27.499,-109.13
2023-11-17 14:40:00,2.428,-25.071,-106.702
2023-11-17 22:45:00,-0.393,-25.464,-107.095
2023-11-18 06:55:00,2.407,-23.057,-104.688
2023-11-18 08:40:00,-1.056,-24.113,-105.744
2023-11-18 14:20:00,-1.105,-25.218,-106.849
2023-11-19 03:50:00,-1.062,-26.28,-107.911
2023-11-19 15:35:00,-1.128,-27.408,-109.039
2023-11-19 23:40:00,1.959,-25.449,-107.08
2023-11-20 12:15:00,-1.06,-26.509,-108.14
2023-11-21 05:05:00,1.277,-25.232,-106.863
2023-11-21 14:10:00,2.37,-22.862,-104.493
2023-11-21 18:05:00,2.432,-20.43,-102.061
2023-11-22 02:10:00,-0.083,-20.513,-102.144
2023-11-22 16:55:00,-1.089,-21.602,-103.233
2023-11-23 01:15:00,0.372,-21.23,-102.861
2023-11-23 11:10:00,-1.179,-22.409,-104.04
2023-11-23 19:15:00,0.742,-21.667,-103.298
2023-11-23 22:55:00,-1.187,-22.854,-104.485
2023-11-24 06:40:00,2.253,-20.601,-102.232
2023-11-24 14:45:00,-0.345,-20.946,-102.577
2023-11-24 23:35:00,-0.113,-21.059,-102.69
2023-11-25 05:15:00,-1.119,-22.178,-103.809
2023-11-25 21:45:00,0.319,-21.859,-103.49
2023-11-26 01:10:00,-1.227,-23.086,-104.717
2023-11-26 12:20:00,-1.132,-24.218,-105.849
2023-11-26 20:40:00,-1.071,-25.289,-106.92
2023-11-27 03:25:00,-1.064,-26.353,-107.984
2023-11-27 04:30:00,-1.125,-27.478,-109.109
2023-11-27 13:50:00,2.404,-25.074,-106.705
2023-11-27 14:55:00,2.276,-22.798,-104.429
2023-11-27 23:00:00,-0.549,-23.347,-104.978
2023-11-28 09:40:00,-1.099,-24.446,-106.077
2023-11-28 22:00:00,0.361,-24.085,-105.716
2023-11-29 05:35:00,-1.114,-25.199,-106.83
2023-11-29 14:15:00,-1.133,-26.332,-107.963
2023-11-29 22:20:00,1.702,-24.63,-106.261
2023-11-30 03:45:00,-1.176,-25.806,-107.437
2023-11-30 10:45:00,-1.12,-26.926,-108.557
2023-11-30 14:05:00,-1.179,-28.105,-109.736
2023-11-30 15:40:00,2.41,-25.695,-107.326
2023-11-30 23:45:00,0.183,-25.512,-107.143
2023-12-01 06:05:00,-1.162,-26.674,-108.305
2023-12-02 00:25:00,-1.305,-27.979,-109.61
2023-12-02 11:50:00,1.495,-26.484,-108.115
2023-12-02 21:55:00,2.337,-24.147,-105.778
2023-12-02 22:50:00,-1.134,-25.281,-106.912
2023-12-03 03:00:00,-1.119,-26.4,-108.031
2023-12-03 15:55:00,-1.136,-27.536,-109.167
2023-12-03 19:10:00,-1.095,-28.631,-110.262
2023-12-03 20:05:00,-1.233,-29.864,-111.495
2023-12-03 22:30:00,2.381,-27.483,-109.114
2023-12-04 06:35:00,0.443,-27.04,-108.671
2023-12-04 11:10:00,-1.093,-28.133,-109.764
2023-12-04 16:50:00,-1.086,-29.219,-110.85
2023-12-05 04:30:00,0.126,-29.093,-110.724
2023-12-05 07:00:00,-1.093,-30.186,-111.817
2023-12-05 10:30:00,-1.048,-31.234,-112.865
2023-12-05 16:40:00,-1.057,-32.291,-113.922
2023-12-05 23:20:00,2.431,-29.86,-111.491
2023-12-06 05:35:00,-1.053,-30.913,-112.544
2023-12-06 11:30:00,-1.054,-31.967,-113.598
2023-12-06 20:55:00,-0.012,-31.979,-113.61
2023-12-07 07:20:00,0.326,-31.653,-113.284
2023-12-07 17:15:00,2.396,-29.257,-110.888
2023-12-08 01:20:00,-0.047,-29.304,-110.935
2023-12-08 12:00:00,2.374,-26.93,-108.561
2023-12-08 13:55:00,2.434,-24.496,-106.127
2023-12-08 22:00:00,0.508,-23.988,-105.619
2023-12-09 00:10:00,2.402,-21.586,-103.217
2023-12-09 00:30:00,2.431,-19.155,-100.786
2023-12-09 08:35:00,0.996,-18.159,-99.79
2023-12-09 12:50:00,-1.065,-19.224,-100.855
2023-12-09 20:15:00,-1.127,-20.351,-101.982
2023-12-10 08:15:00,-0.421,-20.772,-102.403
2023-12-10 12:25:00,-1.083,-21.855,-103.486
2023-12-10 20:30:00,0.148,-21.707,-103.338
2023-12-11 01:00:00,-1.049,-22.756,-104.387
2023-12-11 10:15:00,-0.195,-22.951,-104.582
2023-12-11 21:40:00,-0.271,-23.222,-104.853
2023-12-12 07:35:00,2.439,-20.783,-102.414
2023-12-12 15:40:00,-0.093,-20.876,-102.507
2023-12-13 00:05:00,-1.04,-21.916,-103.547
2023-12-13 01:25:00,-1.034,-22.95,-104.581
2023-12-13 09:50:00,0.093,-22.857,-104.488
2023-12-13 13:05:00,-1.086,-23.943,-105.574
2023-12-13 19:10:00,2.423,-21.52,-103.151
2023-12-13 22:05:00,2.446,-19.074,-100.705
2023-12-14 06:10:00,-0.527,-19.601,-101.232
2023-12-14 13:10:00,-1.063,-20.664,-102.295
2023-12-15 01:45:00,-0.217,-20.881,-102.512
2023-12-15 13:20:00,0.868,-20.013,-101.644
2023-12-15 21:40:00,0.789,-19.224,-100.855
2023-12-16 00:35:00,2.376,-16.848,-98.479
2023-12-16 01:10:00,-1.058,-17.906,-99.537
2023-12-16 19:10:00,-1.089,-18.995,-100.626
2023-12-17 03:15:00,0.517,-18.478,-100.109
2023-12-17 13:45:00,0.932,-17.546,-99.177
2023-12-17 16:55:00,-1.117,-18.663,-100.294
2023-12-18 02:55:00,2.414,-16.249,-97.88
2023-12-18 04:50:00,-1.067,-17.316,-98.947
2023-12-18 10:30:00,2.421,-14.895,-96.526
2023-12-18 14:30:00,-1.03,-15.925,-97.556
2023-12-19 05:05:00,0.885,-15.04,-96.671
2023-12-19 09:00:00,-1.085,-16.125,-97.756
2023-12-19 17:55:00,2.412,-13.713,-95.344
2023-12-20 02:00:00,-0.406,-14.119,-95.75
2023-12-20 03:55:00,-1.059,-15.178,-96.809
2023-12-20 09:30:00,2.413,-12.765,-94.396
2023-12-20 17:35:00,-0.042,-12.807,-94.438
2023-12-21 00:35:00,-1.05,-13.857,-95.488
2023-12-21 08:20:00,2.458,-11.399,-93.03
2023-12-21 16:25:00,0.805,-10.594,-92.225
2023-12-22 01:00:00,1.212,-9.382,-91.013
2023-12-22 18:50:00,0.246,-9.136,-90.767
2023-12-23 09:55:00,-0.501,-9.637,-91.268
2023-12-23 18:10:00,-0.219,-9.856,-91.487
2023-12-23 20:55:00,2.365,-7.491,-89.122
2023-12-24 00:10:00,2.455,-5.036,-86.667
2023-12-24 01:45:00,2.443,-2.593,-84.224
2023-12-24 05:40:00,-1.025,-3.618,-85.249
2023-12-24 13:30:00,2.453,-1.165,-82.796
2023-12-24 15:05:00,-1.037,-2.202,-83.833
2023-12-25 09:15:00,0.998,-1.204,-82.835
2023-12-26 02:05:00,0.36,-0.844,-82.475
2023-12-26 10:25:00,-1.077,-1.921,-83.552
2023-12-26 15:50:00,-1.034,-2.955,-84.586
2023-12-26 23:55:00,0.078,-2.877,-84.508
2023-12-27 03:30:00,2.42,-0.457,-82.088
2023-12-27 05:15:00,-1.053,-1.51,-83.141
2023-12-27 16:05:00,0.933,-0.577,-82.208
2023-12-28 00:35:00,-1.046,-1.623,-83.254
2023-12-28 02:30:00,-1.042,-2.665,-84.296
2023-12-28 10:35:00,-0.569,-3.234,-84.865
2023-12-28 20:35:00,1.214,-2.02,-83.651
2023-12-29 08:40:00,-1.043,-3.063,-84.694
2023-12-29 16:20:00,-1.042,-4.105,-85.736
2023-12-30 00:25:00,-0.108,-4.213,-85.844
2023-12-30 08:25:00,2.316,-1.897,-83.528
2023-12-30 16:30:00,-0.822,-2.719,-84.35
2023-12-30 22:50:00,-1.095,-3.814,-85.445
2023-12-31 06:55:00,0.017,-3.797,-85.428
2023-12-31 07:35:00,2.379,-1.418,-83.049
2023-12-31 15:40:00,0.022,-1.396,-83.027
2024-01-01 04:50:00,1.049,-0.347,-81.978
2024-01-01 23:25:00,1.813,1.466,-80.165
2024-01-02 07:35:00,0.632,2.098,-79.533
2024-01-02 11:35:00,-1.139,0.959,-80.672
2024-01-02 22:40:00,0.69,1.649,-79.982
2024-01-03 07:50:00,-1.071,0.578,-81.053
2024-01-03 11:55:00,2.428,3.006,-78.625
2024-01-03 12:05:00,2.474,5.48,-76.151
2024-01-03 20:10:00,-0.597,4.883,-76.748
2024-01-04 06:45:00,-0.403,4.48,-77.151
2024-01-04 14:40:00,-1.077,3.403,-78.228
2024-01-05 09:50:00,-0.034,3.369,-78.262
2024-01-05 17:05:00,2.439,5.808,-75.823
2024-01-05 20:50:00,-1.05,4.758,-76.873
2024-01-06 05:50:00,2.422,7.18,-74.451
2024-01-06 13:55:00,-0.579,6.601,-75.03
2024-01-07 03:35:00,0.531,7.132,-74.499
2024-01-07 17:15:00,0.449,7.581,-74.05
2024-01-07 22:15:00,2.389,9.97,-71.661
2024-01-08 06:20:00,-0.095,9.875,-71.756
2024-01-08 13:15:00,2.402,12.277,-69.354
2024-01-08 18:35:00,2.416,14.693,-66.938
2024-01-09 02:40:00,-0.407,14.286,-67.345
2024-01-09 09:45:00,-1.055,13.231,-68.4
2024-01-09 20:50:00,2.444,15.675,-65.956
2024-01-09 21:10:00,-1.058,14.617,-67.014
2024-01-10 09:20:00,-1.109,13.508,-68.123
2024-01-10 12:25:00,-1.037,12.471,-69.16
2024-01-10 17:55:00,-1.046,11.425,-70.206
2024-01-10 21:10:00,2.45,13.875,-67.756
2024-01-11 05:15:00,1.369,15.244,-66.387
2024-01-11 15:40:00,-0.242,15.002,-66.629
2024-01-11 20:40:00,-1.101,13.901,-67.73
2024-01-12 07:10:00,-1.07,12.831,-68.8
2024-01-12 12:45:00,-1.116,11.715,-69.916
2024-01-12 15:20:00,-1.064,10.651,-70.98
2024-01-12 23:25:00,1.15,11.801,-69.83
2024-01-13 15:15:00,-1.127,10.674,-70.957
2024-01-14 04:00:00,2.32,12.994,-68.637
2024-01-14 05:50:00,-1.102,11.892,-69.739
2024-01-14 15:50:00,-1.103,10.789,-70.842
2024-01-14 20:00:00,2.394,13.183,-68.448
2024-01-15 03:15:00,-1.058,12.125,-69.506
2024-01-15 06:50:00,-1.087,11.038,-70.593
2024-01-15 09:50:00,-1.167,9.871,-71.76
2024-01-15 12:45:00,-1.081,8.79,-72.841
2024-01-15 14:35:00,-1.07,7.72,-73.911
2024-01-15 18:30:00,-1.061,6.659,-74.972
2024-01-15 22:05:00,-1.06,5.599,-76.032
2024-01-16 01:00:00,-1.148,4.451,-77.18
2024-01-16 08:20:00,-1.092,3.359,-78.272
2024-01-16 11:35:00,-1.061,2.298,-79.333
2024-01-16 13:00:00,-1.072,1.226,-80.405
2024-01-16 21:55:00,-0.918,0.308,-81.323
2024-01-17 01:45:00,-1.107,-0.799,-82.43
2024-01-17 04:35:00,-1.076,-1.875,-83.506
2024-01-17 12:40:00,0.15,-1.725,-83.356
2024-01-17 22:10:00,0.304,-1.421,-83.052
2024-01-18 00:05:00,-1.084,-2.505,-84.136
2024-01-18 09:40:00,-0.476,-2.981,-84.612
2024-01-18 12:15:00,2.345,-0.636,-82.267
2024-01-18 14:55:00,-1.11,-1.746,-83.377
2024-01-19 00:40:00,0.622,-1.124,-82.755
2024-01-19 06:40:00,-1.072,-2.196,-83.827
2024-01-19 16:40:00,2.437,0.241,-81.39
2024-01-19 18:50:00,-1.029,-0.788,-82.419
2024-01-20 07:00:00,-1.07,-1.858,-83.489
2024-01-20 17:20:00,-0.346,-2.204,-83.835
2024-01-21 02:55:00,-1.173,-3.377,-85.008
2024-01-21 15:25:00,-1.116,-4.493,-86.124
2024-01-21 23:40:00,0.636,-3.857,-85.488
2024-01-22 04:55:00,2.381,-1.476,-83.107
2024-01-22 05:40:00,-1.101,-2.577,-84.208
2024-01-22 09:05:00,-1.068,-3.645,-85.276
2024-01-22 18:30:00,0.203,-3.442,-85.073
2024-01-23 02:50:00,-0.017,-3.459,-85.09
2024-01-23 08:35:00,2.404,-1.055,-82.686
2024-01-23 16:40:00,-0.312,-1.367,-82.998
2024-01-23 22:30:00,-1.106,-2.473,-84.104
2024-01-24 05:30:00,-1.111,-3.584,-85.215
2024-01-24 10:45:00,2.336,-1.248,-82.879
2024-01-24 14:05:00,-1.062,-2.31,-83.941
2024-01-24 22:10:00,0.439,-1.871,-83.502
2024-01-25 06:30:00,0.318,-1.553,-83.184
2024-01-25 12:30:00,-1.078,-2.631,-84.262
2024-01-25 14:35:00,-1.088,-3.719,-85.35
2024-01-25 18:05:00,-1.066,-4.785,-86.416
2024-01-26 02:10:00,-1.094,-5.879,-87.51
2024-01-26 06:50:00,-1.073,-6.952,-88.583
2024-01-26 09:45:00,-1.129,-8.081,-89.712
2024-01-26 18:45:00,2.04,-6.041,-87.672
2024-01-26 20:35:00,-1.112,-7.153,-88.784
2024-01-27 09:40:00,-1.203,-8.356,-89.987
2024-01-27 17:55:00,0.817,-7.539,-89.17
2024-01-28 09:25:00,-0.079,-7.618,-89.249
2024-01-28 20:45:00,-1.173,-8.791,-90.422
2024-01-29 03:05:00,2.425,-6.366,-87.997
2024-01-29 07:30:00,-1.155,-7.521,-89.152
2024-01-29 15:50:00,-1.107,-8.628,-90.259
2024-01-29 18:15:00,2.414,-6.214,-87.845
2024-01-29 21:55:00,2.408,-3.806,-85.437
2024-01-29 23:25:00,-1.068,-4.874,-86.505
2024-01-30 12:45:00,-1.079,-5.953,-87.584
2024-01-30 23:40:00,2.355,-3.598,-85.229
2024-01-31 07:45:00,-0.43,-4.028,-85.659
2024-01-31 15:15:00,2.391,-1.637,-83.268
2024-01-31 15:30:00,-1.062,-2.699,-84.33
2024-01-31 20:55:00,2.326,-0.373,-82.004
2024-02-01 05:00:00,0.184,-0.189,-81.82
2024-02-01 07:45:00,-1.153,-1.342,-82.973
2024-02-02 01:30:00,0.085,-1.257,-82.888
2024-02-02 09:25:00,2.317,1.06,-80.571
2024-02-02 13:30:00,-1.113,-0.053,-81.684
2024-02-02 15:15:00,-1.084,-1.137,-82.768
2024-02-02 23:20:00,-0.098,-1.235,-82.866
2024-02-03 03:50:00,-1.131,-2.366,-83.997
2024-02-03 14:45:00,-1.096,-3.462,-85.093
2024-02-03 17:40:00,-1.141,-4.603,-86.234
2024-02-03 22:20:00,-1.18,-5.783,-87.414
2024-02-04 07:45:00,1.663,-4.12,-85.751
2024-02-04 09:25:00,-1.18,-5.3,-86.931
2024-02-04 19:05:00,2.109,-3.191,-84.822
2024-02-04 21:00:00,-1.089,-4.28,-85.911
2024-02-05 02:35:00,-1.059,-5.339,-86.97
2024-02-05 11:45:00,2.1,-3.239,-84.87
2024-02-05 14:35:00,-1.128,-4.367,-85.998
2024-02-05 21:35:00,2.385,-1.982,-83.613
2024-02-06 02:35:00,-1.138,-3.12,-84.751
2024-02-06 08:10:00,-1.21,-4.33,-85.961
2024-02-06 15:20:00,-1.118,-5.448,-87.079
2024-02-06 18:50:00,-1.189,-6.637,-88.268
2024-02-07 03:40:00,-0.461,-7.098,-88.729
2024-02-07 11:45:00,0.485,-6.613,-88.244
2024-02-07 15:25:00,2.225,-4.388,-86.019
2024-02-07 23:30:00,0.884,-3.504,-85.135
2024-02-08 05:05:00,-1.159,-4.663,-86.294
2024-02-08 11:30:00,-1.108,-5.771,-87.402
2024-02-08 22:05:00,1.704,-4.067,-85.698
2024-02-09 10:45:00,0.091,-3.976,-85.607
2024-02-09 19:55:00,-0.421,-4.397,-86.028
2024-02-10 08:10:00,-0.392,-4.789,-86.42
2024-02-10 18:05:00,-0.723,-5.512,-87.143
2024-02-10 20:45:00,2.244,-3.268,-84.899
2024-02-11 00:00:00,-1.155,-4.423,-86.054
2024-02-11 11:40:00,0.87,-3.553,-85.184
2024-02-11 18:25:00,-1.138,-4.691,-86.322
2024-02-12 04:55:00,0.165,-4.526,-86.157
2024-02-12 07:20:00,-1.134,-5.66,-87.291
2024-02-12 14:05:00,-1.173,-6.833,-88.464
2024-02-12 14:55:00,2.296,-4.537,-86.168
2024-02-12 23:00:00,1.611,-2.926,-84.557
2024-02-13 03:35:00,-1.178,-4.104,-85.735
2024-02-13 22:25:00,-0.581,-4.685,-86.316
2024-02-14 00:25:00,-1.164,-5.849,-87.48
2024-02-14 03:10:00,2.399,-3.45,-85.081
2024-02-14 11:15:00,0.59,-2.86,-84.491
2024-02-15 01:30:00,-1.146,-4.006,-85.637
2024-02-15 11:05:00,2.406,-1.6,-83.231
2024-02-15 15:45:00,-1.073,-2.673,-84.304
2024-02-16 07:45:00,-0.513,-3.186,-84.817
2024-02-16 14:15:00,-1.096,-4.282,-85.913
2024-02-16 22:20:00,1.891,-2.391,-84.022
2024-02-17 07:40:00,-1.095,-3.486,-85.117
2024-02-17 09:55:00,-1.105,-4.591,-86.222
2024-02-17 12:55:00,-1.142,-5.733,-87.364
2024-02-17 20:40:00,-1.053,-6.786,-88.417
2024-02-18 04:45:00,0.872,-5.914,-87.545
2024-02-18 06:30:00,-1.105,-7.019,-88.65
2024-02-18 12:30:00,-1.106,-8.125,-89.756
2024-02-18 20:20:00,-1.124,-9.249,-90.88
2024-02-19 05:05:00,-1.103,-10.352,-91.983
2024-02-19 10:25:00,-1.07,-11.422,-93.053
2024-02-19 17:50:00,-1.118,-12.54,-94.171
2024-02-19 23:00:00,2.417,-10.123,-91.754
2024-02-20 01:20:00,-1.045,-11.168,-92.799
2024-02-20 13:45:00,-1.091,-12.259,-93.89
2024-02-20 14:35:00,-1.076,-13.335,-94.966
2024-02-20 22:40:00,-0.323,-13.658,-95.289
2024-02-21 00:30:00,-1.09,-14.748,-96.379
2024-02-21 07:05:00,2.422,-12.326,-93.957
2024-02-21 15:10:00,0.44,-11.886,-93.517
2024-02-21 21:35:00,-1.059,-12.945,-94.576
2024-02-22 06:30:00,-1.086,-14.031,-95.662
2024-02-22 13:45:00,-1.099,-15.13,-96.761
2024-02-22 14:35:00,-1.074,-16.204,-97.835
2024-02-22 23:05:00,-0.315,-16.519,-98.15
2024-02-23 07:15:00,0.903,-15.616,-97.247
2024-02-23 14:55:00,-1.065,-16.681,-98.312
2024-02-23 16:05:00,-1.043,-17.724,-99.355
2024-02-24 01:35:00,0.019,-17.705,-99.336
2024-02-24 04:40:00,-1.043,-18.748,-100.379
2024-02-24 06:45:00,2.366,-16.382,-98.013
2024-02-24 14:50:00,-0.096,-16.478,-98.109
2024-02-24 16:25:00,-1.098,-17.576,-99.207
2024-02-25 00:15:00,-1.091,-18.667,-100.298
2024-02-25 08:45:00,-1.148,-19.815,-101.446
2024-02-25 14:10:00,-1.147,-20.962,-102.593
2024-02-25 22:00:00,-1.174,-22.136,-103.767
2024-02-26 06:20:00,-0.602,-22.738,-104.369
2024-02-26 15:40:00,-0.725,-23.463,-105.094
2024-02-27 00:10:00,1.569,-21.894,-103.525
2024-02-27 00:20:00,-1.135,-23.029,-104.66
2024-02-27 03:55:00,-1.093,-24.122,-105.753
2024-02-27 07:15:00,-1.095,-25.217,-106.848
2024-02-27 15:55:00,-1.05,-26.267,-107.898
2024-02-28 03:10:00,-1.088,-27.355,-108.986
2024-02-28 09:45:00,2.383,-24.972,-106.603
2024-02-28 11:50:00,-1.065,-26.037,-107.668
2024-02-28 14:20:00,-1.074,-27.111,-108.742
2024-02-28 17:30:00,-1.04,-28.151,-109.782
2024-02-29 05:10:00,2.426,-25.725,-107.356
2024-02-29 08:45:00,2.383,-23.342,-104.973
2024-02-29 16:25:00,-1.045,-24.387,-106.018
2024-03-01 05:25:00,-0.243,-24.63,-106.261
2024-03-01 15:50:00,-1.06,-25.69,-107.321
2024-03-01 21:55:00,-1.056,-26.746,-108.377
2024-03-01 22:50:00,2.364,-24.382,-106.013
2024-03-02 03:40:00,2.437,-21.945,-103.576
2024-03-02 11:45:00,0.23,-21.715,-103.346
2024-03-02 20:25:00,-0.149,-21.864,-103.495
2024-03-03 05:20:00,-0.188,-22.052,-103.683
2024-03-03 07:25:00,2.421,-19.631,-101.262
2024-03-03 12:10:00,-1.024,-20.655,-102.286
2024-03-04 00:30:00,1.426,-19.229,-100.86
2024-03-04 00:45:00,-1.038,-20.267,-101.898
2024-03-04 08:40:00,2.442,-17.825,-99.456
2024-03-04 16:45:00,-0.265,-18.09,-99.721
2024-03-05 02:40:00,-1.05,-19.14,-100.771
2024-03-05 05:00:00,-1.051,-20.191,-101.822
2024-03-05 13:25:00,0.79,-19.401,-101.032
2024-03-05 19:55:00,2.471,-16.93,-98.561
2024-03-06 04:00:00,-0.237,-17.167,-98.798
2024-03-06 14:10:00,1.003,-16.164,-97.795
2024-03-07 00:10:00,1.097,-15.067,-96.698
2024-03-07 05:10:00,-1.034,-16.101,-97.732
2024-03-07 12:55:00,-1.079,-17.18,-98.811
2024-03-07 14:45:00,-1.049,-18.229,-99.86
2024-03-08 02:50:00,-1.07,-19.299,-100.93
2024-03-08 07:55:00,-1.117,-20.416,-102.047
2024-03-08 15:30:00,-1.08,-21.496,-103.127
2024-03-08 17:45:00,-1.033,-22.529,-104.16
2024-03-09 01:50:00,0.158,-22.371,-104.002
2024-03-09 14:50:00,-0.594,-22.965,-104.596
2024-03-10 01:15:00,0.152,-22.813,-104.444
2024-03-10 07:50:00,-1.165,-23.978,-105.609
2024-03-10 09:15:00,-1.143,-25.121,-106.752
2024-03-10 14:40:00,2.424,-22.697,-104.328
2024-03-10 16:30:00,-1.043,-23.74,-105.371
2024-03-11 00:05:00,-1.108,-24.848,-106.479
2024-03-11 04:05:00,-1.029,-25.877,-107.508
2024-03-11 09:55:00,2.444,-23.433,-105.064
2024-03-11 18:00:00,1.009,-22.424,-104.055
2024-03-12 02:05:00,-0.791,-23.215,-104.846
2024-03-12 03:50:00,-1.053,-24.268,-105.899
2024-03-12 14:05:00,-1.05,-25.318,-106.949
2024-03-12 19:10:00,-1.05,-26.368,-107.999
2024-03-13 03:15:00,0.436,-25.932,-107.563
2024-03-13 06:40:00,2.301,-23.631,-105.262
2024-03-13 09:15:00,2.401,-21.23,-102.861
2024-03-13 11:35:00,-1.05,-22.28,-103.911
2024-03-13 13:50:00,2.398,-19.882,-101.513
2024-03-13 18:40:00,-1.042,-20.924,-102.555
2024-03-14 02:45:00,1.05,-19.874,-101.505
2024-03-14 13:45:00,-1.046,-20.92,-102.551
2024-03-14 18:50:00,-1.025,-21.945,-103.576
2024-03-14 21:55:00,-1.035,-22.98,-104.611
2024-03-15 02:35:00,-1.044,-24.024,-105.655
2024-03-15 10:40:00,1.249,-22.775,-104.406
2024-03-16 10:15:00,1.089,-21.686,-103.317
2024-03-16 13:45:00,2.402,-19.284,-100.915
2024-03-16 18:35:00,2.42,-16.864,-98.495
2024-03-17 02:40:00,0.35,-16.514,-98.145
2024-03-17 07:10:00,2.413,-14.101,-95.732
2024-03-17 08:50:00,-1.03,-15.131,-96.762
2024-03-17 14:30:00,-1.047,-16.178,-97.809
2024-03-17 20:45:00,-1.084,-17.262,-98.893
2024-03-18 07:25:00,-0.817,-18.079,-99.71
2024-03-18 12:15:00,-1.087,-19.166,-100.797
2024-03-18 21:25:00,0.175,-18.991,-100.622
2024-03-19 09:05:00,1.64,-17.351,-98.982
2024-03-19 12:00:00,-1.025,-18.376,-100.007
2024-03-20 05:00:00,1.693,-16.683,-98.314
2024-03-20 06:20:00,-1.044,-17.727,-99.358
2024-03-20 14:00:00,-1.085,-18.812,-100.443
2024-03-20 16:30:00,2.449,-16.363,-97.994
2024-03-20 18:05:00,-1.029,-17.392,-99.023
2024-03-21 02:50:00,1.818,-15.574,-97.205
2024-03-21 03:45:00,-1.141,-16.715,-98.346
2024-03-21 18:05:00,-1.05,-17.765,-99.396
2024-03-22 02:10:00,0.483,-17.282,-98.913
2024-03-22 03:30:00,-1.061,-18.343,-99.974
2024-03-22 10:05:00,-1.092,-19.435,-101.066
2024-03-22 13:10:00,2.398,-17.037,-98.668
2024-03-22 21:15:00,1.04,-15.997,-97.628
2024-03-22 23:15:00,-1.07,-17.067,-98.698
2024-03-23 04:05:00,-1.065,-18.132,-99.763
2024-03-23 10:00:00,-1.233,-19.365,-100.996
2024-03-23 23:45:00,2.304,-17.061,-98.692
2024-03-24 00:55:00,-1.098,-18.159,-99.79
2024-03-24 05:15:00,-1.116,-19.275,-100.906
2024-03-24 16:45:00,0.094,-19.181,-100.812
2024-03-25 03:30:00,1.812,-17.369,-99.0
2024-03-25 07:35:00,-1.184,-18.553,-100.184
2024-03-25 15:40:00,2.401,-16.152,-97.783
2024-03-25 23:45:00,-0.135,-16.287,-97.918
2024-03-26 08:30:00,0.543,-15.744,-97.375
2024-03-26 11:30:00,-1.172,-16.916,-98.547
2024-03-27 00:45:00,-0.574,-17.49,-99.121
2024-03-27 04:50:00,-1.086,-18.576,-100.207
2024-03-27 07:50:00,2.357,-16.219,-97.85
2024-03-27 13:00:00,-1.06,-17.279,-98.91
2024-03-27 21:50:00,0.649,-16.63,-98.261
2024-03-28 00:20:00,-1.114,-17.744,-99.375
2024-03-28 06:15:00,-1.084,-18.828,-100.459
2024-03-28 12:30:00,-1.15,-19.978,-101.609
2024-03-28 13:30:00,-1.11,-21.088,-102.719
2024-03-28 19:00:00,-1.306,-22.394,-104.025
2024-03-29 05:50:00,-1.081,-23.475,-105.106
2024-03-29 07:45:00,-1.048,-24.523,-106.154
2024-03-29 11:20:00,-1.056,-25.579,-107.21
2024-03-29 19:25:00,-0.234,-25.813,-107.444
2024-03-29 22:25:00,-1.208,-27.021,-108.652
2024-03-30 06:40:00,-0.01,-27.031,-108.662
2024-03-30 11:45:00,-1.128,-28.159,-109.79
2024-03-30 13:30:00,-1.149,-29.308,-110.939
2024-03-30 22:45:00,1.242,-28.066,-109.697
2024-03-31 00:15:00,-1.199,-29.265,-110.896
2024-03-31 13:15:00,0.293,-28.972,-110.603
2024-04-01 04:05:00,0.952,-28.02,-109.651
2024-04-01 05:20:00,-1.211,-29.231,-110.862
2024-04-01 05:50:00,2.43,-26.801,-108.432
2024-04-01 13:55:00,-0.202,-27.003,-108.634
2024-04-01 22:40:00,-0.122,-27.125,-108.756
2024-04-02 02:25:00,2.347,-24.778,-106.409
2024-04-02 10:30:00,1.925,-22.853,-104.484
2024-04-02 18:40:00,-0.264,-23.117,-104.748
2024-04-02 22:20:00,-1.099,-24.216,-105.847
2024-04-03 01:35:00,-1.058,-25.274,-106.905
2024-04-03 14:10:00,-1.091,-26.365,-107.996
2024-04-03 23:35:00,0.455,-25.91,-107.541
2024-04-04 10:30:00,-0.905,-26.815,-108.446
2024-04-04 20:05:00,-1.092,-27.907,-109.538
2024-04-05 04:10:00,-0.105,-28.012,-109.643
2024-04-05 13:20:00,0.116,-27.896,-109.527
2024-04-05 23:10:00,-1.217,-29.113,-110.744
2024-04-06 00:30:00,-1.193,-30.306,-111.937
2024-04-06 11:55:00,-1.2,-31.506,-113.137
2024-04-06 16:05:00,-1.17,-32.676,-114.307
2024-04-07 00:10:00,0.416,-32.26,-113.891
2024-04-07 09:20:00,0.318,-31.942,-113.573
2024-04-07 18:05:00,-1.137,-33.079,-114.71
2024-04-07 22:00:00,-1.184,-34.263,-115.894
2024-04-08 02:45:00,-1.126,-35.389,-117.02
2024-04-08 07:35:00,2.265,-33.124,-114.755
2024-04-08 15:40:00,1.369,-31.755,-113.386
2024-04-09 01:05:00,-1.152,-32.907,-114.538
2024-04-09 06:35:00,-1.138,-34.045,-115.676
2024-04-09 14:30:00,-1.09,-35.135,-116.766
2024-04-09 22:35:00,0.42,-34.715,-116.346
2024-04-10 02:40:00,2.389,-32.326,-113.957
2024-04-10 10:45:00,0.287,-32.039,-113.67
2024-04-10 20:40:00,-0.812,-32.851,-114.482
2024-04-11 02:45:00,-1.103,-33.954,-115.585
2024-04-11 06:05:00,-1.103,-35.057,-116.688
2024-04-11 17:50:00,0.946,-34.111,-115.742
2024-04-12 08:15:00,-1.11,-35.221,-116.852
2024-04-12 10:35:00,-1.196,-36.417,-118.048
2024-04-12 12:15:00,-1.158,-37.575,-119.206
2024-04-12 16:15:00,2.425,-35.15,-116.781
2024-04-12 17:25:00,2.434,-32.716,-114.347
2024-04-12 18:35:00,2.483,-30.233,-111.864
2024-04-13 02:40:00,-0.314,-30.547,-112.178
2024-04-13 11:05:00,-1.077,-31.624,-113.255
2024-04-13 16:45:00,2.421,-29.203,-110.834
2024-04-13 19:55:00,2.471,-26.732,-108.363
2024-04-14 04:00:00,0.078,-26.654,-108.285
2024-04-14 19:25:00,0.278,-26.376,-108.007
2024-04-14 22:00:00,-1.078,-27.454,-109.085
2024-04-15 13:40:00,1.731,-25.723,-107.354
2024-04-15 18:25:00,2.457,-23.266,-104.897
2024-04-15 19:35:00,-1.053,-24.319,-105.95
2024-04-16 06:45:00,-1.048,-25.367,-106.998
2024-04-16 18:25:00,-0.011,-25.378,-107.009
2024-04-17 05:10:00,0.318,-25.06,-106.691
2024-04-17 14:20:00,2.423,-22.637,-104.268
2024-04-17 18:00:00,-1.038,-23.675,-105.306
2024-04-18 02:05:00,0.161,-23.514,-105.145
2024-04-18 06:20:00,-1.08,-24.594,-106.225
2024-04-18 11:15:00,-1.052,-25.646,-107.277
2024-04-18 12:30:00,-1.047,-26.693,-108.324
2024-04-18 22:20:00,-0.052,-26.745,-108.376
2024-04-19 00:05:00,-1.127,-27.872,-109.503
2024-04-19 01:45:00,2.428,-25.444,-107.075
2024-04-19 06:50:00,-1.025,-26.469,-108.1
2024-04-19 14:55:00,-0.069,-26.538,-108.169
2024-04-20 06:30:00,-1.04,-27.578,-109.209
2024-04-20 09:45:00,-1.154,-28.732,-110.363
2024-04-20 18:00:00,2.44,-26.292,-107.923
2024-04-21 02:05:00,-0.195,-26.487,-108.118
2024-04-22 10:25:00,2.44,-24.047,-105.678
2024-04-22 11:45:00,-1.068,-25.115,-106.746
2024-04-23 02:55:00,-1.098,-26.213,-107.844
2024-04-23 07:25:00,-1.081,-27.294,-108.925
2024-04-23 20:20:00,-1.068,-28.362,-109.993
2024-04-24 04:25:00,0.076,-28.286,-109.917
2024-04-24 12:50:00,0.066,-28.22,-109.851
2024-04-24 14:35:00,2.431,-25.789,-107.42
2024-04-24 22:40:00,0.505,-25.284,-106.915
2024-04-25 06:45:00,0.301,-24.983,-106.614
2024-04-25 15:50:00,-1.107,-26.09,-107.721
2024-04-26 01:15:00,2.392,-23.698,-105.329
2024-04-26 01:50:00,-1.063,-24.761,-106.392
2024-04-26 14:15:00,-1.061,-25.822,-107.453
2024-04-26 23:10:00,0.1,-25.722,-107.353
2024-04-27 08:45:00,0.206,-25.516,-107.147
2024-04-27 13:55:00,-1.122,-26.638,-108.269
2024-04-27 17:30:00,-1.147,-27.785,-109.416
2024-04-28 01:45:00,0.698,-27.087,-108.718
2024-04-28 09:55:00,0.232,-26.855,-108.486
2024-04-28 13:20:00,-1.178,-28.033,-109.664
2024-04-29 06:30:00,2.412,-25.621,-107.252
2024-04-29 14:35:00,-0.409,-26.03,-107.661
2024-04-29 22:30:00,-1.109,-27.139,-108.77
2024-04-30 10:00:00,0.952,-26.187,-107.818
2024-04-30 12:10:00,2.4,-23.787,-105.418
2024-04-30 20:15:00,0.458,-23.329,-104.96
2024-05-01 02:30:00,-1.077,-24.406,-106.037
2024-05-01 07:05:00,-1.107,-25.513,-107.144
2024-05-01 12:05:00,-1.037,-26.55,-108.181
2024-05-01 18:45:00,2.437,-24.113,-105.744
2024-05-02 02:50:00,-0.036,-24.149,-105.78
2024-05-02 09:15:00,2.324,-21.825,-103.456
2024-05-02 17:20:00,1.224,-20.601,-102.232
2024-05-02 18:30:00,2.402,-18.199,-99.83
2024-05-03 02:35:00,-0.129,-18.328,-99.959
2024-05-03 20:35:00,1.826,-16.502,-98.133
2024-05-04 00:00:00,-1.065,-17.567,-99.198
2024-05-04 11:50:00,-1.112,-18.679,-100.31
2024-05-04 21:05:00,-1.203,-19.882,-101.513
2024-05-05 06:45:00,0.913,-18.969,-100.6
2024-05-05 10:30:00,-1.159,-20.128,-101.759
2024-05-05 14:35:00,-1.192,-21.32,-102.951
2024-05-05 16:05:00,2.394,-18.926,-100.557
2024-05-06 00:10:00,-0.234,-19.16,-100.791
2024-05-06 08:25:00,2.367,-16.793,-98.424
2024-05-06 10:30:00,-1.094,-17.887,-99.518
2024-05-06 20:25:00,-0.119,-18.006,-99.637
2024-05-07 03:25:00,2.336,-15.67,-97.301
2024-05-07 08:15:00,-1.051,-16.721,-98.352
2024-05-07 11:45:00,-1.095,-17.816,-99.447
2024-05-07 14:55:00,-1.102,-18.918,-100.549
2024-05-07 21:45:00,2.265,-16.653,-98.284
2024-05-08 05:50:00,0.098,-16.555,-98.186
2024-05-08 07:00:00,-1.091,-17.646,-99.277
2024-05-08 13:55:00,-1.082,-18.728,-100.359
2024-05-08 22:05:00,-0.698,-19.426,-101.057
2024-05-09 15:30:00,-0.16,-19.586,-101.217
2024-05-10 03:55:00,1.123,-18.463,-100.094
2024-05-10 05:00:00,-1.126,-19.589,-101.22
2024-05-10 14:30:00,2.256,-17.333,-98.964
2024-05-10 22:25:00,2.43,-14.903,-96.534
2024-05-11 06:30:00,-0.773,-15.676,-97.307
2024-05-11 15:15:00,-1.123,-16.799,-98.43
2024-05-12 00:25:00,-1.407,-18.206,-99.837
2024-05-12 10:15:00,-1.128,-19.334,-100.965
2024-05-13 01:00:00,0.755,-18.579,-100.21
2024-05-13 07:50:00,-1.079,-19.658,-101.289
2024-05-13 15:55:00,0.516,-19.142,-100.773
2024-05-13 17:05:00,-1.117,-20.259,-101.89
2024-05-14 01:30:00,0.042,-20.217,-101.848
2024-05-14 06:10:00,2.334,-17.883,-99.514
2024-05-14 12:05:00,-1.051,-18.934,-100.565
2024-05-14 15:25:00,-1.084,-20.018,-101.649
2024-05-15 01:35:00,-0.172,-20.19,-101.821
2024-05-15 07:35:00,-1.313,-21.503,-103.134
2024-05-15 11:40:00,-1.054,-22.557,-104.188
2024-05-15 12:30:00,-1.046,-23.603,-105.234
2024-05-15 20:35:00,1.372,-22.231,-103.862
2024-05-16 02:20:00,-1.147,-23.378,-105.009
2024-05-16 22:00:00,0.299,-23.079,-104.71
2024-05-17 06:55:00,1.597,-21.482,-103.113
2024-05-17 15:05:00,0.109,-21.373,-103.004
2024-05-18 00:15:00,-0.944,-22.317,-103.948
2024-05-18 12:20:00,-1.149,-23.466,-105.097
2024-05-18 21:05:00,-0.712,-24.178,-105.809
2024-05-19 04:15:00,-1.168,-25.346,-106.977
2024-05-19 09:20:00,2.172,-23.174,-104.805
2024-05-19 10:30:00,-1.172,-24.346,-105.977
2024-05-19 19:10:00,1.496,-22.85,-104.481
2024-05-20 03:00:00,-1.122,-23.972,-105.603
2024-05-20 06:50:00,-1.083,-25.055,-106.686
2024-05-20 09:00:00,-1.044,-26.099,-107.73
2024-05-20 16:00:00,-1.114,-27.213,-108.844
2024-05-20 19:25:00,2.405,-24.808,-106.439
2024-05-21 03:30:00,1.261,-23.547,-105.178
2024-05-21 14:10:00,0.92,-22.627,-104.258
2024-05-22 04:35:00,-1.098,-23.725,-105.356
2024-05-22 09:45:00,-1.133,-24.858,-106.489
2024-05-22 15:40:00,-1.056,-25.914,-107.545
2024-05-22 18:00:00,-1.067,-26.981,-108.612
2024-05-23 00:15:00,-1.073,-28.054,-109.685
2024-05-23 08:35:00,0.027,-28.027,-109.658
2024-05-23 13:50:00,2.4,-25.627,-107.258
2024-05-23 21:55:00,0.076,-25.551,-107.182
2024-05-24 12:35:00,-1.08,-26.631,-108.262
2024-05-24 16:10:00,-1.117,-27.748,-109.379
2024-05-25 00:15:00,-0.178,-27.926,-109.557
2024-05-25 11:25:00,1.582,-26.344,-107.975
2024-05-25 15:05:00,-1.161,-27.505,-109.136
2024-05-25 23:10:00,0.754,-26.751,-108.382
2024-05-26 07:15:00,0.014,-26.737,-108.368
2024-05-26 09:35:00,-1.122,-27.859,-109.49
2024-05-26 21:05:00,0.438,-27.421,-109.052
2024-05-27 05:00:00,-1.087,-28.508,-110.139
2024-05-27 13:05:00,-1.186,-29.694,-111.325
2024-05-27 14:30:00,-1.354,-31.048,-112.679
2024-05-27 15:45:00,2.367,-28.681,-110.312
2024-05-27 23:50:00,-0.362,-29.043,-110.674
2024-05-28 12:20:00,0.93,-28.113,-109.744
2024-05-28 19:50:00,-1.153,-29.266,-110.897
2024-05-29 04:15:00,-1.128,-30.394,-112.025
2024-05-29 08:00:00,-1.054,-31.448,-113.079
2024-05-29 16:05:00,1.57,-29.878,-111.509
2024-05-30 03:25:00,-1.169,-31.047,-112.678
2024-05-30 07:50:00,2.4,-28.647,-110.278
2024-05-30 11:25:00,-1.073,-29.72,-111.351
2024-05-31 03:55:00,0.849,-28.871,-110.502
2024-05-31 07:25:00,-1.123,-29.994,-111.625
2024-05-31 22:00:00,-0.462,-30.456,-112.087
2024-05-31 23:45:00,-1.2,-31.656,-113.287
2024-06-01 07:05:00,-1.3,-32.956,-114.587
2024-06-01 17:45:00,0.444,-32.512,-114.143
2024-06-01 23:20:00,-1.253,-33.765,-115.396
2024-06-02 05:40:00,-1.219,-34.984,-116.615
2024-06-02 14:30:00,-1.123,-36.107,-117.738
2024-06-02 16:20:00,-1.2,-37.307,-118.938
2024-06-03 01:10:00,0.033,-37.274,-118.905
2024-06-03 09:25:00,0.385,-36.889,-118.52
2024-06-03 22:40:00,0.17,-36.719,-118.35
2024-06-04 07:30:00,0.577,-36.142,-117.773
2024-06-04 13:40:00,-1.113,-37.255,-118.886
2024-06-04 15:15:00,2.352,-34.903,-116.534
2024-06-04 23:20:00,-0.028,-34.931,-116.562
2024-06-05 10:15:00,-1.092,-36.023,-117.654
2024-06-05 19:10:00,-1.202,-37.225,-118.856
2024-06-06 12:05:00,-1.232,-38.457,-120.088
2024-06-06 12:40:00,-1.227,-39.684,-121.315
2024-06-06 18:05:00,-1.116,-40.8,-122.431
2024-06-07 03:30:00,1.306,-39.494,-121.125
2024-06-07 10:05:00,-1.272,-40.766,-122.397
2024-06-07 12:30:00,-1.16,-41.926,-123.557
2024-06-07 18:00:00,2.443,-39.483,-121.114
2024-06-08 02:05:00,-0.462,-39.945,-121.576
2024-06-08 05:45:00,-1.282,-41.227,-122.858
2024-06-08 11:50:00,2.364,-38.863,-120.494
2024-06-08 19:55:00,0.212,-38.651,-120.282
2024-06-09 01:55:00,-1.145,-39.796,-121.427
2024-06-09 08:35:00,-1.121,-40.917,-122.548
2024-06-09 12:45:00,-1.217,-42.134,-123.765
2024-06-09 14:55:00,-1.144,-43.278,-124.909
2024-06-10 07:45:00,2.344,-40.934,-122.565
2024-06-10 08:20:00,-1.111,-42.045,-123.676
2024-06-10 15:00:00,-1.097,-43.142,-124.773
2024-06-10 23:05:00,-0.061,-43.203,-124.834
2024-06-11 01:10:00,-1.21,-44.413,-126.044
2024-06-11 09:55:00,0.209,-44.204,-125.835
2024-06-11 17:50:00,-1.109,-45.313,-126.944
2024-06-11 22:55:00,-1.321,-46.634,-128.265
2024-06-12 02:10:00,-1.161,-47.795,-129.426
2024-06-12 13:05:00,2.408,-45.387,-127.018
2024-06-12 21:10:00,0.527,-44.86,-126.491
2024-06-13 11:05:00,0.669,-44.191,-125.822
2024-06-13 20:55:00,0.456,-43.735,-125.366
2024-06-14 05:10:00,-0.199,-43.934,-125.565
2024-06-14 11:40:00,-1.181,-45.115,-126.746
2024-06-14 15:45:00,2.416,-42.699,-124.33
2024-06-14 23:50:00,0.363,-42.336,-123.967
2024-06-15 04:00:00,-1.149,-43.485,-125.116
2024-06-15 15:15:00,-1.171,-44.656,-126.287
2024-06-15 23:10:00,-1.141,-45.797,-127.428
2024-06-16 06:00:00,-1.128,-46.925,-128.556
2024-06-16 11:30:00,-1.185,-48.11,-129.741
2024-06-16 15:45:00,2.303,-45.807,-127.438
2024-06-16 23:50:00,0.881,-44.926,-126.557
2024-06-17 10:05:00,2.391,-42.535,-124.166
2024-06-17 18:10:00,-0.715,-43.25,-124.881
2024-06-18 01:40:00,2.451,-40.799,-122.43
2024-06-18 09:45:00,-0.69,-41.489,-123.12
2024-06-18 19:30:00,1.713,-39.776,-121.407
2024-06-19 11:35:00,-1.11,-40.886,-122.517
2024-06-19 19:40:00,0.508,-40.378,-122.009
2024-06-19 20:30:00,-1.138,-41.516,-123.147
2024-06-20 01:10:00,-1.105,-42.621,-124.252
2024-06-20 13:10:00,-0.836,-43.457,-125.088
2024-06-20 21:20:00,0.8,-42.657,-124.288
2024-06-21 00:15:00,2.312,-40.345,-121.976
2024-06-21 01:25:00,-1.092,-41.437,-123.068
2024-06-21 11:50:00,-1.096,-42.533,-124.164
2024-06-22 01:25:00,0.056,-42.477,-124.108
2024-06-22 13:30:00,2.363,-40.114,-121.745
2024-06-22 15:20:00,-1.106,-41.22,-122.851
2024-06-23 01:00:00,-1.13,-42.35,-123.981
2024-06-23 05:30:00,-1.322,-43.672,-125.303
2024-06-23 11:00:00,-1.142,-44.814,-126.445
2024-06-23 20:30:00,2.342,-42.472,-124.103
2024-06-24 02:25:00,-1.062,-43.534,-125.165
2024-06-24 03:10:00,-1.134,-44.668,-126.299
2024-06-24 09:30:00,2.42,-42.248,-123.879
2024-06-24 13:25:00,-1.035,-43.283,-124.914
2024-06-24 15:35:00,-1.071,-44.354,-125.985
2024-06-24 17:15:00,-1.048,-45.402,-127.033
2024-06-25 03:35:00,2.362,-43.04,-124.671
2024-06-25 08:05:00,-1.096,-44.136,-125.767
2024-06-25 18:00:00,0.526,-43.61,-125.241
2024-06-26 03:25:00,-1.183,-44.793,-126.424
2024-06-26 14:35:00,0.723,-44.07,-125.701
2024-06-26 23:20:00,-1.103,-45.173,-126.804
2024-06-27 05:30:00,2.286,-42.887,-124.518
2024-06-27 06:15:00,-1.145,-44.032,-125.663
2024-06-27 13:10:00,2.418,-41.614,-123.245
2024-06-27 21:15:00,1.932,-39.682,-121.313
2024-06-28 11:15:00,2.347,-37.335,-118.966
2024-06-28 14:50:00,-1.083,-38.418,-120.049
2024-06-29 08:35:00,-0.838,-39.256,-120.887
2024-06-29 14:20:00,2.255,-37.001,-118.632
2024-06-29 22:25:00,0.298,-36.703,-118.334
2024-06-30 06:55:00,-1.142,-37.845,-119.476
2024-06-30 15:05:00,0.242,-37.603,-119.234
2024-06-30 23:45:00,0.836,-36.767,-118.398
2024-07-01 09:15:00,0.268,-36.499,-118.13
2024-07-01 14:10:00,-1.095,-37.594,-119.225
2024-07-01 23:30:00,-0.235,-37.829,-119.46
2024-07-02 09:40:00,-1.099,-38.928,-120.559
2024-07-02 14:40:00,-1.075,-40.003,-121.634
2024-07-03 02:20:00,-0.538,-40.541,-122.172
2024-07-03 10:20:00,2.42,-38.121,-119.752
2024-07-03 18:25:00,0.482,-37.639,-119.27
2024-07-04 01:40:00,2.414,-35.225,-116.856
2024-07-04 09:45:00,0.2,-35.025,-116.656
2024-07-04 15:50:00,-1.078,-36.103,-117.734
2024-07-04 21:20:00,-1.079,-37.182,-118.813
2024-07-05 00:00:00,2.427,-34.755,-116.386
2024-07-05 08:05:00,0.32,-34.435,-116.066
2024-07-05 23:10:00,-0.276,-34.711,-116.342
2024-07-06 00:35:00,-1.156,-35.867,-117.498
2024-07-06 06:20:00,-1.038,-36.905,-118.536
2024-07-06 14:25:00,0.641,-36.264,-117.895
2024-07-06 23:35:00,1.49,-34.774,-116.405
2024-07-07 03:10:00,-1.098,-35.872,-117.503
2024-07-07 12:40:00,-1.059,-36.931,-118.562
2024-07-07 22:05:00,0.457,-36.474,-118.105
2024-07-08 01:10:00,2.431,-34.043,-115.674
2024-07-08 02:40:00,-1.035,-35.078,-116.709
2024-07-08 14:30:00,-1.04,-36.118,-117.749
2024-07-08 22:35:00,-0.292,-36.41,-118.041
2024-07-09 01:10:00,-1.096,-37.506,-119.137
2024-07-09 05:45:00,-1.051,-38.557,-120.188
2024-07-09 13:50:00,0.094,-38.463,-120.094
2024-07-09 23:50:00,-0.433,-38.896,-120.527
2024-07-10 07:45:00,-1.15,-40.046,-121.677
2024-07-10 15:40:00,-1.096,-41.142,-122.773
2024-07-10 17:30:00,-1.087,-42.229,-123.86
2024-07-10 23:40:00,-1.151,-43.38,-125.011
2024-07-11 00:35:00,-1.14,-44.52,-126.151
2024-07-11 06:55:00,-1.088,-45.608,-127.239
2024-07-11 12:30:00,2.275,-43.333,-124.964
2024-07-11 14:20:00,-1.067,-44.4,-126.031
2024-07-11 21:25:00,2.41,-41.99,-123.621
2024-07-12 05:30:00,0.352,-41.638,-123.269
2024-07-12 10:20:00,2.19,-39.448,-121.079
2024-07-12 12:50:00,-1.1,-40.548,-122.179
2024-07-12 22:05:00,1.338,-39.21,-120.841
2024-07-13 05:20:00,2.352,-36.858,-118.489
2024-07-13 13:25:00,0.278,-36.58,-118.211
2024-07-13 22:20:00,-1.148,-37.728,-119.359
2024-07-14 12:30:00,-1.158,-38.886,-120.517
2024-07-14 23:45:00,1.268,-37.618,-119.249
2024-07-15 08:30:00,1.043,-36.575,-118.206
2024-07-15 23:50:00,2.384,-34.191,-115.822
2024-07-16 03:15:00,-1.093,-35.284,-116.915
2024-07-16 13:40:00,0.299,-34.985,-116.616
2024-07-16 22:45:00,-0.35,-35.335,-116.966
2024-07-17 08:35:00,1.536,-33.799,-115.43
2024-07-17 23:55:00,1.383,-32.416,-114.047
2024-07-18 08:20:00,-1.058,-33.474,-115.105
2024-07-18 16:25:00,0.903,-32.571,-114.202
2024-07-19 03:30:00,-1.089,-33.66,-115.291
2024-07-19 12:50:00,-1.064,-34.724,-116.355
2024-07-19 21:40:00,1.798,-32.926,-114.557
2024-07-20 13:15:00,2.234,-30.692,-112.323
2024-07-20 22:40:00,-0.048,-30.74,-112.371
2024-07-21 04:55:00,-1.184,-31.924,-113.555
2024-07-21 14:05:00,2.284,-29.64,-111.271
2024-07-21 18:05:00,-1.084,-30.724,-112.355
2024-07-21 20:15:00,-1.037,-31.761,-113.392
2024-07-22 04:25:00,0.006,-31.755,-113.386
2024-07-22 06:35:00,2.335,-29.42,-111.051
2024-07-22 11:55:00,-1.076,-30.496,-112.127
2024-07-22 12:10:00,-1.202,-31.698,-113.329
2024-07-22 13:45:00,-1.14,-32.838,-114.469
2024-07-22 21:50:00,1.043,-31.795,-113.426
2024-07-23 06:05:00,1.217,-30.578,-112.209
2024-07-23 08:25:00,-1.15,-31.728,-113.359
2024-07-23 16:25:00,2.361,-29.367,-110.998
2024-07-24 00:30:00,-0.152,-29.519,-111.15
2024-07-24 19:00:00,2.351,-27.168,-108.799
2024-07-25 01:05:00,2.418,-24.75,-106.381
2024-07-25 09:10:00,-0.896,-25.646,-107.277
2024-07-25 14:35:00,-1.099,-26.745,-108.376
2024-07-25 23:55:00,-1.052,-27.797,-109.428
2024-07-26 10:55:00,1.306,-26.491,-108.122
2024-07-26 14:00:00,-1.096,-27.587,-109.218
2024-07-26 22:35:00,-0.756,-28.343,-109.974
2024-07-27 01:00:00,-1.311,-29.654,-111.285
2024-07-27 05:20:00,-1.214,-30.868,-112.499
2024-07-27 13:25:00,1.374,-29.494,-111.125
2024-07-27 14:45:00,-1.106,-30.6,-112.231
2024-07-27 23:10:00,-0.275,-30.875,-112.506
2024-07-28 04:55:00,2.254,-28.621,-110.252
2024-07-28 13:00:00,-0.59,-29.211,-110.842
2024-07-28 22:15:00,0.38,-28.831,-110.462
2024-07-28 23:20:00,-1.327,-30.158,-111.789
2024-07-29 10:25:00,1.093,-29.065,-110.696
2024-07-29 21:15:00,2.39,-26.675,-108.306
2024-07-30 01:10:00,-1.151,-27.826,-109.457
2024-07-31 01:10:00,1.189,-26.637,-108.268
2024-07-31 05:50:00,-1.092,-27.729,-109.36
2024-07-31 22:55:00,0.761,-26.968,-108.599
2024-08-01 11:05:00,-0.175,-27.143,-108.774
2024-08-01 14:45:00,2.354,-24.789,-106.42
2024-08-01 22:50:00,-0.924,-25.713,-107.344
2024-08-02 06:25:00,2.397,-23.316,-104.947
2024-08-02 07:40:00,-1.057,-24.373,-106.004
2024-08-02 13:30:00,-1.097,-25.47,-107.101
2024-08-02 22:40:00,0.93,-24.54,-106.171
2024-08-03 04:30:00,-1.052,-25.592,-107.223
2024-08-03 14:35:00,-1.117,-26.709,-108.34
2024-08-03 16:05:00,2.389,-24.32,-105.951
2024-08-04 00:10:00,-0.033,-24.353,-105.984
2024-08-04 12:00:00,2.375,-21.978,-103.609
2024-08-04 17:00:00,2.445,-19.533,-101.164
2024-08-04 19:20:00,-1.048,-20.581,-102.212
2024-08-05 00:55:00,2.444,-18.137,-99.768
2024-08-05 05:10:00,2.481,-15.656,-97.287
2024-08-05 13:15:00,0.31,-15.346,-96.977
2024-08-05 23:05:00,-1.034,-16.38,-98.011
2024-08-06 08:30:00,-1.067,-17.447,-99.078
2024-08-06 14:10:00,-1.048,-18.495,-100.126
2024-08-06 22:15:00,0.811,-17.684,-99.315
2024-08-07 10:35:00,-0.063,-17.747,-99.378
2024-08-07 10:55:00,-1.172,-18.919,-100.55
2024-08-07 14:15:00,-1.051,-19.97,-101.601
2024-08-07 22:20:00,-1.046,-21.016,-102.647
2024-08-08 09:45:00,0.122,-20.894,-102.525
2024-08-08 21:20:00,0.385,-20.509,-102.14
2024-08-09 06:00:00,-0.423,-20.932,-102.563
2024-08-09 22:05:00,-0.61,-21.542,-103.173
2024-08-10 07:20:00,-1.153,-22.695,-104.326
2024-08-10 09:20:00,-1.211,-23.906,-105.537
2024-08-10 11:35:00,-1.148,-25.054,-106.685
2024-08-11 04:15:00,-1.204,-26.258,-107.889
2024-08-11 11:00:00,-1.183,-27.441,-109.072
2024-08-11 14:45:00,2.385,-25.056,-106.687
2024-08-11 20:35:00,2.395,-22.661,-104.292
2024-08-12 04:40:00,-0.098,-22.759,-104.39
2024-08-12 07:30:00,-1.12,-23.879,-105.51
2024-08-12 13:45:00,-1.067,-24.946,-106.577
2024-08-12 14:35:00,-1.039,-25.985,-107.616
2024-08-12 22:40:00,-0.692,-26.677,-108.308
2024-08-13 09:15:00,2.351,-24.326,-105.957
2024-08-13 14:15:00,-1.083,-25.409,-107.04
2024-08-14 00:20:00,-0.022,-25.431,-107.062
2024-08-14 09:25:00,-0.869,-26.3,-107.931
2024-08-14 21:50:00,0.484,-25.816,-107.447
2024-08-15 04:25:00,-1.16,-26.976,-108.607
2024-08-15 11:25:00,-1.155,-28.131,-109.762
2024-08-15 16:40:00,-1.127,-29.258,-110.889
2024-08-15 20:55:00,2.424,-26.834,-108.465
2024-08-15 22:35:00,-1.234,-28.068,-109.699
2024-08-16 02:30:00,-1.111,-29.179,-110.81
2024-08-16 12:30:00,2.389,-26.79,-108.421
2024-08-16 13:30:00,-1.049,-27.839,-109.47
2024-08-17 06:40:00,-0.328,-28.167,-109.798
2024-08-17 20:50:00,0.923,-27.244,-108.875
2024-08-17 23:20:00,-1.354,-28.598,-110.229
2024-08-18 08:30:00,-0.794,-29.392,-111.023
2024-08-18 18:10:00,-0.109,-29.501,-111.132
2024-08-18 23:50:00,-1.045,-30.546,-112.177
2024-08-19 08:05:00,-0.29,-30.836,-112.467
2024-08-19 11:55:00,-1.082,-31.918,-113.549
2024-08-19 20:00:00,0.91,-31.008,-112.639
2024-08-20 08:30:00,0.013,-30.995,-112.626
2024-08-20 14:10:00,-1.116,-32.111,-113.742
2024-08-21 02:25:00,0.368,-31.743,-113.374
2024-08-21 10:35:00,-0.427,-32.17,-113.801
2024-08-21 20:00:00,2.427,-29.743,-111.374
2024-08-21 23:30:00,-1.059,-30.802,-112.433
2024-08-22 07:50:00,-1.479,-32.281,-113.912
2024-08-22 14:45:00,-1.123,-33.404,-115.035
2024-08-23 00:10:00,2.275,-31.129,-112.76
2024-08-23 08:15:00,0.775,-30.354,-111.985
2024-08-23 09:10:00,-1.175,-31.529,-113.16
2024-08-23 14:45:00,-1.106,-32.635,-114.266
2024-08-24 01:45:00,0.472,-32.163,-113.794
2024-08-24 09:55:00,2.227,-29.936,-111.567
2024-08-24 18:00:00,0.883,-29.053,-110.684
2024-08-24 21:05:00,-1.08,-30.133,-111.764
2024-08-25 07:40:00,2.368,-27.765,-109.396
2024-08-25 13:20:00,-1.049,-28.814,-110.445
2024-08-25 22:20:00,-0.124,-28.938,-110.569
2024-08-26 10:10:00,0.421,-28.517,-110.148
2024-08-26 20:05:00,2.417,-26.1,-107.731
2024-08-27 00:40:00,-1.086,-27.186,-108.817
2024-08-27 10:35:00,2.344,-24.842,-106.473
2024-08-27 18:40:00,-0.837,-25.679,-107.31
2024-08-27 21:35:00,2.366,-23.313,-104.944
2024-08-28 05:40:00,0.427,-22.886,-104.517
2024-08-28 09:25:00,-1.116,-24.002,-105.633
2024-08-28 22:50:00,0.927,-23.075,-104.706
2024-08-29 16:30:00,-1.184,-24.259,-105.89
2024-08-29 22:05:00,2.423,-21.836,-103.467
2024-08-29 22:40:00,-1.091,-22.927,-104.558
2024-08-30 14:50:00,2.348,-20.579,-102.21
2024-08-30 22:55:00,-0.71,-21.289,-102.92
2024-08-31 08:20:00,-0.458,-21.747,-103.378
2024-08-31 11:15:00,-1.19,-22.937,-104.568
2024-08-31 18:30:00,-1.11,-24.047,-105.678
2024-09-01 09:50:00,0.785,-23.262,-104.893
2024-09-01 11:35:00,-1.271,-24.533,-106.164
2024-09-01 15:45:00,-1.084,-25.617,-107.248
2024-09-01 18:20:00,-1.072,-26.689,-108.32
2024-09-01 22:30:00,2.343,-24.346,-105.977
2024-09-02 06:35:00,-0.346,-24.692,-106.323
2024-09-02 08:20:00,-1.086,-25.778,-107.409
2024-09-02 18:05:00,-0.237,-26.015,-107.646
2024-09-03 02:00:00,2.328,-23.687,-105.318
2024-09-03 10:10:00,-0.156,-23.843,-105.474
2024-09-03 13:30:00,-1.102,-24.945,-106.576
2024-09-03 21:35:00,1.396,-23.549,-105.18
2024-09-04 01:00:00,2.402,-21.147,-102.778
2024-09-04 09:05:00,-0.883,-22.03,-103.661
2024-09-04 14:50:00,-1.172,-23.202,-104.833
2024-09-04 22:55:00,-0.073,-23.275,-104.906
2024-09-05 03:35:00,2.372,-20.903,-102.534
2024-09-05 08:00:00,-1.07,-21.973,-103.604
2024-09-05 13:35:00,-1.16,-23.133,-104.764
2024-09-05 23:05:00,-0.149,-23.282,-104.913
2024-09-06 07:20:00,2.351,-20.931,-102.562
2024-09-06 12:30:00,-1.049,-21.98,-103.611
2024-09-06 14:00:00,-1.09,-23.07,-104.701
2024-09-06 22:05:00,0.661,-22.409,-104.04
2024-09-07 05:05:00,2.288,-20.121,-101.752
2024-09-07 13:10:00,0.326,-19.795,-101.426
2024-09-07 15:25:00,2.232,-17.563,-99.194
2024-09-07 22:35:00,-1.082,-18.645,-100.276
2024-09-08 09:20:00,1.012,-17.633,-99.264
2024-09-08 12:30:00,-1.393,-19.026,-100.657
2024-09-09 01:20:00,0.235,-18.791,-100.422
2024-09-09 14:35:00,0.21,-18.581,-100.212
2024-09-10 00:15:00,0.846,-17.735,-99.366
2024-09-10 08:55:00,-1.133,-18.868,-100.499
2024-09-10 12:55:00,-1.264,-20.132,-101.763
2024-09-10 17:10:00,-1.102,-21.234,-102.865
2024-09-11 01:30:00,-1.127,-22.361,-103.992
2024-09-11 11:10:00,1.101,-21.26,-102.891
2024-09-11 22:00:00,-0.851,-22.111,-103.742
2024-09-12 07:10:00,0.502,-21.609,-103.24
2024-09-12 14:30:00,2.299,-19.31,-100.941
2024-09-12 22:35:00,0.309,-19.001,-100.632
2024-09-13 10:35:00,0.289,-18.712,-100.343
2024-09-13 11:55:00,-1.218,-19.93,-101.561
2024-09-13 17:00:00,2.385,-17.545,-99.176
2024-09-14 01:05:00,-0.889,-18.434,-100.065
2024-09-14 04:45:00,-1.276,-19.71,-101.341
2024-09-14 21:05:00,0.687,-19.023,-100.654
2024-09-15 02:20:00,2.24,-16.783,-98.414
2024-09-15 10:25:00,1.008,-15.775,-97.406
2024-09-15 16:55:00,-1.084,-16.859,-98.49
2024-09-16 01:50:00,2.401,-14.458,-96.089
2024-09-16 09:55:00,0.004,-14.454,-96.085
2024-09-16 20:55:00,2.278,-12.176,-93.807
2024-09-17 05:00:00,-0.333,-12.509,-94.14
2024-09-17 14:10:00,-1.12,-13.629,-95.26
2024-09-18 02:50:00,0.976,-12.653,-94.284
2024-09-18 10:10:00,2.348,-10.305,-91.936
2024-09-18 18:15:00,-0.459,-10.764,-92.395
2024-09-19 00:00:00,2.343,-8.421,-90.052
2024-09-19 08:05:00,0.303,-8.118,-89.749
2024-09-19 20:20:00,1.069,-7.049,-88.68
2024-09-20 04:50:00,2.391,-4.658,-86.289
2024-09-20 12:55:00,-0.784,-5.442,-87.073
2024-09-20 22:30:00,-1.083,-6.525,-88.156
2024-09-21 04:35:00,-1.193,-7.718,-89.349
2024-09-21 16:00:00,2.366,-5.352,-86.983
2024-09-22 00:05:00,1.077,-4.275,-85.906
2024-09-22 00:25:00,-1.136,-5.411,-87.042
2024-09-22 09:25:00,-1.125,-6.536,-88.167
2024-09-22 18:35:00,0.185,-6.351,-87.982
2024-09-23 01:05:00,-1.067,-7.418,-89.049
2024-09-23 09:35:00,-0.023,-7.441,-89.072
2024-09-23 23:30:00,0.218,-7.223,-88.854
2024-09-24 00:40:00,-1.175,-8.398,-90.029
2024-09-24 11:45:00,1.357,-7.041,-88.672
2024-09-24 14:00:00,-1.101,-8.142,-89.773
2024-09-25 01:40:00,1.168,-6.974,-88.605
2024-09-25 04:30:00,-1.184,-8.158,-89.789
2024-09-25 18:40:00,1.484,-6.674,-88.305
2024-09-26 03:15:00,-1.128,-7.802,-89.433
2024-09-26 05:25:00,2.349,-5.453,-87.084
2024-09-26 13:30:00,0.482,-4.971,-86.602
2024-09-26 17:35:00,-1.105,-6.076,-87.707
2024-09-27 08:20:00,0.729,-5.347,-86.978
2024-09-27 19:40:00,-1.103,-6.45,-88.081
2024-09-28 04:10:00,-1.121,-7.571,-89.202
2024-09-28 14:05:00,0.605,-6.966,-88.597
2024-09-28 17:25:00,-1.169,-8.135,-89.766
2024-09-29 00:20:00,-1.171,-9.306,-90.937
2024-09-29 02:10:00,-1.179,-10.485,-92.116
2024-09-29 14:20:00,0.09,-10.395,-92.026
2024-09-29 23:25:00,-1.107,-11.502,-93.133
2024-09-30 07:30:00,0.588,-10.914,-92.545
2024-09-30 15:40:00,2.403,-8.511,-90.142
2024-09-30 23:30:00,2.397,-6.114,-87.745
2024-10-01 01:25:00,-1.063,-7.177,-88.808
2024-10-01 13:30:00,2.327,-4.85,-86.481
2024-10-01 15:05:00,2.439,-2.411,-84.042
2024-10-01 23:10:00,0.295,-2.116,-83.747
2024-10-02 00:30:00,-1.12,-3.236,-84.867
2024-10-02 06:35:00,-1.112,-4.348,-85.979
2024-10-02 17:40:00,1.077,-3.271,-84.902
2024-10-03 01:40:00,-1.089,-4.36,-85.991
2024-10-03 09:00:00,2.389,-1.971,-83.602
2024-10-03 10:55:00,-1.054,-3.025,-84.656
2024-10-03 13:25:00,-1.127,-4.152,-85.783
2024-10-04 04:30:00,-1.105,-5.257,-86.888
2024-10-04 07:10:00,-1.148,-6.405,-88.036
2024-10-04 16:30:00,-1.076,-7.481,-89.112
2024-10-05 02:50:00,-1.16,-8.641,-90.272
2024-10-05 05:35:00,-1.118,-9.759,-91.39
2024-10-05 13:40:00,-0.838,-10.597,-92.228
2024-10-05 20:05:00,2.299,-8.298,-89.929
2024-10-05 22:20:00,-1.129,-9.427,-91.058
2024-10-06 09:45:00,-1.201,-10.628,-92.259
2024-10-06 20:10:00,0.987,-9.641,-91.272
2024-10-07 02:00:00,2.334,-7.307,-88.938
2024-10-07 09:10:00,-1.126,-8.433,-90.064
2024-10-07 14:15:00,-1.079,-9.512,-91.143
2024-10-07 18:45:00,-1.064,-10.576,-92.207
2024-10-08 02:50:00,-0.055,-10.631,-92.262
2024-10-08 13:25:00,0.416,-10.215,-91.846
2024-10-09 01:30:00,-1.095,-11.31,-92.941
2024-10-09 07:10:00,-1.112,-12.422,-94.053
2024-10-09 15:15:00,0.058,-12.364,-93.995
2024-10-09 20:50:00,2.335,-10.029,-91.66
2024-10-10 02:20:00,-1.059,-11.088,-92.719
2024-10-10 11:55:00,-1.128,-12.216,-93.847
2024-10-10 16:00:00,-1.104,-13.32,-94.951
2024-10-10 20:10:00,-1.078,-14.398,-96.029
2024-10-11 05:55:00,0.75,-13.648,-95.279
2024-10-11 08:55:00,-1.242,-14.89,-96.521
2024-10-11 17:55:00,1.622,-13.268,-94.899
2024-10-11 23:45:00,-1.16,-14.428,-96.059
2024-10-12 03:20:00,-1.145,-15.573,-97.204
2024-10-12 09:15:00,2.159,-13.414,-95.045
2024-10-12 15:05:00,2.206,-11.208,-92.839
2024-10-13 01:00:00,-1.226,-12.434,-94.065
2024-10-13 05:10:00,-1.165,-13.599,-95.23
2024-10-13 11:10:00,-1.204,-14.803,-96.434
2024-10-13 15:30:00,2.356,-12.447,-94.078
2024-10-13 22:10:00,-1.06,-13.507,-95.138
2024-10-14 03:15:00,-1.108,-14.615,-96.246
2024-10-14 11:30:00,0.931,-13.684,-95.315
2024-10-14 22:15:00,0.716,-12.968,-94.599
2024-10-15 06:45:00,0.611,-12.357,-93.988
2024-10-15 10:35:00,2.379,-9.978,-91.609
2024-10-15 11:15:00,-1.08,-11.058,-92.689
2024-10-15 23:40:00,-1.103,-12.161,-93.792
2024-10-16 01:05:00,-1.147,-13.308,-94.939
2024-10-16 15:05:00,0.315,-12.993,-94.624
2024-10-17 07:50:00,1.569,-11.424,-93.055
2024-10-17 16:15:00,0.185,-11.239,-92.87
2024-10-18 01:45:00,-1.062,-12.301,-93.932
2024-10-18 09:00:00,-1.206,-13.507,-95.138
2024-10-18 15:00:00,-1.247,-14.754,-96.385
2024-10-18 23:05:00,0.723,-14.031,-95.662
2024-10-19 01:20:00,2.364,-11.667,-93.298
2024-10-19 09:25:00,0.208,-11.459,-93.09
2024-10-19 22:35:00,1.19,-10.269,-91.9
2024-10-20 00:30:00,-1.293,-11.562,-93.193
2024-10-20 12:25:00,0.171,-11.391,-93.022
2024-10-20 21:50:00,0.789,-10.602,-92.233
2024-10-21 02:45:00,-1.116,-11.718,-93.349
2024-10-21 06:50:00,-1.133,-12.851,-94.482
2024-10-21 20:45:00,0.844,-12.007,-93.638
2024-10-22 01:25:00,-1.08,-13.087,-94.718
2024-10-22 13:05:00,2.375,-10.712,-92.343
2024-10-22 21:10:00,-0.297,-11.009,-92.64
2024-10-23 03:20:00,2.284,-8.725,-90.356
2024-10-23 06:35:00,-1.095,-9.82,-91.451
2024-10-23 15:20:00,1.765,-8.055,-89.686
2024-10-23 23:25:00,-0.402,-8.457,-90.088
2024-10-24 15:05:00,0.253,-8.204,-89.835
2024-10-25 04:10:00,2.319,-5.885,-87.516
2024-10-25 12:15:00,-0.669,-6.554,-88.185
2024-10-25 13:55:00,-1.131,-7.685,-89.316
2024-10-25 23:20:00,2.443,-5.242,-86.873
2024-10-26 07:25:00,-0.682,-5.924,-87.555
2024-10-26 11:45:00,-1.173,-7.097,-88.728
2024-10-26 20:25:00,-1.143,-8.24,-89.871
2024-10-27 04:15:00,-1.205,-9.445,-91.076
2024-10-27 12:20:00,-1.216,-10.661,-92.292
2024-10-27 21:25:00,0.723,-9.938,-91.569
2024-10-28 03:45:00,-1.221,-11.159,-92.79
2024-10-28 15:00:00,-1.099,-12.258,-93.889
2024-10-28 22:05:00,-1.077,-13.335,-94.966
2024-10-29 06:10:00,0.174,-13.161,-94.792
2024-10-29 20:25:00,-1.074,-14.235,-95.866
2024-10-30 08:55:00,-1.103,-15.338,-96.969
2024-10-30 14:00:00,-1.127,-16.465,-98.096
2024-10-30 22:05:00,-0.038,-16.503,-98.134
2024-10-31 12:35:00,2.177,-14.326,-95.957
2024-10-31 14:00:00,2.379,-11.947,-93.578
2024-10-31 22:05:00,0.266,-11.681,-93.312
2024-11-01 04:30:00,-1.108,-12.789,-94.42
2024-11-01 12:40:00,-1.078,-13.867,-95.498
2024-11-01 23:40:00,0.08,-13.787,-95.418
2024-11-02 06:00:00,-1.155,-14.942,-96.573
2024-11-02 18:30:00,0.395,-14.547,-96.178
2024-11-03 02:50:00,2.415,-12.132,-93.763
2024-11-03 10:55:00,-0.104,-12.236,-93.867
2024-11-03 14:20:00,2.388,-9.848,-91.479
2024-11-03 16:05:00,-1.061,-10.909,-92.54
2024-11-04 01:15:00,-1.199,-12.108,-93.739
2024-11-04 13:00:00,-1.127,-13.235,-94.866
2024-11-05 02:10:00,-1.067,-14.302,-95.933
2024-11-05 11:30:00,0.783,-13.519,-95.15
2024-11-05 14:50:00,2.313,-11.206,-92.837
2024-11-05 19:50:00,-1.082,-12.288,-93.919
2024-11-06 03:35:00,2.436,-9.852,-91.483
2024-11-06 11:40:00,0.14,-9.712,-91.343
2024-11-07 06:55:00,-0.513,-10.225,-91.856
2024-11-07 13:50:00,-1.119,-11.344,-92.975
2024-11-08 00:05:00,0.402,-10.942,-92.573
2024-11-08 03:00:00,-1.059,-12.001,-93.632
2024-11-08 06:40:00,2.364,-9.637,-91.268
2024-11-08 14:45:00,0.389,-9.248,-90.879
2024-11-09 13:55:00,0.546,-8.702,-90.333
2024-11-09 17:10:00,-1.128,-9.83,-91.461
2024-11-09 21:30:00,2.397,-7.433,-89.064
2024-11-10 03:25:00,2.446,-4.987,-86.618
2024-11-10 05:35:00,2.445,-2.542,-84.173
2024-11-10 13:40:00,1.71,-0.832,-82.463
2024-11-10 15:05:00,-1.038,-1.87,-83.501
2024-11-10 20:05:00,-1.035,-2.905,-84.536
2024-11-11 03:20:00,-1.069,-3.974,-85.605
2024-11-11 18:25:00,1.916,-2.058,-83.689
2024-11-11 23:40:00,2.459,0.401,-81.23
2024-11-12 07:45:00,-0.277,0.124,-81.507
2024-11-12 09:45:00,-1.049,-0.925,-82.556
2024-11-12 21:15:00,-1.056,-1.981,-83.612
2024-11-12 23:20:00,-1.054,-3.035,-84.666
2024-11-13 03:55:00,2.43,-0.605,-82.236
2024-11-13 12:00:00,-0.149,-0.754,-82.385
2024-11-13 19:15:00,-1.046,-1.8,-83.431
2024-11-14 03:20:00,0.241,-1.559,-83.19
2024-11-14 07:00:00,-1.087,-2.646,-84.277
2024-11-14 14:40:00,2.429,-0.217,-81.848
2024-11-14 22:45:00,-0.081,-0.298,-81.929
2024-11-15 07:00:00,-0.444,-0.742,-82.373
2024-11-15 15:00:00,-1.113,-1.855,-83.486
2024-11-15 17:40:00,-1.033,-2.888,-84.519
2024-11-16 05:35:00,1.908,-0.98,-82.611
2024-11-16 10:50:00,2.412,1.432,-80.199
2024-11-16 18:20:00,2.45,3.882,-77.749
2024-11-17 02:05:00,-1.03,2.852,-78.779
2024-11-17 09:30:00,-1.05,1.802,-79.829
2024-11-17 18:15:00,-1.094,0.708,-80.923
2024-11-18 01:10:00,-1.054,-0.346,-81.977
2024-11-18 09:15:00,0.818,0.472,-81.159
2024-11-18 19:20:00,-1.059,-0.587,-82.218
2024-11-19 05:45:00,-0.373,-0.96,-82.591
2024-11-19 11:40:00,-1.104,-2.064,-83.695
2024-11-19 13:50:00,-1.074,-3.138,-84.769
2024-11-19 20:25:00,-1.074,-4.212,-85.843
2024-11-20 04:45:00,0.508,-3.704,-85.335
2024-11-20 14:05:00,1.021,-2.683,-84.314
2024-11-21 00:35:00,0.228,-2.455,-84.086
2024-11-21 10:10:00,0.151,-2.304,-83.935
2024-11-21 11:40:00,-1.048,-3.352,-84.983
2024-11-21 20:10:00,0.706,-2.646,-84.277
2024-11-22 01:15:00,2.381,-0.265,-81.896
2024-11-22 09:20:00,-0.08,-0.345,-81.976
2024-11-22 13:25:00,-1.04,-1.385,-83.016
2024-11-22 23:40:00,1.62,0.235,-81.396
2024-11-23 03:50:00,2.464,2.699,-78.932
2024-11-23 11:55:00,2.167,4.866,-76.765
2024-11-23 15:25:00,2.475,7.341,-74.29
2024-11-23 23:30:00,-0.574,6.767,-74.864
2024-11-24 00:30:00,2.481,9.248,-72.383
2024-11-24 08:35:00,-0.634,8.614,-73.017
2024-11-25 01:20:00,-1.034,7.58,-74.051
2024-11-25 06:00:00,2.446,10.026,-71.605
2024-11-25 13:00:00,-1.028,8.998,-72.633
2024-11-26 05:45:00,-0.375,8.623,-73.008
2024-11-26 11:25:00,2.459,11.082,-70.549
2024-11-26 14:35:00,-1.023,10.059,-71.572
2024-11-26 20:45:00,-1.029,9.03,-72.601
2024-11-27 04:20:00,-1.03,8.0,-73.631
2024-11-27 15:50:00,1.328,9.328,-72.303
2024-11-27 16:55:00,-1.044,8.284,-73.347
2024-11-27 21:25:00,-1.046,7.238,-74.393
2024-11-28 11:05:00,0.204,7.442,-74.189
2024-11-28 14:00:00,-1.12,6.322,-75.309
2024-11-28 17:10:00,-1.053,5.269,-76.362
2024-11-29 01:20:00,0.986,6.255,-75.376
2024-11-29 04:10:00,-1.072,5.183,-76.448
2024-11-29 15:05:00,2.441,7.624,-74.007
2024-11-29 16:10:00,-1.031,6.593,-75.038
2024-11-30 04:20:00,-0.345,6.248,-75.383
2024-11-30 08:05:00,2.424,8.672,-72.959
2024-11-30 16:10:00,-0.703,7.969,-73.662
2024-12-01 00:55:00,-1.092,6.877,-74.754
2024-12-01 08:40:00,-1.06,5.817,-75.814
2024-12-01 16:55:00,0.22,6.037,-75.594
2024-12-02 03:20:00,1.164,7.201,-74.43
2024-12-02 16:20:00,-0.951,6.25,-75.381
2024-12-02 16:40:00,-1.07,5.18,-76.451
2024-12-02 19:45:00,-1.038,4.142,-77.489
2024-12-02 21:50:00,2.466,6.608,-75.023
2024-12-03 05:55:00,0.388,6.996,-74.635
2024-12-03 07:00:00,-1.035,5.961,-75.67
2024-12-04 04:55:00,1.256,7.217,-74.414
2024-12-04 06:25:00,-1.084,6.133,-75.498
2024-12-04 09:40:00,2.405,8.538,-73.093
2024-12-04 13:55:00,2.473,11.011,-70.62
2024-12-04 14:30:00,-1.042,9.969,-71.662
2024-12-04 23:05:00,-1.032,8.937,-72.694
2024-12-05 04:45:00,-1.027,7.91,-73.721
2024-12-05 12:50:00,1.467,9.377,-72.254
2024-12-05 19:55:00,-1.051,8.326,-73.305
2024-12-06 09:05:00,-1.033,7.293,-74.338
2024-12-06 15:35:00,-1.041,6.252,-75.379
2024-12-06 23:40:00,0.445,6.697,-74.934
2024-12-07 06:30:00,-1.08,5.617,-76.014
2024-12-07 07:40:00,-1.046,4.571,-77.06
2024-12-07 14:40:00,-1.043,3.528,-78.103
2024-12-07 22:45:00,-0.596,2.932,-78.699
2024-12-07 23:30:00,-1.094,1.838,-79.793
2024-12-08 03:45:00,-1.087,0.751,-80.88
2024-12-08 12:30:00,0.751,1.502,-80.129
2024-12-08 15:10:00,-1.057,0.445,-81.186
2024-12-08 23:15:00,-0.327,0.118,-81.513
2024-12-09 08:35:00,2.059,2.177,-79.454
2024-12-09 16:40:00,0.385,2.562,-79.069
2024-12-09 20:35:00,2.44,5.002,-76.629
2024-12-10 04:40:00,0.755,5.757,-75.874
2024-12-10 16:40:00,2.465,8.222,-73.409
2024-12-10 20:05:00,-1.023,7.199,-74.432
2024-12-11 04:00:00,-1.037,6.162,-75.469
2024-12-11 13:30:00,2.441,8.603,-73.028
2024-12-11 21:35:00,-0.091,8.512,-73.119
2024-12-12 05:35:00,2.451,10.963,-70.668
2024-12-12 07:50:00,-1.03,9.933,-71.698
2024-12-12 13:35:00,-1.065,8.868,-72.763
2024-12-13 03:40:00,-0.326,8.542,-73.089
2024-12-13 11:15:00,-1.083,7.459,-74.172
2024-12-14 00:00:00,-0.626,6.833,-74.798
2024-12-14 04:10:00,-1.081,5.752,-75.879
2024-12-14 06:20:00,-1.092,4.66,-76.971
2024-12-14 07:55:00,-1.089,3.571,-78.06
2024-12-14 11:15:00,2.379,5.95,-75.681
2024-12-14 18:25:00,2.427,8.377,-73.254
2024-12-15 01:20:00,-1.067,7.31,-74.321
2024-12-15 08:50:00,-1.069,6.241,-75.39
2024-12-15 14:15:00,2.421,8.662,-72.969
2024-12-15 21:20:00,-1.03,7.632,-73.999
2024-12-15 23:00:00,-1.061,6.571,-75.06
2024-12-16 07:25:00,-0.439,6.132,-75.499
2024-12-16 16:00:00,-1.074,5.058,-76.573
2024-12-17 00:00:00,-1.034,4.024,-77.607
2024-12-17 08:05:00,0.146,4.17,-77.461
2024-12-17 15:15:00,-1.082,3.088,-78.543
2024-12-17 17:45:00,-1.033,2.055,-79.576
2024-12-17 19:05:00,-1.039,1.016,-80.615
2024-12-18 06:45:00,1.623,2.639,-78.992
2024-12-18 09:20:00,-1.081,1.558,-80.073
2024-12-18 18:55:00,-1.047,0.511,-81.12
2024-12-19 04:00:00,1.245,1.756,-79.875
2024-12-19 10:20:00,-1.062,0.694,-80.937
2024-12-19 14:30:00,-1.07,-0.376,-82.007
2024-12-19 17:50:00,2.453,2.077,-79.554
2024-12-20 01:55:00,0.13,2.207,-79.424
2024-12-20 08:30:00,2.45,4.657,-76.974
2024-12-20 16:35:00,-0.824,3.833,-77.798
2024-12-21 06:25:00,1.38,5.213,-76.418
2024-12-21 09:15:00,-1.032,4.181,-77.45
2024-12-21 18:50:00,2.452,6.633,-74.998
2024-12-22 02:55:00,-0.236,6.397,-75.234
2024-12-22 08:05:00,-1.05,5.347,-76.284
2024-12-22 12:10:00,-1.087,4.26,-77.371
2024-12-22 19:50:00,2.421,6.681,-74.95
2024-12-23 03:15:00,-1.037,5.644,-75.987
2024-12-23 11:20:00,0.034,5.678,-75.953
2024-12-23 16:50:00,-1.046,4.632,-76.999
2024-12-24 00:55:00,0.721,5.353,-76.278
2024-12-24 21:30:00,0.748,6.101,-75.53
2024-12-25 06:00:00,-0.661,5.44,-76.191
2024-12-25 11:55:00,-1.08,4.36,-77.271
2024-12-25 15:30:00,-1.097,3.263,-78.368
2024-12-25 20:50:00,-1.16,2.103,-79.528
2024-12-26 00:35:00,-1.085,1.018,-80.613
2024-12-26 05:05:00,2.384,3.402,-78.229
2024-12-26 08:15:00,2.387,5.789,-75.842
2024-12-26 16:20:00,0.056,5.845,-75.786
2024-12-26 22:05:00,-1.08,4.765,-76.866
2024-12-27 06:45:00,-1.06,3.705,-77.926
2024-12-27 09:00:00,-1.041,2.664,-78.967
2024-12-27 14:40:00,-1.042,1.622,-80.009
2024-12-27 22:45:00,0.143,1.765,-79.866
2024-12-28 07:40:00,0.288,2.053,-79.578
2024-12-28 09:05:00,-1.154,0.899,-80.732
2024-12-29 01:10:00,-0.005,0.894,-80.737
2024-12-29 05:05:00,-1.183,-0.289,-81.92
2024-12-29 08:45:00,-1.135,-1.424,-83.055
2024-12-29 16:30:00,2.367,0.943,-80.688
2024-12-30 00:35:00,0.068,1.011,-80.62
2024-12-30 09:20:00,-0.92,0.091,-81.54
2024-12-30 13:35:00,2.406,2.497,-79.134
2024-12-30 18:25:00,-1.033,1.464,-80.167
2024-12-31 05:30:00,0.847,2.311,-79.32
2024-12-31 17:35:00,-1.063,1.248,-80.383
2025-01-01 01:40:00,-0.23,1.018,-80.613
2025-01-01 05:45:00,-1.226,-0.208,-81.839
2025-01-01 12:20:00,-1.099,-1.307,-82.938
2025-01-01 20:00:00,2.431,1.124,-80.507
2025-01-02 04:05:00,0.547,1.671,-79.96
2025-01-02 14:00:00,-1.091,0.58,-81.051
2025-01-03 00:50:00,-1.239,-0.659,-82.29
2025-01-03 10:10:00,1.82,1.161,-80.47
2025-01-03 11:30:00,2.413,3.574,-78.057
2025-01-03 19:35:00,0.028,3.602,-78.029
2025-01-04 10:00:00,-0.769,2.833,-78.798
2025-01-04 15:35:00,-1.122,1.711,-79.92
2025-01-05 08:15:00,-1.111,0.6,-81.031
2025-01-05 16:20:00,-0.122,0.478,-81.153
2025-01-06 00:50:00,-1.109,-0.631,-82.262
2025-01-06 01:50:00,-1.071,-1.702,-83.333
2025-01-06 09:55:00,-0.447,-2.149,-83.78
2025-01-06 22:55:00,-0.293,-2.442,-84.073
2025-01-07 06:30:00,-1.065,-3.507,-85.138
2025-01-07 11:45:00,-1.066,-4.573,-86.204
2025-01-07 14:55:00,-1.069,-5.642,-87.273
2025-01-07 19:40:00,2.463,-3.179,-84.81
2025-01-08 03:45:00,1.092,-2.087,-83.718
2025-01-08 08:15:00,-1.058,-3.145,-84.776
2025-01-08 17:10:00,2.42,-0.725,-82.356
2025-01-09 01:15:00,-0.868,-1.593,-83.224
2025-01-09 10:10:00,0.363,-1.23,-82.861
2025-01-09 15:25:00,-1.038,-2.268,-83.899
2025-01-10 03:30:00,-0.279,-2.547,-84.178
2025-01-10 17:55:00,-1.036,-3.583,-85.214
2025-01-11 02:00:00,-0.377,-3.96,-85.591
2025-01-11 11:15:00,-0.85,-4.81,-86.441
2025-01-11 20:25:00,-1.156,-5.966,-87.597
2025-01-12 04:40:00,0.487,-5.479,-87.11
2025-01-12 09:30:00,2.248,-3.231,-84.862
2025-01-12 15:20:00,-1.105,-4.336,-85.967
2025-01-13 00:25:00,-1.125,-5.461,-87.092
2025-01-13 02:05:00,-1.051,-6.512,-88.143
2025-01-13 10:25:00,2.452,-4.06,-85.691
2025-01-13 15:15:00,-1.054,-5.114,-86.745
2025-01-13 20:35:00,-1.056,-6.17,-87.801
2025-01-14 06:00:00,-1.144,-7.314,-88.945
2025-01-14 12:20:00,-1.071,-8.385,-90.016
2025-01-14 13:30:00,-1.079,-9.464,-91.095
2025-01-14 22:35:00,1.038,-8.426,-90.057
2025-01-15 01:15:00,-1.138,-9.564,-91.195
2025-01-15 09:40:00,-0.106,-9.67,-91.301
2025-01-15 21:35:00,0.357,-9.313,-90.944
2025-01-16 07:15:00,-0.519,-9.832,-91.463
2025-01-16 12:30:00,2.415,-7.417,-89.048
2025-01-16 20:35:00,0.0,-7.417,-89.048
2025-01-17 02:15:00,2.366,-5.051,-86.682
2025-01-17 10:20:00,0.194,-4.857,-86.488
2025-01-17 12:20:00,-1.108,-5.965,-87.596
2025-01-18 02:50:00,-1.092,-7.057,-88.688
2025-01-18 12:20:00,0.995,-6.062,-87.693
2025-01-19 00:20:00,-0.921,-6.983,-88.614
2025-01-19 04:00:00,-1.063,-8.046,-89.677
2025-01-19 08:20:00,2.444,-5.602,-87.233
2025-01-19 14:50:00,-1.048,-6.65,-88.281
2025-01-19 21:25:00,2.418,-4.232,-85.863
2025-01-20 05:30:00,0.931,-3.301,-84.932
2025-01-20 15:05:00,-0.436,-3.737,-85.368
2025-01-21 00:15:00,0.25,-3.487,-85.118
2025-01-21 09:00:00,-0.701,-4.188,-85.819
2025-01-21 18:30:00,1.657,-2.531,-84.162
2025-01-21 19:35:00,-1.066,-3.597,-85.228
2025-01-22 11:15:00,-1.106,-4.703,-86.334
2025-01-22 13:05:00,-1.079,-5.782,-87.413
2025-01-22 21:40:00,0.438,-5.344,-86.975
2025-01-23 04:35:00,2.397,-2.947,-84.578
2025-01-23 12:40:00,0.034,-2.913,-84.544
2025-01-23 20:25:00,-1.067,-3.98,-85.611
2025-01-24 05:10:00,-1.04,-5.02,-86.651
2025-01-24 13:15:00,0.387,-4.633,-86.264
2025-01-25 04:35:00,0.141,-4.492,-86.123
2025-01-25 11:00:00,-1.18,-5.672,-87.303
2025-01-25 23:55:00,-1.096,-6.768,-88.399
2025-01-26 04:20:00,-1.147,-7.915,-89.546
2025-01-26 09:30:00,-1.101,-9.016,-90.647
2025-01-26 11:00:00,-1.12,-10.136,-91.767
2025-01-26 20:00:00,1.365,-8.771,-90.402
2025-01-26 21:00:00,-1.133,-9.904,-91.535
2025-01-27 00:00:00,2.431,-7.473,-89.104
2025-01-27 06:40:00,2.462,-5.011,-86.642
2025-01-27 14:45:00,-0.966,-5.977,-87.608
2025-01-27 20:35:00,-1.043,-7.02,-88.651
2025-01-28 03:30:00,-1.076,-8.096,-89.727
2025-01-28 14:50:00,0.962,-7.134,-88.765
2025-01-29 00:55:00,0.861,-6.273,-87.904
2025-01-29 16:15:00,2.407,-3.866,-85.497
2025-01-29 17:15:00,-1.102,-4.968,-86.599
2025-01-29 19:40:00,-1.056,-6.024,-87.655
2025-01-30 09:40:00,1.0,-5.024,-86.655
2025-01-30 14:25:00,2.393,-2.631,-84.262
2025-01-30 15:00:00,2.366,-0.265,-81.896
2025-01-30 23:05:00,-0.273,-0.538,-82.169
2025-01-31 12:10:00,2.42,1.882,-79.749
2025-01-31 20:15:00,-1.085,0.797,-80.834
2025-02-01 05:20:00,1.246,2.043,-79.588
2025-02-01 08:25:00,-1.052,0.991,-80.64
2025-02-01 19:10:00,2.371,3.362,-78.269
2025-02-02 02:55:00,2.442,5.804,-75.827
2025-02-02 11:00:00,0.605,6.409,-75.222
2025-02-02 15:30:00,2.405,8.814,-72.817
2025-02-02 17:35:00,2.446,11.26,-70.371
2025-02-02 22:40:00,2.466,13.726,-67.905
2025-02-03 01:50:00,2.476,16.202,-65.429
2025-02-03 09:55:00,-0.442,15.76,-65.871
2025-02-03 14:30:00,-1.029,14.731,-66.9
2025-02-04 03:30:00,-1.032,13.699,-67.932
2025-02-04 05:35:00,2.456,16.155,-65.476
2025-02-04 13:40:00,-0.417,15.738,-65.893
2025-02-04 19:15:00,-1.031,14.707,-66.924
2025-02-05 04:00:00,-0.075,14.632,-66.999
2025-02-05 23:10:00,0.786,15.418,-66.213
2025-02-06 06:35:00,2.298,17.716,-63.915
2025-02-06 08:55:00,-1.063,16.653,-64.978
2025-02-06 09:10:00,-1.107,15.546,-66.085
2025-02-06 15:30:00,2.434,17.98,-63.651
2025-02-06 23:35:00,0.564,18.544,-63.087
2025-02-07 07:15:00,-1.059,17.485,-64.146
2025-02-07 14:05:00,2.442,19.927,-61.704
2025-02-07 17:15:00,-1.028,18.899,-62.732
2025-02-08 01:20:00,0.711,19.61,-62.021
2025-02-08 06:40:00,-1.124,18.486,-63.145
2025-02-08 13:25:00,-1.144,17.342,-64.289
2025-02-09 01:15:00,1.97,19.312,-62.319
2025-02-09 03:00:00,-1.102,18.21,-63.421
2025-02-09 11:45:00,0.216,18.426,-63.205
2025-02-09 17:30:00,-1.073,17.353,-64.278
2025-02-09 21:45:00,2.425,19.778,-61.853
2025-02-10 00:00:00,-1.022,18.756,-62.875
2025-02-10 01:40:00,-1.033,17.723,-63.908
2025-02-10 03:30:00,-1.031,16.692,-64.939
2025-02-10 12:45:00,-1.067,15.625,-66.006
2025-02-10 21:50:00,-0.269,15.356,-66.275
2025-02-11 04:00:00,2.405,17.761,-63.87
2025-02-11 12:05:00,0.424,18.185,-63.446
2025-02-12 01:45:00,0.33,18.515,-63.116
2025-02-12 07:30:00,-1.081,17.434,-64.197
2025-02-12 13:30:00,-1.072,16.362,-65.269
2025-02-12 23:25:00,0.58,16.942,-64.689
2025-02-13 11:30:00,-1.133,15.809,-65.822
2025-02-14 10:35:00,1.027,16.836,-64.795
2025-02-14 15:10:00,-1.079,15.757,-65.874
2025-02-14 20:55:00,-1.04,14.717,-66.914
2025-02-15 06:40:00,0.408,15.125,-66.506
2025-02-15 14:35:00,2.356,17.481,-64.15
2025-02-15 19:05:00,-1.055,16.426,-65.205
2025-02-16 04:50:00,0.546,16.972,-64.659
2025-02-16 11:55:00,-1.086,15.886,-65.745
2025-02-16 18:35:00,2.385,18.271,-63.36
2025-02-16 21:35:00,-1.059,17.212,-64.419
2025-02-17 05:00:00,2.338,19.55,-62.081
2025-02-17 07:00:00,-1.07,18.48,-63.151
2025-02-17 15:45:00,-1.118,17.362,-64.269
2025-02-17 23:50:00,0.351,17.713,-63.918
2025-02-18 06:10:00,2.413,20.126,-61.505
2025-02-18 14:15:00,-0.637,19.489,-62.142
2025-02-18 22:55:00,-0.085,19.404,-62.227
2025-02-19 06:50:00,-1.058,18.346,-63.285
2025-02-19 19:40:00,0.762,19.108,-62.523
2025-02-20 07:05:00,0.616,19.724,-61.907
2025-02-20 15:00:00,-1.1,18.624,-63.007
2025-02-21 02:05:00,0.126,18.75,-62.881
2025-02-21 13:00:00,2.353,21.103,-60.528
2025-02-21 15:35:00,-1.076,20.027,-61.604
2025-02-22 00:50:00,-1.073,18.954,-62.677
2025-02-22 08:55:00,-0.732,18.222,-63.409
2025-02-22 14:15:00,-1.138,17.084,-64.547
2025-02-22 16:00:00,-1.111,15.973,-65.658
2025-02-22 20:05:00,-1.158,14.815,-66.816
2025-02-23 01:05:00,-1.168,13.647,-67.984
2025-02-23 07:15:00,-1.145,12.502,-69.129
2025-02-23 10:30:00,-1.133,11.369,-70.262
2025-02-23 18:35:00,1.618,12.987,-68.644
2025-02-23 23:10:00,-1.261,11.726,-69.905
2025-02-24 09:35:00,1.361,13.087,-68.544
2025-02-24 18:30:00,0.266,13.353,-68.278
2025-02-24 20:45:00,-1.119,12.234,-69.397
2025-02-25 06:05:00,0.573,12.807,-68.824
2025-02-25 11:50:00,-1.035,11.772,-69.859
2025-02-25 15:50:00,-1.059,10.713,-70.918
2025-02-25 20:30:00,2.435,13.148,-68.483
2025-02-26 04:35:00,-0.022,13.126,-68.505
2025-02-26 12:45:00,0.386,13.512,-68.119
2025-02-26 18:50:00,-1.032,12.48,-69.151
2025-02-26 22:00:00,-1.032,11.448,-70.183
2025-02-27 10:05:00,1.289,12.737,-68.894
2025-02-27 16:55:00,-1.054,11.683,-69.948
2025-02-28 00:45:00,-1.065,10.618,-71.013
2025-02-28 02:40:00,2.441,13.059,-68.572
2025-02-28 10:45:00,0.331,13.39,-68.241
2025-03-01 05:45:00,-1.065,12.325,-69.306
2025-03-01 13:15:00,2.413,14.738,-66.893
2025-03-01 16:10:00,-1.109,13.629,-68.002
2025-03-01 22:00:00,2.308,15.937,-65.694
2025-03-02 15:25:00,-1.108,14.829,-66.802
2025-03-02 16:30:00,2.452,17.281,-64.35
2025-03-03 00:35:00,0.672,17.953,-63.678
2025-03-03 01:15:00,-1.056,16.897,-64.734
2025-03-03 13:05:00,-1.071,15.826,-65.805
2025-03-03 14:50:00,-1.064,14.762,-66.869
2025-03-03 19:50:00,2.459,17.221,-64.41
2025-03-04 03:55:00,1.534,18.755,-62.876
2025-03-04 14:35:00,-1.049,17.706,-63.925
2025-03-04 19:10:00,-1.019,16.687,-64.944
2025-03-05 01:35:00,-1.072,15.615,-66.016
2025-03-05 06:45:00,-1.133,14.482,-67.149
2025-03-05 11:50:00,-1.067,13.415,-68.216
2025-03-05 17:25:00,-1.072,12.343,-69.288
2025-03-06 02:55:00,1.531,13.874,-67.757
2025-03-06 04:55:00,2.355,16.229,-65.402
2025-03-06 07:30:00,-1.068,15.161,-66.47
2025-03-06 12:20:00,-1.091,14.07,-67.561
2025-03-06 15:15:00,-1.086,12.984,-68.647
2025-03-07 01:05:00,0.786,13.77,-67.861
2025-03-07 09:10:00,2.408,16.178,-65.453
2025-03-07 15:35:00,-1.061,15.117,-66.514
2025-03-07 20:35:00,-1.059,14.058,-67.573
2025-03-08 01:30:00,2.424,16.482,-65.149
2025-03-08 09:35:00,-0.54,15.942,-65.689
2025-03-08 18:00:00,0.162,16.104,-65.527
2025-03-09 03:10:00,-1.081,15.023,-66.608
2025-03-09 16:05:00,2.409,17.432,-64.199
2025-03-10 00:10:00,1.556,18.988,-62.643
2025-03-10 07:00:00,-1.184,17.804,-63.827
2025-03-10 17:00:00,2.434,20.238,-61.393
2025-03-11 01:05:00,2.049,22.287,-59.344
2025-03-11 16:30:00,-1.056,21.231,-60.4
2025-03-12 02:15:00,-0.075,21.156,-60.475
2025-03-12 10:50:00,0.331,21.487,-60.144
2025-03-12 13:35:00,-1.056,20.431,-61.2
2025-03-12 22:00:00,-0.163,20.268,-61.363
2025-03-13 01:45:00,-1.133,19.135,-62.496
2025-03-13 09:00:00,-1.099,18.036,-63.595
2025-03-13 16:25:00,-1.065,16.971,-64.66
2025-03-13 23:00:00,-1.064,15.907,-65.724
2025-03-14 07:05:00,0.296,16.203,-65.428
2025-03-14 16:30:00,1.953,18.156,-63.475
2025-03-14 23:35:00,-1.123,17.033,-64.598
2025-03-15 12:20:00,2.388,19.421,-62.21
2025-03-15 20:25:00,-0.253,19.168,-62.463
2025-03-15 23:30:00,-1.105,18.063,-63.568
2025-03-16 06:45:00,-1.165,16.898,-64.733
2025-03-16 16:05:00,-1.118,15.78,-65.851
2025-03-16 19:15:00,-1.049,14.731,-66.9
2025-03-16 20:30:00,-1.077,13.654,-67.977
2025-03-17 04:45:00,1.406,15.06,-66.571
2025-03-17 10:15:00,-1.083,13.977,-67.654
2025-03-17 16:45:00,-1.114,12.863,-68.768
2025-03-18 00:00:00,-1.15,11.713,-69.918
2025-03-18 06:45:00,2.373,14.086,-67.545
2025-03-18 07:40:00,-1.087,12.999,-68.632
2025-03-18 13:00:00,-1.147,11.852,-69.779
2025-03-18 18:15:00,-1.088,10.764,-70.867
2025-03-18 22:50:00,2.417,13.181,-68.45
2025-03-19 06:55:00,0.811,13.992,-67.639
2025-03-19 08:20:00,-1.097,12.895,-68.736
2025-03-19 17:35:00,-1.077,11.818,-69.813
2025-03-20 02:55:00,-0.604,11.214,-70.417
2025-03-20 10:35:00,2.336,13.55,-68.081
2025-03-20 18:40:00,0.721,14.271,-67.36
2025-03-20 20:35:00,-1.124,13.147,-68.484
2025-03-21 02:15:00,2.378,15.525,-66.106
2025-03-21 10:20:00,-0.826,14.699,-66.932
2025-03-21 16:50:00,-1.111,13.588,-68.043
2025-03-22 00:55:00,0.201,13.789,-67.842
2025-03-22 06:05:00,-1.139,12.65,-68.981
2025-03-22 08:10:00,-1.128,11.522,-70.109
2025-03-22 09:20:00,-1.106,10.416,-71.215
2025-03-22 16:20:00,-1.109,9.307,-72.324
2025-03-22 23:00:00,-1.146,8.161,-73.47
2025-03-23 07:10:00,-0.786,7.375,-74.256
2025-03-23 16:00:00,-1.146,6.229,-75.402
2025-03-23 19:45:00,-1.121,5.108,-76.523
2025-03-24 03:55:00,1.57,6.678,-74.953
2025-03-24 06:50:00,2.426,9.104,-72.527
2025-03-24 14:55:00,-0.339,8.765,-72.866
2025-03-25 16:55:00,-0.032,8.733,-72.898
2025-03-26 02:55:00,-1.104,7.629,-74.002
2025-03-26 07:20:00,-1.073,6.556,-75.075
2025-03-26 14:00:00,-1.15,5.406,-76.225
2025-03-27 04:35:00,-0.067,5.339,-76.292
2025-03-27 12:00:00,2.363,7.702,-73.929
2025-03-27 15:00:00,-1.069,6.633,-74.998
2025-03-28 03:10:00,-1.093,5.54,-76.091
2025-03-28 05:45:00,2.423,7.963,-73.668
2025-03-28 13:50:00,0.918,8.881,-72.75
2025-03-29 09:25:00,1.912,10.793,-70.838
2025-03-29 17:45:00,0.607,11.4,-70.231
2025-03-30 01:00:00,-1.081,10.319,-71.312
2025-03-30 08:00:00,-1.146,9.173,-72.458
2025-03-30 17:00:00,2.39,11.563,-70.068
2025-03-30 18:05:00,-1.065,10.498,-71.133
2025-03-31 05:10:00,-1.086,9.412,-72.219
2025-03-31 12:50:00,-1.102,8.31,-73.321
2025-03-31 14:15:00,-1.068,7.242,-74.389
2025-04-01 00:50:00,-1.162,6.08,-75.551
2025-04-01 08:30:00,2.411,8.491,-73.14
2025-04-01 14:20:00,-1.077,7.414,-74.217
2025-04-01 23:15:00,-0.752,6.662,-74.969
2025-04-02 08:45:00,0.527,7.189,-74.442
2025-04-02 13:35:00,-1.159,6.03,-75.601
2025-04-02 20:25:00,-1.06,4.97,-76.661
2025-04-03 06:25:00,-0.226,4.744,-76.887
2025-04-03 11:00:00,2.346,7.09,-74.541
2025-04-03 18:35:00,-1.055,6.035,-75.596
2025-04-04 00:55:00,-1.129,4.906,-76.725
2025-04-04 07:15:00,-1.089,3.817,-77.814
2025-04-04 10:20:00,-1.088,2.729,-78.902
2025-04-04 18:25:00,-0.398,2.331,-79.3
2025-04-05 12:45:00,2.301,4.632,-76.999
2025-04-05 20:50:00,0.337,4.969,-76.662
2025-04-06 10:15:00,0.099,5.068,-76.563
2025-04-06 17:30:00,2.38,7.448,-74.183
2025-04-06 23:20:00,2.449,9.897,-71.734
2025-04-07 06:25:00,2.458,12.355,-69.276
2025-04-07 13:50:00,-1.021,11.334,-70.297
2025-04-08 01:35:00,-1.061,10.273,-71.358
2025-04-08 08:20:00,-1.04,9.233,-72.398
2025-04-08 10:35:00,-1.089,8.144,-73.487
2025-04-08 14:55:00,-1.14,7.004,-74.627
2025-04-08 23:00:00,2.035,9.039,-72.592
2025-04-09 02:10:00,-1.067,7.972,-73.659
2025-04-09 17:20:00,-1.082,6.89,-74.741
2025-04-10 01:25:00,0.422,7.312,-74.319
2025-04-10 05:40:00,-1.115,6.197,-75.434
2025-04-10 08:30:00,-1.068,5.129,-76.502
2025-04-10 15:35:00,2.426,7.555,-74.076
2025-04-10 23:40:00,-0.5,7.055,-74.576
2025-04-11 09:55:00,0.072,7.127,-74.504
2025-04-11 14:25:00,-1.106,6.021,-75.61
2025-04-11 16:45:00,-1.063,4.958,-76.673
2025-04-12 00:50:00,-0.025,4.933,-76.698
2025-04-12 04:30:00,-1.105,3.828,-77.803
2025-04-12 13:05:00,1.595,5.423,-76.208
2025-04-12 21:10:00,1.725,7.148,-74.483
2025-04-13 10:50:00,2.389,9.537,-72.094
2025-04-13 13:40:00,-1.071,8.466,-73.165
2025-04-13 18:05:00,2.371,10.837,-70.794
2025-04-13 19:35:00,-1.044,9.793,-71.838
2025-04-14 00:20:00,-1.044,8.749,-72.882
2025-04-14 08:25:00,-0.66,8.089,-73.542
2025-04-14 18:20:00,0.96,9.049,-72.582
2025-04-15 07:30:00,-0.696,8.353,-73.278
2025-04-15 10:15:00,-1.087,7.266,-74.365
2025-04-15 18:20:00,0.883,8.149,-73.482
2025-04-16 06:25:00,-0.023,8.126,-73.505
2025-04-16 08:40:00,-1.083,7.043,-74.588
2025-04-16 14:20:00,-1.075,5.968,-75.663
2025-04-16 21:20:00,-1.043,4.925,-76.706
2025-04-16 23:20:00,-1.077,3.848,-77.783
2025-04-17 05:00:00,-1.1,2.748,-78.883
2025-04-17 13:05:00,0.748,3.496,-78.135
2025-04-17 15:50:00,-1.066,2.43,-79.201
2025-04-17 23:55:00,-0.053,2.377,-79.254
2025-04-18 09:45:00,2.344,4.721,-76.91
2025-04-18 14:15:00,-1.107,3.614,-78.017
2025-04-19 01:25:00,-1.176,2.438,-79.193
2025-04-19 10:15:00,0.516,2.954,-78.677
2025-04-19 14:00:00,-1.274,1.68,-79.951
2025-04-19 21:40:00,2.39,4.07,-77.561
2025-04-20 05:45:00,1.705,5.775,-75.856
2025-04-20 22:10:00,0.694,6.469,-75.162
2025-04-21 08:30:00,0.564,7.033,-74.598
2025-04-21 16:25:00,-1.073,5.96,-75.671
2025-04-22 00:15:00,2.398,8.358,-73.273
2025-04-22 01:15:00,-1.118,7.24,-74.391
2025-04-22 06:35:00,2.296,9.536,-72.095
2025-04-22 07:30:00,-1.068,8.468,-73.163
2025-04-22 15:00:00,2.397,10.865,-70.766
2025-04-22 23:05:00,1.031,11.896,-69.735
2025-04-23 02:00:00,-1.132,10.764,-70.867
2025-04-23 11:55:00,0.19,10.954,-70.677
2025-04-23 19:10:00,-1.073,9.881,-71.75
2025-04-24 00:25:00,-1.148,8.733,-72.898
2025-04-24 11:05:00,0.34,9.073,-72.558
2025-04-24 15:10:00,2.403,11.476,-70.155
2025-04-24 23:15:00,0.804,12.28,-69.351
2025-04-25 02:50:00,-1.076,11.204,-70.427
2025-04-25 10:35:00,-1.151,10.053,-71.578
2025-04-26 06:40:00,0.041,10.094,-71.537
2025-04-26 09:00:00,-1.078,9.016,-72.615
2025-04-26 14:30:00,-1.133,7.883,-73.748
2025-04-26 22:45:00,0.136,8.019,-73.612
2025-04-27 09:35:00,0.204,8.223,-73.408
2025-04-27 18:40:00,0.041,8.264,-73.367
2025-04-28 03:30:00,-1.108,7.156,-74.475
2025-04-28 14:20:00,0.578,7.734,-73.897
2025-04-28 18:40:00,-1.057,6.677,-74.954
2025-04-29 00:55:00,2.388,9.065,-72.566
2025-04-29 09:00:00,-0.203,8.862,-72.769
2025-04-29 14:00:00,-1.139,7.723,-73.908
2025-04-29 20:30:00,-1.062,6.661,-74.97
2025-04-30 04:35:00,0.52,7.181,-74.45
2025-04-30 11:05:00,-1.151,6.03,-75.601
2025-04-30 20:35:00,-0.495,5.535,-76.096
2025-05-01 01:05:00,-1.108,4.427,-77.204
2025-05-01 05:45:00,-1.117,3.31,-78.321
2025-05-01 16:20:00,1.166,4.476,-77.155
2025-05-02 09:00:00,-0.185,4.291,-77.34
2025-05-02 14:05:00,-1.101,3.19,-78.441
2025-05-02 18:50:00,-1.137,2.053,-79.578
2025-05-03 03:15:00,0.566,2.619,-79.012
2025-05-03 16:10:00,0.661,3.28,-78.351
2025-05-04 00:15:00,1.341,4.621,-77.01
2025-05-04 02:05:00,-1.113,3.508,-78.123
2025-05-04 05:30:00,-1.197,2.311,-79.32
2025-05-04 17:05:00,0.933,3.244,-78.387
2025-05-04 19:35:00,-1.093,2.151,-79.48
2025-05-05 02:15:00,-1.067,1.084,-80.547
2025-05-05 18:15:00,-0.875,0.209,-81.422
2025-05-06 04:35:00,-0.488,-0.279,-81.91
2025-05-06 14:15:00,-1.112,-1.391,-83.022
2025-05-06 20:30:00,-1.09,-2.481,-84.112
2025-05-06 22:50:00,-1.088,-3.569,-85.2
2025-05-07 06:55:00,-0.116,-3.685,-85.316
2025-05-07 15:10:00,-1.091,-4.776,-86.407
2025-05-07 23:10:00,-1.097,-5.873,-87.504
2025-05-08 02:30:00,2.398,-3.475,-85.106
2025-05-08 04:15:00,2.418,-1.057,-82.688
2025-05-08 12:20:00,0.227,-0.83,-82.461
2025-05-08 20:50:00,2.415,1.585,-80.046
2025-05-09 04:55:00,0.208,1.793,-79.838
2025-05-09 08:25:00,2.411,4.204,-77.427
2025-05-09 08:40:00,-1.043,3.161,-78.47
2025-05-09 19:15:00,0.371,3.532,-78.099
2025-05-10 08:20:00,1.051,4.583,-77.048
2025-05-10 11:40:00,-1.062,3.521,-78.11
2025-05-11 01:35:00,-0.039,3.482,-78.149
2025-05-11 05:30:00,-1.065,2.417,-79.214
2025-05-11 13:30:00,-1.103,1.314,-80.317
2025-05-12 01:50:00,-0.492,0.822,-80.809
2025-05-12 07:25:00,2.416,3.238,-78.393
2025-05-12 14:25:00,-1.035,2.203,-79.428
2025-05-13 02:10:00,0.985,3.188,-78.443
2025-05-13 07:15:00,-1.046,2.142,-79.489
2025-05-13 13:35:00,-1.059,1.083,-80.548
2025-05-14 00:20:00,1.084,2.167,-79.464
2025-05-14 16:05:00,1.616,3.783,-77.848
2025-05-15 01:15:00,-0.332,3.451,-78.18
2025-05-15 09:40:00,1.879,5.33,-76.301
2025-05-15 13:15:00,-1.052,4.278,-77.353
2025-05-15 15:30:00,-1.074,3.204,-78.427
2025-05-16 02:50:00,-0.555,2.649,-78.982
2025-05-16 16:35:00,-1.076,1.573,-80.058
2025-05-17 00:40:00,1.477,3.05,-78.581
2025-05-17 09:05:00,-0.055,2.995,-78.636
2025-05-17 17:10:00,0.751,3.746,-77.885
2025-05-18 05:00:00,-1.06,2.686,-78.945
2025-05-18 13:05:00,1.328,4.014,-77.617
2025-05-18 15:45:00,2.379,6.393,-75.238
2025-05-18 17:25:00,-1.071,5.322,-76.309
2025-05-18 20:00:00,2.447,7.769,-73.862
2025-05-18 22:55:00,-1.029,6.74,-74.891
2025-05-19 01:15:00,-1.065,5.675,-75.956
2025-05-19 04:50:00,2.41,8.085,-73.546
2025-05-19 12:55:00,0.032,8.117,-73.514
2025-05-19 13:45:00,-1.066,7.051,-74.58
2025-05-20 08:10:00,-1.07,5.981,-75.65
2025-05-20 16:15:00,-0.347,5.634,-75.997
2025-05-20 18:45:00,-1.106,4.528,-77.103
2025-05-20 19:55:00,-1.053,3.475,-78.156
2025-05-21 04:00:00,0.73,4.205,-77.426
2025-05-21 07:15:00,-1.101,3.104,-78.527
2025-05-21 11:20:00,-1.119,1.985,-79.646
2025-05-21 17:50:00,-1.068,0.917,-80.714
2025-05-22 01:55:00,-0.627,0.29,-81.341
2025-05-22 08:10:00,2.342,2.632,-78.999
2025-05-22 16:15:00,0.711,3.343,-78.288
2025-05-23 02:10:00,2.378,5.721,-75.91
2025-05-23 06:20:00,-1.042,4.679,-76.952
2025-05-23 11:10:00,-1.069,3.61,-78.021
2025-05-23 11:50:00,2.426,6.036,-75.595
2025-05-23 19:55:00,0.342,6.378,-75.253
2025-05-24 04:05:00,0.89,7.268,-74.363
2025-05-24 07:05:00,-1.158,6.11,-75.521
2025-05-24 21:10:00,0.08,6.19,-75.441
2025-05-25 01:10:00,2.35,8.54,-73.091
2025-05-25 09:15:00,0.326,8.866,-72.765
2025-05-25 17:25:00,0.642,9.508,-72.123
2025-05-25 22:05:00,-1.184,8.324,-73.307
2025-05-26 07:20:00,2.367,10.691,-70.94
2025-05-26 09:45:00,-1.136,9.555,-72.076
2025-05-26 17:35:00,2.371,11.926,-69.705
2025-05-27 01:40:00,1.075,13.001,-68.63
2025-05-27 15:50:00,1.011,14.012,-67.619
2025-05-27 17:30:00,-1.153,12.859,-68.772
2025-05-28 03:40:00,-1.112,11.747,-69.884
2025-05-28 06:00:00,-1.121,10.626,-71.005
2025-05-28 07:40:00,-1.096,9.53,-72.101
2025-05-28 15:05:00,-1.065,8.465,-73.166
2025-05-28 23:10:00,-0.454,8.011,-73.62
2025-05-29 00:55:00,2.396,10.407,-71.224
2025-05-29 04:35:00,-1.061,9.346,-72.285
2025-05-29 12:40:00,-1.125,8.221,-73.41
2025-05-29 20:45:00,1.272,9.493,-72.138
2025-05-30 00:50:00,2.42,11.913,-69.718
2025-05-30 08:55:00,0.174,12.087,-69.544
2025-05-31 00:15:00,2.426,14.513,-67.118
2025-05-31 08:20:00,-0.411,14.102,-67.529
2025-06-01 06:35:00,0.676,14.778,-66.853
2025-06-01 09:40:00,2.333,17.111,-64.52
2025-06-01 14:05:00,-1.08,16.031,-65.6
2025-06-01 22:00:00,-1.091,14.94,-66.691
2025-06-02 10:25:00,1.431,16.371,-65.26
2025-06-03 02:00:00,2.42,18.791,-62.84
2025-06-03 02:45:00,-1.115,17.676,-63.955
2025-06-03 08:10:00,-1.222,16.454,-65.177
2025-06-03 11:20:00,-1.228,15.226,-66.405
2025-06-03 20:30:00,-1.073,14.153,-67.478
2025-06-04 00:55:00,-1.096,13.057,-68.574
2025-06-04 09:15:00,-0.471,12.586,-69.045
2025-06-04 12:35:00,2.357,14.943,-66.688
2025-06-04 20:40:00,0.719,15.662,-65.969
2025-06-04 21:45:00,-1.113,14.549,-67.082
2025-06-05 12:40:00,-1.121,13.428,-68.203
2025-06-05 20:20:00,2.441,15.869,-65.762
2025-06-06 04:25:00,-0.708,15.161,-66.47
2025-06-06 11:15:00,-1.14,14.021,-67.61
2025-06-06 16:50:00,-1.132,12.889,-68.742
2025-06-07 01:10:00,0.058,12.947,-68.684
2025-06-07 06:45:00,2.359,15.306,-66.325
2025-06-07 09:35:00,-1.148,14.158,-67.473
2025-06-07 16:30:00,-1.221,12.937,-68.694
2025-06-08 00:45:00,-1.189,11.748,-69.883
2025-06-08 09:00:00,-1.161,10.587,-71.044
2025-06-08 11:20:00,-1.275,9.312,-72.319
2025-06-08 19:25:00,1.136,10.448,-71.183
2025-06-09 07:05:00,0.69,11.138,-70.493
2025-06-09 17:15:00,1.294,12.432,-69.199
2025-06-10 00:15:00,2.387,14.819,-66.812
2025-06-10 04:45:00,-1.128,13.691,-67.94
2025-06-10 10:35:00,-1.136,12.555,-69.076
2025-06-10 12:45:00,2.41,14.965,-66.666
2025-06-10 14:30:00,-1.048,13.917,-67.714
2025-06-11 03:10:00,-0.412,13.505,-68.126
2025-06-11 09:50:00,-1.101,12.404,-69.227
2025-06-11 20:35:00,-0.479,11.925,-69.706
2025-06-12 05:35:00,1.276,13.201,-68.43
2025-06-12 08:30:00,2.38,15.581,-66.05
2025-06-12 16:35:00,-0.25,15.331,-66.3
2025-06-12 20:50:00,2.398,17.729,-63.902
2025-06-13 01:10:00,2.451,20.18,-61.451
2025-06-13 09:15:00,-0.657,19.523,-62.108
2025-06-13 20:40:00,-1.084,18.439,-63.192
2025-06-14 03:30:00,-1.228,17.211,-64.42
2025-06-14 15:25:00,1.164,18.375,-63.256
2025-06-14 23:30:00,-0.73,17.645,-63.986
2025-06-15 14:45:00,-1.102,16.543,-65.088
2025-06-15 16:15:00,-1.125,15.418,-66.213
2025-06-15 23:35:00,-1.123,14.295,-67.336
2025-06-16 01:05:00,-1.153,13.142,-68.489
2025-06-16 07:50:00,2.378,15.52,-66.111
2025-06-16 11:20:00,-1.246,14.274,-67.357
2025-06-16 22:00:00,0.813,15.087,-66.544
2025-06-17 07:50:00,0.55,15.637,-65.994
2025-06-17 13:15:00,2.346,17.983,-63.648
2025-06-17 13:30:00,-1.164,16.819,-64.812
2025-06-17 23:20:00,0.052,16.871,-64.76
2025-06-18 10:50:00,2.374,19.245,-62.386
2025-06-18 18:55:00,0.888,20.133,-61.498
2025-06-19 00:30:00,-1.086,19.047,-62.584
2025-06-19 09:40:00,0.294,19.341,-62.29
2025-06-19 22:50:00,-0.656,18.685,-62.946
2025-06-20 05:20:00,2.352,21.037,-60.594
2025-06-20 07:20:00,-1.086,19.951,-61.68
2025-06-20 17:20:00,2.438,22.389,-59.242
2025-06-20 20:45:00,-1.038,21.351,-60.28
2025-06-21 00:25:00,-1.084,20.267,-61.364
2025-06-21 13:30:00,2.325,22.592,-59.039
2025-06-21 19:55:00,2.382,24.974,-56.657
2025-06-21 21:30:00,2.405,27.379,-54.252
2025-06-22 05:35:00,-0.233,27.146,-54.485
2025-06-22 21:30:00,0.504,27.65,-53.981
2025-06-23 12:40:00,-1.113,26.537,-55.094
2025-06-23 16:15:00,-1.076,25.461,-56.17
2025-06-23 18:05:00,-1.046,24.415,-57.216
2025-06-24 02:10:00,1.03,25.445,-56.186
2025-06-24 08:15:00,-1.1,24.345,-57.286
2025-06-24 19:45:00,-1.082,23.263,-58.368
2025-06-25 08:25:00,-1.127,22.136,-59.495
2025-06-25 14:15:00,-1.102,21.034,-60.597
2025-06-25 23:20:00,0.055,21.089,-60.542
2025-06-26 04:05:00,-1.086,20.003,-61.628
2025-06-26 17:15:00,0.751,20.754,-60.877
2025-06-27 01:25:00,-1.121,19.633,-61.998
2025-06-27 05:35:00,-1.165,18.468,-63.163
2025-06-27 13:40:00,0.347,18.815,-62.816
2025-06-27 18:15:00,-1.081,17.734,-63.897
2025-06-27 22:15:00,-1.058,16.676,-64.955
2025-06-28 06:20:00,-0.615,16.061,-65.57
2025-06-28 18:35:00,1.101,17.162,-64.469
2025-06-29 03:00:00,-0.407,16.755,-64.876
2025-06-29 14:05:00,0.951,17.706,-63.925
2025-06-29 21:00:00,-1.185,16.521,-65.11
2025-06-29 22:20:00,2.405,18.926,-62.705
2025-06-30 06:25:00,-0.727,18.199,-63.432
2025-06-30 15:15:00,2.333,20.532,-61.099
2025-06-30 15:45:00,-1.061,19.471,-62.16
2025-07-01 02:55:00,-1.062,18.409,-63.222
2025-07-01 11:05:00,1.433,19.842,-61.789
2025-07-02 03:00:00,-0.065,19.777,-61.854
2025-07-02 13:00:00,-1.133,18.644,-62.987
2025-07-02 15:10:00,2.358,21.002,-60.629
2025-07-02 16:20:00,2.427,23.429,-58.202
2025-07-03 00:25:00,0.057,23.486,-58.145
2025-07-03 13:10:00,-0.239,23.247,-58.384
2025-07-03 14:30:00,-1.079,22.168,-59.463
2025-07-03 21:40:00,-1.178,20.99,-60.641
2025-07-04 02:05:00,-1.164,19.826,-61.805
2025-07-04 08:15:00,2.405,22.231,-59.4
2025-07-04 16:20:00,1.802,24.033,-57.598
2025-07-04 20:25:00,-1.095,22.938,-58.693
2025-07-05 06:30:00,-1.121,21.817,-59.814
2025-07-05 16:50:00,0.65,22.467,-59.164
2025-07-05 20:50:00,-1.144,21.323,-60.308
2025-07-06 07:00:00,-1.232,20.091,-61.54
2025-07-06 12:15:00,-1.198,18.893,-62.738
2025-07-06 20:50:00,0.418,19.311,-62.32
2025-07-07 05:35:00,-0.283,19.028,-62.603
2025-07-07 11:40:00,-1.248,17.78,-63.851
2025-07-07 13:25:00,-1.141,16.639,-64.992
2025-07-08 00:25:00,-1.098,15.541,-66.09
2025-07-08 09:45:00,-0.109,15.432,-66.199
2025-07-08 17:10:00,2.362,17.794,-63.837
2025-07-09 01:15:00,-0.202,17.592,-64.039
2025-07-09 11:45:00,2.377,19.969,-61.662
2025-07-09 14:45:00,-1.12,18.849,-62.782
2025-07-10 02:25:00,1.611,20.46,-61.171
2025-07-10 10:55:00,1.682,22.142,-59.489
2025-07-10 12:10:00,-1.1,21.042,-60.589
2025-07-10 22:15:00,2.443,23.485,-58.146
2025-07-11 06:20:00,1.021,24.506,-57.125
2025-07-11 21:00:00,-0.027,24.479,-57.152
2025-07-12 09:20:00,0.331,24.81,-56.821
2025-07-12 23:20:00,-0.403,24.407,-57.224
2025-07-13 12:55:00,0.725,25.132,-56.499
2025-07-13 21:35:00,-1.094,24.038,-57.593
2025-07-14 04:55:00,2.424,26.462,-55.169
2025-07-14 05:40:00,-1.075,25.387,-56.244
2025-07-14 23:50:00,0.684,26.071,-55.56
2025-07-15 09:05:00,0.295,26.366,-55.265
2025-07-15 16:00:00,-1.037,25.329,-56.302
2025-07-16 00:05:00,0.734,26.063,-55.568
2025-07-16 02:15:00,-1.086,24.977,-56.654
2025-07-16 13:50:00,0.906,25.883,-55.748
2025-07-16 22:50:00,0.174,26.057,-55.574
2025-07-17 09:05:00,2.387,28.444,-53.187
2025-07-17 13:40:00,-1.059,27.385,-54.246
2025-07-17 21:15:00,-1.043,26.342,-55.289
2025-07-18 05:05:00,2.468,28.81,-52.821
2025-07-18 09:00:00,-1.028,27.782,-53.849
2025-07-19 03:05:00,-0.006,27.776,-53.855
2025-07-19 11:20:00,0.065,27.841,-53.79
2025-07-19 18:05:00,-1.07,26.771,-54.86
2025-07-19 20:40:00,2.419,29.19,-52.441
2025-07-19 21:05:00,-1.07,28.12,-53.511
2025-07-20 13:45:00,2.383,30.503,-51.128
2025-07-20 21:50:00,-0.234,30.269,-51.362
2025-07-21 11:00:00,0.859,31.128,-50.503
2025-07-21 16:15:00,-1.049,30.079,-51.552
2025-07-22 03:30:00,0.229,30.308,-51.323
2025-07-22 12:30:00,-0.528,29.78,-51.851
2025-07-22 15:00:00,-1.055,28.725,-52.906
2025-07-22 21:50:00,-1.045,27.68,-53.951
2025-07-23 06:00:00,0.45,28.13,-53.501
2025-07-23 12:40:00,2.399,30.529,-51.102
2025-07-23 17:15:00,2.444,32.973,-48.658
2025-07-24 01:20:00,-0.541,32.432,-49.199
2025-07-24 06:50:00,2.447,34.879,-46.752
2025-07-24 14:35:00,-1.036,33.843,-47.788
2025-07-25 06:10:00,1.352,35.195,-46.436
2025-07-25 20:40:00,-1.069,34.126,-47.505
2025-07-26 04:45:00,0.576,34.702,-46.929
2025-07-26 11:40:00,-1.198,33.504,-48.127
2025-07-26 18:15:00,-1.142,32.362,-49.269
2025-07-27 02:50:00,0.309,32.671,-48.96
2025-07-27 08:30:00,-1.1,31.571,-50.06
2025-07-27 18:50:00,-0.149,31.422,-50.209
2025-07-28 06:05:00,1.395,32.817,-48.814
2025-07-28 14:30:00,2.402,35.219,-46.412
2025-07-28 22:35:00,1.324,36.543,-45.088
2025-07-29 05:30:00,-1.067,35.476,-46.155
2025-07-29 14:05:00,2.387,37.863,-43.768
2025-07-29 22:10:00,0.569,38.432,-43.199
2025-07-30 01:45:00,-1.102,37.33,-44.301
2025-07-30 11:15:00,2.371,39.701,-41.93
2025-07-30 14:50:00,-1.064,38.637,-42.994
2025-07-31 02:50:00,-0.944,37.693,-43.938
2025-07-31 12:20:00,-1.174,36.519,-45.112
2025-07-31 14:20:00,2.4,38.919,-42.712
2025-07-31 16:30:00,-1.064,37.855,-43.776
2025-08-01 02:15:00,0.768,38.623,-43.008
2025-08-01 08:05:00,2.385,41.008,-40.623
2025-08-01 12:30:00,-1.062,39.946,-41.685
2025-08-01 21:45:00,0.079,40.025,-41.606
2025-08-02 05:00:00,-1.04,38.985,-42.646
2025-08-02 14:20:00,0.548,39.533,-42.098
2025-08-02 22:40:00,-0.16,39.373,-42.258
2025-08-03 01:00:00,-1.086,38.287,-43.344
2025-08-03 14:15:00,-1.211,37.076,-44.555
2025-08-03 19:20:00,-1.104,35.972,-45.659
2025-08-04 03:35:00,0.295,36.267,-45.364
2025-08-04 11:15:00,-1.14,35.127,-46.504
2025-08-04 16:40:00,2.372,37.499,-44.132
2025-08-04 19:30:00,-1.094,36.405,-45.226
2025-08-05 03:05:00,-1.102,35.303,-46.328
2025-08-05 10:25:00,-1.097,34.206,-47.425
2025-08-05 12:35:00,-1.088,33.118,-48.513
2025-08-05 22:15:00,1.134,34.252,-47.379
2025-08-06 05:10:00,-1.202,33.05,-48.581
2025-08-06 08:45:00,-1.079,31.971,-49.66
2025-08-06 14:55:00,-1.091,30.88,-50.751
2025-08-06 23:05:00,0.52,31.4,-50.231
2025-08-07 10:30:00,2.353,33.753,-47.878
2025-08-07 18:35:00,-0.276,33.477,-48.154
2025-08-08 00:35:00,2.424,35.901,-45.73
2025-08-08 08:40:00,-0.026,35.875,-45.756
2025-08-08 15:40:00,-1.069,34.806,-46.825
2025-08-09 01:35:00,0.551,35.357,-46.274
2025-08-09 05:25:00,2.36,37.717,-43.914
2025-08-09 13:30:00,0.131,37.848,-43.783
2025-08-10 02:55:00,-1.131,36.717,-44.914
2025-08-10 05:25:00,-1.095,35.622,-46.009
2025-08-10 15:40:00,-0.706,34.916,-46.715
2025-08-10 20:25:00,-1.115,33.801,-47.83
2025-08-11 08:00:00,-1.061,32.74,-48.891
2025-08-11 11:50:00,2.401,35.141,-46.49
2025-08-11 19:55:00,0.134,35.275,-46.356
2025-08-12 02:30:00,-1.072,34.203,-47.428
2025-08-12 07:15:00,-1.09,33.113,-48.518
2025-08-12 11:50:00,-1.097,32.016,-49.615
2025-08-12 20:45:00,1.579,33.595,-48.036
2025-08-13 06:00:00,-1.093,32.502,-49.129
2025-08-13 16:05:00,0.021,32.523,-49.108
2025-08-14 04:00:00,1.482,34.005,-47.626
2025-08-14 20:35:00,0.054,34.059,-47.572
2025-08-15 00:10:00,-1.065,32.994,-48.637
2025-08-15 12:30:00,-1.109,31.885,-49.746
2025-08-15 14:00:00,2.366,34.251,-47.38
2025-08-15 22:50:00,0.027,34.278,-47.353
2025-08-16 07:35:00,-1.164,33.114,-48.517
2025-08-16 13:00:00,-1.118,31.996,-49.635
2025-08-16 23:05:00,0.188,32.184,-49.447
2025-08-17 02:55:00,-1.165,31.019,-50.612
2025-08-17 10:00:00,2.381,33.4,-48.231
2025-08-17 15:30:00,2.364,35.764,-45.867
2025-08-17 18:55:00,-1.054,34.71,-46.921
2025-08-17 23:15:00,-1.133,33.577,-48.054
2025-08-18 02:20:00,2.377,35.954,-45.677
2025-08-18 10:25:00,0.778,36.732,-44.899
2025-08-18 22:00:00,-1.09,35.642,-45.989
2025-08-19 00:45:00,-1.146,34.496,-47.135
2025-08-19 11:40:00,-0.359,34.137,-47.494
2025-08-19 22:35:00,0.418,34.555,-47.076
2025-08-20 04:20:00,-1.067,33.488,-48.143
2025-08-20 12:00:00,-1.119,32.369,-49.262
2025-08-20 14:35:00,-1.06,31.309,-50.322
2025-08-21 00:20:00,-0.071,31.238,-50.393
2025-08-21 07:15:00,-1.081,30.157,-51.474
2025-08-21 14:15:00,-1.087,29.07,-52.561
2025-08-21 23:15:00,-0.162,28.908,-52.723
2025-08-22 02:10:00,-1.087,27.821,-53.81
2025-08-22 10:15:00,-1.107,26.714,-54.917
2025-08-22 12:30:00,2.368,29.082,-52.549
2025-08-22 14:00:00,-1.058,28.024,-53.607
2025-08-22 21:45:00,2.471,30.495,-51.136
2025-08-23 01:25:00,-1.049,29.446,-52.185
2025-08-23 12:55:00,0.248,29.694,-51.937
2025-08-23 20:00:00,2.347,32.041,-49.59
2025-08-24 02:45:00,-1.061,30.98,-50.651
2025-08-24 10:30:00,2.368,33.348,-48.283
2025-08-24 15:20:00,-1.072,32.276,-49.355
2025-08-24 19:35:00,-1.053,31.223,-50.408
2025-08-25 02:20:00,-1.048,30.175,-51.456
2025-08-25 04:35:00,-1.059,29.116,-52.515
2025-08-25 08:05:00,2.437,31.553,-50.078
2025-08-25 16:10:00,0.03,31.583,-50.048
2025-08-26 01:05:00,1.409,32.992,-48.639
2025-08-26 12:35:00,-1.096,31.896,-49.735
2025-08-27 03:20:00,-0.509,31.387,-50.244
2025-08-27 07:55:00,-1.092,30.295,-51.336
2025-08-27 09:30:00,-1.13,29.165,-52.466
2025-08-28 03:15:00,-0.233,28.932,-52.699
2025-08-28 08:40:00,2.377,31.309,-50.322
2025-08-28 16:45:00,-0.605,30.704,-50.927
2025-08-28 22:30:00,-1.05,29.654,-51.977
2025-08-29 01:20:00,-1.067,28.587,-53.044
2025-08-29 09:00:00,2.417,31.004,-50.627
2025-08-29 11:10:00,-1.062,29.942,-51.689
2025-08-29 21:50:00,0.346,30.288,-51.343
2025-08-30 02:30:00,-1.18,29.108,-52.523
2025-08-30 13:05:00,2.296,31.404,-50.227
2025-08-30 19:40:00,-1.093,30.311,-51.32
2025-08-31 00:45:00,2.164,32.475,-49.156
2025-08-31 06:25:00,-1.106,31.369,-50.262
2025-08-31 08:35:00,-1.206,30.163,-51.468
2025-08-31 10:15:00,-1.173,28.99,-52.641
2025-08-31 18:20:00,-0.313,28.677,-52.954
2025-08-31 20:00:00,-1.158,27.519,-54.112
2025-09-01 02:25:00,2.394,29.913,-51.718
2025-09-01 07:30:00,-1.086,28.827,-52.804
2025-09-01 15:35:00,-0.161,28.666,-52.965
2025-09-01 20:45:00,2.386,31.052,-50.579
2025-09-02 02:50:00,-1.05,30.002,-51.629
2025-09-02 10:55:00,0.679,30.681,-50.95
2025-09-02 13:35:00,-1.126,29.555,-52.076
2025-09-02 21:40:00,0.519,30.074,-51.557
2025-09-03 05:45:00,-0.431,29.643,-51.988
2025-09-03 16:05:00,1.763,31.406,-50.225
2025-09-03 22:40:00,-1.21,30.196,-51.435
2025-09-04 11:05:00,0.854,31.05,-50.581
2025-09-04 13:35:00,-1.173,29.877,-51.754
2025-09-04 22:10:00,-0.688,29.189,-52.442
2025-09-04 23:40:00,-1.238,27.951,-53.68
2025-09-05 07:05:00,-1.106,26.845,-54.786
2025-09-05 12:50:00,2.345,29.19,-52.441
2025-09-05 14:15:00,-1.064,28.126,-53.505
2025-09-05 22:20:00,-0.059,28.067,-53.564
2025-09-06 07:35:00,-1.192,26.875,-54.756
2025-09-06 16:15:00,1.11,27.985,-53.646
2025-09-06 16:50:00,-1.178,26.807,-54.824
2025-09-06 20:50:00,-1.2,25.607,-56.024
2025-09-07 03:15:00,2.292,27.899,-53.732
2025-09-07 11:20:00,-0.529,27.37,-54.261
2025-09-07 12:50:00,2.349,29.719,-51.912
2025-09-07 20:55:00,0.322,30.041,-51.59
2025-09-08 07:05:00,-0.593,29.448,-52.183
2025-09-08 17:30:00,0.375,29.823,-51.808
2025-09-09 05:55:00,-0.053,29.77,-51.861
2025-09-09 07:15:00,2.378,32.148,-49.483
2025-09-09 14:30:00,-1.055,31.093,-50.538
2025-09-10 03:30:00,0.858,31.951,-49.68
2025-09-10 12:20:00,-1.136,30.815,-50.816
2025-09-10 13:00:00,2.35,33.165,-48.466
2025-09-10 21:05:00,0.077,33.242,-48.389
2025-09-11 06:10:00,0.124,33.366,-48.265
2025-09-11 12:30:00,-1.14,32.226,-49.405
2025-09-11 20:35:00,0.966,33.192,-48.439
2025-09-12 03:35:00,-1.147,32.045,-49.586
2025-09-12 08:15:00,-1.116,30.929,-50.702
2025-09-12 13:30:00,-1.136,29.793,-51.838
2025-09-12 15:40:00,-1.147,28.646,-52.985
2025-09-13 01:15:00,2.384,31.03,-50.601
2025-09-13 02:00:00,-1.115,29.915,-51.716
2025-09-13 06:10:00,2.386,32.301,-49.33
2025-09-13 14:15:00,0.471,32.772,-48.859
2025-09-14 00:45:00,-1.124,31.648,-49.983
2025-09-14 11:15:00,-1.081,30.567,-51.064
2025-09-14 19:30:00,0.579,31.146,-50.485
2025-09-15 02:10:00,-1.085,30.061,-51.57
2025-09-15 06:30:00,-1.13,28.931,-52.7
2025-09-15 08:00:00,2.42,31.351,-50.28
2025-09-15 16:05:00,0.472,31.823,-49.808
2025-09-15 20:50:00,-1.105,30.718,-50.913
2025-09-16 01:25:00,-1.193,29.525,-52.106
2025-09-16 05:05:00,-1.141,28.384,-53.247
2025-09-16 13:45:00,-1.123,27.261,-54.37
2025-09-16 17:10:00,-1.068,26.193,-55.438
2025-09-17 01:15:00,-0.104,26.089,-55.542
2025-09-17 02:50:00,-1.385,24.704,-56.927
2025-09-17 03:40:00,-1.156,23.548,-58.083
2025-09-17 11:45:00,0.87,24.418,-57.213
2025-09-17 17:40:00,-1.115,23.303,-58.328
2025-09-18 03:30:00,2.304,25.607,-56.024
2025-09-18 05:35:00,-1.146,24.461,-57.17
2025-09-18 15:45:00,0.921,25.382,-56.249
2025-09-18 19:25:00,-1.16,24.222,-57.409
2025-09-19 01:00:00,2.442,26.664,-54.967
2025-09-19 09:05:00,-0.738,25.926,-55.705
2025-09-19 23:10:00,1.326,27.252,-54.379
2025-09-20 07:25:00,-0.756,26.496,-55.135
2025-09-20 14:45:00,-1.111,25.385,-56.246
2025-09-21 02:45:00,0.144,25.529,-56.102
2025-09-21 09:30:00,2.269,27.798,-53.833
2025-09-21 17:35:00,0.615,28.413,-53.218
2025-09-22 02:25:00,2.373,30.786,-50.845
2025-09-22 06:00:00,2.408,33.194,-48.437
2025-09-22 14:05:00,-0.549,32.645,-48.986
2025-09-22 19:45:00,2.296,34.941,-46.69
2025-09-22 20:30:00,-1.124,33.817,-47.814
2025-09-23 09:10:00,-0.702,33.115,-48.516
2025-09-24 02:25:00,-0.508,32.607,-49.024
2025-09-24 05:25:00,-1.07,31.537,-50.094
2025-09-24 17:40:00,0.076,31.613,-50.018
2025-09-24 23:35:00,2.259,33.872,-47.759
2025-09-25 04:15:00,2.356,36.228,-45.403
2025-09-25 12:20:00,0.176,36.404,-45.227
2025-09-25 12:45:00,-1.058,35.346,-46.285
2025-09-26 00:45:00,1.779,37.125,-44.506
2025-09-26 12:30:00,-1.073,36.052,-45.579
2025-09-26 23:40:00,0.275,36.327,-45.304
2025-09-27 13:05:00,-0.077,36.25,-45.381
2025-09-27 15:55:00,-1.158,35.092,-46.539
2025-09-27 21:55:00,-1.11,33.982,-47.649
2025-09-28 00:05:00,-1.176,32.806,-48.825
2025-09-28 08:15:00,1.418,34.224,-47.407
2025-09-28 18:55:00,2.183,36.407,-45.224
2025-09-28 22:00:00,2.342,38.749,-42.882
2025-09-29 06:05:00,-0.589,38.16,-43.471
2025-09-29 11:05:00,-1.107,37.053,-44.578
2025-09-29 13:50:00,-1.123,35.93,-45.701
2025-09-29 22:15:00,0.142,36.072,-45.559
2025-09-30 06:45:00,-1.339,34.733,-46.898
2025-09-30 15:10:00,2.367,37.1,-44.531
2025-09-30 19:45:00,-1.066,36.034,-45.597
2025-10-01 04:05:00,0.065,36.099,-45.532
2025-10-01 08:40:00,2.389,38.488,-43.143
2025-10-01 16:45:00,0.047,38.535,-43.096
2025-10-02 02:35:00,1.262,39.797,-41.834
2025-10-02 10:40:00,1.19,40.987,-40.644
2025-10-02 14:50:00,-1.121,39.866,-41.765
2025-10-03 01:35:00,-0.782,39.084,-42.547
2025-10-03 17:00:00,-1.088,37.996,-43.635
2025-10-04 08:35:00,-1.123,36.873,-44.758
2025-10-04 16:40:00,1.556,38.429,-43.202
2025-10-05 02:30:00,-1.123,37.306,-44.325
2025-10-05 10:50:00,0.226,37.532,-44.099
2025-10-05 19:35:00,2.384,39.916,-41.715
2025-10-06 03:40:00,-0.512,39.404,-42.227
2025-10-06 13:50:00,2.38,41.784,-39.847
2025-10-06 21:55:00,0.045,41.829,-39.802
2025-10-07 04:05:00,-1.098,40.731,-40.9
2025-10-07 15:05:00,2.422,43.153,-38.478
2025-10-07 23:10:00,0.043,43.196,-38.435
2025-10-08 00:40:00,-1.188,42.008,-39.623
2025-10-08 10:55:00,-1.1,40.908,-40.723
2025-10-08 14:00:00,-1.18,39.728,-41.903
2025-10-09 01:10:00,-1.057,38.671,-42.96
2025-10-09 08:15:00,2.408,41.079,-40.552
2025-10-09 16:20:00,0.615,41.694,-39.937
2025-10-09 17:35:00,-1.093,40.601,-41.03
2025-10-10 11:30:00,0.788,41.389,-40.242
2025-10-10 13:25:00,2.409,43.798,-37.833
2025-10-10 14:55:00,-1.046,42.752,-38.879
2025-10-10 20:55:00,2.464,45.216,-36.415
2025-10-10 21:15:00,2.485,47.701,-33.93
2025-10-11 05:20:00,-0.656,47.045,-34.586
2025-10-11 19:15:00,2.431,49.476,-32.155
2025-10-12 03:20:00,0.749,50.225,-31.406
2025-10-12 12:05:00,-1.056,49.169,-32.462
2025-10-12 14:45:00,-1.062,48.107,-33.524
2025-10-13 00:05:00,-0.11,47.997,-33.634
2025-10-13 15:10:00,0.085,48.082,-33.549
2025-10-14 02:25:00,-0.708,47.374,-34.257
2025-10-14 06:40:00,2.446,49.82,-31.811
2025-10-14 14:45:00,-0.413,49.407,-32.224
2025-10-15 04:55:00,-1.095,48.312,-33.319
2025-10-15 12:25:00,-1.064,47.248,-34.383
2025-10-15 20:30:00,2.058,49.306,-32.325
2025-10-16 09:45:00,-1.034,48.272,-33.359
2025-10-16 22:20:00,1.109,49.381,-32.25
2025-10-17 07:00:00,2.424,51.805,-29.826
2025-10-17 15:05:00,0.031,51.836,-29.795
2025-10-18 02:05:00,-1.069,50.767,-30.864
2025-10-18 07:00:00,-1.117,49.65,-31.981
2025-10-18 21:20:00,-0.345,49.305,-32.326
2025-10-19 03:40:00,-1.113,48.192,-33.439
2025-10-19 09:45:00,-1.111,47.081,-34.55
2025-10-19 18:25:00,0.586,47.667,-33.964
2025-10-19 23:35:00,-1.148,46.519,-35.112
2025-10-20 05:50:00,2.39,48.909,-32.722
2025-10-20 13:55:00,0.648,49.557,-32.074
2025-10-20 16:00:00,-1.109,48.448,-33.183
2025-10-21 01:00:00,-1.133,47.315,-34.316
2025-10-21 10:10:00,1.532,48.847,-32.784
2025-10-21 15:05:00,2.427,51.274,-30.357
2025-10-21 23:10:00,-0.771,50.503,-31.128
2025-10-22 07:35:00,0.468,50.971,-30.66
2025-10-22 11:20:00,-1.113,49.858,-31.773
2025-10-22 21:10:00,2.42,52.278,-29.353
2025-10-23 05:15:00,-0.745,51.533,-30.098
2025-10-23 13:30:00,-1.171,50.362,-31.269
2025-10-23 20:55:00,-1.073,49.289,-32.342
2025-10-23 23:45:00,-1.113,48.176,-33.455
2025-10-24 04:30:00,2.344,50.52,-31.111
2025-10-24 12:35:00,0.683,51.203,-30.428
2025-10-25 03:15:00,-0.308,50.895,-30.736
2025-10-25 20:20:00,1.366,52.261,-29.37
2025-10-25 21:40:00,-1.216,51.045,-30.586
2025-10-26 00:05:00,-1.18,49.865,-31.766
2025-10-26 09:20:00,2.278,52.143,-29.488
2025-10-26 17:25:00,1.108,53.251,-28.38
2025-10-27 07:35:00,-1.11,52.141,-29.49
2025-10-27 21:20:00,-1.118,51.023,-30.608
2025-10-28 05:25:00,-0.237,50.786,-30.845
2025-10-28 06:50:00,-1.103,49.683,-31.948
2025-10-28 14:45:00,-1.052,48.631,-33.0
2025-10-29 03:20:00,1.084,49.715,-31.916
2025-10-29 10:25:00,-1.104,48.611,-33.02
2025-10-29 14:00:00,-1.209,47.402,-34.229
2025-10-29 17:35:00,-1.074,46.328,-35.303
2025-10-29 18:35:00,-1.054,45.274,-36.357
2025-10-30 04:10:00,2.391,47.665,-33.966
2025-10-30 12:15:00,0.921,48.586,-33.045
2025-10-30 16:00:00,2.434,51.02,-30.611
2025-10-30 19:40:00,2.395,53.415,-28.216
2025-10-30 20:35:00,-1.108,52.307,-29.324
2025-11-01 00:50:00,-0.224,52.083,-29.548
2025-11-01 02:55:00,-1.104,50.979,-30.652
2025-11-01 07:05:00,-1.188,49.791,-31.84
2025-11-01 16:05:00,1.609,51.4,-30.231
2025-11-02 00:25:00,-0.012,51.388,-30.243
2025-11-02 12:50:00,0.154,51.542,-30.089
2025-11-02 16:00:00,2.364,53.906,-27.725
2025-11-02 23:00:00,-1.092,52.814,-28.817
2025-11-03 01:35:00,-1.085,51.729,-29.902
2025-11-03 04:00:00,2.439,54.168,-27.463
2025-11-03 12:05:00,0.044,54.212,-27.419
2025-11-03 23:30:00,0.294,54.506,-27.125
2025-11-04 05:55:00,2.433,56.939,-24.692
2025-11-04 14:00:00,-0.425,56.514,-25.117
2025-11-04 14:40:00,-1.126,55.388,-26.243
2025-11-04 20:15:00,2.466,57.854,-23.777
2025-11-04 23:05:00,-1.02,56.834,-24.797
2025-11-05 02:15:00,-1.026,55.808,-25.823
2025-11-05 11:40:00,-1.06,54.748,-26.883
2025-11-05 14:30:00,-1.075,53.673,-27.958
2025-11-06 00:00:00,0.616,54.289,-27.342
2025-11-06 00:40:00,-1.178,53.111,-28.52
2025-11-06 05:35:00,-1.05,52.061,-29.57
2025-11-06 13:40:00,-0.356,51.705,-29.926
2025-11-06 15:40:00,-1.048,50.657,-30.974
2025-11-06 19:35:00,-1.034,49.623,-32.008
2025-11-07 00:45:00,2.443,52.066,-29.565
2025-11-07 08:50:00,0.468,52.534,-29.097
2025-11-07 11:10:00,-1.049,51.485,-30.146
2025-11-07 17:10:00,2.475,53.96,-27.671
2025-11-08 01:15:00,0.334,54.294,-27.337
2025-11-08 09:45:00,-0.754,53.54,-28.091
2025-11-08 19:20:00,-1.051,52.489,-29.142
2025-11-09 03:15:00,-1.094,51.395,-30.236
2025-11-09 11:45:00,-1.05,50.345,-31.286
2025-11-09 19:50:00,0.669,51.014,-30.617
2025-11-10 08:55:00,-0.621,50.393,-31.238
2025-11-10 14:45:00,-1.047,49.346,-32.285
2025-11-10 22:50:00,-1.031,48.315,-33.316
2025-11-11 06:05:00,-1.035,47.28,-34.351
2025-11-11 14:10:00,0.751,48.031,-33.6
2025-11-11 23:50:00,2.426,50.457,-31.174
2025-11-12 07:55:00,-0.201,50.256,-31.375
2025-11-12 08:25:00,-1.111,49.145,-32.486
2025-11-12 14:15:00,-1.103,48.042,-33.589
2025-11-12 22:50:00,1.071,49.113,-32.518
2025-11-13 03:30:00,-1.136,47.977,-33.654
2025-11-13 14:50:00,-1.062,46.915,-34.716
2025-11-13 23:50:00,1.026,47.941,-33.69
2025-11-14 14:40:00,-1.054,46.887,-34.744
2025-11-15 03:00:00,-1.037,45.85,-35.781
2025-11-15 08:45:00,-1.101,44.749,-36.882
2025-11-15 13:15:00,-1.06,43.689,-37.942
2025-11-15 16:05:00,-1.055,42.634,-38.997
2025-11-15 17:20:00,-1.109,41.525,-40.106
2025-11-16 01:45:00,2.374,43.899,-37.732
2025-11-16 02:15:00,-1.097,42.802,-38.829
2025-11-16 11:20:00,-1.085,41.717,-39.914
2025-11-16 17:30:00,2.442,44.159,-37.472
2025-11-16 18:00:00,-1.062,43.097,-38.534
2025-11-16 22:45:00,-1.058,42.039,-39.592
2025-11-17 13:10:00,-1.104,40.935,-40.696
2025-11-17 14:35:00,-1.095,39.84,-41.791
2025-11-18 00:10:00,0.844,40.684,-40.947
2025-11-18 00:50:00,-1.062,39.622,-42.009
2025-11-19 00:10:00,-0.434,39.188,-42.443
2025-11-19 01:20:00,-1.077,38.111,-43.52
2025-11-19 11:50:00,0.104,38.215,-43.416
2025-11-19 15:05:00,-1.085,37.13,-44.501
2025-11-19 23:35:00,-0.317,36.813,-44.818
2025-11-20 10:05:00,1.299,38.112,-43.519
2025-11-20 14:10:00,-1.071,37.041,-44.59
2025-11-21 00:05:00,1.803,38.844,-42.787
2025-11-21 07:30:00,2.438,41.282,-40.349
2025-11-21 15:35:00,-0.058,41.224,-40.407
2025-11-21 17:00:00,-1.033,40.191,-41.44
2025-11-22 04:20:00,0.802,40.993,-40.638
2025-11-22 12:25:00,-0.171,40.822,-40.809
2025-11-22 20:50:00,-0.187,40.635,-40.996
2025-11-23 12:10:00,-1.155,39.48,-42.151
2025-11-24 01:20:00,0.002,39.482,-42.149
2025-11-24 14:30:00,-1.046,38.436,-43.195
2025-11-24 16:00:00,-1.066,37.37,-44.261
2025-11-24 20:10:00,2.39,39.76,-41.871
2025-11-24 23:30:00,-1.103,38.657,-42.974
2025-11-25 08:50:00,2.401,41.058,-40.573
2025-11-25 14:40:00,2.375,43.433,-38.198
2025-11-25 16:30:00,-1.055,42.378,-39.253
2025-11-26 06:40:00,-0.04,42.338,-39.293
2025-11-26 09:15:00,-1.143,41.195,-40.436
2025-11-26 17:20:00,-0.181,41.014,-40.617
2025-11-27 01:30:00,0.629,41.643,-39.988
2025-11-27 03:25:00,-1.109,40.534,-41.097
2025-11-27 12:50:00,-1.1,39.434,-42.197
2025-11-27 14:25:00,-1.121,38.313,-43.318
2025-11-28 00:00:00,-0.533,37.78,-43.851
2025-11-28 08:10:00,-1.127,36.653,-44.978
2025-11-28 11:15:00,-1.066,35.587,-46.044
2025-11-28 13:45:00,-1.078,34.509,-47.122
2025-11-28 16:25:00,-1.07,33.439,-48.192
2025-11-29 00:30:00,0.423,33.862,-47.769
2025-11-29 04:55:00,-1.196,32.666,-48.965
2025-11-29 14:25:00,0.96,33.626,-48.005
2025-11-30 02:00:00,-1.073,32.553,-49.078
2025-11-30 03:55:00,-1.099,31.454,-50.177
2025-11-30 12:45:00,-1.171,30.283,-51.348
2025-11-30 15:30:00,-1.1,29.183,-52.448
2025-11-30 16:20:00,-1.107,28.076,-53.555
2025-11-30 23:55:00,2.366,30.442,-51.189
2025-12-01 00:50:00,2.46,32.902,-48.729
2025-12-01 08:55:00,0.021,32.923,-48.708
2025-12-01 15:30:00,2.381,35.304,-46.327
2025-12-01 23:35:00,-0.946,34.358,-47.273
2025-12-02 10:05:00,-1.095,33.263,-48.368
2025-12-02 15:00:00,2.368,35.631,-46.0
2025-12-02 23:05:00,1.716,37.347,-44.284
2025-12-03 04:55:00,2.38,39.727,-41.904
2025-12-03 11:15:00,-1.084,38.643,-42.988
2025-12-03 22:45:00,1.017,39.66,-41.971
2025-12-04 05:20:00,-1.064,38.596,-43.035
2025-12-04 07:15:00,-1.115,37.481,-44.15
2025-12-04 17:30:00,-1.074,36.407,-45.224
2025-12-05 03:05:00,-0.497,35.91,-45.721
2025-12-05 12:10:00,1.465,37.375,-44.256
2025-12-05 16:30:00,2.39,39.765,-41.866
2025-12-06 00:35:00,0.597,40.362,-41.269
2025-12-06 13:15:00,-1.134,39.228,-42.403
2025-12-07 03:35:00,-0.339,38.889,-42.742
2025-12-07 05:40:00,-1.156,37.733,-43.898
2025-12-07 14:25:00,2.421,40.154,-41.477
2025-12-07 15:55:00,-1.067,39.087,-42.544
2025-12-07 21:55:00,-1.077,38.01,-43.621
2025-12-08 06:00:00,-0.577,37.433,-44.198
2025-12-08 14:15:00,0.066,37.499,-44.132
2025-12-08 15:10:00,-1.09,36.409,-45.222
2025-12-08 23:30:00,-0.006,36.403,-45.228
2025-12-09 09:50:00,0.165,36.568,-45.063
2025-12-09 11:45:00,-1.157,35.411,-46.22
2025-12-09 15:35:00,2.38,37.791,-43.84
2025-12-09 16:25:00,2.46,40.251,-41.38
2025-12-10 00:30:00,-0.289,39.962,-41.669
2025-12-10 10:25:00,-1.073,38.889,-42.742
2025-12-10 17:20:00,2.339,41.228,-40.403
2025-12-10 19:00:00,-1.103,40.125,-41.506
2025-12-10 20:15:00,2.421,42.546,-39.085
2025-12-10 20:50:00,-1.059,41.487,-40.144
2025-12-11 02:00:00,2.429,43.916,-37.715
2025-12-11 10:05:00,0.874,44.79,-36.841
2025-12-11 18:15:00,1.092,45.882,-35.749
2025-12-12 02:30:00,-1.054,44.828,-36.803
2025-12-12 14:35:00,-1.109,43.719,-37.912
2025-12-12 15:55:00,2.423,46.142,-35.489
2025-12-13 00:00:00,-0.517,45.625,-36.006
2025-12-13 12:00:00,-1.166,44.459,-37.172
2025-12-13 17:30:00,-1.126,43.333,-38.298
2025-12-14 02:05:00,-0.687,42.646,-38.985
2025-12-14 10:10:00,2.338,44.984,-36.647
2025-12-14 11:40:00,2.301,47.285,-34.346
2025-12-14 19:45:00,0.19,47.475,-34.156
2025-12-15 00:20:00,-1.142,46.333,-35.298
2025-12-15 15:00:00,2.392,48.725,-32.906
2025-12-15 23:05:00,0.226,48.951,-32.68
2025-12-16 06:25:00,-1.082,47.869,-33.762
2025-12-16 22:00:00,-0.394,47.475,-34.156
2025-12-17 01:10:00,-1.206,46.269,-35.362
2025-12-17 10:15:00,0.67,46.939,-34.692
2025-12-17 14:45:00,-1.076,45.863,-35.768
2025-12-17 16:15:00,-1.034,44.829,-36.802
2025-12-18 00:20:00,0.294,45.123,-36.508
2025-12-18 02:15:00,-1.095,44.028,-37.603
2025-12-18 11:35:00,-0.701,43.327,-38.304
2025-12-18 17:10:00,-1.077,42.25,-39.381
2025-12-19 01:15:00,0.639,42.889,-38.742
2025-12-19 03:00:00,-1.088,41.801,-39.83
2025-12-19 15:15:00,2.357,44.158,-37.473
2025-12-19 23:20:00,0.358,44.516,-37.115
2025-12-20 08:20:00,2.285,46.801,-34.83
2025-12-20 13:20:00,-1.067,45.734,-35.897
2025-12-20 23:30:00,-0.258,45.476,-36.155
2025-12-21 08:30:00,-1.18,44.296,-37.335
2025-12-21 12:40:00,-1.164,43.132,-38.499
2025-12-21 13:30:00,2.39,45.522,-36.109
2025-12-21 21:35:00,-0.134,45.388,-36.243
2025-12-21 22:50:00,-1.102,44.286,-37.345
2025-12-22 08:20:00,-1.058,43.228,-38.403
2025-12-22 18:50:00,-1.107,42.121,-39.51
2025-12-22 19:45:00,2.352,44.473,-37.158
2025-12-23 03:50:00,-0.08,44.393,-37.238
2025-12-23 10:50:00,-1.134,43.259,-38.372
2025-12-23 14:55:00,2.291,45.55,-36.081
2025-12-23 16:00:00,-1.102,44.448,-37.183
2025-12-24 10:35:00,0.981,45.429,-36.202
2025-12-24 16:30:00,-1.13,44.299,-37.332
2025-12-24 19:45:00,-1.237,43.062,-38.569
2025-12-25 07:30:00,-1.231,41.831,-39.8
2025-12-25 10:35:00,2.258,44.089,-37.542
2025-12-25 15:40:00,-1.069,43.02,-38.611
2025-12-26 02:15:00,-1.075,41.945,-39.686
2025-12-26 10:20:00,-0.415,41.53,-40.101
2025-12-26 12:15:00,-1.109,40.421,-41.21
2025-12-26 14:45:00,-1.162,39.259,-42.372
2025-12-26 22:55:00,-0.915,38.344,-43.287
2025-12-27 03:20:00,2.338,40.682,-40.949
2025-12-27 10:25:00,-1.077,39.605,-42.026
2025-12-27 15:45:00,2.408,42.013,-39.618
2025-12-27 23:10:00,2.446,44.459,-37.172
2025-12-28 07:15:00,-0.086,44.373,-37.258
2025-12-28 09:30:00,-1.191,43.182,-38.449
2025-12-28 16:10:00,-1.161,42.021,-39.61
2025-12-29 03:40:00,2.385,44.406,-37.225
2025-12-29 09:35:00,-1.059,43.347,-38.284
2025-12-29 15:40:00,-1.068,42.279,-39.352
2025-12-29 18:55:00,-1.057,41.222,-40.409
2025-12-30 07:45:00,0.651,41.873,-39.758
2025-12-30 14:50:00,-1.087,40.786,-40.845
2025-12-30 23:50:00,-0.881,39.905,-41.726
2025-12-31 01:10:00,-1.134,38.771,-42.86
2025-12-31 11:10:00,-1.213,37.558,-44.073
2025-12-31 16:25:00,-1.133,36.425,-45.206
2025-12-31 16:40:00,2.337,38.762,-42.869
2026-01-01 00:45:00,-0.233,38.529,-43.102
2026-01-01 05:05:00,-1.173,37.356,-44.275
2026-01-01 13:05:00,2.236,39.592,-42.039
2026-01-01 15:40:00,2.417,42.009,-39.622
2026-01-01 18:25:00,2.44,44.449,-37.182
2026-01-02 02:30:00,0.745,45.194,-36.437
2026-01-02 17:50:00,1.087,46.281,-35.35
2026-01-02 19:35:00,2.372,48.653,-32.978
2026-01-03 03:40:00,0.913,49.566,-32.065
2026-01-03 17:10:00,-1.22,48.346,-33.285
2026-01-04 06:40:00,-1.209,47.137,-34.494
2026-01-04 17:55:00,0.96,48.097,-33.534
2026-01-05 04:30:00,-1.065,47.032,-34.599
2026-01-05 09:00:00,-1.076,45.956,-35.675
2026-01-05 12:45:00,-1.122,44.834,-36.797
2026-01-05 15:45:00,2.407,47.241,-34.39
2026-01-05 23:50:00,0.093,47.334,-34.297
2026-01-06 07:50:00,-1.049,46.285,-35.346
2026-01-06 15:50:00,-1.084,45.201,-36.43
2026-01-06 23:10:00,-1.041,44.16,-37.471
2026-01-07 00:45:00,-1.075,43.085,-38.546
2026-01-07 09:45:00,-1.094,41.991,-39.64
2026-01-07 17:50:00,0.489,42.48,-39.151
2026-01-08 05:35:00,-1.091,41.389,-40.242
2026-01-08 14:20:00,0.372,41.761,-39.87
2026-01-08 23:10:00,-0.148,41.613,-40.018
2026-01-09 01:35:00,2.321,43.934,-37.697
2026-01-09 09:40:00,0.014,43.948,-37.683
2026-01-09 15:25:00,-1.065,42.883,-38.748
2026-01-09 19:20:00,-1.03,41.853,-39.778
2026-01-09 21:25:00,-1.09,40.763,-40.868
2026-01-10 01:15:00,-1.274,39.489,-42.142
2026-01-10 05:35:00,-1.118,38.371,-43.26
2026-01-10 17:50:00,-1.238,37.133,-44.498
2026-01-10 19:25:00,-1.118,36.015,-45.616
2026-01-10 22:00:00,-1.132,34.883,-46.748
2026-01-11 06:05:00,-0.789,34.094,-47.537
2026-01-11 06:20:00,-1.23,32.864,-48.767
2026-01-11 14:40:00,-1.168,31.696,-49.935
2026-01-11 23:00:00,2.389,34.085,-47.546
2026-01-12 00:15:00,-1.068,33.017,-48.614
2026-01-12 08:35:00,-1.056,31.961,-49.67
2026-01-12 15:40:00,-1.066,30.895,-50.736
2026-01-13 02:00:00,-1.063,29.832,-51.799
2026-01-13 13:20:00,0.329,30.161,-51.47
2026-01-13 14:30:00,2.43,32.591,-49.04
2026-01-13 22:35:00,1.027,33.618,-48.013
2026-01-14 07:05:00,-0.423,33.195,-48.436
2026-01-14 17:50:00,-1.061,32.134,-49.497
2026-01-15 10:55:00,-0.488,31.646,-49.985
2026-01-15 14:35:00,-1.119,30.527,-51.104
2026-01-15 22:40:00,1.703,32.23,-49.401
2026-01-16 05:35:00,-1.211,31.019,-50.612
2026-01-16 15:25:00,2.301,33.32,-48.311
2026-01-16 20:50:00,-1.056,32.264,-49.367
2026-01-17 07:30:00,2.216,34.48,-47.151
2026-01-17 10:15:00,2.404,36.884,-44.747
2026-01-17 12:00:00,-1.055,35.829,-45.802
2026-01-17 16:30:00,-1.091,34.738,-46.893
2026-01-18 01:10:00,-1.086,33.652,-47.979
2026-01-18 10:35:00,1.301,34.953,-46.678
2026-01-18 14:15:00,-1.16,33.793,-47.838
2026-01-18 23:20:00,-1.059,32.734,-48.897
2026-01-19 00:00:00,2.454,35.188,-46.443
2026-01-19 08:05:00,0.03,35.218,-46.413
2026-01-19 23:30:00,-1.124,34.094,-47.537
2026-01-20 14:35:00,0.443,34.537,-47.094
2026-01-20 23:10:00,0.876,35.413,-46.218
2026-01-21 14:15:00,-1.11,34.303,-47.328
2026-01-21 16:40:00,-1.04,33.263,-48.368
2026-01-21 19:35:00,-1.029,32.234,-49.397
2026-01-22 03:40:00,-0.23,32.004,-49.627
2026-01-22 09:15:00,-1.187,30.817,-50.814
2026-01-22 13:30:00,-1.143,29.674,-51.957
2026-01-22 21:45:00,0.465,30.139,-51.492
2026-01-23 08:45:00,-1.099,29.04,-52.591
2026-01-23 11:35:00,-1.104,27.936,-53.695
2026-01-23 16:40:00,-1.077,26.859,-54.772
2026-01-23 20:25:00,-1.066,25.793,-55.838
2026-01-24 03:25:00,-1.106,24.687,-56.944
2026-01-24 16:00:00,1.605,26.292,-55.339
2026-01-24 18:35:00,-1.109,25.183,-56.448
2026-01-25 03:15:00,-1.159,24.024,-57.607
2026-01-25 11:35:00,-0.135,23.889,-57.742
2026-01-25 16:15:00,2.377,26.266,-55.365
2026-01-26 00:20:00,0.272,26.538,-55.093
2026-01-26 15:10:00,2.347,28.885,-52.746
2026-01-27 05:45:00,-0.373,28.512,-53.119
2026-01-27 13:20:00,2.294,30.806,-50.825
2026-01-27 14:15:00,-1.116,29.69,-51.941
2026-01-27 17:40:00,-1.08,28.61,-53.021
2026-01-27 20:15:00,-1.039,27.571,-54.06
2026-01-28 03:50:00,-1.098,26.473,-55.158
2026-01-28 09:35:00,-1.154,25.319,-56.312
2026-01-28 15:05:00,-1.081,24.238,-57.393
2026-01-28 20:25:00,-1.093,23.145,-58.486
2026-01-29 00:35:00,-1.068,22.077,-59.554
2026-01-29 10:35:00,1.042,23.119,-58.512
2026-01-29 14:55:00,2.323,25.442,-56.189
2026-01-29 23:00:00,0.636,26.078,-55.553
2026-01-30 01:40:00,2.391,28.469,-53.162
2026-01-30 09:45:00,0.027,28.496,-53.135
2026-01-31 08:15:00,2.378,30.874,-50.757
2026-01-31 14:25:00,2.423,33.297,-48.334
2026-01-31 22:30:00,0.478,33.775,-47.856
2026-02-01 10:10:00,-1.107,32.668,-48.963
2026-02-01 18:50:00,0.975,33.643,-47.988
2026-02-02 09:45:00,-1.027,32.616,-49.015
2026-02-02 23:15:00,-0.186,32.43,-49.201
2026-02-03 04:40:00,-1.143,31.287,-50.344
2026-02-03 17:30:00,0.744,32.031,-49.6
2026-02-03 19:20:00,-1.061,30.97,-50.661
2026-02-04 04:30:00,0.104,31.074,-50.557
2026-02-04 07:35:00,-1.082,29.992,-51.639
2026-02-04 11:00:00,2.176,32.168,-49.463
2026-02-04 14:30:00,2.367,34.535,-47.096
2026-02-04 22:35:00,-0.069,34.466,-47.165
2026-02-05 05:40:00,-1.103,33.363,-48.268
2026-02-05 15:10:00,2.431,35.794,-45.837
2026-02-05 23:15:00,0.789,36.583,-45.048
2026-02-06 05:50:00,-1.009,35.574,-46.057
2026-02-07 00:10:00,0.0,35.574,-46.057
2026-02-07 03:10:00,-1.067,34.507,-47.124
2026-02-07 06:55:00,-1.067,33.44,-48.191
2026-02-07 15:00:00,0.146,33.586,-48.045
2026-02-08 00:10:00,-0.194,33.392,-48.239
2026-02-08 08:30:00,-1.097,32.295,-49.336
2026-02-08 16:35:00,-0.935,31.36,-50.271
2026-02-08 18:35:00,-1.098,30.262,-51.369
2026-02-08 23:00:00,-1.12,29.142,-52.489
2026-02-09 07:40:00,0.333,29.475,-52.156
2026-02-09 10:20:00,2.364,31.839,-49.792
2026-02-09 14:35:00,-1.083,30.756,-50.875
2026-02-09 16:45:00,-1.041,29.715,-51.916
2026-02-10 01:40:00,-0.417,29.298,-52.333
2026-02-10 10:50:00,2.399,31.697,-49.934
2026-02-10 15:25:00,-1.112,30.585,-51.046
2026-02-11 06:15:00,2.404,32.989,-48.642
2026-02-11 14:00:00,-1.072,31.917,-49.714
2026-02-11 23:10:00,-0.443,31.474,-50.157
2026-02-12 01:35:00,-1.047,30.427,-51.204
2026-02-12 10:35:00,0.819,31.246,-50.385
2026-02-12 12:30:00,-1.119,30.127,-51.504
2026-02-12 23:55:00,-0.319,29.808,-51.823
2026-02-13 00:30:00,-1.148,28.66,-52.971
2026-02-13 05:05:00,2.278,30.938,-50.693
2026-02-13 07:10:00,-1.128,29.81,-51.821
2026-02-13 14:45:00,2.355,32.165,-49.466
2026-02-13 22:50:00,1.904,34.069,-47.562
2026-02-14 08:55:00,1.457,35.526,-46.105
2026-02-14 17:05:00,1.8,37.326,-44.305
2026-02-15 01:20:00,-0.227,37.099,-44.532
2026-02-15 12:10:00,-1.052,36.047,-45.584
2026-02-15 17:45:00,2.421,38.468,-43.163
2026-02-16 01:50:00,-0.579,37.889,-43.742
2026-02-16 05:15:00,-1.117,36.772,-44.859
2026-02-16 12:25:00,-1.058,35.714,-45.917
2026-02-16 15:30:00,-1.048,34.666,-46.965
2026-02-16 20:50:00,-1.046,33.62,-48.011
2026-02-17 05:15:00,-0.236,33.384,-48.247
2026-02-17 16:35:00,-1.094,32.29,-49.341
2026-02-17 17:45:00,-1.044,31.246,-50.385
2026-02-18 02:30:00,-1.181,30.065,-51.566
2026-02-18 11:05:00,-1.133,28.932,-52.699
2026-02-18 15:35:00,-1.065,27.867,-53.764
2026-02-19 02:45:00,0.168,28.035,-53.596
2026-02-19 16:30:00,1.101,29.136,-52.495
2026-02-20 05:30:00,-1.085,28.051,-53.58
2026-02-20 11:35:00,-1.134,26.917,-54.714
2026-02-20 15:00:00,-1.097,25.82,-55.811
2026-02-20 23:05:00,0.254,26.074,-55.557
2026-02-21 13:15:00,1.275,27.349,-54.282
2026-02-22 02:30:00,-1.269,26.08,-55.551
2026-02-22 13:20:00,1.891,27.971,-53.66
2026-02-22 22:15:00,0.942,28.913,-52.718
2026-02-23 01:00:00,2.418,31.331,-50.3
2026-02-23 09:05:00,-0.18,31.151,-50.48
2026-02-24 00:05:00,0.226,31.377,-50.254
2026-02-24 09:15:00,1.151,32.528,-49.103
2026-02-24 17:35:00,-0.686,31.842,-49.789
2026-02-25 09:20:00,0.059,31.901,-49.73
2026-02-25 11:25:00,2.442,34.343,-47.288
2026-02-25 12:30:00,2.448,36.791,-44.84
2026-02-25 17:50:00,2.476,39.267,-42.364
2026-02-25 21:35:00,2.472,41.739,-39.892
2026-02-26 00:05:00,-1.017,40.722,-40.909
2026-02-26 11:35:00,-1.043,39.679,-41.952
2026-02-26 14:50:00,-1.036,38.643,-42.988
2026-02-27 02:45:00,2.436,41.079,-40.552
2026-02-27 05:05:00,-1.045,40.034,-41.597
2026-02-28 02:05:00,0.046,40.08,-41.551
2026-02-28 04:10:00,-1.048,39.032,-42.599
2026-02-28 12:15:00,1.514,40.546,-41.085
2026-03-01 02:15:00,1.531,42.077,-39.554
2026-03-01 08:00:00,-1.075,41.002,-40.629
2026-03-01 17:05:00,1.694,42.696,-38.935
2026-03-02 00:40:00,-1.06,41.636,-39.995
2026-03-02 06:15:00,-1.046,40.59,-41.041
2026-03-02 14:20:00,0.294,40.884,-40.747
2026-03-02 23:10:00,-0.937,39.947,-41.684
2026-03-03 07:55:00,-1.078,38.869,-42.762
2026-03-03 14:20:00,-1.056,37.813,-43.818
2026-03-04 00:10:00,-0.022,37.791,-43.84
2026-03-04 02:35:00,-1.181,36.61,-45.021
2026-03-04 08:45:00,-1.05,35.56,-46.071
2026-03-04 12:15:00,-1.068,34.492,-47.139
2026-03-04 14:30:00,-1.059,33.433,-48.198
2026-03-05 00:00:00,-0.536,32.897,-48.734
2026-03-05 05:30:00,-1.08,31.817,-49.814
2026-03-05 13:40:00,-0.158,31.659,-49.972
2026-03-05 15:10:00,-1.111,30.548,-51.083
2026-03-05 20:15:00,-1.032,29.516,-52.115
2026-03-06 04:20:00,-0.382,29.134,-52.497
2026-03-06 09:10:00,-1.083,28.051,-53.58
2026-03-06 14:00:00,2.384,30.435,-51.196
2026-03-06 22:05:00,0.211,30.646,-50.985
2026-03-07 17:05:00,0.245,30.891,-50.74
2026-03-08 02:05:00,1.48,32.371,-49.26
2026-03-08 07:05:00,-1.082,31.289,-50.342
2026-03-08 13:25:00,-1.068,30.221,-51.41
2026-03-08 21:30:00,0.432,30.653,-50.978
2026-03-09 00:30:00,-1.048,29.605,-52.026
2026-03-09 07:15:00,-1.075,28.53,-53.101
2026-03-09 21:15:00,0.568,29.098,-52.533
2026-03-10 08:50:00,0.554,29.652,-51.979
2026-03-10 11:00:00,-1.084,28.568,-53.063
2026-03-10 18:40:00,-1.064,27.504,-54.127
2026-03-11 02:45:00,0.532,28.036,-53.595
2026-03-11 07:05:00,-1.09,26.946,-54.685
2026-03-11 20:15:00,1.313,28.259,-53.372
2026-03-12 03:45:00,2.202,30.461,-51.17
2026-03-12 07:30:00,-1.134,29.327,-52.304
2026-03-12 13:15:00,-1.158,28.169,-53.462
2026-03-12 19:25:00,-1.122,27.047,-54.584
2026-03-13 03:30:00,0.817,27.864,-53.767
2026-03-13 12:45:00,-1.109,26.755,-54.876
2026-03-13 14:55:00,-1.051,25.704,-55.927
2026-03-13 23:05:00,1.52,27.224,-54.407
2026-03-14 09:35:00,1.409,28.633,-52.998
2026-03-14 12:20:00,-1.131,27.502,-54.129
2026-03-14 19:55:00,2.254,29.756,-51.875
2026-03-15 02:45:00,-1.11,28.646,-52.985
2026-03-15 21:15:00,-0.075,28.571,-53.06
2026-03-16 03:30:00,2.405,30.976,-50.655
2026-03-16 08:10:00,2.468,33.444,-48.187
2026-03-16 10:30:00,-1.064,32.38,-49.251
2026-03-16 14:30:00,-1.03,31.35,-50.281
2026-03-16 20:35:00,2.406,33.756,-47.875
2026-03-17 03:30:00,-1.038,32.718,-48.913
2026-03-17 12:25:00,-1.08,31.638,-49.993
2026-03-18 02:10:00,1.907,33.545,-48.086
2026-03-18 07:00:00,-1.097,32.448,-49.183
2026-03-18 11:30:00,-1.092,31.356,-50.275
2026-03-18 20:10:00,0.945,32.301,-49.33
2026-03-18 23:35:00,-1.089,31.212,-50.419
2026-03-19 03:15:00,-1.205,30.007,-51.624
2026-03-19 13:30:00,1.353,31.36,-50.271
2026-03-19 17:15:00,2.355,33.715,-47.916
2026-03-20 01:00:00,-1.085,32.63,-49.001
2026-03-20 17:25:00,0.263,32.893,-48.738
2026-03-21 01:30:00,0.367,33.26,-48.371
2026-03-21 15:50:00,-0.452,32.808,-48.823
2026-03-21 20:55:00,-1.213,31.595,-50.036
2026-03-21 23:50:00,2.282,33.877,-47.754
2026-03-22 07:55:00,0.526,34.403,-47.228
2026-03-22 11:55:00,2.334,36.737,-44.894
2026-03-22 12:15:00,-1.209,35.528,-46.103
2026-03-22 21:05:00,2.385,37.913,-43.718
2026-03-22 22:25:00,-1.132,36.781,-44.85
2026-03-23 11:05:00,-1.133,35.648,-45.983
2026-03-23 19:10:00,-0.707,34.941,-46.69
2026-03-24 03:35:00,0.692,35.633,-45.998
2026-03-24 19:15:00,0.882,36.515,-45.116
2026-03-25 11:15:00,-0.015,36.5,-45.131
2026-03-25 21:45:00,1.932,38.432,-43.199
2026-03-26 10:35:00,1.905,40.337,-41.294
2026-03-26 20:10:00,-1.082,39.255,-42.376
2026-03-27 10:35:00,2.401,41.656,-39.975
2026-03-27 18:40:00,0.281,41.937,-39.694
2026-03-27 20:00:00,-1.162,40.775,-40.856
2026-03-28 05:45:00,-1.092,39.683,-41.948
2026-03-28 13:40:00,-1.1,38.583,-43.048
2026-03-28 23:10:00,2.368,40.951,-40.68
2026-03-29 06:00:00,-1.103,39.848,-41.783
2026-03-29 11:05:00,-1.15,38.698,-42.933
2026-03-29 20:35:00,-0.02,38.678,-42.953
2026-03-30 00:15:00,-1.057,37.621,-44.01
2026-03-30 09:30:00,-1.153,36.468,-45.163
2026-03-30 10:50:00,-1.395,35.073,-46.558
2026-03-30 13:55:00,-1.108,33.965,-47.666
2026-03-30 22:00:00,0.927,34.892,-46.739
2026-03-31 07:45:00,-1.139,33.753,-47.878
2026-03-31 13:30:00,-1.1,32.653,-48.978
2026-03-31 21:35:00,0.042,32.695,-48.936
2026-04-01 03:05:00,-1.215,31.48,-50.151
2026-04-01 11:10:00,0.593,32.073,-49.558
2026-04-02 02:15:00,2.395,34.468,-47.163
2026-04-02 10:20:00,0.2,34.668,-46.963
2026-04-02 11:40:00,-1.178,33.49,-48.141
2026-04-02 14:30:00,-1.141,32.349,-49.282
2026-04-03 08:05:00,1.148,33.497,-48.134
2026-04-03 13:45:00,-1.127,32.37,-49.261
2026-04-04 03:05:00,0.149,32.519,-49.112
2026-04-04 11:50:00,1.139,33.658,-47.973
2026-04-04 19:55:00,-0.205,33.453,-48.178
2026-04-05 06:10:00,2.265,35.718,-45.913
2026-04-05 14:15:00,0.055,35.773,-45.858
2026-04-06 02:10:00,2.394,38.167,-43.464
2026-04-06 10:15:00,1.269,39.436,-42.195
2026-04-06 14:35:00,-1.07,38.366,-43.265
2026-04-07 06:05:00,2.232,40.598,-41.033
2026-04-07 07:30:00,-1.134,39.464,-42.167
2026-04-07 14:05:00,2.315,41.779,-39.852
2026-04-07 19:50:00,-1.059,40.72,-40.911
2026-04-07 22:30:00,2.426,43.146,-38.485
2026-04-08 06:35:00,0.508,43.654,-37.977
2026-04-09 02:50:00,1.368,45.022,-36.609
2026-04-09 05:35:00,-1.407,43.615,-38.016
2026-04-09 10:40:00,-1.135,42.48,-39.151
2026-04-09 14:45:00,-1.103,41.377,-40.254
2026-04-09 22:15:00,2.451,43.828,-37.803
2026-04-09 23:30:00,-1.037,42.791,-38.84
2026-04-10 07:15:00,-1.101,41.69,-39.941
2026-04-10 15:20:00,2.367,44.057,-37.574
2026-04-10 17:35:00,-1.065,42.992,-38.639
2026-04-10 20:35:00,-1.15,41.842,-39.789
2026-04-11 09:05:00,1.246,43.088,-38.543
2026-04-11 16:10:00,-1.084,42.004,-39.627
2026-04-11 19:25:00,2.37,44.374,-37.257
2026-04-11 23:05:00,-1.055,43.319,-38.312
2026-04-12 05:15:00,2.439,45.758,-35.873
2026-04-12 13:20:00,0.004,45.762,-35.869
2026-04-13 04:50:00,2.425,48.187,-33.444
2026-04-13 12:55:00,0.296,48.483,-33.148
2026-04-13 22:15:00,-1.044,47.439,-34.192
2026-04-14 05:50:00,-1.052,46.387,-35.244
2026-04-14 13:55:00,-0.046,46.341,-35.29
2026-04-14 22:40:00,0.923,47.264,-34.367
2026-04-15 14:05:00,-0.521,46.743,-34.888
2026-04-16 00:15:00,-1.092,45.651,-35.98
2026-04-16 02:25:00,-1.114,44.537,-37.094
2026-04-16 06:35:00,2.431,46.968,-34.663
2026-04-16 12:15:00,2.415,49.383,-32.248
2026-04-16 19:40:00,2.445,51.828,-29.803
2026-04-16 21:25:00,-1.057,50.771,-30.86
2026-04-17 14:15:00,1.902,52.673,-28.958
2026-04-17 15:00:00,-1.134,51.539,-30.092
2026-04-17 20:40:00,-1.063,50.476,-31.155
2026-04-17 23:15:00,-1.095,49.381,-32.25
2026-04-18 08:00:00,-1.154,48.227,-33.404
2026-04-18 18:35:00,0.897,49.124,-32.507
2026-04-19 02:40:00,0.108,49.232,-32.399
2026-04-19 11:05:00,-1.111,48.121,-33.51
2026-04-19 23:35:00,1.494,49.615,-32.016
2026-04-20 06:40:00,-1.079,48.536,-33.095
2026-04-21 02:05:00,-0.399,48.137,-33.494
2026-04-21 08:45:00,-1.101,47.036,-34.595
2026-04-21 12:05:00,-1.151,45.885,-35.746
2026-04-21 14:40:00,-1.108,44.777,-36.854
2026-04-21 23:45:00,-1.075,43.702,-37.929
2026-04-22 05:10:00,2.38,46.082,-35.549
2026-04-22 13:15:00,-0.347,45.735,-35.896
2026-04-23 02:30:00,2.375,48.11,-33.521
2026-04-23 10:35:00,1.341,49.451,-32.18
2026-04-23 14:25:00,-1.319,48.132,-33.499
2026-04-24 01:10:00,-0.546,47.586,-34.045
2026-04-24 11:00:00,-1.083,46.503,-35.128
2026-04-24 19:10:00,0.1,46.603,-35.028
2026-04-25 01:15:00,-1.093,45.51,-36.121
2026-04-25 09:20:00,0.609,46.119,-35.512
2026-04-25 11:05:00,-1.248,44.871,-36.76
2026-04-25 19:25:00,2.142,47.013,-34.618
2026-04-25 21:00:00,-1.179,45.834,-35.797
2026-04-26 04:45:00,-1.254,44.58,-37.051
2026-04-26 13:15:00,0.289,44.869,-36.762
2026-04-26 21:30:00,-1.163,43.706,-37.925
2026-04-27 05:15:00,2.259,45.965,-35.666
2026-04-27 13:20:00,0.753,46.718,-34.913
2026-04-27 23:20:00,-0.575,46.143,-35.488
2026-04-28 04:15:00,-1.135,45.008,-36.623
2026-04-28 15:15:00,-0.776,44.232,-37.399
2026-04-28 21:10:00,-1.232,43.0,-38.631
2026-04-29 09:50:00,2.31,45.31,-36.321
2026-04-29 12:15:00,-1.078,44.232,-37.399
2026-04-29 18:05:00,2.431,46.663,-34.968
2026-04-30 00:35:00,-1.035,45.628,-36.003
2026-04-30 10:40:00,-0.262,45.366,-36.265
2026-05-01 03:15:00,-1.226,44.14,-37.491
2026-05-01 12:30:00,-1.201,42.939,-38.692
2026-05-01 14:25:00,2.273,45.212,-36.419
2026-05-01 15:10:00,-1.078,44.134,-37.497
2026-05-02 00:30:00,0.235,44.369,-37.262
2026-05-02 09:15:00,-1.175,43.194,-38.437
2026-05-02 17:20:00,0.159,43.353,-38.278
2026-05-03 02:10:00,-1.132,42.221,-39.41
2026-05-03 08:15:00,-1.126,41.095,-40.536
2026-05-03 19:30:00,-1.139,39.956,-41.675
2026-05-03 21:40:00,-1.294,38.662,-42.969
2026-05-03 22:10:00,-1.099,37.563,-44.068
2026-05-04 01:30:00,-1.083,36.48,-45.151
2026-05-04 10:00:00,-0.118,36.362,-45.269
2026-05-04 18:05:00,-0.696,35.666,-45.965
2026-05-05 05:45:00,0.371,36.037,-45.594
2026-05-05 12:30:00,2.322,38.359,-43.272
2026-05-05 16:40:00,-1.081,37.278,-44.353
2026-05-06 03:30:00,2.36,39.638,-41.993
2026-05-06 11:35:00,0.826,40.464,-41.167
2026-05-06 21:10:00,-1.108,39.356,-42.275
2026-05-07 01:00:00,-1.069,38.287,-43.344
2026-05-07 12:30:00,0.978,39.265,-42.366
2026-05-07 13:45:00,-1.107,38.158,-43.473
2026-05-08 00:40:00,-1.161,36.997,-44.634
2026-05-08 12:35:00,-0.257,36.74,-44.891
2026-05-08 21:05:00,2.437,39.177,-42.454
2026-05-09 05:10:00,-0.692,38.485,-43.146
2026-05-09 17:10:00,-1.124,37.361,-44.27
2026-05-10 00:00:00,-1.145,36.216,-45.415
2026-05-10 08:05:00,-0.987,35.229,-46.402
2026-05-10 16:10:00,2.38,37.609,-44.022
2026-05-10 20:45:00,-1.07,36.539,-45.092
2026-05-11 10:15:00,-0.901,35.638,-45.993
2026-05-11 15:25:00,-1.144,34.494,-47.137
2026-05-11 23:30:00,-0.322,34.172,-47.459
2026-05-12 09:35:00,0.064,34.236,-47.395
2026-05-12 18:35:00,0.632,34.868,-46.763
2026-05-13 03:30:00,2.41,37.278,-44.353
2026-05-13 11:35:00,-0.021,37.257,-44.374
2026-05-13 14:00:00,2.419,39.676,-41.955
2026-05-13 22:05:00,0.489,40.165,-41.466
2026-05-14 11:10:00,-0.351,39.814,-41.817
2026-05-14 16:30:00,2.391,42.205,-39.426
2026-05-15 00:35:00,-0.518,41.687,-39.944
2026-05-15 13:00:00,0.76,42.447,-39.184
2026-05-15 13:50:00,2.362,44.809,-36.822
2026-05-15 21:55:00,-0.121,44.688,-36.943
2026-05-16 06:40:00,2.341,47.029,-34.602
2026-05-16 14:45:00,0.483,47.512,-34.119
2026-05-17 01:00:00,2.252,49.764,-31.867
2026-05-17 04:00:00,-1.148,48.616,-33.015
2026-05-17 21:20:00,-0.549,48.067,-33.564
2026-05-17 23:40:00,2.39,50.457,-31.174
2026-05-18 07:45:00,0.367,50.824,-30.807
2026-05-18 21:30:00,-1.093,49.731,-31.9
2026-05-19 09:30:00,0.314,50.045,-31.586
2026-05-19 18:25:00,0.686,50.731,-30.9
2026-05-20 05:05:00,-1.1,49.631,-32.0
2026-05-20 13:10:00,-0.456,49.175,-32.456
2026-05-20 14:15:00,-1.112,48.063,-33.568
2026-05-20 22:20:00,0.062,48.125,-33.506
2026-05-21 04:55:00,2.376,50.501,-31.13
2026-05-21 05:30:00,-1.11,49.391,-32.24
2026-05-21 17:25:00,-1.118,48.273,-33.358
2026-05-22 01:30:00,0.46,48.733,-32.898
2026-05-22 10:10:00,0.909,49.642,-31.989
2026-05-23 03:35:00,0.199,49.841,-31.79
2026-05-23 07:45:00,2.367,52.208,-29.423
2026-05-23 15:05:00,-1.054,51.154,-30.477
2026-05-23 20:40:00,2.427,53.581,-28.05
2026-05-24 04:45:00,-0.715,52.866,-28.765
2026-05-24 21:35:00,2.389,55.255,-26.376
2026-05-25 00:30:00,-1.065,54.19,-27.441
2026-05-25 06:20:00,-1.179,53.011,-28.62
2026-05-25 12:00:00,-1.094,51.917,-29.714
2026-05-25 13:50:00,-1.092,50.825,-30.806
2026-05-25 22:05:00,-0.269,50.556,-31.075
2026-05-26 06:30:00,0.915,51.471,-30.16
2026-05-26 17:20:00,-1.066,50.405,-31.226
2026-05-27 01:25:00,-0.329,50.076,-31.555
2026-05-27 05:55:00,-1.075,49.001,-32.63
2026-05-27 13:30:00,-1.082,47.919,-33.712
2026-05-27 15:20:00,-1.06,46.859,-34.772
2026-05-27 18:05:00,-1.041,45.818,-35.813
2026-05-27 19:00:00,-1.067,44.751,-36.88
2026-05-28 05:45:00,1.959,46.71,-34.921
2026-05-28 13:00:00,-1.082,45.628,-36.003
2026-05-29 06:45:00,-0.339,45.289,-36.342
2026-05-29 15:25:00,-1.086,44.203,-37.428
2026-05-29 23:30:00,-0.734,43.469,-38.162
2026-05-30 04:25:00,-1.09,42.379,-39.252
