entry_time,exit_time,side,entry,exit,sl,tp,R,net_R,reason,hold_bars
2022-01-01 04:20:00,2022-01-01 05:20:00,S,26.925,27.298891804569063,27.298891804569063,25.990270488577345,-1.0,-1.079,sl,12
2022-01-01 10:25:00,2022-01-01 12:50:00,S,27.085,27.276564554136673,27.276564554136673,26.60608861465832,-1.0,-1.156,sl,29
2022-01-01 16:15:00,2022-01-02 00:15:00,L,27.68,28.16,27.21546127270674,28.84134681823315,1.033,0.968,time,96
2022-01-02 11:15:00,2022-01-02 15:00:00,L,28.855,29.436729678102488,28.622308128759006,29.436729678102488,2.5,2.364,tp,45
2022-01-02 15:05:00,2022-01-02 16:25:00,L,29.35,29.911421317465006,29.125431473014,29.911421317465006,2.5,2.356,tp,16
2022-01-02 16:30:00,2022-01-02 18:30:00,L,29.91,29.427983461210992,29.427983461210992,31.115041346972518,-1.0,-1.068,sl,24
2022-01-03 10:05:00,2022-01-03 14:30:00,L,29.375,30.77734901733357,28.814060393066573,30.77734901733357,2.5,2.442,tp,53
2022-01-03 14:35:00,2022-01-03 15:50:00,L,30.81,30.082440886145516,30.082440886145516,32.62889778463621,-1.0,-1.047,sl,15
2022-01-03 22:25:00,2022-01-04 02:10:00,L,30.395,29.570440673246484,29.570440673246484,32.45639831688379,-1.0,-1.041,sl,45
2022-01-04 09:50:00,2022-01-04 10:40:00,S,29.32,29.71090411873121,29.71090411873121,28.342739703171972,-1.0,-1.083,sl,10
2022-01-04 11:00:00,2022-01-04 18:45:00,L,29.885,29.24325399380508,29.24325399380508,31.489365015487305,-1.0,-1.051,sl,93
2022-01-04 18:50:00,2022-01-05 02:50:00,S,29.24,29.325,30.106646076207515,27.073384809481208,-0.098,-0.135,time,96
2022-01-05 03:15:00,2022-01-05 10:10:00,L,29.43,30.353870689685895,29.06045172412564,30.353870689685895,2.5,2.412,tp,83
2022-01-05 10:15:00,2022-01-05 11:20:00,L,30.24,29.788462418737264,29.788462418737264,31.368843953156833,-1.0,-1.074,sl,13
2022-01-05 14:05:00,2022-01-05 16:45:00,L,30.185,29.690332101583,29.690332101583,31.421669746042497,-1.0,-1.067,sl,32
2022-01-05 17:40:00,2022-01-05 19:50:00,S,29.36,27.928812989286165,29.932474804285533,27.928812989286165,2.5,2.444,tp,26
2022-01-05 19:55:00,2022-01-06 03:55:00,S,27.98,25.565,29.356918013211498,24.537704966971255,1.754,1.732,time,96
2022-01-06 04:00:00,2022-01-06 05:15:00,S,25.565,26.24934748367841,26.24934748367841,23.85413129080398,-1.0,-1.041,sl,15
2022-01-06 09:25:00,2022-01-06 14:35:00,S,26.01,26.35826545606681,26.35826545606681,25.13933635983298,-1.0,-1.082,sl,62
2022-01-06 22:15:00,2022-01-07 03:25:00,S,26.65,25.346761523425457,27.171295390629815,25.346761523425457,2.5,2.444,tp,62
2022-01-07 03:30:00,2022-01-07 11:30:00,S,25.51,25.66,26.323263506603478,23.47684123349131,-0.184,-0.219,time,96
2022-01-07 13:45:00,2022-01-07 16:55:00,S,24.85,25.90790517249464,25.90790517249464,22.205237068763402,-1.0,-1.026,sl,38
2022-01-07 22:35:00,2022-01-08 04:45:00,S,25.01,25.501704786741183,25.501704786741183,23.78073803314705,-1.0,-1.056,sl,74
2022-01-08 11:10:00,2022-01-08 15:00:00,S,25.185,24.601815301332046,25.41827387946718,24.601815301332046,2.5,2.381,tp,46
2022-01-08 15:05:00,2022-01-08 23:05:00,S,24.515,24.12,25.187160786435353,22.834598033911618,0.588,0.548,time,96
2022-01-09 08:35:00,2022-01-09 10:35:00,S,23.965,24.238119000350338,24.238119000350338,23.282202499124153,-1.0,-1.097,sl,24
2022-01-09 16:55:00,2022-01-10 00:55:00,L,24.875,24.4,24.253520885887472,26.428697785281322,-0.764,-0.808,time,96
2022-01-10 01:05:00,2022-01-10 03:50:00,S,24.515,24.88348233806011,24.88348233806011,23.593794154849732,-1.0,-1.073,sl,33
2022-01-10 03:55:00,2022-01-10 11:00:00,L,24.89,24.59263494151184,24.59263494151184,25.633412646220403,-1.0,-1.092,sl,85
2022-01-10 11:30:00,2022-01-10 12:50:00,S,24.5,23.609752170472944,24.856099131810822,23.609752170472944,2.5,2.424,tp,16
2022-01-10 12:55:00,2022-01-10 20:55:00,S,23.69,23.645,24.50476372536921,21.65309068657698,0.055,0.023,time,96
2022-01-11 11:00:00,2022-01-11 12:10:00,S,23.755,24.173403089626536,24.173403089626536,22.708992275933657,-1.0,-1.062,sl,14
2022-01-11 12:45:00,2022-01-11 14:35:00,L,24.37,23.834227895814095,23.834227895814095,25.709430260464764,-1.0,-1.05,sl,22
2022-01-11 15:05:00,2022-01-11 23:05:00,L,24.515,25.57,23.803660189795504,26.29334952551124,1.483,1.445,time,96
2022-01-12 06:50:00,2022-01-12 07:15:00,L,26.115,25.64252884643984,25.64252884643984,27.29617788390039,-1.0,-1.061,sl,5
2022-01-12 09:10:00,2022-01-12 13:30:00,L,26.07,26.79194884199299,25.781220463202803,26.79194884199299,2.5,2.401,tp,52
2022-01-12 13:35:00,2022-01-12 21:35:00,L,26.81,27.39,26.43252091774488,27.75369770563779,1.537,1.458,time,96
2022-01-13 00:35:00,2022-01-13 00:50:00,L,27.52,27.225936982572673,27.225936982572673,28.255157543568316,-1.0,-1.103,sl,3
2022-01-13 06:15:00,2022-01-13 11:15:00,L,26.94,26.634034464816153,26.634034464816153,27.704913837959623,-1.0,-1.097,sl,60
2022-01-13 14:30:00,2022-01-13 15:15:00,L,27.325,26.836076847726172,26.836076847726172,28.547307880684567,-1.0,-1.061,sl,9
2022-01-13 17:20:00,2022-01-14 01:20:00,S,26.1,26.275,26.760237907353652,24.449405231615877,-0.265,-0.309,time,96
2022-01-14 01:35:00,2022-01-14 09:35:00,L,26.485,26.86,25.76129954497647,28.294251137558824,0.518,0.478,time,96
2022-01-14 10:55:00,2022-01-14 14:05:00,S,26.275,26.87775151333324,26.87775151333324,24.76812121666689,-1.0,-1.048,sl,38
2022-01-14 14:30:00,2022-01-14 22:30:00,L,26.94,27.345,26.534459423937275,27.953851440156818,0.999,0.926,time,96
2022-01-14 22:55:00,2022-01-15 02:00:00,L,27.67,27.19842120130383,27.19842120130383,28.84894699674043,-1.0,-1.065,sl,37
2022-01-15 10:00:00,2022-01-15 12:30:00,L,27.4,27.184718105108775,27.184718105108775,27.938204737228055,-1.0,-1.14,sl,30
2022-01-15 12:35:00,2022-01-15 16:20:00,S,27.175,27.520920689668447,27.520920689668447,26.310198275828885,-1.0,-1.086,sl,45
2022-01-15 16:25:00,2022-01-16 00:25:00,L,27.535,27.87,27.18773275110343,28.40316812224143,0.965,0.877,time,96
2022-01-16 00:55:00,2022-01-16 08:55:00,L,28.145,28.09,27.54889443000558,29.635263924986052,-0.092,-0.144,time,96
2022-01-16 16:50:00,2022-01-16 19:15:00,L,28.17,27.654979188617613,27.654979188617613,29.45755202845597,-1.0,-1.06,sl,29
2022-01-16 19:20:00,2022-01-17 01:35:00,S,27.765,27.165971515223028,28.00461139391079,27.165971515223028,2.5,2.373,tp,75
2022-01-17 01:40:00,2022-01-17 09:40:00,S,27.105,26.745,27.677980668271054,25.672548329322368,0.628,0.576,time,96
2022-01-17 11:40:00,2022-01-17 15:50:00,S,26.6,26.041604373262608,26.82335825069496,26.041604373262608,2.5,2.369,tp,50
2022-01-17 15:55:00,2022-01-17 23:55:00,S,26.02,25.665,26.433644823724386,24.985887940689032,0.858,0.789,time,96
2022-01-18 03:45:00,2022-01-18 11:45:00,S,25.38,24.85,25.859393000742195,24.18151749814451,1.106,1.047,time,96
2022-01-18 13:30:00,2022-01-18 19:45:00,S,24.49,24.875010584788452,24.875010584788452,23.527473538028865,-1.0,-1.07,sl,75
2022-01-19 03:35:00,2022-01-19 07:00:00,S,24.92,24.140996648791504,25.2316013404834,24.140996648791504,2.5,2.412,tp,41
2022-01-19 07:05:00,2022-01-19 12:05:00,S,24.08,24.44458656590489,24.44458656590489,23.168533585237775,-1.0,-1.073,sl,60
2022-01-19 15:50:00,2022-01-19 23:50:00,S,24.16,24.08,24.800486879153866,22.55878280211534,0.125,0.083,time,96
2022-01-20 00:10:00,2022-01-20 02:05:00,S,24.0,24.357447865885597,24.357447865885597,23.10638033528601,-1.0,-1.074,sl,23
2022-01-20 08:25:00,2022-01-20 11:15:00,S,24.45,24.66025883867541,24.66025883867541,23.924352903311473,-1.0,-1.128,sl,34
2022-01-20 13:40:00,2022-01-20 15:25:00,L,24.695,25.535859287711318,24.358656284915472,25.535859287711318,2.5,2.419,tp,21
2022-01-20 15:30:00,2022-01-20 20:05:00,L,25.455,24.885748880269706,24.885748880269706,26.878127799325732,-1.0,-1.049,sl,55
2022-01-20 20:10:00,2022-01-20 21:25:00,S,24.875,24.069319334401833,25.197272266239267,24.069319334401833,2.5,2.415,tp,15
2022-01-20 21:30:00,2022-01-21 03:25:00,S,24.08,22.107629177792884,24.868948328882844,22.107629177792884,2.5,2.466,tp,71
2022-01-21 03:30:00,2022-01-21 11:30:00,S,22.175,22.18,23.185969620614344,19.647575948464144,-0.005,-0.029,time,96
2022-01-21 12:10:00,2022-01-21 12:35:00,S,22.065,20.94665659359272,22.512337362562914,20.94665659359272,2.5,2.446,tp,5
2022-01-21 12:40:00,2022-01-21 20:40:00,S,21.055,21.38,22.35937076022211,17.794073099444724,-0.249,-0.267,time,96
2022-01-21 21:35:00,2022-01-22 05:35:00,S,20.58,18.545,21.767513347063126,17.611216632342177,1.714,1.695,time,96
2022-01-22 05:55:00,2022-01-22 13:15:00,S,18.2,19.221130064599407,19.221130064599407,15.64717483850148,-1.0,-1.02,sl,88
2022-01-22 15:25:00,2022-01-22 20:15:00,S,17.85,18.549756406321393,18.549756406321393,16.100608984196523,-1.0,-1.028,sl,58
2022-01-23 03:00:00,2022-01-23 07:25:00,S,18.07,18.67104282639659,18.67104282639659,16.567392934008524,-1.0,-1.033,sl,53
2022-01-23 11:40:00,2022-01-23 14:00:00,S,18.53,18.924695943889457,18.924695943889457,17.54326014027636,-1.0,-1.052,sl,28
2022-01-23 14:35:00,2022-01-23 22:35:00,S,18.41,18.06,18.942698362452408,17.07825409386898,0.657,0.619,time,96
2022-01-24 01:55:00,2022-01-24 09:55:00,S,17.945,16.82,18.54114218240351,16.454644543991222,1.887,1.854,time,96
2022-01-24 10:10:00,2022-01-24 17:40:00,S,16.38,17.265050662823697,17.265050662823697,14.167373342940754,-1.0,-1.02,sl,90
2022-01-24 20:35:00,2022-01-25 04:35:00,L,17.815,17.55,17.317825202181982,19.05793699454505,-0.533,-0.572,time,96
2022-01-25 04:55:00,2022-01-25 08:00:00,S,17.565,17.94741916936205,17.94741916936205,16.608952076594882,-1.0,-1.051,sl,37
2022-01-25 08:05:00,2022-01-25 16:05:00,L,18.01,18.525,17.337555462401347,19.69111134399664,0.766,0.736,time,96
2022-01-25 17:25:00,2022-01-25 21:00:00,L,18.82,18.497816182150597,18.497816182150597,19.62545954462351,-1.0,-1.064,sl,43
2022-01-26 02:40:00,2022-01-26 10:40:00,L,18.72,18.82,18.30692016995864,19.752699575103392,0.242,0.192,time,96
2022-01-26 11:00:00,2022-01-26 13:05:00,L,18.88,18.633153441379335,18.633153441379335,19.49711639655166,-1.0,-1.084,sl,25
2022-01-26 13:50:00,2022-01-26 18:00:00,L,19.255,18.56727928986285,18.56727928986285,20.974301775342873,-1.0,-1.031,sl,50
2022-01-26 19:05:00,2022-01-26 20:15:00,L,19.655,18.30871075568021,18.30871075568021,23.02072311079948,-1.0,-1.016,sl,14
2022-01-26 20:20:00,2022-01-27 04:20:00,S,18.27,17.345,19.514911038748625,15.157722403128435,0.743,0.727,time,96
2022-01-27 14:20:00,2022-01-27 16:05:00,L,18.205,17.976948463079875,17.976948463079875,18.775128842300305,-1.0,-1.088,sl,21
2022-01-27 16:20:00,2022-01-28 00:20:00,S,17.94,18.01,18.305050468321603,17.027373829195994,-0.192,-0.246,time,96
2022-01-28 03:15:00,2022-01-28 08:10:00,L,18.455,17.785801876187804,17.785801876187804,20.127995309530483,-1.0,-1.03,sl,59
2022-01-28 08:15:00,2022-01-28 16:15:00,S,17.78,18.21,18.26460376759396,16.5684905810151,-0.887,-0.928,time,96
2022-01-28 16:20:00,2022-01-29 00:20:00,L,18.21,18.39,17.635058757210402,19.647353106974,0.313,0.278,time,96
2022-01-29 04:00:00,2022-01-29 12:00:00,L,18.4,18.605,18.190632308604474,18.92341922848881,0.979,0.882,time,96
2022-01-29 13:35:00,2022-01-29 14:50:00,L,18.77,18.618721571558854,18.618721571558854,19.148196071102863,-1.0,-1.136,sl,15
2022-01-29 20:30:00,2022-01-29 21:05:00,L,18.725,19.03865539239399,18.599537843042405,19.03865539239399,2.5,2.336,tp,7
2022-01-29 21:10:00,2022-01-29 23:00:00,L,18.91,18.57767431295542,18.57767431295542,19.74081421761145,-1.0,-1.063,sl,22
2022-01-30 05:00:00,2022-01-30 13:00:00,L,18.74,18.645,18.500802045680775,19.337994885798057,-0.397,-0.483,time,96
2022-01-30 14:20:00,2022-01-30 19:05:00,S,18.445,17.916883357235022,18.656246657105992,17.916883357235022,2.5,2.404,tp,57
2022-01-30 19:10:00,2022-01-31 03:10:00,S,17.96,17.495,18.51371570380669,16.57571074048328,0.84,0.804,time,96
2022-01-31 04:05:00,2022-01-31 08:15:00,S,17.275,17.55699774291765,17.55699774291765,16.570005642705873,-1.0,-1.067,sl,50
2022-01-31 11:45:00,2022-01-31 11:55:00,S,17.485,17.72411435822857,17.72411435822857,16.887214104428576,-1.0,-1.08,sl,2
2022-01-31 12:10:00,2022-01-31 14:10:00,S,17.51,17.81454672646553,17.81454672646553,16.748633183836183,-1.0,-1.063,sl,24
2022-01-31 15:05:00,2022-01-31 16:45:00,L,17.99,18.736001973250772,17.69159921069969,18.736001973250772,2.5,2.434,tp,20
2022-01-31 16:50:00,2022-02-01 00:50:00,L,18.62,19.26,18.11254163823799,19.88864590440503,1.261,1.221,time,96
2022-02-01 03:25:00,2022-02-01 06:25:00,L,19.51,19.213753024774327,19.213753024774327,20.25061743806419,-1.0,-1.072,sl,36
2022-02-01 09:00:00,2022-02-01 09:40:00,L,19.53,19.350499224553012,19.350499224553012,19.978751938617474,-1.0,-1.12,sl,8
2022-02-01 14:30:00,2022-02-01 14:45:00,L,19.795,19.454998564573774,19.454998564573774,20.645003588565572,-1.0,-1.064,sl,3
2022-02-02 01:10:00,2022-02-02 09:10:00,L,19.935,20.125,19.428719004732333,21.200702488169163,0.375,0.332,time,96
2022-02-02 12:10:00,2022-02-02 13:20:00,L,20.435,20.299663969957646,20.299663969957646,20.77334007510588,-1.0,-1.166,sl,14
2022-02-02 14:25:00,2022-02-02 14:40:00,S,20.165,19.583602793344944,20.39755888266202,19.583602793344944,2.5,2.405,tp,3
2022-02-02 14:45:00,2022-02-02 22:45:00,S,19.66,18.885,20.39006744193007,17.834831395174824,1.062,1.032,time,96
2022-02-03 10:00:00,2022-02-03 15:20:00,S,18.2,18.66299375223007,18.66299375223007,17.042515619424826,-1.0,-1.043,sl,64
2022-02-03 20:55:00,2022-02-03 21:00:00,S,18.175,18.41797809184349,18.41797809184349,17.567554770391276,-1.0,-1.082,sl,1
2022-02-04 00:00:00,2022-02-04 08:00:00,L,18.89,19.26,18.606835415743962,19.5979114606401,1.307,1.233,time,96
2022-02-04 08:05:00,2022-02-04 13:30:00,L,19.26,19.126528998346366,19.126528998346366,19.593677504134092,-1.0,-1.159,sl,65
2022-02-04 15:10:00,2022-02-04 23:10:00,L,19.47,20.13,19.010945331825265,20.61763667043683,1.438,1.391,time,96
2022-02-04 23:50:00,2022-02-05 03:40:00,L,20.41,21.316331605023628,20.04746735799055,21.316331605023628,2.5,2.438,tp,46
2022-02-05 03:45:00,2022-02-05 11:45:00,L,21.495,21.58,20.649757022569734,23.60810744357567,0.101,0.073,time,96
2022-02-05 14:55:00,2022-02-05 16:45:00,L,21.775,21.517934316109955,21.517934316109955,22.41766420972511,-1.0,-1.093,sl,22
2022-02-05 22:15:00,2022-02-06 04:05:00,L,21.455,21.253622313956317,21.253622313956317,21.958444215109203,-1.0,-1.117,sl,70
2022-02-06 07:50:00,2022-02-06 14:40:00,L,21.42,21.148264373511466,21.148264373511466,22.09933906622134,-1.0,-1.087,sl,82
2022-02-06 23:15:00,2022-02-06 23:35:00,L,21.28,21.74164556244601,21.0953417750216,21.74164556244601,2.5,2.373,tp,4
2022-02-06 23:40:00,2022-02-07 07:40:00,L,21.695,22.23,21.093393556112716,23.19901610971821,0.889,0.85,time,96
2022-02-07 11:20:00,2022-02-07 13:45:00,L,22.34,21.95353310518033,21.95353310518033,23.306167237049173,-1.0,-1.064,sl,29
2022-02-07 15:05:00,2022-02-07 23:05:00,L,22.455,22.48,21.967425212710307,23.673936968224226,0.051,0.001,time,96
2022-02-08 02:00:00,2022-02-08 08:05:00,L,22.82,22.179929326041965,22.179929326041965,24.42017668489509,-1.0,-1.039,sl,73
2022-02-08 08:10:00,2022-02-08 16:10:00,S,22.17,21.425,22.7618261712609,20.690434571847756,1.259,1.218,time,96
2022-02-09 02:10:00,2022-02-09 10:10:00,S,21.325,21.54,21.808843344962742,20.11539163759314,-0.444,-0.493,time,96
2022-02-09 11:30:00,2022-02-09 13:10:00,L,21.685,22.114120587223532,21.513351765110585,22.114120587223532,2.5,2.361,tp,20
2022-02-09 13:15:00,2022-02-09 21:15:00,L,22.13,22.135,21.721665121162975,23.15083719709256,0.012,-0.047,time,96
2022-02-10 00:10:00,2022-02-10 08:10:00,S,21.85,21.78,22.01520867208285,21.436978319792882,0.424,0.278,time,96
2022-02-10 09:50:00,2022-02-10 13:30:00,L,21.885,21.65494974906306,21.65494974906306,22.460125627342354,-1.0,-1.105,sl,44
2022-02-10 13:35:00,2022-02-10 21:35:00,S,21.225,20.91,22.263349554731953,18.629126113170123,0.303,0.281,time,96
2022-02-10 23:50:00,2022-02-11 07:50:00,S,20.555,20.52,21.034640054224266,19.355899864439337,0.073,0.026,time,96
2022-02-11 16:20:00,2022-02-11 18:45:00,S,20.32,19.660687302515846,20.583725078993663,19.660687302515846,2.5,2.415,tp,29
2022-02-11 18:50:00,2022-02-12 02:50:00,S,19.74,18.98,20.306833881868926,18.322915295327682,1.341,1.302,time,96
2022-02-12 03:15:00,2022-02-12 11:15:00,S,18.745,18.51,19.09106551929221,17.879836201769475,0.679,0.619,time,96
2022-02-12 11:20:00,2022-02-12 16:10:00,S,18.51,18.944268725867563,18.944268725867563,17.4243281853311,-1.0,-1.047,sl,58
2022-02-12 20:05:00,2022-02-13 04:05:00,S,18.94,19.216472441401358,19.216472441401358,18.24881889649661,-1.0,-1.075,sl,96
2022-02-13 09:50:00,2022-02-13 10:50:00,S,18.87,19.08932031811893,19.08932031811893,18.321699204702682,-1.0,-1.095,sl,12
2022-02-13 14:40:00,2022-02-13 15:35:00,S,18.835,19.117849841181556,19.117849841181556,18.12787539704611,-1.0,-1.073,sl,11
2022-02-13 18:40:00,2022-02-14 02:40:00,S,18.71,18.15,19.01278898167128,17.953027545821797,1.849,1.782,time,96
2022-02-14 02:55:00,2022-02-14 07:50:00,S,18.075,18.361267042256696,18.361267042256696,17.35933239435826,-1.0,-1.069,sl,59
2022-02-14 19:00:00,2022-02-14 22:40:00,S,18.575,18.780349024049155,18.780349024049155,18.06162743987711,-1.0,-1.1,sl,44
2022-02-14 22:45:00,2022-02-15 06:45:00,L,18.775,19.235,18.443794947765586,19.60301263058603,1.389,1.327,time,96
2022-02-15 07:05:00,2022-02-15 08:00:00,L,19.22,19.40022825323296,19.147908698706814,19.40022825323296,2.5,2.207,tp,11
2022-02-15 08:05:00,2022-02-15 10:00:00,L,19.36,19.746347959802346,19.20546081607906,19.746347959802346,2.5,2.362,tp,23
2022-02-15 10:05:00,2022-02-15 18:05:00,L,19.68,19.65,19.449089710308037,20.257275724229906,-0.13,-0.224,time,96
2022-02-15 22:30:00,2022-02-16 04:05:00,L,19.9,19.726327256382543,19.726327256382543,20.33418185904364,-1.0,-1.126,sl,67
2022-02-16 06:55:00,2022-02-16 10:20:00,L,19.825,19.629596334721374,19.629596334721374,20.313509163196564,-1.0,-1.112,sl,41
2022-02-16 13:25:00,2022-02-16 19:20:00,S,19.525,19.779876423537942,19.779876423537942,18.88780894115514,-1.0,-1.084,sl,71
2022-02-16 19:25:00,2022-02-17 03:25:00,L,19.84,19.67,19.208862938499863,21.41784265375034,-0.269,-0.304,time,96
2022-02-17 03:40:00,2022-02-17 04:00:00,S,19.59,19.191041272201403,19.749583491119438,19.191041272201403,2.5,2.365,tp,4
2022-02-17 04:05:00,2022-02-17 12:05:00,S,19.175,19.185,19.723641455365545,17.803396361586138,-0.018,-0.057,time,96
2022-02-17 13:10:00,2022-02-17 17:45:00,S,18.975,18.398477274745215,19.205609090101916,18.398477274745215,2.5,2.409,tp,55
2022-02-17 17:50:00,2022-02-18 01:50:00,S,18.445,18.3,18.752999673096397,17.675000817259008,0.471,0.405,time,96
2022-02-18 10:25:00,2022-02-18 14:40:00,S,18.325,17.776673645988495,18.5443305416046,17.776673645988495,2.5,2.408,tp,51
2022-02-18 14:45:00,2022-02-18 22:45:00,S,17.735,17.72,18.396977859021234,16.080055352446912,0.023,-0.007,time,96
2022-02-19 08:55:00,2022-02-19 11:30:00,S,17.935,17.52263676784125,18.0999452928635,17.52263676784125,2.5,2.38,tp,31
2022-02-19 11:35:00,2022-02-19 16:10:00,S,17.465,17.903180928690002,17.903180928690002,16.369547678274994,-1.0,-1.044,sl,55
2022-02-19 20:05:00,2022-02-19 22:45:00,S,17.595,17.76461509378538,17.76461509378538,17.170962265536545,-1.0,-1.114,sl,32
2022-02-20 01:10:00,2022-02-20 05:35:00,S,17.61,17.009658468877483,17.850136612449006,17.009658468877483,2.5,2.419,tp,53
2022-02-20 05:40:00,2022-02-20 12:20:00,S,17.06,17.317337183232045,17.317337183232045,16.416657041919883,-1.0,-1.073,sl,80
2022-02-20 21:20:00,2022-02-20 22:50:00,S,16.815,17.014772300655963,17.014772300655963,16.3155692483601,-1.0,-1.093,sl,18
2022-02-21 05:30:00,2022-02-21 10:20:00,L,17.525,17.29517656954345,17.29517656954345,18.09955857614137,-1.0,-1.084,sl,58
2022-02-21 10:25:00,2022-02-21 13:05:00,S,17.2,16.356369815668828,17.537452073732467,16.356369815668828,2.5,2.444,tp,32
2022-02-21 13:10:00,2022-02-21 14:15:00,S,16.355,16.755147026166366,16.755147026166366,15.354632434584087,-1.0,-1.045,sl,13
2022-02-21 17:45:00,2022-02-22 01:45:00,S,16.795,16.315,17.157181270307568,15.889546824231086,1.325,1.274,time,96
2022-02-22 03:20:00,2022-02-22 10:20:00,S,15.875,16.274768598394804,16.274768598394804,14.87557850401299,-1.0,-1.044,sl,84
2022-02-22 16:25:00,2022-02-23 00:25:00,S,16.285,16.515,16.713991316573576,15.21252170856606,-0.536,-0.578,time,96
2022-02-23 02:40:00,2022-02-23 07:10:00,S,16.225,16.604387162195565,16.604387162195565,15.276532094511094,-1.0,-1.047,sl,54
2022-02-23 07:15:00,2022-02-23 09:50:00,L,16.64,17.179660040600837,16.424135983759665,17.179660040600837,2.5,2.415,tp,31
2022-02-23 09:55:00,2022-02-23 15:45:00,L,17.18,16.9290421271104,16.9290421271104,17.807394682224,-1.0,-1.075,sl,70
2022-02-23 17:20:00,2022-02-23 17:50:00,L,17.29,16.807272397901297,16.807272397901297,18.496819005246756,-1.0,-1.039,sl,6
2022-02-23 18:10:00,2022-02-24 02:10:00,S,16.735,16.085,17.354478080232138,15.186304799419654,1.049,1.02,time,96
2022-02-24 03:00:00,2022-02-24 05:45:00,S,15.595,14.189838203351435,16.157064718659427,14.189838203351435,2.5,2.469,tp,33
2022-02-24 05:50:00,2022-02-24 13:50:00,S,14.25,14.93,15.035683545011224,12.28579113747194,-0.865,-0.885,time,96
2022-02-24 19:35:00,2022-02-25 03:35:00,L,15.89,16.09,15.263917276598086,17.455206808504787,0.319,0.292,time,96
2022-02-25 12:10:00,2022-02-25 20:10:00,L,16.315,16.415,15.821562619054093,17.54859345236477,0.203,0.166,time,96
2022-02-25 22:45:00,2022-02-26 00:35:00,L,16.795,17.62403831117138,16.46338467553145,17.62403831117138,2.5,2.444,tp,22
2022-02-26 00:40:00,2022-02-26 08:40:00,L,17.685,17.895,17.14674754868268,19.030631128293297,0.39,0.354,time,96
2022-02-26 10:50:00,2022-02-26 18:50:00,L,18.18,18.07,17.65326613417022,19.49683466457445,-0.209,-0.247,time,96
2022-02-26 19:05:00,2022-02-27 00:25:00,L,18.41,17.739947803734594,17.739947803734594,20.085130490663516,-1.0,-1.03,sl,64
2022-02-27 05:45:00,2022-02-27 10:35:00,L,17.77,18.473227534673445,17.48870898613062,18.473227534673445,2.5,2.431,tp,58
2022-02-27 10:40:00,2022-02-27 13:40:00,L,18.435,17.900608199973508,17.900608199973508,19.770979500066225,-1.0,-1.038,sl,36
2022-02-27 19:15:00,2022-02-27 21:15:00,S,17.865,17.083169713101288,18.177732114759483,17.083169713101288,2.5,2.437,tp,24
2022-02-27 21:20:00,2022-02-28 05:20:00,S,17.08,17.205,17.69417030942734,15.544574226431648,-0.204,-0.234,time,96
2022-02-28 05:45:00,2022-02-28 06:15:00,S,17.1,16.67231278321224,17.271074886715105,16.67231278321224,2.5,2.39,tp,6
2022-02-28 06:20:00,2022-02-28 14:20:00,S,16.645,17.075,17.271587679068332,15.078530802329167,-0.686,-0.715,time,96
2022-02-28 14:30:00,2022-02-28 22:25:00,L,17.17,18.255449085991458,16.73582036560342,18.255449085991458,2.5,2.456,tp,95
2022-02-28 22:30:00,2022-03-01 00:40:00,L,18.285,19.280086991986582,17.886965203205367,19.280086991986582,2.5,2.449,tp,26
2022-03-01 00:45:00,2022-03-01 01:15:00,L,19.26,18.837059865113893,18.837059865113893,20.317350337215274,-1.0,-1.05,sl,6
2022-03-01 07:10:00,2022-03-01 15:10:00,L,18.85,18.74,18.300927497287862,20.222681256780348,-0.2,-0.238,time,96
2022-03-02 03:40:00,2022-03-02 07:10:00,L,19.065,18.571509017817167,18.571509017817167,20.298727455457087,-1.0,-1.042,sl,42
2022-03-02 13:15:00,2022-03-02 21:15:00,S,18.71,18.545,19.17440211507736,17.5489947123066,0.355,0.311,time,96
2022-03-02 22:10:00,2022-03-03 00:10:00,L,18.69,18.438370987147895,18.438370987147895,19.319072532130267,-1.0,-1.082,sl,24
2022-03-03 01:15:00,2022-03-03 09:15:00,S,18.395,18.18,18.646753199127076,17.76561700218231,0.854,0.774,time,96
2022-03-03 10:15:00,2022-03-03 10:45:00,S,18.115,18.235194308658127,18.235194308658127,17.81451422835468,-1.0,-1.166,sl,6
2022-03-03 13:10:00,2022-03-03 14:45:00,L,18.5,18.27436244151135,18.27436244151135,19.064093896221625,-1.0,-1.09,sl,19
2022-03-03 14:50:00,2022-03-03 22:50:00,S,18.245,17.975,18.63385008499235,17.27287478751913,0.694,0.643,time,96
2022-03-04 00:35:00,2022-03-04 01:05:00,S,17.8,17.143383120647442,18.062646751741024,17.143383120647442,2.5,2.425,tp,6
2022-03-04 01:10:00,2022-03-04 09:10:00,S,17.145,17.27,18.061990836555598,14.852522908611004,-0.136,-0.157,time,96
2022-03-04 14:20:00,2022-03-04 22:20:00,S,17.07,16.645,17.53511413639619,15.90721465900953,0.914,0.873,time,96
2022-03-04 22:30:00,2022-03-05 06:30:00,S,16.51,16.74,16.832546847710088,15.703632880724786,-0.713,-0.769,time,96
2022-03-05 15:15:00,2022-03-05 23:15:00,L,17.185,17.325,16.880472998454774,17.94631750386306,0.46,0.398,time,96
2022-03-06 00:15:00,2022-03-06 01:30:00,L,17.41,17.24594191158275,17.24594191158275,17.820145221043123,-1.0,-1.117,sl,15
2022-03-06 01:40:00,2022-03-06 09:40:00,S,17.19,16.84,17.42400598392743,16.604985040181433,1.496,1.415,time,96
2022-03-06 09:55:00,2022-03-06 16:00:00,S,16.73,16.976811532531066,16.976811532531066,16.11297116867234,-1.0,-1.075,sl,73
2022-03-06 16:05:00,2022-03-07 00:05:00,L,16.975,16.81,16.69399812126881,17.67750469682798,-0.587,-0.654,time,96
2022-03-07 00:10:00,2022-03-07 08:10:00,S,16.81,16.37,17.26527339881658,15.67181650295855,0.966,0.926,time,96
2022-03-07 08:20:00,2022-03-07 12:00:00,S,16.23,16.576986080950725,16.576986080950725,15.362534797623189,-1.0,-1.051,sl,44
2022-03-07 13:15:00,2022-03-07 18:00:00,L,16.82,16.617814234982788,16.617814234982788,17.32546441254303,-1.0,-1.092,sl,57
2022-03-07 18:10:00,2022-03-08 02:10:00,S,16.595,16.53,16.872662990642212,15.900842523394466,0.234,0.168,time,96
2022-03-08 06:25:00,2022-03-08 07:40:00,S,16.425,16.616529951450573,16.616529951450573,15.94617512137357,-1.0,-1.094,sl,15
2022-03-08 08:20:00,2022-03-08 16:20:00,L,16.71,16.725,16.408975236704844,17.462561908237895,0.05,-0.011,time,96
2022-03-08 18:05:00,2022-03-09 02:05:00,L,17.175,17.285,16.681753070545057,18.408117323637363,0.223,0.185,time,96
2022-03-09 03:30:00,2022-03-09 11:30:00,L,17.525,17.815,17.233281132997234,18.25429716750691,0.994,0.928,time,96
2022-03-09 12:40:00,2022-03-09 13:50:00,L,17.8,17.63904546415223,17.63904546415223,18.20238633961943,-1.0,-1.122,sl,14
2022-03-09 16:05:00,2022-03-09 18:20:00,L,17.915,17.664648717323896,17.664648717323896,18.54087820669026,-1.0,-1.079,sl,27
2022-03-09 23:20:00,2022-03-10 01:35:00,L,17.785,17.656865066931832,17.656865066931832,18.10533733267042,-1.0,-1.153,sl,27
2022-03-10 03:05:00,2022-03-10 04:40:00,S,17.42,17.041906368979973,17.571237452408013,17.041906368979973,2.5,2.373,tp,19
2022-03-10 04:45:00,2022-03-10 12:45:00,S,17.05,17.005,17.416523098895652,16.133692252760873,0.123,0.072,time,96
2022-03-10 13:45:00,2022-03-10 21:45:00,S,16.685,17.01,17.25716357439555,15.254591064011125,-0.568,-0.6,time,96
2022-03-10 22:05:00,2022-03-11 04:15:00,S,16.86,17.144816898607303,17.144816898607303,16.14795775348174,-1.0,-1.065,sl,74
2022-03-11 05:35:00,2022-03-11 11:30:00,L,17.205,17.90627068619829,16.92449172552068,17.90627068619829,2.5,2.433,tp,71
2022-03-11 11:35:00,2022-03-11 17:05:00,L,17.97,17.624347615557337,17.624347615557337,18.834130961106652,-1.0,-1.057,sl,66
2022-03-11 20:15:00,2022-03-12 04:15:00,L,17.895,18.195,17.50057145665739,18.88107135835652,0.761,0.711,time,96
2022-03-12 05:55:00,2022-03-12 08:10:00,L,18.435,18.214685679150143,18.214685679150143,18.98578580212464,-1.0,-1.092,sl,27
2022-03-12 15:25:00,2022-03-12 23:25:00,L,18.22,18.255,17.90805236800369,18.999869079990766,0.112,0.048,time,96
2022-03-13 01:15:00,2022-03-13 04:55:00,L,18.355,18.018023801168955,18.018023801168955,19.197440497077615,-1.0,-1.06,sl,44
2022-03-13 10:20:00,2022-03-13 18:20:00,S,17.885,18.01,18.131857999387048,17.267855001532386,-0.506,-0.586,time,96
2022-03-13 20:15:00,2022-03-14 00:10:00,S,17.745,17.069698550624032,18.015120579750388,17.069698550624032,2.5,2.428,tp,47
2022-03-14 00:15:00,2022-03-14 01:05:00,S,17.03,17.32847001697659,17.32847001697659,16.283824957558533,-1.0,-1.063,sl,10
2022-03-14 11:10:00,2022-03-14 18:10:00,S,17.63,17.29729296136366,17.763082815454535,17.29729296136366,2.5,2.354,tp,84
2022-03-14 18:15:00,2022-03-14 21:35:00,S,17.26,17.429683805255788,17.429683805255788,16.835790486860535,-1.0,-1.112,sl,40
2022-03-15 03:45:00,2022-03-15 11:45:00,S,17.39,17.245,17.61962969271427,16.815925768214328,0.631,0.548,time,96
2022-03-15 13:45:00,2022-03-15 14:30:00,S,17.15,17.355241081443463,17.355241081443463,16.63689729639134,-1.0,-1.092,sl,9
2022-03-15 16:10:00,2022-03-16 00:10:00,L,17.545,17.89,17.34343746126816,18.048906346829607,1.712,1.616,time,96
2022-03-16 01:00:00,2022-03-16 09:00:00,L,18.095,18.41,17.71748027732123,19.038799306696923,0.834,0.782,time,96
2022-03-16 15:10:00,2022-03-16 16:20:00,L,18.34,18.107888607851148,18.107888607851148,18.92027848037213,-1.0,-1.087,sl,14
2022-03-16 19:20:00,2022-03-17 03:20:00,L,18.32,19.13,17.664697892564767,19.958255268588083,1.236,1.205,time,96
2022-03-17 13:15:00,2022-03-17 14:45:00,L,18.99,18.828864086143135,18.828864086143135,19.392839784642156,-1.0,-1.13,sl,18
2022-03-18 01:00:00,2022-03-18 09:00:00,S,18.435,18.49,18.83366615798545,17.438334605036367,-0.138,-0.189,time,96
2022-03-18 11:10:00,2022-03-18 15:35:00,S,18.365,18.589719240943737,18.589719240943737,17.803201897640655,-1.0,-1.09,sl,53
2022-03-18 15:40:00,2022-03-18 23:40:00,L,18.57,19.03,18.223340740712306,19.436648148219234,1.327,1.268,time,96
2022-03-19 00:45:00,2022-03-19 03:30:00,L,19.3,18.92364040040581,18.92364040040581,20.24089899898548,-1.0,-1.056,sl,33
2022-03-19 08:40:00,2022-03-19 12:10:00,L,19.085,19.64749252688219,18.860002989247125,19.64749252688219,2.5,2.407,tp,42
2022-03-19 12:15:00,2022-03-19 20:15:00,L,19.555,19.49,19.100633261286553,20.690916846783615,-0.143,-0.19,time,96
2022-03-20 09:20:00,2022-03-20 11:50:00,S,19.045,18.64515498447179,19.204938006211286,18.64515498447179,2.5,2.369,tp,30
2022-03-20 11:55:00,2022-03-20 19:55:00,S,18.74,18.755,18.947191234833678,18.2220219129158,-0.072,-0.172,time,96
2022-03-21 08:05:00,2022-03-21 12:40:00,L,18.955,18.67485187351725,18.67485187351725,19.655370316206863,-1.0,-1.074,sl,55
2022-03-21 12:45:00,2022-03-21 13:15:00,S,18.6,18.927174445860558,18.927174445860558,17.78206388534861,-1.0,-1.063,sl,6
2022-03-21 17:00:00,2022-03-22 01:00:00,S,18.665,18.81,19.002044476689047,17.82238880827738,-0.43,-0.491,time,96
2022-03-22 02:30:00,2022-03-22 10:15:00,L,19.085,20.018817763171867,18.711472894731255,20.018817763171867,2.5,2.444,tp,93
2022-03-22 10:25:00,2022-03-22 18:25:00,L,20.115,19.93,19.731063640628577,21.074840898428555,-0.482,-0.539,time,96
2022-03-22 21:20:00,2022-03-23 01:00:00,L,20.17,19.852765495421046,19.852765495421046,20.96308626144739,-1.0,-1.07,sl,44
2022-03-23 02:25:00,2022-03-23 10:25:00,L,20.4,20.32,19.849598439367917,21.776003901580204,-0.145,-0.186,time,96
2022-03-23 12:30:00,2022-03-23 15:35:00,L,20.275,20.790420316833867,20.06883187326645,20.790420316833867,2.5,2.392,tp,37
2022-03-23 15:40:00,2022-03-23 17:35:00,L,20.815,20.541452286981492,20.541452286981492,21.498869282546273,-1.0,-1.084,sl,23
2022-03-23 20:45:00,2022-03-24 04:45:00,L,21.025,20.96,20.626796365583473,22.02050908604131,-0.163,-0.221,time,96
2022-03-24 14:50:00,2022-03-24 22:50:00,L,20.76,21.29,20.42019751440425,21.609506213989377,1.56,1.493,time,96
2022-03-25 11:15:00,2022-03-25 15:10:00,L,21.0,20.8300934588314,20.8300934588314,21.424766352921502,-1.0,-1.136,sl,47
2022-03-25 15:15:00,2022-03-25 23:15:00,S,20.81,20.48,21.117394448991746,20.04151387752063,1.074,0.999,time,96
2022-03-25 23:25:00,2022-03-26 05:40:00,S,20.47,20.660451169539094,20.660451169539094,19.99387207615226,-1.0,-1.118,sl,75
2022-03-26 05:45:00,2022-03-26 13:45:00,L,20.665,20.795,20.49491122810349,21.090221929741272,0.764,0.631,time,96
2022-03-26 16:25:00,2022-03-26 21:25:00,L,20.925,20.784679302748,20.784679302748,21.275801743130003,-1.0,-1.164,sl,60
2022-03-27 01:05:00,2022-03-27 09:05:00,L,21.0,20.99,20.84120366185392,21.396990845365195,-0.063,-0.208,time,96
2022-03-27 12:20:00,2022-03-27 15:00:00,S,20.865,21.029635130360976,21.029635130360976,20.453412174097554,-1.0,-1.139,sl,32
2022-03-27 15:05:00,2022-03-27 16:55:00,L,20.995,21.23106871493172,20.900572514027314,21.23106871493172,2.5,2.255,tp,22
2022-03-27 17:00:00,2022-03-27 21:15:00,L,21.235,21.77630972918714,21.018476108325142,21.77630972918714,2.5,2.392,tp,51
2022-03-27 21:20:00,2022-03-28 03:55:00,L,21.755,22.956494930100654,21.274402027959738,22.956494930100654,2.5,2.45,tp,79
2022-03-28 04:00:00,2022-03-28 12:00:00,L,22.925,23.02,22.552229262458575,23.856926843853564,0.255,0.187,time,96
2022-03-28 23:20:00,2022-03-29 05:25:00,S,22.145,22.600127917781723,22.600127917781723,21.00718020554569,-1.0,-1.054,sl,73
2022-03-29 05:30:00,2022-03-29 13:30:00,L,22.595,22.87,22.314224361476143,23.29693909630964,0.979,0.891,time,96
2022-03-29 15:55:00,2022-03-29 23:55:00,S,22.32,22.43,22.851895029152203,20.990262427119493,-0.207,-0.253,time,96
2022-03-30 00:00:00,2022-03-30 01:30:00,L,22.43,22.01125000329838,22.01125000329838,23.476874991754052,-1.0,-1.059,sl,18
2022-03-30 01:45:00,2022-03-30 05:55:00,S,21.75,22.389904101270083,22.389904101270083,20.15023974682479,-1.0,-1.037,sl,50
2022-03-30 06:00:00,2022-03-30 13:20:00,L,22.43,22.08380443549228,22.08380443549228,23.295488911269302,-1.0,-1.071,sl,88
2022-03-30 13:25:00,2022-03-30 16:35:00,S,22.12,22.383218364962925,22.383218364962925,21.46195408759269,-1.0,-1.092,sl,38
2022-03-30 16:40:00,2022-03-31 00:40:00,L,22.36,22.7,21.905984643903203,23.49503839024199,0.749,0.695,time,96
2022-03-31 00:50:00,2022-03-31 08:50:00,L,22.72,22.885,22.340734931631722,23.66816267092069,0.435,0.369,time,96
2022-03-31 13:35:00,2022-03-31 16:05:00,S,22.55,21.536847347334735,22.955261061066107,21.536847347334735,2.5,2.439,tp,30
2022-03-31 16:10:00,2022-04-01 00:10:00,S,21.62,21.505,22.055719440617356,20.530701398456614,0.264,0.209,time,96
2022-04-01 02:30:00,2022-04-01 10:30:00,S,21.045,21.115,21.512892734164677,19.875268164588313,-0.15,-0.199,time,96
2022-04-01 12:05:00,2022-04-01 13:25:00,S,21.01,21.302781021091675,21.302781021091675,20.278047447270815,-1.0,-1.079,sl,16
2022-04-01 14:10:00,2022-04-01 22:10:00,L,21.435,22.115,21.059229965348248,22.374425086629376,1.81,1.747,time,96
2022-04-02 00:20:00,2022-04-02 08:20:00,L,22.165,22.315,21.82660528102131,23.010986797446726,0.443,0.371,time,96
2022-04-02 09:30:00,2022-04-02 11:45:00,L,22.525,23.074514308944284,22.305194276422284,23.074514308944284,2.5,2.387,tp,27
2022-04-02 11:50:00,2022-04-02 15:10:00,L,23.225,22.698636540254622,22.698636540254622,24.540908649363452,-1.0,-1.049,sl,40
2022-04-03 05:00:00,2022-04-03 13:00:00,L,22.965,23.095,22.60818256182281,23.85704359544297,0.364,0.294,time,96
2022-04-03 19:10:00,2022-04-04 00:25:00,L,23.115,22.922499598452582,22.922499598452582,23.596251003868538,-1.0,-1.132,sl,63
2022-04-04 00:30:00,2022-04-04 08:30:00,S,22.86,22.82,23.266432428158094,21.84391892960476,0.098,0.037,time,96
2022-04-04 09:20:00,2022-04-04 15:00:00,S,22.645,22.102153340323625,22.86213866387055,22.102153340323625,2.5,2.385,tp,68
2022-04-04 15:05:00,2022-04-04 20:40:00,S,22.08,22.52546026921298,22.52546026921298,20.96634932696754,-1.0,-1.055,sl,67
2022-04-04 22:55:00,2022-04-05 06:55:00,L,22.7,22.76,22.423327417419365,23.391681456451586,0.217,0.127,time,96
2022-04-05 12:35:00,2022-04-05 13:10:00,L,23.085,22.777944507870227,22.777944507870227,23.852638730324436,-1.0,-1.083,sl,7
2022-04-05 13:20:00,2022-04-05 21:20:00,S,22.71,22.165,23.110311603085584,21.709220992286042,1.361,1.299,time,96
2022-04-05 23:00:00,2022-04-06 00:05:00,S,22.075,21.608464657783536,22.261614136886585,21.608464657783536,2.5,2.37,tp,13
2022-04-06 00:10:00,2022-04-06 08:10:00,S,21.61,21.435,22.11140801483407,20.356479962914825,0.349,0.302,time,96
2022-04-06 08:15:00,2022-04-06 13:45:00,S,21.435,20.657419838315402,21.746032064673837,20.657419838315402,2.5,2.424,tp,66
2022-04-06 13:50:00,2022-04-06 21:50:00,S,20.6,20.27,21.130670480394592,19.273323799013525,0.622,0.579,time,96
2022-04-06 22:20:00,2022-04-07 06:20:00,S,20.06,20.105,20.377637252049897,19.265906869875252,-0.142,-0.211,time,96
2022-04-07 09:30:00,2022-04-07 11:30:00,S,20.04,20.32622714485482,20.32622714485482,19.32443213786295,-1.0,-1.077,sl,24
2022-04-07 13:30:00,2022-04-07 21:30:00,S,20.09,20.265,20.488168277734342,19.094579305664144,-0.44,-0.495,time,96
2022-04-08 06:45:00,2022-04-08 12:40:00,S,20.355,19.908486497126418,20.533605401149433,19.908486497126418,2.5,2.375,tp,71
2022-04-08 12:45:00,2022-04-08 14:25:00,S,19.935,20.15643849132349,20.15643849132349,19.381403771691268,-1.0,-1.099,sl,20
2022-04-08 18:15:00,2022-04-08 18:50:00,S,19.78,19.979958157113845,19.979958157113845,19.280104607215392,-1.0,-1.109,sl,7
2022-04-08 21:55:00,2022-04-08 23:05:00,S,19.73,19.26469650928966,19.916121396284137,19.26469650928966,2.5,2.383,tp,14
2022-04-08 23:10:00,2022-04-09 07:10:00,S,19.345,19.595,19.760549381207426,18.30612654698143,-0.602,-0.653,time,96
2022-04-09 15:30:00,2022-04-09 23:30:00,S,19.58,19.705924069526834,19.705924069526834,19.26518982618291,-1.0,-1.171,sl,96
2022-04-10 02:55:00,2022-04-10 07:30:00,L,19.84,19.68147472324544,19.68147472324544,20.2363131918864,-1.0,-1.138,sl,55
2022-04-10 07:35:00,2022-04-10 15:35:00,S,19.67,19.54,19.833748428588144,19.260628928529645,0.794,0.662,time,96
2022-04-10 17:05:00,2022-04-10 22:45:00,L,19.79,19.44921791563572,19.44921791563572,20.641955210910695,-1.0,-1.064,sl,68
2022-04-10 22:50:00,2022-04-11 06:50:00,S,19.445,18.91,20.0239624431758,17.9975938920605,0.924,0.887,time,96
2022-04-11 07:20:00,2022-04-11 08:35:00,S,18.835,18.524187937776077,18.95932482488957,18.524187937776077,2.5,2.333,tp,15
2022-04-11 08:40:00,2022-04-11 16:40:00,S,18.485,17.715,18.932567330190864,17.36608167452284,1.72,1.675,time,96
2022-04-11 20:10:00,2022-04-12 04:10:00,S,17.38,17.255,17.83497559883087,16.242561002922823,0.275,0.233,time,96
2022-04-12 14:30:00,2022-04-12 22:30:00,S,17.575,17.555,17.974737780810223,16.575655547974442,0.05,0.002,time,96
2022-04-13 05:55:00,2022-04-13 06:30:00,L,17.97,17.810966996390924,17.810966996390924,18.367582509022686,-1.0,-1.124,sl,7
2022-04-13 07:15:00,2022-04-13 13:00:00,S,17.78,17.378553101134383,17.94057875954625,17.378553101134383,2.5,2.378,tp,69
2022-04-13 13:45:00,2022-04-13 21:45:00,L,17.805,18.145,17.352412925809382,18.936467685476543,0.751,0.708,time,96
2022-04-13 22:35:00,2022-04-14 06:35:00,L,18.245,18.195,18.095695902120585,18.61826024469854,-0.335,-0.469,time,96
2022-04-14 10:50:00,2022-04-14 12:15:00,S,18.045,18.184681912370653,18.184681912370653,17.695795219073375,-1.0,-1.142,sl,17
2022-04-14 12:50:00,2022-04-14 13:50:00,L,18.225,17.959909555688192,17.959909555688192,18.887726110779525,-1.0,-1.076,sl,12
2022-04-14 13:55:00,2022-04-14 21:55:00,S,17.96,17.865,18.40963886034647,16.83590284913383,0.211,0.167,time,96
2022-04-15 03:15:00,2022-04-15 11:15:00,L,18.1,18.28,17.90086281417159,18.597842964571033,0.904,0.804,time,96
2022-04-15 11:20:00,2022-04-15 12:30:00,L,18.28,18.120262160408462,18.120262160408462,18.67934459897885,-1.0,-1.126,sl,14
2022-04-15 13:05:00,2022-04-15 14:45:00,S,18.05,18.243938755204574,18.243938755204574,17.565153111988565,-1.0,-1.102,sl,20
2022-04-15 14:50:00,2022-04-15 22:50:00,L,18.285,18.265,17.88179692029358,19.29300769926605,-0.05,-0.099,time,96
2022-04-15 23:50:00,2022-04-16 07:50:00,L,18.365,18.33,18.231903468971044,18.697741327572384,-0.263,-0.415,time,96
2022-04-16 10:25:00,2022-04-16 15:35:00,L,18.34,18.22107575172785,18.22107575172785,18.637310620680378,-1.0,-1.17,sl,62
2022-04-16 17:00:00,2022-04-17 01:00:00,L,18.525,18.75,18.148259764727936,19.466850588180158,0.597,0.543,time,96
2022-04-17 06:00:00,2022-04-17 07:35:00,L,18.57,18.497448779715608,18.497448779715608,18.751378050710983,-1.0,-1.282,sl,19
2022-04-17 10:25:00,2022-04-17 11:15:00,L,18.715,18.577511693126752,18.577511693126752,19.058720767183118,-1.0,-1.15,sl,10
2022-04-17 17:00:00,2022-04-17 23:00:00,S,18.41,18.00049441625555,18.57380223349778,18.00049441625555,2.5,2.376,tp,72
2022-04-17 23:05:00,2022-04-18 07:05:00,S,17.92,17.3,18.317207046983413,16.926982382541475,1.561,1.511,time,96
2022-04-18 09:05:00,2022-04-18 09:40:00,S,17.175,17.299391347307044,17.299391347307044,16.864021631732392,-1.0,-1.152,sl,7
2022-04-18 15:45:00,2022-04-18 16:45:00,S,17.51,17.659656237715257,17.659656237715257,17.135859405711862,-1.0,-1.129,sl,12
2022-04-18 17:10:00,2022-04-19 01:10:00,L,17.79,18.19,17.368347811423074,18.844130471442313,0.949,0.902,time,96
2022-04-19 04:55:00,2022-04-19 06:55:00,L,18.27,18.1220206576919,18.1220206576919,18.63994835577025,-1.0,-1.136,sl,24
2022-04-19 11:10:00,2022-04-19 13:40:00,L,18.205,18.51338973629848,18.081644105480606,18.51338973629848,2.5,2.338,tp,30
2022-04-19 13:45:00,2022-04-19 21:45:00,L,18.52,18.84,18.348332428800536,18.94916892799866,1.864,1.745,time,96
2022-04-20 05:30:00,2022-04-20 08:25:00,L,18.74,19.275746003351905,18.525701598659236,19.275746003351905,2.5,2.404,tp,35
2022-04-20 08:30:00,2022-04-20 15:00:00,L,19.22,19.01859788859731,19.01859788859731,19.72350527850672,-1.0,-1.105,sl,78
2022-04-20 21:15:00,2022-04-21 05:15:00,L,19.055,19.33,18.72958675215685,19.868533119607868,0.845,0.781,time,96
2022-04-21 08:00:00,2022-04-21 16:00:00,L,19.295,19.24,18.96897096219269,20.110072594518286,-0.169,-0.234,time,96
2022-04-21 16:10:00,2022-04-21 18:00:00,S,19.215,18.78863650468036,19.385545398127856,18.78863650468036,2.5,2.376,tp,22
2022-04-21 18:05:00,2022-04-22 02:05:00,S,18.805,18.315,19.123119032255083,18.00970241936229,1.54,1.475,time,96
2022-04-22 07:25:00,2022-04-22 15:25:00,S,18.24,18.29,18.52081620914829,17.53795947712927,-0.178,-0.25,time,96
2022-04-23 04:25:00,2022-04-23 06:30:00,S,18.105,18.316376396533826,18.316376396533826,17.576559008665434,-1.0,-1.094,sl,25
2022-04-23 08:35:00,2022-04-23 11:15:00,L,18.445,18.78169507193908,18.31032197122437,18.78169507193908,2.5,2.349,tp,32
2022-04-23 11:20:00,2022-04-23 12:00:00,L,18.735,18.60982029361843,18.60982029361843,19.047949265953925,-1.0,-1.165,sl,8
2022-04-23 15:25:00,2022-04-23 23:25:00,L,18.89,18.965,18.66363856301649,19.455903592458775,0.331,0.24,time,96
2022-04-24 03:30:00,2022-04-24 05:35:00,L,19.095,18.900051303735047,18.900051303735047,19.582371740662378,-1.0,-1.108,sl,25
2022-04-24 11:25:00,2022-04-24 13:35:00,S,18.7,18.39068507876444,18.823725968494223,18.39068507876444,2.5,2.334,tp,26
2022-04-24 13:40:00,2022-04-24 21:40:00,S,18.4,18.265,18.6458788116748,17.785302970812992,0.549,0.467,time,96
2022-04-24 23:45:00,2022-04-25 00:20:00,S,18.165,17.716972321118142,18.344211071552742,17.716972321118142,2.5,2.389,tp,7
2022-04-25 00:25:00,2022-04-25 08:25:00,S,17.715,17.175,18.26504085516677,16.339897862083074,0.982,0.946,time,96
2022-04-25 09:25:00,2022-04-25 09:30:00,S,17.15,17.2761354999585,17.2761354999585,16.834661250103746,-1.0,-1.15,sl,1
2022-04-25 22:05:00,2022-04-26 00:35:00,L,18.04,18.31066863648723,17.931732545405108,18.31066863648723,2.5,2.317,tp,30
2022-04-26 00:40:00,2022-04-26 01:50:00,L,18.27,18.079223150925774,18.079223150925774,18.746942122685564,-1.0,-1.105,sl,14
2022-04-26 02:00:00,2022-04-26 10:00:00,S,18.01,17.835,18.234936652222835,17.44765836944292,0.778,0.69,time,96
2022-04-26 13:25:00,2022-04-26 19:30:00,S,17.595,16.703115855755627,17.951753657697747,16.703115855755627,2.5,2.446,tp,73
2022-04-26 19:35:00,2022-04-27 03:35:00,S,16.655,16.83,17.080206168376236,15.591984579059414,-0.412,-0.455,time,96
2022-04-27 08:55:00,2022-04-27 16:55:00,S,16.95,16.935,17.29205469510479,16.094863262238018,0.044,-0.011,time,96
2022-04-27 19:10:00,2022-04-27 22:10:00,S,16.77,17.010000758986184,17.010000758986184,16.16999810253454,-1.0,-1.077,sl,36
2022-04-28 08:25:00,2022-04-28 09:15:00,L,17.025,17.323104574621013,16.905758170151593,17.323104574621013,2.5,2.343,tp,10
2022-04-28 09:20:00,2022-04-28 12:50:00,L,17.315,16.97881992518274,16.97881992518274,18.15545018704315,-1.0,-1.057,sl,42
2022-04-28 12:55:00,2022-04-28 15:05:00,S,16.98,17.24624384564912,17.24624384564912,16.314390385877203,-1.0,-1.07,sl,26
2022-04-28 20:05:00,2022-04-29 04:05:00,S,16.96,16.775,17.250658464439972,16.233353838900072,0.636,0.572,time,96
2022-04-29 04:10:00,2022-04-29 05:20:00,S,16.775,16.920331465735753,16.920331465735753,16.411671335660614,-1.0,-1.127,sl,14
2022-04-29 08:50:00,2022-04-29 10:45:00,S,16.81,16.41389756838862,16.96844097264455,16.41389756838862,2.5,2.383,tp,23
2022-04-29 10:50:00,2022-04-29 13:55:00,S,16.28,16.592354862491824,16.592354862491824,15.499112843770444,-1.0,-1.057,sl,37
2022-04-29 17:00:00,2022-04-30 01:00:00,S,16.33,16.355,16.642234245187034,15.54941438703241,-0.08,-0.138,time,96
2022-04-30 08:30:00,2022-04-30 14:20:00,S,16.13,15.681568438403776,16.30937262463849,15.681568438403776,2.5,2.401,tp,70
2022-04-30 14:25:00,2022-04-30 22:25:00,S,15.72,15.32,16.118293494346755,14.724266264133114,1.004,0.961,time,96
2022-04-30 22:40:00,2022-04-30 23:05:00,S,15.215,14.458430932859184,15.517627626856326,14.458430932859184,2.5,2.445,tp,5
2022-04-30 23:10:00,2022-05-01 07:10:00,S,14.345,14.89,15.357841298169218,11.812896754576958,-0.538,-0.554,time,96
2022-05-01 12:10:00,2022-05-01 12:20:00,S,14.865,14.979265306839814,14.979265306839814,14.579336732900465,-1.0,-1.143,sl,2
2022-05-01 18:50:00,2022-05-01 23:20:00,S,15.1,15.40963684905878,15.40963684905878,14.32590787735305,-1.0,-1.054,sl,54
2022-05-02 00:20:00,2022-05-02 02:00:00,L,15.47,15.273630645182154,15.273630645182154,15.960923387044618,-1.0,-1.087,sl,20
2022-05-02 04:55:00,2022-05-02 08:00:00,L,15.505,15.26504117920919,15.26504117920919,16.104897051977026,-1.0,-1.071,sl,37
2022-05-02 08:25:00,2022-05-02 11:55:00,S,15.26,14.79925979493146,15.444296082027416,14.79925979493146,2.5,2.409,tp,42
2022-05-02 12:00:00,2022-05-02 13:25:00,S,14.82,15.02599175444507,15.02599175444507,14.305020613887327,-1.0,-1.079,sl,17
2022-05-02 13:40:00,2022-05-02 13:40:00,S,14.87,15.086735399016021,15.086735399016021,14.328161502459945,-1.0,-1.075,sl,0
2022-05-02 17:45:00,2022-05-02 21:35:00,S,14.665,14.961476883193127,14.961476883193127,13.923807792017179,-1.0,-1.054,sl,46
2022-05-03 09:35:00,2022-05-03 17:05:00,S,15.08,14.8213656482638,15.18345374069448,14.8213656482638,2.5,2.34,tp,90
2022-05-03 17:10:00,2022-05-04 01:10:00,S,14.83,14.875,15.035346112091123,14.316634719772193,-0.219,-0.299,time,96
2022-05-04 04:05:00,2022-05-04 05:15:00,L,15.075,14.926024820319203,14.926024820319203,15.44743794920199,-1.0,-1.111,sl,14
2022-05-04 06:40:00,2022-05-04 14:40:00,L,15.2,15.115,14.919851771628707,15.90037057092823,-0.303,-0.363,time,96
2022-05-04 18:10:00,2022-05-04 18:45:00,L,15.215,15.714937947194295,15.015024821122282,15.714937947194295,2.5,2.416,tp,7
2022-05-04 18:50:00,2022-05-05 02:50:00,L,15.695,16.33,15.04856830758276,17.3110792310431,0.982,0.956,time,96
2022-05-05 13:50:00,2022-05-05 14:40:00,S,15.745,15.040781610134538,16.026687355946184,15.040781610134538,2.5,2.439,tp,10
2022-05-05 14:45:00,2022-05-05 22:45:00,S,15.12,14.47,15.902318867370887,13.16420283157278,0.831,0.81,time,96
2022-05-06 00:50:00,2022-05-06 04:45:00,S,14.38,14.600377119226,14.600377119226,13.829057201935004,-1.0,-1.072,sl,47
2022-05-06 07:40:00,2022-05-06 15:40:00,S,14.315,14.31,14.632487085040122,13.521282287399693,0.016,-0.034,time,96
2022-05-06 18:35:00,2022-05-06 19:35:00,S,14.14,14.315887392549671,14.315887392549671,13.700281518625825,-1.0,-1.088,sl,12
2022-05-07 04:00:00,2022-05-07 07:45:00,S,14.055,14.20551111581945,14.20551111581945,13.678722210451376,-1.0,-1.103,sl,45
2022-05-07 21:15:00,2022-05-07 22:50:00,S,13.95,13.47264556385877,14.140941774456492,13.47264556385877,2.5,2.42,tp,19
2022-05-07 22:55:00,2022-05-08 06:55:00,S,13.45,13.655,13.940315209540309,12.224211976149226,-0.418,-0.448,time,96
2022-05-08 07:50:00,2022-05-08 15:50:00,S,13.465,13.425,13.709552915979137,12.85361771005216,0.164,0.103,time,96
2022-05-08 23:30:00,2022-05-09 00:40:00,S,13.275,13.424289308480455,13.424289308480455,12.901776728798863,-1.0,-1.098,sl,14
2022-05-09 02:15:00,2022-05-09 08:20:00,S,13.155,12.403710704727015,13.455515718109194,12.403710704727015,2.5,2.452,tp,73
2022-05-09 08:25:00,2022-05-09 15:30:00,S,12.395,11.466927506102168,12.766228997559132,11.466927506102168,2.5,2.463,tp,85
2022-05-09 15:35:00,2022-05-09 23:35:00,S,11.425,10.835,11.927282534156985,10.16929366460754,1.175,1.15,time,96
2022-05-09 23:40:00,2022-05-10 04:55:00,S,10.835,11.3568744947449,11.3568744947449,9.530313763137752,-1.0,-1.023,sl,63
2022-05-10 12:15:00,2022-05-10 14:35:00,L,11.935,11.691579479027256,11.691579479027256,12.543551302431862,-1.0,-1.054,sl,28
2022-05-10 14:40:00,2022-05-10 22:40:00,S,11.75,10.945,12.193784704393245,10.640538239016887,1.814,1.785,time,96
2022-05-11 04:50:00,2022-05-11 05:15:00,S,11.035,11.390126964175957,11.390126964175957,10.147182589560106,-1.0,-1.034,sl,5
2022-05-11 06:20:00,2022-05-11 12:40:00,S,10.95,9.785294026350632,11.415882389459746,9.785294026350632,2.5,2.474,tp,76
2022-05-11 12:45:00,2022-05-11 20:45:00,S,9.69,8.495,10.781880081471119,6.960299796322201,1.094,1.085,time,96
2022-05-11 20:55:00,2022-05-11 22:05:00,S,8.24,8.990604549961141,8.990604549961141,6.3634886250971485,-1.0,-1.012,sl,14
2022-05-12 02:35:00,2022-05-12 05:10:00,S,8.785,7.516861882095409,9.292255247161837,7.516861882095409,2.5,2.481,tp,31
2022-05-12 05:15:00,2022-05-12 10:50:00,S,7.53,8.454426449669294,8.454426449669294,5.218933875826767,-1.0,-1.009,sl,67
2022-05-12 19:00:00,2022-05-13 00:40:00,S,8.59,8.884257913813359,8.884257913813359,7.854355215466602,-1.0,-1.032,sl,68
2022-05-13 02:25:00,2022-05-13 05:15:00,L,9.265,10.208332987067108,8.887666805173158,10.208332987067108,2.5,2.473,tp,34
2022-05-13 05:20:00,2022-05-13 13:20:00,L,10.24,11.21,9.496354734453664,12.099113163865841,1.304,1.289,time,96
2022-05-13 13:35:00,2022-05-13 13:50:00,L,11.165,11.743001846340288,10.933799261463884,11.743001846340288,2.5,2.447,tp,3
2022-05-13 13:55:00,2022-05-13 15:40:00,L,11.64,11.105848935910018,11.105848935910018,12.975377660224957,-1.0,-1.024,sl,21
2022-05-13 21:45:00,2022-05-13 22:40:00,L,11.01,10.687460217749562,10.687460217749562,11.816349455626094,-1.0,-1.038,sl,11
2022-05-14 02:30:00,2022-05-14 04:00:00,L,10.87,10.59570414378313,10.59570414378313,11.555739640542171,-1.0,-1.044,sl,18
2022-05-14 07:30:00,2022-05-14 07:45:00,L,10.615,10.437936577699803,10.437936577699803,11.057658555750493,-1.0,-1.066,sl,3
2022-05-14 10:55:00,2022-05-14 16:30:00,S,10.19,10.625798758847967,10.625798758847967,9.10050310288008,-1.0,-1.026,sl,67
2022-05-14 16:35:00,2022-05-15 00:35:00,L,10.64,11.22,9.733069136200292,12.907327159499271,0.64,0.627,time,96
2022-05-15 06:05:00,2022-05-15 08:15:00,L,11.19,10.871162040863698,10.871162040863698,11.987094897840752,-1.0,-1.039,sl,26
2022-05-15 16:55:00,2022-05-16 00:55:00,L,11.1,11.455,10.604335199037166,12.339162002407082,0.716,0.692,time,96
2022-05-16 05:20:00,2022-05-16 06:05:00,L,11.38,11.083438259527616,11.083438259527616,12.121404351180962,-1.0,-1.042,sl,9
2022-05-16 06:10:00,2022-05-16 14:10:00,S,10.935,10.65,11.464105446340072,9.61223638414982,0.539,0.516,time,96
2022-05-16 15:40:00,2022-05-16 16:00:00,S,10.46,10.660026931325163,10.660026931325163,9.959932671687096,-1.0,-1.058,sl,4
2022-05-16 23:50:00,2022-05-17 00:50:00,S,10.64,10.892097888188912,10.892097888188912,10.00975527952772,-1.0,-1.046,sl,12
2022-05-17 03:40:00,2022-05-17 11:40:00,L,11.025,10.98,10.72461994811756,11.7759501297061,-0.15,-0.19,time,96
2022-05-17 11:55:00,2022-05-17 12:30:00,S,10.905,11.156218831485525,11.156218831485525,10.276952921286185,-1.0,-1.048,sl,7
2022-05-17 13:40:00,2022-05-17 14:30:00,L,11.26,10.99787359835349,10.99787359835349,11.915316004116274,-1.0,-1.047,sl,10
2022-05-17 14:45:00,2022-05-17 22:45:00,S,10.765,11.025,11.34361077306297,9.318473067342577,-0.449,-0.47,time,96
2022-05-18 01:10:00,2022-05-18 06:50:00,S,10.96,10.433827395044952,11.17046904198202,10.433827395044952,2.5,2.443,tp,68
2022-05-18 06:55:00,2022-05-18 13:25:00,S,10.455,10.043859460764159,10.619456215694337,10.043859460764159,2.5,2.43,tp,78
2022-05-18 13:30:00,2022-05-18 21:30:00,S,10.085,9.81,10.357070766235191,9.404823084412026,1.011,0.97,time,96
2022-05-18 21:35:00,2022-05-18 22:25:00,S,9.81,9.934248479715011,9.934248479715011,9.499378800712474,-1.0,-1.087,sl,10
2022-05-18 23:25:00,2022-05-19 07:25:00,S,9.64,9.75,9.94105720212303,8.887356994692427,-0.365,-0.401,time,96
2022-05-19 09:05:00,2022-05-19 11:25:00,S,9.54,9.725317114022934,9.725317114022934,9.076707214942662,-1.0,-1.057,sl,28
2022-05-19 15:25:00,2022-05-19 22:20:00,L,10.19,9.869848955985702,9.869848955985702,10.990377610035743,-1.0,-1.035,sl,83
2022-05-19 22:25:00,2022-05-19 23:45:00,S,9.865,10.088860062726614,10.088860062726614,9.305349843183468,-1.0,-1.048,sl,16
2022-05-20 01:40:00,2022-05-20 04:45:00,L,10.23,9.893394819398283,9.893394819398283,11.071512951504292,-1.0,-1.033,sl,37
2022-05-20 06:30:00,2022-05-20 10:20:00,S,9.775,10.110712950856133,10.110712950856133,8.93571762285967,-1.0,-1.032,sl,46
2022-05-20 14:55:00,2022-05-20 22:55:00,S,9.705,9.685,10.07844362021132,8.771390949471698,0.054,0.025,time,96
2022-05-21 01:05:00,2022-05-21 03:55:00,S,9.59,9.745569276927453,9.745569276927453,9.201076807681368,-1.0,-1.068,sl,34
2022-05-21 12:30:00,2022-05-21 13:50:00,S,9.7,9.792650076415406,9.792650076415406,9.468374808961483,-1.0,-1.115,sl,16
2022-05-21 16:05:00,2022-05-22 00:05:00,L,9.97,9.97,9.715265954268155,10.606835114329616,0.0,-0.043,time,96
2022-05-22 05:30:00,2022-05-22 07:10:00,L,10.085,9.987106591822554,9.987106591822554,10.329733520443618,-1.0,-1.113,sl,20
2022-05-22 09:15:00,2022-05-22 15:20:00,L,10.145,10.021627575139988,10.021627575139988,10.45343106215003,-1.0,-1.09,sl,73
2022-05-22 22:25:00,2022-05-23 02:10:00,L,10.165,10.000658452163004,10.000658452163004,10.575853869592489,-1.0,-1.068,sl,45
2022-05-23 02:15:00,2022-05-23 05:00:00,S,9.995,10.158443647150628,10.158443647150628,9.586390882123426,-1.0,-1.067,sl,33
2022-05-23 05:05:00,2022-05-23 07:40:00,L,10.145,10.428143553372347,10.03174257865106,10.428143553372347,2.5,2.401,tp,31
2022-05-23 07:45:00,2022-05-23 15:45:00,L,10.38,10.57,10.215486983891081,10.7912825402723,1.155,1.086,time,96
2022-05-23 16:05:00,2022-05-23 17:15:00,L,10.655,10.43890191741589,10.43890191741589,11.195245206460271,-1.0,-1.054,sl,14
2022-05-23 19:05:00,2022-05-24 03:05:00,S,10.185,10.025,10.562427246682178,9.241431883294556,0.424,0.394,time,96
2022-05-24 06:00:00,2022-05-24 09:05:00,S,9.93,9.685312702354501,10.027874919058199,9.685312702354501,2.5,2.388,tp,37
2022-05-24 09:10:00,2022-05-24 15:45:00,S,9.715,9.986225847662787,9.986225847662787,9.036935380843031,-1.0,-1.039,sl,79
2022-05-24 21:15:00,2022-05-25 05:15:00,L,10.165,10.225,9.941184455325361,10.724538861686593,0.268,0.218,time,96
2022-05-25 05:40:00,2022-05-25 13:40:00,S,10.055,10.085,10.23879844709749,9.595503882256272,-0.163,-0.223,time,96
2022-05-25 14:55:00,2022-05-25 22:55:00,S,9.81,9.985,10.096591410519853,9.09352147370037,-0.611,-0.648,time,96
2022-05-25 23:55:00,2022-05-26 00:10:00,S,9.84,9.98786946346111,9.98786946346111,9.470326341347226,-1.0,-1.073,sl,3
2022-05-26 03:15:00,2022-05-26 08:20:00,S,9.82,9.487010702615876,9.95319571895365,9.487010702615876,2.5,2.419,tp,61
2022-05-26 08:25:00,2022-05-26 16:25:00,S,9.45,9.465,9.767258156585987,8.656854608535031,-0.047,-0.08,time,96
2022-05-26 19:40:00,2022-05-26 21:10:00,S,9.15,9.340698385866903,9.340698385866903,8.673254035332745,-1.0,-1.053,sl,18
2022-05-26 23:50:00,2022-05-27 01:05:00,S,9.185,8.896472579001063,9.300410968399575,8.896472579001063,2.5,2.412,tp,15
2022-05-27 01:10:00,2022-05-27 09:10:00,S,8.895,9.045,9.191601381669958,8.153496545825103,-0.506,-0.539,time,96
2022-05-27 09:35:00,2022-05-27 10:40:00,L,9.06,9.685882491991777,8.80964700320329,9.685882491991777,2.5,2.46,tp,13
2022-05-27 10:45:00,2022-05-27 18:45:00,L,9.825,9.14,9.059483795707985,11.738790510730034,-0.895,-0.909,time,96
2022-05-27 18:50:00,2022-05-27 19:55:00,S,9.14,9.347079676560659,9.347079676560659,8.622300808598354,-1.0,-1.049,sl,13
2022-05-27 23:25:00,2022-05-28 05:25:00,S,9.1,9.34925205456046,9.34925205456046,8.47686986359885,-1.0,-1.04,sl,72
2022-05-28 07:35:00,2022-05-28 09:20:00,S,9.105,9.384831352187103,9.384831352187103,8.405421619532245,-1.0,-1.036,sl,21
2022-05-28 11:25:00,2022-05-28 19:25:00,L,9.445,9.52,9.264856620390095,9.895358449024764,0.416,0.359,time,96
2022-05-28 19:50:00,2022-05-29 01:25:00,L,9.635,9.466309600548147,9.466309600548147,10.05672599862963,-1.0,-1.063,sl,67
2022-05-29 02:10:00,2022-05-29 10:10:00,S,9.355,9.485,9.600988434295607,8.740028914260986,-0.528,-0.57,time,96
2022-05-29 11:05:00,2022-05-29 13:25:00,L,9.575,9.998362715486948,9.40565491380522,9.998362715486948,2.5,2.438,tp,28
2022-05-29 13:30:00,2022-05-29 21:30:00,L,9.975,9.88,9.669013737477435,10.73996565630641,-0.31,-0.346,time,96
2022-05-29 23:30:00,2022-05-30 02:00:00,L,9.975,10.347380515954926,9.826047793618029,10.347380515954926,2.5,2.426,tp,30
2022-05-30 02:05:00,2022-05-30 10:05:00,L,10.365,10.135,9.92815653942382,11.45710865144045,-0.527,-0.553,time,96
2022-05-30 14:10:00,2022-05-30 22:10:00,L,10.365,10.51,10.12908186468454,10.954795338288651,0.615,0.566,time,96
2022-05-31 03:15:00,2022-05-31 06:00:00,L,10.635,10.400758977202901,10.400758977202901,11.220602556992745,-1.0,-1.05,sl,33
2022-05-31 11:50:00,2022-05-31 12:20:00,L,10.395,10.290525222875932,10.290525222875932,10.65618694281017,-1.0,-1.109,sl,6
2022-05-31 13:45:00,2022-05-31 15:50:00,S,10.015,10.359447949444338,10.359447949444338,9.153880126389158,-1.0,-1.032,sl,25
2022-05-31 15:55:00,2022-05-31 23:55:00,L,10.43,10.34,10.12794618231693,11.185134544207676,-0.298,-0.336,time,96
2022-06-01 02:20:00,2022-06-01 06:05:00,S,10.22,10.33965998618839,10.33965998618839,9.920850034529025,-1.0,-1.094,sl,45
2022-06-01 06:10:00,2022-06-01 14:10:00,L,10.33,10.385,10.155231223470695,10.766921941323263,0.315,0.25,time,96
2022-06-01 14:20:00,2022-06-01 22:20:00,S,10.285,9.39,10.767374208091445,9.07906447977139,1.855,1.832,time,96
2022-06-02 00:25:00,2022-06-02 02:15:00,S,9.335,9.510041520516536,9.510041520516536,8.897396198708662,-1.0,-1.059,sl,22
2022-06-02 04:15:00,2022-06-02 05:40:00,S,9.355,9.484722499183533,9.484722499183533,9.030693752041168,-1.0,-1.079,sl,17
2022-06-02 13:15:00,2022-06-02 16:10:00,S,9.435,9.664851773634899,9.664851773634899,8.860370565912755,-1.0,-1.045,sl,35
2022-06-02 20:20:00,2022-06-03 04:20:00,L,9.915,9.785,9.674436251187476,10.516409372031307,-0.54,-0.586,time,96
2022-06-03 05:55:00,2022-06-03 06:55:00,L,9.89,9.752052664993883,9.752052664993883,10.234868337515294,-1.0,-1.079,sl,12
2022-06-03 07:00:00,2022-06-03 10:35:00,S,9.765,9.419069968626065,9.903372012549575,9.419069968626065,2.5,2.422,tp,43
2022-06-03 10:40:00,2022-06-03 18:40:00,S,9.395,9.39,9.6251224803836,8.819693799040998,0.022,-0.023,time,96
2022-06-03 20:05:00,2022-06-03 21:20:00,S,9.3,9.433328405592336,9.433328405592336,8.966678986019161,-1.0,-1.077,sl,15
2022-06-03 23:50:00,2022-06-04 00:40:00,S,9.35,9.413161515356883,9.413161515356883,9.19209621160779,-1.0,-1.163,sl,10
2022-06-04 01:05:00,2022-06-04 08:15:00,S,9.27,9.419386097165418,9.419386097165418,8.896534757086453,-1.0,-1.068,sl,86
2022-06-04 09:35:00,2022-06-04 14:30:00,S,9.335,9.453229481507213,9.453229481507213,9.03942629623197,-1.0,-1.087,sl,59
2022-06-05 01:05:00,2022-06-05 09:05:00,S,9.34,9.305,9.483552156146981,8.981119609632547,0.244,0.172,time,96
2022-06-05 09:40:00,2022-06-05 12:25:00,S,9.27,9.36302478521361,9.36302478521361,9.037438036965971,-1.0,-1.11,sl,33
2022-06-05 15:45:00,2022-06-05 16:05:00,L,9.365,9.521100011186217,9.302559995525513,9.521100011186217,2.5,2.335,tp,4
2022-06-05 20:10:00,2022-06-05 20:55:00,L,9.54,9.437669545081773,9.437669545081773,9.795826137295563,-1.0,-1.103,sl,9
2022-06-05 23:30:00,2022-06-06 00:45:00,S,9.33,9.48451077481388,9.48451077481388,8.943723062965297,-1.0,-1.066,sl,15
2022-06-06 00:50:00,2022-06-06 08:50:00,L,9.53,9.9,9.310264328263568,10.07933917934108,1.684,1.636,time,96
2022-06-06 14:40:00,2022-06-06 16:05:00,L,9.845,9.615404035931418,9.615404035931418,10.418989910171458,-1.0,-1.047,sl,17
2022-06-06 16:10:00,2022-06-07 00:10:00,S,9.63,9.415,9.75970229884205,9.305744252894876,1.658,1.576,time,96
2022-06-07 00:25:00,2022-06-07 08:25:00,S,9.22,9.115,9.507149322722691,8.502126693193274,0.366,0.33,time,96
2022-06-07 12:25:00,2022-06-07 12:35:00,S,8.945,9.018173859642799,9.018173859642799,8.762065350893003,-1.0,-1.134,sl,2
2022-06-07 19:10:00,2022-06-07 22:45:00,L,9.255,9.117256458203942,9.117256458203942,9.599358854490148,-1.0,-1.074,sl,43
2022-06-07 22:50:00,2022-06-08 02:05:00,S,8.975,9.382136423984669,9.382136423984669,7.957158940038327,-1.0,-1.024,sl,39
2022-06-08 03:20:00,2022-06-08 11:20:00,S,9.105,9.06,9.354623559265145,8.48094110183714,0.18,0.14,time,96
2022-06-08 12:25:00,2022-06-08 13:25:00,S,9.025,9.122663452780575,9.122663452780575,8.780841368048563,-1.0,-1.102,sl,12
2022-06-08 16:35:00,2022-06-09 00:35:00,S,9.055,8.945,9.168707690582904,8.770730773542738,0.967,0.88,time,96
2022-06-09 06:05:00,2022-06-09 14:05:00,L,9.25,9.18,9.055596018963204,9.73600995259199,-0.36,-0.412,time,96
2022-06-09 14:35:00,2022-06-09 22:35:00,L,9.355,9.215,9.095400975816698,10.003997560458256,-0.539,-0.579,time,96
2022-06-10 00:20:00,2022-06-10 03:00:00,S,9.055,9.259970006212518,9.259970006212518,8.542574984468704,-1.0,-1.049,sl,32
2022-06-10 03:05:00,2022-06-10 09:05:00,L,9.335,9.11620410645192,9.11620410645192,9.881989733870201,-1.0,-1.047,sl,72
2022-06-10 09:10:00,2022-06-10 12:30:00,S,9.105,8.785959039765363,9.232616384093856,8.785959039765363,2.5,2.422,tp,40
2022-06-10 12:35:00,2022-06-10 20:35:00,S,8.845,8.805,9.203118925573506,7.949702686066238,0.112,0.085,time,96
2022-06-10 23:25:00,2022-06-11 03:35:00,S,8.525,8.784758905957132,8.784758905957132,7.875602735107172,-1.0,-1.036,sl,50
2022-06-11 08:40:00,2022-06-11 12:55:00,S,8.665,8.205727306230065,8.848709077507973,8.205727306230065,2.5,2.448,tp,51
2022-06-11 13:00:00,2022-06-11 21:00:00,S,8.15,8.065,8.391105279312198,7.547236801719507,0.353,0.315,time,96
2022-06-11 23:35:00,2022-06-12 05:00:00,S,8.015,7.506648029148828,8.21834078834047,7.506648029148828,2.5,2.457,tp,65
2022-06-12 05:05:00,2022-06-12 08:25:00,S,7.515,7.7707473092780415,7.7707473092780415,6.875631726804896,-1.0,-1.032,sl,40
2022-06-12 13:55:00,2022-06-12 14:20:00,S,7.55,7.679226453608002,7.679226453608002,7.226933865979995,-1.0,-1.064,sl,5
2022-06-12 19:20:00,2022-06-12 23:40:00,S,7.76,7.411073748662817,7.899570500534873,7.411073748662817,2.5,2.439,tp,52
2022-06-12 23:45:00,2022-06-13 01:25:00,S,7.47,7.030884310952072,7.645646275619171,7.030884310952072,2.5,2.453,tp,20
2022-06-13 01:30:00,2022-06-13 09:30:00,S,7.035,6.65,7.483207597601948,5.914481005995132,0.859,0.842,time,96
2022-06-13 23:00:00,2022-06-14 00:35:00,S,6.78,7.127409863113819,7.127409863113819,5.911475342215454,-1.0,-1.021,sl,19
2022-06-14 01:30:00,2022-06-14 02:40:00,S,6.775,7.143027030456628,7.143027030456628,5.854932423858431,-1.0,-1.02,sl,14
2022-06-14 05:20:00,2022-06-14 13:20:00,L,7.26,7.49,7.027145779413386,7.842135551466534,0.988,0.953,time,96
2022-06-14 13:25:00,2022-06-14 21:25:00,L,7.49,7.13,7.0629312761696745,8.557671809575815,-0.843,-0.862,time,96
2022-06-14 21:30:00,2022-06-14 22:50:00,S,7.13,7.229542902319693,7.229542902319693,6.881142744200767,-1.0,-1.079,sl,16
2022-06-14 23:10:00,2022-06-15 05:20:00,L,7.275,7.09443823894312,7.09443823894312,7.726404402642202,-1.0,-1.044,sl,74
2022-06-15 05:25:00,2022-06-15 13:25:00,S,7.105,7.205,7.361802841459385,6.4629928963515395,-0.389,-0.42,time,96
2022-06-15 13:55:00,2022-06-15 14:40:00,L,7.31,7.138709264533331,7.138709264533331,7.738226838666671,-1.0,-1.047,sl,9
2022-06-15 14:55:00,2022-06-15 18:40:00,S,7.11,7.432001507800163,7.432001507800163,6.304996230499593,-1.0,-1.024,sl,45
2022-06-15 18:45:00,2022-06-16 02:45:00,L,7.485,8.345,6.837939717964313,9.102650705089218,1.329,1.316,time,96
2022-06-16 10:30:00,2022-06-16 12:25:00,S,7.505,7.669928328846601,7.669928328846601,7.092679177883497,-1.0,-1.05,sl,23
2022-06-16 13:35:00,2022-06-16 21:35:00,S,7.375,7.375,7.713255546667034,6.529361133332416,-0.0,-0.024,time,96
2022-06-16 22:55:00,2022-06-17 01:45:00,S,7.095,7.335569441812406,7.335569441812406,6.493576395468985,-1.0,-1.032,sl,34
2022-06-17 20:40:00,2022-06-18 01:35:00,L,7.38,7.2166625982147625,7.2166625982147625,7.788343504463093,-1.0,-1.05,sl,59
2022-06-18 01:45:00,2022-06-18 08:15:00,S,7.165,6.630398382536459,7.378840646985417,6.630398382536459,2.5,2.463,tp,78
2022-06-18 08:20:00,2022-06-18 15:35:00,S,6.665,6.906446510904165,6.906446510904165,6.0613837227395875,-1.0,-1.03,sl,87
2022-06-18 17:45:00,2022-06-18 21:20:00,S,6.76,6.894586226114655,6.894586226114655,6.4235344347133605,-1.0,-1.055,sl,43
2022-06-18 22:30:00,2022-06-19 01:55:00,L,7.17,6.90248109793641,6.90248109793641,7.838797255158974,-1.0,-1.029,sl,41
2022-06-19 02:00:00,2022-06-19 05:05:00,S,6.92,7.053511252164061,7.053511252164061,6.586221869589848,-1.0,-1.057,sl,37
2022-06-19 09:20:00,2022-06-19 17:20:00,L,7.065,7.165,6.870870724379377,7.550323189051559,0.515,0.475,time,96
2022-06-19 19:00:00,2022-06-20 01:50:00,L,7.47,7.219374920162278,7.219374920162278,8.096562699594305,-1.0,-1.033,sl,82
2022-06-20 06:00:00,2022-06-20 10:10:00,L,7.35,7.720740215542644,7.201703913782942,7.720740215542644,2.5,2.445,tp,50
2022-06-20 10:15:00,2022-06-20 10:40:00,L,7.615,7.891053790295288,7.504578483881885,7.891053790295288,2.5,2.424,tp,5
2022-06-20 10:45:00,2022-06-20 18:45:00,L,7.89,7.68,7.548167163804219,8.74458209048945,-0.614,-0.64,time,96
2022-06-20 23:40:00,2022-06-21 07:40:00,L,7.925,8.15,7.694894532924534,8.500263667688664,0.978,0.94,time,96
2022-06-21 13:45:00,2022-06-21 18:55:00,L,8.175,7.923637762173049,7.923637762173049,8.80340559456738,-1.0,-1.036,sl,62
2022-06-21 20:05:00,2022-06-22 04:05:00,S,7.805,7.485,8.004877535354051,7.305306161614871,1.601,1.558,time,96
2022-06-22 06:20:00,2022-06-22 10:10:00,S,7.445,7.6239967524628565,7.6239967524628565,6.99750811884286,-1.0,-1.046,sl,46
2022-06-22 12:50:00,2022-06-22 13:30:00,S,7.47,7.649298174899968,7.649298174899968,7.021754562750079,-1.0,-1.046,sl,8
2022-06-22 13:55:00,2022-06-22 16:05:00,L,7.72,7.439190774325538,7.439190774325538,8.422023064186154,-1.0,-1.03,sl,26
2022-06-22 16:10:00,2022-06-23 00:10:00,S,7.445,7.475,7.68593134446197,6.842671638845076,-0.125,-0.159,time,96
2022-06-23 06:35:00,2022-06-23 07:50:00,L,7.68,7.561233009231963,7.561233009231963,7.976917476920091,-1.0,-1.071,sl,15
2022-06-23 10:45:00,2022-06-23 15:30:00,L,7.665,7.5070597990978465,7.5070597990978465,8.059850502255383,-1.0,-1.053,sl,57
2022-06-23 15:35:00,2022-06-23 19:35:00,S,7.5,7.674576390948952,7.674576390948952,7.063559022627619,-1.0,-1.047,sl,48
2022-06-23 19:40:00,2022-06-24 03:40:00,L,7.69,7.985,7.496143501831562,8.174641245421096,1.522,1.478,time,96
2022-06-24 08:35:00,2022-06-24 16:35:00,L,7.98,8.02,7.876789033812125,8.238027415469688,0.388,0.303,time,96
2022-06-24 19:50:00,2022-06-25 03:50:00,L,8.165,8.195,8.046965751321586,8.460085621696031,0.254,0.178,time,96
2022-06-25 07:15:00,2022-06-25 12:10:00,L,8.265,8.12698773555837,8.12698773555837,8.610030661104078,-1.0,-1.066,sl,59
2022-06-25 12:15:00,2022-06-25 20:15:00,S,8.125,7.975,8.333474116937705,7.603814707655738,0.72,0.677,time,96
2022-06-25 21:35:00,2022-06-26 05:35:00,L,8.1,8.085,7.942194411127496,8.494513972181258,-0.095,-0.152,time,96
2022-06-26 06:50:00,2022-06-26 14:50:00,L,8.23,8.23,8.03153102337832,8.7261724415542,0.0,-0.046,time,96
2022-06-26 17:25:00,2022-06-26 20:45:00,S,8.015,8.163266714079352,8.163266714079352,7.644333214801621,-1.0,-1.059,sl,40
2022-06-26 20:50:00,2022-06-26 22:20:00,L,8.155,7.9965892555993765,7.9965892555993765,8.551026861001557,-1.0,-1.057,sl,18
2022-06-26 22:30:00,2022-06-27 06:30:00,S,7.955,7.955,8.20956784831924,7.318580379201899,-0.0,-0.034,time,96
2022-06-27 07:20:00,2022-06-27 13:45:00,L,8.03,7.927813437298096,7.927813437298096,8.285466406754757,-1.0,-1.086,sl,77
2022-06-27 13:50:00,2022-06-27 21:50:00,S,7.905,7.79,8.170351260212586,7.241621849468537,0.433,0.401,time,96
2022-06-28 00:40:00,2022-06-28 08:40:00,S,7.69,7.73,7.824141234785346,7.354646913036637,-0.298,-0.361,time,96
2022-06-28 12:10:00,2022-06-28 14:30:00,L,7.905,7.7364468971566565,7.7364468971566565,8.326382757108359,-1.0,-1.052,sl,28
2022-06-28 14:35:00,2022-06-28 22:35:00,S,7.77,7.365,8.006245583212266,7.179386041969334,1.714,1.678,time,96
2022-06-28 23:05:00,2022-06-29 07:05:00,S,7.305,7.145,7.518850645012777,6.770373387468057,0.748,0.711,time,96
2022-06-29 11:20:00,2022-06-29 14:50:00,S,7.135,7.253227499796421,7.253227499796421,6.839431250508946,-1.0,-1.066,sl,42
2022-06-29 17:20:00,2022-06-29 20:10:00,S,7.045,7.2044572770507145,7.2044572770507145,6.6463568073732135,-1.0,-1.049,sl,34
2022-06-29 22:35:00,2022-06-30 06:35:00,S,7.015,6.78,7.158227045176398,6.656932387059005,1.641,1.587,time,96
2022-06-30 08:25:00,2022-06-30 12:30:00,S,6.75,6.86830148222832,6.86830148222832,6.4542462944292,-1.0,-1.063,sl,49
2022-06-30 13:45:00,2022-06-30 15:25:00,S,6.64,6.895087564633881,6.895087564633881,6.002281088415296,-1.0,-1.029,sl,20
2022-06-30 18:45:00,2022-06-30 23:45:00,S,6.735,6.898574462540689,6.898574462540689,6.326063843648278,-1.0,-1.045,sl,60
2022-06-30 23:55:00,2022-07-01 05:30:00,L,7.05,6.6985088320499715,6.6985088320499715,7.928727919875071,-1.0,-1.022,sl,67
2022-07-01 05:35:00,2022-07-01 08:20:00,S,6.585,6.86133694756618,6.86133694756618,5.89415763108455,-1.0,-1.026,sl,33
2022-07-01 10:40:00,2022-07-01 13:45:00,S,6.66,6.803647455399923,6.803647455399923,6.300881361500194,-1.0,-1.051,sl,37
2022-07-01 22:25:00,2022-07-02 06:25:00,S,6.77,6.705,6.868133628555127,6.52466592861218,0.662,0.586,time,96
2022-07-02 12:20:00,2022-07-02 15:10:00,L,6.805,6.751690816393791,6.751690816393791,6.9382729590155225,-1.0,-1.14,sl,34
2022-07-02 15:15:00,2022-07-02 18:05:00,S,6.745,6.826952263283055,6.826952263283055,6.540119341792362,-1.0,-1.091,sl,34
2022-07-02 18:10:00,2022-07-03 00:20:00,L,6.82,6.772827017281737,6.772827017281737,6.937932456795657,-1.0,-1.159,sl,74
2022-07-03 01:45:00,2022-07-03 05:00:00,S,6.75,6.821882767182808,6.821882767182808,6.570293082042979,-1.0,-1.103,sl,39
2022-07-03 09:00:00,2022-07-03 10:00:00,S,6.695,6.724560222330957,6.724560222330957,6.621099444172609,-1.0,-1.249,sl,12
2022-07-03 13:40:00,2022-07-03 16:45:00,S,6.645,6.74278104304297,6.74278104304297,6.400547392392573,-1.0,-1.075,sl,37
2022-07-03 19:05:00,2022-07-03 20:00:00,L,6.79,6.957442772247761,6.723022891100896,6.957442772247761,2.5,2.388,tp,11
2022-07-03 20:05:00,2022-07-04 02:40:00,L,6.965,6.762034778584326,6.762034778584326,7.472413053539185,-1.0,-1.038,sl,79
2022-07-04 02:45:00,2022-07-04 10:45:00,S,6.775,6.805,6.851984718563295,6.5825382035917634,-0.39,-0.486,time,96
2022-07-04 11:35:00,2022-07-04 12:00:00,L,6.84,7.009614428908888,6.772154228436444,7.009614428908888,2.5,2.389,tp,5
2022-07-04 12:05:00,2022-07-04 20:05:00,L,7.04,7.015,6.770654153236112,7.71336461690972,-0.093,-0.122,time,96
2022-07-04 21:55:00,2022-07-05 02:30:00,L,7.09,6.997596796793259,6.997596796793259,7.321008008016853,-1.0,-1.084,sl,55
2022-07-05 08:10:00,2022-07-05 12:20:00,S,6.94,6.606891606346748,7.073243357461301,6.606891606346748,2.5,2.443,tp,50
2022-07-05 12:25:00,2022-07-05 19:30:00,S,6.71,6.873317835061102,6.873317835061102,6.3017054123472445,-1.0,-1.045,sl,85
2022-07-05 19:35:00,2022-07-06 02:00:00,L,6.88,6.716927450949255,6.716927450949255,7.287681372626862,-1.0,-1.046,sl,77
2022-07-06 02:05:00,2022-07-06 09:00:00,S,6.745,6.924289656828218,6.924289656828218,6.296775857929454,-1.0,-1.041,sl,83
2022-07-06 23:05:00,2022-07-07 03:25:00,L,6.995,6.8871756950876835,6.8871756950876835,7.264560762280792,-1.0,-1.071,sl,52
2022-07-07 08:10:00,2022-07-07 16:10:00,L,6.985,7.125,6.898365597119946,7.201586007200137,1.616,1.527,time,96
2022-07-07 16:30:00,2022-07-08 00:30:00,L,7.165,7.25,7.087152461548506,7.359618846128736,1.092,0.991,time,96
2022-07-08 01:30:00,2022-07-08 05:50:00,L,7.45,7.236308945763886,7.236308945763886,7.984227635590285,-1.0,-1.038,sl,52
2022-07-08 08:40:00,2022-07-08 16:40:00,S,7.13,7.05,7.222624466859968,6.898438832850079,0.864,0.779,time,96
2022-07-08 20:35:00,2022-07-08 21:45:00,L,7.17,7.0926880959762855,7.0926880959762855,7.363279760059286,-1.0,-1.102,sl,14
2022-07-09 00:00:00,2022-07-09 05:00:00,S,7.03,7.167940816584198,7.167940816584198,6.685147958539505,-1.0,-1.056,sl,60
2022-07-09 06:35:00,2022-07-09 14:35:00,L,7.195,7.235,7.122659004106596,7.3758524897335125,0.553,0.444,time,96
2022-07-09 18:00:00,2022-07-09 19:10:00,L,7.31,7.233167183041319,7.233167183041319,7.502082042396701,-1.0,-1.105,sl,14
2022-07-10 00:05:00,2022-07-10 01:00:00,S,7.235,7.080863352856818,7.296654658857273,7.080863352856818,2.5,2.371,tp,11
2022-07-10 01:05:00,2022-07-10 09:05:00,S,7.13,7.07,7.263391029331895,6.796522426670263,0.45,0.391,time,96
2022-07-10 10:45:00,2022-07-10 13:30:00,S,7.03,6.901042663441681,7.081582934623328,6.901042663441681,2.5,2.35,tp,33
2022-07-10 13:35:00,2022-07-10 21:35:00,S,6.935,6.895,7.03288142990578,6.690296425235548,0.409,0.331,time,96
2022-07-11 00:20:00,2022-07-11 08:20:00,S,6.765,6.78,6.867868516916827,6.507828707707931,-0.146,-0.218,time,96
2022-07-11 12:05:00,2022-07-11 13:00:00,S,6.78,6.882085564574421,6.882085564574421,6.524786088563948,-1.0,-1.073,sl,11
2022-07-11 13:50:00,2022-07-11 21:50:00,S,6.765,6.665,6.903637566111605,6.418406084720985,0.721,0.668,time,96
2022-07-11 22:30:00,2022-07-12 06:30:00,S,6.605,6.565,6.764236198859058,6.2069095028523575,0.251,0.206,time,96
2022-07-12 06:55:00,2022-07-12 14:55:00,S,6.515,6.51,6.612184269135132,6.272039327162169,0.051,-0.022,time,96
2022-07-12 18:05:00,2022-07-13 00:00:00,S,6.455,6.237489323350026,6.54200427065999,6.237489323350026,2.5,2.418,tp,71
2022-07-13 00:05:00,2022-07-13 05:35:00,S,6.25,6.398863297473824,6.398863297473824,5.877841756315441,-1.0,-1.046,sl,66
2022-07-13 12:35:00,2022-07-13 20:35:00,S,6.31,6.29,6.556739205570265,5.693151986074335,0.081,0.053,time,96
2022-07-13 23:20:00,2022-07-14 07:20:00,L,6.445,6.445,6.32206341234729,6.7523414691317765,0.0,-0.058,time,96
2022-07-14 08:10:00,2022-07-14 15:40:00,S,6.415,6.482150283227239,6.482150283227239,6.247124291931903,-1.0,-1.105,sl,90
2022-07-14 15:45:00,2022-07-14 23:45:00,L,6.505,6.725,6.33652582921336,6.926185426966599,1.306,1.263,time,96
2022-07-15 02:00:00,2022-07-15 10:00:00,L,6.76,6.87,6.647534800288499,7.041162999278752,0.978,0.912,time,96
2022-07-15 10:30:00,2022-07-15 11:55:00,L,6.91,6.852361280405259,6.852361280405259,7.054096798986853,-1.0,-1.132,sl,17
2022-07-15 12:50:00,2022-07-15 16:20:00,L,6.92,6.790541118664446,6.790541118664446,7.243647203338884,-1.0,-1.059,sl,42
2022-07-15 18:55:00,2022-07-16 00:00:00,L,6.89,6.762201516348125,6.762201516348125,7.209496209129686,-1.0,-1.059,sl,61
2022-07-16 04:05:00,2022-07-16 05:55:00,L,6.71,6.678577626236038,6.678577626236038,6.788555934409905,-1.0,-1.235,sl,22
2022-07-16 06:00:00,2022-07-16 14:00:00,S,6.68,6.7,6.756984651076168,6.4875383723095785,-0.26,-0.355,time,96
2022-07-16 15:25:00,2022-07-16 16:05:00,L,6.74,6.920118314569791,6.667952674172084,6.920118314569791,2.5,2.397,tp,8
2022-07-16 16:10:00,2022-07-17 00:10:00,L,6.89,7.235,6.696711168194326,7.373222079514185,1.785,1.746,time,96
2022-07-17 06:45:00,2022-07-17 08:25:00,L,7.28,7.1470693925539,7.1470693925539,7.612326518615252,-1.0,-1.06,sl,20
2022-07-17 18:00:00,2022-07-18 02:00:00,S,6.915,7.09,7.139761245615014,6.353096885962466,-0.779,-0.812,time,96
2022-07-18 02:05:00,2022-07-18 06:35:00,L,7.09,7.497024009489094,6.927190396204362,7.497024009489094,2.5,2.452,tp,54
2022-07-18 06:40:00,2022-07-18 14:40:00,L,7.515,7.51,7.300246204777884,8.05188448805529,-0.023,-0.062,time,96
2022-07-18 15:40:00,2022-07-18 16:40:00,L,7.655,7.486315755107785,7.486315755107785,8.076710612230539,-1.0,-1.05,sl,12
2022-07-18 22:15:00,2022-07-18 23:45:00,L,7.395,7.6271170335407685,7.302153186583692,7.6271170335407685,2.5,2.412,tp,18
2022-07-18 23:50:00,2022-07-19 07:50:00,L,7.63,7.565,7.37033705053752,8.279157373656199,-0.25,-0.283,time,96
2022-07-19 11:30:00,2022-07-19 15:20:00,L,7.8,7.625870448698116,7.625870448698116,8.23532387825471,-1.0,-1.049,sl,46
2022-07-19 16:10:00,2022-07-20 00:10:00,L,7.925,7.71,7.598236914815625,8.741907712960938,-0.658,-0.685,time,96
2022-07-20 03:05:00,2022-07-20 03:30:00,L,7.815,7.922264356109187,7.772094257556326,7.922264356109187,2.5,2.3,tp,5
2022-07-20 03:35:00,2022-07-20 08:35:00,L,7.885,7.7967542449527345,7.7967542449527345,8.105614387618163,-1.0,-1.098,sl,60
2022-07-20 15:05:00,2022-07-20 16:25:00,L,7.985,7.7862248230726365,7.7862248230726365,8.48193794231841,-1.0,-1.044,sl,16
2022-07-20 17:15:00,2022-07-21 01:15:00,S,7.65,7.475,7.931143697687178,6.947140755782057,0.622,0.593,time,96
2022-07-21 02:30:00,2022-07-21 10:30:00,S,7.33,7.365,7.493865146093625,6.920337134765939,-0.214,-0.263,time,96
2022-07-21 11:15:00,2022-07-21 12:40:00,S,7.275,7.423084495568122,7.423084495568122,6.904788761079697,-1.0,-1.054,sl,17
2022-07-21 14:30:00,2022-07-21 16:10:00,S,7.25,7.404662226331988,7.404662226331988,6.86334443417003,-1.0,-1.052,sl,20
2022-07-21 19:15:00,2022-07-22 03:15:00,L,7.53,7.46,7.417224392327673,7.811939019180819,-0.621,-0.694,time,96
2022-07-22 03:30:00,2022-07-22 05:35:00,S,7.415,7.4976283596822295,7.4976283596822295,7.208429100794426,-1.0,-1.099,sl,25
2022-07-22 05:40:00,2022-07-22 13:40:00,L,7.5,7.7,7.357310788570121,7.856723028574697,1.402,1.344,time,96
2022-07-22 15:30:00,2022-07-22 23:30:00,S,7.575,7.315,7.729204619661229,7.189488450846928,1.686,1.632,time,96
2022-07-23 00:10:00,2022-07-23 00:30:00,S,7.24,7.373396323219008,7.373396323219008,6.906509191952482,-1.0,-1.06,sl,4
2022-07-23 10:40:00,2022-07-23 18:40:00,S,7.26,7.16,7.378379779388558,6.964050551528604,0.845,0.777,time,96
2022-07-24 01:50:00,2022-07-24 02:30:00,S,7.305,7.402667903160149,7.402667903160149,7.060830242099625,-1.0,-1.082,sl,8
2022-07-24 02:35:00,2022-07-24 10:35:00,L,7.425,7.385,7.292077940378408,7.7573051490539795,-0.301,-0.362,time,96
2022-07-24 13:00:00,2022-07-24 15:10:00,S,7.355,7.472765180348716,7.472765180348716,7.060587049128211,-1.0,-1.069,sl,26
2022-07-24 15:15:00,2022-07-24 23:15:00,L,7.465,7.415,7.332406146238971,7.796484634402573,-0.377,-0.439,time,96
2022-07-25 00:25:00,2022-07-25 08:25:00,S,7.34,7.065,7.478839431674282,6.992901420814295,1.981,1.923,time,96
2022-07-25 12:25:00,2022-07-25 19:05:00,S,7.1,6.929626747627246,7.168149300949101,6.929626747627246,2.5,2.385,tp,80
2022-07-25 19:10:00,2022-07-25 20:40:00,S,6.91,7.063534720489585,7.063534720489585,6.526163198776038,-1.0,-1.05,sl,18
2022-07-25 23:15:00,2022-07-26 00:00:00,S,6.895,6.711568526812908,6.9683725892748365,6.711568526812908,2.5,2.397,tp,9
2022-07-26 00:05:00,2022-07-26 08:05:00,S,6.745,6.66,6.934299118342788,6.27175220414303,0.449,0.41,time,96
2022-07-26 12:50:00,2022-07-26 20:50:00,S,6.59,6.625,6.713110658484325,6.2822233537891865,-0.284,-0.343,time,96
2022-07-27 01:55:00,2022-07-27 05:10:00,S,6.68,6.7467960645186045,6.7467960645186045,6.513009838703487,-1.0,-1.11,sl,39
2022-07-27 10:20:00,2022-07-27 10:30:00,S,6.75,6.786365818656151,6.786365818656151,6.659085453359623,-1.0,-1.204,sl,2
2022-07-27 12:00:00,2022-07-27 12:35:00,S,6.725,6.787122790426975,6.787122790426975,6.569693023932562,-1.0,-1.119,sl,7
2022-07-27 12:50:00,2022-07-27 18:00:00,L,6.815,7.095846413410861,6.702661434635656,7.095846413410861,2.5,2.433,tp,62
2022-07-27 18:05:00,2022-07-27 23:50:00,L,6.99,7.693712102720875,6.70851515891165,7.693712102720875,2.5,2.473,tp,69
2022-07-27 23:55:00,2022-07-28 07:55:00,L,7.66,7.56,7.308845333596668,8.53788666600833,-0.285,-0.309,time,96
2022-07-28 11:50:00,2022-07-28 12:20:00,L,7.66,7.587302033351927,7.587302033351927,7.841744916620184,-1.0,-1.116,sl,6
2022-07-28 13:35:00,2022-07-28 21:35:00,L,7.675,7.885,7.43951038920917,8.263724026977075,0.892,0.856,time,96
2022-07-29 00:50:00,2022-07-29 08:50:00,L,7.995,8.015,7.739116508657657,8.634708728355857,0.078,0.044,time,96
2022-07-29 10:15:00,2022-07-29 11:15:00,L,8.105,7.981739420588946,7.981739420588946,8.413151448527636,-1.0,-1.072,sl,12
2022-07-29 14:10:00,2022-07-29 22:10:00,L,8.115,8.225,7.809252260667505,8.879369348331238,0.36,0.331,time,96
2022-07-29 22:45:00,2022-07-30 06:45:00,L,8.355,8.355,8.12579527089039,8.928011822774028,0.0,-0.04,time,96
2022-07-30 07:05:00,2022-07-30 08:40:00,L,8.42,8.777788931974573,8.27688442721017,8.777788931974573,2.5,2.435,tp,19
2022-07-30 08:45:00,2022-07-30 16:45:00,L,8.785,8.605,8.417194523889464,9.704513690276341,-0.489,-0.516,time,96
2022-07-30 17:05:00,2022-07-30 19:20:00,L,8.76,8.559962929471324,8.559962929471324,9.26009267632169,-1.0,-1.048,sl,27
2022-07-30 23:20:00,2022-07-31 00:30:00,S,8.18,8.298919188722055,8.298919188722055,7.8827020281948625,-1.0,-1.076,sl,14
2022-07-31 03:35:00,2022-07-31 04:25:00,S,8.175,8.24787036838615,8.24787036838615,7.992824079034626,-1.0,-1.123,sl,10
2022-07-31 08:15:00,2022-07-31 10:55:00,S,8.175,8.333214031746634,8.333214031746634,7.779464920633418,-1.0,-1.057,sl,32
2022-07-31 11:15:00,2022-07-31 16:20:00,L,8.315,8.549148862967598,8.22134045481296,8.549148862967598,2.5,2.402,tp,61
2022-07-31 16:30:00,2022-08-01 00:30:00,L,8.705,8.645,8.311781867603171,9.688045330992072,-0.153,-0.177,time,96
2022-08-01 02:05:00,2022-08-01 06:10:00,L,8.935,8.699933393630623,8.699933393630623,9.522666515923444,-1.0,-1.042,sl,49
2022-08-01 10:35:00,2022-08-01 17:25:00,S,8.575,8.166352004132262,8.738459198347094,8.166352004132262,2.5,2.442,tp,82
2022-08-01 17:30:00,2022-08-02 01:30:00,S,8.175,8.08,8.434752445322005,7.525618886694991,0.366,0.331,time,96
2022-08-02 01:45:00,2022-08-02 09:45:00,S,8.0,7.765,8.174739349779859,7.563151625550352,1.345,1.294,time,96
2022-08-02 16:25:00,2022-08-02 19:00:00,L,8.11,7.9001387524243984,7.9001387524243984,8.634653118939003,-1.0,-1.043,sl,31
2022-08-02 19:05:00,2022-08-03 03:05:00,S,7.895,7.85,8.06978520072692,7.458036998182696,0.257,0.208,time,96
2022-08-03 08:05:00,2022-08-03 15:40:00,L,8.05,8.28208446055934,7.957166215776265,8.28208446055934,2.5,2.405,tp,91
2022-08-03 16:10:00,2022-08-03 22:40:00,L,8.295,8.160071874732228,8.160071874732228,8.63232031316943,-1.0,-1.068,sl,78
2022-08-03 22:45:00,2022-08-04 06:45:00,S,8.135,8.09,8.38377826834424,7.513054329139398,0.181,0.145,time,96
2022-08-04 12:25:00,2022-08-04 13:10:00,S,7.995,8.07817004368792,8.07817004368792,7.787074890780202,-1.0,-1.106,sl,9
2022-08-04 13:40:00,2022-08-04 13:50:00,L,8.075,8.221072805983038,8.016570877606783,8.221072805983038,2.5,2.348,tp,2
2022-08-04 13:55:00,2022-08-04 16:45:00,L,8.195,8.020465249808032,8.020465249808032,8.63133687547992,-1.0,-1.052,sl,34
2022-08-04 16:50:00,2022-08-05 00:50:00,S,7.935,8.165,8.210313513072679,7.246716217318301,-0.835,-0.867,time,96
2022-08-05 00:55:00,2022-08-05 04:00:00,L,8.165,8.410258788842183,8.066896484463125,8.410258788842183,2.5,2.408,tp,37
2022-08-05 04:05:00,2022-08-05 12:05:00,L,8.415,8.525,8.292044175779358,8.722389560551601,0.895,0.819,time,96
2022-08-05 17:30:00,2022-08-06 01:30:00,L,8.495,8.685,8.309955643292632,8.957610891768418,1.027,0.976,time,96
2022-08-06 07:35:00,2022-08-06 12:45:00,L,8.77,8.647276268501772,8.647276268501772,9.076809328745568,-1.0,-1.079,sl,62
2022-08-06 15:30:00,2022-08-06 15:35:00,L,8.71,8.665522685521955,8.665522685521955,8.821193286195115,-1.0,-1.215,sl,1
2022-08-06 23:20:00,2022-08-07 07:20:00,S,8.52,8.47,8.607378366382639,8.301554084043403,0.572,0.465,time,96
2022-08-07 09:05:00,2022-08-07 10:55:00,S,8.41,8.487523572754698,8.487523572754698,8.216191068113254,-1.0,-1.119,sl,22
2022-08-07 11:15:00,2022-08-07 16:25:00,L,8.49,8.631850490443858,8.433259803822457,8.631850490443858,2.5,2.335,tp,62
2022-08-07 16:30:00,2022-08-08 00:30:00,L,8.645,8.76,8.501948726724896,9.00262818318776,0.804,0.737,time,96
2022-08-08 02:40:00,2022-08-08 07:50:00,L,8.79,9.034493996399412,8.692202401440234,9.034493996399412,2.5,2.401,tp,62
2022-08-08 07:55:00,2022-08-08 15:55:00,L,9.045,9.18,8.875802581657926,9.467993545855187,0.798,0.739,time,96
2022-08-09 09:05:00,2022-08-09 14:00:00,S,9.055,8.808732391366396,9.153507043453441,8.808732391366396,2.5,2.399,tp,59
2022-08-09 14:05:00,2022-08-09 22:05:00,S,8.81,8.89,9.040426834313223,8.233932914216943,-0.347,-0.389,time,96
2022-08-10 00:25:00,2022-08-10 00:40:00,S,8.83,8.595960189851816,8.923615924059273,8.595960189851816,2.5,2.396,tp,3
2022-08-10 00:45:00,2022-08-10 08:45:00,S,8.635,8.73,8.925848837670259,7.9078779058243525,-0.327,-0.359,time,96
2022-08-10 12:10:00,2022-08-10 12:30:00,L,8.805,9.10009124125019,8.686963503499923,9.10009124125019,2.5,2.418,tp,4
2022-08-10 12:35:00,2022-08-10 20:35:00,L,9.01,9.56,8.68100262203127,9.832493444921823,1.672,1.642,time,96
2022-08-11 01:55:00,2022-08-11 02:10:00,L,9.615,9.470543012713357,9.470543012713357,9.976142468216608,-1.0,-1.073,sl,3
2022-08-11 12:15:00,2022-08-11 14:35:00,L,9.435,9.341684340605749,9.341684340605749,9.66828914848563,-1.0,-1.111,sl,28
2022-08-11 22:25:00,2022-08-12 06:25:00,S,9.215,9.185,9.313469745640992,8.96882563589752,0.305,0.202,time,96
2022-08-12 06:35:00,2022-08-12 08:15:00,S,9.14,9.253136877225817,9.253136877225817,8.85715780693546,-1.0,-1.089,sl,20
2022-08-12 08:20:00,2022-08-12 10:50:00,L,9.265,9.152384968782373,9.152384968782373,9.54653757804407,-1.0,-1.09,sl,30
2022-08-12 10:55:00,2022-08-12 15:20:00,S,9.14,9.369131746189671,9.369131746189671,8.567170634525823,-1.0,-1.044,sl,53
2022-08-12 15:30:00,2022-08-12 23:30:00,L,9.425,9.475,9.250456595719056,9.861358510702363,0.286,0.227,time,96
2022-08-13 01:20:00,2022-08-13 09:20:00,L,9.495,9.49,9.371564642600157,9.803588393499604,-0.041,-0.125,time,96
2022-08-13 15:15:00,2022-08-13 15:30:00,L,9.495,9.437538694819951,9.437538694819951,9.63865326295012,-1.0,-1.182,sl,3
2022-08-13 19:30:00,2022-08-14 03:30:00,S,9.345,9.335,9.437832051867925,9.112919870330188,0.108,-0.003,time,96
2022-08-14 06:40:00,2022-08-14 11:35:00,L,9.44,9.388073522897626,9.388073522897626,9.569816192755933,-1.0,-1.2,sl,59
2022-08-14 11:40:00,2022-08-14 13:30:00,S,9.36,9.141635857108504,9.447345657156598,9.141635857108504,2.5,2.382,tp,22
2022-08-14 13:35:00,2022-08-14 21:35:00,S,9.12,8.985,9.338902013381622,8.572744966545942,0.617,0.571,time,96
2022-08-14 22:10:00,2022-08-15 00:30:00,S,8.925,9.012577259823688,9.012577259823688,8.706056850440781,-1.0,-1.112,sl,28
2022-08-15 02:10:00,2022-08-15 06:20:00,L,9.14,8.981828133628289,8.981828133628289,9.535429665929279,-1.0,-1.064,sl,50
2022-08-15 06:25:00,2022-08-15 14:25:00,S,8.95,8.835,9.204226030602788,8.314434923493028,0.452,0.414,time,96
2022-08-15 18:10:00,2022-08-16 02:10:00,S,8.77,8.79,8.947696278037693,8.325759304905766,-0.113,-0.167,time,96
2022-08-16 03:10:00,2022-08-16 03:55:00,S,8.655,8.808294698284032,8.808294698284032,8.271763254289919,-1.0,-1.062,sl,9
2022-08-16 12:55:00,2022-08-16 20:55:00,S,8.81,8.89,8.943023203048494,8.477441992378768,-0.601,-0.674,time,96
2022-08-17 02:40:00,2022-08-17 07:40:00,L,9.0,8.851169155756335,8.851169155756335,9.372077110609164,-1.0,-1.067,sl,60
2022-08-17 07:45:00,2022-08-17 15:45:00,S,8.84,8.39,9.144425711307562,8.078935721731094,1.478,1.446,time,96
2022-08-17 21:25:00,2022-08-18 05:25:00,S,8.345,8.435,8.493191668135653,7.97452082966087,-0.607,-0.669,time,96
2022-08-18 08:45:00,2022-08-18 10:05:00,S,8.425,8.502367915154839,8.502367915154839,8.231580212112906,-1.0,-1.12,sl,16
2022-08-18 16:40:00,2022-08-18 23:15:00,S,8.39,8.082021497134871,8.513191401146052,8.082021497134871,2.5,2.425,tp,79
2022-08-18 23:20:00,2022-08-19 07:20:00,S,8.005,7.475,8.431997608201856,6.937505979495363,1.241,1.221,time,96
2022-08-19 11:35:00,2022-08-19 16:25:00,S,7.42,7.593968448910658,7.593968448910658,6.985078877723354,-1.0,-1.047,sl,58
2022-08-19 19:05:00,2022-08-19 19:20:00,S,7.445,7.522632643227687,7.522632643227687,7.250918391930783,-1.0,-1.105,sl,3
2022-08-19 21:55:00,2022-08-20 05:55:00,S,7.36,7.385,7.503680346023653,7.000799134940868,-0.174,-0.23,time,96
2022-08-20 10:40:00,2022-08-20 18:40:00,S,7.39,7.315,7.456955996153423,7.222610009616442,1.12,0.999,time,96
2022-08-20 18:50:00,2022-08-20 20:50:00,S,7.265,7.057028614583885,7.348188554166446,7.057028614583885,2.5,2.404,tp,24
2022-08-20 20:55:00,2022-08-20 22:05:00,S,7.04,7.269651615783743,7.269651615783743,6.465870960540643,-1.0,-1.034,sl,14
2022-08-21 06:55:00,2022-08-21 07:45:00,S,7.165,7.267592666125161,7.267592666125161,6.908518334687098,-1.0,-1.077,sl,10
2022-08-21 13:25:00,2022-08-21 16:40:00,S,7.375,7.436667457202341,7.436667457202341,7.2208313569941485,-1.0,-1.132,sl,39
2022-08-21 22:05:00,2022-08-22 06:05:00,S,7.38,7.31,7.528477448711347,7.0088063782216325,0.471,0.417,time,96
2022-08-22 06:40:00,2022-08-22 14:40:00,S,7.22,7.175,7.372832202391875,6.837919494020312,0.294,0.242,time,96
2022-08-22 18:40:00,2022-08-22 20:00:00,S,7.155,7.23718021383863,7.23718021383863,6.949549465403426,-1.0,-1.096,sl,16
2022-08-22 23:40:00,2022-08-23 05:35:00,L,7.34,7.277952952825426,7.277952952825426,7.495117617936435,-1.0,-1.13,sl,71
2022-08-23 05:40:00,2022-08-23 08:05:00,S,7.26,7.4274473457496,7.4274473457496,6.841381635625998,-1.0,-1.048,sl,29
2022-08-23 08:10:00,2022-08-23 16:10:00,L,7.44,7.555,7.3023392396051205,7.7841519009872,0.835,0.776,time,96
2022-08-23 20:30:00,2022-08-23 20:30:00,L,7.64,7.582641698242606,7.582641698242606,7.783395754393485,-1.0,-1.147,sl,0
2022-08-24 05:25:00,2022-08-24 07:30:00,L,7.54,7.458109953076168,7.458109953076168,7.7447251173095815,-1.0,-1.101,sl,25
2022-08-24 10:25:00,2022-08-24 13:30:00,L,7.61,7.522192831204952,7.522192831204952,7.82951792198762,-1.0,-1.095,sl,37
2022-08-24 15:25:00,2022-08-24 23:25:00,L,7.635,7.63,7.517368896726501,7.929077758183746,-0.043,-0.114,time,96
2022-08-25 01:35:00,2022-08-25 03:30:00,L,7.665,7.57791673622493,7.57791673622493,7.882708159437675,-1.0,-1.097,sl,23
2022-08-25 06:20:00,2022-08-25 14:20:00,L,7.69,7.63,7.56259005080276,8.0085248729931,-0.471,-0.537,time,96
2022-08-25 15:25:00,2022-08-25 23:25:00,S,7.47,7.59,7.673599252975738,6.961001867560653,-0.589,-0.63,time,96
2022-08-26 00:10:00,2022-08-26 08:10:00,S,7.465,7.435,7.6078006916590635,7.107998270852341,0.21,0.153,time,96
2022-08-26 11:05:00,2022-08-26 12:30:00,S,7.39,7.467726773551034,7.467726773551034,7.195683066122415,-1.0,-1.105,sl,17
2022-08-26 12:35:00,2022-08-26 15:00:00,L,7.525,7.320859082316788,7.320859082316788,8.035352294208032,-1.0,-1.041,sl,29
2022-08-26 15:05:00,2022-08-26 23:05:00,S,7.21,7.03,7.641725439041651,6.130686402395872,0.417,0.399,time,96
2022-08-26 23:15:00,2022-08-27 07:15:00,S,6.94,6.945,7.098963225308449,6.542591936728879,-0.031,-0.079,time,96
2022-08-27 13:25:00,2022-08-27 13:40:00,S,6.975,7.026794896702504,7.026794896702504,6.845512758243739,-1.0,-1.148,sl,3
2022-08-27 15:25:00,2022-08-27 17:35:00,S,6.97,7.04734006680035,7.04734006680035,6.776649832999123,-1.0,-1.099,sl,26
2022-08-28 00:40:00,2022-08-28 01:15:00,S,6.995,7.077438312063412,7.077438312063412,6.78890421984147,-1.0,-1.093,sl,7
2022-08-28 12:55:00,2022-08-28 15:45:00,S,7.03,7.081625478553873,7.081625478553873,6.900936303615319,-1.0,-1.15,sl,34
2022-08-28 22:05:00,2022-08-29 06:05:00,S,6.985,6.92,7.087170526304256,6.729573684239362,0.636,0.561,time,96
2022-08-29 14:10:00,2022-08-29 22:10:00,L,7.105,7.225,7.011663215184381,7.338341962039049,1.286,1.202,time,96
2022-08-29 23:30:00,2022-08-30 01:35:00,L,7.25,7.188213770259321,7.188213770259321,7.404465574351697,-1.0,-1.129,sl,25
2022-08-30 03:45:00,2022-08-30 04:25:00,L,7.245,7.3480603882532955,7.203775844698682,7.3480603882532955,2.5,2.307,tp,8
2022-08-30 04:30:00,2022-08-30 12:05:00,L,7.335,7.213098692257711,7.213098692257711,7.639753269355722,-1.0,-1.066,sl,91
2022-08-30 14:10:00,2022-08-30 22:10:00,S,7.14,7.03,7.252797114496486,6.858007213758784,0.975,0.906,time,96
2022-08-31 01:10:00,2022-08-31 09:10:00,L,7.13,7.13,7.022642093206693,7.398394766983266,0.0,-0.073,time,96
2022-08-31 15:05:00,2022-08-31 23:05:00,S,7.04,7.04,7.198711611193886,6.6432209720152855,-0.0,-0.049,time,96
2022-08-31 23:20:00,2022-09-01 07:20:00,S,7.015,6.96,7.091861952583477,6.8228451185413075,0.716,0.615,time,96
2022-09-01 07:35:00,2022-09-01 09:00:00,S,6.925,7.002435566744827,7.002435566744827,6.731411083137932,-1.0,-1.098,sl,17
2022-09-01 14:15:00,2022-09-01 17:30:00,S,6.92,7.058275362099991,7.058275362099991,6.574311594750022,-1.0,-1.055,sl,39
2022-09-01 20:05:00,2022-09-02 04:05:00,L,7.1,7.24,7.0028676258642895,7.3428309353392756,1.441,1.361,time,96
2022-09-02 08:00:00,2022-09-02 10:30:00,L,7.27,7.218849719771709,7.218849719771709,7.397875700570725,-1.0,-1.156,sl,30
2022-09-02 12:30:00,2022-09-02 12:35:00,L,7.265,7.42176901453905,7.202292394184379,7.42176901453905,2.5,2.373,tp,1
2022-09-02 12:40:00,2022-09-02 20:40:00,L,7.415,7.32,7.2154329538540445,7.913917615364889,-0.476,-0.517,time,96
2022-09-03 03:55:00,2022-09-03 11:55:00,S,7.205,7.22,7.312877664413265,6.935305838966837,-0.139,-0.213,time,96
2022-09-03 12:00:00,2022-09-03 13:15:00,S,7.22,7.266482927174533,7.266482927174533,7.103792682063668,-1.0,-1.171,sl,15
2022-09-03 13:50:00,2022-09-03 14:25:00,L,7.28,7.2285843429783645,7.2285843429783645,7.40853914255409,-1.0,-1.156,sl,7
2022-09-03 19:35:00,2022-09-04 03:35:00,L,7.285,7.275,7.192857554624425,7.515356113438939,-0.109,-0.195,time,96
2022-09-04 07:20:00,2022-09-04 15:20:00,S,7.265,7.225,7.33156192786883,7.098595180327923,0.601,0.481,time,96
2022-09-04 17:05:00,2022-09-05 00:00:00,L,7.26,7.413903890820743,7.198438443671702,7.413903890820743,2.5,2.37,tp,83
2022-09-05 00:05:00,2022-09-05 08:05:00,L,7.42,7.45,7.287232597492071,7.7519185062698215,0.226,0.164,time,96
2022-09-05 10:05:00,2022-09-05 10:45:00,L,7.52,7.4379849993836755,7.4379849993836755,7.725037501540809,-1.0,-1.101,sl,8
2022-09-05 13:15:00,2022-09-05 17:05:00,L,7.545,7.457779126109393,7.457779126109393,7.763052184726519,-1.0,-1.095,sl,46
2022-09-05 18:05:00,2022-09-06 00:25:00,S,7.405,7.482322031782045,7.482322031782045,7.211694920544888,-1.0,-1.105,sl,76
2022-09-06 00:30:00,2022-09-06 08:30:00,L,7.465,7.595,7.307462859021615,7.858842852445962,0.825,0.773,time,96
2022-09-06 10:00:00,2022-09-06 13:50:00,L,7.62,7.52299318923954,7.52299318923954,7.86251702690115,-1.0,-1.086,sl,46
2022-09-06 17:10:00,2022-09-06 19:30:00,S,7.38,6.893915760674556,7.574433695730177,6.893915760674556,2.5,2.458,tp,28
2022-09-06 19:35:00,2022-09-07 03:35:00,S,6.92,6.86,6.9937076650247345,6.7357308374381635,0.814,0.711,time,96
2022-09-07 17:45:00,2022-09-08 01:45:00,L,7.165,7.18,7.06295461773706,7.42011345565735,0.147,0.07,time,96
2022-09-08 07:00:00,2022-09-08 10:45:00,S,7.15,7.2164395594102135,7.2164395594102135,6.983901101474467,-1.0,-1.118,sl,45
2022-09-08 10:50:00,2022-09-08 13:05:00,L,7.21,7.077150797508804,7.077150797508804,7.542123006227989,-1.0,-1.06,sl,27
2022-09-08 15:00:00,2022-09-08 23:00:00,L,7.32,7.395,7.135919642720814,7.780200893197966,0.407,0.364,time,96
2022-09-09 01:30:00,2022-09-09 01:45:00,L,7.455,7.4133468875289585,7.4133468875289585,7.559132781177604,-1.0,-1.197,sl,3
2022-09-09 03:30:00,2022-09-09 07:45:00,L,7.495,7.700104132330933,7.412958347067627,7.700104132330933,2.5,2.4,tp,51
2022-09-09 07:50:00,2022-09-09 15:50:00,L,7.705,7.78,7.597044204813645,7.974889487965889,0.695,0.616,time,96
2022-09-09 16:40:00,2022-09-09 17:40:00,L,7.87,7.716667825295003,7.716667825295003,8.253330436762493,-1.0,-1.056,sl,12
2022-09-09 21:45:00,2022-09-09 21:55:00,L,7.78,7.73809082358234,7.73809082358234,7.884772941044151,-1.0,-1.204,sl,2
2022-09-09 23:20:00,2022-09-09 23:20:00,L,7.77,7.724584160931679,7.724584160931679,7.883539597670802,-1.0,-1.188,sl,0
2022-09-10 04:50:00,2022-09-10 05:30:00,L,7.74,7.838305309299209,7.7006778762803165,7.838305309299209,2.5,2.283,tp,8
2022-09-10 05:35:00,2022-09-10 07:45:00,L,7.84,7.702157690124169,7.702157690124169,8.184605774689576,-1.0,-1.063,sl,26
2022-09-10 16:55:00,2022-09-11 00:55:00,L,7.715,7.77,7.622707051705875,7.945732370735311,0.596,0.504,time,96
2022-09-11 12:45:00,2022-09-11 20:15:00,L,7.875,7.6717974287947905,7.6717974287947905,8.383006428013024,-1.0,-1.043,sl,90
2022-09-11 20:20:00,2022-09-12 01:40:00,S,7.65,7.737550696405536,7.737550696405536,7.431123258986162,-1.0,-1.096,sl,64
2022-09-12 01:45:00,2022-09-12 09:45:00,L,7.755,7.92,7.550337716350703,8.266655709123242,0.806,0.765,time,96
2022-09-12 09:50:00,2022-09-12 15:40:00,L,7.92,7.8118060382028585,7.8118060382028585,8.190484904492854,-1.0,-1.081,sl,70
2022-09-12 15:45:00,2022-09-12 23:45:00,S,7.8,7.64,7.9494192292612595,7.42645192684685,1.071,1.013,time,96
2022-09-13 00:05:00,2022-09-13 02:10:00,S,7.63,7.460447380050318,7.697821047979873,7.460447380050318,2.5,2.376,tp,25
2022-09-13 02:15:00,2022-09-13 03:50:00,S,7.485,7.5930164904936905,7.5930164904936905,7.214958773765774,-1.0,-1.076,sl,19
2022-09-13 10:50:00,2022-09-13 12:25:00,L,7.71,7.9283208323074215,7.622671667077031,7.9283208323074215,2.5,2.403,tp,19
2022-09-13 12:35:00,2022-09-13 20:35:00,S,7.67,7.185,7.9589599592145195,6.947600101963701,1.678,1.649,time,96
2022-09-13 21:45:00,2022-09-14 03:25:00,S,7.075,7.207811816945781,7.207811816945781,6.742970457635549,-1.0,-1.059,sl,68
2022-09-14 07:50:00,2022-09-14 09:25:00,S,7.115,7.186949031271171,7.186949031271171,6.935127421822074,-1.0,-1.109,sl,19
2022-09-14 12:10:00,2022-09-14 12:30:00,S,7.105,7.1923643755413975,7.1923643755413975,6.886589061146507,-1.0,-1.089,sl,4
2022-09-14 16:30:00,2022-09-14 17:20:00,S,7.15,7.232281462781291,7.232281462781291,6.944296343046774,-1.0,-1.096,sl,10
2022-09-14 18:05:00,2022-09-14 22:40:00,S,7.14,7.237336497069532,7.237336497069532,6.896658757326168,-1.0,-1.081,sl,55
2022-09-15 00:55:00,2022-09-15 08:55:00,S,7.125,7.09,7.2372538051152056,6.844365487211986,0.312,0.242,time,96
2022-09-15 10:45:00,2022-09-15 12:30:00,S,7.065,7.121830883185654,7.121830883185654,6.922922792035868,-1.0,-1.137,sl,21
2022-09-15 13:30:00,2022-09-15 21:30:00,S,7.055,6.96,7.142407973191767,6.836480067020583,1.087,0.998,time,96
2022-09-15 22:40:00,2022-09-16 06:40:00,S,6.905,6.91,6.97703653001762,6.724908674955951,-0.069,-0.175,time,96
2022-09-16 08:15:00,2022-09-16 10:40:00,S,6.88,6.911194610078351,6.911194610078351,6.802013474804124,-1.0,-1.243,sl,29
2022-09-16 12:50:00,2022-09-16 20:50:00,S,6.855,6.87,6.9213899016137725,6.689025245965571,-0.226,-0.34,time,96
2022-09-17 00:05:00,2022-09-17 08:05:00,L,6.935,7.025,6.852473382682155,7.141316543294611,1.091,0.998,time,96
2022-09-17 12:20:00,2022-09-17 13:35:00,S,6.92,6.986552395924686,6.986552395924686,6.753619010188286,-1.0,-1.114,sl,15
2022-09-17 13:50:00,2022-09-17 16:05:00,L,6.995,7.097885753507356,6.953845698597058,7.097885753507356,2.5,2.313,tp,27
2022-09-17 16:10:00,2022-09-17 22:20:00,L,7.095,7.043489882442189,7.043489882442189,7.223775293894527,-1.0,-1.152,sl,74
2022-09-18 00:20:00,2022-09-18 08:20:00,S,7.0,7.005,7.06686264560283,6.832843385992924,-0.075,-0.19,time,96
2022-09-18 09:50:00,2022-09-18 17:50:00,S,6.87,6.75,7.017436910231395,6.5014077244215125,0.814,0.763,time,96
2022-09-18 18:00:00,2022-09-18 21:10:00,S,6.725,6.555321021481154,6.792871591407538,6.555321021481154,2.5,2.391,tp,38
2022-09-18 21:15:00,2022-09-19 05:15:00,S,6.415,6.315,6.7720945471241665,5.522263632189584,0.28,0.26,time,96
2022-09-19 05:55:00,2022-09-19 12:50:00,S,6.26,6.332298601153844,6.332298601153844,6.07925349711539,-1.0,-1.095,sl,83
2022-09-19 17:35:00,2022-09-19 19:10:00,S,6.255,6.37251764826973,6.37251764826973,5.961205879325675,-1.0,-1.059,sl,19
2022-09-20 00:15:00,2022-09-20 08:15:00,S,6.365,6.325,6.422822948491213,6.220442628771969,0.692,0.571,time,96
2022-09-20 09:20:00,2022-09-20 14:55:00,S,6.29,6.356808244663705,6.356808244663705,6.122979388340736,-1.0,-1.104,sl,67
2022-09-20 18:00:00,2022-09-21 00:50:00,S,6.22,6.337830921830844,6.337830921830844,5.925422695422889,-1.0,-1.058,sl,82
2022-09-21 06:05:00,2022-09-21 12:30:00,S,6.28,6.37741975831815,6.37741975831815,6.036450604204625,-1.0,-1.071,sl,77
2022-09-21 14:50:00,2022-09-21 17:35:00,S,6.3,6.367229187532128,6.367229187532128,6.13192703116968,-1.0,-1.103,sl,33
2022-09-21 17:40:00,2022-09-21 18:00:00,L,6.345,6.252157740615618,6.252157740615618,6.577105648460954,-1.0,-1.075,sl,4
2022-09-21 18:05:00,2022-09-21 18:40:00,L,6.215,6.482518914252118,6.1079924342991525,6.482518914252118,2.5,2.436,tp,7
2022-09-21 18:45:00,2022-09-21 21:05:00,L,6.495,6.132192447032561,6.132192447032561,7.402018882418598,-1.0,-1.02,sl,28
2022-09-21 21:10:00,2022-09-22 04:05:00,S,6.12,6.254419367057245,6.254419367057245,5.783951582356886,-1.0,-1.05,sl,83
2022-09-22 07:25:00,2022-09-22 15:25:00,L,6.315,6.355,6.243334932575482,6.494162668561297,0.558,0.461,time,96
2022-09-22 18:40:00,2022-09-23 02:05:00,L,6.425,6.592433543840318,6.358026582463872,6.592433543840318,2.5,2.394,tp,89
2022-09-23 02:10:00,2022-09-23 08:50:00,L,6.54,6.37643634663864,6.37643634663864,6.948909133403401,-1.0,-1.044,sl,80
2022-09-23 08:55:00,2022-09-23 16:55:00,S,6.365,6.285,6.497788406127001,6.033028984682497,0.602,0.55,time,96
2022-09-23 20:30:00,2022-09-24 04:30:00,L,6.395,6.445,6.252698903444354,6.750752741389114,0.351,0.302,time,96
2022-09-24 19:00:00,2022-09-24 21:15:00,L,6.465,6.403347739282279,6.403347739282279,6.619130651794302,-1.0,-1.115,sl,27
2022-09-24 22:05:00,2022-09-25 06:05:00,S,6.315,6.3,6.438162382455544,6.007094043861142,0.122,0.065,time,96
2022-09-25 10:15:00,2022-09-25 11:05:00,S,6.285,6.336378988433943,6.336378988433943,6.156552528915142,-1.0,-1.135,sl,10
2022-09-25 13:30:00,2022-09-25 21:30:00,S,6.26,6.19,6.336845729640778,6.0678856758980535,0.911,0.821,time,96
2022-09-25 21:35:00,2022-09-25 22:00:00,S,6.19,6.110836956995721,6.221665217201712,6.110836956995721,2.5,2.285,tp,5
2022-09-25 22:05:00,2022-09-25 22:30:00,S,6.1,6.218053496395165,6.218053496395165,5.804866259012085,-1.0,-1.057,sl,5
2022-09-26 01:40:00,2022-09-26 06:55:00,L,6.31,6.166454233180296,6.166454233180296,6.668864417049258,-1.0,-1.048,sl,63
2022-09-26 07:00:00,2022-09-26 08:05:00,S,6.155,6.282995585279263,6.282995585279263,5.835011036801843,-1.0,-1.053,sl,13
2022-09-26 08:15:00,2022-09-26 14:10:00,L,6.29,6.495860588986924,6.207655764405231,6.495860588986924,2.5,2.416,tp,71
2022-09-26 14:15:00,2022-09-26 22:15:00,L,6.49,6.525,6.411783864722959,6.685540338192604,0.447,0.356,time,96
2022-09-27 00:15:00,2022-09-27 08:15:00,L,6.605,6.705,6.502609197722724,6.860977005693192,0.977,0.906,time,96
2022-09-27 11:50:00,2022-09-27 13:00:00,L,6.74,6.688136230631283,6.688136230631283,6.869659423421793,-1.0,-1.143,sl,14
2022-09-27 16:10:00,2022-09-27 16:40:00,S,6.62,6.40101006137272,6.7075959754509125,6.40101006137272,2.5,2.417,tp,6
2022-09-27 16:45:00,2022-09-28 00:45:00,S,6.39,6.38,6.67948088778689,5.666297780532774,0.035,0.01,time,96
2022-09-28 01:45:00,2022-09-28 09:45:00,S,6.28,6.29,6.402974035077681,5.972564912305799,-0.081,-0.137,time,96
2022-09-28 14:30:00,2022-09-28 22:30:00,L,6.395,6.395,6.307447488434682,6.6138812789132935,0.0,-0.08,time,96
2022-09-29 07:10:00,2022-09-29 09:15:00,S,6.36,6.412159724309865,6.412159724309865,6.229600689225338,-1.0,-1.134,sl,25
2022-09-29 10:05:00,2022-09-29 12:35:00,L,6.44,6.362808261888254,6.362808261888254,6.632979345279365,-1.0,-1.092,sl,30
2022-09-29 12:40:00,2022-09-29 20:40:00,S,6.4,6.39,6.46772291098086,6.230692722547852,0.148,0.044,time,96
2022-09-29 23:45:00,2022-09-30 07:45:00,L,6.43,6.485,6.358539759875888,6.608650600310279,0.77,0.671,time,96
2022-09-30 07:55:00,2022-09-30 11:50:00,L,6.515,6.413042423035123,6.413042423035123,6.769893942412191,-1.0,-1.07,sl,47
2022-09-30 14:50:00,2022-09-30 18:00:00,L,6.49,6.372446520433205,6.372446520433205,6.783883698916988,-1.0,-1.061,sl,38
2022-09-30 18:05:00,2022-10-01 02:05:00,S,6.385,6.3,6.472424793470518,6.1664380163237045,0.972,0.892,time,96
2022-10-01 05:25:00,2022-10-01 07:40:00,S,6.275,6.311049130826842,6.311049130826842,6.184877172932895,-1.0,-1.191,sl,27
2022-10-01 11:30:00,2022-10-01 19:30:00,S,6.27,6.265,6.326498479309221,6.128753801726947,0.088,-0.034,time,96
2022-10-02 05:55:00,2022-10-02 10:15:00,S,6.29,6.212147763819269,6.321140894472292,6.212147763819269,2.5,2.278,tp,52
2022-10-02 10:20:00,2022-10-02 18:20:00,S,6.21,6.25,6.3077952628651275,5.965511842837181,-0.409,-0.479,time,96
2022-10-02 19:05:00,2022-10-02 21:20:00,L,6.27,6.239011942046057,6.239011942046057,6.3474701448848565,-1.0,-1.223,sl,27
2022-10-02 21:25:00,2022-10-02 22:15:00,S,6.245,6.291277975521208,6.291277975521208,6.12930506119698,-1.0,-1.148,sl,10
2022-10-02 23:00:00,2022-10-03 07:00:00,S,6.235,6.21,6.307069885607728,6.054825285980682,0.347,0.252,time,96
2022-10-03 10:55:00,2022-10-03 14:20:00,L,6.255,6.345670889153297,6.218731644338681,6.345670889153297,2.5,2.31,tp,41
2022-10-03 14:25:00,2022-10-03 22:25:00,L,6.35,6.37,6.242017855604834,6.619955360987914,0.185,0.121,time,96
2022-10-03 23:05:00,2022-10-04 00:55:00,L,6.385,6.358860011308767,6.358860011308767,6.450349971728081,-1.0,-1.269,sl,22
2022-10-04 03:50:00,2022-10-04 04:45:00,L,6.38,6.344083569412503,6.344083569412503,6.469791076468741,-1.0,-1.195,sl,11
2022-10-04 06:35:00,2022-10-04 14:35:00,L,6.415,6.475,6.348677358872403,6.580806602818992,0.905,0.798,time,96
2022-10-04 19:55:00,2022-10-05 02:55:00,L,6.48,6.418646895511964,6.418646895511964,6.6333827612200915,-1.0,-1.116,sl,84
2022-10-05 06:10:00,2022-10-05 08:10:00,L,6.45,6.40383355341379,6.40383355341379,6.565416116465526,-1.0,-1.154,sl,24
2022-10-05 08:15:00,2022-10-05 16:15:00,S,6.385,6.365,6.441394237440215,6.244014406399462,0.355,0.23,time,96
2022-10-05 19:05:00,2022-10-06 03:05:00,L,6.395,6.49,6.338503052822289,6.536242367944276,1.682,1.557,time,96
2022-10-06 11:40:00,2022-10-06 14:00:00,L,6.455,6.398184018400523,6.398184018400523,6.597039953998692,-1.0,-1.125,sl,28
2022-10-06 14:10:00,2022-10-06 22:10:00,S,6.36,6.32,6.4776565362019065,6.065858659495235,0.34,0.281,time,96
2022-10-07 06:30:00,2022-10-07 14:30:00,S,6.34,6.3,6.391323722317604,6.2116906942059895,0.779,0.643,time,96
2022-10-07 16:25:00,2022-10-07 20:25:00,S,6.26,6.311568633246158,6.311568633246158,6.131078416884604,-1.0,-1.134,sl,48
2022-10-08 00:25:00,2022-10-08 08:25:00,L,6.355,6.34,6.303936336740292,6.482659158149271,-0.294,-0.431,time,96
2022-10-08 13:30:00,2022-10-08 21:30:00,S,6.34,6.305,6.355781983723657,6.300545040690858,2.218,1.776,time,96
2022-10-08 21:45:00,2022-10-09 05:45:00,S,6.285,6.31,6.326098599926594,6.182253500183516,-0.608,-0.777,time,96
2022-10-09 07:05:00,2022-10-09 15:05:00,L,6.335,6.412964086322038,6.303814365471185,6.412964086322038,2.5,2.277,tp,96
2022-10-09 15:10:00,2022-10-09 23:10:00,L,6.415,6.435,6.378995714043413,6.505010714891469,0.555,0.359,time,96
2022-10-09 23:45:00,2022-10-10 05:35:00,L,6.47,6.428852221169821,6.428852221169821,6.572869447075446,-1.0,-1.173,sl,70
2022-10-10 08:15:00,2022-10-10 16:15:00,S,6.37,6.335,6.42124062774399,6.241898430640025,0.683,0.546,time,96
2022-10-10 23:50:00,2022-10-11 00:10:00,S,6.255,6.11314873058755,6.31174050776498,6.11314873058755,2.5,2.379,tp,4
2022-10-11 00:15:00,2022-10-11 08:15:00,S,6.15,6.205,6.313102651982989,5.742243370042528,-0.337,-0.379,time,96
2022-10-11 09:50:00,2022-10-11 11:55:00,S,6.165,6.206077584519353,6.206077584519353,6.0623060387016166,-1.0,-1.165,sl,25
2022-10-11 13:40:00,2022-10-11 15:45:00,S,6.18,6.236638360644989,6.236638360644989,6.038404098387527,-1.0,-1.12,sl,25
2022-10-11 18:55:00,2022-10-12 02:55:00,S,6.175,6.17,6.231445115753866,6.033887210615335,0.089,-0.032,time,96
2022-10-12 12:35:00,2022-10-12 20:35:00,S,6.165,6.15,6.22185597345638,6.0228600663590495,0.264,0.145,time,96
2022-10-13 01:40:00,2022-10-13 02:30:00,S,6.135,6.032292502089472,6.176082999164211,6.032292502089472,2.5,2.336,tp,10
2022-10-13 02:35:00,2022-10-13 10:30:00,S,6.035,5.7151293204749525,6.162948271810019,5.7151293204749525,2.5,2.448,tp,95
2022-10-13 10:35:00,2022-10-13 12:25:00,S,5.755,5.933828623151714,5.933828623151714,5.307928442120714,-1.0,-1.035,sl,22
2022-10-13 12:35:00,2022-10-13 15:35:00,S,5.75,5.981911805194207,5.981911805194207,5.1702204870144834,-1.0,-1.027,sl,36
2022-10-13 18:15:00,2022-10-14 01:20:00,L,6.07,6.161117307936677,6.03355307682533,6.161117307936677,2.5,2.317,tp,85
2022-10-14 01:25:00,2022-10-14 09:25:00,L,6.16,6.2,6.083663156877302,6.350842107806746,0.524,0.435,time,96
2022-10-14 12:50:00,2022-10-14 14:00:00,L,6.24,6.168274119847902,6.168274119847902,6.419314700380246,-1.0,-1.096,sl,14
2022-10-14 15:50:00,2022-10-14 23:50:00,S,6.115,6.035,6.166632202540282,5.985919493649295,1.549,1.419,time,96
2022-10-15 08:35:00,2022-10-15 12:20:00,S,6.03,6.086426055739307,6.086426055739307,5.888934860651734,-1.0,-1.118,sl,45
2022-10-15 17:35:00,2022-10-15 20:45:00,S,6.04,6.0809656003462145,6.0809656003462145,5.937585999134464,-1.0,-1.162,sl,38
2022-10-15 23:05:00,2022-10-15 23:25:00,S,6.045,6.070959880376734,6.070959880376734,5.980100299058163,-1.0,-1.256,sl,4
2022-10-16 00:05:00,2022-10-16 08:05:00,L,6.095,6.135,6.023173298311594,6.274566754221015,0.557,0.464,time,96
2022-10-16 08:30:00,2022-10-16 16:30:00,L,6.175,6.15,6.11887834798961,6.315304130025974,-0.445,-0.566,time,96
2022-10-16 19:35:00,2022-10-16 21:50:00,L,6.185,6.128613080590953,6.128613080590953,6.325967298522616,-1.0,-1.121,sl,27
2022-10-17 05:25:00,2022-10-17 13:25:00,L,6.175,6.235,6.128812107419512,6.290469731451219,1.299,1.152,time,96
2022-10-17 13:35:00,2022-10-17 18:20:00,L,6.24,6.188818296934033,6.188818296934033,6.367954257664918,-1.0,-1.134,sl,57
2022-10-17 20:05:00,2022-10-17 20:50:00,L,6.225,6.204091607482795,6.204091607482795,6.277270981293012,-1.0,-1.328,sl,9
2022-10-17 21:40:00,2022-10-18 05:40:00,L,6.275,6.215,6.17302346429864,6.529941339253401,-0.588,-0.656,time,96
2022-10-18 06:45:00,2022-10-18 08:35:00,L,6.265,6.213954128505553,6.213954128505553,6.392614678736116,-1.0,-1.135,sl,22
2022-10-18 08:40:00,2022-10-18 16:40:00,S,6.205,6.145,6.261115477362161,6.064711306594599,1.069,0.948,time,96
2022-10-18 18:55:00,2022-10-18 19:45:00,S,6.075,6.146871411939135,6.146871411939135,5.895321470152163,-1.0,-1.093,sl,10
2022-10-19 01:00:00,2022-10-19 09:00:00,S,6.115,6.12,6.176845374479833,5.960386563800418,-0.081,-0.19,time,96
2022-10-19 15:35:00,2022-10-19 22:35:00,L,6.165,6.123729092104462,6.123729092104462,6.268177269738846,-1.0,-1.164,sl,84
2022-10-19 23:20:00,2022-10-20 07:20:00,S,6.13,6.115,6.216955667143709,5.912610832140728,0.173,0.095,time,96
2022-10-20 13:35:00,2022-10-20 17:55:00,S,6.11,6.031208956455304,6.141516417417879,6.031208956455304,2.5,2.287,tp,52
2022-10-20 18:00:00,2022-10-20 18:15:00,S,6.04,5.911624587605168,6.091350164957933,5.911624587605168,2.5,2.371,tp,3
2022-10-20 18:20:00,2022-10-21 02:20:00,S,5.95,5.875,6.077670677755329,5.630823305611679,0.587,0.536,time,96
2022-10-21 05:40:00,2022-10-21 06:15:00,S,5.855,5.868516724094046,5.868516724094046,5.821208189764887,-1.0,-1.476,sl,7
2022-10-21 06:40:00,2022-10-21 08:35:00,S,5.84,5.762366622122906,5.871053351150837,5.762366622122906,2.5,2.293,tp,23
2022-10-21 08:40:00,2022-10-21 11:35:00,S,5.735,5.857407778189094,5.857407778189094,5.428980554527266,-1.0,-1.052,sl,35
2022-10-22 01:35:00,2022-10-22 09:35:00,S,5.805,5.82,5.84605794094123,5.702355147646925,-0.365,-0.521,time,96
2022-10-22 16:15:00,2022-10-22 21:05:00,S,5.815,5.85089466162545,5.85089466162545,5.725263345936376,-1.0,-1.178,sl,58
2022-10-23 00:45:00,2022-10-23 02:25:00,S,5.82,5.861246733295438,5.861246733295438,5.716883166761406,-1.0,-1.155,sl,20
2022-10-23 02:30:00,2022-10-23 10:30:00,L,5.875,5.835,5.798661058046091,6.065847354884774,-0.524,-0.609,time,96
2022-10-23 11:10:00,2022-10-23 17:10:00,S,5.795,5.846329444716431,5.846329444716431,5.6666763882089235,-1.0,-1.124,sl,72
2022-10-23 17:35:00,2022-10-24 01:35:00,L,5.865,5.905,5.803456800027099,6.018857999932252,0.65,0.545,time,96
2022-10-24 03:15:00,2022-10-24 11:15:00,S,5.87,5.885,5.901275483751705,5.791811290620737,-0.48,-0.686,time,96
2022-10-24 11:35:00,2022-10-24 12:25:00,L,5.895,5.858821170491581,5.858821170491581,5.985447073771047,-1.0,-1.179,sl,10
2022-10-24 14:10:00,2022-10-24 19:05:00,S,5.845,5.897162034637763,5.897162034637763,5.714594913405593,-1.0,-1.123,sl,59
2022-10-24 19:10:00,2022-10-24 21:25:00,L,5.89,5.86402232455256,5.86402232455256,5.954944188618598,-1.0,-1.249,sl,27
2022-10-24 21:40:00,2022-10-25 05:40:00,L,5.91,5.915,5.858374468802972,6.039063827992571,0.097,-0.029,time,96
2022-10-25 06:30:00,2022-10-25 14:15:00,L,5.95,6.0646320477570725,5.904147180897171,6.0646320477570725,2.5,2.357,tp,93
2022-10-25 14:20:00,2022-10-25 16:50:00,L,6.07,6.337859365223156,5.962856253910738,6.337859365223156,2.5,2.438,tp,30
2022-10-25 16:55:00,2022-10-26 00:55:00,L,6.33,6.47,6.136538911019465,6.813652722451337,0.724,0.688,time,96
2022-10-26 01:05:00,2022-10-26 08:35:00,L,6.465,6.5695028320319295,6.423198867187228,6.5695028320319295,2.5,2.33,tp,90
2022-10-26 08:40:00,2022-10-26 12:05:00,L,6.58,6.472056952343478,6.472056952343478,6.849857619141305,-1.0,-1.067,sl,41
2022-10-27 00:25:00,2022-10-27 03:00:00,L,6.5,6.453589153951049,6.453589153951049,6.616027115122376,-1.0,-1.154,sl,31
2022-10-27 05:25:00,2022-10-27 07:35:00,L,6.545,6.493520456976149,6.493520456976149,6.6736988575596286,-1.0,-1.14,sl,26
2022-10-27 12:35:00,2022-10-27 13:55:00,L,6.465,6.402098349160547,6.402098349160547,6.622254127098632,-1.0,-1.113,sl,16
2022-10-27 19:15:00,2022-10-27 20:00:00,L,6.44,6.398820530279307,6.398820530279307,6.5429486743017335,-1.0,-1.172,sl,9
2022-10-27 20:05:00,2022-10-28 04:05:00,S,6.4,6.37,6.466828196413575,6.232929508966064,0.449,0.344,time,96
2022-10-28 07:35:00,2022-10-28 12:30:00,S,6.35,6.416800692768113,6.416800692768113,6.182998268079715,-1.0,-1.105,sl,59
2022-10-28 12:35:00,2022-10-28 17:05:00,L,6.395,6.539099555936334,6.337360177625466,6.539099555936334,2.5,2.378,tp,54
2022-10-28 17:10:00,2022-10-29 01:10:00,L,6.54,6.525,6.43283142551747,6.807921436206325,-0.14,-0.207,time,96
2022-10-29 03:10:00,2022-10-29 11:10:00,L,6.575,6.6,6.513759690382756,6.728100774043112,0.408,0.29,time,96
2022-10-29 16:15:00,2022-10-30 00:15:00,L,6.59,6.63,6.507180604473178,6.797048488817055,0.483,0.395,time,96
2022-10-30 02:00:00,2022-10-30 09:45:00,L,6.64,6.568534441277243,6.568534441277243,6.818663896806892,-1.0,-1.102,sl,93
2022-10-30 13:35:00,2022-10-30 14:40:00,S,6.565,6.6118425216576115,6.6118425216576115,6.4478936958559725,-1.0,-1.154,sl,13
2022-10-30 14:50:00,2022-10-30 15:45:00,L,6.615,6.538059606837337,6.538059606837337,6.807350982906657,-1.0,-1.095,sl,11
2022-10-30 15:50:00,2022-10-30 20:25:00,S,6.52,6.627387979185653,6.627387979185653,6.251530052035866,-1.0,-1.067,sl,55
2022-10-30 20:30:00,2022-10-30 22:10:00,L,6.635,6.588712876536259,6.588712876536259,6.750717808659353,-1.0,-1.158,sl,20
2022-10-30 23:55:00,2022-10-31 01:40:00,L,6.655,6.588325607245205,6.588325607245205,6.821685981886987,-1.0,-1.11,sl,21
2022-10-31 03:30:00,2022-10-31 11:30:00,L,6.69,6.795,6.573055657099472,6.982360857251322,0.898,0.835,time,96
2022-10-31 13:50:00,2022-10-31 21:50:00,S,6.735,6.595,6.802705581157295,6.565736047106763,2.068,1.958,time,96
2022-10-31 21:55:00,2022-11-01 01:20:00,S,6.595,6.6512495560634735,6.6512495560634735,6.4543761098413155,-1.0,-1.129,sl,41
2022-11-01 01:35:00,2022-11-01 09:35:00,L,6.66,6.67,6.593745898421166,6.825635253947086,0.151,0.04,time,96
2022-11-01 11:15:00,2022-11-01 19:15:00,S,6.615,6.515,6.691927970275738,6.422680074310657,1.3,1.205,time,96
2022-11-01 22:00:00,2022-11-02 00:05:00,S,6.47,6.4178276747417975,6.4908689301032805,6.4178276747417975,2.5,2.159,tp,25
2022-11-02 00:10:00,2022-11-02 08:10:00,S,6.405,6.345,6.49164888502539,6.188377787436525,0.692,0.611,time,96
2022-11-02 10:05:00,2022-11-02 18:00:00,S,6.305,6.462700800001609,6.462700800001609,5.910747999995976,-1.0,-1.044,sl,95
2022-11-02 18:05:00,2022-11-02 19:25:00,S,6.45,6.246685810631218,6.531325675747513,6.246685810631218,2.5,2.413,tp,16
2022-11-02 20:20:00,2022-11-03 03:20:00,S,6.225,6.42459527463608,6.42459527463608,5.726011813409798,-1.0,-1.034,sl,84
2022-11-03 03:25:00,2022-11-03 07:15:00,L,6.42,6.523232927087196,6.378706829165122,6.523232927087196,2.5,2.329,tp,46
2022-11-03 07:20:00,2022-11-03 07:45:00,L,6.495,6.438242361719596,6.438242361719596,6.63689409570101,-1.0,-1.126,sl,5
2022-11-03 11:40:00,2022-11-03 16:50:00,S,6.39,6.48722589936391,6.48722589936391,6.146935251590223,-1.0,-1.072,sl,62
2022-11-03 19:30:00,2022-11-03 22:15:00,L,6.515,6.4534244904123845,6.4534244904123845,6.668938773969037,-1.0,-1.116,sl,33
2022-11-03 23:55:00,2022-11-04 00:30:00,S,6.425,6.476626448589122,6.476626448589122,6.295933878527195,-1.0,-1.137,sl,7
2022-11-04 00:35:00,2022-11-04 08:35:00,L,6.52,6.72,6.3774118874935315,6.87647028126617,1.403,1.352,time,96
2022-11-04 10:50:00,2022-11-04 11:50:00,L,6.74,6.683358481266253,6.683358481266253,6.881603796834369,-1.0,-1.131,sl,12
2022-11-04 12:40:00,2022-11-04 20:40:00,L,6.77,6.965,6.580434719256847,7.243913201857881,1.029,0.989,time,96
2022-11-04 22:40:00,2022-11-05 01:15:00,L,7.02,7.212941888252162,6.9428232446991345,7.212941888252162,2.5,2.4,tp,31
2022-11-05 01:20:00,2022-11-05 03:25:00,L,7.225,7.025567259999643,7.025567259999643,7.723581850000892,-1.0,-1.04,sl,25
2022-11-05 11:45:00,2022-11-05 13:25:00,L,7.06,6.997868843330532,6.997868843330532,7.2153278916736685,-1.0,-1.125,sl,20
2022-11-05 15:25:00,2022-11-05 23:05:00,L,7.065,6.962662504930834,6.962662504930834,7.3208437376729165,-1.0,-1.076,sl,92
2022-11-06 08:50:00,2022-11-06 16:50:00,L,7.065,7.095,6.978000011569496,7.282499971076261,0.345,0.256,time,96
2022-11-06 21:55:00,2022-11-07 05:55:00,S,6.96,6.87,7.037030071918286,6.767424820204285,1.168,1.069,time,96
2022-11-07 07:45:00,2022-11-07 12:55:00,S,6.72,6.883059137127272,6.883059137127272,6.31235215718182,-1.0,-1.045,sl,62
2022-11-07 14:35:00,2022-11-07 15:05:00,L,6.93,7.036830003323654,6.887267998670538,7.036830003323654,2.5,2.322,tp,6
2022-11-07 15:10:00,2022-11-07 23:10:00,L,7.045,7.12,6.891637175959522,7.428407060101195,0.489,0.439,time,96
2022-11-08 03:00:00,2022-11-08 05:10:00,S,6.945,6.4722660311853595,7.134093587525856,6.4722660311853595,2.5,2.46,tp,26
2022-11-08 05:15:00,2022-11-08 06:50:00,S,6.49,6.6961296666822845,6.6961296666822845,5.97467583329429,-1.0,-1.035,sl,19
2022-11-08 14:20:00,2022-11-08 16:00:00,S,6.505,6.608630755789916,6.608630755789916,6.24592311052521,-1.0,-1.069,sl,20
2022-11-08 18:10:00,2022-11-09 02:10:00,S,6.355,6.23,6.855139525225891,5.104651186935275,0.25,0.236,time,96
2022-11-09 08:40:00,2022-11-09 16:40:00,S,6.095,6.045,6.330915217798027,5.505211955504932,0.212,0.184,time,96
2022-11-09 18:05:00,2022-11-09 21:20:00,S,5.885,5.548004266454262,6.019798293418295,5.548004266454262,2.5,2.452,tp,39
2022-11-09 21:25:00,2022-11-10 05:25:00,S,5.565,5.67,5.9924255063994165,4.49643623400146,-0.246,-0.26,time,96
2022-11-10 08:25:00,2022-11-10 13:30:00,S,5.61,5.818573424376682,5.818573424376682,5.088566439058296,-1.0,-1.03,sl,61
2022-11-10 13:35:00,2022-11-10 21:35:00,L,5.935,6.025,5.697164412353125,6.529588969117187,0.378,0.351,time,96
2022-11-11 01:55:00,2022-11-11 09:55:00,S,5.835,5.795,6.003113133276729,5.4147171668081775,0.238,0.2,time,96
2022-11-11 12:20:00,2022-11-11 13:05:00,S,5.8,5.862577158944477,5.862577158944477,5.643557102638807,-1.0,-1.102,sl,9
2022-11-11 14:20:00,2022-11-11 22:20:00,S,5.665,5.705,5.919761438786909,5.028096403032727,-0.157,-0.181,time,96
2022-11-12 04:55:00,2022-11-12 12:55:00,S,5.675,5.745,5.81274220009119,5.330644499772024,-0.508,-0.554,time,96
2022-11-12 16:20:00,2022-11-12 21:30:00,L,5.785,5.865496520517864,5.752801391792855,5.865496520517864,2.5,2.302,tp,62
2022-11-12 22:35:00,2022-11-12 23:10:00,L,5.845,5.818729305563987,5.818729305563987,5.910676736090032,-1.0,-1.245,sl,7
2022-11-12 23:30:00,2022-11-13 06:10:00,S,5.75,5.877815647380108,5.877815647380108,5.430460881549731,-1.0,-1.049,sl,80
2022-11-13 06:20:00,2022-11-13 06:30:00,L,5.895,5.803363766004502,5.803363766004502,6.124090584988744,-1.0,-1.071,sl,2
2022-11-13 07:10:00,2022-11-13 08:45:00,L,5.92,5.79058514740555,5.79058514740555,6.243537131486125,-1.0,-1.05,sl,19
2022-11-13 08:55:00,2022-11-13 16:55:00,S,5.72,5.785,5.8980215175160655,5.274946206209835,-0.365,-0.4,time,96
2022-11-13 17:15:00,2022-11-14 01:15:00,S,5.745,5.585,5.83205945158443,5.527351371038924,1.838,1.765,time,96
2022-11-14 01:45:00,2022-11-14 06:50:00,S,5.52,5.724528060026812,5.724528060026812,5.008679849932967,-1.0,-1.03,sl,61
2022-11-14 06:55:00,2022-11-14 14:55:00,L,5.705,5.77,5.515957411750016,6.177606470624961,0.344,0.311,time,96
2022-11-14 19:15:00,2022-11-14 22:15:00,S,5.755,5.806548083975059,5.806548083975059,5.626129790062352,-1.0,-1.123,sl,36
2022-11-14 22:20:00,2022-11-15 06:20:00,L,5.805,5.84,5.748400475380367,5.94649881154908,0.618,0.506,time,96
2022-11-15 07:20:00,2022-11-15 15:20:00,L,5.895,5.98,5.833603057608967,6.048492355977582,1.384,1.279,time,96
2022-11-15 15:45:00,2022-11-15 18:30:00,L,6.03,5.957581854812197,5.957581854812197,6.211045362969507,-1.0,-1.092,sl,33
2022-11-16 02:35:00,2022-11-16 08:25:00,L,5.965,5.888271333561923,5.888271333561923,6.156821666095193,-1.0,-1.086,sl,70
2022-11-16 08:30:00,2022-11-16 14:00:00,S,5.875,5.682088176413745,5.952164729434502,5.682088176413745,2.5,2.416,tp,66
2022-11-16 14:05:00,2022-11-16 22:05:00,S,5.66,5.695,5.78253155084094,5.3536711228976515,-0.286,-0.336,time,96
2022-11-17 02:55:00,2022-11-17 04:05:00,S,5.675,5.597930618461065,5.705827752615574,5.597930618461065,2.5,2.298,tp,14
2022-11-17 04:10:00,2022-11-17 06:05:00,S,5.61,5.697248143511366,5.697248143511366,5.3918796412215855,-1.0,-1.071,sl,23
2022-11-17 09:35:00,2022-11-17 15:20:00,S,5.625,5.696567545781157,5.696567545781157,5.446081135547107,-1.0,-1.086,sl,69
2022-11-17 23:40:00,2022-11-18 00:10:00,S,5.665,5.711266323641022,5.711266323641022,5.549334190897445,-1.0,-1.135,sl,6
2022-11-18 00:15:00,2022-11-18 08:15:00,L,5.715,5.685,5.6433607368778205,5.894098157805448,-0.419,-0.507,time,96
2022-11-18 11:05:00,2022-11-18 15:00:00,L,5.73,5.678933315480806,5.678933315480806,5.857666711297988,-1.0,-1.123,sl,47
2022-11-18 15:05:00,2022-11-18 23:05:00,S,5.685,5.62,5.751766656055525,5.518083359861185,0.974,0.88,time,96
2022-11-18 23:20:00,2022-11-18 23:30:00,S,5.62,5.629078192608378,5.629078192608378,5.5973045184790555,-1.0,-1.681,sl,2
2022-11-19 02:35:00,2022-11-19 10:35:00,S,5.595,5.56,5.631318532465975,5.504203668835062,0.964,0.794,time,96
2022-11-19 14:40:00,2022-11-19 15:05:00,S,5.555,5.5757297571703095,5.5757297571703095,5.503175607074225,-1.0,-1.295,sl,5
2022-11-19 20:00:00,2022-11-19 21:55:00,S,5.565,5.580632255844192,5.580632255844192,5.525919360389523,-1.0,-1.392,sl,23
2022-11-20 03:35:00,2022-11-20 04:45:00,S,5.595,5.620686624678049,5.620686624678049,5.530783438304876,-1.0,-1.24,sl,14
2022-11-20 08:50:00,2022-11-20 16:50:00,S,5.54,5.445,5.621919584636687,5.335201038408283,1.16,1.085,time,96
2022-11-20 18:05:00,2022-11-21 00:05:00,S,5.4,5.233361667722091,5.466655332911164,5.233361667722091,2.5,2.411,tp,72
2022-11-21 00:10:00,2022-11-21 08:10:00,S,5.245,5.205,5.302776502682664,5.10055874329334,0.692,0.592,time,96
2022-11-21 09:10:00,2022-11-21 09:15:00,S,5.185,5.221702659665057,5.221702659665057,5.093243350837355,-1.0,-1.155,sl,1
2022-11-21 16:20:00,2022-11-21 19:30:00,S,5.21,5.093941977244373,5.256423209102251,5.093941977244373,2.5,2.377,tp,38
2022-11-21 19:35:00,2022-11-21 20:05:00,S,5.08,5.182753663823929,5.182753663823929,4.8231158404401775,-1.0,-1.054,sl,6
2022-11-22 02:15:00,2022-11-22 07:00:00,S,5.165,5.012079296731624,5.22616828130735,5.012079296731624,2.5,2.407,tp,57
2022-11-22 07:05:00,2022-11-22 13:15:00,S,5.01,5.152750391136002,5.152750391136002,4.653124022159995,-1.0,-1.039,sl,74
2022-11-22 13:20:00,2022-11-22 21:20:00,L,5.14,5.24,5.022689757656559,5.4332756058586025,0.852,0.804,time,96
2022-11-23 00:05:00,2022-11-23 00:40:00,L,5.285,5.2584368943351105,5.2584368943351105,5.351407764162224,-1.0,-1.219,sl,7
2022-11-23 02:20:00,2022-11-23 08:00:00,L,5.31,5.476096166630354,5.243561533347858,5.476096166630354,2.5,2.412,tp,68
2022-11-23 08:05:00,2022-11-23 09:35:00,L,5.46,5.4086741194373,5.4086741194373,5.588314701406751,-1.0,-1.117,sl,18
2022-11-23 19:05:00,2022-11-24 03:05:00,L,5.425,5.44,5.328021980190821,5.667445049522948,0.155,0.093,time,96
2022-11-24 06:35:00,2022-11-24 08:05:00,L,5.495,5.448906657961692,5.448906657961692,5.61023335509577,-1.0,-1.131,sl,18
2022-11-24 12:45:00,2022-11-24 16:05:00,S,5.355,5.4009920679144,5.4009920679144,5.240019830214002,-1.0,-1.128,sl,40
2022-11-24 16:10:00,2022-11-24 21:20:00,L,5.4,5.35380300910507,5.35380300910507,5.515492477237327,-1.0,-1.129,sl,62
2022-11-24 21:25:00,2022-11-24 23:40:00,S,5.35,5.39090477426976,5.39090477426976,5.247738064325598,-1.0,-1.144,sl,27
2022-11-24 23:45:00,2022-11-25 00:05:00,L,5.395,5.353888002113494,5.353888002113494,5.497779994716264,-1.0,-1.144,sl,4
2022-11-25 00:25:00,2022-11-25 08:25:00,S,5.335,5.275,5.406995404102628,5.15501148974343,0.833,0.752,time,96
2022-11-25 14:05:00,2022-11-25 22:05:00,S,5.26,5.28,5.316418348608013,5.118954128479967,-0.354,-0.457,time,96
2022-11-25 22:20:00,2022-11-26 00:30:00,S,5.26,5.290793005035953,5.290793005035953,5.183017487410117,-1.0,-1.188,sl,26
2022-11-26 07:55:00,2022-11-26 14:40:00,L,5.34,5.454976913966371,5.294009234413451,5.454976913966371,2.5,2.372,tp,81
2022-11-26 14:45:00,2022-11-26 14:50:00,L,5.42,5.398690756369603,5.398690756369603,5.473273109075993,-1.0,-1.28,sl,1
2022-11-26 19:05:00,2022-11-27 03:05:00,S,5.31,5.355,5.386772006580358,5.118069983549104,-0.586,-0.662,time,96
2022-11-27 03:35:00,2022-11-27 10:05:00,L,5.37,5.3342566634803426,5.3342566634803426,5.4593583412991435,-1.0,-1.165,sl,78
2022-11-27 10:10:00,2022-11-27 14:20:00,S,5.325,5.396433101627904,5.396433101627904,5.146417245930239,-1.0,-1.082,sl,50
2022-11-27 23:05:00,2022-11-28 01:30:00,S,5.315,5.085561830592759,5.406775267762897,5.085561830592759,2.5,2.436,tp,29
2022-11-28 01:35:00,2022-11-28 09:35:00,S,5.1,5.17,5.3139775069807555,4.56505623254811,-0.327,-0.353,time,96
2022-11-28 13:25:00,2022-11-28 14:35:00,S,5.15,5.196347550027312,5.196347550027312,5.034131124931721,-1.0,-1.122,sl,14
2022-11-28 15:10:00,2022-11-28 17:00:00,S,5.135,5.207041244452571,5.207041244452571,4.954896888868571,-1.0,-1.078,sl,22
2022-11-28 23:05:00,2022-11-29 02:05:00,S,5.145,5.175957845425758,5.175957845425758,5.067605386435603,-1.0,-1.183,sl,36
2022-11-29 04:20:00,2022-11-29 08:30:00,L,5.2,5.30283751343781,5.158864994624876,5.30283751343781,2.5,2.361,tp,50
2022-11-29 08:35:00,2022-11-29 13:35:00,L,5.295,5.253771307839894,5.253771307839894,5.398071730400264,-1.0,-1.141,sl,60
2022-11-29 18:50:00,2022-11-30 00:45:00,L,5.305,5.4586089565420775,5.243556417383169,5.4586089565420775,2.5,2.405,tp,71
2022-11-30 00:50:00,2022-11-30 08:50:00,L,5.48,5.41,5.297162538112788,5.937093654718031,-0.383,-0.416,time,96
2022-11-30 19:05:00,2022-12-01 03:05:00,L,5.415,5.425,5.292040196642954,5.7223995083926145,0.081,0.033,time,96
2022-12-01 12:00:00,2022-12-01 13:45:00,L,5.395,5.364070556554899,5.364070556554899,5.472323608612751,-1.0,-1.192,sl,21
2022-12-01 13:50:00,2022-12-01 21:50:00,S,5.345,5.385,5.442210649653976,5.101973375865059,-0.411,-0.472,time,96
2022-12-01 22:35:00,2022-12-02 01:45:00,L,5.405,5.36916653514452,5.36916653514452,5.494583662138702,-1.0,-1.166,sl,38
2022-12-02 08:20:00,2022-12-02 10:25:00,L,5.455,5.569895906515866,5.409041637393654,5.569895906515866,2.5,2.369,tp,25
2022-12-02 10:30:00,2022-12-02 11:45:00,L,5.53,5.602361746374397,5.501055301450242,5.602361746374397,2.5,2.29,tp,15
2022-12-02 11:50:00,2022-12-02 13:30:00,L,5.605,5.542929447361625,5.542929447361625,5.760176381595938,-1.0,-1.099,sl,20
2022-12-02 14:35:00,2022-12-02 22:35:00,L,5.61,5.64,5.522215766088125,5.82946058477969,0.342,0.271,time,96
2022-12-03 00:05:00,2022-12-03 00:15:00,L,5.655,5.6134986358806165,5.6134986358806165,5.75875341029846,-1.0,-1.15,sl,2
2022-12-03 00:30:00,2022-12-03 02:10:00,L,5.665,5.607886546188671,5.607886546188671,5.807783634528323,-1.0,-1.109,sl,20
2022-12-03 09:55:00,2022-12-03 16:30:00,L,5.58,5.53377321602697,5.53377321602697,5.695566959932576,-1.0,-1.133,sl,79
2022-12-03 17:35:00,2022-12-03 21:05:00,L,5.575,5.524096970534933,5.524096970534933,5.702257573662667,-1.0,-1.12,sl,42
2022-12-03 21:10:00,2022-12-03 22:30:00,S,5.535,5.495175996257976,5.55092960149681,5.495175996257976,2.5,2.118,tp,16
2022-12-03 22:35:00,2022-12-04 00:15:00,S,5.49,5.536421314181546,5.536421314181546,5.373946714546134,-1.0,-1.13,sl,20
2022-12-04 01:30:00,2022-12-04 03:50:00,L,5.545,5.518986652272767,5.518986652272767,5.6100333693180815,-1.0,-1.234,sl,28
2022-12-04 05:10:00,2022-12-04 11:20:00,L,5.55,5.5143957760706535,5.5143957760706535,5.639010559823365,-1.0,-1.171,sl,74
2022-12-04 11:25:00,2022-12-04 11:25:00,S,5.515,5.535843196088838,5.535843196088838,5.462892009777903,-1.0,-1.291,sl,0
2022-12-04 11:45:00,2022-12-04 15:00:00,S,5.515,5.546362005402337,5.546362005402337,5.436594986494157,-1.0,-1.193,sl,39
2022-12-04 16:25:00,2022-12-04 20:20:00,L,5.555,5.534216378852121,5.534216378852121,5.606959052869696,-1.0,-1.294,sl,47
2022-12-05 00:25:00,2022-12-05 08:25:00,L,5.625,5.715,5.563439381687685,5.778901545780788,1.462,1.361,time,96
2022-12-05 15:05:00,2022-12-05 16:25:00,S,5.595,5.5162152444404375,5.626513902223825,5.5162152444404375,2.5,2.305,tp,16
2022-12-05 16:30:00,2022-12-05 18:15:00,S,5.53,5.561657759507748,5.561657759507748,5.450855601230632,-1.0,-1.192,sl,21
2022-12-05 19:20:00,2022-12-06 03:20:00,S,5.48,5.5,5.566504482885754,5.263738792785617,-0.231,-0.301,time,96
2022-12-06 05:35:00,2022-12-06 08:00:00,S,5.475,5.4958155657013785,5.4958155657013785,5.422961085746552,-1.0,-1.289,sl,29
2022-12-06 09:55:00,2022-12-06 17:55:00,S,5.465,5.465,5.495978567916977,5.387553580207558,-0.0,-0.194,time,96
2022-12-06 22:55:00,2022-12-06 23:10:00,S,5.445,5.4709028001350735,5.4709028001350735,5.380242999662317,-1.0,-1.231,sl,3
2022-12-07 06:35:00,2022-12-07 07:05:00,S,5.44,5.3628855547730225,5.4708457780907915,5.3628855547730225,2.5,2.306,tp,6
2022-12-07 07:10:00,2022-12-07 15:10:00,S,5.35,5.32,5.456877228977972,5.082806927555069,0.281,0.226,time,96
2022-12-07 17:20:00,2022-12-08 01:20:00,S,5.295,5.285,5.321090218091164,5.229774454772091,0.383,0.16,time,96
2022-12-08 11:45:00,2022-12-08 11:50:00,S,5.265,5.306098132004911,5.306098132004911,5.16225466998772,-1.0,-1.141,sl,1
2022-12-08 18:35:00,2022-12-09 02:35:00,L,5.355,5.42,5.309069066787154,5.469827333032118,1.415,1.287,time,96
2022-12-09 07:30:00,2022-12-09 12:45:00,L,5.415,5.379349187005341,5.379349187005341,5.504127032486647,-1.0,-1.167,sl,63
2022-12-09 13:35:00,2022-12-09 21:35:00,S,5.36,5.275,5.4217882466853435,5.205529383286642,1.376,1.28,time,96
2022-12-09 22:15:00,2022-12-09 23:05:00,S,5.27,5.285882846287937,5.285882846287937,5.230292884280157,-1.0,-1.365,sl,10
2022-12-10 05:15:00,2022-12-10 06:50:00,S,5.285,5.295464960752418,5.295464960752418,5.258837598118955,-1.0,-1.556,sl,19
2022-12-10 08:25:00,2022-12-10 10:55:00,S,5.28,5.295523658391313,5.295523658391313,5.241190854021718,-1.0,-1.374,sl,30
2022-12-10 13:25:00,2022-12-10 14:25:00,S,5.275,5.295761982635095,5.295761982635095,5.223095043412265,-1.0,-1.279,sl,12
2022-12-10 18:50:00,2022-12-10 21:25:00,S,5.31,5.2812808524369945,5.321487659025202,5.2812808524369945,2.5,1.992,tp,31
2022-12-10 21:30:00,2022-12-11 05:30:00,S,5.28,5.285,5.3056782678785686,5.2158043303035795,-0.195,-0.421,time,96
2022-12-11 07:15:00,2022-12-11 15:15:00,S,5.28,5.29,5.300698182401953,5.228254543995119,-0.483,-0.764,time,96
2022-12-11 19:00:00,2022-12-11 19:30:00,L,5.305,5.289328043089108,5.289328043089108,5.34417989227723,-1.0,-1.372,sl,6
2022-12-11 19:35:00,2022-12-11 20:15:00,S,5.285,5.181739413309243,5.326304234676303,5.181739413309243,2.5,2.359,tp,8
2022-12-11 20:20:00,2022-12-12 04:20:00,S,5.2,5.115,5.328583414479633,4.878541463800918,0.661,0.617,time,96
2022-12-12 12:25:00,2022-12-12 20:25:00,S,5.13,5.125,5.1613479508161895,5.051630122959526,0.16,-0.021,time,96
2022-12-13 01:25:00,2022-12-13 04:00:00,S,5.15,5.098384876118852,5.1706460495524595,5.098384876118852,2.5,2.226,tp,31
2022-12-13 04:05:00,2022-12-13 10:00:00,S,5.09,5.146381544238907,5.146381544238907,4.949046139402732,-1.0,-1.099,sl,71
2022-12-13 13:20:00,2022-12-13 13:40:00,L,5.18,5.283494623002316,5.138602150799073,5.283494623002316,2.5,2.362,tp,4
2022-12-13 13:45:00,2022-12-13 21:45:00,L,5.265,5.27,5.137228123623559,5.584429690941102,0.039,-0.006,time,96
2022-12-14 00:05:00,2022-12-14 02:15:00,L,5.3,5.264000619091397,5.264000619091397,5.389998452271507,-1.0,-1.162,sl,26
2022-12-14 07:40:00,2022-12-14 09:35:00,L,5.305,5.2792520728474885,5.2792520728474885,5.369369817881278,-1.0,-1.227,sl,23
2022-12-14 11:25:00,2022-12-14 18:55:00,L,5.315,5.284201675700255,5.284201675700255,5.391995810749363,-1.0,-1.19,sl,90
2022-12-14 19:05:00,2022-12-15 03:05:00,S,5.235,5.165,5.3490015502126225,4.949996124468445,0.614,0.564,time,96
2022-12-15 12:50:00,2022-12-15 16:50:00,L,5.22,5.194055451051058,5.194055451051058,5.284861372372353,-1.0,-1.221,sl,48
2022-12-15 16:55:00,2022-12-15 21:45:00,S,5.2,5.231167157174311,5.231167157174311,5.122082107064223,-1.0,-1.184,sl,58
2022-12-15 21:55:00,2022-12-16 05:10:00,L,5.235,5.19389858032492,5.19389858032492,5.337753549187703,-1.0,-1.14,sl,87
2022-12-16 05:15:00,2022-12-16 06:50:00,S,5.195,5.210629827238559,5.210629827238559,5.1559254319036025,-1.0,-1.366,sl,19
2022-12-16 07:05:00,2022-12-16 08:50:00,L,5.22,5.199401188709709,5.199401188709709,5.271497028225726,-1.0,-1.279,sl,21
2022-12-16 08:55:00,2022-12-16 16:55:00,S,5.175,5.01,5.2517239280390955,4.983190179902261,2.151,2.076,time,96
2022-12-16 21:40:00,2022-12-16 21:50:00,S,5.02,4.930497367178887,5.0558010531284445,4.930497367178887,2.5,2.346,tp,2
2022-12-16 21:55:00,2022-12-16 22:35:00,S,4.96,4.730157100945784,5.051937159621686,4.730157100945784,2.5,2.441,tp,8
2022-12-16 22:40:00,2022-12-17 06:40:00,S,4.52,4.68,5.028040916901648,3.249897707745879,-0.315,-0.325,time,96
2022-12-18 01:30:00,2022-12-18 04:25:00,S,4.67,4.690644211999447,4.690644211999447,4.618389470001382,-1.0,-1.249,sl,35
2022-12-18 06:10:00,2022-12-18 14:10:00,S,4.675,4.65,4.695466431458453,4.623833921353867,1.222,0.97,time,96
2022-12-18 14:25:00,2022-12-18 18:00:00,S,4.64,4.660655598599401,4.660655598599401,4.588361003501495,-1.0,-1.247,sl,43
2022-12-18 22:50:00,2022-12-18 23:00:00,S,4.65,4.681070868889284,4.681070868889284,4.572322827776791,-1.0,-1.165,sl,2
2022-12-19 03:05:00,2022-12-19 11:05:00,S,4.64,4.625,4.69114083675484,4.5121479081128975,0.293,0.194,time,96
2022-12-19 14:10:00,2022-12-19 14:35:00,S,4.615,4.646103978815735,4.646103978815735,4.537240052960662,-1.0,-1.163,sl,5
2022-12-19 16:40:00,2022-12-20 00:40:00,S,4.57,4.5,4.641762172461468,4.39059456884633,0.975,0.905,time,96
2022-12-20 14:15:00,2022-12-20 14:55:00,S,4.58,4.6058485247764995,4.6058485247764995,4.515378688058751,-1.0,-1.195,sl,8
2022-12-20 15:25:00,2022-12-20 23:25:00,L,4.63,4.615,4.553280466138633,4.821798834653418,-0.196,-0.262,time,96
2022-12-21 00:55:00,2022-12-21 05:00:00,S,4.575,4.485007199131048,4.610997120347581,4.485007199131048,2.5,2.36,tp,49
2022-12-21 05:05:00,2022-12-21 07:15:00,S,4.5,4.526356524992116,4.526356524992116,4.434108687519709,-1.0,-1.188,sl,26
2022-12-21 08:25:00,2022-12-21 08:55:00,S,4.475,4.526247110385781,4.526247110385781,4.3468822240355465,-1.0,-1.096,sl,6
2022-12-21 12:45:00,2022-12-21 19:55:00,S,4.5,4.435637057651368,4.525745176939453,4.435637057651368,2.5,2.308,tp,86
2022-12-21 20:00:00,2022-12-22 00:00:00,S,4.45,4.486003844675754,4.486003844675754,4.359990388310615,-1.0,-1.136,sl,48
2022-12-22 05:05:00,2022-12-22 11:35:00,S,4.46,4.485588166276436,4.485588166276436,4.396029584308909,-1.0,-1.192,sl,78
2022-12-22 13:35:00,2022-12-22 14:30:00,S,4.465,4.423781510886895,4.4814873956452415,4.423781510886895,2.5,2.202,tp,11
2022-12-22 14:35:00,2022-12-22 20:20:00,S,4.42,4.471490859920322,4.471490859920322,4.291272850199196,-1.0,-1.094,sl,69
2022-12-22 22:15:00,2022-12-23 06:15:00,L,4.5,4.515,4.468991114746865,4.577522213132837,0.484,0.324,time,96
2022-12-23 10:30:00,2022-12-23 12:40:00,L,4.525,4.499302092507312,4.499302092507312,4.589244768731721,-1.0,-1.194,sl,26
2022-12-23 13:35:00,2022-12-23 21:35:00,S,4.485,4.47,4.51671677129945,4.405708071751377,0.473,0.317,time,96
2022-12-23 22:25:00,2022-12-24 00:15:00,S,4.46,4.475704281577503,4.475704281577503,4.420739296056242,-1.0,-1.312,sl,22
2022-12-24 05:25:00,2022-12-24 09:00:00,S,4.475,4.435643889607833,4.490742444156866,4.435643889607833,2.5,2.187,tp,43
2022-12-24 09:05:00,2022-12-24 17:05:00,S,4.44,4.46,4.470750295622234,4.363124260944416,-0.65,-0.809,time,96
2022-12-24 21:45:00,2022-12-25 00:55:00,S,4.45,4.460676111179508,4.460676111179508,4.423309722051231,-1.0,-1.459,sl,38
2022-12-25 05:15:00,2022-12-25 13:15:00,S,4.435,4.45,4.46053833652298,4.3711541586925495,-0.587,-0.778,time,96
2022-12-25 14:35:00,2022-12-25 15:05:00,S,4.41,4.451087108566531,4.451087108566531,4.307282228583673,-1.0,-1.118,sl,6
2022-12-25 19:05:00,2022-12-25 19:25:00,S,4.42,4.430584852382711,4.430584852382711,4.393537869043223,-1.0,-1.459,sl,4
2022-12-25 21:35:00,2022-12-25 22:00:00,L,4.44,4.479233811405746,4.424306475437702,4.479233811405746,2.5,2.189,tp,5
2022-12-25 22:05:00,2022-12-26 06:05:00,L,4.48,4.485,4.428986285950154,4.607534285124616,0.098,0.001,time,96
2022-12-26 10:35:00,2022-12-26 18:35:00,L,4.495,4.52,4.474314142322206,4.546714644194485,1.209,0.97,time,96
2022-12-26 21:30:00,2022-12-27 03:10:00,L,4.535,4.514401974387182,4.514401974387182,4.586495064032046,-1.0,-1.242,sl,68
2022-12-27 09:55:00,2022-12-27 14:35:00,L,4.54,4.494167139340813,4.494167139340813,4.654582151647968,-1.0,-1.109,sl,56
2022-12-27 17:25:00,2022-12-28 01:25:00,S,4.475,4.47,4.506063249188158,4.3973418770296036,0.161,0.002,time,96
2022-12-28 03:10:00,2022-12-28 05:40:00,S,4.44,4.362754733762232,4.470898106495108,4.362754733762232,2.5,2.342,tp,30
2022-12-28 05:45:00,2022-12-28 13:45:00,S,4.275,4.345,4.4480752075848,3.8423119810380006,-0.404,-0.432,time,96
2022-12-28 14:25:00,2022-12-28 14:30:00,S,4.33,4.3457444292986365,4.3457444292986365,4.2906389267534095,-1.0,-1.303,sl,1
2022-12-28 16:00:00,2022-12-29 00:00:00,S,4.32,4.29,4.391575423633848,4.141061440915382,0.419,0.353,time,96
2022-12-29 02:15:00,2022-12-29 03:45:00,S,4.255,4.291004775862955,4.291004775862955,4.164988060342612,-1.0,-1.13,sl,18
2022-12-29 08:45:00,2022-12-29 09:20:00,S,4.3,4.330866882171199,4.330866882171199,4.222832794572003,-1.0,-1.153,sl,7
2022-12-29 14:10:00,2022-12-29 14:30:00,S,4.325,4.3457807102068875,4.3457807102068875,4.273048224482782,-1.0,-1.229,sl,4
2022-12-29 17:40:00,2022-12-29 20:30:00,S,4.32,4.255803728676824,4.345678508529271,4.255803728676824,2.5,2.315,tp,34
2022-12-29 20:35:00,2022-12-30 00:40:00,S,4.265,4.321491361001975,4.321491361001975,4.123771597495061,-1.0,-1.083,sl,49
2022-12-30 02:25:00,2022-12-30 10:25:00,S,4.275,4.27,4.310794796532959,4.185513008667604,0.14,0.008,time,96
2022-12-30 14:50:00,2022-12-30 15:45:00,S,4.255,4.29123980736412,4.29123980736412,4.1644004815897,-1.0,-1.129,sl,11
2022-12-30 17:30:00,2022-12-31 01:30:00,L,4.305,4.31,4.284203406535285,4.356991483661786,0.24,0.013,time,96
2022-12-31 07:10:00,2022-12-31 14:20:00,L,4.33,4.368669218960578,4.314532312415769,4.368669218960578,2.5,2.192,tp,86
2022-12-31 14:25:00,2022-12-31 17:45:00,L,4.37,4.339223337877174,4.339223337877174,4.446941655307066,-1.0,-1.156,sl,40
2022-12-31 21:45:00,2023-01-01 05:45:00,S,4.325,4.295,4.350602443835818,4.260993890410456,1.172,0.986,time,96
2023-01-01 10:55:00,2023-01-01 18:55:00,L,4.335,4.36,4.304195147821524,4.41201213044619,0.812,0.657,time,96
2023-01-01 21:40:00,2023-01-02 00:15:00,L,4.38,4.359377239848012,4.359377239848012,4.43155690037997,-1.0,-1.234,sl,31
2023-01-02 02:40:00,2023-01-02 10:40:00,L,4.39,4.49,4.333896392430498,4.530259018923754,1.782,1.696,time,96
2023-01-02 15:20:00,2023-01-02 16:35:00,L,4.49,4.529531329841123,4.474187468063551,4.529531329841123,2.5,2.188,tp,15
2023-01-02 16:40:00,2023-01-02 17:15:00,L,4.52,4.49382916685265,4.49382916685265,4.5854270828683745,-1.0,-1.19,sl,7
2023-01-03 05:25:00,2023-01-03 06:00:00,L,4.495,4.534388870301022,4.479244451879591,4.534388870301022,2.5,2.186,tp,7
2023-01-03 06:05:00,2023-01-03 14:05:00,L,4.53,4.525,4.479081788531256,4.6572955286718605,-0.098,-0.196,time,96
2023-01-03 20:15:00,2023-01-04 01:20:00,L,4.52,4.622145689662558,4.479141724134976,4.622145689662558,2.5,2.378,tp,61
2023-01-04 01:25:00,2023-01-04 09:25:00,L,4.59,4.64,4.522976471281703,4.757558821795741,0.746,0.671,time,96
2023-01-04 15:50:00,2023-01-04 20:35:00,L,4.645,4.59875343416658,4.59875343416658,4.760616414583548,-1.0,-1.11,sl,57
2023-01-04 23:40:00,2023-01-05 01:05:00,L,4.63,4.604395785229636,4.604395785229636,4.694010536925909,-1.0,-1.199,sl,17
2023-01-05 07:25:00,2023-01-05 15:25:00,S,4.59,4.59,4.625868517566219,4.500328706084453,-0.0,-0.141,time,96
2023-01-05 19:15:00,2023-01-06 03:15:00,L,4.59,4.64,4.5591814906471155,4.66704627338221,1.622,1.459,time,96
2023-01-06 06:35:00,2023-01-06 13:40:00,S,4.59,4.625813695698173,4.625813695698173,4.500465760754567,-1.0,-1.141,sl,85
2023-01-06 13:45:00,2023-01-06 21:45:00,L,4.64,4.655,4.5530550169594415,4.857362457601395,0.173,0.114,time,96
2023-01-06 22:55:00,2023-01-07 06:55:00,L,4.68,4.66,4.644083639656379,4.769790900859052,-0.557,-0.7,time,96
2023-01-07 20:00:00,2023-01-07 22:30:00,L,4.665,4.6443414248994666,4.6443414248994666,4.716646437751334,-1.0,-1.248,sl,30
2023-01-08 00:40:00,2023-01-08 08:40:00,S,4.64,4.645,4.675741141798458,4.550647145503854,-0.14,-0.283,time,96
2023-01-08 09:20:00,2023-01-08 14:30:00,L,4.66,4.736925136982482,4.629229945207007,4.736925136982482,2.5,2.333,tp,62
2023-01-08 14:35:00,2023-01-08 22:35:00,L,4.74,4.745,4.673949435698576,4.90512641075356,0.076,-0.003,time,96
2023-01-08 23:05:00,2023-01-09 00:00:00,L,4.765,4.83000571331824,4.738997714672704,4.83000571331824,2.5,2.298,tp,11
2023-01-09 00:05:00,2023-01-09 08:05:00,L,4.825,4.895,4.748153597530889,5.0171160061727775,0.911,0.842,time,96
2023-01-09 09:50:00,2023-01-09 10:35:00,L,4.93,5.032637821279736,4.888944871488105,5.032637821279736,2.5,2.368,tp,9
2023-01-09 10:40:00,2023-01-09 18:40:00,L,5.03,4.95,4.907425106109741,5.336437234725647,-0.653,-0.698,time,96
2023-01-10 00:40:00,2023-01-10 02:25:00,L,4.935,4.878690750374325,4.878690750374325,5.075773124064186,-1.0,-1.096,sl,21
2023-01-10 09:20:00,2023-01-10 13:35:00,L,4.915,4.868812050085957,4.868812050085957,5.030469874785108,-1.0,-1.117,sl,51
2023-01-10 15:15:00,2023-01-10 23:15:00,L,4.92,4.915,4.853273969122858,5.086815077192854,-0.075,-0.156,time,96
2023-01-11 02:15:00,2023-01-11 10:15:00,S,4.895,4.895,4.935973285323327,4.79256678669168,-0.0,-0.131,time,96
2023-01-11 14:10:00,2023-01-11 19:05:00,S,4.87,4.9062290013331715,4.9062290013331715,4.779427496667072,-1.0,-1.148,sl,59
2023-01-11 19:10:00,2023-01-11 23:15:00,L,4.905,5.045460402735177,4.84881583890593,5.045460402735177,2.5,2.404,tp,49
2023-01-11 23:20:00,2023-01-12 07:20:00,L,5.05,5.125,4.948339853691381,5.304150365771546,0.738,0.683,time,96
2023-01-12 12:35:00,2023-01-12 13:20:00,L,5.08,5.062907077326036,5.062907077326036,5.1227323066849095,-1.0,-1.327,sl,9
2023-01-12 13:40:00,2023-01-12 21:40:00,L,5.085,5.215,5.001932915101773,5.292667712245567,1.565,1.498,time,96
2023-01-13 04:00:00,2023-01-13 12:00:00,L,5.23,5.22,5.194094296701388,5.319764258246533,-0.279,-0.439,time,96
2023-01-13 15:15:00,2023-01-13 21:35:00,L,5.235,5.3639984175450675,5.183400632981973,5.3639984175450675,2.5,2.388,tp,76
2023-01-13 21:40:00,2023-01-14 00:35:00,L,5.355,5.561336819101601,5.27246527235936,5.561336819101601,2.5,2.429,tp,35
2023-01-14 00:40:00,2023-01-14 06:45:00,L,5.57,6.0676727464981255,5.37093090140075,6.0676727464981255,2.5,2.469,tp,73
2023-01-14 06:50:00,2023-01-14 14:50:00,L,6.475,6.045,5.67725234656601,8.469369133584975,-0.539,-0.548,time,96
2023-01-15 00:10:00,2023-01-15 00:15:00,L,6.05,5.996630091080115,5.996630091080115,6.183424772299713,-1.0,-1.125,sl,1
2023-01-15 09:25:00,2023-01-15 17:25:00,L,5.91,6.01,5.766979723392954,6.2675506915176165,0.699,0.654,time,96
2023-01-15 22:50:00,2023-01-16 00:20:00,L,5.945,5.888325214479789,5.888325214479789,6.086686963800529,-1.0,-1.115,sl,18
2023-01-16 02:30:00,2023-01-16 03:05:00,L,6.085,5.971982090166233,5.971982090166233,6.367544774584417,-1.0,-1.059,sl,7
2023-01-16 08:10:00,2023-01-16 16:10:00,S,5.675,5.775,5.9955031379087815,4.8737421552280455,-0.312,-0.331,time,96
2023-01-16 19:10:00,2023-01-17 00:00:00,L,5.86,5.767557924819425,5.767557924819425,6.09110518795144,-1.0,-1.07,sl,58
2023-01-17 00:05:00,2023-01-17 00:10:00,S,5.78,5.827240999439361,5.827240999439361,5.661897501401597,-1.0,-1.135,sl,1
2023-01-17 01:15:00,2023-01-17 05:30:00,S,5.75,5.859039934022132,5.859039934022132,5.477400164944671,-1.0,-1.058,sl,51
2023-01-17 05:35:00,2023-01-17 07:05:00,L,5.86,5.976137377728718,5.813545048908513,5.976137377728718,2.5,2.361,tp,18
2023-01-17 07:10:00,2023-01-17 15:10:00,L,5.97,6.025,5.857445100287667,6.251387249280831,0.489,0.43,time,96
2023-01-17 15:20:00,2023-01-17 23:20:00,L,6.145,5.985,5.914502028545752,6.721244928635619,-0.694,-0.723,time,96
2023-01-18 02:20:00,2023-01-18 08:15:00,L,6.04,5.957844934140781,5.957844934140781,6.245387664648047,-1.0,-1.081,sl,71
2023-01-18 09:05:00,2023-01-18 13:40:00,S,5.91,6.017406785050246,6.017406785050246,5.6414830373743845,-1.0,-1.061,sl,55
2023-01-18 13:45:00,2023-01-18 15:50:00,L,6.025,5.91213185019286,5.91213185019286,6.3071703745178525,-1.0,-1.059,sl,25
2023-01-18 15:55:00,2023-01-18 23:55:00,S,5.695,5.65,6.203321779314452,4.424195551713871,0.089,0.076,time,96
2023-01-19 08:00:00,2023-01-19 08:05:00,S,5.74,5.771362652454342,5.771362652454342,5.661593368864146,-1.0,-1.201,sl,1
2023-01-19 13:15:00,2023-01-19 14:00:00,S,5.665,5.752017917007284,5.752017917007284,5.447455207481791,-1.0,-1.072,sl,9
2023-01-19 20:15:00,2023-01-20 04:15:00,L,5.815,5.875,5.758314363089001,5.956714092277499,1.058,0.946,time,96
2023-01-20 11:30:00,2023-01-20 12:45:00,S,5.79,5.811365792527797,5.811365792527797,5.736585518680508,-1.0,-1.298,sl,15
2023-01-20 13:45:00,2023-01-20 15:05:00,L,5.825,5.903966399558421,5.793413440176632,5.903966399558421,2.5,2.297,tp,16
2023-01-20 15:10:00,2023-01-20 20:15:00,L,5.885,6.116393654155843,5.792442538337663,6.116393654155843,2.5,2.43,tp,61
2023-01-20 20:20:00,2023-01-21 04:20:00,L,6.115,6.26,5.911202446646493,6.624493883383767,0.711,0.678,time,96
2023-01-21 10:00:00,2023-01-21 10:25:00,L,6.29,6.192699938269592,6.192699938269592,6.53325015432602,-1.0,-1.071,sl,5
2023-01-21 21:15:00,2023-01-21 22:55:00,L,6.45,6.306841939622266,6.306841939622266,6.807895150944336,-1.0,-1.05,sl,20
2023-01-22 05:10:00,2023-01-22 12:30:00,L,6.265,6.2034622412115965,6.2034622412115965,6.418844396971007,-1.0,-1.112,sl,88
2023-01-22 14:55:00,2023-01-22 15:20:00,L,6.365,6.282385739118945,6.282385739118945,6.571535652202638,-1.0,-1.085,sl,5
2023-01-22 17:25:00,2023-01-22 19:55:00,L,6.425,6.321740669026926,6.321740669026926,6.683148327432683,-1.0,-1.068,sl,30
2023-01-22 20:05:00,2023-01-23 04:05:00,S,6.27,6.3,6.393149923911675,5.96212519022081,-0.244,-0.3,time,96
2023-01-23 10:50:00,2023-01-23 13:50:00,L,6.375,6.298313748125618,6.298313748125618,6.566715629685955,-1.0,-1.091,sl,36
2023-01-23 14:55:00,2023-01-23 22:55:00,L,6.5,6.655,6.285022248692203,7.037444378269491,0.721,0.688,time,96
2023-01-24 02:25:00,2023-01-24 09:00:00,L,6.69,6.57258935634227,6.57258935634227,6.9835266091443255,-1.0,-1.063,sl,79
2023-01-24 17:10:00,2023-01-24 18:30:00,S,6.42,6.508133909496862,6.508133909496862,6.199665226257846,-1.0,-1.08,sl,16
2023-01-24 18:35:00,2023-01-24 20:40:00,L,6.485,6.427686860864295,6.427686860864295,6.628282847839264,-1.0,-1.124,sl,25
2023-01-24 22:30:00,2023-01-25 06:30:00,S,6.135,6.21,6.512210024606507,5.191974938483733,-0.199,-0.217,time,96
2023-01-25 10:00:00,2023-01-25 12:35:00,S,6.2,6.261707004783566,6.261707004783566,6.045732488041086,-1.0,-1.111,sl,31
2023-01-25 15:05:00,2023-01-25 20:00:00,S,6.165,6.263680719683828,6.263680719683828,5.91829820079043,-1.0,-1.069,sl,59
2023-01-25 20:05:00,2023-01-25 22:00:00,L,6.285,6.527283060169577,6.188086775932169,6.527283060169577,2.5,2.429,tp,23
2023-01-26 06:05:00,2023-01-26 06:20:00,L,6.48,6.428455943335655,6.428455943335655,6.6088601416608626,-1.0,-1.138,sl,3
2023-01-26 10:15:00,2023-01-26 12:35:00,S,6.34,6.406812641111517,6.406812641111517,6.172968397221206,-1.0,-1.104,sl,28
2023-01-26 12:40:00,2023-01-26 13:30:00,L,6.385,6.338123992877393,6.338123992877393,6.502190017806516,-1.0,-1.15,sl,10
2023-01-26 13:40:00,2023-01-26 16:10:00,L,6.425,6.31685029216145,6.31685029216145,6.695374269596374,-1.0,-1.065,sl,30
2023-01-26 21:00:00,2023-01-27 00:15:00,L,6.51,6.433117110178633,6.433117110178633,6.702207224553417,-1.0,-1.093,sl,39
2023-01-27 01:25:00,2023-01-27 08:00:00,S,6.365,6.462604774651723,6.462604774651723,6.120988063370693,-1.0,-1.072,sl,79
2023-01-27 08:05:00,2023-01-27 10:50:00,L,6.46,6.38843521223585,6.38843521223585,6.638911969410376,-1.0,-1.099,sl,33
2023-01-27 18:00:00,2023-01-28 00:40:00,L,6.5,6.641928782795421,6.443228486881831,6.641928782795421,2.5,2.374,tp,80
2023-01-28 00:45:00,2023-01-28 07:15:00,L,6.655,6.547582515156446,6.547582515156446,6.923543712108886,-1.0,-1.068,sl,78
2023-01-28 12:20:00,2023-01-28 20:20:00,S,6.455,6.41,6.517214477764951,6.299463805587623,0.723,0.609,time,96
2023-01-28 20:40:00,2023-01-29 00:35:00,S,6.37,6.431197168041949,6.431197168041949,6.217007079895128,-1.0,-1.114,sl,47
2023-01-29 01:05:00,2023-01-29 09:05:00,L,6.455,6.49,6.322830636306538,6.785423409233656,0.265,0.211,time,96
2023-01-29 09:20:00,2023-01-29 11:00:00,L,6.515,6.605693269496504,6.478722692201398,6.605693269496504,2.5,2.302,tp,20
2023-01-29 11:05:00,2023-01-29 17:20:00,L,6.55,6.63863467286611,6.514546130853556,6.63863467286611,2.5,2.297,tp,75
2023-01-29 17:25:00,2023-01-30 01:25:00,L,6.645,6.58,6.517458613704627,6.963853465738431,-0.51,-0.567,time,96
2023-01-30 06:45:00,2023-01-30 07:20:00,S,6.52,6.455218921333907,6.545912431466436,6.455218921333907,2.5,2.223,tp,7
2023-01-30 07:25:00,2023-01-30 09:10:00,S,6.475,6.320872726396605,6.536650909441358,6.320872726396605,2.5,2.384,tp,21
2023-01-30 09:15:00,2023-01-30 17:15:00,S,6.315,6.315,6.508625638834576,5.830935902913562,-0.0,-0.036,time,96
2023-01-30 19:10:00,2023-01-31 03:10:00,S,6.1,6.215,6.293591558497826,5.616021103755434,-0.594,-0.629,time,96
2023-01-31 06:00:00,2023-01-31 07:45:00,S,6.16,6.2264770360377835,6.2264770360377835,5.993807409905542,-1.0,-1.102,sl,21
2023-01-31 10:55:00,2023-01-31 13:15:00,S,6.18,6.231245611554423,6.231245611554423,6.0518859711139426,-1.0,-1.133,sl,28
2023-01-31 21:20:00,2023-02-01 05:20:00,S,6.23,6.255,6.312493478710867,6.023766303222834,-0.303,-0.386,time,96
2023-02-01 06:20:00,2023-02-01 14:20:00,S,6.195,6.205,6.276327530320662,5.991681174198345,-0.123,-0.207,time,96
2023-02-01 15:50:00,2023-02-01 19:00:00,S,6.08,6.2027904102930025,6.2027904102930025,5.773023974267494,-1.0,-1.054,sl,38
2023-02-01 19:05:00,2023-02-01 20:00:00,L,6.125,6.36019828288217,6.030920686847132,6.36019828288217,2.5,2.428,tp,11
2023-02-01 20:05:00,2023-02-02 04:05:00,L,6.365,6.555,6.048876029318409,7.155309926703978,0.601,0.579,time,96
2023-02-02 09:30:00,2023-02-02 16:15:00,L,6.56,6.70150878531893,6.503396485872427,6.70150878531893,2.5,2.373,tp,81
2023-02-02 16:20:00,2023-02-02 21:55:00,L,6.805,6.540656331221872,6.540656331221872,7.4658591719453185,-1.0,-1.028,sl,67
2023-02-03 03:55:00,2023-02-03 09:40:00,L,6.6,6.82905796139619,6.508376815441523,6.82905796139619,2.5,2.421,tp,69
2023-02-03 09:45:00,2023-02-03 17:45:00,L,6.83,7.087,6.695591342244222,7.1660216443894456,1.912,1.856,time,96
2023-02-03 17:50:00,2023-02-03 20:00:00,L,7.087,6.9716810076045945,6.9716810076045945,7.375297480988513,-1.0,-1.068,sl,26
2023-02-03 23:35:00,2023-02-04 00:05:00,L,7.032,6.988471532977773,6.988471532977773,7.140821167555568,-1.0,-1.178,sl,6
2023-02-04 07:10:00,2023-02-04 15:10:00,L,6.89,6.983,6.814798600432471,7.07800349891882,1.237,1.136,time,96
2023-02-04 22:10:00,2023-02-04 23:35:00,L,6.972,6.922200146360496,6.922200146360496,7.096499634098761,-1.0,-1.154,sl,17
2023-02-05 00:25:00,2023-02-05 08:25:00,S,6.84,6.857,6.979865061149495,6.490337347126263,-0.122,-0.175,time,96
2023-02-05 11:30:00,2023-02-05 12:50:00,S,6.832,6.739437899046861,6.869024840381256,6.739437899046861,2.5,2.297,tp,16
2023-02-05 12:55:00,2023-02-05 20:55:00,S,6.718,6.559,6.842291493292586,6.407271266768536,1.279,1.22,time,96
2023-02-05 21:05:00,2023-02-05 22:20:00,S,6.542,6.603966001967911,6.603966001967911,6.387084995080222,-1.0,-1.116,sl,15
2023-02-06 03:05:00,2023-02-06 07:25:00,S,6.659,6.725803650571131,6.725803650571131,6.491990873572171,-1.0,-1.11,sl,52
2023-02-06 07:30:00,2023-02-06 11:05:00,L,6.758,6.643817431533024,6.643817431533024,7.04345642116744,-1.0,-1.065,sl,43
2023-02-06 11:10:00,2023-02-06 12:45:00,S,6.651,6.7257816363473095,6.7257816363473095,6.464045909131725,-1.0,-1.098,sl,19
2023-02-06 19:45:00,2023-02-06 23:00:00,S,6.667,6.5578528955203925,6.710658841791843,6.5578528955203925,2.5,2.332,tp,39
2023-02-06 23:05:00,2023-02-06 23:15:00,S,6.555,6.438926631360418,6.6014293474558325,6.438926631360418,2.5,2.345,tp,2
2023-02-06 23:20:00,2023-02-07 03:25:00,S,6.456,6.603895311514211,6.603895311514211,6.086261721214473,-1.0,-1.048,sl,49
2023-02-07 09:15:00,2023-02-07 17:15:00,L,6.676,6.69,6.595484688423003,6.877288278942493,0.174,0.083,time,96
2023-02-07 17:45:00,2023-02-07 18:25:00,L,6.715,6.650562687100846,6.650562687100846,6.876093282247884,-1.0,-1.115,sl,8
2023-02-07 21:10:00,2023-02-08 05:10:00,L,6.853,6.914,6.743969342986301,7.125576642534248,0.559,0.49,time,96
2023-02-08 11:30:00,2023-02-08 15:00:00,L,6.894,6.828663560924447,6.828663560924447,7.057341097688883,-1.0,-1.116,sl,42
2023-02-08 15:05:00,2023-02-08 16:15:00,S,6.831,6.663346737547789,6.898061304980885,6.663346737547789,2.5,2.388,tp,14
2023-02-08 16:20:00,2023-02-09 00:20:00,S,6.667,6.746,6.8115001289312005,6.305749677671998,-0.547,-0.597,time,96
2023-02-09 00:55:00,2023-02-09 02:40:00,L,6.821,6.725152480373085,6.725152480373085,7.060618799067287,-1.0,-1.078,sl,21
2023-02-09 02:55:00,2023-02-09 08:25:00,S,6.7,6.817482677579142,6.817482677579142,6.406293306052145,-1.0,-1.063,sl,66
2023-02-09 08:30:00,2023-02-09 16:30:00,L,6.84,6.792,6.661136156432422,7.287159608918945,-0.268,-0.31,time,96
2023-02-09 17:40:00,2023-02-09 19:30:00,S,6.7,6.358944784584931,6.836422086166028,6.358944784584931,2.5,2.446,tp,22
2023-02-09 19:35:00,2023-02-10 03:35:00,S,6.379,6.261,6.756493942784455,5.435265143038862,0.313,0.294,time,96
2023-02-10 05:30:00,2023-02-10 06:30:00,S,6.19,6.258786725610884,6.258786725610884,6.018033185972792,-1.0,-1.099,sl,12
2023-02-10 10:35:00,2023-02-10 18:35:00,S,6.251,6.232,6.306349127015621,6.112627182460948,0.343,0.219,time,96
2023-02-10 21:35:00,2023-02-11 05:35:00,S,6.184,6.224,6.287848112080617,5.924379719798457,-0.385,-0.451,time,96
2023-02-11 07:25:00,2023-02-11 07:50:00,S,6.179,6.20975485304641,6.20975485304641,6.102112867383976,-1.0,-1.221,sl,5
2023-02-11 12:50:00,2023-02-11 14:00:00,S,6.182,6.229938295041498,6.229938295041498,6.062154262396257,-1.0,-1.142,sl,14
2023-02-11 17:35:00,2023-02-11 20:30:00,S,6.178,6.220897374916512,6.220897374916512,6.07075656270872,-1.0,-1.158,sl,35
2023-02-12 04:25:00,2023-02-12 07:30:00,S,6.227,6.252629829963182,6.252629829963182,6.162925425092045,-1.0,-1.267,sl,37
2023-02-12 09:15:00,2023-02-12 16:15:00,L,6.274,6.3561175354353265,6.241152985825869,6.3561175354353265,2.5,2.29,tp,84
2023-02-12 16:20:00,2023-02-12 21:15:00,L,6.354,6.304645000462902,6.304645000462902,6.477387498842744,-1.0,-1.142,sl,59
2023-02-12 21:20:00,2023-02-12 21:35:00,S,6.316,6.198378269199852,6.363048692320059,6.198378269199852,2.5,2.352,tp,3
2023-02-12 21:40:00,2023-02-13 05:40:00,S,6.229,6.2,6.352369582248952,5.920576044377621,0.235,0.18,time,96
2023-02-13 08:25:00,2023-02-13 16:25:00,S,6.151,5.982,6.242245014458395,5.922887463854012,1.852,1.778,time,96
2023-02-13 16:30:00,2023-02-13 23:15:00,S,5.982,6.067200868819582,6.067200868819582,5.768997827951045,-1.0,-1.077,sl,81
2023-02-14 05:55:00,2023-02-14 06:10:00,S,6.093,6.112853663775303,6.112853663775303,6.043365840561743,-1.0,-1.338,sl,3
2023-02-14 08:35:00,2023-02-14 09:50:00,S,6.069,6.127298938311595,6.127298938311595,5.923252654221011,-1.0,-1.115,sl,15
2023-02-14 13:35:00,2023-02-14 14:50:00,S,6.104,6.151396210606357,6.151396210606357,5.9855094734841074,-1.0,-1.142,sl,15
2023-02-14 14:55:00,2023-02-14 22:55:00,L,6.181,6.219,6.007207200230807,6.6154819994229825,0.219,0.18,time,96
2023-02-15 11:05:00,2023-02-15 12:05:00,L,6.221,6.300862002179736,6.189055199128106,6.300862002179736,2.5,2.286,tp,12
2023-02-15 12:10:00,2023-02-15 20:10:00,L,6.3,6.441,6.1953289166843115,6.561677708289221,1.347,1.281,time,96
2023-02-15 20:15:00,2023-02-16 04:15:00,L,6.441,6.604,6.325101119999512,6.73074720000122,1.406,1.345,time,96
2023-02-16 15:45:00,2023-02-16 22:20:00,L,6.626,6.485732333580959,6.485732333580959,6.9766691660476035,-1.0,-1.052,sl,79
2023-02-16 22:25:00,2023-02-17 04:00:00,S,6.483,6.60289676919348,6.60289676919348,6.1832580770162995,-1.0,-1.059,sl,67
2023-02-17 04:05:00,2023-02-17 12:05:00,L,6.607,6.764,6.4930841594630095,6.891789601342477,1.378,1.314,time,96
2023-02-17 13:55:00,2023-02-17 16:50:00,L,6.763,6.965012567666285,6.682194972933486,6.965012567666285,2.5,2.408,tp,35
2023-02-17 16:55:00,2023-02-18 00:55:00,L,7.057,7.199,6.800856544490917,7.697358638772709,0.554,0.524,time,96
2023-02-18 02:25:00,2023-02-18 07:40:00,L,7.36,7.215865663289562,7.215865663289562,7.720335841776096,-1.0,-1.056,sl,63
2023-02-18 12:10:00,2023-02-18 16:40:00,L,7.226,7.171930189393783,7.171930189393783,7.361174526515542,-1.0,-1.147,sl,54
2023-02-18 18:30:00,2023-02-19 02:30:00,L,7.26,7.253,7.145297439790335,7.546756400524162,-0.061,-0.131,time,96
2023-02-19 05:00:00,2023-02-19 06:45:00,L,7.295,7.560413463954715,7.188834614418114,7.560413463954715,2.5,2.424,tp,21
2023-02-19 06:50:00,2023-02-19 14:50:00,L,7.524,7.65,7.280684135479504,8.13228966130124,0.518,0.484,time,96
2023-02-20 04:10:00,2023-02-20 05:20:00,L,7.514,7.44711247487304,7.44711247487304,7.6812188128174,-1.0,-1.124,sl,14
2023-02-20 07:00:00,2023-02-20 08:35:00,L,7.523,7.455055663842613,7.455055663842613,7.692860840393467,-1.0,-1.122,sl,19
2023-02-20 11:30:00,2023-02-20 12:35:00,L,7.54,7.501984897389135,7.501984897389135,7.635037756527163,-1.0,-1.218,sl,13
2023-02-20 17:20:00,2023-02-21 01:20:00,L,7.541,7.47,7.382642411207929,7.936893971980179,-0.448,-0.501,time,96
2023-02-21 04:40:00,2023-02-21 06:50:00,S,7.426,7.489542425845255,7.489542425845255,7.267143935386862,-1.0,-1.129,sl,26
2023-02-21 06:55:00,2023-02-21 08:30:00,L,7.497,7.453703149589149,7.453703149589149,7.605242126027127,-1.0,-1.19,sl,19
2023-02-21 08:50:00,2023-02-21 16:50:00,S,7.301,7.257,7.539977816800688,6.703555457998281,0.184,0.151,time,96
2023-02-21 21:05:00,2023-02-21 21:25:00,S,7.271,7.141208785293664,7.322916485882534,7.141208785293664,2.5,2.346,tp,4
2023-02-21 21:30:00,2023-02-22 05:30:00,S,7.16,7.126,7.311526499809427,6.781183750476432,0.224,0.172,time,96
2023-02-22 06:25:00,2023-02-22 06:55:00,S,7.138,7.056115315375249,7.1707538738499,7.056115315375249,2.5,2.26,tp,6
2023-02-22 07:00:00,2023-02-22 15:00:00,S,7.077,6.999,7.171907638452302,6.8397309038692455,0.822,0.74,time,96
2023-02-22 15:05:00,2023-02-22 22:35:00,S,6.999,7.106975664056561,7.106975664056561,6.729060839858596,-1.0,-1.071,sl,90
2023-02-23 00:05:00,2023-02-23 02:35:00,L,7.189,7.305458876987606,7.1424164492049576,7.305458876987606,2.5,2.33,tp,30
2023-02-23 02:40:00,2023-02-23 10:40:00,L,7.303,7.291,7.210861175425442,7.5333470614363955,-0.13,-0.217,time,96
2023-02-23 11:25:00,2023-02-23 13:15:00,S,7.233,7.327071077224802,7.327071077224802,6.997822306937994,-1.0,-1.085,sl,22
2023-02-23 13:20:00,2023-02-23 16:50:00,L,7.323,7.161266116878393,7.161266116878393,7.72733470780402,-1.0,-1.05,sl,42
2023-02-23 16:55:00,2023-02-24 00:55:00,S,7.144,7.092,7.212147744995867,6.973630637510334,0.763,0.648,time,96
2023-02-24 04:25:00,2023-02-24 06:50:00,S,7.059,7.085261784534123,7.085261784534123,6.993345538664693,-1.0,-1.296,sl,29
2023-02-24 10:05:00,2023-02-24 15:30:00,S,6.984,6.774856368580194,7.067657452567922,6.774856368580194,2.5,2.408,tp,65
2023-02-24 15:35:00,2023-02-24 23:35:00,S,6.758,6.61,6.969251700563669,6.229870748590827,0.701,0.665,time,96
2023-02-25 05:10:00,2023-02-25 08:00:00,S,6.58,6.611982094838598,6.611982094838598,6.5000447629035065,-1.0,-1.226,sl,34
2023-02-25 10:25:00,2023-02-25 13:30:00,S,6.57,6.608025113986257,6.608025113986257,6.474937215034357,-1.0,-1.19,sl,37
2023-02-25 18:20:00,2023-02-25 20:20:00,S,6.527,6.396200408593297,6.579319836562681,6.396200408593297,2.5,2.363,tp,24
2023-02-25 20:25:00,2023-02-25 22:35:00,S,6.409,6.481593415215584,6.481593415215584,6.22751646196104,-1.0,-1.097,sl,26
2023-02-26 06:15:00,2023-02-26 07:40:00,S,6.542,6.585868945127045,6.585868945127045,6.432327637182388,-1.0,-1.164,sl,17
2023-02-26 12:15:00,2023-02-26 14:15:00,S,6.574,6.60694978325091,6.60694978325091,6.491625541872725,-1.0,-1.219,sl,24
2023-02-26 18:05:00,2023-02-27 02:05:00,L,6.611,6.686,6.557921578193124,6.743696054517189,1.413,1.276,time,96
2023-02-27 02:10:00,2023-02-27 04:25:00,L,6.686,6.639934925153571,6.639934925153571,6.801162687116072,-1.0,-1.16,sl,27
2023-02-27 04:30:00,2023-02-27 12:30:00,S,6.635,6.587,6.695810687443087,6.482973281392281,0.789,0.669,time,96
2023-02-27 13:15:00,2023-02-27 18:10:00,L,6.63,6.570513735955401,6.570513735955401,6.778715660111498,-1.0,-1.123,sl,59
2023-02-27 18:15:00,2023-02-28 02:15:00,S,6.587,6.541,6.629703604764576,6.480240988088559,1.077,0.908,time,96
2023-02-28 06:05:00,2023-02-28 07:50:00,S,6.535,6.45701415373378,6.566194338506488,6.45701415373378,2.5,2.27,tp,21
2023-02-28 07:55:00,2023-02-28 15:55:00,S,6.463,6.479,6.539700341421736,6.27124914644566,-0.209,-0.301,time,96
2023-02-28 19:30:00,2023-03-01 03:15:00,S,6.372,6.479087798976592,6.479087798976592,6.1042805025585185,-1.0,-1.065,sl,93
2023-03-01 03:20:00,2023-03-01 11:20:00,L,6.48,6.544,6.410458086795257,6.653854783011858,0.92,0.818,time,96
2023-03-01 14:50:00,2023-03-01 16:10:00,L,6.57,6.478810590618952,6.478810590618952,6.797973523452621,-1.0,-1.079,sl,16
2023-03-01 16:20:00,2023-03-01 23:55:00,S,6.465,6.539116550486122,6.539116550486122,6.2797086237846935,-1.0,-1.096,sl,91
2023-03-02 00:00:00,2023-03-02 01:00:00,L,6.535,6.474917926046081,6.474917926046081,6.685205184884797,-1.0,-1.12,sl,12
2023-03-02 01:30:00,2023-03-02 09:30:00,S,6.453,6.388,6.529318506984193,6.262203732539518,0.852,0.759,time,96
2023-03-02 10:50:00,2023-03-02 14:15:00,S,6.347,6.228728253239206,6.394308698704318,6.228728253239206,2.5,2.352,tp,41
2023-03-02 14:20:00,2023-03-02 22:20:00,S,6.239,6.311,6.344637924956081,5.974905187609797,-0.682,-0.747,time,96
2023-03-03 01:25:00,2023-03-03 09:25:00,S,6.142,6.063,6.335762865498573,5.657592836253569,0.408,0.373,time,96
2023-03-03 18:45:00,2023-03-04 02:45:00,S,6.041,5.985,6.076155718710388,5.953110703224031,1.593,1.404,time,96
2023-03-04 02:50:00,2023-03-04 10:50:00,S,5.985,6.01,6.030795210352625,5.87051197411844,-0.546,-0.69,time,96
2023-03-04 16:05:00,2023-03-04 20:10:00,S,5.959,5.839289561223878,6.006884175510448,5.839289561223878,2.5,2.363,tp,49
2023-03-04 20:15:00,2023-03-05 01:15:00,S,5.841,5.960767126345589,5.960767126345589,5.541582184136029,-1.0,-1.054,sl,60
2023-03-05 06:20:00,2023-03-05 09:50:00,S,5.973,5.993643907365585,5.993643907365585,5.921390231586037,-1.0,-1.318,sl,42
2023-03-05 12:20:00,2023-03-05 18:00:00,L,6.021,5.993259168331671,5.993259168331671,6.090352079170821,-1.0,-1.239,sl,68
2023-03-05 18:05:00,2023-03-05 21:10:00,S,5.995,6.02963733914287,6.02963733914287,5.9084066521428245,-1.0,-1.19,sl,37
2023-03-05 21:20:00,2023-03-05 21:35:00,L,6.028,6.007951311767593,6.007951311767593,6.078121720581015,-1.0,-1.331,sl,3
2023-03-05 23:05:00,2023-03-06 07:05:00,S,5.972,5.916,6.022697219291811,5.845256951770473,1.105,0.975,time,96
2023-03-06 12:10:00,2023-03-06 13:30:00,S,5.908,5.9568363018022135,5.9568363018022135,5.785909245494468,-1.0,-1.133,sl,16
2023-03-06 13:55:00,2023-03-06 20:55:00,L,5.961,5.927796095639933,5.927796095639933,6.044009760900169,-1.0,-1.197,sl,84
2023-03-06 21:00:00,2023-03-07 01:20:00,S,5.91,5.973213981301528,5.973213981301528,5.75196504674618,-1.0,-1.103,sl,52
2023-03-07 03:00:00,2023-03-07 03:30:00,L,5.988,5.9636325324667725,5.9636325324667725,6.04891866883307,-1.0,-1.27,sl,6
2023-03-07 04:40:00,2023-03-07 09:35:00,S,5.944,5.894620427965253,5.963751828813899,5.894620427965253,2.5,2.169,tp,59
2023-03-07 09:40:00,2023-03-07 15:00:00,S,5.887,5.769110194239515,5.9341559223041935,5.769110194239515,2.5,2.363,tp,64
2023-03-07 15:05:00,2023-03-07 15:20:00,S,5.79,5.856420522301961,5.856420522301961,5.623948694245098,-1.0,-1.096,sl,3
2023-03-07 21:10:00,2023-03-07 23:10:00,S,5.768,5.814489177914641,5.814489177914641,5.651777055213396,-1.0,-1.136,sl,24
2023-03-08 03:15:00,2023-03-08 05:35:00,S,5.833,5.740532629192096,5.869986948323162,5.740532629192096,2.5,2.327,tp,28
2023-03-08 05:40:00,2023-03-08 13:40:00,S,5.722,5.677,5.835006421116666,5.439483947208337,0.398,0.343,time,96
2023-03-08 13:50:00,2023-03-08 16:05:00,S,5.641,5.696668767259881,5.696668767259881,5.501828081850297,-1.0,-1.111,sl,27
2023-03-08 22:10:00,2023-03-09 06:10:00,S,5.628,5.642,5.7525060937596315,5.316734765600922,-0.112,-0.162,time,96
2023-03-09 07:30:00,2023-03-09 11:15:00,S,5.619,5.666030385833654,5.666030385833654,5.501424035415864,-1.0,-1.131,sl,45
2023-03-09 13:45:00,2023-03-09 18:30:00,L,5.7,5.66126359315321,5.66126359315321,5.796841017116975,-1.0,-1.162,sl,57
2023-03-09 18:35:00,2023-03-09 20:45:00,S,5.614,5.345669059799837,5.721332376080065,5.345669059799837,2.5,2.442,tp,26
2023-03-09 20:50:00,2023-03-10 04:50:00,S,5.328,5.368,5.5218839787154534,4.843290053211367,-0.206,-0.237,time,96
2023-03-10 08:15:00,2023-03-10 13:40:00,S,5.351,5.43692917291628,5.43692917291628,5.136177067709301,-1.0,-1.068,sl,65
2023-03-10 21:30:00,2023-03-10 22:10:00,S,5.456,5.531715316365157,5.531715316365157,5.266711709087108,-1.0,-1.079,sl,8
2023-03-10 22:45:00,2023-03-11 06:45:00,L,5.535,5.527,5.439679321919233,5.773301695201917,-0.084,-0.148,time,96
2023-03-11 07:15:00,2023-03-11 07:40:00,S,5.492,5.319547029188943,5.560981188324423,5.319547029188943,2.5,2.412,tp,5
2023-03-11 07:45:00,2023-03-11 15:45:00,S,5.315,5.248,5.536381254534762,4.7615468636630975,0.303,0.276,time,96
2023-03-11 15:50:00,2023-03-11 17:40:00,S,5.248,5.329703589954299,5.329703589954299,5.043741025114253,-1.0,-1.071,sl,22
2023-03-11 23:55:00,2023-03-12 07:55:00,L,5.466,5.451,5.399502697904846,5.632243255237886,-0.226,-0.316,time,96
2023-03-12 09:45:00,2023-03-12 12:00:00,L,5.499,5.45318363323814,5.45318363323814,5.613540916904649,-1.0,-1.132,sl,27
2023-03-12 14:00:00,2023-03-12 17:25:00,S,5.403,5.467529492110469,5.467529492110469,5.241676269723827,-1.0,-1.092,sl,41
2023-03-12 17:30:00,2023-03-12 23:45:00,L,5.526,5.885116398297734,5.382353440680906,5.885116398297734,2.5,2.458,tp,75
2023-03-12 23:50:00,2023-03-13 07:50:00,L,5.865,5.897,5.757948878614644,6.132627803463391,0.299,0.239,time,96
2023-03-13 13:20:00,2023-03-13 21:20:00,L,5.822,6.091,5.698979052893685,6.129552367765789,2.187,2.135,time,96
2023-03-14 05:15:00,2023-03-14 05:25:00,L,6.18,6.092179288658929,6.092179288658929,6.399551778352675,-1.0,-1.077,sl,2
2023-03-14 12:45:00,2023-03-14 20:45:00,L,6.286,6.248,6.056029646948647,6.860925882628381,-0.165,-0.195,time,96
2023-03-15 01:35:00,2023-03-15 09:35:00,L,6.325,6.255,6.140244655189501,6.786888362026248,-0.379,-0.417,time,96
2023-03-15 14:40:00,2023-03-15 22:40:00,S,6.078,5.851,6.220905440539194,5.720736398652017,1.588,1.542,time,96
2023-03-16 01:00:00,2023-03-16 02:50:00,S,5.815,5.920897315930921,5.920897315930921,5.5502567101727,-1.0,-1.06,sl,22
2023-03-16 10:50:00,2023-03-16 12:45:00,L,6.076,5.97928062322494,5.97928062322494,6.317798441937648,-1.0,-1.069,sl,23
2023-03-16 13:00:00,2023-03-16 14:45:00,S,5.973,6.0810522159731635,6.0810522159731635,5.702869460067091,-1.0,-1.061,sl,21
2023-03-16 14:50:00,2023-03-16 22:50:00,L,6.069,6.067,5.974923922964017,6.304190192589958,-0.021,-0.092,time,96
2023-03-16 23:45:00,2023-03-17 00:25:00,L,6.101,6.061731774793093,6.061731774793093,6.199170563017268,-1.0,-1.171,sl,8
2023-03-17 01:30:00,2023-03-17 09:30:00,L,6.111,6.304,6.021788600268376,6.334028499329058,2.163,2.088,time,96
2023-03-17 09:55:00,2023-03-17 11:35:00,L,6.333,6.497390788653339,6.2672436845386645,6.497390788653339,2.5,2.394,tp,20
2023-03-17 11:40:00,2023-03-17 14:25:00,L,6.496,6.39858448065198,6.39858448065198,6.739538798370051,-1.0,-1.073,sl,33
2023-03-17 18:05:00,2023-03-17 22:45:00,L,6.398,6.555392071109969,6.335043171556012,6.555392071109969,2.5,2.388,tp,56
2023-03-17 22:50:00,2023-03-18 06:50:00,L,6.574,6.603,6.360138072765072,7.108654818087318,0.136,0.102,time,96
2023-03-18 08:05:00,2023-03-18 08:10:00,L,6.65,6.583192957970252,6.583192957970252,6.817017605074371,-1.0,-1.109,sl,1
2023-03-18 22:15:00,2023-03-19 03:50:00,S,6.408,6.464391023842917,6.464391023842917,6.267022440392709,-1.0,-1.125,sl,67
2023-03-19 03:55:00,2023-03-19 05:45:00,L,6.468,6.417911038091606,6.417911038091606,6.5932224047709855,-1.0,-1.142,sl,22
2023-03-19 06:50:00,2023-03-19 11:50:00,S,6.388,6.4404381465494485,6.4404381465494485,6.2569046336263785,-1.0,-1.134,sl,60
2023-03-19 12:20:00,2023-03-19 20:20:00,L,6.444,6.521,6.368846506008754,6.631883734978116,1.025,0.93,time,96
2023-03-20 00:10:00,2023-03-20 04:00:00,S,6.453,6.235779771613539,6.539888091354585,6.235779771613539,2.5,2.418,tp,46
2023-03-20 04:05:00,2023-03-20 07:45:00,S,6.275,6.421789297107422,6.421789297107422,5.908026757231447,-1.0,-1.047,sl,44
2023-03-20 07:50:00,2023-03-20 15:50:00,L,6.404,6.365,6.272795672906245,6.732010817734388,-0.297,-0.351,time,96
2023-03-20 16:45:00,2023-03-21 00:45:00,S,6.266,6.173,6.376124223085936,5.990689442285159,0.845,0.782,time,96
2023-03-21 07:10:00,2023-03-21 10:20:00,S,6.063,6.1591189177937,6.1591189177937,5.8227027055157485,-1.0,-1.069,sl,38
2023-03-21 12:40:00,2023-03-21 14:00:00,L,6.179,6.344069948850696,6.112972020459722,6.344069948850696,2.5,2.397,tp,16
2023-03-21 18:15:00,2023-03-21 19:55:00,S,6.178,6.28866000194727,6.28866000194727,5.901349995131825,-1.0,-1.061,sl,20
2023-03-21 20:05:00,2023-03-22 04:05:00,L,6.303,6.315,6.162651527946566,6.653871180133585,0.086,0.036,time,96
2023-03-22 06:00:00,2023-03-22 07:30:00,L,6.36,6.304843447853207,6.304843447853207,6.497891380366983,-1.0,-1.127,sl,18
2023-03-22 08:30:00,2023-03-22 14:45:00,S,6.269,6.337026923926952,6.337026923926952,6.098932690182622,-1.0,-1.101,sl,75
2023-03-22 14:50:00,2023-03-22 16:10:00,L,6.343,6.2606630583055365,6.2606630583055365,6.548842354236159,-1.0,-1.085,sl,16
2023-03-22 16:15:00,2023-03-23 00:15:00,S,6.243,6.059,6.388282720516538,5.879793198708656,1.266,1.219,time,96
2023-03-23 11:15:00,2023-03-23 14:55:00,S,6.148,6.195038682009397,6.195038682009397,6.030403294976507,-1.0,-1.144,sl,44
2023-03-23 15:00:00,2023-03-23 23:00:00,L,6.242,6.298,6.089216159863064,6.62395960034234,0.367,0.322,time,96
2023-03-23 23:55:00,2023-03-24 04:00:00,L,6.322,6.280022245634178,6.280022245634178,6.426944385914556,-1.0,-1.166,sl,49
2023-03-24 06:15:00,2023-03-24 08:30:00,L,6.312,6.265102208512301,6.265102208512301,6.429244478719248,-1.0,-1.148,sl,27
2023-03-24 08:35:00,2023-03-24 11:45:00,S,6.25,6.0505294437416834,6.329788222503327,6.0505294437416834,2.5,2.414,tp,38
2023-03-24 11:50:00,2023-03-24 12:20:00,S,6.054,6.16653818495322,6.16653818495322,5.772654537616951,-1.0,-1.059,sl,6
2023-03-24 15:10:00,2023-03-24 23:10:00,S,6.055,6.02,6.160816113530252,5.790459716174368,0.331,0.268,time,96
2023-03-25 05:40:00,2023-03-25 13:40:00,S,6.031,6.025,6.06481909390402,5.94645226523995,0.177,-0.019,time,96
2023-03-25 17:30:00,2023-03-25 19:45:00,S,5.974,5.837972576735072,6.0284109693059715,5.837972576735072,2.5,2.379,tp,27
2023-03-25 19:50:00,2023-03-26 01:30:00,S,5.841,5.961687082402731,5.961687082402731,5.539282293993173,-1.0,-1.053,sl,68
2023-03-26 08:40:00,2023-03-26 16:40:00,L,6.026,6.002,5.982758112185961,6.134104719535095,-0.555,-0.708,time,96
2023-03-26 16:45:00,2023-03-26 22:10:00,S,6.002,6.040118520005515,6.040118520005515,5.906703699986212,-1.0,-1.173,sl,65
2023-03-26 22:15:00,2023-03-27 01:40:00,L,6.04,5.992139594822487,5.992139594822487,6.159651012943782,-1.0,-1.139,sl,41
2023-03-27 01:45:00,2023-03-27 09:45:00,S,6.002,5.983,6.0473318666633675,5.88867033334158,0.419,0.273,time,96
2023-03-27 11:15:00,2023-03-27 13:40:00,L,6.005,6.082405624214449,5.974037750314221,6.082405624214449,2.5,2.287,tp,29
2023-03-27 13:45:00,2023-03-27 14:20:00,L,6.088,6.012701007592267,6.012701007592267,6.2762474810193325,-1.0,-1.089,sl,7
2023-03-27 14:25:00,2023-03-27 22:25:00,S,5.983,5.849,6.11541924877607,5.6519518780598235,1.012,0.962,time,96
2023-03-28 01:05:00,2023-03-28 01:35:00,S,5.811,5.88054330986203,5.88054330986203,5.637141725344925,-1.0,-1.092,sl,6
2023-03-28 10:45:00,2023-03-28 11:15:00,S,5.831,5.864340981603434,5.864340981603434,5.747647545991415,-1.0,-1.192,sl,6
2023-03-28 12:05:00,2023-03-28 20:05:00,L,5.925,6.08,5.833464523281856,6.153838691795359,1.693,1.622,time,96
2023-03-29 02:25:00,2023-03-29 06:25:00,L,6.117,6.230162518909989,6.071734992436005,6.230162518909989,2.5,2.351,tp,48
2023-03-29 06:30:00,2023-03-29 14:30:00,L,6.244,6.188,6.15300287235658,6.4714928191085495,-0.615,-0.691,time,96
2023-03-29 20:00:00,2023-03-29 21:05:00,L,6.203,6.169006671129865,6.169006671129865,6.2879833221753385,-1.0,-1.201,sl,13
2023-03-30 02:25:00,2023-03-30 03:05:00,L,6.229,6.139035204208794,6.139035204208794,6.453911989478016,-1.0,-1.076,sl,8
2023-03-30 15:50:00,2023-03-30 23:50:00,S,6.106,6.115,6.161486978739657,5.967282553150856,-0.162,-0.283,time,96
2023-03-31 00:05:00,2023-03-31 08:05:00,L,6.132,6.223,6.066007620224072,6.296980949439819,1.379,1.277,time,96
2023-03-31 12:40:00,2023-03-31 20:40:00,L,6.226,6.321,6.161236352738986,6.3879091181525345,1.467,1.361,time,96
2023-04-01 00:10:00,2023-04-01 01:10:00,L,6.368,6.328112660197429,6.328112660197429,6.467718349506429,-1.0,-1.176,sl,12
2023-04-01 10:55:00,2023-04-01 12:00:00,L,6.281,6.254197835387566,6.254197835387566,6.348005411531084,-1.0,-1.258,sl,13
2023-04-01 14:25:00,2023-04-01 20:15:00,S,6.248,6.30522611193907,6.30522611193907,6.104934720152326,-1.0,-1.12,sl,70
2023-04-01 20:20:00,2023-04-02 04:20:00,L,6.306,6.419,6.254888397554066,6.433779006114834,2.211,2.075,time,96
2023-04-02 05:30:00,2023-04-02 07:25:00,L,6.426,6.39664028792466,6.39664028792466,6.499399280188351,-1.0,-1.241,sl,23
2023-04-02 13:35:00,2023-04-02 15:00:00,L,6.364,6.299293321031484,6.299293321031484,6.5257666974212905,-1.0,-1.108,sl,17
2023-04-02 19:35:00,2023-04-03 03:35:00,S,6.246,6.172,6.320645534655099,6.059386163362255,0.991,0.899,time,96
2023-04-03 08:05:00,2023-04-03 16:05:00,L,6.284,6.337,6.201747982450109,6.489630043874727,0.644,0.56,time,96
2023-04-03 17:40:00,2023-04-03 20:15:00,L,6.369,6.27983863628506,6.27983863628506,6.591903409287349,-1.0,-1.079,sl,31
2023-04-03 20:20:00,2023-04-04 04:20:00,S,6.311,6.411,6.500962402108128,5.836093994729681,-0.526,-0.563,time,96
2023-04-04 08:30:00,2023-04-04 16:30:00,L,6.444,6.439,6.399809215518951,6.554476961202621,-0.113,-0.274,time,96
2023-04-04 19:25:00,2023-04-04 21:35:00,L,6.492,6.464048684137316,6.464048684137316,6.561878289656711,-1.0,-1.255,sl,26
2023-04-05 00:35:00,2023-04-05 08:35:00,L,6.508,6.549,6.3947578588363285,6.791105352909179,0.362,0.299,time,96
2023-04-05 08:40:00,2023-04-05 09:25:00,L,6.549,6.513885461645648,6.513885461645648,6.636786345885881,-1.0,-1.205,sl,9
2023-04-05 14:05:00,2023-04-05 22:05:00,S,6.42,6.388,6.498042298682409,6.224894253293977,0.41,0.32,time,96
2023-04-06 00:45:00,2023-04-06 08:45:00,S,6.356,6.328,6.413614326991662,6.211964182520845,0.486,0.365,time,96
2023-04-06 10:05:00,2023-04-06 12:20:00,S,6.269,6.332242072550045,6.332242072550045,6.110894818624888,-1.0,-1.109,sl,27
2023-04-06 18:40:00,2023-04-07 02:30:00,S,6.324,6.2392358861480925,6.357905645540763,6.2392358861480925,2.5,2.295,tp,94
2023-04-07 02:35:00,2023-04-07 10:35:00,S,6.24,6.202,6.3092273945608035,6.066931513597992,0.549,0.45,time,96
2023-04-08 00:45:00,2023-04-08 05:45:00,S,6.121,6.18623390315013,6.18623390315013,5.957915242124676,-1.0,-1.103,sl,60
2023-04-08 09:05:00,2023-04-08 14:05:00,S,6.184,6.210749952872262,6.210749952872262,6.117125117819346,-1.0,-1.254,sl,60
2023-04-08 16:30:00,2023-04-08 18:50:00,S,6.184,6.099774899372503,6.217690040250999,6.099774899372503,2.5,2.298,tp,28
2023-04-08 18:55:00,2023-04-09 01:10:00,S,6.116,6.173557882509406,6.173557882509406,5.972105293726484,-1.0,-1.117,sl,75
2023-04-09 01:15:00,2023-04-09 06:00:00,L,6.176,6.13431956787108,6.13431956787108,6.280201080322302,-1.0,-1.163,sl,57
2023-04-09 06:05:00,2023-04-09 14:05:00,S,6.126,6.136,6.1943130568073,5.95521735798175,-0.146,-0.245,time,96
2023-04-09 19:05:00,2023-04-10 01:40:00,L,6.178,6.11273958147502,6.11273958147502,6.341151046312451,-1.0,-1.104,sl,79
2023-04-10 01:45:00,2023-04-10 09:45:00,S,6.127,6.171,6.210425836465508,5.9184354088362285,-0.527,-0.608,time,96
2023-04-10 12:35:00,2023-04-10 16:50:00,S,6.142,6.176808335768944,6.176808335768944,6.054979160577642,-1.0,-1.194,sl,51
2023-04-10 16:55:00,2023-04-11 00:55:00,L,6.182,6.308,6.116501083409791,6.345747291475525,1.924,1.82,time,96
2023-04-11 01:55:00,2023-04-11 07:15:00,L,6.315,6.423474100997902,6.27161035960084,6.423474100997902,2.5,2.34,tp,64
2023-04-11 07:20:00,2023-04-11 15:20:00,L,6.416,6.448,6.341525701682391,6.602185745794023,0.43,0.335,time,96
2023-04-11 19:20:00,2023-04-11 19:40:00,L,6.476,6.43856748147416,6.43856748147416,6.5695812963146,-1.0,-1.19,sl,4
2023-04-12 00:25:00,2023-04-12 00:55:00,L,6.459,6.397684050965436,6.397684050965436,6.612289872586408,-1.0,-1.116,sl,6
2023-04-12 02:05:00,2023-04-12 10:05:00,S,6.319,6.265,6.4202267094577525,6.065933226355618,0.533,0.465,time,96
2023-04-12 12:35:00,2023-04-12 20:35:00,L,6.366,6.38,6.249606877462381,6.656982806344047,0.12,0.06,time,96
2023-04-13 04:05:00,2023-04-13 09:05:00,L,6.404,6.468773346762664,6.378090661294935,6.468773346762664,2.5,2.228,tp,60
2023-04-13 09:10:00,2023-04-13 17:10:00,L,6.465,6.572,6.390363846268303,6.651590384329241,1.434,1.338,time,96
2023-04-13 17:20:00,2023-04-14 00:35:00,L,6.574,6.679295264333174,6.53188189426673,6.679295264333174,2.5,2.328,tp,87
2023-04-14 00:40:00,2023-04-14 08:40:00,L,6.759,6.735,6.610185800202793,7.131035499493018,-0.161,-0.211,time,96
2023-04-14 15:05:00,2023-04-14 19:30:00,S,6.585,6.728196916066418,6.728196916066418,6.227007709833956,-1.0,-1.051,sl,53
2023-04-14 19:35:00,2023-04-15 00:40:00,L,6.733,6.67041437754388,6.67041437754388,6.8894640561403,-1.0,-1.118,sl,61
2023-04-15 05:05:00,2023-04-15 13:05:00,L,6.692,6.805,6.638069871398971,6.826825321502572,2.095,1.959,time,96
2023-04-15 13:10:00,2023-04-15 13:30:00,L,6.805,6.753860157050297,6.753860157050297,6.932849607374257,-1.0,-1.146,sl,4
2023-04-15 17:00:00,2023-04-15 19:45:00,L,6.829,6.759201925665005,6.759201925665005,7.003495185837487,-1.0,-1.108,sl,33
2023-04-15 23:30:00,2023-04-16 01:05:00,L,6.815,6.773146365707625,6.773146365707625,6.919634085730939,-1.0,-1.179,sl,19
2023-04-16 05:35:00,2023-04-16 09:05:00,L,6.808,6.76117475405707,6.76117475405707,6.925063114857325,-1.0,-1.16,sl,42
2023-04-16 10:05:00,2023-04-16 17:00:00,S,6.733,6.795123352490511,6.795123352490511,6.577691618773722,-1.0,-1.119,sl,83
2023-04-16 18:45:00,2023-04-16 20:00:00,L,6.799,6.7621424351100154,6.7621424351100154,6.891143912224963,-1.0,-1.203,sl,15
2023-04-17 00:25:00,2023-04-17 08:25:00,S,6.777,6.724,6.853034864267144,6.58691283933214,0.697,0.599,time,96
2023-04-17 09:55:00,2023-04-17 12:10:00,S,6.678,6.737131911910046,6.737131911910046,6.5301702202248855,-1.0,-1.124,sl,27
2023-04-17 20:35:00,2023-04-17 22:40:00,S,6.688,6.723917447237688,6.723917447237688,6.598206381905779,-1.0,-1.205,sl,25
2023-04-17 22:55:00,2023-04-18 00:35:00,L,6.728,6.679956002070225,6.679956002070225,6.848109994824437,-1.0,-1.154,sl,20
2023-04-18 00:40:00,2023-04-18 03:10:00,S,6.658,6.716738102011999,6.716738102011999,6.511154744970003,-1.0,-1.125,sl,30
2023-04-18 04:40:00,2023-04-18 08:00:00,L,6.743,6.8408205417554715,6.703871783297812,6.8408205417554715,2.5,2.31,tp,40
2023-04-18 08:05:00,2023-04-18 12:20:00,L,6.847,6.972311751415887,6.796875299433646,6.972311751415887,2.5,2.35,tp,51
2023-04-18 12:25:00,2023-04-18 13:20:00,L,6.978,6.922472411193025,6.922472411193025,7.116818972017436,-1.0,-1.138,sl,11
2023-04-19 05:25:00,2023-04-19 06:15:00,L,6.88,6.846026720494669,6.846026720494669,6.964933198763326,-1.0,-1.223,sl,10
2023-04-19 06:20:00,2023-04-19 08:10:00,S,6.837,6.680225549636985,6.899709780145206,6.680225549636985,2.5,2.38,tp,22
2023-04-19 08:15:00,2023-04-19 16:15:00,S,6.627,6.489,6.838492510701431,6.098268723246422,0.653,0.618,time,96
2023-04-19 21:10:00,2023-04-20 01:35:00,S,6.364,6.422610502352772,6.422610502352772,6.2174737441180685,-1.0,-1.119,sl,53
2023-04-20 03:10:00,2023-04-20 04:30:00,S,6.31,6.405998591596524,6.405998591596524,6.0700035210086885,-1.0,-1.072,sl,16
2023-04-20 11:10:00,2023-04-20 15:55:00,S,6.369,6.236044307612762,6.422182276954895,6.236044307612762,2.5,2.368,tp,57
2023-04-20 16:00:00,2023-04-21 00:00:00,S,6.237,6.121,6.346101873990538,5.964245315023656,1.063,1.0,time,96
2023-04-21 06:00:00,2023-04-21 06:50:00,S,6.087,6.001683251980447,6.121126699207821,6.001683251980447,2.5,2.304,tp,10
2023-04-21 06:55:00,2023-04-21 07:55:00,S,6.02,6.113554568438732,6.113554568438732,5.7861135789031675,-1.0,-1.071,sl,12
2023-04-21 11:00:00,2023-04-21 17:25:00,S,6.052,5.92622224520122,6.102311101919511,5.92622224520122,2.5,2.368,tp,77
2023-04-21 17:30:00,2023-04-22 01:30:00,S,5.949,5.836,6.023277774611379,5.763305563471553,1.521,1.433,time,96
2023-04-22 08:50:00,2023-04-22 11:40:00,S,5.884,5.9050358718850475,5.9050358718850475,5.831410320287382,-1.0,-1.308,sl,34
2023-04-22 21:05:00,2023-04-22 22:05:00,S,5.93,5.952762148215226,5.952762148215226,5.873094629461935,-1.0,-1.287,sl,12
2023-04-23 00:35:00,2023-04-23 07:35:00,S,5.848,5.951654456207237,5.951654456207237,5.588863859481908,-1.0,-1.062,sl,84
2023-04-23 10:35:00,2023-04-23 12:20:00,S,5.919,5.959863660670641,5.959863660670641,5.8168408483233955,-1.0,-1.159,sl,21
2023-04-23 15:05:00,2023-04-23 23:05:00,S,5.886,5.898,5.9556811380045165,5.711797154988709,-0.172,-0.265,time,96
2023-04-24 01:00:00,2023-04-24 09:00:00,L,5.96,5.901,5.853912166241441,6.225219584396397,-0.556,-0.618,time,96
2023-04-24 11:10:00,2023-04-24 14:35:00,L,5.941,5.917994711441534,5.917994711441534,5.998513221396164,-1.0,-1.284,sl,41
2023-04-24 14:40:00,2023-04-24 22:40:00,S,5.912,5.887,5.989724960156927,5.717687599607682,0.322,0.238,time,96
2023-04-25 02:55:00,2023-04-25 04:30:00,S,5.861,5.889918823277617,5.889918823277617,5.788702941805956,-1.0,-1.223,sl,19
2023-04-25 07:35:00,2023-04-25 13:25:00,S,5.845,5.880202068357251,5.880202068357251,5.756994829106871,-1.0,-1.183,sl,70
2023-04-25 14:40:00,2023-04-25 18:15:00,S,5.818,5.878554829576435,5.878554829576435,5.66661292605891,-1.0,-1.106,sl,43
2023-04-25 20:10:00,2023-04-26 04:10:00,L,5.89,6.006,5.811401595288137,6.086496011779657,1.476,1.393,time,96
2023-04-26 04:25:00,2023-04-26 11:00:00,L,6.013,6.119603194265604,5.970358722293758,6.119603194265604,2.5,2.345,tp,79
2023-04-26 11:05:00,2023-04-26 19:05:00,L,6.114,6.115,6.0666367529515695,6.232408117621076,0.021,-0.121,time,96
2023-04-26 19:10:00,2023-04-26 19:30:00,S,6.115,6.002103588819146,6.160158564472342,6.002103588819146,2.5,2.351,tp,4
2023-04-26 19:35:00,2023-04-27 03:35:00,S,5.964,5.922,6.162114575379265,5.468713561551839,0.212,0.179,time,96
2023-04-27 06:55:00,2023-04-27 14:55:00,S,5.867,5.905,5.952178235338329,5.654054411654177,-0.446,-0.522,time,96
2023-04-27 15:25:00,2023-04-27 15:45:00,L,5.978,5.897033217340441,5.897033217340441,6.180416956648896,-1.0,-1.081,sl,4
2023-04-27 18:20:00,2023-04-27 22:50:00,L,5.998,5.941400863302909,5.941400863302909,6.139497841742728,-1.0,-1.117,sl,54
2023-04-28 02:20:00,2023-04-28 10:20:00,S,5.926,5.875,5.964976283284757,5.828559291788109,1.308,1.141,time,96
2023-04-28 11:50:00,2023-04-28 12:30:00,S,5.847,5.891858681750885,5.891858681750885,5.734853295622789,-1.0,-1.143,sl,8
2023-04-28 13:45:00,2023-04-28 15:45:00,S,5.798,5.865152542430696,5.865152542430696,5.63011864392326,-1.0,-1.095,sl,24
2023-04-28 16:10:00,2023-04-29 00:10:00,L,5.887,5.933,5.806721908153898,6.087695229615253,0.573,0.492,time,96
2023-04-29 02:05:00,2023-04-29 10:05:00,L,5.951,5.973,5.919428774526769,6.0299280636830765,0.697,0.489,time,96
2023-04-29 10:10:00,2023-04-29 17:30:00,L,5.973,5.941388107072133,5.941388107072133,6.052029732319666,-1.0,-1.208,sl,88
2023-04-29 19:30:00,2023-04-30 00:50:00,L,6.016,5.9741896985804,5.9741896985804,6.120525753549001,-1.0,-1.158,sl,64
2023-04-30 01:50:00,2023-04-30 05:55:00,S,5.983,6.007844517507942,6.007844517507942,5.920888706230144,-1.0,-1.265,sl,49
2023-04-30 06:00:00,2023-04-30 14:00:00,L,6.008,5.993,5.980462128614066,6.076844678464834,-0.545,-0.785,time,96
2023-04-30 15:05:00,2023-04-30 19:15:00,L,6.049,5.978844878278067,5.978844878278067,6.224387804304834,-1.0,-1.095,sl,50
2023-04-30 19:20:00,2023-05-01 03:20:00,S,5.936,5.822,6.036959646840638,5.6836008828984035,1.129,1.064,time,96
2023-05-01 05:45:00,2023-05-01 09:20:00,S,5.828,5.855188187151877,5.855188187151877,5.760029532120308,-1.0,-1.236,sl,43
2023-05-01 11:15:00,2023-05-01 14:00:00,S,5.817,5.755270367586501,5.8416918529654,5.755270367586501,2.5,2.241,tp,33
2023-05-01 14:05:00,2023-05-01 16:10:00,S,5.785,5.705474299232738,5.816810280306905,5.705474299232738,2.5,2.3,tp,25
2023-05-01 16:15:00,2023-05-02 00:15:00,S,5.692,5.642,5.784084133228364,5.461789666929089,0.543,0.475,time,96
2023-05-02 10:30:00,2023-05-02 12:40:00,S,5.648,5.682871980837031,5.682871980837031,5.560820047907422,-1.0,-1.178,sl,26
2023-05-02 14:05:00,2023-05-02 14:25:00,S,5.635,5.694577136491149,5.694577136491149,5.486057158772127,-1.0,-1.104,sl,4
2023-05-03 00:40:00,2023-05-03 08:40:00,S,5.681,5.683,5.714038183172622,5.598404542068444,-0.061,-0.25,time,96
2023-05-03 11:45:00,2023-05-03 12:40:00,S,5.654,5.557062576325022,5.692774969469991,5.557062576325022,2.5,2.34,tp,11
2023-05-03 12:45:00,2023-05-03 17:40:00,S,5.571,5.663603886746482,5.663603886746482,5.339490283133795,-1.0,-1.066,sl,59
2023-05-03 21:35:00,2023-05-04 05:35:00,L,5.749,5.769,5.637021043672022,6.028947390819943,0.179,0.122,time,96
2023-05-04 10:35:00,2023-05-04 12:35:00,L,5.765,5.732208590618075,5.732208590618075,5.84697852345481,-1.0,-1.193,sl,24
2023-05-04 12:40:00,2023-05-04 18:15:00,S,5.723,5.642974690891262,5.755010123643495,5.642974690891262,2.5,2.303,tp,67
2023-05-04 18:20:00,2023-05-05 00:30:00,S,5.651,5.694075563103496,5.694075563103496,5.543311092241259,-1.0,-1.144,sl,74
2023-05-05 00:35:00,2023-05-05 08:35:00,L,5.698,5.784,5.655356342605177,5.804609143487058,2.017,1.87,time,96
2023-05-05 13:30:00,2023-05-05 21:30:00,L,5.78,5.865,5.651169345411544,6.102076636471141,0.66,0.61,time,96
2023-05-06 00:40:00,2023-05-06 01:45:00,L,5.888,5.831408880776252,5.831408880776252,6.029477798059371,-1.0,-1.114,sl,13
2023-05-06 06:05:00,2023-05-06 14:05:00,S,5.772,5.652259095604551,5.81989636175818,5.652259095604551,2.5,2.367,tp,96
2023-05-06 14:10:00,2023-05-06 22:10:00,S,5.624,5.651,5.722831443765323,5.37692139058669,-0.273,-0.336,time,96
2023-05-07 02:55:00,2023-05-07 06:40:00,S,5.608,5.6490877570306886,5.6490877570306886,5.505280607423277,-1.0,-1.15,sl,45
2023-05-07 09:25:00,2023-05-07 09:30:00,S,5.634,5.65476308155285,5.65476308155285,5.582092296117876,-1.0,-1.298,sl,1
2023-05-07 23:55:00,2023-05-08 01:40:00,S,5.611,5.426703452761368,5.684718618895452,5.426703452761368,2.5,2.416,tp,21
2023-05-08 01:45:00,2023-05-08 09:45:00,S,5.413,5.413,5.6479338502317455,4.8256653744206375,-0.0,-0.025,time,96
2023-05-08 17:40:00,2023-05-08 18:00:00,S,5.348,5.175259043054277,5.417096382778289,5.175259043054277,2.5,2.415,tp,4
2023-05-08 18:05:00,2023-05-09 01:05:00,S,5.21,5.405491965433283,5.405491965433283,4.7212700864167925,-1.0,-1.029,sl,84
2023-05-09 02:20:00,2023-05-09 10:20:00,S,5.341,5.342,5.400045103271256,5.193387241821861,-0.017,-0.116,time,96
2023-05-09 20:45:00,2023-05-10 00:15:00,S,5.291,5.334759976279313,5.334759976279313,5.181600059301718,-1.0,-1.133,sl,42
2023-05-10 06:05:00,2023-05-10 12:30:00,S,5.323,5.365264000848617,5.365264000848617,5.217339997878459,-1.0,-1.139,sl,77
2023-05-10 12:50:00,2023-05-10 17:15:00,L,5.442,5.302403300229518,5.302403300229518,5.790991749426206,-1.0,-1.043,sl,53
2023-05-10 17:20:00,2023-05-10 20:50:00,S,5.304,5.501531828547886,5.501531828547886,4.810170428630285,-1.0,-1.03,sl,42
2023-05-10 20:55:00,2023-05-11 00:30:00,L,5.51,5.427411816047088,5.427411816047088,5.716470459882279,-1.0,-1.073,sl,43
2023-05-11 03:05:00,2023-05-11 05:20:00,S,5.419,5.373183066391089,5.437326773443564,5.373183066391089,2.5,2.175,tp,27
2023-05-11 05:25:00,2023-05-11 06:55:00,S,5.389,5.4069090049676785,5.4069090049676785,5.344227487580804,-1.0,-1.331,sl,18
2023-05-11 07:00:00,2023-05-11 08:00:00,L,5.407,5.3680168093485845,5.3680168093485845,5.504457976628538,-1.0,-1.153,sl,12
2023-05-11 08:05:00,2023-05-11 16:05:00,S,5.398,5.305,5.464155631881818,5.232610920295454,1.406,1.316,time,96
2023-05-11 17:20:00,2023-05-12 01:20:00,S,5.25,5.279,5.3168414553839725,5.082896361540069,-0.434,-0.52,time,96
2023-05-12 02:35:00,2023-05-12 10:35:00,S,5.216,5.233,5.273328193338034,5.072679516654916,-0.297,-0.397,time,96
2023-05-12 15:30:00,2023-05-12 20:50:00,S,5.21,5.268464901537588,5.268464901537588,5.063837746156029,-1.0,-1.098,sl,64
2023-05-12 21:05:00,2023-05-13 05:05:00,L,5.283,5.35,5.23037826229868,5.414554344253302,1.273,1.163,time,96
2023-05-13 07:40:00,2023-05-13 13:35:00,L,5.369,5.3484534401870585,5.3484534401870585,5.420366399532353,-1.0,-1.287,sl,71
2023-05-13 18:50:00,2023-05-13 18:55:00,L,5.375,5.322821105040207,5.322821105040207,5.5054472373994825,-1.0,-1.113,sl,1
2023-05-13 23:00:00,2023-05-13 23:45:00,L,5.362,5.344482807324971,5.344482807324971,5.405792981687574,-1.0,-1.337,sl,9
2023-05-14 03:30:00,2023-05-14 11:30:00,L,5.368,5.369,5.333412949066004,5.454467627334992,0.029,-0.142,time,96
2023-05-14 13:00:00,2023-05-14 15:25:00,L,5.373,5.442428061593732,5.345228775362507,5.442428061593732,2.5,2.287,tp,29
2023-05-14 15:30:00,2023-05-14 17:55:00,L,5.439,5.360425542318663,5.360425542318663,5.635436144203343,-1.0,-1.076,sl,29
2023-05-14 18:05:00,2023-05-15 00:15:00,S,5.36,5.3028413331098045,5.382863466756079,5.3028413331098045,2.5,2.242,tp,74
2023-05-15 00:40:00,2023-05-15 01:35:00,S,5.298,5.359721597238564,5.359721597238564,5.143696006903591,-1.0,-1.094,sl,11
2023-05-15 01:40:00,2023-05-15 09:40:00,L,5.376,5.403,5.2541859205413575,5.6805351986466075,0.222,0.173,time,96
2023-05-15 14:55:00,2023-05-15 19:25:00,L,5.391,5.331688970239783,5.331688970239783,5.539277574400542,-1.0,-1.1,sl,54
2023-05-15 19:30:00,2023-05-16 00:50:00,S,5.349,5.283741506829463,5.375103397268215,5.283741506829463,2.5,2.275,tp,64
2023-05-16 00:55:00,2023-05-16 08:55:00,S,5.3,5.293,5.335508222629468,5.21122944342633,0.197,0.033,time,96
2023-05-16 10:25:00,2023-05-16 18:25:00,S,5.269,5.283,5.307849813671359,5.1718754658216035,-0.36,-0.51,time,96
2023-05-16 20:00:00,2023-05-16 21:35:00,S,5.257,5.290768560827452,5.290768560827452,5.172578597931369,-1.0,-1.171,sl,19
2023-05-17 00:55:00,2023-05-17 08:00:00,L,5.314,5.274891516079294,5.274891516079294,5.411771209801765,-1.0,-1.149,sl,85
2023-05-17 08:05:00,2023-05-17 16:05:00,S,5.276,5.254,5.343508616022898,5.107228459942753,0.326,0.24,time,96
2023-05-17 18:05:00,2023-05-18 02:05:00,L,5.319,5.408,5.261675203078555,5.462311992303611,1.553,1.45,time,96
2023-05-18 03:05:00,2023-05-18 11:05:00,L,5.425,5.434,5.3924313614227595,5.506421596443101,0.276,0.093,time,96
2023-05-18 17:50:00,2023-05-19 01:50:00,S,5.314,5.342,5.389436306200967,5.1254092344975835,-0.371,-0.449,time,96
2023-05-19 05:05:00,2023-05-19 09:20:00,L,5.368,5.342359147475178,5.342359147475178,5.432102131312057,-1.0,-1.23,sl,51
2023-05-19 14:05:00,2023-05-19 15:15:00,S,5.329,5.352765630623887,5.352765630623887,5.269585923440282,-1.0,-1.247,sl,14
2023-05-19 15:20:00,2023-05-19 15:30:00,L,5.367,5.317599374659545,5.317599374659545,5.490501563351138,-1.0,-1.12,sl,2
2023-05-19 19:40:00,2023-05-19 21:10:00,S,5.327,5.36586054501871,5.36586054501871,5.229848637453225,-1.0,-1.151,sl,18
2023-05-19 21:15:00,2023-05-20 00:35:00,L,5.373,5.344366689573763,5.344366689573763,5.444583276065592,-1.0,-1.206,sl,40
2023-05-20 00:40:00,2023-05-20 03:15:00,S,5.334,5.379952223257234,5.379952223257234,5.219119441856913,-1.0,-1.128,sl,31
2023-05-20 03:20:00,2023-05-20 04:15:00,L,5.374,5.360472181357087,5.360472181357087,5.40781954660728,-1.0,-1.437,sl,11
2023-05-20 05:10:00,2023-05-20 07:30:00,S,5.35,5.371450538425068,5.371450538425068,5.296373653937328,-1.0,-1.274,sl,28
2023-05-20 07:35:00,2023-05-20 10:00:00,L,5.362,5.4032302449859415,5.3455079020056235,5.4032302449859415,2.5,2.142,tp,29
2023-05-20 10:05:00,2023-05-20 18:05:00,L,5.397,5.434,5.3733779501541505,5.4560551246146245,1.566,1.315,time,96
2023-05-20 18:15:00,2023-05-20 19:00:00,L,5.443,5.407292828286274,5.407292828286274,5.532267929284313,-1.0,-1.168,sl,9
2023-05-21 08:05:00,2023-05-21 10:45:00,S,5.38,5.3540340024186985,5.39038639903252,5.3540340024186985,2.5,1.93,tp,32
2023-05-21 10:50:00,2023-05-21 15:40:00,S,5.351,5.284676776877527,5.377529289248989,5.284676776877527,2.5,2.278,tp,58
2023-05-21 15:45:00,2023-05-21 23:45:00,S,5.273,5.27,5.341340211423464,5.102149471441338,0.044,-0.041,time,96
2023-05-22 00:35:00,2023-05-22 06:20:00,S,5.246,5.291156461207516,5.291156461207516,5.133108846981212,-1.0,-1.128,sl,69
2023-05-22 10:05:00,2023-05-22 12:40:00,L,5.332,5.2961916746948825,5.2961916746948825,5.421520813262793,-1.0,-1.164,sl,31
2023-05-22 12:45:00,2023-05-22 13:40:00,S,5.296,5.322601313302774,5.322601313302774,5.229496716743067,-1.0,-1.219,sl,11
2023-05-22 14:10:00,2023-05-22 22:10:00,S,5.289,5.313,5.335373944228247,5.173065139429381,-0.518,-0.643,time,96
2023-05-23 01:30:00,2023-05-23 03:25:00,L,5.327,5.426900983171109,5.287039606731557,5.426900983171109,2.5,2.353,tp,23
2023-05-23 03:30:00,2023-05-23 11:30:00,L,5.43,5.379,5.337708563126543,5.660728592183641,-0.553,-0.617,time,96
2023-05-23 14:35:00,2023-05-23 22:35:00,L,5.388,5.398,5.34927654808904,5.484808629777401,0.258,0.105,time,96
2023-05-24 03:25:00,2023-05-24 03:30:00,S,5.366,5.31618065617068,5.385927737531728,5.31618065617068,2.5,2.204,tp,1
2023-05-24 03:35:00,2023-05-24 11:35:00,S,5.323,5.281,5.386392833968276,5.164517915079312,0.663,0.57,time,96
2023-05-24 13:45:00,2023-05-24 13:50:00,S,5.273,5.196118967414439,5.303752413034224,5.196118967414439,2.5,2.311,tp,1
2023-05-24 13:55:00,2023-05-24 21:55:00,S,5.227,5.252,5.304736701345706,5.0326582466357355,-0.322,-0.396,time,96
2023-05-25 00:35:00,2023-05-25 08:35:00,S,5.228,5.256,5.270005106055235,5.122987234861911,-0.667,-0.803,time,96
2023-05-25 15:45:00,2023-05-25 19:10:00,S,5.237,5.274876416117562,5.274876416117562,5.142308959706096,-1.0,-1.152,sl,41
2023-05-26 01:35:00,2023-05-26 09:35:00,S,5.226,5.237,5.24987222695463,5.166319432613425,-0.461,-0.702,time,96
2023-05-26 11:45:00,2023-05-26 12:30:00,S,5.215,5.233341265788992,5.233341265788992,5.16914683552752,-1.0,-1.313,sl,9
2023-05-26 14:25:00,2023-05-26 17:40:00,L,5.246,5.218254871348369,5.218254871348369,5.315362821629078,-1.0,-1.208,sl,39
2023-05-26 17:45:00,2023-05-26 18:35:00,S,5.216,5.248588620735826,5.248588620735826,5.134528448160435,-1.0,-1.176,sl,10
2023-05-26 19:50:00,2023-05-26 20:05:00,L,5.257,5.245579614819575,5.245579614819575,5.285550962951062,-1.0,-1.506,sl,3
2023-05-27 00:05:00,2023-05-27 02:55:00,S,5.233,5.248401991269798,5.248401991269798,5.194495021825503,-1.0,-1.374,sl,34
2023-05-27 03:00:00,2023-05-27 11:00:00,L,5.252,5.279,5.231659574346702,5.302851064133243,1.327,1.043,time,96
2023-05-27 12:25:00,2023-05-27 13:55:00,L,5.288,5.27464808555493,5.27464808555493,5.321379786112676,-1.0,-1.436,sl,18
2023-05-27 14:10:00,2023-05-27 22:10:00,L,5.301,5.323,5.249841691877239,5.428895770306903,0.43,0.316,time,96
2023-05-27 22:35:00,2023-05-28 00:15:00,L,5.334,5.31566168786974,5.31566168786974,5.379845780325648,-1.0,-1.32,sl,20
2023-05-28 00:45:00,2023-05-28 08:45:00,L,5.351,5.368,5.3130867991606285,5.445783002098429,0.448,0.293,time,96
2023-05-28 10:50:00,2023-05-28 18:20:00,L,5.382,5.435788885873944,5.360484445650422,5.435788885873944,2.5,2.225,tp,90
2023-05-28 18:25:00,2023-05-29 02:25:00,L,5.44,5.495,5.374058763108924,5.604853092227691,0.834,0.743,time,96
2023-05-29 07:00:00,2023-05-29 07:00:00,L,5.5,5.487610525454032,5.487610525454032,5.530973686364919,-1.0,-1.488,sl,0
2023-05-29 11:45:00,2023-05-29 14:35:00,L,5.484,5.446514952758892,5.446514952758892,5.577712618102771,-1.0,-1.161,sl,34
2023-05-29 18:50:00,2023-05-29 19:55:00,L,5.47,5.449494117196225,5.449494117196225,5.521264707009437,-1.0,-1.293,sl,13
2023-05-30 08:35:00,2023-05-30 14:00:00,L,5.476,5.449329691012886,5.449329691012886,5.542675772467786,-1.0,-1.226,sl,65
2023-05-30 14:05:00,2023-05-30 22:05:00,S,5.458,5.438,5.484989517215767,5.390526206960583,0.741,0.519,time,96
2023-05-31 02:10:00,2023-05-31 10:10:00,S,5.409,5.316,5.4601302757740555,5.281174310564861,1.819,1.703,time,96
2023-05-31 10:45:00,2023-05-31 18:45:00,S,5.306,5.305,5.330521767287508,5.2446955817812295,0.041,-0.197,time,96
2023-06-01 00:40:00,2023-06-01 03:00:00,S,5.298,5.212723895745434,5.332110441701826,5.212723895745434,2.5,2.329,tp,28
2023-06-01 03:05:00,2023-06-01 11:05:00,S,5.21,5.227,5.292479066424218,5.003802333939454,-0.206,-0.276,time,96
2023-06-01 12:15:00,2023-06-01 12:30:00,S,5.218,5.2294519590755275,5.2294519590755275,5.189370102311181,-1.0,-1.501,sl,3
2023-06-01 23:35:00,2023-06-02 00:55:00,S,5.199,5.218616351312414,5.218616351312414,5.149959121718965,-1.0,-1.292,sl,16
2023-06-02 05:25:00,2023-06-02 12:30:00,L,5.282,5.245230453884512,5.245230453884512,5.373923865288721,-1.0,-1.158,sl,85
2023-06-02 12:35:00,2023-06-02 20:00:00,S,5.252,5.280012469923567,5.280012469923567,5.181968825191082,-1.0,-1.206,sl,89
2023-06-02 20:05:00,2023-06-03 01:35:00,L,5.276,5.238263563225088,5.238263563225088,5.37034109193728,-1.0,-1.154,sl,66
2023-06-03 01:40:00,2023-06-03 06:35:00,S,5.246,5.267674915834521,5.267674915834521,5.1918127104137,-1.0,-1.266,sl,59
2023-06-03 07:10:00,2023-06-03 12:50:00,L,5.269,5.2973832004666885,5.257646719813325,5.2973832004666885,2.5,1.989,tp,68
2023-06-03 12:55:00,2023-06-03 13:20:00,L,5.3,5.28263687751835,5.28263687751835,5.343407806204125,-1.0,-1.336,sl,5
2023-06-03 16:30:00,2023-06-03 17:35:00,L,5.295,5.272367803127782,5.272367803127782,5.3515804921805445,-1.0,-1.257,sl,13
2023-06-03 18:10:00,2023-06-03 22:45:00,S,5.263,5.293758171675931,5.293758171675931,5.186104570810173,-1.0,-1.188,sl,55
2023-06-03 22:50:00,2023-06-03 23:55:00,L,5.294,5.335030250306534,5.2775878998773855,5.335030250306534,2.5,2.145,tp,13
2023-06-04 00:00:00,2023-06-04 08:00:00,L,5.339,5.354,5.294218727193971,5.450953182015075,0.335,0.204,time,96
2023-06-04 08:35:00,2023-06-04 11:45:00,L,5.358,5.345522052059359,5.345522052059359,5.3891948698516,-1.0,-1.472,sl,38
2023-06-04 18:40:00,2023-06-04 23:45:00,L,5.34,5.320628806379802,5.320628806379802,5.3884279840504945,-1.0,-1.303,sl,61
2023-06-04 23:50:00,2023-06-05 07:50:00,S,5.315,5.29,5.373132292341776,5.169669269145562,0.43,0.329,time,96
2023-06-05 08:05:00,2023-06-05 15:00:00,L,5.302,5.257394535930987,5.257394535930987,5.41351366017253,-1.0,-1.131,sl,83
2023-06-05 15:20:00,2023-06-05 16:00:00,S,5.208,5.003170216689977,5.2899319133240095,5.003170216689977,2.5,2.43,tp,8
2023-06-05 16:05:00,2023-06-06 00:05:00,S,4.888,5.057,5.290706638001309,3.8812334049967276,-0.42,-0.433,time,96
2023-06-06 01:40:00,2023-06-06 03:30:00,S,5.039,5.074825096494636,5.074825096494636,4.949437258763409,-1.0,-1.155,sl,22
2023-06-06 11:45:00,2023-06-06 13:15:00,S,5.058,4.986681571692436,5.086527371323025,4.986681571692436,2.5,2.305,tp,18
2023-06-06 13:20:00,2023-06-06 14:00:00,S,4.991,5.066665807127464,5.066665807127464,4.801835482181339,-1.0,-1.073,sl,8
2023-06-06 18:20:00,2023-06-07 02:20:00,L,5.151,5.143,5.101785730248682,5.274035674378293,-0.163,-0.278,time,96
2023-06-07 04:30:00,2023-06-07 09:45:00,L,5.179,5.130296972991804,5.130296972991804,5.300757567520491,-1.0,-1.117,sl,63
2023-06-07 09:50:00,2023-06-07 16:25:00,S,5.134,5.003645316410642,5.186141873435743,5.003645316410642,2.5,2.392,tp,79
2023-06-07 16:30:00,2023-06-08 00:30:00,S,5.007,5.031,5.086925720309641,4.8071856992258954,-0.3,-0.369,time,96
2023-06-08 03:10:00,2023-06-08 11:10:00,S,5.009,5.019,5.043715697135677,4.9222107571608085,-0.288,-0.447,time,96
2023-06-08 16:50:00,2023-06-09 00:50:00,S,4.991,5.003,5.054202937741944,4.832992655645139,-0.19,-0.277,time,96
2023-06-09 00:55:00,2023-06-09 08:55:00,S,5.003,5.006,5.02568755420344,4.9462811144914,-0.132,-0.375,time,96
2023-06-09 12:05:00,2023-06-09 17:10:00,L,5.03,5.005402519103973,5.005402519103973,5.091493702240068,-1.0,-1.225,sl,61
2023-06-09 17:15:00,2023-06-10 01:00:00,S,5.008,4.913046666989061,5.0459813332043755,4.913046666989061,2.5,2.355,tp,93
2023-06-10 01:05:00,2023-06-10 04:15:00,S,4.929,4.7876525456476156,4.985538981740954,4.7876525456476156,2.5,2.404,tp,38
2023-06-10 04:20:00,2023-06-10 04:20:00,S,4.772,4.5081945236797445,4.8775221905281025,4.5081945236797445,2.5,2.45,tp,0
2023-06-10 04:25:00,2023-06-10 12:25:00,S,4.185,4.446,4.882145898457689,2.442135253855776,-0.374,-0.381,time,96
2023-06-10 16:05:00,2023-06-10 17:05:00,S,4.41,4.451282422011173,4.451282422011173,4.306793944972069,-1.0,-1.118,sl,12
2023-06-11 00:45:00,2023-06-11 08:45:00,S,4.467,4.428,4.534207404644853,4.2989814883878665,0.58,0.507,time,96
2023-06-11 08:50:00,2023-06-11 09:25:00,S,4.428,4.454805714475994,4.454805714475994,4.360985713810014,-1.0,-1.182,sl,7
2023-06-11 13:50:00,2023-06-11 16:20:00,S,4.457,4.481897532068644,4.481897532068644,4.394756169828389,-1.0,-1.197,sl,30
2023-06-11 22:45:00,2023-06-12 06:45:00,S,4.475,4.498,4.540680163696781,4.310799590758047,-0.35,-0.425,time,96
2023-06-12 13:40:00,2023-06-12 14:15:00,S,4.494,4.527934532747108,4.527934532747108,4.40916366813223,-1.0,-1.146,sl,7
2023-06-12 17:10:00,2023-06-12 17:40:00,S,4.491,4.51389436043974,4.51389436043974,4.4337640989006495,-1.0,-1.216,sl,6
2023-06-13 01:45:00,2023-06-13 09:45:00,L,4.546,4.618,4.492870776203899,4.678823059490252,1.355,1.261,time,96
2023-06-13 11:20:00,2023-06-13 12:55:00,L,4.651,4.618054822801841,4.618054822801841,4.733362942995397,-1.0,-1.155,sl,19
2023-06-13 15:20:00,2023-06-13 20:35:00,S,4.579,4.617437118703036,4.617437118703036,4.48290720324241,-1.0,-1.131,sl,63
2023-06-14 00:15:00,2023-06-14 07:20:00,L,4.628,4.603551648515546,4.603551648515546,4.689120878711137,-1.0,-1.208,sl,85
2023-06-14 09:35:00,2023-06-14 12:15:00,L,4.638,4.689078548509404,4.617568580596238,4.689078548509404,2.5,2.25,tp,32
2023-06-14 12:20:00,2023-06-14 18:00:00,L,4.69,4.781739742516583,4.653304102993367,4.781739742516583,2.5,2.359,tp,68
2023-06-14 18:05:00,2023-06-14 18:05:00,L,4.736,4.70187381677939,4.70187381677939,4.821315458051524,-1.0,-1.153,sl,0
2023-06-14 18:40:00,2023-06-14 20:05:00,L,4.78,4.683653860979743,4.683653860979743,5.020865347550643,-1.0,-1.055,sl,17
2023-06-14 20:10:00,2023-06-15 04:10:00,S,4.632,4.603,4.799196519374915,4.214008701562712,0.173,0.143,time,96
2023-06-15 04:55:00,2023-06-15 07:05:00,S,4.563,4.435979390176984,4.613808243929206,4.435979390176984,2.5,2.401,tp,26
2023-06-15 07:10:00,2023-06-15 15:10:00,S,4.419,4.343,4.547777676063479,4.097055809841301,0.59,0.552,time,96
2023-06-15 16:45:00,2023-06-15 18:50:00,S,4.324,4.354883717501054,4.354883717501054,4.2467907062473635,-1.0,-1.154,sl,25
2023-06-16 00:05:00,2023-06-16 03:50:00,S,4.361,4.382748995242001,4.382748995242001,4.306627511894996,-1.0,-1.221,sl,45
2023-06-16 10:15:00,2023-06-16 11:25:00,S,4.367,4.318113417918804,4.386554632832478,4.318113417918804,2.5,2.254,tp,14
2023-06-16 11:30:00,2023-06-16 12:20:00,S,4.322,4.372348107261183,4.372348107261183,4.196129731847043,-1.0,-1.094,sl,10
2023-06-16 14:50:00,2023-06-16 14:55:00,S,4.305,4.348467595904992,4.348467595904992,4.196331010237518,-1.0,-1.109,sl,1
2023-06-16 21:45:00,2023-06-17 02:40:00,S,4.381,4.421773360158294,4.421773360158294,4.279066599604265,-1.0,-1.118,sl,59
2023-06-17 04:30:00,2023-06-17 05:40:00,L,4.433,4.492007056361276,4.40939717745549,4.492007056361276,2.5,2.293,tp,14
2023-06-17 05:45:00,2023-06-17 13:45:00,L,4.499,4.541,4.4255490108647,4.682627472838248,0.572,0.504,time,96
2023-06-17 16:00:00,2023-06-18 00:00:00,L,4.548,4.523,4.486026895824079,4.702932760439803,-0.403,-0.484,time,96
2023-06-18 03:40:00,2023-06-18 06:00:00,L,4.527,4.509632817263584,4.509632817263584,4.570417956841041,-1.0,-1.287,sl,28
2023-06-18 07:20:00,2023-06-18 09:45:00,L,4.551,4.630093307209057,4.519362677116377,4.630093307209057,2.5,2.342,tp,29
2023-06-18 09:50:00,2023-06-18 17:50:00,L,4.62,4.59,4.550913827543112,4.792715431142221,-0.434,-0.508,time,96
2023-06-18 19:55:00,2023-06-18 20:10:00,L,4.602,4.571349811695885,4.571349811695885,4.678625470760288,-1.0,-1.165,sl,3
2023-06-19 01:55:00,2023-06-19 09:55:00,L,4.559,4.533,4.504381859364226,4.695545351589434,-0.476,-0.568,time,96
2023-06-19 10:10:00,2023-06-19 15:05:00,S,4.521,4.467074750638066,4.542570099744774,4.467074750638066,2.5,2.269,tp,59
2023-06-19 15:10:00,2023-06-19 18:10:00,S,4.461,4.525138865000449,4.525138865000449,4.300652837498879,-1.0,-1.077,sl,36
2023-06-19 19:05:00,2023-06-20 01:05:00,S,4.454,4.546088774099362,4.546088774099362,4.2237780647515955,-1.0,-1.053,sl,72
2023-06-20 04:05:00,2023-06-20 12:05:00,S,4.494,4.486,4.524426872204365,4.417932819489087,0.263,0.1,time,96
2023-06-20 14:10:00,2023-06-20 17:05:00,S,4.412,4.468453877251481,4.468453877251481,4.270865306871299,-1.0,-1.086,sl,35
2023-06-20 17:10:00,2023-06-20 20:45:00,L,4.477,4.663671252702022,4.4023314989191915,4.663671252702022,2.5,2.434,tp,43
2023-06-20 20:50:00,2023-06-21 04:50:00,L,4.663,4.7,4.605521967796833,4.806695080507918,0.644,0.554,time,96
2023-06-21 06:00:00,2023-06-21 06:35:00,L,4.751,4.698979792393424,4.698979792393424,4.881050519016441,-1.0,-1.1,sl,7
2023-06-21 13:50:00,2023-06-21 16:25:00,L,4.708,4.826149982579556,4.660740006968178,4.826149982579556,2.5,2.39,tp,31
2023-06-21 16:30:00,2023-06-22 00:30:00,L,4.827,4.859,4.704445282813755,5.133386792965611,0.261,0.218,time,96
2023-06-22 00:35:00,2023-06-22 08:35:00,L,4.859,4.909,4.803738385786058,4.997154035534854,0.905,0.808,time,96
2023-06-22 09:15:00,2023-06-22 11:05:00,L,4.914,4.886826104815945,4.886826104815945,4.9819347379601355,-1.0,-1.199,sl,22
2023-06-22 17:55:00,2023-06-22 20:35:00,L,4.883,4.8247970770479,4.8247970770479,5.02850730738025,-1.0,-1.092,sl,32
2023-06-23 00:45:00,2023-06-23 08:45:00,L,4.865,4.893,4.816161548112837,4.987096129717909,0.573,0.464,time,96
2023-06-23 10:25:00,2023-06-23 15:15:00,L,4.911,5.0494344923932175,4.855626203042712,5.0494344923932175,2.5,2.402,tp,58
2023-06-23 15:20:00,2023-06-23 23:20:00,L,5.051,5.093,4.909555007064364,5.40461248233909,0.297,0.258,time,96
2023-06-24 12:30:00,2023-06-24 13:05:00,L,5.062,5.025389337462542,5.025389337462542,5.1535266563436455,-1.0,-1.152,sl,7
2023-06-25 00:15:00,2023-06-25 04:00:00,L,5.031,5.135894456284577,4.989042217486169,5.135894456284577,2.5,2.368,tp,45
2023-06-25 04:05:00,2023-06-25 12:05:00,L,5.144,5.187,5.065796815160408,5.339507962098979,0.55,0.477,time,96
2023-06-25 20:35:00,2023-06-26 01:10:00,L,5.157,5.092791817287958,5.092791817287958,5.317520456780104,-1.0,-1.088,sl,55
2023-06-26 03:55:00,2023-06-26 05:15:00,L,5.184,5.126762827061299,5.126762827061299,5.327092932346753,-1.0,-1.1,sl,16
2023-06-26 08:15:00,2023-06-26 10:05:00,L,5.196,5.140445878020654,5.140445878020654,5.334885304948363,-1.0,-1.103,sl,22
2023-06-26 13:50:00,2023-06-26 14:40:00,L,5.206,5.1534494553021855,5.1534494553021855,5.337376361744537,-1.0,-1.109,sl,10
2023-06-26 20:45:00,2023-06-27 04:45:00,S,5.088,5.089,5.148185296095913,4.937536759760218,-0.017,-0.11,time,96
2023-06-27 05:45:00,2023-06-27 07:20:00,S,5.06,5.095841754604935,5.095841754604935,4.970395613487661,-1.0,-1.155,sl,19
2023-06-27 10:15:00,2023-06-27 15:40:00,L,5.105,5.052702115605624,5.052702115605624,5.2357447109859425,-1.0,-1.107,sl,65
2023-06-27 15:45:00,2023-06-27 16:55:00,S,5.054,5.110613230886057,5.110613230886057,4.9124669227848585,-1.0,-1.098,sl,14
2023-06-27 23:05:00,2023-06-28 07:05:00,S,5.089,5.037,5.125843430739177,4.996891423152058,1.411,1.259,time,96
2023-06-28 07:10:00,2023-06-28 15:10:00,S,5.037,4.999,5.08521157598691,4.916471060032725,0.788,0.673,time,96
2023-06-28 17:05:00,2023-06-28 19:25:00,S,4.965,4.854845593125681,5.009061762749727,4.854845593125681,2.5,2.376,tp,28
2023-06-28 19:30:00,2023-06-29 03:30:00,S,4.859,4.926,4.945892808601306,4.641767978496736,-0.771,-0.833,time,96
2023-06-29 11:05:00,2023-06-29 14:00:00,L,4.97,5.06629715381946,4.931481138472216,5.06629715381946,2.5,2.358,tp,35
2023-06-29 14:05:00,2023-06-29 20:20:00,L,5.092,4.945030781558681,4.945030781558681,5.459423046103296,-1.0,-1.038,sl,75
2023-06-29 20:25:00,2023-06-29 23:30:00,S,4.927,4.991600636689373,4.991600636689373,4.7654984082765655,-1.0,-1.084,sl,37
2023-06-30 01:00:00,2023-06-30 02:35:00,S,4.942,4.990310703686315,4.990310703686315,4.821223240784214,-1.0,-1.113,sl,19
2023-06-30 02:40:00,2023-06-30 10:40:00,L,4.998,5.157,4.914296704008573,5.207258239978567,1.9,1.834,time,96
2023-06-30 10:50:00,2023-06-30 13:35:00,L,5.172,5.10210827394961,5.10210827394961,5.346729315125974,-1.0,-1.081,sl,33
2023-06-30 13:45:00,2023-06-30 21:45:00,S,5.0,5.147,5.201739623649758,4.4956509408756045,-0.729,-0.756,time,96
2023-07-01 08:15:00,2023-07-01 12:20:00,L,5.235,5.347736550724802,5.18990537971008,5.347736550724802,2.5,2.372,tp,49
2023-07-01 12:30:00,2023-07-01 16:45:00,L,5.359,5.269283273984222,5.269283273984222,5.583291815039446,-1.0,-1.066,sl,51
2023-07-01 19:05:00,2023-07-02 03:05:00,L,5.313,5.284,5.243761487834541,5.486096280413647,-0.419,-0.503,time,96
2023-07-02 11:45:00,2023-07-02 15:05:00,L,5.277,5.3765633315275,5.2371746673890005,5.3765633315275,2.5,2.354,tp,40
2023-07-02 15:10:00,2023-07-02 15:20:00,L,5.358,5.2575829845651185,5.2575829845651185,5.609042538587202,-1.0,-1.059,sl,2
2023-07-02 19:15:00,2023-07-02 21:00:00,L,5.396,5.4745337237995635,5.364586510480175,5.4745337237995635,2.5,2.311,tp,21
2023-07-02 21:05:00,2023-07-03 05:05:00,L,5.462,5.505,5.3739863642119285,5.682034089470178,0.489,0.42,time,96
2023-07-03 15:05:00,2023-07-03 17:05:00,L,5.491,5.415099736398496,5.415099736398496,5.68075065900376,-1.0,-1.08,sl,24
2023-07-03 19:35:00,2023-07-03 21:15:00,L,5.475,5.407555281334861,5.407555281334861,5.643611796662848,-1.0,-1.089,sl,20
2023-07-04 00:35:00,2023-07-04 08:35:00,L,5.432,5.443,5.395982981633469,5.52204254591633,0.305,0.14,time,96
2023-07-04 08:50:00,2023-07-04 10:25:00,S,5.42,5.464174850686787,5.464174850686787,5.309562873283033,-1.0,-1.135,sl,19
2023-07-04 11:20:00,2023-07-04 15:35:00,L,5.486,5.435906231127584,5.435906231127584,5.61123442218104,-1.0,-1.12,sl,51
2023-07-04 16:05:00,2023-07-05 00:05:00,S,5.416,5.357,5.4915627308357395,5.227093172910653,0.781,0.702,time,96
2023-07-05 05:40:00,2023-07-05 08:15:00,S,5.339,5.284663809000005,5.3607344763999984,5.284663809000005,2.5,2.23,tp,31
2023-07-05 08:20:00,2023-07-05 15:30:00,S,5.295,5.136249587826724,5.3585001648693105,5.136249587826724,2.5,2.408,tp,86
2023-07-05 15:35:00,2023-07-05 17:05:00,S,5.135,5.217070257449571,5.217070257449571,4.929824356376073,-1.0,-1.069,sl,18
2023-07-05 19:55:00,2023-07-06 03:55:00,S,5.189,5.198,5.235060571760205,5.073848570599488,-0.195,-0.319,time,96
2023-07-06 08:45:00,2023-07-06 11:50:00,L,5.292,5.2559502594041545,5.2559502594041545,5.3821243514896135,-1.0,-1.161,sl,37
2023-07-06 11:55:00,2023-07-06 19:55:00,S,5.234,5.097,5.314563715712763,5.032590710718091,1.701,1.629,time,96
2023-07-06 20:40:00,2023-07-06 23:55:00,S,5.085,5.007148742361638,5.116140503055345,5.007148742361638,2.5,2.32,tp,39
2023-07-07 00:00:00,2023-07-07 02:20:00,S,5.008,5.069589623677926,5.069589623677926,4.854025940805185,-1.0,-1.089,sl,28
2023-07-07 16:55:00,2023-07-08 00:55:00,S,5.12,5.136,5.153005637754709,5.037485905613228,-0.485,-0.655,time,96
2023-07-08 01:05:00,2023-07-08 09:05:00,L,5.141,5.178,5.100124009486116,5.24318997628471,0.905,0.767,time,96
2023-07-08 09:20:00,2023-07-08 11:20:00,L,5.177,5.148242896005611,5.148242896005611,5.248892759985972,-1.0,-1.198,sl,24
2023-07-08 15:55:00,2023-07-08 19:15:00,S,5.149,5.096839222827979,5.1698643108688085,5.096839222827979,2.5,2.229,tp,40
2023-07-08 19:20:00,2023-07-09 00:40:00,S,5.09,5.1339153550614265,5.1339153550614265,4.980211612346434,-1.0,-1.127,sl,64
2023-07-09 07:05:00,2023-07-09 15:05:00,S,5.104,5.104,5.134600940863405,5.027497647841488,-0.0,-0.183,time,96
2023-07-09 20:35:00,2023-07-09 20:55:00,S,5.07,5.082656159191956,5.082656159191956,5.038359602020112,-1.0,-1.441,sl,4
2023-07-10 00:10:00,2023-07-10 08:10:00,S,5.033,5.038,5.097344964252024,4.872137589369942,-0.078,-0.164,time,96
2023-07-10 08:25:00,2023-07-10 09:20:00,S,5.018,5.060460138181246,5.060460138181246,4.911849654546884,-1.0,-1.13,sl,11
2023-07-10 14:35:00,2023-07-10 19:20:00,L,5.098,5.185272998386498,5.0630908006454005,5.185272998386498,2.5,2.339,tp,57
2023-07-10 19:25:00,2023-07-10 22:00:00,L,5.168,5.1178135259240545,5.1178135259240545,5.293466185189864,-1.0,-1.113,sl,31
2023-07-11 06:30:00,2023-07-11 09:10:00,L,5.146,5.121437933067705,5.121437933067705,5.207405167330737,-1.0,-1.23,sl,32
2023-07-11 10:35:00,2023-07-11 11:20:00,S,5.097,5.116766879457542,5.116766879457542,5.047582801356148,-1.0,-1.284,sl,9
2023-07-11 12:35:00,2023-07-11 20:35:00,L,5.131,5.168,5.105187451314939,5.195531371712653,1.433,1.215,time,96
2023-07-11 22:50:00,2023-07-12 02:00:00,L,5.192,5.271139653519935,5.160344138592026,5.271139653519935,2.5,2.32,tp,38
2023-07-12 02:05:00,2023-07-12 10:05:00,L,5.268,5.243,5.223901486596404,5.3782462835089895,-0.567,-0.698,time,96
2023-07-12 15:45:00,2023-07-12 23:45:00,S,5.177,5.148,5.254217402170187,4.983956494574532,0.376,0.302,time,96
2023-07-13 01:25:00,2023-07-13 06:05:00,S,5.107,5.1557159583700125,5.1557159583700125,4.9852101040749695,-1.0,-1.115,sl,56
2023-07-13 06:10:00,2023-07-13 14:10:00,L,5.157,5.228,5.11444240098983,5.263393997525425,1.668,1.535,time,96
2023-07-13 15:35:00,2023-07-13 18:05:00,L,5.292,5.487117577562325,5.21395296897507,5.487117577562325,2.5,2.425,tp,30
2023-07-13 18:10:00,2023-07-14 02:10:00,L,5.476,5.615,5.351186112881529,5.788034717796177,1.114,1.065,time,96
2023-07-14 03:55:00,2023-07-14 05:10:00,L,5.665,5.6137554783442445,5.6137554783442445,5.793111304139389,-1.0,-1.122,sl,15
2023-07-14 11:20:00,2023-07-14 16:30:00,L,5.617,5.564454234996926,5.564454234996926,5.748364412507684,-1.0,-1.118,sl,62
2023-07-14 18:25:00,2023-07-15 02:25:00,S,5.435,5.421,5.58120176143096,5.069495596422598,0.096,0.055,time,96
2023-07-15 03:30:00,2023-07-15 06:55:00,S,5.388,5.446265580489916,5.446265580489916,5.2423360487752095,-1.0,-1.102,sl,41
2023-07-15 07:10:00,2023-07-15 15:10:00,L,5.465,5.506,5.391837530459775,5.647906173850561,0.56,0.478,time,96
2023-07-15 20:15:00,2023-07-16 02:20:00,S,5.445,5.320598795932874,5.494760481626851,5.320598795932874,2.5,2.38,tp,73
2023-07-16 02:25:00,2023-07-16 10:25:00,S,5.364,5.391,5.448112854264306,5.153717864339235,-0.321,-0.391,time,96
2023-07-16 13:15:00,2023-07-16 14:30:00,S,5.367,5.405820998196555,5.405820998196555,5.269947504508613,-1.0,-1.152,sl,15
2023-07-16 18:40:00,2023-07-17 02:40:00,S,5.34,5.364,5.393115712887389,5.2072107177815266,-0.452,-0.562,time,96
2023-07-17 03:20:00,2023-07-17 09:45:00,L,5.37,5.336136931732142,5.336136931732142,5.454657670669645,-1.0,-1.174,sl,77
2023-07-17 09:50:00,2023-07-17 17:50:00,S,5.325,5.233,5.40643134461234,5.121421638469151,1.13,1.058,time,96
2023-07-18 00:05:00,2023-07-18 00:50:00,L,5.291,5.363138272952463,5.2621446908190155,5.363138272952463,2.5,2.298,tp,9
2023-07-18 00:55:00,2023-07-18 05:55:00,L,5.374,5.2894001668033,5.2894001668033,5.5854995829917495,-1.0,-1.07,sl,60
2023-07-18 06:10:00,2023-07-18 11:55:00,S,5.285,5.1774182606205414,5.328032695751784,5.1774182606205414,2.5,2.365,tp,69
2023-07-18 12:00:00,2023-07-18 20:00:00,S,5.186,5.144,5.271549603996402,4.972125990008996,0.491,0.424,time,96
2023-07-19 06:45:00,2023-07-19 14:45:00,S,5.209,5.143,5.254843532007371,5.094391169981572,1.44,1.315,time,96
2023-07-19 14:50:00,2023-07-19 19:00:00,S,5.143,5.228535140412403,5.228535140412403,4.929162148968991,-1.0,-1.066,sl,50
2023-07-19 21:05:00,2023-07-20 00:45:00,S,5.182,5.227149986855929,5.227149986855929,5.069125032860178,-1.0,-1.126,sl,44
2023-07-20 02:30:00,2023-07-20 04:25:00,L,5.264,5.226090831465656,5.226090831465656,5.358772921335862,-1.0,-1.153,sl,23
2023-07-20 05:45:00,2023-07-20 09:20:00,L,5.279,5.416595954324414,5.223961618270234,5.416595954324414,2.5,2.394,tp,43
2023-07-20 09:25:00,2023-07-20 14:35:00,L,5.416,5.329233400210876,5.329233400210876,5.6329164994728105,-1.0,-1.069,sl,62
2023-07-20 18:30:00,2023-07-20 22:10:00,S,5.263,5.323384453183509,5.323384453183509,5.1120388670412265,-1.0,-1.096,sl,44
2023-07-20 22:15:00,2023-07-21 01:05:00,L,5.326,5.4636030651661915,5.270958773933523,5.4636030651661915,2.5,2.394,tp,34
2023-07-21 01:10:00,2023-07-21 09:10:00,L,5.48,5.466,5.329163293146036,5.8570917671349125,-0.093,-0.133,time,96
2023-07-21 10:10:00,2023-07-21 18:10:00,L,5.51,5.522,5.4352131935438,5.6969670161404995,0.16,0.079,time,96
2023-07-21 18:15:00,2023-07-21 19:10:00,L,5.522,5.460672232624416,5.460672232624416,5.67531941843896,-1.0,-1.099,sl,11
2023-07-22 06:30:00,2023-07-22 14:30:00,S,5.38,5.352,5.432389280267262,5.249026799331844,0.534,0.421,time,96
2023-07-22 23:20:00,2023-07-23 02:20:00,S,5.291,5.365797259323859,5.365797259323859,5.104006851690354,-1.0,-1.078,sl,36
2023-07-23 03:05:00,2023-07-23 08:55:00,L,5.376,5.47319031425034,5.337123874299865,5.47319031425034,2.5,2.348,tp,70
2023-07-23 09:00:00,2023-07-23 11:45:00,L,5.475,5.405546041496372,5.405546041496372,5.648634896259069,-1.0,-1.087,sl,33
2023-07-23 13:15:00,2023-07-23 17:50:00,S,5.397,5.425794520423724,5.425794520423724,5.32501369894069,-1.0,-1.206,sl,55
2023-07-23 17:55:00,2023-07-23 21:35:00,L,5.426,5.394263958716098,5.394263958716098,5.505340103209756,-1.0,-1.188,sl,44
2023-07-23 21:40:00,2023-07-24 05:40:00,S,5.393,5.337,5.453975028753429,5.240562428116427,0.918,0.821,time,96
2023-07-24 08:20:00,2023-07-24 09:50:00,S,5.315,5.1798562717918735,5.369057491283251,5.1798562717918735,2.5,2.392,tp,18
2023-07-24 09:55:00,2023-07-24 17:55:00,S,5.15,5.219,5.330869165829415,4.697827085426464,-0.381,-0.413,time,96
2023-07-24 20:40:00,2023-07-24 20:50:00,S,5.197,5.2137004669655,5.2137004669655,5.155248832586249,-1.0,-1.342,sl,2
2023-07-25 00:40:00,2023-07-25 02:10:00,S,5.203,5.222907648867188,5.222907648867188,5.153230877832032,-1.0,-1.287,sl,18
2023-07-25 04:50:00,2023-07-25 09:35:00,S,5.196,5.221649567763641,5.221649567763641,5.131876080590898,-1.0,-1.223,sl,57
2023-07-25 13:15:00,2023-07-25 21:15:00,S,5.153,5.167,5.199967790235947,5.035580524410131,-0.298,-0.419,time,96
2023-07-26 01:35:00,2023-07-26 02:55:00,S,5.13,5.177181716482332,5.177181716482332,5.012045708794169,-1.0,-1.12,sl,16
2023-07-26 09:45:00,2023-07-26 12:45:00,S,5.163,5.199734380274319,5.199734380274319,5.071164049314204,-1.0,-1.155,sl,36
2023-07-26 14:05:00,2023-07-26 17:10:00,L,5.201,5.183976985488866,5.183976985488866,5.243557536277834,-1.0,-1.336,sl,37
2023-07-26 18:00:00,2023-07-26 18:00:00,S,5.186,5.217137999904836,5.217137999904836,5.108155000237909,-1.0,-1.183,sl,0
2023-07-26 18:15:00,2023-07-27 02:15:00,L,5.234,5.252,5.173162789395281,5.386093026511797,0.296,0.201,time,96
2023-07-27 03:15:00,2023-07-27 06:55:00,L,5.28,5.247269349678232,5.247269349678232,5.3618266258044205,-1.0,-1.177,sl,44
2023-07-27 08:00:00,2023-07-27 14:25:00,L,5.286,5.24338955418912,5.24338955418912,5.3925261145271985,-1.0,-1.136,sl,77
2023-07-27 14:45:00,2023-07-27 22:45:00,S,5.237,5.241,5.279909529654709,5.129726175863227,-0.093,-0.227,time,96
2023-07-28 02:35:00,2023-07-28 09:45:00,S,5.209,5.232514479471142,5.232514479471142,5.150213801322144,-1.0,-1.244,sl,86
2023-07-28 12:35:00,2023-07-28 13:20:00,L,5.234,5.219424161534534,5.219424161534534,5.270439596163664,-1.0,-1.395,sl,9
2023-07-28 14:20:00,2023-07-28 17:35:00,L,5.241,5.208395184236571,5.208395184236571,5.32251203940857,-1.0,-1.177,sl,39
2023-07-28 17:40:00,2023-07-29 01:40:00,S,5.205,5.232,5.244722294883806,5.105694262790486,-0.68,-0.824,time,96
2023-07-29 02:35:00,2023-07-29 10:35:00,L,5.243,5.239,5.220517264860405,5.299206837848989,-0.178,-0.434,time,96
2023-07-29 12:00:00,2023-07-29 12:25:00,S,5.224,5.240341419752409,5.240341419752409,5.183146450618979,-1.0,-1.352,sl,5
2023-07-29 12:30:00,2023-07-29 20:30:00,L,5.239,5.247,5.219524093600333,5.287689765999168,0.411,0.115,time,96
2023-07-30 07:25:00,2023-07-30 15:25:00,S,5.236,5.247,5.2543969360061205,5.190007659984698,-0.598,-0.911,time,96
2023-07-30 15:40:00,2023-07-30 19:00:00,L,5.256,5.214276374697725,5.214276374697725,5.360309063255688,-1.0,-1.139,sl,40
2023-07-30 19:05:00,2023-07-30 19:45:00,S,5.214,5.137853654287398,5.244458538285041,5.137853654287398,2.5,2.312,tp,8
2023-07-30 19:50:00,2023-07-31 00:40:00,S,5.146,5.22455418839039,5.22455418839039,4.949614529024025,-1.0,-1.072,sl,58
2023-07-31 00:45:00,2023-07-31 07:55:00,L,5.23,5.165903520339865,5.165903520339865,5.39024119915034,-1.0,-1.09,sl,86
2023-07-31 08:00:00,2023-07-31 16:00:00,S,5.171,5.127,5.212789379028794,5.066526552428016,1.053,0.917,time,96
2023-07-31 19:10:00,2023-07-31 19:55:00,S,5.109,5.0400656012728255,5.13657375949087,5.0400656012728255,2.5,2.296,tp,9
2023-07-31 20:00:00,2023-08-01 02:10:00,S,5.076,4.942073677719171,5.129570528912331,4.942073677719171,2.5,2.396,tp,74
2023-08-01 02:15:00,2023-08-01 10:15:00,S,5.008,5.078,5.1297407271437425,4.703648182140643,-0.575,-0.62,time,96
2023-08-01 12:00:00,2023-08-01 14:00:00,S,5.062,5.09713956910636,5.09713956910636,4.974151077234102,-1.0,-1.158,sl,24
2023-08-01 15:35:00,2023-08-01 15:55:00,S,5.075,5.0977632977121,5.0977632977121,5.018091755719751,-1.0,-1.245,sl,4
2023-08-01 18:50:00,2023-08-02 00:00:00,L,5.129,5.210886960451815,5.096245215819273,5.210886960451815,2.5,2.328,tp,62
2023-08-02 00:05:00,2023-08-02 07:40:00,L,5.21,5.139817846155056,5.139817846155056,5.38545538461236,-1.0,-1.082,sl,91
2023-08-02 07:45:00,2023-08-02 10:35:00,S,5.142,5.157496265869641,5.157496265869641,5.103259335325898,-1.0,-1.365,sl,34
2023-08-02 11:00:00,2023-08-02 13:30:00,L,5.17,5.129370555958436,5.129370555958436,5.271573610103909,-1.0,-1.14,sl,30
2023-08-02 13:35:00,2023-08-02 14:25:00,S,5.134,5.087271202145969,5.152691519141613,5.087271202145969,2.5,2.198,tp,10
2023-08-02 14:30:00,2023-08-02 22:30:00,S,5.092,5.066,5.144937711629309,4.959655720926726,0.491,0.385,time,96
2023-08-03 00:05:00,2023-08-03 00:20:00,S,5.038,5.056630341619678,5.056630341619678,4.991424145950807,-1.0,-1.297,sl,3
2023-08-03 03:05:00,2023-08-03 11:05:00,S,5.033,5.019,5.06958076293824,4.9415480926544015,0.383,0.231,time,96
2023-08-03 12:45:00,2023-08-03 14:35:00,S,5.006,5.030455407449861,5.030455407449861,4.944861481375348,-1.0,-1.225,sl,22
2023-08-03 17:50:00,2023-08-03 22:05:00,S,5.015,4.940784947446279,5.044686021021488,4.940784947446279,2.5,2.314,tp,51
2023-08-03 22:10:00,2023-08-04 06:10:00,S,4.952,5.0,5.014532277283836,4.79566930679041,-0.768,-0.855,time,96
2023-08-04 08:50:00,2023-08-04 09:30:00,S,4.982,4.999533116599248,4.999533116599248,4.938167208501881,-1.0,-1.313,sl,8
2023-08-04 17:40:00,2023-08-04 18:45:00,S,5.016,4.959917266901041,5.0384330932395835,4.959917266901041,2.5,2.254,tp,13
2023-08-04 18:50:00,2023-08-05 02:50:00,S,4.969,4.97,5.017185567399881,4.848536081500297,-0.021,-0.134,time,96
2023-08-05 04:45:00,2023-08-05 09:15:00,S,4.944,4.966451269608221,4.966451269608221,4.887871825979447,-1.0,-1.242,sl,54
2023-08-05 12:50:00,2023-08-05 13:25:00,S,4.946,4.955331151563441,4.955331151563441,4.922672121091397,-1.0,-1.583,sl,7
2023-08-05 15:35:00,2023-08-05 18:50:00,S,4.933,4.962622158846746,4.962622158846746,4.858944602883135,-1.0,-1.183,sl,39
2023-08-06 02:20:00,2023-08-06 10:20:00,L,4.993,5.0,4.9572240243054155,5.082439939236462,0.196,0.042,time,96
2023-08-06 14:10:00,2023-08-06 18:15:00,S,4.984,5.001698518348072,5.001698518348072,4.939753704129819,-1.0,-1.31,sl,49
2023-08-06 18:20:00,2023-08-06 21:05:00,L,5.002,5.037833483211811,4.987666606715275,5.037833483211811,2.5,2.116,tp,33
2023-08-06 21:10:00,2023-08-06 23:45:00,L,5.038,4.993296960647735,4.993296960647735,5.149757598380664,-1.0,-1.124,sl,31
2023-08-07 01:30:00,2023-08-07 06:35:00,L,5.04,4.985149274372399,4.985149274372399,5.177126814069002,-1.0,-1.101,sl,61
2023-08-07 06:40:00,2023-08-07 14:40:00,S,4.983,4.959,5.022723592357805,4.883691019105488,0.604,0.466,time,96
2023-08-07 15:10:00,2023-08-07 16:15:00,S,4.95,4.86484338885875,4.9840626444565,4.86484338885875,2.5,2.34,tp,13
2023-08-07 16:20:00,2023-08-07 18:20:00,S,4.87,4.95955099042061,4.95955099042061,4.646122523948476,-1.0,-1.06,sl,24
2023-08-08 05:05:00,2023-08-08 13:00:00,L,4.968,5.034088068040968,4.941564772783613,5.034088068040968,2.5,2.293,tp,95
2023-08-08 13:05:00,2023-08-08 13:50:00,L,5.038,4.999207597212451,4.999207597212451,5.134981006968873,-1.0,-1.143,sl,9
2023-08-08 16:40:00,2023-08-09 00:40:00,L,5.054,5.053,5.019114464584364,5.141213838539091,-0.029,-0.188,time,96
2023-08-09 12:40:00,2023-08-09 14:55:00,L,5.076,5.044181717378047,5.044181717378047,5.155545706554882,-1.0,-1.175,sl,27
2023-08-09 17:05:00,2023-08-10 00:00:00,S,5.032,5.057986832927682,5.057986832927682,4.967032917680795,-1.0,-1.213,sl,83
2023-08-10 00:05:00,2023-08-10 00:40:00,L,5.052,5.0425994841285116,5.0425994841285116,5.075501289678719,-1.0,-1.591,sl,7
2023-08-10 01:50:00,2023-08-10 04:05:00,L,5.062,5.041614311114941,5.041614311114941,5.112964222212648,-1.0,-1.273,sl,27
2023-08-10 06:35:00,2023-08-10 13:35:00,S,5.022,5.042425843899364,5.042425843899364,4.97093539025159,-1.0,-1.27,sl,84
2023-08-10 13:40:00,2023-08-10 14:40:00,L,5.041,5.008220236855936,5.008220236855936,5.12294940786016,-1.0,-1.169,sl,12
2023-08-10 14:45:00,2023-08-10 22:45:00,S,5.009,4.996,5.058966776321846,4.884083059195387,0.26,0.15,time,96
2023-08-11 02:50:00,2023-08-11 10:50:00,S,4.992,4.995,5.015438291583926,4.9334042710401835,-0.128,-0.362,time,96
2023-08-11 13:35:00,2023-08-11 14:10:00,S,4.987,5.0063367077984875,5.0063367077984875,4.938658230503782,-1.0,-1.284,sl,7
2023-08-11 15:20:00,2023-08-11 23:20:00,S,4.98,5.003,5.012671334643715,4.898321663390715,-0.704,-0.872,time,96
2023-08-12 00:55:00,2023-08-12 03:10:00,L,5.015,4.99768399234851,4.99768399234851,5.058290019128723,-1.0,-1.319,sl,27
2023-08-12 03:15:00,2023-08-12 07:05:00,S,4.996,5.006208680822028,5.006208680822028,4.970478297944931,-1.0,-1.538,sl,46
2023-08-12 07:10:00,2023-08-12 15:10:00,L,5.006,5.027,4.99479131847484,5.034021703812902,1.874,1.382,time,96
2023-08-12 16:10:00,2023-08-12 17:55:00,L,5.034,5.021672808634778,5.021672808634778,5.064817978413053,-1.0,-1.449,sl,21
2023-08-12 22:15:00,2023-08-13 06:15:00,L,5.033,5.027,5.018724749349403,5.068688126626494,-0.42,-0.808,time,96
2023-08-13 13:25:00,2023-08-13 16:35:00,S,5.022,5.001487421301723,5.030205031479311,5.001487421301723,2.5,1.827,tp,38
2023-08-13 16:40:00,2023-08-13 18:40:00,S,4.999,5.0244680947569815,5.0244680947569815,4.935329763107545,-1.0,-1.216,sl,24
2023-08-13 18:45:00,2023-08-13 22:15:00,L,5.027,5.007608063462002,5.007608063462002,5.075479841344995,-1.0,-1.285,sl,42
2023-08-13 22:20:00,2023-08-14 02:20:00,S,5.008,4.9569742161842605,5.028410313526296,4.9569742161842605,2.5,2.23,tp,48
2023-08-14 02:25:00,2023-08-14 02:40:00,S,4.962,4.994834465619114,4.994834465619114,4.879913835952214,-1.0,-1.166,sl,3
2023-08-14 09:40:00,2023-08-14 14:40:00,S,4.988,5.014401865783033,5.014401865783033,4.921995335542419,-1.0,-1.208,sl,60
2023-08-14 14:45:00,2023-08-14 18:05:00,L,5.019,4.978461287549997,4.978461287549997,5.120346781125007,-1.0,-1.136,sl,40
2023-08-14 18:10:00,2023-08-15 02:10:00,S,4.982,4.981,5.041021217007329,4.834446957481678,0.017,-0.076,time,96
2023-08-15 03:35:00,2023-08-15 11:35:00,S,4.973,4.965,4.989240775117197,4.932398062207008,0.493,0.156,time,96
2023-08-15 11:45:00,2023-08-15 14:05:00,S,4.968,4.939723031520561,4.979310787391776,4.939723031520561,2.5,2.017,tp,28
2023-08-15 14:10:00,2023-08-15 18:05:00,S,4.959,4.925051984602469,4.972579206159012,4.925051984602469,2.5,2.098,tp,47
2023-08-15 18:10:00,2023-08-15 19:05:00,S,4.929,4.883013472358138,4.947394611056745,4.883013472358138,2.5,2.205,tp,11
2023-08-15 19:10:00,2023-08-16 03:10:00,S,4.689,4.83,4.943802759365884,4.051993101585291,-0.553,-0.574,time,96
2023-08-16 05:05:00,2023-08-16 12:15:00,S,4.809,4.747707657341466,4.833516937063414,4.747707657341466,2.5,2.284,tp,86
2023-08-16 12:20:00,2023-08-16 20:20:00,S,4.742,4.697,4.781152976380058,4.644117559049855,1.149,1.016,time,96
2023-08-16 20:25:00,2023-08-16 20:25:00,S,4.697,4.650793497802034,4.715482600879186,4.650793497802034,2.5,2.22,tp,0
2023-08-16 20:30:00,2023-08-17 03:45:00,S,4.588,4.717311587428628,4.717311587428628,4.26472103142843,-1.0,-1.039,sl,87
2023-08-17 14:15:00,2023-08-17 15:40:00,S,4.753,4.6530387464272644,4.792984501429094,4.6530387464272644,2.5,2.369,tp,17
2023-08-17 15:45:00,2023-08-17 21:40:00,S,4.695,4.539183766448285,4.7573264934206865,4.539183766448285,2.5,2.417,tp,71
2023-08-17 21:45:00,2023-08-18 05:45:00,S,4.232,4.425,4.680845665480546,3.109885836298636,-0.43,-0.44,time,96
2023-08-18 23:45:00,2023-08-19 00:40:00,S,4.504,4.529571177482026,4.529571177482026,4.440072056294933,-1.0,-1.194,sl,11
2023-08-19 01:25:00,2023-08-19 09:25:00,S,4.497,4.474,4.5347787208748,4.402553197812999,0.609,0.478,time,96
2023-08-19 16:45:00,2023-08-20 00:45:00,L,4.533,4.52,4.496151361873163,4.625121595317094,-0.353,-0.488,time,96
2023-08-20 01:25:00,2023-08-20 09:25:00,S,4.489,4.488,4.524666132465106,4.399834668837234,0.028,-0.11,time,96
2023-08-20 11:05:00,2023-08-20 14:30:00,L,4.514,4.494544793965273,4.494544793965273,4.562638015086817,-1.0,-1.255,sl,41
2023-08-20 14:35:00,2023-08-20 20:45:00,S,4.49,4.521618050797096,4.521618050797096,4.410954873007261,-1.0,-1.156,sl,74
2023-08-20 20:50:00,2023-08-21 03:40:00,L,4.515,4.491320771702981,4.491320771702981,4.574198070742547,-1.0,-1.21,sl,82
2023-08-21 03:45:00,2023-08-21 05:30:00,S,4.488,4.50443099611197,4.50443099611197,4.446922509720077,-1.0,-1.3,sl,21
2023-08-21 06:55:00,2023-08-21 08:55:00,S,4.48,4.499546794207545,4.499546794207545,4.43113301448114,-1.0,-1.252,sl,24
2023-08-21 10:10:00,2023-08-21 12:10:00,S,4.472,4.501677763489614,4.501677763489614,4.397805591275967,-1.0,-1.166,sl,24
2023-08-21 13:30:00,2023-08-21 21:30:00,S,4.448,4.455,4.504008351595629,4.307979121010929,-0.125,-0.212,time,96
2023-08-22 05:15:00,2023-08-22 07:00:00,S,4.412,4.42429549011811,4.42429549011811,4.381261274704723,-1.0,-1.395,sl,21
2023-08-22 10:45:00,2023-08-22 12:35:00,S,4.397,4.422414914923901,4.422414914923901,4.333462712690249,-1.0,-1.19,sl,22
2023-08-22 13:35:00,2023-08-22 17:35:00,S,4.392,4.312522059308044,4.423791176276783,4.312522059308044,2.5,2.348,tp,48
2023-08-22 17:40:00,2023-08-22 23:05:00,S,4.301,4.378688935951371,4.378688935951371,4.106777660121573,-1.0,-1.061,sl,65
2023-08-22 23:10:00,2023-08-23 07:10:00,L,4.388,4.405,4.309989681430755,4.583025796423112,0.218,0.156,time,96
2023-08-23 13:00:00,2023-08-23 13:50:00,S,4.392,4.42162082113008,4.42162082113008,4.317947947174801,-1.0,-1.163,sl,10
2023-08-23 14:00:00,2023-08-23 16:20:00,L,4.421,4.505893677974649,4.387042528810141,4.505893677974649,2.5,2.357,tp,28
2023-08-23 16:25:00,2023-08-24 00:25:00,L,4.504,4.491,4.438494296970773,4.667764257573067,-0.198,-0.274,time,96
2023-08-24 12:05:00,2023-08-24 14:40:00,S,4.46,4.398756244395717,4.484497502241713,4.398756244395717,2.5,2.3,tp,31
2023-08-24 14:45:00,2023-08-24 22:45:00,S,4.396,4.402,4.448133389963961,4.265666525090097,-0.115,-0.208,time,96
2023-08-25 03:30:00,2023-08-25 09:10:00,S,4.391,4.433154284700568,4.433154284700568,4.2856142882485795,-1.0,-1.115,sl,68
2023-08-25 09:15:00,2023-08-25 13:10:00,L,4.431,4.4798376207588815,4.4114649516964475,4.4798376207588815,2.5,2.25,tp,47
2023-08-25 13:15:00,2023-08-25 13:50:00,L,4.473,4.442239117016216,4.442239117016216,4.549902207459459,-1.0,-1.16,sl,7
2023-08-25 14:05:00,2023-08-25 18:50:00,S,4.432,4.481006147777603,4.481006147777603,4.309484630555993,-1.0,-1.099,sl,57
2023-08-25 18:55:00,2023-08-26 02:55:00,L,4.491,4.49,4.426157642593307,4.653105893516731,-0.015,-0.092,time,96
2023-08-26 07:00:00,2023-08-26 08:35:00,L,4.501,4.4806778063037145,4.4806778063037145,4.551805484240715,-1.0,-1.244,sl,19
2023-08-26 11:35:00,2023-08-26 16:40:00,L,4.502,4.484684401901991,4.484684401901991,4.545288995245021,-1.0,-1.286,sl,61
2023-08-26 19:40:00,2023-08-27 03:40:00,L,4.499,4.516,4.4827515038614205,4.539621240346447,1.046,0.742,time,96
2023-08-27 05:00:00,2023-08-27 05:30:00,L,4.523,4.515846654823004,4.515846654823004,4.540883362942489,-1.0,-1.696,sl,6
2023-08-27 07:30:00,2023-08-27 12:25:00,L,4.527,4.50058475122454,4.50058475122454,4.593038121938649,-1.0,-1.189,sl,59
2023-08-27 16:15:00,2023-08-28 00:15:00,S,4.49,4.475,4.510676160512778,4.438309598718055,0.725,0.487,time,96
2023-08-28 00:25:00,2023-08-28 08:25:00,S,4.467,4.428,4.498484849974016,4.388287875064959,1.239,1.083,time,96
2023-08-28 09:20:00,2023-08-28 11:00:00,S,4.437,4.452482479854542,4.452482479854542,4.398293800363646,-1.0,-1.315,sl,20
2023-08-28 12:15:00,2023-08-28 14:15:00,L,4.48,4.576787524817082,4.441284990073168,4.576787524817082,2.5,2.373,tp,24
2023-08-28 14:20:00,2023-08-28 22:20:00,L,4.543,4.593,4.472467533989304,4.719331165026739,0.709,0.638,time,96
2023-08-28 23:20:00,2023-08-29 07:10:00,L,4.608,4.578270498688391,4.578270498688391,4.682323753279022,-1.0,-1.17,sl,94
2023-08-29 13:50:00,2023-08-29 14:20:00,L,4.578,4.642559806246849,4.552176077501261,4.642559806246849,2.5,2.305,tp,6
2023-08-29 14:25:00,2023-08-29 22:25:00,L,4.669,4.671,4.55846217568384,4.945344560790398,0.018,-0.028,time,96
2023-08-30 06:05:00,2023-08-30 14:05:00,S,4.586,4.585,4.60761103121456,4.531972421963601,0.046,-0.187,time,96
2023-08-30 14:45:00,2023-08-30 22:45:00,S,4.55,4.531,4.591283476840105,4.446791307899737,0.46,0.339,time,96
2023-08-31 00:20:00,2023-08-31 08:20:00,S,4.509,4.486,4.534524042286396,4.445189894284011,0.901,0.707,time,96
2023-08-31 09:25:00,2023-08-31 11:20:00,S,4.472,4.490510045513296,4.490510045513296,4.425724886216762,-1.0,-1.266,sl,23
2023-08-31 12:05:00,2023-08-31 15:40:00,S,4.475,4.371403335568926,4.516438665772429,4.371403335568926,2.5,2.381,tp,43
2023-08-31 15:45:00,2023-08-31 23:45:00,S,4.369,4.264,4.451735825358989,4.162160436602526,1.269,1.211,time,96
2023-09-01 07:00:00,2023-09-01 11:45:00,S,4.255,4.272551341292589,4.272551341292589,4.211121646768527,-1.0,-1.267,sl,57
2023-09-01 13:50:00,2023-09-01 17:10:00,S,4.245,4.168540770925537,4.275583691629786,4.168540770925537,2.5,2.347,tp,40
2023-09-01 17:15:00,2023-09-02 01:15:00,S,4.136,4.211,4.239727815208845,3.8766804619778887,-0.723,-0.767,time,96
2023-09-02 12:20:00,2023-09-02 13:40:00,S,4.23,4.243310789153453,4.243310789153453,4.196723027116369,-1.0,-1.35,sl,16
2023-09-02 17:10:00,2023-09-02 22:45:00,S,4.234,4.256686016687015,4.256686016687015,4.177284958282463,-1.0,-1.205,sl,67
2023-09-03 01:00:00,2023-09-03 09:00:00,L,4.273,4.275,4.2474512163695595,4.336871959076101,0.078,-0.106,time,96
2023-09-03 12:15:00,2023-09-03 12:40:00,S,4.264,4.277431863605399,4.277431863605399,4.2304203409865035,-1.0,-1.349,sl,5
2023-09-03 13:00:00,2023-09-03 18:15:00,S,4.257,4.283821217362648,4.283821217362648,4.189946956593378,-1.0,-1.175,sl,63
2023-09-03 23:00:00,2023-09-04 00:45:00,S,4.254,4.262367706073485,4.262367706073485,4.233080734816285,-1.0,-1.559,sl,21
2023-09-04 02:40:00,2023-09-04 10:40:00,L,4.28,4.284,4.251538378629275,4.351154053426814,0.141,-0.025,time,96
2023-09-04 11:25:00,2023-09-04 14:50:00,S,4.272,4.231066186736141,4.288373525305544,4.231066186736141,2.5,2.213,tp,41
2023-09-04 14:55:00,2023-09-04 17:10:00,S,4.228,4.253638454464434,4.253638454464434,4.1639038638389145,-1.0,-1.181,sl,27
2023-09-04 18:25:00,2023-09-04 19:20:00,L,4.265,4.249501251736582,4.249501251736582,4.303746870658543,-1.0,-1.303,sl,11
2023-09-04 20:30:00,2023-09-04 23:50:00,S,4.235,4.256541520120937,4.256541520120937,4.181146199697659,-1.0,-1.216,sl,40
2023-09-05 02:45:00,2023-09-05 08:05:00,S,4.228,4.258600345440537,4.258600345440537,4.151499136398657,-1.0,-1.152,sl,64
2023-09-05 09:35:00,2023-09-05 17:35:00,L,4.26,4.251,4.233410611031948,4.32647347242013,-0.338,-0.515,time,96
2023-09-05 20:00:00,2023-09-05 23:15:00,S,4.234,4.2614031014230775,4.2614031014230775,4.165492246442306,-1.0,-1.17,sl,39
2023-09-06 05:05:00,2023-09-06 13:05:00,S,4.238,4.236,4.252344354135659,4.202139114660853,0.139,-0.186,time,96
2023-09-06 14:35:00,2023-09-06 17:50:00,S,4.217,4.253016125544611,4.253016125544611,4.126959686138472,-1.0,-1.129,sl,39
2023-09-06 17:55:00,2023-09-07 01:55:00,L,4.251,4.274,4.164829075301604,4.46642731174599,0.267,0.213,time,96
2023-09-07 02:15:00,2023-09-07 05:55:00,L,4.28,4.2584835806660415,4.2584835806660415,4.333791048334897,-1.0,-1.219,sl,44
2023-09-07 08:25:00,2023-09-07 09:35:00,S,4.248,4.258280226866779,4.258280226866779,4.222299432833054,-1.0,-1.455,sl,14
2023-09-07 09:40:00,2023-09-07 11:45:00,L,4.257,4.238683588969712,4.238683588969712,4.302791027575719,-1.0,-1.256,sl,25
2023-09-07 11:50:00,2023-09-07 15:00:00,S,4.238,4.261511334687626,4.261511334687626,4.179221663280938,-1.0,-1.198,sl,38
2023-09-07 16:50:00,2023-09-08 00:50:00,L,4.266,4.314,4.245384394973391,4.317539012566522,2.328,2.101,time,96
2023-09-08 01:00:00,2023-09-08 06:35:00,L,4.319,4.280169562634439,4.280169562634439,4.416076093413901,-1.0,-1.122,sl,67
2023-09-08 10:00:00,2023-09-08 10:05:00,S,4.266,4.207233877693733,4.2895064489225065,4.207233877693733,2.5,2.3,tp,1
2023-09-08 10:10:00,2023-09-08 18:10:00,S,4.228,4.241,4.290299510524016,4.072251223689959,-0.209,-0.283,time,96
2023-09-09 04:30:00,2023-09-09 12:30:00,L,4.254,4.261,4.237719648912551,4.294700877718622,0.43,0.143,time,96
2023-09-09 13:10:00,2023-09-09 15:00:00,S,4.254,4.269187601642144,4.269187601642144,4.21603099589464,-1.0,-1.308,sl,22
2023-09-09 15:05:00,2023-09-09 16:40:00,L,4.269,4.250665800967852,4.250665800967852,4.314835497580371,-1.0,-1.256,sl,19
2023-09-09 17:15:00,2023-09-10 00:20:00,S,4.247,4.211299608221299,4.26128015671148,4.211299608221299,2.5,2.173,tp,85
2023-09-10 00:25:00,2023-09-10 04:20:00,S,4.211,4.1392324911869105,4.239707003525236,4.1392324911869105,2.5,2.339,tp,47
2023-09-10 04:25:00,2023-09-10 12:25:00,S,4.14,4.155,4.214876071642183,3.952809820894541,-0.2,-0.261,time,96
2023-09-10 14:50:00,2023-09-10 22:50:00,S,4.148,4.147,4.191777547181234,4.0385561320469145,0.023,-0.081,time,96
2023-09-11 00:40:00,2023-09-11 08:40:00,S,4.119,4.079,4.155855863888634,4.0268603402784136,1.085,0.962,time,96
2023-09-11 09:10:00,2023-09-11 17:10:00,S,4.058,4.0,4.11629299225461,3.9122675193634753,0.995,0.918,time,96
2023-09-11 19:05:00,2023-09-12 03:05:00,S,3.974,3.973,4.017683597784292,3.8647910055392702,0.023,-0.077,time,96
2023-09-12 12:55:00,2023-09-12 16:30:00,S,4.005,4.042974778196532,4.042974778196532,3.910063054508669,-1.0,-1.116,sl,43
2023-09-13 00:05:00,2023-09-13 00:25:00,S,3.971,3.9976601185049323,3.9976601185049323,3.9043497037376698,-1.0,-1.164,sl,4
2023-09-13 03:45:00,2023-09-13 07:35:00,S,3.969,3.9904951503766615,3.9904951503766615,3.915262124058346,-1.0,-1.203,sl,46
2023-09-13 15:30:00,2023-09-13 17:25:00,L,4.041,4.009120353135789,4.009120353135789,4.1206991171605285,-1.0,-1.139,sl,23
2023-09-13 18:35:00,2023-09-14 00:45:00,S,3.992,4.028681550990932,4.028681550990932,3.9002961225226707,-1.0,-1.12,sl,74
2023-09-14 00:50:00,2023-09-14 04:20:00,L,4.031,3.9910469691499344,3.9910469691499344,4.130882577125163,-1.0,-1.111,sl,42
2023-09-14 04:50:00,2023-09-14 07:20:00,S,3.986,4.008533351148277,4.008533351148277,3.929666622129309,-1.0,-1.195,sl,30
2023-09-14 09:10:00,2023-09-14 17:10:00,L,4.021,4.042,3.9995063541498093,4.0747341146254765,0.977,0.771,time,96
2023-09-14 18:30:00,2023-09-15 02:30:00,L,4.062,4.084,4.035532652207167,4.128168369482083,0.831,0.662,time,96
2023-09-15 09:55:00,2023-09-15 11:55:00,L,4.083,4.068557742593859,4.068557742593859,4.119105643515354,-1.0,-1.311,sl,24
2023-09-15 13:35:00,2023-09-15 14:45:00,L,4.092,4.068262821440928,4.068262821440928,4.151342946397678,-1.0,-1.19,sl,14
2023-09-15 15:50:00,2023-09-15 23:50:00,L,4.11,4.137,4.062128847875647,4.2296778803108825,0.564,0.47,time,96
2023-09-16 01:15:00,2023-09-16 09:15:00,L,4.164,4.176,4.134325740175682,4.238185649560794,0.404,0.25,time,96
2023-09-16 21:15:00,2023-09-16 23:30:00,L,4.155,4.178432335534779,4.145627065786089,4.178432335534779,2.5,2.012,tp,27
2023-09-16 23:35:00,2023-09-17 00:15:00,L,4.18,4.1596030661670405,4.1596030661670405,4.230992334582398,-1.0,-1.225,sl,8
2023-09-17 01:05:00,2023-09-17 09:05:00,S,4.121,4.135,4.186607145048109,3.956982137379729,-0.213,-0.282,time,96
2023-09-17 11:55:00,2023-09-17 19:55:00,S,4.116,4.094,4.133301532050836,4.072746169872909,1.272,1.01,time,96
2023-09-17 20:45:00,2023-09-18 02:25:00,S,4.061,4.095992237824218,4.095992237824218,3.973519405439455,-1.0,-1.128,sl,68
2023-09-18 02:30:00,2023-09-18 10:30:00,L,4.094,4.192,4.032945296100767,4.246636759748084,1.605,1.531,time,96
2023-09-18 10:35:00,2023-09-18 17:30:00,L,4.192,4.123964527463591,4.123964527463591,4.362088681341023,-1.0,-1.068,sl,83
2023-09-18 17:35:00,2023-09-19 01:35:00,S,4.107,4.095,4.187237489363255,3.9064062765918623,0.15,0.093,time,96
2023-09-19 06:15:00,2023-09-19 09:00:00,S,4.102,4.1214965475867995,4.1214965475867995,4.053258631033002,-1.0,-1.231,sl,33
2023-09-19 09:20:00,2023-09-19 13:55:00,L,4.129,4.096176692375329,4.096176692375329,4.211058269061676,-1.0,-1.138,sl,55
2023-09-19 14:00:00,2023-09-19 15:25:00,S,4.091,4.127921826406339,4.127921826406339,3.998695433984154,-1.0,-1.122,sl,17
2023-09-19 15:40:00,2023-09-19 23:40:00,L,4.127,4.153,4.0928974614666584,4.212256346333353,0.762,0.629,time,96
2023-09-20 03:20:00,2023-09-20 11:20:00,S,4.128,4.104,4.150574116794461,4.071564708013848,1.063,0.862,time,96
2023-09-20 13:25:00,2023-09-20 14:00:00,S,4.077,4.108695874553739,4.108695874553739,3.997760313615653,-1.0,-1.141,sl,7
2023-09-20 18:20:00,2023-09-20 19:15:00,L,4.134,4.0971444794242124,4.0971444794242124,4.22613880143947,-1.0,-1.123,sl,11
2023-09-21 00:45:00,2023-09-21 01:20:00,L,4.157,4.131439148751824,4.131439148751824,4.220902128120441,-1.0,-1.179,sl,7
2023-09-21 06:10:00,2023-09-21 10:50:00,S,4.115,4.0460635217832746,4.1425745912866905,4.0460635217832746,2.5,2.336,tp,56
2023-09-21 10:55:00,2023-09-21 18:55:00,S,4.037,4.028,4.071113951807027,3.9517151204824312,0.264,0.134,time,96
2023-09-21 20:30:00,2023-09-22 01:55:00,S,4.001,4.029653104629306,4.029653104629306,3.9293672384267366,-1.0,-1.154,sl,65
2023-09-22 07:05:00,2023-09-22 08:05:00,S,4.007,4.026330001660517,4.026330001660517,3.958674995848707,-1.0,-1.228,sl,12
2023-09-22 12:55:00,2023-09-22 20:55:00,S,4.016,4.001,4.032415084460295,3.9749622888492624,0.914,0.645,time,96
2023-09-22 21:15:00,2023-09-22 21:25:00,S,3.998,4.006429414407109,4.006429414407109,3.9769264639822275,-1.0,-1.522,sl,2
2023-09-23 04:05:00,2023-09-23 05:30:00,S,3.997,4.012486636923629,4.012486636923629,3.958283407690926,-1.0,-1.284,sl,17
2023-09-23 19:25:00,2023-09-23 21:10:00,L,4.025,4.014622770481038,4.014622770481038,4.050943073797406,-1.0,-1.427,sl,21
2023-09-23 21:15:00,2023-09-23 23:35:00,S,4.016,4.0292824410722785,4.0292824410722785,3.9827938973193038,-1.0,-1.333,sl,28
2023-09-24 01:15:00,2023-09-24 09:15:00,S,4.01,4.023,4.027442417733562,3.966393955666094,-0.745,-0.998,time,96
2023-09-24 10:00:00,2023-09-24 12:00:00,L,4.026,4.0440616162705485,4.0187753534917805,4.0440616162705485,2.5,1.887,tp,24
2023-09-24 12:05:00,2023-09-24 18:20:00,L,4.039,4.021563190692655,4.021563190692655,4.0825920232683615,-1.0,-1.255,sl,75
2023-09-24 19:30:00,2023-09-25 00:20:00,S,4.016,3.9442084106502033,4.044716635739919,3.9442084106502033,2.5,2.346,tp,58
2023-09-25 00:25:00,2023-09-25 01:05:00,S,3.969,4.013239336627538,4.013239336627538,3.8584016584311547,-1.0,-1.099,sl,8
2023-09-25 07:35:00,2023-09-25 15:35:00,L,4.041,4.072,4.008320862449018,4.1226978438774555,0.949,0.813,time,96
2023-09-25 15:40:00,2023-09-25 23:40:00,L,4.072,4.057,4.04141092569362,4.148472685765949,-0.49,-0.637,time,96
2023-09-26 01:55:00,2023-09-26 03:45:00,L,4.085,4.065527552433936,4.065527552433936,4.13368111891516,-1.0,-1.231,sl,22
2023-09-26 06:15:00,2023-09-26 12:35:00,S,4.038,4.009444820856189,4.049422071657525,4.009444820856189,2.5,2.111,tp,76
2023-09-26 12:40:00,2023-09-26 20:40:00,S,4.008,4.008,4.043528475842527,3.9191788103936815,-0.0,-0.124,time,96
2023-09-26 21:25:00,2023-09-26 23:30:00,S,3.998,4.012679743619634,4.012679743619634,3.9613006409509164,-1.0,-1.3,sl,25
2023-09-27 09:35:00,2023-09-27 11:20:00,L,4.01,4.048432644302953,3.9946269422788183,4.048432644302953,2.5,2.213,tp,21
2023-09-27 11:25:00,2023-09-27 14:15:00,L,4.046,4.031409734831083,4.031409734831083,4.082475662922294,-1.0,-1.305,sl,34
2023-09-27 14:20:00,2023-09-27 22:20:00,S,4.015,3.978,4.072850278202575,3.8703743044935623,0.64,0.563,time,96
2023-09-28 07:05:00,2023-09-28 14:40:00,L,4.015,4.0660009406887205,3.994599623724511,4.0660009406887205,2.5,2.284,tp,91
2023-09-28 14:45:00,2023-09-28 22:45:00,L,4.07,4.069,4.041206323091166,4.141984192272085,-0.035,-0.19,time,96
2023-09-29 05:55:00,2023-09-29 07:30:00,L,4.085,4.113235080549586,4.073705967780166,4.113235080549586,2.5,2.102,tp,19
2023-09-29 07:35:00,2023-09-29 11:00:00,L,4.112,4.07833976915835,4.07833976915835,4.196150577104126,-1.0,-1.134,sl,41
2023-09-29 13:00:00,2023-09-29 14:05:00,L,4.096,4.060274391088216,4.060274391088216,4.185314022279461,-1.0,-1.126,sl,13
2023-09-29 14:40:00,2023-09-29 22:40:00,L,4.096,4.074,4.049837392915186,4.211406517712035,-0.477,-0.574,time,96
2023-09-30 06:35:00,2023-09-30 07:45:00,L,4.085,4.073774588559063,4.073774588559063,4.113063528602343,-1.0,-1.4,sl,14
2023-09-30 10:25:00,2023-09-30 11:40:00,L,4.089,4.080784009646694,4.080784009646694,4.109539975883267,-1.0,-1.547,sl,15
2023-09-30 14:00:00,2023-09-30 17:00:00,L,4.101,4.083591780766668,4.083591780766668,4.144520548083329,-1.0,-1.259,sl,36
2023-09-30 19:35:00,2023-10-01 03:35:00,L,4.109,4.112,4.086631629280178,4.164920926799555,0.134,-0.068,time,96
2023-10-01 05:25:00,2023-10-01 06:05:00,L,4.121,4.154065739201579,4.107773704319369,4.154065739201579,2.5,2.157,tp,8
2023-10-01 06:10:00,2023-10-01 14:10:00,L,4.151,4.207,4.115421051225538,4.239947371936154,1.574,1.446,time,96
2023-10-01 14:15:00,2023-10-01 14:40:00,L,4.207,4.186456620262688,4.186456620262688,4.258358449343279,-1.0,-1.225,sl,5
2023-10-01 19:15:00,2023-10-01 22:15:00,L,4.188,4.249352892191131,4.163458843123547,4.249352892191131,2.5,2.312,tp,36
2023-10-01 22:35:00,2023-10-02 06:35:00,L,4.278,4.278,4.188369951062784,4.502075122343038,0.0,-0.053,time,96
2023-10-02 07:45:00,2023-10-02 08:00:00,L,4.279,4.267365456776963,4.267365456776963,4.308086358057593,-1.0,-1.405,sl,3
2023-10-02 08:25:00,2023-10-02 09:15:00,L,4.286,4.264025960519174,4.264025960519174,4.340935098702064,-1.0,-1.215,sl,10
2023-10-02 15:50:00,2023-10-02 23:50:00,S,4.165,4.123,4.2221550464257795,4.022112383935552,0.735,0.655,time,96
2023-10-03 05:35:00,2023-10-03 13:35:00,S,4.131,4.133,4.147588004362409,4.089529989093979,-0.121,-0.395,time,96
2023-10-03 14:20:00,2023-10-03 22:20:00,S,4.105,4.061,4.136887371447728,4.025281571380681,1.38,1.238,time,96
2023-10-04 00:30:00,2023-10-04 00:40:00,S,4.041,3.9532590938726577,4.076096362450937,3.9532590938726577,2.5,2.373,tp,2
2023-10-04 00:45:00,2023-10-04 08:45:00,S,3.987,4.056,4.077250520979173,3.761373697552068,-0.765,-0.813,time,96
2023-10-04 10:55:00,2023-10-04 18:55:00,S,4.031,4.03,4.054521507288127,3.9721962317796806,0.043,-0.146,time,96
2023-10-05 02:25:00,2023-10-05 04:40:00,S,4.023,4.041453858478187,4.041453858478187,3.9768653538045315,-1.0,-1.24,sl,27
2023-10-05 07:25:00,2023-10-05 09:20:00,S,4.032,4.0454730658926925,4.0454730658926925,3.998317335268269,-1.0,-1.329,sl,23
2023-10-05 12:45:00,2023-10-05 13:15:00,S,4.034,4.053448696271754,4.053448696271754,3.9853782593206133,-1.0,-1.228,sl,6
2023-10-05 15:05:00,2023-10-05 23:05:00,S,4.027,4.026,4.069974344622388,3.919564138444031,0.023,-0.08,time,96
2023-10-06 02:05:00,2023-10-06 03:50:00,L,4.046,4.035587029010313,4.035587029010313,4.072032427474219,-1.0,-1.427,sl,21
2023-10-06 04:20:00,2023-10-06 07:15:00,S,4.031,4.0442396747659615,4.0442396747659615,3.9979008130850953,-1.0,-1.335,sl,35
2023-10-06 07:20:00,2023-10-06 11:30:00,L,4.045,4.029727950046008,4.029727950046008,4.083180124884979,-1.0,-1.291,sl,50
2023-10-06 11:35:00,2023-10-06 15:25:00,S,4.031,4.050303296457185,4.050303296457185,3.9827417588570375,-1.0,-1.23,sl,46
2023-10-06 15:30:00,2023-10-06 23:30:00,L,4.053,4.063,4.035433467936157,4.096916330159608,0.569,0.315,time,96
2023-10-07 04:50:00,2023-10-07 12:50:00,L,4.076,4.082,4.062736607595704,4.1091584810107395,0.452,0.114,time,96
2023-10-07 17:20:00,2023-10-07 19:25:00,S,4.065,4.039343105849384,4.075262757660247,4.039343105849384,2.5,2.064,tp,25
2023-10-07 19:30:00,2023-10-08 03:30:00,S,4.038,4.063,4.065466356194257,3.9693341095143584,-0.91,-1.072,time,96
2023-10-08 03:50:00,2023-10-08 04:50:00,L,4.064,4.053725867694449,4.053725867694449,4.089685330763878,-1.0,-1.435,sl,12
2023-10-08 05:10:00,2023-10-08 10:45:00,S,4.049,4.005776654894659,4.066289338042137,4.005776654894659,2.5,2.242,tp,67
2023-10-08 10:50:00,2023-10-08 12:50:00,S,4.001,4.0173940693629735,4.0173940693629735,3.9600148265925674,-1.0,-1.268,sl,24
2023-10-08 20:10:00,2023-10-09 03:45:00,S,4.01,4.026281451775983,4.026281451775983,3.969296370560042,-1.0,-1.271,sl,91
2023-10-09 05:40:00,2023-10-09 07:20:00,S,4.011,3.9879507749305243,4.0202196900277904,3.9879507749305243,2.5,2.021,tp,20
2023-10-09 07:25:00,2023-10-09 08:20:00,S,3.987,3.9333082107408397,4.008476715703664,3.9333082107408397,2.5,2.296,tp,11
2023-10-09 08:25:00,2023-10-09 09:45:00,S,3.956,3.848329634059278,3.9990681463762887,3.848329634059278,2.5,2.399,tp,16
2023-10-09 09:50:00,2023-10-09 17:50:00,S,3.79,3.843,3.942482594424381,3.408793513939048,-0.348,-0.375,time,96
2023-10-09 21:15:00,2023-10-09 21:40:00,S,3.824,3.848552204665505,3.848552204665505,3.7626194883362363,-1.0,-1.171,sl,5
2023-10-10 01:40:00,2023-10-10 09:40:00,S,3.844,3.824,3.862537304770905,3.797656738072737,1.079,0.851,time,96
2023-10-10 09:45:00,2023-10-10 17:45:00,S,3.824,3.804,3.8454797339511035,3.7703006651222406,0.931,0.735,time,96
2023-10-10 20:50:00,2023-10-10 22:05:00,S,3.787,3.816861150779622,3.816861150779622,3.712347123050945,-1.0,-1.14,sl,15
2023-10-11 01:40:00,2023-10-11 02:30:00,S,3.801,3.7547200717131224,3.819511971314751,3.7547200717131224,2.5,2.274,tp,10
2023-10-11 02:35:00,2023-10-11 10:35:00,S,3.714,3.767,3.8175047565457287,3.455238108635678,-0.512,-0.552,time,96
2023-10-11 15:30:00,2023-10-11 23:30:00,S,3.728,3.73,3.762006131431289,3.6429846714217784,-0.059,-0.179,time,96
2023-10-12 01:25:00,2023-10-12 09:25:00,S,3.712,3.695,3.735453111645376,3.65336722088656,0.725,0.551,time,96
2023-10-12 09:30:00,2023-10-12 09:45:00,S,3.695,3.6489483825218407,3.7134206469912634,3.6489483825218407,2.5,2.279,tp,3
2023-10-12 09:50:00,2023-10-12 17:50:00,S,3.656,3.648,3.7129987970117035,3.5135030074707414,0.14,0.07,time,96
2023-10-13 03:40:00,2023-10-13 07:15:00,S,3.672,3.686361928923564,3.686361928923564,3.6360951776910904,-1.0,-1.281,sl,43
2023-10-13 12:20:00,2023-10-13 14:55:00,L,3.695,3.6805854778244496,3.6805854778244496,3.7310363054388755,-1.0,-1.282,sl,31
2023-10-13 15:00:00,2023-10-13 16:40:00,S,3.681,3.703388981981159,3.703388981981159,3.625027545047103,-1.0,-1.181,sl,20
2023-10-13 20:40:00,2023-10-13 20:50:00,L,3.709,3.7371790212019276,3.697728391519229,3.7371790212019276,2.5,2.138,tp,2
2023-10-13 20:55:00,2023-10-14 04:55:00,L,3.73,3.731,3.697212289234888,3.81196927691278,0.03,-0.095,time,96
2023-10-14 10:15:00,2023-10-14 14:05:00,L,3.727,3.744995720030289,3.719801711987884,3.744995720030289,2.5,1.93,tp,46
2023-10-14 14:10:00,2023-10-14 18:10:00,L,3.746,3.733780193396627,3.733780193396627,3.7765495165084326,-1.0,-1.337,sl,48
2023-10-14 21:20:00,2023-10-14 22:20:00,L,3.743,3.7316882142156835,3.7316882142156835,3.7712794644607905,-1.0,-1.364,sl,12
2023-10-15 01:45:00,2023-10-15 04:10:00,L,3.741,3.7236859885428797,3.7236859885428797,3.784285028642801,-1.0,-1.238,sl,29
2023-10-15 04:15:00,2023-10-15 08:45:00,S,3.721,3.739239931538396,3.739239931538396,3.67540017115401,-1.0,-1.224,sl,54
2023-10-15 08:50:00,2023-10-15 16:50:00,L,3.75,3.747,3.710383907942235,3.8490402301444124,-0.076,-0.18,time,96
2023-10-15 17:00:00,2023-10-16 01:00:00,L,3.748,3.744,3.73579563045565,3.778510923860876,-0.328,-0.666,time,96
2023-10-16 04:05:00,2023-10-16 05:30:00,L,3.757,3.8128058841771058,3.7346776463291578,3.8128058841771058,2.5,2.315,tp,17
2023-10-16 05:35:00,2023-10-16 13:35:00,L,3.809,3.838,3.7471062745288237,3.963734313677941,0.469,0.401,time,96
2023-10-16 19:05:00,2023-10-17 00:25:00,L,3.786,3.755334004996405,3.755334004996405,3.8626649875089876,-1.0,-1.136,sl,64
2023-10-17 00:30:00,2023-10-17 08:30:00,S,3.757,3.737,3.7946570498477903,3.6628573753805247,0.531,0.421,time,96
2023-10-17 11:10:00,2023-10-17 13:45:00,S,3.718,3.661898638984512,3.7404405444061952,3.661898638984512,2.5,2.318,tp,31
2023-10-17 13:50:00,2023-10-17 21:50:00,S,3.673,3.665,3.7227183430479003,3.5487041423802497,0.161,0.08,time,96
2023-10-18 00:35:00,2023-10-18 04:50:00,S,3.656,3.671438387897866,3.671438387897866,3.6174040302553356,-1.0,-1.26,sl,51
2023-10-18 13:45:00,2023-10-18 21:35:00,S,3.675,3.628872505034793,3.6934509979860826,3.628872505034793,2.5,2.281,tp,94
2023-10-18 21:40:00,2023-10-18 22:20:00,S,3.628,3.650504667973642,3.650504667973642,3.5717383300658954,-1.0,-1.177,sl,8
2023-10-19 01:45:00,2023-10-19 09:45:00,S,3.593,3.61,3.656482364894272,3.4342940877643198,-0.268,-0.33,time,96
2023-10-19 17:45:00,2023-10-19 19:40:00,S,3.606,3.645655344029409,3.645655344029409,3.506861639926477,-1.0,-1.1,sl,23
2023-10-20 01:55:00,2023-10-20 03:15:00,L,3.654,3.7049022269267855,3.6336391092292857,3.7049022269267855,2.5,2.303,tp,16
2023-10-20 03:20:00,2023-10-20 08:30:00,L,3.695,3.7723975979406683,3.6640409608237325,3.7723975979406683,2.5,2.369,tp,62
2023-10-20 08:35:00,2023-10-20 15:30:00,L,3.769,3.7180226635391294,3.7180226635391294,3.8964433411521773,-1.0,-1.081,sl,83
2023-10-20 21:40:00,2023-10-21 01:35:00,L,3.72,3.708722473921501,3.708722473921501,3.748193815196248,-1.0,-1.363,sl,47
2023-10-21 05:10:00,2023-10-21 09:45:00,L,3.732,3.765392503749971,3.718642998500012,3.765392503749971,2.5,2.193,tp,55
2023-10-21 09:50:00,2023-10-21 11:40:00,L,3.766,3.8094265088583255,3.74862939645667,3.8094265088583255,2.5,2.262,tp,22
2023-10-21 11:45:00,2023-10-21 17:25:00,L,3.81,3.9297154316930714,3.7621138273227714,3.9297154316930714,2.5,2.412,tp,68
2023-10-21 17:30:00,2023-10-22 01:30:00,L,3.919,3.911,3.85878064591151,4.069548385221225,-0.133,-0.204,time,96
2023-10-22 05:35:00,2023-10-22 07:35:00,L,3.915,3.8882180450332533,3.8882180450332533,3.981954887416867,-1.0,-1.161,sl,24
2023-10-22 15:05:00,2023-10-22 17:35:00,S,3.821,3.853851629504734,3.853851629504734,3.738870926238166,-1.0,-1.128,sl,30
2023-10-22 17:40:00,2023-10-22 23:00:00,L,3.856,3.955241862114414,3.816303255154234,3.955241862114414,2.5,2.393,tp,64
2023-10-22 23:05:00,2023-10-23 07:05:00,L,3.945,3.964,3.866766758255296,4.14058310436176,0.243,0.187,time,96
2023-10-23 10:50:00,2023-10-23 18:50:00,L,3.994,4.124,3.9117952479263733,4.199511880184067,1.581,1.528,time,96
2023-10-23 19:50:00,2023-10-24 03:50:00,L,4.188,4.326,4.089318536940959,4.434703657647602,1.398,1.352,time,96
2023-10-24 12:40:00,2023-10-24 14:20:00,L,4.35,4.252329107903259,4.252329107903259,4.594177230241851,-1.0,-1.049,sl,20
2023-10-24 22:15:00,2023-10-25 06:15:00,L,4.205,4.235,4.1372494035425955,4.3743764911435115,0.443,0.375,time,96
2023-10-25 11:10:00,2023-10-25 15:30:00,L,4.225,4.322565451882837,4.185973819246865,4.322565451882837,2.5,2.381,tp,52
2023-10-25 15:35:00,2023-10-25 16:40:00,L,4.321,4.2672543761518344,4.2672543761518344,4.455364059620413,-1.0,-1.088,sl,13
2023-10-26 00:20:00,2023-10-26 06:00:00,L,4.294,4.256880779935019,4.256880779935019,4.386798050162453,-1.0,-1.127,sl,68
2023-10-26 07:30:00,2023-10-26 11:40:00,L,4.36,4.2686779253670615,4.2686779253670615,4.588305186582348,-1.0,-1.053,sl,50
2023-10-26 14:25:00,2023-10-26 22:25:00,S,4.266,4.241,4.344023255209079,4.070941861977303,0.32,0.26,time,96
2023-10-27 00:35:00,2023-10-27 01:45:00,S,4.214,4.148918719483495,4.240032512206603,4.148918719483495,2.5,2.322,tp,14
2023-10-27 01:50:00,2023-10-27 09:50:00,S,4.147,4.173,4.206536493346747,3.9981587666331326,-0.437,-0.513,time,96
2023-10-27 11:25:00,2023-10-27 13:05:00,S,4.123,4.168898405442802,4.168898405442802,4.008253986392995,-1.0,-1.099,sl,20
2023-10-27 14:35:00,2023-10-27 22:35:00,S,4.117,4.134,4.185504862316515,3.9457378442087125,-0.248,-0.314,time,96
2023-10-28 02:05:00,2023-10-28 05:15:00,L,4.152,4.201160324342064,4.132335870263175,4.201160324342064,2.5,2.268,tp,38
2023-10-28 06:35:00,2023-10-28 08:35:00,S,4.173,4.1895452106892845,4.1895452106892845,4.131636973276789,-1.0,-1.277,sl,24
2023-10-28 11:10:00,2023-10-28 12:45:00,L,4.203,4.178399047222883,4.178399047222883,4.264502381942793,-1.0,-1.188,sl,19
2023-10-28 12:50:00,2023-10-28 20:50:00,S,4.167,4.168,4.206285217657988,4.06878695585503,-0.025,-0.142,time,96
2023-10-28 21:45:00,2023-10-28 22:30:00,L,4.187,4.164595989144555,4.164595989144555,4.243010027138613,-1.0,-1.206,sl,9
2023-10-29 01:15:00,2023-10-29 08:10:00,S,4.16,4.191939629115167,4.191939629115167,4.080150927212084,-1.0,-1.143,sl,83
2023-10-29 08:40:00,2023-10-29 14:55:00,L,4.194,4.262742963886992,4.166502814445203,4.262742963886992,2.5,2.332,tp,75
2023-10-29 15:00:00,2023-10-29 23:00:00,L,4.267,4.341,4.202926218387526,4.427184454031187,1.155,1.082,time,96
2023-10-30 08:40:00,2023-10-30 16:40:00,L,4.289,4.332,4.232930868488102,4.429172828779743,0.767,0.683,time,96
2023-10-30 19:50:00,2023-10-30 23:10:00,L,4.37,4.507530573923727,4.314987770430509,4.507530573923727,2.5,2.413,tp,40
2023-10-30 23:15:00,2023-10-31 07:15:00,L,4.521,4.482,4.434984802239609,4.736037994400977,-0.453,-0.511,time,96
2023-10-31 11:35:00,2023-10-31 12:30:00,L,4.499,4.452951920978615,4.452951920978615,4.614120197553461,-1.0,-1.107,sl,11
2023-10-31 15:15:00,2023-10-31 16:40:00,S,4.36,4.437428625199695,4.437428625199695,4.1664284370007625,-1.0,-1.062,sl,17
2023-10-31 20:25:00,2023-11-01 04:25:00,L,4.46,4.42,4.403587433476023,4.601031416309942,-0.709,-0.796,time,96
2023-11-01 05:05:00,2023-11-01 06:00:00,S,4.406,4.3462857687666006,4.429885692493359,4.3462857687666006,2.5,2.297,tp,11
2023-11-01 06:05:00,2023-11-01 12:55:00,S,4.342,4.4184109139028935,4.4184109139028935,4.150972715242765,-1.0,-1.063,sl,82
2023-11-01 13:00:00,2023-11-01 19:00:00,L,4.408,4.632352945955069,4.318258821617973,4.632352945955069,2.5,2.446,tp,72
2023-11-01 19:05:00,2023-11-02 03:05:00,L,4.726,4.781,4.407624523610684,5.52193869097329,0.173,0.156,time,96
2023-11-02 03:25:00,2023-11-02 03:45:00,L,4.785,4.759667879091796,4.759667879091796,4.84833030227051,-1.0,-1.208,sl,4
2023-11-02 09:00:00,2023-11-02 15:05:00,L,4.688,4.603477496385148,4.603477496385148,4.899306259037129,-1.0,-1.061,sl,73
2023-11-02 17:50:00,2023-11-03 00:25:00,L,4.685,4.583699621837225,4.583699621837225,4.938250945406937,-1.0,-1.051,sl,79
2023-11-03 00:30:00,2023-11-03 08:30:00,S,4.572,4.566,4.650621245090642,4.3754468872733945,0.076,0.012,time,96
2023-11-03 09:55:00,2023-11-03 13:55:00,S,4.506,4.56781736919848,4.56781736919848,4.351456577003802,-1.0,-1.08,sl,48
2023-11-03 14:00:00,2023-11-03 22:00:00,L,4.582,4.611,4.521243706140539,4.733890734648652,0.477,0.394,time,96
2023-11-04 06:10:00,2023-11-04 14:10:00,L,4.661,4.707,4.609811489475206,4.788971276311984,0.899,0.798,time,96
2023-11-04 21:25:00,2023-11-05 04:50:00,L,4.677,4.7761211426075825,4.637351542956966,4.7761211426075825,2.5,2.37,tp,89
2023-11-05 04:55:00,2023-11-05 12:55:00,L,4.792,4.869,4.739355777884769,4.923610555288077,1.463,1.363,time,96
2023-11-05 13:00:00,2023-11-05 13:55:00,L,4.869,4.792919909623206,4.792919909623206,5.059200225941986,-1.0,-1.07,sl,11
2023-11-05 17:15:00,2023-11-05 20:50:00,L,4.846,4.778119604996913,4.778119604996913,5.015700987507717,-1.0,-1.079,sl,43
2023-11-05 21:20:00,2023-11-06 01:05:00,S,4.775,4.846505776291435,4.846505776291435,4.596235559271413,-1.0,-1.073,sl,45
2023-11-06 01:10:00,2023-11-06 02:30:00,L,4.847,4.747349689179772,4.747349689179772,5.096125777050572,-1.0,-1.054,sl,16
2023-11-06 05:20:00,2023-11-06 07:55:00,S,4.713,4.780744527094279,4.780744527094279,4.543638682264303,-1.0,-1.077,sl,31
2023-11-06 08:00:00,2023-11-06 16:00:00,L,4.782,4.889,4.728508232428339,4.915729418929152,2.0,1.902,time,96
2023-11-06 19:35:00,2023-11-07 03:35:00,L,4.935,4.921,4.840306404678869,5.171733988302826,-0.148,-0.205,time,96
2023-11-07 15:20:00,2023-11-07 18:10:00,S,4.812,4.901081599789469,4.901081599789469,4.589296000526328,-1.0,-1.059,sl,34
2023-11-07 18:15:00,2023-11-08 02:15:00,L,4.901,4.923,4.734678354327054,5.316804114182365,0.132,0.1,time,96
2023-11-08 07:30:00,2023-11-08 12:40:00,L,4.934,5.05400796579474,4.885996813682104,5.05400796579474,2.5,2.387,tp,62
2023-11-08 12:50:00,2023-11-08 15:20:00,L,5.03,4.93184472497399,4.93184472497399,5.275388187565026,-1.0,-1.056,sl,30
2023-11-08 18:15:00,2023-11-09 02:15:00,L,5.022,5.093,4.980660267253633,5.125349331865919,1.717,1.584,time,96
2023-11-09 02:20:00,2023-11-09 10:20:00,L,5.093,5.153,5.055729208086619,5.186176979783451,1.61,1.46,time,96
2023-11-09 14:25:00,2023-11-09 16:10:00,L,5.186,5.068313303880136,5.068313303880136,5.48021674029966,-1.0,-1.048,sl,21
2023-11-09 16:15:00,2023-11-10 00:15:00,S,4.793,5.132,5.2835492018818915,3.566626995295272,-0.691,-0.702,time,96
2023-11-10 00:20:00,2023-11-10 08:20:00,L,5.132,5.065,4.995795568135361,5.4725110796615954,-0.492,-0.533,time,96
2023-11-10 10:15:00,2023-11-10 13:55:00,L,5.126,5.055533931068918,5.055533931068918,5.302165172327707,-1.0,-1.08,sl,44
2023-11-10 14:10:00,2023-11-10 18:00:00,S,5.049,5.145076755522219,5.145076755522219,4.808808111194453,-1.0,-1.058,sl,46
2023-11-10 18:05:00,2023-11-10 22:00:00,L,5.153,5.285092642014705,5.100162943194118,5.285092642014705,2.5,2.393,tp,47
2023-11-10 22:05:00,2023-11-11 04:00:00,L,5.295,5.184919046370942,5.184919046370942,5.570202384072646,-1.0,-1.053,sl,71
2023-11-11 09:35:00,2023-11-11 17:35:00,L,5.344,5.572,5.20150852276033,5.700228693099177,1.6,1.559,time,96
2023-11-11 19:40:00,2023-11-11 22:10:00,L,5.607,5.523696389591338,5.523696389591338,5.815259026021655,-1.0,-1.074,sl,30
2023-11-12 02:50:00,2023-11-12 04:30:00,L,5.624,5.537124149079761,5.537124149079761,5.841189627300595,-1.0,-1.071,sl,20
2023-11-12 07:00:00,2023-11-12 15:00:00,L,5.623,5.792,5.51570525128643,5.891236871783924,1.575,1.517,time,96
2023-11-12 21:00:00,2023-11-12 23:15:00,L,5.758,5.692983070897426,5.692983070897426,5.920542322756436,-1.0,-1.097,sl,27
2023-11-13 01:15:00,2023-11-13 04:35:00,L,5.808,5.61905905045798,5.61905905045798,6.280352373855049,-1.0,-1.034,sl,40
2023-11-13 07:20:00,2023-11-13 12:20:00,L,5.711,5.541378615017057,5.541378615017057,6.135053462457359,-1.0,-1.037,sl,60
2023-11-13 14:45:00,2023-11-13 16:20:00,S,5.499,5.619514591241456,5.619514591241456,5.1977135218963575,-1.0,-1.05,sl,19
2023-11-13 21:05:00,2023-11-14 05:05:00,S,5.44,5.409,5.541963914319768,5.185090214200581,0.304,0.245,time,96
2023-11-14 09:50:00,2023-11-14 17:50:00,S,5.438,5.282,5.523070159722605,5.2253246006934875,1.834,1.763,time,96
2023-11-14 18:00:00,2023-11-15 02:00:00,S,5.259,5.219,5.389454627589081,4.9328634310272985,0.307,0.262,time,96
2023-11-15 11:05:00,2023-11-15 18:50:00,L,5.369,5.549807848107758,5.296676860756897,5.549807848107758,2.5,2.418,tp,93
2023-11-15 19:05:00,2023-11-16 03:05:00,L,5.566,5.577,5.400669636751947,5.979325908120132,0.067,0.03,time,96
2023-11-16 07:10:00,2023-11-16 12:00:00,L,5.668,5.565025017187026,5.565025017187026,5.925437457032435,-1.0,-1.061,sl,58
2023-11-16 15:50:00,2023-11-16 23:50:00,S,5.481,5.373,5.618221441304996,5.137946396737509,0.787,0.743,time,96
2023-11-17 07:25:00,2023-11-17 14:40:00,S,5.4,5.192914350347895,5.482834259860843,5.192914350347895,2.5,2.428,tp,87
2023-11-17 14:45:00,2023-11-17 22:45:00,S,5.185,5.249,5.362147302919611,4.74213174270097,-0.361,-0.393,time,96
2023-11-18 00:40:00,2023-11-18 06:55:00,S,5.191,5.036753601353548,5.25269855945858,5.036753601353548,2.5,2.407,tp,75
2023-11-18 07:00:00,2023-11-18 08:40:00,S,5.035,5.133136290073206,5.133136290073206,4.7896592748169855,-1.0,-1.056,sl,20
2023-11-18 13:20:00,2023-11-18 14:20:00,S,5.104,5.157710878384837,5.157710878384837,4.969722804037909,-1.0,-1.105,sl,12
2023-11-19 01:00:00,2023-11-19 03:50:00,S,5.204,5.296103950741986,5.296103950741986,4.973740123145034,-1.0,-1.062,sl,34
2023-11-19 10:15:00,2023-11-19 15:35:00,S,5.264,5.30913477733464,5.30913477733464,5.1511630566634015,-1.0,-1.128,sl,64
2023-11-19 15:40:00,2023-11-19 23:40:00,L,5.302,5.46,5.224307283514264,5.496231791214338,2.034,1.959,time,96
2023-11-20 08:20:00,2023-11-20 12:15:00,L,5.525,5.423546140988489,5.423546140988489,5.7786346475287775,-1.0,-1.06,sl,47
2023-11-20 21:05:00,2023-11-21 05:05:00,S,5.324,5.25,5.377345704965055,5.190635737587361,1.387,1.277,time,96
2023-11-21 07:10:00,2023-11-21 14:10:00,S,5.224,5.113565942024515,5.2681736231901946,5.113565942024515,2.5,2.37,tp,84
2023-11-21 14:15:00,2023-11-21 18:05:00,S,5.129,4.921369341558497,5.2120522633766,4.921369341558497,2.5,2.432,tp,46
2023-11-21 18:10:00,2023-11-22 02:10:00,S,4.937,4.953,5.194162503705234,4.2940937407369155,-0.062,-0.083,time,96
2023-11-22 14:55:00,2023-11-22 16:55:00,S,5.061,5.123714870080659,5.123714870080659,4.904212824798353,-1.0,-1.089,sl,24
2023-11-22 17:15:00,2023-11-23 01:15:00,L,5.149,5.189,5.056721652357788,5.3796958691055305,0.433,0.372,time,96
2023-11-23 08:45:00,2023-11-23 11:10:00,L,5.198,5.166076798761034,5.166076798761034,5.277808003097418,-1.0,-1.179,sl,29
2023-11-23 11:15:00,2023-11-23 19:15:00,S,5.16,5.12,5.206229081240779,5.0444272968980535,0.865,0.742,time,96
2023-11-23 19:35:00,2023-11-23 22:55:00,S,5.11,5.140040871200844,5.140040871200844,5.034897821997891,-1.0,-1.187,sl,40
2023-11-24 00:30:00,2023-11-24 06:40:00,L,5.144,5.201316487174428,5.121073405130229,5.201316487174428,2.5,2.253,tp,74
2023-11-24 06:45:00,2023-11-24 14:45:00,L,5.201,5.194,5.164135855036364,5.293160362409088,-0.19,-0.345,time,96
2023-11-24 15:35:00,2023-11-24 23:35:00,L,5.247,5.244,5.169398243177357,5.441004392056608,-0.039,-0.113,time,96
2023-11-25 02:35:00,2023-11-25 05:15:00,L,5.331,5.281688156540207,5.281688156540207,5.4542796086494825,-1.0,-1.119,sl,32
2023-11-25 13:45:00,2023-11-25 21:45:00,L,5.319,5.336,5.284077332718557,5.406306668203609,0.487,0.319,time,96
2023-11-26 00:55:00,2023-11-26 01:10:00,L,5.35,5.324097697251023,5.324097697251023,5.414755756872441,-1.0,-1.227,sl,3
2023-11-26 05:20:00,2023-11-26 12:20:00,L,5.363,5.318209960770342,5.318209960770342,5.474975098074147,-1.0,-1.132,sl,84
2023-11-26 14:35:00,2023-11-26 20:40:00,S,5.282,5.363280138979052,5.363280138979052,5.07879965255237,-1.0,-1.071,sl,73
2023-11-26 20:45:00,2023-11-27 03:25:00,L,5.357,5.265423586003548,5.265423586003548,5.58594103499113,-1.0,-1.064,sl,80
2023-11-27 03:30:00,2023-11-27 04:30:00,S,5.264,5.31025458735685,5.31025458735685,5.148363531607876,-1.0,-1.125,sl,12
2023-11-27 07:05:00,2023-11-27 13:50:00,S,5.276,5.124797675409,5.3364809298364,5.124797675409,2.5,2.404,tp,81
2023-11-27 13:55:00,2023-11-27 14:55:00,S,5.149,5.085904227894828,5.174238308842069,5.085904227894828,2.5,2.276,tp,12
2023-11-27 15:00:00,2023-11-27 23:00:00,S,5.096,5.131,5.1699535043673555,4.911116239081611,-0.473,-0.549,time,96
2023-11-28 08:55:00,2023-11-28 09:40:00,S,5.118,5.174642512508555,5.174642512508555,4.976393718728613,-1.0,-1.099,sl,9
2023-11-28 14:00:00,2023-11-28 22:00:00,L,5.23,5.26,5.1627696110458245,5.39807597238544,0.446,0.361,time,96
2023-11-29 00:55:00,2023-11-29 05:35:00,L,5.305,5.253773348643485,5.253773348643485,5.433066628391286,-1.0,-1.114,sl,56
2023-11-29 06:55:00,2023-11-29 14:15:00,L,5.306,5.262075989857312,5.262075989857312,5.41581002535672,-1.0,-1.133,sl,88
2023-11-29 14:20:00,2023-11-29 22:20:00,S,5.27,5.169,5.325949515373231,5.130126211566921,1.805,1.702,time,96
2023-11-30 01:10:00,2023-11-30 03:45:00,S,5.137,5.16907095304748,5.16907095304748,5.056822617381299,-1.0,-1.176,sl,31
2023-11-30 08:40:00,2023-11-30 10:45:00,S,5.139,5.186218598638738,5.186218598638738,5.020953503403156,-1.0,-1.12,sl,25
2023-11-30 13:30:00,2023-11-30 14:05:00,L,5.215,5.18300224007613,5.18300224007613,5.294994399809675,-1.0,-1.179,sl,7
2023-11-30 14:25:00,2023-11-30 15:40:00,L,5.24,5.3995297229604216,5.176188110815832,5.3995297229604216,2.5,2.41,tp,15
2023-11-30 15:45:00,2023-11-30 23:45:00,L,5.435,5.482,5.210401846293905,5.996495384265236,0.209,0.183,time,96
2023-12-01 02:55:00,2023-12-01 06:05:00,L,5.494,5.4567695601827095,5.4567695601827095,5.587076099543225,-1.0,-1.162,sl,38
2023-12-01 23:55:00,2023-12-02 00:25:00,L,5.483,5.46325213142608,5.46325213142608,5.5323696714348,-1.0,-1.305,sl,6
2023-12-02 03:50:00,2023-12-02 11:50:00,L,5.484,5.533,5.455261499056002,5.555846252359995,1.705,1.495,time,96
2023-12-02 18:40:00,2023-12-02 21:55:00,L,5.513,5.605818947889011,5.475872420844396,5.605818947889011,2.5,2.337,tp,39
2023-12-02 22:00:00,2023-12-02 22:50:00,L,5.604,5.5579263217705,5.5579263217705,5.7191841955737495,-1.0,-1.134,sl,10
2023-12-03 01:15:00,2023-12-03 03:00:00,L,5.611,5.5589987126340485,5.5589987126340485,5.741003218414878,-1.0,-1.119,sl,21
2023-12-03 12:50:00,2023-12-03 15:55:00,S,5.472,5.516097641100147,5.516097641100147,5.361755897249633,-1.0,-1.136,sl,37
2023-12-03 16:00:00,2023-12-03 19:10:00,L,5.511,5.447004196049453,5.447004196049453,5.670989509876368,-1.0,-1.095,sl,38
2023-12-03 19:15:00,2023-12-03 20:05:00,S,5.449,5.474748600297489,5.474748600297489,5.3846284992562765,-1.0,-1.233,sl,10
2023-12-03 20:30:00,2023-12-03 22:30:00,L,5.488,5.614986991813392,5.437205203274644,5.614986991813392,2.5,2.381,tp,24
2023-12-03 22:35:00,2023-12-04 06:35:00,L,5.611,5.672,5.487212291866679,5.920469270333302,0.493,0.443,time,96
2023-12-04 06:45:00,2023-12-04 11:10:00,L,5.69,5.62239210765201,5.62239210765201,5.859019730869978,-1.0,-1.093,sl,53
2023-12-04 15:35:00,2023-12-04 16:50:00,S,5.486,5.556505057031022,5.556505057031022,5.309737357422444,-1.0,-1.086,sl,15
2023-12-04 20:30:00,2023-12-05 04:30:00,L,5.602,5.615,5.5478037045795405,5.73749073855115,0.24,0.126,time,96
2023-12-05 05:30:00,2023-12-05 07:00:00,L,5.667,5.59961624539235,5.59961624539235,5.835459386519124,-1.0,-1.093,sl,18
2023-12-05 08:15:00,2023-12-05 10:30:00,L,5.699,5.567667555486257,5.567667555486257,6.027331111284356,-1.0,-1.048,sl,27
2023-12-05 10:35:00,2023-12-05 16:40:00,S,5.564,5.671857465498862,5.671857465498862,5.294356336252846,-1.0,-1.057,sl,73
2023-12-05 16:45:00,2023-12-05 23:20:00,L,5.672,5.897765143602008,5.5816939425591965,5.897765143602008,2.5,2.431,tp,79
2023-12-05 23:25:00,2023-12-06 05:35:00,L,5.902,5.778644910067484,5.778644910067484,6.210387724831289,-1.0,-1.053,sl,74
2023-12-06 07:30:00,2023-12-06 11:30:00,L,5.936,5.815300605863879,5.815300605863879,6.237748485340303,-1.0,-1.054,sl,48
2023-12-06 12:55:00,2023-12-06 20:55:00,L,6.048,6.053,5.909593854668637,6.394015363328407,0.036,-0.012,time,96
2023-12-06 23:20:00,2023-12-07 07:20:00,L,6.097,6.139,5.988772916617111,6.367567708457224,0.388,0.326,time,96
2023-12-07 15:15:00,2023-12-07 17:15:00,L,6.056,6.215792498446428,5.992083000621429,6.215792498446428,2.5,2.396,tp,24
2023-12-07 17:20:00,2023-12-08 01:20:00,L,6.23,6.231,6.1060685955703775,6.539828511074058,0.008,-0.047,time,96
2023-12-08 04:25:00,2023-12-08 12:00:00,L,6.269,6.405789356012088,6.214284257595165,6.405789356012088,2.5,2.374,tp,91
2023-12-08 12:05:00,2023-12-08 13:55:00,L,6.401,6.669025956071875,6.2937896175712496,6.669025956071875,2.5,2.434,tp,22
2023-12-08 14:00:00,2023-12-08 22:00:00,L,6.67,6.744,6.538728890333349,6.998177774166627,0.564,0.508,time,96
2023-12-08 22:05:00,2023-12-09 00:10:00,L,6.744,6.93410668846221,6.667957324615116,6.93410668846221,2.5,2.402,tp,25
2023-12-09 00:15:00,2023-12-09 00:30:00,L,6.917,7.193246320110507,6.806501471955797,7.193246320110507,2.5,2.431,tp,3
2023-12-09 00:35:00,2023-12-09 08:35:00,L,7.113,7.4,6.832731850677127,7.813670373307184,1.024,0.996,time,96
2023-12-09 12:25:00,2023-12-09 12:50:00,L,7.619,7.489606057154545,7.489606057154545,7.9424848571136355,-1.0,-1.065,sl,5
2023-12-09 19:55:00,2023-12-09 20:15:00,L,7.285,7.221922832840279,7.221922832840279,7.442692917899304,-1.0,-1.127,sl,4
2023-12-10 00:15:00,2023-12-10 08:15:00,L,7.248,7.158,7.015115077400635,7.830212306498414,-0.386,-0.421,time,96
2023-12-10 09:05:00,2023-12-10 12:25:00,S,7.126,7.220484139935244,7.220484139935244,6.889789650161892,-1.0,-1.083,sl,40
2023-12-10 12:30:00,2023-12-10 20:30:00,L,7.208,7.238,7.0593014629602235,7.579746342599442,0.202,0.148,time,96
2023-12-10 20:55:00,2023-12-11 01:00:00,L,7.312,7.14680759420998,7.14680759420998,7.724981014475052,-1.0,-1.049,sl,49
2023-12-11 02:15:00,2023-12-11 10:15:00,S,6.567,6.695,7.260911217262467,4.832221956843833,-0.184,-0.195,time,96
2023-12-11 13:40:00,2023-12-11 21:40:00,S,6.662,6.695,6.810930117892693,6.2896747052682676,-0.222,-0.271,time,96
2023-12-12 02:15:00,2023-12-12 07:35:00,L,6.892,7.2049014063573225,6.7668394374570715,7.2049014063573225,2.5,2.439,tp,64
2023-12-12 07:40:00,2023-12-12 15:40:00,L,7.211,7.192,6.9228160233277,7.931459941680751,-0.066,-0.093,time,96
2023-12-12 17:05:00,2023-12-13 00:05:00,S,6.994,7.1880704600398895,7.1880704600398895,6.508823849900276,-1.0,-1.04,sl,84
2023-12-13 00:10:00,2023-12-13 01:25:00,L,7.193,6.9627825741008555,6.9627825741008555,7.76854356474786,-1.0,-1.034,sl,15
2023-12-13 01:50:00,2023-12-13 09:50:00,S,6.869,6.825,7.259397212130632,5.893006969673419,0.113,0.093,time,96
2023-12-13 10:50:00,2023-12-13 13:05:00,S,6.749,6.835226392193251,6.835226392193251,6.533434019516871,-1.0,-1.086,sl,27
2023-12-13 13:25:00,2023-12-13 19:10:00,L,6.889,7.13530331581875,6.7904786736725,7.13530331581875,2.5,2.423,tp,69
2023-12-13 19:15:00,2023-12-13 22:05:00,L,7.123,7.484491205622671,6.978403517750932,7.484491205622671,2.5,2.446,tp,34
2023-12-13 22:10:00,2023-12-14 06:10:00,L,7.471,7.39,7.3018441139368235,7.8938897151579415,-0.479,-0.527,time,96
2023-12-14 11:15:00,2023-12-14 13:10:00,L,7.43,7.300342727802131,7.300342727802131,7.754143180494671,-1.0,-1.063,sl,23
2023-12-14 17:45:00,2023-12-15 01:45:00,L,7.578,7.52,7.272621775700147,8.341445560749634,-0.19,-0.217,time,96
2023-12-15 05:20:00,2023-12-15 13:20:00,S,7.345,7.253,7.441627809299314,7.103430476751713,0.952,0.868,time,96
2023-12-15 13:40:00,2023-12-15 21:40:00,S,7.177,7.074,7.297538678356495,6.875653304108761,0.854,0.789,time,96
2023-12-15 22:05:00,2023-12-16 00:35:00,S,7.026,6.869705539162453,7.088517784335019,6.869705539162453,2.5,2.376,tp,30
2023-12-16 00:40:00,2023-12-16 01:10:00,S,6.911,7.042190880945266,7.042190880945266,6.5830227976368345,-1.0,-1.058,sl,6
2023-12-16 12:00:00,2023-12-16 19:10:00,L,7.204,7.115190438148405,7.115190438148405,7.4260239046289875,-1.0,-1.089,sl,86
2023-12-16 19:15:00,2023-12-17 03:15:00,S,7.119,7.068,7.202439914631119,6.910400213422201,0.611,0.517,time,96
2023-12-17 05:45:00,2023-12-17 13:45:00,S,7.028,6.91,7.146371020898968,6.732072447752579,0.997,0.932,time,96
2023-12-17 14:25:00,2023-12-17 16:55:00,S,6.906,6.971071783646276,6.971071783646276,6.743320540884309,-1.0,-1.117,sl,30
2023-12-17 21:40:00,2023-12-18 02:55:00,S,6.862,6.643190255164447,6.949523897934221,6.643190255164447,2.5,2.414,tp,63
2023-12-18 03:00:00,2023-12-18 04:50:00,S,6.662,6.771352011851251,6.771352011851251,6.388619970371872,-1.0,-1.067,sl,22
2023-12-18 07:45:00,2023-12-18 10:30:00,S,6.676,6.444843190567489,6.768462723773005,6.444843190567489,2.5,2.421,tp,33
2023-12-18 10:35:00,2023-12-18 14:30:00,S,6.408,6.646468851570376,6.646468851570376,5.811827871074062,-1.0,-1.03,sl,47
2023-12-18 21:05:00,2023-12-19 05:05:00,L,6.789,6.927,6.641496915479368,7.15775771130158,0.936,0.885,time,96
2023-12-19 08:25:00,2023-12-19 09:00:00,L,7.009,6.918732433811223,6.918732433811223,7.234668915471945,-1.0,-1.085,sl,7
2023-12-19 12:00:00,2023-12-19 17:55:00,S,6.838,6.62521681026246,6.923113275895016,6.62521681026246,2.5,2.412,tp,71
2023-12-19 18:00:00,2023-12-20 02:00:00,S,6.634,6.69,6.789723030699047,6.244692423252383,-0.36,-0.406,time,96
2023-12-20 02:10:00,2023-12-20 03:55:00,S,6.639,6.761965163584835,6.761965163584835,6.331587091037914,-1.0,-1.059,sl,21
2023-12-20 04:20:00,2023-12-20 09:30:00,L,6.816,7.031165290201972,6.729933883919211,7.031165290201972,2.5,2.413,tp,62
2023-12-20 09:35:00,2023-12-20 17:35:00,L,7.049,7.051,6.911927401801555,7.391681495496114,0.015,-0.042,time,96
2023-12-20 20:05:00,2023-12-21 00:35:00,S,6.924,7.075054769381852,7.075054769381852,6.54636307654537,-1.0,-1.05,sl,54
2023-12-21 00:45:00,2023-12-21 08:20:00,L,7.11,7.579164205342893,6.922334317862843,7.579164205342893,2.5,2.458,tp,91
2023-12-21 08:25:00,2023-12-21 16:25:00,L,7.581,7.762,7.366562554434453,8.11709361391387,0.844,0.805,time,96
2023-12-21 17:00:00,2023-12-22 01:00:00,L,7.898,8.376,7.510677851199977,8.866305372000056,1.234,1.212,time,96
2023-12-22 10:50:00,2023-12-22 18:50:00,L,8.031,8.078,7.875701028936378,8.419247427659057,0.303,0.246,time,96
2023-12-23 01:55:00,2023-12-23 09:55:00,S,7.798,7.841,7.901004166262028,7.540489584344931,-0.417,-0.501,time,96
2023-12-23 10:10:00,2023-12-23 18:10:00,L,7.873,7.858,7.765172983122512,8.14256754219372,-0.139,-0.219,time,96
2023-12-23 19:05:00,2023-12-23 20:55:00,L,7.895,8.05523582418551,7.830905670325795,8.05523582418551,2.5,2.365,tp,22
2023-12-23 21:00:00,2023-12-24 00:10:00,L,8.059,8.549758494903397,7.86269660203864,8.549758494903397,2.5,2.455,tp,38
2023-12-24 00:15:00,2023-12-24 01:45:00,L,8.467,8.878755832467775,8.30229766701289,8.878755832467775,2.5,2.443,tp,18
2023-12-24 01:50:00,2023-12-24 05:40:00,L,8.885,8.488247315992274,8.488247315992274,9.876881710019315,-1.0,-1.025,sl,46
2023-12-24 08:35:00,2023-12-24 13:30:00,L,8.696,9.2084503318737,8.49101986725052,9.2084503318737,2.5,2.453,tp,59
2023-12-24 13:35:00,2023-12-24 15:05:00,L,9.147,8.874834331338135,8.874834331338135,9.827414171654663,-1.0,-1.037,sl,18
2023-12-25 01:15:00,2023-12-25 09:15:00,L,8.797,9.1,8.503092536765363,9.531768658086595,1.031,0.998,time,96
2023-12-25 18:05:00,2023-12-26 02:05:00,L,9.3,9.434,8.955881572656807,10.160296068357985,0.389,0.36,time,96
2023-12-26 09:50:00,2023-12-26 10:25:00,S,8.957,9.085620624371895,9.085620624371895,8.635448439070265,-1.0,-1.077,sl,7
2023-12-26 10:35:00,2023-12-26 15:50:00,L,9.143,8.85044881276642,8.85044881276642,9.874377968083953,-1.0,-1.034,sl,63
2023-12-26 15:55:00,2023-12-26 23:55:00,S,8.855,8.828,9.077131701942843,8.299670745142894,0.122,0.078,time,96
2023-12-27 00:40:00,2023-12-27 03:30:00,S,8.722,8.42061135721521,8.842555457113916,8.42061135721521,2.5,2.42,tp,34
2023-12-27 03:35:00,2023-12-27 05:15:00,S,8.452,8.625797416433334,8.625797416433334,8.017506458916664,-1.0,-1.053,sl,20
2023-12-27 08:05:00,2023-12-27 16:05:00,L,8.727,8.913,8.537954804673603,9.199612988315993,0.984,0.933,time,96
2023-12-27 22:45:00,2023-12-28 00:35:00,S,8.653,8.859619000938933,8.859619000938933,8.13645249765267,-1.0,-1.046,sl,22
2023-12-28 00:45:00,2023-12-28 02:30:00,L,8.872,8.641595166344901,8.641595166344901,9.448012084137748,-1.0,-1.042,sl,21
2023-12-28 02:35:00,2023-12-28 10:35:00,S,8.64,8.756,8.860397138094692,8.089007154763273,-0.526,-0.569,time,96
2023-12-28 12:35:00,2023-12-28 20:35:00,S,8.595,8.384,8.760982305035563,8.180044237411094,1.271,1.214,time,96
2023-12-29 00:55:00,2023-12-29 08:40:00,S,8.313,8.526925280366886,8.526925280366886,7.778186799082788,-1.0,-1.043,sl,93
2023-12-29 08:45:00,2023-12-29 16:20:00,L,8.511,8.287958337997733,8.287958337997733,9.068604155005666,-1.0,-1.042,sl,91
2023-12-29 16:25:00,2023-12-30 00:25:00,S,8.318,8.335,8.560908454880193,7.710728862799515,-0.07,-0.108,time,96
2023-12-30 07:35:00,2023-12-30 08:25:00,S,8.385,8.259599887956462,8.435160044817415,8.259599887956462,2.5,2.316,tp,10
2023-12-30 08:30:00,2023-12-30 16:30:00,S,8.25,8.376,8.4142324301097,7.839418924725752,-0.767,-0.822,time,96
2023-12-30 22:00:00,2023-12-30 22:50:00,L,8.399,8.3016786750237,8.3016786750237,8.642303312440747,-1.0,-1.095,sl,10
2023-12-30 22:55:00,2023-12-31 06:55:00,S,8.326,8.315,8.436477901131685,8.04980524717079,0.1,0.017,time,96
2023-12-31 07:20:00,2023-12-31 07:35:00,L,8.379,8.569439181434461,8.302824327426215,8.569439181434461,2.5,2.379,tp,3
2023-12-31 07:40:00,2023-12-31 15:40:00,L,8.516,8.53,8.306700744999905,9.039248137500238,0.067,0.022,time,96
2023-12-31 20:50:00,2024-01-01 04:50:00,S,8.332,8.147,8.499634610163824,7.912913474590443,1.104,1.049,time,96
2024-01-01 15:25:00,2024-01-01 23:25:00,L,8.373,8.623,8.24016271687936,8.7050932078016,1.882,1.813,time,96
2024-01-01 23:35:00,2024-01-02 07:35:00,L,8.62,8.704,8.502151193535765,8.914622016160585,0.713,0.632,time,96
2024-01-02 08:15:00,2024-01-02 11:35:00,L,8.727,8.65790263828254,8.65790263828254,8.899743404293652,-1.0,-1.139,sl,40
2024-01-02 14:40:00,2024-01-02 22:40:00,S,8.557,8.408,8.759400691426547,8.050998271433633,0.736,0.69,time,96
2024-01-03 05:30:00,2024-01-03 07:50:00,L,8.575,8.442699845752033,8.442699845752033,8.905750385619914,-1.0,-1.071,sl,28
2024-01-03 07:55:00,2024-01-03 11:55:00,S,8.442,8.11785866744436,8.571656533022256,8.11785866744436,2.5,2.428,tp,48
2024-01-03 12:00:00,2024-01-03 12:05:00,S,8.148,7.293428728039433,8.489828508784226,7.293428728039433,2.5,2.474,tp,1
2024-01-03 12:10:00,2024-01-03 20:10:00,S,6.535,7.686,8.475554746597929,1.6836131335051778,-0.593,-0.597,time,96
2024-01-03 22:45:00,2024-01-04 06:45:00,S,7.65,7.711,7.822258998596295,7.219352503509263,-0.354,-0.403,time,96
2024-01-04 07:45:00,2024-01-04 14:40:00,S,7.641,7.749806831929993,7.749806831929993,7.368982920175018,-1.0,-1.077,sl,83
2024-01-05 01:50:00,2024-01-05 09:50:00,S,7.658,7.66,7.960316905723955,6.902207735690114,-0.007,-0.034,time,96
2024-01-05 10:55:00,2024-01-05 17:05:00,S,7.543,7.203022581121976,7.67899096755121,7.203022581121976,2.5,2.439,tp,74
2024-01-05 17:10:00,2024-01-05 20:50:00,S,7.235,7.393604149398745,7.393604149398745,6.838489626503139,-1.0,-1.05,sl,44
2024-01-06 01:30:00,2024-01-06 05:50:00,S,7.317,7.057767806667599,7.420692877332961,7.057767806667599,2.5,2.422,tp,52
2024-01-06 05:55:00,2024-01-06 13:55:00,S,7.071,7.181,7.274558374047366,6.562104064881583,-0.54,-0.579,time,96
2024-01-06 19:35:00,2024-01-07 03:35:00,S,7.189,7.115,7.313468722292839,6.877828194267902,0.595,0.531,time,96
2024-01-07 09:15:00,2024-01-07 17:15:00,S,7.182,7.107,7.331405360989997,6.808486597525008,0.502,0.449,time,96
2024-01-07 21:35:00,2024-01-07 22:15:00,S,7.137,6.959472604865814,7.2080109580536735,6.959472604865814,2.5,2.389,tp,8
2024-01-07 22:20:00,2024-01-08 06:20:00,S,6.948,6.963,7.185851258649747,6.3533718533756325,-0.063,-0.095,time,96
2024-01-08 11:30:00,2024-01-08 13:15:00,L,7.017,7.213898842743068,6.938240462902773,7.213898842743068,2.5,2.402,tp,21
2024-01-08 13:20:00,2024-01-08 18:35:00,L,7.193,7.429621621457661,7.098351351416935,7.429621621457661,2.5,2.416,tp,63
2024-01-08 18:40:00,2024-01-09 02:40:00,L,7.468,7.37,7.207131365680809,8.120171585797978,-0.376,-0.407,time,96
2024-01-09 04:50:00,2024-01-09 09:45:00,L,7.456,7.308071466747087,7.308071466747087,7.825821333132284,-1.0,-1.055,sl,59
2024-01-09 12:50:00,2024-01-09 20:50:00,S,7.276,6.915499646194183,7.420200141522327,6.915499646194183,2.5,2.444,tp,96
2024-01-09 20:55:00,2024-01-09 21:10:00,S,6.923,7.0553284994940295,7.0553284994940295,6.592178751264926,-1.0,-1.058,sl,3
2024-01-10 08:25:00,2024-01-10 09:20:00,S,7.052,7.123126903868202,7.123126903868202,6.874182740329495,-1.0,-1.109,sl,11
2024-01-10 09:35:00,2024-01-10 12:25:00,L,7.189,6.978056414386043,6.978056414386043,7.716358964034892,-1.0,-1.037,sl,34
2024-01-10 12:30:00,2024-01-10 17:55:00,S,6.99,7.158256847819497,7.158256847819497,6.569357880451259,-1.0,-1.046,sl,65
2024-01-10 18:00:00,2024-01-10 21:10:00,L,7.159,7.549511071242529,7.002795571502988,7.549511071242529,2.5,2.45,tp,38
2024-01-10 21:15:00,2024-01-11 05:15:00,L,7.531,8.151,7.084253110451751,8.647867223870621,1.388,1.369,time,96
2024-01-11 07:40:00,2024-01-11 15:40:00,L,8.339,8.23,7.850744464237492,9.559638839406272,-0.223,-0.242,time,96
2024-01-11 20:00:00,2024-01-11 20:40:00,L,8.229,8.13900546179311,8.13900546179311,8.453986345517222,-1.0,-1.101,sl,8
2024-01-12 05:50:00,2024-01-12 07:10:00,L,8.189,8.06096049927015,8.06096049927015,8.509098751824624,-1.0,-1.07,sl,16
2024-01-12 11:45:00,2024-01-12 12:45:00,L,8.099,8.021903369323962,8.021903369323962,8.291741576690097,-1.0,-1.116,sl,12
2024-01-12 13:40:00,2024-01-12 15:20:00,L,8.148,8.008294952637272,8.008294952637272,8.49726261840682,-1.0,-1.064,sl,20
2024-01-12 15:25:00,2024-01-12 23:25:00,S,7.926,7.576,8.222677312461908,7.184306718845231,1.18,1.15,time,96
2024-01-13 10:10:00,2024-01-13 15:15:00,S,7.627,7.693255997275242,7.693255997275242,7.461360006811895,-1.0,-1.127,sl,61
2024-01-14 00:05:00,2024-01-14 04:00:00,S,7.616,7.49952987718258,7.662588049126968,7.49952987718258,2.5,2.32,tp,47
2024-01-14 04:05:00,2024-01-14 05:50:00,S,7.499,7.580008919592155,7.580008919592155,7.296477701019612,-1.0,-1.102,sl,21
2024-01-14 11:45:00,2024-01-14 15:50:00,S,7.588,7.669177100395545,7.669177100395545,7.385057249011139,-1.0,-1.103,sl,49
2024-01-14 18:40:00,2024-01-14 20:00:00,S,7.606,7.408746072559023,7.684901570976391,7.408746072559023,2.5,2.394,tp,16
2024-01-14 20:05:00,2024-01-15 03:15:00,S,7.475,7.617963790746799,7.617963790746799,7.117590523133001,-1.0,-1.058,sl,86
2024-01-15 05:05:00,2024-01-15 06:50:00,L,7.682,7.5852185219859996,7.5852185219859996,7.923953695035003,-1.0,-1.087,sl,21
2024-01-15 06:55:00,2024-01-15 09:50:00,S,7.594,7.643941446350874,7.643941446350874,7.469146384122816,-1.0,-1.167,sl,35
2024-01-15 09:55:00,2024-01-15 12:45:00,L,7.639,7.534755020452465,7.534755020452465,7.899612448868838,-1.0,-1.081,sl,34
2024-01-15 13:55:00,2024-01-15 14:35:00,L,7.655,7.534611970726055,7.534611970726055,7.955970073184863,-1.0,-1.07,sl,8
2024-01-15 14:40:00,2024-01-15 18:30:00,S,7.539,7.675167761485976,7.675167761485976,7.19858059628506,-1.0,-1.061,sl,46
2024-01-15 18:35:00,2024-01-15 22:05:00,L,7.673,7.531559018140724,7.531559018140724,8.02660245464819,-1.0,-1.06,sl,42
2024-01-15 22:10:00,2024-01-16 01:00:00,S,7.534,7.590061813275889,7.590061813275889,7.393845466810277,-1.0,-1.148,sl,34
2024-01-16 06:15:00,2024-01-16 08:20:00,S,7.519,7.6091607220728985,7.6091607220728985,7.293598194817754,-1.0,-1.092,sl,25
2024-01-16 08:25:00,2024-01-16 11:35:00,L,7.62,7.4833822630187665,7.4833822630187665,7.9615443424530845,-1.0,-1.061,sl,38
2024-01-16 11:40:00,2024-01-16 13:00:00,S,7.48,7.5943015813467705,7.5943015813467705,7.194246046633076,-1.0,-1.072,sl,16
2024-01-16 13:55:00,2024-01-16 21:55:00,S,7.471,7.579,7.597556159944169,7.154609600139578,-0.853,-0.918,time,96
2024-01-17 00:15:00,2024-01-17 01:45:00,S,7.483,7.559855312316256,7.559855312316256,7.290861719209358,-1.0,-1.107,sl,18
2024-01-17 02:05:00,2024-01-17 04:35:00,L,7.579,7.469542963958504,7.469542963958504,7.8526425901037396,-1.0,-1.076,sl,30
2024-01-17 04:40:00,2024-01-17 12:40:00,S,7.458,7.439,7.529752299192101,7.278619252019749,0.265,0.15,time,96
2024-01-17 14:10:00,2024-01-17 22:10:00,S,7.375,7.341,7.4602931209538985,7.161767197615253,0.399,0.304,time,96
2024-01-17 22:30:00,2024-01-18 00:05:00,S,7.286,7.381216019927728,7.381216019927728,7.047959950180678,-1.0,-1.084,sl,19
2024-01-18 01:40:00,2024-01-18 09:40:00,S,7.249,7.309,7.391945365078305,6.891636587304236,-0.42,-0.476,time,96
2024-01-18 10:00:00,2024-01-18 12:15:00,S,7.29,7.16104632355484,7.341581470578064,7.16104632355484,2.5,2.345,tp,27
2024-01-18 12:20:00,2024-01-18 14:55:00,S,7.162,7.2335608700923215,7.2335608700923215,6.983097824769196,-1.0,-1.11,sl,31
2024-01-18 16:40:00,2024-01-19 00:40:00,S,7.109,7.022,7.236383355983916,6.79054161004021,0.683,0.622,time,96
2024-01-19 01:30:00,2024-01-19 06:40:00,S,6.923,7.028439507442815,7.028439507442815,6.659401231392962,-1.0,-1.072,sl,62
2024-01-19 12:25:00,2024-01-19 16:40:00,S,6.914,6.613745731870561,7.034101707251775,6.613745731870561,2.5,2.437,tp,51
2024-01-19 16:45:00,2024-01-19 18:50:00,S,6.585,6.838488197682198,6.838488197682198,5.951279505794506,-1.0,-1.029,sl,25
2024-01-20 00:40:00,2024-01-20 07:00:00,S,6.792,6.898263069404098,6.898263069404098,6.526342326489756,-1.0,-1.07,sl,76
2024-01-20 09:20:00,2024-01-20 17:20:00,S,6.84,6.854,6.902154747249725,6.684613131875688,-0.225,-0.346,time,96
2024-01-21 00:40:00,2024-01-21 02:55:00,S,6.876,6.919800157123427,6.919800157123427,6.7664996071914345,-1.0,-1.173,sl,27
2024-01-21 14:10:00,2024-01-21 15:25:00,L,6.97,6.903656324613114,6.903656324613114,7.135859188467214,-1.0,-1.116,sl,15
2024-01-21 15:40:00,2024-01-21 23:40:00,S,6.877,6.823,6.949966562937803,6.694583592655492,0.74,0.636,time,96
2024-01-21 23:45:00,2024-01-22 04:55:00,S,6.823,6.665868912041603,6.885852435183359,6.665868912041603,2.5,2.381,tp,62
2024-01-22 05:00:00,2024-01-22 05:40:00,S,6.664,6.736864731902869,6.736864731902869,6.481838170242828,-1.0,-1.101,sl,8
2024-01-22 08:35:00,2024-01-22 09:05:00,S,6.652,6.759875700776953,6.759875700776953,6.382310748057618,-1.0,-1.068,sl,6
2024-01-22 10:30:00,2024-01-22 18:30:00,S,6.557,6.501,6.797025188796771,5.956937028008074,0.233,0.203,time,96
2024-01-22 18:50:00,2024-01-23 02:50:00,S,6.445,6.44,6.567517218712239,6.138706953219403,0.041,-0.017,time,96
2024-01-23 07:30:00,2024-01-23 08:35:00,S,6.362,6.180176643515468,6.434729342593813,6.180176643515468,2.5,2.404,tp,13
2024-01-23 08:40:00,2024-01-23 16:40:00,S,6.181,6.237,6.382175048171585,5.678062379571037,-0.278,-0.312,time,96
2024-01-23 19:45:00,2024-01-23 22:30:00,S,6.213,6.277393922981276,6.277393922981276,6.0520151925468095,-1.0,-1.106,sl,33
2024-01-24 03:25:00,2024-01-24 05:30:00,S,6.271,6.332895555914398,6.332895555914398,6.116261110214005,-1.0,-1.111,sl,25
2024-01-24 09:00:00,2024-01-24 10:45:00,L,6.411,6.518353377447985,6.3680586490208055,6.518353377447985,2.5,2.336,tp,21
2024-01-24 10:50:00,2024-01-24 14:05:00,L,6.52,6.403663144049036,6.403663144049036,6.810842139877409,-1.0,-1.062,sl,39
2024-01-24 14:10:00,2024-01-24 22:10:00,S,6.409,6.369,6.484135220341403,6.221161949146492,0.532,0.439,time,96
2024-01-24 22:30:00,2024-01-25 06:30:00,L,6.401,6.435,6.316115795874492,6.61321051031377,0.401,0.318,time,96
2024-01-25 07:00:00,2024-01-25 12:30:00,L,6.521,6.428909339565044,6.428909339565044,6.751226651087391,-1.0,-1.078,sl,66
2024-01-25 13:55:00,2024-01-25 14:35:00,S,6.409,6.4888058043763985,6.4888058043763985,6.209485489059003,-1.0,-1.088,sl,8
2024-01-25 15:45:00,2024-01-25 18:05:00,S,6.378,6.484756216051156,6.484756216051156,6.111109459872111,-1.0,-1.066,sl,28
2024-01-26 00:20:00,2024-01-26 02:10:00,S,6.373,6.447820268429367,6.447820268429367,6.185949328926584,-1.0,-1.094,sl,22
2024-01-26 02:20:00,2024-01-26 06:50:00,L,6.467,6.370030699822211,6.370030699822211,6.7094232504444715,-1.0,-1.073,sl,54
2024-01-26 06:55:00,2024-01-26 09:45:00,S,6.373,6.42731552408632,6.42731552408632,6.2372111897842,-1.0,-1.129,sl,34
2024-01-26 10:45:00,2024-01-26 18:45:00,L,6.482,6.706,6.375695975975203,6.747760060061992,2.107,2.04,time,96
2024-01-26 20:15:00,2024-01-26 20:35:00,L,6.721,6.655114124030223,6.655114124030223,6.885714689924443,-1.0,-1.112,sl,4
2024-01-27 09:00:00,2024-01-27 09:40:00,S,6.538,6.573344588967866,6.573344588967866,6.449638527580335,-1.0,-1.203,sl,8
2024-01-27 09:55:00,2024-01-27 17:55:00,L,6.587,6.646,6.5236758478177155,6.74531038045571,0.932,0.817,time,96
2024-01-28 01:25:00,2024-01-28 09:25:00,L,6.728,6.729,6.6474530479509415,6.929367380122645,0.012,-0.079,time,96
2024-01-28 18:20:00,2024-01-28 20:45:00,S,6.617,6.658966707195182,6.658966707195182,6.512083232012046,-1.0,-1.173,sl,29
2024-01-28 20:50:00,2024-01-29 03:05:00,L,6.656,6.901473114675936,6.557810754129625,6.901473114675936,2.5,2.425,tp,75
2024-01-29 03:10:00,2024-01-29 07:30:00,L,6.89,6.841207835093936,6.841207835093936,7.011980412265158,-1.0,-1.155,sl,52
2024-01-29 14:50:00,2024-01-29 15:50:00,S,6.723,6.792204336037447,6.792204336037447,6.549989159906383,-1.0,-1.107,sl,12
2024-01-29 16:05:00,2024-01-29 18:15:00,L,6.795,7.011830330409201,6.7082678678363195,7.011830330409201,2.5,2.414,tp,26
2024-01-29 18:20:00,2024-01-29 21:55:00,L,7.01,7.218719824302077,6.926512070279169,7.218719824302077,2.5,2.408,tp,43
2024-01-29 22:00:00,2024-01-29 23:25:00,L,7.237,7.119955002316276,7.119955002316276,7.52961249420931,-1.0,-1.068,sl,17
2024-01-30 07:35:00,2024-01-30 12:45:00,L,7.031,6.933081426281393,6.933081426281393,7.275796434296517,-1.0,-1.079,sl,62
2024-01-30 22:10:00,2024-01-30 23:40:00,S,6.949,6.817012549192273,7.0017949803230906,6.817012549192273,2.5,2.355,tp,18
2024-01-30 23:45:00,2024-01-31 07:45:00,S,6.827,6.868,6.939797355872057,6.545006610319858,-0.363,-0.43,time,96
2024-01-31 09:00:00,2024-01-31 15:15:00,S,6.809,6.636652764414361,6.877938894234256,6.636652764414361,2.5,2.391,tp,75
2024-01-31 15:20:00,2024-01-31 15:30:00,S,6.629,6.746229050027715,6.746229050027715,6.335927374930711,-1.0,-1.062,sl,2
2024-01-31 19:35:00,2024-01-31 20:55:00,S,6.807,6.699580571515937,6.849967771393626,6.699580571515937,2.5,2.326,tp,16
2024-01-31 21:00:00,2024-02-01 05:00:00,S,6.703,6.673,6.826206928897304,6.394982677756741,0.243,0.184,time,96
2024-02-01 06:25:00,2024-02-01 07:45:00,S,6.62,6.667486806766826,6.667486806766826,6.501282983082936,-1.0,-1.153,sl,16
2024-02-01 17:30:00,2024-02-02 01:30:00,L,6.78,6.796,6.678994946165861,7.032512634585349,0.158,0.085,time,96
2024-02-02 06:40:00,2024-02-02 09:25:00,L,6.817,6.919496876582379,6.776001249367049,6.919496876582379,2.5,2.317,tp,33
2024-02-02 09:30:00,2024-02-02 13:30:00,L,6.921,6.8538385257506675,6.8538385257506675,7.0889036856233325,-1.0,-1.113,sl,48
2024-02-02 13:35:00,2024-02-02 15:15:00,S,6.831,6.920975914135986,6.920975914135986,6.606060214660037,-1.0,-1.084,sl,20
2024-02-02 15:20:00,2024-02-02 23:20:00,L,6.939,6.932,6.789413389839818,7.312966525400455,-0.047,-0.098,time,96
2024-02-03 00:30:00,2024-02-03 03:50:00,L,6.969,6.910581923021884,6.910581923021884,7.11504519244529,-1.0,-1.131,sl,40
2024-02-03 10:05:00,2024-02-03 14:45:00,L,6.937,6.857624912675615,6.857624912675615,7.135437718310964,-1.0,-1.096,sl,56
2024-02-03 14:50:00,2024-02-03 17:40:00,S,6.843,6.896322061700637,6.896322061700637,6.709694845748407,-1.0,-1.141,sl,34
2024-02-03 18:00:00,2024-02-03 22:20:00,L,6.904,6.861696432568898,6.861696432568898,7.009758918577754,-1.0,-1.18,sl,52
2024-02-03 23:45:00,2024-02-04 07:45:00,S,6.822,6.731,6.872210603789175,6.696473490527063,1.812,1.663,time,96
2024-02-04 09:15:00,2024-02-04 09:25:00,S,6.716,6.757046646272639,6.757046646272639,6.613383384318404,-1.0,-1.18,sl,2
2024-02-04 16:25:00,2024-02-04 19:05:00,S,6.77,6.722393473133945,6.789042610746422,6.722393473133945,2.5,2.109,tp,32
2024-02-04 19:10:00,2024-02-04 21:00:00,S,6.704,6.786984798716362,6.786984798716362,6.4965380032090945,-1.0,-1.089,sl,22
2024-02-04 22:40:00,2024-02-05 02:35:00,S,6.667,6.790274695257881,6.790274695257881,6.358813261855298,-1.0,-1.059,sl,47
2024-02-05 03:45:00,2024-02-05 11:45:00,L,6.798,6.946,6.731080225153592,6.96529943711602,2.212,2.1,time,96
2024-02-05 11:55:00,2024-02-05 14:35:00,L,6.956,6.896433397221496,6.896433397221496,7.104916506946262,-1.0,-1.128,sl,32
2024-02-05 15:05:00,2024-02-05 21:35:00,S,6.864,6.699428309399041,6.929828676240383,6.699428309399041,2.5,2.385,tp,78
2024-02-05 21:40:00,2024-02-06 02:35:00,S,6.708,6.761466694774352,6.761466694774352,6.57433326306412,-1.0,-1.138,sl,59
2024-02-06 05:35:00,2024-02-06 08:10:00,S,6.717,6.752136520858552,6.752136520858552,6.629158697853619,-1.0,-1.21,sl,31
2024-02-06 10:30:00,2024-02-06 15:20:00,S,6.699,6.761311803823658,6.761311803823658,6.543220490440854,-1.0,-1.118,sl,58
2024-02-06 18:35:00,2024-02-06 18:50:00,S,6.708,6.747139087135162,6.747139087135162,6.610152282162096,-1.0,-1.189,sl,3
2024-02-06 19:40:00,2024-02-07 03:40:00,L,6.78,6.749,6.696658816212904,6.988352959467742,-0.372,-0.461,time,96
2024-02-07 03:45:00,2024-02-07 11:45:00,S,6.749,6.711,6.812027247399216,6.591431881501958,0.603,0.485,time,96
2024-02-07 14:15:00,2024-02-07 15:25:00,L,6.757,6.82461511821193,6.729953952715228,6.82461511821193,2.5,2.225,tp,14
2024-02-07 15:30:00,2024-02-07 23:30:00,L,6.842,6.934,6.746392545584432,7.081018636038919,0.962,0.884,time,96
2024-02-08 00:45:00,2024-02-08 05:05:00,L,6.978,6.92960407760998,6.92960407760998,7.098989805975049,-1.0,-1.159,sl,52
2024-02-08 08:05:00,2024-02-08 11:30:00,L,6.971,6.899900458100269,6.899900458100269,7.148748854749327,-1.0,-1.108,sl,41
2024-02-08 14:05:00,2024-02-08 22:05:00,L,6.941,7.083,6.862162481560317,7.1380937960992075,1.801,1.704,time,96
2024-02-09 02:45:00,2024-02-09 10:45:00,L,7.058,7.075,6.956401331845252,7.311996670386868,0.167,0.091,time,96
2024-02-09 11:55:00,2024-02-09 19:55:00,L,7.187,7.146,7.070914923825078,7.477212690437306,-0.353,-0.421,time,96
2024-02-10 00:10:00,2024-02-10 08:10:00,L,7.238,7.208,7.141096155356821,7.480259611607949,-0.31,-0.392,time,96
2024-02-10 10:05:00,2024-02-10 18:05:00,S,7.127,7.158,7.180738682092206,6.992653294769485,-0.577,-0.723,time,96
2024-02-10 18:35:00,2024-02-10 20:45:00,L,7.173,7.249992934218585,7.142202826312566,7.249992934218585,2.5,2.244,tp,26
2024-02-10 20:50:00,2024-02-11 00:00:00,L,7.24,7.188658480244072,7.188658480244072,7.36835379938982,-1.0,-1.155,sl,38
2024-02-11 03:40:00,2024-02-11 11:40:00,L,7.221,7.284,7.157692092845276,7.379269767886809,0.995,0.87,time,96
2024-02-11 17:10:00,2024-02-11 18:25:00,L,7.224,7.166570169423903,7.166570169423903,7.367574576440244,-1.0,-1.138,sl,15
2024-02-11 20:55:00,2024-02-12 04:55:00,S,7.11,7.086,7.207911453481045,6.865221366297389,0.245,0.165,time,96
2024-02-12 06:45:00,2024-02-12 07:20:00,S,7.034,7.091630413170018,7.091630413170018,6.889923967074955,-1.0,-1.134,sl,7
2024-02-12 11:00:00,2024-02-12 14:05:00,S,7.009,7.053645863296694,7.053645863296694,6.897385341758266,-1.0,-1.173,sl,37
2024-02-12 14:15:00,2024-02-12 14:55:00,L,7.06,7.155166977142993,7.021933209142802,7.155166977142993,2.5,2.296,tp,8
2024-02-12 15:00:00,2024-02-12 23:00:00,L,7.15,7.351,7.030134083138845,7.449664792152889,1.677,1.611,time,96
2024-02-13 00:05:00,2024-02-13 03:35:00,L,7.362,7.316399247741262,7.316399247741262,7.476001880646846,-1.0,-1.178,sl,42
2024-02-13 14:25:00,2024-02-13 22:25:00,S,7.172,7.282,7.374990214996112,6.6645244625097195,-0.542,-0.581,time,96
2024-02-13 23:50:00,2024-02-14 00:25:00,L,7.353,7.303588425158602,7.303588425158602,7.4765289371034935,-1.0,-1.164,sl,7
2024-02-14 02:55:00,2024-02-14 03:10:00,L,7.375,7.575949512482522,7.294620195006991,7.575949512482522,2.5,2.399,tp,3
2024-02-14 03:15:00,2024-02-14 11:15:00,L,7.528,7.661,7.316491539547549,8.056771151131127,0.629,0.59,time,96
2024-02-14 19:30:00,2024-02-15 01:30:00,L,7.639,7.58131543712845,7.58131543712845,7.783211407178876,-1.0,-1.146,sl,72
2024-02-15 07:35:00,2024-02-15 11:05:00,L,7.659,7.8825979413392995,7.56956082346428,7.8825979413392995,2.5,2.406,tp,42
2024-02-15 11:10:00,2024-02-15 15:45:00,L,7.885,7.766108502793471,7.766108502793471,8.182228743016323,-1.0,-1.073,sl,55
2024-02-15 23:45:00,2024-02-16 07:45:00,L,7.773,7.754,7.719323100403559,7.9071922489911,-0.354,-0.513,time,96
2024-02-16 12:50:00,2024-02-16 14:15:00,L,7.843,7.753221285490508,7.753221285490508,8.067446786273731,-1.0,-1.096,sl,17
2024-02-16 14:20:00,2024-02-16 22:20:00,S,7.762,7.574,7.856912395039445,7.524719012401386,1.981,1.891,time,96
2024-02-17 01:45:00,2024-02-17 07:40:00,S,7.575,7.662588166227012,7.662588166227012,7.35602958443247,-1.0,-1.095,sl,71
2024-02-17 07:45:00,2024-02-17 09:55:00,L,7.661,7.5806601544693635,7.5806601544693635,7.86184961382659,-1.0,-1.105,sl,26
2024-02-17 10:00:00,2024-02-17 12:55:00,S,7.581,7.639828094282545,7.639828094282545,7.433929764293639,-1.0,-1.142,sl,35
2024-02-17 13:35:00,2024-02-17 20:40:00,S,7.491,7.645039218780704,7.645039218780704,7.105901953048238,-1.0,-1.053,sl,85
2024-02-17 20:45:00,2024-02-18 04:45:00,L,7.66,7.773,7.540038271463156,7.95990432134211,0.942,0.872,time,96
2024-02-18 06:05:00,2024-02-18 06:30:00,L,7.818,7.736233965647763,7.736233965647763,8.022415085880592,-1.0,-1.105,sl,5
2024-02-18 09:20:00,2024-02-18 12:30:00,L,7.827,7.745413064128856,7.745413064128856,8.03096733967786,-1.0,-1.106,sl,38
2024-02-18 14:55:00,2024-02-18 20:20:00,L,7.806,7.736619042736679,7.736619042736679,7.979452393158303,-1.0,-1.124,sl,65
2024-02-18 22:20:00,2024-02-19 05:05:00,L,7.861,7.7772206481287025,7.7772206481287025,8.070448379678243,-1.0,-1.103,sl,81
2024-02-19 06:10:00,2024-02-19 10:25:00,L,7.875,7.75175600095201,7.75175600095201,8.183109997619974,-1.0,-1.07,sl,51
2024-02-19 13:40:00,2024-02-19 17:50:00,S,7.741,7.813083589521881,7.813083589521881,7.560791026195297,-1.0,-1.118,sl,50
2024-02-19 20:55:00,2024-02-19 23:00:00,L,7.863,8.122777133205194,7.7590891467179235,8.122777133205194,2.5,2.417,tp,25
2024-02-19 23:05:00,2024-02-20 01:20:00,L,8.135,7.935510706666795,7.935510706666795,8.633723233333011,-1.0,-1.045,sl,27
2024-02-20 08:05:00,2024-02-20 13:45:00,S,7.847,7.941988099319361,7.941988099319361,7.609529751701599,-1.0,-1.091,sl,68
2024-02-20 13:50:00,2024-02-20 14:35:00,L,7.888,7.773419642111236,7.773419642111236,8.174450894721911,-1.0,-1.076,sl,9
2024-02-20 14:40:00,2024-02-20 22:40:00,S,7.721,7.788,7.954509439733731,7.137226400665673,-0.287,-0.323,time,96
2024-02-20 22:45:00,2024-02-21 00:30:00,L,7.788,7.693252320567234,7.693252320567234,8.024869198581914,-1.0,-1.09,sl,21
2024-02-21 00:50:00,2024-02-21 07:05:00,S,7.659,7.3886729060881695,7.767130837564732,7.3886729060881695,2.5,2.422,tp,75
2024-02-21 07:10:00,2024-02-21 15:10:00,S,7.403,7.335,7.538932323455798,7.063169191360503,0.5,0.44,time,96
2024-02-21 18:30:00,2024-02-21 21:35:00,S,7.268,7.4030850439902816,7.4030850439902816,6.930287390024295,-1.0,-1.059,sl,37
2024-02-22 01:35:00,2024-02-22 06:30:00,S,7.355,7.448603607443406,7.448603607443406,7.120990981391486,-1.0,-1.086,sl,59
2024-02-22 07:25:00,2024-02-22 13:45:00,L,7.486,7.402721025643059,7.402721025643059,7.694197435892352,-1.0,-1.099,sl,76
2024-02-22 13:50:00,2024-02-22 14:35:00,S,7.404,7.514158632191647,7.514158632191647,7.128603419520883,-1.0,-1.074,sl,9
2024-02-22 15:05:00,2024-02-22 23:05:00,L,7.542,7.517,7.436390512460178,7.806023718849556,-0.237,-0.315,time,96
2024-02-22 23:15:00,2024-02-23 07:15:00,S,7.514,7.424,7.604544836390483,7.287637909023793,0.994,0.903,time,96
2024-02-23 07:50:00,2024-02-23 14:55:00,S,7.349,7.4730879905758885,7.4730879905758885,7.03878002356028,-1.0,-1.065,sl,85
2024-02-23 15:00:00,2024-02-23 16:05:00,L,7.508,7.317697307578751,7.317697307578751,7.9837567310531234,-1.0,-1.043,sl,13
2024-02-23 17:35:00,2024-02-24 01:35:00,L,7.518,7.53,7.319088878710562,8.015277803223594,0.06,0.019,time,96
2024-02-24 01:55:00,2024-02-24 04:40:00,S,7.453,7.643427084491946,7.643427084491946,6.976932288770136,-1.0,-1.043,sl,33
2024-02-24 04:45:00,2024-02-24 06:45:00,L,7.645,7.801758594046424,7.58229656238143,7.801758594046424,2.5,2.366,tp,24
2024-02-24 06:50:00,2024-02-24 14:50:00,L,7.8,7.798,7.689989136575185,8.075027158562037,-0.018,-0.096,time,96
2024-02-24 15:20:00,2024-02-24 16:25:00,L,7.849,7.761212419337728,7.761212419337728,8.068468951655682,-1.0,-1.098,sl,13
2024-02-24 21:55:00,2024-02-25 00:15:00,L,7.877,7.781967325143441,7.781967325143441,8.114581687141397,-1.0,-1.091,sl,28
2024-02-25 07:05:00,2024-02-25 08:45:00,L,7.786,7.728243595814142,7.728243595814142,7.930391010464644,-1.0,-1.148,sl,20
2024-02-25 13:45:00,2024-02-25 14:10:00,L,7.799,7.7405248562489195,7.7405248562489195,7.945187859377702,-1.0,-1.147,sl,5
2024-02-25 19:50:00,2024-02-25 22:00:00,L,7.824,7.774497860014449,7.774497860014449,7.9477553499638764,-1.0,-1.174,sl,26
2024-02-25 22:20:00,2024-02-26 06:20:00,L,7.915,7.836,7.769247601007177,8.279380997482058,-0.542,-0.602,time,96
2024-02-26 07:40:00,2024-02-26 15:40:00,S,7.758,7.855,7.903542081965552,7.3941447950861185,-0.666,-0.725,time,96
2024-02-26 16:10:00,2024-02-27 00:10:00,L,7.902,8.12,7.768588517235296,8.235528706911762,1.634,1.569,time,96
2024-02-27 00:15:00,2024-02-27 00:20:00,L,8.12,8.0540724111993,8.0540724111993,8.284818972001748,-1.0,-1.135,sl,1
2024-02-27 01:10:00,2024-02-27 03:55:00,L,8.137,8.04027442497418,8.04027442497418,8.378813937564551,-1.0,-1.093,sl,33
2024-02-27 06:15:00,2024-02-27 07:15:00,L,8.164,8.069358002030034,8.069358002030034,8.400604994924914,-1.0,-1.095,sl,12
2024-02-27 13:55:00,2024-02-27 15:55:00,L,8.195,8.013224382633108,8.013224382633108,8.64943904341723,-1.0,-1.05,sl,24
2024-02-27 22:05:00,2024-02-28 03:10:00,L,8.379,8.274305885689865,8.274305885689865,8.640735285775337,-1.0,-1.088,sl,61
2024-02-28 07:35:00,2024-02-28 09:45:00,L,8.305,8.499630000159538,8.227147999936184,8.499630000159538,2.5,2.383,tp,26
2024-02-28 09:50:00,2024-02-28 11:50:00,L,8.497,8.353963545875246,8.353963545875246,8.854591135311885,-1.0,-1.065,sl,24
2024-02-28 14:05:00,2024-02-28 14:20:00,L,8.592,8.464072008403782,8.464072008403782,8.911819978990547,-1.0,-1.074,sl,3
2024-02-28 16:55:00,2024-02-28 17:30:00,L,8.643,8.404030145905296,8.404030145905296,9.240424635236764,-1.0,-1.04,sl,7
2024-02-28 22:05:00,2024-02-29 05:10:00,L,8.241,8.545772120062303,8.119091151975079,8.545772120062303,2.5,2.426,tp,85
2024-02-29 06:10:00,2024-02-29 08:45:00,L,8.584,8.786494910162446,8.50300203593502,8.786494910162446,2.5,2.383,tp,31
2024-02-29 08:50:00,2024-02-29 16:25:00,L,8.791,8.576866323806712,8.576866323806712,9.326334190483221,-1.0,-1.045,sl,91
2024-02-29 21:25:00,2024-03-01 05:25:00,S,8.358,8.411,8.613512539314806,7.719218651712986,-0.207,-0.243,time,96
2024-03-01 08:45:00,2024-03-01 15:50:00,L,8.468,8.313216892652346,8.313216892652346,8.854957768369136,-1.0,-1.06,sl,85
2024-03-01 15:55:00,2024-03-01 21:55:00,S,8.324,8.486175987187197,8.486175987187197,7.918560032032007,-1.0,-1.056,sl,72
2024-03-01 22:00:00,2024-03-01 22:50:00,L,8.482,8.654126234874582,8.413149506050166,8.654126234874582,2.5,2.364,tp,10
2024-03-01 22:55:00,2024-03-02 03:40:00,L,8.62,8.995959638075995,8.469616144769601,8.995959638075995,2.5,2.437,tp,57
2024-03-02 03:45:00,2024-03-02 11:45:00,L,8.96,9.011,8.781131153201219,9.407172116996955,0.285,0.23,time,96
2024-03-02 12:25:00,2024-03-02 20:25:00,L,9.192,9.165,8.942664363026338,9.815339092434154,-0.108,-0.149,time,96
2024-03-02 21:20:00,2024-03-03 05:20:00,L,9.318,9.289,9.10916471088527,9.840088222786822,-0.139,-0.188,time,96
2024-03-03 07:10:00,2024-03-03 07:25:00,S,9.115,8.796727791750406,9.242308883299838,8.796727791750406,2.5,2.421,tp,3
2024-03-03 07:30:00,2024-03-03 12:10:00,S,8.849,9.249633714882503,9.249633714882503,7.847415712793744,-1.0,-1.024,sl,56
2024-03-03 16:30:00,2024-03-04 00:30:00,L,9.503,9.891,9.238205872728365,10.164985318179088,1.465,1.426,time,96
2024-03-04 00:45:00,2024-03-04 00:45:00,L,9.994,9.701772262210246,9.701772262210246,10.724569344474382,-1.0,-1.038,sl,0
2024-03-04 00:50:00,2024-03-04 08:40:00,L,9.666,10.121401478166984,9.483839408733207,10.121401478166984,2.5,2.442,tp,94
2024-03-04 08:45:00,2024-03-04 16:45:00,L,10.156,10.061,9.755045202005313,11.15838699498672,-0.237,-0.265,time,96
2024-03-04 21:35:00,2024-03-05 02:40:00,L,9.989,9.770285386708032,9.770285386708032,10.535786533229922,-1.0,-1.05,sl,61
2024-03-05 04:45:00,2024-03-05 05:00:00,L,10.013,9.797854576732826,9.797854576732826,10.550863558167935,-1.0,-1.051,sl,3
2024-03-05 05:25:00,2024-03-05 13:25:00,L,10.091,10.447,9.654445603946215,11.18238599013446,0.815,0.79,time,96
2024-03-05 19:20:00,2024-03-05 19:55:00,S,9.679,8.75472637712787,10.048709449148852,8.75472637712787,2.5,2.471,tp,7
2024-03-05 20:00:00,2024-03-06 04:00:00,S,8.907,9.152,9.982494758440074,6.218263103899814,-0.228,-0.237,time,96
2024-03-06 06:10:00,2024-03-06 14:10:00,L,9.684,9.995,9.384672213442002,10.432319466394993,1.039,1.003,time,96
2024-03-06 16:10:00,2024-03-07 00:10:00,L,10.194,10.667,9.773197528068597,11.246006179828512,1.124,1.097,time,96
2024-03-07 00:20:00,2024-03-07 05:10:00,L,10.748,10.404030586609176,10.404030586609176,11.607923533477058,-1.0,-1.034,sl,58
2024-03-07 08:20:00,2024-03-07 12:55:00,L,10.502,10.356410520198343,10.356410520198343,10.865973699504144,-1.0,-1.079,sl,55
2024-03-07 14:40:00,2024-03-07 14:45:00,L,10.532,10.295272885610094,10.295272885610094,11.123817785974765,-1.0,-1.049,sl,1
2024-03-08 00:45:00,2024-03-08 02:50:00,L,10.568,10.403091899118179,10.403091899118179,10.980270252204551,-1.0,-1.07,sl,25
2024-03-08 07:40:00,2024-03-08 07:55:00,L,10.447,10.348512497728663,10.348512497728663,10.69321875567834,-1.0,-1.117,sl,3
2024-03-08 10:25:00,2024-03-08 15:30:00,L,10.49,10.345488744413935,10.345488744413935,10.851278138965164,-1.0,-1.08,sl,61
2024-03-08 15:35:00,2024-03-08 17:45:00,S,10.251,10.588785913678125,10.588785913678125,9.406535215804686,-1.0,-1.033,sl,26
2024-03-08 17:50:00,2024-03-09 01:50:00,L,10.632,10.713,10.1937450149729,11.72763746256775,0.185,0.158,time,96
2024-03-09 06:50:00,2024-03-09 14:50:00,L,10.745,10.671,10.600598872610012,11.106002818474966,-0.512,-0.594,time,96
2024-03-09 17:15:00,2024-03-10 01:15:00,S,10.533,10.493,10.719466619069241,10.066833452326897,0.215,0.152,time,96
2024-03-10 05:40:00,2024-03-10 07:50:00,S,10.448,10.517726859095994,10.517726859095994,10.273682852260016,-1.0,-1.165,sl,26
2024-03-10 07:55:00,2024-03-10 09:15:00,L,10.535,10.453812018806708,10.453812018806708,10.73796995298323,-1.0,-1.143,sl,16
2024-03-10 09:25:00,2024-03-10 14:40:00,S,10.434,10.056110506733067,10.585155797306772,10.056110506733067,2.5,2.424,tp,63
2024-03-10 14:45:00,2024-03-10 16:30:00,S,10.07,10.32682579252195,10.32682579252195,9.427935518695126,-1.0,-1.043,sl,21
2024-03-10 22:05:00,2024-03-11 00:05:00,S,10.194,10.29802915514465,10.29802915514465,9.933927112138377,-1.0,-1.108,sl,24
2024-03-11 00:55:00,2024-03-11 04:05:00,S,10.015,10.398372338987626,10.398372338987626,9.056569152530937,-1.0,-1.029,sl,38
2024-03-11 04:10:00,2024-03-11 09:55:00,L,10.379,10.88674401499022,10.175902394003911,10.88674401499022,2.5,2.444,tp,69
2024-03-11 10:00:00,2024-03-11 18:00:00,L,10.876,11.147,10.619241553782148,11.517896115544628,1.055,1.009,time,96
2024-03-11 18:05:00,2024-03-12 02:05:00,L,11.147,10.94,10.869833799257332,11.83991550185667,-0.747,-0.791,time,96
2024-03-12 02:40:00,2024-03-12 03:50:00,L,11.121,10.890823399584432,10.890823399584432,11.69644150103892,-1.0,-1.053,sl,14
2024-03-12 08:10:00,2024-03-12 14:05:00,S,10.61,10.845089425515612,10.845089425515612,10.02227643621097,-1.0,-1.05,sl,71
2024-03-12 16:30:00,2024-03-12 19:10:00,S,10.491,10.722550903848333,10.722550903848333,9.912122740379166,-1.0,-1.05,sl,32
2024-03-12 19:15:00,2024-03-13 03:15:00,L,10.743,10.854,10.515508311462364,11.311729221344091,0.488,0.436,time,96
2024-03-13 03:20:00,2024-03-13 06:40:00,L,10.854,11.003717881343004,10.794112847462797,11.003717881343004,2.5,2.301,tp,40
2024-03-13 06:45:00,2024-03-13 09:15:00,L,10.982,11.286659713848342,10.860136114460662,11.286659713848342,2.5,2.401,tp,30
2024-03-13 09:20:00,2024-03-13 11:35:00,L,11.3,11.052919502992278,11.052919502992278,11.917701242519307,-1.0,-1.05,sl,27
2024-03-13 13:05:00,2024-03-13 13:50:00,S,11.007,10.709167832416671,11.12613286703333,10.709167832416671,2.5,2.398,tp,9
2024-03-13 13:55:00,2024-03-13 18:40:00,S,10.761,11.041975005792112,11.041975005792112,10.058562485519715,-1.0,-1.042,sl,57
2024-03-13 18:45:00,2024-03-14 02:45:00,L,11.047,11.262,10.853724779272135,11.530188051819666,1.112,1.05,time,96
2024-03-14 09:15:00,2024-03-14 13:45:00,L,11.519,11.240627559058522,11.240627559058522,12.214931102353695,-1.0,-1.046,sl,54
2024-03-14 17:20:00,2024-03-14 18:50:00,L,11.581,11.0797246141191,11.0797246141191,12.834188464702251,-1.0,-1.025,sl,18
2024-03-14 19:15:00,2024-03-14 21:55:00,S,11.077,11.429204484074667,11.429204484074667,10.196488789813333,-1.0,-1.035,sl,32
2024-03-14 22:00:00,2024-03-15 02:35:00,L,11.429,11.14161739996965,11.14161739996965,12.147456500075876,-1.0,-1.044,sl,55
2024-03-15 02:40:00,2024-03-15 10:40:00,S,11.06,10.42,11.562807497332289,9.80298125666928,1.273,1.249,time,96
2024-03-16 02:15:00,2024-03-16 10:15:00,S,10.674,10.484,10.837637713575294,10.264905716061763,1.161,1.089,time,96
2024-03-16 10:35:00,2024-03-16 13:45:00,S,10.432,10.140164938828654,10.548734024468539,10.140164938828654,2.5,2.402,tp,38
2024-03-16 13:50:00,2024-03-16 18:35:00,S,10.179,9.828383391396788,10.319246643441286,9.828383391396788,2.5,2.42,tp,57
2024-03-16 18:40:00,2024-03-17 02:40:00,S,9.883,9.768,10.180274519425515,9.13981370143621,0.387,0.35,time,96
2024-03-17 05:45:00,2024-03-17 07:10:00,S,9.704,9.398966225859915,9.826013509656034,9.398966225859915,2.5,2.413,tp,17
2024-03-17 07:15:00,2024-03-17 08:50:00,S,9.382,9.7224621436089,9.7224621436089,8.530844640977751,-1.0,-1.03,sl,19
2024-03-17 13:00:00,2024-03-17 14:30:00,S,9.725,9.950980938633949,9.950980938633949,9.160047653415127,-1.0,-1.047,sl,18
2024-03-17 19:55:00,2024-03-17 20:45:00,L,10.221,10.08673753128194,10.08673753128194,10.556656171795149,-1.0,-1.084,sl,10
2024-03-17 23:25:00,2024-03-18 07:25:00,S,10.059,10.214,10.26224534461309,9.550886638467272,-0.763,-0.817,time,96
2024-03-18 07:30:00,2024-03-18 12:15:00,L,10.214,10.08485941985096,10.08485941985096,10.536851450372604,-1.0,-1.087,sl,57
2024-03-18 13:25:00,2024-03-18 21:25:00,S,10.007,9.958,10.224475591367582,9.463311021581042,0.225,0.175,time,96
2024-03-19 01:05:00,2024-03-19 09:05:00,S,9.551,8.783,10.012799750403216,8.39650062399196,1.663,1.64,time,96
2024-03-19 09:10:00,2024-03-19 12:00:00,S,8.783,9.163607585290347,9.163607585290347,7.831481036774131,-1.0,-1.025,sl,34
2024-03-19 21:00:00,2024-03-20 05:00:00,S,9.022,8.662,9.228789486885011,8.505026282787473,1.741,1.693,time,96
2024-03-20 05:15:00,2024-03-20 06:20:00,S,8.606,8.819713127649315,8.819713127649315,8.07171718087671,-1.0,-1.044,sl,13
2024-03-20 11:25:00,2024-03-20 14:00:00,L,9.184,9.06451730042955,9.06451730042955,9.482706748926123,-1.0,-1.085,sl,31
2024-03-20 14:05:00,2024-03-20 16:30:00,S,9.074,8.585156099824559,9.269537560070177,8.585156099824559,2.5,2.449,tp,29
2024-03-20 16:35:00,2024-03-20 18:05:00,S,8.664,8.99387160060866,8.99387160060866,7.839320998478349,-1.0,-1.029,sl,18
2024-03-20 18:50:00,2024-03-21 02:50:00,L,9.063,9.508,8.823745518701383,9.661136203246546,1.86,1.818,time,96
2024-03-21 03:15:00,2024-03-21 03:45:00,L,9.533,9.458681287441069,9.458681287441069,9.718796781397327,-1.0,-1.141,sl,6
2024-03-21 16:30:00,2024-03-21 18:05:00,L,9.435,9.227804865565773,9.227804865565773,9.952987836085569,-1.0,-1.05,sl,19
2024-03-21 18:10:00,2024-03-22 02:10:00,S,9.217,9.049,9.543969898867001,8.399575252832499,0.514,0.483,time,96
2024-03-22 02:25:00,2024-03-22 03:30:00,S,9.043,9.206356543424137,9.206356543424137,8.634608641439655,-1.0,-1.061,sl,13
2024-03-22 05:05:00,2024-03-22 10:05:00,L,9.314,9.202235872390496,9.202235872390496,9.59341031902376,-1.0,-1.092,sl,60
2024-03-22 10:10:00,2024-03-22 13:10:00,S,9.197,8.949429309710625,9.296028276115749,8.949429309710625,2.5,2.398,tp,36
2024-03-22 13:15:00,2024-03-22 21:15:00,S,8.958,8.786,9.113870252294367,8.568324369264083,1.103,1.04,time,96
2024-03-22 21:40:00,2024-03-22 23:15:00,S,8.733,8.869689973335467,8.869689973335467,8.391275066661336,-1.0,-1.07,sl,19
2024-03-23 03:35:00,2024-03-23 04:05:00,S,8.88,9.029671426822597,9.029671426822597,8.50582143294351,-1.0,-1.065,sl,6
2024-03-23 09:55:00,2024-03-23 10:00:00,S,9.035,9.077719427389939,9.077719427389939,8.928201431525153,-1.0,-1.233,sl,1
2024-03-23 20:15:00,2024-03-23 23:45:00,S,9.136,9.007583325793906,9.187366669682437,9.007583325793906,2.5,2.304,tp,42
2024-03-23 23:50:00,2024-03-24 00:55:00,S,9.018,9.11923044020699,9.11923044020699,8.764923899482525,-1.0,-1.098,sl,13
2024-03-24 04:25:00,2024-03-24 05:15:00,S,8.98,9.064859263756174,9.064859263756174,8.767851840609566,-1.0,-1.116,sl,10
2024-03-24 08:45:00,2024-03-24 16:45:00,L,9.147,9.168,9.030115462490777,9.43921134377306,0.18,0.094,time,96
2024-03-24 19:30:00,2024-03-25 03:30:00,L,9.264,9.42,9.183519109988106,9.465202225029731,1.938,1.812,time,96
2024-03-25 03:50:00,2024-03-25 07:35:00,L,9.459,9.402481247524294,9.402481247524294,9.600296881189262,-1.0,-1.184,sl,45
2024-03-25 10:00:00,2024-03-25 15:40:00,L,9.499,9.76226043805577,9.393695824777692,9.76226043805577,2.5,2.401,tp,68
2024-03-25 15:45:00,2024-03-25 23:45:00,L,9.743,9.734,9.596805412222446,10.108486469443886,-0.062,-0.135,time,96
2024-03-26 00:30:00,2024-03-26 08:30:00,L,9.857,9.951,9.703822106727824,10.239944733180439,0.614,0.543,time,96
2024-03-26 11:05:00,2024-03-26 11:30:00,L,10.035,9.970852998196657,9.970852998196657,10.195367504508358,-1.0,-1.172,sl,5
2024-03-26 16:45:00,2024-03-27 00:45:00,S,9.624,9.76,9.879219109036901,8.985952227407749,-0.533,-0.574,time,96
2024-03-27 01:00:00,2024-03-27 04:50:00,L,9.778,9.653450119847882,9.653450119847882,10.089374700380297,-1.0,-1.086,sl,46
2024-03-27 04:55:00,2024-03-27 07:50:00,S,9.677,9.491318150005426,9.751272739997829,9.491318150005426,2.5,2.357,tp,35
2024-03-27 07:55:00,2024-03-27 13:00:00,S,9.518,9.691426429050203,9.691426429050203,9.084433927374494,-1.0,-1.06,sl,61
2024-03-27 13:50:00,2024-03-27 21:50:00,S,9.612,9.458,9.832944794511814,9.059638013720466,0.697,0.649,time,96
2024-03-27 23:45:00,2024-03-28 00:20:00,S,9.419,9.510126148863472,9.510126148863472,9.19118462784132,-1.0,-1.114,sl,7
2024-03-28 01:35:00,2024-03-28 06:15:00,S,9.394,9.516412275692966,9.516412275692966,9.087969310767585,-1.0,-1.084,sl,56
2024-03-28 07:35:00,2024-03-28 12:30:00,L,9.566,9.495772855857632,9.495772855857632,9.741567860355921,-1.0,-1.15,sl,59
2024-03-28 13:20:00,2024-03-28 13:30:00,S,9.465,9.560073178631978,9.560073178631978,9.227317053420055,-1.0,-1.11,sl,2
2024-03-28 18:50:00,2024-03-28 19:00:00,S,9.467,9.501040062520001,9.501040062520001,9.381899843699998,-1.0,-1.306,sl,2
2024-03-28 22:20:00,2024-03-29 05:50:00,S,9.467,9.595702503449493,9.595702503449493,9.14524374137627,-1.0,-1.081,sl,90
2024-03-29 06:00:00,2024-03-29 07:45:00,L,9.612,9.389922229787045,9.389922229787045,10.167194425532388,-1.0,-1.048,sl,21
2024-03-29 07:50:00,2024-03-29 11:20:00,S,9.377,9.562640449989939,9.562640449989939,8.912898875025157,-1.0,-1.056,sl,42
2024-03-29 11:25:00,2024-03-29 19:25:00,L,9.558,9.533,9.406116077688607,9.937709805778482,-0.165,-0.234,time,96
2024-03-29 20:35:00,2024-03-29 22:25:00,S,9.495,9.545199944841235,9.545199944841235,9.36950013789691,-1.0,-1.208,sl,22
2024-03-29 22:40:00,2024-03-30 06:40:00,L,9.557,9.566,9.405317002226347,9.936207494434132,0.059,-0.01,time,96
2024-03-30 08:00:00,2024-03-30 11:45:00,S,9.527,9.608584673600097,9.608584673600097,9.323038315999755,-1.0,-1.128,sl,45
2024-03-30 12:00:00,2024-03-30 13:30:00,L,9.61,9.539112211092682,9.539112211092682,9.787219472268292,-1.0,-1.149,sl,18
2024-03-30 14:45:00,2024-03-30 22:45:00,S,9.517,9.432,9.57702193090808,9.3669451727298,1.416,1.242,time,96
2024-03-30 22:55:00,2024-03-31 00:15:00,S,9.418,9.470097797664137,9.470097797664137,9.287755505839655,-1.0,-1.199,sl,16
2024-03-31 05:15:00,2024-03-31 13:15:00,L,9.553,9.59,9.462694002839802,9.778764992900498,0.41,0.293,time,96
2024-03-31 20:05:00,2024-04-01 04:05:00,L,9.608,9.707,9.515151630646093,9.84012092338477,1.066,0.952,time,96
2024-04-01 04:25:00,2024-04-01 05:20:00,L,9.69,9.639520543397717,9.639520543397717,9.816198641505705,-1.0,-1.211,sl,11
2024-04-01 05:35:00,2024-04-01 05:50:00,S,9.608,9.228654988456226,9.75973800461751,9.228654988456226,2.5,2.43,tp,3
2024-04-01 05:55:00,2024-04-01 13:55:00,S,9.23,9.319,9.720742130368015,8.003144674079966,-0.181,-0.202,time,96
2024-04-01 14:40:00,2024-04-01 22:40:00,S,9.168,9.181,9.357014358764864,8.695464103087836,-0.069,-0.122,time,96
2024-04-02 00:05:00,2024-04-02 02:25:00,S,9.138,8.974264411103327,9.203494235558669,8.974264411103327,2.5,2.347,tp,28
2024-04-02 02:30:00,2024-04-02 10:30:00,S,8.946,8.556,9.143524096557906,8.452189758605234,1.974,1.925,time,96
2024-04-02 10:40:00,2024-04-02 18:40:00,S,8.54,8.566,8.6742310832836,8.204422291790998,-0.194,-0.264,time,96
2024-04-02 21:30:00,2024-04-02 22:20:00,S,8.558,8.65280261261485,8.65280261261485,8.320993468462873,-1.0,-1.099,sl,10
2024-04-03 00:35:00,2024-04-03 01:35:00,S,8.475,8.635998767918888,8.635998767918888,8.072503080202779,-1.0,-1.058,sl,12
2024-04-03 12:55:00,2024-04-03 14:10:00,S,8.628,8.731830423951752,8.731830423951752,8.36842394012062,-1.0,-1.091,sl,15
2024-04-03 15:35:00,2024-04-03 23:35:00,S,8.56,8.455,8.770076951647672,8.034807620880821,0.5,0.455,time,96
2024-04-04 02:30:00,2024-04-04 10:30:00,S,8.392,8.522,8.545770905113837,8.007572737215405,-0.845,-0.905,time,96
2024-04-04 13:05:00,2024-04-04 20:05:00,L,8.564,8.461846132248594,8.461846132248594,8.819384669378515,-1.0,-1.092,sl,84
2024-04-04 20:10:00,2024-04-05 04:10:00,S,8.408,8.42,8.610827100472521,7.900932248818695,-0.059,-0.105,time,96
2024-04-05 05:20:00,2024-04-05 13:20:00,S,8.261,8.233,8.423900850360312,7.853747874099218,0.172,0.116,time,96
2024-04-05 23:00:00,2024-04-05 23:10:00,S,8.367,8.409374651199053,8.409374651199053,8.261063372002369,-1.0,-1.217,sl,2
2024-04-06 00:15:00,2024-04-06 00:30:00,S,8.367,8.414651819415552,8.414651819415552,8.247870451461125,-1.0,-1.193,sl,3
2024-04-06 03:55:00,2024-04-06 11:55:00,L,8.453,8.40657469396133,8.40657469396133,8.569063265096673,-1.0,-1.2,sl,96
2024-04-06 12:00:00,2024-04-06 16:05:00,S,8.404,8.458324436343915,8.458324436343915,8.268188909140212,-1.0,-1.17,sl,49
2024-04-06 16:10:00,2024-04-07 00:10:00,L,8.454,8.502,8.360912692186186,8.686718269534536,0.516,0.416,time,96
2024-04-07 01:20:00,2024-04-07 09:20:00,L,8.573,8.618,8.461231519465802,8.852421201335497,0.403,0.318,time,96
2024-04-07 10:45:00,2024-04-07 18:05:00,L,8.663,8.59361646049332,8.59361646049332,8.8364588487667,-1.0,-1.137,sl,88
2024-04-07 21:25:00,2024-04-07 22:00:00,L,8.646,8.594357931917086,8.594357931917086,8.775105170207286,-1.0,-1.184,sl,7
2024-04-07 23:25:00,2024-04-08 02:45:00,L,8.704,8.628185885246046,8.628185885246046,8.893535286884887,-1.0,-1.126,sl,40
2024-04-08 06:10:00,2024-04-08 07:35:00,L,8.65,8.75114811922171,8.609540752311316,8.75114811922171,2.5,2.265,tp,17
2024-04-08 07:40:00,2024-04-08 15:40:00,L,8.788,9.038,8.612408280948634,9.226979297628418,1.424,1.369,time,96
2024-04-08 21:15:00,2024-04-09 01:05:00,L,9.054,8.98845570653456,8.98845570653456,9.2178607336636,-1.0,-1.152,sl,46
2024-04-09 06:05:00,2024-04-09 06:35:00,L,9.076,9.00387079327933,9.00387079327933,9.256323016801678,-1.0,-1.138,sl,6
2024-04-09 11:10:00,2024-04-09 14:30:00,L,8.969,8.859128473073072,8.859128473073072,9.243678817317317,-1.0,-1.09,sl,40
2024-04-09 14:35:00,2024-04-09 22:35:00,S,8.872,8.778,9.07251096253913,8.370722593652173,0.469,0.42,time,96
2024-04-09 23:15:00,2024-04-10 02:40:00,S,8.704,8.488800087320012,8.790079965071996,8.488800087320012,2.5,2.389,tp,41
2024-04-10 02:45:00,2024-04-10 10:45:00,S,8.47,8.407,8.656972729958689,8.002568175103281,0.337,0.287,time,96
2024-04-10 12:40:00,2024-04-10 20:40:00,S,8.14,8.391,8.460252196262637,7.33936950934341,-0.784,-0.812,time,96
2024-04-11 00:15:00,2024-04-11 02:45:00,S,8.37,8.459433626508693,8.459433626508693,8.146415933728266,-1.0,-1.103,sl,30
2024-04-11 04:40:00,2024-04-11 06:05:00,S,8.359,8.447923001629487,8.447923001629487,8.136692495926283,-1.0,-1.103,sl,17
2024-04-11 09:50:00,2024-04-11 17:50:00,S,8.42,8.303,8.533834498495825,8.135413753760439,1.028,0.946,time,96
2024-04-12 00:15:00,2024-04-12 08:15:00,L,8.418,8.33405105227385,8.33405105227385,8.627872369315373,-1.0,-1.11,sl,96
2024-04-12 08:20:00,2024-04-12 10:35:00,S,8.385,8.432036087083373,8.432036087083373,8.267409782291566,-1.0,-1.196,sl,27
2024-04-12 11:20:00,2024-04-12 12:15:00,L,8.459,8.400275317610635,8.400275317610635,8.60581170597341,-1.0,-1.158,sl,11
2024-04-12 12:35:00,2024-04-12 16:15:00,S,8.348,8.040913314847412,8.470834674061036,8.040913314847412,2.5,2.425,tp,44
2024-04-12 16:20:00,2024-04-12 17:25:00,S,8.056,7.719100260088639,8.190759895964543,7.719100260088639,2.5,2.434,tp,13
2024-04-12 17:30:00,2024-04-12 18:35:00,S,7.625,6.37545212975988,8.124819148096048,6.37545212975988,2.5,2.483,tp,13
2024-04-12 18:40:00,2024-04-13 02:40:00,S,6.792,7.104,7.809146588597461,4.249133528506348,-0.307,-0.314,time,96
2024-04-13 08:10:00,2024-04-13 11:05:00,S,7.211,7.314485601683079,7.314485601683079,6.9522859957923036,-1.0,-1.077,sl,35
2024-04-13 13:35:00,2024-04-13 16:45:00,S,7.173,6.92306644604858,7.272973421580568,6.92306644604858,2.5,2.421,tp,38
2024-04-13 16:50:00,2024-04-13 19:55:00,S,6.927,6.269509289487528,7.189996284204988,6.269509289487528,2.5,2.471,tp,37
2024-04-13 20:00:00,2024-04-14 04:00:00,S,6.397,6.348,6.936786799659065,5.047533000852338,0.091,0.078,time,96
2024-04-14 11:25:00,2024-04-14 19:25:00,S,6.645,6.594,6.802270711157439,6.251823222106402,0.324,0.278,time,96
2024-04-14 21:25:00,2024-04-14 22:00:00,S,6.498,6.589424288742192,6.589424288742192,6.269439278144521,-1.0,-1.078,sl,7
2024-04-15 05:40:00,2024-04-15 13:40:00,L,6.837,7.109,6.684204663117755,7.218988342205613,1.78,1.731,time,96
2024-04-15 14:15:00,2024-04-15 18:25:00,S,6.99,6.54740563668575,7.1670377453257,6.54740563668575,2.5,2.457,tp,50
2024-04-15 18:30:00,2024-04-15 19:35:00,S,6.593,6.731062006778454,6.731062006778454,6.247844983053865,-1.0,-1.053,sl,13
2024-04-16 04:15:00,2024-04-16 06:45:00,S,6.547,6.697974075623378,6.697974075623378,6.169564810941553,-1.0,-1.048,sl,30
2024-04-16 10:25:00,2024-04-16 18:25:00,S,6.602,6.597,6.799534841016179,6.108162897459554,0.025,-0.011,time,96
2024-04-16 21:10:00,2024-04-17 05:10:00,L,6.675,6.71,6.587901494849974,6.892746262875065,0.402,0.318,time,96
2024-04-17 06:20:00,2024-04-17 14:20:00,S,6.636,6.399981862577322,6.730407254969071,6.399981862577322,2.5,2.423,tp,96
2024-04-17 14:25:00,2024-04-17 18:00:00,S,6.429,6.61449173320314,6.61449173320314,5.965270666992151,-1.0,-1.038,sl,43
2024-04-17 18:05:00,2024-04-18 02:05:00,L,6.615,6.659,6.386998483877899,7.185003790305254,0.193,0.161,time,96
2024-04-18 02:10:00,2024-04-18 06:20:00,L,6.659,6.567269894552612,6.567269894552612,6.888325263618469,-1.0,-1.08,sl,50
2024-04-18 06:25:00,2024-04-18 11:15:00,S,6.562,6.701910523235093,6.701910523235093,6.212223691912268,-1.0,-1.052,sl,58
2024-04-18 11:20:00,2024-04-18 12:30:00,L,6.732,6.574086351470872,6.574086351470872,7.12678412132282,-1.0,-1.047,sl,14
2024-04-18 14:20:00,2024-04-18 22:20:00,L,6.761,6.758,6.559275743871352,7.265310640321621,-0.015,-0.052,time,96
2024-04-18 22:40:00,2024-04-19 00:05:00,L,6.803,6.744236799501742,6.744236799501742,6.949908001245644,-1.0,-1.127,sl,17
2024-04-19 01:05:00,2024-04-19 01:45:00,S,6.68,6.424235818745224,6.78230567250191,6.424235818745224,2.5,2.428,tp,8
2024-04-19 01:50:00,2024-04-19 06:50:00,S,6.472,6.752654819384755,6.752654819384755,5.770362951538113,-1.0,-1.025,sl,60
2024-04-19 06:55:00,2024-04-19 14:55:00,L,6.778,6.765,6.483257995884263,7.514855010289341,-0.044,-0.069,time,96
2024-04-19 23:05:00,2024-04-20 06:30:00,S,6.616,6.800201550109237,6.800201550109237,6.155496124726907,-1.0,-1.04,sl,89
2024-04-20 06:35:00,2024-04-20 09:45:00,L,6.794,6.745599689198989,6.745599689198989,6.915000777002526,-1.0,-1.154,sl,38
2024-04-20 15:45:00,2024-04-20 18:00:00,L,6.896,7.213967026634984,6.768813189346006,7.213967026634984,2.5,2.44,tp,27
2024-04-20 18:05:00,2024-04-21 02:05:00,L,7.225,7.193,7.0199292115206555,7.7376769711983595,-0.156,-0.195,time,96
2024-04-22 03:35:00,2024-04-22 10:25:00,L,7.232,7.565997334667147,7.098401066133142,7.565997334667147,2.5,2.44,tp,82
2024-04-22 10:30:00,2024-04-22 11:45:00,L,7.555,7.433425592876258,7.433425592876258,7.858936017809354,-1.0,-1.068,sl,15
2024-04-22 20:25:00,2024-04-23 02:55:00,L,7.497,7.41271941015119,7.41271941015119,7.707701474622024,-1.0,-1.098,sl,78
2024-04-23 06:05:00,2024-04-23 07:25:00,L,7.468,7.365962044976868,7.365962044976868,7.72309488755783,-1.0,-1.081,sl,16
2024-04-23 14:10:00,2024-04-23 20:20:00,L,7.431,7.310074540202868,7.310074540202868,7.733313649492829,-1.0,-1.068,sl,74
2024-04-23 20:25:00,2024-04-24 04:25:00,S,7.324,7.311,7.389190763425866,7.161023091435335,0.199,0.076,time,96
2024-04-24 04:50:00,2024-04-24 12:50:00,L,7.364,7.378,7.273998131018935,7.589004672452662,0.156,0.066,time,96
2024-04-24 13:05:00,2024-04-24 14:35:00,S,7.33,7.036081834933464,7.447567266026614,7.036081834933464,2.5,2.431,tp,18
2024-04-24 14:40:00,2024-04-24 22:40:00,S,7.077,6.952,7.309307854056488,6.496230364858779,0.538,0.505,time,96
2024-04-24 22:45:00,2024-04-25 06:45:00,S,6.952,6.923,7.022921428446457,6.774696428883857,0.409,0.301,time,96
2024-04-25 08:40:00,2024-04-25 15:50:00,S,6.847,6.917641561207389,6.917641561207389,6.67039609698153,-1.0,-1.107,sl,86
2024-04-25 22:05:00,2024-04-26 01:15:00,S,6.908,6.7318375679209925,6.9784649728316035,6.7318375679209925,2.5,2.392,tp,38
2024-04-26 01:20:00,2024-04-26 01:50:00,S,6.74,6.857375747991246,6.857375747991246,6.446560630021885,-1.0,-1.063,sl,6
2024-04-26 13:10:00,2024-04-26 14:15:00,S,6.822,6.944574978698341,6.944574978698341,6.5155625532541475,-1.0,-1.061,sl,13
2024-04-26 15:10:00,2024-04-26 23:10:00,S,6.787,6.763,6.952624344700449,6.372939138248878,0.145,0.1,time,96
2024-04-27 00:45:00,2024-04-27 08:45:00,S,6.67,6.638,6.789932845615829,6.370167885960427,0.267,0.206,time,96
2024-04-27 10:20:00,2024-04-27 13:55:00,S,6.636,6.69584034893753,6.69584034893753,6.486399127656176,-1.0,-1.122,sl,43
2024-04-27 16:05:00,2024-04-27 17:30:00,S,6.637,6.686567672196105,6.686567672196105,6.513080819509735,-1.0,-1.147,sl,17
2024-04-27 17:45:00,2024-04-28 01:45:00,L,6.761,6.856,6.63550194775718,7.074745130607051,0.757,0.698,time,96
2024-04-28 01:55:00,2024-04-28 09:55:00,L,6.868,6.885,6.8272615136000425,6.969846215999895,0.417,0.232,time,96
2024-04-28 11:20:00,2024-04-28 13:20:00,S,6.838,6.880170577185376,6.880170577185376,6.732573557036561,-1.0,-1.178,sl,24
2024-04-28 22:35:00,2024-04-29 06:30:00,S,6.791,6.577666265672519,6.876333493730993,6.577666265672519,2.5,2.412,tp,95
2024-04-29 06:35:00,2024-04-29 14:35:00,S,6.54,6.596,6.69459442314421,6.153513942139476,-0.362,-0.409,time,96
2024-04-29 18:35:00,2024-04-29 22:30:00,S,6.544,6.609840439413959,6.609840439413959,6.379398901465102,-1.0,-1.109,sl,47
2024-04-30 02:00:00,2024-04-30 10:00:00,S,6.521,6.374,6.667865705746235,6.153835735634413,1.001,0.952,time,96
2024-04-30 10:05:00,2024-04-30 12:10:00,S,6.374,6.199540443814042,6.443783822474383,6.199540443814042,2.5,2.4,tp,25
2024-04-30 12:15:00,2024-04-30 20:15:00,S,6.223,6.158,6.349893793072256,5.90576551731936,0.512,0.458,time,96
2024-05-01 02:15:00,2024-05-01 02:30:00,S,6.338,6.428007514953112,6.428007514953112,6.112981212617219,-1.0,-1.077,sl,3
2024-05-01 04:15:00,2024-05-01 07:05:00,L,6.471,6.404178031913436,6.404178031913436,6.63805492021641,-1.0,-1.107,sl,34
2024-05-01 07:10:00,2024-05-01 12:05:00,S,6.344,6.5320693385883954,6.5320693385883954,5.8738266535290125,-1.0,-1.037,sl,59
2024-05-01 12:10:00,2024-05-01 18:45:00,L,6.536,6.819133092085741,6.422746763165703,6.819133092085741,2.5,2.437,tp,79
2024-05-01 18:50:00,2024-05-02 02:50:00,L,6.823,6.82,6.5307256915276435,7.553685771180893,-0.01,-0.036,time,96
2024-05-02 04:05:00,2024-05-02 09:15:00,L,6.857,6.964353359582967,6.8140586561668135,6.964353359582967,2.5,2.324,tp,62
2024-05-02 09:20:00,2024-05-02 17:20:00,L,6.952,7.066,6.865075923245322,7.169310191886694,1.311,1.224,time,96
2024-05-02 17:25:00,2024-05-02 18:30:00,L,7.066,7.263910612427208,6.986835755029117,7.263910612427208,2.5,2.402,tp,13
2024-05-02 18:35:00,2024-05-03 02:35:00,L,7.259,7.241,7.0576055004489655,7.762486248877588,-0.089,-0.129,time,96
2024-05-03 12:35:00,2024-05-03 20:35:00,L,7.135,7.351,7.020996798868356,7.42000800282911,1.895,1.826,time,96
2024-05-03 20:40:00,2024-05-04 00:00:00,L,7.351,7.226517098303032,7.226517098303032,7.66220725424242,-1.0,-1.065,sl,40
2024-05-04 10:50:00,2024-05-04 11:50:00,L,7.203,7.13235062955606,7.13235062955606,7.37962342610985,-1.0,-1.112,sl,12
2024-05-04 20:05:00,2024-05-04 21:05:00,L,7.192,7.152961480305238,7.152961480305238,7.289596299236907,-1.0,-1.203,sl,12
2024-05-04 22:45:00,2024-05-05 06:45:00,S,7.119,7.056,7.179427929897952,6.96793017525512,1.043,0.913,time,96
2024-05-05 08:30:00,2024-05-05 10:30:00,L,7.106,7.056758459346958,7.056758459346958,7.229103851632605,-1.0,-1.159,sl,24
2024-05-05 10:35:00,2024-05-05 14:35:00,S,7.067,7.10740237942413,7.10740237942413,6.965994051439676,-1.0,-1.192,sl,48
2024-05-05 14:40:00,2024-05-05 16:05:00,L,7.108,7.293180746287261,7.033927701485095,7.293180746287261,2.5,2.394,tp,17
2024-05-05 16:10:00,2024-05-06 00:10:00,L,7.281,7.258,7.148278657380157,7.612803356549607,-0.173,-0.234,time,96
2024-05-06 05:25:00,2024-05-06 08:25:00,L,7.294,7.444710976487111,7.233715609405155,7.444710976487111,2.5,2.367,tp,36
2024-05-06 08:30:00,2024-05-06 10:30:00,L,7.441,7.3537681431820685,7.3537681431820685,7.659079642044828,-1.0,-1.094,sl,24
2024-05-06 12:25:00,2024-05-06 20:25:00,S,7.215,7.22,7.323603694133706,6.943490764665734,-0.046,-0.119,time,96
2024-05-06 23:10:00,2024-05-07 03:25:00,S,7.15,7.029740705468566,7.198103717812574,7.029740705468566,2.5,2.336,tp,51
2024-05-07 03:30:00,2024-05-07 08:15:00,S,7.043,7.196092230363554,7.196092230363554,6.6602694240911156,-1.0,-1.051,sl,57
2024-05-07 08:20:00,2024-05-07 11:45:00,L,7.216,7.132175673451729,7.132175673451729,7.425560816370678,-1.0,-1.095,sl,41
2024-05-07 11:50:00,2024-05-07 14:55:00,S,7.151,7.228337728734071,7.228337728734071,6.957655678164821,-1.0,-1.102,sl,37
2024-05-07 18:25:00,2024-05-07 21:45:00,S,7.155,7.071389507914951,7.18844419683402,7.071389507914951,2.5,2.265,tp,40
2024-05-07 21:50:00,2024-05-08 05:50:00,S,7.075,7.059,7.158888380548218,6.865279048629455,0.191,0.098,time,96
2024-05-08 06:25:00,2024-05-08 07:00:00,S,6.998,7.082293416137744,7.082293416137744,6.787266459655641,-1.0,-1.091,sl,7
2024-05-08 11:35:00,2024-05-08 13:55:00,S,6.957,7.050228745555984,7.050228745555984,6.72392813611004,-1.0,-1.082,sl,28
2024-05-08 14:05:00,2024-05-08 22:05:00,L,7.08,6.97,6.911228829315398,7.501927926711505,-0.652,-0.698,time,96
2024-05-09 07:30:00,2024-05-09 15:30:00,S,6.954,6.958,7.026652964299512,6.772367589251219,-0.055,-0.16,time,96
2024-05-09 19:55:00,2024-05-10 03:55:00,L,7.027,7.106,6.96353595783821,7.185660105404476,1.245,1.123,time,96
2024-05-10 04:40:00,2024-05-10 05:00:00,L,7.138,7.075704810878157,7.075704810878157,7.293737972804609,-1.0,-1.126,sl,4
2024-05-10 14:05:00,2024-05-10 14:30:00,S,7.059,6.97931249160615,7.0908750033575405,6.97931249160615,2.5,2.256,tp,5
2024-05-10 14:35:00,2024-05-10 22:25:00,S,6.979,6.703884883208513,7.089046046716595,6.703884883208513,2.5,2.43,tp,94
2024-05-10 22:30:00,2024-05-11 06:30:00,S,6.715,6.79,6.821605898848406,6.448485252878983,-0.704,-0.773,time,96
2024-05-11 08:40:00,2024-05-11 15:15:00,S,6.721,6.781226453917877,6.781226453917877,6.570433865205308,-1.0,-1.123,sl,79
2024-05-11 22:35:00,2024-05-12 00:25:00,S,6.686,6.704069156274457,6.704069156274457,6.640827109313857,-1.0,-1.407,sl,22
2024-05-12 07:35:00,2024-05-12 10:15:00,S,6.649,6.706287674677479,6.706287674677479,6.505780813306303,-1.0,-1.128,sl,32
2024-05-12 17:00:00,2024-05-13 01:00:00,S,6.713,6.648,6.789338295305513,6.522154261736217,0.851,0.755,time,96
2024-05-13 01:20:00,2024-05-13 07:50:00,S,6.595,6.687038716700394,6.687038716700394,6.364903208249013,-1.0,-1.079,sl,78
2024-05-13 07:55:00,2024-05-13 15:55:00,L,6.683,6.755,6.557628858484344,6.996427853789139,0.574,0.516,time,96
2024-05-13 16:25:00,2024-05-13 17:05:00,L,6.791,6.726990814107644,6.726990814107644,6.951022964730891,-1.0,-1.117,sl,8
2024-05-13 17:30:00,2024-05-14 01:30:00,S,6.691,6.678,6.825006776338638,6.355983059153404,0.097,0.042,time,96
2024-05-14 01:50:00,2024-05-14 06:10:00,S,6.65,6.539779511762617,6.694088195294953,6.539779511762617,2.5,2.334,tp,52
2024-05-14 06:15:00,2024-05-14 12:05:00,S,6.524,6.665384823991957,6.665384823991957,6.1705379400201075,-1.0,-1.051,sl,70
2024-05-14 14:05:00,2024-05-14 15:25:00,S,6.6,6.686357393923693,6.686357393923693,6.3841065151907666,-1.0,-1.084,sl,16
2024-05-14 17:35:00,2024-05-15 01:35:00,S,6.507,6.523,6.641992559662342,6.1695186008441425,-0.119,-0.172,time,96
2024-05-15 05:10:00,2024-05-15 07:35:00,S,6.492,6.514851271651491,6.514851271651491,6.4348718208712725,-1.0,-1.313,sl,29
2024-05-15 09:55:00,2024-05-15 11:40:00,L,6.654,6.5173101778847045,6.5173101778847045,6.9957245552882386,-1.0,-1.054,sl,21
2024-05-15 11:45:00,2024-05-15 12:30:00,S,6.507,6.662634116486836,6.662634116486836,6.117914708782909,-1.0,-1.046,sl,9
2024-05-15 12:35:00,2024-05-15 20:35:00,L,6.686,6.974,6.4815048559982165,7.197237860004458,1.408,1.372,time,96
2024-05-16 01:55:00,2024-05-16 02:20:00,L,7.007,6.954533964361357,6.954533964361357,7.138165089096607,-1.0,-1.147,sl,5
2024-05-16 14:00:00,2024-05-16 22:00:00,L,6.924,6.966,6.808846600541431,7.211883498646424,0.365,0.299,time,96
2024-05-16 22:55:00,2024-05-17 06:55:00,L,7.003,7.124,6.932063428691195,7.180341428272014,1.706,1.597,time,96
2024-05-17 07:05:00,2024-05-17 15:05:00,L,7.156,7.176,7.044638336786177,7.434404158034557,0.18,0.109,time,96
2024-05-17 16:15:00,2024-05-18 00:15:00,L,7.258,7.176,7.162669671445853,7.496325821385367,-0.86,-0.944,time,96
2024-05-18 07:25:00,2024-05-18 12:20:00,L,7.216,7.162885076440103,7.162885076440103,7.348787308899743,-1.0,-1.149,sl,59
2024-05-18 13:05:00,2024-05-18 21:05:00,S,7.117,7.159,7.186999693971511,6.942000765071223,-0.6,-0.712,time,96
2024-05-19 03:05:00,2024-05-19 04:15:00,L,7.176,7.129030520776268,7.129030520776268,7.293423698059332,-1.0,-1.168,sl,14
2024-05-19 05:55:00,2024-05-19 09:20:00,S,7.115,7.055365946782278,7.1388536212870894,7.055365946782278,2.5,2.172,tp,41
2024-05-19 09:25:00,2024-05-19 10:30:00,S,7.064,7.109140977884344,7.109140977884344,6.95114755528914,-1.0,-1.172,sl,13
2024-05-19 11:10:00,2024-05-19 19:10:00,S,7.064,6.963,7.1263113978541,6.90822150536475,1.621,1.496,time,96
2024-05-19 21:30:00,2024-05-20 03:00:00,S,6.905,6.967232468106679,6.967232468106679,6.749418829733304,-1.0,-1.122,sl,66
2024-05-20 05:05:00,2024-05-20 06:50:00,L,7.034,6.940240131133751,6.940240131133751,7.268399672165621,-1.0,-1.083,sl,21
2024-05-20 06:55:00,2024-05-20 09:00:00,S,6.889,7.059473109944733,7.059473109944733,6.462817225138169,-1.0,-1.044,sl,25
2024-05-20 12:10:00,2024-05-20 16:00:00,S,6.998,7.065301561030911,7.065301561030911,6.829746097422722,-1.0,-1.114,sl,46
2024-05-20 16:05:00,2024-05-20 19:25:00,L,7.063,7.267827288885034,6.981069084445986,7.267827288885034,2.5,2.405,tp,40
2024-05-20 19:30:00,2024-05-21 03:30:00,L,7.289,7.495,7.131967776510045,7.681580558724886,1.312,1.261,time,96
2024-05-21 06:10:00,2024-05-21 14:10:00,L,7.532,7.634,7.430102271587191,7.786744321032023,1.001,0.92,time,96
2024-05-21 22:30:00,2024-05-22 04:35:00,L,7.618,7.53225090491294,7.53225090491294,7.832372737717652,-1.0,-1.098,sl,73
2024-05-22 06:50:00,2024-05-22 09:45:00,L,7.618,7.555131445789245,7.555131445789245,7.775171385526889,-1.0,-1.133,sl,35
2024-05-22 12:50:00,2024-05-22 15:40:00,S,7.485,7.633207502430821,7.633207502430821,7.114481243922949,-1.0,-1.056,sl,34
2024-05-22 15:45:00,2024-05-22 18:00:00,L,7.648,7.522247150951025,7.522247150951025,7.9623821226224365,-1.0,-1.067,sl,27
2024-05-22 20:35:00,2024-05-23 00:15:00,S,7.406,7.517248607812113,7.517248607812113,7.127878480469716,-1.0,-1.073,sl,44
2024-05-23 00:35:00,2024-05-23 08:35:00,L,7.549,7.56,7.450300412337432,7.795748969156421,0.111,0.027,time,96
2024-05-23 10:00:00,2024-05-23 13:50:00,S,7.506,7.298999163847247,7.5888003344611015,7.298999163847247,2.5,2.4,tp,46
2024-05-23 13:55:00,2024-05-23 21:55:00,S,7.264,7.238,7.500140724141974,6.673648189645066,0.11,0.076,time,96
2024-05-24 05:25:00,2024-05-24 12:35:00,S,7.181,7.279932581257269,7.279932581257269,6.933668546856829,-1.0,-1.08,sl,86
2024-05-24 14:30:00,2024-05-24 16:10:00,L,7.288,7.219596503023918,7.219596503023918,7.459008742440206,-1.0,-1.117,sl,20
2024-05-24 16:15:00,2024-05-25 00:15:00,S,7.214,7.238,7.393629524687369,6.76492618828158,-0.134,-0.178,time,96
2024-05-25 03:25:00,2024-05-25 11:25:00,L,7.291,7.345,7.261943778549019,7.363640553627455,1.858,1.582,time,96
2024-05-25 13:40:00,2024-05-25 15:05:00,S,7.272,7.321641769880149,7.321641769880149,7.147895575299629,-1.0,-1.161,sl,17
2024-05-25 15:10:00,2024-05-25 23:10:00,L,7.337,7.402,7.2614907363495815,7.525773159126045,0.861,0.754,time,96
2024-05-25 23:15:00,2024-05-26 07:15:00,L,7.402,7.411,7.341923205707625,7.552191985730939,0.15,0.014,time,96
2024-05-26 07:35:00,2024-05-26 09:35:00,L,7.452,7.384555888743753,7.384555888743753,7.620610278140617,-1.0,-1.122,sl,24
2024-05-26 13:05:00,2024-05-26 21:05:00,L,7.492,7.533,7.417267035076302,7.678832412309246,0.549,0.438,time,96
2024-05-26 22:05:00,2024-05-27 05:00:00,L,7.562,7.4661080748303315,7.4661080748303315,7.801729812924172,-1.0,-1.087,sl,83
2024-05-27 05:05:00,2024-05-27 13:05:00,S,7.462,7.506238711051812,7.506238711051812,7.35140322237047,-1.0,-1.186,sl,96
2024-05-27 14:15:00,2024-05-27 14:30:00,L,7.509,7.485667538210187,7.485667538210187,7.567331154474534,-1.0,-1.354,sl,3
2024-05-27 15:05:00,2024-05-27 15:45:00,L,7.537,7.692324372347252,7.474870251061099,7.692324372347252,2.5,2.367,tp,8
2024-05-27 15:50:00,2024-05-27 23:50:00,L,7.707,7.631,7.473716091198879,8.290209772002802,-0.326,-0.362,time,96
2024-05-28 04:20:00,2024-05-28 12:20:00,S,7.487,7.371,7.602852625716065,7.197368435709837,1.001,0.93,time,96
2024-05-28 12:50:00,2024-05-28 19:50:00,S,7.378,7.4311926803523045,7.4311926803523045,7.24501829911924,-1.0,-1.153,sl,84
2024-05-28 23:10:00,2024-05-29 04:15:00,S,7.36,7.423374093952871,7.423374093952871,7.201564765117823,-1.0,-1.128,sl,61
2024-05-29 06:05:00,2024-05-29 08:00:00,L,7.551,7.398155708786171,7.398155708786171,7.933110728034572,-1.0,-1.054,sl,23
2024-05-29 08:05:00,2024-05-29 16:05:00,S,7.39,7.19,7.512248813012088,7.084377967469778,1.636,1.57,time,96
2024-05-29 19:50:00,2024-05-30 03:25:00,S,7.197,7.2438100343562075,7.2438100343562075,7.079974914109481,-1.0,-1.169,sl,91
2024-05-30 05:05:00,2024-05-30 07:50:00,S,7.161,6.964569881993105,7.239572047202757,6.964569881993105,2.5,2.4,tp,33
2024-05-30 07:55:00,2024-05-30 11:25:00,S,6.971,7.0757638665776454,7.0757638665776454,6.709090333555887,-1.0,-1.073,sl,42
2024-05-30 19:55:00,2024-05-31 03:55:00,S,7.061,7.008,7.114258732480729,6.927853168798178,0.995,0.849,time,96
2024-05-31 05:20:00,2024-05-31 07:25:00,S,6.954,7.016332377351271,7.016332377351271,6.798169056621821,-1.0,-1.123,sl,25
2024-05-31 14:00:00,2024-05-31 22:00:00,S,6.981,7.006,7.051702788927628,6.80424302768093,-0.354,-0.462,time,96
2024-05-31 23:25:00,2024-05-31 23:45:00,S,6.971,7.009245468199505,7.009245468199505,6.875386329501238,-1.0,-1.2,sl,4
2024-06-01 06:35:00,2024-06-01 07:05:00,L,7.042,7.0161429328438905,7.0161429328438905,7.106642667890274,-1.0,-1.3,sl,6
2024-06-01 09:45:00,2024-06-01 17:45:00,L,7.05,7.076,7.008949915666432,7.15262521083392,0.633,0.444,time,96
2024-06-01 21:30:00,2024-06-01 23:20:00,L,7.108,7.077134418285093,7.077134418285093,7.185163954287267,-1.0,-1.253,sl,22
2024-06-02 04:55:00,2024-06-02 05:40:00,L,7.107,7.071320103952657,7.071320103952657,7.196199740118358,-1.0,-1.219,sl,9
2024-06-02 07:35:00,2024-06-02 14:30:00,S,7.049,7.112148714135929,7.112148714135929,6.891128214660178,-1.0,-1.123,sl,83
2024-06-02 14:35:00,2024-06-02 16:20:00,L,7.109,7.069817147009061,7.069817147009061,7.2069571324773465,-1.0,-1.2,sl,21
2024-06-02 17:10:00,2024-06-03 01:10:00,S,7.031,7.021,7.099297085396873,6.860257286507817,0.146,0.033,time,96
2024-06-03 01:25:00,2024-06-03 09:25:00,L,7.059,7.115,6.933642089598285,7.372394776004288,0.447,0.385,time,96
2024-06-03 14:40:00,2024-06-03 22:40:00,S,7.075,7.047,7.19403699556652,6.7774075110837,0.235,0.17,time,96
2024-06-03 23:30:00,2024-06-04 07:30:00,S,7.023,6.998,7.052917685348567,6.948205786628581,0.836,0.577,time,96
2024-06-04 09:20:00,2024-06-04 13:40:00,S,6.968,7.035559849776918,7.035559849776918,6.799100375557704,-1.0,-1.113,sl,52
2024-06-04 14:05:00,2024-06-04 15:15:00,L,7.043,7.173898432557419,6.990640626977033,7.173898432557419,2.5,2.352,tp,14
2024-06-04 15:20:00,2024-06-04 23:20:00,L,7.185,7.189,7.047823895613641,7.527940260965895,0.029,-0.028,time,96
2024-06-05 06:25:00,2024-06-05 10:15:00,L,7.269,7.1821741171060545,7.1821741171060545,7.486064707234864,-1.0,-1.092,sl,46
2024-06-05 17:20:00,2024-06-05 19:10:00,L,7.263,7.22353199147727,7.22353199147727,7.361670021306823,-1.0,-1.202,sl,22
2024-06-06 05:20:00,2024-06-06 12:05:00,S,7.196,7.230154406132224,7.230154406132224,7.11061398466944,-1.0,-1.232,sl,81
2024-06-06 12:10:00,2024-06-06 12:40:00,L,7.236,7.200877511279083,7.200877511279083,7.3238062218022915,-1.0,-1.227,sl,6
2024-06-06 13:45:00,2024-06-06 18:05:00,L,7.251,7.182393153308053,7.182393153308053,7.422517116729869,-1.0,-1.116,sl,52
2024-06-06 19:30:00,2024-06-07 03:30:00,S,7.179,7.104,7.230390735539989,7.0505231611500285,1.459,1.306,time,96
2024-06-07 09:05:00,2024-06-07 10:05:00,S,7.134,7.16282446128112,7.16282446128112,7.061938846797203,-1.0,-1.272,sl,12
2024-06-07 10:45:00,2024-06-07 12:30:00,L,7.188,7.1385556461549395,7.1385556461549395,7.31161088461265,-1.0,-1.16,sl,21
2024-06-07 12:35:00,2024-06-07 18:00:00,S,7.164,6.817417498894148,7.3026330004423405,6.817417498894148,2.5,2.443,tp,65
2024-06-07 18:05:00,2024-06-08 02:05:00,S,6.21,6.64,7.154585528352821,3.8485361791179473,-0.455,-0.462,time,96
2024-06-08 05:05:00,2024-06-08 05:45:00,S,6.603,6.628774032380436,6.628774032380436,6.538564919048909,-1.0,-1.282,sl,8
2024-06-08 09:05:00,2024-06-08 11:50:00,S,6.571,6.437661236509955,6.624335505396018,6.437661236509955,2.5,2.364,tp,33
2024-06-08 11:55:00,2024-06-08 19:55:00,S,6.426,6.392,6.553253812545986,6.107865468635036,0.267,0.212,time,96
2024-06-08 20:10:00,2024-06-09 01:55:00,S,6.381,6.429303927239727,6.429303927239727,6.260240181900684,-1.0,-1.145,sl,69
2024-06-09 05:10:00,2024-06-09 08:35:00,S,6.386,6.444288411282416,6.444288411282416,6.240278971793959,-1.0,-1.121,sl,41
2024-06-09 12:10:00,2024-06-09 12:45:00,S,6.455,6.487761106892673,6.487761106892673,6.373097232768317,-1.0,-1.217,sl,7
2024-06-09 13:20:00,2024-06-09 14:55:00,S,6.442,6.491367653911647,6.491367653911647,6.318580865220883,-1.0,-1.144,sl,19
2024-06-10 03:35:00,2024-06-10 07:45:00,S,6.483,6.368637621418214,6.528744951432714,6.368637621418214,2.5,2.344,tp,50
2024-06-10 07:50:00,2024-06-10 08:20:00,S,6.372,6.434900442987298,6.434900442987298,6.2147488925317536,-1.0,-1.111,sl,6
2024-06-10 12:40:00,2024-06-10 15:00:00,S,6.44,6.513320237943128,6.513320237943128,6.256699405142182,-1.0,-1.097,sl,28
2024-06-10 15:05:00,2024-06-10 23:05:00,L,6.511,6.513,6.4262438124127055,6.722890468968236,0.024,-0.061,time,96
2024-06-11 00:50:00,2024-06-11 01:10:00,S,6.483,6.516964682615509,6.516964682615509,6.398088293461226,-1.0,-1.21,sl,4
2024-06-11 01:55:00,2024-06-11 09:55:00,S,6.41,6.378,6.5296222120585306,6.110944469853674,0.268,0.209,time,96
2024-06-11 12:25:00,2024-06-11 17:50:00,S,6.336,6.400044593675572,6.400044593675572,6.175888515811071,-1.0,-1.109,sl,65
2024-06-11 22:10:00,2024-06-11 22:55:00,S,6.362,6.38380756010148,6.38380756010148,6.307481099746301,-1.0,-1.321,sl,9
2024-06-12 01:15:00,2024-06-12 02:10:00,S,6.347,6.390357565741883,6.390357565741883,6.2386060856452925,-1.0,-1.161,sl,11
2024-06-12 10:10:00,2024-06-12 13:05:00,L,6.437,6.628627470932237,6.360349011627106,6.628627470932237,2.5,2.408,tp,35
2024-06-12 13:10:00,2024-06-12 21:10:00,L,6.631,6.771,6.3790811569056345,7.260797107735915,0.556,0.527,time,96
2024-06-13 03:05:00,2024-06-13 11:05:00,S,6.556,6.485,6.651380012722517,6.317549968193708,0.744,0.669,time,96
2024-06-13 12:55:00,2024-06-13 20:55:00,S,6.462,6.407,6.566935316815036,6.199661707962408,0.524,0.456,time,96
2024-06-13 21:10:00,2024-06-14 05:10:00,S,6.38,6.39,6.465675806525955,6.165810483685111,-0.117,-0.199,time,96
2024-06-14 11:00:00,2024-06-14 11:40:00,L,6.468,6.428734854801749,6.428734854801749,6.566162862995627,-1.0,-1.181,sl,8
2024-06-14 11:45:00,2024-06-14 15:45:00,S,6.406,6.195414843733213,6.4902340625067145,6.195414843733213,2.5,2.416,tp,48
2024-06-14 15:50:00,2024-06-14 23:50:00,S,6.207,6.165,6.303985487133675,5.964536282165813,0.433,0.363,time,96
2024-06-15 02:05:00,2024-06-15 04:00:00,S,6.12,6.1652952152890395,6.1652952152890395,6.006761961777402,-1.0,-1.149,sl,23
2024-06-15 09:40:00,2024-06-15 15:15:00,S,6.198,6.2378302494237685,6.2378302494237685,6.09842437644058,-1.0,-1.171,sl,67
2024-06-15 19:10:00,2024-06-15 23:10:00,S,6.175,6.223049262628887,6.223049262628887,6.054876843427781,-1.0,-1.141,sl,48
2024-06-16 03:35:00,2024-06-16 06:00:00,S,6.172,6.225026101513225,6.225026101513225,6.039434746216936,-1.0,-1.128,sl,29
2024-06-16 08:50:00,2024-06-16 11:30:00,S,6.178,6.214770124092406,6.214770124092406,6.086074689768984,-1.0,-1.185,sl,32
2024-06-16 13:05:00,2024-06-16 15:45:00,L,6.231,6.318054056203948,6.196178377518421,6.318054056203948,2.5,2.303,tp,32
2024-06-16 15:50:00,2024-06-16 23:50:00,L,6.316,6.387,6.243303273928489,6.497741815178777,0.977,0.881,time,96
2024-06-17 06:05:00,2024-06-17 10:05:00,S,6.282,6.122844558129993,6.345662176748003,6.122844558129993,2.5,2.391,tp,48
2024-06-17 10:10:00,2024-06-17 18:10:00,S,6.132,6.213,6.254644357270279,5.825389106824302,-0.66,-0.715,time,96
2024-06-17 20:55:00,2024-06-18 01:40:00,S,6.13,5.787071916172253,6.267171233531099,5.787071916172253,2.5,2.451,tp,57
2024-06-18 01:45:00,2024-06-18 09:45:00,S,5.478,5.881,6.0705603628008475,3.9965990929978803,-0.68,-0.69,time,96
2024-06-18 11:30:00,2024-06-18 19:30:00,S,5.815,5.645,5.910505861212519,5.576235346968705,1.78,1.713,time,96
2024-06-19 07:00:00,2024-06-19 11:35:00,L,5.944,5.884637695815362,5.884637695815362,6.0924057604615935,-1.0,-1.11,sl,55
2024-06-19 11:40:00,2024-06-19 19:40:00,S,5.886,5.825,5.993281526348963,5.6177961841275925,0.569,0.508,time,96
2024-06-19 20:20:00,2024-06-19 20:30:00,S,5.802,5.848216089602969,5.848216089602969,5.686459775992575,-1.0,-1.138,sl,2
2024-06-19 23:35:00,2024-06-20 01:10:00,S,5.785,5.84538614536354,5.84538614536354,5.634034636591149,-1.0,-1.105,sl,19
2024-06-20 05:10:00,2024-06-20 13:10:00,L,5.884,5.802,5.7782019135217535,6.1484952161956175,-0.775,-0.836,time,96
2024-06-20 13:20:00,2024-06-20 21:20:00,S,5.768,5.675,5.876288117719703,5.497279705700741,0.859,0.8,time,96
2024-06-20 21:40:00,2024-06-21 00:15:00,S,5.665,5.582313198357605,5.698074720656958,5.582313198357605,2.5,2.312,tp,31
2024-06-21 00:20:00,2024-06-21 01:25:00,S,5.593,5.659709419315911,5.659709419315911,5.426226451710222,-1.0,-1.092,sl,13
2024-06-21 07:50:00,2024-06-21 11:50:00,S,5.636,5.700580311054484,5.700580311054484,5.474549222363791,-1.0,-1.096,sl,48
2024-06-21 17:25:00,2024-06-22 01:25:00,S,5.565,5.553,5.6690638428356515,5.304840392910872,0.115,0.056,time,96
2024-06-22 09:10:00,2024-06-22 13:30:00,L,5.672,5.786068850257491,5.626372459897003,5.786068850257491,2.5,2.363,tp,52
2024-06-22 13:35:00,2024-06-22 15:20:00,L,5.791,5.730847208059725,5.730847208059725,5.941381979850689,-1.0,-1.106,sl,21
2024-06-23 00:45:00,2024-06-23 01:00:00,L,5.781,5.732027330039154,5.732027330039154,5.903431674902114,-1.0,-1.13,sl,3
2024-06-23 04:40:00,2024-06-23 05:30:00,L,5.775,5.755291671199576,5.755291671199576,5.824270822001062,-1.0,-1.322,sl,10
2024-06-23 09:20:00,2024-06-23 11:00:00,L,5.793,5.747992881319435,5.747992881319435,5.905517796701412,-1.0,-1.142,sl,20
2024-06-23 15:50:00,2024-06-23 20:30:00,S,5.708,5.608623324633511,5.747750670146596,5.608623324633511,2.5,2.342,tp,56
2024-06-23 20:35:00,2024-06-24 02:25:00,S,5.604,5.703999054933102,5.703999054933102,5.354002362667245,-1.0,-1.062,sl,70
2024-06-24 03:00:00,2024-06-24 03:10:00,S,5.665,5.711364730220848,5.711364730220848,5.54908817444788,-1.0,-1.134,sl,2
2024-06-24 05:10:00,2024-06-24 09:30:00,S,5.62,5.427579037006968,5.696968385197213,5.427579037006968,2.5,2.42,tp,52
2024-06-24 09:35:00,2024-06-24 13:25:00,S,5.47,5.642484730388765,5.642484730388765,5.038788174028086,-1.0,-1.035,sl,46
2024-06-24 13:55:00,2024-06-24 15:35:00,L,5.69,5.60236492381464,5.60236492381464,5.909087690463402,-1.0,-1.071,sl,20
2024-06-24 15:50:00,2024-06-24 17:15:00,S,5.553,5.680422266299236,5.680422266299236,5.23444433425191,-1.0,-1.048,sl,17
2024-06-24 23:25:00,2024-06-25 03:35:00,L,5.717,5.830837167372414,5.671465133051034,5.830837167372414,2.5,2.362,tp,50
2024-06-25 03:40:00,2024-06-25 08:05:00,L,5.82,5.753227754081981,5.753227754081981,5.98693061479505,-1.0,-1.096,sl,53
2024-06-25 10:00:00,2024-06-25 18:00:00,L,5.822,5.876,5.731483802828873,6.048290492927819,0.597,0.526,time,96
2024-06-26 02:20:00,2024-06-26 03:25:00,L,5.856,5.820747627939004,5.820747627939004,5.94413093015249,-1.0,-1.183,sl,13
2024-06-26 06:35:00,2024-06-26 14:35:00,L,5.844,5.894,5.783752794374349,5.9946180140641285,0.83,0.723,time,96
2024-06-26 19:55:00,2024-06-26 23:20:00,L,5.856,5.793359108916214,5.793359108916214,6.012602227709463,-1.0,-1.103,sl,41
2024-06-26 23:30:00,2024-06-27 05:30:00,S,5.787,5.712462349502829,5.816815060198868,5.712462349502829,2.5,2.286,tp,72
2024-06-27 05:35:00,2024-06-27 06:15:00,S,5.72,5.76325671543298,5.76325671543298,5.61185821141755,-1.0,-1.145,sl,8
2024-06-27 09:35:00,2024-06-27 13:10:00,L,5.866,6.062789719375285,5.7872841122498855,6.062789719375285,2.5,2.418,tp,43
2024-06-27 13:15:00,2024-06-27 21:15:00,L,6.055,6.321,5.920752651706599,6.390618370733501,1.981,1.932,time,96
2024-06-28 07:05:00,2024-06-28 11:15:00,L,6.281,6.394173192276254,6.235730723089498,6.394173192276254,2.5,2.347,tp,50
2024-06-28 11:20:00,2024-06-28 14:50:00,L,6.395,6.310162978670988,6.310162978670988,6.607092553322529,-1.0,-1.083,sl,42
2024-06-29 00:35:00,2024-06-29 08:35:00,L,6.222,6.184,6.1685052838412275,6.355736790396932,-0.71,-0.838,time,96
2024-06-29 09:20:00,2024-06-29 14:20:00,S,6.17,6.100669697178914,6.197732121128435,6.100669697178914,2.5,2.255,tp,60
2024-06-29 14:25:00,2024-06-29 22:25:00,S,6.097,6.079,6.134858333564233,6.00235416608942,0.475,0.298,time,96
2024-06-30 01:50:00,2024-06-30 06:55:00,S,6.064,6.111123099489115,6.111123099489115,5.946192251277213,-1.0,-1.142,sl,61
2024-06-30 07:05:00,2024-06-30 15:05:00,L,6.111,6.126,6.076732365389815,6.1966690865254614,0.438,0.242,time,96
2024-06-30 15:45:00,2024-06-30 23:45:00,L,6.149,6.207,6.087724279109814,6.3021893022254645,0.947,0.836,time,96
2024-07-01 01:15:00,2024-07-01 09:15:00,L,6.293,6.328,6.188222667318266,6.554943331704335,0.334,0.268,time,96
2024-07-01 09:45:00,2024-07-01 14:10:00,L,6.358,6.2842312465759536,6.2842312465759536,6.542421883560115,-1.0,-1.095,sl,53
2024-07-01 15:30:00,2024-07-01 23:30:00,L,6.339,6.333,6.283820419337146,6.476948951657137,-0.109,-0.235,time,96
2024-07-02 02:10:00,2024-07-02 09:40:00,L,6.398,6.326726051154001,6.326726051154001,6.576184872114997,-1.0,-1.099,sl,90
2024-07-02 10:50:00,2024-07-02 14:40:00,L,6.416,6.321979073057034,6.321979073057034,6.651052317357417,-1.0,-1.075,sl,46
2024-07-02 18:20:00,2024-07-03 02:20:00,L,6.459,6.395,6.326791341481226,6.789521646296935,-0.484,-0.538,time,96
2024-07-03 02:25:00,2024-07-03 10:20:00,S,6.395,6.174335943254839,6.483265622698064,6.174335943254839,2.5,2.42,tp,95
2024-07-03 10:25:00,2024-07-03 18:25:00,S,6.18,6.122,6.286218786613251,5.914453033466872,0.546,0.482,time,96
2024-07-03 19:25:00,2024-07-04 01:40:00,S,6.056,5.861916793612672,6.133633282554931,5.861916793612672,2.5,2.414,tp,75
2024-07-04 01:45:00,2024-07-04 09:45:00,S,5.905,5.853,6.132672812304449,5.335817969238878,0.228,0.2,time,96
2024-07-04 12:25:00,2024-07-04 15:50:00,S,5.759,5.840576263718029,5.840576263718029,5.555059340704928,-1.0,-1.078,sl,41
2024-07-04 20:10:00,2024-07-04 21:20:00,S,5.717,5.796604590021914,5.796604590021914,5.517988524945213,-1.0,-1.079,sl,14
2024-07-04 22:55:00,2024-07-05 00:00:00,S,5.703,5.487508136986216,5.789196745205514,5.487508136986216,2.5,2.427,tp,13
2024-07-05 00:05:00,2024-07-05 08:05:00,S,5.425,5.327,5.7125464758996305,4.706133810250924,0.341,0.32,time,96
2024-07-05 15:10:00,2024-07-05 23:10:00,L,5.78,5.721,5.543354895818035,6.371612760454914,-0.249,-0.276,time,96
2024-07-05 23:35:00,2024-07-06 00:35:00,S,5.703,5.743277431435896,5.743277431435896,5.602306421410262,-1.0,-1.156,sl,12
2024-07-06 01:20:00,2024-07-06 06:20:00,S,5.636,5.798827921931096,5.798827921931096,5.228930195172261,-1.0,-1.038,sl,60
2024-07-06 06:25:00,2024-07-06 14:25:00,L,5.797,5.897,5.650828289332736,6.162429276668158,0.684,0.641,time,96
2024-07-06 15:35:00,2024-07-06 23:35:00,L,6.022,6.222,5.892257154875364,6.3463571128115905,1.542,1.49,time,96
2024-07-07 02:10:00,2024-07-07 03:10:00,L,6.249,6.17861337052915,6.17861337052915,6.424966573677124,-1.0,-1.098,sl,12
2024-07-07 05:55:00,2024-07-07 12:40:00,L,6.273,6.156324487775914,6.156324487775914,6.564688780560215,-1.0,-1.059,sl,81
2024-07-07 14:05:00,2024-07-07 22:05:00,S,6.043,5.976,6.175052786317233,5.7128680342069185,0.507,0.457,time,96
2024-07-07 22:50:00,2024-07-08 01:10:00,S,5.927,5.691327557539454,6.021268976984218,5.691327557539454,2.5,2.431,tp,28
2024-07-08 01:15:00,2024-07-08 02:40:00,S,5.739,5.921148707432345,5.921148707432345,5.2836282314191365,-1.0,-1.035,sl,17
2024-07-08 08:20:00,2024-07-08 14:30:00,L,6.063,5.898275096602841,5.898275096602841,6.474812258492896,-1.0,-1.04,sl,74
2024-07-08 14:35:00,2024-07-08 22:35:00,S,5.85,5.93,6.145705297387092,5.110736756532268,-0.271,-0.292,time,96
2024-07-09 00:35:00,2024-07-09 01:10:00,S,5.89,5.957715738878732,5.957715738878732,5.720710652803169,-1.0,-1.096,sl,7
2024-07-09 01:40:00,2024-07-09 05:45:00,S,5.876,6.0033112739872,6.0033112739872,5.557721815032001,-1.0,-1.051,sl,49
2024-07-09 05:50:00,2024-07-09 13:50:00,L,6.034,6.055,5.880988965757602,6.416527585605994,0.137,0.094,time,96
2024-07-09 15:50:00,2024-07-09 23:50:00,L,6.153,6.107,6.031157996233064,6.457605009417337,-0.378,-0.433,time,96
2024-07-10 04:05:00,2024-07-10 07:45:00,L,6.182,6.136640600476523,6.136640600476523,6.295398498808694,-1.0,-1.15,sl,44
2024-07-10 13:40:00,2024-07-10 15:40:00,S,6.07,6.139639178274792,6.139639178274792,5.895902054313021,-1.0,-1.096,sl,24
2024-07-10 15:55:00,2024-07-10 17:30:00,L,6.152,6.074358303244142,6.074358303244142,6.346104241889646,-1.0,-1.087,sl,19
2024-07-10 21:35:00,2024-07-10 23:40:00,S,6.068,6.112341859390309,6.112341859390309,5.957145351524226,-1.0,-1.151,sl,25
2024-07-10 23:45:00,2024-07-11 00:35:00,L,6.111,6.0629617586416,6.0629617586416,6.231095603396,-1.0,-1.14,sl,10
2024-07-11 03:25:00,2024-07-11 06:55:00,S,6.038,6.113419270564785,6.113419270564785,5.849451823588038,-1.0,-1.088,sl,42
2024-07-11 07:00:00,2024-07-11 12:30:00,L,6.115,6.1898830106893925,6.085046795724243,6.1898830106893925,2.5,2.275,tp,66
2024-07-11 12:35:00,2024-07-11 14:20:00,L,6.213,6.110458945452738,6.110458945452738,6.469352636368155,-1.0,-1.067,sl,21
2024-07-11 15:35:00,2024-07-11 21:25:00,S,6.082,5.895435653005656,6.156625738797738,5.895435653005656,2.5,2.41,tp,70
2024-07-11 21:30:00,2024-07-12 05:30:00,S,5.906,5.882,5.955675895448365,5.781810261379087,0.483,0.352,time,96
2024-07-12 08:40:00,2024-07-12 10:20:00,S,5.854,5.802058706148428,5.874776517540629,5.802058706148428,2.5,2.19,tp,20
2024-07-12 10:25:00,2024-07-12 12:50:00,S,5.808,5.871893615483495,5.871893615483495,5.648265961291261,-1.0,-1.1,sl,29
2024-07-12 14:05:00,2024-07-12 22:05:00,L,5.941,6.036,5.874859332889427,6.106351667776432,1.436,1.338,time,96
2024-07-12 22:40:00,2024-07-13 05:20:00,L,6.065,6.1773975672193915,6.020040973112244,6.1773975672193915,2.5,2.352,tp,80
2024-07-13 05:25:00,2024-07-13 13:25:00,L,6.176,6.199,6.117781236027878,6.321546909930305,0.395,0.278,time,96
2024-07-13 15:35:00,2024-07-13 22:20:00,L,6.238,6.191655952942571,6.191655952942571,6.353860117643574,-1.0,-1.148,sl,81
2024-07-14 07:10:00,2024-07-14 12:30:00,L,6.226,6.182519611531944,6.182519611531944,6.33470097117014,-1.0,-1.158,sl,64
2024-07-14 15:45:00,2024-07-14 23:45:00,L,6.258,6.334,6.203480788034695,6.394298029913262,1.394,1.268,time,96
2024-07-15 00:30:00,2024-07-15 08:30:00,L,6.369,6.447,6.30093566184276,6.5391608453930985,1.146,1.043,time,96
2024-07-15 17:00:00,2024-07-15 23:50:00,L,6.354,6.504952313488914,6.293619074604434,6.504952313488914,2.5,2.384,tp,82
2024-07-15 23:55:00,2024-07-16 03:15:00,L,6.501,6.424144466894916,6.424144466894916,6.6931388327627115,-1.0,-1.093,sl,40
2024-07-16 05:40:00,2024-07-16 13:40:00,S,6.327,6.282,6.454226172492554,6.008934568768615,0.354,0.299,time,96
2024-07-16 14:45:00,2024-07-16 22:45:00,L,6.356,6.324,6.244630616172019,6.634423459569952,-0.287,-0.35,time,96
2024-07-17 00:35:00,2024-07-17 08:35:00,L,6.38,6.474,6.323367521605483,6.5215811959862915,1.66,1.536,time,96
2024-07-17 15:55:00,2024-07-17 23:55:00,S,6.387,6.252,6.479513387304461,6.155716531738845,1.459,1.383,time,96
2024-07-18 01:05:00,2024-07-18 08:20:00,L,6.365,6.245209057774345,6.245209057774345,6.664477355564138,-1.0,-1.058,sl,87
2024-07-18 08:25:00,2024-07-18 16:25:00,S,6.235,6.113,6.362562201440573,5.916094496398568,0.956,0.903,time,96
2024-07-19 01:10:00,2024-07-19 03:30:00,S,6.03,6.1048974575225206,6.1048974575225206,5.8427563561937,-1.0,-1.089,sl,28
2024-07-19 08:15:00,2024-07-19 12:50:00,S,6.058,6.161638484041724,6.161638484041724,5.798903789895689,-1.0,-1.064,sl,55
2024-07-19 13:40:00,2024-07-19 21:40:00,L,6.184,6.317,6.113820266699888,6.3594493332502795,1.895,1.798,time,96
2024-07-20 11:10:00,2024-07-20 13:15:00,S,6.292,6.227060786943905,6.317975685222438,6.227060786943905,2.5,2.234,tp,25
2024-07-20 14:40:00,2024-07-20 22:40:00,L,6.305,6.308,6.222421480776847,6.51144629805788,0.036,-0.048,time,96
2024-07-21 00:35:00,2024-07-21 04:55:00,L,6.355,6.31708775611565,6.31708775611565,6.449780609710876,-1.0,-1.184,sl,52
2024-07-21 06:10:00,2024-07-21 14:05:00,S,6.292,6.211905907856565,6.324037636857374,6.211905907856565,2.5,2.284,tp,95
2024-07-21 14:40:00,2024-07-21 18:05:00,L,6.287,6.2044262787251965,6.2044262787251965,6.4934343031870085,-1.0,-1.084,sl,41
2024-07-21 18:10:00,2024-07-21 20:15:00,S,6.149,6.332446249039756,6.332446249039756,5.69038437740061,-1.0,-1.037,sl,25
2024-07-21 20:25:00,2024-07-22 04:25:00,L,6.354,6.362,6.188442199944331,6.767894500139174,0.048,0.006,time,96
2024-07-22 05:05:00,2024-07-22 06:35:00,S,6.33,6.224421178615584,6.372231528553766,6.224421178615584,2.5,2.335,tp,18
2024-07-22 06:40:00,2024-07-22 11:55:00,S,6.226,6.3160528899664685,6.3160528899664685,6.000867775083829,-1.0,-1.076,sl,63
2024-07-22 12:00:00,2024-07-22 12:10:00,L,6.312,6.277643600103963,6.277643600103963,6.397890999740093,-1.0,-1.202,sl,2
2024-07-22 12:25:00,2024-07-22 13:45:00,L,6.322,6.2722855922481,6.2722855922481,6.446286019379752,-1.0,-1.14,sl,16
2024-07-22 13:50:00,2024-07-22 21:50:00,S,6.272,6.18,6.353558223600016,6.06810444099996,1.128,1.043,time,96
2024-07-22 22:05:00,2024-07-23 06:05:00,S,6.144,6.028,6.233781478458032,5.91954630385492,1.292,1.217,time,96
2024-07-23 06:40:00,2024-07-23 08:25:00,S,5.991,6.035020326006837,6.035020326006837,5.8809491849829065,-1.0,-1.15,sl,21
2024-07-23 12:10:00,2024-07-23 16:25:00,S,6.02,5.90053075440181,6.067787698239275,5.90053075440181,2.5,2.361,tp,51
2024-07-23 16:30:00,2024-07-24 00:30:00,S,5.892,5.901,5.9936481547237435,5.637879613190643,-0.089,-0.152,time,96
2024-07-24 15:20:00,2024-07-24 19:00:00,S,5.937,5.827310610411262,5.980875755835496,5.827310610411262,2.5,2.351,tp,44
2024-07-24 19:05:00,2024-07-25 01:05:00,S,5.837,5.641931281232187,5.915027487507125,5.641931281232187,2.5,2.418,tp,72
2024-07-25 01:10:00,2024-07-25 09:10:00,S,5.599,5.752,5.776568691469113,5.155078271327218,-0.862,-0.896,time,96
2024-07-25 13:05:00,2024-07-25 14:35:00,S,5.679,5.74189269899352,5.74189269899352,5.5217682525162015,-1.0,-1.099,sl,18
2024-07-25 18:55:00,2024-07-25 23:55:00,S,5.637,5.7563056138112705,5.7563056138112705,5.338735965471822,-1.0,-1.052,sl,60
2024-07-26 02:55:00,2024-07-26 10:55:00,L,5.778,5.856,5.723137541812942,5.915156145467643,1.422,1.306,time,96
2024-07-26 12:45:00,2024-07-26 14:00:00,S,5.798,5.864209259603101,5.864209259603101,5.632476850992249,-1.0,-1.096,sl,15
2024-07-26 14:35:00,2024-07-26 22:35:00,S,5.776,5.841,5.870407961176413,5.539980097058966,-0.689,-0.756,time,96
2024-07-26 23:30:00,2024-07-27 01:00:00,L,5.858,5.837257079669925,5.837257079669925,5.909857300825186,-1.0,-1.311,sl,18
2024-07-27 01:10:00,2024-07-27 05:20:00,S,5.831,5.860908073920964,5.860908073920964,5.756229815197592,-1.0,-1.214,sl,50
2024-07-27 05:25:00,2024-07-27 13:25:00,L,5.861,5.915,5.826392618979234,5.947518452551913,1.56,1.374,time,96
2024-07-27 13:40:00,2024-07-27 14:45:00,L,5.92,5.858801047415589,5.858801047415589,6.072997381461026,-1.0,-1.106,sl,13
2024-07-27 15:10:00,2024-07-27 23:10:00,S,5.833,5.856,5.93993793841071,5.565655153973227,-0.215,-0.275,time,96
2024-07-28 03:55:00,2024-07-28 04:55:00,S,5.789,5.7242702357951565,5.814891905681937,5.7242702357951565,2.5,2.254,tp,12
2024-07-28 05:00:00,2024-07-28 13:00:00,S,5.713,5.753,5.791428142452517,5.516929643868707,-0.51,-0.59,time,96
2024-07-28 14:15:00,2024-07-28 22:15:00,S,5.708,5.682,5.759946847540203,5.578132881149494,0.501,0.38,time,96
2024-07-28 22:25:00,2024-07-28 23:20:00,S,5.697,5.716181234754503,5.716181234754503,5.649046913113743,-1.0,-1.327,sl,11
2024-07-29 02:25:00,2024-07-29 10:25:00,L,5.785,5.849,5.732244004709853,5.916889988225369,1.213,1.093,time,96
2024-07-29 14:05:00,2024-07-29 21:15:00,S,5.79,5.6453810219377925,5.847847591224883,5.6453810219377925,2.5,2.39,tp,86
2024-07-29 21:20:00,2024-07-30 01:10:00,S,5.655,5.696216177903502,5.696216177903502,5.551959555241245,-1.0,-1.151,sl,46
2024-07-30 17:10:00,2024-07-31 01:10:00,S,5.605,5.522,5.669613241377321,5.4434668965567,1.285,1.189,time,96
2024-07-31 05:25:00,2024-07-31 05:50:00,S,5.459,5.524465315197887,5.524465315197887,5.295336712005282,-1.0,-1.092,sl,5
2024-07-31 14:55:00,2024-07-31 22:55:00,S,5.47,5.401,5.552789980793307,5.263025048016733,0.833,0.761,time,96
2024-08-01 03:05:00,2024-08-01 11:05:00,S,5.362,5.365,5.412868255372968,5.234829361567581,-0.059,-0.175,time,96
2024-08-01 13:40:00,2024-08-01 14:45:00,S,5.333,5.232531377672246,5.373187448931102,5.232531377672246,2.5,2.354,tp,13
2024-08-01 14:50:00,2024-08-01 22:50:00,S,5.235,5.343,5.358057846010861,4.927355384972849,-0.878,-0.924,time,96
2024-08-02 01:35:00,2024-08-02 06:25:00,S,5.295,5.1539666550455205,5.351413337981792,5.1539666550455205,2.5,2.397,tp,58
2024-08-02 06:30:00,2024-08-02 07:40:00,S,5.154,5.252787977633734,5.252787977633734,4.907030055915666,-1.0,-1.057,sl,14
2024-08-02 12:45:00,2024-08-02 13:30:00,S,5.195,5.253985580692046,5.253985580692046,5.047536048269887,-1.0,-1.097,sl,9
2024-08-02 14:40:00,2024-08-02 22:40:00,S,5.191,5.096,5.286979391332578,4.951051521668553,0.99,0.93,time,96
2024-08-03 01:05:00,2024-08-03 04:30:00,S,5.046,5.152680487428644,5.152680487428644,4.77929878142839,-1.0,-1.052,sl,41
2024-08-03 08:45:00,2024-08-03 14:35:00,S,5.151,5.19937994930098,5.19937994930098,5.03005012674755,-1.0,-1.117,sl,70
2024-08-03 15:15:00,2024-08-03 16:05:00,S,5.153,5.02515571094385,5.204137715622459,5.02515571094385,2.5,2.389,tp,10
2024-08-03 16:10:00,2024-08-04 00:10:00,S,5.033,5.032,5.171429628600275,4.686925928499314,0.007,-0.033,time,96
2024-08-04 07:15:00,2024-08-04 12:00:00,S,5.006,4.895849454889859,5.050060218044057,4.895849454889859,2.5,2.375,tp,57
2024-08-04 12:05:00,2024-08-04 17:00:00,S,4.88,4.635344179076888,4.977862328369245,4.635344179076888,2.5,2.445,tp,59
2024-08-04 17:05:00,2024-08-04 19:20:00,S,4.648,4.754005114683869,4.754005114683869,4.382987213290327,-1.0,-1.048,sl,27
2024-08-04 23:40:00,2024-08-05 00:55:00,S,4.695,4.46445275303375,4.7872188987865005,4.46445275303375,2.5,2.444,tp,15
2024-08-05 01:00:00,2024-08-05 05:10:00,S,4.471,3.8275054556507766,4.7283978177396895,3.8275054556507766,2.5,2.481,tp,50
2024-08-05 05:15:00,2024-08-05 13:15:00,S,3.897,3.845,4.051130103343829,3.5116747416404266,0.337,0.31,time,96
2024-08-05 18:50:00,2024-08-05 23:05:00,S,4.134,4.266537817567827,4.266537817567827,3.802655456080433,-1.0,-1.034,sl,51
2024-08-06 06:10:00,2024-08-06 08:30:00,L,4.414,4.341223533055104,4.341223533055104,4.595941167362238,-1.0,-1.067,sl,28
2024-08-06 08:40:00,2024-08-06 14:10:00,S,4.338,4.437267853367127,4.437267853367127,4.089830366582184,-1.0,-1.048,sl,66
2024-08-06 14:15:00,2024-08-06 22:15:00,L,4.432,4.577,4.25916207348333,4.864094816291676,0.839,0.811,time,96
2024-08-07 02:35:00,2024-08-07 10:35:00,L,4.606,4.605,4.509525803562256,4.8471854910943595,-0.01,-0.063,time,96
2024-08-07 10:40:00,2024-08-07 10:55:00,L,4.605,4.575622125776995,4.575622125776995,4.678444685557514,-1.0,-1.172,sl,3
2024-08-07 13:00:00,2024-08-07 14:15:00,L,4.621,4.520813857280272,4.520813857280272,4.871465356799321,-1.0,-1.051,sl,15
2024-08-07 20:30:00,2024-08-07 22:20:00,L,4.605,4.494090218481518,4.494090218481518,4.882274453796207,-1.0,-1.046,sl,22
2024-08-08 01:45:00,2024-08-08 09:45:00,L,4.672,4.701,4.476415394702993,5.1609615132425155,0.148,0.122,time,96
2024-08-08 13:20:00,2024-08-08 21:20:00,L,4.696,4.75,4.569307788338678,5.012730529153304,0.426,0.385,time,96
2024-08-08 22:00:00,2024-08-09 06:00:00,L,4.841,4.802,4.736270472689798,5.102823818275507,-0.372,-0.423,time,96
2024-08-09 14:05:00,2024-08-09 22:05:00,L,4.829,4.77,4.723623226924815,5.0924419326879615,-0.56,-0.61,time,96
2024-08-10 03:25:00,2024-08-10 07:20:00,S,4.735,4.769125169640079,4.769125169640079,4.649687075899804,-1.0,-1.153,sl,47
2024-08-10 07:25:00,2024-08-10 09:20:00,L,4.761,4.73618113759987,4.73618113759987,4.8230471560003245,-1.0,-1.211,sl,23
2024-08-10 10:00:00,2024-08-10 11:35:00,S,4.731,4.766079390674134,4.766079390674134,4.643301523314664,-1.0,-1.148,sl,19
2024-08-11 01:55:00,2024-08-11 04:15:00,L,4.782,4.756212255282139,4.756212255282139,4.846469361794652,-1.0,-1.204,sl,28
2024-08-11 08:05:00,2024-08-11 11:00:00,L,4.788,4.7592829395743355,4.7592829395743355,4.859792651064162,-1.0,-1.183,sl,35
2024-08-11 11:05:00,2024-08-11 14:45:00,S,4.75,4.636483416780216,4.7954066332879135,4.636483416780216,2.5,2.385,tp,44
2024-08-11 14:50:00,2024-08-11 20:35:00,S,4.632,4.511071789745877,4.680371284101649,4.511071789745877,2.5,2.395,tp,69
2024-08-11 20:40:00,2024-08-12 04:40:00,S,4.531,4.531,4.5820848025636565,4.403287993590858,-0.0,-0.098,time,96
2024-08-12 07:10:00,2024-08-12 07:30:00,S,4.483,4.524051805111589,4.524051805111589,4.380370487221026,-1.0,-1.12,sl,4
2024-08-12 11:05:00,2024-08-12 13:45:00,L,4.6,4.524424022719239,4.524424022719239,4.7889399432019015,-1.0,-1.067,sl,32
2024-08-12 13:50:00,2024-08-12 14:35:00,S,4.53,4.657898364211182,4.657898364211182,4.210254089472045,-1.0,-1.039,sl,9
2024-08-12 14:40:00,2024-08-12 22:40:00,L,4.649,4.519,4.453799977749828,5.13700005562543,-0.666,-0.692,time,96
2024-08-13 03:15:00,2024-08-13 09:15:00,S,4.537,4.453521353364927,4.570391458654029,4.453521353364927,2.5,2.351,tp,72
2024-08-13 09:20:00,2024-08-13 14:15:00,S,4.456,4.515088977307344,4.515088977307344,4.308277556731642,-1.0,-1.083,sl,59
2024-08-13 16:20:00,2024-08-14 00:20:00,L,4.532,4.536,4.48677313707156,4.645067157321101,0.088,-0.022,time,96
2024-08-14 01:25:00,2024-08-14 09:25:00,S,4.51,4.539,4.5490995400459076,4.412251149885231,-0.742,-0.869,time,96
2024-08-14 13:50:00,2024-08-14 21:50:00,S,4.444,4.389,4.547444540071589,4.185388649821028,0.532,0.484,time,96
2024-08-15 02:10:00,2024-08-15 04:25:00,S,4.368,4.398120325233289,4.398120325233289,4.29269918691678,-1.0,-1.16,sl,27
2024-08-15 06:05:00,2024-08-15 11:25:00,S,4.388,4.419073834045146,4.419073834045146,4.310315414887135,-1.0,-1.155,sl,64
2024-08-15 14:50:00,2024-08-15 16:40:00,L,4.472,4.433365872063931,4.433365872063931,4.5685853198401745,-1.0,-1.127,sl,22
2024-08-15 17:20:00,2024-08-15 20:55:00,S,4.405,4.2446787109885955,4.469128515604562,4.2446787109885955,2.5,2.424,tp,43
2024-08-15 21:00:00,2024-08-15 22:35:00,S,4.263,4.283068955976408,4.283068955976408,4.212827610058978,-1.0,-1.234,sl,19
2024-08-16 01:50:00,2024-08-16 02:30:00,S,4.242,4.28394088597437,4.28394088597437,4.137147785064076,-1.0,-1.111,sl,8
2024-08-16 11:05:00,2024-08-16 12:30:00,S,4.329,4.222041710648664,4.371783315740534,4.222041710648664,2.5,2.389,tp,17
2024-08-16 12:35:00,2024-08-16 13:30:00,S,4.23,4.324726362227286,4.324726362227286,3.9931840944317876,-1.0,-1.049,sl,11
2024-08-16 22:40:00,2024-08-17 06:40:00,S,4.303,4.308,4.332684639089916,4.22878840227521,-0.168,-0.328,time,96
2024-08-17 12:50:00,2024-08-17 20:50:00,L,4.326,4.363,4.2910644302587695,4.413338924353075,1.059,0.923,time,96
2024-08-17 21:10:00,2024-08-17 23:20:00,L,4.362,4.3484292771134525,4.3484292771134525,4.3959268072163695,-1.0,-1.354,sl,26
2024-08-18 00:30:00,2024-08-18 08:30:00,L,4.387,4.356,4.341867886349464,4.49983028412634,-0.687,-0.794,time,96
2024-08-18 10:10:00,2024-08-18 18:10:00,L,4.384,4.385,4.349019363646362,4.4714515908840955,0.029,-0.109,time,96
2024-08-18 20:00:00,2024-08-18 23:50:00,L,4.5,4.391010553816399,4.391010553816399,4.7724736154590035,-1.0,-1.045,sl,46
2024-08-19 00:05:00,2024-08-19 08:05:00,S,4.371,4.407,4.5117107754634045,4.01922306134149,-0.256,-0.29,time,96
2024-08-19 10:10:00,2024-08-19 11:55:00,S,4.365,4.423591646629996,4.423591646629996,4.218520883425011,-1.0,-1.082,sl,21
2024-08-19 12:00:00,2024-08-19 20:00:00,L,4.422,4.479,4.364699865013657,4.565250337465857,0.995,0.91,time,96
2024-08-20 00:30:00,2024-08-20 08:30:00,L,4.536,4.542,4.457504334130294,4.732239164674263,0.076,0.013,time,96
2024-08-20 13:55:00,2024-08-20 14:10:00,L,4.556,4.512721953638004,4.512721953638004,4.66419511590499,-1.0,-1.116,sl,3
2024-08-20 18:25:00,2024-08-21 02:25:00,L,4.524,4.547,4.474981368360257,4.6465465790993585,0.469,0.368,time,96
2024-08-21 02:35:00,2024-08-21 10:35:00,L,4.555,4.537,4.501052633622235,4.689868415944411,-0.334,-0.427,time,96
2024-08-21 14:00:00,2024-08-21 20:00:00,L,4.557,4.729141049930508,4.488143580027797,4.729141049930508,2.5,2.427,tp,72
2024-08-21 20:05:00,2024-08-21 23:30:00,L,4.732,4.643514160589741,4.643514160589741,4.953214598525648,-1.0,-1.059,sl,41
2024-08-22 06:15:00,2024-08-22 07:50:00,L,4.663,4.6522819355086416,4.6522819355086416,4.689795161228397,-1.0,-1.479,sl,19
2024-08-22 11:00:00,2024-08-22 14:45:00,L,4.689,4.647083192337315,4.647083192337315,4.793792019156712,-1.0,-1.123,sl,45
2024-08-22 22:30:00,2024-08-23 00:10:00,L,4.646,4.702883832013297,4.623246467194681,4.702883832013297,2.5,2.275,tp,20
2024-08-23 00:15:00,2024-08-23 08:15:00,L,4.705,4.77,4.627822457117638,4.897943857205905,0.842,0.775,time,96
2024-08-23 08:40:00,2024-08-23 09:10:00,L,4.765,4.734985821754949,4.734985821754949,4.840035445612625,-1.0,-1.175,sl,6
2024-08-23 14:05:00,2024-08-23 14:45:00,L,4.769,4.719544684389148,4.719544684389148,4.892638289027131,-1.0,-1.106,sl,8
2024-08-23 17:45:00,2024-08-24 01:45:00,L,4.837,4.868,4.782586378970068,4.973034052574829,0.57,0.472,time,96
2024-08-24 08:45:00,2024-08-24 09:55:00,L,4.882,4.931201324077006,4.862319470369197,4.931201324077006,2.5,2.227,tp,14
2024-08-24 10:00:00,2024-08-24 18:00:00,L,4.938,4.992,4.883002569502677,5.075493576243305,0.982,0.883,time,96
2024-08-24 18:30:00,2024-08-24 21:05:00,L,5.045,4.975956424179139,4.975956424179139,5.217608939552152,-1.0,-1.08,sl,31
2024-08-25 06:45:00,2024-08-25 07:40:00,S,4.85,4.749268542268324,4.89029258309267,4.749268542268324,2.5,2.368,tp,11
2024-08-25 07:45:00,2024-08-25 13:20:00,S,4.76,4.867188388847455,4.867188388847455,4.492029027881362,-1.0,-1.049,sl,67
2024-08-25 14:20:00,2024-08-25 22:20:00,L,4.872,4.869,4.8046876989999845,5.040280752500038,-0.045,-0.124,time,96
2024-08-26 02:10:00,2024-08-26 10:10:00,S,4.784,4.752,4.8475468163246465,4.625132959188383,0.504,0.421,time,96
2024-08-26 12:25:00,2024-08-26 20:05:00,S,4.69,4.534507394397595,4.7521970422409625,4.534507394397595,2.5,2.417,tp,92
2024-08-26 20:10:00,2024-08-27 00:40:00,S,4.536,4.594333361422895,4.594333361422895,4.390166596442761,-1.0,-1.086,sl,54
2024-08-27 08:15:00,2024-08-27 10:35:00,S,4.606,4.5249873360993025,4.638405065560279,4.5249873360993025,2.5,2.344,tp,28
2024-08-27 10:40:00,2024-08-27 18:40:00,S,4.524,4.579,4.595665135118755,4.344837162203113,-0.767,-0.837,time,96
2024-08-27 20:45:00,2024-08-27 21:35:00,S,4.52,4.4271243415628,4.557150263374879,4.4271243415628,2.5,2.366,tp,10
2024-08-27 21:40:00,2024-08-28 05:40:00,S,4.426,4.373,4.538795491728861,4.144011270677849,0.47,0.427,time,96
2024-08-28 07:50:00,2024-08-28 09:25:00,S,4.322,4.363153129356513,4.363153129356513,4.2191171766087185,-1.0,-1.116,sl,19
2024-08-28 14:50:00,2024-08-28 22:50:00,S,4.319,4.238,4.401276515404454,4.113308711488864,0.984,0.927,time,96
2024-08-29 15:05:00,2024-08-29 16:30:00,L,4.375,4.348788838336929,4.348788838336929,4.440527904157678,-1.0,-1.184,sl,17
2024-08-29 16:55:00,2024-08-29 22:05:00,S,4.33,4.176282670968234,4.3914869316127065,4.176282670968234,2.5,2.423,tp,62
2024-08-29 22:10:00,2024-08-29 22:40:00,S,4.18,4.230274895281774,4.230274895281774,4.054312761795565,-1.0,-1.091,sl,6
2024-08-30 11:15:00,2024-08-30 14:50:00,S,4.284,4.206676138366002,4.314929544653599,4.206676138366002,2.5,2.348,tp,43
2024-08-30 14:55:00,2024-08-30 22:55:00,S,4.204,4.267,4.299241109608509,3.965897225978726,-0.661,-0.71,time,96
2024-08-31 00:20:00,2024-08-31 08:20:00,L,4.291,4.282,4.2610448676613775,4.365887830846558,-0.3,-0.458,time,96
2024-08-31 09:00:00,2024-08-31 11:15:00,S,4.267,4.291722794723845,4.291722794723845,4.205193013190389,-1.0,-1.19,sl,27
2024-08-31 17:15:00,2024-08-31 18:30:00,S,4.224,4.266083365412114,4.266083365412114,4.118791586469715,-1.0,-1.11,sl,15
2024-09-01 01:50:00,2024-09-01 09:50:00,S,4.215,4.183,4.249837319253061,4.127906701867348,0.919,0.785,time,96
2024-09-01 11:05:00,2024-09-01 11:35:00,S,4.165,4.181936461101553,4.181936461101553,4.122658847246118,-1.0,-1.271,sl,6
2024-09-01 13:50:00,2024-09-01 15:45:00,S,4.128,4.182317785932086,4.182317785932086,3.9922055351697856,-1.0,-1.084,sl,23
2024-09-01 17:35:00,2024-09-01 18:20:00,S,4.101,4.163467009981136,4.163467009981136,3.9448324750471606,-1.0,-1.072,sl,9
2024-09-01 22:10:00,2024-09-01 22:30:00,S,4.155,4.082048141169079,4.184180743532369,4.082048141169079,2.5,2.343,tp,4
2024-09-01 22:35:00,2024-09-02 06:35:00,S,4.079,4.108,4.175816466973977,3.8369588325650565,-0.3,-0.346,time,96
2024-09-02 07:45:00,2024-09-02 08:20:00,S,4.064,4.116069455034096,4.116069455034096,3.93382636241476,-1.0,-1.086,sl,7
2024-09-02 10:05:00,2024-09-02 18:05:00,L,4.166,4.156,4.104504269706596,4.3197393257335115,-0.163,-0.237,time,96
2024-09-02 20:15:00,2024-09-03 02:00:00,L,4.176,4.242773280805324,4.149290687677871,4.242773280805324,2.5,2.328,tp,69
2024-09-03 02:10:00,2024-09-03 10:10:00,L,4.255,4.252,4.205741304116571,4.378146739708573,-0.061,-0.156,time,96
2024-09-03 10:30:00,2024-09-03 13:30:00,L,4.27,4.2239547018528585,4.2239547018528585,4.385113245367853,-1.0,-1.102,sl,36
2024-09-03 13:35:00,2024-09-03 21:35:00,S,4.212,4.112,4.2803057554689286,4.041235611327678,1.464,1.396,time,96
2024-09-03 23:30:00,2024-09-04 01:00:00,S,4.081,3.9660334738901106,4.126986610443956,3.9660334738901106,2.5,2.402,tp,18
2024-09-04 01:05:00,2024-09-04 09:05:00,S,3.871,4.068,4.098821976474917,3.3014450588127078,-0.865,-0.883,time,96
2024-09-04 10:05:00,2024-09-04 14:50:00,S,4.05,4.075974375699553,4.075974375699553,3.9850640607511174,-1.0,-1.172,sl,57
2024-09-04 14:55:00,2024-09-04 22:55:00,L,4.13,4.125,3.9993218899449023,4.4566952751377436,-0.038,-0.073,time,96
2024-09-04 23:50:00,2024-09-05 03:35:00,S,4.097,4.0092794157078835,4.132088233716847,4.0092794157078835,2.5,2.372,tp,45
2024-09-05 03:40:00,2024-09-05 08:00:00,S,4.013,4.076298948216306,4.076298948216306,3.854752629459235,-1.0,-1.07,sl,52
2024-09-05 12:05:00,2024-09-05 13:35:00,S,4.034,4.061816504990558,4.061816504990558,3.964458737523604,-1.0,-1.16,sl,18
2024-09-05 15:05:00,2024-09-05 23:05:00,S,3.996,4.005,4.085734532563221,3.7716636685919482,-0.1,-0.149,time,96
2024-09-06 05:25:00,2024-09-06 07:20:00,S,4.039,3.964383730872894,4.068846507650842,3.964383730872894,2.5,2.351,tp,23
2024-09-06 07:25:00,2024-09-06 12:30:00,S,3.951,4.03965048871995,4.03965048871995,3.7293737782001255,-1.0,-1.049,sl,61
2024-09-06 12:35:00,2024-09-06 14:00:00,L,4.048,3.998476462468102,3.998476462468102,4.171808843829744,-1.0,-1.09,sl,17
2024-09-06 14:05:00,2024-09-06 22:05:00,S,3.997,3.927,4.096210204594197,3.7489744885145075,0.706,0.661,time,96
2024-09-07 04:45:00,2024-09-07 05:05:00,L,3.991,4.042691592127628,3.9703233631489487,4.042691592127628,2.5,2.288,tp,4
2024-09-07 05:10:00,2024-09-07 13:10:00,L,4.041,4.068,3.971872358549679,4.213819103625804,0.391,0.326,time,96
2024-09-07 14:45:00,2024-09-07 15:25:00,L,4.065,4.1066428244664035,4.048342870213439,4.1066428244664035,2.5,2.232,tp,8
2024-09-07 15:30:00,2024-09-07 22:35:00,L,4.108,4.0530115600344105,4.0530115600344105,4.245471099913972,-1.0,-1.082,sl,85
2024-09-08 01:20:00,2024-09-08 09:20:00,L,4.104,4.159,4.054122665178292,4.228693337054271,1.103,1.012,time,96
2024-09-08 10:25:00,2024-09-08 12:30:00,L,4.168,4.156320992952944,4.156320992952944,4.19719751761764,-1.0,-1.393,sl,25
2024-09-08 17:20:00,2024-09-09 01:20:00,L,4.144,4.162,4.0867852627306736,4.287036843173317,0.315,0.235,time,96
2024-09-09 06:35:00,2024-09-09 14:35:00,L,4.155,4.169,4.110064920198676,4.267337699503312,0.312,0.21,time,96
2024-09-09 16:15:00,2024-09-10 00:15:00,L,4.219,4.268,4.166539341730598,4.350151645673506,0.934,0.846,time,96
2024-09-10 07:35:00,2024-09-10 08:55:00,L,4.258,4.222878531340207,4.222878531340207,4.345803671649483,-1.0,-1.133,sl,16
2024-09-10 12:10:00,2024-09-10 12:55:00,L,4.239,4.221330061386801,4.221330061386801,4.283174846532998,-1.0,-1.264,sl,9
2024-09-10 16:00:00,2024-09-10 17:10:00,S,4.197,4.242265682757144,4.242265682757144,4.0838357931071405,-1.0,-1.102,sl,14
2024-09-10 17:55:00,2024-09-11 01:30:00,L,4.245,4.2081182450864,4.2081182450864,4.337204387284,-1.0,-1.127,sl,91
2024-09-11 03:10:00,2024-09-11 11:10:00,S,4.177,4.138,4.2082521731996945,4.098869567000762,1.248,1.101,time,96
2024-09-11 14:00:00,2024-09-11 22:00:00,S,4.084,4.169,4.189168993325688,3.821077516685779,-0.808,-0.851,time,96
2024-09-11 23:10:00,2024-09-12 07:10:00,L,4.185,4.205,4.1542996655924265,4.2617508360189325,0.651,0.502,time,96
2024-09-12 13:00:00,2024-09-12 14:30:00,L,4.213,4.270511202799461,4.189995518880216,4.270511202799461,2.5,2.299,tp,18
2024-09-12 14:35:00,2024-09-12 22:35:00,L,4.266,4.29,4.203609216664305,4.421976958339236,0.385,0.309,time,96
2024-09-13 02:35:00,2024-09-13 10:35:00,L,4.304,4.317,4.275370016741369,4.375574958146579,0.454,0.289,time,96
2024-09-13 10:50:00,2024-09-13 11:55:00,L,4.323,4.3011659043355515,4.3011659043355515,4.377585239161123,-1.0,-1.218,sl,13
2024-09-13 15:00:00,2024-09-13 17:00:00,L,4.334,4.437382924260959,4.292646830295616,4.437382924260959,2.5,2.385,tp,24
2024-09-13 17:05:00,2024-09-14 01:05:00,L,4.43,4.406,4.3975197426540085,4.511200643364978,-0.739,-0.889,time,96
2024-09-14 03:25:00,2024-09-14 04:45:00,L,4.433,4.415340729014098,4.415340729014098,4.4771481774647555,-1.0,-1.276,sl,16
2024-09-14 13:05:00,2024-09-14 21:05:00,L,4.382,4.41,4.34823955970721,4.466401100731974,0.829,0.687,time,96
2024-09-14 21:25:00,2024-09-15 02:20:00,L,4.425,4.471793932147047,4.406282427141181,4.471793932147047,2.5,2.24,tp,59
2024-09-15 02:25:00,2024-09-15 10:25:00,L,4.475,4.511,4.444167994415883,4.552080013960291,1.168,1.008,time,96
2024-09-15 15:05:00,2024-09-15 16:55:00,L,4.542,4.482806828151771,4.482806828151771,4.689982929620571,-1.0,-1.084,sl,22
2024-09-15 21:05:00,2024-09-16 01:50:00,S,4.427,4.3035267476471,4.476389300941159,4.3035267476471,2.5,2.401,tp,57
2024-09-16 01:55:00,2024-09-16 09:55:00,S,4.308,4.303,4.377550960349333,4.134122599126668,0.072,0.004,time,96
2024-09-16 12:55:00,2024-09-16 20:55:00,S,4.276,4.18,4.316079334132375,4.175801664669061,2.395,2.278,time,96
2024-09-16 21:00:00,2024-09-17 05:00:00,S,4.18,4.191,4.22689325292824,4.0627668676794,-0.235,-0.333,time,96
2024-09-17 13:55:00,2024-09-17 14:10:00,S,4.159,4.197102313643129,4.197102313643129,4.063744215892176,-1.0,-1.12,sl,3
2024-09-17 18:50:00,2024-09-18 02:50:00,S,4.175,4.143,4.203086291807757,4.1047842704806055,1.139,0.976,time,96
2024-09-18 08:20:00,2024-09-18 10:10:00,S,4.114,4.039532928713099,4.14378682851476,4.039532928713099,2.5,2.348,tp,22
2024-09-18 10:15:00,2024-09-18 18:15:00,S,4.029,4.055,4.095323370434238,3.8631915739144036,-0.392,-0.459,time,96
2024-09-18 23:15:00,2024-09-19 00:00:00,L,4.118,4.190235285478176,4.08910588580873,4.190235285478176,2.5,2.343,tp,9
2024-09-19 00:05:00,2024-09-19 08:05:00,L,4.197,4.229,4.106619148702148,4.422952128244631,0.354,0.303,time,96
2024-09-19 12:20:00,2024-09-19 20:20:00,L,4.242,4.297,4.194900457524322,4.359748856189195,1.168,1.069,time,96
2024-09-20 03:00:00,2024-09-20 04:50:00,L,4.269,4.376573892452175,4.22597044301913,4.376573892452175,2.5,2.391,tp,22
2024-09-20 04:55:00,2024-09-20 12:55:00,L,4.367,4.326,4.308604285868303,4.512989285329242,-0.702,-0.784,time,96
2024-09-20 17:10:00,2024-09-20 22:30:00,S,4.255,4.311243891083935,4.311243891083935,4.114390272290162,-1.0,-1.083,sl,64
2024-09-20 22:35:00,2024-09-21 04:35:00,L,4.318,4.293332738841102,4.293332738841102,4.379668152897245,-1.0,-1.193,sl,72
2024-09-21 12:10:00,2024-09-21 16:00:00,L,4.343,4.432059671845373,4.307376131261851,4.432059671845373,2.5,2.366,tp,46
2024-09-21 16:05:00,2024-09-22 00:05:00,L,4.43,4.478,4.3899663261195085,4.530084184701227,1.199,1.077,time,96
2024-09-22 00:10:00,2024-09-22 00:25:00,L,4.478,4.441827996301373,4.441827996301373,4.568430009246567,-1.0,-1.136,sl,3
2024-09-22 09:00:00,2024-09-22 09:25:00,L,4.408,4.369291346530003,4.369291346530003,4.504771633674993,-1.0,-1.125,sl,5
2024-09-22 10:35:00,2024-09-22 18:35:00,S,4.348,4.336,4.386955090258399,4.250612274354001,0.308,0.185,time,96
2024-09-22 22:00:00,2024-09-23 01:05:00,S,4.274,4.344323512467938,4.344323512467938,4.098191218830156,-1.0,-1.067,sl,37
2024-09-23 01:35:00,2024-09-23 09:35:00,L,4.362,4.365,4.282458415883159,4.5608539602921025,0.038,-0.023,time,96
2024-09-23 15:30:00,2024-09-23 23:30:00,L,4.422,4.439,4.366299350281004,4.561251624297489,0.305,0.218,time,96
2024-09-23 23:45:00,2024-09-24 00:40:00,L,4.454,4.426050010243028,4.426050010243028,4.523874974392429,-1.0,-1.175,sl,11
2024-09-24 03:45:00,2024-09-24 11:45:00,L,4.481,4.584,4.408735181414216,4.661662046464459,1.425,1.357,time,96
2024-09-24 12:05:00,2024-09-24 14:00:00,L,4.599,4.548849676727844,4.548849676727844,4.72437580818039,-1.0,-1.101,sl,23
2024-09-24 17:40:00,2024-09-25 01:40:00,L,4.575,4.66,4.506543493187793,4.746141267030519,1.242,1.168,time,96
2024-09-25 04:10:00,2024-09-25 04:30:00,L,4.684,4.65604491506392,4.65604491506392,4.7538877123402,-1.0,-1.184,sl,4
2024-09-25 10:40:00,2024-09-25 18:40:00,L,4.664,4.748,4.610837879465816,4.7969053013354594,1.58,1.484,time,96
2024-09-26 00:40:00,2024-09-26 03:15:00,S,4.616,4.655630198783805,4.655630198783805,4.516924503040487,-1.0,-1.128,sl,31
2024-09-26 03:20:00,2024-09-26 05:25:00,L,4.651,4.735617200303755,4.617153119878497,4.735617200303755,2.5,2.349,tp,25
2024-09-26 05:30:00,2024-09-26 13:30:00,L,4.737,4.777,4.664756567532502,4.917608581168746,0.554,0.482,time,96
2024-09-26 16:25:00,2024-09-26 17:35:00,L,4.853,4.802337000394978,4.802337000394978,4.979657499012554,-1.0,-1.105,sl,14
2024-09-27 00:20:00,2024-09-27 08:20:00,L,4.841,4.91,4.753699407969384,5.059251480076542,0.79,0.729,time,96
2024-09-27 12:55:00,2024-09-27 19:40:00,L,4.919,4.866586083999773,4.866586083999773,5.0500347900005655,-1.0,-1.103,sl,81
2024-09-28 02:35:00,2024-09-28 04:10:00,L,4.918,4.873128321797973,4.873128321797973,5.0301791955050685,-1.0,-1.121,sl,19
2024-09-28 06:05:00,2024-09-28 14:05:00,S,4.848,4.813,4.897067975115547,4.725330062211132,0.713,0.605,time,96
2024-09-28 16:55:00,2024-09-28 17:25:00,S,4.777,4.808057820391622,4.808057820391622,4.6993554490209455,-1.0,-1.169,sl,6
2024-09-28 21:05:00,2024-09-29 00:20:00,S,4.792,4.822754418721637,4.822754418721637,4.715113953195908,-1.0,-1.171,sl,39
2024-09-29 01:40:00,2024-09-29 02:10:00,S,4.78,4.809407722035014,4.809407722035014,4.706480694912465,-1.0,-1.179,sl,6
2024-09-29 06:20:00,2024-09-29 14:20:00,S,4.756,4.747,4.797924990925646,4.651187522685887,0.215,0.09,time,96
2024-09-29 17:10:00,2024-09-29 23:25:00,L,4.803,4.753754382102317,4.753754382102317,4.926114044744208,-1.0,-1.107,sl,75
2024-09-29 23:30:00,2024-09-30 07:30:00,S,4.748,4.712,4.800356685939821,4.617108285150447,0.688,0.588,time,96
2024-09-30 09:35:00,2024-09-30 15:40:00,S,4.657,4.5255093811492575,4.709596247540297,4.5255093811492575,2.5,2.403,tp,73
2024-09-30 15:45:00,2024-09-30 23:30:00,S,4.539,4.417542237573439,4.587583104970624,4.417542237573439,2.5,2.397,tp,93
2024-09-30 23:35:00,2024-10-01 01:25:00,S,4.419,4.49578445432775,4.49578445432775,4.227038864180623,-1.0,-1.063,sl,22
2024-10-01 11:50:00,2024-10-01 13:30:00,S,4.512,4.440277248124324,4.54068910075027,4.440277248124324,2.5,2.327,tp,20
2024-10-01 13:35:00,2024-10-01 15:05:00,S,4.435,4.236149166740235,4.514540333303906,4.236149166740235,2.5,2.439,tp,18
2024-10-01 15:10:00,2024-10-01 23:10:00,S,4.225,4.153,4.453212431730656,3.654468920673358,0.315,0.295,time,96
2024-10-02 00:25:00,2024-10-02 00:30:00,S,4.131,4.168779735378763,4.168779735378763,4.036550661553093,-1.0,-1.12,sl,1
2024-10-02 05:55:00,2024-10-02 06:35:00,S,4.184,4.225164052699691,4.225164052699691,4.081089868250773,-1.0,-1.112,sl,8
2024-10-02 09:40:00,2024-10-02 17:40:00,S,4.191,4.115,4.257295613090148,4.0252609672746305,1.146,1.077,time,96
2024-10-02 18:05:00,2024-10-03 01:40:00,S,4.084,4.134745554663735,4.134745554663735,3.957136113340661,-1.0,-1.089,sl,91
2024-10-03 05:40:00,2024-10-03 09:00:00,S,4.119,4.016616597992138,4.1599533608031445,4.016616597992138,2.5,2.389,tp,40
2024-10-03 09:05:00,2024-10-03 10:55:00,S,4.004,4.086112661805652,4.086112661805652,3.7987183454858684,-1.0,-1.054,sl,22
2024-10-03 13:20:00,2024-10-03 13:25:00,S,4.027,4.06187757185096,4.06187757185096,3.9398060703725997,-1.0,-1.127,sl,1
2024-10-04 03:20:00,2024-10-04 04:30:00,S,4.11,4.15319359101659,4.15319359101659,4.002016022458525,-1.0,-1.105,sl,14
2024-10-04 05:40:00,2024-10-04 07:10:00,L,4.157,4.126086342674849,4.126086342674849,4.234284143312877,-1.0,-1.148,sl,18
2024-10-04 14:25:00,2024-10-04 16:30:00,S,4.134,4.193579260545167,4.193579260545167,3.9850518486370827,-1.0,-1.076,sl,25
2024-10-04 22:20:00,2024-10-05 02:50:00,L,4.202,4.17317000340771,4.17317000340771,4.274074991480724,-1.0,-1.16,sl,54
2024-10-05 03:05:00,2024-10-05 05:35:00,S,4.162,4.200904507591093,4.200904507591093,4.064738731022267,-1.0,-1.118,sl,30
2024-10-05 05:40:00,2024-10-05 13:40:00,L,4.201,4.179,4.169247936789728,4.280380158025679,-0.693,-0.838,time,96
2024-10-05 16:10:00,2024-10-05 20:05:00,S,4.157,4.100053861480724,4.17977845540771,4.100053861480724,2.5,2.299,tp,47
2024-10-05 20:10:00,2024-10-05 22:20:00,S,4.096,4.130807546961747,4.130807546961747,4.008981132595633,-1.0,-1.129,sl,26
2024-10-06 03:50:00,2024-10-06 09:45:00,S,4.124,4.146555323365182,4.146555323365182,4.067611691587044,-1.0,-1.201,sl,71
2024-10-06 12:10:00,2024-10-06 20:10:00,L,4.143,4.167,4.123292239834009,4.192269400414977,1.218,0.987,time,96
2024-10-06 23:45:00,2024-10-07 02:00:00,L,4.193,4.26258778840424,4.165164884638304,4.26258778840424,2.5,2.334,tp,27
2024-10-07 02:05:00,2024-10-07 09:10:00,L,4.253,4.215847604217568,4.215847604217568,4.345880989456081,-1.0,-1.126,sl,85
2024-10-07 10:15:00,2024-10-07 14:15:00,S,4.166,4.224366512994371,4.224366512994371,4.020083717514073,-1.0,-1.079,sl,48
2024-10-07 14:20:00,2024-10-07 18:45:00,L,4.228,4.155230155407888,4.155230155407888,4.40992461148028,-1.0,-1.064,sl,53
2024-10-07 18:50:00,2024-10-08 02:50:00,S,4.163,4.163,4.245592830895411,3.9565179227614724,-0.0,-0.055,time,96
2024-10-08 05:25:00,2024-10-08 13:25:00,S,4.129,4.102,4.183004030998666,3.993989922503333,0.5,0.416,time,96
2024-10-08 19:10:00,2024-10-09 01:30:00,S,4.089,4.136188595528032,4.136188595528032,3.9710285111799215,-1.0,-1.095,sl,76
2024-10-09 05:45:00,2024-10-09 07:10:00,L,4.143,4.102167856896663,4.102167856896663,4.245080357758343,-1.0,-1.112,sl,17
2024-10-09 07:15:00,2024-10-09 15:15:00,S,4.103,4.096,4.145896553494079,3.9957586162648027,0.163,0.058,time,96
2024-10-09 18:15:00,2024-10-09 20:50:00,S,4.048,3.980419444888978,4.075032222044409,3.980419444888978,2.5,2.335,tp,31
2024-10-09 20:55:00,2024-10-10 02:20:00,S,3.977,4.051742979665718,4.051742979665718,3.7901425508357036,-1.0,-1.059,sl,65
2024-10-10 08:10:00,2024-10-10 11:55:00,S,4.033,4.067763983869339,4.067763983869339,3.9460900403266534,-1.0,-1.128,sl,45
2024-10-10 13:55:00,2024-10-10 16:00:00,S,4.012,4.0545308669238915,4.0545308669238915,3.9056728326902697,-1.0,-1.104,sl,25
2024-10-10 17:55:00,2024-10-10 20:10:00,S,3.986,4.042358906151297,4.042358906151297,3.845102734621758,-1.0,-1.078,sl,27
2024-10-10 21:55:00,2024-10-11 05:55:00,L,4.057,4.08,4.03228494213483,4.118787644662925,0.931,0.75,time,96
2024-10-11 08:20:00,2024-10-11 08:55:00,L,4.107,4.088357762615047,4.088357762615047,4.153605593462384,-1.0,-1.242,sl,7
2024-10-11 09:55:00,2024-10-11 17:55:00,L,4.119,4.175,4.087262195746565,4.1983445106335875,1.764,1.622,time,96
2024-10-11 19:10:00,2024-10-11 23:45:00,L,4.19,4.161188737453866,4.161188737453866,4.262028156365336,-1.0,-1.16,sl,55
2024-10-12 00:25:00,2024-10-12 03:20:00,L,4.183,4.151174108342167,4.151174108342167,4.2625647291445805,-1.0,-1.145,sl,35
2024-10-12 05:50:00,2024-10-12 09:15:00,L,4.186,4.21976002871139,4.172495988515444,4.21976002871139,2.5,2.159,tp,41
2024-10-12 09:20:00,2024-10-12 15:05:00,L,4.219,4.258492258151368,4.203203096739453,4.258492258151368,2.5,2.206,tp,69
2024-10-12 22:00:00,2024-10-13 01:00:00,L,4.211,4.190488053111283,4.190488053111283,4.262279867221794,-1.0,-1.226,sl,36
2024-10-13 04:00:00,2024-10-13 05:10:00,S,4.159,4.186755637258419,4.186755637258419,4.0896109068539515,-1.0,-1.165,sl,14
2024-10-13 05:15:00,2024-10-13 11:10:00,L,4.185,4.162462014254854,4.162462014254854,4.241344964362864,-1.0,-1.204,sl,71
2024-10-13 11:15:00,2024-10-13 15:30:00,S,4.162,4.082361629909087,4.193855348036365,4.082361629909087,2.5,2.356,tp,51
2024-10-13 15:35:00,2024-10-13 22:10:00,S,4.092,4.166506993653561,4.166506993653561,3.9057325158660956,-1.0,-1.06,sl,79
2024-10-14 00:55:00,2024-10-14 03:15:00,S,4.136,4.178127881438728,4.178127881438728,4.03068029640318,-1.0,-1.108,sl,28
2024-10-14 03:30:00,2024-10-14 11:30:00,L,4.206,4.275,4.1368591587199575,4.378852103200108,0.998,0.931,time,96
2024-10-14 14:15:00,2024-10-14 22:15:00,L,4.329,4.374,4.2728064746621515,4.46948381334462,0.801,0.716,time,96
2024-10-14 22:45:00,2024-10-15 06:45:00,L,4.378,4.403,4.344982004895642,4.460544987760896,0.757,0.611,time,96
2024-10-15 07:00:00,2024-10-15 10:35:00,L,4.414,4.514025376784415,4.373989849286233,4.514025376784415,2.5,2.379,tp,43
2024-10-15 10:40:00,2024-10-15 11:15:00,L,4.513,4.4507149965656785,4.4507149965656785,4.668712508585804,-1.0,-1.08,sl,7
2024-10-15 20:20:00,2024-10-15 23:40:00,S,4.355,4.401317523442045,4.401317523442045,4.239206191394889,-1.0,-1.103,sl,40
2024-10-15 23:45:00,2024-10-16 01:05:00,L,4.398,4.365054361290817,4.365054361290817,4.480364096772957,-1.0,-1.147,sl,16
2024-10-16 07:05:00,2024-10-16 15:05:00,S,4.339,4.319,4.387361582750408,4.218096043123981,0.414,0.315,time,96
2024-10-16 23:50:00,2024-10-17 07:50:00,S,4.309,4.242,4.348693352474874,4.209766618812815,1.688,1.569,time,96
2024-10-17 08:15:00,2024-10-17 16:15:00,S,4.226,4.216,4.2549311351054895,4.153672162236276,0.346,0.185,time,96
2024-10-17 18:15:00,2024-10-18 01:45:00,S,4.155,4.22860841238234,4.22860841238234,3.9709789690441504,-1.0,-1.062,sl,90
2024-10-18 08:00:00,2024-10-18 09:00:00,L,4.265,4.242252807159658,4.242252807159658,4.321867982100854,-1.0,-1.206,sl,12
2024-10-18 10:00:00,2024-10-18 15:00:00,S,4.234,4.252831446720855,4.252831446720855,4.1869213831978636,-1.0,-1.247,sl,60
2024-10-18 15:05:00,2024-10-18 23:05:00,L,4.249,4.282,4.209797947028559,4.3470051324286025,0.842,0.723,time,96
2024-10-18 23:10:00,2024-10-19 01:20:00,L,4.282,4.368746433923867,4.247301426430453,4.368746433923867,2.5,2.364,tp,26
2024-10-19 01:25:00,2024-10-19 09:25:00,L,4.369,4.384,4.32002267396667,4.491443315083325,0.306,0.208,time,96
2024-10-19 14:35:00,2024-10-19 22:35:00,L,4.384,4.428,4.35109141807948,4.466271454801301,1.337,1.19,time,96
2024-10-19 23:30:00,2024-10-20 00:30:00,L,4.433,4.416332885680379,4.416332885680379,4.474667785799051,-1.0,-1.293,sl,12
2024-10-20 04:25:00,2024-10-20 12:25:00,L,4.402,4.415,4.354258506171636,4.52135373457091,0.272,0.171,time,96
2024-10-20 13:50:00,2024-10-20 21:50:00,L,4.477,4.536,4.408488738443286,4.648278153891786,0.861,0.789,time,96
2024-10-20 22:10:00,2024-10-21 02:45:00,L,4.57,4.526718016436984,4.526718016436984,4.678204958907541,-1.0,-1.116,sl,55
2024-10-21 05:30:00,2024-10-21 06:50:00,L,4.572,4.534189076993833,4.534189076993833,4.666527307515418,-1.0,-1.133,sl,16
2024-10-21 12:45:00,2024-10-21 20:45:00,S,4.445,4.402,4.490137833153105,4.332155417117237,0.953,0.844,time,96
2024-10-22 00:35:00,2024-10-22 01:25:00,S,4.34,4.39954661181597,4.39954661181597,4.191133470460073,-1.0,-1.08,sl,10
2024-10-22 07:55:00,2024-10-22 13:05:00,S,4.397,4.299904641848225,4.43583814326071,4.299904641848225,2.5,2.375,tp,62
2024-10-22 13:10:00,2024-10-22 21:10:00,S,4.3,4.315,4.366319501556855,4.13420124610786,-0.226,-0.297,time,96
2024-10-23 00:50:00,2024-10-23 03:20:00,S,4.31,4.255207454213592,4.331917018314563,4.255207454213592,2.5,2.284,tp,30
2024-10-23 03:25:00,2024-10-23 06:35:00,S,4.253,4.302112426675255,4.302112426675255,4.130218933311863,-1.0,-1.095,sl,38
2024-10-23 07:20:00,2024-10-23 15:20:00,S,4.265,4.186,4.307107543260462,4.1597311418488445,1.876,1.765,time,96
2024-10-23 15:25:00,2024-10-23 23:25:00,S,4.186,4.206,4.247175923917905,4.033060190205237,-0.327,-0.402,time,96
2024-10-24 07:05:00,2024-10-24 15:05:00,S,4.205,4.187,4.2578692395763165,4.072826901059209,0.34,0.253,time,96
2024-10-24 23:00:00,2024-10-25 04:10:00,S,4.203,4.1390688195553595,4.228572472177857,4.1390688195553595,2.5,2.319,tp,62
2024-10-25 04:15:00,2024-10-25 12:15:00,S,4.138,4.16,4.177685188831224,4.0387870279219396,-0.554,-0.669,time,96
2024-10-25 13:00:00,2024-10-25 13:55:00,S,4.14,4.174778249501911,4.174778249501911,4.053054376245223,-1.0,-1.131,sl,11
2024-10-25 15:55:00,2024-10-25 23:20:00,S,4.115,3.9164970774609147,4.194401169015634,3.9164970774609147,2.5,2.443,tp,89
2024-10-25 23:25:00,2024-10-26 07:25:00,S,3.878,4.039,4.120315593212039,3.2722110169699024,-0.664,-0.682,time,96
2024-10-26 11:10:00,2024-10-26 11:45:00,S,4.019,4.044577797232724,4.044577797232724,3.955055506918191,-1.0,-1.173,sl,7
2024-10-26 13:55:00,2024-10-26 20:25:00,S,4.021,4.051845439729745,4.051845439729745,3.9438864006756367,-1.0,-1.143,sl,78
2024-10-27 01:05:00,2024-10-27 04:15:00,S,4.018,4.039586925063487,4.039586925063487,3.9640326873412817,-1.0,-1.205,sl,38
2024-10-27 06:45:00,2024-10-27 12:20:00,S,4.016,4.036471945118533,4.036471945118533,3.9648201372036667,-1.0,-1.216,sl,67
2024-10-27 13:25:00,2024-10-27 21:25:00,L,4.07,4.112,4.018081988058275,4.1997950298543145,0.809,0.723,time,96
2024-10-27 21:45:00,2024-10-28 03:45:00,L,4.121,4.100501832981184,4.100501832981184,4.172245417547042,-1.0,-1.221,sl,72
2024-10-28 07:10:00,2024-10-28 15:00:00,L,4.141,4.095061466861553,4.095061466861553,4.255846332846117,-1.0,-1.099,sl,94
2024-10-28 15:05:00,2024-10-28 22:05:00,S,4.09,4.1485879248210304,4.1485879248210304,3.9435301879474234,-1.0,-1.077,sl,84
2024-10-28 22:10:00,2024-10-29 06:10:00,L,4.146,4.164,4.068673522847653,4.339316192880868,0.233,0.174,time,96
2024-10-29 16:10:00,2024-10-29 20:25:00,L,4.197,4.134805373710106,4.134805373710106,4.352486565724736,-1.0,-1.074,sl,51
2024-10-30 06:15:00,2024-10-30 08:55:00,L,4.214,4.169168859467675,4.169168859467675,4.3260778513308145,-1.0,-1.103,sl,32
2024-10-30 11:15:00,2024-10-30 14:00:00,S,4.156,4.1918882326789815,4.1918882326789815,4.066279418302545,-1.0,-1.127,sl,33
2024-10-30 14:05:00,2024-10-30 22:05:00,L,4.185,4.187,4.116365673902534,4.356585815243664,0.029,-0.038,time,96
2024-10-31 04:35:00,2024-10-31 12:35:00,S,4.158,4.067,4.1977006340433185,4.058748414891705,2.292,2.177,time,96
2024-10-31 12:40:00,2024-10-31 14:00:00,S,4.067,3.974209813978839,4.104116074408465,3.974209813978839,2.5,2.379,tp,16
2024-10-31 14:05:00,2024-10-31 22:05:00,S,3.98,3.949,4.080198207151159,3.7295044821221035,0.309,0.266,time,96
2024-11-01 01:30:00,2024-11-01 04:30:00,S,3.925,3.964854432671539,3.964854432671539,3.825363918321152,-1.0,-1.108,sl,36
2024-11-01 06:15:00,2024-11-01 12:40:00,S,3.912,3.9668520323609133,3.9668520323609133,3.7748699190977164,-1.0,-1.078,sl,77
2024-11-01 15:40:00,2024-11-01 23:40:00,S,3.916,3.906,3.9868709913339457,3.7388225216651354,0.141,0.08,time,96
2024-11-02 05:05:00,2024-11-02 06:00:00,S,3.897,3.92460253774644,3.92460253774644,3.8279936556338994,-1.0,-1.155,sl,11
2024-11-02 10:30:00,2024-11-02 18:30:00,S,3.893,3.877,3.9226821005672763,3.8187947485818086,0.539,0.395,time,96
2024-11-03 01:40:00,2024-11-03 02:50:00,S,3.878,3.7531239292779848,3.9279504282888063,3.7531239292779848,2.5,2.415,tp,14
2024-11-03 02:55:00,2024-11-03 10:55:00,S,3.768,3.776,3.8846868587421115,3.4762828531447205,-0.069,-0.104,time,96
2024-11-03 11:30:00,2024-11-03 14:20:00,S,3.764,3.6716746625849552,3.8009301349660176,3.6716746625849552,2.5,2.388,tp,34
2024-11-03 14:25:00,2024-11-03 16:05:00,S,3.679,3.744861974513425,3.744861974513425,3.514345063716437,-1.0,-1.061,sl,20
2024-11-04 00:15:00,2024-11-04 01:15:00,S,3.774,3.7948182234515726,3.7948182234515726,3.721954441371069,-1.0,-1.199,sl,12
2024-11-04 05:35:00,2024-11-04 13:00:00,S,3.786,3.818693713472496,3.818693713472496,3.7042657163187602,-1.0,-1.127,sl,89
2024-11-04 21:35:00,2024-11-05 02:10:00,S,3.73,3.7915622996316545,3.7915622996316545,3.576094250920864,-1.0,-1.067,sl,55
2024-11-05 03:30:00,2024-11-05 11:30:00,L,3.799,3.832,3.7622126672848424,3.890968331787894,0.897,0.783,time,96
2024-11-05 14:10:00,2024-11-05 14:50:00,L,3.856,3.9126528293255998,3.83333886826976,3.9126528293255998,2.5,2.313,tp,8
2024-11-05 14:55:00,2024-11-05 19:50:00,L,3.898,3.845571931766148,3.845571931766148,4.029070170584631,-1.0,-1.082,sl,59
2024-11-06 00:35:00,2024-11-06 03:35:00,L,3.916,4.084175420969997,3.848729831612001,4.084175420969997,2.5,2.436,tp,36
2024-11-06 03:40:00,2024-11-06 11:40:00,L,4.075,4.093,3.978409919901716,4.31647520024571,0.186,0.14,time,96
2024-11-06 22:55:00,2024-11-07 06:55:00,L,4.125,4.094,4.055790904592569,4.298022738518577,-0.448,-0.513,time,96
2024-11-07 12:35:00,2024-11-07 13:50:00,L,4.091,4.053170128717535,4.053170128717535,4.185574678206163,-1.0,-1.119,sl,15
2024-11-07 16:05:00,2024-11-08 00:05:00,L,4.155,4.198,4.059335568794564,4.394161078013591,0.449,0.402,time,96
2024-11-08 00:10:00,2024-11-08 03:00:00,L,4.198,4.11970381004167,4.11970381004167,4.393740474895827,-1.0,-1.059,sl,34
2024-11-08 05:20:00,2024-11-08 06:40:00,L,4.195,4.279999080760846,4.161000367695662,4.279999080760846,2.5,2.364,tp,16
2024-11-08 06:45:00,2024-11-08 14:45:00,L,4.272,4.312,4.181251382025366,4.498871544936587,0.441,0.389,time,96
2024-11-09 05:55:00,2024-11-09 13:55:00,L,4.337,4.373,4.279780606999756,4.480048482500609,0.629,0.546,time,96
2024-11-09 16:40:00,2024-11-09 17:10:00,L,4.379,4.341475988145443,4.341475988145443,4.472810029636392,-1.0,-1.128,sl,6
2024-11-09 19:05:00,2024-11-09 21:30:00,L,4.417,4.535045750725343,4.369781699709862,4.535045750725343,2.5,2.397,tp,29
2024-11-09 21:35:00,2024-11-10 03:25:00,L,4.519,4.7481985492055045,4.427320580317798,4.7481985492055045,2.5,2.446,tp,70
2024-11-10 03:30:00,2024-11-10 05:35:00,L,4.747,4.982867054011862,4.652653178395255,4.982867054011862,2.5,2.445,tp,25
2024-11-10 05:40:00,2024-11-10 13:40:00,L,4.996,5.283,4.831369609453789,5.4075759763655284,1.743,1.71,time,96
2024-11-10 13:55:00,2024-11-10 15:05:00,L,5.309,5.156659231525586,5.156659231525586,5.689851921186037,-1.0,-1.038,sl,14
2024-11-10 17:50:00,2024-11-10 20:05:00,L,5.431,5.261289584423465,5.261289584423465,5.855276038941338,-1.0,-1.035,sl,27
2024-11-11 02:40:00,2024-11-11 03:20:00,L,5.33,5.245482266606141,5.245482266606141,5.5412943334846485,-1.0,-1.069,sl,8
2024-11-11 10:25:00,2024-11-11 18:25:00,L,5.103,5.248,5.030250488960394,5.2848737775990156,1.993,1.916,time,96
2024-11-11 18:55:00,2024-11-11 23:40:00,L,5.281,5.638832779399647,5.137866888240141,5.638832779399647,2.5,2.459,tp,57
2024-11-11 23:45:00,2024-11-12 07:45:00,L,5.672,5.579,5.313451401941029,6.568371495147428,-0.259,-0.277,time,96
2024-11-12 08:05:00,2024-11-12 09:45:00,L,5.629,5.503873163551128,5.503873163551128,5.941817091122179,-1.0,-1.049,sl,20
2024-11-12 18:30:00,2024-11-12 21:15:00,L,5.398,5.292358835560525,5.292358835560525,5.662102911098687,-1.0,-1.056,sl,33
2024-11-12 22:55:00,2024-11-12 23:20:00,L,5.431,5.31985533727416,5.31985533727416,5.7088616568146,-1.0,-1.054,sl,5
2024-11-13 01:05:00,2024-11-13 03:55:00,S,5.301,5.093211960027581,5.384115215988968,5.093211960027581,2.5,2.43,tp,34
2024-11-13 04:00:00,2024-11-13 12:00:00,S,5.085,5.101,5.23040399245899,4.721490018852526,-0.11,-0.149,time,96
2024-11-13 14:30:00,2024-11-13 19:15:00,L,5.23,5.105318030504897,5.105318030504897,5.541704923737759,-1.0,-1.046,sl,57
2024-11-13 19:20:00,2024-11-14 03:20:00,S,5.09,5.031,5.311807108181302,4.535482229546744,0.266,0.241,time,96
2024-11-14 05:10:00,2024-11-14 07:00:00,L,5.125,5.060224330988968,5.060224330988968,5.286939172527581,-1.0,-1.087,sl,22
2024-11-14 10:40:00,2024-11-14 14:40:00,S,5.03,4.834808798262969,5.1080764806948125,4.834808798262969,2.5,2.429,tp,48
2024-11-14 14:45:00,2024-11-14 22:45:00,S,4.864,4.872,5.028857241734381,4.451856895664046,-0.049,-0.081,time,96
2024-11-14 23:00:00,2024-11-15 07:00:00,S,4.818,4.868,4.942446759415768,4.506883101460579,-0.402,-0.444,time,96
2024-11-15 12:10:00,2024-11-15 15:00:00,L,4.977,4.928394273675698,4.928394273675698,5.098514315810756,-1.0,-1.113,sl,34
2024-11-15 15:25:00,2024-11-15 17:40:00,S,4.875,5.037108097103138,5.037108097103138,4.469729757242155,-1.0,-1.033,sl,27
2024-11-15 21:35:00,2024-11-16 05:35:00,L,5.13,5.275,5.056970966786202,5.312572583034495,1.986,1.908,time,96
2024-11-16 05:40:00,2024-11-16 10:50:00,L,5.275,5.438955482362248,5.209417807055101,5.438955482362248,2.5,2.412,tp,62
2024-11-16 10:55:00,2024-11-16 18:20:00,L,5.446,5.743011824517086,5.327195270193165,5.743011824517086,2.5,2.45,tp,89
2024-11-16 18:25:00,2024-11-17 02:05:00,L,5.749,5.540049967895435,5.540049967895435,6.2713750802614125,-1.0,-1.03,sl,92
2024-11-17 07:25:00,2024-11-17 09:30:00,L,5.748,5.621955137622661,5.621955137622661,6.063112155943349,-1.0,-1.05,sl,25
2024-11-17 17:00:00,2024-11-17 18:15:00,L,5.587,5.521717005711111,5.521717005711111,5.750207485722221,-1.0,-1.094,sl,15
2024-11-17 18:30:00,2024-11-18 01:10:00,S,5.495,5.607674530703057,5.607674530703057,5.213313673242358,-1.0,-1.054,sl,80
2024-11-18 01:15:00,2024-11-18 09:15:00,L,5.635,5.838,5.3944753526132185,6.236311618466953,0.844,0.818,time,96
2024-11-18 15:40:00,2024-11-18 19:20:00,L,5.862,5.752545889526721,5.752545889526721,6.135635276183198,-1.0,-1.059,sl,44
2024-11-18 21:45:00,2024-11-19 05:45:00,L,5.975,5.92,5.810069763312628,6.3873255917184295,-0.333,-0.373,time,96
2024-11-19 09:25:00,2024-11-19 11:40:00,S,5.771,5.832325549638861,5.832325549638861,5.617686125902848,-1.0,-1.104,sl,27
2024-11-19 11:55:00,2024-11-19 13:50:00,L,5.871,5.783144107052361,5.783144107052361,6.0906397323691,-1.0,-1.074,sl,23
2024-11-19 19:20:00,2024-11-19 20:25:00,L,5.881,5.793094557022968,5.793094557022968,6.10076360744258,-1.0,-1.074,sl,13
2024-11-19 20:45:00,2024-11-20 04:45:00,S,5.791,5.727,5.904508259645795,5.507229350885513,0.564,0.508,time,96
2024-11-20 06:05:00,2024-11-20 14:05:00,L,5.859,6.029,5.698834968390494,6.259412579023765,1.061,1.021,time,96
2024-11-20 16:35:00,2024-11-21 00:35:00,S,5.795,5.751,5.960157907004844,5.3821052324878895,0.266,0.228,time,96
2024-11-21 02:10:00,2024-11-21 10:10:00,S,5.657,5.634,5.76775235997552,5.380119100061199,0.208,0.151,time,96
2024-11-21 10:30:00,2024-11-21 11:40:00,S,5.575,5.702671218101222,5.702671218101222,5.255821954746946,-1.0,-1.048,sl,14
2024-11-21 12:10:00,2024-11-21 20:10:00,L,5.769,5.892,5.603878994018177,6.181802514954558,0.745,0.706,time,96
2024-11-21 23:10:00,2024-11-22 01:15:00,L,5.933,6.069921743027873,5.87823130278885,6.069921743027873,2.5,2.381,tp,25
2024-11-22 01:20:00,2024-11-22 09:20:00,L,6.101,6.09,5.87933886598943,6.655152835026424,-0.05,-0.08,time,96
2024-11-22 11:55:00,2024-11-22 13:25:00,L,6.175,6.003156725750615,6.003156725750615,6.604608185623462,-1.0,-1.04,sl,18
2024-11-22 15:40:00,2024-11-22 23:40:00,L,6.296,6.66,6.075592573514603,6.847018566213492,1.651,1.62,time,96
2024-11-23 00:25:00,2024-11-23 03:50:00,L,6.751,7.26836287072307,6.544054851710772,7.26836287072307,2.5,2.464,tp,41
2024-11-23 03:55:00,2024-11-23 11:55:00,L,7.231,7.931,6.911634422148822,8.029413944627944,2.192,2.167,time,96
2024-11-23 12:00:00,2024-11-23 15:25:00,L,7.931,8.789489493355052,7.587604202657979,8.789489493355052,2.5,2.475,tp,41
2024-11-23 15:30:00,2024-11-23 23:30:00,L,8.864,8.462,8.147032179455788,10.656419551360532,-0.561,-0.574,time,96
2024-11-24 00:05:00,2024-11-24 00:30:00,L,8.86,10.153920030354488,8.342431987858204,10.153920030354488,2.5,2.481,tp,5
2024-11-24 00:35:00,2024-11-24 08:35:00,L,10.323,9.119,8.405116437551222,15.117708906121948,-0.628,-0.634,time,96
2024-11-24 20:35:00,2024-11-25 01:20:00,L,8.719,8.440765736740438,8.440765736740438,9.414585658148901,-1.0,-1.034,sl,57
2024-11-25 03:50:00,2024-11-25 06:00:00,L,8.733,9.175570947523035,8.555971620990787,9.175570947523035,2.5,2.446,tp,26
2024-11-25 06:05:00,2024-11-25 13:00:00,L,9.193,8.832515147845704,8.832515147845704,10.094212130385738,-1.0,-1.028,sl,83
2024-11-25 21:45:00,2024-11-26 05:45:00,S,8.318,8.402,8.566488791839623,7.6967780204009415,-0.338,-0.375,time,96
2024-11-26 07:15:00,2024-11-26 11:25:00,S,8.22,7.671479305387128,8.43940827784515,7.671479305387128,2.5,2.459,tp,50
2024-11-26 11:30:00,2024-11-26 14:35:00,S,7.608,7.970463605285293,7.970463605285293,6.701840986786767,-1.0,-1.023,sl,37
2024-11-26 18:35:00,2024-11-26 20:45:00,S,7.839,8.134618582018676,8.134618582018676,7.09995354495331,-1.0,-1.029,sl,26
2024-11-27 01:00:00,2024-11-27 04:20:00,S,7.889,8.181831520618692,8.181831520618692,7.15692119845327,-1.0,-1.03,sl,40
2024-11-27 07:50:00,2024-11-27 15:50:00,L,8.255,8.469,8.100709485015356,8.640726287461613,1.387,1.328,time,96
2024-11-27 15:55:00,2024-11-27 16:55:00,L,8.469,8.255493618204119,8.255493618204119,9.002765954489702,-1.0,-1.044,sl,12
2024-11-27 20:30:00,2024-11-27 21:25:00,L,8.556,8.352030078641478,8.352030078641478,9.065924803396301,-1.0,-1.046,sl,11
2024-11-28 03:05:00,2024-11-28 11:05:00,S,8.228,8.163,8.502157714899106,7.542605712752235,0.237,0.204,time,96
2024-11-28 13:40:00,2024-11-28 14:00:00,S,8.138,8.212486375979653,8.212486375979653,7.951784060050867,-1.0,-1.12,sl,4
2024-11-28 15:25:00,2024-11-28 17:10:00,S,8.104,8.271401197261271,8.271401197261271,7.685497006846819,-1.0,-1.053,sl,21
2024-11-28 17:20:00,2024-11-29 01:20:00,L,8.313,8.572,8.059662523901615,8.946343690245964,1.022,0.986,time,96
2024-11-29 02:20:00,2024-11-29 04:10:00,L,8.661,8.529099770383255,8.529099770383255,8.990750574041861,-1.0,-1.072,sl,22
2024-11-29 08:20:00,2024-11-29 15:05:00,L,8.597,8.994565752145752,8.437973699141699,8.994565752145752,2.5,2.441,tp,81
2024-11-29 15:10:00,2024-11-29 16:10:00,L,8.982,8.667409520464217,8.667409520464217,9.768476198839455,-1.0,-1.031,sl,12
2024-11-29 20:20:00,2024-11-30 04:20:00,L,8.774,8.726,8.606979067001005,9.191552332497485,-0.287,-0.345,time,96
2024-11-30 05:25:00,2024-11-30 08:05:00,L,8.797,9.11582667711717,8.669469329153133,9.11582667711717,2.5,2.424,tp,32
2024-11-30 08:10:00,2024-11-30 16:10:00,L,9.073,8.851,8.74314121983792,9.897646950405202,-0.673,-0.703,time,96
2024-11-30 18:05:00,2024-12-01 00:55:00,L,8.983,8.875187265823962,8.875187265823962,9.252531835440095,-1.0,-1.092,sl,82
2024-12-01 02:15:00,2024-12-01 08:40:00,S,8.789,8.949289743012232,8.949289743012232,8.38827564246942,-1.0,-1.06,sl,77
2024-12-01 08:55:00,2024-12-01 16:55:00,L,8.991,9.048,8.777008675186702,9.525978312033246,0.266,0.22,time,96
2024-12-01 19:20:00,2024-12-02 03:20:00,L,9.21,9.489,8.978944359433243,9.787639101416897,1.208,1.164,time,96
2024-12-02 08:20:00,2024-12-02 16:20:00,S,8.925,9.179,9.20227910933987,8.231802226650329,-0.916,-0.951,time,96
2024-12-02 16:30:00,2024-12-02 16:40:00,L,9.07,8.928188660309724,8.928188660309724,9.424528349225692,-1.0,-1.07,sl,2
2024-12-02 17:50:00,2024-12-02 19:45:00,S,8.858,9.117204870895634,9.117204870895634,8.209987822760917,-1.0,-1.038,sl,23
2024-12-02 19:55:00,2024-12-02 21:50:00,L,9.201,9.94206243086034,8.904575027655865,9.94206243086034,2.5,2.466,tp,23
2024-12-02 21:55:00,2024-12-03 05:55:00,L,9.965,10.21,9.362423201525932,11.47144199618517,0.407,0.388,time,96
2024-12-03 06:25:00,2024-12-03 07:00:00,L,10.31,9.98265805476037,9.98265805476037,11.128354863099078,-1.0,-1.035,sl,7
2024-12-03 20:55:00,2024-12-04 04:55:00,L,9.739,10.021,9.522999808201874,10.279000479495318,1.306,1.256,time,96
2024-12-04 05:05:00,2024-12-04 06:25:00,L,10.08,9.947288041451666,9.947288041451666,10.411779896370836,-1.0,-1.084,sl,16
2024-12-04 07:45:00,2024-12-04 09:40:00,L,10.094,10.387160431314026,9.97673582747439,10.387160431314026,2.5,2.405,tp,23
2024-12-04 09:45:00,2024-12-04 13:55:00,L,10.443,11.518687831911006,10.012724867235598,11.518687831911006,2.5,2.473,tp,50
2024-12-04 14:00:00,2024-12-04 14:30:00,L,11.408,11.111824155867572,11.111824155867572,12.148439610331069,-1.0,-1.042,sl,6
2024-12-04 19:20:00,2024-12-04 23:05:00,L,11.009,10.634311154734467,10.634311154734467,11.945722113163832,-1.0,-1.032,sl,45
2024-12-05 01:05:00,2024-12-05 04:45:00,S,10.228,10.640007014962476,10.640007014962476,9.197982462593808,-1.0,-1.027,sl,44
2024-12-05 04:50:00,2024-12-05 12:50:00,L,10.505,10.984,10.18633871583331,11.301653210416728,1.503,1.467,time,96
2024-12-05 16:50:00,2024-12-05 19:55:00,L,11.023,10.785607118949166,10.785607118949166,11.616482202627084,-1.0,-1.051,sl,37
2024-12-06 01:40:00,2024-12-06 09:05:00,L,10.734,10.374415766426889,10.374415766426889,11.632960583932778,-1.0,-1.033,sl,89
2024-12-06 09:10:00,2024-12-06 15:35:00,S,10.359,10.637018916017094,10.637018916017094,9.663952709957265,-1.0,-1.041,sl,77
2024-12-06 15:40:00,2024-12-06 23:40:00,L,10.604,10.764,10.270898474612617,11.436753813468457,0.48,0.445,time,96
2024-12-07 03:20:00,2024-12-07 06:30:00,S,10.521,10.665686589884727,10.665686589884727,10.159283525288185,-1.0,-1.08,sl,38
2024-12-07 06:40:00,2024-12-07 07:40:00,L,10.746,10.489983326214627,10.489983326214627,11.386041684463432,-1.0,-1.046,sl,12
2024-12-07 07:45:00,2024-12-07 14:40:00,S,10.486,10.752943886286747,10.752943886286747,9.818640284283134,-1.0,-1.043,sl,83
2024-12-07 14:45:00,2024-12-07 22:45:00,L,10.742,10.617,10.512323695886924,11.316190760282694,-0.544,-0.596,time,96
2024-12-07 23:00:00,2024-12-07 23:30:00,S,10.56,10.683777441539062,10.683777441539062,10.250556396152346,-1.0,-1.094,sl,6
2024-12-08 01:20:00,2024-12-08 03:45:00,L,10.747,10.610563671794841,10.610563671794841,11.088090820512896,-1.0,-1.087,sl,29
2024-12-08 04:30:00,2024-12-08 12:30:00,S,10.527,10.389,10.695303827221991,10.106240431945018,0.82,0.751,time,96
2024-12-08 13:20:00,2024-12-08 15:10:00,L,10.521,10.316730397662973,10.316730397662973,11.031674005842572,-1.0,-1.057,sl,22
2024-12-08 15:15:00,2024-12-08 23:15:00,S,10.312,10.382,10.560751474343556,9.690121314141107,-0.281,-0.327,time,96
2024-12-09 00:35:00,2024-12-09 08:35:00,S,10.216,9.712,10.455331333540625,9.617671666148434,2.106,2.059,time,96
2024-12-09 08:40:00,2024-12-09 16:40:00,S,9.712,9.61,9.949114051197327,9.119214872006681,0.43,0.385,time,96
2024-12-09 20:10:00,2024-12-09 20:35:00,S,9.425,8.990245850655182,9.598901659737928,8.990245850655182,2.5,2.44,tp,5
2024-12-09 20:40:00,2024-12-10 04:40:00,S,8.914,8.388,9.59753340503598,7.2051664874100485,0.77,0.755,time,96
2024-12-10 12:30:00,2024-12-10 16:40:00,S,8.431,7.7657531069924675,8.697098757203012,7.7657531069924675,2.5,2.465,tp,50
2024-12-10 16:45:00,2024-12-10 20:05:00,S,7.762,8.129748826932936,8.129748826932936,6.842627932667659,-1.0,-1.023,sl,40
2024-12-11 00:45:00,2024-12-11 04:00:00,S,8.179,8.420708854299054,8.420708854299054,7.574727864252366,-1.0,-1.037,sl,39
2024-12-11 12:05:00,2024-12-11 13:30:00,L,8.682,9.08385212454461,8.521259150182157,9.08385212454461,2.5,2.441,tp,17
2024-12-11 13:35:00,2024-12-11 21:35:00,L,9.107,9.085,8.756534942930026,9.983162642674934,-0.063,-0.091,time,96
2024-12-12 02:40:00,2024-12-12 05:35:00,L,9.133,9.640423936517937,8.930030425392824,9.640423936517937,2.5,2.451,tp,35
2024-12-12 05:40:00,2024-12-12 07:50:00,L,9.656,9.306169565940705,9.306169565940705,10.53057608514824,-1.0,-1.03,sl,26
2024-12-12 13:10:00,2024-12-12 13:35:00,L,9.289,9.131029850235965,9.131029850235965,9.683925374410087,-1.0,-1.065,sl,5
2024-12-12 19:40:00,2024-12-13 03:40:00,S,9.036,9.122,9.330499152742048,8.299752118144879,-0.292,-0.326,time,96
2024-12-13 06:40:00,2024-12-13 11:15:00,S,8.96,9.079312380181278,9.079312380181278,8.661719049546807,-1.0,-1.083,sl,55
2024-12-13 16:00:00,2024-12-14 00:00:00,S,8.836,9.064,9.215462609315281,7.887343476711798,-0.601,-0.626,time,96
2024-12-14 00:20:00,2024-12-14 04:10:00,L,9.114,8.990041286456076,8.990041286456076,9.423896783859812,-1.0,-1.081,sl,46
2024-12-14 04:15:00,2024-12-14 06:20:00,S,8.987,9.094534385695473,9.094534385695473,8.718164035761317,-1.0,-1.092,sl,25
2024-12-14 06:25:00,2024-12-14 07:55:00,L,9.085,8.972166419696824,8.972166419696824,9.36708395075794,-1.0,-1.089,sl,18
2024-12-14 08:00:00,2024-12-14 11:15:00,S,8.975,8.771745565831282,9.056301773667487,8.771745565831282,2.5,2.379,tp,39
2024-12-14 11:20:00,2024-12-14 18:25:00,S,8.788,8.456469881964953,8.92061204721402,8.456469881964953,2.5,2.427,tp,85
2024-12-14 18:30:00,2024-12-15 01:20:00,S,8.456,8.593975746706494,8.593975746706494,8.111060633233762,-1.0,-1.067,sl,82
2024-12-15 07:30:00,2024-12-15 08:50:00,S,8.442,8.576101221455072,8.576101221455072,8.10674694636232,-1.0,-1.069,sl,16
2024-12-15 12:25:00,2024-12-15 14:15:00,L,8.792,9.09907005548904,8.669171977804384,9.09907005548904,2.5,2.421,tp,22
2024-12-15 14:20:00,2024-12-15 21:20:00,L,9.15,8.817785469530932,8.817785469530932,9.980536326172672,-1.0,-1.03,sl,84
2024-12-15 21:25:00,2024-12-15 23:00:00,S,8.796,8.954207992583697,8.954207992583697,8.400480018540755,-1.0,-1.061,sl,19
2024-12-15 23:25:00,2024-12-16 07:25:00,L,9.019,8.91,8.74833333215634,9.69566666960915,-0.403,-0.439,time,96
2024-12-16 08:20:00,2024-12-16 16:00:00,S,8.802,8.933362463565082,8.933362463565082,8.473593841087293,-1.0,-1.074,sl,92
2024-12-16 16:05:00,2024-12-17 00:00:00,L,9.001,8.711012526440303,8.711012526440303,9.72596868389924,-1.0,-1.034,sl,95
2024-12-17 00:05:00,2024-12-17 08:05:00,S,8.702,8.666,8.883315035718537,8.248712410703657,0.199,0.146,time,96
2024-12-17 09:15:00,2024-12-17 15:15:00,L,8.769,8.651377993411346,8.651377993411346,9.063055016471635,-1.0,-1.082,sl,72
2024-12-17 15:20:00,2024-12-17 17:45:00,S,8.585,8.868884288532723,8.868884288532723,7.8752892786681965,-1.0,-1.033,sl,29
2024-12-17 17:50:00,2024-12-17 19:05:00,L,8.843,8.59035413980618,8.59035413980618,9.474614650484549,-1.0,-1.039,sl,15
2024-12-17 22:45:00,2024-12-18 06:45:00,S,8.505,8.188,8.694501686438544,8.031245783903643,1.673,1.623,time,96
2024-12-18 06:50:00,2024-12-18 09:20:00,S,8.188,8.299534347426299,8.299534347426299,7.909164131434255,-1.0,-1.081,sl,30
2024-12-18 12:35:00,2024-12-18 18:55:00,S,8.21,8.40155651209553,8.40155651209553,7.7311087197611785,-1.0,-1.047,sl,76
2024-12-18 20:00:00,2024-12-19 04:00:00,S,8.099,7.615,8.480505522441078,7.145236193897306,1.269,1.245,time,96
2024-12-19 08:45:00,2024-12-19 10:20:00,S,7.538,7.671441266407564,7.671441266407564,7.20439683398109,-1.0,-1.062,sl,19
2024-12-19 13:40:00,2024-12-19 14:30:00,S,7.545,7.6630140645671645,7.6630140645671645,7.2499648385820885,-1.0,-1.07,sl,10
2024-12-19 14:55:00,2024-12-19 17:50:00,S,7.542,7.0983551816541635,7.719457927338334,7.0983551816541635,2.5,2.453,tp,35
2024-12-19 17:55:00,2024-12-20 01:55:00,S,7.101,7.016,7.696607737186336,5.6119806570341595,0.143,0.13,time,96
2024-12-20 05:50:00,2024-12-20 08:30:00,S,7.023,6.63895323206041,7.176618707175836,6.63895323206041,2.5,2.45,tp,32
2024-12-20 08:35:00,2024-12-20 16:35:00,S,6.68,7.01,7.089312957606082,5.6567176059847935,-0.806,-0.824,time,96
2024-12-20 22:25:00,2024-12-21 06:25:00,L,7.296,7.638,7.053983691720572,7.901040770698571,1.413,1.38,time,96
2024-12-21 06:45:00,2024-12-21 09:15:00,L,7.676,7.412399049218196,7.412399049218196,8.33500237695451,-1.0,-1.032,sl,30
2024-12-21 12:10:00,2024-12-21 18:50:00,S,7.35,6.927786885712054,7.518885245715178,6.927786885712054,2.5,2.452,tp,80
2024-12-21 18:55:00,2024-12-22 02:55:00,S,6.926,6.957,7.089762747453052,6.516593131367371,-0.189,-0.236,time,96
2024-12-22 03:10:00,2024-12-22 08:05:00,S,6.876,7.028133852145506,7.028133852145506,6.495665369636237,-1.0,-1.05,sl,59
2024-12-22 09:35:00,2024-12-22 12:10:00,L,7.114,7.023943502017649,7.023943502017649,7.3391412449558775,-1.0,-1.087,sl,31
2024-12-22 12:15:00,2024-12-22 19:50:00,S,7.049,6.802837343571987,7.1474650625712055,6.802837343571987,2.5,2.421,tp,91
2024-12-22 19:55:00,2024-12-23 03:15:00,S,6.771,6.969700964409951,6.969700964409951,6.274247588975124,-1.0,-1.037,sl,88
2024-12-23 03:20:00,2024-12-23 11:20:00,L,6.996,7.015,6.667867311427749,7.81633172143063,0.058,0.034,time,96
2024-12-23 13:40:00,2024-12-23 16:50:00,S,6.907,7.070846482311924,7.070846482311924,6.497383794220189,-1.0,-1.046,sl,38
2024-12-23 16:55:00,2024-12-24 00:55:00,L,7.118,7.327,6.8391643171197325,7.8150892072006695,0.75,0.721,time,96
2024-12-24 13:30:00,2024-12-24 21:30:00,L,7.393,7.515,7.240718489211331,7.773703776971671,0.801,0.748,time,96
2024-12-24 22:00:00,2024-12-25 06:00:00,L,7.566,7.472,7.4111279341448375,7.953180164637906,-0.607,-0.661,time,96
2024-12-25 09:55:00,2024-12-25 11:55:00,L,7.534,7.430918875167389,7.430918875167389,7.791702812081526,-1.0,-1.08,sl,24
2024-12-25 14:50:00,2024-12-25 15:30:00,L,7.527,7.441335203503772,7.441335203503772,7.741161991240571,-1.0,-1.097,sl,8
2024-12-25 19:25:00,2024-12-25 20:50:00,L,7.509,7.457508048953978,7.457508048953978,7.637729877615057,-1.0,-1.16,sl,17
2024-12-26 00:20:00,2024-12-26 00:35:00,L,7.571,7.473090152857983,7.473090152857983,7.815774617855041,-1.0,-1.085,sl,3
2024-12-26 02:05:00,2024-12-26 05:05:00,S,7.407,7.231834578169861,7.477066168732056,7.231834578169861,2.5,2.384,tp,36
2024-12-26 05:10:00,2024-12-26 08:15:00,S,7.24,7.063084455941256,7.310766217623498,7.063084455941256,2.5,2.387,tp,37
2024-12-26 08:20:00,2024-12-26 16:20:00,S,7.014,6.994,7.231846435189617,6.469383912025959,0.092,0.056,time,96
2024-12-26 21:10:00,2024-12-26 22:05:00,S,6.895,6.989765295331491,6.989765295331491,6.658086761671271,-1.0,-1.08,sl,11
2024-12-27 05:20:00,2024-12-27 06:45:00,S,6.935,7.062423531165681,7.062423531165681,6.616441172085796,-1.0,-1.06,sl,17
2024-12-27 07:45:00,2024-12-27 09:00:00,S,6.927,7.114526121295996,7.114526121295996,6.458184696760009,-1.0,-1.041,sl,15
2024-12-27 09:05:00,2024-12-27 14:40:00,L,7.131,6.944805003885846,6.944805003885846,7.596487490285385,-1.0,-1.042,sl,67
2024-12-27 14:45:00,2024-12-27 22:45:00,S,6.934,6.902,7.1047785860548665,6.507053534862834,0.187,0.143,time,96
2024-12-27 23:40:00,2024-12-28 07:40:00,S,6.868,6.838,6.945984257720259,6.673039355699355,0.385,0.288,time,96
2024-12-28 07:45:00,2024-12-28 09:05:00,S,6.838,6.886809553188627,6.886809553188627,6.715976117028433,-1.0,-1.154,sl,16
2024-12-28 17:10:00,2024-12-29 01:10:00,L,7.078,7.085,6.9251464556952715,7.460133860761822,0.046,-0.005,time,96
2024-12-29 04:05:00,2024-12-29 05:05:00,L,7.106,7.063213373970479,7.063213373970479,7.212966565073803,-1.0,-1.183,sl,12
2024-12-29 07:55:00,2024-12-29 08:45:00,L,7.132,7.074040454818358,7.074040454818358,7.276898862954104,-1.0,-1.135,sl,10
2024-12-29 11:30:00,2024-12-29 16:30:00,S,7.049,6.902998009746286,7.107400796101486,6.902998009746286,2.5,2.367,tp,60
2024-12-29 16:35:00,2024-12-30 00:35:00,S,6.907,6.892,7.016352206736611,6.633619483158472,0.137,0.068,time,96
2024-12-30 01:20:00,2024-12-30 09:20:00,L,6.981,6.888,6.871616701892415,7.254458245268962,-0.85,-0.92,time,96
2024-12-30 09:35:00,2024-12-30 13:35:00,S,6.893,6.691512760229618,6.973594895908152,6.691512760229618,2.5,2.406,tp,48
2024-12-30 13:40:00,2024-12-30 18:25:00,S,6.655,6.87856717317732,6.87856717317732,6.096082067056701,-1.0,-1.033,sl,57
2024-12-30 21:30:00,2024-12-31 05:30:00,S,6.766,6.609,6.9426276898506805,6.324430775373299,0.889,0.847,time,96
2024-12-31 13:20:00,2024-12-31 17:35:00,L,6.826,6.7074190349913065,6.7074190349913065,7.122452412521732,-1.0,-1.063,sl,51
2024-12-31 17:40:00,2025-01-01 01:40:00,S,6.648,6.687,6.84897976102722,6.145550597431949,-0.194,-0.23,time,96
2025-01-01 04:15:00,2025-01-01 05:45:00,S,6.644,6.676354926976015,6.676354926976015,6.563112682559963,-1.0,-1.226,sl,18
2025-01-01 08:50:00,2025-01-01 12:20:00,S,6.589,6.662553675105674,6.662553675105674,6.405115812235815,-1.0,-1.099,sl,42
2025-01-01 15:50:00,2025-01-01 20:00:00,L,6.771,7.040191335720571,6.6633234657117715,7.040191335720571,2.5,2.431,tp,50
2025-01-01 20:05:00,2025-01-02 04:05:00,L,7.067,7.163,6.905610663687412,7.470473340781471,0.595,0.547,time,96
2025-01-02 09:00:00,2025-01-02 14:00:00,L,7.26,7.172708527948415,7.172708527948415,7.478228680128963,-1.0,-1.091,sl,60
2025-01-03 00:35:00,2025-01-03 00:50:00,L,7.193,7.159875792506568,7.159875792506568,7.275810518733578,-1.0,-1.239,sl,3
2025-01-03 02:10:00,2025-01-03 10:10:00,L,7.252,7.483,7.1294514845767365,7.558371288558158,1.885,1.82,time,96
2025-01-03 10:30:00,2025-01-03 11:30:00,L,7.529,7.7658327837588645,7.434266886496454,7.7658327837588645,2.5,2.413,tp,12
2025-01-03 11:35:00,2025-01-03 19:35:00,L,7.747,7.762,7.517225397340051,8.32143650664987,0.065,0.028,time,96
2025-01-04 02:00:00,2025-01-04 10:00:00,L,7.79,7.671,7.624121707166756,8.20469573208311,-0.717,-0.769,time,96
2025-01-04 12:20:00,2025-01-04 15:35:00,L,7.72,7.650337802819543,7.650337802819543,7.894155492951143,-1.0,-1.122,sl,39
2025-01-05 04:30:00,2025-01-05 08:15:00,L,7.65,7.574106567277092,7.574106567277092,7.83973358180727,-1.0,-1.111,sl,45
2025-01-05 08:20:00,2025-01-05 16:20:00,S,7.569,7.577,7.702726011459481,7.234684971351298,-0.06,-0.122,time,96
2025-01-05 22:15:00,2025-01-06 00:50:00,L,7.667,7.589793806261997,7.589793806261997,7.860015484345007,-1.0,-1.109,sl,31
2025-01-06 00:55:00,2025-01-06 01:50:00,S,7.582,7.69888023627545,7.69888023627545,7.2897994093113745,-1.0,-1.071,sl,11
2025-01-06 01:55:00,2025-01-06 09:55:00,L,7.734,7.653,7.5336316410550115,8.234920897362471,-0.404,-0.447,time,96
2025-01-06 14:55:00,2025-01-06 22:55:00,L,7.799,7.747,7.592257870569372,8.31585532357657,-0.252,-0.293,time,96
2025-01-07 02:55:00,2025-01-07 06:30:00,S,7.664,7.793358163939986,7.793358163939986,7.3406045901500345,-1.0,-1.065,sl,43
2025-01-07 06:35:00,2025-01-07 11:45:00,L,7.798,7.667560892775754,7.667560892775754,8.124097768060615,-1.0,-1.066,sl,62
2025-01-07 13:15:00,2025-01-07 14:55:00,L,7.822,7.696605062745395,7.696605062745395,8.135487343136514,-1.0,-1.069,sl,20
2025-01-07 15:05:00,2025-01-07 19:40:00,S,7.639,7.074673523747476,7.86473059050101,7.074673523747476,2.5,2.463,tp,55
2025-01-07 19:45:00,2025-01-08 03:45:00,S,7.09,6.964,7.198247259547482,6.819381851131295,1.164,1.092,time,96
2025-01-08 04:35:00,2025-01-08 08:15:00,S,6.865,6.996136770842779,6.996136770842779,6.537158072893053,-1.0,-1.058,sl,44
2025-01-08 11:30:00,2025-01-08 17:10:00,S,6.873,6.636828616371537,6.967468553451385,6.636828616371537,2.5,2.42,tp,68
2025-01-08 17:15:00,2025-01-09 01:15:00,S,6.608,6.805,6.84336914112997,6.019577147175074,-0.837,-0.868,time,96
2025-01-09 02:10:00,2025-01-09 10:10:00,S,6.713,6.658,6.844023243658414,6.385441890853965,0.42,0.363,time,96
2025-01-09 13:55:00,2025-01-09 15:25:00,S,6.545,6.735401833757945,6.735401833757945,6.068995415605137,-1.0,-1.038,sl,18
2025-01-09 19:30:00,2025-01-10 03:30:00,S,6.602,6.625,6.710288478016882,6.331278804957796,-0.212,-0.279,time,96
2025-01-10 13:35:00,2025-01-10 17:55:00,S,6.591,6.793013595231579,6.793013595231579,6.0859660119210535,-1.0,-1.036,sl,52
2025-01-10 18:00:00,2025-01-11 02:00:00,L,6.797,6.712,6.551606235074504,7.410484412313738,-0.346,-0.377,time,96
2025-01-11 03:15:00,2025-01-11 11:15:00,S,6.662,6.696,6.710641466172108,6.54039633456973,-0.699,-0.85,time,96
2025-01-11 13:25:00,2025-01-11 20:25:00,S,6.642,6.688764212735057,6.688764212735057,6.525089468162358,-1.0,-1.156,sl,84
2025-01-11 20:40:00,2025-01-12 04:40:00,L,6.714,6.777,6.599781506509561,6.9995462337261,0.552,0.487,time,96
2025-01-12 06:30:00,2025-01-12 09:30:00,S,6.726,6.652715235427747,6.755313905828901,6.652715235427747,2.5,2.248,tp,36
2025-01-12 09:35:00,2025-01-12 15:20:00,S,6.653,6.7228667599976415,6.7228667599976415,6.478333100005894,-1.0,-1.105,sl,69
2025-01-12 19:35:00,2025-01-13 00:25:00,S,6.671,6.729566681704036,6.729566681704036,6.524583295739912,-1.0,-1.125,sl,58
2025-01-13 00:30:00,2025-01-13 02:05:00,L,6.729,6.58415595232009,6.58415595232009,7.091110119199774,-1.0,-1.051,sl,19
2025-01-13 02:25:00,2025-01-13 10:25:00,S,6.573,6.19529421817437,6.7240823127302525,6.19529421817437,2.5,2.452,tp,96
2025-01-13 10:30:00,2025-01-13 15:15:00,S,6.199,6.325365836233339,6.325365836233339,5.883085409416651,-1.0,-1.054,sl,57
2025-01-13 18:20:00,2025-01-13 20:35:00,S,6.14,6.260680798157043,6.260680798157043,5.83829800460739,-1.0,-1.056,sl,27
2025-01-14 05:00:00,2025-01-14 06:00:00,L,6.453,6.403647374538445,6.403647374538445,6.5763815636538885,-1.0,-1.144,sl,12
2025-01-14 09:25:00,2025-01-14 12:20:00,L,6.502,6.401683688720548,6.401683688720548,6.752790778198628,-1.0,-1.071,sl,35
2025-01-14 12:25:00,2025-01-14 13:30:00,S,6.392,6.481032075107115,6.481032075107115,6.1694198122322135,-1.0,-1.079,sl,13
2025-01-14 14:35:00,2025-01-14 22:35:00,L,6.528,6.669,6.3990707420861295,6.850323144784674,1.094,1.038,time,96
2025-01-14 22:45:00,2025-01-15 01:15:00,L,6.667,6.61368800383262,6.61368800383262,6.800279990418449,-1.0,-1.138,sl,30
2025-01-15 01:40:00,2025-01-15 09:40:00,L,6.683,6.682,6.6040470911050395,6.880382272237401,-0.013,-0.106,time,96
2025-01-15 13:35:00,2025-01-15 21:35:00,L,6.861,6.977,6.5576343557535735,7.6194141106160655,0.382,0.357,time,96
2025-01-15 23:15:00,2025-01-16 07:15:00,L,7.096,7.044,6.980740365353671,7.384149086615823,-0.451,-0.519,time,96
2025-01-16 11:45:00,2025-01-16 12:30:00,L,6.997,7.223219996669212,6.906512001332315,7.223219996669212,2.5,2.415,tp,9
2025-01-16 12:35:00,2025-01-16 20:35:00,L,7.265,7.273,6.952864437880065,8.045338905299838,0.026,0.0,time,96
2025-01-17 01:20:00,2025-01-17 02:15:00,L,7.23,7.378394565791737,7.170642173683306,7.378394565791737,2.5,2.366,tp,11
2025-01-17 02:20:00,2025-01-17 10:20:00,L,7.377,7.416,7.218170674134905,7.774073314662736,0.246,0.194,time,96
2025-01-17 10:35:00,2025-01-17 12:20:00,L,7.442,7.366510879313192,7.366510879313192,7.63072280171702,-1.0,-1.108,sl,21
2025-01-17 20:10:00,2025-01-18 02:50:00,L,7.512,7.4224578051710814,7.4224578051710814,7.735855487072294,-1.0,-1.092,sl,80
2025-01-18 04:20:00,2025-01-18 12:20:00,S,7.244,7.062,7.418863103733869,6.806842240665327,1.041,0.995,time,96
2025-01-18 16:20:00,2025-01-19 00:20:00,S,6.93,7.079,7.100097662124506,6.5047558446887335,-0.876,-0.921,time,96
2025-01-19 01:10:00,2025-01-19 04:00:00,L,7.146,7.021770481469389,7.021770481469389,7.456573796326527,-1.0,-1.063,sl,34
2025-01-19 04:05:00,2025-01-19 08:20:00,S,7.026,6.683069089026242,7.163172364389503,6.683069089026242,2.5,2.444,tp,51
2025-01-19 08:25:00,2025-01-19 14:50:00,S,6.693,6.847422932627321,6.847422932627321,6.306942668431696,-1.0,-1.048,sl,77
2025-01-19 20:55:00,2025-01-19 21:25:00,S,6.755,6.527713818310845,6.845914472675662,6.527713818310845,2.5,2.418,tp,6
2025-01-19 21:30:00,2025-01-20 05:30:00,S,6.559,6.297,6.8325761309324395,5.875059672668902,0.958,0.931,time,96
2025-01-20 07:05:00,2025-01-20 15:05:00,L,6.811,6.606,6.32327055692169,8.030323607695774,-0.42,-0.436,time,96
2025-01-20 16:15:00,2025-01-21 00:15:00,S,6.428,6.363,6.659814182079964,5.848464544800089,0.28,0.25,time,96
2025-01-21 01:00:00,2025-01-21 09:00:00,S,6.275,6.361,6.40762114961714,5.943447125957151,-0.648,-0.701,time,96
2025-01-21 10:30:00,2025-01-21 18:30:00,L,6.486,6.812,6.29357217128411,6.967069571789725,1.694,1.657,time,96
2025-01-21 18:35:00,2025-01-21 19:35:00,L,6.812,6.6986413270990806,6.6986413270990806,7.0953966822523,-1.0,-1.066,sl,12
2025-01-22 08:15:00,2025-01-22 11:15:00,S,6.554,6.621982311555748,6.621982311555748,6.38404422111063,-1.0,-1.106,sl,36
2025-01-22 12:05:00,2025-01-22 13:05:00,L,6.655,6.561929176687416,6.561929176687416,6.8876770582814615,-1.0,-1.079,sl,12
2025-01-22 13:40:00,2025-01-22 21:40:00,S,6.544,6.502,6.62338346902063,6.345541327448424,0.529,0.438,time,96
2025-01-22 22:25:00,2025-01-23 04:35:00,S,6.456,6.283592566476951,6.52496297340922,6.283592566476951,2.5,2.397,tp,74
2025-01-23 04:40:00,2025-01-23 12:40:00,S,6.28,6.269,6.400488841133887,5.978777897165283,0.091,0.034,time,96
2025-01-23 19:00:00,2025-01-23 20:25:00,S,6.306,6.409177847968546,6.409177847968546,6.048055380078636,-1.0,-1.067,sl,17
2025-01-23 21:25:00,2025-01-24 05:10:00,S,6.245,6.418436822345652,6.418436822345652,5.811407944135871,-1.0,-1.04,sl,93
2025-01-24 05:15:00,2025-01-24 13:15:00,L,6.419,6.482,6.274426413480736,6.780433966298158,0.436,0.387,time,96
2025-01-24 20:35:00,2025-01-25 04:35:00,S,6.361,6.34,6.459986803054425,6.113532992363936,0.212,0.141,time,96
2025-01-25 10:10:00,2025-01-25 11:00:00,S,6.266,6.304322263963972,6.304322263963972,6.1701943400900685,-1.0,-1.18,sl,10
2025-01-25 16:05:00,2025-01-25 23:55:00,L,6.389,6.315960291601728,6.315960291601728,6.57159927099568,-1.0,-1.096,sl,94
2025-01-26 00:00:00,2025-01-26 04:20:00,S,6.32,6.367301914988376,6.367301914988376,6.201745212529061,-1.0,-1.147,sl,52
2025-01-26 04:25:00,2025-01-26 09:30:00,L,6.366,6.296528698921517,6.296528698921517,6.539678252696207,-1.0,-1.101,sl,61
2025-01-26 09:45:00,2025-01-26 11:00:00,S,6.297,6.354560147769762,6.354560147769762,6.1530996305755945,-1.0,-1.12,sl,15
2025-01-26 12:00:00,2025-01-26 20:00:00,L,6.368,6.46,6.305712722684265,6.523718193289339,1.477,1.365,time,96
2025-01-26 20:05:00,2025-01-26 21:00:00,L,6.46,6.406617275101266,6.406617275101266,6.593456812246835,-1.0,-1.133,sl,11
2025-01-26 21:50:00,2025-01-27 00:00:00,S,6.356,6.101445401759087,6.457821839296365,6.101445401759087,2.5,2.431,tp,26
2025-01-27 00:05:00,2025-01-27 06:40:00,S,6.165,5.720252918331553,6.3428988326673785,5.720252918331553,2.5,2.462,tp,79
2025-01-27 06:45:00,2025-01-27 14:45:00,S,5.734,5.876,5.887581656352909,5.350045859117728,-0.925,-0.966,time,96
2025-01-27 16:55:00,2025-01-27 20:35:00,S,5.73,5.875618663413731,5.875618663413731,5.365953341465673,-1.0,-1.043,sl,44
2025-01-28 01:30:00,2025-01-28 03:30:00,S,5.877,5.961802102741563,5.961802102741563,5.6649947431460905,-1.0,-1.076,sl,24
2025-01-28 06:50:00,2025-01-28 14:50:00,S,5.947,5.856,6.034797903885415,5.7275052402864635,1.036,0.962,time,96
2025-01-28 16:55:00,2025-01-29 00:55:00,S,5.789,5.68,5.908173195988331,5.491067010029171,0.915,0.861,time,96
2025-01-29 09:20:00,2025-01-29 16:15:00,S,5.764,5.592771124604569,5.8324915501581724,5.592771124604569,2.5,2.407,tp,83
2025-01-29 16:20:00,2025-01-29 17:15:00,S,5.605,5.665314723841401,5.665314723841401,5.4542131903965,-1.0,-1.102,sl,11
2025-01-29 19:15:00,2025-01-29 19:40:00,S,5.62,5.731051517939189,5.731051517939189,5.342371205152027,-1.0,-1.056,sl,5
2025-01-30 01:40:00,2025-01-30 09:40:00,L,5.843,5.964,5.72840202930355,6.129494926741126,1.056,1.0,time,96
2025-01-30 09:50:00,2025-01-30 14:25:00,L,5.96,6.113592883597242,5.898562846561103,6.113592883597242,2.5,2.393,tp,55
2025-01-30 14:30:00,2025-01-30 15:00:00,L,6.084,6.208427825809993,6.034228869676002,6.208427825809993,2.5,2.366,tp,6
2025-01-30 15:05:00,2025-01-30 23:05:00,L,6.196,6.165,6.05772088650187,6.541697783745324,-0.224,-0.273,time,96
2025-01-31 05:55:00,2025-01-31 12:10:00,L,6.107,6.3163039292269225,6.023278428309231,6.3163039292269225,2.5,2.42,tp,75
2025-01-31 12:15:00,2025-01-31 20:15:00,L,6.311,6.229625018063206,6.229625018063206,6.514437454841985,-1.0,-1.085,sl,96
2025-01-31 21:20:00,2025-02-01 05:20:00,L,6.274,6.391,6.185625193644027,6.494937015889933,1.324,1.246,time,96
2025-02-01 06:00:00,2025-02-01 08:25:00,L,6.476,6.33848673607343,6.33848673607343,6.819783159816424,-1.0,-1.052,sl,29
2025-02-01 14:55:00,2025-02-01 19:10:00,S,6.263,6.1294704280522545,6.316411828779098,6.1294704280522545,2.5,2.371,tp,51
2025-02-01 19:15:00,2025-02-02 02:55:00,S,6.132,5.842993059349433,6.247602776260226,5.842993059349433,2.5,2.442,tp,92
2025-02-02 03:00:00,2025-02-02 11:00:00,S,5.844,5.755,5.980468562440382,5.502828593899045,0.652,0.605,time,96
2025-02-02 11:15:00,2025-02-02 15:30:00,S,5.729,5.563646988105329,5.7951412047578685,5.563646988105329,2.5,2.405,tp,51
2025-02-02 15:35:00,2025-02-02 17:35:00,S,5.616,5.330820096854264,5.730071961258294,5.330820096854264,2.5,2.446,tp,24
2025-02-02 17:40:00,2025-02-02 22:40:00,S,5.378,4.944978141500093,5.551208743399963,4.944978141500093,2.5,2.466,tp,60
2025-02-02 22:45:00,2025-02-03 01:50:00,S,4.996,4.413650927387507,5.228939629044998,4.413650927387507,2.5,2.476,tp,37
2025-02-03 01:55:00,2025-02-03 09:55:00,S,4.271,4.579,4.9786394487470265,2.5019013781324335,-0.435,-0.442,time,96
2025-02-03 13:30:00,2025-02-03 14:30:00,S,4.572,4.743610139605666,4.743610139605666,4.142974650985835,-1.0,-1.029,sl,12
2025-02-03 21:55:00,2025-02-04 03:30:00,L,5.18,5.00120251186446,5.00120251186446,5.626993720338849,-1.0,-1.032,sl,67
2025-02-04 03:35:00,2025-02-04 05:35:00,S,5.004,4.690377690663992,5.129448923734403,4.690377690663992,2.5,2.456,tp,24
2025-02-04 05:40:00,2025-02-04 13:40:00,S,4.706,4.836,5.030239804764106,3.8954004880897366,-0.401,-0.417,time,96
2025-02-04 15:20:00,2025-02-04 19:15:00,S,4.753,4.920698909649265,4.920698909649265,4.333752725876838,-1.0,-1.031,sl,47
2025-02-04 20:00:00,2025-02-05 04:00:00,S,4.745,4.755,4.94814985142696,4.237125371432601,-0.049,-0.075,time,96
2025-02-05 15:10:00,2025-02-05 23:10:00,S,4.766,4.688,4.858570904912558,4.534572737718606,0.843,0.786,time,96
2025-02-06 06:05:00,2025-02-06 06:35:00,L,4.757,4.821619284395036,4.7311522862419855,4.821619284395036,2.5,2.298,tp,6
2025-02-06 06:40:00,2025-02-06 08:55:00,L,4.829,4.7440181004848165,4.7440181004848165,5.041454748787958,-1.0,-1.063,sl,27
2025-02-06 09:00:00,2025-02-06 09:10:00,S,4.748,4.796590119611761,4.796590119611761,4.626524700970599,-1.0,-1.107,sl,2
2025-02-06 11:30:00,2025-02-06 15:30:00,S,4.743,4.5453953025313,4.822041878987481,4.5453953025313,2.5,2.434,tp,48
2025-02-06 15:35:00,2025-02-06 23:35:00,S,4.564,4.483,4.69880003261681,4.226999918457976,0.601,0.564,time,96
2025-02-07 06:40:00,2025-02-07 07:15:00,S,4.53,4.615112421523716,4.615112421523716,4.31721894619071,-1.0,-1.059,sl,7
2025-02-07 09:20:00,2025-02-07 14:05:00,L,4.656,4.878664149904088,4.566934340038364,4.878664149904088,2.5,2.442,tp,57
2025-02-07 14:10:00,2025-02-07 17:15:00,L,4.885,4.696236500956791,4.696236500956791,5.356908747608022,-1.0,-1.028,sl,37
2025-02-07 17:20:00,2025-02-08 01:20:00,S,4.695,4.592,4.832622242923647,4.350944392690883,0.748,0.711,time,96
2025-02-08 04:35:00,2025-02-08 06:40:00,S,4.545,4.585411290612847,4.585411290612847,4.443971773467881,-1.0,-1.124,sl,25
2025-02-08 10:50:00,2025-02-08 13:25:00,S,4.525,4.559646119326942,4.559646119326942,4.438384701682646,-1.0,-1.144,sl,31
2025-02-08 17:15:00,2025-02-09 01:15:00,L,4.614,4.759,4.542966614230699,4.791583464423252,2.041,1.97,time,96
2025-02-09 01:25:00,2025-02-09 03:00:00,L,4.77,4.718351882988376,4.718351882988376,4.899120292529059,-1.0,-1.102,sl,19
2025-02-09 03:45:00,2025-02-09 11:45:00,L,4.794,4.818,4.707144155454145,5.011139611364635,0.276,0.216,time,96
2025-02-09 16:15:00,2025-02-09 17:30:00,L,4.842,4.768883830023344,4.768883830023344,5.024790424941639,-1.0,-1.073,sl,15
2025-02-09 21:30:00,2025-02-09 21:45:00,S,4.713,4.540843028316534,4.781862788673386,4.540843028316534,2.5,2.425,tp,3
2025-02-09 21:50:00,2025-02-10 00:00:00,S,4.55,4.777630722119517,4.777630722119517,3.980923194701206,-1.0,-1.022,sl,26
2025-02-10 00:05:00,2025-02-10 01:40:00,L,4.813,4.654931310201612,4.654931310201612,5.208171724495968,-1.0,-1.033,sl,19
2025-02-10 02:15:00,2025-02-10 03:30:00,S,4.615,4.77803700566264,4.77803700566264,4.207407485843402,-1.0,-1.031,sl,15
2025-02-10 08:15:00,2025-02-10 12:45:00,L,4.859,4.778832425314098,4.778832425314098,5.059418936714755,-1.0,-1.067,sl,54
2025-02-10 13:50:00,2025-02-10 21:50:00,L,4.863,4.843,4.768656063168188,5.0988598420795315,-0.212,-0.269,time,96
2025-02-11 00:30:00,2025-02-11 04:00:00,L,4.869,5.01041232863431,4.812435068546276,5.01041232863431,2.5,2.405,tp,42
2025-02-11 04:05:00,2025-02-11 12:05:00,L,4.997,5.063,4.854341530638909,5.353646173402728,0.463,0.424,time,96
2025-02-11 17:45:00,2025-02-12 01:45:00,S,4.89,4.859,4.9675361553980855,4.696159611504785,0.4,0.33,time,96
2025-02-12 04:35:00,2025-02-12 07:30:00,S,4.783,4.847979770434508,4.847979770434508,4.620550573913732,-1.0,-1.081,sl,35
2025-02-12 10:10:00,2025-02-12 13:30:00,L,4.885,4.810228310102335,4.810228310102335,5.071929224744161,-1.0,-1.072,sl,40
2025-02-12 15:25:00,2025-02-12 23:25:00,L,5.035,5.208,4.746503849183146,5.756240377042136,0.6,0.58,time,96
2025-02-13 10:45:00,2025-02-13 11:30:00,L,5.163,5.12040517578273,5.12040517578273,5.269487060543177,-1.0,-1.133,sl,9
2025-02-14 02:35:00,2025-02-14 10:35:00,L,5.167,5.243,5.098522028481547,5.338194928796132,1.11,1.027,time,96
2025-02-14 14:55:00,2025-02-14 15:10:00,L,5.26,5.186461024909885,5.186461024909885,5.443847437725286,-1.0,-1.079,sl,3
2025-02-14 18:05:00,2025-02-14 20:55:00,L,5.346,5.200010202326778,5.200010202326778,5.710974494183055,-1.0,-1.04,sl,34
2025-02-14 22:40:00,2025-02-15 06:40:00,S,5.172,5.129,5.263451208049868,4.943371979875329,0.47,0.408,time,96
2025-02-15 07:00:00,2025-02-15 14:35:00,S,5.123,5.02501620132015,5.16219351947194,5.02501620132015,2.5,2.356,tp,91
2025-02-15 14:40:00,2025-02-15 19:05:00,S,5.015,5.116037315323556,5.116037315323556,4.762406711691108,-1.0,-1.055,sl,53
2025-02-15 20:50:00,2025-02-16 04:50:00,S,5.014,4.976,5.0734692016589005,4.865326995852749,0.639,0.546,time,96
2025-02-16 07:25:00,2025-02-16 11:55:00,S,4.95,5.0133320221023006,5.0133320221023006,4.79166994474425,-1.0,-1.086,sl,54
2025-02-16 13:30:00,2025-02-16 18:35:00,S,4.955,4.836335989916222,5.002465604033511,4.836335989916222,2.5,2.385,tp,61
2025-02-16 18:40:00,2025-02-16 21:35:00,S,4.83,4.9207735061543865,4.9207735061543865,4.603066234614034,-1.0,-1.059,sl,35
2025-02-17 04:15:00,2025-02-17 05:00:00,S,4.871,4.788098685533146,4.904160525786742,4.788098685533146,2.5,2.338,tp,9
2025-02-17 05:05:00,2025-02-17 07:00:00,S,4.818,4.894188481256552,4.894188481256552,4.62752879685862,-1.0,-1.07,sl,23
2025-02-17 12:20:00,2025-02-17 15:45:00,L,4.977,4.930620508781686,4.930620508781686,5.092948728045785,-1.0,-1.118,sl,41
2025-02-17 15:50:00,2025-02-17 23:50:00,S,4.931,4.886,5.043905980859081,4.648735047852298,0.399,0.351,time,96
2025-02-18 04:55:00,2025-02-18 06:10:00,S,4.855,4.700835810404673,4.916665675838131,4.700835810404673,2.5,2.413,tp,15
2025-02-18 06:15:00,2025-02-18 14:15:00,S,4.695,4.803,4.872778750428453,4.250553123928869,-0.607,-0.637,time,96
2025-02-18 14:55:00,2025-02-18 22:55:00,S,4.729,4.733,4.837018852026147,4.458952869934633,-0.037,-0.085,time,96
2025-02-19 05:00:00,2025-02-19 06:50:00,S,4.701,4.789517281828127,4.789517281828127,4.479706795429681,-1.0,-1.058,sl,22
2025-02-19 11:40:00,2025-02-19 19:40:00,L,4.814,4.847,4.777640830121242,4.904897924696895,0.908,0.762,time,96
2025-02-19 23:05:00,2025-02-20 07:05:00,L,4.896,4.95,4.817138285142092,5.0931542871447695,0.685,0.616,time,96
2025-02-20 14:25:00,2025-02-20 15:00:00,L,4.999,4.944183180969624,4.944183180969624,5.136042047575939,-1.0,-1.1,sl,7
2025-02-20 18:05:00,2025-02-21 02:05:00,L,5.024,5.035,4.980455269796058,5.132861825509856,0.253,0.126,time,96
2025-02-21 05:00:00,2025-02-21 13:00:00,L,5.08,5.227,5.019893342523664,5.23026664369084,2.446,2.353,time,96
2025-02-21 13:05:00,2025-02-21 15:35:00,L,5.227,5.151342714490287,5.151342714490287,5.4161432137742835,-1.0,-1.076,sl,30
2025-02-21 19:10:00,2025-02-22 00:50:00,S,5.102,5.178931836067276,5.178931836067276,4.9096704098318105,-1.0,-1.073,sl,68
2025-02-22 00:55:00,2025-02-22 08:55:00,L,5.206,5.091,5.04115021283024,5.618124467924402,-0.698,-0.732,time,96
2025-02-22 13:20:00,2025-02-22 14:15:00,L,5.108,5.067404421261066,5.067404421261066,5.209488946847334,-1.0,-1.138,sl,11
2025-02-22 15:00:00,2025-02-22 16:00:00,S,5.041,5.091092001120702,5.091092001120702,4.915769997198245,-1.0,-1.111,sl,12
2025-02-22 17:10:00,2025-02-22 20:05:00,L,5.106,5.0705129205094455,5.0705129205094455,5.194717698726386,-1.0,-1.158,sl,35
2025-02-22 20:10:00,2025-02-23 01:05:00,S,5.078,5.111230071029113,5.111230071029113,4.994924822427218,-1.0,-1.168,sl,59
2025-02-23 03:10:00,2025-02-23 07:15:00,S,5.036,5.074102084622254,5.074102084622254,4.940744788444364,-1.0,-1.145,sl,49
2025-02-23 07:25:00,2025-02-23 10:30:00,L,5.082,5.040083071713277,5.040083071713277,5.1867923207168065,-1.0,-1.133,sl,37
2025-02-23 10:35:00,2025-02-23 18:35:00,S,5.039,4.959,5.085014643309257,4.923963391726858,1.739,1.618,time,96
2025-02-23 20:05:00,2025-02-23 23:10:00,S,4.934,4.954821285137855,4.954821285137855,4.881946787155364,-1.0,-1.261,sl,37
2025-02-24 01:35:00,2025-02-24 09:35:00,S,4.887,4.768,4.970492281921449,4.678269295196376,1.425,1.361,time,96
2025-02-24 10:30:00,2025-02-24 18:30:00,S,4.699,4.67,4.788750673345926,4.474623316635185,0.323,0.266,time,96
2025-02-24 19:35:00,2025-02-24 20:45:00,S,4.636,4.678797321902392,4.678797321902392,4.5290066952440196,-1.0,-1.119,sl,14
2025-02-24 22:05:00,2025-02-25 06:05:00,S,4.478,4.367,4.663045244421501,4.015386888946246,0.6,0.573,time,96
2025-02-25 07:10:00,2025-02-25 11:50:00,S,4.257,4.3892058935026945,4.3892058935026945,3.9264852662432626,-1.0,-1.035,sl,56
2025-02-25 15:35:00,2025-02-25 15:50:00,S,4.354,4.435663146753291,4.435663146753291,4.149842133116772,-1.0,-1.059,sl,3
2025-02-25 19:40:00,2025-02-25 20:30:00,L,4.556,4.747469348873481,4.479412260450608,4.747469348873481,2.5,2.435,tp,10
2025-02-25 20:35:00,2025-02-26 04:35:00,L,4.744,4.744,4.507428433640707,5.33542891589823,0.0,-0.022,time,96
2025-02-26 04:45:00,2025-02-26 12:45:00,L,4.75,4.7821,4.680352685878707,4.9241182853032335,0.461,0.386,time,96
2025-02-26 15:05:00,2025-02-26 18:50:00,L,4.84,4.674163170200571,4.674163170200571,5.2545920744985715,-1.0,-1.032,sl,45
2025-02-26 18:55:00,2025-02-26 22:00:00,S,4.684,4.846987148832873,4.846987148832873,4.276532127917819,-1.0,-1.032,sl,37
2025-02-27 02:05:00,2025-02-27 10:05:00,L,4.8762,5.0855,4.717935646272667,5.271860884318332,1.322,1.289,time,96
2025-02-27 10:10:00,2025-02-27 16:55:00,L,5.0855,4.981368606590149,4.981368606590149,5.3458284835246275,-1.0,-1.054,sl,81
2025-02-27 23:00:00,2025-02-28 00:45:00,L,4.945,4.860949256077208,4.860949256077208,5.15512685980698,-1.0,-1.065,sl,21
2025-02-28 00:55:00,2025-02-28 02:40:00,S,4.853,4.6280784103668395,4.942968635853264,4.6280784103668395,2.5,2.441,tp,21
2025-02-28 02:45:00,2025-02-28 10:45:00,S,4.6286,4.5764,4.7709449385890395,4.2727376535274,0.367,0.331,time,96
2025-03-01 01:55:00,2025-03-01 05:45:00,L,4.7782,4.697165508798988,4.697165508798988,4.980786228002531,-1.0,-1.065,sl,46
2025-03-01 05:50:00,2025-03-01 13:15:00,S,4.698,4.548641731569448,4.7577433073722215,4.548641731569448,2.5,2.413,tp,89
2025-03-01 13:20:00,2025-03-01 16:10:00,S,4.5479,4.593996092718029,4.593996092718029,4.43265976820493,-1.0,-1.109,sl,34
2025-03-01 21:15:00,2025-03-01 22:00:00,L,4.6464,4.712862574061492,4.619814970375403,4.712862574061492,2.5,2.308,tp,9
2025-03-02 07:40:00,2025-03-02 15:25:00,S,4.6326,4.679963860055735,4.679963860055735,4.514190349860662,-1.0,-1.108,sl,93
2025-03-02 15:30:00,2025-03-02 16:30:00,L,4.6807,4.947569960751121,4.573952015699551,4.947569960751121,2.5,2.452,tp,12
2025-03-02 16:35:00,2025-03-03 00:35:00,L,4.9876,5.2061,4.670680568940717,5.779898577648207,0.689,0.672,time,96
2025-03-03 00:50:00,2025-03-03 01:15:00,L,5.234,5.130566719325986,5.130566719325986,5.492583201685035,-1.0,-1.056,sl,5
2025-03-03 08:30:00,2025-03-03 13:05:00,S,4.9024,4.978701646976039,4.978701646976039,4.711645882559903,-1.0,-1.071,sl,55
2025-03-03 13:10:00,2025-03-03 14:50:00,L,4.972,4.885933783122161,4.885933783122161,5.187165542194598,-1.0,-1.064,sl,20
2025-03-03 14:55:00,2025-03-03 19:50:00,S,4.8736,4.545540515407982,5.004823793836807,4.545540515407982,2.5,2.459,tp,59
2025-03-03 19:55:00,2025-03-04 03:55:00,S,4.51,4.2232,4.69369056141391,4.050773596465223,1.561,1.534,time,96
2025-03-04 13:25:00,2025-03-04 14:35:00,S,4.1451,4.23860286915565,4.23860286915565,3.911342827110876,-1.0,-1.049,sl,14
2025-03-04 15:25:00,2025-03-04 19:10:00,S,4.127,4.363675322471107,4.363675322471107,3.535311693822231,-1.0,-1.019,sl,45
2025-03-05 00:50:00,2025-03-05 01:35:00,S,4.2879,4.352957921897369,4.352957921897369,4.125255195256576,-1.0,-1.072,sl,9
2025-03-05 06:05:00,2025-03-05 06:45:00,S,4.2832,4.3186970479927504,4.3186970479927504,4.1944573800181235,-1.0,-1.133,sl,8
2025-03-05 10:35:00,2025-03-05 11:50:00,L,4.4642,4.391158168039928,4.391158168039928,4.646804579900181,-1.0,-1.067,sl,15
2025-03-05 14:40:00,2025-03-05 17:25:00,S,4.346,4.412615980074504,4.412615980074504,4.17946004981374,-1.0,-1.072,sl,33
2025-03-05 18:55:00,2025-03-06 02:55:00,L,4.4418,4.5383,4.381961832516869,4.591395418707826,1.613,1.531,time,96
2025-03-06 03:15:00,2025-03-06 04:55:00,L,4.533,4.618964629471066,4.4986141482115745,4.618964629471066,2.5,2.355,tp,20
2025-03-06 05:00:00,2025-03-06 07:30:00,L,4.616,4.540828710353382,4.540828710353382,4.803928224116545,-1.0,-1.068,sl,30
2025-03-06 10:25:00,2025-03-06 12:20:00,L,4.5798,4.524567813865309,4.524567813865309,4.717880465336727,-1.0,-1.091,sl,23
2025-03-06 14:00:00,2025-03-06 15:15:00,S,4.473,4.530000634440562,4.530000634440562,4.330498413898596,-1.0,-1.086,sl,15
2025-03-06 17:05:00,2025-03-07 01:05:00,S,4.3862,4.2799,4.515359175179771,4.063302062050571,0.823,0.786,time,96
2025-03-07 06:50:00,2025-03-07 09:10:00,L,4.4656,4.599297252982986,4.412121098806806,4.599297252982986,2.5,2.408,tp,28
2025-03-07 09:15:00,2025-03-07 15:35:00,L,4.6003,4.517780321799319,4.517780321799319,4.806599195501702,-1.0,-1.061,sl,76
2025-03-07 19:00:00,2025-03-07 20:35:00,L,4.6018,4.515769977283998,4.515769977283998,4.816875056790003,-1.0,-1.059,sl,19
2025-03-07 21:05:00,2025-03-08 01:30:00,S,4.5144,4.351592331652991,4.579523067338804,4.351592331652991,2.5,2.424,tp,53
2025-03-08 01:35:00,2025-03-08 09:35:00,S,4.3285,4.386,4.443892254556615,4.040019363608463,-0.498,-0.54,time,96
2025-03-08 10:00:00,2025-03-08 18:00:00,S,4.3283,4.3109,4.406521135814801,4.132747160462996,0.222,0.162,time,96
2025-03-08 22:15:00,2025-03-09 03:10:00,S,4.2858,4.343901578632274,4.343901578632274,4.140546053419314,-1.0,-1.081,sl,59
2025-03-09 09:55:00,2025-03-09 16:05:00,S,4.2548,4.1259781613160165,4.306328735473594,4.1259781613160165,2.5,2.409,tp,74
2025-03-09 16:10:00,2025-03-10 00:10:00,S,4.1553,4.0336,4.230561969100147,3.967145077249635,1.617,1.556,time,96
2025-03-10 06:45:00,2025-03-10 07:00:00,S,4.1546,4.179480229857418,4.179480229857418,4.092399425356455,-1.0,-1.184,sl,3
2025-03-10 13:40:00,2025-03-10 17:00:00,S,4.1597,3.985938326523855,4.229204669390458,3.985938326523855,2.5,2.434,tp,40
2025-03-10 17:05:00,2025-03-11 01:05:00,S,3.954,3.6828,4.084220629110059,3.6284484272248525,2.083,2.049,time,96
2025-03-11 12:50:00,2025-03-11 16:30:00,S,3.944,4.02170857708567,4.02170857708567,3.7497285572858243,-1.0,-1.056,sl,44
2025-03-11 18:15:00,2025-03-12 02:15:00,L,4.054,4.0492,3.9298761782507396,4.364309554373152,-0.039,-0.075,time,96
2025-03-12 02:50:00,2025-03-12 10:50:00,S,4.004,3.9693,4.095548922943829,3.7751276926404262,0.379,0.331,time,96
2025-03-12 12:35:00,2025-03-12 13:35:00,L,4.0627,3.9832800292444617,3.9832800292444617,4.261249926888848,-1.0,-1.056,sl,12
2025-03-12 14:00:00,2025-03-12 22:00:00,S,3.9565,3.969,4.060097966245644,3.69750508438589,-0.121,-0.163,time,96
2025-03-13 01:30:00,2025-03-13 01:45:00,S,3.9386,3.9711472504514203,3.9711472504514203,3.8572318738714495,-1.0,-1.133,sl,3
2025-03-13 05:55:00,2025-03-13 09:00:00,S,3.9349,3.978465097111835,3.978465097111835,3.825987257220412,-1.0,-1.099,sl,37
2025-03-13 09:20:00,2025-03-13 16:25:00,L,3.984,3.9163388025981387,3.9163388025981387,4.153152993504653,-1.0,-1.065,sl,85
2025-03-13 16:30:00,2025-03-13 23:00:00,S,3.9192,3.986327466165698,3.986327466165698,3.7513813345857545,-1.0,-1.064,sl,78
2025-03-13 23:05:00,2025-03-14 07:05:00,L,3.9856,4.014,3.904538189578692,4.188254526053269,0.35,0.296,time,96
2025-03-14 08:30:00,2025-03-14 16:30:00,L,4.0718,4.1902,4.0134627575019675,4.21764310624508,2.03,1.953,time,96
2025-03-14 22:50:00,2025-03-14 23:35:00,L,4.2233,4.185466201026921,4.185466201026921,4.317884497432697,-1.0,-1.123,sl,9
2025-03-15 04:35:00,2025-03-15 12:20:00,L,4.2648,4.369853353822635,4.222778658470946,4.369853353822635,2.5,2.388,tp,93
2025-03-15 12:25:00,2025-03-15 20:25:00,L,4.3685,4.3605,4.317937754988766,4.494905612528084,-0.158,-0.253,time,96
2025-03-15 21:40:00,2025-03-15 23:30:00,L,4.3929,4.347073430534488,4.347073430534488,4.5074664236637805,-1.0,-1.105,sl,22
2025-03-16 05:05:00,2025-03-16 06:45:00,L,4.3474,4.318459276884174,4.318459276884174,4.4197518077895666,-1.0,-1.165,sl,20
2025-03-16 10:30:00,2025-03-16 16:05:00,S,4.2593,4.298920379644471,4.298920379644471,4.160249050888821,-1.0,-1.118,sl,67
2025-03-16 16:20:00,2025-03-16 19:15:00,L,4.3104,4.214272300978574,4.214272300978574,4.550719247553564,-1.0,-1.049,sl,35
2025-03-16 19:20:00,2025-03-16 20:30:00,S,4.2189,4.278901101071996,4.278901101071996,4.068897247320008,-1.0,-1.077,sl,14
2025-03-16 20:45:00,2025-03-17 04:45:00,L,4.2989,4.418,4.217562472236852,4.502243819407868,1.464,1.406,time,96
2025-03-17 09:35:00,2025-03-17 10:15:00,L,4.433,4.374475002888242,4.374475002888242,4.579312492779394,-1.0,-1.083,sl,8
2025-03-17 16:10:00,2025-03-17 16:45:00,L,4.3825,4.340364044094211,4.340364044094211,4.487839889764473,-1.0,-1.114,sl,7
2025-03-17 18:20:00,2025-03-18 00:00:00,L,4.394,4.3618242222679875,4.3618242222679875,4.474439444330032,-1.0,-1.15,sl,68
2025-03-18 01:20:00,2025-03-18 06:45:00,S,4.3251,4.231581202743749,4.3625075189025,4.231581202743749,2.5,2.373,tp,65
2025-03-18 06:50:00,2025-03-18 07:40:00,S,4.239,4.292893101980825,4.292893101980825,4.104267245047938,-1.0,-1.087,sl,10
2025-03-18 11:45:00,2025-03-18 13:00:00,S,4.2582,4.290030809823581,4.290030809823581,4.178622975441048,-1.0,-1.147,sl,15
2025-03-18 17:35:00,2025-03-18 18:15:00,S,4.25,4.302920213794552,4.302920213794552,4.11769946551362,-1.0,-1.088,sl,8
2025-03-18 19:15:00,2025-03-18 22:50:00,L,4.3325,4.475441076608416,4.275323569356633,4.475441076608416,2.5,2.417,tp,43
2025-03-18 22:55:00,2025-03-19 06:55:00,L,4.4715,4.5428,4.38968706835408,4.676032329114799,0.872,0.811,time,96
2025-03-19 07:00:00,2025-03-19 08:20:00,L,4.5428,4.491348616367492,4.491348616367492,4.67142845908127,-1.0,-1.097,sl,16
2025-03-19 11:20:00,2025-03-19 17:35:00,L,4.5319,4.466819826844302,4.466819826844302,4.694600432889247,-1.0,-1.077,sl,75
2025-03-19 18:55:00,2025-03-20 02:55:00,L,4.55,4.4953,4.451163822117213,4.797090444706967,-0.553,-0.604,time,96
2025-03-20 04:05:00,2025-03-20 10:35:00,S,4.4687,4.393985479086914,4.498585808365235,4.393985479086914,2.5,2.336,tp,78
2025-03-20 10:40:00,2025-03-20 18:40:00,S,4.3996,4.3418,4.473011179520758,4.216072051198107,0.787,0.721,time,96
2025-03-20 18:50:00,2025-03-20 20:35:00,S,4.3412,4.379562852915445,4.379562852915445,4.245292867711386,-1.0,-1.124,sl,21
2025-03-21 00:05:00,2025-03-21 02:15:00,L,4.4005,4.500013502463036,4.360694599014786,4.500013502463036,2.5,2.378,tp,26
2025-03-21 02:20:00,2025-03-21 10:20:00,L,4.4902,4.4507,4.436368344186654,4.624779139533364,-0.734,-0.826,time,96
2025-03-21 11:10:00,2025-03-21 16:50:00,S,4.4365,4.480379695627719,4.480379695627719,4.326800760930701,-1.0,-1.111,sl,68
2025-03-21 16:55:00,2025-03-22 00:55:00,L,4.4717,4.4877,4.416457491504623,4.609806271238443,0.29,0.201,time,96
2025-03-22 01:35:00,2025-03-22 06:05:00,S,4.4663,4.501716858106922,4.501716858106922,4.377757854732698,-1.0,-1.139,sl,54
2025-03-22 06:10:00,2025-03-22 08:10:00,L,4.5009,4.462305170404164,4.462305170404164,4.597387073989588,-1.0,-1.128,sl,24
2025-03-22 08:20:00,2025-03-22 09:20:00,S,4.4559,4.50230812525942,4.50230812525942,4.339879686851449,-1.0,-1.106,sl,12
2025-03-22 14:30:00,2025-03-22 16:20:00,S,4.4255,4.470152693258781,4.470152693258781,4.313868266853049,-1.0,-1.109,sl,22
2025-03-22 17:00:00,2025-03-22 23:00:00,L,4.4825,4.448763162212441,4.448763162212441,4.566842094468896,-1.0,-1.146,sl,72
2025-03-22 23:10:00,2025-03-23 07:10:00,S,4.435,4.4667,4.481562131261713,4.318594671845716,-0.681,-0.786,time,96
2025-03-23 11:10:00,2025-03-23 16:00:00,L,4.4686,4.434837377370005,4.434837377370005,4.553006556574988,-1.0,-1.146,sl,58
2025-03-23 17:35:00,2025-03-23 19:45:00,S,4.4211,4.46133014220572,4.46133014220572,4.320524644485699,-1.0,-1.121,sl,26
2025-03-23 19:55:00,2025-03-24 03:55:00,L,4.4641,4.547,4.414437515891774,4.588256210270565,1.669,1.57,time,96
2025-03-24 04:05:00,2025-03-24 06:50:00,L,4.5657,4.7344280959915075,4.498208761603396,4.7344280959915075,2.5,2.426,tp,33
2025-03-24 06:55:00,2025-03-24 14:55:00,L,4.738,4.7027,4.6185035350173615,5.036741162456598,-0.295,-0.339,time,96
2025-03-25 08:55:00,2025-03-25 16:55:00,L,4.6431,4.647,4.605676572811691,4.73665856797077,0.104,-0.032,time,96
2025-03-26 01:10:00,2025-03-26 02:55:00,L,4.6599,4.6105178404233635,4.6105178404233635,4.783355398941593,-1.0,-1.104,sl,21
2025-03-26 03:00:00,2025-03-26 07:20:00,S,4.6127,4.6825196439679875,4.6825196439679875,4.438150890080032,-1.0,-1.073,sl,52
2025-03-26 07:25:00,2025-03-26 14:00:00,L,4.6831,4.648813072491801,4.648813072491801,4.7688173187704965,-1.0,-1.15,sl,79
2025-03-26 20:35:00,2025-03-27 04:35:00,L,4.7211,4.7183,4.602567238396484,5.017431904008788,-0.024,-0.067,time,96
2025-03-27 07:40:00,2025-03-27 12:00:00,S,4.6682,4.574386031539728,4.705725587384109,4.574386031539728,2.5,2.363,tp,52
2025-03-27 12:05:00,2025-03-27 15:00:00,S,4.5612,4.634009105502792,4.634009105502792,4.379177236243021,-1.0,-1.069,sl,35
2025-03-27 21:05:00,2025-03-28 03:10:00,L,4.6316,4.576815414954886,4.576815414954886,4.768561462612784,-1.0,-1.093,sl,73
2025-03-28 03:20:00,2025-03-28 05:45:00,S,4.5677,4.405349260878083,4.632640295648767,4.405349260878083,2.5,2.423,tp,29
2025-03-28 05:50:00,2025-03-28 13:50:00,S,4.4006,4.3155,4.488035469902779,4.182011325243052,0.973,0.918,time,96
2025-03-29 01:25:00,2025-03-29 09:25:00,S,4.2501,4.146,4.302114024588646,4.120064938528383,2.001,1.912,time,96
2025-03-29 09:45:00,2025-03-29 17:45:00,S,4.1112,4.0666,4.177268627079631,3.946028432300924,0.675,0.607,time,96
2025-03-29 20:55:00,2025-03-30 01:00:00,S,4.0154,4.069879972207035,4.069879972207035,3.879200069482411,-1.0,-1.081,sl,49
2025-03-30 05:55:00,2025-03-30 08:00:00,S,4.1022,4.133195576065892,4.133195576065892,4.024711059835271,-1.0,-1.146,sl,25
2025-03-30 10:25:00,2025-03-30 17:00:00,S,4.1168,4.0134679957670745,4.15813280169317,4.0134679957670745,2.5,2.39,tp,79
2025-03-30 17:05:00,2025-03-30 18:05:00,S,4.0104,4.078253425226486,4.078253425226486,3.8407664369337837,-1.0,-1.065,sl,12
2025-03-30 21:55:00,2025-03-31 05:10:00,S,4.03,4.081753772334204,4.081753772334204,3.9006155691644917,-1.0,-1.086,sl,87
2025-03-31 07:20:00,2025-03-31 12:50:00,S,4.0003,4.04332484103409,4.04332484103409,3.8927378974147766,-1.0,-1.102,sl,66
2025-03-31 13:50:00,2025-03-31 14:15:00,S,3.9828,4.047543083122884,4.047543083122884,3.820942292192791,-1.0,-1.068,sl,5
2025-03-31 22:05:00,2025-04-01 00:50:00,S,4.0216,4.048879858583134,4.048879858583134,3.9534003535421665,-1.0,-1.162,sl,33
2025-04-01 03:05:00,2025-04-01 08:30:00,L,4.0724,4.198093501022443,4.022122599591023,4.198093501022443,2.5,2.411,tp,65
2025-04-01 08:35:00,2025-04-01 14:20:00,L,4.1949,4.134825287559595,4.134825287559595,4.345086781101012,-1.0,-1.077,sl,69
2025-04-01 15:15:00,2025-04-01 23:15:00,L,4.266,4.1654,4.125899503506741,4.616251241233148,-0.718,-0.752,time,96
2025-04-02 00:45:00,2025-04-02 08:45:00,S,4.1245,4.09,4.18140422357799,3.982239441055027,0.606,0.527,time,96
2025-04-02 12:00:00,2025-04-02 13:35:00,S,4.063,4.091032012146739,4.091032012146739,3.9929199696331517,-1.0,-1.159,sl,19
2025-04-02 15:10:00,2025-04-02 20:25:00,L,4.1586,4.0824048038392915,4.0824048038392915,4.34908799040177,-1.0,-1.06,sl,63
2025-04-02 22:25:00,2025-04-03 06:25:00,S,4.0001,4.0194,4.10507389285504,3.7376652678624,-0.184,-0.226,time,96
2025-04-03 06:35:00,2025-04-03 11:00:00,S,4.0106,3.939179226467711,4.039168309412916,3.939179226467711,2.5,2.346,tp,53
2025-04-03 11:05:00,2025-04-03 18:35:00,S,3.9309,4.009098942471976,4.009098942471976,3.73540264382006,-1.0,-1.055,sl,90
2025-04-03 21:55:00,2025-04-04 00:55:00,L,4.0554,4.020743649303127,4.020743649303127,4.142040876742181,-1.0,-1.129,sl,36
2025-04-04 01:00:00,2025-04-04 07:15:00,S,4.0225,4.07245646894677,4.07245646894677,3.8976088276330745,-1.0,-1.089,sl,75
2025-04-04 07:20:00,2025-04-04 10:20:00,L,4.0691,4.0181087197690575,4.0181087197690575,4.196578200577355,-1.0,-1.088,sl,36
2025-04-04 10:25:00,2025-04-04 18:25:00,S,4.0296,4.0616,4.121111861141426,3.800820347146437,-0.35,-0.398,time,96
2025-04-05 04:50:00,2025-04-05 12:45:00,S,4.0071,3.951777908564135,4.0292288365743465,3.951777908564135,2.5,2.301,tp,95
2025-04-05 12:50:00,2025-04-05 20:50:00,S,3.9535,3.937,3.989570322413345,3.863324193966638,0.457,0.337,time,96
2025-04-06 02:15:00,2025-04-06 10:15:00,S,3.936,3.9281,3.97211180810054,3.8457204797486493,0.219,0.099,time,96
2025-04-06 13:20:00,2025-04-06 17:30:00,S,3.904,3.8145028495650024,3.939798860173999,3.8145028495650024,2.5,2.38,tp,50
2025-04-06 17:35:00,2025-04-06 23:20:00,S,3.8139,3.606691157846466,3.896783536861413,3.606691157846466,2.5,2.449,tp,69
2025-04-06 23:25:00,2025-04-07 06:25:00,S,3.6221,3.3839467859277215,3.7173612856289115,3.3839467859277215,2.5,2.458,tp,84
2025-04-07 06:30:00,2025-04-07 13:50:00,S,3.3602,3.539494270161096,3.539494270161096,2.9119643245972595,-1.0,-1.021,sl,88
2025-04-07 23:45:00,2025-04-08 01:35:00,S,3.5856,3.650495630625269,3.650495630625269,3.4233609234368267,-1.0,-1.061,sl,22
2025-04-08 02:05:00,2025-04-08 08:20:00,L,3.6675,3.567728111316934,3.567728111316934,3.916929721707665,-1.0,-1.04,sl,75
2025-04-08 08:25:00,2025-04-08 10:35:00,S,3.5675,3.6116581062070643,3.6116581062070643,3.457104734482339,-1.0,-1.089,sl,26
2025-04-08 11:25:00,2025-04-08 14:55:00,L,3.6202,3.591803208071408,3.591803208071408,3.69119197982148,-1.0,-1.14,sl,42
2025-04-08 15:00:00,2025-04-08 23:00:00,S,3.586,3.3846,3.683040414395243,3.3433989640118917,2.075,2.035,time,96
2025-04-08 23:15:00,2025-04-09 02:10:00,S,3.3574,3.4124592579378072,3.4124592579378072,3.2197518551554825,-1.0,-1.067,sl,35
2025-04-09 10:35:00,2025-04-09 17:20:00,S,3.4203,3.465984374767049,3.465984374767049,3.3060890630823776,-1.0,-1.082,sl,81
2025-04-09 17:25:00,2025-04-10 01:25:00,L,3.5238,3.5911,3.373640051910062,3.8991998702248454,0.448,0.422,time,96
2025-04-10 03:10:00,2025-04-10 05:40:00,S,3.5614,3.5953535253036395,3.5953535253036395,3.476516186740901,-1.0,-1.115,sl,30
2025-04-10 05:45:00,2025-04-10 08:30:00,L,3.5918,3.5338035234776832,3.5338035234776832,3.7367911913057923,-1.0,-1.068,sl,33
2025-04-10 08:35:00,2025-04-10 15:35:00,S,3.5384,3.4066260226428478,3.591109590942861,3.4066260226428478,2.5,2.426,tp,84
2025-04-10 15:40:00,2025-04-10 23:40:00,S,3.4,3.468,3.543429569197428,3.0414260770064296,-0.474,-0.5,time,96
2025-04-11 01:55:00,2025-04-11 09:55:00,L,3.5089,3.5171,3.448936197589026,3.6588095060274357,0.137,0.072,time,96
2025-04-11 10:30:00,2025-04-11 14:25:00,L,3.5275,3.490957244669405,3.490957244669405,3.618856888326487,-1.0,-1.106,sl,47
2025-04-11 14:30:00,2025-04-11 16:45:00,S,3.4915,3.552436748245837,3.552436748245837,3.3391581293854067,-1.0,-1.063,sl,27
2025-04-11 16:50:00,2025-04-12 00:50:00,L,3.5539,3.5569,3.5179044094471017,3.6438889763822457,0.083,-0.025,time,96
2025-04-12 03:00:00,2025-04-12 04:30:00,S,3.527,3.563817050816933,3.563817050816933,3.4349573729576677,-1.0,-1.105,sl,18
2025-04-12 05:05:00,2025-04-12 13:05:00,L,3.5721,3.6364,3.534245030296035,3.666737424259912,1.699,1.595,time,96
2025-04-12 13:10:00,2025-04-12 21:10:00,L,3.6364,3.7267,3.5863692526235704,3.761476868441074,1.805,1.725,time,96
2025-04-13 08:45:00,2025-04-13 10:50:00,L,3.658,3.7484291752363186,3.6218283299054725,3.7484291752363186,2.5,2.389,tp,25
2025-04-13 10:55:00,2025-04-13 13:40:00,L,3.7517,3.6935238253849665,3.6935238253849665,3.897140436537584,-1.0,-1.071,sl,33
2025-04-13 17:10:00,2025-04-13 18:05:00,L,3.721,3.800056787155931,3.6893772851376276,3.800056787155931,2.5,2.371,tp,11
2025-04-13 18:10:00,2025-04-13 19:35:00,L,3.8047,3.710311416207471,3.710311416207471,4.040671459481322,-1.0,-1.044,sl,17
2025-04-13 22:20:00,2025-04-14 00:20:00,S,3.6186,3.7094773562545384,3.7094773562545384,3.3914066093636532,-1.0,-1.044,sl,24
2025-04-14 00:25:00,2025-04-14 08:25:00,L,3.7417,3.6688,3.625037363939221,4.033356590151947,-0.625,-0.66,time,96
2025-04-14 10:20:00,2025-04-14 18:20:00,L,3.6889,3.7435,3.6362661509780985,3.820484622554753,1.037,0.96,time,96
2025-04-14 23:30:00,2025-04-15 07:30:00,S,3.6736,3.6954,3.7107306962243407,3.580773259439148,-0.587,-0.696,time,96
2025-04-15 08:05:00,2025-04-15 10:15:00,L,3.6973,3.6504966463758075,3.6504966463758075,3.814308384060481,-1.0,-1.087,sl,26
2025-04-15 10:20:00,2025-04-15 18:20:00,S,3.6464,3.5657,3.7332922259785652,3.4291694350535864,0.929,0.883,time,96
2025-04-15 22:25:00,2025-04-16 06:25:00,S,3.5412,3.5385,3.593054463868317,3.4115638403292072,0.052,-0.023,time,96
2025-04-16 08:10:00,2025-04-16 08:40:00,S,3.493,3.5394933902080887,3.5394933902080887,3.3767665244797778,-1.0,-1.083,sl,6
2025-04-16 13:20:00,2025-04-16 14:20:00,S,3.4831,3.534305651700133,3.534305651700133,3.3550858707496665,-1.0,-1.075,sl,12
2025-04-16 17:50:00,2025-04-16 21:20:00,S,3.5153,3.6057446075484374,3.6057446075484374,3.289188481128906,-1.0,-1.043,sl,42
2025-04-16 21:25:00,2025-04-16 23:20:00,L,3.6082,3.5568885763263776,3.5568885763263776,3.7364785591840564,-1.0,-1.077,sl,23
2025-04-16 23:25:00,2025-04-17 05:00:00,S,3.5563,3.5952576693738494,3.5952576693738494,3.458905826565376,-1.0,-1.1,sl,67
2025-04-17 05:05:00,2025-04-17 13:05:00,L,3.593,3.6318,3.546393411111466,3.709516472221335,0.833,0.748,time,96
2025-04-17 14:40:00,2025-04-17 15:50:00,S,3.5772,3.6366468421379476,3.6366468421379476,3.428582894655131,-1.0,-1.066,sl,14
2025-04-17 15:55:00,2025-04-17 23:55:00,L,3.6317,3.6328,3.576820653443038,3.7688983663924045,0.02,-0.053,time,96
2025-04-18 04:05:00,2025-04-18 09:45:00,L,3.655,3.7193489593409303,3.6292604162636275,3.7193489593409303,2.5,2.344,tp,68
2025-04-18 12:35:00,2025-04-18 14:15:00,L,3.729,3.690725447675647,3.690725447675647,3.824686380810883,-1.0,-1.107,sl,20
2025-04-19 00:05:00,2025-04-19 01:25:00,S,3.6715,3.6944196475856708,3.6944196475856708,3.6142008810358233,-1.0,-1.176,sl,16
2025-04-19 02:15:00,2025-04-19 10:15:00,L,3.6977,3.7256,3.651491860894064,3.8132203477648403,0.604,0.516,time,96
2025-04-19 12:30:00,2025-04-19 14:00:00,L,3.7406,3.7255873647223177,3.7255873647223177,3.7781315881942064,-1.0,-1.274,sl,18
2025-04-19 17:40:00,2025-04-19 21:40:00,L,3.7501,3.8435726932976895,3.7127109226809245,3.8435726932976895,2.5,2.39,tp,48
2025-04-19 21:45:00,2025-04-20 05:45:00,L,3.8372,3.9256,3.787820826679034,3.9606479333024156,1.79,1.705,time,96
2025-04-20 14:10:00,2025-04-20 22:10:00,L,3.8432,3.888,3.7847703319476675,3.989274170130831,0.767,0.694,time,96
2025-04-21 00:30:00,2025-04-21 08:30:00,L,3.9281,3.9672,3.866384587530997,4.0823885311725086,0.634,0.564,time,96
2025-04-21 14:25:00,2025-04-21 16:25:00,L,3.921,3.8617449499952374,3.8617449499952374,4.069137625011906,-1.0,-1.073,sl,24
2025-04-21 16:30:00,2025-04-22 00:15:00,S,3.8654,3.76091617855184,3.9071935285792643,3.76091617855184,2.5,2.398,tp,93
2025-04-22 00:20:00,2025-04-22 01:15:00,S,3.7606,3.7955629657202854,3.7955629657202854,3.673192585699287,-1.0,-1.118,sl,11
2025-04-22 04:30:00,2025-04-22 06:35:00,S,3.7398,3.6892898771666207,3.7600040491333515,3.6892898771666207,2.5,2.296,tp,25
2025-04-22 06:40:00,2025-04-22 07:30:00,S,3.6906,3.7504753211052457,3.7504753211052457,3.5409116972368855,-1.0,-1.068,sl,10
2025-04-22 13:20:00,2025-04-22 15:00:00,L,3.7956,3.8970868390841495,3.75500526436634,3.8970868390841495,2.5,2.397,tp,20
2025-04-22 15:05:00,2025-04-22 23:05:00,L,3.9092,4.0216,3.8043699448790584,4.171275137802353,1.072,1.031,time,96
2025-04-23 00:20:00,2025-04-23 02:00:00,L,4.0325,3.9989556435614264,3.9989556435614264,4.116360891096433,-1.0,-1.132,sl,20
2025-04-23 03:55:00,2025-04-23 11:55:00,L,4.0918,4.1087,4.02657341543191,4.2548664614202245,0.259,0.19,time,96
2025-04-23 18:25:00,2025-04-23 19:10:00,L,4.1408,4.077983560807255,4.077983560807255,4.29784109798186,-1.0,-1.073,sl,9
2025-04-23 23:05:00,2025-04-24 00:25:00,L,4.1021,4.071615413369027,4.071615413369027,4.178311466577432,-1.0,-1.148,sl,16
2025-04-24 03:05:00,2025-04-24 11:05:00,S,4.0202,3.9944,4.083001419883798,3.8631964502905043,0.411,0.34,time,96
2025-04-24 13:30:00,2025-04-24 15:10:00,L,4.0301,4.144113084884625,3.9844947660461503,4.144113084884625,2.5,2.403,tp,20
2025-04-24 15:15:00,2025-04-24 23:15:00,L,4.1499,4.2484,4.033014723843674,4.442113190390813,0.843,0.804,time,96
2025-04-25 00:45:00,2025-04-25 02:50:00,L,4.2987,4.236101090605098,4.236101090605098,4.455197273487255,-1.0,-1.076,sl,25
2025-04-25 06:10:00,2025-04-25 10:35:00,L,4.3016,4.270272902101453,4.270272902101453,4.379917744746365,-1.0,-1.151,sl,53
2025-04-25 22:40:00,2025-04-26 06:40:00,L,4.2878,4.2952,4.222282733723402,4.451593165691495,0.113,0.041,time,96
2025-04-26 07:15:00,2025-04-26 09:00:00,L,4.3217,4.261100905879807,4.261100905879807,4.473197735300483,-1.0,-1.078,sl,21
2025-04-26 13:35:00,2025-04-26 14:30:00,S,4.217,4.251752269480464,4.251752269480464,4.130119326298837,-1.0,-1.133,sl,11
2025-04-26 14:45:00,2025-04-26 22:45:00,L,4.2632,4.277,4.196001653561579,4.431195866096054,0.205,0.136,time,96
2025-04-27 01:35:00,2025-04-27 09:35:00,S,4.1688,4.1402,4.2864352214105255,3.8747119464736866,0.243,0.204,time,96
2025-04-27 10:40:00,2025-04-27 18:40:00,S,4.112,4.106,4.147863315603707,4.022341710990734,0.167,0.041,time,96
2025-04-28 00:05:00,2025-04-28 03:30:00,S,4.0718,4.113214079743631,4.113214079743631,3.9682648006409202,-1.0,-1.108,sl,41
2025-04-28 06:20:00,2025-04-28 14:20:00,L,4.1522,4.1853,4.10286393755323,4.275540156116924,0.671,0.578,time,96
2025-04-28 15:20:00,2025-04-28 18:40:00,S,4.1191,4.198483811512591,4.198483811512591,3.9206404712185243,-1.0,-1.057,sl,40
2025-04-28 18:45:00,2025-04-29 00:55:00,L,4.1921,4.294980939101482,4.150947624359407,4.294980939101482,2.5,2.388,tp,74
2025-04-29 01:00:00,2025-04-29 09:00:00,L,4.2982,4.2894,4.23141404771053,4.465164880723674,-0.132,-0.203,time,96
2025-04-29 12:05:00,2025-04-29 14:00:00,S,4.2337,4.267312004193029,4.267312004193029,4.149669989517427,-1.0,-1.139,sl,23
2025-04-29 14:05:00,2025-04-29 20:30:00,L,4.2689,4.193084529452881,4.193084529452881,4.458438676367798,-1.0,-1.062,sl,77
2025-04-29 20:35:00,2025-04-30 04:35:00,S,4.1892,4.1583,4.239786934045702,4.062732664885744,0.611,0.52,time,96
2025-04-30 06:05:00,2025-04-30 11:05:00,S,4.1336,4.163809697003128,4.163809697003128,4.0580757574921815,-1.0,-1.151,sl,60
2025-04-30 12:35:00,2025-04-30 20:35:00,S,4.1004,4.1309,4.171124048263815,3.923589879340461,-0.431,-0.495,time,96
2025-04-30 23:10:00,2025-05-01 01:05:00,S,4.0703,4.111838158073154,4.111838158073154,3.966454604817113,-1.0,-1.108,sl,23
2025-05-01 04:35:00,2025-05-01 05:45:00,S,4.0794,4.117767582881648,4.117767582881648,3.98348104279588,-1.0,-1.117,sl,14
2025-05-01 08:20:00,2025-05-01 16:20:00,L,4.1271,4.1774,4.087860898056316,4.225197754859213,1.282,1.166,time,96
2025-05-02 01:00:00,2025-05-02 09:00:00,L,4.2166,4.2114,4.163428352050549,4.349529119873626,-0.098,-0.185,time,96
2025-05-02 10:40:00,2025-05-02 14:05:00,S,4.1676,4.212890475977186,4.212890475977186,4.054373810057035,-1.0,-1.101,sl,41
2025-05-02 14:10:00,2025-05-02 18:50:00,L,4.2049,4.171153284787605,4.171153284787605,4.289266788030988,-1.0,-1.137,sl,56
2025-05-02 19:15:00,2025-05-03 03:15:00,S,4.1536,4.1239,4.198021163504092,4.04254709123977,0.669,0.566,time,96
2025-05-03 08:10:00,2025-05-03 16:10:00,S,4.1237,4.0942,4.161483260626411,4.0292418484339745,0.781,0.661,time,96
2025-05-03 16:15:00,2025-05-04 00:15:00,S,4.0942,4.0252,4.142310052561883,3.973924868595292,1.434,1.341,time,96
2025-05-04 00:30:00,2025-05-04 02:05:00,S,4.0092,4.048094436195256,4.048094436195256,3.91196390951186,-1.0,-1.113,sl,19
2025-05-04 04:55:00,2025-05-04 05:30:00,S,3.995,4.017286959362974,4.017286959362974,3.9392826015925646,-1.0,-1.197,sl,7
2025-05-04 09:05:00,2025-05-04 17:05:00,S,3.9792,3.9291,4.028199573703335,3.856701065741662,1.022,0.933,time,96
2025-05-04 17:35:00,2025-05-04 19:35:00,S,3.8994,3.9456211310065394,3.9456211310065394,3.783847172483651,-1.0,-1.093,sl,24
2025-05-04 22:35:00,2025-05-05 02:15:00,S,3.9088,3.9725614799018247,3.9725614799018247,3.7493963002454374,-1.0,-1.067,sl,44
2025-05-05 10:15:00,2025-05-05 18:15:00,S,3.9344,3.9678,3.977540505762449,3.8265487355938776,-0.774,-0.875,time,96
2025-05-05 20:35:00,2025-05-06 04:35:00,S,3.8883,3.9185,3.9589713559583504,3.7116216101041246,-0.427,-0.488,time,96
2025-05-06 08:05:00,2025-05-06 14:15:00,S,3.8789,3.9169372502941378,3.9169372502941378,3.7838068742646547,-1.0,-1.112,sl,74
2025-05-06 19:00:00,2025-05-06 20:30:00,L,3.951,3.902576585181168,3.902576585181168,4.072058537047081,-1.0,-1.09,sl,18
2025-05-06 20:35:00,2025-05-06 22:50:00,S,3.902,3.951005085033701,3.951005085033701,3.7794872874157486,-1.0,-1.088,sl,27
2025-05-06 22:55:00,2025-05-07 06:55:00,L,3.9506,3.9459,3.872665929482772,4.14543517629307,-0.06,-0.116,time,96
2025-05-07 07:35:00,2025-05-07 15:10:00,L,3.9771,3.9292290806709578,3.9292290806709578,4.096777298322606,-1.0,-1.091,sl,91
2025-05-07 15:15:00,2025-05-07 23:10:00,S,3.9335,3.978050962470869,3.978050962470869,3.8221225938228276,-1.0,-1.097,sl,95
2025-05-07 23:15:00,2025-05-08 02:30:00,L,3.9801,4.087139263357195,3.9372842946571223,4.087139263357195,2.5,2.398,tp,39
2025-05-08 02:35:00,2025-05-08 04:15:00,L,4.0825,4.219099952414133,4.027860019034346,4.219099952414133,2.5,2.418,tp,20
2025-05-08 04:20:00,2025-05-08 12:20:00,L,4.2216,4.2512,4.111616235964597,4.496559410088507,0.269,0.227,time,96
2025-05-08 15:10:00,2025-05-08 20:50:00,L,4.2549,4.393355205343909,4.199517917862437,4.393355205343909,2.5,2.415,tp,68
2025-05-08 20:55:00,2025-05-09 04:55:00,L,4.4291,4.4592,4.307581257438555,4.732896856403613,0.248,0.208,time,96
2025-05-09 07:05:00,2025-05-09 08:25:00,L,4.5404,4.680149727664964,4.484500108934014,4.680149727664964,2.5,2.411,tp,16
2025-05-09 08:30:00,2025-05-09 08:40:00,L,4.6793,4.5607196247510124,4.5607196247510124,4.975750938122467,-1.0,-1.043,sl,2
2025-05-09 11:15:00,2025-05-09 19:15:00,L,4.7037,4.75,4.592957915305771,4.980555211735574,0.418,0.371,time,96
2025-05-10 00:20:00,2025-05-10 08:20:00,L,4.9239,5.0946,4.766700866890774,5.316897832773063,1.086,1.051,time,96
2025-05-10 10:05:00,2025-05-10 11:40:00,L,5.1295,5.03874025368543,5.03874025368543,5.356399365786427,-1.0,-1.062,sl,19
2025-05-10 17:35:00,2025-05-11 01:35:00,L,5.1293,5.131,5.027877471735292,5.3828563206617694,0.017,-0.039,time,96
2025-05-11 04:25:00,2025-05-11 05:30:00,L,5.201,5.1133114052585,5.1133114052585,5.420221486853748,-1.0,-1.065,sl,13
2025-05-11 10:15:00,2025-05-11 13:30:00,L,5.0763,5.0221614267626125,5.0221614267626125,5.211646433093469,-1.0,-1.103,sl,39
2025-05-11 17:50:00,2025-05-12 01:50:00,L,5.108,5.0669,5.013087924419502,5.345280188951243,-0.433,-0.492,time,96
2025-05-12 04:20:00,2025-05-12 07:25:00,L,5.1495,5.31789946428157,5.082140214287372,5.31789946428157,2.5,2.416,tp,37
2025-05-12 07:30:00,2025-05-12 14:25:00,L,5.3415,5.172035418766655,5.172035418766655,5.765161453083362,-1.0,-1.035,sl,83
2025-05-12 18:10:00,2025-05-13 02:10:00,S,5.0356,4.8806,5.1873194589187035,4.65630135270324,1.022,0.985,time,96
2025-05-13 02:15:00,2025-05-13 07:15:00,S,4.8806,4.996798895690631,4.996798895690631,4.590102760773423,-1.0,-1.046,sl,60
2025-05-13 12:15:00,2025-05-13 13:35:00,S,4.972,5.064473690357035,5.064473690357035,4.740815774107414,-1.0,-1.059,sl,16
2025-05-13 16:20:00,2025-05-14 00:20:00,L,5.1057,5.217,5.008212834193565,5.349417914516086,1.142,1.084,time,96
2025-05-14 08:05:00,2025-05-14 16:05:00,S,5.1428,5.0252,5.212092898560975,4.969567753597563,1.697,1.616,time,96
2025-05-14 17:15:00,2025-05-15 01:15:00,S,4.969,4.9885,5.044094094941092,4.781264762647272,-0.26,-0.332,time,96
2025-05-15 01:40:00,2025-05-15 09:40:00,S,4.9302,4.764,5.01574547363482,4.71633631591295,1.943,1.879,time,96
2025-05-15 09:50:00,2025-05-15 13:15:00,S,4.7502,4.851359418274632,4.851359418274632,4.497301454313421,-1.0,-1.052,sl,41
2025-05-15 14:50:00,2025-05-15 15:30:00,S,4.7114,4.78191017698737,4.78191017698737,4.535124557531574,-1.0,-1.074,sl,8
2025-05-15 18:50:00,2025-05-16 02:50:00,S,4.7623,4.8508,4.931094403152492,4.3403139921187694,-0.524,-0.555,time,96
2025-05-16 10:15:00,2025-05-16 16:35:00,L,4.9136,4.842922731565054,4.842922731565054,5.090293171087366,-1.0,-1.076,sl,76
2025-05-16 16:40:00,2025-05-17 00:40:00,S,4.8381,4.7002,4.927844460021524,4.613738849946189,1.537,1.477,time,96
2025-05-17 01:05:00,2025-05-17 09:05:00,S,4.689,4.6882,4.768118652292278,4.4912033692693045,0.01,-0.055,time,96
2025-05-17 09:10:00,2025-05-17 17:10:00,S,4.6882,4.6368,4.749801134511015,4.534197163722462,0.834,0.751,time,96
2025-05-17 22:20:00,2025-05-18 05:00:00,S,4.575,4.65852159433937,4.65852159433937,4.366196014151575,-1.0,-1.06,sl,80
2025-05-18 05:05:00,2025-05-18 13:05:00,L,4.6654,4.7567,4.600532284685853,4.827569288285368,1.407,1.328,time,96
2025-05-18 13:45:00,2025-05-18 15:45:00,L,4.7854,4.893818813695425,4.74203247452183,4.893818813695425,2.5,2.379,tp,24
2025-05-18 15:50:00,2025-05-18 17:25:00,L,4.9062,4.829836620507054,4.829836620507054,5.0971084487323655,-1.0,-1.071,sl,19
2025-05-18 17:40:00,2025-05-18 20:00:00,S,4.793,4.543415201740254,4.892833919303898,4.543415201740254,2.5,2.447,tp,28
2025-05-18 20:05:00,2025-05-18 22:55:00,S,4.5352,4.704587936253929,4.704587936253929,4.111730159365177,-1.0,-1.029,sl,34
2025-05-18 23:30:00,2025-05-19 01:15:00,L,4.7155,4.636015671206408,4.636015671206408,4.914210821983978,-1.0,-1.065,sl,21
2025-05-19 02:10:00,2025-05-19 04:50:00,S,4.618,4.4764570879395436,4.674617164824183,4.4764570879395436,2.5,2.41,tp,32
2025-05-19 04:55:00,2025-05-19 12:55:00,S,4.4668,4.4582,4.5816796266982465,4.179600933254385,0.075,0.032,time,96
2025-05-19 13:00:00,2025-05-19 13:45:00,S,4.4582,4.53200891452297,4.53200891452297,4.2736777136925745,-1.0,-1.066,sl,9
2025-05-20 01:40:00,2025-05-20 08:10:00,L,4.6426,4.569244304321103,4.569244304321103,4.825989239197242,-1.0,-1.07,sl,78
2025-05-20 08:15:00,2025-05-20 16:15:00,S,4.5644,4.5828,4.631928620524661,4.395578448688347,-0.272,-0.347,time,96
2025-05-20 17:15:00,2025-05-20 18:45:00,L,4.6099,4.561917858641045,4.561917858641045,4.729855353397387,-1.0,-1.106,sl,18
2025-05-20 18:50:00,2025-05-20 19:55:00,S,4.549,4.642627904865986,4.642627904865986,4.314930237835037,-1.0,-1.053,sl,13
2025-05-20 20:00:00,2025-05-21 04:00:00,L,4.6314,4.7182,4.519484127655536,4.91118968086116,0.776,0.73,time,96
2025-05-21 04:40:00,2025-05-21 07:15:00,L,4.7504,4.698485722013497,4.698485722013497,4.880185694966258,-1.0,-1.101,sl,31
2025-05-21 08:25:00,2025-05-21 11:20:00,S,4.6686,4.711915435699736,4.711915435699736,4.560311410750659,-1.0,-1.119,sl,35
2025-05-21 11:25:00,2025-05-21 17:50:00,L,4.701,4.62537794116924,4.62537794116924,4.890055147076899,-1.0,-1.068,sl,77
2025-05-21 17:55:00,2025-05-22 01:55:00,S,4.627,4.7722,4.866677468185546,4.027806329536135,-0.606,-0.627,time,96
2025-05-22 02:45:00,2025-05-22 08:10:00,L,4.7941,4.877679252986564,4.760668298805375,4.877679252986564,2.5,2.342,tp,65
2025-05-22 08:15:00,2025-05-22 16:15:00,L,4.8779,4.942,4.795308145093418,5.084379637266457,0.776,0.711,time,96
2025-05-22 22:45:00,2025-05-23 02:10:00,L,4.9398,5.051504686472316,4.895118125411074,5.051504686472316,2.5,2.378,tp,41
2025-05-23 02:15:00,2025-05-23 06:20:00,L,5.0756,4.942280702741447,4.942280702741447,5.408898243146382,-1.0,-1.042,sl,49
2025-05-23 09:20:00,2025-05-23 11:10:00,L,5.0037,4.92435752942694,4.92435752942694,5.2020561764326505,-1.0,-1.069,sl,22
2025-05-23 11:25:00,2025-05-23 11:50:00,S,4.9046,4.723544248181041,4.977022300727584,4.723544248181041,2.5,2.426,tp,5
2025-05-23 11:55:00,2025-05-23 19:55:00,S,4.766,4.6895,4.974653798578446,4.244365503553885,0.367,0.342,time,96
2025-05-23 20:05:00,2025-05-24 04:05:00,S,4.6667,4.6064,4.728684673301188,4.51173831674703,0.973,0.89,time,96
2025-05-24 06:20:00,2025-05-24 07:05:00,S,4.5767,4.608636355850981,4.608636355850981,4.4968591103725455,-1.0,-1.158,sl,9
2025-05-24 13:10:00,2025-05-24 21:10:00,S,4.5724,4.564,4.614338227859199,4.467554430352003,0.2,0.08,time,96
2025-05-24 22:30:00,2025-05-25 01:10:00,S,4.5447,4.461346736248,4.5780413055008,4.461346736248,2.5,2.35,tp,32
2025-05-25 01:15:00,2025-05-25 09:15:00,S,4.47,4.4351,4.562092053699241,4.239769865751896,0.379,0.326,time,96
2025-05-25 09:25:00,2025-05-25 17:25:00,S,4.448,4.4146,4.492391654837803,4.337020862905494,0.752,0.642,time,96
2025-05-25 21:35:00,2025-05-25 22:05:00,S,4.4162,4.442556354386786,4.442556354386786,4.350309114033034,-1.0,-1.184,sl,6
2025-05-26 00:05:00,2025-05-26 07:20:00,L,4.5184,4.612026327756329,4.480949468897468,4.612026327756329,2.5,2.367,tp,87
2025-05-26 07:25:00,2025-05-26 09:45:00,L,4.5948,4.557688398432983,4.557688398432983,4.687579003917543,-1.0,-1.136,sl,28
2025-05-26 10:05:00,2025-05-26 17:35:00,S,4.5486,4.451550132054769,4.587419947178093,4.451550132054769,2.5,2.371,tp,90
2025-05-26 17:40:00,2025-05-27 01:40:00,S,4.4522,4.397,4.498979029326406,4.335252426683987,1.18,1.075,time,96
2025-05-27 07:50:00,2025-05-27 15:50:00,L,4.5279,4.5806,4.480720958674014,4.645847603314965,1.117,1.011,time,96
2025-05-27 17:10:00,2025-05-27 17:30:00,L,4.6052,4.572016546747539,4.572016546747539,4.6881586331311516,-1.0,-1.153,sl,4
2025-05-28 02:20:00,2025-05-28 03:40:00,S,4.5036,4.548002073499741,4.548002073499741,4.3925948162506465,-1.0,-1.112,sl,16
2025-05-28 04:45:00,2025-05-28 06:00:00,L,4.5584,4.517022091681134,4.517022091681134,4.661844770797165,-1.0,-1.121,sl,15
2025-05-28 06:35:00,2025-05-28 07:40:00,S,4.4977,4.54942351177245,4.54942351177245,4.368391220568874,-1.0,-1.096,sl,13
2025-05-28 11:05:00,2025-05-28 15:05:00,L,4.5777,4.499843936797254,4.499843936797254,4.772340158006864,-1.0,-1.065,sl,48
2025-05-28 15:10:00,2025-05-28 23:10:00,S,4.4934,4.5226,4.568635642576383,4.305310893559044,-0.388,-0.454,time,96
2025-05-28 23:15:00,2025-05-29 00:55:00,L,4.5226,4.641722742939692,4.474950902824123,4.641722742939692,2.5,2.396,tp,20
2025-05-29 01:00:00,2025-05-29 04:35:00,L,4.6429,4.558653478962104,4.558653478962104,4.853516302594739,-1.0,-1.061,sl,43
2025-05-29 11:20:00,2025-05-29 12:40:00,L,4.5853,4.544899262126609,4.544899262126609,4.686301844683477,-1.0,-1.125,sl,16
2025-05-29 12:45:00,2025-05-29 20:45:00,S,4.518,4.4246,4.587544367758387,4.344139080604032,1.343,1.272,time,96
2025-05-29 23:20:00,2025-05-30 00:50:00,S,4.3944,4.244108632962524,4.4545165468149905,4.244108632962524,2.5,2.42,tp,18
2025-05-30 00:55:00,2025-05-30 08:55:00,S,4.2156,4.1863,4.357466313778077,3.8609342155548085,0.207,0.174,time,96
2025-05-30 22:20:00,2025-05-31 00:15:00,S,4.1066,3.953338624315763,4.167904550273695,3.953338624315763,2.5,2.426,tp,23
2025-05-31 00:20:00,2025-05-31 08:20:00,S,3.9685,4.0036,4.064509579985931,3.728476050035172,-0.366,-0.411,time,96
2025-05-31 22:35:00,2025-06-01 06:35:00,S,4.083,4.0565,4.115565997102039,4.001585007244902,0.814,0.676,time,96
2025-06-01 07:00:00,2025-06-01 09:40:00,S,4.05,3.983313285086451,4.076674685965419,3.983313285086451,2.5,2.333,tp,32
2025-06-01 09:45:00,2025-06-01 14:05:00,S,3.9815,4.036480629519051,4.036480629519051,3.844048426202372,-1.0,-1.08,sl,52
2025-06-01 18:30:00,2025-06-01 22:00:00,S,4.0193,4.068103687066329,4.068103687066329,3.8972907823341787,-1.0,-1.091,sl,42
2025-06-02 02:25:00,2025-06-02 10:25:00,S,4.0388,3.9639,4.088049704442056,3.9156757388948615,1.521,1.431,time,96
2025-06-02 21:00:00,2025-06-03 02:00:00,L,4.079,4.219833684671453,4.0226665261314185,4.219833684671453,2.5,2.42,tp,60
2025-06-03 02:05:00,2025-06-03 02:45:00,L,4.2146,4.174209749534328,4.174209749534328,4.315575626164179,-1.0,-1.115,sl,8
2025-06-03 06:40:00,2025-06-03 08:10:00,L,4.1699,4.1492086714996335,4.1492086714996335,4.2216283212509165,-1.0,-1.222,sl,18
2025-06-03 11:10:00,2025-06-03 11:20:00,L,4.1766,4.156456015572197,4.156456015572197,4.226959961069506,-1.0,-1.228,sl,2
2025-06-03 15:00:00,2025-06-03 20:30:00,L,4.196,4.133023383741816,4.133023383741816,4.353441540645459,-1.0,-1.073,sl,66
2025-06-03 21:55:00,2025-06-04 00:55:00,S,4.1125,4.15960275506638,4.15960275506638,3.99474311233405,-1.0,-1.096,sl,36
2025-06-04 01:15:00,2025-06-04 09:15:00,L,4.1949,4.1624,4.116066083340528,4.391984791648678,-0.412,-0.471,time,96
2025-06-04 11:10:00,2025-06-04 12:35:00,S,4.1513,4.071320643904624,4.183291742438151,4.071320643904624,2.5,2.357,tp,17
2025-06-04 12:40:00,2025-06-04 20:40:00,S,4.0718,4.0197,4.138008068384847,3.9062798290378806,0.787,0.719,time,96
2025-06-04 21:10:00,2025-06-04 21:45:00,S,3.9965,4.035284600731855,4.035284600731855,3.8995384981703625,-1.0,-1.113,sl,7
2025-06-05 05:45:00,2025-06-05 12:40:00,S,4.02,4.056564945626238,4.056564945626238,3.9285876359344045,-1.0,-1.121,sl,83
2025-06-05 14:05:00,2025-06-05 20:20:00,S,4.0013,3.813837551172331,4.076284979531067,3.813837551172331,2.5,2.441,tp,75
2025-06-05 20:25:00,2025-06-06 04:25:00,S,3.8496,3.9008,3.9279026686324867,3.653843328418784,-0.654,-0.708,time,96
2025-06-06 08:05:00,2025-06-06 11:15:00,S,3.8804,3.910920196458031,3.910920196458031,3.8040995088549217,-1.0,-1.14,sl,38
2025-06-06 15:00:00,2025-06-06 16:50:00,L,3.9783,3.9452485096334082,3.9452485096334082,4.0609287259164795,-1.0,-1.132,sl,22
2025-06-06 17:10:00,2025-06-07 01:10:00,S,3.9381,3.9313,3.9809537009430462,3.8309657476423844,0.159,0.058,time,96
2025-06-07 02:30:00,2025-06-07 06:45:00,L,3.9377,4.014625745532491,3.9069297017870035,4.014625745532491,2.5,2.359,tp,51
2025-06-07 06:50:00,2025-06-07 09:35:00,L,4.0177,3.9877883469937294,3.9877883469937294,4.092479132515675,-1.0,-1.148,sl,33
2025-06-07 12:30:00,2025-06-07 16:30:00,L,4.0345,4.014389001196983,4.014389001196983,4.0847774970075434,-1.0,-1.221,sl,48
2025-06-07 21:30:00,2025-06-08 00:45:00,L,4.037,4.013453657186298,4.013453657186298,4.095865857034253,-1.0,-1.189,sl,39
2025-06-08 04:55:00,2025-06-08 09:00:00,L,4.0391,4.011483231907249,4.011483231907249,4.108141920231878,-1.0,-1.161,sl,49
2025-06-08 09:05:00,2025-06-08 11:20:00,S,4.0133,4.029341235235973,4.029341235235973,3.9731969119100667,-1.0,-1.275,sl,27
2025-06-08 11:25:00,2025-06-08 19:25:00,L,4.0223,4.0722,3.982268232732001,4.122379418169999,1.247,1.136,time,96
2025-06-08 23:05:00,2025-06-09 07:05:00,S,4.0196,3.9839,4.064927664013263,3.906280839966841,0.788,0.69,time,96
2025-06-09 09:15:00,2025-06-09 17:15:00,L,4.0102,4.0665,3.970095157542695,4.110462106143263,1.404,1.294,time,96
2025-06-09 17:20:00,2025-06-10 00:15:00,L,4.0665,4.165810623960611,4.026775750415755,4.165810623960611,2.5,2.387,tp,83
2025-06-10 00:20:00,2025-06-10 04:45:00,L,4.1626,4.12677250073678,4.12677250073678,4.252168748158051,-1.0,-1.128,sl,53
2025-06-10 10:15:00,2025-06-10 10:35:00,L,4.1438,4.110180112447787,4.110180112447787,4.227849718880532,-1.0,-1.136,sl,4
2025-06-10 11:20:00,2025-06-10 12:45:00,L,4.1519,4.279294231234706,4.100942307506118,4.279294231234706,2.5,2.41,tp,17
2025-06-10 12:50:00,2025-06-10 14:30:00,L,4.3011,4.20339320399271,4.20339320399271,4.545366990018225,-1.0,-1.048,sl,20
2025-06-10 19:10:00,2025-06-11 03:10:00,L,4.2846,4.2637,4.222491081595007,4.439872296012483,-0.337,-0.412,time,96
2025-06-11 06:25:00,2025-06-11 09:50:00,L,4.2942,4.247250279331689,4.247250279331689,4.411574301670779,-1.0,-1.101,sl,41
2025-06-11 12:35:00,2025-06-11 20:35:00,L,4.286,4.2518,4.20468531704135,4.489286707396623,-0.421,-0.479,time,96
2025-06-11 21:35:00,2025-06-12 05:35:00,S,4.2127,4.1384,4.26728860129764,4.0762284967559,1.361,1.276,time,96
2025-06-12 06:25:00,2025-06-12 08:30:00,S,4.1096,4.015636544854629,4.147185382058149,4.015636544854629,2.5,2.38,tp,25
2025-06-12 08:35:00,2025-06-12 16:35:00,S,4.0409,4.0526,4.105440749503974,3.8795481262400635,-0.181,-0.25,time,96
2025-06-12 19:40:00,2025-06-12 20:50:00,S,4.0137,3.905745250762287,4.056881899695085,3.905745250762287,2.5,2.398,tp,14
2025-06-12 20:55:00,2025-06-13 01:10:00,S,3.9079,3.6900942500602802,3.995022299975888,3.6900942500602802,2.5,2.451,tp,51
2025-06-13 01:15:00,2025-06-13 09:15:00,S,3.6993,3.7988,3.85703596536392,3.3049600865902,-0.631,-0.657,time,96
2025-06-13 19:30:00,2025-06-13 20:40:00,S,3.7635,3.812878239066706,3.812878239066706,3.6400544023332353,-1.0,-1.084,sl,14
2025-06-14 02:10:00,2025-06-14 03:30:00,S,3.7995,3.817852828762974,3.817852828762974,3.7536179280925652,-1.0,-1.228,sl,16
2025-06-14 07:25:00,2025-06-14 15:25:00,S,3.7968,3.767,3.8188186883762145,3.7417532790594645,1.353,1.164,time,96
2025-06-14 15:30:00,2025-06-14 23:30:00,S,3.767,3.7826,3.79405895794216,3.6993526051445995,-0.577,-0.73,time,96
2025-06-15 07:05:00,2025-06-15 14:45:00,S,3.7759,3.8165400698740086,3.8165400698740086,3.6742998253149786,-1.0,-1.102,sl,92
2025-06-15 14:55:00,2025-06-15 16:15:00,L,3.8237,3.789958225110646,3.789958225110646,3.9080544372233854,-1.0,-1.125,sl,16
2025-06-15 16:20:00,2025-06-15 23:35:00,S,3.7896,3.823356463640954,3.823356463640954,3.7052088408976154,-1.0,-1.123,sl,87
2025-06-15 23:40:00,2025-06-16 01:05:00,L,3.822,3.7945947959748607,3.7945947959748607,3.8905130100628487,-1.0,-1.153,sl,17
2025-06-16 01:50:00,2025-06-16 07:50:00,L,3.8173,3.903619430066082,3.782772227973567,3.903619430066082,2.5,2.378,tp,72
2025-06-16 07:55:00,2025-06-16 11:20:00,L,3.8996,3.882158488777877,3.882158488777877,3.9432037780553078,-1.0,-1.246,sl,41
2025-06-16 14:00:00,2025-06-16 22:00:00,L,3.9378,3.9748,3.8976065046060446,4.038283738484889,0.921,0.813,time,96
2025-06-16 23:50:00,2025-06-17 07:50:00,S,3.8677,3.8347,3.919959500293738,3.7370512492656554,0.631,0.55,time,96
2025-06-17 08:10:00,2025-06-17 13:15:00,S,3.8254,3.7568855403335957,3.852805783866562,3.7568855403335957,2.5,2.346,tp,61
2025-06-17 13:20:00,2025-06-17 13:30:00,S,3.7574,3.782531702947238,3.782531702947238,3.694570742631906,-1.0,-1.164,sl,2
2025-06-17 15:20:00,2025-06-17 23:20:00,S,3.7211,3.7136,3.7865751242369075,3.5574121894077306,0.115,0.052,time,96
2025-06-18 07:10:00,2025-06-18 10:50:00,S,3.742,3.660263191497573,3.774694723400971,3.660263191497573,2.5,2.374,tp,44
2025-06-18 10:55:00,2025-06-18 18:55:00,S,3.6462,3.5854,3.7101342750679427,3.486364312330143,0.951,0.888,time,96
2025-06-18 23:45:00,2025-06-19 00:30:00,S,3.6014,3.647584525094377,3.647584525094377,3.485938687264057,-1.0,-1.086,sl,9
2025-06-19 01:40:00,2025-06-19 09:40:00,S,3.5942,3.5718,3.6569198793410163,3.437400301647459,0.357,0.294,time,96
2025-06-19 14:50:00,2025-06-19 22:50:00,S,3.5404,3.562,3.5792846409485235,3.443188397628691,-0.555,-0.656,time,96
2025-06-20 02:40:00,2025-06-20 05:20:00,S,3.5267,3.461111512085861,3.5529353951656555,3.461111512085861,2.5,2.352,tp,32
2025-06-20 05:25:00,2025-06-20 07:20:00,S,3.4596,3.5039012613606073,3.5039012613606073,3.348846846598482,-1.0,-1.086,sl,23
2025-06-20 14:45:00,2025-06-20 17:20:00,S,3.512,3.356719339582415,3.574112264167034,3.356719339582415,2.5,2.438,tp,31
2025-06-20 17:25:00,2025-06-20 20:45:00,S,3.3549,3.4530190858378864,3.4530190858378864,3.109602285405285,-1.0,-1.038,sl,40
2025-06-20 22:45:00,2025-06-21 00:25:00,S,3.4053,3.450027979640235,3.450027979640235,3.2934800508994124,-1.0,-1.084,sl,20
2025-06-21 11:10:00,2025-06-21 13:30:00,S,3.4744,3.4198012828447757,3.49623948686209,3.4198012828447757,2.5,2.325,tp,28
2025-06-21 13:35:00,2025-06-21 19:55:00,S,3.4213,3.3417984389498097,3.453100624420076,3.3417984389498097,2.5,2.382,tp,76
2025-06-21 20:00:00,2025-06-21 21:30:00,S,3.3449,3.2481770785799973,3.383589168568001,3.2481770785799973,2.5,2.405,tp,18
2025-06-21 21:35:00,2025-06-22 05:35:00,S,3.2399,3.2698,3.3834251075832675,2.881087231041831,-0.208,-0.233,time,96
2025-06-22 13:30:00,2025-06-22 21:30:00,S,3.1485,3.071,3.2953012612234316,2.7814968469414207,0.528,0.504,time,96
2025-06-23 10:45:00,2025-06-23 12:40:00,S,3.1764,3.2072326574445835,3.2072326574445835,3.0993183563885416,-1.0,-1.113,sl,23
2025-06-23 13:05:00,2025-06-23 16:15:00,L,3.2223,3.175798550735517,3.175798550735517,3.338553623161208,-1.0,-1.076,sl,38
2025-06-23 16:20:00,2025-06-23 18:05:00,S,3.187,3.263480514977556,3.263480514977556,2.995798712556109,-1.0,-1.046,sl,21
2025-06-23 18:10:00,2025-06-24 02:10:00,L,3.2657,3.4059,3.133046592473836,3.597333518815409,1.057,1.03,time,96
2025-06-24 05:20:00,2025-06-24 08:15:00,L,3.4204,3.3829515348165966,3.3829515348165966,3.514021162958508,-1.0,-1.1,sl,35
2025-06-24 14:25:00,2025-06-24 19:45:00,L,3.459,3.4126941402379436,3.4126941402379436,3.5747646494051413,-1.0,-1.082,sl,64
2025-06-25 07:50:00,2025-06-25 08:25:00,L,3.4365,3.406665990995805,3.406665990995805,3.511085022510488,-1.0,-1.127,sl,7
2025-06-25 11:55:00,2025-06-25 14:15:00,L,3.4206,3.383571430316757,3.383571430316757,3.5131714242081076,-1.0,-1.102,sl,28
2025-06-25 15:20:00,2025-06-25 23:20:00,S,3.3615,3.3542,3.4270247101632276,3.1976882245919307,0.111,0.055,time,96
2025-06-26 02:55:00,2025-06-26 04:05:00,L,3.4048,3.361473886942462,3.361473886942462,3.5131152826438448,-1.0,-1.086,sl,14
2025-06-26 09:15:00,2025-06-26 17:15:00,S,3.3351,3.2966,3.3814501800000194,3.219224549999952,0.831,0.751,time,96
2025-06-26 22:35:00,2025-06-27 01:25:00,S,3.2996,3.3296797137531056,3.3296797137531056,3.224400715617236,-1.0,-1.121,sl,34
2025-06-27 04:40:00,2025-06-27 05:35:00,L,3.3538,3.3313815282363772,3.3313815282363772,3.4098461794090573,-1.0,-1.165,sl,11
2025-06-27 05:40:00,2025-06-27 13:40:00,S,3.332,3.3124,3.3778686127894675,3.2173284680263308,0.427,0.347,time,96
2025-06-27 15:55:00,2025-06-27 18:15:00,L,3.3587,3.313156716777832,3.313156716777832,3.4725582080554194,-1.0,-1.081,sl,28
2025-06-27 18:20:00,2025-06-27 22:15:00,S,3.3052,3.367600681653946,3.367600681653946,3.149198295865135,-1.0,-1.058,sl,47
2025-06-27 22:20:00,2025-06-28 06:20:00,L,3.3688,3.351,3.3338121886330616,3.4562695284173452,-0.509,-0.615,time,96
2025-06-28 10:35:00,2025-06-28 18:35:00,L,3.3573,3.384,3.336397022599575,3.4095574435010625,1.277,1.101,time,96
2025-06-28 19:00:00,2025-06-29 03:00:00,L,3.3954,3.3916,3.3768737811517417,3.4417155471206455,-0.205,-0.407,time,96
2025-06-29 06:05:00,2025-06-29 14:05:00,L,3.3965,3.4202,3.3755006050743157,3.4489984873142108,1.129,0.951,time,96
2025-06-29 18:00:00,2025-06-29 21:00:00,L,3.4219,3.401524172116504,3.401524172116504,3.47283956970874,-1.0,-1.185,sl,36
2025-06-29 21:50:00,2025-06-29 22:20:00,L,3.4386,3.537778246405094,3.3989287014379626,3.537778246405094,2.5,2.405,tp,6
2025-06-29 22:25:00,2025-06-30 06:25:00,L,3.5469,3.453,3.412323481683741,3.883341295790647,-0.698,-0.727,time,96
2025-06-30 10:05:00,2025-06-30 15:15:00,S,3.4181,3.3618027926446574,3.440618882942137,3.3618027926446574,2.5,2.333,tp,62
2025-06-30 15:20:00,2025-06-30 15:45:00,S,3.3544,3.4149884126815158,3.4149884126815158,3.2029289682962108,-1.0,-1.061,sl,5
2025-06-30 19:35:00,2025-07-01 02:55:00,L,3.4399,3.378647151548529,3.378647151548529,3.5930321211286786,-1.0,-1.062,sl,88
2025-07-01 03:05:00,2025-07-01 11:05:00,S,3.376,3.3293,3.4060027429571007,3.300993142607248,1.557,1.433,time,96
2025-07-01 19:00:00,2025-07-02 03:00:00,S,3.2898,3.2886,3.3270388065174616,3.196702983706346,0.032,-0.065,time,96
2025-07-02 08:10:00,2025-07-02 13:00:00,S,3.3088,3.336201260578495,3.336201260578495,3.2402968485537627,-1.0,-1.133,sl,58
2025-07-02 13:10:00,2025-07-02 15:10:00,L,3.3402,3.4047794367858675,3.314368225285653,3.4047794367858675,2.5,2.358,tp,24
2025-07-02 15:15:00,2025-07-02 16:20:00,L,3.4063,3.53449721717336,3.3550211131306558,3.53449721717336,2.5,2.427,tp,13
2025-07-02 16:25:00,2025-07-03 00:25:00,L,3.5343,3.546,3.396373496473081,3.8791162588172976,0.085,0.057,time,96
2025-07-03 05:10:00,2025-07-03 13:10:00,L,3.5899,3.5806,3.5345357607951513,3.728310598012122,-0.168,-0.239,time,96
2025-07-03 14:05:00,2025-07-03 14:30:00,L,3.6101,3.559887961186608,3.559887961186608,3.7356300970334804,-1.0,-1.079,sl,5
2025-07-03 20:45:00,2025-07-03 21:40:00,L,3.5608,3.5387478769885075,3.5387478769885075,3.615930307528731,-1.0,-1.178,sl,11
2025-07-04 01:10:00,2025-07-04 02:05:00,L,3.5505,3.5267547398340136,3.5267547398340136,3.609863150414966,-1.0,-1.164,sl,11
2025-07-04 02:35:00,2025-07-04 08:15:00,S,3.5117,3.410422845903657,3.552210861638537,3.410422845903657,2.5,2.405,tp,68
2025-07-04 08:20:00,2025-07-04 16:20:00,S,3.4183,3.3303,3.4650406351621013,3.3014484120947465,1.883,1.802,time,96
2025-07-04 16:25:00,2025-07-04 20:25:00,S,3.3303,3.369037313936313,3.369037313936313,3.2334567151592166,-1.0,-1.095,sl,48
2025-07-05 01:50:00,2025-07-05 06:30:00,S,3.3506,3.38107469776349,3.38107469776349,3.2744132555912753,-1.0,-1.121,sl,56
2025-07-05 08:50:00,2025-07-05 16:50:00,S,3.3549,3.3338,3.381685244956045,3.287936887609889,0.788,0.65,time,96
2025-07-05 18:10:00,2025-07-05 20:50:00,S,3.3208,3.3461795817957234,3.3461795817957234,3.257351045510692,-1.0,-1.144,sl,32
2025-07-06 05:40:00,2025-07-06 07:00:00,S,3.3309,3.34672421638424,3.34672421638424,3.291339459039401,-1.0,-1.232,sl,16
2025-07-06 12:05:00,2025-07-06 12:15:00,L,3.3667,3.348019848930054,3.348019848930054,3.413400377674864,-1.0,-1.198,sl,2
2025-07-06 12:50:00,2025-07-06 20:50:00,L,3.3712,3.3857,3.345383928232177,3.4357401794195574,0.562,0.418,time,96
2025-07-06 21:35:00,2025-07-07 05:35:00,L,3.4188,3.4036,3.3517034393897913,3.5865414015255217,-0.227,-0.283,time,96
2025-07-07 11:20:00,2025-07-07 11:40:00,S,3.3757,3.3907026075932176,3.3907026075932176,3.3381934810169565,-1.0,-1.248,sl,4
2025-07-07 12:20:00,2025-07-07 13:25:00,S,3.3663,3.392474349664189,3.392474349664189,3.3008641258395266,-1.0,-1.141,sl,13
2025-07-07 21:25:00,2025-07-08 00:25:00,S,3.3345,3.371895746613167,3.371895746613167,3.2410106334670816,-1.0,-1.098,sl,36
2025-07-08 01:45:00,2025-07-08 09:45:00,S,3.3387,3.3398,3.382403257587808,3.229441856030479,-0.025,-0.109,time,96
2025-07-08 10:35:00,2025-07-08 17:10:00,L,3.3587,3.4256652596721047,3.331913896131158,3.4256652596721047,2.5,2.362,tp,79
2025-07-08 17:15:00,2025-07-09 01:15:00,L,3.4419,3.4283,3.3557840957611123,3.6571897605972192,-0.158,-0.202,time,96
2025-07-09 05:00:00,2025-07-09 11:45:00,L,3.443,3.520133222744951,3.41214671090202,3.520133222744951,2.5,2.377,tp,81
2025-07-09 11:50:00,2025-07-09 14:45:00,L,3.5227,3.4904647651517213,3.4904647651517213,3.6032880871206965,-1.0,-1.12,sl,35
2025-07-09 18:25:00,2025-07-10 02:25:00,L,3.5462,3.6286,3.4974610982787304,3.6680472543031732,1.691,1.611,time,96
2025-07-10 02:55:00,2025-07-10 10:55:00,L,3.64,3.6955,3.60938083807137,3.7165479048215757,1.813,1.682,time,96
2025-07-10 11:00:00,2025-07-10 12:10:00,L,3.6955,3.6549096510974075,3.6549096510974075,3.796975872256481,-1.0,-1.1,sl,14
2025-07-10 16:35:00,2025-07-10 22:15:00,L,3.6856,3.862943119894686,3.6146627520421255,3.862943119894686,2.5,2.443,tp,68
2025-07-10 22:20:00,2025-07-11 06:20:00,L,3.8708,3.9932,3.755045788205486,4.160185529486284,1.057,1.021,time,96
2025-07-11 13:00:00,2025-07-11 21:00:00,L,3.9962,3.9988,3.9296113035895,4.16267174102625,0.039,-0.027,time,96
2025-07-12 01:20:00,2025-07-12 09:20:00,L,3.9574,3.998,3.84786901395418,4.23122746511455,0.371,0.331,time,96
2025-07-12 15:20:00,2025-07-12 23:20:00,S,3.8601,3.8832,3.927962270455401,3.6904443238614975,-0.34,-0.403,time,96
2025-07-13 04:55:00,2025-07-13 12:55:00,L,3.9533,4.0003,3.8945076622953354,4.100280844261661,0.799,0.725,time,96
2025-07-13 13:45:00,2025-07-13 21:35:00,L,4.0086,3.961841750542292,3.961841750542292,4.125495623644271,-1.0,-1.094,sl,94
2025-07-14 01:55:00,2025-07-14 04:55:00,L,4.0467,4.193843317750893,3.9878426728996432,4.193843317750893,2.5,2.424,tp,36
2025-07-14 05:00:00,2025-07-14 05:40:00,L,4.1909,4.129510070607893,4.129510070607893,4.344374823480269,-1.0,-1.075,sl,8
2025-07-14 15:50:00,2025-07-14 23:50:00,S,3.9975,3.9459,4.066548116854212,3.824879707864471,0.747,0.684,time,96
2025-07-15 01:05:00,2025-07-15 09:05:00,S,3.9044,3.8764,3.98483916221863,3.7033020944534245,0.348,0.295,time,96
2025-07-15 15:00:00,2025-07-15 16:00:00,S,3.851,3.966392212756561,3.966392212756561,3.562519468108597,-1.0,-1.037,sl,12
2025-07-15 16:05:00,2025-07-16 00:05:00,L,3.9713,4.0711,3.8413304644109822,4.296223838972544,0.768,0.734,time,96
2025-07-16 00:40:00,2025-07-16 02:15:00,L,4.1085,4.0562268514409965,4.0562268514409965,4.23918287139751,-1.0,-1.086,sl,19
2025-07-16 05:50:00,2025-07-16 13:50:00,L,4.0683,4.1029,4.035040952422838,4.151447618942905,1.04,0.906,time,96
2025-07-16 14:50:00,2025-07-16 22:50:00,L,4.1649,4.1848,4.077059627108874,4.384500932227815,0.227,0.174,time,96
2025-07-17 05:35:00,2025-07-17 09:05:00,L,4.1542,4.2549993930933745,4.113880242762651,4.2549993930933745,2.5,2.387,tp,42
2025-07-17 09:10:00,2025-07-17 13:40:00,L,4.261,4.18093558598993,4.18093558598993,4.4611610350251745,-1.0,-1.059,sl,54
2025-07-17 20:05:00,2025-07-17 21:15:00,S,4.1044,4.210389634152855,4.210389634152855,3.839425914617863,-1.0,-1.043,sl,14
2025-07-17 21:20:00,2025-07-18 05:05:00,L,4.2165,4.577624817095668,4.072050073161733,4.577624817095668,2.5,2.468,tp,93
2025-07-18 05:10:00,2025-07-18 09:00:00,L,4.5868,4.407127217527502,4.407127217527502,5.035981956181246,-1.0,-1.028,sl,46
2025-07-18 19:05:00,2025-07-19 03:05:00,S,4.2519,4.2478,4.343739992095757,4.022300019760608,0.045,-0.006,time,96
2025-07-19 03:20:00,2025-07-19 11:20:00,L,4.2518,4.2609,4.184173561845719,4.420866095385704,0.135,0.065,time,96
2025-07-19 12:10:00,2025-07-19 18:05:00,S,4.2208,4.2869841558153485,4.2869841558153485,4.055339610461628,-1.0,-1.07,sl,71
2025-07-19 18:15:00,2025-07-19 20:40:00,L,4.2819,4.427201048599183,4.223779580560327,4.427201048599183,2.5,2.419,tp,29
2025-07-19 20:45:00,2025-07-19 21:05:00,L,4.4384,4.3683309937779,4.3683309937779,4.613572515555248,-1.0,-1.07,sl,4
2025-07-20 07:20:00,2025-07-20 13:45:00,L,4.4252,4.52904905977642,4.383660376089432,4.52904905977642,2.5,2.383,tp,77
2025-07-20 13:50:00,2025-07-20 21:50:00,L,4.5297,4.5186,4.460826163382006,4.701884591544986,-0.161,-0.234,time,96
2025-07-21 03:00:00,2025-07-21 11:00:00,L,4.518,4.5794,4.452289137079285,4.682277157301787,0.934,0.859,time,96
2025-07-21 11:35:00,2025-07-21 16:15:00,L,4.6186,4.515747156617222,4.515747156617222,4.875732108456946,-1.0,-1.049,sl,56
2025-07-21 19:30:00,2025-07-22 03:30:00,S,4.452,4.4181,4.578623862718059,4.135440343204852,0.268,0.229,time,96
2025-07-22 04:30:00,2025-07-22 12:30:00,S,4.3698,4.4034,4.4425442522399905,4.187939369400023,-0.462,-0.528,time,96
2025-07-22 13:55:00,2025-07-22 15:00:00,S,4.3704,4.457028923741325,4.457028923741325,4.153827690646686,-1.0,-1.055,sl,13
2025-07-22 20:00:00,2025-07-22 21:50:00,S,4.3704,4.47626083161299,4.47626083161299,4.105747920967525,-1.0,-1.045,sl,22
2025-07-22 22:00:00,2025-07-23 06:00:00,L,4.4836,4.5139,4.427254404111678,4.624463989720805,0.538,0.45,time,96
2025-07-23 07:45:00,2025-07-23 12:40:00,S,4.4486,4.327079908942688,4.497208036422925,4.327079908942688,2.5,2.399,tp,59
2025-07-23 12:45:00,2025-07-23 17:15:00,S,4.2966,4.084115839104291,4.381593664358284,4.084115839104291,2.5,2.444,tp,54
2025-07-23 17:20:00,2025-07-24 01:20:00,S,4.0915,4.1583,4.223384694439288,3.7617882639017806,-0.507,-0.541,time,96
2025-07-24 04:25:00,2025-07-24 06:50:00,S,4.1205,3.908598111205774,4.20526075551769,3.908598111205774,2.5,2.447,tp,29
2025-07-24 06:55:00,2025-07-24 14:35:00,S,3.9253,4.045267583955149,4.045267583955149,3.6253810401121274,-1.0,-1.036,sl,92
2025-07-24 22:10:00,2025-07-25 06:10:00,S,4.0137,3.9134,4.084630839482187,3.8363729012945336,1.414,1.352,time,96
2025-07-25 14:20:00,2025-07-25 20:40:00,S,3.9972,4.060843450664723,4.060843450664723,3.8380913733381927,-1.0,-1.069,sl,76
2025-07-25 20:45:00,2025-07-26 04:45:00,L,4.0621,4.1076,3.9908470952957207,4.240232261760698,0.639,0.576,time,96
2025-07-26 11:15:00,2025-07-26 11:40:00,L,4.1151,4.092288175730165,4.092288175730165,4.1721295606745885,-1.0,-1.198,sl,5
2025-07-26 14:25:00,2025-07-26 18:15:00,L,4.1376,4.105637201391328,4.105637201391328,4.21750699652168,-1.0,-1.142,sl,46
2025-07-26 18:50:00,2025-07-27 02:50:00,L,4.1656,4.1897,4.102408057541524,4.323579856146191,0.381,0.309,time,96
2025-07-27 02:55:00,2025-07-27 08:30:00,L,4.1897,4.143633579726488,4.143633579726488,4.304866050683781,-1.0,-1.1,sl,67
2025-07-27 10:50:00,2025-07-27 18:50:00,L,4.1877,4.1812,4.112954935403215,4.374562661491964,-0.087,-0.149,time,96
2025-07-27 22:05:00,2025-07-28 06:05:00,L,4.2189,4.3032,4.161792113381895,4.361669716545261,1.476,1.395,time,96
2025-07-28 13:05:00,2025-07-28 14:30:00,S,4.1928,4.0752193335421225,4.239832266583151,4.0752193335421225,2.5,2.402,tp,17
2025-07-28 14:35:00,2025-07-28 22:35:00,S,4.091,3.951,4.193378396357796,3.8350540091055096,1.367,1.324,time,96
2025-07-28 22:45:00,2025-07-29 05:30:00,S,3.9415,4.005981525416151,4.005981525416151,3.7802961864596227,-1.0,-1.067,sl,81
2025-07-29 09:20:00,2025-07-29 14:05:00,S,4.03,3.9321494444448746,4.0691402222220505,3.9321494444448746,2.5,2.387,tp,57
2025-07-29 14:10:00,2025-07-29 22:10:00,S,3.9347,3.87,4.040852382049328,3.669319044876679,0.61,0.569,time,96
2025-07-30 00:55:00,2025-07-30 01:45:00,S,3.8643,3.9058869169229773,3.9058869169229773,3.760332707692557,-1.0,-1.102,sl,10
2025-07-30 05:05:00,2025-07-30 11:15:00,S,3.8748,3.7921553055444166,3.9078578777822335,3.7921553055444166,2.5,2.371,tp,74
2025-07-30 11:20:00,2025-07-30 14:50:00,S,3.7872,3.8527841561414506,3.8527841561414506,3.6232396096463733,-1.0,-1.064,sl,42
2025-07-30 18:50:00,2025-07-31 02:50:00,S,3.7719,3.8511,3.8601983145407535,3.5511542136481165,-0.897,-0.944,time,96
2025-07-31 06:50:00,2025-07-31 12:20:00,L,3.8884,3.863828875381075,3.863828875381075,3.949827811547312,-1.0,-1.174,sl,66
2025-07-31 12:25:00,2025-07-31 14:20:00,S,3.8664,3.7603986085479324,3.908800556580827,3.7603986085479324,2.5,2.4,tp,23
2025-07-31 14:25:00,2025-07-31 16:30:00,S,3.7608,3.82592071375942,3.82592071375942,3.5979982156014505,-1.0,-1.064,sl,25
2025-07-31 18:15:00,2025-08-01 02:15:00,S,3.7592,3.6991,3.8321129519268315,3.576917620182921,0.824,0.768,time,96
2025-08-01 05:20:00,2025-08-01 08:05:00,S,3.6506,3.56346131593239,3.685455473627044,3.56346131593239,2.5,2.385,tp,33
2025-08-01 08:10:00,2025-08-01 12:30:00,S,3.6064,3.670495912644122,3.670495912644122,3.4461602183896947,-1.0,-1.062,sl,52
2025-08-01 13:45:00,2025-08-01 21:45:00,S,3.6064,3.5965,3.6812288321073394,3.419327919731651,0.132,0.079,time,96
2025-08-01 22:25:00,2025-08-02 05:00:00,S,3.5291,3.6258057113412483,3.6258057113412483,3.2873357216468797,-1.0,-1.04,sl,79
2025-08-02 06:20:00,2025-08-02 14:20:00,S,3.5734,3.5393,3.628428995172807,3.4358275120679824,0.62,0.548,time,96
2025-08-02 14:40:00,2025-08-02 22:40:00,S,3.5122,3.5182,3.5737092889735895,3.3584267775660264,-0.098,-0.16,time,96
2025-08-02 23:35:00,2025-08-03 01:00:00,S,3.4841,3.5285123818758133,3.5285123818758133,3.3730690453104675,-1.0,-1.086,sl,17
2025-08-03 10:10:00,2025-08-03 14:15:00,L,3.5864,3.567684819029929,3.567684819029929,3.6331879524251764,-1.0,-1.211,sl,49
2025-08-03 14:20:00,2025-08-03 19:20:00,S,3.571,3.6089111347778067,3.6089111347778067,3.4762221630554837,-1.0,-1.104,sl,60
2025-08-03 19:35:00,2025-08-04 03:35:00,L,3.61,3.6216,3.5841042299490846,3.674739425127288,0.448,0.295,time,96
2025-08-04 07:35:00,2025-08-04 11:15:00,L,3.6427,3.614050064860702,3.614050064860702,3.7143248378482454,-1.0,-1.14,sl,44
2025-08-04 13:40:00,2025-08-04 16:40:00,L,3.6484,3.7268117725972534,3.6170352909610988,3.7268117725972534,2.5,2.372,tp,36
2025-08-04 16:45:00,2025-08-04 19:30:00,L,3.7164,3.6727367323124294,3.6727367323124294,3.825558169218927,-1.0,-1.094,sl,33
2025-08-04 21:40:00,2025-08-05 03:05:00,L,3.7222,3.682048804658177,3.682048804658177,3.822577988354557,-1.0,-1.102,sl,65
2025-08-05 07:15:00,2025-08-05 10:25:00,S,3.6344,3.675474613221967,3.675474613221967,3.5317134669450825,-1.0,-1.097,sl,38
2025-08-05 10:30:00,2025-08-05 12:35:00,L,3.6739,3.628227583229983,3.628227583229983,3.7880810419250435,-1.0,-1.088,sl,25
2025-08-05 14:15:00,2025-08-05 22:15:00,S,3.6317,3.577,3.676430292764871,3.5198742680878228,1.223,1.134,time,96
2025-08-06 02:15:00,2025-08-06 05:10:00,S,3.5815,3.601050613261605,3.601050613261605,3.532623466845988,-1.0,-1.202,sl,35
2025-08-06 07:30:00,2025-08-06 08:45:00,L,3.6442,3.5935151891630257,3.5935151891630257,3.770912027092436,-1.0,-1.079,sl,15
2025-08-06 08:50:00,2025-08-06 14:55:00,S,3.5992,3.6429378762635656,3.6429378762635656,3.4898553093410865,-1.0,-1.091,sl,73
2025-08-06 15:05:00,2025-08-06 23:05:00,L,3.6427,3.6762,3.5859802241628493,3.784499439592877,0.591,0.52,time,96
2025-08-07 06:05:00,2025-08-07 10:30:00,L,3.671,3.739880289935612,3.643447884025755,3.739880289935612,2.5,2.353,tp,53
2025-08-07 10:35:00,2025-08-07 18:35:00,L,3.7415,3.7257,3.669313052792738,3.921967368018154,-0.219,-0.276,time,96
2025-08-07 19:50:00,2025-08-08 00:35:00,L,3.7764,3.9127495047420293,3.7218601981031885,3.9127495047420293,2.5,2.424,tp,57
2025-08-08 00:40:00,2025-08-08 08:40:00,L,3.9029,3.9046,3.8034053105160224,4.151636723709943,0.017,-0.026,time,96
2025-08-08 13:50:00,2025-08-08 15:40:00,L,3.9297,3.8672224440837946,3.8672224440837946,4.085893889790514,-1.0,-1.069,sl,22
2025-08-08 17:35:00,2025-08-09 01:35:00,L,3.9536,3.9977,3.8814131597630936,4.134067100592265,0.611,0.551,time,96
2025-08-09 01:45:00,2025-08-09 05:25:00,L,3.9998,4.0785636490344555,3.9682945403862178,4.0785636490344555,2.5,2.36,tp,44
2025-08-09 05:30:00,2025-08-09 13:30:00,L,4.0855,4.1017,3.9961749447384745,4.308812638153813,0.181,0.131,time,96
2025-08-09 19:15:00,2025-08-10 02:55:00,L,4.1357,4.101034442944817,4.101034442944817,4.222363892637957,-1.0,-1.131,sl,92
2025-08-10 04:50:00,2025-08-10 05:25:00,L,4.1646,4.116136130699956,4.116136130699956,4.28575967325011,-1.0,-1.095,sl,7
2025-08-10 07:40:00,2025-08-10 15:40:00,S,4.0206,4.0648,4.08945990296139,3.8484502425965252,-0.642,-0.706,time,96
2025-08-10 18:50:00,2025-08-10 20:25:00,L,4.0804,4.041258445156119,4.041258445156119,4.178253887109703,-1.0,-1.115,sl,19
2025-08-11 01:35:00,2025-08-11 08:00:00,L,4.106,4.031592307510054,4.031592307510054,4.292019231224865,-1.0,-1.061,sl,77
2025-08-11 10:05:00,2025-08-11 11:50:00,S,4.028,3.9163716315001653,4.072651347399933,3.9163716315001653,2.5,2.401,tp,21
2025-08-11 11:55:00,2025-08-11 19:55:00,S,3.9261,3.9079,4.029746012201323,3.6669849694966925,0.176,0.134,time,96
2025-08-11 21:35:00,2025-08-12 02:30:00,S,3.8648,3.923686536117106,3.923686536117106,3.717583659707235,-1.0,-1.072,sl,59
2025-08-12 05:20:00,2025-08-12 07:15:00,S,3.8749,3.922513547110045,3.922513547110045,3.7558661322248863,-1.0,-1.09,sl,23
2025-08-12 11:15:00,2025-08-12 11:50:00,S,3.8423,3.8857818212860114,3.8857818212860114,3.733595446784971,-1.0,-1.097,sl,7
2025-08-12 12:45:00,2025-08-12 20:45:00,L,3.9825,4.1772,3.861990219894306,4.283774450264235,1.616,1.579,time,96
2025-08-13 03:45:00,2025-08-13 06:00:00,L,4.1922,4.14241247788317,4.14241247788317,4.316668805292075,-1.0,-1.093,sl,27
2025-08-13 08:05:00,2025-08-13 16:05:00,L,4.2103,4.216,4.159497540318718,4.337306149203206,0.112,0.021,time,96
2025-08-13 20:00:00,2025-08-14 04:00:00,L,4.2493,4.3328,4.196117479682353,4.382256300794118,1.57,1.482,time,96
2025-08-14 12:35:00,2025-08-14 20:35:00,S,3.9946,3.9773,4.23375358843769,3.396716028905776,0.072,0.054,time,96
2025-08-14 21:25:00,2025-08-15 00:10:00,S,3.9336,4.000465853254228,4.000465853254228,3.76643536686443,-1.0,-1.065,sl,33
2025-08-15 09:55:00,2025-08-15 12:30:00,S,3.9899,4.030023381809932,4.030023381809932,3.88959154547517,-1.0,-1.109,sl,31
2025-08-15 12:35:00,2025-08-15 14:00:00,S,4.0125,3.9302015347863164,4.045419386085474,3.9302015347863164,2.5,2.366,tp,17
2025-08-15 14:50:00,2025-08-15 22:50:00,S,3.9305,3.9248,3.981309956089138,3.803475109777154,0.112,0.027,time,96
2025-08-16 04:00:00,2025-08-16 07:35:00,S,3.9077,3.933836447436729,3.933836447436729,3.8423588814081784,-1.0,-1.164,sl,43
2025-08-16 12:05:00,2025-08-16 13:00:00,S,3.9018,3.9381120917478656,3.9381120917478656,3.8110197706303364,-1.0,-1.118,sl,11
2025-08-16 15:05:00,2025-08-16 23:05:00,L,3.9558,3.969,3.9087081507998804,4.073529623000299,0.28,0.188,time,96
2025-08-17 00:50:00,2025-08-17 02:55:00,S,3.9383,3.964600924934051,3.964600924934051,3.872547687664872,-1.0,-1.165,sl,25
2025-08-17 03:40:00,2025-08-17 10:00:00,L,3.9767,4.068326440066013,3.940049423973595,4.068326440066013,2.5,2.381,tp,76
2025-08-17 10:05:00,2025-08-17 15:30:00,L,4.0654,4.147380565735722,4.0326077737057116,4.147380565735722,2.5,2.364,tp,65
2025-08-17 15:35:00,2025-08-17 18:55:00,L,4.152,4.067024299597911,4.067024299597911,4.364439251005223,-1.0,-1.054,sl,40
2025-08-17 22:25:00,2025-08-17 23:15:00,L,4.0883,4.0545793112715645,4.0545793112715645,4.17260172182109,-1.0,-1.133,sl,10
2025-08-18 01:20:00,2025-08-18 02:20:00,S,4.0209,3.931358741148418,4.056716503540633,3.931358741148418,2.5,2.377,tp,12
2025-08-18 02:25:00,2025-08-18 10:25:00,S,3.9422,3.8748,4.023300913106623,3.7394477172334426,0.831,0.778,time,96
2025-08-18 14:15:00,2025-08-18 22:00:00,S,3.9104,3.9579587282879642,3.9579587282879642,3.79150317928009,-1.0,-1.09,sl,93
2025-08-19 00:25:00,2025-08-19 00:45:00,S,3.9017,3.931097271618098,3.931097271618098,3.8282068209547546,-1.0,-1.146,sl,4
2025-08-19 03:40:00,2025-08-19 11:40:00,S,3.8502,3.8682,3.912116240390038,3.6954093990249057,-0.291,-0.359,time,96
2025-08-19 14:35:00,2025-08-19 22:35:00,S,3.812,3.767,3.909704323242769,3.567739191893077,0.461,0.418,time,96
2025-08-19 23:40:00,2025-08-20 04:20:00,S,3.718,3.7792081731408476,3.7792081731408476,3.564979567147881,-1.0,-1.067,sl,56
2025-08-20 11:30:00,2025-08-20 12:00:00,S,3.769,3.803824373452605,3.803824373452605,3.6819390663684883,-1.0,-1.119,sl,6
2025-08-20 13:55:00,2025-08-20 14:35:00,S,3.7322,3.8002946185450512,3.8002946185450512,3.5619634536373725,-1.0,-1.06,sl,8
2025-08-20 16:20:00,2025-08-21 00:20:00,L,3.8675,3.8675,3.8075368204048488,4.017407948987879,0.0,-0.071,time,96
2025-08-21 03:15:00,2025-08-21 07:15:00,L,3.9071,3.853745978630935,3.853745978630935,4.040485053422662,-1.0,-1.081,sl,48
2025-08-21 09:05:00,2025-08-21 14:15:00,S,3.8266,3.875097132994307,3.875097132994307,3.705357167514233,-1.0,-1.087,sl,62
2025-08-21 15:15:00,2025-08-21 23:15:00,S,3.7892,3.7998,3.8802090219568406,3.561677445107899,-0.116,-0.162,time,96
2025-08-21 23:45:00,2025-08-22 02:10:00,S,3.7799,3.8275025286974906,3.8275025286974906,3.6608936782562735,-1.0,-1.087,sl,29
2025-08-22 07:45:00,2025-08-22 10:15:00,L,3.8397,3.8004007742388577,3.8004007742388577,3.937948064402856,-1.0,-1.107,sl,30
2025-08-22 10:20:00,2025-08-22 12:30:00,S,3.7954,3.716322572658827,3.827030970936469,3.716322572658827,2.5,2.368,tp,26
2025-08-22 12:35:00,2025-08-22 14:00:00,S,3.7001,3.7698977475541877,3.7698977475541877,3.5256056311145305,-1.0,-1.058,sl,17
2025-08-22 14:05:00,2025-08-22 21:45:00,L,3.8379,4.198022549710887,3.693850980115645,4.198022549710887,2.5,2.471,tp,92
2025-08-22 21:50:00,2025-08-23 01:25:00,L,4.2029,4.109164367316198,4.109164367316198,4.437239081709505,-1.0,-1.049,sl,43
2025-08-23 04:55:00,2025-08-23 12:55:00,L,4.1236,4.1478,4.044437354242143,4.321506614394643,0.306,0.248,time,96
2025-08-23 19:05:00,2025-08-23 20:00:00,L,4.1771,4.252012653486659,4.147134938605337,4.252012653486659,2.5,2.347,tp,11
2025-08-23 20:05:00,2025-08-24 02:45:00,L,4.2416,4.164678504597365,4.164678504597365,4.433903738506587,-1.0,-1.061,sl,80
2025-08-24 06:05:00,2025-08-24 10:30:00,S,4.1264,4.040752206630537,4.160659117347786,4.040752206630537,2.5,2.368,tp,53
2025-08-24 10:35:00,2025-08-24 15:20:00,S,4.0399,4.101463118196435,4.101463118196435,3.885992204508914,-1.0,-1.072,sl,57
2025-08-24 17:45:00,2025-08-24 19:35:00,L,4.143,4.057305249352452,4.057305249352452,4.357236876618869,-1.0,-1.053,sl,22
2025-08-25 00:45:00,2025-08-25 02:20:00,S,4.048,4.141179513776975,4.141179513776975,3.815051215557563,-1.0,-1.048,sl,19
2025-08-25 02:25:00,2025-08-25 04:35:00,L,4.1376,4.061018145621479,4.061018145621479,4.329054635946302,-1.0,-1.059,sl,26
2025-08-25 04:55:00,2025-08-25 08:05:00,S,4.0578,3.8816198139585967,4.128272074416562,3.8816198139585967,2.5,2.437,tp,38
2025-08-25 08:10:00,2025-08-25 16:10:00,S,3.8915,3.8842,3.991661169190332,3.6410970770241704,0.073,0.03,time,96
2025-08-25 17:05:00,2025-08-26 01:05:00,S,3.8334,3.7415,3.8956421477884766,3.677794630528809,1.476,1.409,time,96
2025-08-26 06:50:00,2025-08-26 12:35:00,S,3.771,3.814238055293553,3.814238055293553,3.6629048617661173,-1.0,-1.096,sl,69
2025-08-26 19:20:00,2025-08-27 03:20:00,L,3.8732,3.8545,3.828131181237978,3.985872046905056,-0.415,-0.509,time,96
2025-08-27 03:55:00,2025-08-27 07:55:00,L,3.8976,3.851209644489002,3.851209644489002,4.0135758887774955,-1.0,-1.092,sl,48
2025-08-27 08:00:00,2025-08-27 09:30:00,S,3.85,3.8824710262680004,3.8824710262680004,3.768822434329999,-1.0,-1.13,sl,18
2025-08-27 19:15:00,2025-08-28 03:15:00,S,3.8521,3.8631,3.917573378570024,3.68841655357494,-0.168,-0.233,time,96
2025-08-28 04:10:00,2025-08-28 08:40:00,L,3.8808,3.9672886500373172,3.846204539985073,3.9672886500373172,2.5,2.377,tp,54
2025-08-28 08:45:00,2025-08-28 16:45:00,L,3.976,3.9394,3.908219179093092,4.14545205226727,-0.54,-0.605,time,96
2025-08-28 17:00:00,2025-08-28 22:30:00,S,3.8979,3.9841808255612463,3.9841808255612463,3.682197936096884,-1.0,-1.05,sl,66
2025-08-28 22:35:00,2025-08-29 01:20:00,L,3.9897,3.9244874294962675,3.9244874294962675,4.152731426259331,-1.0,-1.067,sl,33
2025-08-29 06:20:00,2025-08-29 09:00:00,S,3.8926,3.7640269766901673,3.944029209323933,3.7640269766901673,2.5,2.417,tp,32
2025-08-29 09:05:00,2025-08-29 11:10:00,S,3.7584,3.824809114067912,3.824809114067912,3.5923772148302193,-1.0,-1.062,sl,25
2025-08-29 13:50:00,2025-08-29 21:50:00,S,3.8046,3.7774,3.8711084744611512,3.6383288138471226,0.409,0.346,time,96
2025-08-30 01:45:00,2025-08-30 02:30:00,S,3.7471,3.7700489007760805,3.7700489007760805,3.6897277480597994,-1.0,-1.18,sl,9
2025-08-30 08:50:00,2025-08-30 13:05:00,S,3.794,3.7428720680599072,3.814451172776037,3.7428720680599072,2.5,2.296,tp,51
2025-08-30 13:10:00,2025-08-30 19:40:00,S,3.7464,3.7908479939701167,3.7908479939701167,3.635280015074708,-1.0,-1.093,sl,78
2025-08-31 00:05:00,2025-08-31 00:45:00,L,3.8112,3.842380068155002,3.798727972737999,3.842380068155002,2.5,2.164,tp,8
2025-08-31 00:50:00,2025-08-31 06:25:00,L,3.8411,3.8013969704933244,3.8013969704933244,3.940357573766689,-1.0,-1.106,sl,67
2025-08-31 06:30:00,2025-08-31 08:35:00,S,3.8006,3.820915781487618,3.820915781487618,3.7498105462809557,-1.0,-1.206,sl,25
2025-08-31 08:40:00,2025-08-31 10:15:00,L,3.8233,3.7990521240840547,3.7990521240840547,3.883919689789864,-1.0,-1.173,sl,19
2025-08-31 10:20:00,2025-08-31 18:20:00,S,3.7972,3.808,3.844983428472486,3.6777414288187855,-0.226,-0.313,time,96
2025-08-31 18:50:00,2025-08-31 20:00:00,L,3.8192,3.792632940515533,3.792632940515533,3.8856176487111678,-1.0,-1.158,sl,14
2025-08-31 20:05:00,2025-09-01 02:25:00,S,3.7884,3.689910000492092,3.8277959998031634,3.689910000492092,2.5,2.394,tp,76
2025-09-01 02:30:00,2025-09-01 07:30:00,S,3.7044,3.7516038020304716,3.7516038020304716,3.5863904949238217,-1.0,-1.086,sl,60
2025-09-01 07:35:00,2025-09-01 15:35:00,L,3.747,3.7401,3.6786129761326163,3.917967559668459,-0.101,-0.161,time,96
2025-09-01 15:45:00,2025-09-01 20:45:00,S,3.7335,3.6432497951022906,3.7696000819590836,3.6432497951022906,2.5,2.386,tp,60
2025-09-01 20:50:00,2025-09-02 02:50:00,S,3.6621,3.7425445741318284,3.7425445741318284,3.4609885646704295,-1.0,-1.05,sl,72
2025-09-02 02:55:00,2025-09-02 10:55:00,L,3.744,3.7757,3.703354616203505,3.845613459491238,0.78,0.679,time,96
2025-09-02 12:05:00,2025-09-02 13:35:00,S,3.7445,3.7772065930767593,3.7772065930767593,3.6627335173081015,-1.0,-1.126,sl,18
2025-09-02 13:40:00,2025-09-02 21:40:00,L,3.7641,3.8082,3.687042849039334,3.9567428774016653,0.572,0.519,time,96
2025-09-02 21:45:00,2025-09-03 05:45:00,L,3.8082,3.8001,3.7797037928646375,3.8794405178384057,-0.284,-0.431,time,96
2025-09-03 08:05:00,2025-09-03 16:05:00,L,3.8238,3.8884,3.7895374081525213,3.9094564796186964,1.885,1.763,time,96
2025-09-03 20:00:00,2025-09-03 22:40:00,L,3.892,3.8715687581000706,3.8715687581000706,3.943078104749823,-1.0,-1.21,sl,32
2025-09-04 03:05:00,2025-09-04 11:05:00,S,3.8286,3.7968,3.8608867868825585,3.7478830327936032,0.985,0.854,time,96
2025-09-04 12:45:00,2025-09-04 13:35:00,S,3.7744,3.7983859532803472,3.7983859532803472,3.714435116799132,-1.0,-1.173,sl,10
2025-09-04 14:10:00,2025-09-04 22:10:00,S,3.7512,3.7807,3.80005598986829,3.6290600253292746,-0.604,-0.688,time,96
2025-09-04 22:35:00,2025-09-04 23:40:00,L,3.7873,3.769822540354046,3.769822540354046,3.8309936491148857,-1.0,-1.238,sl,13
2025-09-04 23:55:00,2025-09-05 07:05:00,S,3.7651,3.8040680813039396,3.8040680813039396,3.667679796740151,-1.0,-1.106,sl,86
2025-09-05 07:10:00,2025-09-05 12:50:00,L,3.8026,3.8699443700696174,3.775662251972153,3.8699443700696174,2.5,2.345,tp,68
2025-09-05 12:55:00,2025-09-05 14:15:00,L,3.8786,3.812032842768662,3.812032842768662,4.045017893078345,-1.0,-1.064,sl,16
2025-09-05 14:20:00,2025-09-05 22:20:00,S,3.8088,3.8097,3.8953050561096396,3.5925373597259016,-0.01,-0.059,time,96
2025-09-06 00:45:00,2025-09-06 07:35:00,L,3.8432,3.821219516960694,3.821219516960694,3.898151207598265,-1.0,-1.192,sl,82
2025-09-06 08:15:00,2025-09-06 16:15:00,S,3.8152,3.7905,3.83367508150215,3.7690122962446253,1.337,1.11,time,96
2025-09-06 16:25:00,2025-09-06 16:50:00,S,3.7891,3.8125137725527662,3.8125137725527662,3.730565568618084,-1.0,-1.178,sl,5
2025-09-06 19:55:00,2025-09-06 20:50:00,S,3.7891,3.809931517937554,3.809931517937554,3.7370212051561147,-1.0,-1.2,sl,11
2025-09-06 21:05:00,2025-09-07 03:15:00,L,3.8082,3.8584391664976376,3.7881043334009448,3.8584391664976376,2.5,2.292,tp,74
2025-09-07 03:20:00,2025-09-07 11:20:00,L,3.8594,3.8534,3.8400292111739516,3.907826972065121,-0.31,-0.529,time,96
2025-09-07 12:10:00,2025-09-07 12:50:00,L,3.8795,3.949929244801372,3.8513283020794513,3.949929244801372,2.5,2.349,tp,8
2025-09-07 12:55:00,2025-09-07 20:55:00,L,3.9543,3.9889,3.8603826502668523,4.189093374332868,0.368,0.322,time,96
2025-09-07 23:05:00,2025-09-08 07:05:00,L,4.0085,3.9943,3.9771150774912063,4.0869623062719835,-0.452,-0.593,time,96
2025-09-08 09:30:00,2025-09-08 17:30:00,L,4.0336,4.0522,3.99583616550693,4.128009586232674,0.493,0.375,time,96
2025-09-08 21:55:00,2025-09-09 05:55:00,L,4.0541,4.0558,4.002291221881216,4.183621945296959,0.033,-0.053,time,96
2025-09-09 06:10:00,2025-09-09 07:15:00,L,4.0663,4.158222412680607,4.029531034927757,4.158222412680607,2.5,2.378,tp,13
2025-09-09 07:20:00,2025-09-09 14:30:00,L,4.1637,4.080922081044748,4.080922081044748,4.370644797388131,-1.0,-1.055,sl,86
2025-09-09 19:30:00,2025-09-10 03:30:00,L,4.0986,4.1298,4.067496111701074,4.176359720747315,1.003,0.858,time,96
2025-09-10 10:50:00,2025-09-10 12:20:00,S,4.0653,4.098183390890377,4.098183390890377,3.9830915227740573,-1.0,-1.136,sl,18
2025-09-10 12:25:00,2025-09-10 13:00:00,L,4.0992,4.174360666927532,4.069135733228987,4.174360666927532,2.5,2.35,tp,7
2025-09-10 13:05:00,2025-09-10 21:05:00,L,4.1765,4.1889,4.074509952789229,4.431475118026928,0.122,0.077,time,96
2025-09-10 22:10:00,2025-09-11 06:10:00,L,4.2023,4.2097,4.1798866949139235,4.258333262715192,0.33,0.124,time,96
2025-09-11 12:15:00,2025-09-11 12:30:00,L,4.2186,4.185352903627753,4.185352903627753,4.301717740930618,-1.0,-1.14,sl,3
2025-09-11 12:35:00,2025-09-11 20:35:00,L,4.1694,4.2133,4.128712100892519,4.271119747768703,1.079,0.966,time,96
2025-09-11 21:05:00,2025-09-12 03:35:00,L,4.2343,4.202528586750818,4.202528586750818,4.313728533122957,-1.0,-1.147,sl,78
2025-09-12 06:05:00,2025-09-12 08:15:00,L,4.2541,4.213662088095073,4.213662088095073,4.355194779762319,-1.0,-1.116,sl,26
2025-09-12 11:55:00,2025-09-12 13:30:00,S,4.1739,4.20754263854533,4.20754263854533,4.0897934036366745,-1.0,-1.136,sl,19
2025-09-12 14:00:00,2025-09-12 15:40:00,L,4.2198,4.188278579119702,4.188278579119702,4.2986035522007455,-1.0,-1.147,sl,20
2025-09-12 17:35:00,2025-09-13 01:15:00,L,4.2486,4.349611405272273,4.20819543789109,4.349611405272273,2.5,2.384,tp,92
2025-09-13 01:20:00,2025-09-13 02:00:00,L,4.3455,4.304002418044388,4.304002418044388,4.449243954889031,-1.0,-1.115,sl,8
2025-09-13 03:30:00,2025-09-13 06:10:00,L,4.3561,4.461406047076958,4.313977581169216,4.461406047076958,2.5,2.386,tp,32
2025-09-13 06:15:00,2025-09-13 14:15:00,L,4.489,4.5552,4.358927759968453,4.814180600078867,0.509,0.471,time,96
2025-09-13 20:15:00,2025-09-14 00:45:00,L,4.4922,4.4524026228598,4.4524026228598,4.5916934428505005,-1.0,-1.124,sl,54
2025-09-14 09:40:00,2025-09-14 11:15:00,L,4.4661,4.40523925623778,4.40523925623778,4.618251859405549,-1.0,-1.081,sl,19
2025-09-14 11:30:00,2025-09-14 19:30:00,S,4.3893,4.3469,4.45414009532507,4.227199761687325,0.654,0.579,time,96
2025-09-15 01:15:00,2025-09-15 02:10:00,S,4.3047,4.360190774345141,4.360190774345141,4.165973064137148,-1.0,-1.085,sl,11
2025-09-15 05:25:00,2025-09-15 06:30:00,L,4.391,4.353763289431949,4.353763289431949,4.484091776420127,-1.0,-1.13,sl,13
2025-09-15 06:35:00,2025-09-15 08:00:00,S,4.3434,4.193968491497249,4.4031726034011,4.193968491497249,2.5,2.42,tp,17
2025-09-15 08:05:00,2025-09-15 16:05:00,S,4.1982,4.1214,4.351230246651892,3.81562438337027,0.502,0.472,time,96
2025-09-15 16:10:00,2025-09-15 20:50:00,S,4.1214,4.164402469079136,4.164402469079136,4.0138938273021605,-1.0,-1.105,sl,56
2025-09-15 23:45:00,2025-09-16 01:25:00,S,4.1376,4.161153863830865,4.161153863830865,4.078715340422837,-1.0,-1.193,sl,20
2025-09-16 04:20:00,2025-09-16 05:05:00,S,4.1289,4.161225283638061,4.161225283638061,4.048086790904845,-1.0,-1.141,sl,9
2025-09-16 09:20:00,2025-09-16 13:45:00,L,4.2292,4.19144242586359,4.19144242586359,4.323593935341023,-1.0,-1.123,sl,53
2025-09-16 13:50:00,2025-09-16 17:10:00,S,4.1788,4.246549131089114,4.246549131089114,4.009427172277215,-1.0,-1.068,sl,40
2025-09-16 17:15:00,2025-09-17 01:15:00,L,4.2504,4.2488,4.190303751901711,4.4006406202457224,-0.027,-0.104,time,96
2025-09-17 01:20:00,2025-09-17 02:50:00,S,4.2488,4.260939419760323,4.260939419760323,4.2184514505991935,-1.0,-1.385,sl,18
2025-09-17 02:55:00,2025-09-17 03:40:00,L,4.2515,4.221583939139803,4.221583939139803,4.326290152150492,-1.0,-1.156,sl,9
2025-09-17 03:45:00,2025-09-17 11:45:00,S,4.2236,4.1841,4.263662193945741,4.123444515135647,0.986,0.87,time,96
2025-09-17 15:00:00,2025-09-17 17:40:00,S,4.1586,4.198208153910575,4.198208153910575,4.059579615223562,-1.0,-1.115,sl,32
2025-09-17 19:30:00,2025-09-18 03:30:00,L,4.2493,4.477,4.152482035917226,4.491344910206935,2.352,2.304,time,96
2025-09-18 05:25:00,2025-09-18 05:35:00,L,4.4919,4.457975490209309,4.457975490209309,4.576711274476729,-1.0,-1.146,sl,2
2025-09-18 07:45:00,2025-09-18 15:45:00,L,4.494,4.5616,4.425941884058938,4.664145289852654,0.993,0.921,time,96
2025-09-18 18:20:00,2025-09-18 19:25:00,L,4.5877,4.556086023906641,4.556086023906641,4.666734940233398,-1.0,-1.16,sl,13
2025-09-19 00:20:00,2025-09-19 01:00:00,L,4.6,4.818744573564371,4.512502170574251,4.818744573564371,2.5,2.442,tp,8
2025-09-19 01:05:00,2025-09-19 09:05:00,L,4.8438,4.6157,4.527500555298957,5.634548611752607,-0.721,-0.738,time,96
2025-09-19 15:10:00,2025-09-19 23:10:00,S,4.4622,4.3717,4.526736432055107,4.300858919862233,1.402,1.326,time,96
2025-09-19 23:25:00,2025-09-20 07:25:00,S,4.3399,4.387,4.408527075684794,4.168332310788015,-0.686,-0.756,time,96
2025-09-20 09:35:00,2025-09-20 14:45:00,S,4.3395,4.382484993432361,4.382484993432361,4.232037516419098,-1.0,-1.111,sl,62
2025-09-20 18:45:00,2025-09-21 02:45:00,S,4.3591,4.3458,4.417988850006645,4.2118778749833865,0.226,0.144,time,96
2025-09-21 09:10:00,2025-09-21 09:30:00,S,4.3456,4.2938326497374515,4.366306940105019,4.2938326497374515,2.5,2.269,tp,4
2025-09-21 09:35:00,2025-09-21 17:35:00,S,4.2952,4.2511,4.359212452151326,4.135168869621687,0.689,0.615,time,96
2025-09-22 00:25:00,2025-09-22 02:25:00,S,4.2421,4.150429736287822,4.278768105484871,4.150429736287822,2.5,2.373,tp,24
2025-09-22 02:30:00,2025-09-22 06:00:00,S,4.1613,4.037054101445067,4.210998359421973,4.037054101445067,2.5,2.408,tp,42
2025-09-22 06:05:00,2025-09-22 14:05:00,S,3.8801,4.0182,4.139652433862389,3.231218915344029,-0.532,-0.549,time,96
2025-09-22 15:50:00,2025-09-22 19:45:00,S,3.9816,3.9279022036182614,4.003079118552695,3.9279022036182614,2.5,2.296,tp,47
2025-09-22 19:50:00,2025-09-22 20:30:00,S,3.9376,3.9725854638116425,3.9725854638116425,3.8501363404708946,-1.0,-1.124,sl,8
2025-09-23 01:10:00,2025-09-23 09:10:00,S,4.0016,4.0364,4.057412768448617,3.862068078878457,-0.624,-0.702,time,96
2025-09-23 18:25:00,2025-09-24 02:25:00,S,3.9798,3.9978,4.023822326673741,3.8697441833156465,-0.409,-0.508,time,96
2025-09-24 03:30:00,2025-09-24 05:25:00,S,3.9444,4.006750922867987,4.006750922867987,3.788522692830033,-1.0,-1.07,sl,23
2025-09-24 09:40:00,2025-09-24 17:40:00,L,4.0506,4.057,4.025103116634005,4.114342208414987,0.251,0.076,time,96
2025-09-24 19:30:00,2025-09-24 23:35:00,S,4.0316,3.9855551002911853,4.050017959883526,3.9855551002911853,2.5,2.259,tp,49
2025-09-24 23:40:00,2025-09-25 04:15:00,S,3.9823,3.906088000141506,4.012784799943398,3.906088000141506,2.5,2.356,tp,55
2025-09-25 04:20:00,2025-09-25 12:20:00,S,3.9071,3.8908,3.9751423261658267,3.7369941845854324,0.24,0.176,time,96
2025-09-25 12:30:00,2025-09-25 12:45:00,S,3.8439,3.9172432167668476,3.9172432167668476,3.6605419580828813,-1.0,-1.058,sl,3
2025-09-25 16:45:00,2025-09-26 00:45:00,S,3.8888,3.7972,3.9378928774527644,3.7660678063680884,1.866,1.779,time,96
2025-09-26 10:10:00,2025-09-26 12:30:00,S,3.791,3.8478097584239843,3.8478097584239843,3.648975603940039,-1.0,-1.073,sl,28
2025-09-26 15:40:00,2025-09-26 23:40:00,L,3.8984,3.9164,3.848475027038975,4.023212432402563,0.361,0.275,time,96
2025-09-27 05:05:00,2025-09-27 13:05:00,S,3.8851,3.8834,3.91838569473377,3.8018857631655756,0.051,-0.077,time,96
2025-09-27 15:10:00,2025-09-27 15:55:00,S,3.8616,3.888531355730646,3.888531355730646,3.794271610673386,-1.0,-1.158,sl,9
2025-09-27 17:20:00,2025-09-27 21:55:00,S,3.8523,3.8906935023845133,3.8906935023845133,3.7563162440387172,-1.0,-1.11,sl,55
2025-09-27 22:05:00,2025-09-28 00:05:00,L,3.8927,3.8684002477110386,3.8684002477110386,3.953449380722404,-1.0,-1.176,sl,24
2025-09-28 00:15:00,2025-09-28 08:15:00,S,3.8668,3.8178,3.8983643683585734,3.7878890791035666,1.552,1.418,time,96
2025-09-28 15:10:00,2025-09-28 18:55:00,L,3.8622,3.8957011760720786,3.8487995295711688,3.8957011760720786,2.5,2.183,tp,45
2025-09-28 19:00:00,2025-09-28 22:00:00,L,3.9047,3.97264021150075,3.8775239153997,3.97264021150075,2.5,2.342,tp,36
2025-09-28 22:05:00,2025-09-29 06:05:00,L,3.9754,3.9549,3.93318928822185,4.080926779445376,-0.486,-0.589,time,96
2025-09-29 08:45:00,2025-09-29 11:05:00,L,3.9678,3.9270980877790005,3.9270980877790005,4.069554780552499,-1.0,-1.107,sl,28
2025-09-29 12:45:00,2025-09-29 13:50:00,S,3.9126,3.947466186914502,3.947466186914502,3.8254345327137447,-1.0,-1.123,sl,13
2025-09-29 14:15:00,2025-09-29 22:15:00,L,3.9748,3.9937,3.8725583940366,4.2304040149085,0.185,0.142,time,96
2025-09-30 05:50:00,2025-09-30 06:45:00,S,3.9256,3.9383496273733023,3.9383496273733023,3.893725931566745,-1.0,-1.339,sl,11
2025-09-30 07:35:00,2025-09-30 15:10:00,S,3.9069,3.826350736179677,3.939119705528129,3.826350736179677,2.5,2.367,tp,91
2025-09-30 15:20:00,2025-09-30 19:45:00,S,3.8252,3.8889688613440954,3.8889688613440954,3.665777846639762,-1.0,-1.066,sl,53
2025-09-30 20:05:00,2025-10-01 04:05:00,L,3.9008,3.9092,3.83763451617214,4.058713709569649,0.133,0.065,time,96
2025-10-01 08:30:00,2025-10-01 08:40:00,L,3.9473,4.045290953737162,3.908103618505135,4.045290953737162,2.5,2.389,tp,2
2025-10-01 08:45:00,2025-10-01 16:45:00,L,4.0499,4.0611,3.907150865142454,4.4067728371438655,0.078,0.047,time,96
2025-10-01 18:35:00,2025-10-02 02:35:00,L,4.1014,4.1714,4.049490267357217,4.231174331606958,1.348,1.262,time,96
2025-10-02 02:40:00,2025-10-02 10:40:00,L,4.1714,4.238,4.119269422249017,4.301726444377458,1.278,1.19,time,96
2025-10-02 10:45:00,2025-10-02 14:50:00,L,4.238,4.199431418385792,4.199431418385792,4.334421454035521,-1.0,-1.121,sl,49
2025-10-02 17:35:00,2025-10-03 01:35:00,L,4.2826,4.2422,4.224923252277556,4.426791869306112,-0.7,-0.782,time,96
2025-10-03 15:50:00,2025-10-03 17:00:00,L,4.296,4.242419631881613,4.242419631881613,4.429950920295969,-1.0,-1.088,sl,14
2025-10-04 05:30:00,2025-10-04 08:35:00,L,4.2848,4.246546962885554,4.246546962885554,4.380432592786114,-1.0,-1.123,sl,37
2025-10-04 08:40:00,2025-10-04 16:40:00,S,4.2366,4.1606,4.282457525942555,4.121956185143612,1.657,1.556,time,96
2025-10-05 00:55:00,2025-10-05 02:30:00,S,4.1725,4.2097222968459596,4.2097222968459596,4.079444257885102,-1.0,-1.123,sl,19
2025-10-05 02:50:00,2025-10-05 10:50:00,L,4.2473,4.2662,4.184249563203255,4.404926091991863,0.3,0.226,time,96
2025-10-05 12:45:00,2025-10-05 19:35:00,S,4.2285,4.128432477650271,4.268527008939892,4.128432477650271,2.5,2.384,tp,82
2025-10-05 19:40:00,2025-10-06 03:40:00,S,4.126,4.156,4.193438020886936,3.9574049477826607,-0.445,-0.512,time,96
2025-10-06 12:25:00,2025-10-06 13:50:00,L,4.2468,4.344458805229548,4.207736477908181,4.344458805229548,2.5,2.38,tp,17
2025-10-06 13:55:00,2025-10-06 21:55:00,L,4.3766,4.3873,4.246268177028649,4.702429557428376,0.082,0.045,time,96
2025-10-06 22:35:00,2025-10-07 04:05:00,L,4.4029,4.353321311068383,4.353321311068383,4.526846722329042,-1.0,-1.098,sl,66
2025-10-07 07:05:00,2025-10-07 15:05:00,S,4.3047,4.152725289466147,4.365489884213542,4.152725289466147,2.5,2.422,tp,96
2025-10-07 15:10:00,2025-10-07 23:10:00,S,4.1665,4.1564,4.293797305840308,3.8482567353992296,0.079,0.043,time,96
2025-10-07 23:55:00,2025-10-08 00:40:00,S,4.146,4.170223691174064,4.170223691174064,4.085440772064841,-1.0,-1.188,sl,9
2025-10-08 03:10:00,2025-10-08 10:55:00,S,4.1302,4.175606732642069,4.175606732642069,4.016683168394829,-1.0,-1.1,sl,93
2025-10-08 13:50:00,2025-10-08 14:00:00,S,4.137,4.16225293019115,4.16225293019115,4.0738676745221225,-1.0,-1.18,sl,2
2025-10-08 17:20:00,2025-10-09 01:10:00,L,4.2244,4.142339324821502,4.142339324821502,4.429551687946246,-1.0,-1.057,sl,94
2025-10-09 01:15:00,2025-10-09 08:15:00,S,4.1454,4.0209659065865635,4.195173637365375,4.0209659065865635,2.5,2.408,tp,84
2025-10-09 08:20:00,2025-10-09 16:20:00,S,4.0296,3.9853,4.094407976715692,3.8675800582107716,0.684,0.615,time,96
2025-10-09 17:00:00,2025-10-09 17:35:00,S,3.9712,4.018091422010444,4.018091422010444,3.853971444973891,-1.0,-1.093,sl,7
2025-10-10 03:30:00,2025-10-10 11:30:00,L,4.1061,4.1572,4.0469577163144015,4.2539557092139955,0.864,0.788,time,96
2025-10-10 11:35:00,2025-10-10 13:25:00,L,4.1572,4.2822493423357315,4.107180263065707,4.2822493423357315,2.5,2.409,tp,22
2025-10-10 13:30:00,2025-10-10 14:55:00,L,4.2796,4.176875916623663,4.176875916623663,4.536410208440843,-1.0,-1.046,sl,17
2025-10-10 15:05:00,2025-10-10 20:55:00,S,4.1453,3.830495485439386,4.271221805824245,3.830495485439386,2.5,2.464,tp,70
2025-10-10 21:00:00,2025-10-10 21:15:00,S,3.7008,3.025293035567447,3.9710027857730212,3.025293035567447,2.5,2.485,tp,3
2025-10-10 21:20:00,2025-10-11 05:20:00,S,1.479,3.1317,4.001942899841249,-4.828357249603123,-0.655,-0.656,time,96
2025-10-11 12:15:00,2025-10-11 19:15:00,S,3.1929,3.0648005021920257,3.2441397991231895,3.0648005021920257,2.5,2.431,tp,84
2025-10-11 19:20:00,2025-10-12 03:20:00,S,3.0474,2.9754,3.139014532708588,2.818363668228531,0.786,0.749,time,96
2025-10-12 09:05:00,2025-10-12 12:05:00,S,2.9781,3.0365766244545935,3.0365766244545935,2.831908438863516,-1.0,-1.056,sl,36
2025-10-12 13:35:00,2025-10-12 14:45:00,S,3.0013,3.0549549534007436,3.0549549534007436,2.867162616498141,-1.0,-1.062,sl,14
2025-10-12 16:05:00,2025-10-13 00:05:00,L,3.2336,3.2222,3.09754058180388,3.5737485454902997,-0.084,-0.11,time,96
2025-10-13 07:10:00,2025-10-13 15:10:00,L,3.292,3.3026,3.209914742013003,3.4972131449674917,0.129,0.085,time,96
2025-10-13 18:25:00,2025-10-14 02:25:00,L,3.3822,3.3313,3.3050208625066984,3.5751478437332542,-0.66,-0.708,time,96
2025-10-14 03:05:00,2025-10-14 06:40:00,S,3.2922,3.124901859560462,3.359119256175815,3.124901859560462,2.5,2.446,tp,43
2025-10-14 06:45:00,2025-10-14 14:45:00,S,3.1323,3.1719,3.2364072557970394,2.872031860507401,-0.38,-0.413,time,96
2025-10-15 03:50:00,2025-10-15 04:55:00,S,3.2174,3.254813223169682,3.254813223169682,3.1238669420757956,-1.0,-1.095,sl,13
2025-10-15 05:05:00,2025-10-15 12:25:00,L,3.259,3.202788710177954,3.202788710177954,3.399528224555114,-1.0,-1.064,sl,88
2025-10-15 12:30:00,2025-10-15 20:30:00,S,3.1958,3.0948,3.2431662049425323,3.07738448764367,2.132,2.058,time,96
2025-10-16 09:35:00,2025-10-16 09:45:00,S,3.0506,3.1490360729448357,3.1490360729448357,2.8045098176379115,-1.0,-1.034,sl,2
2025-10-16 14:20:00,2025-10-16 22:20:00,S,3.1077,3.013,3.190009699553515,2.901925751116212,1.151,1.109,time,96
2025-10-17 06:20:00,2025-10-17 07:00:00,S,2.9923,2.8844304345532836,3.035447826178687,2.8844304345532836,2.5,2.424,tp,8
2025-10-17 07:05:00,2025-10-17 15:05:00,S,2.8931,2.886,3.0179500152399177,2.580974961900206,0.057,0.031,time,96
2025-10-17 23:10:00,2025-10-18 02:05:00,S,2.894,2.9399920543851334,2.9399920543851334,2.779019864037167,-1.0,-1.069,sl,35
2025-10-18 04:25:00,2025-10-18 07:00:00,S,2.9124,2.9396975043016065,2.9396975043016065,2.8441562392459834,-1.0,-1.117,sl,31
2025-10-18 13:20:00,2025-10-18 21:20:00,S,2.9155,2.9257,2.954403569960816,2.8182410750979607,-0.262,-0.345,time,96
2025-10-19 00:45:00,2025-10-19 03:40:00,S,2.9064,2.9347664911962186,2.9347664911962186,2.8354837720094537,-1.0,-1.113,sl,35
2025-10-19 08:30:00,2025-10-19 09:45:00,S,2.9183,2.947337066155767,2.947337066155767,2.845707334610582,-1.0,-1.111,sl,15
2025-10-19 10:25:00,2025-10-19 18:25:00,L,2.9677,3.022,2.880572648998943,3.1855183775026417,0.623,0.586,time,96
2025-10-19 22:40:00,2025-10-19 23:35:00,L,3.0361,3.013597832942568,3.013597832942568,3.092355417643579,-1.0,-1.148,sl,11
2025-10-20 03:45:00,2025-10-20 05:50:00,L,3.0106,3.0861089332357263,2.9803964267057097,3.0861089332357263,2.5,2.39,tp,25
2025-10-20 05:55:00,2025-10-20 13:55:00,L,3.0862,3.1127,3.0505570951119925,3.1753072622200182,0.743,0.648,time,96
2025-10-20 14:05:00,2025-10-20 16:00:00,L,3.1075,3.0761598357111506,3.0761598357111506,3.1858504107221233,-1.0,-1.109,sl,23
2025-10-20 19:45:00,2025-10-21 01:00:00,L,3.0952,3.069590352845524,3.069590352845524,3.15922411788619,-1.0,-1.133,sl,63
2025-10-21 02:10:00,2025-10-21 10:10:00,S,3.0385,2.9765,3.0767822699199683,2.9427943252000794,1.62,1.532,time,96
2025-10-21 14:10:00,2025-10-21 15:05:00,L,3.0311,3.1453120339609084,2.9854151864156364,3.1453120339609084,2.5,2.427,tp,11
2025-10-21 15:10:00,2025-10-21 23:10:00,L,3.1401,3.0417,3.008038500315259,3.470253749211852,-0.745,-0.771,time,96
2025-10-21 23:35:00,2025-10-22 07:35:00,S,3.0106,2.9802,3.0684762310099822,2.865909422475045,0.525,0.468,time,96
2025-10-22 09:20:00,2025-10-22 11:20:00,S,2.9574,2.9862439319164,2.9862439319164,2.8852901702089992,-1.0,-1.113,sl,24
2025-10-22 18:20:00,2025-10-22 21:10:00,S,2.9349,2.833396705387605,2.975501317844958,2.833396705387605,2.5,2.42,tp,34
2025-10-22 21:15:00,2025-10-23 05:15:00,S,2.87,2.9268,2.9504550490697428,2.6688623773256435,-0.706,-0.745,time,96
2025-10-23 11:50:00,2025-10-23 13:30:00,S,2.9614,2.9805002608207425,2.9805002608207425,2.913649347948143,-1.0,-1.171,sl,20
2025-10-23 15:35:00,2025-10-23 20:55:00,L,3.0017,2.956542464672553,2.956542464672553,3.1145938383186174,-1.0,-1.073,sl,64
2025-10-23 21:00:00,2025-10-23 23:45:00,S,2.9675,2.9962796597675374,2.9962796597675374,2.895550850581156,-1.0,-1.113,sl,33
2025-10-23 23:50:00,2025-10-24 04:30:00,L,3.0003,3.053238576634245,2.979124569346302,3.053238576634245,2.5,2.344,tp,56
2025-10-24 04:35:00,2025-10-24 12:35:00,L,3.0456,3.0841,2.9941525770516244,3.1742185573709385,0.748,0.683,time,96
2025-10-24 19:15:00,2025-10-25 03:15:00,L,3.064,3.0578,3.032928845695796,3.14167788576051,-0.2,-0.308,time,96
2025-10-25 12:20:00,2025-10-25 20:20:00,L,3.0553,3.091,3.0316340620534725,3.114464844866318,1.508,1.366,time,96
2025-10-25 20:50:00,2025-10-25 21:40:00,L,3.0939,3.0781325285102867,3.0781325285102867,3.1333186787242835,-1.0,-1.216,sl,10
2025-10-25 22:45:00,2025-10-26 00:05:00,L,3.0948,3.075921131175812,3.075921131175812,3.1419971720604707,-1.0,-1.18,sl,16
2025-10-26 05:40:00,2025-10-26 09:20:00,L,3.0885,3.126786991239027,3.073185203504389,3.126786991239027,2.5,2.278,tp,44
2025-10-26 09:25:00,2025-10-26 17:25:00,L,3.1275,3.1638,3.0978365365423652,3.201658658644087,1.224,1.108,time,96
2025-10-27 01:55:00,2025-10-27 07:35:00,L,3.2246,3.1922267143729366,3.1922267143729366,3.305533214067659,-1.0,-1.11,sl,68
2025-10-27 16:15:00,2025-10-27 21:20:00,L,3.172,3.1423419680501663,3.1423419680501663,3.2461450798745846,-1.0,-1.118,sl,61
2025-10-27 21:25:00,2025-10-28 05:25:00,S,3.1427,3.1454,3.1686923848628386,3.077719037842904,-0.104,-0.237,time,96
2025-10-28 05:50:00,2025-10-28 06:50:00,S,3.1181,3.151393425078519,3.151393425078519,3.0348664373037026,-1.0,-1.103,sl,12
2025-10-28 06:55:00,2025-10-28 14:45:00,L,3.1626,3.0963134299643453,3.0963134299643453,3.3283164250891364,-1.0,-1.052,sl,94
2025-10-28 19:20:00,2025-10-29 03:20:00,S,3.1098,3.0474,3.16423235991335,2.9737191002166248,1.146,1.084,time,96
2025-10-29 08:45:00,2025-10-29 10:25:00,S,3.0526,3.085031019501243,3.085031019501243,2.971522451246892,-1.0,-1.104,sl,20
2025-10-29 13:10:00,2025-10-29 14:00:00,L,3.1149,3.0985062172163427,3.0985062172163427,3.1558844569591433,-1.0,-1.209,sl,10
2025-10-29 14:30:00,2025-10-29 17:35:00,S,3.0865,3.1321772985284286,3.1321772985284286,2.9723067536789287,-1.0,-1.074,sl,37
2025-10-29 17:40:00,2025-10-29 18:35:00,L,3.1307,3.0673900045500133,3.0673900045500133,3.288974988624967,-1.0,-1.054,sl,11
2025-10-29 23:20:00,2025-10-30 04:10:00,S,3.1139,3.035559656783745,3.1452361372865023,3.035559656783745,2.5,2.391,tp,58
2025-10-30 04:15:00,2025-10-30 12:15:00,S,3.038,2.9676,3.110831687635506,2.8559207809112346,0.967,0.921,time,96
2025-10-30 12:20:00,2025-10-30 16:00:00,S,2.9676,2.843631263298939,3.0171874946804245,2.843631263298939,2.5,2.434,tp,44
2025-10-30 16:05:00,2025-10-30 19:40:00,S,2.8616,2.7864881036114,2.89164475855544,2.7864881036114,2.5,2.395,tp,43
2025-10-30 19:45:00,2025-10-30 20:35:00,S,2.7948,2.823268051187342,2.823268051187342,2.723629872031645,-1.0,-1.108,sl,10
2025-10-31 16:50:00,2025-11-01 00:50:00,S,2.8732,2.8786,2.9114391861568523,2.7776020346078703,-0.141,-0.224,time,96
2025-11-01 02:10:00,2025-11-01 02:55:00,S,2.8633,2.893679863784684,2.893679863784684,2.787350340538291,-1.0,-1.104,sl,9
2025-11-01 06:15:00,2025-11-01 07:05:00,S,2.878,2.8947976137460647,2.8947976137460647,2.836005965634839,-1.0,-1.188,sl,10
2025-11-01 08:05:00,2025-11-01 16:05:00,L,2.909,2.9537,2.883208953511359,2.9734776162216017,1.733,1.609,time,96
2025-11-01 16:25:00,2025-11-02 00:25:00,L,2.9524,2.9553,2.9244574102776424,3.0222564743058937,0.104,-0.012,time,96
2025-11-02 04:50:00,2025-11-02 12:50:00,L,2.9742,2.982,2.9448322749489613,3.0476193126275977,0.266,0.154,time,96
2025-11-02 14:15:00,2025-11-02 16:00:00,S,2.955,2.8953161517141814,2.9788735393143275,2.8953161517141814,2.5,2.364,tp,21
2025-11-02 16:05:00,2025-11-02 23:00:00,S,2.8959,2.930490702669251,2.930490702669251,2.809423243326873,-1.0,-1.092,sl,83
2025-11-02 23:10:00,2025-11-03 01:35:00,L,2.9413,2.9032538362375724,2.9032538362375724,3.036415409406069,-1.0,-1.085,sl,29
2025-11-03 01:40:00,2025-11-03 04:00:00,S,2.9091,2.777034367624359,2.9619262529502564,2.777034367624359,2.5,2.439,tp,28
2025-11-03 04:05:00,2025-11-03 12:05:00,S,2.7737,2.7658,2.8827795724291976,2.5010010689270055,0.072,0.044,time,96
2025-11-03 15:30:00,2025-11-03 23:30:00,S,2.6243,2.5752,2.7816067588129982,2.231033102967504,0.312,0.294,time,96
2025-11-04 05:20:00,2025-11-04 05:55:00,S,2.6103,2.503328975854897,2.653088409658041,2.503328975854897,2.5,2.433,tp,7
2025-11-04 06:00:00,2025-11-04 14:00:00,S,2.5093,2.5635,2.643428258776567,2.173979353058583,-0.404,-0.425,time,96
2025-11-04 14:40:00,2025-11-04 14:40:00,S,2.5714,2.5938686838871083,2.5938686838871083,2.51522829028223,-1.0,-1.126,sl,0
2025-11-04 16:50:00,2025-11-04 20:15:00,S,2.5516,2.3471501398552825,2.633379944057887,2.3471501398552825,2.5,2.466,tp,41
2025-11-04 20:20:00,2025-11-04 23:05:00,S,2.3875,2.5208837352166102,2.5208837352166102,2.0540406619584752,-1.0,-1.02,sl,33
2025-11-05 01:25:00,2025-11-05 02:15:00,S,2.4168,2.518463483308423,2.518463483308423,2.1626412917289413,-1.0,-1.026,sl,10
2025-11-05 08:25:00,2025-11-05 11:40:00,S,2.5405,2.587301740466114,2.587301740466114,2.423495648834716,-1.0,-1.06,sl,39
2025-11-05 13:55:00,2025-11-05 14:30:00,L,2.6239,2.5851680415515923,2.5851680415515923,2.7207298961210187,-1.0,-1.075,sl,7
2025-11-05 16:00:00,2025-11-06 00:00:00,L,2.6315,2.6587,2.5920478760542833,2.7301303098642915,0.689,0.616,time,96
2025-11-06 00:20:00,2025-11-06 00:40:00,L,2.6653,2.6487991763857606,2.6487991763857606,2.706552059035598,-1.0,-1.178,sl,4
2025-11-06 02:50:00,2025-11-06 05:35:00,L,2.6712,2.61287076867711,2.61287076867711,2.8170230783072245,-1.0,-1.05,sl,33
2025-11-06 05:40:00,2025-11-06 13:40:00,S,2.6108,2.6273,2.6652769747583958,2.47460756310401,-0.303,-0.356,time,96
2025-11-06 13:45:00,2025-11-06 15:40:00,L,2.6273,2.5673888561150604,2.5673888561150604,2.7770778597123487,-1.0,-1.048,sl,23
2025-11-06 15:45:00,2025-11-06 19:35:00,S,2.5664,2.650257590515331,2.650257590515331,2.3567560237116716,-1.0,-1.034,sl,46
2025-11-06 19:40:00,2025-11-07 00:45:00,L,2.6561,2.784472617495588,2.6047509530017647,2.784472617495588,2.5,2.443,tp,61
2025-11-07 00:50:00,2025-11-07 08:50:00,L,2.7672,2.8266,2.6467804633824352,3.0682488415439115,0.493,0.468,time,96
2025-11-07 10:10:00,2025-11-07 11:10:00,L,2.8356,2.7723420273608355,2.7723420273608355,2.993744931597911,-1.0,-1.049,sl,12
2025-11-07 15:15:00,2025-11-07 17:10:00,L,2.8418,3.1558693291390285,2.7161722683443887,3.1558693291390285,2.5,2.475,tp,23
2025-11-07 17:15:00,2025-11-08 01:15:00,L,3.1513,3.2452,2.88018102847653,3.829097428808675,0.346,0.334,time,96
2025-11-08 01:45:00,2025-11-08 09:45:00,L,3.3332,3.2249,3.184720630317685,3.7043984242057877,-0.729,-0.754,time,96
2025-11-08 18:15:00,2025-11-08 19:20:00,L,3.2194,3.1504972665201754,3.1504972665201754,3.391656833699561,-1.0,-1.051,sl,13
2025-11-08 22:30:00,2025-11-09 03:15:00,L,3.216,3.1782382172199783,3.1782382172199783,3.310404456950055,-1.0,-1.094,sl,57
2025-11-09 05:05:00,2025-11-09 11:45:00,S,3.1004,3.168158793919683,3.168158793919683,2.931003015200793,-1.0,-1.05,sl,80
2025-11-09 11:50:00,2025-11-09 19:50:00,L,3.1563,3.2193,3.0672810705214473,3.378847323696381,0.708,0.669,time,96
2025-11-10 00:55:00,2025-11-10 08:55:00,L,3.2675,3.2265,3.1956658099583395,3.4470854751041515,-0.571,-0.621,time,96
2025-11-10 10:05:00,2025-11-10 14:45:00,L,3.2691,3.1927172459576405,3.1927172459576405,3.4600568851058986,-1.0,-1.047,sl,56
2025-11-10 14:50:00,2025-11-10 22:50:00,S,3.1883,3.3026434429343885,3.3026434429343885,2.9024413926640285,-1.0,-1.031,sl,96
2025-11-10 22:55:00,2025-11-11 06:05:00,L,3.2924,3.190299194946087,3.190299194946087,3.5476520126347837,-1.0,-1.035,sl,86
2025-11-11 06:10:00,2025-11-11 14:10:00,S,3.198,3.1643,3.238195513371523,3.097511216571193,0.838,0.751,time,96
2025-11-11 18:30:00,2025-11-11 23:50:00,S,3.1654,3.0478334780413547,3.212426608783458,3.0478334780413547,2.5,2.426,tp,64
2025-11-11 23:55:00,2025-11-12 07:55:00,S,3.045,3.0567,3.119913691767679,2.857715770580802,-0.156,-0.201,time,96
2025-11-12 08:00:00,2025-11-12 08:25:00,S,3.0567,3.0870604432200413,3.0870604432200413,2.9807988919498976,-1.0,-1.111,sl,5
2025-11-12 12:05:00,2025-11-12 14:15:00,S,3.0855,3.1185345956349386,3.1185345956349386,3.002913510912654,-1.0,-1.103,sl,26
2025-11-12 14:50:00,2025-11-12 22:50:00,S,3.0344,2.9367,3.122508440027589,2.8141288999310285,1.109,1.071,time,96
2025-11-13 03:20:00,2025-11-13 03:30:00,S,2.9484,2.9722708429490234,2.9722708429490234,2.888722892627441,-1.0,-1.136,sl,2
2025-11-13 08:00:00,2025-11-13 14:50:00,S,2.9773,3.0304558598291544,3.0304558598291544,2.844410350427114,-1.0,-1.062,sl,82
2025-11-13 15:50:00,2025-11-13 23:50:00,S,2.9559,2.8589,3.047248389232181,2.7275290269195485,1.062,1.026,time,96
2025-11-14 09:35:00,2025-11-14 14:40:00,S,2.8206,2.87766899899315,2.87766899899315,2.677927502517126,-1.0,-1.054,sl,61
2025-11-14 20:45:00,2025-11-15 03:00:00,S,2.8063,2.889135525825391,2.889135525825391,2.5992111854365225,-1.0,-1.037,sl,75
2025-11-15 06:15:00,2025-11-15 08:45:00,L,2.902,2.870459563871516,2.870459563871516,2.9808510903212104,-1.0,-1.101,sl,30
2025-11-15 08:50:00,2025-11-15 13:15:00,S,2.8667,2.919432708094761,2.919432708094761,2.7348682297630966,-1.0,-1.06,sl,53
2025-11-15 13:20:00,2025-11-15 16:05:00,L,2.9167,2.8584086236102637,2.8584086236102637,3.062428440974341,-1.0,-1.055,sl,33
2025-11-15 16:10:00,2025-11-15 17:20:00,S,2.8544,2.883199614190306,2.883199614190306,2.782400964524235,-1.0,-1.109,sl,14
2025-11-15 20:45:00,2025-11-16 01:45:00,S,2.8456,2.7835819960887926,2.870407201564483,2.7835819960887926,2.5,2.374,tp,60
2025-11-16 01:50:00,2025-11-16 02:15:00,S,2.7988,2.8306128486341198,2.8306128486341198,2.7192678784147004,-1.0,-1.097,sl,5
2025-11-16 10:00:00,2025-11-16 11:20:00,L,2.8937,2.8564634235578845,2.8564634235578845,2.9867914411052885,-1.0,-1.085,sl,16
2025-11-16 11:25:00,2025-11-16 17:30:00,S,2.8419,2.706391974776881,2.8961032100892474,2.706391974776881,2.5,2.442,tp,73
2025-11-16 17:35:00,2025-11-16 18:00:00,S,2.7144,2.7626015321433526,2.7626015321433526,2.593896169641618,-1.0,-1.062,sl,5
2025-11-16 21:25:00,2025-11-16 22:45:00,S,2.7208,2.7721902959953653,2.7721902959953653,2.592324260011587,-1.0,-1.058,sl,16
2025-11-17 07:00:00,2025-11-17 13:10:00,L,2.8333,2.80334675929207,2.80334675929207,2.9081831017698248,-1.0,-1.104,sl,74
2025-11-17 13:30:00,2025-11-17 14:35:00,S,2.797,2.8293771602707407,2.8293771602707407,2.716057099323149,-1.0,-1.095,sl,13
2025-11-17 16:10:00,2025-11-18 00:10:00,S,2.7397,2.6646,2.8251565266553693,2.526058683361577,0.879,0.844,time,96
2025-11-18 00:45:00,2025-11-18 00:50:00,S,2.6269,2.6733046947058208,2.6733046947058208,2.510888263235448,-1.0,-1.062,sl,1
2025-11-18 16:10:00,2025-11-19 00:10:00,L,2.7692,2.7375,2.689100072121392,2.969449819696521,-0.396,-0.434,time,96
2025-11-19 00:20:00,2025-11-19 01:20:00,S,2.7174,2.7563489935069243,2.7563489935069243,2.6200275162326894,-1.0,-1.077,sl,12
2025-11-19 03:50:00,2025-11-19 11:50:00,S,2.7122,2.7044,2.758356976572311,2.596807558569223,0.169,0.104,time,96
2025-11-19 13:55:00,2025-11-19 15:05:00,S,2.6964,2.731392735551253,2.731392735551253,2.6089181611218684,-1.0,-1.085,sl,14
2025-11-19 15:35:00,2025-11-19 23:35:00,S,2.6681,2.6878,2.739448825956131,2.4897279351096726,-0.276,-0.317,time,96
2025-11-20 02:05:00,2025-11-20 10:05:00,L,2.6989,2.7384,2.6707806077428478,2.769198480642881,1.405,1.299,time,96
2025-11-20 12:50:00,2025-11-20 14:10:00,L,2.793,2.7499552325469128,2.7499552325469128,2.900611918632719,-1.0,-1.071,sl,16
2025-11-20 16:05:00,2025-11-21 00:05:00,S,2.7074,2.5509,2.792544333847814,2.4945391653804636,1.838,1.803,time,96
2025-11-21 02:55:00,2025-11-21 07:30:00,S,2.5411,2.429161458772869,2.5858754164908526,2.429161458772869,2.5,2.438,tp,55
2025-11-21 07:35:00,2025-11-21 15:35:00,S,2.351,2.3588,2.529406827484715,1.904982931288213,-0.044,-0.058,time,96
2025-11-21 16:05:00,2025-11-21 17:00:00,S,2.3416,2.42030734149733,2.42030734149733,2.1448316462566748,-1.0,-1.033,sl,11
2025-11-21 20:20:00,2025-11-22 04:20:00,S,2.3386,2.2803,2.4080427982015187,2.1649930044962034,0.84,0.802,time,96
2025-11-22 04:25:00,2025-11-22 12:25:00,S,2.2803,2.2881,2.3406511979763183,2.1294220050592045,-0.129,-0.171,time,96
2025-11-22 12:50:00,2025-11-22 20:50:00,S,2.279,2.2837,2.3174755104967546,2.1828112237581134,-0.122,-0.187,time,96
2025-11-23 11:10:00,2025-11-23 12:10:00,S,2.3277,2.3442605176083697,2.3442605176083697,2.286298705979076,-1.0,-1.155,sl,12
2025-11-23 17:20:00,2025-11-24 01:20:00,S,2.2795,2.2769,2.3264742498363145,2.162064375409214,0.055,0.002,time,96
2025-11-24 09:30:00,2025-11-24 14:30:00,S,2.2445,2.298024638406487,2.298024638406487,2.110688403983782,-1.0,-1.046,sl,60
2025-11-24 14:55:00,2025-11-24 16:00:00,S,2.2732,2.311104564994722,2.311104564994722,2.1784385875131953,-1.0,-1.066,sl,13
2025-11-24 17:25:00,2025-11-24 20:10:00,L,2.3213,2.3791410238401447,2.298163590463942,2.3791410238401447,2.5,2.39,tp,33
2025-11-24 20:15:00,2025-11-24 23:30:00,L,2.3748,2.349396252518852,2.349396252518852,2.43830936870287,-1.0,-1.103,sl,39
2025-11-25 02:00:00,2025-11-25 08:50:00,S,2.3233,2.2587921393374177,2.349103144265033,2.2587921393374177,2.5,2.401,tp,82
2025-11-25 08:55:00,2025-11-25 14:40:00,S,2.2587,2.2091242086106258,2.27853031655575,2.2091242086106258,2.5,2.375,tp,69
2025-11-25 14:45:00,2025-11-25 16:30:00,S,2.2112,2.2554150306863407,2.2554150306863407,2.1006624232841475,-1.0,-1.055,sl,21
2025-11-25 22:40:00,2025-11-26 06:40:00,L,2.2922,2.2928,2.2439951892608194,2.4127120268479505,0.012,-0.04,time,96
2025-11-26 06:55:00,2025-11-26 09:15:00,L,2.2977,2.279993850084794,2.279993850084794,2.341965374788015,-1.0,-1.143,sl,28
2025-11-26 09:20:00,2025-11-26 17:20:00,S,2.2823,2.2844,2.3077966050059846,2.2185584874850393,-0.082,-0.181,time,96
2025-11-26 17:30:00,2025-11-27 01:30:00,L,2.3092,2.3368,2.2693907034694747,2.4087232413263138,0.693,0.629,time,96
2025-11-27 02:30:00,2025-11-27 03:25:00,L,2.3562,2.332468813981067,2.332468813981067,2.415527965047332,-1.0,-1.109,sl,11
2025-11-27 06:40:00,2025-11-27 12:50:00,L,2.3381,2.312329210578565,2.312329210578565,2.402526973553587,-1.0,-1.1,sl,74
2025-11-27 12:55:00,2025-11-27 14:25:00,S,2.3092,2.3301787145998856,2.3301787145998856,2.2567532135002866,-1.0,-1.121,sl,18
2025-11-27 16:00:00,2025-11-28 00:00:00,L,2.3464,2.3352,2.3205239274336646,2.4110901814158385,-0.433,-0.533,time,96
2025-11-28 01:15:00,2025-11-28 08:10:00,S,2.3239,2.34409378867922,2.34409378867922,2.2734155283019497,-1.0,-1.127,sl,83
2025-11-28 08:15:00,2025-11-28 11:15:00,L,2.3481,2.308958151787629,2.308958151787629,2.4459546205309275,-1.0,-1.066,sl,36
2025-11-28 11:20:00,2025-11-28 13:45:00,S,2.3162,2.348971805059189,2.348971805059189,2.2342704873520276,-1.0,-1.078,sl,29
2025-11-28 13:50:00,2025-11-28 16:25:00,L,2.3462,2.309281702750668,2.309281702750668,2.4384957431233305,-1.0,-1.07,sl,31
2025-11-28 16:30:00,2025-11-29 00:30:00,S,2.3075,2.2797,2.3671753539945377,2.1583116150136563,0.466,0.423,time,96
2025-11-29 04:00:00,2025-11-29 04:55:00,S,2.2727,2.285427324673247,2.285427324673247,2.2408816883168825,-1.0,-1.196,sl,11
2025-11-29 06:25:00,2025-11-29 14:25:00,S,2.2703,2.2515,2.287285382522505,2.227836543693738,1.107,0.96,time,96
2025-11-29 18:05:00,2025-11-30 02:00:00,S,2.2336,2.267127587508635,2.267127587508635,2.1497810312284127,-1.0,-1.073,sl,95
2025-11-30 03:20:00,2025-11-30 03:55:00,S,2.2446,2.2696294427565347,2.2696294427565347,2.182026393108664,-1.0,-1.099,sl,7
2025-11-30 11:55:00,2025-11-30 12:45:00,S,2.2557,2.2702507081889713,2.2702507081889713,2.2193232295275718,-1.0,-1.171,sl,10
2025-11-30 13:20:00,2025-11-30 15:30:00,L,2.2774,2.2522628620099066,2.2522628620099066,2.3402428449752337,-1.0,-1.1,sl,26
2025-11-30 15:35:00,2025-11-30 16:20:00,S,2.2538,2.276916343948713,2.276916343948713,2.1960091401282176,-1.0,-1.107,sl,9
2025-11-30 20:45:00,2025-11-30 23:55:00,S,2.2595,2.2129786580669766,2.2781085367732095,2.2129786580669766,2.5,2.366,tp,38
2025-12-01 00:00:00,2025-12-01 00:50:00,S,2.2068,2.053504015291735,2.268118393883306,2.053504015291735,2.5,2.46,tp,10
2025-12-01 00:55:00,2025-12-01 08:55:00,S,2.0528,2.0469,2.224678454175436,1.6231038645614102,0.034,0.021,time,96
2025-12-01 11:35:00,2025-12-01 15:30:00,S,2.0327,1.9858345347206658,2.051446186111734,1.9858345347206658,2.5,2.381,tp,47
2025-12-01 15:35:00,2025-12-01 23:35:00,S,1.9712,2.0439,2.0503562137027798,1.7733094657430508,-0.918,-0.946,time,96
2025-12-02 08:35:00,2025-12-02 10:05:00,S,2.0472,2.0707830872856374,2.0707830872856374,1.988242281785907,-1.0,-1.095,sl,18
2025-12-02 14:30:00,2025-12-02 15:00:00,L,2.1193,2.1634246043934997,2.1016501582426,2.1634246043934997,2.5,2.368,tp,6
2025-12-02 15:05:00,2025-12-02 23:05:00,L,2.1616,2.2588,2.106349507969923,2.299726230075193,1.759,1.716,time,96
2025-12-03 00:55:00,2025-12-03 04:55:00,L,2.2628,2.3145382388223377,2.242104704471065,2.3145382388223377,2.5,2.38,tp,48
2025-12-03 05:00:00,2025-12-03 11:15:00,L,2.3159,2.28555912182998,2.28555912182998,2.3917521954250502,-1.0,-1.084,sl,75
2025-12-03 14:45:00,2025-12-03 22:45:00,L,2.3019,2.3715,2.235935251059798,2.4668118723505046,1.055,1.017,time,96
2025-12-03 22:50:00,2025-12-04 05:20:00,L,2.3715,2.330660327771443,2.330660327771443,2.4735991805713935,-1.0,-1.064,sl,78
2025-12-04 06:55:00,2025-12-04 07:15:00,L,2.3497,2.327257688402381,2.327257688402381,2.405805778994048,-1.0,-1.115,sl,4
2025-12-04 15:40:00,2025-12-04 17:30:00,L,2.3346,2.2996741963232092,2.2996741963232092,2.4219145091919767,-1.0,-1.074,sl,22
2025-12-04 19:05:00,2025-12-05 03:05:00,S,2.283,2.2961,2.3144316761334727,2.204420809666318,-0.417,-0.497,time,96
2025-12-05 04:10:00,2025-12-05 12:10:00,S,2.2722,2.2293,2.299771484651021,2.2032712883724486,1.556,1.465,time,96
2025-12-05 13:40:00,2025-12-05 16:30:00,S,2.2213,2.1659383980155416,2.243444640793783,2.1659383980155416,2.5,2.39,tp,34
2025-12-05 16:35:00,2025-12-06 00:35:00,S,2.1661,2.1224,2.235363877805059,1.9929403054873533,0.631,0.597,time,96
2025-12-06 08:55:00,2025-12-06 13:15:00,S,2.0912,2.1083987499851298,2.1083987499851298,2.048203125037176,-1.0,-1.134,sl,52
2025-12-06 19:35:00,2025-12-07 03:35:00,S,2.1261,2.1362,2.1628043413942777,2.034339146514306,-0.275,-0.339,time,96
2025-12-07 04:40:00,2025-12-07 05:40:00,S,2.1281,2.1431408637574574,2.1431408637574574,2.090497840606356,-1.0,-1.156,sl,12
2025-12-07 08:05:00,2025-12-07 14:25:00,S,2.1241,2.0505194653913827,2.1535322138434467,2.0505194653913827,2.5,2.421,tp,76
2025-12-07 14:30:00,2025-12-07 15:55:00,S,2.0628,2.096853595788558,2.096853595788558,1.977666010528606,-1.0,-1.067,sl,17
2025-12-07 17:20:00,2025-12-07 21:55:00,L,2.1243,2.0939158746296656,2.0939158746296656,2.2002603134258356,-1.0,-1.077,sl,55
2025-12-07 22:00:00,2025-12-08 06:00:00,S,2.1028,2.126,2.147045231164359,1.9921869220891015,-0.524,-0.577,time,96
2025-12-08 06:15:00,2025-12-08 14:15:00,L,2.1418,2.1459,2.1152086743610536,2.208278314097366,0.154,0.066,time,96
2025-12-08 14:35:00,2025-12-08 15:10:00,L,2.154,2.1277921028177382,2.1277921028177382,2.2195197429556544,-1.0,-1.09,sl,7
2025-12-08 15:30:00,2025-12-08 23:30:00,S,2.128,2.1259,2.169042316299859,2.0253942092503534,0.051,-0.006,time,96
2025-12-09 01:50:00,2025-12-09 09:50:00,S,2.1056,2.0992,2.130315192137779,2.0438120196555523,0.259,0.165,time,96
2025-12-09 10:40:00,2025-12-09 11:45:00,S,2.0908,2.1054503541453284,2.1054503541453284,2.0541741146366794,-1.0,-1.157,sl,13
2025-12-09 12:20:00,2025-12-09 15:35:00,L,2.1173,2.1660083114491484,2.097816675420341,2.1660083114491484,2.5,2.38,tp,39
2025-12-09 15:40:00,2025-12-09 16:25:00,L,2.1655,2.314172457932797,2.1060310168268814,2.314172457932797,2.5,2.46,tp,9
2025-12-09 16:30:00,2025-12-10 00:30:00,L,2.3298,2.277,2.1380496350574574,2.809175912356357,-0.275,-0.289,time,96
2025-12-10 09:50:00,2025-12-10 10:25:00,L,2.2361,2.2023335183287207,2.2023335183287207,2.3205162041781984,-1.0,-1.073,sl,7
2025-12-10 15:35:00,2025-12-10 17:20:00,L,2.2018,2.2393110130879963,2.1867955947648015,2.2393110130879963,2.5,2.339,tp,21
2025-12-10 17:25:00,2025-12-10 19:00:00,L,2.2378,2.213892853087466,2.213892853087466,2.297567867281335,-1.0,-1.103,sl,19
2025-12-10 19:05:00,2025-12-10 20:15:00,L,2.2361,2.31368027744979,2.205067889020084,2.31368027744979,2.5,2.421,tp,14
2025-12-10 20:20:00,2025-12-10 20:50:00,L,2.28,2.237322110041317,2.237322110041317,2.3866947248967065,-1.0,-1.059,sl,6
2025-12-11 00:10:00,2025-12-11 02:00:00,S,2.1786,2.094045782210256,2.2124216871158975,2.094045782210256,2.5,2.429,tp,22
2025-12-11 02:05:00,2025-12-11 10:05:00,S,2.0905,2.0459,2.1389226453129586,1.9694433867176036,0.921,0.874,time,96
2025-12-11 10:15:00,2025-12-11 18:15:00,S,2.0446,2.0216,2.0636007590137386,1.9970981024656533,1.21,1.092,time,96
2025-12-12 01:00:00,2025-12-12 02:30:00,S,2.0287,2.0696928656252305,2.0696928656252305,1.9262178359369244,-1.0,-1.054,sl,18
2025-12-12 08:30:00,2025-12-12 14:35:00,S,2.0463,2.066886552105177,2.066886552105177,1.9948336197370578,-1.0,-1.109,sl,73
2025-12-12 15:20:00,2025-12-12 15:55:00,S,2.04,1.96699457374843,2.069202170500628,1.96699457374843,2.5,2.423,tp,7
2025-12-12 16:00:00,2025-12-13 00:00:00,S,1.9666,2.0149,2.064139136158907,1.7227521596027318,-0.495,-0.517,time,96
2025-12-13 10:45:00,2025-12-13 12:00:00,L,2.0493,2.0357500659377123,2.0357500659377123,2.0831748351557193,-1.0,-1.166,sl,15
2025-12-13 16:05:00,2025-12-13 17:30:00,L,2.0492,2.0312536092148825,2.0312536092148825,2.0940659769627934,-1.0,-1.126,sl,17
2025-12-13 18:05:00,2025-12-14 02:05:00,S,2.0279,2.0384,2.0464270896887546,1.9815822757781127,-0.567,-0.687,time,96
2025-12-14 03:55:00,2025-12-14 10:10:00,S,2.0258,1.991362924988972,2.039574830004411,1.991362924988972,2.5,2.338,tp,75
2025-12-14 10:35:00,2025-12-14 11:40:00,S,1.9972,1.9696688698271343,2.0082124520691464,1.9696688698271343,2.5,2.301,tp,13
2025-12-14 11:45:00,2025-12-14 19:45:00,S,1.9667,1.9583,1.9994574838443138,1.884806290389215,0.256,0.19,time,96
2025-12-14 21:50:00,2025-12-15 00:20:00,S,1.9512,1.9663094895119855,1.9663094895119855,1.9134262762200365,-1.0,-1.142,sl,30
2025-12-15 07:35:00,2025-12-15 15:00:00,S,1.9886,1.9380733611998842,2.0088106555200462,1.9380733611998842,2.5,2.392,tp,89
2025-12-15 15:05:00,2025-12-15 23:05:00,S,1.9204,1.8985,2.007998656327526,1.7014033591811857,0.25,0.226,time,96
2025-12-16 04:50:00,2025-12-16 06:25:00,S,1.8693,1.894489070406338,1.894489070406338,1.806327323984155,-1.0,-1.082,sl,19
2025-12-16 14:00:00,2025-12-16 22:00:00,S,1.8843,1.9026,1.9360636057981593,1.754890985504602,-0.354,-0.394,time,96
2025-12-17 00:25:00,2025-12-17 01:10:00,S,1.8882,1.8983012052824375,1.8983012052824375,1.8629469867939066,-1.0,-1.206,sl,9
2025-12-17 02:15:00,2025-12-17 10:15:00,S,1.8839,1.865,1.9090145228529853,1.8211136928675362,0.753,0.67,time,96
2025-12-17 14:05:00,2025-12-17 14:45:00,L,1.8913,1.8640614950253716,1.8640614950253716,1.959396262436571,-1.0,-1.076,sl,8
2025-12-17 14:55:00,2025-12-17 16:15:00,L,1.918,1.8565817760106165,1.8565817760106165,2.0715455599734587,-1.0,-1.034,sl,16
2025-12-17 16:20:00,2025-12-18 00:20:00,S,1.8453,1.8116,1.9529918339014223,1.576070415246444,0.313,0.294,time,96
2025-12-18 01:55:00,2025-12-18 02:15:00,S,1.7923,1.8131294571351608,1.8131294571351608,1.740226357162098,-1.0,-1.095,sl,4
2025-12-18 03:35:00,2025-12-18 11:35:00,S,1.7864,1.8018,1.8111679040116575,1.7244802399708563,-0.622,-0.701,time,96
2025-12-18 13:05:00,2025-12-18 17:10:00,L,1.8256,1.7993577947895856,1.7993577947895856,1.8912055130260357,-1.0,-1.077,sl,49
2025-12-18 17:15:00,2025-12-19 01:15:00,S,1.7976,1.7533,1.8638586871702356,1.6319532820744111,0.669,0.639,time,96
2025-12-19 01:50:00,2025-12-19 03:00:00,S,1.7402,1.7618455329384644,1.7618455329384644,1.686086167653839,-1.0,-1.088,sl,14
2025-12-19 13:20:00,2025-12-19 15:15:00,L,1.817,1.8519915796641868,1.8030033681343252,1.8519915796641868,2.5,2.357,tp,23
2025-12-19 15:20:00,2025-12-19 23:20:00,L,1.8389,1.854,1.802398733256696,1.9301531668582599,0.414,0.358,time,96
2025-12-20 07:30:00,2025-12-20 08:20:00,L,1.8417,1.8652505394218788,1.8322797842312484,1.8652505394218788,2.5,2.285,tp,10
2025-12-20 08:25:00,2025-12-20 13:20:00,L,1.864,1.8335924805775103,1.8335924805775103,1.9400187985562245,-1.0,-1.067,sl,59
2025-12-20 15:30:00,2025-12-20 23:30:00,S,1.8293,1.8302,1.8405674164256443,1.801131458935889,-0.08,-0.258,time,96
2025-12-21 01:30:00,2025-12-21 08:30:00,S,1.8237,1.8348302142571102,1.8348302142571102,1.7958744643572246,-1.0,-1.18,sl,84
2025-12-21 08:35:00,2025-12-21 12:40:00,L,1.8336,1.821280360053326,1.821280360053326,1.8643990998666844,-1.0,-1.164,sl,49
2025-12-21 12:45:00,2025-12-21 13:30:00,S,1.8118,1.7664258900249803,1.829949643990008,1.7664258900249803,2.5,2.39,tp,9
2025-12-21 13:35:00,2025-12-21 21:35:00,S,1.7684,1.7745,1.8285286248753791,1.618078437811552,-0.101,-0.134,time,96
2025-12-21 21:50:00,2025-12-21 22:50:00,S,1.766,1.7851160784030728,1.7851160784030728,1.718209803992318,-1.0,-1.102,sl,12
2025-12-22 02:10:00,2025-12-22 08:20:00,S,1.7933,1.8271654521561014,1.8271654521561014,1.7086363696097462,-1.0,-1.058,sl,74
2025-12-22 12:10:00,2025-12-22 18:50:00,L,1.8283,1.8095348698825093,1.8095348698825093,1.8752128252937268,-1.0,-1.107,sl,80
2025-12-22 18:55:00,2025-12-22 19:45:00,S,1.8064,1.7728062144637766,1.8198375142144894,1.7728062144637766,2.5,2.352,tp,10
2025-12-22 19:50:00,2025-12-23 03:50:00,S,1.7739,1.7752,1.8146429381427736,1.6720426546430662,-0.032,-0.08,time,96
2025-12-23 05:35:00,2025-12-23 10:50:00,S,1.7585,1.7729493234290699,1.7729493234290699,1.7223766914273253,-1.0,-1.134,sl,63
2025-12-23 13:25:00,2025-12-23 14:55:00,S,1.7575,1.734402052264766,1.7667391790940936,1.734402052264766,2.5,2.291,tp,18
2025-12-23 15:00:00,2025-12-23 16:00:00,S,1.7398,1.7585378109978025,1.7585378109978025,1.6929554725054938,-1.0,-1.102,sl,12
2025-12-24 02:35:00,2025-12-24 10:35:00,S,1.7476,1.7283,1.7653062712921626,1.7033343217695938,1.09,0.981,time,96
2025-12-24 13:35:00,2025-12-24 16:30:00,S,1.724,1.73854374337884,1.73854374337884,1.6876406415529,-1.0,-1.13,sl,35
2025-12-24 19:20:00,2025-12-24 19:45:00,S,1.7188,1.7267942662448936,1.7267942662448936,1.6988143343877664,-1.0,-1.237,sl,5
2025-12-25 02:25:00,2025-12-25 07:30:00,L,1.7439,1.7356075690974868,1.7356075690974868,1.764631077256283,-1.0,-1.231,sl,61
2025-12-25 07:35:00,2025-12-25 10:35:00,S,1.7352,1.7154926478997474,1.7430829408401012,1.7154926478997474,2.5,2.258,tp,36
2025-12-25 10:40:00,2025-12-25 15:40:00,S,1.705,1.7320152350373184,1.7320152350373184,1.6374619124067045,-1.0,-1.069,sl,60
2025-12-25 23:05:00,2025-12-26 02:15:00,S,1.7094,1.7345323546905325,1.7345323546905325,1.646569113273669,-1.0,-1.075,sl,38
2025-12-26 02:20:00,2025-12-26 10:20:00,L,1.7353,1.7123,1.6753062307380466,1.8852844231548835,-0.383,-0.415,time,96
2025-12-26 11:35:00,2025-12-26 12:15:00,S,1.7033,1.7204352957679625,1.7204352957679625,1.6604617605800938,-1.0,-1.109,sl,8
2025-12-26 13:10:00,2025-12-26 14:45:00,L,1.7254,1.7137063583466132,1.7137063583466132,1.754634104133467,-1.0,-1.162,sl,19
2025-12-26 14:55:00,2025-12-26 22:55:00,S,1.7037,1.7289,1.7332924277540038,1.6297189306149904,-0.852,-0.915,time,96
2025-12-27 01:35:00,2025-12-27 03:20:00,L,1.7331,1.7625027150259114,1.7213389139896356,1.7625027150259114,2.5,2.338,tp,21
2025-12-27 03:25:00,2025-12-27 10:25:00,L,1.7634,1.7383563036595524,1.7383563036595524,1.8260092408511193,-1.0,-1.077,sl,84
2025-12-27 11:20:00,2025-12-27 15:45:00,L,1.7541,1.8064460424355255,1.7331615830257898,1.8064460424355255,2.5,2.408,tp,53
2025-12-27 15:50:00,2025-12-27 23:10:00,L,1.807,1.8986103867271606,1.7703558453091357,1.8986103867271606,2.5,2.446,tp,88
2025-12-27 23:15:00,2025-12-28 07:15:00,L,1.8954,1.8941,1.8560981168135224,1.993654707966194,-0.033,-0.086,time,96
2025-12-28 07:20:00,2025-12-28 09:30:00,L,1.8941,1.8832072645646192,1.8832072645646192,1.9213318385884517,-1.0,-1.191,sl,26
2025-12-28 15:10:00,2025-12-28 16:10:00,L,1.8845,1.8716440869444355,1.8716440869444355,1.9166397826389114,-1.0,-1.161,sl,12
2025-12-28 22:55:00,2025-12-29 03:40:00,L,1.8448,1.8890061431752205,1.8271175427299118,1.8890061431752205,2.5,2.385,tp,57
2025-12-29 03:45:00,2025-12-29 09:35:00,L,1.8917,1.8564131347308153,1.8564131347308153,1.9799171631729617,-1.0,-1.059,sl,70
2025-12-29 12:10:00,2025-12-29 15:40:00,S,1.8327,1.8624938016133101,1.8624938016133101,1.7582154959667247,-1.0,-1.068,sl,42
2025-12-29 15:45:00,2025-12-29 18:55:00,L,1.8682,1.8318784518235767,1.8318784518235767,1.9590038704410586,-1.0,-1.057,sl,38
2025-12-29 23:45:00,2025-12-30 07:45:00,S,1.8232,1.8104,1.8397788449728,1.7817528875679995,0.772,0.651,time,96
2025-12-30 14:35:00,2025-12-30 14:50:00,S,1.8025,1.8252069572148397,1.8252069572148397,1.7457326069629007,-1.0,-1.087,sl,3
2025-12-30 15:50:00,2025-12-30 23:50:00,L,1.8327,1.8109,1.8056710609022688,1.900272347744328,-0.807,-0.881,time,96
2025-12-31 00:20:00,2025-12-31 01:10:00,S,1.8011,1.8158671891876779,1.8158671891876779,1.764182027030805,-1.0,-1.134,sl,10
2025-12-31 06:40:00,2025-12-31 11:10:00,S,1.8074,1.816732669065326,1.816732669065326,1.7840683273366844,-1.0,-1.213,sl,54
2025-12-31 11:20:00,2025-12-31 16:25:00,L,1.8169,1.8018899583137562,1.8018899583137562,1.8544251042156095,-1.0,-1.133,sl,61
2025-12-31 16:30:00,2025-12-31 16:40:00,S,1.8065,1.7759375813091403,1.818724967476344,1.7759375813091403,2.5,2.337,tp,2
2025-12-31 16:45:00,2026-01-01 00:45:00,S,1.7772,1.7847,1.8178331180875638,1.6756172047810902,-0.185,-0.233,time,96
2026-01-01 04:25:00,2026-01-01 05:05:00,S,1.7694,1.780661101073509,1.780661101073509,1.741247247316228,-1.0,-1.173,sl,8
2026-01-01 11:55:00,2026-01-01 13:05:00,L,1.8071,1.8259080286481828,1.7995767885407268,1.8259080286481828,2.5,2.236,tp,14
2026-01-01 13:10:00,2026-01-01 15:40:00,L,1.8275,1.8877387862832302,1.8034044854867077,1.8877387862832302,2.5,2.417,tp,30
2026-01-01 15:45:00,2026-01-01 18:25:00,L,1.877,1.9625862719679024,1.842765491212839,1.9625862719679024,2.5,2.44,tp,32
2026-01-01 18:30:00,2026-01-02 02:30:00,L,1.9596,1.9938,1.9166099729469184,2.067075067632704,0.796,0.745,time,96
2026-01-02 09:50:00,2026-01-02 17:50:00,L,2.0065,2.0487,1.9696920092298538,2.0985199769253655,1.146,1.087,time,96
2026-01-02 18:00:00,2026-01-02 19:35:00,L,2.0489,2.0928218586281186,2.0313312565487527,2.0928218586281186,2.5,2.372,tp,19
2026-01-02 19:40:00,2026-01-03 03:40:00,L,2.0984,2.1614,2.0319274576809754,2.264581355797561,0.948,0.913,time,96
2026-01-03 16:10:00,2026-01-03 17:10:00,L,2.1313,2.120662088954976,2.120662088954976,2.15789477761256,-1.0,-1.22,sl,12
2026-01-04 05:50:00,2026-01-04 06:40:00,L,2.1421,2.130800505521659,2.130800505521659,2.170348736195853,-1.0,-1.209,sl,10
2026-01-04 09:55:00,2026-01-04 17:55:00,L,2.1452,2.1648,2.127242037500456,2.19009490624886,1.091,0.96,time,96
2026-01-05 01:40:00,2026-01-05 04:30:00,L,2.1593,2.1226340837598885,2.1226340837598885,2.2509647906002788,-1.0,-1.065,sl,34
2026-01-05 07:40:00,2026-01-05 09:00:00,L,2.1464,2.115353735375234,2.115353735375234,2.224015661561915,-1.0,-1.076,sl,16
2026-01-05 10:40:00,2026-01-05 12:45:00,S,2.1153,2.1343031478910586,2.1343031478910586,2.0677921302723536,-1.0,-1.122,sl,25
2026-01-05 12:50:00,2026-01-05 15:45:00,L,2.1319,2.1950184036929477,2.106652638522821,2.1950184036929477,2.5,2.407,tp,35
2026-01-05 15:50:00,2026-01-05 23:50:00,L,2.1978,2.2059,2.1368405366890446,2.3501986582773884,0.133,0.093,time,96
2026-01-06 01:25:00,2026-01-06 07:50:00,L,2.2284,2.1784575918740656,2.1784575918740656,2.3532560203148365,-1.0,-1.049,sl,77
2026-01-06 11:15:00,2026-01-06 15:50:00,L,2.2122,2.183073832414679,2.183073832414679,2.2850154189633036,-1.0,-1.084,sl,55
2026-01-06 16:10:00,2026-01-06 23:10:00,S,2.1804,2.2381997209958633,2.2381997209958633,2.035900697510342,-1.0,-1.041,sl,84
2026-01-06 23:15:00,2026-01-07 00:45:00,L,2.2358,2.202818441533785,2.202818441533785,2.3182538961655372,-1.0,-1.075,sl,18
2026-01-07 04:45:00,2026-01-07 09:45:00,L,2.2077,2.181990198840624,2.181990198840624,2.2719745028984404,-1.0,-1.094,sl,60
2026-01-07 09:50:00,2026-01-07 17:50:00,S,2.1873,2.1508,2.256959076118852,2.0131523097028703,0.524,0.489,time,96
2026-01-08 03:45:00,2026-01-08 05:35:00,S,2.1224,2.148128022273377,2.148128022273377,2.0580799443165567,-1.0,-1.091,sl,22
2026-01-08 06:20:00,2026-01-08 14:20:00,S,2.1118,2.0952,2.1502151895616226,2.0157620260959437,0.432,0.372,time,96
2026-01-08 15:10:00,2026-01-08 23:10:00,L,2.1232,2.1199,2.085205705496117,2.2181857362597084,-0.087,-0.148,time,96
2026-01-09 01:30:00,2026-01-09 01:35:00,S,2.1189,2.086361862698449,2.1319152549206204,2.086361862698449,2.5,2.321,tp,1
2026-01-09 01:40:00,2026-01-09 09:40:00,S,2.0909,2.0881,2.1260861268389877,2.0029346829025307,0.08,0.014,time,96
2026-01-09 12:40:00,2026-01-09 15:25:00,S,2.0544,2.0890468423372397,2.0890468423372397,1.9677828941569,-1.0,-1.065,sl,33
2026-01-09 16:20:00,2026-01-09 19:20:00,L,2.1382,2.0590039148387698,2.0590039148387698,2.336190212903075,-1.0,-1.03,sl,36
2026-01-09 19:25:00,2026-01-09 21:25:00,S,2.0628,2.0881289180565137,2.0881289180565137,1.9994777048587165,-1.0,-1.09,sl,24
2026-01-10 00:50:00,2026-01-10 01:15:00,S,2.0767,2.085035760432658,2.085035760432658,2.0558605989183554,-1.0,-1.274,sl,5
2026-01-10 02:45:00,2026-01-10 05:35:00,S,2.0713,2.0906668286107264,2.0906668286107264,2.0228829284731837,-1.0,-1.118,sl,34
2026-01-10 12:20:00,2026-01-10 17:50:00,L,2.1072,2.0974800785353205,2.0974800785353205,2.1314998036616997,-1.0,-1.238,sl,66
2026-01-10 18:00:00,2026-01-10 19:25:00,S,2.0981,2.1177048940980905,2.1177048940980905,2.0490877647547743,-1.0,-1.118,sl,17
2026-01-10 19:30:00,2026-01-10 22:00:00,L,2.1178,2.1001261585185085,2.1001261585185085,2.1619846037037282,-1.0,-1.132,sl,30
2026-01-10 22:05:00,2026-01-11 06:05:00,S,2.0965,2.109,2.1152694380331196,2.0495764049172003,-0.666,-0.789,time,96
2026-01-11 06:10:00,2026-01-11 06:20:00,L,2.109,2.098918672783993,2.098918672783993,2.1342033180400177,-1.0,-1.23,sl,2
2026-01-11 07:25:00,2026-01-11 14:40:00,L,2.1104,2.0965654370080835,2.0965654370080835,2.1449864074797906,-1.0,-1.168,sl,87
2026-01-11 15:15:00,2026-01-11 23:00:00,S,2.0955,2.0438041437644827,2.116178342494207,2.0438041437644827,2.5,2.389,tp,93
2026-01-11 23:05:00,2026-01-12 00:15:00,S,2.0405,2.073562124371669,2.073562124371669,1.9578446890708285,-1.0,-1.068,sl,14
2026-01-12 01:10:00,2026-01-12 08:35:00,L,2.0854,2.044398535950527,2.044398535950527,2.1879036601236828,-1.0,-1.056,sl,89
2026-01-12 08:40:00,2026-01-12 15:40:00,S,2.0488,2.0827680882365085,2.0827680882365085,1.9638797794087286,-1.0,-1.066,sl,84
2026-01-12 21:05:00,2026-01-13 02:00:00,S,2.0487,2.0845177341439474,2.0845177341439474,1.9591556646401322,-1.0,-1.063,sl,59
2026-01-13 05:20:00,2026-01-13 13:20:00,L,2.0994,2.1131,2.0647355047516385,2.1860612381209044,0.395,0.329,time,96
2026-01-13 13:30:00,2026-01-13 14:30:00,L,2.1148,2.1976375893594655,2.0816649642562135,2.1976375893594655,2.5,2.43,tp,12
2026-01-13 14:35:00,2026-01-13 22:35:00,L,2.211,2.314,2.1130771165819566,2.455807208545108,1.052,1.027,time,96
2026-01-13 23:05:00,2026-01-14 07:05:00,L,2.3232,2.2937,2.247408242876953,2.512679392807618,-0.389,-0.423,time,96
2026-01-14 14:50:00,2026-01-14 17:50:00,L,2.2735,2.2325501870224733,2.2325501870224733,2.375874532443816,-1.0,-1.061,sl,36
2026-01-15 02:55:00,2026-01-15 10:55:00,S,2.1925,2.2037,2.220385898830911,2.1227852529227222,-0.402,-0.488,time,96
2026-01-15 12:35:00,2026-01-15 14:35:00,L,2.215,2.194578365413699,2.194578365413699,2.2660540864657515,-1.0,-1.119,sl,24
2026-01-15 14:40:00,2026-01-15 22:40:00,S,2.1942,2.119,2.2369429106192626,2.087342723451843,1.759,1.703,time,96
2026-01-16 04:40:00,2026-01-16 05:35:00,S,2.1041,2.115049793507616,2.115049793507616,2.0767255162309595,-1.0,-1.211,sl,11
2026-01-16 12:25:00,2026-01-16 15:25:00,S,2.1212,2.091838622226878,2.1329445511092486,2.091838622226878,2.5,2.301,tp,36
2026-01-16 15:30:00,2026-01-16 20:50:00,S,2.0848,2.1258968362610586,2.1258968362610586,1.9820579093473534,-1.0,-1.056,sl,64
2026-01-17 06:15:00,2026-01-17 07:30:00,L,2.1383,2.1590123992979366,2.1300150402808256,2.1590123992979366,2.5,2.216,tp,15
2026-01-17 07:35:00,2026-01-17 10:15:00,L,2.1564,2.218364429396936,2.131614228241226,2.218364429396936,2.5,2.404,tp,32
2026-01-17 10:20:00,2026-01-17 12:00:00,L,2.224,2.179721061281212,2.179721061281212,2.334697346796971,-1.0,-1.055,sl,20
2026-01-17 14:50:00,2026-01-17 16:30:00,L,2.212,2.1852160317923954,2.1852160317923954,2.278959920519012,-1.0,-1.091,sl,20
2026-01-18 00:20:00,2026-01-18 01:10:00,L,2.1983,2.1703405468617136,2.1703405468617136,2.268198632845716,-1.0,-1.086,sl,10
2026-01-18 02:35:00,2026-01-18 10:35:00,S,2.1637,2.1441,2.1769321395139145,2.1306196512152136,1.481,1.301,time,96
2026-01-18 10:50:00,2026-01-18 14:15:00,S,2.1417,2.1564282214389743,2.1564282214389743,2.104879446402565,-1.0,-1.16,sl,41
2026-01-18 16:10:00,2026-01-18 23:20:00,L,2.1723,2.132051512714965,2.132051512714965,2.2729212182125877,-1.0,-1.059,sl,86
2026-01-18 23:25:00,2026-01-19 00:00:00,S,2.1472,2.0176021907328945,2.1990391237068425,2.0176021907328945,2.5,2.454,tp,7
2026-01-19 00:05:00,2026-01-19 08:05:00,S,1.9748,1.966,2.198525066220253,1.4154873344493681,0.039,0.03,time,96
2026-01-19 22:15:00,2026-01-19 23:30:00,S,2.0154,2.0332879614823534,2.0332879614823534,1.970680096294117,-1.0,-1.124,sl,15
2026-01-20 06:35:00,2026-01-20 14:35:00,S,1.9956,1.9718,2.0444137765978208,1.8735655585054483,0.488,0.443,time,96
2026-01-20 15:10:00,2026-01-20 23:10:00,S,1.9381,1.9017,1.977218170377751,1.8403045740556223,0.931,0.876,time,96
2026-01-21 06:55:00,2026-01-21 14:15:00,S,1.9398,1.9591893370063138,1.9591893370063138,1.8913266574842154,-1.0,-1.11,sl,88
2026-01-21 14:20:00,2026-01-21 16:40:00,L,1.9569,1.9030018979424628,1.9030018979424628,2.0916452551438436,-1.0,-1.04,sl,28
2026-01-21 16:45:00,2026-01-21 19:35:00,S,1.8985,1.9700904483995054,1.9700904483995054,1.7195238790012368,-1.0,-1.029,sl,34
2026-01-21 19:40:00,2026-01-22 03:40:00,L,1.9678,1.9525,1.8919592614122487,2.1574018464693783,-0.202,-0.23,time,96
2026-01-22 05:30:00,2026-01-22 09:15:00,S,1.947,1.9584454898238626,1.9584454898238626,1.9183862754403438,-1.0,-1.187,sl,45
2026-01-22 12:20:00,2026-01-22 13:30:00,S,1.9428,1.957774787121616,1.957774787121616,1.9053630321959603,-1.0,-1.143,sl,14
2026-01-22 13:45:00,2026-01-22 21:45:00,S,1.9408,1.9286,1.9624481263089901,1.8866796842275249,0.564,0.465,time,96
2026-01-23 01:55:00,2026-01-23 08:45:00,L,1.949,1.9273297515039582,1.9273297515039582,2.0031756212401044,-1.0,-1.099,sl,82
2026-01-23 08:50:00,2026-01-23 11:35:00,S,1.9263,1.9467354272519344,1.9467354272519344,1.8752114318701638,-1.0,-1.104,sl,33
2026-01-23 14:35:00,2026-01-23 16:40:00,S,1.9225,1.9500812712428381,1.9500812712428381,1.853546821892905,-1.0,-1.077,sl,25
2026-01-23 16:45:00,2026-01-23 20:25:00,L,1.9502,1.917591961185506,1.917591961185506,2.031720097036235,-1.0,-1.066,sl,44
2026-01-23 20:30:00,2026-01-24 03:25:00,S,1.918,1.9379408314703634,1.9379408314703634,1.8681479213240912,-1.0,-1.106,sl,83
2026-01-24 08:00:00,2026-01-24 16:00:00,S,1.9231,1.9042,1.9335597173941506,1.8969507065146236,1.807,1.605,time,96
2026-01-24 16:20:00,2026-01-24 18:35:00,S,1.9004,1.9195980793215286,1.9195980793215286,1.8524048016961787,-1.0,-1.109,sl,27
2026-01-24 22:15:00,2026-01-25 03:15:00,L,1.9256,1.9122572836816203,1.9122572836816203,1.9589567907959493,-1.0,-1.159,sl,60
2026-01-25 03:35:00,2026-01-25 11:35:00,S,1.9016,1.9023,1.9222177303384465,1.8500556741538836,-0.034,-0.135,time,96
2026-01-25 12:25:00,2026-01-25 16:15:00,S,1.8942,1.8519979872771506,1.91108080508914,1.8519979872771506,2.5,2.377,tp,46
2026-01-25 16:20:00,2026-01-26 00:20:00,S,1.8467,1.8319,1.8936527977838333,1.7293180055404167,0.315,0.272,time,96
2026-01-26 14:35:00,2026-01-26 15:10:00,L,1.8599,1.8934181438285997,1.8464927424685602,1.8934181438285997,2.5,2.347,tp,7
2026-01-26 21:45:00,2026-01-27 05:45:00,L,1.8836,1.8749,1.8547251294127678,1.9557871764680803,-0.301,-0.373,time,96
2026-01-27 06:35:00,2026-01-27 13:20:00,S,1.8658,1.840916752344631,1.8757532990621475,1.840916752344631,2.5,2.294,tp,81
2026-01-27 14:00:00,2026-01-27 14:15:00,S,1.8348,1.8522104195388953,1.8522104195388953,1.7912739511527618,-1.0,-1.116,sl,3
2026-01-27 16:05:00,2026-01-27 17:40:00,L,1.8529,1.8274337396470945,1.8274337396470945,1.9165656508822635,-1.0,-1.08,sl,19
2026-01-27 17:50:00,2026-01-27 20:15:00,S,1.8294,1.8807694452331303,1.8807694452331303,1.7009763869171741,-1.0,-1.039,sl,29
2026-01-27 20:20:00,2026-01-28 03:50:00,L,1.8791,1.8580692911746435,1.8580692911746435,1.9316767720633914,-1.0,-1.098,sl,90
2026-01-28 04:10:00,2026-01-28 09:35:00,S,1.8571,1.8703833984456661,1.8703833984456661,1.8238915038858345,-1.0,-1.154,sl,65
2026-01-28 09:55:00,2026-01-28 15:05:00,L,1.8759,1.8504702994878555,1.8504702994878555,1.939474251280361,-1.0,-1.081,sl,62
2026-01-28 15:10:00,2026-01-28 20:25:00,S,1.8487,1.8704910744442405,1.8704910744442405,1.794222313889399,-1.0,-1.093,sl,63
2026-01-28 22:50:00,2026-01-29 00:35:00,L,1.8854,1.8550211507291938,1.8550211507291938,1.9613471231770152,-1.0,-1.068,sl,21
2026-01-29 02:35:00,2026-01-29 10:35:00,S,1.824,1.7957,1.8492263134847948,1.760934216288013,1.122,1.042,time,96
2026-01-29 10:45:00,2026-01-29 14:55:00,S,1.7919,1.76412305149032,1.803010779403872,1.76412305149032,2.5,2.323,tp,50
2026-01-29 15:00:00,2026-01-29 23:00:00,S,1.7572,1.7303,1.7964360161120596,1.6591099597198513,0.686,0.636,time,96
2026-01-30 01:40:00,2026-01-30 01:40:00,S,1.7305,1.6870071075302575,1.747897156987897,1.6870071075302575,2.5,2.391,tp,0
2026-01-30 01:45:00,2026-01-30 09:45:00,S,1.6993,1.6961,1.7486508693895109,1.5759228265262228,0.065,0.027,time,96
2026-01-31 05:05:00,2026-01-31 08:15:00,S,1.6715,1.6336716564268632,1.6866313374292548,1.6336716564268632,2.5,2.378,tp,38
2026-01-31 08:20:00,2026-01-31 14:25:00,S,1.6411,1.582829112017863,1.6644083551928548,1.582829112017863,2.5,2.423,tp,73
2026-01-31 14:30:00,2026-01-31 22:30:00,S,1.5555,1.518,1.6304045754448193,1.368238561387952,0.501,0.478,time,96
2026-02-01 07:10:00,2026-02-01 10:10:00,S,1.5409,1.5566838013037867,1.5566838013037867,1.501440496740533,-1.0,-1.107,sl,36
2026-02-01 10:50:00,2026-02-01 18:50:00,S,1.5358,1.511,1.5595110261843352,1.476522434539162,1.046,0.975,time,96
2026-02-02 03:25:00,2026-02-02 09:45:00,S,1.4679,1.5287231447109808,1.5287231447109808,1.315842138222548,-1.0,-1.027,sl,76
2026-02-02 15:15:00,2026-02-02 23:15:00,L,1.5517,1.5469,1.516796229990032,1.6389594250249204,-0.138,-0.186,time,96
2026-02-03 02:10:00,2026-02-03 04:40:00,S,1.5305,1.542271367662839,1.542271367662839,1.5010715808429023,-1.0,-1.143,sl,30
2026-02-03 09:30:00,2026-02-03 17:30:00,S,1.5099,1.483,1.5438201853792823,1.4250995365517942,0.793,0.744,time,96
2026-02-03 17:45:00,2026-02-03 19:20:00,S,1.4699,1.4963283731897652,1.4963283731897652,1.4038290670255869,-1.0,-1.061,sl,19
2026-02-03 20:30:00,2026-02-04 04:30:00,L,1.519,1.5245,1.4820428043565537,1.6113929891086154,0.149,0.104,time,96
2026-02-04 05:55:00,2026-02-04 07:35:00,S,1.5031,1.523312859873676,1.523312859873676,1.4525678503158104,-1.0,-1.082,sl,20
2026-02-04 10:40:00,2026-02-04 11:00:00,S,1.5062,1.4934015693010463,1.5113193722795815,1.4934015693010463,2.5,2.176,tp,4
2026-02-04 11:05:00,2026-02-04 14:30:00,S,1.4975,1.4664742723562054,1.509910291057518,1.4664742723562054,2.5,2.367,tp,41
2026-02-04 14:35:00,2026-02-04 22:35:00,S,1.4599,1.4606,1.49312363293401,1.3768409176649747,-0.021,-0.069,time,96
2026-02-05 04:10:00,2026-02-05 05:40:00,S,1.4435,1.4588670918228344,1.4588670918228344,1.405082270442914,-1.0,-1.103,sl,18
2026-02-05 10:50:00,2026-02-05 15:10:00,S,1.4076,1.3513059650292085,1.4301176139883165,1.3513059650292085,2.5,2.431,tp,52
2026-02-05 15:15:00,2026-02-05 23:15:00,S,1.3353,1.2735,1.411742120504994,1.1441946987375147,0.808,0.789,time,96
2026-02-06 00:15:00,2026-02-06 05:50:00,S,1.1476,1.2897619997664893,1.2897619997664893,0.7921950005837766,-1.0,-1.009,sl,67
2026-02-06 16:10:00,2026-02-07 00:10:00,L,1.356,1.3575,1.3308282286854627,1.4189294282863436,0.06,0.0,time,96
2026-02-07 00:35:00,2026-02-07 03:10:00,S,1.3511,1.3733963366029325,1.3733963366029325,1.2953591584926687,-1.0,-1.067,sl,31
2026-02-07 03:30:00,2026-02-07 06:55:00,L,1.3739,1.3512316634101142,1.3512316634101142,1.430570841474714,-1.0,-1.067,sl,41
2026-02-07 07:00:00,2026-02-07 15:00:00,S,1.3432,1.3378,1.370134420039884,1.27586394990029,0.2,0.146,time,96
2026-02-07 16:10:00,2026-02-08 00:10:00,L,1.3726,1.3672,1.336899728233504,1.4618506794162403,-0.151,-0.194,time,96
2026-02-08 03:20:00,2026-02-08 08:30:00,S,1.3541,1.369390576935608,1.369390576935608,1.3158735576609801,-1.0,-1.097,sl,62
2026-02-08 08:35:00,2026-02-08 16:35:00,L,1.3701,1.3442,1.340773389439302,1.4434165264017456,-0.883,-0.935,time,96
2026-02-08 16:40:00,2026-02-08 18:35:00,S,1.3442,1.3592464206745678,1.3592464206745678,1.3065839483135808,-1.0,-1.098,sl,23
2026-02-08 21:35:00,2026-02-08 23:00:00,S,1.3374,1.3497100846329015,1.3497100846329015,1.306624788417746,-1.0,-1.12,sl,17
2026-02-08 23:40:00,2026-02-09 07:40:00,S,1.329,1.3149,1.3669205953906371,1.2341985115234069,0.372,0.333,time,96
2026-02-09 07:45:00,2026-02-09 10:20:00,S,1.3149,1.2882801253523768,1.3255479498590492,1.2882801253523768,2.5,2.364,tp,31
2026-02-09 10:25:00,2026-02-09 14:35:00,S,1.2867,1.3037094838024947,1.3037094838024947,1.244176290493763,-1.0,-1.083,sl,50
2026-02-09 15:35:00,2026-02-09 16:45:00,S,1.2953,1.3297951900268068,1.3297951900268068,1.2090620249329826,-1.0,-1.041,sl,14
2026-02-09 17:40:00,2026-02-10 01:40:00,L,1.3372,1.3245,1.3032320468351768,1.4221198829120578,-0.374,-0.417,time,96
2026-02-10 03:10:00,2026-02-10 10:50:00,S,1.307,1.2712468174721514,1.3213012730111393,1.2712468174721514,2.5,2.399,tp,92
2026-02-10 10:55:00,2026-02-10 15:25:00,S,1.2727,1.285149386019491,1.285149386019491,1.2415765349512724,-1.0,-1.112,sl,54
2026-02-11 03:05:00,2026-02-11 06:15:00,S,1.2771,1.2407049756176303,1.2916580097529478,1.2407049756176303,2.5,2.404,tp,38
2026-02-11 06:20:00,2026-02-11 14:00:00,S,1.2419,1.2608714895760764,1.2608714895760764,1.1944712760598089,-1.0,-1.072,sl,92
2026-02-11 15:10:00,2026-02-11 23:10:00,S,1.2247,1.2555,1.2972126185699964,1.0434184535750086,-0.425,-0.443,time,96
2026-02-11 23:25:00,2026-02-12 01:35:00,S,1.2494,1.2785808147230762,1.2785808147230762,1.17644796319231,-1.0,-1.047,sl,26
2026-02-12 02:35:00,2026-02-12 10:35:00,L,1.2793,1.2901,1.2678356778506497,1.3079608053733762,0.942,0.819,time,96
2026-02-12 10:55:00,2026-02-12 12:30:00,L,1.2972,1.2852371364953097,1.2852371364953097,1.3271071587617254,-1.0,-1.119,sl,19
2026-02-12 15:55:00,2026-02-12 23:55:00,S,1.2763,1.2819,1.2982790131270978,1.2213524671822555,-0.255,-0.319,time,96
2026-02-13 00:05:00,2026-02-13 00:30:00,L,1.2857,1.2761539014085623,1.2761539014085623,1.3095652464785945,-1.0,-1.148,sl,5
2026-02-13 02:25:00,2026-02-13 05:05:00,S,1.2725,1.2567028469113413,1.2788188612354634,1.2567028469113413,2.5,2.278,tp,32
2026-02-13 05:10:00,2026-02-13 07:10:00,S,1.2591,1.2698783043018125,1.2698783043018125,1.2321542392454692,-1.0,-1.128,sl,24
2026-02-13 08:30:00,2026-02-13 14:45:00,L,1.2738,1.2980341167177833,1.2641063533128867,1.2980341167177833,2.5,2.355,tp,75
2026-02-13 14:50:00,2026-02-13 22:50:00,L,1.2943,1.3327,1.2748823095619732,1.342844226095067,1.978,1.904,time,96
2026-02-14 00:55:00,2026-02-14 08:55:00,L,1.3407,1.3618,1.3272330259610778,1.3743674350973054,1.567,1.457,time,96
2026-02-14 09:05:00,2026-02-14 17:05:00,L,1.3646,1.402,1.3446524665426156,1.4144688336434612,1.875,1.8,time,96
2026-02-14 17:20:00,2026-02-15 01:20:00,L,1.4101,1.4063,1.386506652387706,1.4690833690307343,-0.161,-0.227,time,96
2026-02-15 04:20:00,2026-02-15 12:10:00,L,1.4214,1.3915141337840715,1.3915141337840715,1.4961146655398212,-1.0,-1.052,sl,94
2026-02-15 12:15:00,2026-02-15 17:45:00,S,1.3924,1.3439050490454556,1.411797980381818,1.3439050490454556,2.5,2.421,tp,66
2026-02-15 17:50:00,2026-02-16 01:50:00,S,1.3363,1.3522,1.3662916002160397,1.261320999459901,-0.53,-0.579,time,96
2026-02-16 04:55:00,2026-02-16 05:15:00,L,1.3631,1.350336618932663,1.350336618932663,1.3950084526683422,-1.0,-1.117,sl,4
2026-02-16 05:25:00,2026-02-16 12:25:00,S,1.3452,1.3709131103821126,1.3709131103821126,1.2809172240447184,-1.0,-1.058,sl,84
2026-02-16 12:30:00,2026-02-16 15:30:00,L,1.3712,1.339949947913147,1.339949947913147,1.4493251302171326,-1.0,-1.048,sl,36
2026-02-16 15:35:00,2026-02-16 20:50:00,S,1.3364,1.3681851801175449,1.3681851801175449,1.256937049706138,-1.0,-1.046,sl,63
2026-02-16 21:15:00,2026-02-17 05:15:00,L,1.3718,1.3687,1.3522909825684875,1.420572543578781,-0.159,-0.236,time,96
2026-02-17 08:45:00,2026-02-17 16:35:00,S,1.3634,1.3794143181947016,1.3794143181947016,1.3233642045132457,-1.0,-1.094,sl,94
2026-02-17 16:40:00,2026-02-17 17:45:00,L,1.3775,1.3428727492325818,1.3428727492325818,1.4640681269185452,-1.0,-1.044,sl,13
2026-02-17 23:05:00,2026-02-18 02:30:00,S,1.3459,1.354079261025072,1.354079261025072,1.3254518474373203,-1.0,-1.181,sl,41
2026-02-18 08:20:00,2026-02-18 11:05:00,L,1.3611,1.3498288138479748,1.3498288138479748,1.3892779653800629,-1.0,-1.133,sl,33
2026-02-18 11:10:00,2026-02-18 15:35:00,S,1.3401,1.3627776996689636,1.3627776996689636,1.2834057508275913,-1.0,-1.065,sl,53
2026-02-18 18:45:00,2026-02-19 02:45:00,S,1.3174,1.3121,1.340281346366694,1.2601966340832647,0.232,0.168,time,96
2026-02-19 08:30:00,2026-02-19 16:30:00,S,1.297,1.2765,1.3143269124083028,1.2536827189792428,1.183,1.101,time,96
2026-02-20 04:20:00,2026-02-20 05:30:00,S,1.2766,1.2931517461285764,1.2931517461285764,1.2352206346785588,-1.0,-1.085,sl,14
2026-02-20 09:05:00,2026-02-20 11:35:00,L,1.306,1.2952727903373982,1.2952727903373982,1.3328180241565049,-1.0,-1.134,sl,30
2026-02-20 11:40:00,2026-02-20 15:00:00,S,1.2971,1.3118764698854728,1.3118764698854728,1.2601588252863176,-1.0,-1.097,sl,40
2026-02-20 15:05:00,2026-02-20 23:05:00,L,1.3264,1.3393,1.2813077759910567,1.4391305600223583,0.286,0.254,time,96
2026-02-21 05:15:00,2026-02-21 13:15:00,L,1.3537,1.3771,1.33651584867849,1.3966603783037745,1.362,1.275,time,96
2026-02-22 02:10:00,2026-02-22 02:30:00,L,1.3626,1.3570337788968372,1.3570337788968372,1.3765155527579072,-1.0,-1.269,sl,4
2026-02-22 05:20:00,2026-02-22 13:20:00,S,1.3428,1.3208,1.3536524605205227,1.3156688486986932,2.027,1.891,time,96
2026-02-22 14:15:00,2026-02-22 22:15:00,S,1.3169,1.3088,1.3239627823237956,1.299243044190511,1.147,0.942,time,96
2026-02-23 00:40:00,2026-02-23 01:00:00,S,1.297,1.2537574574168664,1.3142970170332533,1.2537574574168664,2.5,2.418,tp,4
2026-02-23 01:05:00,2026-02-23 09:05:00,S,1.271,1.2772,1.313291680191378,1.1652707995215543,-0.147,-0.18,time,96
2026-02-23 16:05:00,2026-02-24 00:05:00,S,1.274,1.268,1.2943264782680095,1.2231838043299763,0.295,0.226,time,96
2026-02-24 01:15:00,2026-02-24 09:15:00,S,1.2642,1.2448,1.279845468747584,1.22508632813104,1.24,1.151,time,96
2026-02-24 09:35:00,2026-02-24 17:35:00,S,1.2386,1.252,1.2601166582091534,1.1848083544771162,-0.623,-0.686,time,96
2026-02-25 01:20:00,2026-02-25 09:20:00,L,1.2876,1.2921,1.2349821875425604,1.4191445311435993,0.086,0.059,time,96
2026-02-25 09:30:00,2026-02-25 11:25:00,L,1.2951,1.3559814872397826,1.2707474051040868,1.3559814872397826,2.5,2.442,tp,23
2026-02-25 11:30:00,2026-02-25 12:30:00,L,1.3466,1.4181248076805908,1.3179900769277637,1.4181248076805908,2.5,2.448,tp,12
2026-02-25 12:35:00,2026-02-25 17:50:00,L,1.41,1.5749396155052646,1.344024153797894,1.5749396155052646,2.5,2.476,tp,63
2026-02-25 17:55:00,2026-02-25 21:35:00,L,1.5801,1.7332268361615073,1.5188492655353971,1.7332268361615073,2.5,2.472,tp,44
2026-02-25 21:40:00,2026-02-26 00:05:00,L,1.7329,1.6219734712561291,1.6219734712561291,2.0102163218596774,-1.0,-1.017,sl,29
2026-02-26 09:10:00,2026-02-26 11:35:00,L,1.6153,1.5738187083840383,1.5738187083840383,1.7190032290399042,-1.0,-1.043,sl,29
2026-02-26 12:30:00,2026-02-26 14:50:00,L,1.6209,1.5707592932413132,1.5707592932413132,1.7462517668967168,-1.0,-1.036,sl,28
2026-02-26 20:05:00,2026-02-27 02:45:00,L,1.5776,1.6458632192277642,1.5502947123088942,1.6458632192277642,2.5,2.436,tp,80
2026-02-27 02:50:00,2026-02-27 05:05:00,L,1.6509,1.6102526761363285,1.6102526761363285,1.752518309659179,-1.0,-1.045,sl,27
2026-02-27 18:05:00,2026-02-28 02:05:00,L,1.5954,1.5995,1.5441773133569145,1.7234567166077133,0.08,0.046,time,96
2026-02-28 02:25:00,2026-02-28 04:10:00,L,1.6072,1.5706368869210274,1.5706368869210274,1.6986077826974313,-1.0,-1.048,sl,21
2026-02-28 04:15:00,2026-02-28 12:15:00,S,1.5613,1.4883,1.6083943740736157,1.4435640648159604,1.55,1.514,time,96
2026-02-28 18:15:00,2026-03-01 02:15:00,L,1.5589,1.6455,1.503467910578228,1.6974802235544297,1.562,1.531,time,96
2026-03-01 07:40:00,2026-03-01 08:00:00,L,1.6144,1.5907358779283591,1.5907358779283591,1.6735603051791024,-1.0,-1.075,sl,4
2026-03-01 09:05:00,2026-03-01 17:05:00,S,1.5811,1.5395,1.6046270082994556,1.522282479251361,1.768,1.694,time,96
2026-03-01 17:25:00,2026-03-02 00:40:00,S,1.532,1.5601916337325252,1.5601916337325252,1.461520915668687,-1.0,-1.06,sl,87
2026-03-02 00:45:00,2026-03-02 06:15:00,L,1.5662,1.5290926638959141,1.5290926638959141,1.658968340260215,-1.0,-1.046,sl,66
2026-03-02 06:20:00,2026-03-02 14:20:00,S,1.5215,1.512,1.5481470098054118,1.4548824754864709,0.357,0.294,time,96
2026-03-02 15:10:00,2026-03-02 23:10:00,L,1.5527,1.5089,1.5041154334259854,1.6741614164350365,-0.902,-0.937,time,96
2026-03-03 00:20:00,2026-03-03 07:55:00,S,1.4949,1.515888068607122,1.515888068607122,1.4424298284821944,-1.0,-1.078,sl,91
2026-03-03 10:00:00,2026-03-03 14:20:00,S,1.4835,1.5124633801601064,1.5124633801601064,1.411091549599734,-1.0,-1.056,sl,52
2026-03-03 16:10:00,2026-03-04 00:10:00,L,1.5259,1.5268,1.4911236755526012,1.612840811118497,0.026,-0.022,time,96
2026-03-04 00:25:00,2026-03-04 02:35:00,L,1.5301,1.5208136282072373,1.5208136282072373,1.5533159294819068,-1.0,-1.181,sl,26
2026-03-04 04:25:00,2026-03-04 08:45:00,S,1.5124,1.5455185356784211,1.5455185356784211,1.429603660803947,-1.0,-1.05,sl,52
2026-03-04 08:50:00,2026-03-04 12:15:00,L,1.5478,1.5226421137597934,1.5226421137597934,1.6106947156005167,-1.0,-1.068,sl,41
2026-03-04 12:20:00,2026-03-04 14:30:00,S,1.5218,1.5499431294014083,1.5499431294014083,1.4514421764964793,-1.0,-1.059,sl,26
2026-03-04 16:00:00,2026-03-05 00:00:00,L,1.5551,1.5333,1.511243441981683,1.6647413950457923,-0.497,-0.536,time,96
2026-03-05 04:55:00,2026-03-05 05:30:00,L,1.5447,1.5234887450336714,1.5234887450336714,1.5977281374158214,-1.0,-1.08,sl,7
2026-03-05 05:40:00,2026-03-05 13:40:00,S,1.515,1.5195,1.554044349434147,1.4173891264146323,-0.115,-0.158,time,96
2026-03-05 14:40:00,2026-03-05 15:10:00,L,1.5288,1.5137129568227965,1.5137129568227965,1.5665176079430085,-1.0,-1.111,sl,6
2026-03-05 16:10:00,2026-03-05 20:15:00,S,1.4824,1.5333147188351448,1.5333147188351448,1.3551132029121378,-1.0,-1.032,sl,49
2026-03-05 20:20:00,2026-03-06 04:20:00,L,1.5339,1.5244,1.5046146687398387,1.6071133281504033,-0.324,-0.382,time,96
2026-03-06 07:30:00,2026-03-06 09:10:00,L,1.5387,1.5184198591463822,1.5184198591463822,1.5894003521340443,-1.0,-1.083,sl,20
2026-03-06 09:20:00,2026-03-06 14:00:00,S,1.5208,1.4848086481323235,1.5351965407470705,1.4848086481323235,2.5,2.384,tp,56
2026-03-06 14:05:00,2026-03-06 22:05:00,S,1.4961,1.4896,1.5191021968470748,1.4385945078823128,0.283,0.211,time,96
2026-03-07 09:05:00,2026-03-07 17:05:00,S,1.485,1.4765,1.5130595322319924,1.4148511694200194,0.303,0.245,time,96
2026-03-07 18:05:00,2026-03-08 02:05:00,S,1.4651,1.4411,1.480229364515699,1.4272765887107528,1.586,1.48,time,96
2026-03-08 02:55:00,2026-03-08 07:05:00,S,1.4281,1.4472319626305787,1.4472319626305787,1.3802700934235528,-1.0,-1.082,sl,50
2026-03-08 12:30:00,2026-03-08 13:25:00,L,1.4795,1.4556822941907475,1.4556822941907475,1.5390442645231315,-1.0,-1.068,sl,11
2026-03-08 13:30:00,2026-03-08 21:30:00,S,1.4643,1.454,1.484413058971837,1.4140173525704074,0.512,0.432,time,96
2026-03-08 22:05:00,2026-03-09 00:30:00,S,1.4329,1.465592875628836,1.465592875628836,1.3511678109279104,-1.0,-1.048,sl,29
2026-03-09 05:35:00,2026-03-09 07:15:00,L,1.4977,1.4758680014413106,1.4758680014413106,1.5522799963967238,-1.0,-1.075,sl,20
2026-03-09 13:15:00,2026-03-09 21:15:00,L,1.4918,1.5066,1.4686186917711814,1.5497532705720465,0.638,0.568,time,96
2026-03-10 00:50:00,2026-03-10 08:50:00,L,1.5074,1.5201,1.4874613255383882,1.5572466861540297,0.637,0.554,time,96
2026-03-10 09:25:00,2026-03-10 11:00:00,L,1.5367,1.5166553255516941,1.5166553255516941,1.5868116861207646,-1.0,-1.084,sl,19
2026-03-10 14:50:00,2026-03-10 18:40:00,L,1.5188,1.4927868716300412,1.4927868716300412,1.5838328209248966,-1.0,-1.064,sl,46
2026-03-10 18:45:00,2026-03-11 02:45:00,S,1.496,1.4796,1.5237588256348642,1.4266029359128396,0.591,0.532,time,96
2026-03-11 05:45:00,2026-03-11 07:05:00,S,1.4771,1.4951265529019326,1.4951265529019326,1.4320336177451687,-1.0,-1.09,sl,16
2026-03-11 12:15:00,2026-03-11 20:15:00,L,1.5178,1.5416,1.5009408146569487,1.5599479633576283,1.412,1.313,time,96
2026-03-12 02:35:00,2026-03-12 03:45:00,S,1.5114,1.4974438555255887,1.5169824577897646,1.4974438555255887,2.5,2.202,tp,14
2026-03-12 03:50:00,2026-03-12 07:30:00,S,1.4957,1.5079893302953453,1.5079893302953453,1.4649766742616368,-1.0,-1.134,sl,44
2026-03-12 07:35:00,2026-03-12 13:15:00,L,1.5071,1.4965774619684702,1.4965774619684702,1.533406345078825,-1.0,-1.158,sl,68
2026-03-12 13:20:00,2026-03-12 19:25:00,S,1.4967,1.5102187358776573,1.5102187358776573,1.4629031603058564,-1.0,-1.122,sl,73
2026-03-12 19:30:00,2026-03-13 03:30:00,L,1.5107,1.5278,1.4918093089741216,1.5579267275646957,0.905,0.817,time,96
2026-03-13 06:30:00,2026-03-13 12:45:00,S,1.5136,1.528910402954493,1.528910402954493,1.4753239926137676,-1.0,-1.109,sl,75
2026-03-13 13:20:00,2026-03-13 14:55:00,L,1.5461,1.5129959176618915,1.5129959176618915,1.6288602058452715,-1.0,-1.051,sl,19
2026-03-13 15:05:00,2026-03-13 23:05:00,S,1.5135,1.4611,1.546885575325425,1.430036061686438,1.57,1.52,time,96
2026-03-14 01:35:00,2026-03-14 09:35:00,S,1.4453,1.431,1.454319656644786,1.422750858388035,1.585,1.409,time,96
2026-03-14 09:50:00,2026-03-14 12:20:00,S,1.4273,1.4392737551062897,1.4392737551062897,1.3973656122342757,-1.0,-1.131,sl,30
2026-03-14 14:35:00,2026-03-14 19:55:00,S,1.4276,1.4116623962883574,1.433975041484657,1.4116623962883574,2.5,2.254,tp,64
2026-03-14 20:00:00,2026-03-15 02:45:00,S,1.411,1.4250998388928573,1.4250998388928573,1.3757504027678569,-1.0,-1.11,sl,81
2026-03-15 13:15:00,2026-03-15 21:15:00,S,1.4208,1.4208,1.4415698836362612,1.3688752909093473,-0.0,-0.075,time,96
2026-03-15 22:35:00,2026-03-16 03:30:00,L,1.4308,1.4721156705787133,1.4142737317685148,1.4721156705787133,2.5,2.405,tp,59
2026-03-16 03:35:00,2026-03-16 08:10:00,L,1.4828,1.611113193131711,1.4314747227473155,1.611113193131711,2.5,2.468,tp,55
2026-03-16 08:15:00,2026-03-16 10:30:00,L,1.6078,1.5803144696725342,1.5803144696725342,1.676513825818664,-1.0,-1.064,sl,27
2026-03-16 11:10:00,2026-03-16 14:30:00,L,1.6292,1.5687900474945555,1.5687900474945555,1.780224881263611,-1.0,-1.03,sl,40
2026-03-16 17:35:00,2026-03-16 20:35:00,L,1.5951,1.64187330577051,1.576390677691796,1.64187330577051,2.5,2.406,tp,36
2026-03-16 20:40:00,2026-03-17 03:30:00,L,1.6495,1.601494669529837,1.601494669529837,1.769513326175407,-1.0,-1.038,sl,82
2026-03-17 07:50:00,2026-03-17 12:25:00,L,1.6137,1.5913765600506624,1.5913765600506624,1.6695085998733437,-1.0,-1.08,sl,55
2026-03-17 18:10:00,2026-03-18 02:10:00,L,1.6017,1.6339,1.5857376145099655,1.6416059637250857,2.017,1.907,time,96
2026-03-18 02:20:00,2026-03-18 07:00:00,L,1.6403,1.6217317204073212,1.6217317204073212,1.6867206989816974,-1.0,-1.097,sl,56
2026-03-18 09:35:00,2026-03-18 11:30:00,L,1.6386,1.6190988947875393,1.6190988947875393,1.6873527630311518,-1.0,-1.092,sl,23
2026-03-18 12:10:00,2026-03-18 20:10:00,S,1.5918,1.5485,1.635780197000109,1.481849507499728,0.985,0.945,time,96
2026-03-18 20:15:00,2026-03-18 23:35:00,S,1.5485,1.567653111185602,1.567653111185602,1.500617222035995,-1.0,-1.089,sl,40
2026-03-19 02:05:00,2026-03-19 03:15:00,S,1.5549,1.5632616100767636,1.5632616100767636,1.533995974808091,-1.0,-1.205,sl,14
2026-03-19 05:30:00,2026-03-19 13:30:00,S,1.5423,1.5187,1.5584909619650515,1.5018225950873711,1.458,1.353,time,96
2026-03-19 13:45:00,2026-03-19 17:15:00,S,1.5245,1.4955518594964126,1.536079256201435,1.4955518594964126,2.5,2.355,tp,42
2026-03-19 22:35:00,2026-03-20 01:00:00,S,1.5094,1.5289904105365528,1.5289904105365528,1.4604239736586182,-1.0,-1.085,sl,29
2026-03-20 09:25:00,2026-03-20 17:25:00,S,1.5196,1.5116,1.5437020838042135,1.4593447904894665,0.332,0.263,time,96
2026-03-20 17:30:00,2026-03-21 01:30:00,S,1.5116,1.5058,1.5228622820989268,1.4834442947526831,0.515,0.367,time,96
2026-03-21 07:50:00,2026-03-21 15:50:00,S,1.5037,1.5062,1.5128981986355727,1.4807045034110682,-0.272,-0.452,time,96
2026-03-21 19:20:00,2026-03-21 20:55:00,S,1.4928,1.5004981777268058,1.5004981777268058,1.473554555682985,-1.0,-1.213,sl,19
2026-03-21 23:35:00,2026-03-21 23:50:00,S,1.4915,1.4726793909248674,1.499028243630053,1.4726793909248674,2.5,2.282,tp,3
2026-03-21 23:55:00,2026-03-22 07:55:00,S,1.471,1.4557,1.4970049372112186,1.4059876569719538,0.588,0.526,time,96
2026-03-22 08:00:00,2026-03-22 11:55:00,S,1.4557,1.431555194622912,1.4653579221508353,1.431555194622912,2.5,2.334,tp,47
2026-03-22 12:00:00,2026-03-22 12:15:00,S,1.4319,1.4394379692997779,1.4394379692997779,1.4130550767505552,-1.0,-1.209,sl,3
2026-03-22 14:05:00,2026-03-22 21:05:00,S,1.4321,1.3977762091094803,1.4458295163562078,1.3977762091094803,2.5,2.385,tp,84
2026-03-22 21:10:00,2026-03-22 22:25:00,S,1.4072,1.4189422014673763,1.4189422014673763,1.3778444963315595,-1.0,-1.132,sl,15
2026-03-23 06:15:00,2026-03-23 11:05:00,S,1.427,1.4388251058171597,1.4388251058171597,1.397437235457101,-1.0,-1.133,sl,58
2026-03-23 11:10:00,2026-03-23 19:10:00,L,1.4785,1.4331,1.412013662705803,1.644715843235492,-0.683,-0.707,time,96
2026-03-23 19:35:00,2026-03-24 03:35:00,S,1.4249,1.4116,1.4418534720794218,1.3825163198014456,0.785,0.692,time,96
2026-03-24 11:15:00,2026-03-24 19:15:00,S,1.3956,1.3776,1.4142776866352162,1.348905783411959,0.964,0.882,time,96
2026-03-25 03:15:00,2026-03-25 11:15:00,S,1.3915,1.3902,1.406736583333483,1.3534085416662922,0.085,-0.015,time,96
2026-03-25 13:45:00,2026-03-25 21:45:00,S,1.3781,1.349,1.3923767356287453,1.342408160928137,2.038,1.932,time,96
2026-03-26 02:35:00,2026-03-26 10:35:00,S,1.3467,1.3089,1.365762567523042,1.2990435811923948,1.983,1.905,time,96
2026-03-26 19:30:00,2026-03-26 20:10:00,S,1.306,1.3234427880342796,1.3234427880342796,1.2623930299143011,-1.0,-1.082,sl,8
2026-03-27 03:25:00,2026-03-27 10:35:00,S,1.3166,1.2800568802120376,1.331217247915185,1.2800568802120376,2.5,2.401,tp,86
2026-03-27 10:40:00,2026-03-27 18:40:00,S,1.2844,1.2777,1.3032350058507265,1.2373124853731836,0.356,0.281,time,96
2026-03-27 19:10:00,2026-03-27 20:00:00,S,1.2736,1.2822228944477583,1.2822228944477583,1.2520427638806044,-1.0,-1.162,sl,10
2026-03-28 01:40:00,2026-03-28 05:45:00,S,1.2741,1.2893448672517358,1.2893448672517358,1.2359878318706605,-1.0,-1.092,sl,49
2026-03-28 09:45:00,2026-03-28 13:40:00,S,1.2892,1.3034344649521468,1.3034344649521468,1.2536138376196329,-1.0,-1.1,sl,47
2026-03-28 17:25:00,2026-03-28 23:10:00,S,1.2798,1.2531477777946263,1.2904608888821496,1.2531477777946263,2.5,2.368,tp,69
2026-03-28 23:15:00,2026-03-29 06:00:00,S,1.2591,1.272508049822344,1.272508049822344,1.2255798754441405,-1.0,-1.103,sl,81
2026-03-29 10:30:00,2026-03-29 11:05:00,S,1.2643,1.2736006656605383,1.2736006656605383,1.2410483358486541,-1.0,-1.15,sl,7
2026-03-29 12:35:00,2026-03-29 20:35:00,S,1.2601,1.259,1.2745217633097963,1.2240455917255093,0.076,-0.02,time,96
2026-03-29 22:45:00,2026-03-30 00:15:00,S,1.2439,1.26803273936815,1.26803273936815,1.1835681515796248,-1.0,-1.057,sl,18
2026-03-30 07:55:00,2026-03-30 09:30:00,L,1.2752,1.2660566531802337,1.2660566531802337,1.2980583670494152,-1.0,-1.153,sl,19
2026-03-30 10:40:00,2026-03-30 10:50:00,S,1.2664,1.2699292328044403,1.2699292328044403,1.2575769179888994,-1.0,-1.395,sl,2
2026-03-30 11:30:00,2026-03-30 13:55:00,L,1.2769,1.26384297841853,1.26384297841853,1.3095425539536745,-1.0,-1.108,sl,29
2026-03-30 14:00:00,2026-03-30 22:00:00,S,1.2645,1.2486,1.2801523820970033,1.2253690447574916,1.016,0.927,time,96
2026-03-31 05:05:00,2026-03-31 07:45:00,S,1.2449,1.254782215529741,1.254782215529741,1.2201944611756472,-1.0,-1.139,sl,32
2026-03-31 08:50:00,2026-03-31 13:30:00,S,1.2444,1.2580777126803167,1.2580777126803167,1.2102057182992083,-1.0,-1.1,sl,56
2026-03-31 13:35:00,2026-03-31 21:35:00,L,1.2594,1.2616,1.2400142066593842,1.3078644833515396,0.113,0.042,time,96
2026-03-31 23:20:00,2026-04-01 03:05:00,S,1.2526,1.2590012642813426,1.2590012642813426,1.2365968392966433,-1.0,-1.215,sl,45
2026-04-01 03:10:00,2026-04-01 11:10:00,L,1.2629,1.2747,1.2453500594792468,1.3067748513018826,0.672,0.593,time,96
2026-04-01 19:00:00,2026-04-02 02:15:00,S,1.2591,1.226166606246759,1.2722733575012966,1.226166606246759,2.5,2.395,tp,87
2026-04-02 02:20:00,2026-04-02 10:20:00,S,1.2232,1.2152,1.2564413935570413,1.140096516107397,0.241,0.2,time,96
2026-04-02 11:15:00,2026-04-02 11:40:00,S,1.2088,1.216254103779014,1.216254103779014,1.1901647405524654,-1.0,-1.178,sl,5
2026-04-02 13:05:00,2026-04-02 14:30:00,S,1.2065,1.2159140366895553,1.2159140366895553,1.1829649082761113,-1.0,-1.141,sl,17
2026-04-03 00:05:00,2026-04-03 08:05:00,L,1.2397,1.2557,1.2269503522515024,1.2715741193712442,1.255,1.148,time,96
2026-04-03 11:50:00,2026-04-03 13:45:00,L,1.2569,1.245994477634655,1.245994477634655,1.2841638059133622,-1.0,-1.127,sl,23
2026-04-03 19:05:00,2026-04-04 03:05:00,S,1.2398,1.2366,1.252127681628716,1.2089807959282104,0.26,0.149,time,96
2026-04-04 03:50:00,2026-04-04 11:50:00,L,1.2439,1.2559,1.2345683241367733,1.2672291896580667,1.286,1.139,time,96
2026-04-04 11:55:00,2026-04-04 19:55:00,L,1.2559,1.2547,1.2433002241705498,1.2873994395736257,-0.095,-0.205,time,96
2026-04-05 05:25:00,2026-04-05 06:10:00,S,1.2426,1.2280866803124475,1.248405327875021,1.2280866803124475,2.5,2.265,tp,9
2026-04-05 06:15:00,2026-04-05 14:15:00,S,1.2265,1.2242,1.2438651413357948,1.1830871466605126,0.132,0.055,time,96
2026-04-05 23:05:00,2026-04-06 02:10:00,L,1.234,1.2659020634250588,1.2212391746299764,1.2659020634250588,2.5,2.394,tp,37
2026-04-06 02:15:00,2026-04-06 10:15:00,L,1.2642,1.2919,1.2434638753310625,1.3160403116723436,1.336,1.269,time,96
2026-04-06 10:25:00,2026-04-06 14:35:00,L,1.2976,1.277109329480003,1.277109329480003,1.3488266762999925,-1.0,-1.07,sl,50
2026-04-06 22:05:00,2026-04-07 06:05:00,S,1.2589,1.2302,1.2711403701376405,1.2282990746558986,2.345,2.232,time,96
2026-04-07 06:20:00,2026-04-07 07:30:00,S,1.2274,1.2374431521210805,1.2374431521210805,1.202292119697299,-1.0,-1.134,sl,14
2026-04-07 10:30:00,2026-04-07 14:05:00,S,1.2321,1.213817752260257,1.2394128990958972,1.213817752260257,2.5,2.315,tp,43
2026-04-07 14:10:00,2026-04-07 19:50:00,S,1.2108,1.2332546680317986,1.2332546680317986,1.1546633299205038,-1.0,-1.059,sl,68
2026-04-07 21:10:00,2026-04-07 22:30:00,L,1.2472,1.2935598915508986,1.2286560433796407,1.2935598915508986,2.5,2.426,tp,16
2026-04-07 22:35:00,2026-04-08 06:35:00,L,1.2976,1.3245,1.2474173352510785,1.4230566618723042,0.536,0.508,time,96
2026-04-08 18:50:00,2026-04-09 02:50:00,S,1.2784,1.2573,1.2927965971710775,1.242408507072306,1.466,1.368,time,96
2026-04-09 05:00:00,2026-04-09 05:35:00,S,1.2507,1.2540768536880185,1.2540768536880185,1.2422578657799535,-1.0,-1.407,sl,7
2026-04-09 09:05:00,2026-04-09 10:40:00,S,1.2459,1.2560892394347725,1.2560892394347725,1.2204269014130689,-1.0,-1.135,sl,19
2026-04-09 12:20:00,2026-04-09 14:45:00,S,1.2393,1.252560501697352,1.252560501697352,1.2061487457566202,-1.0,-1.103,sl,29
2026-04-09 15:15:00,2026-04-09 22:15:00,L,1.2616,1.3319557625368479,1.233457694985261,1.3319557625368479,2.5,2.451,tp,84
2026-04-09 22:20:00,2026-04-09 23:30:00,L,1.3412,1.301000438936687,1.301000438936687,1.4416989026582825,-1.0,-1.037,sl,14
2026-04-10 05:10:00,2026-04-10 07:15:00,L,1.2994,1.2853142084090063,1.2853142084090063,1.3346144789774845,-1.0,-1.101,sl,25
2026-04-10 13:15:00,2026-04-10 15:20:00,L,1.2983,1.325183117051425,1.28754675317943,1.325183117051425,2.5,2.367,tp,25
2026-04-10 15:25:00,2026-04-10 17:35:00,L,1.3248,1.3023900742272905,1.3023900742272905,1.3808248144317736,-1.0,-1.065,sl,26
2026-04-10 19:10:00,2026-04-10 20:35:00,L,1.3154,1.305762587650339,1.305762587650339,1.3394935308741522,-1.0,-1.15,sl,17
2026-04-11 01:05:00,2026-04-11 09:05:00,S,1.2952,1.2781,1.307779099581541,1.2637522510461472,1.359,1.246,time,96
2026-04-11 13:35:00,2026-04-11 16:10:00,S,1.2666,1.2831669095241809,1.2831669095241809,1.2251827261895476,-1.0,-1.084,sl,31
2026-04-11 16:15:00,2026-04-11 19:25:00,L,1.2834,1.3105032592805121,1.2725586962877953,1.3105032592805121,2.5,2.37,tp,38
2026-04-11 19:30:00,2026-04-11 23:05:00,L,1.3105,1.2842098984563632,1.2842098984563632,1.3762252538590918,-1.0,-1.055,sl,43
2026-04-11 23:10:00,2026-04-12 05:15:00,S,1.2801,1.2226906608823715,1.3030637356470514,1.2226906608823715,2.5,2.439,tp,73
2026-04-12 05:20:00,2026-04-12 13:20:00,S,1.2251,1.2237,1.2383594731359902,1.191951317160025,0.106,0.004,time,96
2026-04-12 22:05:00,2026-04-13 04:50:00,S,1.2264,1.1812157059621415,1.2444737176151432,1.1812157059621415,2.5,2.425,tp,81
2026-04-13 04:55:00,2026-04-13 12:55:00,S,1.185,1.1698,1.2320221397302888,1.067444650674278,0.323,0.296,time,96
2026-04-13 21:05:00,2026-04-13 22:15:00,S,1.1706,1.2000742164183915,1.2000742164183915,1.0969144589540214,-1.0,-1.044,sl,14
2026-04-13 22:30:00,2026-04-14 05:50:00,L,1.2054,1.179868116557892,1.179868116557892,1.2692297086052702,-1.0,-1.052,sl,88
2026-04-14 05:55:00,2026-04-14 13:55:00,S,1.1802,1.1798,1.199865803863084,1.1310354903422897,0.02,-0.046,time,96
2026-04-14 14:40:00,2026-04-14 22:40:00,S,1.1702,1.155,1.1852781632675897,1.1325045918310255,1.008,0.923,time,96
2026-04-15 06:05:00,2026-04-15 14:05:00,S,1.1579,1.1645,1.173019710836579,1.1201007229085524,-0.437,-0.521,time,96
2026-04-15 17:10:00,2026-04-16 00:15:00,L,1.1839,1.1697076412607466,1.1697076412607466,1.2193808968481334,-1.0,-1.092,sl,85
2026-04-16 00:20:00,2026-04-16 02:25:00,S,1.1716,1.1828738365777998,1.1828738365777998,1.1434154085555006,-1.0,-1.114,sl,25
2026-04-16 03:10:00,2026-04-16 06:35:00,L,1.1937,1.2410711462819486,1.1747515414872205,1.2410711462819486,2.5,2.431,tp,41
2026-04-16 06:40:00,2026-04-16 12:15:00,L,1.2404,1.2807611771486238,1.2242555291405504,1.2807611771486238,2.5,2.415,tp,67
2026-04-16 12:20:00,2026-04-16 19:40:00,L,1.2793,1.3431900374234749,1.2537439850306102,1.3431900374234749,2.5,2.445,tp,88
2026-04-16 19:45:00,2026-04-16 21:25:00,L,1.3445,1.3186215337574148,1.3186215337574148,1.4091961656064633,-1.0,-1.057,sl,20
2026-04-17 06:15:00,2026-04-17 14:15:00,L,1.3034,1.3434,1.2831278974381313,1.3540802564046714,1.973,1.902,time,96
2026-04-17 14:45:00,2026-04-17 15:00:00,L,1.3438,1.3327707432323062,1.3327707432323062,1.371373141919235,-1.0,-1.134,sl,3
2026-04-17 16:40:00,2026-04-17 20:40:00,L,1.3489,1.3252032964336133,1.3252032964336133,1.4081417589159666,-1.0,-1.063,sl,48
2026-04-17 23:00:00,2026-04-17 23:15:00,L,1.342,1.3264400550555004,1.3264400550555004,1.3808998623612492,-1.0,-1.095,sl,3
2026-04-18 07:35:00,2026-04-18 08:00:00,L,1.3372,1.3276438604082696,1.3276438604082696,1.3610903489793258,-1.0,-1.154,sl,5
2026-04-18 10:35:00,2026-04-18 18:35:00,S,1.294,1.2743,1.3143712867065818,1.2430717832335456,0.967,0.897,time,96
2026-04-18 18:40:00,2026-04-19 02:40:00,S,1.2743,1.2709,1.2927728786741919,1.2281178033145204,0.184,0.108,time,96
2026-04-19 07:20:00,2026-04-19 11:05:00,S,1.2538,1.266206850881338,1.266206850881338,1.222782872796655,-1.0,-1.111,sl,45
2026-04-19 15:35:00,2026-04-19 23:35:00,S,1.2668,1.2376,1.285413763950148,1.22026559012463,1.569,1.494,time,96
2026-04-20 05:45:00,2026-04-20 06:40:00,S,1.2497,1.2672085790384142,1.2672085790384142,1.2059285524039645,-1.0,-1.079,sl,11
2026-04-20 18:05:00,2026-04-21 02:05:00,L,1.2806,1.2759,1.2653031624392674,1.3188420939018313,-0.307,-0.399,time,96
2026-04-21 02:25:00,2026-04-21 08:45:00,S,1.2729,1.2867948545557946,1.2867948545557946,1.2381628636105133,-1.0,-1.101,sl,76
2026-04-21 11:35:00,2026-04-21 12:05:00,L,1.2903,1.2809102947846271,1.2809102947846271,1.3137742630384321,-1.0,-1.151,sl,6
2026-04-21 13:20:00,2026-04-21 14:40:00,S,1.2702,1.2831251601771263,1.2831251601771263,1.2378870995571842,-1.0,-1.108,sl,16
2026-04-21 17:20:00,2026-04-21 23:45:00,S,1.2593,1.2778408183431933,1.2778408183431933,1.2129479541420172,-1.0,-1.075,sl,77
2026-04-21 23:50:00,2026-04-22 05:10:00,L,1.2788,1.3081286824656824,1.267068527013727,1.3081286824656824,2.5,2.38,tp,64
2026-04-22 05:15:00,2026-04-22 13:15:00,L,1.3086,1.3029,1.2880197599652532,1.360050600086867,-0.277,-0.347,time,96
2026-04-22 19:05:00,2026-04-23 02:30:00,S,1.2845,1.2562901591756974,1.295783936329721,1.2562901591756974,2.5,2.375,tp,89
2026-04-23 02:35:00,2026-04-23 10:35:00,S,1.2578,1.2408,1.2694446792154923,1.2286883019612693,1.46,1.341,time,96
2026-04-23 14:05:00,2026-04-23 14:25:00,S,1.2421,1.2463826774960336,1.2463826774960336,1.2313933062599158,-1.0,-1.319,sl,4
2026-04-23 17:10:00,2026-04-24 01:10:00,S,1.2354,1.2431,1.2519913709203923,1.1939215726990196,-0.464,-0.546,time,96
2026-04-24 03:35:00,2026-04-24 11:00:00,S,1.233,1.2494116611078383,1.2494116611078383,1.1919708472304045,-1.0,-1.083,sl,89
2026-04-24 11:10:00,2026-04-24 19:10:00,L,1.2515,1.2546,1.2342174409412392,1.2947063976469022,0.179,0.1,time,96
2026-04-24 22:40:00,2026-04-25 01:15:00,S,1.2467,1.2614217034904285,1.2614217034904285,1.2098957412739284,-1.0,-1.093,sl,31
2026-04-25 01:20:00,2026-04-25 09:20:00,L,1.261,1.2685,1.2509695069414286,1.2860762326464281,0.748,0.609,time,96
2026-04-25 10:05:00,2026-04-25 11:05:00,L,1.2712,1.2655561612906427,1.2655561612906427,1.2853095967733936,-1.0,-1.248,sl,12
2026-04-25 11:25:00,2026-04-25 19:25:00,S,1.2614,1.2385,1.271445433511648,1.2362864162208802,2.28,2.142,time,96
2026-04-25 19:35:00,2026-04-25 21:00:00,S,1.2372,1.2447932147609841,1.2447932147609841,1.21821696309754,-1.0,-1.179,sl,17
2026-04-26 00:35:00,2026-04-26 04:45:00,S,1.2416,1.2469741474759337,1.2469741474759337,1.228164631310166,-1.0,-1.254,sl,50
2026-04-26 05:15:00,2026-04-26 13:15:00,L,1.2546,1.2606,1.23858923649882,1.2946269087529498,0.375,0.289,time,96
2026-04-26 18:20:00,2026-04-26 21:30:00,L,1.2658,1.2572545943416387,1.2572545943416387,1.2871635141459035,-1.0,-1.163,sl,38
2026-04-27 05:05:00,2026-04-27 05:15:00,S,1.263,1.2485919100600098,1.268763235975996,1.2485919100600098,2.5,2.259,tp,2
2026-04-27 05:20:00,2026-04-27 13:20:00,S,1.25,1.2344,1.2688830842783003,1.202792289304249,0.826,0.753,time,96
2026-04-27 15:20:00,2026-04-27 23:20:00,S,1.219,1.2288,1.2383732797624398,1.1705668005939007,-0.506,-0.575,time,96
2026-04-28 02:45:00,2026-04-28 04:15:00,S,1.2278,1.2378389403270957,1.2378389403270957,1.2027026491822608,-1.0,-1.135,sl,18
2026-04-28 07:15:00,2026-04-28 15:15:00,S,1.2226,1.2322,1.2367014316888827,1.1873464207777928,-0.681,-0.776,time,96
2026-04-28 19:50:00,2026-04-28 21:10:00,L,1.2334,1.2275416963897177,1.2275416963897177,1.2480457590257061,-1.0,-1.232,sl,16
2026-04-29 03:40:00,2026-04-29 09:50:00,L,1.233,1.250874749980027,1.2258501000079893,1.250874749980027,2.5,2.31,tp,74
2026-04-29 09:55:00,2026-04-29 12:15:00,L,1.2506,1.2328657362473656,1.2328657362473656,1.2949356593815857,-1.0,-1.078,sl,28
2026-04-29 12:20:00,2026-04-29 18:05:00,S,1.2345,1.1853615523458576,1.2541553790616569,1.1853615523458576,2.5,2.431,tp,69
2026-04-29 18:10:00,2026-04-30 00:35:00,S,1.1818,1.2193307301562208,1.2193307301562208,1.0879731746094476,-1.0,-1.035,sl,77
2026-04-30 02:40:00,2026-04-30 10:40:00,S,1.2079,1.2111,1.2252132956478183,1.164616760880454,-0.185,-0.262,time,96
2026-04-30 21:50:00,2026-05-01 03:15:00,S,1.2033,1.2091651758333164,1.2091651758333164,1.1886370604167091,-1.0,-1.226,sl,65
2026-05-01 06:35:00,2026-05-01 12:30:00,S,1.2038,1.2103826091206367,1.2103826091206367,1.1873434771984082,-1.0,-1.201,sl,71
2026-05-01 13:25:00,2026-05-01 14:25:00,L,1.2098,1.224432121168379,1.2039471515326483,1.224432121168379,2.5,2.273,tp,12
2026-05-01 14:30:00,2026-05-01 15:10:00,L,1.2264,1.2091316330565671,1.2091316330565671,1.2695709173585819,-1.0,-1.078,sl,8
2026-05-01 16:30:00,2026-05-02 00:30:00,S,1.2081,1.2039,1.22032903560059,1.1775274109985248,0.343,0.235,time,96
2026-05-02 04:55:00,2026-05-02 09:15:00,S,1.2008,1.2083606304167218,1.2083606304167218,1.1818984239581958,-1.0,-1.175,sl,52
2026-05-02 09:20:00,2026-05-02 17:20:00,L,1.209,1.2121,1.1978329149363383,1.2369177126591546,0.278,0.159,time,96
2026-05-02 18:55:00,2026-05-03 02:10:00,L,1.2177,1.2075314487287157,1.2075314487287157,1.243121378178211,-1.0,-1.132,sl,87
2026-05-03 02:15:00,2026-05-03 08:15:00,S,1.2066,1.2171361554353894,1.2171361554353894,1.180259611411526,-1.0,-1.126,sl,72
2026-05-03 13:30:00,2026-05-03 19:30:00,S,1.2066,1.21617655926892,1.21617655926892,1.1826586018276997,-1.0,-1.139,sl,72
2026-05-03 19:35:00,2026-05-03 21:40:00,L,1.2157,1.2111544957480522,1.2111544957480522,1.2270637606298695,-1.0,-1.294,sl,25
2026-05-03 21:45:00,2026-05-03 22:10:00,S,1.2088,1.2222992081576185,1.2222992081576185,1.175051979605954,-1.0,-1.099,sl,5
2026-05-04 00:05:00,2026-05-04 01:30:00,S,1.2058,1.2217527315772134,1.2217527315772134,1.1659181710569664,-1.0,-1.083,sl,17
2026-05-04 02:00:00,2026-05-04 10:00:00,L,1.2284,1.2273,1.2076748816577292,1.2802127958556768,-0.053,-0.118,time,96
2026-05-04 10:05:00,2026-05-04 18:05:00,S,1.2273,1.2412,1.2492070521481922,1.1725323696295198,-0.634,-0.696,time,96
2026-05-04 21:45:00,2026-05-05 05:45:00,L,1.2376,1.2447,1.2221291525529334,1.2762771186176667,0.459,0.371,time,96
2026-05-05 06:55:00,2026-05-05 12:30:00,L,1.2483,1.2676015216661036,1.2405793913335585,1.2676015216661036,2.5,2.322,tp,67
2026-05-05 12:45:00,2026-05-05 16:40:00,L,1.2721,1.254855267385467,1.254855267385467,1.3152118315363328,-1.0,-1.081,sl,47
2026-05-05 20:05:00,2026-05-06 03:30:00,L,1.2757,1.3008313540126564,1.2656474583949375,1.3008313540126564,2.5,2.36,tp,89
2026-05-06 03:35:00,2026-05-06 11:35:00,L,1.304,1.3252,1.280083762658814,1.3637905933529653,0.886,0.826,time,96
2026-05-06 16:55:00,2026-05-06 21:10:00,L,1.313,1.299666395423622,1.299666395423622,1.3463340114409448,-1.0,-1.108,sl,51
2026-05-06 21:45:00,2026-05-07 01:00:00,L,1.3197,1.2985095687462682,1.2985095687462682,1.37267607813433,-1.0,-1.069,sl,39
2026-05-07 04:30:00,2026-05-07 12:30:00,L,1.3096,1.3312,1.2889852939209814,1.3611367651975468,1.048,0.978,time,96
2026-05-07 13:00:00,2026-05-07 13:45:00,L,1.331,1.3173195320062216,1.3173195320062216,1.3652011699844457,-1.0,-1.107,sl,9
2026-05-08 00:15:00,2026-05-08 00:40:00,L,1.3129,1.3039398107070541,1.3039398107070541,1.3353004732323646,-1.0,-1.161,sl,5
2026-05-08 04:35:00,2026-05-08 12:35:00,L,1.3154,1.3142,1.3050984116874078,1.3411539707814801,-0.116,-0.257,time,96
2026-05-08 14:20:00,2026-05-08 21:05:00,L,1.3259,1.383578270306551,1.3028286918773797,1.383578270306551,2.5,2.437,tp,81
2026-05-08 21:10:00,2026-05-09 05:10:00,L,1.3819,1.3726,1.3662593179665392,1.4210017050836516,-0.595,-0.692,time,96
2026-05-09 15:10:00,2026-05-09 17:10:00,S,1.3389,1.3507964669162835,1.3507964669162835,1.3091588327092911,-1.0,-1.124,sl,24
2026-05-09 17:25:00,2026-05-10 00:00:00,L,1.3505,1.3402524668994986,1.3402524668994986,1.3761188327512537,-1.0,-1.145,sl,79
2026-05-10 00:05:00,2026-05-10 08:05:00,S,1.3406,1.35,1.3516226010239771,1.313043497440057,-0.853,-0.987,time,96
2026-05-10 08:10:00,2026-05-10 16:10:00,L,1.35,1.3809669895208794,1.3376132041916484,1.3809669895208794,2.5,2.38,tp,96
2026-05-10 16:15:00,2026-05-10 20:45:00,L,1.3781,1.3563129918478316,1.3563129918478316,1.4325675203804213,-1.0,-1.07,sl,54
2026-05-11 02:15:00,2026-05-11 10:15:00,S,1.359,1.372,1.3750838969503416,1.318790257624146,-0.808,-0.901,time,96
2026-05-11 12:10:00,2026-05-11 15:25:00,S,1.3545,1.3648360430132076,1.3648360430132076,1.3286598924669812,-1.0,-1.144,sl,39
2026-05-11 15:30:00,2026-05-11 23:30:00,L,1.3703,1.3619,1.3395072672611594,1.4472818318471017,-0.273,-0.322,time,96
2026-05-12 01:35:00,2026-05-12 09:35:00,S,1.352,1.3495,1.3679179828813073,1.312205042796732,0.157,0.064,time,96
2026-05-12 10:35:00,2026-05-12 18:35:00,S,1.3343,1.3229,1.3500127345308637,1.2950181636728408,0.726,0.632,time,96
2026-05-13 01:10:00,2026-05-13 03:30:00,L,1.3488,1.390017998353819,1.3323128006584724,1.390017998353819,2.5,2.41,tp,28
2026-05-13 03:35:00,2026-05-13 11:35:00,L,1.3918,1.3928,1.3661107486668025,1.4560231283329936,0.039,-0.021,time,96
2026-05-13 12:25:00,2026-05-13 14:00:00,S,1.3782,1.331127003675522,1.3970291985297913,1.331127003675522,2.5,2.419,tp,19
2026-05-13 14:05:00,2026-05-13 22:05:00,S,1.3391,1.3232,1.3686198069725213,1.2653004825686966,0.539,0.489,time,96
2026-05-14 03:10:00,2026-05-14 11:10:00,S,1.3195,1.3245,1.337894930722673,1.2735126731933168,-0.272,-0.351,time,96
2026-05-14 14:20:00,2026-05-14 16:30:00,L,1.3486,1.382710077479822,1.3349559690080712,1.382710077479822,2.5,2.391,tp,26
2026-05-14 16:35:00,2026-05-15 00:35:00,L,1.3801,1.3714,1.3603562419593596,1.4294593951016015,-0.441,-0.518,time,96
2026-05-15 05:00:00,2026-05-15 13:00:00,S,1.342,1.3274,1.3592641012586757,1.298839746853311,0.846,0.76,time,96
2026-05-15 13:05:00,2026-05-15 13:50:00,S,1.3274,1.3010377579385093,1.3379448968245962,1.3010377579385093,2.5,2.362,tp,9
2026-05-15 13:55:00,2026-05-15 21:55:00,S,1.306,1.3078,1.3326648400922123,1.2393378997694695,-0.068,-0.121,time,96
2026-05-16 04:25:00,2026-05-16 06:40:00,S,1.3023,1.2797827678838747,1.3113068928464502,1.2797827678838747,2.5,2.341,tp,27
2026-05-16 06:45:00,2026-05-16 14:45:00,S,1.2792,1.2679,1.2996683967154945,1.2280290082112635,0.552,0.483,time,96
2026-05-16 19:25:00,2026-05-17 01:00:00,S,1.2716,1.2574973170241024,1.2772410731903592,1.2574973170241024,2.5,2.252,tp,67
2026-05-17 01:05:00,2026-05-17 04:00:00,S,1.2597,1.269060378858153,1.269060378858153,1.2362990528546178,-1.0,-1.148,sl,35
2026-05-17 13:20:00,2026-05-17 21:20:00,S,1.275,1.2796,1.285925089877972,1.2476872753050698,-0.421,-0.549,time,96
2026-05-17 22:15:00,2026-05-17 23:40:00,S,1.2693,1.2374830077137386,1.2820267969145047,1.2374830077137386,2.5,2.39,tp,17
2026-05-17 23:45:00,2026-05-18 07:45:00,S,1.2338,1.2195,1.2690734245685302,1.1456164385786745,0.405,0.367,time,96
2026-05-18 14:40:00,2026-05-18 21:30:00,S,1.2289,1.2434455063036565,1.2434455063036565,1.1925362342408592,-1.0,-1.093,sl,82
2026-05-19 01:30:00,2026-05-19 09:30:00,S,1.2427,1.2366,1.2577931255479247,1.204967186130188,0.404,0.314,time,96
2026-05-19 10:25:00,2026-05-19 18:25:00,S,1.2339,1.2249,1.2450463807996157,1.2060340480009608,0.807,0.686,time,96
2026-05-19 22:30:00,2026-05-20 05:05:00,S,1.2239,1.2374254240766418,1.2374254240766418,1.1900864398083955,-1.0,-1.1,sl,79
2026-05-20 05:10:00,2026-05-20 13:10:00,L,1.2375,1.2331,1.2248760181595912,1.2690599546010222,-0.349,-0.456,time,96
2026-05-20 13:40:00,2026-05-20 14:15:00,S,1.2275,1.2395877986928248,1.2395877986928248,1.1972805032679381,-1.0,-1.112,sl,7
2026-05-20 14:20:00,2026-05-20 22:20:00,L,1.2427,1.2453,1.2226680650629402,1.2927798373426491,0.13,0.062,time,96
2026-05-21 00:45:00,2026-05-21 04:55:00,L,1.2568,1.2845783363376693,1.2456886654649322,1.2845783363376693,2.5,2.376,tp,50
2026-05-21 05:00:00,2026-05-21 05:30:00,L,1.2855,1.2726950767850969,1.2726950767850969,1.3175123080372582,-1.0,-1.11,sl,6
2026-05-21 10:15:00,2026-05-21 17:25:00,S,1.2658,1.2775596250234986,1.2775596250234986,1.2364009374412537,-1.0,-1.118,sl,86
2026-05-21 17:30:00,2026-05-22 01:30:00,L,1.2774,1.2919,1.2489572841792898,1.348506789551776,0.51,0.46,time,96
2026-05-22 02:10:00,2026-05-22 10:10:00,L,1.3014,1.3194,1.2831747560146556,1.3469631099633608,0.988,0.909,time,96
2026-05-22 19:35:00,2026-05-23 03:35:00,S,1.2719,1.263,1.3096327499984752,1.1775681250038121,0.236,0.199,time,96
2026-05-23 05:05:00,2026-05-23 07:45:00,S,1.2517,1.2258602451687688,1.2620359019324925,1.2258602451687688,2.5,2.367,tp,32
2026-05-23 07:50:00,2026-05-23 15:05:00,S,1.2213,1.2462442282252137,1.2462442282252137,1.1589394294369657,-1.0,-1.054,sl,87
2026-05-23 18:15:00,2026-05-23 20:40:00,L,1.2618,1.30905937408885,1.24289625036446,1.30905937408885,2.5,2.427,tp,29
2026-05-23 20:45:00,2026-05-24 04:45:00,L,1.3193,1.2834,1.2670840865670265,1.4498397835824335,-0.688,-0.715,time,96
2026-05-24 13:55:00,2026-05-24 21:35:00,S,1.2642,1.232991019797576,1.2766835920809696,1.232991019797576,2.5,2.389,tp,92
2026-05-24 21:40:00,2026-05-25 00:30:00,S,1.2333,1.2543318777289363,1.2543318777289363,1.1807203056776596,-1.0,-1.065,sl,34
2026-05-25 06:10:00,2026-05-25 06:20:00,L,1.2651,1.2573364230277544,1.2573364230277544,1.2845089424306138,-1.0,-1.179,sl,2
2026-05-25 07:05:00,2026-05-25 12:00:00,L,1.2681,1.253183972241185,1.253183972241185,1.3053900693970375,-1.0,-1.094,sl,59
2026-05-25 12:05:00,2026-05-25 13:50:00,S,1.2538,1.2687973901857807,1.2687973901857807,1.2163065245355482,-1.0,-1.092,sl,21
2026-05-25 14:05:00,2026-05-25 22:05:00,L,1.2723,1.2695,1.256700136382363,1.3112996590440922,-0.179,-0.269,time,96
2026-05-25 22:30:00,2026-05-26 06:30:00,S,1.2652,1.2516,1.2785384983369241,1.2318537541576902,1.02,0.915,time,96
2026-05-26 10:20:00,2026-05-26 17:20:00,L,1.2768,1.2556243591444414,1.2556243591444414,1.3297391021388965,-1.0,-1.066,sl,84
2026-05-26 17:25:00,2026-05-27 01:25:00,S,1.2527,1.2573,1.2708915574480164,1.2072211063799587,-0.253,-0.329,time,96
2026-05-27 04:20:00,2026-05-27 05:55:00,S,1.2445,1.2626582238649922,1.2626582238649922,1.1991044403375195,-1.0,-1.075,sl,19
2026-05-27 06:05:00,2026-05-27 13:30:00,L,1.2657,1.2486289236145236,1.2486289236145236,1.3083776909636913,-1.0,-1.082,sl,89
2026-05-27 13:35:00,2026-05-27 15:20:00,S,1.251,1.2740057171784644,1.2740057171784644,1.1934857070538385,-1.0,-1.06,sl,21
2026-05-27 15:25:00,2026-05-27 18:05:00,L,1.2748,1.240977875897004,1.240977875897004,1.3593553102574898,-1.0,-1.041,sl,32
2026-05-27 18:10:00,2026-05-27 19:00:00,S,1.2414,1.261667543477218,1.261667543477218,1.1907311413069552,-1.0,-1.067,sl,10
2026-05-27 21:45:00,2026-05-28 05:45:00,S,1.2362,1.1838,1.2622483190798097,1.1710792023004757,2.012,1.959,time,96
2026-05-28 10:55:00,2026-05-28 13:00:00,S,1.1872,1.2030974479124539,1.2030974479124539,1.1474563802188653,-1.0,-1.082,sl,25
2026-05-28 22:45:00,2026-05-29 06:45:00,S,1.2088,1.2136,1.2268741426155907,1.1636146434610235,-0.266,-0.339,time,96
2026-05-29 07:50:00,2026-05-29 15:25:00,S,1.2055,1.2210092702578026,1.2210092702578026,1.1667268243554936,-1.0,-1.086,sl,91
2026-05-29 15:30:00,2026-05-29 23:30:00,L,1.2198,1.1887,1.1756110688217332,1.330272327945667,-0.704,-0.734,time,96
2026-05-30 02:05:00,2026-05-30 04:25:00,L,1.212,1.197265926734558,1.197265926734558,1.2488351831636049,-1.0,-1.09,sl,28
