exit_time,net_R,cum_net_R,drawdown_R
2022-01-01 05:20:00,-1.097,-1.097,0.0
2022-01-01 13:00:00,-1.066,-2.163,-1.066
2022-01-01 21:05:00,1.265,-0.898,0.0
2022-01-02 04:45:00,-1.117,-2.015,-1.117
2022-01-02 18:30:00,-1.11,-3.125,-2.227
2022-01-03 00:55:00,-1.119,-4.244,-3.346
2022-01-03 10:00:00,-1.111,-5.355,-4.457
2022-01-03 16:05:00,-1.127,-6.482,-5.584
2022-01-03 20:20:00,2.388,-4.094,-3.196
2022-01-04 04:25:00,0.087,-4.007,-3.109
2022-01-04 18:35:00,-1.094,-5.101,-4.203
2022-01-05 02:40:00,-0.446,-5.547,-4.649
2022-01-05 11:30:00,-1.106,-6.653,-5.755
2022-01-05 19:35:00,1.542,-5.111,-4.213
2022-01-05 19:45:00,2.427,-2.684,-1.786
2022-01-06 03:50:00,0.811,-1.873,-0.975
2022-01-06 11:55:00,0.444,-1.429,-0.531
2022-01-06 12:55:00,-1.056,-2.485,-1.587
2022-01-07 03:20:00,-1.045,-3.53,-2.632
2022-01-07 11:25:00,0.173,-3.357,-2.459
2022-01-07 21:40:00,-0.344,-3.701,-2.803
2022-01-08 00:55:00,-1.089,-4.79,-3.892
2022-01-08 10:45:00,-1.155,-5.945,-5.047
2022-01-08 17:00:00,2.4,-3.545,-2.647
2022-01-08 18:00:00,2.438,-1.107,-0.209
2022-01-08 22:15:00,-1.022,-2.129,-1.231
2022-01-09 16:50:00,-1.073,-3.202,-2.304
2022-01-09 21:40:00,-1.077,-4.279,-3.381
2022-01-10 05:45:00,0.856,-3.423,-2.525
2022-01-10 12:10:00,2.376,-1.047,-0.149
2022-01-10 14:15:00,2.439,1.392,0.0
2022-01-10 14:50:00,-1.034,0.358,-1.034
2022-01-11 09:05:00,-1.071,-0.713,-2.105
2022-01-11 12:20:00,-1.085,-1.798,-3.19
2022-01-11 15:05:00,-1.087,-2.885,-4.277
2022-01-11 23:10:00,0.88,-2.005,-3.397
2022-01-12 08:10:00,0.369,-1.636,-3.028
2022-01-12 13:50:00,2.437,0.801,-0.591
2022-01-12 21:55:00,0.447,1.248,-0.144
2022-01-13 00:30:00,2.388,3.636,0.0
2022-01-13 03:05:00,-1.034,2.602,-1.034
2022-01-13 11:15:00,-1.082,1.52,-2.116
2022-01-13 15:15:00,-1.065,0.455,-3.181
2022-01-14 01:20:00,0.162,0.617,-3.019
2022-01-14 07:05:00,2.415,3.032,-0.604
2022-01-14 08:05:00,-1.046,1.986,-1.65
2022-01-14 18:30:00,0.151,2.137,-1.499
2022-01-14 21:55:00,2.355,4.492,0.0
2022-01-15 04:00:00,-1.047,3.445,-1.047
2022-01-15 10:45:00,-1.119,2.326,-2.166
2022-01-15 12:40:00,-1.071,1.255,-3.237
2022-01-15 14:35:00,-1.087,0.168,-4.324
2022-01-15 23:00:00,0.775,0.943,-3.549
2022-01-16 09:05:00,1.657,2.6,-1.892
2022-01-16 18:25:00,0.807,3.407,-1.085
2022-01-17 01:05:00,-1.087,2.32,-2.172
2022-01-17 10:35:00,1.617,3.937,-0.555
2022-01-18 02:50:00,1.385,5.322,0.0
2022-01-18 22:40:00,-1.025,4.297,-1.025
2022-01-18 23:55:00,-1.048,3.249,-2.073
2022-01-19 03:40:00,-1.039,2.21,-3.112
2022-01-19 11:45:00,0.582,2.792,-2.53
2022-01-19 23:45:00,1.6,4.392,-0.93
2022-01-20 02:50:00,-1.041,3.351,-1.971
2022-01-20 13:45:00,-1.058,2.293,-3.029
2022-01-20 21:35:00,-1.035,1.258,-4.064
2022-01-21 00:00:00,2.461,3.719,-1.603
2022-01-21 08:05:00,0.161,3.88,-1.442
2022-01-21 19:35:00,0.344,4.224,-1.098
2022-01-22 05:50:00,0.47,4.694,-0.628
2022-01-22 10:05:00,2.481,7.175,0.0
2022-01-22 12:20:00,-1.008,6.167,-1.008
2022-01-22 20:10:00,-1.036,5.131,-2.044
2022-01-23 05:35:00,-1.031,4.1,-3.075
2022-01-23 12:05:00,-1.05,3.05,-4.125
2022-01-23 20:10:00,1.134,4.184,-2.991
2022-01-24 04:50:00,-1.035,3.149,-4.026
2022-01-24 09:15:00,2.434,5.583,-1.592
2022-01-24 17:20:00,0.393,5.976,-1.199
2022-01-25 00:50:00,-1.037,4.939,-2.236
2022-01-25 08:55:00,0.947,5.886,-1.289
2022-01-25 20:05:00,-1.05,4.836,-2.339
2022-01-26 04:30:00,-0.337,4.499,-2.676
2022-01-26 06:25:00,-1.072,3.427,-3.748
2022-01-26 09:15:00,-1.054,2.373,-4.802
2022-01-26 10:00:00,-1.073,1.3,-5.875
2022-01-26 14:05:00,2.443,3.743,-3.432
2022-01-26 18:00:00,-1.032,2.711,-4.464
2022-01-26 21:20:00,-1.021,1.69,-5.485
2022-01-27 05:25:00,1.076,2.766,-4.409
2022-01-27 15:50:00,-1.077,1.689,-5.486
2022-01-27 23:55:00,-0.012,1.677,-5.498
2022-01-28 03:10:00,-1.035,0.642,-6.533
2022-01-28 15:05:00,0.285,0.927,-6.248
2022-01-29 04:40:00,0.431,1.358,-5.817
2022-01-29 14:00:00,2.39,3.748,-3.427
2022-01-29 14:50:00,-1.077,2.671,-4.504
2022-01-30 02:50:00,-0.209,2.462,-4.713
2022-01-30 11:25:00,0.058,2.52,-4.655
2022-01-30 19:05:00,2.365,4.885,-2.29
2022-01-31 03:10:00,0.081,4.966,-2.209
2022-01-31 11:55:00,-1.111,3.855,-3.32
2022-01-31 15:00:00,-1.074,2.781,-4.394
2022-02-01 00:10:00,0.695,3.476,-3.699
2022-02-01 11:50:00,-0.139,3.337,-3.838
2022-02-01 15:00:00,-1.11,2.227,-4.948
2022-02-02 01:00:00,0.959,3.186,-3.989
2022-02-02 09:45:00,-1.093,2.093,-5.082
2022-02-02 11:35:00,-1.236,0.857,-6.318
2022-02-02 14:30:00,-1.089,-0.232,-7.407
2022-02-02 22:35:00,1.179,0.947,-6.228
2022-02-03 15:15:00,-1.062,-0.115,-7.29
2022-02-04 00:15:00,0.22,0.105,-7.07
2022-02-04 13:20:00,-0.431,-0.326,-7.501
2022-02-04 15:10:00,-1.058,-1.384,-8.559
2022-02-04 22:55:00,2.441,1.057,-6.118
2022-02-05 05:30:00,2.406,3.463,-3.712
2022-02-05 13:35:00,-0.083,3.38,-3.795
2022-02-06 04:05:00,-1.119,2.261,-4.914
2022-02-06 14:40:00,-1.135,1.126,-6.049
2022-02-06 22:50:00,-0.627,0.499,-6.676
2022-02-06 23:40:00,2.318,2.817,-4.358
2022-02-07 07:45:00,0.426,3.243,-3.932
2022-02-07 17:00:00,-1.115,2.128,-5.047
2022-02-08 00:30:00,2.412,4.54,-2.635
2022-02-08 08:35:00,-0.722,3.818,-3.357
2022-02-08 20:40:00,0.303,4.121,-3.054
2022-02-09 02:05:00,-1.079,3.042,-4.133
2022-02-09 06:25:00,-1.047,1.995,-5.18
2022-02-09 14:30:00,1.365,3.36,-3.815
2022-02-10 00:00:00,-1.064,2.296,-4.879
2022-02-10 10:15:00,-1.144,1.152,-6.023
2022-02-10 11:45:00,2.372,3.524,-3.651
2022-02-10 13:30:00,-1.073,2.451,-4.724
2022-02-10 21:35:00,0.127,2.578,-4.597
2022-02-11 07:40:00,-0.137,2.441,-4.734
2022-02-11 19:00:00,2.38,4.821,-2.354
2022-02-12 03:05:00,0.847,5.668,-1.507
2022-02-12 06:40:00,2.402,8.07,0.0
2022-02-12 09:50:00,-1.046,7.024,-1.046
2022-02-12 11:55:00,-1.055,5.969,-2.101
2022-02-12 21:40:00,0.071,6.04,-2.03
2022-02-13 05:45:00,-0.111,5.929,-2.141
2022-02-14 00:10:00,0.601,6.53,-1.54
2022-02-14 08:35:00,-0.046,6.484,-1.586
2022-02-14 12:55:00,-1.068,5.416,-2.654
2022-02-14 22:40:00,-1.081,4.335,-3.735
2022-02-15 02:05:00,2.399,6.734,-1.336
2022-02-15 10:10:00,0.043,6.777,-1.293
2022-02-15 13:40:00,-1.121,5.656,-2.414
2022-02-15 21:50:00,-0.564,5.092,-2.978
2022-02-16 04:15:00,-1.107,3.985,-4.085
2022-02-16 10:20:00,-1.107,2.878,-5.192
2022-02-16 19:30:00,-1.136,1.742,-6.328
2022-02-17 03:35:00,-0.6,1.142,-6.928
2022-02-17 12:05:00,-0.329,0.813,-7.257
2022-02-17 21:10:00,2.432,3.245,-4.825
2022-02-18 01:40:00,-1.08,2.165,-5.905
2022-02-18 13:30:00,2.33,4.495,-3.575
2022-02-18 14:40:00,2.391,6.886,-1.184
2022-02-18 22:45:00,0.054,6.94,-1.13
2022-02-19 11:40:00,2.394,9.334,0.0
2022-02-19 16:10:00,-1.051,8.283,-1.051
2022-02-19 22:40:00,-1.115,7.168,-2.166
2022-02-20 06:10:00,2.426,9.594,0.0
2022-02-20 14:15:00,0.469,10.063,0.0
2022-02-20 22:50:00,-1.106,8.957,-1.106
2022-02-21 01:10:00,-1.031,7.926,-2.137
2022-02-21 10:20:00,-1.059,6.867,-3.196
2022-02-21 12:20:00,2.438,9.305,-0.758
2022-02-21 14:15:00,-1.042,8.263,-1.8
2022-02-21 23:30:00,2.463,10.726,0.0
2022-02-22 07:35:00,1.508,12.234,0.0
2022-02-22 19:55:00,-1.037,11.197,-1.037
2022-02-23 10:15:00,0.497,11.694,-0.54
2022-02-23 13:05:00,2.382,14.076,0.0
2022-02-23 14:50:00,-1.056,13.02,-1.056
2022-02-23 19:25:00,-1.023,11.997,-2.079
2022-02-24 02:55:00,2.462,14.459,0.0
2022-02-24 11:00:00,1.908,16.367,0.0
2022-02-24 13:30:00,-1.046,15.321,-1.046
2022-02-25 03:40:00,0.252,15.573,-0.794
2022-02-25 12:00:00,-1.039,14.534,-1.833
2022-02-25 20:05:00,0.127,14.661,-1.706
2022-02-26 00:35:00,2.437,17.098,0.0
2022-02-26 08:40:00,-0.652,16.446,-0.652
2022-02-26 16:35:00,-1.083,15.363,-1.735
2022-02-27 08:30:00,-0.754,14.609,-2.489
2022-02-27 16:35:00,0.29,14.899,-2.199
2022-02-27 19:25:00,2.381,17.28,0.0
2022-02-28 03:30:00,-0.785,16.495,-0.785
2022-02-28 06:10:00,-1.048,15.447,-1.833
2022-02-28 07:20:00,-1.058,14.389,-2.891
2022-02-28 15:45:00,1.613,16.002,-1.278
2022-03-01 00:00:00,0.978,16.98,-0.3
2022-03-01 08:05:00,-0.373,16.607,-0.673
2022-03-01 15:40:00,-1.043,15.564,-1.716
2022-03-02 07:00:00,-1.047,14.517,-2.763
2022-03-02 13:30:00,-1.058,13.459,-3.821
2022-03-02 14:40:00,-1.049,12.41,-4.87
2022-03-03 02:20:00,0.372,12.782,-4.498
2022-03-03 10:35:00,1.648,14.43,-2.85
2022-03-03 22:50:00,0.32,14.75,-2.53
2022-03-04 08:35:00,1.432,16.182,-1.098
2022-03-04 10:10:00,-1.091,15.091,-2.189
2022-03-04 22:50:00,1.267,16.358,-0.922
2022-03-05 05:45:00,-1.042,15.316,-1.964
2022-03-05 13:30:00,-1.065,14.251,-3.029
2022-03-05 21:40:00,-0.535,13.716,-3.564
2022-03-06 06:10:00,0.499,14.215,-3.065
2022-03-06 09:55:00,2.338,16.553,-0.727
2022-03-06 18:00:00,-0.383,16.17,-1.11
2022-03-06 21:10:00,-1.118,15.052,-2.228
2022-03-07 07:15:00,0.852,15.904,-1.376
2022-03-07 12:00:00,-1.078,14.826,-2.454
2022-03-07 18:00:00,-1.065,13.761,-3.519
2022-03-07 19:50:00,2.435,16.196,-1.084
2022-03-08 03:55:00,-0.852,15.344,-1.936
2022-03-08 08:25:00,-1.079,14.265,-3.015
2022-03-08 18:00:00,-1.085,13.18,-4.1
2022-03-09 00:45:00,-1.099,12.081,-5.199
2022-03-09 03:30:00,2.384,14.465,-2.815
2022-03-09 11:35:00,0.693,15.158,-2.122
2022-03-09 18:20:00,-1.062,14.096,-3.184
2022-03-10 01:00:00,-1.117,12.979,-4.301
2022-03-10 09:50:00,0.83,13.809,-3.471
2022-03-11 08:10:00,-0.591,13.218,-4.062
2022-03-11 15:15:00,-1.069,12.149,-5.131
2022-03-11 23:20:00,0.107,12.256,-5.024
2022-03-12 06:00:00,-1.139,11.117,-6.163
2022-03-12 16:45:00,-1.157,9.96,-7.32
2022-03-13 01:15:00,-1.144,8.816,-8.464
2022-03-13 05:55:00,-1.41,7.406,-9.874
2022-03-13 12:25:00,2.3,9.706,-7.574
2022-03-13 12:55:00,-1.11,8.596,-8.684
2022-03-13 21:10:00,-0.123,8.473,-8.807
2022-03-14 04:10:00,-1.062,7.411,-9.869
2022-03-14 12:20:00,-0.389,7.022,-10.258
2022-03-14 13:00:00,-1.172,5.85,-11.43
2022-03-14 21:30:00,-0.264,5.586,-11.694
2022-03-15 03:05:00,-1.141,4.445,-12.835
2022-03-15 06:15:00,-1.131,3.314,-13.966
2022-03-15 15:15:00,-1.001,2.313,-14.967
2022-03-15 23:25:00,-0.063,2.25,-15.03
2022-03-16 03:15:00,-1.036,1.214,-16.066
2022-03-16 08:35:00,-1.078,0.136,-17.144
2022-03-16 16:40:00,0.082,0.218,-17.062
2022-03-17 03:20:00,0.724,0.942,-16.338
2022-03-17 06:45:00,-1.076,-0.134,-17.414
2022-03-17 17:05:00,-1.095,-1.229,-18.509
2022-03-18 00:05:00,-1.13,-2.359,-19.639
2022-03-18 06:30:00,-1.194,-3.553,-20.833
2022-03-18 12:40:00,-1.164,-4.717,-21.997
2022-03-18 22:30:00,0.855,-3.862,-21.142
2022-03-19 08:40:00,0.635,-3.227,-20.507
2022-03-19 14:45:00,2.376,-0.851,-18.131
2022-03-19 22:50:00,0.324,-0.527,-17.807
2022-03-20 00:30:00,-1.073,-1.6,-18.88
2022-03-20 09:25:00,-1.077,-2.677,-19.957
2022-03-20 20:10:00,-1.075,-3.752,-21.032
2022-03-21 02:25:00,-1.055,-4.807,-22.087
2022-03-21 05:50:00,-1.047,-5.854,-23.134
2022-03-21 13:40:00,2.394,-3.46,-20.74
2022-03-22 00:05:00,-0.031,-3.491,-20.771
2022-03-22 10:30:00,1.687,-1.804,-19.084
2022-03-22 13:20:00,2.375,0.571,-16.709
2022-03-22 21:25:00,-0.16,0.411,-16.869
2022-03-23 04:15:00,-1.066,-0.655,-17.935
2022-03-23 08:05:00,-1.176,-1.831,-19.111
2022-03-23 13:00:00,2.408,0.577,-16.703
2022-03-23 21:05:00,1.535,2.112,-15.168
2022-03-24 07:05:00,1.417,3.529,-13.751
2022-03-24 12:05:00,2.421,5.95,-11.33
2022-03-24 20:10:00,0.251,6.201,-11.079
2022-03-25 11:00:00,-0.326,5.875,-11.405
2022-03-25 14:15:00,-1.061,4.814,-12.466
2022-03-25 23:10:00,0.644,5.458,-11.822
2022-03-26 03:40:00,-1.061,4.397,-12.883
2022-03-26 11:45:00,1.01,5.407,-11.873
2022-03-26 12:30:00,-1.083,4.324,-12.956
2022-03-27 04:35:00,-0.38,3.944,-13.336
2022-03-27 16:35:00,-1.087,2.857,-14.423
2022-03-28 04:40:00,1.33,4.187,-13.093
2022-03-28 13:05:00,2.432,6.619,-10.661
2022-03-28 21:10:00,-0.17,6.449,-10.831
2022-03-29 01:40:00,-1.036,5.413,-11.867
2022-03-29 10:15:00,0.72,6.133,-11.147
2022-03-29 13:40:00,-1.077,5.056,-12.224
2022-03-29 19:10:00,-1.061,3.995,-13.285
2022-03-29 21:40:00,-1.056,2.939,-14.341
2022-03-30 05:45:00,-0.224,2.715,-14.565
2022-03-30 13:20:00,-1.08,1.635,-15.645
2022-03-30 16:15:00,-1.119,0.516,-16.764
2022-03-31 00:20:00,-0.359,0.157,-17.123
2022-03-31 12:00:00,-1.168,-1.011,-18.291
2022-03-31 14:00:00,2.41,1.399,-15.881
2022-03-31 22:05:00,0.002,1.401,-15.879
2022-04-01 07:45:00,-0.253,1.148,-16.132
2022-04-01 14:05:00,-1.075,0.073,-17.207
2022-04-01 22:10:00,0.924,0.997,-16.283
2022-04-02 08:50:00,0.429,1.426,-15.854
2022-04-02 12:00:00,-1.122,0.304,-16.976
2022-04-02 23:10:00,0.066,0.37,-16.91
2022-04-03 06:05:00,-1.065,-0.695,-17.975
2022-04-03 07:15:00,-1.179,-1.874,-19.154
2022-04-03 11:40:00,-1.124,-2.998,-20.278
2022-04-03 20:20:00,0.058,-2.94,-20.22
2022-04-04 00:20:00,-1.114,-4.054,-21.334
2022-04-04 05:35:00,-1.126,-5.18,-22.46
2022-04-04 13:45:00,0.87,-4.31,-21.59
2022-04-04 17:00:00,-1.038,-5.348,-22.628
2022-04-05 01:10:00,-0.546,-5.894,-23.174
2022-04-05 13:10:00,-1.123,-7.017,-24.297
2022-04-05 22:10:00,-0.173,-7.19,-24.47
2022-04-06 00:10:00,2.398,-4.792,-22.072
2022-04-06 08:15:00,0.202,-4.59,-21.87
2022-04-06 09:55:00,-1.176,-5.766,-23.046
2022-04-06 15:15:00,2.418,-3.348,-20.628
2022-04-06 23:20:00,0.966,-2.382,-19.662
2022-04-07 07:25:00,-1.05,-3.432,-20.712
2022-04-07 18:25:00,-1.089,-4.521,-21.801
2022-04-08 13:25:00,2.387,-2.134,-19.414
2022-04-08 14:30:00,-1.053,-3.187,-20.467
2022-04-08 23:10:00,2.423,-0.764,-18.044
2022-04-09 07:15:00,-0.759,-1.523,-18.803
2022-04-09 12:30:00,-1.109,-2.632,-19.912
2022-04-09 22:20:00,-0.096,-2.728,-20.008
2022-04-10 05:55:00,-1.117,-3.845,-21.125
2022-04-10 14:00:00,0.737,-3.108,-20.388
2022-04-10 17:35:00,2.265,-0.843,-18.123
2022-04-10 22:25:00,-1.075,-1.918,-19.198
2022-04-11 06:30:00,1.068,-0.85,-18.13
2022-04-11 09:55:00,2.419,1.569,-15.711
2022-04-11 18:00:00,0.394,1.963,-15.317
2022-04-12 04:10:00,0.723,2.686,-14.594
2022-04-12 11:25:00,-1.083,1.603,-15.677
2022-04-12 14:25:00,-1.05,0.553,-16.727
2022-04-12 22:30:00,-0.028,0.525,-16.755
2022-04-13 13:40:00,-1.1,-0.575,-17.855
2022-04-13 21:45:00,0.449,-0.126,-17.406
2022-04-14 07:05:00,-1.098,-1.224,-18.504
2022-04-14 09:10:00,-1.127,-2.351,-19.631
2022-04-14 16:30:00,2.406,0.055,-17.225
2022-04-15 00:35:00,-0.31,-0.255,-17.535
2022-04-15 07:50:00,-1.106,-1.361,-18.641
2022-04-15 22:55:00,-0.126,-1.487,-18.767
2022-04-16 09:00:00,-0.851,-2.338,-19.618
2022-04-16 15:35:00,2.307,-0.031,-17.311
2022-04-16 23:40:00,-0.804,-0.835,-18.115
2022-04-17 10:00:00,-1.195,-2.03,-19.31
2022-04-17 16:55:00,-1.201,-3.231,-20.511
2022-04-17 23:05:00,2.376,-0.855,-18.135
2022-04-18 04:20:00,2.439,1.584,-15.696
2022-04-18 12:25:00,-0.298,1.286,-15.994
2022-04-18 16:35:00,-1.098,0.188,-17.092
2022-04-19 02:20:00,0.22,0.408,-16.872
2022-04-19 13:50:00,2.285,2.693,-14.587
2022-04-19 21:55:00,0.129,2.822,-14.458
2022-04-20 00:25:00,-1.152,1.67,-15.61
2022-04-20 10:30:00,2.346,4.016,-13.264
2022-04-20 15:00:00,-1.09,2.926,-14.354
2022-04-21 01:35:00,-1.121,1.805,-15.475
2022-04-21 05:40:00,-1.147,0.658,-16.622
2022-04-21 07:55:00,-1.104,-0.446,-17.726
2022-04-21 16:00:00,0.188,-0.258,-17.538
2022-04-21 20:35:00,2.382,2.124,-15.156
2022-04-22 04:40:00,-0.088,2.036,-15.244
2022-04-22 15:25:00,0.619,2.655,-14.625
2022-04-22 23:50:00,-0.784,1.871,-15.409
2022-04-23 09:00:00,0.024,1.895,-15.385
2022-04-23 15:25:00,-1.175,0.72,-16.56
2022-04-23 23:35:00,2.28,3.0,-14.28
2022-04-24 07:40:00,-0.65,2.35,-14.93
2022-04-24 11:25:00,2.182,4.532,-12.748
2022-04-24 14:50:00,-1.211,3.321,-13.959
2022-04-25 00:55:00,1.699,5.02,-12.26
2022-04-25 07:00:00,2.413,7.433,-9.847
2022-04-25 12:20:00,-1.029,6.404,-10.876
2022-04-26 02:50:00,0.626,7.03,-10.25
2022-04-26 07:00:00,-1.155,5.875,-11.405
2022-04-26 10:45:00,-1.093,4.782,-12.498
2022-04-26 14:00:00,2.389,7.171,-10.109
2022-04-26 19:30:00,2.444,9.615,-7.665
2022-04-26 21:50:00,-1.046,8.569,-8.711
2022-04-27 07:00:00,-1.034,7.535,-9.745
2022-04-27 13:20:00,-1.073,6.462,-10.818
2022-04-27 22:35:00,-0.264,6.198,-11.082
2022-04-28 00:50:00,-1.229,4.969,-12.311
2022-04-28 08:30:00,-1.081,3.888,-13.392
2022-04-28 12:55:00,-1.094,2.794,-14.486
2022-04-28 21:00:00,-0.459,2.335,-14.945
2022-04-29 02:55:00,-1.064,1.271,-16.009
2022-04-29 10:25:00,2.376,3.647,-13.633
2022-04-29 18:30:00,1.157,4.804,-12.476
2022-04-30 00:25:00,-1.106,3.698,-13.582
2022-04-30 14:20:00,2.349,6.047,-11.233
2022-04-30 22:25:00,1.514,7.561,-9.719
2022-05-01 07:00:00,-0.229,7.332,-9.948
2022-05-01 20:00:00,-1.063,6.269,-11.011
2022-05-01 20:55:00,-1.132,5.137,-12.143
2022-05-02 07:25:00,0.11,5.247,-12.033
2022-05-02 11:55:00,2.375,7.622,-9.658
2022-05-02 12:20:00,-1.108,6.514,-10.766
2022-05-02 13:40:00,-1.085,5.429,-11.851
2022-05-02 21:20:00,-1.054,4.375,-12.905
2022-05-03 05:40:00,0.668,5.043,-12.237
2022-05-03 16:40:00,-1.084,3.959,-13.321
2022-05-04 00:45:00,0.634,4.593,-12.687
2022-05-04 08:55:00,2.371,6.964,-10.316
2022-05-04 17:00:00,1.699,8.663,-8.617
2022-05-05 02:55:00,0.39,9.053,-8.227
2022-05-05 15:45:00,2.454,11.507,-5.773
2022-05-05 23:50:00,-0.031,11.476,-5.804
2022-05-06 02:25:00,-1.076,10.4,-6.88
2022-05-06 08:05:00,-1.056,9.344,-7.936
2022-05-06 19:15:00,-0.159,9.185,-8.095
2022-05-06 22:45:00,-1.097,8.088,-9.192
2022-05-07 07:50:00,-1.123,6.965,-10.315
2022-05-07 19:05:00,-1.123,5.842,-11.438
2022-05-07 22:50:00,2.397,8.239,-9.041
2022-05-07 23:25:00,-1.044,7.195,-10.085
2022-05-08 02:55:00,2.374,9.569,-7.711
2022-05-08 11:00:00,-0.602,8.967,-8.313
2022-05-08 18:30:00,-1.083,7.884,-9.396
2022-05-09 02:55:00,2.434,10.318,-6.962
2022-05-09 11:00:00,1.811,12.129,-5.151
2022-05-10 00:45:00,0.981,13.11,-4.17
2022-05-10 12:50:00,-1.034,12.076,-5.204
2022-05-10 14:30:00,-1.041,11.035,-6.245
2022-05-10 22:40:00,2.007,13.042,-4.238
2022-05-11 02:20:00,-1.038,12.004,-5.276
2022-05-11 08:55:00,-1.024,10.98,-6.3
2022-05-11 20:35:00,2.169,13.149,-4.131
2022-05-12 00:25:00,-1.031,12.118,-5.162
2022-05-12 03:55:00,2.478,14.596,-2.684
2022-05-12 12:00:00,-0.305,14.291,-2.989
2022-05-13 01:00:00,-1.02,13.271,-4.009
2022-05-13 05:10:00,2.474,15.745,-1.535
2022-05-13 13:15:00,-0.33,15.415,-1.865
2022-05-13 16:35:00,-1.023,14.392,-2.888
2022-05-14 06:50:00,0.126,14.518,-2.762
2022-05-14 17:55:00,0.093,14.611,-2.669
2022-05-15 02:10:00,-1.039,13.572,-3.708
2022-05-15 05:55:00,-1.044,12.528,-4.752
2022-05-15 12:00:00,2.456,14.984,-2.296
2022-05-15 14:20:00,-1.031,13.953,-3.327
2022-05-15 22:00:00,2.457,16.41,-0.87
2022-05-16 03:45:00,-1.034,15.376,-1.904
2022-05-16 14:00:00,-1.03,14.346,-2.934
2022-05-16 17:30:00,-1.045,13.301,-3.979
2022-05-17 02:10:00,-0.06,13.241,-4.039
2022-05-17 11:35:00,0.889,14.13,-3.15
2022-05-17 14:30:00,-1.047,13.083,-4.197
2022-05-17 21:40:00,-1.052,12.031,-5.249
2022-05-18 03:10:00,-1.044,10.987,-6.293
2022-05-18 11:15:00,0.227,11.214,-6.066
2022-05-18 13:40:00,2.429,13.643,-3.637
2022-05-18 21:45:00,0.461,14.104,-3.176
2022-05-19 07:30:00,-0.37,13.734,-3.546
2022-05-19 10:40:00,-1.06,12.674,-4.606
2022-05-19 22:20:00,-1.033,11.641,-5.639
2022-05-19 23:30:00,-1.052,10.589,-6.691
2022-05-20 04:45:00,-1.054,9.535,-7.745
2022-05-20 10:15:00,-1.045,8.49,-8.79
2022-05-20 12:45:00,-1.076,7.414,-9.866
2022-05-20 16:40:00,2.446,9.86,-7.42
2022-05-20 19:40:00,-1.065,8.795,-8.485
2022-05-21 03:50:00,-1.095,7.7,-9.58
2022-05-21 15:40:00,0.152,7.852,-9.428
2022-05-21 20:35:00,-1.06,6.792,-10.488
2022-05-22 00:25:00,-1.151,5.641,-11.639
2022-05-22 02:05:00,-1.148,4.493,-12.787
2022-05-22 10:00:00,2.403,6.896,-10.384
2022-05-22 16:10:00,-1.041,5.855,-11.425
2022-05-23 04:40:00,0.218,6.073,-11.207
2022-05-23 14:10:00,-0.304,5.769,-11.511
2022-05-23 17:00:00,-1.066,4.703,-12.577
2022-05-23 19:15:00,2.415,7.118,-10.162
2022-05-24 03:20:00,0.289,7.407,-9.873
2022-05-24 16:10:00,-1.068,6.339,-10.941
2022-05-25 02:00:00,-1.106,5.233,-12.047
2022-05-25 06:20:00,-1.055,4.178,-13.102
2022-05-25 14:25:00,-0.113,4.065,-13.215
2022-05-26 06:05:00,2.407,6.472,-10.808
2022-05-26 14:10:00,0.588,7.06,-10.22
2022-05-27 01:25:00,2.428,9.488,-7.792
2022-05-27 09:30:00,0.353,9.841,-7.439
2022-05-27 23:05:00,0.164,10.005,-7.275
2022-05-28 01:00:00,-1.058,8.947,-8.333
2022-05-28 04:50:00,-1.052,7.895,-9.385
2022-05-28 13:10:00,-1.065,6.83,-10.45
2022-05-29 10:20:00,-0.947,5.883,-11.397
2022-05-29 18:40:00,0.807,6.69,-10.59
2022-05-30 01:35:00,2.414,9.104,-8.176
2022-05-30 09:40:00,1.398,10.502,-6.778
2022-05-30 12:30:00,-1.062,9.44,-7.84
2022-05-30 20:55:00,0.859,10.299,-6.981
2022-05-31 04:30:00,2.47,12.769,-4.511
2022-05-31 12:35:00,0.72,13.489,-3.791
2022-06-01 03:55:00,-1.047,12.442,-4.838
2022-06-01 14:10:00,-1.059,11.383,-5.897
2022-06-01 16:00:00,2.446,13.829,-3.451
2022-06-02 00:05:00,0.104,13.933,-3.347
2022-06-02 07:00:00,-1.046,12.887,-4.393
2022-06-02 13:10:00,-1.071,11.816,-5.464
2022-06-02 15:10:00,-1.032,10.784,-6.496
2022-06-02 23:25:00,-0.254,10.53,-6.75
2022-06-03 04:50:00,-1.038,9.492,-7.788
2022-06-03 09:55:00,2.384,11.876,-5.404
2022-06-03 18:00:00,1.118,12.994,-4.286
2022-06-04 07:35:00,-0.446,12.548,-4.732
2022-06-04 17:35:00,-0.034,12.514,-4.766
2022-06-05 00:40:00,-1.058,11.456,-5.824
2022-06-05 09:20:00,0.01,11.466,-5.814
2022-06-05 15:35:00,-1.1,10.366,-6.914
2022-06-05 18:25:00,2.391,12.757,-4.523
2022-06-05 21:00:00,-1.079,11.678,-5.602
2022-06-06 03:15:00,2.447,14.125,-3.155
2022-06-06 11:20:00,1.215,15.34,-1.94
2022-06-06 20:10:00,-1.065,14.275,-3.005
2022-06-07 00:20:00,-1.048,13.227,-4.053
2022-06-07 08:25:00,0.196,13.423,-3.857
2022-06-07 13:30:00,-1.062,12.361,-4.919
2022-06-07 14:50:00,2.442,14.803,-2.477
2022-06-07 22:55:00,-0.177,14.626,-2.654
2022-06-08 09:40:00,-0.313,14.313,-2.967
2022-06-08 19:40:00,0.359,14.672,-2.608
2022-06-09 00:05:00,-1.043,13.629,-3.651
2022-06-09 12:15:00,-1.12,12.509,-4.771
2022-06-09 19:30:00,-1.049,11.46,-5.82
2022-06-10 00:15:00,2.385,13.845,-3.435
2022-06-10 03:20:00,-1.038,12.807,-4.473
2022-06-10 09:10:00,2.371,15.178,-2.102
2022-06-10 13:20:00,2.439,17.617,0.0
2022-06-10 21:25:00,0.14,17.757,0.0
2022-06-11 03:05:00,-1.041,16.716,-1.041
2022-06-11 09:00:00,-1.052,15.664,-2.093
2022-06-11 17:05:00,1.524,17.188,-0.569
2022-06-11 21:40:00,-1.058,16.13,-1.627
2022-06-12 05:25:00,2.47,18.6,0.0
2022-06-12 06:30:00,-1.033,17.567,-1.033
2022-06-12 14:25:00,-1.033,16.534,-2.066
2022-06-13 00:05:00,2.453,18.987,0.0
2022-06-13 08:00:00,2.471,21.458,0.0
2022-06-13 15:40:00,-1.02,20.438,-1.02
2022-06-14 05:20:00,-1.029,19.409,-2.049
2022-06-14 13:25:00,0.703,20.112,-1.346
2022-06-14 19:05:00,-1.018,19.094,-2.364
2022-06-15 00:35:00,-1.052,18.042,-3.416
2022-06-15 10:45:00,0.057,18.099,-3.359
2022-06-15 17:55:00,-1.029,17.07,-4.388
2022-06-15 18:00:00,-1.026,16.044,-5.414
2022-06-15 18:40:00,2.465,18.509,-2.949
2022-06-16 02:45:00,0.103,18.612,-2.846
2022-06-16 14:00:00,2.434,21.046,-0.412
2022-06-16 16:30:00,-1.024,20.022,-1.436
2022-06-16 19:35:00,-1.036,18.986,-2.472
2022-06-17 01:40:00,-1.032,17.954,-3.504
2022-06-17 09:50:00,-0.127,17.827,-3.631
2022-06-17 20:45:00,-0.584,17.243,-4.215
2022-06-18 07:15:00,2.449,19.692,-1.766
2022-06-18 15:20:00,-0.0,19.692,-1.766
2022-06-18 16:20:00,-1.109,18.583,-2.875
2022-06-18 20:05:00,2.445,21.028,-0.43
2022-06-18 21:25:00,-1.021,20.007,-1.451
2022-06-19 09:35:00,-0.831,19.176,-2.282
2022-06-19 18:20:00,-0.094,19.082,-2.376
2022-06-20 03:00:00,-0.484,18.598,-2.86
2022-06-20 10:05:00,2.441,21.039,-0.419
2022-06-20 18:10:00,-0.674,20.365,-1.093
2022-06-21 09:20:00,0.355,20.72,-0.738
2022-06-21 11:50:00,-1.045,19.675,-1.783
2022-06-21 17:55:00,-1.036,18.639,-2.819
2022-06-22 03:50:00,1.814,20.453,-1.005
2022-06-22 09:35:00,-1.048,19.405,-2.053
2022-06-22 13:30:00,-1.076,18.329,-3.129
2022-06-22 17:20:00,-1.056,17.273,-4.185
2022-06-23 01:25:00,-1.052,16.221,-5.237
2022-06-23 13:50:00,-1.071,15.15,-6.308
2022-06-23 19:25:00,-1.074,14.076,-7.382
2022-06-24 01:10:00,2.434,16.51,-4.948
2022-06-24 09:15:00,-0.075,16.435,-5.023
2022-06-24 15:10:00,-1.083,15.352,-6.106
2022-06-25 03:05:00,-0.328,15.024,-6.434
2022-06-25 11:35:00,-1.107,13.917,-7.541
2022-06-25 20:15:00,0.403,14.32,-7.138
2022-06-25 21:50:00,2.369,16.689,-4.769
2022-06-26 05:55:00,0.238,16.927,-4.531
2022-06-26 14:35:00,-0.255,16.672,-4.786
2022-06-27 02:20:00,0.021,16.693,-4.765
2022-06-27 06:05:00,-1.137,15.556,-5.902
2022-06-27 07:25:00,-1.091,14.465,-6.993
2022-06-27 12:25:00,-1.106,13.359,-8.099
2022-06-27 17:40:00,2.402,15.761,-5.697
2022-06-27 18:30:00,-1.103,14.658,-6.8
2022-06-28 07:00:00,-1.069,13.589,-7.869
2022-06-28 15:15:00,-1.101,12.488,-8.97
2022-06-28 23:20:00,1.401,13.889,-7.569
2022-06-29 00:15:00,-1.138,12.751,-8.707
2022-06-29 11:50:00,0.368,13.119,-8.339
2022-06-29 14:05:00,-1.07,12.049,-9.409
2022-06-29 19:50:00,-1.084,10.965,-10.493
2022-06-30 07:20:00,1.463,12.428,-9.03
2022-06-30 17:00:00,-0.199,12.229,-9.229
2022-06-30 21:30:00,-1.099,11.13,-10.328
2022-07-01 07:55:00,-0.231,10.899,-10.559
2022-07-01 18:40:00,-0.099,10.8,-10.658
2022-07-02 00:35:00,-1.118,9.682,-11.776
2022-07-02 05:15:00,-1.177,8.505,-12.953
2022-07-02 10:35:00,-1.083,7.422,-14.036
2022-07-02 15:20:00,-1.119,6.303,-15.155
2022-07-02 18:05:00,-1.074,5.229,-16.229
2022-07-03 02:10:00,-0.496,4.733,-16.725
2022-07-03 05:00:00,-1.055,3.678,-17.78
2022-07-03 17:55:00,-1.102,2.576,-18.882
2022-07-04 02:10:00,0.371,2.947,-18.511
2022-07-04 10:25:00,-0.586,2.361,-19.097
2022-07-04 11:55:00,2.35,4.711,-16.747
2022-07-04 20:00:00,-0.556,4.155,-17.303
2022-07-05 05:55:00,0.745,4.9,-16.558
2022-07-05 13:25:00,2.384,7.284,-14.174
2022-07-05 16:15:00,-1.143,6.141,-15.317
2022-07-06 01:45:00,-1.067,5.074,-16.384
2022-07-06 04:05:00,-1.058,4.016,-17.442
2022-07-06 12:20:00,-0.306,3.71,-17.748
2022-07-06 13:35:00,-1.119,2.591,-18.867
2022-07-07 09:25:00,-0.128,2.463,-18.995
2022-07-07 19:35:00,2.4,4.863,-16.595
2022-07-07 22:40:00,-1.082,3.781,-17.677
2022-07-08 05:50:00,-1.092,2.689,-18.769
2022-07-08 13:50:00,2.387,5.076,-16.382
2022-07-08 14:35:00,-1.074,4.002,-17.456
2022-07-08 16:20:00,-1.152,2.85,-18.608
2022-07-08 23:55:00,-1.183,1.667,-19.791
2022-07-09 13:05:00,-0.056,1.611,-19.847
2022-07-09 19:10:00,-1.204,0.407,-21.051
2022-07-09 22:50:00,-1.191,-0.784,-22.242
2022-07-10 08:15:00,0.533,-0.251,-21.709
2022-07-10 14:50:00,2.348,2.097,-19.361
2022-07-10 20:55:00,-1.077,1.02,-20.438
2022-07-11 03:00:00,2.36,3.38,-18.078
2022-07-11 11:05:00,-0.647,2.733,-18.725
2022-07-11 20:10:00,0.736,3.469,-17.989
2022-07-12 06:05:00,0.328,3.797,-17.661
2022-07-12 09:35:00,2.377,6.174,-15.284
2022-07-12 11:25:00,-1.072,5.102,-16.356
2022-07-12 23:50:00,2.395,7.497,-13.961
2022-07-13 05:35:00,-1.062,6.435,-15.023
2022-07-13 20:35:00,-0.163,6.272,-15.186
2022-07-14 07:20:00,-0.614,5.658,-15.8
2022-07-14 08:40:00,2.277,7.935,-13.523
2022-07-14 15:25:00,-1.066,6.869,-14.589
2022-07-14 23:30:00,0.911,7.78,-13.678
2022-07-15 00:20:00,-1.118,6.662,-14.796
2022-07-15 10:00:00,-0.704,5.958,-15.5
2022-07-15 18:40:00,-1.059,4.899,-16.559
2022-07-16 01:00:00,-1.069,3.83,-17.628
2022-07-16 06:00:00,-1.297,2.533,-18.925
2022-07-16 13:20:00,-1.102,1.431,-20.027
2022-07-16 16:10:00,2.411,3.842,-17.616
2022-07-17 00:15:00,0.199,4.041,-17.417
2022-07-17 08:10:00,-1.135,2.906,-18.552
2022-07-18 01:15:00,-1.042,1.864,-19.594
2022-07-18 09:20:00,1.946,3.81,-17.648
2022-07-18 11:00:00,2.431,6.241,-15.217
2022-07-18 18:50:00,-1.026,5.215,-16.243
2022-07-19 00:10:00,2.419,7.634,-13.824
2022-07-19 01:05:00,-1.039,6.595,-14.863
2022-07-19 19:05:00,1.994,8.589,-12.869
2022-07-20 04:10:00,0.988,9.577,-11.881
2022-07-20 08:50:00,-1.072,8.505,-12.953
2022-07-20 20:25:00,2.422,10.927,-10.531
2022-07-21 04:30:00,0.203,11.13,-10.328
2022-07-21 16:25:00,-1.071,10.059,-11.399
2022-07-22 04:05:00,-0.699,9.36,-12.098
2022-07-22 05:15:00,-1.232,8.128,-13.33
2022-07-22 13:40:00,0.548,8.676,-12.782
2022-07-22 23:30:00,1.431,10.107,-11.351
2022-07-23 07:40:00,-1.103,9.004,-12.454
2022-07-23 16:55:00,0.388,9.392,-12.066
2022-07-23 20:20:00,-1.095,8.297,-13.161
2022-07-23 21:40:00,2.438,10.735,-10.723
2022-07-24 05:45:00,0.439,11.174,-10.284
2022-07-24 17:20:00,0.109,11.283,-10.175
2022-07-24 22:50:00,-1.123,10.16,-11.298
2022-07-25 04:05:00,2.433,12.593,-8.865
2022-07-25 04:55:00,-1.106,11.487,-9.971
2022-07-25 20:10:00,-0.392,11.095,-10.363
2022-07-26 00:50:00,2.426,13.521,-7.937
2022-07-26 08:55:00,-0.353,13.168,-8.29
2022-07-26 12:40:00,2.289,15.457,-6.001
2022-07-26 20:45:00,0.317,15.774,-5.684
2022-07-27 05:10:00,-1.126,14.648,-6.81
2022-07-27 12:40:00,-1.106,13.542,-7.916
2022-07-27 16:55:00,-1.093,12.449,-9.009
2022-07-27 18:00:00,-1.045,11.404,-10.054
2022-07-28 02:05:00,1.53,12.934,-8.524
2022-07-28 07:20:00,-1.036,11.898,-9.56
2022-07-28 21:35:00,0.685,12.583,-8.875
2022-07-29 08:50:00,0.44,13.023,-8.435
2022-07-29 11:25:00,-1.049,11.974,-9.484
2022-07-30 01:45:00,-1.033,10.941,-10.517
2022-07-30 07:05:00,-1.067,9.874,-11.584
2022-07-30 13:10:00,2.404,12.278,-9.18
2022-07-30 21:15:00,-0.835,11.443,-10.015
2022-07-31 10:55:00,-1.071,10.372,-11.086
2022-07-31 18:30:00,-1.101,9.271,-12.187
2022-08-01 06:05:00,0.726,9.997,-11.461
2022-08-01 13:30:00,2.392,12.389,-9.069
2022-08-01 14:00:00,-1.056,11.333,-10.125
2022-08-02 01:25:00,-0.643,10.69,-10.768
2022-08-02 09:55:00,1.16,11.85,-9.608
2022-08-03 03:00:00,0.273,12.123,-9.335
2022-08-03 16:35:00,1.041,13.164,-8.294
2022-08-03 22:15:00,-1.088,12.076,-9.382
2022-08-04 06:20:00,0.652,12.728,-8.73
2022-08-04 14:25:00,0.558,13.286,-8.172
2022-08-04 22:35:00,-0.227,13.059,-8.399
2022-08-05 01:55:00,2.282,15.341,-6.117
2022-08-05 10:00:00,0.365,15.706,-5.752
2022-08-05 11:40:00,2.218,17.924,-3.534
2022-08-05 12:30:00,-1.104,16.82,-4.638
2022-08-06 05:05:00,1.192,18.012,-3.446
2022-08-06 16:55:00,-1.204,16.808,-4.65
2022-08-07 05:30:00,-1.12,15.688,-5.77
2022-08-07 13:35:00,0.313,16.001,-5.457
2022-08-07 21:00:00,2.37,18.371,-3.087
2022-08-08 05:05:00,-0.22,18.151,-3.307
2022-08-08 05:40:00,2.152,20.303,-1.155
2022-08-08 13:45:00,0.919,21.222,-0.236
2022-08-09 01:10:00,-1.127,20.095,-1.363
2022-08-09 09:25:00,-0.022,20.073,-1.385
2022-08-09 11:45:00,2.387,22.46,0.0
2022-08-09 12:30:00,-1.1,21.36,-1.1
2022-08-09 22:00:00,0.031,21.391,-1.069
2022-08-10 00:45:00,2.335,23.726,0.0
2022-08-10 08:50:00,-0.949,22.777,-0.949
2022-08-10 12:30:00,2.387,25.164,0.0
2022-08-10 20:35:00,0.368,25.532,0.0
2022-08-11 05:00:00,1.352,26.884,0.0
2022-08-11 18:15:00,-1.148,25.736,-1.148
2022-08-12 07:00:00,0.251,25.987,-0.897
2022-08-12 10:45:00,-1.136,24.851,-2.033
2022-08-12 18:50:00,-0.82,24.031,-2.853
2022-08-13 03:05:00,0.977,25.008,-1.876
2022-08-13 05:55:00,2.352,27.36,0.0
2022-08-13 14:00:00,0.591,27.951,0.0
2022-08-14 00:25:00,2.398,30.349,0.0
2022-08-14 08:30:00,0.968,31.317,0.0
2022-08-14 22:05:00,-1.142,30.175,-1.142
2022-08-15 05:35:00,-1.114,29.061,-2.256
2022-08-15 14:05:00,0.299,29.36,-1.957
2022-08-15 19:05:00,-1.081,28.279,-3.038
2022-08-15 19:15:00,-1.179,27.1,-4.217
2022-08-16 01:20:00,-1.076,26.024,-5.293
2022-08-16 08:35:00,-1.078,24.946,-6.371
2022-08-16 11:10:00,2.373,27.319,-3.998
2022-08-16 12:30:00,-1.094,26.225,-5.092
2022-08-16 20:40:00,-0.685,25.54,-5.777
2022-08-16 22:05:00,-1.085,24.455,-6.862
2022-08-17 03:00:00,-1.077,23.378,-7.939
2022-08-17 10:10:00,-1.053,22.325,-8.992
2022-08-17 13:50:00,2.428,24.753,-6.564
2022-08-17 21:55:00,-0.281,24.472,-6.845
2022-08-17 23:55:00,-1.18,23.292,-8.025
2022-08-18 21:25:00,1.252,24.544,-6.773
2022-08-18 23:15:00,2.373,26.917,-4.4
2022-08-19 07:20:00,1.544,28.461,-2.856
2022-08-19 16:30:00,-1.095,27.366,-3.951
2022-08-19 19:15:00,-1.108,26.258,-5.059
2022-08-20 04:35:00,0.214,26.472,-4.845
2022-08-20 17:00:00,0.868,27.34,-3.977
2022-08-21 01:10:00,-0.089,27.251,-4.066
2022-08-21 07:50:00,-1.079,26.172,-5.145
2022-08-21 16:40:00,-1.1,25.072,-6.245
2022-08-21 22:10:00,-1.065,24.007,-7.31
2022-08-22 06:15:00,0.207,24.214,-7.103
2022-08-22 08:30:00,2.415,26.629,-4.688
2022-08-22 10:30:00,-1.038,25.591,-5.726
2022-08-22 13:40:00,-1.094,24.497,-6.82
2022-08-22 19:20:00,-1.108,23.389,-7.928
2022-08-23 05:20:00,-1.106,22.283,-9.034
2022-08-23 08:10:00,-1.121,21.162,-10.155
2022-08-23 17:50:00,-0.466,20.696,-10.621
2022-08-24 01:40:00,-1.071,19.625,-11.692
2022-08-24 06:50:00,-1.115,18.51,-12.807
2022-08-24 07:30:00,-1.118,17.392,-13.925
2022-08-24 20:05:00,0.279,17.671,-13.646
2022-08-25 06:10:00,-0.05,17.621,-13.696
2022-08-25 14:25:00,0.128,17.749,-13.568
2022-08-25 18:10:00,-1.112,16.637,-14.68
2022-08-25 20:45:00,2.309,18.946,-12.371
2022-08-25 22:50:00,-1.068,17.878,-13.439
2022-08-26 06:25:00,2.333,20.211,-11.106
2022-08-26 11:10:00,-1.041,19.17,-12.147
2022-08-26 12:35:00,-1.043,18.127,-13.19
2022-08-26 15:00:00,-1.032,17.095,-14.222
2022-08-26 23:05:00,1.069,18.164,-13.153
2022-08-27 07:15:00,-0.286,17.878,-13.439
2022-08-27 22:35:00,-1.068,16.81,-14.507
2022-08-28 05:20:00,-1.073,15.737,-15.58
2022-08-28 07:15:00,-1.108,14.629,-16.688
2022-08-28 08:45:00,-1.183,13.446,-17.871
2022-08-28 16:05:00,-1.089,12.357,-18.96
2022-08-28 23:25:00,2.384,14.741,-16.576
2022-08-29 07:30:00,-0.222,14.519,-16.798
2022-08-29 21:40:00,1.28,15.799,-15.518
2022-08-30 07:40:00,0.773,16.572,-14.745
2022-08-30 09:10:00,-1.167,15.405,-15.912
2022-08-30 13:45:00,-1.114,14.291,-17.026
2022-08-30 21:00:00,-1.07,13.221,-18.096
2022-08-31 05:05:00,0.611,13.832,-17.485
2022-08-31 06:30:00,-1.176,12.656,-18.661
2022-08-31 12:20:00,-1.143,11.513,-19.804
2022-08-31 15:00:00,-1.069,10.444,-20.873
2022-08-31 23:10:00,-1.091,9.353,-21.964
2022-09-01 07:15:00,0.621,9.974,-21.343
2022-09-01 11:15:00,-1.069,8.905,-22.412
2022-09-01 14:45:00,-1.034,7.871,-23.446
2022-09-01 18:30:00,-1.046,6.825,-24.492
2022-09-02 02:35:00,0.0,6.825,-24.492
2022-09-02 11:05:00,-0.743,6.082,-25.235
2022-09-02 18:10:00,-1.066,5.016,-26.301
2022-09-02 20:55:00,-1.122,3.894,-27.423
2022-09-02 22:35:00,-1.164,2.73,-28.587
2022-09-03 04:30:00,2.386,5.116,-26.201
2022-09-03 12:35:00,-0.018,5.098,-26.219
2022-09-03 21:15:00,1.694,6.792,-24.525
2022-09-04 09:20:00,0.582,7.374,-23.943
2022-09-04 19:00:00,0.074,7.448,-23.869
2022-09-05 02:05:00,-1.061,6.387,-24.93
2022-09-05 12:50:00,-1.197,5.19,-26.127
2022-09-05 21:10:00,0.954,6.144,-25.173
2022-09-06 00:50:00,2.335,8.479,-22.838
2022-09-06 02:00:00,-1.053,7.426,-23.891
2022-09-06 11:20:00,-1.087,6.339,-24.978
2022-09-06 17:10:00,2.398,8.737,-22.58
2022-09-07 01:15:00,0.641,9.378,-21.939
2022-09-07 13:00:00,-1.101,8.277,-23.04
2022-09-08 04:20:00,0.128,8.405,-22.912
2022-09-08 12:20:00,2.351,10.756,-20.561
2022-09-08 14:55:00,-1.062,9.694,-21.623
2022-09-09 00:15:00,2.375,12.069,-19.248
2022-09-09 08:20:00,0.263,12.332,-18.985
2022-09-09 16:00:00,-1.103,11.229,-20.088
2022-09-10 01:10:00,2.384,13.613,-17.704
2022-09-10 09:15:00,0.516,14.129,-17.188
2022-09-11 04:20:00,-0.143,13.986,-17.331
2022-09-11 16:20:00,-0.385,13.601,-17.716
2022-09-11 17:55:00,-1.166,12.435,-18.882
2022-09-12 01:40:00,-1.073,11.362,-19.955
2022-09-12 09:45:00,0.19,11.552,-19.765
2022-09-12 15:35:00,-1.133,10.419,-20.898
2022-09-12 23:40:00,0.791,11.21,-20.107
2022-09-13 02:10:00,2.361,13.571,-17.746
2022-09-13 03:50:00,-1.103,12.468,-18.849
2022-09-13 20:35:00,0.507,12.975,-18.342
2022-09-14 02:15:00,-1.099,11.876,-19.441
2022-09-14 12:30:00,-1.097,10.779,-20.538
2022-09-14 18:10:00,-1.067,9.712,-21.605
2022-09-15 02:15:00,0.324,10.036,-21.281
2022-09-15 06:45:00,-1.089,8.947,-22.37
2022-09-15 12:30:00,-1.091,7.856,-23.461
2022-09-15 22:35:00,0.57,8.426,-22.891
2022-09-16 00:55:00,-1.108,7.318,-23.999
2022-09-16 08:35:00,2.322,9.64,-21.677
2022-09-16 16:40:00,0.026,9.666,-21.651
2022-09-17 00:40:00,2.386,12.052,-19.265
2022-09-17 08:45:00,-0.791,11.261,-20.056
2022-09-17 14:25:00,2.358,13.619,-17.698
2022-09-17 22:30:00,-0.06,13.559,-17.758
2022-09-18 09:45:00,-1.158,12.401,-18.916
2022-09-18 17:50:00,0.824,13.225,-18.092
2022-09-18 21:10:00,2.416,15.641,-15.676
2022-09-19 05:15:00,0.271,15.912,-15.405
2022-09-19 10:55:00,-1.05,14.862,-16.455
2022-09-20 08:15:00,0.722,15.584,-15.733
2022-09-20 16:00:00,-1.099,14.485,-16.832
2022-09-21 00:05:00,-1.17,13.315,-18.002
2022-09-21 08:45:00,-0.316,12.999,-18.318
2022-09-21 15:05:00,-1.109,11.89,-19.427
2022-09-21 17:55:00,-1.064,10.826,-20.491
2022-09-21 18:00:00,-1.051,9.775,-21.542
2022-09-21 18:35:00,2.445,12.22,-19.097
2022-09-22 02:40:00,-0.502,11.718,-19.599
2022-09-22 15:55:00,0.153,11.871,-19.446
2022-09-22 19:45:00,2.372,14.243,-17.074
2022-09-23 03:50:00,0.831,15.074,-16.243
2022-09-23 08:25:00,-1.026,14.048,-17.269
2022-09-23 19:15:00,0.301,14.349,-16.968
2022-09-24 04:20:00,0.46,14.809,-16.508
2022-09-24 19:00:00,-0.595,14.214,-17.103
2022-09-25 05:25:00,0.302,14.516,-16.801
2022-09-25 10:15:00,-1.133,13.383,-17.934
2022-09-25 13:05:00,-1.13,12.253,-19.064
2022-09-25 21:30:00,1.213,13.466,-17.851
2022-09-25 23:25:00,-1.069,12.397,-18.92
2022-09-26 08:50:00,-1.065,11.332,-19.985
2022-09-26 22:20:00,-1.331,10.001,-21.316
2022-09-27 04:15:00,2.399,12.4,-18.917
2022-09-27 04:45:00,-1.179,11.221,-20.096
2022-09-27 07:50:00,-1.176,10.045,-21.272
2022-09-27 13:00:00,-1.096,8.949,-22.368
2022-09-28 00:15:00,0.726,9.675,-21.642
2022-09-28 09:35:00,0.454,10.129,-21.188
2022-09-28 10:15:00,-1.194,8.935,-22.382
2022-09-28 19:05:00,-1.136,7.799,-23.518
2022-09-29 06:50:00,1.037,8.836,-22.481
2022-09-29 09:00:00,-1.144,7.692,-23.625
2022-09-29 20:15:00,-0.459,7.233,-24.084
2022-09-30 07:45:00,-0.541,6.692,-24.625
2022-09-30 12:30:00,2.281,8.973,-22.344
2022-09-30 14:35:00,-1.123,7.85,-23.467
2022-09-30 19:50:00,-1.087,6.763,-24.554
2022-09-30 23:20:00,-1.131,5.632,-25.685
2022-10-01 19:30:00,-0.207,5.425,-25.892
2022-10-02 10:15:00,2.33,7.755,-23.562
2022-10-02 18:20:00,-0.249,7.506,-23.811
2022-10-02 23:05:00,2.353,9.859,-21.458
2022-10-03 07:10:00,-0.329,9.53,-21.787
2022-10-03 13:05:00,-1.141,8.389,-22.928
2022-10-03 14:25:00,-1.128,7.261,-24.056
2022-10-04 07:10:00,2.269,9.53,-21.787
2022-10-04 15:15:00,-0.292,9.238,-22.079
2022-10-05 02:45:00,-1.124,8.114,-23.203
2022-10-05 08:10:00,-1.213,6.901,-24.416
2022-10-05 16:15:00,-0.055,6.846,-24.471
2022-10-06 00:20:00,0.367,7.213,-24.104
2022-10-06 08:25:00,-1.19,6.023,-25.294
2022-10-06 10:55:00,1.976,7.999,-23.318
2022-10-06 11:35:00,-1.217,6.782,-24.535
2022-10-06 14:00:00,-1.095,5.687,-25.63
2022-10-06 22:05:00,0.045,5.732,-25.585
2022-10-07 02:45:00,-1.254,4.478,-26.839
2022-10-07 08:20:00,-1.219,3.259,-28.058
2022-10-07 12:25:00,2.232,5.491,-25.826
2022-10-07 12:30:00,2.231,7.722,-23.595
2022-10-07 20:35:00,-0.364,7.358,-23.959
2022-10-08 00:20:00,-1.268,6.09,-25.227
2022-10-08 19:10:00,0.065,6.155,-25.162
2022-10-09 03:20:00,0.433,6.588,-24.729
2022-10-09 04:50:00,-1.371,5.217,-26.1
2022-10-10 00:45:00,-1.251,3.966,-27.351
2022-10-10 05:40:00,-1.115,2.851,-28.466
2022-10-10 08:20:00,2.293,5.144,-26.173
2022-10-10 16:25:00,0.244,5.388,-25.929
2022-10-10 21:35:00,2.241,7.629,-23.688
2022-10-10 23:45:00,2.407,10.036,-21.281
2022-10-11 00:05:00,2.416,12.452,-18.865
2022-10-11 08:10:00,-0.459,11.993,-19.324
2022-10-11 11:20:00,-1.263,10.73,-20.587
2022-10-11 15:30:00,-1.086,9.644,-21.673
2022-10-12 02:45:00,0.856,10.5,-20.817
2022-10-12 17:45:00,2.252,12.752,-18.565
2022-10-12 21:50:00,2.398,15.15,-16.167
2022-10-13 05:55:00,0.267,15.417,-15.9
2022-10-13 10:25:00,2.428,17.845,-13.472
2022-10-13 12:25:00,-1.039,16.806,-14.511
2022-10-13 19:00:00,-1.093,15.713,-15.604
2022-10-14 05:05:00,1.147,16.86,-14.457
2022-10-14 14:10:00,2.363,19.223,-12.094
2022-10-14 22:15:00,1.266,20.489,-10.828
2022-10-15 14:55:00,-0.589,19.9,-11.417
2022-10-15 20:15:00,-1.185,18.715,-12.602
2022-10-16 02:10:00,-1.194,17.521,-13.796
2022-10-16 19:30:00,-1.278,16.243,-15.074
2022-10-17 03:35:00,-0.566,15.677,-15.64
2022-10-17 05:05:00,-1.152,14.525,-16.792
2022-10-17 13:10:00,1.276,15.801,-15.516
2022-10-17 18:15:00,-1.143,14.658,-16.659
2022-10-18 01:30:00,-1.134,13.524,-17.793
2022-10-18 09:35:00,0.417,13.941,-17.376
2022-10-18 22:20:00,0.852,14.793,-16.524
2022-10-19 09:05:00,-0.045,14.748,-16.569
2022-10-19 18:15:00,-1.113,13.635,-17.682
2022-10-19 23:45:00,2.364,15.999,-15.318
2022-10-20 02:50:00,-1.127,14.872,-16.445
2022-10-20 09:50:00,-1.209,13.663,-17.654
2022-10-20 10:40:00,-1.164,12.499,-18.818
2022-10-20 18:05:00,2.355,14.854,-16.463
2022-10-21 02:10:00,0.393,15.247,-16.07
2022-10-21 14:00:00,-1.11,14.137,-17.18
2022-10-22 03:25:00,-0.44,13.697,-17.62
2022-10-22 06:10:00,-1.095,12.602,-18.715
2022-10-22 14:15:00,0.983,13.585,-17.732
2022-10-23 04:55:00,0.162,13.747,-17.57
2022-10-23 14:00:00,-1.113,12.634,-18.683
2022-10-23 19:40:00,2.292,14.926,-16.391
2022-10-23 22:30:00,2.348,17.274,-14.043
2022-10-24 06:35:00,-0.318,16.956,-14.361
2022-10-24 14:15:00,-1.102,15.854,-15.463
2022-10-24 23:45:00,-1.129,14.725,-16.592
2022-10-25 08:55:00,-1.099,13.626,-17.691
2022-10-25 13:30:00,2.316,15.942,-15.375
2022-10-25 16:40:00,2.446,18.388,-12.929
2022-10-26 00:45:00,0.707,19.095,-12.222
2022-10-26 07:50:00,-1.111,17.984,-13.333
2022-10-26 12:05:00,-1.063,16.921,-14.396
2022-10-26 17:15:00,-1.06,15.861,-15.456
2022-10-27 00:55:00,2.336,18.197,-13.12
2022-10-27 09:00:00,-0.627,17.57,-13.747
2022-10-27 13:55:00,-1.105,16.465,-14.852
2022-10-27 20:00:00,-1.135,15.33,-15.987
2022-10-27 22:40:00,2.409,17.739,-13.578
2022-10-28 00:20:00,2.336,20.075,-11.242
2022-10-28 07:50:00,2.37,22.445,-8.872
2022-10-28 13:05:00,-1.06,21.385,-9.932
2022-10-28 22:45:00,1.389,22.774,-8.543
2022-10-29 11:00:00,0.013,22.787,-8.53
2022-10-29 16:20:00,2.433,25.22,-6.097
2022-10-30 00:25:00,-0.396,24.824,-6.493
2022-10-30 04:45:00,-1.094,23.73,-7.587
2022-10-30 08:25:00,-1.124,22.606,-8.711
2022-10-30 21:35:00,-0.343,22.263,-9.054
2022-10-31 00:15:00,-1.096,21.167,-10.15
2022-10-31 09:25:00,-1.07,20.097,-11.22
2022-10-31 17:30:00,-0.282,19.815,-11.502
2022-10-31 22:15:00,-1.13,18.685,-12.632
2022-11-01 09:35:00,0.99,19.675,-11.642
2022-11-01 10:00:00,-1.173,18.502,-12.815
2022-11-01 21:45:00,0.984,19.486,-11.831
2022-11-01 22:00:00,-1.213,18.273,-13.044
2022-11-02 08:10:00,0.311,18.584,-12.733
2022-11-02 18:00:00,-1.043,17.541,-13.776
2022-11-02 18:25:00,-1.075,16.466,-14.851
2022-11-03 03:30:00,-0.219,16.247,-15.07
2022-11-03 08:00:00,-1.105,15.142,-16.175
2022-11-03 16:05:00,0.039,15.181,-16.136
2022-11-04 00:50:00,-1.182,13.999,-17.318
2022-11-04 08:55:00,2.013,16.012,-15.305
2022-11-04 09:25:00,-1.083,14.929,-16.388
2022-11-04 20:40:00,1.039,15.968,-15.349
2022-11-04 21:25:00,-1.23,14.738,-16.579
2022-11-05 08:30:00,-0.189,14.549,-16.768
2022-11-05 13:25:00,-1.083,13.466,-17.851
2022-11-05 23:30:00,-0.316,13.15,-18.167
2022-11-06 13:45:00,-0.362,12.788,-18.529
2022-11-06 16:00:00,-1.109,11.679,-19.638
2022-11-06 18:20:00,-1.066,10.613,-20.704
2022-11-06 23:10:00,2.418,13.031,-18.286
2022-11-07 07:15:00,0.065,13.096,-18.221
2022-11-07 10:05:00,-1.062,12.034,-19.283
2022-11-07 21:40:00,-1.122,10.912,-20.405
2022-11-08 04:05:00,2.449,13.361,-17.956
2022-11-08 12:10:00,-0.122,13.239,-18.078
2022-11-08 18:05:00,-1.026,12.213,-19.104
2022-11-09 02:10:00,0.627,12.84,-18.477
2022-11-09 05:25:00,-1.026,11.814,-19.503
2022-11-09 16:35:00,0.623,12.437,-18.88
2022-11-09 21:25:00,2.467,14.904,-16.413
2022-11-10 03:15:00,-1.012,13.892,-17.425
2022-11-10 08:50:00,-1.034,12.858,-18.459
2022-11-10 21:05:00,1.015,13.873,-17.444
2022-11-10 23:15:00,-1.084,12.789,-18.528
2022-11-11 02:10:00,-1.036,11.753,-19.564
2022-11-11 08:35:00,-1.049,10.704,-20.613
2022-11-11 09:45:00,-1.079,9.625,-21.692
2022-11-11 22:10:00,0.587,10.212,-21.105
2022-11-12 08:45:00,0.403,10.615,-20.702
2022-11-13 03:00:00,-1.104,9.511,-21.806
2022-11-13 06:30:00,2.285,11.796,-19.521
2022-11-13 14:35:00,-0.188,11.608,-19.709
2022-11-14 00:20:00,2.409,14.017,-17.3
2022-11-14 08:00:00,-1.025,12.992,-18.325
2022-11-14 21:55:00,0.392,13.384,-17.933
2022-11-15 09:50:00,1.264,14.648,-16.669
2022-11-15 11:15:00,-1.134,13.514,-17.803
2022-11-16 02:30:00,-1.047,12.467,-18.85
2022-11-16 08:00:00,-1.076,11.391,-19.926
2022-11-16 08:35:00,2.313,13.704,-17.613
2022-11-16 16:40:00,0.986,14.69,-16.627
2022-11-17 04:00:00,2.305,16.995,-14.322
2022-11-17 05:05:00,-1.065,15.93,-15.387
2022-11-17 13:15:00,2.335,18.265,-13.052
2022-11-17 15:20:00,-1.073,17.192,-14.125
2022-11-18 09:05:00,-0.301,16.891,-14.426
2022-11-18 14:30:00,-1.118,15.773,-15.544
2022-11-18 22:45:00,0.273,16.046,-15.271
2022-11-19 08:55:00,-0.374,15.672,-15.645
2022-11-19 15:05:00,-1.288,14.384,-16.933
2022-11-20 00:10:00,-0.271,14.113,-17.204
2022-11-20 11:15:00,2.331,16.444,-14.873
2022-11-20 19:20:00,0.962,17.406,-13.911
2022-11-21 02:05:00,2.428,19.834,-11.483
2022-11-21 10:10:00,-0.142,19.692,-11.625
2022-11-21 19:35:00,2.424,22.116,-9.201
2022-11-21 20:15:00,-1.051,21.065,-10.252
2022-11-22 10:00:00,2.352,23.417,-7.9
2022-11-22 10:55:00,-1.144,22.273,-9.044
2022-11-22 21:05:00,1.01,23.283,-8.034
2022-11-23 00:15:00,-1.116,22.167,-9.15
2022-11-23 10:30:00,-0.217,21.95,-9.367
2022-11-23 12:40:00,-1.079,20.871,-10.446
2022-11-23 18:25:00,-1.082,19.789,-11.528
2022-11-24 02:30:00,0.692,20.481,-10.836
2022-11-24 18:35:00,-0.446,20.035,-11.282
2022-11-25 05:25:00,1.141,21.176,-10.141
2022-11-25 19:15:00,0.179,21.355,-9.962
2022-11-25 22:10:00,-1.147,20.208,-11.109
2022-11-26 08:35:00,-0.171,20.037,-11.28
2022-11-26 14:50:00,-1.172,18.865,-12.452
2022-11-27 03:00:00,-0.677,18.188,-13.129
2022-11-27 12:35:00,1.134,19.322,-11.995
2022-11-28 07:25:00,0.956,20.278,-11.039
2022-11-28 14:25:00,-1.217,19.061,-12.256
2022-11-28 16:55:00,-1.068,17.993,-13.324
2022-11-29 12:05:00,0.531,18.524,-12.793
2022-11-29 21:30:00,-0.309,18.215,-13.102
2022-11-30 08:40:00,0.463,18.678,-12.639
2022-11-30 19:10:00,-1.059,17.619,-13.698
2022-12-01 03:15:00,0.264,17.883,-13.434
2022-12-01 05:30:00,-1.244,16.639,-14.678
2022-12-01 13:45:00,-1.2,15.439,-15.878
2022-12-02 01:40:00,-1.154,14.285,-17.032
2022-12-02 09:50:00,-0.836,13.449,-17.868
2022-12-02 11:35:00,2.219,15.668,-15.649
2022-12-02 13:20:00,-1.169,14.499,-16.818
2022-12-03 03:10:00,0.871,15.37,-15.947
2022-12-03 09:50:00,2.329,17.699,-13.618
2022-12-03 17:55:00,-0.075,17.624,-13.693
2022-12-03 22:35:00,2.271,19.895,-11.422
2022-12-04 00:15:00,-1.095,18.8,-12.517
2022-12-04 08:25:00,-0.659,18.141,-13.176
2022-12-04 14:55:00,-1.18,16.961,-14.356
2022-12-04 23:00:00,0.467,17.428,-13.889
2022-12-05 04:40:00,2.161,19.589,-11.728
2022-12-05 12:45:00,-0.175,19.414,-11.903
2022-12-05 23:05:00,1.057,20.471,-10.846
2022-12-06 10:00:00,2.236,22.707,-8.61
2022-12-06 18:05:00,0.461,23.168,-8.149
2022-12-06 21:10:00,-1.209,21.959,-9.358
2022-12-07 06:50:00,2.162,24.121,-7.196
2022-12-07 14:55:00,0.532,24.653,-6.664
2022-12-07 23:10:00,-1.252,23.401,-7.916
2022-12-08 02:40:00,-1.233,22.168,-9.149
2022-12-08 12:00:00,-1.138,21.03,-10.287
2022-12-09 02:40:00,0.189,21.219,-10.098
2022-12-09 11:55:00,-1.156,20.063,-11.254
2022-12-09 22:25:00,0.302,20.365,-10.952
2022-12-10 10:35:00,-1.28,19.085,-12.232
2022-12-10 17:55:00,-1.28,17.805,-13.512
2022-12-11 00:35:00,-1.224,16.581,-14.736
2022-12-11 08:40:00,-0.87,15.711,-15.606
2022-12-11 17:00:00,-1.419,14.292,-17.025
2022-12-11 19:05:00,2.022,16.314,-15.003
2022-12-11 19:35:00,-1.188,15.126,-16.191
2022-12-11 22:35:00,2.34,17.466,-13.851
2022-12-12 06:40:00,0.426,17.892,-13.425
2022-12-12 20:35:00,-0.221,17.671,-13.646
2022-12-13 07:00:00,2.268,19.939,-11.378
2022-12-13 09:55:00,-1.095,18.844,-12.473
2022-12-13 13:30:00,2.357,21.201,-10.116
2022-12-13 21:35:00,-0.428,20.773,-10.544
2022-12-14 00:00:00,2.169,22.942,-8.375
2022-12-14 05:20:00,-1.092,21.85,-9.467
2022-12-14 06:05:00,2.276,24.126,-7.191
2022-12-14 19:00:00,-1.186,22.94,-8.377
2022-12-15 01:45:00,2.402,25.342,-5.975
2022-12-15 09:50:00,0.28,25.622,-5.695
2022-12-15 21:20:00,-0.235,25.387,-5.93
2022-12-16 16:55:00,1.456,26.843,-4.474
2022-12-16 22:30:00,2.387,29.23,-2.087
2022-12-16 22:35:00,2.463,31.693,0.0
2022-12-17 06:40:00,-0.265,31.428,-0.265
2022-12-17 17:35:00,2.267,33.695,0.0
2022-12-17 18:25:00,-1.183,32.512,-1.183
2022-12-18 09:30:00,2.355,34.867,0.0
2022-12-18 17:35:00,-0.71,34.157,-0.71
2022-12-18 23:05:00,-1.142,33.015,-1.852
2022-12-19 11:10:00,0.583,33.598,-1.269
2022-12-19 12:35:00,-1.175,32.423,-2.444
2022-12-19 18:50:00,2.429,34.852,-0.015
2022-12-20 02:55:00,-0.723,34.129,-0.738
2022-12-20 14:55:00,-1.172,32.957,-1.91
2022-12-21 04:10:00,2.363,35.32,0.0
2022-12-21 08:50:00,-1.104,34.216,-1.104
2022-12-21 23:00:00,-0.081,34.135,-1.185
2022-12-22 11:35:00,-1.272,32.863,-2.457
2022-12-22 15:05:00,2.322,35.185,-0.135
2022-12-22 20:20:00,-1.068,34.117,-1.203
2022-12-23 04:25:00,1.178,35.295,-0.025
2022-12-23 11:35:00,-1.141,34.154,-1.166
2022-12-24 01:15:00,-0.235,33.919,-1.401
2022-12-24 05:20:00,-1.311,32.608,-2.712
2022-12-24 16:15:00,-0.266,32.342,-2.978
2022-12-25 03:10:00,0.504,32.846,-2.474
2022-12-25 14:30:00,2.287,35.133,-0.187
2022-12-25 15:00:00,-1.098,34.035,-1.285
2022-12-25 19:25:00,-1.336,32.699,-2.621
2022-12-26 02:50:00,2.327,35.026,-0.294
2022-12-26 10:55:00,-0.409,34.617,-0.703
2022-12-26 20:10:00,0.979,35.596,0.0
2022-12-27 05:20:00,-0.643,34.953,-0.643
2022-12-27 08:55:00,-1.284,33.669,-1.927
2022-12-27 12:35:00,-1.106,32.563,-3.033
2022-12-27 17:20:00,2.248,34.811,-0.785
2022-12-27 22:50:00,-1.131,33.68,-1.916
2022-12-28 03:10:00,2.361,36.041,0.0
2022-12-28 11:15:00,0.74,36.781,0.0
2022-12-28 23:40:00,0.787,37.568,0.0
2022-12-29 08:20:00,0.198,37.766,0.0
2022-12-29 10:05:00,-1.137,36.629,-1.137
2022-12-29 13:45:00,-1.411,35.218,-2.548
2022-12-30 03:25:00,-0.414,34.804,-2.962
2022-12-30 13:55:00,0.574,35.378,-2.388
2022-12-30 15:15:00,-1.18,34.198,-3.568
2022-12-31 04:35:00,-0.256,33.942,-3.824
2022-12-31 07:35:00,-1.326,32.616,-5.15
2022-12-31 09:30:00,2.07,34.686,-3.08
2022-12-31 15:00:00,2.281,36.967,-0.799
2022-12-31 18:55:00,-1.14,35.827,-1.939
2022-12-31 21:35:00,-1.224,34.603,-3.163
2023-01-01 07:10:00,0.075,34.678,-3.088
2023-01-01 11:05:00,-1.146,33.532,-4.234
2023-01-01 19:15:00,2.311,35.843,-1.923
2023-01-01 19:55:00,-1.222,34.621,-3.145
2023-01-02 07:15:00,2.351,36.972,-0.794
2023-01-02 15:20:00,0.029,37.001,-0.765
2023-01-02 23:45:00,-0.749,36.252,-1.514
2023-01-03 08:40:00,-1.246,35.006,-2.76
2023-01-03 14:55:00,-1.124,33.882,-3.884
2023-01-04 00:55:00,-0.221,33.661,-4.105
2023-01-04 02:45:00,2.357,36.018,-1.748
2023-01-04 08:00:00,2.419,38.437,0.0
2023-01-04 08:30:00,-1.092,37.345,-1.092
2023-01-04 19:25:00,-1.07,36.275,-2.162
2023-01-05 01:05:00,-1.137,35.138,-3.299
2023-01-05 07:25:00,-1.137,34.001,-4.436
2023-01-05 13:35:00,-1.159,32.842,-5.595
2023-01-06 00:35:00,2.389,35.231,-3.206
2023-01-06 08:40:00,-0.305,34.926,-3.511
2023-01-06 21:50:00,0.777,35.703,-2.734
2023-01-07 07:15:00,-0.598,35.105,-3.332
2023-01-07 23:50:00,1.102,36.207,-2.23
2023-01-08 00:30:00,-1.136,35.071,-3.366
2023-01-08 09:25:00,2.252,37.323,-1.114
2023-01-08 17:05:00,2.426,39.749,0.0
2023-01-09 00:55:00,2.454,42.203,0.0
2023-01-09 09:00:00,0.623,42.826,0.0
2023-01-09 11:00:00,-1.062,41.764,-1.062
2023-01-10 02:25:00,-1.066,40.698,-2.128
2023-01-10 08:10:00,-1.209,39.489,-3.337
2023-01-10 12:55:00,-1.075,38.414,-4.412
2023-01-10 23:20:00,0.596,39.01,-3.816
2023-01-11 11:05:00,-0.007,39.003,-3.823
2023-01-11 19:20:00,-1.159,37.844,-4.982
2023-01-12 00:45:00,2.414,40.258,-2.568
2023-01-12 08:50:00,-0.644,39.614,-3.212
2023-01-12 21:45:00,0.1,39.714,-3.112
2023-01-13 12:00:00,0.376,40.09,-2.736
2023-01-13 21:35:00,2.437,42.527,-0.299
2023-01-14 05:40:00,1.276,43.803,0.0
2023-01-14 09:15:00,-1.039,42.764,-1.039
2023-01-15 00:30:00,-1.104,41.66,-2.143
2023-01-15 13:35:00,-1.108,40.552,-3.251
2023-01-15 21:40:00,0.876,41.428,-2.375
2023-01-16 08:05:00,-1.05,40.378,-3.425
2023-01-16 16:10:00,-0.211,40.167,-3.636
2023-01-17 01:10:00,-1.13,39.037,-4.766
2023-01-17 09:15:00,-0.746,38.291,-5.512
2023-01-17 14:30:00,-1.126,37.165,-6.638
2023-01-17 23:40:00,2.304,39.469,-4.334
2023-01-18 02:15:00,-1.088,38.381,-5.422
2023-01-18 08:15:00,-1.094,37.287,-6.516
2023-01-18 13:55:00,-1.076,36.211,-7.592
2023-01-18 15:45:00,-1.084,35.127,-8.676
2023-01-18 16:20:00,2.455,37.582,-6.221
2023-01-19 00:25:00,0.031,37.613,-6.19
2023-01-19 08:35:00,-1.143,36.47,-7.333
2023-01-19 14:40:00,-1.147,35.323,-8.48
2023-01-20 03:15:00,-0.033,35.29,-8.513
2023-01-20 13:05:00,-0.393,34.897,-8.906
2023-01-20 17:30:00,2.376,37.273,-6.53
2023-01-20 20:15:00,2.429,39.702,-4.101
2023-01-20 22:00:00,-1.031,38.671,-5.132
2023-01-21 07:20:00,0.553,39.224,-4.579
2023-01-21 10:25:00,-1.074,38.15,-5.653
2023-01-21 23:40:00,-0.697,37.453,-6.35
2023-01-22 01:45:00,-1.054,36.399,-7.404
2023-01-22 08:30:00,2.365,38.764,-5.039
2023-01-22 16:35:00,0.829,39.593,-4.21
2023-01-23 02:25:00,-1.05,38.543,-5.26
2023-01-23 10:50:00,-1.059,37.484,-6.319
2023-01-23 12:05:00,-1.148,36.336,-7.467
2023-01-23 14:55:00,-1.051,35.285,-8.518
2023-01-23 22:50:00,-1.211,34.074,-9.729
2023-01-24 10:25:00,-0.105,33.969,-9.834
2023-01-24 16:00:00,-1.133,32.836,-10.967
2023-01-24 20:50:00,-1.069,31.767,-12.036
2023-01-25 01:10:00,2.454,34.221,-9.582
2023-01-25 06:30:00,-1.066,33.155,-10.648
2023-01-25 12:10:00,-1.13,32.025,-11.778
2023-01-25 19:35:00,-1.069,30.956,-12.847
2023-01-25 21:55:00,2.417,33.373,-10.43
2023-01-26 06:00:00,0.34,33.713,-10.09
2023-01-26 13:30:00,-1.119,32.594,-11.209
2023-01-26 21:40:00,-0.018,32.576,-11.227
2023-01-27 07:45:00,-1.083,31.493,-12.31
2023-01-27 11:50:00,-1.117,30.376,-13.427
2023-01-27 23:15:00,2.377,32.753,-11.05
2023-01-28 07:20:00,-0.351,32.402,-11.401
2023-01-28 17:00:00,-1.089,31.313,-12.49
2023-01-28 17:15:00,-1.164,30.149,-13.654
2023-01-29 01:05:00,-1.121,29.028,-14.775
2023-01-29 09:10:00,0.032,29.06,-14.743
2023-01-29 13:10:00,2.257,31.317,-12.486
2023-01-30 02:00:00,-1.128,30.189,-13.614
2023-01-30 09:15:00,2.375,32.564,-11.239
2023-01-30 17:20:00,-0.186,32.378,-11.425
2023-01-30 19:10:00,2.409,34.787,-9.016
2023-01-31 03:15:00,-0.082,34.705,-9.098
2023-01-31 12:00:00,-1.172,33.533,-10.27
2023-01-31 15:30:00,2.391,35.924,-7.879
2023-01-31 23:35:00,0.204,36.128,-7.675
2023-02-01 15:00:00,0.384,36.512,-7.291
2023-02-01 19:40:00,-1.088,35.424,-8.379
2023-02-02 03:45:00,1.567,36.991,-6.812
2023-02-02 14:55:00,-1.079,35.912,-7.891
2023-02-02 19:40:00,-1.085,34.827,-8.976
2023-02-02 21:55:00,2.391,37.218,-6.585
2023-02-03 06:00:00,-0.612,36.606,-7.197
2023-02-03 07:05:00,-1.215,35.391,-8.412
2023-02-03 13:30:00,-1.117,34.274,-9.529
2023-02-03 14:45:00,-1.106,33.168,-10.635
2023-02-03 23:20:00,0.092,33.26,-10.543
2023-02-04 11:05:00,-1.185,32.075,-11.728
2023-02-04 19:20:00,0.998,33.073,-10.73
2023-02-04 23:00:00,-1.174,31.899,-11.904
2023-02-05 00:35:00,2.313,34.212,-9.591
2023-02-05 08:40:00,-0.878,33.334,-10.469
2023-02-05 09:55:00,-1.224,32.11,-11.693
2023-02-05 12:55:00,2.314,34.424,-9.379
2023-02-05 21:00:00,0.44,34.864,-8.939
2023-02-06 00:40:00,2.36,37.224,-6.579
2023-02-06 03:00:00,-1.042,36.182,-7.621
2023-02-06 11:05:00,0.821,37.003,-6.8
2023-02-06 11:50:00,-1.11,35.893,-7.91
2023-02-06 23:00:00,2.282,38.175,-5.628
2023-02-07 06:50:00,-1.125,37.05,-6.753
2023-02-07 09:40:00,-1.112,35.938,-7.865
2023-02-07 17:45:00,-1.171,34.767,-9.036
2023-02-07 18:30:00,-1.064,33.703,-10.1
2023-02-07 22:35:00,-1.032,32.671,-11.132
2023-02-08 06:40:00,0.489,33.16,-10.643
2023-02-08 16:10:00,2.34,35.5,-8.303
2023-02-09 00:15:00,-0.446,35.054,-8.749
2023-02-09 03:05:00,2.411,37.465,-6.338
2023-02-09 11:10:00,-0.446,37.019,-6.784
2023-02-09 19:30:00,2.413,39.432,-4.371
2023-02-10 03:35:00,0.507,39.939,-3.864
2023-02-10 06:35:00,-1.068,38.871,-4.932
2023-02-10 14:35:00,-1.094,37.777,-6.026
2023-02-11 05:25:00,-0.244,37.533,-6.27
2023-02-11 07:50:00,-1.293,36.24,-7.563
2023-02-11 14:50:00,-1.129,35.111,-8.692
2023-02-11 20:00:00,-1.183,33.928,-9.875
2023-02-11 22:10:00,2.257,36.185,-7.618
2023-02-12 06:15:00,-0.329,35.856,-7.947
2023-02-12 16:35:00,2.269,38.125,-5.678
2023-02-12 21:30:00,-1.117,37.008,-6.795
2023-02-13 01:30:00,2.401,39.409,-4.394
2023-02-13 09:35:00,1.842,41.251,-2.552
2023-02-13 20:30:00,-1.066,40.185,-3.618
2023-02-14 02:15:00,-1.191,38.994,-4.809
2023-02-14 09:50:00,2.308,41.302,-2.501
2023-02-14 13:30:00,-1.1,40.202,-3.601
2023-02-14 22:55:00,1.573,41.775,-2.028
2023-02-15 00:15:00,-1.225,40.55,-3.253
2023-02-15 12:10:00,2.312,42.862,-0.941
2023-02-15 20:15:00,1.546,44.408,0.0
2023-02-15 23:50:00,2.439,46.847,0.0
2023-02-16 07:55:00,-0.748,46.099,-0.748
2023-02-16 20:25:00,-1.05,45.049,-1.798
2023-02-17 06:25:00,-0.304,44.745,-2.102
2023-02-17 12:00:00,-1.145,43.6,-3.247
2023-02-17 16:10:00,2.33,45.93,-0.917
2023-02-17 16:25:00,-1.102,44.828,-2.019
2023-02-18 01:20:00,0.222,45.05,-1.797
2023-02-18 03:00:00,-1.194,43.856,-2.991
2023-02-18 13:20:00,-1.159,42.697,-4.15
2023-02-18 16:05:00,2.334,45.031,-1.816
2023-02-19 00:10:00,-0.624,44.407,-2.44
2023-02-19 08:20:00,-1.136,43.271,-3.576
2023-02-19 14:40:00,2.283,45.554,-1.293
2023-02-19 15:25:00,-1.128,44.426,-2.421
2023-02-20 01:10:00,1.807,46.233,-0.614
2023-02-20 04:15:00,-1.035,45.198,-1.649
2023-02-20 12:20:00,0.836,46.034,-0.813
2023-02-20 16:05:00,-1.135,44.899,-1.948
2023-02-20 22:05:00,-1.124,43.775,-3.072
2023-02-21 07:00:00,-0.21,43.565,-3.282
2023-02-21 08:30:00,-1.302,42.263,-4.584
2023-02-21 16:40:00,1.378,43.641,-3.206
2023-02-22 02:00:00,2.393,46.034,-0.813
2023-02-22 10:05:00,-0.426,45.608,-1.239
2023-02-22 22:25:00,-0.656,44.952,-1.895
2023-02-23 02:50:00,2.257,47.209,0.0
2023-02-23 10:55:00,-0.339,46.87,-0.339
2023-02-23 19:30:00,0.368,47.238,0.0
2023-02-24 01:05:00,-1.121,46.117,-1.121
2023-02-24 07:55:00,-1.305,44.812,-2.426
2023-02-24 10:45:00,-1.116,43.696,-3.542
2023-02-24 16:00:00,2.401,46.097,-1.141
2023-02-25 00:05:00,-0.218,45.879,-1.359
2023-02-25 07:55:00,-1.242,44.637,-2.601
2023-02-25 16:15:00,-1.215,43.422,-3.816
2023-02-25 20:20:00,2.351,45.773,-1.465
2023-02-25 22:40:00,-1.099,44.674,-2.564
2023-02-26 02:40:00,-1.239,43.435,-3.803
2023-02-26 07:40:00,-1.347,42.088,-5.15
2023-02-26 14:10:00,-1.194,40.894,-6.344
2023-02-26 18:40:00,-1.155,39.739,-7.499
2023-02-27 02:45:00,0.367,40.106,-7.132
2023-02-27 12:25:00,0.812,40.918,-6.32
2023-02-27 16:30:00,-1.135,39.783,-7.455
2023-02-28 00:35:00,-0.443,39.34,-7.898
2023-02-28 07:25:00,-1.102,38.238,-9.0
2023-02-28 15:30:00,-0.102,38.136,-9.102
2023-02-28 20:00:00,2.34,40.476,-6.762
2023-03-01 04:05:00,-0.533,39.943,-7.295
2023-03-01 05:05:00,2.262,42.205,-5.033
2023-03-01 13:10:00,-0.266,41.939,-5.299
2023-03-01 16:05:00,-1.091,40.848,-6.39
2023-03-01 16:45:00,-1.137,39.711,-7.527
2023-03-01 21:35:00,-1.127,38.584,-8.654
2023-03-02 09:00:00,0.728,39.312,-7.926
2023-03-02 15:45:00,2.342,41.654,-5.584
2023-03-02 19:40:00,-1.123,40.531,-6.707
2023-03-03 01:30:00,2.444,42.975,-4.263
2023-03-03 09:35:00,-0.467,42.508,-4.73
2023-03-03 14:00:00,-1.164,41.344,-5.894
2023-03-03 19:50:00,-1.171,40.173,-7.065
2023-03-04 09:10:00,-1.26,38.913,-8.325
2023-03-04 19:30:00,2.22,41.133,-6.105
2023-03-04 21:45:00,2.343,43.476,-3.762
2023-03-04 22:20:00,-1.143,42.333,-4.905
2023-03-05 09:05:00,0.223,42.556,-4.682
2023-03-05 19:25:00,2.174,44.73,-2.508
2023-03-05 20:05:00,-1.274,43.456,-3.782
2023-03-06 00:40:00,-1.148,42.308,-4.93
2023-03-06 09:55:00,-0.259,42.049,-5.189
2023-03-06 14:30:00,-1.155,40.894,-6.344
2023-03-07 03:20:00,-0.222,40.672,-6.566
2023-03-07 10:55:00,2.303,42.975,-4.263
2023-03-07 19:00:00,-0.455,42.52,-4.718
2023-03-08 00:05:00,-1.063,41.457,-5.781
2023-03-08 03:20:00,-1.108,40.349,-6.889
2023-03-08 06:00:00,2.34,42.689,-4.549
2023-03-08 14:05:00,0.919,43.608,-3.63
2023-03-08 15:30:00,-1.05,42.558,-4.68
2023-03-08 20:55:00,-1.093,41.465,-5.773
2023-03-09 06:20:00,0.127,41.592,-5.646
2023-03-09 14:10:00,-1.11,40.482,-6.756
2023-03-09 20:20:00,2.413,42.895,-4.343
2023-03-10 04:25:00,-0.613,42.282,-4.956
2023-03-10 12:50:00,-1.086,41.196,-6.042
2023-03-10 21:35:00,-0.28,40.916,-6.322
2023-03-11 06:30:00,0.041,40.957,-6.281
2023-03-11 14:05:00,2.407,43.364,-3.874
2023-03-11 14:40:00,-1.198,42.166,-5.072
2023-03-11 23:10:00,0.307,42.473,-4.765
2023-03-12 10:15:00,-1.141,41.332,-5.906
2023-03-12 17:25:00,-1.073,40.259,-6.979
2023-03-12 22:15:00,2.434,42.693,-4.545
2023-03-13 00:40:00,2.435,45.128,-2.11
2023-03-13 08:45:00,-0.2,44.928,-2.31
2023-03-13 21:20:00,1.021,45.949,-1.289
2023-03-13 23:20:00,-1.1,44.849,-2.389
2023-03-14 05:25:00,-1.133,43.716,-3.522
2023-03-14 20:35:00,-0.413,43.303,-3.935
2023-03-15 09:25:00,-0.856,42.447,-4.791
2023-03-15 10:25:00,2.301,44.748,-2.49
2023-03-15 15:35:00,2.422,47.17,-0.068
2023-03-15 23:40:00,0.183,47.353,0.0
2023-03-16 02:50:00,-1.097,46.256,-1.097
2023-03-16 05:25:00,-1.095,45.161,-2.192
2023-03-16 09:40:00,-1.088,44.073,-3.28
2023-03-16 19:25:00,-1.057,43.016,-4.337
2023-03-17 01:25:00,-1.056,41.96,-5.393
2023-03-17 09:30:00,1.4,43.36,-3.993
2023-03-17 14:35:00,-1.088,42.272,-5.081
2023-03-17 22:45:00,2.41,44.682,-2.671
2023-03-18 06:50:00,0.469,45.151,-2.202
2023-03-18 15:05:00,-1.149,44.002,-3.351
2023-03-18 22:40:00,-1.059,42.943,-4.41
2023-03-19 04:00:00,-1.083,41.86,-5.493
2023-03-19 12:05:00,-1.094,40.766,-6.587
2023-03-19 20:10:00,0.348,41.114,-6.239
2023-03-20 08:10:00,0.132,41.246,-6.107
2023-03-20 12:15:00,-1.128,40.118,-7.235
2023-03-21 00:30:00,0.336,40.454,-6.899
2023-03-21 05:35:00,-1.096,39.358,-7.995
2023-03-21 12:40:00,-1.06,38.298,-9.055
2023-03-21 13:25:00,2.39,40.688,-6.665
2023-03-21 21:00:00,2.47,43.158,-4.195
2023-03-22 05:05:00,-0.046,43.112,-4.241
2023-03-22 08:00:00,-1.073,42.039,-5.314
2023-03-22 18:35:00,-1.047,40.992,-6.361
2023-03-23 03:05:00,0.343,41.335,-6.018
2023-03-23 13:45:00,0.882,42.217,-5.136
2023-03-23 22:50:00,-0.552,41.665,-5.688
2023-03-24 00:30:00,-1.276,40.389,-6.964
2023-03-24 08:45:00,2.355,42.744,-4.609
2023-03-24 16:50:00,-0.241,42.503,-4.85
2023-03-25 05:25:00,-0.991,41.512,-5.841
2023-03-25 13:50:00,-0.101,41.411,-5.942
2023-03-26 01:25:00,1.261,42.672,-4.681
2023-03-26 16:00:00,-1.099,41.573,-5.78
2023-03-26 23:05:00,-1.205,40.368,-6.985
2023-03-27 09:10:00,0.918,41.286,-6.067
2023-03-27 22:25:00,0.892,42.178,-5.175
2023-03-28 09:50:00,-1.089,41.089,-6.264
2023-03-28 11:10:00,-1.112,39.977,-7.376
2023-03-28 19:15:00,1.91,41.887,-5.466
2023-03-28 20:45:00,-1.12,40.767,-6.586
2023-03-29 04:20:00,2.428,43.195,-4.158
2023-03-29 08:00:00,2.319,45.514,-1.839
2023-03-29 15:00:00,-1.11,44.404,-2.949
2023-03-29 22:00:00,-1.073,43.331,-4.022
2023-03-30 03:05:00,-1.067,42.264,-5.089
2023-03-30 09:15:00,-1.11,41.154,-6.199
2023-03-30 15:30:00,-1.08,40.074,-7.279
2023-03-31 00:10:00,-0.265,39.809,-7.544
2023-03-31 09:05:00,1.099,40.908,-6.445
2023-03-31 14:30:00,2.423,43.331,-4.022
2023-03-31 22:35:00,-0.244,43.087,-4.266
2023-04-01 05:05:00,-1.116,41.971,-5.382
2023-04-01 20:45:00,0.758,42.729,-4.624
2023-04-01 23:25:00,-1.28,41.449,-5.904
2023-04-02 08:25:00,1.192,42.641,-4.712
2023-04-02 15:00:00,2.357,44.998,-2.355
2023-04-02 23:05:00,-0.346,44.652,-2.701
2023-04-03 05:20:00,-1.051,43.601,-3.752
2023-04-03 14:15:00,0.58,44.181,-3.172
2023-04-03 18:45:00,-1.06,43.121,-4.232
2023-04-03 20:10:00,-1.035,42.086,-5.267
2023-04-04 04:15:00,-0.627,41.459,-5.894
2023-04-04 12:20:00,1.359,42.818,-4.535
2023-04-04 12:40:00,-1.18,41.638,-5.715
2023-04-04 17:40:00,-1.171,40.467,-6.886
2023-04-04 23:00:00,-1.219,39.248,-8.105
2023-04-05 00:50:00,-1.135,38.113,-9.24
2023-04-05 08:55:00,0.182,38.295,-9.058
2023-04-05 12:30:00,-1.165,37.13,-10.223
2023-04-05 22:15:00,-0.069,37.061,-10.292
2023-04-06 08:00:00,2.357,39.418,-7.935
2023-04-06 16:05:00,0.051,39.469,-7.884
2023-04-07 02:45:00,0.855,40.324,-7.029
2023-04-07 04:40:00,-1.124,39.2,-8.153
2023-04-07 14:25:00,-1.162,38.038,-9.315
2023-04-08 06:45:00,1.479,39.517,-7.836
2023-04-09 00:20:00,-1.112,38.405,-8.948
2023-04-09 06:00:00,-1.167,37.238,-10.115
2023-04-09 12:15:00,-1.129,36.109,-11.244
2023-04-09 20:20:00,0.019,36.128,-11.225
2023-04-09 23:05:00,-1.141,34.987,-12.366
2023-04-10 09:05:00,-0.037,34.95,-12.403
2023-04-10 16:15:00,-1.217,33.733,-13.62
2023-04-11 01:00:00,1.36,35.093,-12.26
2023-04-11 05:10:00,2.343,37.436,-9.917
2023-04-11 13:15:00,0.313,37.749,-9.604
2023-04-12 00:50:00,-1.145,36.604,-10.749
2023-04-12 09:50:00,0.01,36.614,-10.739
2023-04-12 20:35:00,0.246,36.86,-10.493
2023-04-13 07:30:00,-1.089,35.771,-11.582
2023-04-13 16:50:00,0.575,36.346,-11.007
2023-04-14 02:55:00,1.422,37.768,-9.585
2023-04-14 07:35:00,-1.075,36.693,-10.66
2023-04-14 12:05:00,-1.138,35.555,-11.798
2023-04-15 04:05:00,-0.093,35.462,-11.891
2023-04-15 07:55:00,2.332,37.794,-9.559
2023-04-15 16:00:00,1.33,39.124,-8.229
2023-04-16 01:15:00,-1.089,38.035,-9.318
2023-04-16 19:00:00,2.293,40.328,-7.025
2023-04-16 20:00:00,-1.107,39.221,-8.132
2023-04-17 01:00:00,2.377,41.598,-5.755
2023-04-17 09:05:00,-0.142,41.456,-5.897
2023-04-17 10:50:00,-1.138,40.318,-7.035
2023-04-17 21:20:00,0.294,40.612,-6.741
2023-04-18 05:05:00,-1.125,39.487,-7.866
2023-04-18 10:35:00,2.357,41.844,-5.509
2023-04-18 14:25:00,-1.176,40.668,-6.685
2023-04-18 20:55:00,-1.212,39.456,-7.897
2023-04-19 02:40:00,-1.106,38.35,-9.003
2023-04-19 08:10:00,2.35,40.7,-6.653
2023-04-19 16:15:00,-0.083,40.617,-6.736
2023-04-19 23:20:00,2.38,42.997,-4.356
2023-04-20 01:00:00,-1.052,41.945,-5.408
2023-04-20 04:30:00,-1.063,40.882,-6.471
2023-04-20 15:40:00,2.361,43.243,-4.11
2023-04-20 23:45:00,1.452,44.695,-2.658
2023-04-21 08:00:00,-1.099,43.596,-3.757
2023-04-21 19:00:00,2.414,46.01,-1.343
2023-04-22 03:05:00,0.678,46.688,-0.665
2023-04-22 15:00:00,2.275,48.963,0.0
2023-04-23 02:40:00,0.818,49.781,0.0
2023-04-23 15:15:00,2.339,52.12,0.0
2023-04-23 23:20:00,-0.906,51.214,-0.906
2023-04-24 06:50:00,-1.059,50.155,-1.965
2023-04-24 13:30:00,-1.085,49.07,-3.05
2023-04-24 14:40:00,-1.126,47.944,-4.176
2023-04-24 22:45:00,0.638,48.582,-3.538
2023-04-25 08:55:00,0.243,48.825,-3.295
2023-04-25 13:00:00,-1.167,47.658,-4.462
2023-04-25 16:20:00,-1.119,46.539,-5.581
2023-04-26 04:10:00,1.883,48.422,-3.698
2023-04-26 09:10:00,2.314,50.736,-1.384
2023-04-26 17:15:00,1.786,52.522,0.0
2023-04-26 19:30:00,2.387,54.909,0.0
2023-04-27 03:35:00,-0.359,54.55,-0.359
2023-04-27 06:50:00,-1.122,53.428,-1.481
2023-04-27 13:50:00,2.333,55.761,0.0
2023-04-27 21:55:00,0.041,55.802,0.0
2023-04-28 06:20:00,-1.291,54.511,-1.291
2023-04-28 19:40:00,-0.561,53.95,-1.852
2023-04-29 07:25:00,-0.33,53.62,-2.182
2023-04-29 17:30:00,-1.133,52.487,-3.315
2023-04-30 01:35:00,0.673,53.16,-2.642
2023-04-30 05:25:00,-1.324,51.836,-3.966
2023-04-30 14:55:00,-1.187,50.649,-5.153
2023-04-30 19:20:00,-1.089,49.56,-6.242
2023-05-01 03:25:00,1.541,51.101,-4.701
2023-05-01 13:45:00,1.147,52.248,-3.554
2023-05-01 22:05:00,0.761,53.009,-2.793
2023-05-02 12:40:00,-1.218,51.791,-4.011
2023-05-02 14:20:00,-1.127,50.664,-5.138
2023-05-02 23:20:00,0.098,50.762,-5.04
2023-05-03 07:20:00,2.319,53.081,-2.721
2023-05-03 15:25:00,0.879,53.96,-1.842
2023-05-04 05:40:00,0.437,54.397,-1.405
2023-05-04 12:45:00,-1.141,53.256,-2.546
2023-05-04 21:35:00,1.525,54.781,-1.021
2023-05-05 09:35:00,-0.598,54.183,-1.619
2023-05-05 11:15:00,-1.257,52.926,-2.876
2023-05-05 14:00:00,-1.102,51.824,-3.978
2023-05-05 22:25:00,1.02,52.844,-2.958
2023-05-06 01:10:00,-1.118,51.726,-4.076
2023-05-06 10:05:00,0.996,52.722,-3.08
2023-05-06 14:05:00,2.363,55.085,-0.717
2023-05-06 22:10:00,-0.401,54.684,-1.118
2023-05-07 10:20:00,-0.362,54.322,-1.48
2023-05-07 23:35:00,0.246,54.568,-1.234
2023-05-08 01:40:00,2.34,56.908,0.0
2023-05-08 09:45:00,-0.218,56.69,-0.218
2023-05-08 18:00:00,2.425,59.115,0.0
2023-05-09 01:05:00,-1.029,58.086,-1.029
2023-05-09 11:45:00,-0.407,57.679,-1.436
2023-05-09 17:00:00,-1.095,56.584,-2.531
2023-05-09 23:30:00,-1.168,55.416,-3.699
2023-05-10 10:25:00,2.344,57.76,-1.355
2023-05-10 12:30:00,-1.065,56.695,-2.42
2023-05-10 20:35:00,0.924,57.619,-1.496
2023-05-11 08:50:00,0.955,58.574,-0.541
2023-05-11 12:30:00,-1.212,57.362,-1.753
2023-05-11 13:10:00,2.284,59.646,0.0
2023-05-11 21:15:00,-0.234,59.412,-0.234
2023-05-12 04:50:00,-1.119,58.293,-1.353
2023-05-12 15:25:00,-1.085,57.208,-2.438
2023-05-12 21:10:00,-1.082,56.126,-3.52
2023-05-13 05:15:00,0.75,56.876,-2.77
2023-05-13 10:05:00,-1.153,55.723,-3.923
2023-05-14 11:15:00,0.27,55.993,-3.653
2023-05-14 21:00:00,0.183,56.176,-3.47
2023-05-15 00:40:00,-1.174,55.002,-4.644
2023-05-15 09:35:00,-0.032,54.97,-4.676
2023-05-15 22:55:00,-0.79,54.18,-5.466
2023-05-16 01:25:00,2.272,56.452,-3.194
2023-05-16 08:10:00,-1.068,55.384,-4.262
2023-05-16 12:05:00,-1.104,54.28,-5.366
2023-05-16 15:50:00,-1.212,53.068,-6.578
2023-05-16 21:55:00,-1.163,51.905,-7.741
2023-05-17 01:25:00,2.204,54.109,-5.537
2023-05-17 07:55:00,-1.072,53.037,-6.609
2023-05-17 16:00:00,0.087,53.124,-6.522
2023-05-17 19:05:00,2.36,55.484,-4.162
2023-05-18 03:10:00,0.269,55.753,-3.893
2023-05-18 11:20:00,0.044,55.797,-3.849
2023-05-19 01:45:00,0.294,56.091,-3.555
2023-05-19 09:50:00,0.158,56.249,-3.397
2023-05-19 12:00:00,-1.246,55.003,-4.643
2023-05-19 15:15:00,-1.187,53.816,-5.83
2023-05-19 23:35:00,-0.202,53.614,-6.032
2023-05-20 07:35:00,2.224,55.838,-3.808
2023-05-20 15:40:00,-0.868,54.97,-4.676
2023-05-21 00:45:00,-1.135,53.835,-5.811
2023-05-21 10:30:00,0.305,54.14,-5.506
2023-05-21 10:50:00,2.014,56.154,-3.492
2023-05-21 18:55:00,0.295,56.449,-3.197
2023-05-21 23:10:00,-1.104,55.345,-4.301
2023-05-22 02:40:00,-1.12,54.225,-5.421
2023-05-22 09:00:00,2.296,56.521,-3.125
2023-05-22 17:05:00,-0.228,56.293,-3.353
2023-05-22 22:30:00,-1.352,54.941,-4.705
2023-05-23 09:50:00,-0.079,54.862,-4.784
2023-05-23 13:05:00,-1.33,53.532,-6.114
2023-05-23 18:25:00,-1.164,52.368,-7.278
2023-05-24 00:15:00,-1.149,51.219,-8.427
2023-05-24 03:35:00,2.313,53.532,-6.114
2023-05-24 11:40:00,-0.343,53.189,-6.457
2023-05-24 15:05:00,2.258,55.447,-4.199
2023-05-24 19:30:00,-1.107,54.34,-5.306
2023-05-25 08:45:00,0.954,55.294,-4.352
2023-05-25 12:00:00,-1.226,54.068,-5.578
2023-05-25 17:30:00,-1.339,52.729,-6.917
2023-05-26 09:25:00,-0.837,51.892,-7.754
2023-05-26 12:30:00,-1.317,50.575,-9.071
2023-05-26 13:00:00,-1.311,49.264,-10.382
2023-05-26 18:20:00,2.325,51.589,-8.057
2023-05-27 02:50:00,-0.277,51.312,-8.334
2023-05-27 03:40:00,2.022,53.334,-6.312
2023-05-27 08:10:00,-1.11,52.224,-7.422
2023-05-27 18:30:00,-1.149,51.075,-8.571
2023-05-28 00:40:00,2.144,53.219,-6.427
2023-05-28 08:45:00,0.485,53.704,-5.942
2023-05-28 16:55:00,0.207,53.911,-5.735
2023-05-29 01:15:00,2.36,56.271,-3.375
2023-05-29 02:25:00,-1.152,55.119,-4.527
2023-05-29 23:50:00,-0.327,54.792,-4.854
2023-05-30 05:10:00,-1.24,53.552,-6.094
2023-05-30 12:25:00,-1.239,52.313,-7.333
2023-05-30 22:05:00,0.139,52.452,-7.194
2023-05-31 02:00:00,-1.171,51.281,-8.365
2023-05-31 10:10:00,0.545,51.826,-7.82
2023-05-31 13:10:00,-1.209,50.617,-9.029
2023-05-31 19:40:00,-1.105,49.512,-10.134
2023-06-01 02:40:00,2.324,51.836,-7.81
2023-06-01 10:45:00,1.356,53.192,-6.454
2023-06-02 02:05:00,-1.126,52.066,-7.58
2023-06-02 10:10:00,1.541,53.607,-6.039
2023-06-02 13:55:00,-1.119,52.488,-7.158
2023-06-03 02:00:00,-1.184,51.304,-8.342
2023-06-03 07:40:00,-1.289,50.015,-9.631
2023-06-04 00:00:00,-1.183,48.832,-10.814
2023-06-04 01:00:00,-1.399,47.433,-12.213
2023-06-04 09:20:00,1.344,48.777,-10.869
2023-06-05 07:30:00,0.547,49.324,-10.322
2023-06-05 15:00:00,2.233,51.557,-8.089
2023-06-05 15:50:00,2.354,53.911,-5.735
2023-06-05 23:55:00,1.074,54.985,-4.661
2023-06-06 04:55:00,-1.121,53.864,-5.782
2023-06-06 17:25:00,-1.054,52.81,-6.836
2023-06-07 04:55:00,1.195,54.005,-5.641
2023-06-07 09:55:00,2.369,56.374,-3.272
2023-06-07 16:00:00,2.429,58.803,-0.843
2023-06-08 00:05:00,0.973,59.776,0.0
2023-06-09 00:45:00,0.48,60.256,0.0
2023-06-09 07:30:00,2.386,62.642,0.0
2023-06-09 11:55:00,-1.082,61.56,-1.082
2023-06-09 17:10:00,2.414,63.974,0.0
2023-06-09 23:15:00,2.449,66.423,0.0
2023-06-10 04:20:00,2.466,68.889,0.0
2023-06-10 12:25:00,-0.244,68.645,-0.244
2023-06-11 08:55:00,0.932,69.577,0.0
2023-06-11 10:15:00,-1.068,68.509,-1.068
2023-06-11 17:05:00,-1.065,67.444,-2.133
2023-06-11 20:10:00,2.398,69.842,0.0
2023-06-12 00:05:00,-1.036,68.806,-1.036
2023-06-12 00:55:00,-1.119,67.687,-2.155
2023-06-12 04:40:00,-1.051,66.636,-3.206
2023-06-12 06:25:00,2.366,69.002,-0.84
2023-06-12 14:30:00,0.105,69.107,-0.735
2023-06-13 00:05:00,0.422,69.529,-0.313
2023-06-13 14:05:00,-1.081,68.448,-1.394
2023-06-13 22:10:00,0.304,68.752,-1.09
2023-06-14 05:30:00,-1.182,67.57,-2.272
2023-06-14 12:15:00,-1.128,66.442,-3.4
2023-06-14 13:05:00,-1.155,65.287,-4.555
2023-06-14 20:05:00,2.402,67.689,-2.153
2023-06-15 04:10:00,0.164,67.853,-1.989
2023-06-15 13:15:00,-1.076,66.777,-3.065
2023-06-15 19:00:00,-1.079,65.698,-4.144
2023-06-16 01:35:00,-1.183,64.515,-5.327
2023-06-16 11:15:00,2.325,66.84,-3.002
2023-06-16 16:50:00,-1.114,65.726,-4.116
2023-06-17 01:10:00,-0.387,65.339,-4.503
2023-06-17 03:00:00,-1.227,64.112,-5.73
2023-06-17 05:40:00,2.334,66.446,-3.396
2023-06-17 13:45:00,-0.318,66.128,-3.714
2023-06-17 20:30:00,-1.143,64.985,-4.857
2023-06-18 01:55:00,-1.187,63.798,-6.044
2023-06-18 10:00:00,-0.207,63.591,-6.251
2023-06-18 20:10:00,-1.12,62.471,-7.371
2023-06-18 20:20:00,2.382,64.853,-4.989
2023-06-19 04:25:00,0.135,64.988,-4.854
2023-06-19 15:40:00,0.64,65.628,-4.214
2023-06-19 17:05:00,-1.152,64.476,-5.366
2023-06-20 10:00:00,0.344,64.82,-5.022
2023-06-20 16:45:00,-1.11,63.71,-6.132
2023-06-21 01:00:00,2.446,66.156,-3.686
2023-06-21 09:05:00,0.51,66.666,-3.176
2023-06-21 10:30:00,-1.185,65.481,-4.361
2023-06-21 14:35:00,2.319,67.8,-2.042
2023-06-21 22:40:00,1.034,68.834,-1.008
2023-06-22 01:35:00,2.416,71.25,0.0
2023-06-22 09:40:00,0.635,71.885,0.0
2023-06-22 22:45:00,-1.101,70.784,-1.101
2023-06-23 02:10:00,-1.087,69.697,-2.188
2023-06-23 05:15:00,-1.196,68.501,-3.384
2023-06-23 12:20:00,-1.096,67.405,-4.48
2023-06-23 14:50:00,-1.073,66.332,-5.553
2023-06-23 23:10:00,0.435,66.767,-5.118
2023-06-24 06:20:00,-1.138,65.629,-6.256
2023-06-24 15:30:00,2.401,68.03,-3.855
2023-06-24 19:15:00,-1.049,66.981,-4.904
2023-06-25 08:20:00,2.427,69.408,-2.477
2023-06-25 13:25:00,-1.032,68.376,-3.509
2023-06-25 23:05:00,0.029,68.405,-3.48
2023-06-26 08:05:00,0.167,68.572,-3.313
2023-06-26 22:45:00,1.197,69.769,-2.116
2023-06-27 07:35:00,-1.131,68.638,-3.247
2023-06-27 19:50:00,-1.097,67.541,-4.344
2023-06-28 00:05:00,-1.16,66.381,-5.504
2023-06-28 06:05:00,2.384,68.765,-3.12
2023-06-28 07:30:00,2.327,71.092,-0.793
2023-06-28 15:35:00,-0.356,70.736,-1.149
2023-06-28 19:30:00,2.428,73.164,0.0
2023-06-29 03:35:00,-0.729,72.435,-0.729
2023-06-29 13:55:00,-1.122,71.313,-1.851
2023-06-29 22:55:00,-0.702,70.611,-2.553
2023-06-30 02:05:00,-1.104,69.507,-3.657
2023-06-30 10:00:00,2.439,71.946,-1.218
2023-06-30 13:35:00,-1.059,70.887,-2.277
2023-06-30 21:40:00,0.025,70.912,-2.252
2023-07-01 04:15:00,-1.084,69.828,-3.336
2023-07-01 13:20:00,2.297,72.125,-1.039
2023-07-01 16:10:00,-1.073,71.052,-2.112
2023-07-02 04:55:00,-0.253,70.799,-2.365
2023-07-02 15:20:00,-1.112,69.687,-3.477
2023-07-03 02:30:00,2.327,72.014,-1.15
2023-07-03 06:30:00,-1.088,70.926,-2.238
2023-07-03 09:55:00,-1.117,69.809,-3.355
2023-07-03 16:05:00,-1.08,68.729,-4.435
2023-07-04 01:35:00,0.424,69.153,-4.011
2023-07-04 21:50:00,-1.135,68.018,-5.146
2023-07-04 22:45:00,-1.152,66.866,-6.298
2023-07-05 05:45:00,-1.131,65.735,-7.429
2023-07-05 08:15:00,-1.132,64.603,-8.561
2023-07-05 10:35:00,2.392,66.995,-6.169
2023-07-05 18:40:00,0.255,67.25,-5.914
2023-07-05 22:15:00,-1.143,66.107,-7.057
2023-07-06 02:10:00,-1.131,64.976,-8.188
2023-07-06 07:00:00,2.362,67.338,-5.826
2023-07-06 11:55:00,-1.082,66.256,-6.908
2023-07-06 14:25:00,2.423,68.679,-4.485
2023-07-06 18:10:00,-1.029,67.65,-5.514
2023-07-07 05:25:00,0.139,67.789,-5.375
2023-07-07 10:00:00,-1.099,66.69,-6.474
2023-07-07 21:10:00,-1.177,65.513,-7.651
2023-07-08 03:50:00,-1.179,64.334,-8.83
2023-07-08 06:55:00,-1.16,63.174,-9.99
2023-07-08 15:00:00,0.659,63.833,-9.331
2023-07-08 23:25:00,0.23,64.063,-9.101
2023-07-09 04:00:00,-1.183,62.88,-10.284
2023-07-09 14:05:00,1.756,64.636,-8.528
2023-07-09 19:05:00,-1.099,63.537,-9.627
2023-07-10 00:10:00,2.298,65.835,-7.329
2023-07-10 03:00:00,-1.056,64.779,-8.385
2023-07-10 09:20:00,-1.085,63.694,-9.47
2023-07-10 17:25:00,0.37,64.064,-9.1
2023-07-10 18:40:00,2.255,66.319,-6.845
2023-07-10 22:00:00,-1.085,65.234,-7.93
2023-07-11 09:05:00,0.538,65.772,-7.392
2023-07-11 13:40:00,-1.238,64.534,-8.63
2023-07-12 00:10:00,2.293,66.827,-6.337
2023-07-12 08:15:00,-0.738,66.089,-7.075
2023-07-12 13:35:00,-1.201,64.888,-8.276
2023-07-13 00:05:00,0.358,65.246,-7.918
2023-07-13 09:15:00,-0.427,64.819,-8.345
2023-07-13 12:30:00,-1.304,63.515,-9.649
2023-07-13 17:15:00,2.467,65.982,-7.182
2023-07-13 18:20:00,2.471,68.453,-4.711
2023-07-14 02:25:00,0.039,68.492,-4.672
2023-07-14 05:15:00,-1.046,67.446,-5.718
2023-07-15 02:20:00,0.205,67.651,-5.513
2023-07-15 14:20:00,-0.304,67.347,-5.817
2023-07-15 18:35:00,-1.106,66.241,-6.923
2023-07-15 20:05:00,-1.091,65.15,-8.014
2023-07-16 02:20:00,2.396,67.546,-5.618
2023-07-16 10:25:00,-0.552,66.994,-6.17
2023-07-16 14:25:00,-1.091,65.903,-7.261
2023-07-17 02:40:00,0.2,66.103,-7.061
2023-07-17 17:15:00,0.645,66.748,-6.416
2023-07-18 01:20:00,-0.509,66.239,-6.925
2023-07-18 10:40:00,0.723,66.962,-6.202
2023-07-18 19:55:00,0.101,67.063,-6.101
2023-07-18 22:55:00,-1.125,65.938,-7.226
2023-07-19 03:35:00,2.434,68.372,-4.792
2023-07-19 07:45:00,-1.046,67.326,-5.838
2023-07-19 14:30:00,-1.068,66.258,-6.906
2023-07-19 18:20:00,-1.047,65.211,-7.953
2023-07-20 02:25:00,0.965,66.176,-6.988
2023-07-20 14:20:00,-1.084,65.092,-8.072
2023-07-20 22:35:00,1.004,66.096,-7.068
2023-07-21 02:15:00,-1.116,64.98,-8.184
2023-07-21 09:55:00,2.29,67.27,-5.894
2023-07-21 12:00:00,-1.115,66.155,-7.009
2023-07-21 17:05:00,-1.207,64.948,-8.216
2023-07-22 03:15:00,-0.366,64.582,-8.582
2023-07-22 10:00:00,2.332,66.914,-6.25
2023-07-22 15:45:00,-1.084,65.83,-7.334
2023-07-23 01:25:00,-1.12,64.71,-8.454
2023-07-23 09:30:00,0.405,65.115,-8.049
2023-07-23 19:05:00,2.198,67.313,-5.851
2023-07-23 19:35:00,-1.211,66.102,-7.062
2023-07-24 09:40:00,0.057,66.159,-7.005
2023-07-24 17:55:00,0.065,66.224,-6.94
2023-07-25 09:35:00,-1.125,65.099,-8.065
2023-07-25 12:25:00,-1.23,63.869,-9.295
2023-07-25 22:45:00,-1.23,62.639,-10.525
2023-07-26 12:55:00,-1.178,61.461,-11.703
2023-07-26 20:40:00,2.345,63.806,-9.358
2023-07-26 23:40:00,-1.105,62.701,-10.463
2023-07-27 09:25:00,2.306,65.007,-8.157
2023-07-27 10:30:00,-1.176,63.831,-9.333
2023-07-28 00:20:00,-1.109,62.722,-10.442
2023-07-28 05:40:00,-1.158,61.564,-11.6
2023-07-28 08:25:00,-1.132,60.432,-12.732
2023-07-28 16:30:00,1.1,61.532,-11.632
2023-07-29 08:45:00,-1.302,60.23,-12.934
2023-07-29 15:15:00,-1.151,59.079,-14.085
2023-07-29 23:20:00,0.95,60.029,-13.135
2023-07-30 05:20:00,2.243,62.272,-10.892
2023-07-30 12:05:00,-1.121,61.151,-12.013
2023-07-30 19:45:00,-1.11,60.041,-13.123
2023-07-30 23:40:00,-1.077,58.964,-14.2
2023-07-31 07:45:00,-0.366,58.598,-14.566
2023-07-31 13:50:00,-1.169,57.429,-15.735
2023-07-31 21:55:00,0.942,58.371,-14.793
2023-08-01 02:10:00,2.4,60.771,-12.393
2023-08-01 10:15:00,-0.623,60.148,-13.016
2023-08-01 15:55:00,-1.14,59.008,-14.156
2023-08-02 00:05:00,2.283,61.291,-11.873
2023-08-02 05:00:00,-1.072,60.219,-12.945
2023-08-02 11:00:00,-1.358,58.861,-14.303
2023-08-02 12:40:00,-1.195,57.666,-15.498
2023-08-02 16:50:00,2.335,60.001,-13.163
2023-08-03 00:55:00,0.274,60.275,-12.889
2023-08-03 07:15:00,2.234,62.509,-10.655
2023-08-03 15:20:00,-0.314,62.195,-10.969
2023-08-04 02:05:00,0.581,62.776,-10.388
2023-08-04 08:05:00,-1.28,61.496,-11.668
2023-08-04 12:20:00,-1.61,59.886,-13.278
2023-08-04 20:45:00,2.313,62.199,-10.965
2023-08-05 04:50:00,-0.2,61.999,-11.165
2023-08-05 10:05:00,-1.241,60.758,-12.406
2023-08-05 18:20:00,-1.157,59.601,-13.563
2023-08-06 07:25:00,0.462,60.063,-13.101
2023-08-06 20:55:00,0.217,60.28,-12.884
2023-08-07 01:25:00,-1.142,59.138,-14.026
2023-08-07 09:30:00,-0.446,58.692,-14.472
2023-08-07 14:00:00,-1.122,57.57,-15.594
2023-08-07 23:20:00,-0.151,57.419,-15.745
2023-08-08 08:05:00,-0.173,57.246,-15.918
2023-08-08 17:40:00,2.356,59.602,-13.562
2023-08-09 01:45:00,-0.369,59.233,-13.931
2023-08-09 15:15:00,-0.582,58.651,-14.513
2023-08-10 02:30:00,0.703,59.354,-13.81
2023-08-10 12:30:00,-1.187,58.167,-14.997
2023-08-10 16:10:00,-1.146,57.021,-16.143
2023-08-11 00:15:00,0.055,57.076,-16.088
2023-08-11 05:40:00,-1.176,55.9,-17.264
2023-08-11 16:25:00,0.633,56.533,-16.631
2023-08-11 17:30:00,-1.28,55.253,-17.911
2023-08-11 23:25:00,-1.765,53.488,-19.676
2023-08-12 07:40:00,-1.241,52.247,-20.917
2023-08-12 15:10:00,-1.522,50.725,-22.439
2023-08-12 18:10:00,1.98,52.705,-20.459
2023-08-13 02:15:00,-0.209,52.496,-20.668
2023-08-13 11:05:00,0.287,52.783,-20.381
2023-08-13 12:25:00,-1.767,51.016,-22.148
2023-08-13 17:10:00,-1.343,49.673,-23.491
2023-08-13 21:10:00,-1.444,48.229,-24.935
2023-08-13 22:10:00,2.111,50.34,-22.824
2023-08-14 06:15:00,-0.567,49.773,-23.391
2023-08-14 08:35:00,-1.387,48.386,-24.778
2023-08-14 14:05:00,-1.442,46.944,-26.22
2023-08-15 01:35:00,0.333,47.277,-25.887
2023-08-15 09:40:00,-0.292,46.985,-26.179
2023-08-15 14:35:00,-1.344,45.641,-27.523
2023-08-15 19:05:00,2.307,47.948,-25.216
2023-08-16 03:10:00,-0.48,47.468,-25.696
2023-08-16 12:15:00,2.369,49.837,-23.327
2023-08-16 20:20:00,0.097,49.934,-23.23
2023-08-17 01:20:00,-1.042,48.892,-24.272
2023-08-17 09:05:00,2.019,50.911,-22.253
2023-08-17 12:25:00,-1.148,49.763,-23.401
2023-08-17 15:35:00,2.353,52.116,-21.048
2023-08-17 21:40:00,2.448,54.564,-18.6
2023-08-18 05:45:00,-0.701,53.863,-19.301
2023-08-18 11:10:00,-1.127,52.736,-20.428
2023-08-18 18:45:00,-1.083,51.653,-21.511
2023-08-19 08:20:00,-1.147,50.506,-22.658
2023-08-19 12:35:00,-1.188,49.318,-23.846
2023-08-19 21:05:00,1.751,51.069,-22.095
2023-08-20 03:00:00,-1.132,49.937,-23.227
2023-08-20 11:00:00,-1.286,48.651,-24.513
2023-08-20 14:50:00,-1.168,47.483,-25.681
2023-08-20 23:20:00,0.323,47.806,-25.358
2023-08-21 06:50:00,-1.108,46.698,-26.466
2023-08-21 14:55:00,0.668,47.366,-25.798
2023-08-21 23:20:00,0.455,47.821,-25.343
2023-08-22 05:15:00,2.221,50.042,-23.122
2023-08-22 09:10:00,-1.232,48.81,-24.354
2023-08-22 16:20:00,2.367,51.177,-21.987
2023-08-22 16:40:00,-1.087,50.09,-23.074
2023-08-22 23:10:00,-1.05,49.04,-24.124
2023-08-23 06:05:00,-1.146,47.894,-25.27
2023-08-23 16:20:00,2.378,50.272,-22.892
2023-08-24 00:25:00,0.501,50.773,-22.391
2023-08-24 08:35:00,-0.611,50.162,-23.002
2023-08-24 17:40:00,-1.156,49.006,-24.158
2023-08-24 20:45:00,-1.129,47.877,-25.287
2023-08-24 22:50:00,-1.118,46.759,-26.405
2023-08-25 10:20:00,0.196,46.955,-26.209
2023-08-25 14:15:00,-1.107,45.848,-27.316
2023-08-25 22:50:00,-0.104,45.744,-27.42
2023-08-26 08:25:00,-0.171,45.573,-27.591
2023-08-26 14:45:00,-1.184,44.389,-28.775
2023-08-26 23:15:00,-1.394,42.995,-30.169
2023-08-27 05:20:00,-1.344,41.651,-31.513
2023-08-27 08:00:00,2.15,43.801,-29.363
2023-08-27 16:05:00,0.007,43.808,-29.356
2023-08-27 23:00:00,-1.199,42.609,-30.555
2023-08-28 00:50:00,-1.189,41.42,-31.744
2023-08-28 08:55:00,0.607,42.027,-31.137
2023-08-28 11:30:00,-1.209,40.818,-32.346
2023-08-28 12:25:00,2.247,43.065,-30.099
2023-08-28 20:30:00,0.603,43.668,-29.496
2023-08-29 03:10:00,-1.151,42.517,-30.647
2023-08-29 08:00:00,2.149,44.666,-28.498
2023-08-29 14:20:00,-1.134,43.532,-29.632
2023-08-29 22:25:00,0.862,44.394,-28.77
2023-08-30 11:05:00,0.38,44.774,-28.39
2023-08-30 13:15:00,-1.165,43.609,-29.555
2023-08-30 14:00:00,-1.21,42.399,-30.765
2023-08-30 21:10:00,-1.076,41.323,-31.841
2023-08-31 01:20:00,-1.218,40.105,-33.059
2023-08-31 04:45:00,-1.309,38.796,-34.368
2023-08-31 11:10:00,-1.402,37.394,-35.77
2023-08-31 15:40:00,2.387,39.781,-33.383
2023-08-31 23:45:00,0.532,40.313,-32.851
2023-09-01 17:10:00,2.339,42.652,-30.512
2023-09-01 20:30:00,-1.053,41.599,-31.565
2023-09-02 13:40:00,-1.249,40.35,-32.814
2023-09-03 01:00:00,-0.808,39.542,-33.622
2023-09-03 07:30:00,-1.339,38.203,-34.961
2023-09-03 16:15:00,0.011,38.214,-34.95
2023-09-03 18:15:00,-1.192,37.022,-36.142
2023-09-03 21:20:00,-1.38,35.642,-37.522
2023-09-04 00:40:00,-1.161,34.481,-38.683
2023-09-04 08:45:00,0.013,34.494,-38.67
2023-09-04 13:05:00,-1.447,33.047,-40.117
2023-09-04 15:05:00,-1.196,31.851,-41.313
2023-09-04 17:10:00,-1.129,30.722,-42.442
2023-09-05 03:35:00,-0.207,30.515,-42.649
2023-09-05 12:15:00,-0.19,30.325,-42.839
2023-09-05 23:20:00,-0.424,29.901,-43.263
2023-09-06 04:55:00,-1.23,28.671,-44.493
2023-09-06 13:10:00,0.221,28.892,-44.272
2023-09-06 17:05:00,2.252,31.144,-42.02
2023-09-07 01:40:00,0.363,31.507,-41.657
2023-09-07 16:25:00,0.193,31.7,-41.464
2023-09-08 05:10:00,-0.04,31.66,-41.504
2023-09-08 10:05:00,2.288,33.948,-39.216
2023-09-08 18:10:00,-0.152,33.796,-39.368
2023-09-08 23:10:00,-1.181,32.615,-40.549
2023-09-09 10:35:00,-1.453,31.162,-42.002
2023-09-09 19:00:00,1.561,32.723,-40.441
2023-09-09 22:15:00,-1.666,31.057,-42.107
2023-09-10 00:20:00,1.96,33.017,-40.147
2023-09-10 04:20:00,2.383,35.4,-37.764
2023-09-10 12:25:00,-0.951,34.449,-38.715
2023-09-10 16:45:00,2.31,36.759,-36.405
2023-09-10 19:55:00,-1.073,35.686,-37.478
2023-09-11 08:40:00,1.241,36.927,-36.237
2023-09-11 17:25:00,0.466,37.393,-35.771
2023-09-11 23:55:00,-1.135,36.258,-36.906
2023-09-12 10:20:00,2.41,38.668,-34.496
2023-09-12 17:15:00,-1.046,37.622,-35.542
2023-09-13 06:25:00,0.477,38.099,-35.065
2023-09-13 19:00:00,-1.177,36.922,-36.242
2023-09-14 00:50:00,2.206,39.128,-34.036
2023-09-14 01:15:00,-1.087,38.041,-35.123
2023-09-14 11:10:00,-1.175,36.866,-36.298
2023-09-14 15:00:00,2.259,39.125,-34.039
2023-09-14 15:40:00,-1.188,37.937,-35.227
2023-09-15 10:05:00,-0.973,36.964,-36.2
2023-09-15 18:20:00,2.322,39.286,-33.878
2023-09-15 19:40:00,-1.165,38.121,-35.043
2023-09-16 06:40:00,0.068,38.189,-34.975
2023-09-16 22:50:00,-0.428,37.761,-35.403
2023-09-16 23:20:00,-1.442,36.319,-36.845
2023-09-17 00:10:00,-1.296,35.023,-38.141
2023-09-17 08:15:00,-0.106,34.917,-38.247
2023-09-17 16:05:00,-1.244,33.673,-39.491
2023-09-17 20:40:00,2.343,36.016,-37.148
2023-09-18 02:25:00,-1.145,34.871,-38.293
2023-09-18 10:30:00,2.334,37.205,-35.959
2023-09-18 18:35:00,-0.73,36.475,-36.689
2023-09-18 23:30:00,-1.17,35.305,-37.859
2023-09-19 10:25:00,0.857,36.162,-37.002
2023-09-19 17:05:00,-1.151,35.011,-38.153
2023-09-20 14:00:00,-1.159,33.852,-39.312
2023-09-20 19:15:00,-1.094,32.758,-40.406
2023-09-21 03:20:00,0.131,32.889,-40.275
2023-09-21 11:25:00,0.754,33.643,-39.521
2023-09-21 15:45:00,-1.137,32.506,-40.658
2023-09-22 00:10:00,2.259,34.765,-38.399
2023-09-22 01:25:00,-1.255,33.51,-39.654
2023-09-22 17:20:00,0.942,34.452,-38.712
2023-09-22 18:45:00,-1.173,33.279,-39.885
2023-09-23 04:35:00,-1.186,32.093,-41.071
2023-09-23 13:15:00,-1.329,30.764,-42.4
2023-09-23 19:50:00,-1.177,29.587,-43.577
2023-09-23 20:50:00,-1.294,28.293,-44.871
2023-09-24 05:10:00,0.162,28.455,-44.709
2023-09-24 06:35:00,-1.634,26.821,-46.343
2023-09-24 08:25:00,1.447,28.268,-44.896
2023-09-24 11:05:00,-1.376,26.892,-46.272
2023-09-24 13:00:00,-1.239,25.653,-47.511
2023-09-24 17:45:00,-1.327,24.326,-48.838
2023-09-24 18:20:00,-1.22,23.106,-50.058
2023-09-25 00:20:00,2.327,25.433,-47.731
2023-09-25 01:00:00,-1.128,24.305,-48.859
2023-09-25 15:20:00,-1.201,23.104,-50.06
2023-09-25 23:45:00,0.16,23.264,-49.9
2023-09-26 07:50:00,0.358,23.622,-49.542
2023-09-26 13:30:00,-1.176,22.446,-50.718
2023-09-26 16:40:00,-1.287,21.159,-52.005
2023-09-27 00:05:00,-1.165,19.994,-53.17
2023-09-27 02:40:00,-1.189,18.805,-54.359
2023-09-27 09:40:00,-1.326,17.479,-55.685
2023-09-27 11:30:00,2.212,19.691,-53.473
2023-09-27 13:50:00,-1.188,18.503,-54.661
2023-09-27 22:15:00,0.234,18.737,-54.427
2023-09-28 16:00:00,2.312,21.049,-52.115
2023-09-28 18:45:00,-1.116,19.933,-53.231
2023-09-29 04:10:00,0.009,19.942,-53.222
2023-09-29 15:35:00,1.181,21.123,-52.041
2023-09-30 00:40:00,-1.325,19.798,-53.366
2023-09-30 08:45:00,0.42,20.218,-52.946
2023-09-30 13:10:00,-1.193,19.025,-54.139
2023-09-30 18:00:00,2.295,21.32,-51.844
2023-10-01 02:05:00,0.143,21.463,-51.701
2023-10-01 10:00:00,2.29,23.753,-49.411
2023-10-01 18:05:00,-0.099,23.654,-49.51
2023-10-01 22:15:00,2.247,25.901,-47.263
2023-10-02 06:20:00,-0.535,25.366,-47.798
2023-10-02 15:55:00,-1.098,24.268,-48.896
2023-10-03 02:40:00,-0.513,23.755,-49.409
2023-10-03 05:25:00,-1.251,22.504,-50.66
2023-10-03 07:10:00,-1.128,21.376,-51.788
2023-10-03 09:55:00,-1.135,20.241,-52.923
2023-10-03 12:55:00,-1.212,19.029,-54.135
2023-10-03 18:50:00,-1.113,17.916,-55.248
2023-10-03 23:05:00,-1.163,16.753,-56.411
2023-10-04 08:35:00,-0.282,16.471,-56.693
2023-10-04 16:35:00,-1.193,15.278,-57.886
2023-10-05 05:40:00,-0.216,15.062,-58.102
2023-10-05 10:00:00,-1.183,13.879,-59.285
2023-10-05 14:00:00,2.337,16.216,-56.948
2023-10-05 15:35:00,-1.073,15.143,-58.021
2023-10-06 08:30:00,0.518,15.661,-57.503
2023-10-06 12:25:00,-1.188,14.473,-58.691
2023-10-06 23:30:00,-0.034,14.439,-58.725
2023-10-07 11:00:00,2.22,16.659,-56.505
2023-10-07 11:50:00,2.221,18.88,-54.284
2023-10-07 19:55:00,0.188,19.068,-54.096
2023-10-08 01:45:00,-1.275,17.793,-55.371
2023-10-08 13:35:00,0.016,17.809,-55.355
2023-10-08 21:00:00,-1.39,16.419,-56.745
2023-10-09 03:35:00,-1.195,15.224,-57.94
2023-10-09 09:45:00,2.271,17.495,-55.669
2023-10-09 17:50:00,-0.322,17.173,-55.991
2023-10-10 10:20:00,-1.181,15.992,-57.172
2023-10-10 14:55:00,2.31,18.302,-54.862
2023-10-10 23:00:00,-0.595,17.707,-55.457
2023-10-11 02:30:00,2.124,19.831,-53.333
2023-10-11 10:35:00,-0.785,19.046,-54.118
2023-10-11 23:30:00,-0.638,18.408,-54.756
2023-10-12 09:10:00,-0.202,18.206,-54.958
2023-10-12 17:45:00,0.566,18.772,-54.392
2023-10-13 07:30:00,-1.176,17.596,-55.568
2023-10-13 11:40:00,-1.292,16.304,-56.86
2023-10-13 20:25:00,-0.79,15.514,-57.65
2023-10-13 22:55:00,-1.218,14.296,-58.868
2023-10-14 07:00:00,0.453,14.749,-58.415
2023-10-14 10:10:00,-1.202,13.547,-59.617
2023-10-14 18:15:00,0.281,13.828,-59.336
2023-10-14 21:25:00,-1.522,12.306,-60.858
2023-10-15 09:45:00,-0.352,11.954,-61.21
2023-10-15 13:45:00,2.06,14.014,-59.15
2023-10-15 17:30:00,-1.238,12.776,-60.388
2023-10-15 20:40:00,1.979,14.755,-58.409
2023-10-15 23:00:00,-1.178,13.577,-59.587
2023-10-16 05:15:00,2.126,15.703,-57.461
2023-10-16 13:20:00,0.334,16.037,-57.127
2023-10-16 13:25:00,2.276,18.313,-54.851
2023-10-16 13:45:00,-1.047,17.266,-55.898
2023-10-16 20:55:00,-1.194,16.072,-57.092
2023-10-17 00:25:00,-1.194,14.878,-58.286
2023-10-17 12:35:00,-1.297,13.581,-59.583
2023-10-17 13:45:00,2.359,15.94,-57.224
2023-10-17 21:50:00,-0.135,15.805,-57.359
2023-10-18 04:55:00,-1.262,14.543,-58.621
2023-10-18 15:05:00,2.076,16.619,-56.545
2023-10-18 23:10:00,0.831,17.45,-55.714
2023-10-19 09:45:00,-0.385,17.065,-56.099
2023-10-19 22:55:00,0.797,17.862,-55.302
2023-10-20 07:35:00,1.344,19.206,-53.958
2023-10-20 16:30:00,0.19,19.396,-53.768
2023-10-21 01:20:00,-1.268,18.128,-55.036
2023-10-21 11:25:00,2.34,20.468,-52.696
2023-10-21 17:40:00,2.347,22.815,-50.349
2023-10-21 22:35:00,-1.093,21.722,-51.442
2023-10-22 07:40:00,-1.146,20.576,-52.588
2023-10-22 23:35:00,2.379,22.955,-50.209
2023-10-23 07:40:00,0.074,23.029,-50.135
2023-10-23 18:45:00,0.396,23.425,-49.739
2023-10-23 22:40:00,2.429,25.854,-47.31
2023-10-24 06:45:00,0.228,26.082,-47.082
2023-10-24 12:35:00,2.396,28.478,-44.686
2023-10-24 15:20:00,-1.043,27.435,-45.729
2023-10-25 06:00:00,0.369,27.804,-45.36
2023-10-25 15:30:00,2.325,30.129,-43.035
2023-10-25 16:35:00,-1.101,29.028,-44.136
2023-10-26 07:40:00,2.423,31.451,-41.713
2023-10-26 10:45:00,-1.069,30.382,-42.782
2023-10-26 14:30:00,-1.077,29.305,-43.859
2023-10-26 17:10:00,-1.073,28.232,-44.932
2023-10-26 19:00:00,-1.088,27.144,-46.02
2023-10-27 00:40:00,-1.107,26.037,-47.127
2023-10-27 09:05:00,-0.492,25.545,-47.619
2023-10-27 17:05:00,-1.072,24.473,-48.691
2023-10-28 02:50:00,2.359,26.832,-46.332
2023-10-28 10:55:00,-0.321,26.511,-46.653
2023-10-28 11:45:00,-1.132,25.379,-47.785
2023-10-28 17:15:00,-1.176,24.203,-48.961
2023-10-28 22:25:00,-1.309,22.894,-50.27
2023-10-29 01:15:00,-1.183,21.711,-51.453
2023-10-29 12:40:00,1.812,23.523,-49.641
2023-10-29 13:20:00,-1.404,22.119,-51.045
2023-10-29 22:35:00,-0.079,22.04,-51.124
2023-10-30 15:05:00,2.39,24.43,-48.734
2023-10-31 04:05:00,-0.377,24.053,-49.111
2023-10-31 15:15:00,2.424,26.477,-46.687
2023-10-31 23:20:00,-0.523,25.954,-47.21
2023-11-01 05:15:00,2.319,28.273,-44.891
2023-11-01 12:50:00,-1.123,27.15,-46.014
2023-11-01 19:45:00,2.405,29.555,-43.609
2023-11-02 03:50:00,1.26,30.815,-42.349
2023-11-02 15:20:00,-1.071,29.744,-43.42
2023-11-02 17:30:00,-1.105,28.639,-44.525
2023-11-03 01:35:00,0.395,29.034,-44.13
2023-11-03 14:15:00,0.127,29.161,-44.003
2023-11-04 02:45:00,0.514,29.675,-43.489
2023-11-05 01:25:00,0.544,30.219,-42.945
2023-11-05 10:10:00,2.382,32.601,-40.563
2023-11-05 12:25:00,2.381,34.982,-38.182
2023-11-05 13:50:00,-1.083,33.899,-39.265
2023-11-06 00:25:00,-0.272,33.627,-39.537
2023-11-06 05:15:00,-1.077,32.55,-40.614
2023-11-06 08:15:00,-1.127,31.423,-41.741
2023-11-06 16:55:00,1.753,33.176,-39.988
2023-11-06 20:55:00,2.448,35.624,-37.54
2023-11-06 21:25:00,-1.05,34.574,-38.59
2023-11-07 17:35:00,1.157,35.731,-37.433
2023-11-08 02:10:00,0.53,36.261,-36.903
2023-11-08 15:00:00,-1.086,35.175,-37.989
2023-11-09 00:15:00,-0.132,35.043,-38.121
2023-11-09 08:40:00,1.553,36.596,-36.568
2023-11-09 16:10:00,-1.065,35.531,-37.633
2023-11-10 00:15:00,-0.497,35.034,-38.13
2023-11-10 08:20:00,0.19,35.224,-37.94
2023-11-10 14:05:00,-1.041,34.183,-38.981
2023-11-10 20:30:00,-1.05,33.133,-40.031
2023-11-11 04:00:00,-1.063,32.07,-41.094
2023-11-11 14:45:00,1.415,33.485,-39.679
2023-11-11 22:55:00,-0.294,33.191,-39.973
2023-11-12 07:10:00,-1.076,32.115,-41.049
2023-11-12 13:00:00,-1.096,31.019,-42.145
2023-11-12 18:45:00,-1.114,29.905,-43.259
2023-11-13 00:25:00,-1.078,28.827,-44.337
2023-11-13 03:50:00,-1.048,27.779,-45.385
2023-11-13 11:55:00,1.186,28.965,-44.199
2023-11-13 16:15:00,-1.054,27.911,-45.253
2023-11-14 05:15:00,0.01,27.921,-45.243
2023-11-14 14:45:00,-1.053,26.868,-46.296
2023-11-14 15:15:00,-1.105,25.763,-47.401
2023-11-14 18:50:00,2.45,28.213,-44.951
2023-11-15 02:55:00,-0.787,27.426,-45.738
2023-11-15 16:05:00,1.495,28.921,-44.243
2023-11-16 03:10:00,0.874,29.795,-43.369
2023-11-16 07:05:00,2.383,32.178,-40.986
2023-11-16 13:15:00,-1.041,31.137,-42.027
2023-11-16 15:45:00,-1.039,30.098,-43.066
2023-11-17 02:25:00,-0.162,29.936,-43.228
2023-11-17 15:25:00,2.42,32.356,-40.808
2023-11-17 19:15:00,-1.034,31.322,-41.842
2023-11-18 07:00:00,2.418,33.74,-39.424
2023-11-18 07:40:00,-1.054,32.686,-40.478
2023-11-18 14:20:00,-1.081,31.605,-41.559
2023-11-18 23:10:00,1.933,33.538,-39.626
2023-11-19 00:05:00,-1.159,32.379,-40.785
2023-11-19 10:10:00,-1.09,31.289,-41.875
2023-11-20 02:50:00,0.35,31.639,-41.525
2023-11-20 09:10:00,2.329,33.968,-39.196
2023-11-20 14:10:00,-1.078,32.89,-40.274
2023-11-20 17:30:00,-1.043,31.847,-41.317
2023-11-21 00:35:00,-1.083,30.764,-42.4
2023-11-21 02:45:00,-1.118,29.646,-43.518
2023-11-21 07:20:00,-1.072,28.574,-44.59
2023-11-21 15:10:00,2.414,30.988,-42.176
2023-11-21 15:50:00,-1.049,29.939,-43.225
2023-11-22 02:05:00,-0.011,29.928,-43.236
2023-11-22 18:15:00,-1.086,28.842,-44.322
2023-11-23 02:30:00,0.692,29.534,-43.63
2023-11-23 06:15:00,-1.164,28.37,-44.794
2023-11-23 13:45:00,-1.104,27.266,-45.898
2023-11-23 17:25:00,-1.139,26.127,-47.037
2023-11-23 19:00:00,-1.136,24.991,-48.173
2023-11-24 00:00:00,2.284,27.275,-45.889
2023-11-24 08:05:00,-0.014,27.261,-45.903
2023-11-24 16:55:00,-1.074,26.187,-46.977
2023-11-25 10:45:00,-0.511,25.676,-47.488
2023-11-25 20:40:00,0.119,25.795,-47.369
2023-11-26 11:55:00,-1.176,24.619,-48.545
2023-11-26 16:25:00,2.385,27.004,-46.16
2023-11-26 22:05:00,-1.053,25.951,-47.213
2023-11-27 10:35:00,1.525,27.476,-45.688
2023-11-27 18:50:00,0.34,27.816,-45.348
2023-11-27 23:55:00,-1.089,26.727,-46.437
2023-11-28 11:50:00,-1.09,25.637,-47.527
2023-11-28 18:20:00,2.39,28.027,-45.137
2023-11-28 18:50:00,-1.19,26.837,-46.327
2023-11-29 02:45:00,-1.153,25.684,-47.48
2023-11-29 10:20:00,-1.242,24.442,-48.722
2023-11-29 18:40:00,-0.458,23.984,-49.18
2023-11-30 04:40:00,0.311,24.295,-48.869
2023-11-30 13:15:00,0.734,25.029,-48.135
2023-12-01 01:15:00,-1.201,23.828,-49.336
2023-12-01 09:25:00,0.974,24.802,-48.362
2023-12-01 17:30:00,0.672,25.474,-47.69
2023-12-01 22:50:00,-1.197,24.277,-48.887
2023-12-02 10:05:00,2.281,26.558,-46.606
2023-12-02 14:45:00,-1.141,25.417,-47.747
2023-12-02 21:40:00,2.332,27.749,-45.415
2023-12-02 22:50:00,-1.21,26.539,-46.625
2023-12-03 07:45:00,-0.465,26.074,-47.09
2023-12-03 20:00:00,-1.259,24.815,-48.349
2023-12-03 22:30:00,2.237,27.052,-46.112
2023-12-04 05:05:00,2.416,29.468,-43.696
2023-12-04 11:10:00,-1.101,28.367,-44.797
2023-12-04 22:45:00,-1.166,27.201,-45.963
2023-12-05 07:05:00,-1.065,26.136,-47.028
2023-12-05 15:10:00,-0.076,26.06,-47.104
2023-12-05 23:50:00,2.437,28.497,-44.667
2023-12-06 00:30:00,-1.099,27.398,-45.766
2023-12-06 02:35:00,-1.063,26.335,-46.829
2023-12-06 13:15:00,2.443,28.778,-44.386
2023-12-06 21:20:00,-0.091,28.687,-44.477
2023-12-06 23:10:00,-1.058,27.629,-45.535
2023-12-07 08:45:00,-0.979,26.65,-46.514
2023-12-07 23:30:00,1.539,28.189,-44.975
2023-12-08 07:00:00,2.436,30.625,-42.539
2023-12-08 11:45:00,2.465,33.09,-40.074
2023-12-08 19:50:00,0.149,33.239,-39.925
2023-12-09 03:15:00,2.455,35.694,-37.47
2023-12-09 08:10:00,2.473,38.167,-34.997
2023-12-09 16:15:00,-0.678,37.489,-35.675
2023-12-10 08:45:00,-0.604,36.885,-36.279
2023-12-10 19:30:00,-0.057,36.828,-36.336
2023-12-10 21:30:00,-1.045,35.783,-37.381
2023-12-11 02:10:00,2.432,38.215,-34.949
2023-12-11 10:15:00,-0.357,37.858,-35.306
2023-12-11 21:55:00,-1.043,36.815,-36.349
2023-12-12 08:55:00,2.453,39.268,-33.896
2023-12-12 14:55:00,-1.042,38.226,-34.938
2023-12-13 00:40:00,-1.044,37.182,-35.982
2023-12-13 01:05:00,-1.054,36.128,-37.036
2023-12-13 10:00:00,-0.584,35.544,-37.62
2023-12-13 13:30:00,2.416,37.96,-35.204
2023-12-13 19:45:00,2.462,40.422,-32.742
2023-12-14 03:50:00,0.719,41.141,-32.023
2023-12-14 13:05:00,-1.058,40.083,-33.081
2023-12-15 05:30:00,-1.059,39.024,-34.14
2023-12-15 13:35:00,-1.051,37.973,-35.191
2023-12-15 21:40:00,0.256,38.229,-34.935
2023-12-16 00:35:00,2.434,40.663,-32.501
2023-12-16 02:10:00,-1.042,39.621,-33.543
2023-12-16 09:10:00,-1.085,38.536,-34.628
2023-12-16 13:30:00,-1.093,37.443,-35.721
2023-12-16 19:30:00,-1.053,36.39,-36.774
2023-12-17 03:35:00,-0.139,36.251,-36.913
2023-12-17 13:45:00,0.798,37.049,-36.115
2023-12-17 17:05:00,-1.079,35.97,-37.194
2023-12-18 01:35:00,2.418,38.388,-34.776
2023-12-18 09:40:00,0.412,38.8,-34.364
2023-12-18 13:30:00,-1.044,37.756,-35.408
2023-12-19 05:05:00,2.063,39.819,-33.345
2023-12-19 14:05:00,2.344,42.163,-31.001
2023-12-19 17:55:00,2.413,44.576,-28.588
2023-12-20 02:00:00,-0.451,44.125,-29.039
2023-12-20 04:20:00,-1.054,43.071,-30.093
2023-12-20 13:55:00,2.382,45.453,-27.711
2023-12-20 16:55:00,-1.056,44.397,-28.767
2023-12-20 20:00:00,-1.054,43.343,-29.821
2023-12-21 04:05:00,-0.232,43.111,-30.053
2023-12-21 15:15:00,0.03,43.141,-30.023
2023-12-22 00:10:00,2.449,45.59,-27.574
2023-12-22 03:30:00,-1.043,44.547,-28.617
2023-12-22 06:45:00,-1.053,43.494,-29.67
2023-12-22 19:15:00,-1.085,42.409,-30.755
2023-12-23 09:15:00,0.244,42.653,-30.511
2023-12-23 12:30:00,-1.134,41.519,-31.645
2023-12-23 18:50:00,-1.126,40.393,-32.771
2023-12-24 05:40:00,-1.081,39.312,-33.852
2023-12-24 14:15:00,-1.048,38.264,-34.9
2023-12-24 14:45:00,-1.112,37.152,-36.012
2023-12-24 20:40:00,-1.09,36.062,-37.102
2023-12-24 22:15:00,2.443,38.505,-34.659
2023-12-25 06:20:00,-0.816,37.689,-35.475
2023-12-25 11:25:00,-1.112,36.577,-36.587
2023-12-25 21:00:00,0.324,36.901,-36.263
2023-12-26 05:10:00,-1.061,35.84,-37.324
2023-12-26 05:35:00,2.383,38.223,-34.941
2023-12-26 13:35:00,-1.037,37.186,-35.978
2023-12-26 15:00:00,-1.07,36.116,-37.048
2023-12-26 17:35:00,2.442,38.558,-34.606
2023-12-27 01:40:00,-0.808,37.75,-35.414
2023-12-27 09:50:00,-1.063,36.687,-36.477
2023-12-27 13:10:00,2.361,39.048,-34.116
2023-12-27 21:15:00,1.662,40.71,-32.454
2023-12-27 22:50:00,-1.087,39.623,-33.541
2023-12-28 08:35:00,0.453,40.076,-33.088
2023-12-28 14:40:00,2.432,42.508,-30.656
2023-12-28 22:45:00,-0.376,42.132,-31.032
2023-12-29 08:25:00,0.084,42.216,-30.948
2023-12-29 23:20:00,0.492,42.708,-30.456
2023-12-30 10:55:00,0.9,43.608,-29.556
2023-12-31 05:40:00,-0.382,43.226,-29.938
2023-12-31 12:50:00,-1.237,41.989,-31.175
2023-12-31 21:00:00,0.396,42.385,-30.779
2024-01-01 06:50:00,-0.5,41.885,-31.279
2024-01-01 19:30:00,2.344,44.229,-28.935
2024-01-02 00:55:00,2.401,46.63,-26.534
2024-01-02 01:10:00,-1.055,45.575,-27.589
2024-01-02 11:35:00,-1.124,44.451,-28.713
2024-01-02 22:35:00,1.016,45.467,-27.697
2024-01-03 07:45:00,-1.156,44.311,-28.853
2024-01-03 09:35:00,-1.119,43.192,-29.972
2024-01-03 11:05:00,-1.089,42.103,-31.061
2024-01-03 12:00:00,2.451,44.554,-28.61
2024-01-03 12:10:00,2.483,47.037,-26.127
2024-01-03 20:15:00,-0.399,46.638,-26.526
2024-01-04 00:05:00,-1.087,45.551,-27.613
2024-01-04 04:25:00,-1.046,44.505,-28.659
2024-01-04 09:55:00,-1.06,43.445,-29.719
2024-01-05 01:45:00,2.409,45.854,-27.31
2024-01-05 09:50:00,-0.269,45.585,-27.579
2024-01-05 19:00:00,1.453,47.038,-26.126
2024-01-06 05:50:00,2.409,49.447,-23.717
2024-01-06 13:55:00,-0.24,49.207,-23.957
2024-01-07 03:45:00,-0.093,49.114,-24.05
2024-01-07 16:50:00,1.782,50.896,-22.268
2024-01-07 17:45:00,-1.093,49.803,-23.361
2024-01-07 22:15:00,2.387,52.19,-20.974
2024-01-08 06:20:00,0.527,52.717,-20.447
2024-01-08 18:35:00,2.453,55.17,-17.994
2024-01-09 02:40:00,-0.188,54.982,-18.182
2024-01-09 08:40:00,-1.071,53.911,-19.253
2024-01-09 17:20:00,0.911,54.822,-18.342
2024-01-09 21:10:00,-1.075,53.747,-19.417
2024-01-10 10:00:00,-1.057,52.69,-20.474
2024-01-10 18:00:00,-1.035,51.655,-21.509
2024-01-10 22:05:00,2.467,54.122,-19.042
2024-01-11 06:10:00,0.112,54.234,-18.93
2024-01-11 12:05:00,2.43,56.664,-16.5
2024-01-11 15:40:00,-1.056,55.608,-17.556
2024-01-11 20:35:00,-1.061,54.547,-18.617
2024-01-12 07:45:00,-1.077,53.47,-19.694
2024-01-12 12:40:00,-1.092,52.378,-20.786
2024-01-12 23:40:00,0.708,53.086,-20.078
2024-01-13 14:45:00,-1.19,51.896,-21.268
2024-01-14 01:00:00,-0.011,51.885,-21.279
2024-01-14 05:30:00,-1.12,50.765,-22.399
2024-01-14 23:20:00,2.406,53.171,-19.993
2024-01-15 03:30:00,-1.045,52.126,-21.038
2024-01-15 09:50:00,-1.191,50.935,-22.229
2024-01-15 14:05:00,2.209,53.144,-20.02
2024-01-15 22:10:00,1.395,54.539,-18.625
2024-01-16 00:15:00,-1.106,53.433,-19.731
2024-01-16 08:40:00,-1.121,52.312,-20.852
2024-01-16 14:00:00,-1.149,51.163,-22.001
2024-01-16 15:25:00,-1.05,50.113,-23.051
2024-01-16 23:30:00,-0.355,49.758,-23.406
2024-01-17 07:35:00,0.833,50.591,-22.573
2024-01-17 10:20:00,-1.12,49.471,-23.693
2024-01-17 21:50:00,-0.063,49.408,-23.756
2024-01-18 06:30:00,0.322,49.73,-23.434
2024-01-18 16:20:00,-1.082,48.648,-24.516
2024-01-19 00:50:00,0.851,49.499,-23.665
2024-01-19 09:20:00,-0.834,48.665,-24.499
2024-01-19 15:10:00,2.359,51.024,-22.14
2024-01-19 20:05:00,-1.058,49.966,-23.198
2024-01-20 09:30:00,0.493,50.459,-22.705
2024-01-20 15:00:00,-1.097,49.362,-23.802
2024-01-21 04:20:00,1.151,50.513,-22.651
2024-01-21 05:15:00,-1.196,49.317,-23.847
2024-01-22 00:10:00,0.961,50.278,-22.886
2024-01-22 00:45:00,-1.13,49.148,-24.016
2024-01-22 08:40:00,2.383,51.531,-21.633
2024-01-22 13:10:00,-1.062,50.469,-22.695
2024-01-22 23:10:00,1.704,52.173,-20.991
2024-01-23 02:30:00,-1.096,51.077,-22.087
2024-01-23 08:10:00,2.357,53.434,-19.73
2024-01-23 14:05:00,2.44,55.874,-17.29
2024-01-23 14:55:00,-1.055,54.819,-18.345
2024-01-23 20:15:00,-1.155,53.664,-19.5
2024-01-24 09:45:00,-0.352,53.312,-19.852
2024-01-24 13:40:00,-1.103,52.209,-20.955
2024-01-24 17:25:00,-1.064,51.145,-22.019
2024-01-25 02:25:00,-0.381,50.764,-22.4
2024-01-25 03:25:00,-1.16,49.604,-23.56
2024-01-25 07:25:00,-1.085,48.519,-24.645
2024-01-25 15:10:00,-1.093,47.426,-25.738
2024-01-25 23:20:00,0.214,47.64,-25.524
2024-01-26 09:40:00,-1.132,46.508,-26.656
2024-01-26 12:25:00,2.396,48.904,-24.26
2024-01-26 13:50:00,-1.073,47.831,-25.333
2024-01-26 19:30:00,-1.148,46.683,-26.481
2024-01-27 05:50:00,-1.112,45.571,-27.593
2024-01-27 10:15:00,-1.182,44.389,-28.775
2024-01-27 18:20:00,0.583,44.972,-28.192
2024-01-28 03:45:00,1.018,45.99,-27.174
2024-01-28 11:50:00,0.475,46.465,-26.699
2024-01-28 21:00:00,-1.098,45.367,-27.797
2024-01-29 05:10:00,0.135,45.502,-27.662
2024-01-29 15:10:00,0.021,45.523,-27.641
2024-01-29 20:45:00,2.452,47.975,-25.189
2024-01-30 04:50:00,0.505,48.48,-24.684
2024-01-31 08:10:00,0.225,48.705,-24.459
2024-01-31 17:25:00,-0.47,48.235,-24.929
2024-01-31 20:05:00,-1.067,47.168,-25.996
2024-02-01 04:10:00,1.479,48.647,-24.517
2024-02-01 08:45:00,-1.113,47.534,-25.63
2024-02-01 14:15:00,-1.138,46.396,-26.768
2024-02-02 04:05:00,1.037,47.433,-25.731
2024-02-02 10:45:00,2.386,49.819,-23.345
2024-02-02 12:40:00,-1.073,48.746,-24.418
2024-02-02 18:05:00,-1.07,47.676,-25.488
2024-02-03 07:00:00,1.033,48.709,-24.455
2024-02-03 15:00:00,-1.078,47.631,-25.533
2024-02-04 07:15:00,2.351,49.982,-23.182
2024-02-04 11:35:00,-1.112,48.87,-24.294
2024-02-04 22:35:00,2.326,51.196,-21.968
2024-02-05 06:40:00,-0.213,50.983,-22.181
2024-02-05 23:05:00,1.043,52.026,-21.138
2024-02-06 08:10:00,-1.155,50.871,-22.293
2024-02-06 16:20:00,-1.099,49.772,-23.392
2024-02-07 03:30:00,-1.112,48.66,-24.504
2024-02-07 04:20:00,2.395,51.055,-22.109
2024-02-07 12:25:00,0.412,51.467,-21.697
2024-02-08 00:00:00,2.38,53.847,-19.317
2024-02-08 07:50:00,2.409,56.256,-16.908
2024-02-08 15:55:00,0.802,57.058,-16.106
2024-02-08 22:35:00,-1.109,55.949,-17.215
2024-02-09 08:10:00,0.847,56.796,-16.368
2024-02-09 14:25:00,-1.105,55.691,-17.473
2024-02-10 03:45:00,-0.296,55.395,-17.769
2024-02-10 15:25:00,-1.139,54.256,-18.908
2024-02-10 21:05:00,2.366,56.622,-16.542
2024-02-11 05:10:00,1.063,57.685,-15.479
2024-02-11 23:30:00,0.698,58.383,-14.781
2024-02-12 10:30:00,0.427,58.81,-14.354
2024-02-12 12:05:00,-1.129,57.681,-15.483
2024-02-12 17:30:00,2.428,60.109,-13.055
2024-02-13 01:35:00,-0.074,60.035,-13.129
2024-02-13 13:35:00,2.324,62.359,-10.805
2024-02-13 21:40:00,-0.156,62.203,-10.961
2024-02-14 03:10:00,-1.126,61.077,-12.087
2024-02-14 07:30:00,2.198,63.275,-9.889
2024-02-14 09:05:00,2.316,65.591,-7.573
2024-02-14 17:10:00,1.001,66.592,-6.572
2024-02-15 03:40:00,1.302,67.894,-5.27
2024-02-15 11:00:00,2.351,70.245,-2.919
2024-02-15 15:10:00,2.422,72.667,-0.497
2024-02-15 16:05:00,-1.052,71.615,-1.549
2024-02-16 07:35:00,-0.513,71.102,-2.062
2024-02-16 12:00:00,-1.271,69.831,-3.333
2024-02-16 14:30:00,-1.108,68.723,-4.441
2024-02-16 23:15:00,-0.501,68.222,-4.942
2024-02-17 01:35:00,-1.107,67.115,-6.049
2024-02-17 09:40:00,0.724,67.839,-5.325
2024-02-17 12:50:00,-1.159,66.68,-6.484
2024-02-17 20:30:00,-1.082,65.598,-7.566
2024-02-17 20:55:00,2.342,67.94,-5.224
2024-02-18 05:00:00,1.961,69.901,-3.263
2024-02-18 13:55:00,-1.081,68.82,-4.344
2024-02-18 23:30:00,-1.113,67.707,-5.457
2024-02-19 08:40:00,0.421,68.128,-5.036
2024-02-19 10:25:00,-1.057,67.071,-6.093
2024-02-19 13:35:00,-1.044,66.027,-7.137
2024-02-19 16:50:00,-1.14,64.887,-8.277
2024-02-20 01:50:00,-0.093,64.794,-8.37
2024-02-20 09:15:00,-1.047,63.747,-9.417
2024-02-20 10:15:00,-1.117,62.63,-10.534
2024-02-20 15:25:00,-1.036,61.594,-11.57
2024-02-20 23:30:00,-0.758,60.836,-12.328
2024-02-21 07:00:00,2.415,63.251,-9.913
2024-02-21 15:05:00,0.544,63.795,-9.369
2024-02-21 21:50:00,-1.067,62.728,-10.436
2024-02-22 06:30:00,-1.072,61.656,-11.508
2024-02-22 13:45:00,-1.061,60.595,-12.569
2024-02-22 15:00:00,-1.051,59.544,-13.62
2024-02-22 21:35:00,-1.091,58.453,-14.711
2024-02-23 05:40:00,0.23,58.683,-14.481
2024-02-23 15:50:00,0.107,58.79,-14.374
2024-02-23 19:20:00,-1.037,57.753,-15.411
2024-02-23 22:30:00,-1.133,56.62,-16.544
2024-02-24 06:45:00,0.325,56.945,-16.219
2024-02-24 18:10:00,1.21,58.155,-15.009
2024-02-25 03:00:00,-1.124,57.031,-16.133
2024-02-25 16:45:00,1.659,58.69,-14.474
2024-02-25 17:20:00,-1.162,57.528,-15.636
2024-02-26 06:45:00,-1.125,56.403,-16.761
2024-02-26 07:35:00,-1.114,55.289,-17.875
2024-02-26 14:45:00,-1.091,54.198,-18.966
2024-02-26 16:25:00,2.431,56.629,-16.535
2024-02-27 00:30:00,0.201,56.83,-16.334
2024-02-27 07:50:00,-1.091,55.739,-17.425
2024-02-27 11:40:00,-1.136,54.603,-18.561
2024-02-28 02:55:00,-0.313,54.29,-18.874
2024-02-28 15:55:00,0.94,55.23,-17.934
2024-02-28 17:30:00,-1.047,54.183,-18.981
2024-02-29 01:40:00,2.427,56.61,-16.554
2024-02-29 07:00:00,2.461,59.071,-14.093
2024-02-29 15:05:00,0.339,59.41,-13.754
2024-03-01 00:55:00,-1.038,58.372,-14.792
2024-03-01 09:00:00,0.269,58.641,-14.523
2024-03-01 17:05:00,0.37,59.011,-14.153
2024-03-02 00:05:00,2.438,61.449,-11.715
2024-03-02 08:10:00,-0.071,61.378,-11.786
2024-03-02 20:15:00,-1.077,60.301,-12.863
2024-03-03 07:25:00,2.425,62.726,-10.438
2024-03-03 15:30:00,-0.66,62.066,-11.098
2024-03-04 00:50:00,-0.112,61.954,-11.21
2024-03-04 06:40:00,2.447,64.401,-8.763
2024-03-04 14:45:00,-0.201,64.2,-8.964
2024-03-05 02:15:00,-1.055,63.145,-10.019
2024-03-05 15:30:00,-1.046,62.099,-11.065
2024-03-05 19:35:00,2.468,64.567,-8.597
2024-03-05 19:55:00,2.484,67.051,-6.113
2024-03-06 04:00:00,-0.488,66.563,-6.601
2024-03-06 08:05:00,2.404,68.967,-4.197
2024-03-06 12:40:00,-1.032,67.935,-5.229
2024-03-06 20:45:00,-0.528,67.407,-5.757
2024-03-07 05:35:00,-0.385,67.022,-6.142
2024-03-07 13:40:00,-0.284,66.738,-6.426
2024-03-07 22:25:00,0.357,67.095,-6.069
2024-03-08 13:25:00,0.211,67.306,-5.858
2024-03-08 23:35:00,-0.056,67.25,-5.914
2024-03-09 09:50:00,-1.154,66.096,-7.068
2024-03-09 15:25:00,-1.143,64.953,-8.211
2024-03-09 17:10:00,-1.134,63.819,-9.345
2024-03-10 08:00:00,-1.174,62.645,-10.519
2024-03-10 09:20:00,-1.106,61.539,-11.625
2024-03-10 17:35:00,0.711,62.25,-10.914
2024-03-11 06:20:00,-0.303,61.947,-11.217
2024-03-11 15:05:00,0.514,62.461,-10.703
2024-03-11 23:50:00,0.709,63.17,-9.994
2024-03-12 14:05:00,-1.064,62.106,-11.058
2024-03-12 23:40:00,-1.028,61.078,-12.086
2024-03-13 07:45:00,1.704,62.782,-10.382
2024-03-13 10:05:00,-1.075,61.707,-11.457
2024-03-13 21:30:00,0.389,62.096,-11.068
2024-03-14 04:50:00,-1.092,61.004,-12.16
2024-03-14 06:25:00,-1.064,59.94,-13.224
2024-03-14 09:20:00,2.431,62.371,-10.793
2024-03-14 13:10:00,-1.041,61.33,-11.834
2024-03-14 23:30:00,-0.23,61.1,-12.064
2024-03-15 03:25:00,2.451,63.551,-9.613
2024-03-15 11:30:00,0.286,63.837,-9.327
2024-03-15 20:05:00,-1.051,62.786,-10.378
2024-03-16 04:10:00,-0.423,62.363,-10.801
2024-03-16 07:00:00,-1.096,61.267,-11.897
2024-03-16 11:30:00,-1.077,60.19,-12.974
2024-03-16 14:00:00,2.414,62.604,-10.56
2024-03-16 22:05:00,1.701,64.305,-8.859
2024-03-17 02:45:00,-1.041,63.264,-9.9
2024-03-17 07:10:00,2.413,65.677,-7.487
2024-03-17 08:45:00,-1.031,64.646,-8.518
2024-03-17 15:35:00,-1.039,63.607,-9.557
2024-03-17 22:30:00,-1.142,62.465,-10.699
2024-03-18 05:25:00,-1.055,61.41,-11.754
2024-03-18 13:20:00,-1.047,60.363,-12.801
2024-03-18 21:30:00,0.565,60.928,-12.236
2024-03-19 08:55:00,2.117,63.045,-10.119
2024-03-19 12:10:00,-1.024,62.021,-11.143
2024-03-19 19:25:00,-1.077,60.944,-12.22
2024-03-20 04:15:00,1.1,62.044,-11.12
2024-03-20 07:30:00,-1.026,61.018,-12.146
2024-03-20 18:45:00,-1.043,59.975,-13.189
2024-03-21 02:50:00,1.66,61.635,-11.529
2024-03-21 09:40:00,-1.12,60.515,-12.649
2024-03-21 17:40:00,-1.052,59.463,-13.701
2024-03-22 02:10:00,0.375,59.838,-13.326
2024-03-22 03:30:00,-1.061,58.777,-14.387
2024-03-22 10:55:00,-1.052,57.725,-15.439
2024-03-22 19:00:00,0.703,58.428,-14.736
2024-03-22 23:40:00,-1.069,57.359,-15.805
2024-03-23 03:30:00,-1.113,56.246,-16.918
2024-03-23 04:15:00,-1.067,55.179,-17.985
2024-03-23 15:10:00,0.757,55.936,-17.228
2024-03-24 00:50:00,-1.12,54.816,-18.348
2024-03-24 08:55:00,0.484,55.3,-17.864
2024-03-24 20:10:00,-1.075,54.225,-18.939
2024-03-25 04:25:00,0.689,54.914,-18.25
2024-03-25 07:50:00,-1.088,53.826,-19.338
2024-03-25 11:50:00,-1.093,52.733,-20.431
2024-03-25 17:30:00,2.42,55.153,-18.011
2024-03-25 21:15:00,-1.091,54.062,-19.102
2024-03-26 07:20:00,2.379,56.441,-16.723
2024-03-26 08:00:00,-1.081,55.36,-17.804
2024-03-26 12:00:00,-1.106,54.254,-18.91
2024-03-26 21:30:00,-1.054,53.2,-19.964
2024-03-27 04:50:00,-1.09,52.11,-21.054
2024-03-27 07:25:00,2.295,54.405,-18.759
2024-03-27 12:05:00,-1.077,53.328,-19.836
2024-03-27 21:50:00,-0.093,53.235,-19.929
2024-03-28 06:40:00,-1.096,52.139,-21.025
2024-03-28 10:25:00,-1.134,51.005,-22.159
2024-03-28 22:05:00,-1.071,49.934,-23.23
2024-03-29 10:10:00,0.223,50.157,-23.007
2024-03-29 12:05:00,2.388,52.545,-20.619
2024-03-29 15:35:00,-1.117,51.428,-21.736
2024-03-29 23:40:00,-0.724,50.704,-22.46
2024-03-30 04:10:00,-1.121,49.583,-23.581
2024-03-30 11:05:00,-1.191,48.392,-24.772
2024-03-30 14:40:00,-1.147,47.245,-25.919
2024-03-30 22:45:00,1.558,48.803,-24.361
2024-03-31 01:05:00,-1.167,47.636,-25.528
2024-03-31 13:15:00,-0.657,46.979,-26.185
2024-03-31 16:15:00,-1.238,45.741,-27.423
2024-03-31 18:40:00,-1.33,44.411,-28.753
2024-03-31 19:50:00,-1.117,43.294,-29.87
2024-04-01 00:40:00,-1.167,42.127,-31.037
2024-04-01 05:45:00,2.327,44.454,-28.71
2024-04-01 13:50:00,-0.03,44.424,-28.74
2024-04-01 22:30:00,-0.194,44.23,-28.934
2024-04-02 02:35:00,2.399,46.629,-26.535
2024-04-02 10:40:00,0.339,46.968,-26.196
2024-04-02 14:30:00,-1.087,45.881,-27.283
2024-04-03 05:10:00,-0.782,45.099,-28.065
2024-04-03 19:10:00,0.536,45.635,-27.529
2024-04-04 04:25:00,2.393,48.028,-25.136
2024-04-04 05:05:00,-1.081,46.947,-26.217
2024-04-04 18:00:00,2.351,49.298,-23.866
2024-04-04 18:40:00,-1.085,48.213,-24.951
2024-04-05 03:05:00,1.251,49.464,-23.7
2024-04-05 08:20:00,-1.055,48.409,-24.755
2024-04-05 17:20:00,-0.699,47.71,-25.454
2024-04-06 00:25:00,-1.185,46.525,-26.639
2024-04-06 11:10:00,-1.189,45.336,-27.828
2024-04-06 14:40:00,-1.182,44.154,-29.01
2024-04-06 22:45:00,0.179,44.333,-28.831
2024-04-07 06:55:00,1.012,45.345,-27.819
2024-04-07 09:35:00,-1.329,44.016,-29.148
2024-04-07 15:35:00,-1.136,42.88,-30.284
2024-04-07 18:00:00,-1.09,41.79,-31.374
2024-04-07 23:10:00,-1.123,40.667,-32.497
2024-04-08 00:35:00,-1.14,39.527,-33.637
2024-04-08 07:20:00,-1.124,38.403,-34.761
2024-04-08 08:15:00,2.381,40.784,-32.38
2024-04-08 16:20:00,0.366,41.15,-32.014
2024-04-09 00:25:00,-1.24,39.91,-33.254
2024-04-09 12:45:00,2.385,42.295,-30.869
2024-04-09 13:55:00,-1.046,41.249,-31.915
2024-04-09 22:35:00,0.447,41.696,-31.468
2024-04-10 01:15:00,2.302,43.998,-29.166
2024-04-10 09:20:00,0.501,44.499,-28.665
2024-04-10 12:35:00,2.392,46.891,-26.273
2024-04-10 16:50:00,-1.03,45.861,-27.303
2024-04-11 04:35:00,-1.102,44.759,-28.405
2024-04-11 11:00:00,-1.116,43.643,-29.521
2024-04-11 14:20:00,2.343,45.986,-27.178
2024-04-11 21:10:00,-1.053,44.933,-28.231
2024-04-12 06:20:00,-1.18,43.753,-29.411
2024-04-12 12:20:00,2.315,46.068,-27.096
2024-04-12 17:15:00,2.435,48.503,-24.661
2024-04-12 17:25:00,2.438,50.941,-22.223
2024-04-13 01:30:00,0.587,51.528,-21.636
2024-04-13 04:25:00,-1.043,50.485,-22.679
2024-04-13 10:15:00,-1.098,49.387,-23.777
2024-04-13 17:00:00,2.423,51.81,-21.354
2024-04-13 19:50:00,2.465,54.275,-18.889
2024-04-14 03:55:00,0.094,54.369,-18.795
2024-04-14 17:20:00,2.443,56.812,-16.352
2024-04-14 22:15:00,-1.02,55.792,-17.372
2024-04-15 14:15:00,0.32,56.112,-17.052
2024-04-15 17:25:00,2.445,58.557,-14.607
2024-04-16 01:30:00,-0.877,57.68,-15.484
2024-04-16 06:45:00,-1.051,56.629,-16.535
2024-04-16 10:25:00,-1.053,55.576,-17.588
2024-04-16 18:30:00,0.047,55.623,-17.541
2024-04-17 04:35:00,-1.085,54.538,-18.626
2024-04-17 14:20:00,1.865,56.403,-16.761
2024-04-17 18:10:00,-1.04,55.363,-17.801
2024-04-18 11:15:00,-1.055,54.308,-18.856
2024-04-18 22:20:00,-0.068,54.24,-18.924
2024-04-19 00:10:00,-1.135,53.105,-20.059
2024-04-19 02:00:00,2.434,55.539,-17.625
2024-04-19 06:40:00,-1.028,54.511,-18.653
2024-04-19 14:50:00,0.87,55.381,-17.783
2024-04-20 01:00:00,-1.06,54.321,-18.843
2024-04-20 09:50:00,0.19,54.511,-18.653
2024-04-20 23:50:00,1.219,55.73,-17.434
2024-04-21 09:20:00,-1.086,54.644,-18.52
2024-04-22 11:30:00,0.299,54.943,-18.221
2024-04-23 00:20:00,-0.244,54.699,-18.465
2024-04-23 07:25:00,-1.077,53.622,-19.542
2024-04-23 13:15:00,-1.048,52.574,-20.59
2024-04-23 21:20:00,0.13,52.704,-20.46
2024-04-24 00:35:00,-1.133,51.571,-21.593
2024-04-24 04:45:00,-1.088,50.483,-22.681
2024-04-24 08:45:00,-1.07,49.413,-23.751
2024-04-24 14:20:00,2.403,51.816,-21.348
2024-04-24 22:25:00,1.064,52.88,-20.284
2024-04-25 06:35:00,-0.17,52.71,-20.454
2024-04-25 16:10:00,-0.247,52.463,-20.701
2024-04-26 05:20:00,-1.085,51.378,-21.786
2024-04-26 15:05:00,0.645,52.023,-21.141
2024-04-26 23:10:00,0.209,52.232,-20.932
2024-04-27 08:45:00,0.203,52.435,-20.729
2024-04-27 12:35:00,-1.134,51.301,-21.863
2024-04-28 01:40:00,1.118,52.419,-20.745
2024-04-28 09:45:00,-0.116,52.303,-20.861
2024-04-28 13:10:00,-1.143,51.16,-22.004
2024-04-28 15:30:00,-1.147,50.013,-23.151
2024-04-28 16:30:00,-1.189,48.824,-24.34
2024-04-29 06:30:00,2.411,51.235,-21.929
2024-04-29 13:00:00,-1.062,50.173,-22.991
2024-04-29 20:10:00,-1.133,49.04,-24.124
2024-04-30 01:55:00,-1.111,47.929,-25.235
2024-04-30 10:00:00,1.545,49.474,-23.69
2024-04-30 18:35:00,0.321,49.795,-23.369
2024-05-01 07:25:00,2.408,52.203,-20.961
2024-05-01 12:55:00,-1.039,51.164,-22.0
2024-05-01 18:00:00,-1.062,50.102,-23.062
2024-05-02 02:05:00,0.007,50.109,-23.055
2024-05-02 11:00:00,2.326,52.435,-20.729
2024-05-02 19:05:00,0.23,52.665,-20.499
2024-05-03 05:20:00,-1.107,51.558,-21.606
2024-05-03 12:30:00,-1.199,50.359,-22.805
2024-05-03 20:35:00,2.252,52.611,-20.553
2024-05-04 04:40:00,-0.692,51.919,-21.245
2024-05-04 13:35:00,-1.157,50.762,-22.402
2024-05-04 20:35:00,-1.194,49.568,-23.596
2024-05-05 01:15:00,2.303,51.871,-21.293
2024-05-05 09:20:00,-0.332,51.539,-21.625
2024-05-05 14:40:00,-1.188,50.351,-22.813
2024-05-05 22:35:00,-1.11,49.241,-23.923
2024-05-06 00:20:00,-1.153,48.088,-25.076
2024-05-06 01:30:00,-1.169,46.919,-26.245
2024-05-06 05:40:00,-1.098,45.821,-27.343
2024-05-06 08:25:00,2.398,48.219,-24.945
2024-05-06 10:40:00,-1.051,47.168,-25.996
2024-05-06 20:40:00,0.248,47.416,-25.748
2024-05-07 03:25:00,2.351,49.767,-23.397
2024-05-07 09:15:00,-1.053,48.714,-24.45
2024-05-07 14:55:00,-1.153,47.561,-25.603
2024-05-07 23:05:00,2.334,49.895,-23.269
2024-05-08 07:10:00,0.486,50.381,-22.783
2024-05-08 13:45:00,-1.099,49.282,-23.882
2024-05-08 15:00:00,2.422,51.704,-21.46
2024-05-08 23:05:00,-0.491,51.213,-21.951
2024-05-09 00:30:00,-1.102,50.111,-23.053
2024-05-09 08:50:00,-0.667,49.444,-23.72
2024-05-09 15:10:00,-1.091,48.353,-24.811
2024-05-09 22:45:00,2.234,50.587,-22.577
2024-05-10 06:50:00,0.55,51.137,-22.027
2024-05-10 09:30:00,-1.09,50.047,-23.117
2024-05-10 13:25:00,-1.103,48.944,-24.22
2024-05-10 14:50:00,2.386,51.33,-21.834
2024-05-10 22:55:00,0.086,51.416,-21.748
2024-05-11 16:50:00,0.455,51.871,-21.293
2024-05-12 02:05:00,0.217,52.088,-21.076
2024-05-12 10:15:00,-1.213,50.875,-22.289
2024-05-12 21:25:00,2.337,53.212,-19.952
2024-05-13 00:00:00,-1.164,52.048,-21.116
2024-05-13 02:30:00,2.359,54.407,-18.757
2024-05-13 06:55:00,-1.057,53.35,-19.814
2024-05-13 15:20:00,0.119,53.469,-19.695
2024-05-14 01:30:00,0.458,53.927,-19.237
2024-05-14 05:45:00,-1.094,52.833,-20.331
2024-05-14 14:10:00,0.457,53.29,-19.874
2024-05-14 14:30:00,-1.104,52.186,-20.978
2024-05-15 05:15:00,0.233,52.419,-20.745
2024-05-15 11:25:00,-1.28,51.139,-22.025
2024-05-15 12:30:00,-1.086,50.053,-23.111
2024-05-15 20:35:00,1.271,51.324,-21.84
2024-05-16 04:50:00,1.658,52.982,-20.182
2024-05-16 06:55:00,-1.11,51.872,-21.292
2024-05-17 00:10:00,0.467,52.339,-20.825
2024-05-17 04:35:00,2.16,54.499,-18.665
2024-05-17 07:50:00,2.412,56.911,-16.253
2024-05-17 15:55:00,0.129,57.04,-16.124
2024-05-18 09:55:00,0.334,57.374,-15.79
2024-05-18 12:00:00,-1.138,56.236,-16.928
2024-05-18 23:40:00,0.071,56.307,-16.857
2024-05-19 06:00:00,-1.149,55.158,-18.006
2024-05-19 16:45:00,2.365,57.523,-15.641
2024-05-20 00:50:00,-0.306,57.217,-15.947
2024-05-20 02:25:00,-1.169,56.048,-17.116
2024-05-20 06:30:00,-1.18,54.868,-18.296
2024-05-20 14:35:00,0.162,55.03,-18.134
2024-05-20 16:00:00,-1.115,53.915,-19.249
2024-05-20 19:30:00,2.41,56.325,-16.839
2024-05-21 03:35:00,0.651,56.976,-16.188
2024-05-21 13:10:00,-1.108,55.868,-17.296
2024-05-22 07:00:00,-1.125,54.743,-18.421
2024-05-22 17:10:00,-0.022,54.721,-18.443
2024-05-23 02:25:00,-0.694,54.027,-19.137
2024-05-23 09:40:00,-1.142,52.885,-20.279
2024-05-23 11:55:00,-1.072,51.813,-21.351
2024-05-23 20:00:00,2.454,54.267,-18.897
2024-05-23 21:00:00,-1.033,53.234,-19.93
2024-05-24 13:25:00,0.42,53.654,-19.51
2024-05-24 18:10:00,-1.084,52.57,-20.594
2024-05-25 09:30:00,-1.171,51.399,-21.765
2024-05-25 20:45:00,0.132,51.531,-21.633
2024-05-26 08:10:00,-1.121,50.41,-22.754
2024-05-26 14:55:00,-1.115,49.295,-23.869
2024-05-26 15:45:00,-1.118,48.177,-24.987
2024-05-26 23:55:00,0.129,48.306,-24.858
2024-05-27 05:25:00,-1.183,47.123,-26.041
2024-05-27 13:05:00,-1.082,46.041,-27.123
2024-05-27 16:00:00,2.358,48.399,-24.765
2024-05-27 19:45:00,-1.074,47.325,-25.839
2024-05-28 01:45:00,-1.118,46.207,-26.957
2024-05-28 11:40:00,0.033,46.24,-26.924
2024-05-28 22:00:00,-0.668,45.572,-27.592
2024-05-29 08:05:00,-1.118,44.454,-28.71
2024-05-29 09:45:00,-1.067,43.387,-29.777
2024-05-29 11:55:00,-1.168,42.219,-30.945
2024-05-29 20:00:00,2.328,44.547,-28.617
2024-05-30 04:05:00,-0.54,44.007,-29.157
2024-05-30 13:05:00,0.046,44.053,-29.111
2024-05-31 04:05:00,-0.274,43.779,-29.385
2024-05-31 10:05:00,-1.102,42.677,-30.487
2024-05-31 15:35:00,-1.157,41.52,-31.644
2024-05-31 23:40:00,0.193,41.713,-31.451
2024-06-01 04:45:00,-1.164,40.549,-32.615
2024-06-01 15:45:00,-1.396,39.153,-34.011
2024-06-02 04:55:00,2.097,41.25,-31.914
2024-06-02 17:15:00,2.249,43.499,-29.665
2024-06-03 01:20:00,-1.107,42.392,-30.772
2024-06-03 09:25:00,0.484,42.876,-30.288
2024-06-03 19:10:00,-1.105,41.771,-31.393
2024-06-04 03:15:00,0.806,42.577,-30.587
2024-06-04 11:10:00,-1.312,41.265,-31.899
2024-06-04 15:15:00,2.252,43.517,-29.647
2024-06-05 00:00:00,0.154,43.671,-29.493
2024-06-05 05:05:00,-1.226,42.445,-30.719
2024-06-05 08:50:00,-1.184,41.261,-31.903
2024-06-05 14:35:00,-1.399,39.862,-33.302
2024-06-05 23:30:00,-0.69,39.172,-33.992
2024-06-06 03:45:00,-1.275,37.897,-35.267
2024-06-06 06:30:00,2.01,39.907,-33.257
2024-06-06 07:50:00,-1.305,38.602,-34.562
2024-06-06 12:05:00,-1.234,37.368,-35.796
2024-06-06 16:35:00,-1.154,36.214,-36.95
2024-06-06 20:00:00,2.304,38.518,-34.646
2024-06-06 23:15:00,-1.06,37.458,-35.706
2024-06-07 01:40:00,-1.198,36.26,-36.904
2024-06-07 04:10:00,-1.189,35.071,-38.093
2024-06-07 09:25:00,2.334,37.405,-35.759
2024-06-07 11:00:00,2.399,39.804,-33.36
2024-06-07 18:00:00,-1.04,38.764,-34.4
2024-06-08 02:05:00,-0.418,38.346,-34.818
2024-06-08 09:00:00,2.284,40.63,-32.534
2024-06-08 17:05:00,0.852,41.482,-31.682
2024-06-08 18:05:00,-1.211,40.271,-32.893
2024-06-09 08:40:00,-1.123,39.148,-34.016
2024-06-09 17:55:00,-1.142,38.006,-35.158
2024-06-10 02:05:00,0.168,38.174,-34.99
2024-06-10 09:55:00,-1.132,37.042,-36.122
2024-06-10 18:00:00,-0.519,36.523,-36.641
2024-06-11 01:50:00,2.38,38.903,-34.261
2024-06-11 09:55:00,0.52,39.423,-33.741
2024-06-11 21:05:00,0.654,40.077,-33.087
2024-06-12 02:30:00,-1.096,38.981,-34.183
2024-06-12 20:35:00,0.028,39.009,-34.155
2024-06-13 10:05:00,0.664,39.673,-33.491
2024-06-13 23:40:00,-0.007,39.666,-33.498
2024-06-14 15:45:00,2.364,42.03,-31.134
2024-06-14 23:50:00,0.1,42.13,-31.034
2024-06-15 04:45:00,-1.169,40.961,-32.203
2024-06-15 15:15:00,-1.273,39.688,-33.476
2024-06-16 05:30:00,-1.232,38.456,-34.708
2024-06-16 18:40:00,0.139,38.595,-34.569
2024-06-17 01:15:00,-1.235,37.36,-35.804
2024-06-17 06:50:00,2.295,39.655,-33.509
2024-06-17 14:55:00,1.143,40.798,-32.366
2024-06-17 16:35:00,-1.031,39.767,-33.397
2024-06-17 21:10:00,-1.067,38.7,-34.464
2024-06-18 01:20:00,2.432,41.132,-32.032
2024-06-18 09:25:00,0.665,41.797,-31.367
2024-06-18 18:05:00,1.11,42.907,-30.257
2024-06-18 19:55:00,-1.083,41.824,-31.34
2024-06-19 10:10:00,-0.594,41.23,-31.934
2024-06-19 17:20:00,-1.121,40.109,-33.055
2024-06-20 01:10:00,-1.17,38.939,-34.225
2024-06-20 12:35:00,0.476,39.415,-33.749
2024-06-20 21:20:00,0.385,39.8,-33.364
2024-06-21 01:15:00,-1.157,38.643,-34.521
2024-06-21 07:45:00,-1.096,37.547,-35.617
2024-06-21 13:50:00,2.383,39.93,-33.234
2024-06-21 14:15:00,-1.061,38.869,-34.295
2024-06-22 01:35:00,0.062,38.931,-34.233
2024-06-22 13:30:00,2.33,41.261,-31.903
2024-06-22 21:35:00,0.045,41.306,-31.858
2024-06-23 03:50:00,2.242,43.548,-29.616
2024-06-23 11:55:00,-0.481,43.067,-30.097
2024-06-23 15:45:00,-1.26,41.807,-31.357
2024-06-23 17:35:00,-1.117,40.69,-32.474
2024-06-24 04:35:00,0.133,40.823,-32.341
2024-06-24 09:30:00,2.413,43.236,-29.928
2024-06-24 13:50:00,-1.04,42.196,-30.968
2024-06-24 21:30:00,-1.067,41.129,-32.035
2024-06-25 02:25:00,2.377,43.506,-29.658
2024-06-25 10:30:00,0.288,43.794,-29.37
2024-06-25 13:35:00,-1.175,42.619,-30.545
2024-06-25 22:30:00,-0.485,42.134,-31.03
2024-06-26 04:35:00,-1.175,40.959,-32.205
2024-06-26 10:20:00,-1.117,39.842,-33.322
2024-06-26 15:25:00,-1.072,38.77,-34.394
2024-06-26 23:30:00,0.486,39.256,-33.908
2024-06-27 02:40:00,2.138,41.394,-31.77
2024-06-27 10:45:00,0.57,41.964,-31.2
2024-06-27 21:05:00,0.644,42.608,-30.556
2024-06-28 05:00:00,-1.18,41.428,-31.736
2024-06-28 10:20:00,-1.369,40.059,-33.105
2024-06-28 18:25:00,0.827,40.886,-32.278
2024-06-29 02:05:00,-1.062,39.824,-33.34
2024-06-29 10:10:00,-0.041,39.783,-33.381
2024-06-29 12:50:00,-1.185,38.598,-34.566
2024-06-29 16:10:00,2.239,40.837,-32.327
2024-06-30 00:15:00,2.017,42.854,-30.31
2024-06-30 07:05:00,-1.17,41.684,-31.48
2024-06-30 18:45:00,-0.58,41.104,-32.06
2024-07-01 06:30:00,0.606,41.71,-31.454
2024-07-02 00:10:00,-0.515,41.195,-31.969
2024-07-02 09:20:00,0.81,42.005,-31.159
2024-07-02 18:25:00,1.384,43.389,-29.775
2024-07-03 02:30:00,0.321,43.71,-29.454
2024-07-03 08:05:00,-1.132,42.578,-30.586
2024-07-03 18:10:00,0.667,43.245,-29.919
2024-07-03 21:35:00,-1.121,42.124,-31.04
2024-07-04 01:15:00,-1.094,41.03,-32.134
2024-07-04 09:20:00,1.41,42.44,-30.724
2024-07-04 18:35:00,1.672,44.112,-29.052
2024-07-05 00:00:00,2.432,46.544,-26.62
2024-07-05 08:05:00,1.402,47.946,-25.218
2024-07-05 09:20:00,-1.046,46.9,-26.264
2024-07-06 19:35:00,2.421,49.321,-23.843
2024-07-07 00:00:00,-1.114,48.207,-24.957
2024-07-07 04:30:00,-1.124,47.083,-26.081
2024-07-07 14:20:00,2.414,49.497,-23.667
2024-07-07 17:50:00,-1.049,48.448,-24.716
2024-07-07 23:40:00,2.384,50.832,-22.332
2024-07-08 01:00:00,2.418,53.25,-19.914
2024-07-08 04:30:00,-1.03,52.22,-20.944
2024-07-08 08:35:00,2.428,54.648,-18.516
2024-07-08 16:40:00,-0.312,54.336,-18.828
2024-07-09 00:30:00,-1.143,53.193,-19.971
2024-07-09 01:30:00,-1.127,52.066,-21.098
2024-07-09 12:35:00,-0.167,51.899,-21.265
2024-07-09 22:15:00,-0.2,51.699,-21.465
2024-07-10 06:50:00,2.37,54.069,-19.095
2024-07-10 07:45:00,-1.082,52.987,-20.177
2024-07-10 23:50:00,0.58,53.567,-19.597
2024-07-11 03:20:00,-1.102,52.465,-20.699
2024-07-11 09:25:00,-1.176,51.289,-21.875
2024-07-11 14:05:00,2.378,53.667,-19.497
2024-07-11 15:30:00,-1.067,52.6,-20.564
2024-07-12 08:30:00,-0.006,52.594,-20.57
2024-07-12 21:20:00,0.321,52.915,-20.249
2024-07-13 07:20:00,2.386,55.301,-17.863
2024-07-13 15:25:00,0.303,55.604,-17.56
2024-07-13 23:40:00,0.993,56.597,-16.567
2024-07-14 01:55:00,-1.105,55.492,-17.672
2024-07-14 12:00:00,-1.085,54.407,-18.757
2024-07-15 00:15:00,0.398,54.805,-18.359
2024-07-15 03:40:00,-1.141,53.664,-19.5
2024-07-15 10:35:00,-1.112,52.552,-20.612
2024-07-15 20:30:00,-0.13,52.422,-20.742
2024-07-16 05:50:00,-1.094,51.328,-21.836
2024-07-16 14:35:00,-1.086,50.242,-22.922
2024-07-16 22:40:00,-0.687,49.555,-23.609
2024-07-17 08:40:00,0.874,50.429,-22.735
2024-07-17 16:05:00,-1.085,49.344,-23.82
2024-07-18 00:10:00,1.001,50.345,-22.819
2024-07-18 05:15:00,-1.074,49.271,-23.893
2024-07-18 06:05:00,-1.096,48.175,-24.989
2024-07-18 14:10:00,-0.907,47.268,-25.896
2024-07-18 22:25:00,1.5,48.768,-24.396
2024-07-19 03:55:00,-1.11,47.658,-25.506
2024-07-19 14:05:00,-1.079,46.579,-26.585
2024-07-19 15:30:00,-1.178,45.401,-27.763
2024-07-19 23:45:00,1.266,46.667,-26.497
2024-07-20 11:15:00,-1.128,45.539,-27.625
2024-07-20 13:15:00,2.29,47.829,-25.335
2024-07-20 15:10:00,-1.138,46.691,-26.473
2024-07-20 23:20:00,1.006,47.697,-25.467
2024-07-21 05:00:00,-1.091,46.606,-26.558
2024-07-21 13:05:00,0.146,46.752,-26.412
2024-07-21 14:40:00,-1.158,45.594,-27.57
2024-07-21 20:25:00,-1.057,44.537,-28.627
2024-07-22 04:30:00,0.296,44.833,-28.331
2024-07-22 13:05:00,-0.528,44.305,-28.859
2024-07-22 22:05:00,0.731,45.036,-28.128
2024-07-23 06:15:00,1.634,46.67,-26.494
2024-07-23 08:25:00,-1.142,45.528,-27.636
2024-07-23 16:40:00,2.41,47.938,-25.226
2024-07-24 00:45:00,-0.014,47.924,-25.24
2024-07-24 23:25:00,1.292,49.216,-23.948
2024-07-25 09:10:00,-0.19,49.026,-24.138
2024-07-25 18:30:00,1.044,50.07,-23.094
2024-07-26 00:05:00,-1.084,48.986,-24.178
2024-07-26 06:15:00,2.387,51.373,-21.791
2024-07-26 14:20:00,0.033,51.406,-21.758
2024-07-27 01:25:00,-1.119,50.287,-22.877
2024-07-27 13:15:00,2.305,52.592,-20.572
2024-07-27 19:00:00,-1.155,51.437,-21.727
2024-07-28 11:55:00,1.081,52.518,-20.646
2024-07-28 22:25:00,0.012,52.53,-20.634
2024-07-29 02:20:00,2.345,54.875,-18.289
2024-07-29 10:25:00,0.678,55.553,-17.611
2024-07-29 22:05:00,1.526,57.079,-16.085
2024-07-30 07:10:00,-0.04,57.039,-16.125
2024-07-30 22:05:00,-0.007,57.032,-16.132
2024-07-31 12:45:00,-0.695,56.337,-16.827
2024-07-31 22:30:00,1.653,57.99,-15.174
2024-08-01 00:35:00,-1.183,56.807,-16.357
2024-08-01 04:45:00,2.357,59.164,-14.0
2024-08-01 10:30:00,-1.055,58.109,-15.055
2024-08-01 16:00:00,2.415,60.524,-12.64
2024-08-01 20:45:00,-1.066,59.458,-13.706
2024-08-02 02:20:00,-1.056,58.402,-14.762
2024-08-02 10:25:00,-0.057,58.345,-14.819
2024-08-02 14:50:00,2.399,60.744,-12.42
2024-08-02 22:55:00,0.359,61.103,-12.061
2024-08-03 02:15:00,-1.076,60.027,-13.137
2024-08-03 15:45:00,2.33,62.357,-10.807
2024-08-03 23:50:00,-0.336,62.021,-11.143
2024-08-04 14:30:00,2.379,64.4,-8.764
2024-08-04 22:35:00,0.135,64.535,-8.629
2024-08-05 00:55:00,2.443,66.978,-6.186
2024-08-05 06:20:00,2.48,69.458,-3.706
2024-08-05 14:05:00,-1.009,68.449,-4.715
2024-08-06 00:15:00,-1.042,67.407,-5.757
2024-08-06 08:35:00,-1.066,66.341,-6.823
2024-08-06 14:15:00,-1.041,65.3,-7.864
2024-08-06 22:20:00,-0.138,65.162,-8.002
2024-08-07 10:30:00,0.301,65.463,-7.701
2024-08-07 11:00:00,-1.106,64.357,-8.807
2024-08-07 22:20:00,0.477,64.834,-8.33
2024-08-08 09:45:00,0.05,64.884,-8.28
2024-08-08 22:55:00,2.421,67.305,-5.859
2024-08-09 05:00:00,-1.051,66.254,-6.91
2024-08-09 14:30:00,-1.045,65.209,-7.955
2024-08-10 01:45:00,-0.161,65.048,-8.116
2024-08-11 08:20:00,2.338,67.386,-5.778
2024-08-11 10:00:00,-1.199,66.187,-6.977
2024-08-11 19:15:00,2.394,68.581,-4.583
2024-08-11 22:30:00,2.412,70.993,-2.171
2024-08-12 06:35:00,-0.687,70.306,-2.858
2024-08-12 07:30:00,-1.093,69.213,-3.951
2024-08-12 13:45:00,-1.061,68.152,-5.012
2024-08-12 14:35:00,-1.043,67.109,-6.055
2024-08-12 22:45:00,-0.548,66.561,-6.603
2024-08-13 02:15:00,-1.2,65.361,-7.803
2024-08-13 09:20:00,2.305,67.666,-5.498
2024-08-13 13:00:00,-1.089,66.577,-6.587
2024-08-13 14:30:00,-1.112,65.465,-7.699
2024-08-13 23:00:00,0.504,65.969,-7.195
2024-08-14 03:45:00,-1.21,64.759,-8.405
2024-08-14 08:15:00,-1.174,63.585,-9.579
2024-08-14 13:40:00,-1.141,62.444,-10.72
2024-08-14 21:45:00,0.225,62.669,-10.495
2024-08-15 06:20:00,-1.11,61.559,-11.605
2024-08-15 14:25:00,-0.873,60.686,-12.478
2024-08-15 17:05:00,-1.116,59.57,-13.594
2024-08-15 18:00:00,2.41,61.98,-11.184
2024-08-16 02:05:00,0.315,62.295,-10.869
2024-08-16 02:30:00,-1.093,61.202,-11.962
2024-08-16 14:20:00,-1.047,60.155,-13.009
2024-08-16 17:55:00,-1.044,59.111,-14.053
2024-08-17 02:00:00,-0.368,58.743,-14.421
2024-08-17 08:05:00,-1.13,57.613,-15.551
2024-08-17 13:10:00,2.268,59.881,-13.283
2024-08-17 21:15:00,0.175,60.056,-13.108
2024-08-18 03:40:00,-1.128,58.928,-14.236
2024-08-18 12:45:00,2.274,61.202,-11.962
2024-08-18 17:25:00,-1.163,60.039,-13.125
2024-08-19 07:25:00,0.83,60.869,-12.295
2024-08-19 15:35:00,-0.521,60.348,-12.816
2024-08-20 09:05:00,-0.026,60.322,-12.842
2024-08-20 11:25:00,-1.448,58.874,-14.29
2024-08-20 14:10:00,-1.115,57.759,-15.405
2024-08-21 02:25:00,0.032,57.791,-15.373
2024-08-21 04:30:00,2.339,60.13,-13.034
2024-08-21 12:35:00,-0.192,59.938,-13.226
2024-08-21 17:30:00,2.431,62.369,-10.795
2024-08-22 01:35:00,0.423,62.792,-10.372
2024-08-22 17:40:00,-0.001,62.791,-10.373
2024-08-23 05:05:00,0.611,63.402,-9.762
2024-08-23 14:50:00,-0.717,62.685,-10.479
2024-08-24 02:05:00,0.403,63.088,-10.076
2024-08-24 16:40:00,2.372,65.46,-7.704
2024-08-24 21:05:00,-1.095,64.365,-8.799
2024-08-25 09:30:00,0.973,65.338,-7.826
2024-08-25 13:20:00,-1.104,64.234,-8.93
2024-08-25 22:20:00,0.172,64.406,-8.758
2024-08-26 09:45:00,0.983,65.389,-7.775
2024-08-26 19:05:00,0.81,66.199,-6.965
2024-08-27 15:45:00,1.281,67.48,-5.684
2024-08-27 16:15:00,-1.127,66.353,-6.811
2024-08-27 22:10:00,2.442,68.795,-4.369
2024-08-28 06:15:00,-0.451,68.344,-4.82
2024-08-28 09:45:00,-1.121,67.223,-5.941
2024-08-28 16:20:00,2.43,69.653,-3.511
2024-08-28 18:50:00,-1.033,68.62,-4.544
2024-08-29 03:00:00,-1.078,67.542,-5.622
2024-08-29 15:00:00,2.363,69.905,-3.259
2024-08-29 16:25:00,-1.101,68.804,-4.36
2024-08-29 18:45:00,2.379,71.183,-1.981
2024-08-30 02:50:00,-0.411,70.772,-2.392
2024-08-30 09:10:00,-1.072,69.7,-3.464
2024-08-30 11:10:00,-1.124,68.576,-4.588
2024-08-30 15:55:00,2.434,71.01,-2.154
2024-08-30 18:30:00,-1.054,69.956,-3.208
2024-08-31 11:20:00,-1.155,68.801,-4.363
2024-09-01 01:20:00,1.662,70.463,-2.701
2024-09-01 09:35:00,-1.142,69.321,-3.843
2024-09-01 18:40:00,0.716,70.037,-3.127
2024-09-01 22:30:00,2.346,72.383,-0.781
2024-09-02 06:35:00,-0.095,72.288,-0.876
2024-09-02 08:30:00,-1.095,71.193,-1.971
2024-09-02 14:35:00,-1.13,70.063,-3.101
2024-09-03 08:35:00,2.304,72.367,-0.797
2024-09-03 16:40:00,1.656,74.023,0.0
2024-09-04 01:00:00,2.395,76.418,0.0
2024-09-04 07:40:00,-1.022,75.396,-1.022
2024-09-04 14:50:00,-1.077,74.319,-2.099
2024-09-04 23:05:00,0.088,74.407,-2.011
2024-09-05 01:40:00,-1.138,73.269,-3.149
2024-09-05 07:20:00,-1.095,72.174,-4.244
2024-09-05 13:35:00,2.432,74.606,-1.812
2024-09-05 15:00:00,-1.034,73.572,-2.846
2024-09-06 00:20:00,0.122,73.694,-2.724
2024-09-06 07:15:00,-1.088,72.606,-3.812
2024-09-06 15:20:00,0.765,73.371,-3.047
2024-09-06 20:50:00,2.403,75.774,-0.644
2024-09-07 00:00:00,-1.036,74.738,-1.68
2024-09-07 12:10:00,0.633,75.371,-1.047
2024-09-07 19:25:00,2.238,77.609,0.0
2024-09-08 09:10:00,2.222,79.831,0.0
2024-09-08 15:30:00,-1.103,78.728,-1.103
2024-09-09 01:20:00,2.005,80.733,0.0
2024-09-09 05:30:00,-1.056,79.677,-1.056
2024-09-09 14:25:00,-1.114,78.563,-2.17
2024-09-10 00:15:00,-0.384,78.179,-2.554
2024-09-10 06:55:00,-1.183,76.996,-3.737
2024-09-10 14:15:00,-1.181,75.815,-4.918
2024-09-10 19:25:00,-1.174,74.641,-6.092
2024-09-11 00:00:00,-1.303,73.338,-7.395
2024-09-11 12:20:00,0.245,73.583,-7.15
2024-09-11 16:35:00,-1.042,72.541,-8.192
2024-09-11 22:55:00,2.433,74.974,-5.759
2024-09-12 07:00:00,-0.22,74.754,-5.979
2024-09-12 16:25:00,-0.629,74.125,-6.608
2024-09-13 06:50:00,0.184,74.309,-6.424
2024-09-13 11:35:00,-1.11,73.199,-7.534
2024-09-13 15:45:00,2.37,75.569,-5.164
2024-09-13 23:50:00,-0.346,75.223,-5.51
2024-09-14 18:05:00,2.3,77.523,-3.21
2024-09-15 04:25:00,-1.181,76.342,-4.391
2024-09-15 12:30:00,1.495,77.837,-2.896
2024-09-15 22:20:00,1.624,79.461,-1.272
2024-09-16 07:10:00,0.252,79.713,-1.02
2024-09-16 17:30:00,1.877,81.59,0.0
2024-09-16 23:40:00,-1.107,80.483,-1.107
2024-09-17 14:10:00,-1.105,79.378,-2.212
2024-09-17 22:20:00,-0.729,78.649,-2.941
2024-09-18 01:10:00,-1.119,77.53,-4.06
2024-09-18 03:00:00,2.247,79.777,-1.813
2024-09-18 08:05:00,-1.064,78.713,-2.877
2024-09-18 16:10:00,1.195,79.908,-1.682
2024-09-19 00:00:00,2.425,82.333,0.0
2024-09-19 08:05:00,0.179,82.512,0.0
2024-09-19 20:10:00,0.745,83.257,0.0
2024-09-20 10:55:00,1.655,84.912,0.0
2024-09-21 00:10:00,-1.151,83.761,-1.151
2024-09-21 04:35:00,-1.127,82.634,-2.278
2024-09-21 07:00:00,-1.181,81.453,-3.459
2024-09-21 10:50:00,-1.159,80.294,-4.618
2024-09-21 21:00:00,0.085,80.379,-4.533
2024-09-22 02:10:00,-1.273,79.106,-5.806
2024-09-22 13:10:00,-0.534,78.572,-6.34
2024-09-22 22:10:00,1.488,80.06,-4.852
2024-09-23 09:10:00,-0.097,79.963,-4.949
2024-09-24 02:15:00,0.104,80.067,-4.845
2024-09-24 12:20:00,2.361,82.428,-2.484
2024-09-24 14:25:00,-1.132,81.296,-3.616
2024-09-24 23:20:00,0.98,82.276,-2.636
2024-09-25 04:15:00,-1.142,81.134,-3.778
2024-09-25 22:10:00,-1.086,80.048,-4.864
2024-09-26 06:35:00,2.407,82.455,-2.457
2024-09-26 14:40:00,0.765,83.22,-1.692
2024-09-27 06:00:00,1.827,85.047,0.0
2024-09-27 19:40:00,-1.123,83.924,-1.123
2024-09-28 05:15:00,-1.132,82.792,-2.255
2024-09-28 14:10:00,-0.839,81.953,-3.094
2024-09-28 21:10:00,-1.178,80.775,-4.272
2024-09-29 05:15:00,-0.356,80.419,-4.628
2024-09-29 14:20:00,-0.547,79.872,-5.175
2024-09-29 23:10:00,-1.183,78.689,-6.358
2024-09-30 01:50:00,2.371,81.06,-3.987
2024-09-30 09:55:00,0.717,81.777,-3.27
2024-09-30 18:00:00,0.254,82.031,-3.016
2024-10-01 03:45:00,-1.094,80.937,-4.11
2024-10-01 13:40:00,2.393,83.33,-1.717
2024-10-01 17:15:00,2.457,85.787,0.0
2024-10-02 01:20:00,-0.372,85.415,-0.372
2024-10-02 06:35:00,-1.103,84.312,-1.475
2024-10-02 17:30:00,1.791,86.103,0.0
2024-10-03 01:35:00,-0.205,85.898,-0.205
2024-10-03 08:20:00,2.402,88.3,0.0
2024-10-03 16:25:00,0.21,88.51,0.0
2024-10-04 16:25:00,0.198,88.708,0.0
2024-10-05 02:45:00,-1.116,87.592,-1.116
2024-10-05 07:00:00,-1.108,86.484,-2.224
2024-10-05 13:40:00,-1.249,85.235,-3.473
2024-10-06 00:40:00,0.189,85.424,-3.284
2024-10-06 04:40:00,-1.122,84.302,-4.406
2024-10-06 13:00:00,-1.125,83.177,-5.531
2024-10-06 19:25:00,2.292,85.469,-3.239
2024-10-06 21:55:00,-1.099,84.37,-4.338
2024-10-07 01:50:00,2.381,86.751,-1.957
2024-10-07 09:10:00,-1.069,85.682,-3.026
2024-10-07 18:15:00,-1.08,84.602,-4.106
2024-10-08 02:20:00,0.298,84.9,-3.808
2024-10-08 13:20:00,1.385,86.285,-2.423
2024-10-08 23:30:00,-0.112,86.173,-2.535
2024-10-09 13:05:00,2.358,88.531,-0.177
2024-10-09 15:20:00,-1.075,87.456,-1.252
2024-10-09 20:50:00,2.266,89.722,0.0
2024-10-09 23:05:00,-1.075,88.647,-1.075
2024-10-10 15:45:00,0.648,89.295,-0.427
2024-10-10 21:20:00,-1.069,88.226,-1.496
2024-10-11 10:00:00,2.055,90.281,0.0
2024-10-11 12:40:00,-1.177,89.104,-1.177
2024-10-11 21:55:00,1.237,90.341,0.0
2024-10-12 07:00:00,-1.414,88.927,-1.414
2024-10-12 18:15:00,-0.429,88.498,-1.843
2024-10-13 10:45:00,0.134,88.632,-1.709
2024-10-13 19:15:00,1.659,90.291,-0.05
2024-10-14 03:25:00,-1.09,89.201,-1.14
2024-10-14 11:30:00,0.986,90.187,-0.154
2024-10-14 22:00:00,1.131,91.318,0.0
2024-10-15 10:40:00,2.229,93.547,0.0
2024-10-15 11:15:00,-1.103,92.444,-1.103
2024-10-15 13:50:00,-1.052,91.392,-2.155
2024-10-15 14:35:00,-1.046,90.346,-3.201
2024-10-15 22:50:00,0.134,90.48,-3.067
2024-10-16 04:20:00,-1.117,89.363,-4.184
2024-10-16 05:40:00,-1.186,88.177,-5.37
2024-10-16 11:15:00,-1.108,87.069,-6.478
2024-10-16 13:45:00,-1.178,85.891,-7.656
2024-10-16 14:05:00,-1.148,84.743,-8.804
2024-10-16 22:45:00,-0.261,84.482,-9.065
2024-10-17 07:50:00,0.94,85.422,-8.125
2024-10-17 16:10:00,-0.213,85.209,-8.338
2024-10-18 01:25:00,-1.085,84.124,-9.423
2024-10-18 05:55:00,-1.332,82.792,-10.755
2024-10-18 13:40:00,-1.184,81.608,-11.939
2024-10-18 21:50:00,-1.117,80.491,-13.056
2024-10-18 23:00:00,-1.218,79.273,-14.274
2024-10-19 03:05:00,2.349,81.622,-11.925
2024-10-19 11:10:00,-0.535,81.087,-12.46
2024-10-19 19:35:00,0.526,81.613,-11.934
2024-10-20 09:15:00,0.056,81.669,-11.878
2024-10-20 13:40:00,2.29,83.959,-9.588
2024-10-20 21:45:00,1.254,85.213,-8.334
2024-10-21 05:00:00,2.389,87.602,-5.945
2024-10-21 09:00:00,-1.062,86.54,-7.007
2024-10-21 21:05:00,-1.094,85.446,-8.101
2024-10-22 00:30:00,-1.083,84.363,-9.184
2024-10-22 09:35:00,-1.052,83.311,-10.236
2024-10-22 14:15:00,-1.08,82.231,-11.316
2024-10-22 22:20:00,0.631,82.862,-10.685
2024-10-23 03:20:00,-1.09,81.772,-11.775
2024-10-23 08:45:00,-1.069,80.703,-12.844
2024-10-23 16:50:00,1.945,82.648,-10.899
2024-10-23 20:35:00,-1.077,81.571,-11.976
2024-10-24 09:00:00,2.398,83.969,-9.578
2024-10-24 17:05:00,-0.494,83.475,-10.072
2024-10-25 07:05:00,1.654,85.129,-8.418
2024-10-25 09:50:00,-1.079,84.05,-9.497
2024-10-25 23:20:00,2.443,86.493,-7.054
2024-10-26 07:25:00,-0.587,85.906,-7.641
2024-10-26 14:20:00,2.323,88.229,-5.318
2024-10-26 17:30:00,-1.076,87.153,-6.394
2024-10-27 04:30:00,-1.178,85.975,-7.572
2024-10-27 12:00:00,-1.179,84.796,-8.751
2024-10-27 16:05:00,2.35,87.146,-6.401
2024-10-27 18:45:00,-1.152,85.994,-7.553
2024-10-28 01:10:00,-1.175,84.819,-8.728
2024-10-28 03:45:00,2.278,87.097,-6.45
2024-10-28 08:10:00,-1.078,86.019,-7.528
2024-10-28 15:50:00,-1.095,84.924,-8.623
2024-10-28 19:10:00,-1.06,83.864,-9.683
2024-10-29 03:20:00,1.309,85.173,-8.374
2024-10-29 08:50:00,-1.206,83.967,-9.58
2024-10-30 00:15:00,1.469,85.436,-8.111
2024-10-30 01:10:00,-1.091,84.345,-9.202
2024-10-30 10:05:00,-0.82,83.525,-10.022
2024-10-30 22:10:00,0.058,83.583,-9.964
2024-10-31 01:35:00,-1.221,82.362,-11.185
2024-10-31 07:00:00,-1.106,81.256,-12.291
2024-10-31 14:00:00,-1.092,80.164,-13.383
2024-10-31 22:05:00,0.795,80.959,-12.588
2024-11-01 05:20:00,-1.058,79.901,-13.646
2024-11-01 07:50:00,-1.082,78.819,-14.728
2024-11-01 13:50:00,2.376,81.195,-12.352
2024-11-01 15:45:00,-1.086,80.109,-13.438
2024-11-02 05:25:00,-1.068,79.041,-14.506
2024-11-02 12:30:00,-1.101,77.94,-15.607
2024-11-02 20:35:00,0.306,78.246,-15.301
2024-11-03 00:35:00,2.304,80.55,-12.997
2024-11-03 08:40:00,0.881,81.431,-12.116
2024-11-03 13:05:00,2.311,83.742,-9.805
2024-11-03 18:45:00,2.363,86.105,-7.442
2024-11-03 19:35:00,-1.069,85.036,-8.511
2024-11-04 01:20:00,-1.176,83.86,-9.687
2024-11-04 12:15:00,-1.094,82.766,-10.781
2024-11-04 21:55:00,1.535,84.301,-9.246
2024-11-05 19:55:00,-1.06,83.241,-10.306
2024-11-06 00:30:00,-1.052,82.189,-11.358
2024-11-06 02:30:00,2.419,84.608,-8.939
2024-11-06 10:35:00,0.824,85.432,-8.115
2024-11-07 01:10:00,2.404,87.836,-5.711
2024-11-07 09:15:00,0.464,88.3,-5.247
2024-11-07 15:50:00,2.41,90.71,-2.837
2024-11-07 23:55:00,1.539,92.249,-1.298
2024-11-08 06:20:00,2.464,94.713,0.0
2024-11-08 08:00:00,-1.041,93.672,-1.041
2024-11-08 16:05:00,2.441,96.113,0.0
2024-11-09 00:10:00,-0.619,95.494,-0.619
2024-11-09 13:55:00,0.534,96.028,-0.085
2024-11-09 22:40:00,2.433,98.461,0.0
2024-11-10 00:40:00,2.476,100.937,0.0
2024-11-10 05:20:00,2.482,103.419,0.0
2024-11-10 13:25:00,0.713,104.132,0.0
2024-11-10 20:10:00,-1.026,103.106,-1.026
2024-11-11 18:10:00,0.292,103.398,-0.734
2024-11-11 22:15:00,-1.027,102.371,-1.761
2024-11-12 08:05:00,2.455,104.826,0.0
2024-11-12 10:05:00,-1.015,103.811,-1.015
2024-11-12 14:45:00,-1.028,102.783,-2.043
2024-11-12 19:10:00,-1.027,101.756,-3.07
2024-11-12 23:40:00,-1.048,100.708,-4.118
2024-11-13 08:15:00,1.611,102.319,-2.507
2024-11-13 21:40:00,0.543,102.862,-1.964
2024-11-14 07:00:00,-1.054,101.808,-3.018
2024-11-14 18:55:00,0.967,102.775,-2.051
2024-11-15 05:50:00,0.674,103.449,-1.377
2024-11-15 14:10:00,1.157,104.606,-0.22
2024-11-16 00:20:00,2.468,107.074,0.0
2024-11-16 08:25:00,-0.364,106.71,-0.364
2024-11-16 15:00:00,2.471,109.181,0.0
2024-11-16 15:35:00,-1.016,108.165,-1.016
2024-11-17 01:45:00,-1.025,107.14,-2.041
2024-11-17 19:20:00,-1.045,106.095,-3.086
2024-11-18 00:35:00,-1.08,105.015,-4.166
2024-11-18 05:15:00,2.442,107.457,-1.724
2024-11-18 11:45:00,-1.035,106.422,-2.759
2024-11-18 19:10:00,-1.032,105.39,-3.791
2024-11-19 10:05:00,-1.086,104.304,-4.877
2024-11-19 13:40:00,-1.036,103.268,-5.913
2024-11-19 20:05:00,-1.031,102.237,-6.944
2024-11-19 21:15:00,-1.039,101.198,-7.983
2024-11-20 00:00:00,-1.048,100.15,-9.031
2024-11-20 08:15:00,1.574,101.724,-7.457
2024-11-20 16:45:00,-0.052,101.672,-7.509
2024-11-20 23:55:00,-1.054,100.618,-8.563
2024-11-21 10:05:00,0.246,100.864,-8.317
2024-11-21 15:30:00,-1.041,99.823,-9.358
2024-11-21 17:55:00,-1.029,98.794,-10.387
2024-11-21 18:20:00,-1.051,97.743,-11.438
2024-11-22 00:05:00,2.451,100.194,-8.987
2024-11-22 08:10:00,0.385,100.579,-8.602
2024-11-22 12:45:00,2.457,103.036,-6.145
2024-11-22 13:25:00,-1.027,102.009,-7.172
2024-11-22 22:15:00,2.473,104.482,-4.699
2024-11-23 06:20:00,1.177,105.659,-3.522
2024-11-23 16:20:00,-1.033,104.626,-4.555
2024-11-24 05:55:00,-0.537,104.089,-5.092
2024-11-24 19:10:00,1.081,105.17,-4.011
2024-11-25 01:20:00,-1.041,104.129,-5.052
2024-11-25 04:00:00,-1.023,103.106,-6.075
2024-11-25 12:05:00,1.047,104.153,-5.028
2024-11-25 21:10:00,0.869,105.022,-4.159
2024-11-26 05:45:00,-0.368,104.654,-4.527
2024-11-26 11:20:00,2.46,107.114,-2.067
2024-11-26 14:45:00,-1.027,106.087,-3.094
2024-11-26 19:55:00,-1.027,105.06,-4.121
2024-11-27 04:25:00,-1.03,104.03,-5.151
2024-11-27 16:00:00,1.601,105.631,-3.55
2024-11-28 02:55:00,-1.068,104.563,-4.618
2024-11-28 11:45:00,-1.062,103.501,-5.68
2024-11-28 20:20:00,-1.107,102.394,-6.787
2024-11-28 23:00:00,2.421,104.815,-4.366
2024-11-29 07:05:00,0.544,105.359,-3.822
2024-11-29 15:10:00,1.158,106.517,-2.664
2024-11-29 16:15:00,-1.033,105.484,-3.697
2024-11-30 04:20:00,0.385,105.869,-3.312
2024-11-30 12:50:00,-1.048,104.821,-4.36
2024-11-30 22:50:00,-1.069,103.752,-5.429
2024-12-01 00:50:00,2.343,106.095,-3.086
2024-12-01 08:55:00,-0.324,105.771,-3.41
2024-12-01 17:00:00,-0.746,105.025,-4.156
2024-12-01 20:55:00,2.43,107.455,-1.726
2024-12-02 05:00:00,0.401,107.856,-1.325
2024-12-02 15:20:00,-1.017,106.839,-2.342
2024-12-02 23:25:00,0.464,107.303,-1.878
2024-12-03 09:05:00,1.381,108.684,-0.497
2024-12-03 13:30:00,-1.038,107.646,-1.535
2024-12-03 22:00:00,-1.04,106.606,-2.575
2024-12-04 01:40:00,-1.047,105.559,-3.622
2024-12-04 11:50:00,0.573,106.132,-3.049
2024-12-04 14:40:00,-1.054,105.078,-4.103
2024-12-04 16:50:00,2.433,107.511,-1.67
2024-12-04 20:10:00,-1.029,106.482,-2.699
2024-12-05 03:10:00,-1.044,105.438,-3.743
2024-12-05 15:20:00,-1.045,104.393,-4.788
2024-12-05 19:45:00,-1.029,103.364,-5.817
2024-12-06 03:50:00,0.29,103.654,-5.527
2024-12-06 15:15:00,-1.06,102.594,-6.587
2024-12-06 23:25:00,0.422,103.016,-6.165
2024-12-07 11:25:00,-1.077,101.939,-7.242
2024-12-07 19:00:00,-1.087,100.852,-8.329
2024-12-08 02:05:00,-1.082,99.77,-9.411
2024-12-08 11:30:00,-1.083,98.687,-10.494
2024-12-08 14:55:00,-1.047,97.64,-11.541
2024-12-08 23:00:00,-0.032,97.608,-11.573
2024-12-09 08:35:00,1.304,98.912,-10.269
2024-12-09 16:40:00,0.37,99.282,-9.899
2024-12-09 20:25:00,2.388,101.67,-7.511
2024-12-09 21:00:00,2.473,104.143,-5.038
2024-12-10 05:05:00,-0.476,103.667,-5.514
2024-12-10 16:35:00,2.459,106.126,-3.055
2024-12-10 20:50:00,-1.02,105.106,-4.075
2024-12-11 08:40:00,-1.034,104.072,-5.109
2024-12-11 20:30:00,0.997,105.069,-4.112
2024-12-12 00:00:00,-1.094,103.975,-5.206
2024-12-12 05:30:00,2.452,106.427,-2.754
2024-12-12 11:30:00,-1.041,105.386,-3.795
2024-12-12 13:30:00,-1.091,104.295,-4.886
2024-12-12 13:35:00,-1.101,103.194,-5.987
2024-12-13 09:20:00,0.097,103.291,-5.89
2024-12-13 15:45:00,-1.069,102.222,-6.959
2024-12-14 00:00:00,-0.774,101.448,-7.733
2024-12-14 00:50:00,-1.09,100.358,-8.823
2024-12-14 04:25:00,-1.067,99.291,-9.89
2024-12-14 09:10:00,-1.06,98.231,-10.95
2024-12-14 13:10:00,2.373,100.604,-8.577
2024-12-14 21:15:00,1.471,102.075,-7.106
2024-12-15 09:35:00,-1.082,100.993,-8.188
2024-12-15 17:40:00,0.656,101.649,-7.532
2024-12-15 22:00:00,2.377,104.026,-5.155
2024-12-15 23:05:00,-1.039,102.987,-6.194
2024-12-16 07:25:00,-0.166,102.821,-6.36
2024-12-16 08:50:00,-1.057,101.764,-7.417
2024-12-16 14:45:00,-1.093,100.671,-8.51
2024-12-17 00:10:00,-1.062,99.609,-9.572
2024-12-17 08:15:00,0.107,99.716,-9.465
2024-12-17 17:15:00,0.206,99.922,-9.259
2024-12-18 04:25:00,2.435,102.357,-6.824
2024-12-18 11:05:00,-1.048,101.309,-7.872
2024-12-18 18:30:00,-1.049,100.26,-8.921
2024-12-18 19:55:00,-1.037,99.223,-9.958
2024-12-19 04:00:00,0.692,99.915,-9.266
2024-12-19 10:30:00,-1.056,98.859,-10.322
2024-12-19 17:45:00,2.451,101.31,-7.871
2024-12-20 01:50:00,0.347,101.657,-7.524
2024-12-20 09:05:00,2.454,104.111,-5.07
2024-12-20 15:25:00,-1.016,103.095,-6.086
2024-12-20 21:10:00,-1.057,102.038,-7.143
2024-12-21 06:10:00,1.924,103.962,-5.219
2024-12-21 11:25:00,-1.037,102.925,-6.256
2024-12-21 20:10:00,1.352,104.277,-4.904
2024-12-22 09:35:00,-1.047,103.23,-5.951
2024-12-22 20:05:00,2.434,105.664,-3.517
2024-12-22 21:20:00,-1.026,104.638,-4.543
2024-12-23 11:20:00,-0.022,104.616,-4.565
2024-12-23 20:25:00,-1.038,103.578,-5.603
2024-12-24 04:30:00,0.384,103.962,-5.219
2024-12-24 13:30:00,-1.07,102.892,-6.289
2024-12-24 21:35:00,0.619,103.511,-5.67
2024-12-25 05:50:00,-0.629,102.882,-6.299
2024-12-25 11:45:00,-1.047,101.835,-7.346
2024-12-25 20:05:00,-0.457,101.378,-7.803
2024-12-26 00:00:00,-1.062,100.316,-8.865
2024-12-26 08:20:00,2.433,102.749,-6.432
2024-12-26 16:25:00,-0.131,102.618,-6.563
2024-12-27 01:35:00,-1.08,101.538,-7.643
2024-12-27 06:40:00,-1.065,100.473,-8.708
2024-12-27 09:00:00,-1.041,99.432,-9.749
2024-12-27 17:05:00,-0.843,98.589,-10.592
2024-12-28 02:00:00,-0.711,97.878,-11.303
2024-12-28 14:10:00,-1.072,96.806,-12.375
2024-12-29 01:25:00,-0.449,96.357,-12.824
2024-12-29 04:30:00,-1.191,95.166,-14.015
2024-12-29 09:15:00,-1.127,94.039,-15.142
2024-12-29 15:45:00,-1.093,92.946,-16.235
2024-12-29 20:20:00,2.417,95.363,-13.818
2024-12-30 01:15:00,-1.072,94.291,-14.89
2024-12-30 09:20:00,-0.449,93.842,-15.339
2024-12-30 12:15:00,-1.102,92.74,-16.441
2024-12-30 20:20:00,-1.05,91.69,-17.491
2024-12-30 21:35:00,-1.051,90.639,-18.542
2024-12-31 05:40:00,0.623,91.262,-17.919
2024-12-31 08:10:00,-1.131,90.131,-19.05
2024-12-31 17:30:00,-1.07,89.061,-20.12
2025-01-01 01:35:00,-0.121,88.94,-20.241
2025-01-01 05:30:00,-1.196,87.744,-21.437
2025-01-01 11:45:00,-1.104,86.64,-22.541
2025-01-01 16:10:00,2.431,89.071,-20.11
2025-01-02 00:15:00,1.783,90.854,-18.327
2025-01-02 08:20:00,-0.486,90.368,-18.813
2025-01-02 10:30:00,2.397,92.765,-16.416
2025-01-02 18:35:00,-0.469,92.296,-16.885
2025-01-03 03:50:00,2.436,94.732,-14.449
2025-01-03 11:30:00,2.461,97.193,-11.988
2025-01-03 19:35:00,0.451,97.644,-11.537
2025-01-03 21:35:00,-1.068,96.576,-12.605
2025-01-04 07:50:00,-1.041,95.535,-13.646
2025-01-04 15:40:00,-1.087,94.448,-14.733
2025-01-05 07:00:00,2.416,96.864,-12.317
2025-01-05 12:05:00,-1.031,95.833,-13.348
2025-01-05 14:20:00,-1.049,94.784,-14.397
2025-01-05 22:50:00,-0.243,94.541,-14.64
2025-01-06 00:10:00,-1.062,93.479,-15.702
2025-01-06 09:25:00,-1.04,92.439,-16.742
2025-01-06 22:50:00,0.605,93.044,-16.137
2025-01-07 08:45:00,2.418,95.462,-13.719
2025-01-07 15:05:00,-1.032,94.43,-14.751
2025-01-07 23:10:00,1.759,96.189,-12.992
2025-01-08 00:15:00,-1.057,95.132,-14.049
2025-01-08 08:15:00,-1.093,94.039,-15.142
2025-01-08 12:10:00,-1.065,92.974,-16.207
2025-01-09 01:10:00,-0.306,92.668,-16.513
2025-01-09 10:15:00,1.362,94.03,-15.151
2025-01-09 15:30:00,-1.052,92.978,-16.203
2025-01-10 02:25:00,-1.063,91.915,-17.266
2025-01-10 05:35:00,-1.251,90.664,-18.517
2025-01-10 13:35:00,-1.055,89.609,-19.572
2025-01-10 21:40:00,-0.508,89.101,-20.08
2025-01-11 08:45:00,0.987,90.088,-19.093
2025-01-11 10:05:00,-1.106,88.982,-20.199
2025-01-11 18:45:00,1.099,90.081,-19.1
2025-01-11 20:55:00,2.415,92.496,-16.685
2025-01-12 05:00:00,0.735,93.231,-15.95
2025-01-12 14:45:00,-1.108,92.123,-17.058
2025-01-12 16:15:00,-1.093,91.03,-18.151
2025-01-13 00:30:00,-1.137,89.893,-19.288
2025-01-13 01:50:00,-1.045,88.848,-20.333
2025-01-13 10:20:00,2.443,91.291,-17.89
2025-01-13 14:35:00,2.43,93.721,-15.46
2025-01-13 14:40:00,-1.065,92.656,-16.525
2025-01-14 06:05:00,-0.055,92.601,-16.58
2025-01-14 15:15:00,1.549,94.15,-15.031
2025-01-15 02:10:00,0.988,95.138,-14.043
2025-01-15 10:20:00,-0.095,95.043,-14.138
2025-01-15 21:35:00,-0.139,94.904,-14.277
2025-01-16 00:30:00,-1.071,93.833,-15.348
2025-01-16 16:20:00,2.46,96.293,-12.888
2025-01-17 00:25:00,-0.836,95.457,-13.724
2025-01-17 09:45:00,0.358,95.815,-13.366
2025-01-17 12:30:00,-1.089,94.726,-14.455
2025-01-18 00:50:00,0.204,94.93,-14.251
2025-01-18 12:20:00,0.836,95.766,-13.415
2025-01-18 16:15:00,-1.048,94.718,-14.463
2025-01-18 23:20:00,-1.041,93.677,-15.504
2025-01-19 00:15:00,2.395,96.072,-13.109
2025-01-19 05:05:00,-1.032,95.04,-14.141
2025-01-19 09:20:00,2.447,97.487,-11.694
2025-01-19 13:55:00,-1.023,96.464,-12.717
2025-01-19 21:25:00,-1.053,95.411,-13.77
2025-01-20 05:30:00,0.558,95.969,-13.212
2025-01-20 07:00:00,2.448,98.417,-10.764
2025-01-20 15:05:00,-0.167,98.25,-10.931
2025-01-20 17:40:00,2.446,100.696,-8.485
2025-01-21 01:45:00,-0.145,100.551,-8.63
2025-01-21 11:25:00,-1.047,99.504,-9.677
2025-01-21 16:05:00,-1.057,98.447,-10.734
2025-01-21 20:40:00,-1.065,97.382,-11.799
2025-01-21 22:45:00,-1.078,96.304,-12.877
2025-01-22 11:10:00,-1.09,95.214,-13.967
2025-01-22 13:50:00,-1.074,94.14,-15.041
2025-01-22 21:55:00,0.038,94.178,-15.003
2025-01-23 03:35:00,-1.08,93.098,-16.083
2025-01-23 12:40:00,-0.005,93.093,-16.088
2025-01-23 22:35:00,0.054,93.147,-16.034
2025-01-24 03:25:00,-1.091,92.056,-17.125
2025-01-24 12:40:00,0.684,92.74,-16.441
2025-01-24 17:50:00,-1.098,91.642,-17.539
2025-01-25 04:25:00,-0.134,91.508,-17.673
2025-01-25 11:50:00,-1.124,90.384,-18.797
2025-01-25 23:20:00,-0.461,89.923,-19.258
2025-01-26 03:40:00,-1.163,88.76,-20.421
2025-01-26 11:45:00,0.039,88.799,-20.382
2025-01-26 21:05:00,-0.687,88.112,-21.069
2025-01-26 23:15:00,2.407,90.519,-18.662
2025-01-27 05:40:00,2.452,92.971,-16.21
2025-01-27 07:25:00,2.432,95.403,-13.778
2025-01-27 12:55:00,-1.02,94.383,-14.798
2025-01-27 20:45:00,-1.039,93.344,-15.837
2025-01-28 11:45:00,1.485,94.829,-14.352
2025-01-29 00:30:00,0.924,95.753,-13.428
2025-01-29 11:45:00,-0.295,95.458,-13.723
2025-01-29 18:55:00,-1.101,94.357,-14.824
2025-01-30 03:45:00,0.5,94.857,-14.324
2025-01-30 05:40:00,-1.107,93.75,-15.431
2025-01-30 15:10:00,2.384,96.134,-13.047
2025-01-30 20:40:00,-1.04,95.094,-14.087
2025-01-31 03:25:00,2.305,97.399,-11.782
2025-01-31 06:00:00,-1.119,96.28,-12.901
2025-01-31 12:10:00,2.413,98.693,-10.488
2025-01-31 18:20:00,-1.06,97.633,-11.548
2025-01-31 20:15:00,2.385,100.018,-9.163
2025-02-01 04:20:00,-0.427,99.591,-9.59
2025-02-01 14:45:00,1.291,100.882,-8.299
2025-02-01 16:25:00,-1.122,99.76,-9.421
2025-02-01 23:15:00,2.413,102.173,-7.008
2025-02-02 00:35:00,-1.063,101.11,-8.071
2025-02-02 10:55:00,0.067,101.177,-8.004
2025-02-02 16:55:00,2.443,103.62,-5.561
2025-02-03 00:40:00,2.476,106.096,-3.085
2025-02-03 02:05:00,2.489,108.585,-0.596
2025-02-03 10:10:00,-0.636,107.949,-1.232
2025-02-03 14:30:00,-1.022,106.927,-2.254
2025-02-04 03:05:00,0.307,107.234,-1.947
2025-02-04 07:35:00,2.458,109.692,0.0
2025-02-04 11:05:00,-1.046,108.646,-1.046
2025-02-05 04:10:00,0.096,108.742,-0.95
2025-02-05 16:15:00,-1.057,107.685,-2.007
2025-02-06 00:20:00,0.421,108.106,-1.586
2025-02-06 12:20:00,-0.994,107.112,-2.58
2025-02-06 15:45:00,2.445,109.557,-0.135
2025-02-06 23:50:00,0.173,109.73,0.0
2025-02-07 09:35:00,-1.056,108.674,-1.056
2025-02-07 17:15:00,-1.052,107.622,-2.108
2025-02-08 01:20:00,0.649,108.271,-1.459
2025-02-08 10:50:00,1.616,109.887,0.0
2025-02-08 13:35:00,-1.103,108.784,-1.103
2025-02-08 17:05:00,-1.05,107.734,-2.153
2025-02-08 23:30:00,-1.097,106.637,-3.25
2025-02-09 11:50:00,-1.042,105.595,-4.292
2025-02-09 13:15:00,2.31,107.905,-1.982
2025-02-09 21:20:00,1.336,109.241,-0.646
2025-02-10 00:05:00,-1.05,108.191,-1.696
2025-02-10 03:30:00,-1.029,107.162,-2.725
2025-02-10 16:10:00,0.09,107.252,-2.635
2025-02-11 00:25:00,2.407,109.659,-0.228
2025-02-11 04:55:00,2.467,112.126,0.0
2025-02-11 13:00:00,0.452,112.578,0.0
2025-02-12 02:45:00,-1.036,111.542,-1.036
2025-02-12 11:00:00,2.429,113.971,0.0
2025-02-12 13:05:00,-1.055,112.916,-1.055
2025-02-13 01:00:00,0.2,113.116,-0.855
2025-02-13 15:50:00,0.326,113.442,-0.529
2025-02-13 22:20:00,2.447,115.889,0.0
2025-02-13 23:05:00,-1.049,114.84,-1.049
2025-02-14 05:50:00,-1.06,113.78,-2.109
2025-02-14 12:15:00,-1.052,112.728,-3.161
2025-02-14 15:15:00,-1.06,111.668,-4.221
2025-02-14 21:10:00,-1.038,110.63,-5.259
2025-02-15 02:05:00,-1.081,109.549,-6.34
2025-02-15 06:55:00,-1.055,108.494,-7.395
2025-02-15 15:00:00,0.474,108.968,-6.921
2025-02-16 04:40:00,-0.304,108.664,-7.225
2025-02-16 12:00:00,-1.128,107.536,-8.353
2025-02-16 21:40:00,-1.007,106.529,-9.36
2025-02-17 05:05:00,2.413,108.942,-6.947
2025-02-17 07:40:00,-1.039,107.903,-7.986
2025-02-17 15:00:00,2.392,110.295,-5.594
2025-02-17 15:45:00,-1.066,109.229,-6.66
2025-02-17 19:50:00,-1.073,108.156,-7.733
2025-02-18 03:55:00,0.096,108.252,-7.637
2025-02-18 05:15:00,-1.061,107.191,-8.698
2025-02-18 13:25:00,0.203,107.394,-8.495
2025-02-18 23:20:00,0.411,107.805,-8.084
2025-02-19 02:45:00,-1.054,106.751,-9.138
2025-02-19 07:00:00,-1.057,105.694,-10.195
2025-02-19 12:50:00,-1.088,104.606,-11.283
2025-02-19 23:00:00,-1.045,103.561,-12.328
2025-02-20 07:05:00,0.648,104.209,-11.68
2025-02-20 10:25:00,-1.172,103.037,-12.852
2025-02-20 19:00:00,1.065,104.102,-11.787
2025-02-20 22:30:00,-1.131,102.971,-12.918
2025-02-21 06:50:00,-1.107,101.864,-14.025
2025-02-21 15:35:00,-1.051,100.813,-15.076
2025-02-22 01:35:00,0.084,100.897,-14.992
2025-02-22 04:55:00,-1.102,99.795,-16.094
2025-02-22 10:05:00,-1.116,98.679,-17.21
2025-02-23 01:30:00,-1.005,97.674,-18.215
2025-02-23 06:15:00,-1.112,96.562,-19.327
2025-02-23 07:40:00,2.299,98.861,-17.028
2025-02-23 11:40:00,-1.061,97.8,-18.089
2025-02-23 13:15:00,-1.187,96.613,-19.276
2025-02-23 15:30:00,-1.08,95.533,-20.356
2025-02-23 23:35:00,-0.306,95.227,-20.662
2025-02-24 04:30:00,2.433,97.66,-18.229
2025-02-24 12:35:00,-0.375,97.285,-18.604
2025-02-24 22:00:00,2.447,99.732,-16.157
2025-02-25 06:05:00,0.206,99.938,-15.951
2025-02-25 15:10:00,0.85,100.788,-15.101
2025-02-25 15:50:00,-1.042,99.746,-16.143
2025-02-26 09:40:00,-1.073,98.673,-17.216
2025-02-26 18:35:00,2.446,101.119,-14.77
2025-02-27 02:40:00,-0.63,100.489,-15.4
2025-02-27 14:45:00,-1.088,99.401,-16.488
2025-02-27 20:30:00,2.441,101.842,-14.047
2025-02-28 04:00:00,2.454,104.296,-11.593
2025-02-28 12:05:00,-0.259,104.037,-11.852
2025-03-01 09:55:00,0.146,104.183,-11.706
2025-03-01 18:25:00,0.309,104.492,-11.397
2025-03-01 21:45:00,2.401,106.893,-8.996
2025-03-02 05:50:00,-0.047,106.846,-9.043
2025-03-02 15:20:00,-1.074,105.772,-10.117
2025-03-02 15:25:00,2.475,108.247,-7.642
2025-03-02 16:10:00,2.492,110.739,-5.15
2025-03-03 00:15:00,0.45,111.189,-4.7
2025-03-03 14:50:00,-1.019,110.17,-5.719
2025-03-04 03:15:00,1.141,111.311,-4.578
2025-03-04 14:35:00,-1.031,110.28,-5.609
2025-03-05 01:30:00,0.439,110.719,-5.17
2025-03-05 05:05:00,-1.026,109.693,-6.196
2025-03-05 10:30:00,2.452,112.145,-3.744
2025-03-05 14:55:00,-1.02,111.125,-4.764
2025-03-06 00:30:00,-1.036,110.089,-5.8
2025-03-06 20:20:00,1.367,111.456,-4.433
2025-03-07 08:25:00,-0.384,111.072,-4.817
2025-03-07 13:30:00,-1.052,110.02,-5.869
2025-03-07 23:40:00,0.77,110.79,-5.099
2025-03-08 16:55:00,0.0,110.79,-5.099
2025-03-08 19:25:00,-1.044,109.746,-6.143
2025-03-09 06:20:00,-0.161,109.585,-6.304
2025-03-09 16:35:00,2.459,112.044,-3.845
2025-03-10 00:40:00,0.643,112.687,-3.202
2025-03-10 18:50:00,2.471,115.158,-0.731
2025-03-10 19:20:00,-1.028,114.13,-1.759
2025-03-11 01:40:00,-1.046,113.084,-2.805
2025-03-11 13:25:00,-1.064,112.02,-3.869
2025-03-11 18:20:00,-1.029,110.991,-4.898
2025-03-12 02:25:00,-0.206,110.785,-5.104
2025-03-12 07:45:00,-1.05,109.735,-6.154
2025-03-12 15:05:00,-1.042,108.693,-7.196
2025-03-12 23:10:00,-0.709,107.984,-7.905
2025-03-13 09:50:00,-1.098,106.886,-9.003
2025-03-13 13:50:00,-1.049,105.837,-10.052
2025-03-13 21:55:00,0.691,106.528,-9.361
2025-03-14 17:05:00,1.675,108.203,-7.686
2025-03-15 06:45:00,-0.002,108.201,-7.688
2025-03-15 19:50:00,0.646,108.847,-7.042
2025-03-15 22:40:00,-1.141,107.706,-8.183
2025-03-16 09:25:00,2.323,110.029,-5.86
2025-03-16 11:10:00,2.361,112.39,-3.499
2025-03-16 19:15:00,2.427,114.817,-1.072
2025-03-17 00:30:00,-1.063,113.754,-2.135
2025-03-17 07:00:00,-1.079,112.675,-3.214
2025-03-17 16:05:00,0.139,112.814,-3.075
2025-03-18 04:40:00,1.308,114.122,-1.767
2025-03-18 08:00:00,-1.083,113.039,-2.85
2025-03-18 21:50:00,-0.448,112.591,-3.298
2025-03-19 12:00:00,1.144,113.735,-2.154
2025-03-19 14:05:00,2.406,116.141,0.0
2025-03-19 22:10:00,-0.29,115.851,-0.29
2025-03-20 01:30:00,-1.119,114.732,-1.409
2025-03-20 15:35:00,-1.084,113.648,-2.493
2025-03-21 00:15:00,0.087,113.735,-2.406
2025-03-21 03:15:00,-1.112,112.623,-3.518
2025-03-21 15:35:00,0.588,113.211,-2.93
2025-03-22 06:10:00,-0.426,112.785,-3.356
2025-03-22 20:05:00,0.501,113.286,-2.855
2025-03-23 02:35:00,-1.135,112.151,-3.99
2025-03-23 11:05:00,1.025,113.176,-2.965
2025-03-23 12:20:00,-1.139,112.037,-4.104
2025-03-23 23:50:00,-1.094,110.943,-5.198
2025-03-24 07:55:00,1.492,112.435,-3.706
2025-03-24 14:15:00,2.343,114.778,-1.363
2025-03-24 22:20:00,-0.548,114.23,-1.911
2025-03-25 13:35:00,0.592,114.822,-1.319
2025-03-25 16:20:00,-1.065,113.757,-2.384
2025-03-26 03:10:00,-1.091,112.666,-3.475
2025-03-26 07:30:00,2.38,115.046,-1.095
2025-03-26 13:55:00,-1.049,113.997,-2.144
2025-03-26 22:05:00,1.384,115.381,-0.76
2025-03-26 23:45:00,-1.169,114.212,-1.929
2025-03-27 10:05:00,0.861,115.073,-1.068
2025-03-27 14:55:00,-1.1,113.973,-2.168
2025-03-27 23:00:00,-0.259,113.714,-2.427
2025-03-28 03:15:00,-1.06,112.654,-3.487
2025-03-28 07:40:00,2.433,115.087,-1.054
2025-03-28 15:45:00,0.062,115.149,-0.992
2025-03-29 07:45:00,2.409,117.558,0.0
2025-03-29 15:50:00,0.782,118.34,0.0
2025-03-29 17:30:00,-1.08,117.26,-1.08
2025-03-30 07:00:00,-1.148,116.112,-2.228
2025-03-30 13:55:00,2.355,118.467,0.0
2025-03-30 22:00:00,1.223,119.69,0.0
2025-03-31 06:05:00,-0.224,119.466,-0.224
2025-03-31 14:50:00,-1.054,118.412,-1.278
2025-04-01 10:55:00,0.858,119.27,-0.42
2025-04-01 23:00:00,-0.344,118.926,-0.764
2025-04-02 04:00:00,-1.151,117.775,-1.915
2025-04-02 05:15:00,-1.103,116.672,-3.018
2025-04-02 08:30:00,-1.074,115.598,-4.092
2025-04-02 15:30:00,2.415,118.013,-1.677
2025-04-02 20:10:00,-1.048,116.965,-2.725
2025-04-02 20:25:00,-1.027,115.938,-3.752
2025-04-03 06:10:00,0.752,116.69,-3.0
2025-04-03 12:25:00,2.356,119.046,-0.644
2025-04-03 13:00:00,2.406,121.452,0.0
2025-04-03 20:45:00,-1.03,120.422,-1.03
2025-04-04 02:15:00,-1.083,119.339,-2.113
2025-04-04 10:20:00,-1.099,118.24,-3.212
2025-04-04 15:00:00,-1.062,117.178,-4.274
2025-04-04 23:05:00,-0.122,117.056,-4.396
2025-04-05 13:05:00,-1.104,115.952,-5.5
2025-04-05 21:10:00,0.554,116.506,-4.946
2025-04-06 01:40:00,-1.156,115.35,-6.102
2025-04-06 10:15:00,1.654,117.004,-4.448
2025-04-06 13:20:00,2.327,119.331,-2.121
2025-04-06 18:15:00,2.434,121.765,0.0
2025-04-07 02:20:00,1.052,122.817,0.0
2025-04-07 06:45:00,2.465,125.282,0.0
2025-04-07 10:15:00,-1.017,124.265,-1.017
2025-04-08 01:00:00,-1.059,123.206,-2.076
2025-04-08 08:20:00,-1.033,122.173,-3.109
2025-04-08 09:35:00,-1.08,121.093,-4.189
2025-04-08 11:50:00,2.398,123.491,-1.791
2025-04-08 16:15:00,-1.033,122.458,-2.824
2025-04-08 22:35:00,2.45,124.908,-0.374
2025-04-09 04:35:00,-1.063,123.845,-1.437
2025-04-09 10:55:00,-1.103,122.742,-2.54
2025-04-09 13:40:00,-1.056,121.686,-3.596
2025-04-09 17:20:00,2.396,124.082,-1.2
2025-04-10 01:25:00,0.397,124.479,-0.803
2025-04-10 13:35:00,-1.073,123.406,-1.876
2025-04-10 23:15:00,0.017,123.423,-1.859
2025-04-11 05:50:00,2.401,125.824,0.0
2025-04-11 08:20:00,-1.101,124.723,-1.101
2025-04-11 11:35:00,-1.067,123.656,-2.168
2025-04-12 01:20:00,-1.078,122.578,-3.246
2025-04-12 06:45:00,2.352,124.93,-0.894
2025-04-12 13:45:00,2.399,127.329,0.0
2025-04-12 21:50:00,0.445,127.774,0.0
2025-04-13 00:30:00,-1.103,126.671,-1.103
2025-04-13 09:55:00,2.403,129.074,0.0
2025-04-13 13:25:00,-1.037,128.037,-1.037
2025-04-13 17:15:00,-1.067,126.97,-2.104
2025-04-13 19:35:00,-1.089,125.881,-3.193
2025-04-14 03:40:00,-0.313,125.568,-3.506
2025-04-14 12:40:00,-1.065,124.503,-4.571
2025-04-14 13:35:00,-1.119,123.384,-5.69
2025-04-14 14:45:00,-1.056,122.328,-6.746
2025-04-14 15:35:00,-1.047,121.281,-7.793
2025-04-14 23:40:00,0.059,121.34,-7.734
2025-04-15 11:35:00,-0.656,120.684,-8.39
2025-04-15 13:45:00,-1.143,119.541,-9.533
2025-04-15 22:20:00,0.957,120.498,-8.576
2025-04-16 06:25:00,0.435,120.933,-8.141
2025-04-16 08:35:00,-1.095,119.838,-9.236
2025-04-16 20:05:00,-1.052,118.786,-10.288
2025-04-17 01:30:00,-1.083,117.703,-11.371
2025-04-17 13:15:00,0.576,118.279,-10.795
2025-04-17 16:05:00,-1.081,117.198,-11.876
2025-04-18 00:10:00,-0.902,116.296,-12.778
2025-04-18 08:25:00,-0.581,115.715,-13.359
2025-04-18 12:30:00,-1.134,114.581,-14.493
2025-04-19 01:05:00,1.298,115.879,-13.195
2025-04-19 07:20:00,-1.146,114.733,-14.341
2025-04-19 18:10:00,-1.156,113.577,-15.497
2025-04-20 02:15:00,0.391,113.968,-15.106
2025-04-20 15:10:00,1.654,115.622,-13.452
2025-04-20 19:50:00,-1.143,114.479,-14.595
2025-04-21 00:25:00,2.337,116.816,-12.258
2025-04-21 08:30:00,0.798,117.614,-11.46
2025-04-21 09:15:00,-1.235,116.379,-12.695
2025-04-21 15:45:00,-1.071,115.308,-13.766
2025-04-22 00:05:00,1.094,116.402,-12.672
2025-04-22 09:25:00,0.862,117.264,-11.81
2025-04-22 15:00:00,2.424,119.688,-9.386
2025-04-22 23:05:00,0.974,120.662,-8.412
2025-04-23 07:10:00,0.84,121.502,-7.572
2025-04-23 15:15:00,-1.082,120.42,-8.654
2025-04-24 10:10:00,-1.086,119.334,-9.74
2025-04-24 14:50:00,2.426,121.76,-7.314
2025-04-24 22:55:00,-0.004,121.756,-7.318
2025-04-25 01:20:00,-1.181,120.575,-8.499
2025-04-25 10:35:00,-1.098,119.477,-9.597
2025-04-25 12:50:00,-1.079,118.398,-10.676
2025-04-25 16:20:00,-1.063,117.335,-11.739
2025-04-26 09:30:00,-1.095,116.24,-12.834
2025-04-26 19:25:00,0.855,117.095,-11.979
2025-04-27 01:30:00,-1.066,116.029,-13.045
2025-04-27 09:35:00,0.049,116.078,-12.996
2025-04-27 12:45:00,-1.113,114.965,-14.109
2025-04-27 17:15:00,-1.164,113.801,-15.273
2025-04-28 00:05:00,-1.083,112.718,-16.356
2025-04-28 03:30:00,-1.072,111.646,-17.428
2025-04-28 11:35:00,1.063,112.709,-16.365
2025-04-28 15:20:00,2.41,115.119,-13.955
2025-04-28 23:25:00,-0.463,114.656,-14.418
2025-04-29 02:00:00,-1.181,113.475,-15.599
2025-04-29 06:20:00,-1.076,112.399,-16.675
2025-04-29 14:25:00,0.057,112.456,-16.618
2025-04-30 04:10:00,0.479,112.935,-16.139
2025-04-30 11:00:00,-1.195,111.74,-17.334
2025-04-30 13:55:00,2.417,114.157,-14.917
2025-04-30 20:10:00,-1.032,113.125,-15.949
2025-05-01 05:30:00,-1.101,112.024,-17.05
2025-05-01 10:20:00,2.336,114.36,-14.714
2025-05-01 13:55:00,-1.077,113.283,-15.791
2025-05-01 15:10:00,-1.059,112.224,-16.85
2025-05-01 23:15:00,-0.231,111.993,-17.081
2025-05-02 07:30:00,-1.069,110.924,-18.15
2025-05-02 13:00:00,-1.076,109.848,-19.226
2025-05-02 17:40:00,-1.07,108.778,-20.296
2025-05-03 01:45:00,0.863,109.641,-19.433
2025-05-03 06:15:00,-1.159,108.482,-20.592
2025-05-03 08:30:00,-1.121,107.361,-21.713
2025-05-03 10:45:00,-1.101,106.26,-22.814
2025-05-03 12:50:00,-1.088,105.172,-23.902
2025-05-03 14:40:00,2.396,107.568,-21.506
2025-05-03 17:05:00,-1.056,106.512,-22.562
2025-05-04 01:55:00,-1.104,105.408,-23.666
2025-05-04 04:30:00,-1.069,104.339,-24.735
2025-05-04 05:05:00,-1.095,103.244,-25.83
2025-05-04 16:45:00,1.035,104.279,-24.795
2025-05-04 20:25:00,-1.112,103.167,-25.907
2025-05-05 05:55:00,-1.092,102.075,-26.999
2025-05-05 11:30:00,2.386,104.461,-24.613
2025-05-05 19:35:00,-0.085,104.376,-24.698
2025-05-06 04:35:00,-0.55,103.826,-25.248
2025-05-06 16:25:00,0.34,104.166,-24.908
2025-05-06 22:00:00,-1.086,103.08,-25.994
2025-05-07 06:05:00,0.493,103.573,-25.501
2025-05-07 13:05:00,-1.098,102.475,-26.599
2025-05-07 22:50:00,-0.39,102.085,-26.989
2025-05-08 02:30:00,2.4,104.485,-24.589
2025-05-08 10:05:00,2.439,106.924,-22.15
2025-05-08 15:40:00,2.409,109.333,-19.741
2025-05-08 23:45:00,1.111,110.444,-18.63
2025-05-09 03:55:00,-1.095,109.349,-19.725
2025-05-09 08:20:00,2.433,111.782,-17.292
2025-05-09 08:40:00,-1.033,110.749,-18.325
2025-05-10 00:45:00,-1.056,109.693,-19.381
2025-05-10 14:05:00,1.669,111.362,-17.712
2025-05-11 01:00:00,0.234,111.596,-17.478
2025-05-11 15:10:00,-0.401,111.195,-17.879
2025-05-11 17:45:00,-1.058,110.137,-18.937
2025-05-12 01:50:00,0.251,110.388,-18.686
2025-05-12 15:00:00,-1.048,109.34,-19.734
2025-05-13 02:10:00,0.529,109.869,-19.205
2025-05-13 10:15:00,-0.634,109.235,-19.839
2025-05-13 15:40:00,-1.067,108.168,-20.906
2025-05-14 00:10:00,0.865,109.033,-20.041
2025-05-14 07:15:00,-1.14,107.893,-21.181
2025-05-14 16:55:00,0.249,108.142,-20.932
2025-05-15 01:10:00,-0.218,107.924,-21.15
2025-05-15 09:45:00,1.389,109.313,-19.761
2025-05-15 16:45:00,-1.04,108.273,-20.801
2025-05-16 03:00:00,-0.728,107.545,-21.529
2025-05-16 11:20:00,-1.051,106.494,-22.58
2025-05-16 22:40:00,1.711,108.205,-20.869
2025-05-17 06:45:00,-0.847,107.358,-21.716
2025-05-17 11:25:00,-1.062,106.296,-22.778
2025-05-17 16:45:00,2.429,108.725,-20.349
2025-05-18 00:50:00,-0.549,108.176,-20.898
2025-05-18 16:00:00,1.313,109.489,-19.585
2025-05-18 20:00:00,2.441,111.93,-17.144
2025-05-18 22:55:00,-1.029,110.901,-18.173
2025-05-19 01:15:00,-1.064,109.837,-19.237
2025-05-19 06:35:00,2.403,112.24,-16.834
2025-05-19 11:05:00,-1.071,111.169,-17.905
2025-05-19 13:35:00,-1.085,110.084,-18.99
2025-05-20 04:05:00,-1.075,109.009,-20.065
2025-05-20 14:10:00,1.985,110.994,-18.08
2025-05-20 19:50:00,-1.064,109.93,-19.144
2025-05-21 03:55:00,0.878,110.808,-18.266
2025-05-21 09:05:00,-1.097,109.711,-19.363
2025-05-21 17:30:00,-1.067,108.644,-20.43
2025-05-21 22:00:00,-1.122,107.522,-21.552
2025-05-22 06:45:00,1.466,108.988,-20.086
2025-05-22 16:05:00,1.131,110.119,-18.955
2025-05-23 02:15:00,2.369,112.488,-16.586
2025-05-23 06:45:00,-1.045,111.443,-17.631
2025-05-23 11:20:00,-1.061,110.382,-18.692
2025-05-23 11:50:00,2.424,112.806,-16.268
2025-05-23 19:55:00,0.38,113.186,-15.888
2025-05-23 23:35:00,2.409,115.595,-13.479
2025-05-24 04:35:00,-1.048,114.547,-14.527
2025-05-24 07:10:00,-1.122,113.425,-15.649
2025-05-24 10:40:00,-1.098,112.327,-16.747
2025-05-24 14:50:00,-1.262,111.065,-18.009
2025-05-24 23:05:00,2.318,113.383,-15.691
2025-05-25 00:00:00,-1.116,112.267,-16.807
2025-05-25 08:45:00,0.453,112.72,-16.354
2025-05-25 12:15:00,-1.08,111.64,-17.434
2025-05-25 22:05:00,-1.05,110.59,-18.484
2025-05-26 06:15:00,1.529,112.119,-16.955
2025-05-26 06:40:00,-1.209,110.91,-18.164
2025-05-26 10:50:00,-1.193,109.717,-19.357
2025-05-26 13:50:00,-1.133,108.584,-20.49
2025-05-27 01:20:00,0.939,109.523,-19.551
2025-05-27 06:05:00,-1.061,108.462,-20.612
2025-05-27 14:30:00,-1.11,107.352,-21.722
2025-05-28 05:25:00,1.589,108.941,-20.133
2025-05-28 10:30:00,-1.113,107.828,-21.246
2025-05-28 14:10:00,-1.067,106.761,-22.313
2025-05-28 22:15:00,0.634,107.395,-21.679
2025-05-29 02:50:00,2.372,109.767,-19.307
2025-05-29 04:40:00,-1.074,108.693,-20.381
2025-05-29 12:45:00,-0.162,108.531,-20.543
2025-05-29 18:35:00,2.377,110.908,-18.166
2025-05-30 00:55:00,2.419,113.327,-15.747
2025-05-30 09:00:00,-0.23,113.097,-15.977
2025-05-30 10:00:00,-1.092,112.005,-17.069
2025-05-30 19:15:00,-1.061,110.944,-18.13
2025-05-30 22:40:00,2.316,113.26,-15.814
2025-05-31 04:00:00,2.448,115.708,-13.366
2025-05-31 04:30:00,-1.066,114.642,-14.432
2025-06-01 02:05:00,2.366,117.008,-12.066
2025-06-01 04:45:00,-1.063,115.945,-13.129
2025-06-01 09:15:00,2.366,118.311,-10.763
2025-06-01 14:20:00,-1.08,117.231,-11.843
2025-06-01 22:00:00,-1.053,116.178,-12.896
2025-06-02 02:15:00,-1.101,115.077,-13.997
2025-06-02 06:40:00,-1.098,113.979,-15.095
2025-06-02 16:55:00,-0.336,113.643,-15.431
2025-06-03 04:20:00,0.733,114.376,-14.698
2025-06-03 07:55:00,-1.147,113.229,-15.845
2025-06-03 20:25:00,-1.057,112.172,-16.902
2025-06-04 01:00:00,-1.065,111.107,-17.967
2025-06-04 09:10:00,-0.076,111.031,-18.043
2025-06-04 10:55:00,-1.26,109.771,-19.303
2025-06-04 14:05:00,2.358,112.129,-16.945
2025-06-04 15:35:00,-1.078,111.051,-18.023
2025-06-05 01:35:00,0.93,111.981,-17.093
2025-06-05 13:50:00,-1.08,110.901,-18.173
2025-06-05 19:15:00,2.449,113.35,-15.724
2025-06-06 03:20:00,0.154,113.504,-15.57
2025-06-06 21:15:00,-0.128,113.376,-15.698
2025-06-07 05:40:00,-1.122,112.254,-16.82
2025-06-07 13:45:00,0.493,112.747,-16.327
2025-06-07 21:10:00,-1.266,111.481,-17.593
2025-06-07 23:45:00,-1.261,110.22,-18.854
2025-06-08 08:05:00,0.193,110.413,-18.661
2025-06-08 11:45:00,-1.133,109.28,-19.794
2025-06-08 19:50:00,0.718,109.998,-19.076
2025-06-08 22:05:00,-1.141,108.857,-20.217
2025-06-09 09:05:00,0.401,109.258,-19.816
2025-06-09 16:30:00,2.379,111.637,-17.437
2025-06-09 22:45:00,2.422,114.059,-15.015
2025-06-10 06:00:00,-1.085,112.974,-16.1
2025-06-10 19:30:00,1.019,113.993,-15.081
2025-06-11 03:35:00,0.288,114.281,-14.793
2025-06-11 11:55:00,-0.606,113.675,-15.399
2025-06-11 17:50:00,-1.051,112.624,-16.45
2025-06-12 03:10:00,1.44,114.064,-15.01
2025-06-12 10:15:00,2.326,116.39,-12.684
2025-06-12 14:10:00,-1.168,115.222,-13.852
2025-06-12 23:50:00,1.041,116.263,-12.811
2025-06-13 01:10:00,2.443,118.706,-10.368
2025-06-13 09:15:00,-0.392,118.314,-10.76
2025-06-13 20:40:00,-1.07,117.244,-11.83
2025-06-14 07:35:00,-1.173,116.071,-13.003
2025-06-14 11:05:00,-1.139,114.932,-14.142
2025-06-14 16:45:00,2.328,117.26,-11.814
2025-06-15 00:50:00,-0.711,116.549,-12.525
2025-06-15 14:45:00,-1.101,115.448,-13.626
2025-06-15 17:15:00,-1.107,114.341,-14.733
2025-06-15 22:25:00,-1.139,113.202,-15.872
2025-06-16 01:05:00,-1.143,112.059,-17.015
2025-06-16 09:55:00,0.706,112.765,-16.309
2025-06-16 20:05:00,0.419,113.184,-15.89
2025-06-17 06:45:00,0.361,113.545,-15.529
2025-06-17 14:50:00,1.772,115.317,-13.757
2025-06-17 23:15:00,0.45,115.767,-13.307
2025-06-18 13:15:00,2.39,118.157,-10.917
2025-06-18 20:50:00,-1.055,117.102,-11.972
2025-06-19 09:15:00,0.256,117.358,-11.716
2025-06-19 12:10:00,-1.283,116.075,-12.999
2025-06-19 17:45:00,-1.129,114.946,-14.128
2025-06-20 05:25:00,2.354,117.3,-11.774
2025-06-20 07:15:00,-1.093,116.207,-12.867
2025-06-20 14:50:00,-1.089,115.118,-13.956
2025-06-20 22:55:00,0.962,116.08,-12.994
2025-06-21 13:40:00,2.195,118.275,-10.799
2025-06-21 18:55:00,2.36,120.635,-8.439
2025-06-21 21:30:00,2.41,123.045,-6.029
2025-06-22 05:35:00,-0.169,122.876,-6.198
2025-06-22 13:25:00,2.42,125.296,-3.778
2025-06-22 21:30:00,0.136,125.432,-3.642
2025-06-23 13:40:00,-1.153,124.279,-4.795
2025-06-23 16:10:00,-1.041,123.238,-5.836
2025-06-23 17:30:00,-1.044,122.194,-6.88
2025-06-24 02:05:00,1.344,123.538,-5.536
2025-06-24 08:15:00,-1.123,122.415,-6.659
2025-06-24 19:45:00,-1.079,121.336,-7.738
2025-06-25 04:00:00,-1.193,120.143,-8.931
2025-06-25 08:20:00,-1.182,118.961,-10.113
2025-06-25 14:15:00,-1.084,117.877,-11.197
2025-06-25 22:20:00,0.394,118.271,-10.803
2025-06-26 00:15:00,-1.131,117.14,-11.934
2025-06-26 04:40:00,-1.085,116.055,-13.019
2025-06-26 15:30:00,2.413,118.468,-10.606
2025-06-26 20:35:00,-1.072,117.396,-11.678
2025-06-27 05:35:00,-0.259,117.137,-11.937
2025-06-27 16:05:00,-1.107,116.03,-13.044
2025-06-27 20:40:00,-1.073,114.957,-14.117
2025-06-28 06:10:00,-0.167,114.79,-14.284
2025-06-28 14:20:00,-1.18,113.61,-15.464
2025-06-28 23:05:00,1.525,115.135,-13.939
2025-06-29 01:45:00,-1.184,113.951,-15.123
2025-06-29 12:25:00,-0.685,113.266,-15.808
2025-06-29 22:00:00,-1.142,112.124,-16.95
2025-06-30 06:05:00,0.411,112.535,-16.539
2025-06-30 14:45:00,0.345,112.88,-16.194
2025-06-30 23:45:00,0.532,113.412,-15.662
2025-07-01 10:50:00,0.523,113.935,-15.139
2025-07-01 13:35:00,2.343,116.278,-12.796
2025-07-01 16:55:00,-1.105,115.173,-13.901
2025-07-02 01:35:00,-0.034,115.139,-13.935
2025-07-02 11:05:00,2.311,117.45,-11.624
2025-07-02 16:05:00,2.419,119.869,-9.205
2025-07-03 00:10:00,0.03,119.899,-9.175
2025-07-03 06:20:00,2.371,122.27,-6.804
2025-07-03 12:35:00,-1.069,121.201,-7.873
2025-07-04 02:15:00,-1.159,120.042,-9.032
2025-07-04 08:00:00,2.336,122.378,-6.696
2025-07-04 16:05:00,1.459,123.837,-5.237
2025-07-04 22:35:00,-1.067,122.77,-6.304
2025-07-05 03:25:00,-1.146,121.624,-7.45
2025-07-05 08:30:00,-1.132,120.492,-8.582
2025-07-05 16:35:00,0.292,120.784,-8.29
2025-07-05 19:45:00,-1.207,119.577,-9.497
2025-07-06 03:55:00,-1.197,118.38,-10.694
2025-07-06 18:45:00,-0.107,118.273,-10.801
2025-07-06 21:30:00,2.22,120.493,-8.581
2025-07-06 23:35:00,-1.114,119.379,-9.695
2025-07-07 07:05:00,-1.081,118.298,-10.776
2025-07-07 12:25:00,-1.074,117.224,-11.85
2025-07-07 17:00:00,-1.064,116.16,-12.914
2025-07-08 01:05:00,0.09,116.25,-12.824
2025-07-08 06:10:00,-1.139,115.111,-13.963
2025-07-08 18:15:00,1.688,116.799,-12.275
2025-07-09 11:00:00,2.368,119.167,-9.907
2025-07-09 12:00:00,2.367,121.534,-7.54
2025-07-09 20:05:00,0.185,121.719,-7.355
2025-07-10 00:25:00,-1.112,120.607,-8.467
2025-07-10 15:20:00,-0.043,120.564,-8.51
2025-07-10 21:40:00,2.452,123.016,-6.058
2025-07-11 05:45:00,1.18,124.196,-4.878
2025-07-11 12:55:00,2.452,126.648,-2.426
2025-07-11 16:05:00,-1.037,125.611,-3.463
2025-07-12 09:15:00,0.071,125.682,-3.392
2025-07-12 12:45:00,-1.047,124.635,-4.439
2025-07-12 23:10:00,-0.106,124.529,-4.545
2025-07-13 06:15:00,2.406,126.935,-2.139
2025-07-13 14:20:00,2.017,128.952,-0.122
2025-07-13 16:50:00,-1.045,127.907,-1.167
2025-07-13 21:30:00,-1.083,126.824,-2.25
2025-07-14 08:25:00,0.382,127.206,-1.868
2025-07-14 23:10:00,0.209,127.415,-1.659
2025-07-15 09:05:00,-0.294,127.121,-1.953
2025-07-15 12:30:00,-1.164,125.957,-3.117
2025-07-15 13:05:00,-1.044,124.913,-4.161
2025-07-15 14:50:00,-1.041,123.872,-5.202
2025-07-15 17:40:00,-1.033,122.839,-6.235
2025-07-15 18:35:00,-1.073,121.766,-7.308
2025-07-15 21:35:00,-1.053,120.713,-8.361
2025-07-16 06:50:00,0.782,121.495,-7.579
2025-07-16 15:00:00,1.5,122.995,-6.079
2025-07-16 15:35:00,-1.051,121.944,-7.13
2025-07-17 01:20:00,-1.067,120.877,-8.197
2025-07-17 05:20:00,-1.082,119.795,-9.279
2025-07-17 08:55:00,2.417,122.212,-6.862
2025-07-17 17:00:00,0.302,122.514,-6.56
2025-07-18 01:00:00,2.457,124.971,-4.103
2025-07-18 09:05:00,-0.239,124.732,-4.342
2025-07-18 14:15:00,-1.071,123.661,-5.413
2025-07-19 03:20:00,-1.067,122.594,-6.48
2025-07-19 11:25:00,0.08,122.674,-6.4
2025-07-19 16:25:00,-1.068,121.606,-7.468
2025-07-20 09:25:00,0.751,122.357,-6.717
2025-07-20 21:15:00,0.555,122.912,-6.162
2025-07-21 10:05:00,0.735,123.647,-5.427
2025-07-21 19:30:00,-1.039,122.608,-6.466
2025-07-22 01:00:00,-1.093,121.515,-7.559
2025-07-22 04:50:00,-1.031,120.484,-8.59
2025-07-22 12:55:00,-0.619,119.865,-9.209
2025-07-22 23:05:00,0.357,120.222,-8.852
2025-07-23 00:50:00,-1.164,119.058,-10.016
2025-07-23 12:55:00,2.423,121.481,-7.593
2025-07-23 21:00:00,0.802,122.283,-6.791
2025-07-23 22:20:00,-1.048,121.235,-7.839
2025-07-24 06:40:00,2.439,123.674,-5.4
2025-07-24 08:10:00,-1.028,122.646,-6.428
2025-07-25 06:10:00,1.082,123.728,-5.346
2025-07-25 21:10:00,-1.081,122.647,-6.427
2025-07-26 05:15:00,0.564,123.211,-5.863
2025-07-26 11:20:00,-1.209,122.002,-7.072
2025-07-26 17:45:00,-1.123,120.879,-8.195
2025-07-26 23:05:00,-1.107,119.772,-9.302
2025-07-27 04:50:00,-1.085,118.687,-10.387
2025-07-27 06:25:00,-1.103,117.584,-11.49
2025-07-27 10:45:00,-1.148,116.436,-12.638
2025-07-27 18:50:00,-0.29,116.146,-12.928
2025-07-28 01:30:00,-1.098,115.048,-14.026
2025-07-28 10:35:00,-0.806,114.242,-14.832
2025-07-28 21:25:00,1.933,116.175,-12.899
2025-07-28 21:40:00,-1.177,114.998,-14.076
2025-07-29 00:15:00,-1.086,113.912,-15.162
2025-07-29 06:25:00,-1.058,112.854,-16.22
2025-07-29 12:40:00,-1.203,111.651,-17.423
2025-07-29 22:05:00,0.4,112.051,-17.023
2025-07-30 11:15:00,2.383,114.434,-14.64
2025-07-30 14:50:00,-1.063,113.371,-15.703
2025-07-30 19:00:00,2.412,115.783,-13.291
2025-07-31 03:05:00,-0.926,114.857,-14.217
2025-07-31 11:50:00,-1.169,113.688,-15.386
2025-07-31 15:10:00,2.41,116.098,-12.976
2025-07-31 16:15:00,-1.088,115.01,-14.064
2025-08-01 00:50:00,2.438,117.448,-11.626
2025-08-01 08:55:00,0.701,118.149,-10.925
2025-08-01 14:25:00,-1.041,117.108,-11.966
2025-08-01 18:30:00,-1.073,116.035,-13.039
2025-08-02 04:45:00,-0.557,115.478,-13.596
2025-08-02 14:20:00,0.705,116.183,-12.891
2025-08-02 22:35:00,0.336,116.519,-12.555
2025-08-03 01:25:00,-1.057,115.462,-13.612
2025-08-03 15:05:00,0.077,115.539,-13.535
2025-08-04 07:20:00,0.434,115.973,-13.101
2025-08-04 14:25:00,2.375,118.348,-10.726
2025-08-04 22:30:00,-0.007,118.341,-10.733
2025-08-05 00:10:00,-1.137,117.204,-11.87
2025-08-05 03:05:00,-1.119,116.085,-12.989
2025-08-05 10:15:00,-1.07,115.015,-14.059
2025-08-05 12:35:00,-1.081,113.934,-15.14
2025-08-05 20:40:00,0.895,114.829,-14.245
2025-08-05 23:00:00,-1.144,113.685,-15.389
2025-08-06 05:15:00,-1.109,112.576,-16.498
2025-08-06 14:00:00,-1.161,111.415,-17.659
2025-08-06 23:55:00,0.18,111.595,-17.479
2025-08-07 10:00:00,2.304,113.899,-15.175
2025-08-07 12:00:00,2.415,116.314,-12.76
2025-08-07 14:20:00,-1.082,115.232,-13.842
2025-08-08 00:35:00,2.437,117.669,-11.405
2025-08-08 08:40:00,0.088,117.757,-11.317
2025-08-08 12:05:00,-1.124,116.633,-12.441
2025-08-08 14:35:00,-1.058,115.575,-13.499
2025-08-09 01:40:00,-0.099,115.476,-13.598
2025-08-09 09:45:00,1.888,117.364,-11.71
2025-08-09 11:20:00,-1.103,116.261,-12.813
2025-08-09 13:45:00,-1.074,115.187,-13.887
2025-08-09 21:30:00,-1.091,114.096,-14.978
2025-08-10 04:45:00,2.38,116.476,-12.598
2025-08-10 05:25:00,-1.073,115.403,-13.671
2025-08-10 15:35:00,-0.04,115.363,-13.711
2025-08-10 20:20:00,-1.123,114.24,-14.834
2025-08-11 01:30:00,-1.089,113.151,-15.923
2025-08-11 09:35:00,0.34,113.491,-15.583
2025-08-11 19:10:00,1.323,114.814,-14.26
2025-08-12 03:55:00,-0.057,114.757,-14.317
2025-08-12 12:30:00,-1.074,113.683,-15.391
2025-08-12 19:10:00,2.459,116.142,-12.932
2025-08-13 03:15:00,0.184,116.326,-12.748
2025-08-13 05:50:00,-1.067,115.259,-13.815
2025-08-13 16:00:00,0.614,115.873,-13.201
2025-08-13 23:00:00,2.38,118.253,-10.821
2025-08-14 05:05:00,2.47,120.723,-8.351
2025-08-14 06:00:00,-1.041,119.682,-9.392
2025-08-14 10:40:00,-1.028,118.654,-10.42
2025-08-14 22:45:00,-1.062,117.592,-11.482
2025-08-15 06:50:00,1.096,118.688,-10.386
2025-08-16 06:35:00,0.102,118.79,-10.284
2025-08-16 09:45:00,-1.046,117.744,-11.33
2025-08-16 17:50:00,1.44,119.184,-9.89
2025-08-17 03:00:00,-1.13,118.054,-11.02
2025-08-17 04:45:00,2.429,120.483,-8.591
2025-08-17 12:50:00,0.203,120.686,-8.388
2025-08-17 16:15:00,-1.106,119.58,-9.494
2025-08-18 01:05:00,-1.092,118.488,-10.586
2025-08-18 03:30:00,2.432,120.92,-8.154
2025-08-18 11:35:00,0.475,121.395,-7.679
2025-08-18 12:55:00,-1.061,120.334,-8.74
2025-08-19 05:50:00,-1.04,119.294,-9.78
2025-08-19 14:20:00,-0.77,118.524,-10.55
2025-08-19 18:00:00,2.451,120.975,-8.099
2025-08-20 02:05:00,0.978,121.953,-7.121
2025-08-20 12:00:00,-1.044,120.909,-8.165
2025-08-20 18:15:00,-1.077,119.832,-9.242
2025-08-21 02:35:00,-1.053,118.779,-10.295
2025-08-21 03:15:00,-1.043,117.736,-11.338
2025-08-21 07:20:00,-1.054,116.682,-12.392
2025-08-21 12:30:00,-1.106,115.576,-13.498
2025-08-21 23:20:00,0.837,116.413,-12.661
2025-08-22 02:15:00,-1.059,115.354,-13.72
2025-08-22 12:30:00,2.404,117.758,-11.316
2025-08-22 13:40:00,-1.052,116.706,-12.368
2025-08-22 22:05:00,1.374,118.08,-10.994
2025-08-23 13:20:00,-0.364,117.716,-11.358
2025-08-24 06:15:00,-1.166,116.55,-12.524
2025-08-24 14:25:00,1.218,117.768,-11.306
2025-08-24 18:45:00,2.423,120.191,-8.883
2025-08-24 19:35:00,-1.039,119.152,-9.922
2025-08-25 02:15:00,-1.038,118.114,-10.96
2025-08-25 06:05:00,-1.039,117.075,-11.999
2025-08-25 14:10:00,0.963,118.038,-11.036
2025-08-26 03:40:00,1.206,119.244,-9.83
2025-08-26 12:35:00,-1.077,118.167,-10.907
2025-08-27 02:25:00,0.137,118.304,-10.77
2025-08-27 07:15:00,-1.074,117.23,-11.844
2025-08-27 09:30:00,-1.097,116.133,-12.941
2025-08-27 20:05:00,-1.047,115.086,-13.988
2025-08-28 04:50:00,-1.045,114.041,-15.033
2025-08-28 12:55:00,-0.163,113.878,-15.196
2025-08-28 23:50:00,-0.146,113.732,-15.342
2025-08-29 09:15:00,1.475,115.207,-13.867
2025-08-29 21:50:00,0.28,115.487,-13.587
2025-08-30 03:15:00,-1.056,114.431,-14.643
2025-08-30 12:25:00,2.349,116.78,-12.294
2025-08-30 20:30:00,-0.142,116.638,-12.436
2025-08-31 00:45:00,2.236,118.874,-10.2
2025-08-31 08:50:00,-0.215,118.659,-10.415
2025-08-31 09:55:00,-1.144,117.515,-11.559
2025-08-31 18:05:00,0.203,117.718,-11.356
2025-08-31 22:40:00,-1.104,116.614,-12.46
2025-09-01 04:45:00,2.39,119.004,-10.07
2025-09-01 07:20:00,-1.086,117.918,-11.156
2025-09-01 15:25:00,-0.412,117.506,-11.568
2025-09-01 20:45:00,2.395,119.901,-9.173
2025-09-02 02:50:00,-1.047,118.854,-10.22
2025-09-02 10:55:00,0.698,119.552,-9.522
2025-09-02 13:35:00,-1.139,118.413,-10.661
2025-09-02 21:50:00,0.347,118.76,-10.314
2025-09-03 01:25:00,-1.199,117.561,-11.513
2025-09-03 07:15:00,-1.09,116.471,-12.603
2025-09-03 16:20:00,0.563,117.034,-12.04
2025-09-04 05:20:00,2.339,119.373,-9.701
2025-09-04 13:25:00,0.054,119.427,-9.647
2025-09-04 22:05:00,-0.261,119.166,-9.908
2025-09-05 01:40:00,-1.149,118.017,-11.057
2025-09-05 12:30:00,2.366,120.383,-8.691
2025-09-05 14:15:00,-1.052,119.331,-9.743
2025-09-05 22:30:00,-0.285,119.046,-10.028
2025-09-06 02:10:00,-1.183,117.863,-11.211
2025-09-06 13:05:00,0.186,118.049,-11.025
2025-09-07 00:25:00,0.289,118.338,-10.736
2025-09-07 09:30:00,0.699,119.037,-10.037
2025-09-07 13:10:00,-1.248,117.789,-11.285
2025-09-07 17:50:00,-1.098,116.691,-12.383
2025-09-07 19:40:00,-1.15,115.541,-13.533
2025-09-08 03:35:00,2.329,117.87,-11.204
2025-09-08 05:35:00,-1.075,116.795,-12.279
2025-09-08 13:15:00,2.368,119.163,-9.911
2025-09-08 21:20:00,0.389,119.552,-9.522
2025-09-08 23:30:00,-1.224,118.328,-10.746
2025-09-09 02:05:00,-1.136,117.192,-11.882
2025-09-09 07:15:00,2.368,119.56,-9.514
2025-09-09 14:00:00,-1.07,118.49,-10.584
2025-09-09 23:15:00,-0.13,118.36,-10.714
2025-09-10 10:05:00,0.29,118.65,-10.424
2025-09-10 19:35:00,-1.078,117.572,-11.502
2025-09-11 06:00:00,-0.274,117.298,-11.776
2025-09-11 12:30:00,-1.068,116.23,-12.844
2025-09-11 20:35:00,0.445,116.675,-12.399
2025-09-12 00:50:00,2.377,119.052,-10.022
2025-09-12 08:55:00,-0.717,118.335,-10.739
2025-09-12 22:30:00,2.056,120.391,-8.683
2025-09-13 06:35:00,0.692,121.083,-7.991
2025-09-13 09:50:00,2.351,123.434,-5.64
2025-09-13 13:50:00,-1.063,122.371,-6.703
2025-09-14 00:45:00,-1.133,121.238,-7.836
2025-09-14 12:20:00,0.52,121.758,-7.316
2025-09-14 20:40:00,0.796,122.554,-6.52
2025-09-15 02:00:00,-1.085,121.469,-7.605
2025-09-15 08:00:00,2.419,123.888,-5.186
2025-09-15 16:05:00,0.255,124.143,-4.931
2025-09-16 17:10:00,-1.099,123.044,-6.03
2025-09-17 01:25:00,-0.019,123.025,-6.049
2025-09-17 03:50:00,-1.149,121.876,-7.198
2025-09-17 07:15:00,-1.103,120.773,-8.301
2025-09-17 08:05:00,-1.099,119.674,-9.4
2025-09-17 14:25:00,2.177,121.851,-7.223
2025-09-17 17:40:00,-1.119,120.732,-8.342
2025-09-18 04:05:00,1.45,122.182,-6.892
2025-09-18 16:25:00,0.547,122.729,-6.345
2025-09-18 19:35:00,-1.143,121.586,-7.488
2025-09-19 03:40:00,-1.095,120.491,-8.583
2025-09-19 14:35:00,0.578,121.069,-8.005
2025-09-19 23:10:00,0.212,121.281,-7.793
2025-09-20 05:25:00,-1.099,120.182,-8.892
2025-09-20 08:50:00,-1.193,118.989,-10.085
2025-09-20 16:55:00,-0.359,118.63,-10.444
2025-09-21 02:05:00,-0.393,118.237,-10.837
2025-09-21 08:15:00,-1.193,117.044,-12.03
2025-09-21 09:25:00,2.311,119.355,-9.719
2025-09-21 17:30:00,0.304,119.659,-9.415
2025-09-22 00:30:00,2.37,122.029,-7.045
2025-09-22 06:00:00,2.453,124.482,-4.592
2025-09-22 14:05:00,-0.561,123.921,-5.153
2025-09-22 23:45:00,-0.503,123.418,-5.656
2025-09-23 03:05:00,2.376,125.794,-3.28
2025-09-23 03:30:00,-1.058,124.736,-4.338
2025-09-23 12:45:00,-1.174,123.562,-5.512
2025-09-24 02:35:00,0.504,124.066,-5.008
2025-09-24 05:35:00,-1.12,122.946,-6.128
2025-09-24 20:40:00,-1.085,121.861,-7.213
2025-09-25 01:50:00,2.368,124.229,-4.845
2025-09-25 02:30:00,-1.108,123.121,-5.953
2025-09-25 11:25:00,0.876,123.997,-5.077
2025-09-25 12:45:00,-1.124,122.873,-6.201
2025-09-25 17:55:00,2.411,125.284,-3.79
2025-09-25 19:05:00,-1.042,124.242,-4.832
2025-09-25 22:10:00,-1.084,123.158,-5.916
2025-09-26 14:15:00,-0.429,122.729,-6.345
2025-09-27 01:05:00,0.643,123.372,-5.702
2025-09-27 05:10:00,-1.189,122.183,-6.891
2025-09-27 15:40:00,-0.231,121.952,-7.122
2025-09-27 22:15:00,-1.158,120.794,-8.28
2025-09-28 08:10:00,0.871,121.665,-7.409
2025-09-28 13:25:00,-1.194,120.471,-8.603
2025-09-28 20:35:00,2.367,122.838,-6.236
2025-09-29 04:40:00,0.604,123.442,-5.632
2025-09-29 11:00:00,-1.091,122.351,-6.723
2025-09-29 21:45:00,0.7,123.051,-6.023
2025-09-30 15:40:00,1.002,124.053,-5.021
2025-10-01 03:05:00,1.117,125.17,-3.904
2025-10-01 08:40:00,2.369,127.539,-1.535
2025-10-01 16:45:00,0.5,128.039,-1.035
2025-10-02 02:55:00,1.409,129.448,0.0
2025-10-02 10:05:00,-1.133,128.315,-1.133
2025-10-03 00:05:00,0.5,128.815,-0.633
2025-10-03 16:05:00,2.402,131.217,0.0
2025-10-04 00:10:00,-0.618,130.599,-0.618
2025-10-04 10:15:00,1.083,131.682,0.0
2025-10-04 13:05:00,-1.228,130.454,-1.228
2025-10-04 22:55:00,-0.214,130.24,-1.442
2025-10-05 11:00:00,0.174,130.414,-1.268
2025-10-05 18:10:00,2.341,132.755,0.0
2025-10-06 02:15:00,0.153,132.908,0.0
2025-10-06 15:25:00,2.414,135.322,0.0
2025-10-06 23:30:00,-0.452,134.87,-0.452
2025-10-07 06:35:00,-1.078,133.792,-1.53
2025-10-07 14:40:00,1.396,135.188,-0.134
2025-10-07 22:45:00,0.965,136.153,0.0
2025-10-08 01:55:00,-1.174,134.979,-1.174
2025-10-08 11:25:00,-0.486,134.493,-1.66
2025-10-09 01:15:00,-0.345,134.148,-2.005
2025-10-09 08:25:00,2.405,136.553,0.0
2025-10-09 12:35:00,-1.062,135.491,-1.062
2025-10-09 22:00:00,-0.423,135.068,-1.485
2025-10-10 03:25:00,-1.113,133.955,-2.598
2025-10-10 13:00:00,-1.119,132.836,-3.717
2025-10-10 19:25:00,2.447,135.283,-1.27
2025-10-10 20:55:00,2.463,137.746,0.0
2025-10-10 21:15:00,2.487,140.233,0.0
2025-10-11 05:20:00,-0.71,139.523,-0.71
2025-10-11 20:50:00,1.998,141.521,0.0
2025-10-11 22:35:00,-1.052,140.469,-1.052
2025-10-12 10:00:00,-1.107,139.362,-2.159
2025-10-12 14:45:00,-1.07,138.292,-3.229
2025-10-12 23:10:00,0.662,138.954,-2.567
2025-10-13 04:20:00,-1.081,137.873,-3.648
2025-10-13 11:25:00,-1.041,136.832,-4.689
2025-10-13 14:50:00,-1.057,135.775,-5.746
2025-10-14 02:35:00,-0.665,135.11,-6.411
2025-10-14 06:30:00,2.409,137.519,-4.002
2025-10-14 14:35:00,0.317,137.836,-3.685
2025-10-15 03:40:00,-1.06,136.776,-4.745
2025-10-15 06:00:00,-1.074,135.702,-5.819
2025-10-15 06:15:00,-1.164,134.538,-6.983
2025-10-15 09:15:00,-1.13,133.408,-8.113
2025-10-15 13:45:00,2.369,135.777,-5.744
2025-10-15 14:10:00,-1.057,134.72,-6.801
2025-10-15 23:40:00,0.448,135.168,-6.353
2025-10-16 06:50:00,-1.112,134.056,-7.465
2025-10-16 09:45:00,-1.036,133.02,-8.501
2025-10-16 20:30:00,2.442,135.462,-6.059
2025-10-17 00:25:00,-1.046,134.416,-7.105
2025-10-17 06:35:00,2.39,136.806,-4.715
2025-10-17 14:40:00,0.959,137.765,-3.756
2025-10-18 00:25:00,-1.166,136.599,-4.922
2025-10-18 07:00:00,-1.112,135.487,-6.034
2025-10-18 21:20:00,-0.309,135.178,-6.343
2025-10-19 03:45:00,-1.123,134.055,-7.466
2025-10-19 08:15:00,-1.1,132.955,-8.566
2025-10-19 09:45:00,-1.096,131.859,-9.662
2025-10-19 17:50:00,1.097,132.956,-8.565
2025-10-20 06:05:00,2.398,135.354,-6.167
2025-10-20 14:10:00,-0.581,134.773,-6.748
2025-10-21 00:10:00,-1.153,133.62,-7.901
2025-10-21 10:10:00,1.442,135.062,-6.459
2025-10-21 15:05:00,2.427,137.489,-4.032
2025-10-21 22:35:00,-1.026,136.463,-5.058
2025-10-22 06:40:00,0.718,137.181,-4.34
2025-10-22 07:55:00,-1.13,136.051,-5.47
2025-10-22 11:20:00,-1.11,134.941,-6.58
2025-10-23 04:35:00,-0.75,134.191,-7.33
2025-10-23 13:35:00,2.339,136.53,-4.991
2025-10-23 14:15:00,-1.084,135.446,-6.075
2025-10-23 20:55:00,-1.078,134.368,-7.153
2025-10-24 00:50:00,-1.103,133.265,-8.256
2025-10-24 02:20:00,-1.126,132.139,-9.382
2025-10-24 12:35:00,0.459,132.598,-8.923
2025-10-25 03:20:00,-0.141,132.457,-9.064
2025-10-25 19:55:00,0.618,133.075,-8.446
2025-10-26 07:00:00,-1.209,131.866,-9.655
2025-10-26 09:20:00,2.251,134.117,-7.404
2025-10-26 13:25:00,2.391,136.508,-5.013
2025-10-26 17:00:00,-1.119,135.389,-6.132
2025-10-27 06:05:00,-0.118,135.271,-6.25
2025-10-27 20:00:00,-1.11,134.161,-7.36
2025-10-28 04:05:00,0.984,135.145,-6.376
2025-10-28 07:00:00,-1.11,134.035,-7.486
2025-10-28 14:40:00,-1.079,132.956,-8.565
2025-10-28 22:45:00,0.753,133.709,-7.812
2025-10-29 10:20:00,-1.141,132.568,-8.953
2025-10-29 17:55:00,-1.078,131.49,-10.031
2025-10-29 18:35:00,-1.045,130.445,-11.076
2025-10-30 02:40:00,-0.594,129.851,-11.67
2025-10-30 12:10:00,1.029,130.88,-10.641
2025-10-30 13:35:00,2.397,133.277,-8.244
2025-10-30 21:40:00,1.215,134.492,-7.029
2025-11-01 00:45:00,-0.108,134.384,-7.137
2025-11-01 03:15:00,-1.089,133.295,-8.226
2025-11-01 13:40:00,-1.127,132.168,-9.353
2025-11-01 16:05:00,-1.084,131.084,-10.437
2025-11-02 04:50:00,-1.106,129.978,-11.543
2025-11-02 10:25:00,-1.094,128.884,-12.637
2025-11-02 18:30:00,0.776,129.66,-11.861
2025-11-03 01:35:00,-1.097,128.563,-12.958
2025-11-03 04:00:00,2.434,130.997,-10.524
2025-11-03 12:05:00,-0.206,130.791,-10.73
2025-11-03 23:30:00,-0.042,130.749,-10.772
2025-11-04 13:30:00,0.93,131.679,-9.842
2025-11-04 14:40:00,-1.128,130.551,-10.97
2025-11-05 00:50:00,0.848,131.399,-10.122
2025-11-05 02:40:00,-1.024,130.375,-11.146
2025-11-05 11:50:00,-1.049,129.326,-12.195
2025-11-05 23:45:00,0.077,129.403,-12.118
2025-11-06 02:45:00,-1.091,128.312,-13.209
2025-11-06 13:20:00,-0.121,128.191,-13.33
2025-11-06 22:35:00,-0.254,127.937,-13.584
2025-11-07 04:30:00,-1.192,126.745,-14.776
2025-11-07 10:50:00,-1.076,125.669,-15.852
2025-11-07 15:25:00,-1.066,124.603,-16.918
2025-11-07 23:30:00,1.387,125.99,-15.531
2025-11-08 05:50:00,-1.064,124.926,-16.595
2025-11-08 23:15:00,-1.147,123.779,-17.742
2025-11-09 00:10:00,-1.214,122.565,-18.956
2025-11-09 08:55:00,0.186,122.751,-18.77
2025-11-09 11:05:00,-1.07,121.681,-19.84
2025-11-09 19:15:00,0.954,122.635,-18.886
2025-11-10 03:35:00,0.721,123.356,-18.165
2025-11-10 05:30:00,-1.119,122.237,-19.284
2025-11-10 14:50:00,-1.058,121.179,-20.342
2025-11-11 05:20:00,-1.052,120.127,-21.394
2025-11-11 13:25:00,0.285,120.412,-21.109
2025-11-12 00:10:00,1.516,121.928,-19.593
2025-11-12 01:15:00,-1.117,120.811,-20.71
2025-11-12 08:30:00,-1.105,119.706,-21.815
2025-11-12 14:45:00,-1.115,118.591,-22.93
2025-11-12 22:50:00,1.196,119.787,-21.734
2025-11-13 03:25:00,-1.149,118.638,-22.883
2025-11-13 13:50:00,-0.678,117.96,-23.561
2025-11-13 15:50:00,-1.05,116.91,-24.611
2025-11-13 23:55:00,1.347,118.257,-23.264
2025-11-14 04:35:00,2.408,120.665,-20.856
2025-11-14 07:00:00,-1.027,119.638,-21.883
2025-11-14 16:35:00,-1.08,118.558,-22.963
2025-11-15 04:40:00,-0.231,118.327,-23.194
2025-11-15 16:20:00,0.228,118.555,-22.966
2025-11-15 17:20:00,-1.082,117.473,-24.048
2025-11-16 01:35:00,2.371,119.844,-21.677
2025-11-16 02:25:00,-1.063,118.781,-22.74
2025-11-16 15:55:00,2.423,121.204,-20.317
2025-11-17 00:00:00,-0.045,121.159,-20.362
2025-11-17 13:30:00,2.332,123.491,-18.03
2025-11-17 14:35:00,-1.05,122.441,-19.08
2025-11-18 00:05:00,0.268,122.709,-18.812
2025-11-18 08:15:00,-1.06,121.649,-19.872
2025-11-18 15:20:00,-1.079,120.57,-20.951
2025-11-19 00:10:00,-0.314,120.256,-21.265
2025-11-19 02:10:00,-1.067,119.189,-22.332
2025-11-19 11:40:00,0.293,119.482,-22.039
2025-11-19 15:05:00,-1.086,118.396,-23.125
2025-11-19 23:50:00,-0.329,118.067,-23.454
2025-11-20 10:05:00,-0.755,117.312,-24.209
2025-11-21 00:00:00,2.121,119.433,-22.088
2025-11-21 07:30:00,2.442,121.875,-19.646
2025-11-21 15:35:00,-0.141,121.734,-19.787
2025-11-21 17:00:00,-1.033,120.701,-20.82
2025-11-22 04:25:00,0.14,120.841,-20.68
2025-11-22 12:40:00,0.246,121.087,-20.434
2025-11-22 16:40:00,-1.059,120.028,-21.493
2025-11-23 07:15:00,-1.105,118.923,-22.598
2025-11-23 08:55:00,-1.085,117.838,-23.683
2025-11-23 10:05:00,-1.146,116.692,-24.829
2025-11-23 12:05:00,-1.131,115.561,-25.96
2025-11-23 20:15:00,0.079,115.64,-25.881
2025-11-23 21:05:00,-1.166,114.474,-27.047
2025-11-24 02:05:00,-1.081,113.393,-28.128
2025-11-24 10:00:00,-1.046,112.347,-29.174
2025-11-24 15:40:00,-1.074,111.273,-30.248
2025-11-25 00:20:00,1.108,112.381,-29.14
2025-11-25 14:45:00,2.401,114.782,-26.739
2025-11-25 16:15:00,-1.061,113.721,-27.8
2025-11-25 19:20:00,-1.065,112.656,-28.865
2025-11-26 04:35:00,0.098,112.754,-28.767
2025-11-26 09:05:00,-1.136,111.618,-29.903
2025-11-26 17:10:00,-0.062,111.556,-29.965
2025-11-27 01:30:00,1.171,112.727,-28.794
2025-11-27 03:00:00,-1.176,111.551,-29.97
2025-11-27 10:30:00,-1.095,110.456,-31.065
2025-11-27 23:05:00,0.394,110.85,-30.671
2025-11-28 08:50:00,-1.094,109.756,-31.765
2025-11-28 12:50:00,-1.044,108.712,-32.809
2025-11-28 13:35:00,-1.172,107.54,-33.981
2025-11-28 16:30:00,-1.055,106.485,-35.036
2025-11-29 01:00:00,0.287,106.772,-34.749
2025-11-29 11:40:00,-1.101,105.671,-35.85
2025-11-30 01:35:00,-0.281,105.39,-36.131
2025-11-30 11:55:00,-0.331,105.059,-36.462
2025-11-30 21:20:00,-0.372,104.687,-36.834
2025-12-01 00:15:00,2.436,107.123,-34.398
2025-12-01 08:20:00,0.446,107.569,-33.952
2025-12-01 12:40:00,2.343,109.912,-31.609
2025-12-01 14:35:00,-1.061,108.851,-32.67
2025-12-01 22:45:00,-1.032,107.819,-33.702
2025-12-02 10:45:00,-1.153,106.666,-34.855
2025-12-02 13:20:00,2.244,108.91,-32.611
2025-12-02 15:00:00,2.399,111.309,-30.212
2025-12-02 23:05:00,1.586,112.895,-28.626
2025-12-03 10:05:00,0.387,113.282,-28.239
2025-12-03 22:45:00,0.794,114.076,-27.445
2025-12-04 04:40:00,-1.058,113.018,-28.503
2025-12-04 11:00:00,-1.077,111.941,-29.58
2025-12-04 19:10:00,-1.041,110.9,-30.621
2025-12-05 14:15:00,2.398,113.298,-28.223
2025-12-05 15:00:00,-1.103,112.195,-29.326
2025-12-06 00:10:00,0.566,112.761,-28.76
2025-12-06 01:15:00,-1.101,111.66,-29.861
2025-12-06 12:20:00,-0.085,111.575,-29.946
2025-12-07 03:10:00,-0.589,110.986,-30.535
2025-12-07 06:20:00,-1.095,109.891,-31.63
2025-12-07 15:55:00,-1.091,108.8,-32.721
2025-12-08 00:00:00,-0.319,108.481,-33.04
2025-12-08 09:30:00,1.756,110.237,-31.284
2025-12-08 15:25:00,-1.099,109.138,-32.383
2025-12-09 11:45:00,-1.073,108.065,-33.456
2025-12-09 13:15:00,2.438,110.503,-31.018
2025-12-09 18:15:00,2.461,112.964,-28.557
2025-12-09 20:20:00,-1.059,111.905,-29.616
2025-12-10 17:25:00,-0.133,111.772,-29.749
2025-12-10 22:10:00,-1.085,110.687,-30.834
2025-12-11 01:15:00,2.403,113.09,-28.431
2025-12-11 09:20:00,1.131,114.221,-27.3
2025-12-11 20:05:00,-0.305,113.916,-27.605
2025-12-12 06:00:00,-1.049,112.867,-28.654
2025-12-12 09:55:00,-1.132,111.735,-29.786
2025-12-12 15:55:00,2.42,114.155,-27.366
2025-12-13 00:00:00,-0.12,114.035,-27.486
2025-12-14 01:10:00,-0.117,113.918,-27.603
2025-12-14 11:40:00,2.363,116.281,-25.24
2025-12-14 19:45:00,-0.004,116.277,-25.244
2025-12-14 23:00:00,-1.121,115.156,-26.365
2025-12-15 00:20:00,-1.128,114.028,-27.493
2025-12-15 14:15:00,-1.153,112.875,-28.646
2025-12-15 15:15:00,2.423,115.298,-26.223
2025-12-15 23:20:00,0.004,115.302,-26.219
2025-12-16 10:10:00,0.042,115.344,-26.177
2025-12-16 15:55:00,-1.043,114.301,-27.22
2025-12-17 01:15:00,-1.117,113.184,-28.337
2025-12-17 10:20:00,0.793,113.977,-27.544
2025-12-17 16:15:00,-1.034,112.943,-28.578
2025-12-18 00:20:00,0.452,113.395,-28.126
2025-12-18 13:00:00,-1.078,112.317,-29.204
2025-12-18 17:05:00,-1.073,111.244,-30.277
2025-12-19 01:15:00,0.758,112.002,-29.519
2025-12-19 03:00:00,-1.115,110.887,-30.634
2025-12-19 15:05:00,0.946,111.833,-29.688
2025-12-19 23:15:00,0.391,112.224,-29.297
2025-12-20 16:05:00,0.659,112.883,-28.638
2025-12-21 07:40:00,2.06,114.943,-26.578
2025-12-21 08:30:00,-1.229,113.714,-27.807
2025-12-21 13:00:00,-1.079,112.635,-28.886
2025-12-21 21:05:00,0.056,112.691,-28.83
2025-12-21 22:45:00,-1.143,111.548,-29.973
2025-12-22 10:10:00,-0.588,110.96,-30.561
2025-12-22 14:45:00,2.349,113.309,-28.212
2025-12-22 19:25:00,-1.086,112.223,-29.298
2025-12-23 03:30:00,0.29,112.513,-29.008
2025-12-23 11:15:00,-1.089,111.424,-30.097
2025-12-23 20:45:00,-1.092,110.332,-31.189
2025-12-24 10:05:00,0.877,111.209,-30.312
2025-12-24 16:30:00,-1.172,110.037,-31.484
2025-12-25 09:15:00,-1.105,108.932,-32.589
2025-12-25 17:20:00,0.719,109.651,-31.87
2025-12-25 20:25:00,-1.165,108.486,-33.035
2025-12-25 22:45:00,2.409,110.895,-30.626
2025-12-26 06:50:00,-0.77,110.125,-31.396
2025-12-26 12:40:00,-1.084,109.041,-32.48
2025-12-26 14:30:00,-1.211,107.83,-33.691
2025-12-26 16:55:00,2.403,110.233,-31.288
2025-12-26 17:25:00,-1.099,109.134,-32.387
2025-12-27 11:35:00,-0.276,108.858,-32.663
2025-12-27 20:05:00,2.377,111.235,-30.286
2025-12-28 04:10:00,0.886,112.121,-29.4
2025-12-28 06:35:00,2.313,114.434,-27.087
2025-12-28 09:35:00,-1.102,113.332,-28.189
2025-12-28 15:30:00,-1.197,112.135,-29.386
2025-12-28 23:50:00,2.242,114.377,-27.144
2025-12-29 02:05:00,2.404,116.781,-24.74
2025-12-29 09:45:00,-1.045,115.736,-25.785
2025-12-29 19:55:00,2.422,118.158,-23.363
2025-12-30 04:00:00,0.043,118.201,-23.32
2025-12-30 07:05:00,-1.232,116.969,-24.552
2025-12-30 14:50:00,-1.172,115.797,-25.724
2025-12-30 23:15:00,-1.143,114.654,-26.867
2025-12-31 11:40:00,-1.229,113.425,-28.096
2025-12-31 14:05:00,-1.217,112.208,-29.313
2025-12-31 16:40:00,2.414,114.622,-26.899
2026-01-01 00:45:00,-0.094,114.528,-26.993
2026-01-01 17:30:00,2.402,116.93,-24.591
2026-01-02 01:35:00,0.91,117.84,-23.681
2026-01-02 07:35:00,-1.132,116.708,-24.813
2026-01-02 09:45:00,2.347,119.055,-22.466
2026-01-02 17:00:00,2.461,121.516,-20.005
2026-01-03 01:05:00,0.243,121.759,-19.762
2026-01-03 22:05:00,0.23,121.989,-19.532
2026-01-04 00:05:00,2.246,124.235,-17.286
2026-01-04 04:15:00,2.374,126.609,-14.912
2026-01-04 05:15:00,-1.088,125.521,-16.0
2026-01-04 14:45:00,-1.073,124.448,-17.073
2026-01-04 19:05:00,-1.084,123.364,-18.157
2026-01-05 04:25:00,-1.058,122.306,-19.215
2026-01-05 08:35:00,-1.123,121.183,-20.338
2026-01-05 15:40:00,2.397,123.58,-17.941
2026-01-05 23:45:00,0.932,124.512,-17.009
2026-01-06 07:20:00,-1.045,123.467,-18.054
2026-01-06 14:05:00,2.346,125.813,-15.708
2026-01-06 15:35:00,-1.079,124.734,-16.787
2026-01-07 00:10:00,-0.145,124.589,-16.932
2026-01-07 08:00:00,-1.05,123.539,-17.982
2026-01-07 09:30:00,-1.053,122.486,-19.035
2026-01-07 17:35:00,0.37,122.856,-18.665
2026-01-08 03:15:00,-0.075,122.781,-18.74
2026-01-08 11:45:00,1.184,123.965,-17.556
2026-01-08 15:10:00,-1.168,122.797,-18.724
2026-01-08 21:35:00,-1.069,121.728,-19.793
2026-01-09 08:00:00,-1.116,120.612,-20.909
2026-01-09 15:25:00,-1.067,119.545,-21.976
2026-01-10 02:35:00,0.334,119.879,-21.642
2026-01-10 10:45:00,-1.091,118.788,-22.733
2026-01-10 22:10:00,0.695,119.483,-22.038
2026-01-11 02:05:00,-1.126,118.357,-23.164
2026-01-11 15:40:00,-1.141,117.216,-24.305
2026-01-11 23:45:00,0.158,117.374,-24.147
2026-01-12 08:45:00,-1.045,116.329,-25.192
2026-01-12 15:20:00,-1.074,115.255,-26.266
2026-01-12 23:25:00,-0.396,114.859,-26.662
2026-01-13 13:15:00,0.107,114.966,-26.555
2026-01-13 22:05:00,2.428,117.394,-24.127
2026-01-14 06:10:00,0.246,117.64,-23.881
2026-01-14 10:35:00,-1.053,116.587,-24.934
2026-01-14 18:45:00,-1.06,115.527,-25.994
2026-01-15 03:40:00,2.397,117.924,-23.597
2026-01-15 11:45:00,-0.561,117.363,-24.158
2026-01-15 14:35:00,-1.112,116.251,-25.27
2026-01-15 22:40:00,1.243,117.494,-24.027
2026-01-16 05:50:00,-1.131,116.363,-25.158
2026-01-16 15:20:00,2.291,118.654,-22.867
2026-01-16 20:40:00,-1.082,117.572,-23.949
2026-01-17 05:05:00,-0.03,117.542,-23.979
2026-01-17 07:00:00,-1.223,116.319,-25.202
2026-01-17 16:00:00,2.324,118.643,-22.878
2026-01-17 16:30:00,-1.119,117.524,-23.997
2026-01-18 06:35:00,0.595,118.119,-23.402
2026-01-18 18:30:00,-1.102,117.017,-24.504
2026-01-18 23:45:00,2.431,119.448,-22.073
2026-01-19 07:50:00,0.658,120.106,-21.415
2026-01-19 19:15:00,-1.068,119.038,-22.483
2026-01-20 06:15:00,1.225,120.263,-21.258
2026-01-20 16:15:00,0.92,121.183,-20.338
2026-01-21 00:45:00,-0.52,120.663,-20.858
2026-01-21 14:10:00,-1.115,119.548,-21.973
2026-01-21 16:20:00,-1.083,118.465,-23.056
2026-01-21 19:30:00,-1.026,117.439,-24.082
2026-01-22 03:35:00,0.054,117.493,-24.028
2026-01-22 13:25:00,-1.38,116.113,-25.408
2026-01-22 21:45:00,0.441,116.554,-24.967
2026-01-23 06:25:00,-1.129,115.425,-26.096
2026-01-23 14:30:00,1.37,116.795,-24.726
2026-01-23 15:45:00,-1.076,115.719,-25.802
2026-01-24 00:05:00,-0.22,115.499,-26.022
2026-01-24 07:35:00,-1.175,114.324,-27.197
2026-01-24 15:40:00,0.863,115.187,-26.334
2026-01-24 22:10:00,-1.141,114.046,-27.475
2026-01-25 07:45:00,0.895,114.941,-26.58
2026-01-25 09:40:00,-1.157,113.784,-27.737
2026-01-25 16:05:00,2.369,116.153,-25.368
2026-01-26 00:10:00,0.592,116.745,-24.776
2026-01-26 14:35:00,-1.069,115.676,-25.845
2026-01-26 22:40:00,0.003,115.679,-25.842
2026-01-27 06:45:00,-1.112,114.567,-26.954
2026-01-27 08:00:00,-1.209,113.358,-28.163
2026-01-27 14:15:00,-1.177,112.181,-29.34
2026-01-27 21:05:00,2.408,114.589,-26.932
2026-01-28 04:05:00,-1.064,113.525,-27.996
2026-01-28 14:15:00,0.197,113.722,-27.799
2026-01-29 04:10:00,2.357,116.079,-25.442
2026-01-29 12:15:00,0.502,116.581,-24.94
2026-01-29 14:30:00,2.141,118.722,-22.799
2026-01-29 15:05:00,2.398,121.12,-20.401
2026-01-29 23:10:00,0.05,121.17,-20.351
2026-01-30 09:45:00,0.112,121.282,-20.239
2026-01-30 18:55:00,-1.085,120.197,-21.324
2026-01-31 06:25:00,2.127,122.324,-19.197
2026-01-31 14:25:00,2.424,124.748,-16.773
2026-01-31 22:30:00,0.675,125.423,-16.098
2026-02-01 07:35:00,-1.13,124.293,-17.228
2026-02-01 19:00:00,0.4,124.693,-16.828
2026-02-01 20:35:00,-1.061,123.632,-17.889
2026-02-02 09:25:00,-1.026,122.606,-18.915
2026-02-02 14:30:00,2.36,124.966,-16.555
2026-02-02 22:35:00,0.209,125.175,-16.346
2026-02-03 04:40:00,-1.099,124.076,-17.445
2026-02-03 06:05:00,-1.07,123.006,-18.515
2026-02-03 15:25:00,-1.049,121.957,-19.564
2026-02-03 17:05:00,-1.044,120.913,-20.608
2026-02-03 20:30:00,-1.031,119.882,-21.639
2026-02-03 23:05:00,-1.033,118.849,-22.672
2026-02-04 01:00:00,-1.069,117.78,-23.741
2026-02-04 09:15:00,0.215,117.995,-23.526
2026-02-04 15:35:00,2.408,120.403,-21.118
2026-02-04 23:40:00,-0.246,120.157,-21.364
2026-02-05 10:35:00,2.407,122.564,-18.957
2026-02-05 15:20:00,2.448,125.012,-16.509
2026-02-05 23:25:00,0.602,125.614,-15.907
2026-02-06 05:05:00,-1.018,124.596,-16.925
2026-02-06 09:30:00,-1.06,123.536,-17.985
2026-02-06 16:20:00,2.436,125.972,-15.549
2026-02-07 00:25:00,-0.558,125.414,-16.107
2026-02-07 06:50:00,-1.087,124.327,-17.194
2026-02-07 15:10:00,-0.39,123.937,-17.584
2026-02-08 00:10:00,-0.624,123.313,-18.208
2026-02-08 10:25:00,-1.05,122.263,-19.258
2026-02-08 15:20:00,-1.137,121.126,-20.395
2026-02-08 18:30:00,-1.093,120.033,-21.488
2026-02-08 21:35:00,-1.073,118.96,-22.561
2026-02-08 23:00:00,-1.099,117.861,-23.66
2026-02-09 07:40:00,-0.09,117.771,-23.75
2026-02-09 09:35:00,2.35,120.121,-21.4
2026-02-09 15:05:00,-1.083,119.038,-22.483
2026-02-10 00:45:00,-0.265,118.773,-22.748
2026-02-10 11:20:00,0.691,119.464,-22.057
2026-02-10 22:45:00,0.213,119.677,-21.844
2026-02-11 11:20:00,1.442,121.119,-20.402
2026-02-11 23:00:00,-0.291,120.828,-20.693
2026-02-12 00:35:00,-1.08,119.748,-21.773
2026-02-12 10:50:00,2.41,122.158,-19.363
2026-02-12 12:45:00,-1.078,121.08,-20.441
2026-02-13 00:05:00,-0.274,120.806,-20.715
2026-02-13 08:45:00,-1.104,119.702,-21.819
2026-02-13 15:25:00,2.399,122.101,-19.42
2026-02-13 23:30:00,0.122,122.223,-19.298
2026-02-14 08:35:00,2.354,124.577,-16.944
2026-02-14 16:40:00,1.959,126.536,-14.985
2026-02-14 19:45:00,2.423,128.959,-12.562
2026-02-15 03:50:00,-0.287,128.672,-12.849
2026-02-15 10:15:00,-1.043,127.629,-13.892
2026-02-15 20:10:00,1.788,129.417,-12.104
2026-02-16 09:00:00,-1.07,128.347,-13.174
2026-02-16 11:20:00,-1.082,127.265,-14.256
2026-02-16 12:25:00,-1.059,126.206,-15.315
2026-02-16 14:25:00,-1.045,125.161,-16.36
2026-02-16 20:50:00,-1.038,124.123,-17.398
2026-02-17 05:20:00,-0.223,123.9,-17.621
2026-02-17 08:15:00,-1.086,122.814,-18.707
2026-02-17 17:05:00,0.198,123.012,-18.509
2026-02-18 02:05:00,-1.142,121.87,-19.651
2026-02-18 11:05:00,-0.699,121.171,-20.35
2026-02-18 15:40:00,-1.06,120.111,-21.41
2026-02-18 18:15:00,-1.043,119.068,-22.453
2026-02-19 02:20:00,0.666,119.734,-21.787
2026-02-19 06:05:00,-1.161,118.573,-22.948
2026-02-19 16:40:00,0.898,119.471,-22.05
2026-02-20 05:30:00,-1.182,118.289,-23.232
2026-02-20 13:30:00,-1.099,117.19,-24.331
2026-02-20 14:35:00,-1.046,116.144,-25.377
2026-02-20 22:40:00,0.763,116.907,-24.614
2026-02-21 16:00:00,-1.109,115.798,-25.723
2026-02-22 00:05:00,0.295,116.093,-25.428
2026-02-22 08:25:00,1.231,117.324,-24.197
2026-02-22 20:15:00,1.217,118.541,-22.98
2026-02-22 21:35:00,-1.312,117.229,-24.292
2026-02-23 01:20:00,2.426,119.655,-21.866
2026-02-23 09:25:00,-0.705,118.95,-22.571
2026-02-23 14:35:00,-1.086,117.864,-23.657
2026-02-23 22:40:00,1.208,119.072,-22.449
2026-02-24 09:15:00,1.467,120.539,-20.982
2026-02-24 14:40:00,-1.104,119.435,-22.086
2026-02-25 01:05:00,-1.087,118.348,-23.173
2026-02-25 01:20:00,2.41,120.758,-20.763
2026-02-25 09:25:00,0.169,120.927,-20.594
2026-02-25 12:20:00,2.341,123.268,-18.253
2026-02-25 15:00:00,2.448,125.716,-15.805
2026-02-25 21:35:00,2.468,128.184,-13.337
2026-02-25 22:40:00,-1.058,127.126,-14.395
2026-02-26 05:10:00,-1.088,126.038,-15.483
2026-02-27 01:00:00,-0.315,125.723,-15.798
2026-02-27 05:10:00,2.39,128.113,-13.408
2026-02-27 06:15:00,-1.135,126.978,-14.543
2026-02-27 18:15:00,1.49,128.468,-13.053
2026-02-27 23:00:00,-1.07,127.398,-14.123
2026-02-28 06:15:00,2.353,129.751,-11.77
2026-02-28 14:20:00,0.428,130.179,-11.342
2026-03-01 04:25:00,0.631,130.81,-10.711
2026-03-01 17:05:00,0.75,131.56,-9.961
2026-03-02 01:20:00,-0.34,131.22,-10.301
2026-03-02 14:20:00,0.163,131.383,-10.138
2026-03-02 15:35:00,2.436,133.819,-7.702
2026-03-02 23:40:00,-0.775,133.044,-8.477
2026-03-03 07:45:00,1.443,134.487,-7.034
2026-03-03 11:30:00,2.36,136.847,-4.674
2026-03-03 12:10:00,-1.121,135.726,-5.795
2026-03-04 01:40:00,-1.085,134.641,-6.88
2026-03-04 14:30:00,2.431,137.072,-4.449
2026-03-04 22:35:00,0.244,137.316,-4.205
2026-03-05 05:20:00,-1.127,136.189,-5.332
2026-03-05 10:25:00,-1.079,135.11,-6.411
2026-03-05 15:05:00,-1.095,134.015,-7.506
2026-03-05 23:25:00,0.16,134.175,-7.346
2026-03-06 01:30:00,-1.15,133.025,-8.496
2026-03-06 06:45:00,-1.124,131.901,-9.62
2026-03-06 09:05:00,-1.097,130.804,-10.717
2026-03-06 14:35:00,2.411,133.215,-8.306
2026-03-06 22:40:00,-0.009,133.206,-8.315
2026-03-07 03:00:00,-1.23,131.976,-9.545
2026-03-07 12:05:00,-0.34,131.636,-9.885
2026-03-07 22:05:00,-0.308,131.328,-10.193
2026-03-08 04:50:00,2.333,133.661,-7.86
2026-03-08 05:25:00,-1.103,132.558,-8.963
2026-03-08 20:15:00,-0.187,132.371,-9.15
2026-03-09 00:35:00,-1.042,131.329,-10.192
2026-03-09 07:15:00,-1.055,130.274,-11.247
2026-03-09 15:30:00,-1.113,129.161,-12.36
2026-03-09 22:50:00,-1.053,128.108,-13.413
2026-03-10 00:45:00,-1.076,127.032,-14.489
2026-03-10 10:35:00,1.209,128.241,-13.28
2026-03-10 11:30:00,-1.113,127.128,-14.393
2026-03-10 21:45:00,-1.048,126.08,-15.441
2026-03-11 04:50:00,-1.171,124.909,-16.612
2026-03-11 05:40:00,-1.094,123.815,-17.706
2026-03-11 12:30:00,-1.072,122.743,-18.778
2026-03-11 20:35:00,0.518,123.261,-18.26
2026-03-12 09:05:00,0.098,123.359,-18.162
2026-03-12 14:25:00,-1.094,122.265,-19.256
2026-03-13 00:15:00,2.335,124.6,-16.921
2026-03-13 08:20:00,1.06,125.66,-15.861
2026-03-13 11:20:00,-1.153,124.507,-17.014
2026-03-13 14:55:00,-1.084,123.423,-18.098
2026-03-14 01:30:00,1.444,124.867,-16.654
2026-03-14 02:10:00,-1.247,123.62,-17.901
2026-03-14 13:40:00,0.645,124.265,-17.256
2026-03-14 16:25:00,-1.228,123.037,-18.484
2026-03-14 23:00:00,-1.155,121.882,-19.639
2026-03-15 10:45:00,0.084,121.966,-19.555
2026-03-15 18:45:00,-1.113,120.853,-20.668
2026-03-15 21:30:00,-1.091,119.762,-21.759
2026-03-16 03:20:00,2.405,122.167,-19.354
2026-03-16 05:35:00,2.442,124.609,-16.912
2026-03-16 13:40:00,-0.051,124.558,-16.963
2026-03-17 02:30:00,0.605,125.163,-16.358
2026-03-17 15:20:00,-0.429,124.734,-16.787
2026-03-18 00:30:00,-1.078,123.656,-17.865
2026-03-18 07:00:00,-1.104,122.552,-18.969
2026-03-18 10:40:00,-1.136,121.416,-20.105
2026-03-18 14:00:00,2.434,123.85,-17.671
2026-03-18 22:05:00,0.661,124.511,-17.01
2026-03-19 03:15:00,-1.18,123.331,-18.19
2026-03-19 07:20:00,2.32,125.651,-15.87
2026-03-19 15:25:00,0.627,126.278,-15.243
2026-03-20 00:05:00,-1.141,125.137,-16.384
2026-03-20 08:10:00,-1.093,124.044,-17.477
2026-03-20 11:10:00,-1.143,122.901,-18.62
2026-03-20 19:40:00,1.439,124.34,-17.181
2026-03-21 15:40:00,0.976,125.316,-16.205
2026-03-21 23:50:00,2.283,127.599,-13.922
2026-03-22 07:55:00,0.346,127.945,-13.576
2026-03-22 16:00:00,0.407,128.352,-13.169
2026-03-22 21:05:00,2.341,130.693,-10.828
2026-03-22 23:10:00,-1.115,129.578,-11.943
2026-03-23 11:05:00,-1.084,128.494,-13.027
2026-03-23 19:10:00,-0.052,128.442,-13.079
2026-03-23 22:00:00,-1.157,127.285,-14.236
2026-03-24 11:55:00,0.591,127.876,-13.645
2026-03-24 18:35:00,-1.137,126.739,-14.782
2026-03-25 04:25:00,0.603,127.342,-14.179
2026-03-25 11:30:00,2.357,129.699,-11.822
2026-03-25 15:05:00,-1.108,128.591,-12.93
2026-03-26 06:00:00,2.334,130.925,-10.596
2026-03-26 14:05:00,1.093,132.018,-9.503
2026-03-26 23:15:00,0.116,132.134,-9.387
2026-03-27 01:45:00,-1.293,130.841,-10.68
2026-03-27 05:10:00,-1.129,129.712,-11.809
2026-03-27 16:40:00,0.638,130.35,-11.171
2026-03-28 02:00:00,-1.125,129.225,-12.296
2026-03-28 05:20:00,-1.2,128.025,-13.496
2026-03-28 21:10:00,-1.087,126.938,-14.583
2026-03-28 23:05:00,2.279,129.217,-12.304
2026-03-29 07:10:00,0.57,129.787,-11.734
2026-03-29 10:20:00,2.212,131.999,-9.522
2026-03-29 18:25:00,0.77,132.769,-8.752
2026-03-30 00:15:00,-1.049,131.72,-9.801
2026-03-30 08:10:00,2.392,134.112,-7.409
2026-03-30 16:15:00,-0.483,133.629,-7.892
2026-03-31 01:30:00,-1.101,132.528,-8.993
2026-03-31 05:00:00,-1.053,131.475,-10.046
2026-03-31 13:05:00,1.072,132.547,-8.974
2026-03-31 22:55:00,-0.065,132.482,-9.039
2026-04-01 05:50:00,2.404,134.886,-6.635
2026-04-01 13:55:00,-0.495,134.391,-7.13
2026-04-01 20:15:00,-1.12,133.271,-8.25
2026-04-02 01:20:00,2.37,135.641,-5.88
2026-04-02 09:25:00,1.057,136.698,-4.823
2026-04-02 14:10:00,-1.226,135.472,-6.049
2026-04-03 02:00:00,-0.312,135.16,-6.361
2026-04-03 05:35:00,2.329,137.489,-4.032
2026-04-03 13:40:00,0.136,137.625,-3.896
2026-04-03 23:05:00,-0.814,136.811,-4.71
2026-04-04 05:45:00,-1.147,135.664,-5.857
2026-04-04 06:50:00,-1.163,134.501,-7.02
2026-04-04 15:05:00,-1.138,133.363,-8.158
2026-04-04 23:10:00,0.598,133.961,-7.56
2026-04-05 06:10:00,2.262,136.223,-5.298
2026-04-05 14:15:00,0.146,136.369,-5.152
2026-04-06 00:00:00,2.412,138.781,-2.74
2026-04-06 08:05:00,0.182,138.963,-2.558
2026-04-06 12:40:00,-1.086,137.877,-3.644
2026-04-06 23:00:00,2.352,140.229,-1.292
2026-04-07 07:05:00,0.66,140.889,-0.632
2026-04-07 12:05:00,2.348,143.237,0.0
2026-04-07 12:55:00,-1.116,142.121,-1.116
2026-04-07 21:10:00,2.37,144.491,0.0
2026-04-07 22:30:00,2.412,146.903,0.0
2026-04-08 06:35:00,0.536,147.439,0.0
2026-04-08 22:10:00,0.46,147.899,0.0
2026-04-09 07:05:00,-0.152,147.747,-0.152
2026-04-09 23:35:00,-0.1,147.647,-0.252
2026-04-10 01:35:00,-1.155,146.492,-1.407
2026-04-10 14:15:00,-1.128,145.364,-2.535
2026-04-10 22:35:00,-0.268,145.096,-2.803
2026-04-11 03:15:00,-1.268,143.828,-4.071
2026-04-11 13:10:00,2.295,146.123,-1.776
2026-04-11 16:40:00,-1.12,145.003,-2.896
2026-04-12 01:30:00,-1.06,143.943,-3.956
2026-04-12 08:05:00,2.405,146.348,-1.551
2026-04-12 16:10:00,1.147,147.495,-0.404
2026-04-13 06:05:00,-0.545,146.95,-0.949
2026-04-13 16:00:00,-1.081,145.869,-2.03
2026-04-13 22:15:00,-1.059,144.81,-3.089
2026-04-14 06:20:00,-0.439,144.371,-3.528
2026-04-14 17:30:00,-1.114,143.257,-4.642
2026-04-15 02:40:00,0.569,143.826,-4.073
2026-04-15 08:20:00,-1.196,142.63,-5.269
2026-04-15 19:05:00,2.378,145.008,-2.891
2026-04-15 23:35:00,-1.106,143.902,-3.997
2026-04-16 10:35:00,0.037,143.939,-3.96
2026-04-16 13:50:00,-1.107,142.832,-5.067
2026-04-17 00:10:00,0.656,143.488,-4.411
2026-04-17 13:55:00,2.427,145.915,-1.984
2026-04-17 20:30:00,-1.051,144.864,-3.035
2026-04-18 16:35:00,1.076,145.94,-1.959
2026-04-19 00:55:00,-0.111,145.829,-2.07
2026-04-19 13:15:00,-1.132,144.697,-3.202
2026-04-19 23:35:00,1.334,146.031,-1.868
2026-04-20 06:40:00,-1.097,144.934,-2.965
2026-04-21 02:05:00,-0.496,144.438,-3.461
2026-04-21 05:05:00,-1.115,143.323,-4.576
2026-04-21 13:10:00,-0.581,142.742,-5.157
2026-04-21 23:00:00,-1.098,141.644,-6.255
2026-04-22 02:30:00,2.353,143.997,-3.902
2026-04-22 10:35:00,0.623,144.62,-3.279
2026-04-22 12:25:00,-1.246,143.374,-4.525
2026-04-23 00:15:00,2.333,145.707,-2.192
2026-04-23 03:30:00,2.317,148.024,0.0
2026-04-23 04:30:00,-1.163,146.861,-1.163
2026-04-23 11:45:00,-1.202,145.659,-2.365
2026-04-23 17:05:00,-1.099,144.56,-3.464
2026-04-24 00:20:00,-1.07,143.49,-4.534
2026-04-24 03:20:00,-1.177,142.313,-5.711
2026-04-24 11:05:00,-1.099,141.214,-6.81
2026-04-24 19:10:00,-0.027,141.187,-6.837
2026-04-25 01:10:00,-1.294,139.893,-8.131
2026-04-25 09:45:00,1.166,141.059,-6.965
2026-04-25 11:40:00,-1.18,139.879,-8.145
2026-04-25 23:05:00,0.225,140.104,-7.92
2026-04-26 04:45:00,-1.266,138.838,-9.186
2026-04-26 13:15:00,0.41,139.248,-8.776
2026-04-26 21:30:00,-1.206,138.042,-9.982
2026-04-27 05:10:00,-1.168,136.874,-11.15
2026-04-27 13:15:00,0.818,137.692,-10.332
2026-04-27 23:20:00,-0.725,136.967,-11.057
2026-04-28 05:25:00,-1.139,135.828,-12.196
2026-04-28 14:45:00,0.225,136.053,-11.971
2026-04-29 03:15:00,-1.204,134.849,-13.175
2026-04-29 11:20:00,1.409,136.258,-11.766
2026-04-29 15:35:00,2.325,138.583,-9.441
2026-04-29 23:40:00,-0.113,138.47,-9.554
2026-04-30 05:35:00,-1.233,137.237,-10.787
2026-04-30 13:30:00,-1.188,136.049,-11.975
2026-05-01 00:10:00,-1.176,134.873,-13.151
2026-05-01 03:20:00,2.282,137.155,-10.869
2026-05-01 11:25:00,-0.696,136.459,-11.565
2026-05-01 20:35:00,0.017,136.476,-11.548
2026-05-02 14:50:00,2.121,138.597,-9.427
2026-05-02 22:55:00,0.62,139.217,-8.807
2026-05-03 09:05:00,0.211,139.428,-8.596
2026-05-03 19:50:00,0.198,139.626,-8.398
2026-05-03 20:45:00,-1.43,138.196,-9.828
2026-05-04 01:30:00,-1.107,137.089,-10.935
2026-05-04 10:00:00,-0.462,136.627,-11.397
2026-05-04 18:05:00,-0.717,135.91,-12.114
2026-05-05 02:25:00,-1.134,134.776,-13.248
2026-05-05 07:15:00,2.332,137.108,-10.916
2026-05-05 15:20:00,0.322,137.43,-10.594
2026-05-05 21:00:00,2.338,139.768,-8.256
2026-05-06 05:05:00,-0.072,139.696,-8.328
2026-05-06 08:40:00,2.313,142.009,-6.015
2026-05-06 13:45:00,-1.063,140.946,-7.078
2026-05-06 21:10:00,-1.143,139.803,-8.221
2026-05-06 23:00:00,-1.088,138.715,-9.309
2026-05-07 06:05:00,-1.166,137.549,-10.475
2026-05-07 14:30:00,-1.114,136.435,-11.589
2026-05-07 22:35:00,0.407,136.842,-11.182
2026-05-08 07:40:00,-1.301,135.541,-12.483
2026-05-08 15:55:00,2.371,137.912,-10.112
2026-05-09 00:00:00,0.723,138.635,-9.389
2026-05-09 06:35:00,-1.134,137.501,-10.523
2026-05-10 00:05:00,-1.133,136.368,-11.656
2026-05-10 08:10:00,-0.789,135.579,-12.445
2026-05-10 15:45:00,2.367,137.946,-10.078
2026-05-10 23:50:00,0.279,138.225,-9.799
2026-05-11 08:10:00,-1.136,137.089,-10.935
2026-05-11 18:15:00,0.323,137.412,-10.612
2026-05-12 09:35:00,0.721,138.133,-9.891
2026-05-12 16:45:00,2.378,140.511,-7.513
2026-05-12 17:15:00,-1.123,139.388,-8.636
2026-05-13 09:15:00,-1.146,138.242,-9.782
2026-05-13 11:05:00,-1.102,137.14,-10.884
2026-05-13 15:20:00,2.421,139.561,-8.463
2026-05-13 23:25:00,-0.354,139.207,-8.817
2026-05-14 05:50:00,-1.141,138.066,-9.958
2026-05-14 08:35:00,-1.2,136.866,-11.158
2026-05-14 18:20:00,2.405,139.271,-8.753
2026-05-14 23:50:00,-1.056,138.215,-9.809
2026-05-15 12:50:00,1.69,139.905,-8.119
2026-05-15 13:50:00,2.376,142.281,-5.743
2026-05-15 21:55:00,-0.233,142.048,-5.976
2026-05-16 06:45:00,2.325,144.373,-3.651
2026-05-16 14:50:00,0.311,144.684,-3.34
2026-05-17 04:20:00,-1.243,143.441,-4.583
2026-05-17 21:05:00,0.759,144.2,-3.824
2026-05-17 23:40:00,2.358,146.558,-1.466
2026-05-18 07:45:00,-0.101,146.457,-1.567
2026-05-18 11:35:00,-1.147,145.31,-2.714
2026-05-18 21:30:00,-1.072,144.238,-3.786
2026-05-19 13:35:00,-1.261,142.977,-5.047
2026-05-19 22:25:00,0.234,143.211,-4.813
2026-05-20 05:10:00,-1.166,142.045,-5.979
2026-05-20 12:55:00,-1.177,140.868,-7.156
2026-05-20 14:15:00,-1.095,139.773,-8.251
2026-05-20 22:20:00,-0.477,139.296,-8.728
2026-05-21 05:45:00,-1.15,138.146,-9.878
2026-05-21 13:50:00,0.415,138.561,-9.463
2026-05-22 01:15:00,0.165,138.726,-9.298
2026-05-22 07:00:00,-1.24,137.486,-10.538
2026-05-22 14:05:00,-1.159,136.327,-11.697
2026-05-22 22:10:00,1.345,137.672,-10.352
2026-05-23 07:30:00,1.248,138.92,-9.104
2026-05-23 07:50:00,2.269,141.189,-6.835
2026-05-23 14:55:00,-1.05,140.139,-7.885
2026-05-24 04:40:00,-0.585,139.554,-8.47
2026-05-24 14:15:00,2.325,141.879,-6.145
2026-05-24 22:20:00,-0.081,141.798,-6.226
2026-05-25 04:45:00,-1.129,140.669,-7.355
2026-05-25 14:10:00,1.433,142.102,-5.922
2026-05-25 20:40:00,-1.176,140.926,-7.098
2026-05-26 03:15:00,2.354,143.28,-4.744
2026-05-26 03:50:00,-1.279,142.001,-6.023
2026-05-26 15:50:00,-1.078,140.923,-7.101
2026-05-26 23:55:00,0.449,141.372,-6.652
2026-05-27 10:20:00,-0.47,140.902,-7.122
2026-05-27 15:10:00,-1.111,139.791,-8.233
2026-05-27 19:20:00,-1.088,138.703,-9.321
2026-05-28 04:25:00,2.425,141.128,-6.896
2026-05-28 12:30:00,-0.172,140.956,-7.068
2026-05-28 20:40:00,-1.131,139.825,-8.199
2026-05-29 06:00:00,-1.139,138.686,-9.338
2026-05-29 07:35:00,-1.14,137.546,-10.478
2026-05-29 14:25:00,2.322,139.868,-8.156
2026-05-29 14:50:00,-1.142,138.726,-9.298
2026-05-29 23:10:00,-0.523,138.203,-9.821
