entry_time,exit_time,side,entry,exit,sl,tp,R,net_R,reason,hold_bars
2022-01-01 04:15:00,2022-01-01 05:20:00,S,1.3146,1.3294844870856393,1.3294844870856393,1.2773887822859018,-1.0,-1.097,sl,13
2022-01-01 10:35:00,2022-01-01 13:00:00,S,1.3112,1.3328937619516263,1.3328937619516263,1.256965595120934,-1.0,-1.066,sl,29
2022-01-01 13:05:00,2022-01-01 21:05:00,L,1.332,1.3513,1.3179042524888784,1.3672393687778042,1.369,1.265,time,96
2022-01-01 21:30:00,2022-01-02 04:45:00,L,1.3622,1.3493429889137136,1.3493429889137136,1.3943425277157162,-1.0,-1.117,sl,87
2022-01-02 12:45:00,2022-01-02 18:30:00,L,1.3677,1.3540066694440853,1.3540066694440853,1.4019333263897864,-1.0,-1.11,sl,69
2022-01-02 23:05:00,2022-01-03 00:55:00,L,1.3756,1.3629115260011389,1.3629115260011389,1.4073211849971528,-1.0,-1.119,sl,22
2022-01-03 03:40:00,2022-01-03 10:00:00,S,1.3481,1.3614120573362192,1.3614120573362192,1.3148198566594522,-1.0,-1.111,sl,76
2022-01-03 10:05:00,2022-01-03 16:05:00,L,1.3603,1.348545517018204,1.348545517018204,1.3896862074544905,-1.0,-1.127,sl,72
2022-01-03 16:10:00,2022-01-03 20:20:00,S,1.3517,1.3184055799812076,1.3650177680075168,1.3184055799812076,2.5,2.388,tp,50
2022-01-03 20:25:00,2022-01-04 04:25:00,S,1.3181,1.3142,1.3463699157953997,1.247425210511501,0.138,0.087,time,96
2022-01-04 11:05:00,2022-01-04 18:35:00,L,1.3367,1.3209918858397025,1.3209918858397025,1.3759702854007436,-1.0,-1.094,sl,90
2022-01-04 18:40:00,2022-01-05 02:40:00,S,1.3161,1.3305,1.3516183406126805,1.227304148468299,-0.405,-0.446,time,96
2022-01-05 07:00:00,2022-01-05 11:30:00,L,1.3441,1.3301415691712015,1.3301415691712015,1.3789960770719965,-1.0,-1.106,sl,54
2022-01-05 11:35:00,2022-01-05 19:35:00,S,1.3283,1.2962,1.348164285180658,1.2786392870483554,1.616,1.542,time,96
2022-01-05 19:40:00,2022-01-05 19:45:00,S,1.2962,1.247527665615628,1.3156689337537488,1.247527665615628,2.5,2.427,tp,1
2022-01-05 19:50:00,2022-01-06 03:50:00,S,1.2608,1.2145,1.3162130213528158,1.1222674466179603,0.836,0.811,time,96
2022-01-06 03:55:00,2022-01-06 11:55:00,S,1.2145,1.2041,1.2349310839292162,1.163422290176959,0.509,0.444,time,96
2022-01-06 12:30:00,2022-01-06 12:55:00,S,1.1876,1.2108605925547935,1.2108605925547935,1.129448518613016,-1.0,-1.056,sl,5
2022-01-06 20:30:00,2022-01-07 03:20:00,L,1.2707,1.2398665033195837,1.2398665033195837,1.3477837417010405,-1.0,-1.045,sl,82
2022-01-07 03:25:00,2022-01-07 11:25:00,S,1.2336,1.2267,1.2655672945781395,1.1536817635546512,0.216,0.173,time,96
2022-01-07 13:40:00,2022-01-07 21:40:00,S,1.2159,1.2255,1.2476949322589443,1.136412669352639,-0.302,-0.344,time,96
2022-01-07 22:45:00,2022-01-08 00:55:00,S,1.2113,1.2262367881583094,1.2262367881583094,1.1739580296042267,-1.0,-1.089,sl,26
2022-01-08 08:10:00,2022-01-08 10:45:00,L,1.2401,1.231309258207447,1.231309258207447,1.2620768544813825,-1.0,-1.155,sl,31
2022-01-08 12:45:00,2022-01-08 17:00:00,S,1.2311,1.1971774355924254,1.24466902576303,1.1971774355924254,2.5,2.4,tp,51
2022-01-08 17:05:00,2022-01-08 18:00:00,S,1.2027,1.1489802012551733,1.2241879194979308,1.1489802012551733,2.5,2.438,tp,11
2022-01-08 18:05:00,2022-01-08 22:15:00,S,1.1492,1.2066232019180183,1.2066232019180183,1.0056419952049542,-1.0,-1.022,sl,50
2022-01-09 09:20:00,2022-01-09 16:50:00,S,1.1625,1.1799517826931571,1.1799517826931571,1.1188705432671076,-1.0,-1.073,sl,90
2022-01-09 19:30:00,2022-01-09 21:40:00,L,1.1999,1.1827770003583866,1.1827770003583866,1.2427074991040334,-1.0,-1.077,sl,26
2022-01-09 21:45:00,2022-01-10 05:45:00,S,1.1829,1.1684,1.1983158968527468,1.1443602578681333,0.941,0.856,time,96
2022-01-10 08:25:00,2022-01-10 12:10:00,S,1.168,1.1420114972795972,1.178395401088161,1.1420114972795972,2.5,2.376,tp,45
2022-01-10 12:15:00,2022-01-10 14:15:00,S,1.1428,1.091064743627538,1.1634941025489849,1.091064743627538,2.5,2.439,tp,24
2022-01-10 14:20:00,2022-01-10 14:50:00,S,1.0868,1.1219433842741882,1.1219433842741882,0.9989415393145296,-1.0,-1.034,sl,6
2022-01-11 03:45:00,2022-01-11 09:05:00,L,1.1623,1.14426676250573,1.14426676250573,1.2073830937356758,-1.0,-1.071,sl,64
2022-01-11 10:50:00,2022-01-11 12:20:00,S,1.1366,1.1512790579131449,1.1512790579131449,1.099902355217138,-1.0,-1.085,sl,18
2022-01-11 14:40:00,2022-01-11 15:05:00,S,1.143,1.1574285305364733,1.1574285305364733,1.1069286736588166,-1.0,-1.087,sl,5
2022-01-11 15:10:00,2022-01-11 23:10:00,L,1.1596,1.1827,1.1348040923539995,1.2215897691150013,0.932,0.88,time,96
2022-01-12 00:10:00,2022-01-12 08:10:00,L,1.2034,1.2132,1.1804509559768472,1.260772610057882,0.427,0.369,time,96
2022-01-12 09:05:00,2022-01-12 13:50:00,L,1.2228,1.2762072444497066,1.2014371022201176,1.2762072444497066,2.5,2.437,tp,57
2022-01-12 13:55:00,2022-01-12 21:55:00,L,1.2787,1.2951,1.2451661796491533,1.3625345508771165,0.489,0.447,time,96
2022-01-12 22:30:00,2022-01-13 00:30:00,L,1.3044,1.3365008434390724,1.291559662624371,1.3365008434390724,2.5,2.388,tp,24
2022-01-13 00:35:00,2022-01-13 03:05:00,L,1.3425,1.2995568882877508,1.2995568882877508,1.4498577792806229,-1.0,-1.034,sl,30
2022-01-13 08:40:00,2022-01-13 11:15:00,L,1.3016,1.28409739972749,1.28409739972749,1.3453565006812753,-1.0,-1.082,sl,31
2022-01-13 14:10:00,2022-01-13 15:15:00,L,1.3007,1.278807185599978,1.278807185599978,1.3554320360000547,-1.0,-1.065,sl,13
2022-01-13 17:20:00,2022-01-14 01:20:00,S,1.2486,1.2424,1.2784084414059937,1.1740788964850153,0.208,0.162,time,96
2022-01-14 04:25:00,2022-01-14 07:05:00,L,1.2577,1.2982924703037764,1.2414630118784895,1.2982924703037764,2.5,2.415,tp,32
2022-01-14 07:10:00,2022-01-14 08:05:00,L,1.3015,1.270255245852381,1.270255245852381,1.3796118853690478,-1.0,-1.046,sl,11
2022-01-14 10:30:00,2022-01-14 18:30:00,S,1.2588,1.2544,1.278770386155018,1.208874034612455,0.22,0.151,time,96
2022-01-14 21:05:00,2022-01-14 21:55:00,L,1.2724,1.296505628226568,1.2627577487093729,1.296505628226568,2.5,2.355,tp,10
2022-01-14 22:00:00,2022-01-15 04:00:00,L,1.2987,1.268247287870025,1.268247287870025,1.3748317803249372,-1.0,-1.047,sl,72
2022-01-15 04:30:00,2022-01-15 10:45:00,S,1.2635,1.275173000638366,1.275173000638366,1.2343174984040854,-1.0,-1.119,sl,75
2022-01-15 10:50:00,2022-01-15 12:40:00,L,1.2805,1.2607706586055747,1.2607706586055747,1.3298233534860633,-1.0,-1.071,sl,22
2022-01-15 12:50:00,2022-01-15 14:35:00,S,1.2567,1.2725670391961401,1.2725670391961401,1.2170324020096495,-1.0,-1.087,sl,21
2022-01-15 15:00:00,2022-01-15 23:00:00,L,1.2815,1.2967,1.2637120454945323,1.3259698862636695,0.855,0.775,time,96
2022-01-16 01:05:00,2022-01-16 09:05:00,L,1.315,1.3641,1.286234293343923,1.3869142666401921,1.707,1.657,time,96
2022-01-16 10:25:00,2022-01-16 18:25:00,L,1.3855,1.4093,1.3579026263799125,1.4544934340502185,0.862,0.807,time,96
2022-01-16 23:10:00,2022-01-17 01:05:00,L,1.416,1.398020799715145,1.398020799715145,1.4609480007121372,-1.0,-1.087,sl,23
2022-01-17 02:35:00,2022-01-17 10:35:00,L,1.4489,1.553,1.3855106758724889,1.6073733103187782,1.642,1.617,time,96
2022-01-17 18:50:00,2022-01-18 02:50:00,L,1.5218,1.5933,1.471401109446001,1.6477972263849974,1.419,1.385,time,96
2022-01-18 14:55:00,2022-01-18 22:40:00,S,1.4368,1.501037261291758,1.501037261291758,1.2762068467706054,-1.0,-1.025,sl,93
2022-01-18 22:45:00,2022-01-18 23:55:00,L,1.4974,1.4630609405169208,1.4630609405169208,1.5832476487076983,-1.0,-1.048,sl,14
2022-01-19 00:30:00,2022-01-19 03:40:00,L,1.5003,1.4576151594726536,1.4576151594726536,1.6070121013183658,-1.0,-1.039,sl,38
2022-01-19 03:45:00,2022-01-19 11:45:00,S,1.4523,1.4156,1.5125781941411194,1.3016045146472013,0.609,0.582,time,96
2022-01-19 15:45:00,2022-01-19 23:45:00,S,1.4031,1.3372,1.4433286565418528,1.302528358645368,1.638,1.6,time,96
2022-01-20 00:05:00,2022-01-20 02:50:00,S,1.3208,1.356241279822388,1.356241279822388,1.23219680044403,-1.0,-1.041,sl,33
2022-01-20 09:10:00,2022-01-20 13:45:00,S,1.3414,1.367028932928235,1.367028932928235,1.2773276676794123,-1.0,-1.058,sl,55
2022-01-20 14:10:00,2022-01-20 21:35:00,L,1.3854,1.3415339405473443,1.3415339405473443,1.495065148631639,-1.0,-1.035,sl,89
2022-01-20 21:40:00,2022-01-21 00:00:00,S,1.3342,1.2393351298150403,1.372145948073984,1.2393351298150403,2.5,2.461,tp,28
2022-01-21 00:05:00,2022-01-21 08:05:00,S,1.2503,1.2428,1.2883469784352597,1.1551825539118505,0.197,0.161,time,96
2022-01-21 11:35:00,2022-01-21 19:35:00,S,1.2102,1.198,1.2417871695276683,1.131232076180829,0.386,0.344,time,96
2022-01-21 21:50:00,2022-01-22 05:50:00,S,1.1203,1.0751,1.2137854600279663,0.8865863499300846,0.483,0.47,time,96
2022-01-22 05:55:00,2022-01-22 10:05:00,S,1.0751,0.923058989994921,1.1359164040020315,0.923058989994921,2.5,2.481,tp,50
2022-01-22 10:10:00,2022-01-22 12:20:00,S,0.9286,1.052982450214341,1.052982450214341,0.6176438744641475,-1.0,-1.008,sl,26
2022-01-22 19:00:00,2022-01-22 20:10:00,S,1.0325,1.0642153739289952,1.0642153739289952,0.9532115651775118,-1.0,-1.036,sl,14
2022-01-23 02:50:00,2022-01-23 05:35:00,S,1.0549,1.092702346516686,1.092702346516686,0.9603941337082846,-1.0,-1.031,sl,33
2022-01-23 09:15:00,2022-01-23 12:05:00,L,1.1375,1.112667700761091,1.112667700761091,1.1995807480972722,-1.0,-1.05,sl,34
2022-01-23 12:10:00,2022-01-23 20:10:00,S,1.113,1.0775,1.1432132772653307,1.0374668068366732,1.175,1.134,time,96
2022-01-23 23:10:00,2022-01-24 04:50:00,L,1.0965,1.0615955795650516,1.0615955795650516,1.1837610510873713,-1.0,-1.035,sl,68
2022-01-24 04:55:00,2022-01-24 09:15:00,S,1.064,1.0194700138506954,1.081811994459722,1.0194700138506954,2.5,2.434,tp,52
2022-01-24 09:20:00,2022-01-24 17:20:00,S,1.0228,1.0067,1.0608871646725766,0.9275820883185583,0.423,0.393,time,96
2022-01-24 20:40:00,2022-01-25 00:50:00,L,1.0799,1.0474913555131167,1.0474913555131167,1.1609216112172085,-1.0,-1.037,sl,50
2022-01-25 00:55:00,2022-01-25 08:55:00,S,1.0453,1.0199,1.0708976363253089,0.9813059091867274,0.992,0.947,time,96
2022-01-25 18:35:00,2022-01-25 20:05:00,L,1.0651,1.041493037791723,1.041493037791723,1.1241174055206922,-1.0,-1.05,sl,18
2022-01-25 20:30:00,2022-01-26 04:30:00,S,1.0395,1.0474,1.066352477257712,0.9723688068557204,-0.294,-0.337,time,96
2022-01-26 04:50:00,2022-01-26 06:25:00,L,1.0589,1.042779938618707,1.042779938618707,1.099200153453232,-1.0,-1.072,sl,19
2022-01-26 06:50:00,2022-01-26 09:15:00,S,1.0394,1.0605855379401505,1.0605855379401505,0.986436155149624,-1.0,-1.054,sl,29
2022-01-26 09:20:00,2022-01-26 10:00:00,L,1.0611,1.0451205322405337,1.0451205322405337,1.1010486693986654,-1.0,-1.073,sl,8
2022-01-26 11:00:00,2022-01-26 14:05:00,L,1.0647,1.1156251521045983,1.0443299391581606,1.1156251521045983,2.5,2.443,tp,37
2022-01-26 14:10:00,2022-01-26 18:00:00,L,1.1138,1.0753724420617712,1.0753724420617712,1.2098688948455716,-1.0,-1.032,sl,46
2022-01-26 19:05:00,2022-01-26 21:20:00,L,1.1275,1.0675875474996623,1.0675875474996623,1.2772811312508439,-1.0,-1.021,sl,27
2022-01-26 21:25:00,2022-01-27 05:25:00,S,1.0686,1.0281,1.1051449412428076,0.977237646892981,1.108,1.076,time,96
2022-01-27 13:30:00,2022-01-27 15:50:00,L,1.058,1.0428910704451426,1.0428910704451426,1.0957723238871435,-1.0,-1.077,sl,28
2022-01-27 15:55:00,2022-01-27 23:55:00,S,1.044,1.0432,1.072975756136045,0.9715606096598879,0.028,-0.012,time,96
2022-01-28 01:35:00,2022-01-28 03:10:00,S,1.023,1.0548598353903744,1.0548598353903744,0.9433504115240636,-1.0,-1.035,sl,19
2022-01-28 07:05:00,2022-01-28 15:05:00,S,1.0363,1.0301,1.054059274454794,0.9919018138630148,0.349,0.285,time,96
2022-01-28 20:40:00,2022-01-29 04:40:00,L,1.0446,1.0523,1.0293875841949136,1.0826310395127159,0.506,0.431,time,96
2022-01-29 06:35:00,2022-01-29 14:00:00,L,1.0559,1.0821876165623565,1.0453849533750574,1.0821876165623565,2.5,2.39,tp,89
2022-01-29 14:05:00,2022-01-29 14:50:00,L,1.0796,1.064245062144086,1.064245062144086,1.1179873446397846,-1.0,-1.077,sl,9
2022-01-29 18:50:00,2022-01-30 02:50:00,L,1.0616,1.0599,1.0478754710812992,1.0959113222967525,-0.124,-0.209,time,96
2022-01-30 03:25:00,2022-01-30 11:25:00,L,1.0639,1.0656,1.054710588666525,1.086873528333688,0.185,0.058,time,96
2022-01-30 14:20:00,2022-01-30 19:05:00,S,1.0516,1.030203933903315,1.060158426438674,1.030203933903315,2.5,2.365,tp,57
2022-01-30 19:10:00,2022-01-31 03:10:00,S,1.0278,1.0246,1.0533400013899057,0.9639499965252359,0.125,0.081,time,96
2022-01-31 11:45:00,2022-01-31 11:55:00,S,1.0143,1.0243804991490035,1.0243804991490035,0.9890987521274911,-1.0,-1.111,sl,2
2022-01-31 12:20:00,2022-01-31 15:00:00,S,1.0131,1.0280966495232688,1.0280966495232688,0.9756083761918275,-1.0,-1.074,sl,32
2022-01-31 16:10:00,2022-02-01 00:10:00,L,1.0407,1.0534,1.0240793817088585,1.0822515457278536,0.764,0.695,time,96
2022-02-01 03:50:00,2022-02-01 11:50:00,L,1.053,1.0526,1.0417725650001495,1.081068587499626,-0.036,-0.139,time,96
2022-02-01 13:05:00,2022-02-01 15:00:00,L,1.0636,1.0529305050139517,1.0529305050139517,1.0902737374651212,-1.0,-1.11,sl,23
2022-02-01 17:00:00,2022-02-02 01:00:00,L,1.0746,1.0883,1.0615505203271207,1.1072236991821982,1.05,0.959,time,96
2022-02-02 07:50:00,2022-02-02 09:45:00,S,1.0583,1.0707703526445014,1.0707703526445014,1.0271241183887465,-1.0,-1.093,sl,23
2022-02-02 10:40:00,2022-02-02 11:35:00,L,1.0702,1.0652059823299231,1.0652059823299231,1.0826850441751923,-1.0,-1.236,sl,11
2022-02-02 12:50:00,2022-02-02 14:30:00,L,1.0794,1.0660136646971987,1.0660136646971987,1.112865838257003,-1.0,-1.089,sl,20
2022-02-02 14:35:00,2022-02-02 22:35:00,S,1.06,1.0345,1.080642577951632,1.0083935551209202,1.235,1.179,time,96
2022-02-03 10:00:00,2022-02-03 15:15:00,S,1.0225,1.0406028804952097,1.0406028804952097,0.9772427987619757,-1.0,-1.062,sl,63
2022-02-03 16:15:00,2022-02-04 00:15:00,L,1.051,1.0556,1.035375414085346,1.090061464786635,0.294,0.22,time,96
2022-02-04 05:20:00,2022-02-04 13:20:00,L,1.0653,1.0594,1.0489077959846498,1.1062805100383752,-0.36,-0.431,time,96
2022-02-04 13:35:00,2022-02-04 15:10:00,S,1.0474,1.0674164890043394,1.0674164890043394,0.9973587774891519,-1.0,-1.058,sl,19
2022-02-04 15:15:00,2022-02-04 22:55:00,L,1.0676,1.1170620878857722,1.0478151648456913,1.1170620878857722,2.5,2.441,tp,92
2022-02-04 23:00:00,2022-02-05 05:30:00,L,1.1177,1.1502922089916412,1.1046631164033434,1.1502922089916412,2.5,2.406,tp,78
2022-02-05 05:35:00,2022-02-05 13:35:00,L,1.1537,1.1536,1.137226934740173,1.1948826631495675,-0.006,-0.083,time,96
2022-02-05 22:05:00,2022-02-06 04:05:00,L,1.1259,1.1154488119656776,1.1154488119656776,1.1520279700858058,-1.0,-1.119,sl,72
2022-02-06 07:45:00,2022-02-06 14:40:00,L,1.1246,1.1154471564764912,1.1154471564764912,1.1474821088087723,-1.0,-1.135,sl,83
2022-02-06 14:50:00,2022-02-06 22:50:00,S,1.108,1.1253,1.1375344843545607,1.0341637891135984,-0.586,-0.627,time,96
2022-02-06 23:15:00,2022-02-06 23:40:00,L,1.1269,1.1439336233296737,1.1200865506681306,1.1439336233296737,2.5,2.318,tp,5
2022-02-06 23:45:00,2022-02-07 07:45:00,L,1.1475,1.1603,1.1203863568718069,1.2152841078204828,0.472,0.426,time,96
2022-02-07 14:35:00,2022-02-07 17:00:00,L,1.1935,1.1820629432710494,1.1820629432710494,1.2220926418223765,-1.0,-1.115,sl,29
2022-02-07 22:15:00,2022-02-08 00:30:00,L,1.1956,1.233073272106751,1.1806106911572996,1.233073272106751,2.5,2.412,tp,27
2022-02-08 00:35:00,2022-02-08 08:35:00,L,1.2323,1.1978,1.1826551366713434,1.3564121583216413,-0.695,-0.722,time,96
2022-02-08 12:40:00,2022-02-08 20:40:00,S,1.174,1.1642,1.20210169924344,1.1037457518914,0.349,0.303,time,96
2022-02-08 23:05:00,2022-02-09 02:05:00,L,1.1749,1.1584648330861962,1.1584648330861962,1.2159879172845098,-1.0,-1.079,sl,36
2022-02-09 02:10:00,2022-02-09 06:25:00,S,1.1557,1.1825585153972749,1.1825585153972749,1.0885537115068127,-1.0,-1.047,sl,51
2022-02-09 06:30:00,2022-02-09 14:30:00,L,1.1795,1.2025,1.1635975527019955,1.2192561182450112,1.446,1.365,time,96
2022-02-09 17:20:00,2022-02-10 00:00:00,L,1.2117,1.1909324164925665,1.1909324164925665,1.2636189587685838,-1.0,-1.064,sl,80
2022-02-10 02:55:00,2022-02-10 10:15:00,S,1.1851,1.1941766340719753,1.1941766340719753,1.162408414820062,-1.0,-1.144,sl,88
2022-02-10 10:20:00,2022-02-10 11:45:00,L,1.1928,1.218375145419683,1.182569941832127,1.218375145419683,2.5,2.372,tp,17
2022-02-10 11:50:00,2022-02-10 13:30:00,L,1.2092,1.1910339227714444,1.1910339227714444,1.2546151930713894,-1.0,-1.073,sl,20
2022-02-10 13:35:00,2022-02-10 21:35:00,S,1.1691,1.1622,1.2133738068321651,1.0584154829195873,0.156,0.127,time,96
2022-02-10 23:40:00,2022-02-11 07:40:00,S,1.1548,1.1558,1.1713862741383887,1.1133343146540284,-0.06,-0.137,time,96
2022-02-11 17:55:00,2022-02-11 19:00:00,S,1.144,1.1177570543897535,1.1544971782440985,1.1177570543897535,2.5,2.38,tp,13
2022-02-11 19:05:00,2022-02-12 03:05:00,S,1.1144,1.0823,1.1508442712076123,1.0232893219809693,0.881,0.847,time,96
2022-02-12 05:15:00,2022-02-12 06:40:00,S,1.0755,1.0452475983141398,1.087600960674344,1.0452475983141398,2.5,2.402,tp,17
2022-02-12 06:45:00,2022-02-12 09:50:00,S,1.0515,1.0768275284545474,1.0768275284545474,0.9881811788636318,-1.0,-1.046,sl,37
2022-02-12 11:20:00,2022-02-12 11:55:00,S,1.052,1.0728682891781842,1.0728682891781842,0.9998292770545396,-1.0,-1.055,sl,7
2022-02-12 13:40:00,2022-02-12 21:40:00,S,1.0504,1.0471,1.080422187669258,0.9753445308268552,0.11,0.071,time,96
2022-02-12 21:45:00,2022-02-13 05:45:00,S,1.0471,1.0492,1.0763367425598551,0.9740081436003619,-0.072,-0.111,time,96
2022-02-13 16:10:00,2022-02-14 00:10:00,S,1.0506,1.0379,1.0698204611612252,1.002548847096937,0.661,0.601,time,96
2022-02-14 00:35:00,2022-02-14 08:35:00,S,1.0315,1.0311,1.0473910236228463,0.9917724409428845,0.025,-0.046,time,96
2022-02-14 09:10:00,2022-02-14 12:55:00,S,1.0253,1.0419722969295742,1.0419722969295742,0.983619257676065,-1.0,-1.068,sl,45
2022-02-14 18:55:00,2022-02-14 22:40:00,S,1.0372,1.0512675593504208,1.0512675593504208,1.0020311016239476,-1.0,-1.081,sl,45
2022-02-14 22:45:00,2022-02-15 02:05:00,L,1.0507,1.0794094615608296,1.039216215375668,1.0794094615608296,2.5,2.399,tp,40
2022-02-15 02:10:00,2022-02-15 10:10:00,L,1.0824,1.0851,1.0474602924890908,1.1697492687772733,0.077,0.043,time,96
2022-02-15 10:25:00,2022-02-15 13:40:00,L,1.0887,1.0788202099743174,1.0788202099743174,1.1133994750642064,-1.0,-1.121,sl,39
2022-02-15 13:50:00,2022-02-15 21:50:00,L,1.1073,1.0905,1.0753459735355086,1.1871850661612282,-0.526,-0.564,time,96
2022-02-15 22:30:00,2022-02-16 04:15:00,L,1.0984,1.0871075966675425,1.0871075966675425,1.126631008331144,-1.0,-1.107,sl,69
2022-02-16 07:15:00,2022-02-16 10:20:00,L,1.102,1.0906518435625538,1.0906518435625538,1.1303703910936158,-1.0,-1.107,sl,37
2022-02-16 13:40:00,2022-02-16 19:30:00,S,1.0859,1.0946824695865387,1.0946824695865387,1.0639438260336536,-1.0,-1.136,sl,70
2022-02-16 19:35:00,2022-02-17 03:35:00,L,1.0924,1.0819,1.0728920857345705,1.1411697856635739,-0.538,-0.6,time,96
2022-02-17 04:05:00,2022-02-17 12:05:00,S,1.065,1.0731,1.0931383606738578,0.9946540983153552,-0.288,-0.329,time,96
2022-02-17 13:25:00,2022-02-17 21:10:00,S,1.0583,1.015703693383557,1.0753385226465773,1.015703693383557,2.5,2.432,tp,93
2022-02-17 21:15:00,2022-02-18 01:40:00,S,1.0197,1.033719901400124,1.033719901400124,0.9846502464996904,-1.0,-1.08,sl,53
2022-02-18 10:30:00,2022-02-18 13:30:00,S,1.0325,1.0157611832022626,1.0391955267190949,1.0157611832022626,2.5,2.33,tp,36
2022-02-18 13:35:00,2022-02-18 14:40:00,S,1.0175,0.9917889767429194,1.0277844093028323,0.9917889767429194,2.5,2.391,tp,13
2022-02-18 14:45:00,2022-02-18 22:45:00,S,0.9919,0.9889,1.0275192469753363,0.9028518825616594,0.084,0.054,time,96
2022-02-19 08:30:00,2022-02-19 11:40:00,S,1.0053,0.9791193767042933,1.0157722493182828,0.9791193767042933,2.5,2.394,tp,38
2022-02-19 11:45:00,2022-02-19 16:10:00,S,0.9799,1.001037827021115,1.001037827021115,0.9270554324472122,-1.0,-1.051,sl,53
2022-02-19 19:50:00,2022-02-19 22:40:00,S,0.9835,0.9929276927793693,0.9929276927793693,0.9599307680515768,-1.0,-1.115,sl,34
2022-02-20 03:00:00,2022-02-20 06:10:00,S,0.9794,0.9427732584197746,0.9940506966320902,0.9427732584197746,2.5,2.426,tp,38
2022-02-20 06:15:00,2022-02-20 14:15:00,S,0.9369,0.9225,0.9653941604417116,0.865664598895721,0.505,0.469,time,96
2022-02-20 20:25:00,2022-02-20 22:50:00,S,0.9352,0.9449454175852882,0.9449454175852882,0.9108364560367797,-1.0,-1.106,sl,29
2022-02-21 00:05:00,2022-02-21 01:10:00,S,0.9252,0.9584152466814706,0.9584152466814706,0.8421618832963236,-1.0,-1.031,sl,13
2022-02-21 04:50:00,2022-02-21 10:20:00,L,0.9718,0.9538267368900789,0.9538267368900789,1.0167331577748027,-1.0,-1.059,sl,66
2022-02-21 10:25:00,2022-02-21 12:20:00,S,0.9544,0.9118825862691446,0.9714069654923422,0.9118825862691446,2.5,2.438,tp,23
2022-02-21 12:25:00,2022-02-21 14:15:00,S,0.9226,0.9470008261797485,0.9470008261797485,0.8615979345506288,-1.0,-1.042,sl,22
2022-02-21 18:05:00,2022-02-21 23:30:00,S,0.9235,0.8557135290392971,0.9506145883842811,0.8557135290392971,2.5,2.463,tp,65
2022-02-21 23:35:00,2022-02-22 07:35:00,S,0.8687,0.8301,0.8936575058579553,0.8063062353551118,1.547,1.508,time,96
2022-02-22 16:20:00,2022-02-22 19:55:00,S,0.8656,0.8910430244860723,0.8910430244860723,0.8019924387848194,-1.0,-1.037,sl,43
2022-02-23 02:15:00,2022-02-23 10:15:00,L,0.9082,0.9254,0.8756197599772412,0.9896506000568971,0.528,0.497,time,96
2022-02-23 11:25:00,2022-02-23 13:05:00,L,0.9315,0.95314089397408,0.922843642410368,0.95314089397408,2.5,2.382,tp,20
2022-02-23 13:10:00,2022-02-23 14:50:00,L,0.9456,0.9270063462951035,0.9270063462951035,0.9920841342622413,-1.0,-1.056,sl,20
2022-02-23 17:20:00,2022-02-23 19:25:00,L,0.9551,0.9102468162739298,0.9102468162739298,1.0672329593151755,-1.0,-1.023,sl,25
2022-02-23 19:35:00,2022-02-24 02:55:00,S,0.9037,0.8383533399794062,0.9298386640082374,0.8383533399794062,2.5,2.462,tp,88
2022-02-24 03:00:00,2022-02-24 11:00:00,S,0.8288,0.7557,0.866630034865559,0.7342249128361025,1.932,1.908,time,96
2022-02-24 11:30:00,2022-02-24 13:30:00,S,0.7501,0.7680907829025773,0.7680907829025773,0.7051230427435569,-1.0,-1.046,sl,24
2022-02-24 19:40:00,2022-02-25 03:40:00,L,0.8435,0.8551,0.8010926401577007,0.9495183996057485,0.274,0.252,time,96
2022-02-25 05:15:00,2022-02-25 12:00:00,S,0.8319,0.8555108212865242,0.8555108212865242,0.7728729467836893,-1.0,-1.039,sl,81
2022-02-25 12:05:00,2022-02-25 20:05:00,L,0.8657,0.8705,0.8353889029274788,0.941477742681303,0.158,0.127,time,96
2022-02-25 21:15:00,2022-02-26 00:35:00,L,0.8851,0.9235002311900897,0.8697399075239641,0.9235002311900897,2.5,2.437,tp,40
2022-02-26 00:40:00,2022-02-26 08:40:00,L,0.9172,0.9008,0.8905195538004363,0.9839011154989092,-0.615,-0.652,time,96
2022-02-26 15:40:00,2022-02-26 16:35:00,L,0.9042,0.8921603406992279,0.8921603406992279,0.9342991482519303,-1.0,-1.083,sl,11
2022-02-27 00:30:00,2022-02-27 08:30:00,S,0.8736,0.8855,0.890653600195511,0.8309659995112226,-0.698,-0.754,time,96
2022-02-27 08:35:00,2022-02-27 16:35:00,L,0.8855,0.8905,0.8715981571937067,0.9202546070157331,0.36,0.29,time,96
2022-02-27 18:05:00,2022-02-27 19:25:00,S,0.8818,0.8613412173255921,0.8899835130697632,0.8613412173255921,2.5,2.381,tp,16
2022-02-27 19:30:00,2022-02-28 03:30:00,S,0.8631,0.8779,0.883165824767858,0.812935438080355,-0.738,-0.785,time,96
2022-02-28 03:45:00,2022-02-28 06:10:00,L,0.8805,0.8603764804345038,0.8603764804345038,0.9308087989137404,-1.0,-1.048,sl,29
2022-02-28 06:15:00,2022-02-28 07:20:00,S,0.8627,0.8791912365855845,0.8791912365855845,0.8214719085360388,-1.0,-1.058,sl,13
2022-02-28 07:45:00,2022-02-28 15:45:00,L,0.8866,0.9287,0.8611100932774813,0.9503247668062969,1.652,1.613,time,96
2022-02-28 16:00:00,2022-03-01 00:00:00,L,0.9398,0.9772,0.9026165615634582,1.0327585960913546,1.006,0.978,time,96
2022-03-01 00:05:00,2022-03-01 08:05:00,L,0.9772,0.9662,0.944869301758801,1.0580267456029973,-0.34,-0.373,time,96
2022-03-01 13:55:00,2022-03-01 15:40:00,L,0.9884,0.9628314379364249,0.9628314379364249,1.0523214051589376,-1.0,-1.043,sl,21
2022-03-02 04:10:00,2022-03-02 07:00:00,L,0.9704,0.9477937920875913,0.9477937920875913,1.026915519781022,-1.0,-1.047,sl,34
2022-03-02 08:20:00,2022-03-02 13:30:00,L,0.9637,0.9453187957414643,0.9453187957414643,1.0096530106463393,-1.0,-1.058,sl,62
2022-03-02 13:35:00,2022-03-02 14:40:00,S,0.946,0.9670360530825194,0.9670360530825194,0.8934098672937014,-1.0,-1.049,sl,13
2022-03-02 18:20:00,2022-03-03 02:20:00,S,0.9387,0.9324,0.9528409924184735,0.903347518953816,0.446,0.372,time,96
2022-03-03 02:35:00,2022-03-03 10:35:00,S,0.9275,0.9086,0.9383476101371119,0.9003809746572202,1.742,1.648,time,96
2022-03-03 14:50:00,2022-03-03 22:50:00,S,0.9137,0.905,0.9377576464019608,0.8535558839950979,0.362,0.32,time,96
2022-03-04 00:35:00,2022-03-04 08:35:00,S,0.8937,0.8729,0.9075414443874895,0.8590963890312764,1.503,1.432,time,96
2022-03-04 08:40:00,2022-03-04 10:10:00,S,0.8729,0.883495178441859,0.883495178441859,0.8464120538953526,-1.0,-1.091,sl,18
2022-03-04 14:50:00,2022-03-04 22:50:00,S,0.8674,0.8417,0.8869303174063669,0.8185742064840826,1.316,1.267,time,96
2022-03-05 00:45:00,2022-03-05 05:45:00,S,0.8252,0.8466064553027225,0.8466064553027225,0.7716838617431939,-1.0,-1.042,sl,60
2022-03-05 12:40:00,2022-03-05 13:30:00,L,0.8777,0.8627876301830406,0.8627876301830406,0.9149809245423985,-1.0,-1.065,sl,10
2022-03-05 13:40:00,2022-03-05 21:40:00,S,0.8593,0.8702,0.8814379568617365,0.8039551078456585,-0.492,-0.535,time,96
2022-03-05 22:10:00,2022-03-06 06:10:00,S,0.8618,0.8555,0.872525891506217,0.8349852712344576,0.587,0.499,time,96
2022-03-06 08:25:00,2022-03-06 09:55:00,S,0.8512,0.8367186224686112,0.8569925510125554,0.8367186224686112,2.5,2.338,tp,18
2022-03-06 10:00:00,2022-03-06 18:00:00,S,0.8361,0.8408,0.8507641446340627,0.7994396384148431,-0.321,-0.383,time,96
2022-03-06 19:05:00,2022-03-06 21:10:00,S,0.8367,0.844500096889341,0.844500096889341,0.8171997577766474,-1.0,-1.118,sl,25
2022-03-06 23:15:00,2022-03-07 07:15:00,S,0.8306,0.8165,0.8460756181975044,0.7919109545062389,0.911,0.852,time,96
2022-03-07 07:40:00,2022-03-07 12:00:00,S,0.8078,0.8191996534404702,0.8191996534404702,0.7793008663988243,-1.0,-1.078,sl,52
2022-03-07 13:15:00,2022-03-07 18:00:00,L,0.8344,0.8201943406845695,0.8201943406845695,0.8699141482885763,-1.0,-1.065,sl,57
2022-03-07 18:05:00,2022-03-07 19:50:00,S,0.8193,0.7846463758972646,0.8331614496410942,0.7846463758972646,2.5,2.435,tp,21
2022-03-07 19:55:00,2022-03-08 03:55:00,S,0.7838,0.8108,0.8165163506621677,0.7020091233445811,-0.825,-0.852,time,96
2022-03-08 05:35:00,2022-03-08 08:25:00,S,0.7984,0.8095312471968568,0.8095312471968568,0.7705718820078581,-1.0,-1.079,sl,34
2022-03-08 12:55:00,2022-03-08 18:00:00,S,0.8038,0.8142090432372877,0.8142090432372877,0.7777773919067805,-1.0,-1.085,sl,61
2022-03-08 20:35:00,2022-03-09 00:45:00,S,0.7959,0.8047472457921628,0.8047472457921628,0.773781885519593,-1.0,-1.099,sl,50
2022-03-09 02:30:00,2022-03-09 03:30:00,L,0.8127,0.8319795879414748,0.8049881648234101,0.8319795879414748,2.5,2.384,tp,12
2022-03-09 03:35:00,2022-03-09 11:35:00,L,0.8317,0.8481,0.809353732908424,0.8875656677289399,0.734,0.693,time,96
2022-03-09 16:00:00,2022-03-09 18:20:00,L,0.8566,0.8414151379993804,0.8414151379993804,0.8945621550015491,-1.0,-1.062,sl,28
2022-03-10 00:10:00,2022-03-10 01:00:00,L,0.8486,0.8405996876557363,0.8405996876557363,0.8686007808606593,-1.0,-1.117,sl,10
2022-03-10 01:50:00,2022-03-10 09:50:00,S,0.8264,0.8073,0.8483281561459397,0.7715796096351508,0.871,0.83,time,96
2022-03-11 00:10:00,2022-03-11 08:10:00,S,0.8016,0.8061,0.8107076124276369,0.7788309689309076,-0.494,-0.591,time,96
2022-03-11 11:35:00,2022-03-11 15:15:00,L,0.8081,0.7952752893810551,0.7952752893810551,0.8401617765473625,-1.0,-1.069,sl,44
2022-03-11 15:20:00,2022-03-11 23:20:00,S,0.7941,0.7916,0.8093184537027679,0.7560538657430804,0.164,0.107,time,96
2022-03-12 04:00:00,2022-03-12 06:00:00,S,0.792,0.7982724472513407,0.7982724472513407,0.7763188818716483,-1.0,-1.139,sl,24
2022-03-12 12:05:00,2022-03-12 16:45:00,S,0.7915,0.7970364094305447,0.7970364094305447,0.7776589764236383,-1.0,-1.157,sl,56
2022-03-12 23:55:00,2022-03-13 01:15:00,S,0.789,0.7950220482884474,0.7950220482884474,0.7739448792788817,-1.0,-1.144,sl,16
2022-03-13 03:05:00,2022-03-13 05:55:00,L,0.7964,0.7942634172373441,0.7942634172373441,0.8017414569066399,-1.0,-1.41,sl,34
2022-03-13 08:05:00,2022-03-13 12:25:00,S,0.7929,0.78197314158107,0.7972707433675721,0.78197314158107,2.5,2.3,tp,52
2022-03-13 12:30:00,2022-03-13 12:55:00,S,0.7833,0.7911236371856817,0.7911236371856817,0.7637409070357958,-1.0,-1.11,sl,5
2022-03-13 13:10:00,2022-03-13 21:10:00,L,0.8042,0.8017,0.776619661877097,0.8731508453072576,-0.091,-0.123,time,96
2022-03-13 22:50:00,2022-03-14 04:10:00,S,0.7889,0.8029901952071555,0.8029901952071555,0.7536745119821113,-1.0,-1.062,sl,64
2022-03-14 04:20:00,2022-03-14 12:20:00,L,0.8038,0.7975,0.7853163661397718,0.8500090846505702,-0.341,-0.389,time,96
2022-03-14 12:35:00,2022-03-14 13:00:00,S,0.7966,0.8016840828670395,0.8016840828670395,0.7838897928324011,-1.0,-1.172,sl,5
2022-03-14 13:30:00,2022-03-14 21:30:00,S,0.7951,0.7962,0.8025731515311759,0.7764171211720603,-0.147,-0.264,time,96
2022-03-14 22:15:00,2022-03-15 03:05:00,L,0.7979,0.7916809441933661,0.7916809441933661,0.8134476395165849,-1.0,-1.141,sl,58
2022-03-15 03:10:00,2022-03-15 06:15:00,S,0.7915,0.7981594581743379,0.7981594581743379,0.7748513545641553,-1.0,-1.131,sl,37
2022-03-15 07:15:00,2022-03-15 15:15:00,S,0.784,0.8003,0.8011524132596594,0.7411189668508518,-0.95,-1.001,time,96
2022-03-15 15:25:00,2022-03-15 23:25:00,L,0.7995,0.7997,0.7887085372290571,0.8264786569273572,0.019,-0.063,time,96
2022-03-16 02:10:00,2022-03-16 03:15:00,L,0.8247,0.7991598091544135,0.7991598091544135,0.8885504771139661,-1.0,-1.036,sl,13
2022-03-16 04:20:00,2022-03-16 08:35:00,S,0.7986,0.8098658866697312,0.8098658866697312,0.7704352833256718,-1.0,-1.078,sl,51
2022-03-16 08:40:00,2022-03-16 16:40:00,L,0.8127,0.8147,0.7991678091327972,0.846530477168007,0.148,0.082,time,96
2022-03-16 19:20:00,2022-03-17 03:20:00,L,0.8235,0.8431,0.7976903394245727,0.8880241514385683,0.759,0.724,time,96
2022-03-17 04:20:00,2022-03-17 06:45:00,L,0.8535,0.8411187016735762,0.8411187016735762,0.8844532458160597,-1.0,-1.076,sl,29
2022-03-17 13:05:00,2022-03-17 17:05:00,L,0.8495,0.83966260081695,0.83966260081695,0.8740934979576251,-1.0,-1.095,sl,48
2022-03-17 22:05:00,2022-03-18 00:05:00,L,0.8377,0.8306214990603122,0.8306214990603122,0.8553962523492193,-1.0,-1.13,sl,24
2022-03-18 06:10:00,2022-03-18 06:30:00,L,0.8357,0.8309718323811287,0.8309718323811287,0.8475204190471782,-1.0,-1.194,sl,4
2022-03-18 07:55:00,2022-03-18 12:40:00,S,0.8257,0.831236358569005,0.831236358569005,0.8118591035774874,-1.0,-1.164,sl,57
2022-03-18 14:30:00,2022-03-18 22:30:00,L,0.8379,0.8507,0.8240135377383402,0.8726161556541494,0.922,0.855,time,96
2022-03-19 00:40:00,2022-03-19 08:40:00,L,0.8582,0.8642,0.8502316253016868,0.8781209367457827,0.753,0.635,time,96
2022-03-19 11:25:00,2022-03-19 14:45:00,L,0.8669,0.8861082625000469,0.8592166949999812,0.8861082625000469,2.5,2.376,tp,40
2022-03-19 14:50:00,2022-03-19 22:50:00,L,0.889,0.8951,0.8731976215123817,0.9285059462190459,0.386,0.324,time,96
2022-03-20 00:10:00,2022-03-20 00:30:00,L,0.9063,0.8925736193321877,0.8925736193321877,0.9406159516695307,-1.0,-1.073,sl,4
2022-03-20 04:10:00,2022-03-20 09:25:00,L,0.9007,0.8878314402856119,0.8878314402856119,0.9328713992859701,-1.0,-1.077,sl,63
2022-03-20 15:30:00,2022-03-20 20:10:00,S,0.8731,0.8858256679766037,0.8858256679766037,0.8412858300584908,-1.0,-1.075,sl,56
2022-03-21 01:15:00,2022-03-21 02:25:00,L,0.8914,0.8737009357745182,0.8737009357745182,0.9356476605637043,-1.0,-1.055,sl,14
2022-03-21 02:35:00,2022-03-21 05:50:00,S,0.8646,0.8846851186878912,0.8846851186878912,0.814387203280272,-1.0,-1.047,sl,39
2022-03-21 05:55:00,2022-03-21 13:40:00,L,0.8839,0.9067670890495334,0.8747531643801867,0.9067670890495334,2.5,2.394,tp,93
2022-03-21 16:05:00,2022-03-22 00:05:00,L,0.914,0.9144,0.8943950237403995,0.9630124406490015,0.02,-0.031,time,96
2022-03-22 02:30:00,2022-03-22 10:30:00,L,0.9218,0.9463,0.9078805556151177,0.9565986109622056,1.76,1.687,time,96
2022-03-22 10:55:00,2022-03-22 13:20:00,L,0.9476,0.9684185176689977,0.939272592932401,0.9684185176689977,2.5,2.375,tp,29
2022-03-22 13:25:00,2022-03-22 21:25:00,L,0.9706,0.9684,0.950139304468587,1.0217517388285327,-0.108,-0.16,time,96
2022-03-22 21:40:00,2022-03-23 04:15:00,L,0.9773,0.9609207582842911,0.9609207582842911,1.018248104289272,-1.0,-1.066,sl,79
2022-03-23 07:50:00,2022-03-23 08:05:00,L,0.9711,0.9650197925202567,0.9650197925202567,0.9863005186993581,-1.0,-1.176,sl,3
2022-03-23 10:40:00,2022-03-23 13:00:00,L,0.9791,1.0083487998122365,0.9674004800751054,1.0083487998122365,2.5,2.408,tp,28
2022-03-23 13:05:00,2022-03-23 21:05:00,L,1.007,1.0658,0.9694268269423171,1.100932932644207,1.565,1.535,time,96
2022-03-23 23:05:00,2022-03-24 07:05:00,L,1.0816,1.109,1.06309674398593,1.1278581400351746,1.481,1.417,time,96
2022-03-24 07:35:00,2022-03-24 12:05:00,L,1.1149,1.1538146543097296,1.0993341382761082,1.1538146543097296,2.5,2.421,tp,54
2022-03-24 12:10:00,2022-03-24 20:10:00,L,1.1538,1.163,1.1222184113133737,1.2327539717165654,0.291,0.251,time,96
2022-03-25 03:00:00,2022-03-25 11:00:00,L,1.1381,1.131,1.1124834026605235,1.202141493348691,-0.277,-0.326,time,96
2022-03-25 11:40:00,2022-03-25 14:15:00,L,1.1423,1.1218654453607817,1.1218654453607817,1.193386386598046,-1.0,-1.061,sl,31
2022-03-25 15:10:00,2022-03-25 23:10:00,S,1.1158,1.1004,1.1378139223892973,1.0607651940267564,0.7,0.644,time,96
2022-03-26 01:00:00,2022-03-26 03:40:00,S,1.0859,1.1054460562705506,1.1054460562705506,1.0370348593236238,-1.0,-1.061,sl,32
2022-03-26 03:45:00,2022-03-26 11:45:00,L,1.1071,1.1256,1.0899884237343351,1.149878940664162,1.081,1.01,time,96
2022-03-26 12:10:00,2022-03-26 12:30:00,L,1.1344,1.1193703293494601,1.1193703293494601,1.17197417662635,-1.0,-1.083,sl,4
2022-03-26 20:35:00,2022-03-27 04:35:00,L,1.1389,1.1348,1.1248081075508642,1.1741297311228394,-0.291,-0.38,time,96
2022-03-27 12:20:00,2022-03-27 16:35:00,S,1.1226,1.1367277141014138,1.1367277141014138,1.0872807147464656,-1.0,-1.087,sl,51
2022-03-27 20:40:00,2022-03-28 04:40:00,L,1.1431,1.175,1.1200600799514757,1.2006998001213107,1.385,1.33,time,96
2022-03-28 05:05:00,2022-03-28 13:05:00,L,1.188,1.2361669773033048,1.168733209078678,1.2361669773033048,2.5,2.432,tp,96
2022-03-28 13:10:00,2022-03-28 21:10:00,L,1.2349,1.2296,1.1956719832533702,1.3329700418665749,-0.135,-0.17,time,96
2022-03-28 23:55:00,2022-03-29 01:40:00,S,1.1632,1.1992131374003212,1.1992131374003212,1.073167156499197,-1.0,-1.036,sl,21
2022-03-29 02:15:00,2022-03-29 10:15:00,L,1.2024,1.2134,1.1889503721010117,1.2360240697474705,0.818,0.72,time,96
2022-03-29 12:10:00,2022-03-29 13:40:00,L,1.2339,1.2162508190713162,1.2162508190713162,1.2780229523217095,-1.0,-1.077,sl,18
2022-03-29 17:20:00,2022-03-29 19:10:00,S,1.1794,1.2005030573561328,1.2005030573561328,1.126642356609668,-1.0,-1.061,sl,22
2022-03-29 19:20:00,2022-03-29 21:40:00,L,1.2059,1.1822551976489974,1.1822551976489974,1.2650120058775063,-1.0,-1.056,sl,28
2022-03-29 21:45:00,2022-03-30 05:45:00,S,1.1848,1.1864,1.1977338146683245,1.152465463329189,-0.124,-0.224,time,96
2022-03-30 06:15:00,2022-03-30 13:20:00,L,1.1971,1.1806811397587618,1.1806811397587618,1.2381471506030959,-1.0,-1.08,sl,85
2022-03-30 13:25:00,2022-03-30 16:15:00,S,1.1813,1.1921796147459973,1.1921796147459973,1.1541009631350068,-1.0,-1.119,sl,34
2022-03-30 16:20:00,2022-03-31 00:20:00,L,1.1971,1.1874,1.166454049900477,1.2737148752488077,-0.317,-0.359,time,96
2022-03-31 09:00:00,2022-03-31 12:00:00,L,1.2138,1.2058365064909529,1.2058365064909529,1.2337087337726178,-1.0,-1.168,sl,36
2022-03-31 13:35:00,2022-03-31 14:00:00,S,1.2031,1.166509259920311,1.2177362960318756,1.166509259920311,2.5,2.41,tp,5
2022-03-31 14:05:00,2022-03-31 22:05:00,S,1.1596,1.1582,1.2181075510389747,1.0133311224025632,0.024,0.002,time,96
2022-03-31 23:45:00,2022-04-01 07:45:00,S,1.1421,1.1457,1.161322775189917,1.0940430620252073,-0.187,-0.253,time,96
2022-04-01 11:50:00,2022-04-01 14:05:00,S,1.1338,1.1504882793815885,1.1504882793815885,1.0920793015460286,-1.0,-1.075,sl,27
2022-04-01 14:10:00,2022-04-01 22:10:00,L,1.1495,1.1693,1.1294329906733591,1.199667523316602,0.987,0.924,time,96
2022-04-02 00:50:00,2022-04-02 08:50:00,L,1.1748,1.1841,1.1561445564232364,1.2214386089419091,0.499,0.429,time,96
2022-04-02 10:40:00,2022-04-02 12:00:00,L,1.1914,1.1806161711734184,1.1806161711734184,1.218359572066454,-1.0,-1.122,sl,16
2022-04-02 15:10:00,2022-04-02 23:10:00,S,1.1725,1.1703,1.1862612673989803,1.1380968315025495,0.16,0.066,time,96
2022-04-02 23:55:00,2022-04-03 06:05:00,S,1.1544,1.1740847030821489,1.1740847030821489,1.1051882422946282,-1.0,-1.065,sl,74
2022-04-03 06:10:00,2022-04-03 07:15:00,L,1.1732,1.1659887452770807,1.1659887452770807,1.191228136807298,-1.0,-1.179,sl,13
2022-04-03 09:05:00,2022-04-03 11:40:00,S,1.1614,1.1717191737363484,1.1717191737363484,1.135602065659129,-1.0,-1.124,sl,31
2022-04-03 12:20:00,2022-04-03 20:20:00,L,1.1792,1.1812,1.167158838563718,1.2093029035907052,0.166,0.058,time,96
2022-04-03 22:05:00,2022-04-04 00:20:00,L,1.1886,1.1771115328950161,1.1771115328950161,1.21732116776246,-1.0,-1.114,sl,27
2022-04-04 00:25:00,2022-04-04 05:35:00,S,1.1787,1.189001882596912,1.189001882596912,1.1529452935077202,-1.0,-1.126,sl,62
2022-04-04 05:45:00,2022-04-04 13:45:00,L,1.1989,1.2168,1.1798381677354783,1.2465545806613045,0.939,0.87,time,96
2022-04-04 14:10:00,2022-04-04 17:00:00,L,1.2295,1.1937132416477985,1.1937132416477985,1.318966895880504,-1.0,-1.038,sl,34
2022-04-04 17:10:00,2022-04-05 01:10:00,S,1.1885,1.205,1.2210915329578147,1.1070211676054629,-0.506,-0.546,time,96
2022-04-05 11:45:00,2022-04-05 13:10:00,L,1.2099,1.199039609489697,1.199039609489697,1.2370509762757576,-1.0,-1.123,sl,17
2022-04-05 14:10:00,2022-04-05 22:10:00,S,1.1857,1.1883,1.2082913577521672,1.1292216056195818,-0.115,-0.173,time,96
2022-04-05 23:10:00,2022-04-06 00:10:00,S,1.1775,1.1456138412460979,1.1902544635015608,1.1456138412460979,2.5,2.398,tp,12
2022-04-06 00:15:00,2022-04-06 08:15:00,S,1.1485,1.1407,1.1808366194439017,1.0676584513902458,0.241,0.202,time,96
2022-04-06 09:55:00,2022-04-06 09:55:00,S,1.1365,1.1436141076154847,1.1436141076154847,1.1187147309612886,-1.0,-1.176,sl,0
2022-04-06 10:20:00,2022-04-06 15:15:00,S,1.1319,1.0939245989172794,1.147090160433088,1.0939245989172794,2.5,2.418,tp,59
2022-04-06 15:20:00,2022-04-06 23:20:00,S,1.0938,1.0694,1.1178016112473679,1.0337959718815806,1.017,0.966,time,96
2022-04-06 23:40:00,2022-04-07 07:25:00,S,1.0611,1.0846095003059817,1.0846095003059817,1.0023262492350455,-1.0,-1.05,sl,93
2022-04-07 13:30:00,2022-04-07 18:25:00,S,1.0781,1.0914248770290476,1.0914248770290476,1.0447878074273813,-1.0,-1.089,sl,59
2022-04-08 11:25:00,2022-04-08 13:25:00,S,1.08,1.053766234403641,1.0904935062385437,1.053766234403641,2.5,2.387,tp,24
2022-04-08 13:30:00,2022-04-08 14:30:00,S,1.0547,1.076391443519074,1.076391443519074,1.0004713912023149,-1.0,-1.053,sl,12
2022-04-08 17:20:00,2022-04-08 23:10:00,S,1.0588,1.0207985431069164,1.0740005827572334,1.0207985431069164,2.5,2.423,tp,70
2022-04-08 23:15:00,2022-04-09 07:15:00,S,1.0245,1.0365,1.041793652951697,0.9812658676207576,-0.694,-0.759,time,96
2022-04-09 10:30:00,2022-04-09 12:30:00,S,1.0296,1.0399575642211853,1.0399575642211853,1.0037060894470369,-1.0,-1.109,sl,24
2022-04-09 14:20:00,2022-04-09 22:20:00,S,1.0356,1.0352,1.0433164347936847,1.0163089130157883,0.052,-0.096,time,96
2022-04-10 02:10:00,2022-04-10 05:55:00,L,1.049,1.0391759114893324,1.0391759114893324,1.0735602212766686,-1.0,-1.117,sl,45
2022-04-10 06:00:00,2022-04-10 14:00:00,S,1.0394,1.0314,1.0487014593425368,1.0161463516436584,0.86,0.737,time,96
2022-04-10 16:35:00,2022-04-10 17:35:00,L,1.0434,1.055633651067681,1.0385065395729278,1.055633651067681,2.5,2.265,tp,12
2022-04-10 17:40:00,2022-04-10 22:25:00,L,1.0577,1.0421281824282294,1.0421281824282294,1.096629543929427,-1.0,-1.075,sl,57
2022-04-10 22:30:00,2022-04-11 06:30:00,S,1.0416,1.0131,1.06722204869626,0.9775448782593502,1.112,1.068,time,96
2022-04-11 09:15:00,2022-04-11 09:55:00,S,1.0045,0.9704879592765338,1.0181048162893864,0.9704879592765338,2.5,2.419,tp,8
2022-04-11 10:00:00,2022-04-11 18:00:00,S,0.9676,0.9481,1.014354690351546,0.8507132741211353,0.417,0.394,time,96
2022-04-11 20:10:00,2022-04-12 04:10:00,S,0.9394,0.9238,0.9595507317058877,0.8890231707352809,0.774,0.723,time,96
2022-04-12 09:25:00,2022-04-12 11:25:00,S,0.9425,0.9550197636352815,0.9550197636352815,0.9112005909117962,-1.0,-1.083,sl,24
2022-04-12 12:10:00,2022-04-12 14:25:00,L,0.967,0.9455938674243753,0.9455938674243753,1.0205153314390616,-1.0,-1.05,sl,27
2022-04-12 14:30:00,2022-04-12 22:30:00,S,0.9459,0.9456,0.9724589471235401,0.8795026321911497,0.011,-0.028,time,96
2022-04-13 10:30:00,2022-04-13 13:40:00,S,0.9446,0.9549550209225077,0.9549550209225077,0.9187124476937307,-1.0,-1.1,sl,38
2022-04-13 13:45:00,2022-04-13 21:45:00,L,0.956,0.9675,0.9327326481080178,1.0141683797299552,0.494,0.449,time,96
2022-04-13 23:15:00,2022-04-14 07:05:00,L,0.9776,0.9665960538766596,0.9665960538766596,1.0051098653083512,-1.0,-1.098,sl,94
2022-04-14 08:15:00,2022-04-14 09:10:00,L,0.9728,0.964399589487524,0.964399589487524,0.9938010262811899,-1.0,-1.127,sl,11
2022-04-14 10:50:00,2022-04-14 16:30:00,S,0.9555,0.9275806983294328,0.9666677206682269,0.9275806983294328,2.5,2.406,tp,68
2022-04-14 16:35:00,2022-04-15 00:35:00,S,0.9283,0.932,0.9435201706548927,0.8902495733627683,-0.243,-0.31,time,96
2022-04-15 06:50:00,2022-04-15 07:50:00,S,0.9439,0.9537377050273107,0.9537377050273107,0.9193057374317231,-1.0,-1.106,sl,12
2022-04-15 14:55:00,2022-04-15 22:55:00,L,0.9536,0.9523,0.9349582050871528,1.000204487282118,-0.07,-0.126,time,96
2022-04-16 01:00:00,2022-04-16 09:00:00,L,0.9577,0.953,0.9509392230742698,0.9746019423143255,-0.695,-0.851,time,96
2022-04-16 09:05:00,2022-04-16 15:35:00,S,0.953,0.9394456742369001,0.9584217303052399,0.9394456742369001,2.5,2.307,tp,78
2022-04-16 15:40:00,2022-04-16 23:40:00,S,0.9377,0.953,0.9580228118955118,0.8868929702612205,-0.753,-0.804,time,96
2022-04-17 02:30:00,2022-04-17 10:00:00,S,0.9454,0.950733479048886,0.950733479048886,0.9320663023777849,-1.0,-1.195,sl,90
2022-04-17 11:55:00,2022-04-17 16:55:00,L,0.9537,0.9484724518611826,0.9484724518611826,0.9667688703470436,-1.0,-1.201,sl,60
2022-04-17 17:00:00,2022-04-17 23:05:00,S,0.9481,0.927111980414608,0.9564952078341569,0.927111980414608,2.5,2.376,tp,73
2022-04-17 23:10:00,2022-04-18 04:20:00,S,0.9271,0.8852845871700142,0.9438261651319944,0.8852845871700142,2.5,2.439,tp,62
2022-04-18 04:25:00,2022-04-18 12:25:00,S,0.8863,0.8968,0.9248647498182002,0.7898881254544994,-0.272,-0.298,time,96
2022-04-18 16:15:00,2022-04-18 16:35:00,S,0.892,0.9019720627235344,0.9019720627235344,0.8670698431911641,-1.0,-1.098,sl,4
2022-04-18 18:20:00,2022-04-19 02:20:00,L,0.9324,0.9381,0.9111957445861396,0.985410638534651,0.269,0.22,time,96
2022-04-19 11:00:00,2022-04-19 13:50:00,L,0.9322,0.9441208811313624,0.9274316475474551,0.9441208811313624,2.5,2.285,tp,34
2022-04-19 13:55:00,2022-04-19 21:55:00,L,0.9447,0.9476,0.9302389896560115,0.9808525258599712,0.201,0.129,time,96
2022-04-19 22:10:00,2022-04-20 00:25:00,L,0.9486,0.9417230370183425,0.9417230370183425,0.9657924074541437,-1.0,-1.152,sl,27
2022-04-20 05:55:00,2022-04-20 10:30:00,L,0.9454,0.9622820440760456,0.9386471823695818,0.9622820440760456,2.5,2.346,tp,55
2022-04-20 10:35:00,2022-04-20 15:00:00,L,0.9614,0.949599439409172,0.949599439409172,0.9909014014770701,-1.0,-1.09,sl,53
2022-04-20 18:40:00,2022-04-21 01:35:00,S,0.9374,0.9459260120674192,0.9459260120674192,0.9160849698314519,-1.0,-1.121,sl,83
2022-04-21 01:40:00,2022-04-21 05:40:00,L,0.9456,0.9385281882394946,0.9385281882394946,0.9632795294012635,-1.0,-1.147,sl,48
2022-04-21 05:45:00,2022-04-21 07:55:00,S,0.9389,0.9488743334398647,0.9488743334398647,0.9139641664003381,-1.0,-1.104,sl,26
2022-04-21 08:00:00,2022-04-21 16:00:00,L,0.9493,0.9526,0.9372887436542088,0.9793281408644782,0.275,0.188,time,96
2022-04-21 17:05:00,2022-04-21 20:35:00,S,0.9464,0.924295300107614,0.9552418799569544,0.924295300107614,2.5,2.382,tp,42
2022-04-21 20:40:00,2022-04-22 04:40:00,S,0.9157,0.9167,0.9385017707057162,0.8586955732357094,-0.044,-0.088,time,96
2022-04-22 07:25:00,2022-04-22 15:25:00,S,0.9125,0.9042,0.9242784755590298,0.8830538111024255,0.705,0.619,time,96
2022-04-22 15:50:00,2022-04-22 23:50:00,S,0.9007,0.9073,0.9103814335890984,0.8764964160272538,-0.682,-0.784,time,96
2022-04-23 01:00:00,2022-04-23 09:00:00,S,0.8998,0.8985,0.912616135617739,0.8677596609556526,0.101,0.024,time,96
2022-04-23 12:10:00,2022-04-23 15:25:00,S,0.8967,0.9023293942225101,0.9023293942225101,0.8826265144437249,-1.0,-1.175,sl,39
2022-04-23 19:25:00,2022-04-23 23:35:00,S,0.8979,0.8866855725792793,0.9023857709682883,0.8866855725792793,2.5,2.28,tp,50
2022-04-23 23:40:00,2022-04-24 07:40:00,S,0.8888,0.8959,0.9012275255239292,0.8577311861901773,-0.571,-0.65,time,96
2022-04-24 07:50:00,2022-04-24 11:25:00,S,0.8943,0.8865771545759362,0.8973891381696255,0.8865771545759362,2.5,2.182,tp,43
2022-04-24 11:30:00,2022-04-24 14:50:00,S,0.8882,0.8928353817814823,0.8928353817814823,0.8766115455462944,-1.0,-1.211,sl,40
2022-04-24 16:55:00,2022-04-25 00:55:00,S,0.8819,0.8585,0.8950987644301115,0.8489030889247213,1.773,1.699,time,96
2022-04-25 06:10:00,2022-04-25 07:00:00,S,0.859,0.8318106418451414,0.8698757432619434,0.8318106418451414,2.5,2.413,tp,10
2022-04-25 07:05:00,2022-04-25 12:20:00,S,0.8312,0.8627508311251758,0.8627508311251758,0.7523229221870606,-1.0,-1.029,sl,63
2022-04-25 18:50:00,2022-04-26 02:50:00,L,0.8783,0.8862,0.8672227825836287,0.905993043540928,0.713,0.626,time,96
2022-04-26 04:35:00,2022-04-26 07:00:00,L,0.8929,0.8865622822268175,0.8865622822268175,0.9087442944329562,-1.0,-1.155,sl,29
2022-04-26 08:25:00,2022-04-26 10:45:00,L,0.8967,0.8860940388722334,0.8860940388722334,0.9232149028194168,-1.0,-1.093,sl,28
2022-04-26 12:50:00,2022-04-26 14:00:00,S,0.8804,0.8585790784261476,0.8891283686295409,0.8585790784261476,2.5,2.389,tp,14
2022-04-26 14:05:00,2022-04-26 19:30:00,S,0.8618,0.8191156553223999,0.8788737378710401,0.8191156553223999,2.5,2.444,tp,65
2022-04-26 19:35:00,2022-04-26 21:50:00,S,0.8183,0.8376886709691465,0.8376886709691465,0.769828322577134,-1.0,-1.046,sl,27
2022-04-26 23:20:00,2022-04-27 07:00:00,S,0.8163,0.8429682419350291,0.8429682419350291,0.7496293951624274,-1.0,-1.034,sl,92
2022-04-27 11:15:00,2022-04-27 13:20:00,S,0.8346,0.8470961183133479,0.8470961183133479,0.8033597042166304,-1.0,-1.073,sl,25
2022-04-27 14:35:00,2022-04-27 22:35:00,S,0.8336,0.8387,0.8564094366477852,0.7765764083805369,-0.224,-0.264,time,96
2022-04-28 00:30:00,2022-04-28 00:50:00,S,0.8386,0.8426333994408557,0.8426333994408557,0.8285165013978608,-1.0,-1.229,sl,4
2022-04-28 01:55:00,2022-04-28 08:30:00,S,0.8358,0.8471252396866432,0.8471252396866432,0.8074869007833919,-1.0,-1.081,sl,79
2022-04-28 08:35:00,2022-04-28 12:55:00,L,0.8478,0.8378791136492492,0.8378791136492492,0.8726022158768771,-1.0,-1.094,sl,52
2022-04-28 13:00:00,2022-04-28 21:00:00,S,0.8387,0.8428,0.8496508589435936,0.811322852641016,-0.374,-0.459,time,96
2022-04-28 21:10:00,2022-04-29 02:55:00,L,0.8505,0.835989937130229,0.835989937130229,0.8867751571744278,-1.0,-1.064,sl,69
2022-04-29 03:00:00,2022-04-29 10:25:00,S,0.8358,0.8172489320223435,0.8432204271910626,0.8172489320223435,2.5,2.376,tp,89
2022-04-29 10:30:00,2022-04-29 18:30:00,S,0.8189,0.8096,0.826159816400286,0.8007504589992849,1.281,1.157,time,96
2022-04-29 18:45:00,2022-04-30 00:25:00,S,0.8032,0.8115097255173925,0.8115097255173925,0.7824256862065188,-1.0,-1.106,sl,68
2022-04-30 08:30:00,2022-04-30 14:20:00,S,0.8112,0.7964422423541349,0.8171031030583461,0.7964422423541349,2.5,2.349,tp,70
2022-04-30 14:25:00,2022-04-30 22:25:00,S,0.7976,0.7771,0.8105634423638844,0.7651913940902888,1.581,1.514,time,96
2022-04-30 23:00:00,2022-05-01 07:00:00,S,0.766,0.7685,0.7806163406571451,0.7294591483571372,-0.171,-0.229,time,96
2022-05-01 15:35:00,2022-05-01 20:00:00,L,0.7811,0.7673691874058871,0.7673691874058871,0.8154270314852823,-1.0,-1.063,sl,53
2022-05-01 20:05:00,2022-05-01 20:55:00,S,0.7721,0.7785308915593433,0.7785308915593433,0.7560227711016418,-1.0,-1.132,sl,10
2022-05-01 23:25:00,2022-05-02 07:25:00,L,0.79,0.7924,0.7761405305512934,0.8246486736217666,0.173,0.11,time,96
2022-05-02 08:30:00,2022-05-02 11:55:00,S,0.7866,0.7693064165406015,0.7935174333837594,0.7693064165406015,2.5,2.375,tp,41
2022-05-02 12:00:00,2022-05-02 12:20:00,S,0.771,0.778844432901411,0.778844432901411,0.7513889177464725,-1.0,-1.108,sl,4
2022-05-02 13:40:00,2022-05-02 13:40:00,S,0.775,0.785076823902497,0.785076823902497,0.7498079402437576,-1.0,-1.085,sl,0
2022-05-02 18:15:00,2022-05-02 21:20:00,S,0.7644,0.7798697882168358,0.7798697882168358,0.7257255294579104,-1.0,-1.054,sl,37
2022-05-02 21:40:00,2022-05-03 05:40:00,L,0.7827,0.7905,0.772304646444099,0.8086883838897523,0.75,0.668,time,96
2022-05-03 11:35:00,2022-05-03 16:40:00,L,0.7917,0.7812890451823703,0.7812890451823703,0.8177273870440741,-1.0,-1.084,sl,61
2022-05-03 16:45:00,2022-05-04 00:45:00,S,0.7826,0.7755,0.7924373940581807,0.7580065148545481,0.722,0.634,time,96
2022-05-04 07:25:00,2022-05-04 08:55:00,L,0.7846,0.8012708316332928,0.7779316673466828,0.8012708316332928,2.5,2.371,tp,18
2022-05-04 09:00:00,2022-05-04 17:00:00,L,0.8061,0.8339,0.7902578840985188,0.8457052897537031,1.755,1.699,time,96
2022-05-04 18:55:00,2022-05-05 02:55:00,L,0.8723,0.893,0.8216413212288886,0.9989466969277785,0.409,0.39,time,96
2022-05-05 14:10:00,2022-05-05 15:45:00,S,0.8426,0.7919127170150817,0.8628749131939674,0.7919127170150817,2.5,2.454,tp,19
2022-05-05 15:50:00,2022-05-05 23:50:00,S,0.7913,0.7917,0.8321761187567495,0.6891097031081264,-0.01,-0.031,time,96
2022-05-06 00:35:00,2022-05-06 02:25:00,S,0.7823,0.7935926317881895,0.7935926317881895,0.7540684205295263,-1.0,-1.076,sl,22
2022-05-06 07:40:00,2022-05-06 08:05:00,S,0.782,0.7973832084658897,0.7973832084658897,0.7435419788352757,-1.0,-1.056,sl,5
2022-05-06 11:15:00,2022-05-06 19:15:00,S,0.778,0.7804,0.7984397362648292,0.726900659337927,-0.117,-0.159,time,96
2022-05-06 22:15:00,2022-05-06 22:45:00,S,0.7775,0.786347569891019,0.786347569891019,0.7553810752724526,-1.0,-1.097,sl,6
2022-05-07 04:00:00,2022-05-07 07:50:00,S,0.7719,0.7788169712100446,0.7788169712100446,0.7546075719748887,-1.0,-1.123,sl,46
2022-05-07 17:40:00,2022-05-07 19:05:00,S,0.7723,0.7792078620205212,0.7792078620205212,0.755030344948697,-1.0,-1.123,sl,17
2022-05-07 21:15:00,2022-05-07 22:50:00,S,0.77,0.7494671731246929,0.7782131307501229,0.7494671731246929,2.5,2.397,tp,19
2022-05-07 22:55:00,2022-05-07 23:25:00,S,0.7496,0.7684854153269501,0.7684854153269501,0.7023864616826248,-1.0,-1.044,sl,6
2022-05-08 01:55:00,2022-05-08 02:55:00,S,0.7496,0.7331853956520873,0.7561658417391651,0.7331853956520873,2.5,2.374,tp,12
2022-05-08 03:00:00,2022-05-08 11:00:00,S,0.7417,0.7478,0.753191999860632,0.7129700003484201,-0.531,-0.602,time,96
2022-05-08 13:10:00,2022-05-08 18:30:00,S,0.7389,0.7486551225871161,0.7486551225871161,0.7145121935322098,-1.0,-1.083,sl,64
2022-05-08 22:35:00,2022-05-09 02:55:00,S,0.7461,0.7150811268309638,0.7585075492676144,0.7150811268309638,2.5,2.434,tp,52
2022-05-09 03:00:00,2022-05-09 11:00:00,S,0.715,0.6606,0.7445966544368371,0.6410083639079072,1.838,1.811,time,96
2022-05-09 16:45:00,2022-05-10 00:45:00,S,0.6413,0.6161,0.6662711995014016,0.5788720012464961,1.009,0.981,time,96
2022-05-10 09:35:00,2022-05-10 12:50:00,S,0.6684,0.6903266265807511,0.6903266265807511,0.6135834335481223,-1.0,-1.034,sl,39
2022-05-10 12:55:00,2022-05-10 14:30:00,L,0.6922,0.6735791381373362,0.6735791381373362,0.7387521546566598,-1.0,-1.041,sl,19
2022-05-10 14:40:00,2022-05-10 22:40:00,S,0.6692,0.6173,0.6946923092041635,0.6054692269895914,2.036,2.007,time,96
2022-05-11 02:05:00,2022-05-11 02:20:00,S,0.6119,0.6294808283296807,0.6294808283296807,0.5679479291757983,-1.0,-1.038,sl,3
2022-05-11 07:00:00,2022-05-11 08:55:00,S,0.6031,0.6306488827697196,0.6306488827697196,0.5342277930757008,-1.0,-1.024,sl,23
2022-05-11 12:35:00,2022-05-11 20:35:00,S,0.6,0.5185,0.637272178643046,0.5068195533923849,2.187,2.169,time,96
2022-05-11 20:40:00,2022-05-12 00:25:00,S,0.5185,0.5370255948553292,0.5370255948553292,0.4721860128616769,-1.0,-1.031,sl,45
2022-05-12 02:30:00,2022-05-12 03:55:00,S,0.5031,0.44073672944302733,0.5280453082227891,0.44073672944302733,2.5,2.478,tp,17
2022-05-12 04:00:00,2022-05-12 12:00:00,S,0.4406,0.4558,0.49199321004600355,0.3121169748849911,-0.296,-0.305,time,96
2022-05-12 18:50:00,2022-05-13 01:00:00,S,0.475,0.50145362172241,0.50145362172241,0.40886594569397483,-1.0,-1.02,sl,74
2022-05-13 02:15:00,2022-05-13 05:10:00,L,0.5135,0.568561597999496,0.49147536080020154,0.568561597999496,2.5,2.474,tp,35
2022-05-13 05:15:00,2022-05-13 13:15:00,L,0.5764,0.5636,0.5357342172106955,0.6780644569732615,-0.315,-0.33,time,96
2022-05-13 14:30:00,2022-05-13 16:35:00,L,0.5828,0.5552334128485319,0.5552334128485319,0.6517164678786702,-1.0,-1.023,sl,25
2022-05-13 22:50:00,2022-05-14 06:50:00,S,0.5405,0.5375,0.5596139594254614,0.49271510143634634,0.157,0.126,time,96
2022-05-14 09:55:00,2022-05-14 17:55:00,S,0.5223,0.5202,0.5387854997684662,0.48108625057883436,0.127,0.093,time,96
2022-05-14 22:55:00,2022-05-15 02:10:00,L,0.5374,0.5221352223255789,0.5221352223255789,0.5755619441860529,-1.0,-1.039,sl,39
2022-05-15 02:40:00,2022-05-15 05:55:00,S,0.5181,0.5310520639175982,0.5310520639175982,0.48571984020600456,-1.0,-1.044,sl,39
2022-05-15 06:00:00,2022-05-15 12:00:00,L,0.5295,0.5625278565321958,0.5162888573871216,0.5625278565321958,2.5,2.456,tp,72
2022-05-15 12:05:00,2022-05-15 14:20:00,L,0.5628,0.5431393377963614,0.5431393377963614,0.6119516555090965,-1.0,-1.031,sl,27
2022-05-15 17:20:00,2022-05-15 22:00:00,L,0.5603,0.5959769360028098,0.5460292255988761,0.5959769360028098,2.5,2.457,tp,56
2022-05-15 22:05:00,2022-05-16 03:45:00,L,0.5963,0.5768841593368534,0.5768841593368534,0.6448396016578666,-1.0,-1.034,sl,68
2022-05-16 10:40:00,2022-05-16 14:00:00,L,0.574,0.5529618596240283,0.5529618596240283,0.626595350939929,-1.0,-1.03,sl,40
2022-05-16 15:40:00,2022-05-16 17:30:00,S,0.5494,0.5628046703524295,0.5628046703524295,0.5158883241189262,-1.0,-1.045,sl,22
2022-05-16 18:10:00,2022-05-17 02:10:00,L,0.5649,0.5647,0.5513059756794897,0.5988850608012757,-0.015,-0.06,time,96
2022-05-17 03:35:00,2022-05-17 11:35:00,L,0.5708,0.5823,0.5585660198675302,0.6013849503311745,0.94,0.889,time,96
2022-05-17 12:40:00,2022-05-17 14:30:00,L,0.5933,0.5793603038456548,0.5793603038456548,0.6281492403858631,-1.0,-1.047,sl,22
2022-05-17 18:05:00,2022-05-17 21:40:00,S,0.562,0.5739995754958681,0.5739995754958681,0.5320010612603299,-1.0,-1.052,sl,43
2022-05-17 22:05:00,2022-05-18 03:10:00,L,0.5777,0.5632256102917464,0.5632256102917464,0.6138859742706338,-1.0,-1.044,sl,61
2022-05-18 03:15:00,2022-05-18 11:15:00,S,0.5613,0.5582,0.5722545361247294,0.5339136596881765,0.283,0.227,time,96
2022-05-18 11:45:00,2022-05-18 13:40:00,S,0.5537,0.532128519037974,0.5623285923848104,0.532128519037974,2.5,2.429,tp,23
2022-05-18 13:45:00,2022-05-18 21:45:00,S,0.5334,0.5236,0.553386399031985,0.4834340024200373,0.49,0.461,time,96
2022-05-18 23:30:00,2022-05-19 07:30:00,S,0.5075,0.5156,0.5308849981444086,0.44903750463897835,-0.346,-0.37,time,96
2022-05-19 09:35:00,2022-05-19 10:40:00,S,0.5065,0.5158512177436784,0.5158512177436784,0.4831219556408039,-1.0,-1.06,sl,13
2022-05-19 15:25:00,2022-05-19 22:20:00,L,0.5398,0.5216390941945497,0.5216390941945497,0.5852022645136257,-1.0,-1.033,sl,83
2022-05-19 22:25:00,2022-05-19 23:30:00,S,0.5225,0.5336022320493351,0.5336022320493351,0.4947444198766621,-1.0,-1.052,sl,13
2022-05-20 01:35:00,2022-05-20 04:45:00,L,0.5377,0.526814448776971,0.526814448776971,0.5649138780575722,-1.0,-1.054,sl,38
2022-05-20 06:30:00,2022-05-20 10:15:00,S,0.5237,0.5364763639376882,0.5364763639376882,0.4917590901557798,-1.0,-1.045,sl,45
2022-05-20 10:20:00,2022-05-20 12:45:00,L,0.5366,0.528785787639376,0.528785787639376,0.5561355309015599,-1.0,-1.076,sl,29
2022-05-20 12:50:00,2022-05-20 16:40:00,S,0.5302,0.5032975695748789,0.5409609721700485,0.5032975695748789,2.5,2.446,tp,46
2022-05-20 16:45:00,2022-05-20 19:40:00,S,0.5031,0.5116115887797342,0.5116115887797342,0.4818210280506644,-1.0,-1.065,sl,35
2022-05-21 01:10:00,2022-05-21 03:50:00,S,0.5128,0.5187453475730318,0.5187453475730318,0.4979366310674206,-1.0,-1.095,sl,32
2022-05-21 07:40:00,2022-05-21 15:40:00,L,0.5302,0.532,0.5221954353310283,0.5502114116724293,0.225,0.152,time,96
2022-05-21 15:55:00,2022-05-21 20:35:00,L,0.5363,0.5265170518307661,0.5265170518307661,0.5607573704230846,-1.0,-1.06,sl,56
2022-05-21 20:40:00,2022-05-22 00:25:00,S,0.5265,0.5303401620814818,0.5303401620814818,0.5168995947962953,-1.0,-1.151,sl,45
2022-05-22 00:30:00,2022-05-22 02:05:00,L,0.5303,0.5263500708364302,0.5263500708364302,0.5401748229089246,-1.0,-1.148,sl,19
2022-05-22 06:30:00,2022-05-22 10:00:00,L,0.5301,0.5451575010607146,0.5240769995757142,0.5451575010607146,2.5,2.403,tp,42
2022-05-22 10:05:00,2022-05-22 16:10:00,L,0.5462,0.5315057291454064,0.5315057291454064,0.5829356771364841,-1.0,-1.041,sl,73
2022-05-22 20:40:00,2022-05-23 04:40:00,L,0.5388,0.5408,0.5323381633149685,0.5549545917125784,0.31,0.218,time,96
2022-05-23 06:10:00,2022-05-23 14:10:00,L,0.5446,0.5432,0.5380239880052292,0.5610400299869269,-0.213,-0.304,time,96
2022-05-23 16:25:00,2022-05-23 17:00:00,L,0.558,0.5486729921055779,0.5486729921055779,0.5813175197360556,-1.0,-1.066,sl,7
2022-05-23 18:55:00,2022-05-23 19:15:00,S,0.5421,0.5244728849919547,0.5491508460032182,0.5244728849919547,2.5,2.415,tp,4
2022-05-23 19:20:00,2022-05-24 03:20:00,S,0.5271,0.52,0.5496996116873387,0.47060097078165325,0.314,0.289,time,96
2022-05-24 08:55:00,2022-05-24 16:10:00,S,0.5128,0.5210958949148287,0.5210958949148287,0.49206026271292846,-1.0,-1.068,sl,87
2022-05-25 01:05:00,2022-05-25 02:00:00,S,0.5179,0.5232785333458937,0.5232785333458937,0.5044536666352659,-1.0,-1.106,sl,11
2022-05-25 02:35:00,2022-05-25 06:20:00,L,0.5267,0.5161582308076424,0.5161582308076424,0.5530544229808937,-1.0,-1.055,sl,45
2022-05-25 06:25:00,2022-05-25 14:25:00,S,0.5156,0.5164,0.5277039654551385,0.4853400863621535,-0.066,-0.113,time,96
2022-05-26 03:20:00,2022-05-26 06:05:00,S,0.5116,0.49645777433938854,0.5176568902642447,0.49645777433938854,2.5,2.407,tp,33
2022-05-26 06:10:00,2022-05-26 14:10:00,S,0.4972,0.4865,0.5144665945442392,0.45403351363940203,0.62,0.588,time,96
2022-05-26 19:00:00,2022-05-27 01:25:00,S,0.4862,0.467525940712876,0.4936696237148496,0.467525940712876,2.5,2.428,tp,77
2022-05-27 01:30:00,2022-05-27 09:30:00,S,0.4658,0.4589,0.4839045261293385,0.4205386846766538,0.381,0.353,time,96
2022-05-27 15:05:00,2022-05-27 23:05:00,S,0.461,0.4578,0.47744613885020804,0.41988465287447996,0.195,0.164,time,96
2022-05-27 23:30:00,2022-05-28 01:00:00,S,0.4545,0.4630996243734615,0.4630996243734615,0.43300093906634624,-1.0,-1.058,sl,18
2022-05-28 02:35:00,2022-05-28 04:50:00,S,0.4496,0.45914482062257483,0.45914482062257483,0.42573794844356294,-1.0,-1.052,sl,27
2022-05-28 08:35:00,2022-05-28 13:10:00,S,0.4544,0.46210329634046526,0.46210329634046526,0.4351417591488369,-1.0,-1.065,sl,55
2022-05-29 02:20:00,2022-05-29 10:20:00,S,0.4588,0.4665,0.46746526314565373,0.4371368421358656,-0.889,-0.947,time,96
2022-05-29 10:40:00,2022-05-29 18:40:00,L,0.4666,0.4716,0.4610433565083931,0.48049160872901725,0.9,0.807,time,96
2022-05-29 22:35:00,2022-05-30 01:35:00,L,0.4785,0.4938619532409303,0.47235521870362784,0.4938619532409303,2.5,2.414,tp,36
2022-05-30 01:40:00,2022-05-30 09:40:00,L,0.4941,0.5192,0.4765307734178981,0.5380230664552547,1.429,1.398,time,96
2022-05-30 11:45:00,2022-05-30 12:30:00,L,0.5269,0.5175679498079033,0.5175679498079033,0.5502301254802417,-1.0,-1.062,sl,9
2022-05-30 12:55:00,2022-05-30 20:55:00,L,0.5353,0.5524,0.5160828800973329,0.5833427997566676,0.89,0.859,time,96
2022-05-30 21:00:00,2022-05-31 04:30:00,L,0.5524,0.6038749821451201,0.5318100071419519,0.6038749821451201,2.5,2.47,tp,90
2022-05-31 04:35:00,2022-05-31 12:35:00,L,0.6099,0.6337,0.577783639277912,0.69019090180522,0.741,0.72,time,96
2022-05-31 22:00:00,2022-06-01 03:55:00,L,0.6142,0.5998711397607233,0.5998711397607233,0.6500221505981918,-1.0,-1.047,sl,71
2022-06-01 06:35:00,2022-06-01 14:10:00,L,0.6077,0.596306503173781,0.596306503173781,0.6361837420655476,-1.0,-1.059,sl,91
2022-06-01 14:15:00,2022-06-01 16:00:00,S,0.5958,0.5656376119769527,0.6078649552092189,0.5656376119769527,2.5,2.446,tp,21
2022-06-01 16:05:00,2022-06-02 00:05:00,S,0.5609,0.5575,0.5875793963300313,0.49420150917492156,0.127,0.104,time,96
2022-06-02 04:15:00,2022-06-02 07:00:00,S,0.5574,0.5708621466372651,0.5708621466372651,0.5237446334068373,-1.0,-1.046,sl,33
2022-06-02 08:25:00,2022-06-02 13:10:00,L,0.5758,0.566904137841586,0.566904137841586,0.598039655396035,-1.0,-1.071,sl,57
2022-06-02 13:15:00,2022-06-02 15:10:00,S,0.563,0.582521602489633,0.582521602489633,0.5141959937759173,-1.0,-1.032,sl,23
2022-06-02 15:25:00,2022-06-02 23:25:00,L,0.5952,0.5881,0.5646703646679492,0.6715240883301269,-0.233,-0.254,time,96
2022-06-03 01:55:00,2022-06-03 04:50:00,L,0.6025,0.5852241463895207,0.5852241463895207,0.6456896340261984,-1.0,-1.038,sl,35
2022-06-03 09:05:00,2022-06-03 09:55:00,S,0.5842,0.5703277548941835,0.5897488980423267,0.5703277548941835,2.5,2.384,tp,10
2022-06-03 10:00:00,2022-06-03 18:00:00,S,0.571,0.5546,0.5851067933691334,0.5357330165771663,1.163,1.118,time,96
2022-06-03 23:35:00,2022-06-04 07:35:00,S,0.5579,0.5634,0.5715926422085091,0.523668394478727,-0.402,-0.446,time,96
2022-06-04 09:35:00,2022-06-04 17:35:00,S,0.5591,0.5588,0.5683370047692549,0.536007488076863,0.032,-0.034,time,96
2022-06-04 22:15:00,2022-06-05 00:40:00,L,0.5701,0.5593013599767483,0.5593013599767483,0.5970966000581293,-1.0,-1.058,sl,29
2022-06-05 01:20:00,2022-06-05 09:20:00,S,0.5587,0.558,0.5671143069218815,0.5376642326952963,0.083,0.01,time,96
2022-06-05 09:25:00,2022-06-05 15:35:00,S,0.558,0.564162017497579,0.564162017497579,0.5425949562560527,-1.0,-1.1,sl,74
2022-06-05 15:40:00,2022-06-05 18:25:00,L,0.5639,0.5780980092505245,0.5582207962997902,0.5780980092505245,2.5,2.391,tp,33
2022-06-05 18:30:00,2022-06-05 21:00:00,L,0.5793,0.571237019414071,0.571237019414071,0.5994574514648225,-1.0,-1.079,sl,30
2022-06-06 00:45:00,2022-06-06 03:15:00,L,0.5767,0.6068908211475008,0.5646236715409997,0.6068908211475008,2.5,2.447,tp,30
2022-06-06 03:20:00,2022-06-06 11:20:00,L,0.6068,0.63,0.5882582255354528,0.6531544361613679,1.251,1.215,time,96
2022-06-06 20:00:00,2022-06-06 20:10:00,L,0.6057,0.5954448535200776,0.5954448535200776,0.6313378661998061,-1.0,-1.065,sl,2
2022-06-06 21:40:00,2022-06-07 00:20:00,L,0.6124,0.5983636326567741,0.5983636326567741,0.647490918358065,-1.0,-1.048,sl,32
2022-06-07 00:25:00,2022-06-07 08:25:00,S,0.5929,0.5884,0.6125529770719381,0.5437675573201546,0.229,0.196,time,96
2022-06-07 11:05:00,2022-06-07 13:30:00,S,0.5798,0.5900848486410973,0.5900848486410973,0.5540878783972566,-1.0,-1.062,sl,29
2022-06-07 13:35:00,2022-06-07 14:50:00,L,0.5913,0.6193119566486676,0.580095217340533,0.6193119566486676,2.5,2.442,tp,15
2022-06-07 14:55:00,2022-06-07 22:55:00,L,0.6203,0.616,0.5922140574600685,0.6905148563498287,-0.153,-0.177,time,96
2022-06-08 01:40:00,2022-06-08 09:40:00,L,0.6524,0.6389,0.6069807318348213,0.7659481704129467,-0.297,-0.313,time,96
2022-06-08 11:40:00,2022-06-08 19:40:00,L,0.6464,0.652,0.6327642071379466,0.6804894821551335,0.411,0.359,time,96
2022-06-08 22:00:00,2022-06-09 00:05:00,L,0.654,0.6371073511811769,0.6371073511811769,0.6962316220470579,-1.0,-1.043,sl,25
2022-06-09 05:15:00,2022-06-09 12:15:00,L,0.6435,0.6375940324977794,0.6375940324977794,0.6582649187555515,-1.0,-1.12,sl,84
2022-06-09 17:00:00,2022-06-09 19:30:00,L,0.6505,0.635877282329512,0.635877282329512,0.6870567941762198,-1.0,-1.049,sl,30
2022-06-09 19:35:00,2022-06-10 00:15:00,S,0.637,0.6218027888606639,0.6430788844557345,0.6218027888606639,2.5,2.385,tp,56
2022-06-10 00:20:00,2022-06-10 03:20:00,S,0.6171,0.6347389180911267,0.6347389180911267,0.5730027047721832,-1.0,-1.038,sl,36
2022-06-10 06:30:00,2022-06-10 09:10:00,S,0.6265,0.6131943943277061,0.6318222422689175,0.6131943943277061,2.5,2.371,tp,32
2022-06-10 09:15:00,2022-06-10 13:20:00,S,0.613,0.5851761705324185,0.6241295317870326,0.5851761705324185,2.5,2.439,tp,49
2022-06-10 13:25:00,2022-06-10 21:25:00,S,0.5848,0.5793,0.6194847112715418,0.4980882218211454,0.159,0.14,time,96
2022-06-10 23:25:00,2022-06-11 03:05:00,S,0.5716,0.5871142821197299,0.5871142821197299,0.5328142947006751,-1.0,-1.041,sl,44
2022-06-11 07:05:00,2022-06-11 09:00:00,L,0.6001,0.5873305310961153,0.5873305310961153,0.6320236722597116,-1.0,-1.052,sl,23
2022-06-11 09:05:00,2022-06-11 17:05:00,S,0.5893,0.5582,0.6092783149284585,0.5393542126788539,1.557,1.524,time,96
2022-06-11 21:00:00,2022-06-11 21:40:00,S,0.5526,0.5630085568434778,0.5630085568434778,0.5265786078913053,-1.0,-1.058,sl,8
2022-06-11 23:40:00,2022-06-12 05:25:00,S,0.5497,0.500078656397009,0.5695485374411964,0.500078656397009,2.5,2.47,tp,69
2022-06-12 05:30:00,2022-06-12 06:30:00,S,0.4991,0.5157769435554067,0.5157769435554067,0.4574076411114832,-1.0,-1.033,sl,12
2022-06-12 14:20:00,2022-06-12 14:25:00,S,0.498,0.5147227921071403,0.5147227921071403,0.45619301973214915,-1.0,-1.033,sl,1
2022-06-12 19:20:00,2022-06-13 00:05:00,S,0.5184,0.48808922305485003,0.53052431077806,0.48808922305485003,2.5,2.453,tp,57
2022-06-13 00:10:00,2022-06-13 08:00:00,S,0.4936,0.4467593286088791,0.5123362685564483,0.4467593286088791,2.5,2.471,tp,94
2022-06-13 08:25:00,2022-06-13 15:40:00,S,0.4428,0.46694223584603384,0.46694223584603384,0.3824444103849155,-1.0,-1.02,sl,87
2022-06-13 22:10:00,2022-06-14 05:20:00,S,0.4684,0.486365423519975,0.486365423519975,0.4234864412000624,-1.0,-1.029,sl,86
2022-06-14 05:25:00,2022-06-14 13:25:00,L,0.4888,0.5092,0.4605490480214112,0.559427379946472,0.722,0.703,time,96
2022-06-14 13:30:00,2022-06-14 19:05:00,L,0.5092,0.4786866531288452,0.4786866531288452,0.585483367177887,-1.0,-1.018,sl,67
2022-06-14 19:10:00,2022-06-15 00:35:00,S,0.4787,0.4888360189226591,0.4888360189226591,0.4533599526933523,-1.0,-1.052,sl,65
2022-06-15 02:45:00,2022-06-15 10:45:00,S,0.4729,0.4714,0.49012458498125344,0.42983853754686635,0.087,0.057,time,96
2022-06-15 14:55:00,2022-06-15 17:55:00,S,0.4685,0.48640717728029703,0.48640717728029703,0.4237320567992575,-1.0,-1.029,sl,36
2022-06-15 18:00:00,2022-06-15 18:00:00,L,0.4907,0.4695962566787113,0.4695962566787113,0.5434593583032219,-1.0,-1.026,sl,0
2022-06-15 18:05:00,2022-06-15 18:40:00,L,0.4714,0.5088216579418834,0.4564313368232466,0.5088216579418834,2.5,2.465,tp,7
2022-06-15 18:45:00,2022-06-16 02:45:00,L,0.5196,0.5263,0.45986871714572997,0.6689282071356749,0.112,0.103,time,96
2022-06-16 09:05:00,2022-06-16 14:00:00,S,0.4989,0.47815278105854936,0.5071988875765803,0.47815278105854936,2.5,2.434,tp,59
2022-06-16 14:05:00,2022-06-16 16:30:00,S,0.4786,0.500825126496539,0.500825126496539,0.4230371837586526,-1.0,-1.024,sl,29
2022-06-16 16:45:00,2022-06-16 19:35:00,L,0.5023,0.48675568897074606,0.48675568897074606,0.5411607775731347,-1.0,-1.036,sl,34
2022-06-16 23:05:00,2022-06-17 01:40:00,S,0.4727,0.488858863722842,0.488858863722842,0.43230284069289504,-1.0,-1.032,sl,31
2022-06-17 01:50:00,2022-06-17 09:50:00,L,0.4896,0.488,0.4727109068703162,0.5318227328242094,-0.095,-0.127,time,96
2022-06-17 12:45:00,2022-06-17 20:45:00,S,0.485,0.4913,0.49669703102045903,0.45575742244885237,-0.539,-0.584,time,96
2022-06-18 01:45:00,2022-06-18 07:15:00,S,0.4824,0.4566227581439545,0.4927108967424182,0.4566227581439545,2.5,2.449,tp,66
2022-06-18 07:20:00,2022-06-18 15:20:00,S,0.4598,0.4593,0.4868109428830694,0.39227264279232643,0.019,-0.0,time,96
2022-06-18 16:05:00,2022-06-18 16:20:00,S,0.4565,0.46112654108015644,0.46112654108015644,0.44493364729960894,-1.0,-1.109,sl,3
2022-06-18 16:50:00,2022-06-18 20:05:00,S,0.4535,0.43095860929379326,0.4625165562824827,0.43095860929379326,2.5,2.445,tp,39
2022-06-18 20:10:00,2022-06-18 21:25:00,S,0.425,0.4467457691377989,0.4467457691377989,0.3706355771555027,-1.0,-1.021,sl,15
2022-06-19 01:35:00,2022-06-19 09:35:00,S,0.4472,0.4574,0.46006663564411165,0.4150334108897208,-0.793,-0.831,time,96
2022-06-19 10:20:00,2022-06-19 18:20:00,L,0.464,0.4634,0.4522440343820659,0.49338991404483534,-0.051,-0.094,time,96
2022-06-19 19:00:00,2022-06-20 03:00:00,L,0.4744,0.466,0.45596906689942185,0.5204773327514454,-0.456,-0.484,time,96
2022-06-20 06:20:00,2022-06-20 10:05:00,L,0.4693,0.4911088963088399,0.46057644147646404,0.4911088963088399,2.5,2.441,tp,45
2022-06-20 10:10:00,2022-06-20 18:10:00,L,0.4916,0.482,0.4765627926680355,0.5291930183299113,-0.638,-0.674,time,96
2022-06-21 01:20:00,2022-06-21 09:20:00,L,0.4954,0.5004,0.4828646380481577,0.5267384048796058,0.399,0.355,time,96
2022-06-21 11:15:00,2022-06-21 11:50:00,L,0.5092,0.4968101855218721,0.4968101855218721,0.5401745361953196,-1.0,-1.045,sl,7
2022-06-21 13:45:00,2022-06-21 17:55:00,L,0.5091,0.4934121519692589,0.4934121519692589,0.5483196200768528,-1.0,-1.036,sl,50
2022-06-21 19:50:00,2022-06-22 03:50:00,S,0.4842,0.4635,0.49531780166395334,0.4564054958401167,1.862,1.814,time,96
2022-06-22 06:25:00,2022-06-22 09:35:00,S,0.4627,0.47334498097662986,0.47334498097662986,0.4360875475584254,-1.0,-1.048,sl,38
2022-06-22 12:55:00,2022-06-22 13:30:00,S,0.4675,0.4742477199734546,0.4742477199734546,0.4506307000663636,-1.0,-1.076,sl,7
2022-06-22 16:10:00,2022-06-22 17:20:00,S,0.4651,0.4742037609172016,0.4742037609172016,0.44234059770699596,-1.0,-1.056,sl,14
2022-06-22 19:40:00,2022-06-23 01:25:00,S,0.4631,0.4728921697599749,0.4728921697599749,0.4386195756000628,-1.0,-1.052,sl,69
2022-06-23 10:45:00,2022-06-23 13:50:00,L,0.4748,0.4674377197804115,0.4674377197804115,0.4932057005489713,-1.0,-1.071,sl,37
2022-06-23 13:55:00,2022-06-23 19:25:00,S,0.4661,0.4730341756211344,0.4730341756211344,0.448764560947164,-1.0,-1.074,sl,66
2022-06-23 19:40:00,2022-06-24 01:10:00,L,0.4735,0.4932292744592539,0.4656082902162984,0.4932292744592539,2.5,2.434,tp,66
2022-06-24 01:15:00,2022-06-24 09:15:00,L,0.4959,0.4949,0.4754007776725071,0.5471480558187323,-0.049,-0.075,time,96
2022-06-24 11:20:00,2022-06-24 15:10:00,L,0.499,0.49238662485942186,0.49238662485942186,0.5155334378514453,-1.0,-1.083,sl,46
2022-06-24 19:05:00,2022-06-25 03:05:00,L,0.4989,0.4966,0.4902209332243519,0.5205976669391204,-0.265,-0.328,time,96
2022-06-25 07:40:00,2022-06-25 11:35:00,L,0.5044,0.49920208224980983,0.49920208224980983,0.5173947943754753,-1.0,-1.107,sl,47
2022-06-25 12:15:00,2022-06-25 20:15:00,S,0.4924,0.4875,0.5032050394429374,0.46538740139265655,0.453,0.403,time,96
2022-06-25 21:05:00,2022-06-25 21:50:00,L,0.4904,0.5007041532579188,0.48627833869683246,0.5007041532579188,2.5,2.369,tp,9
2022-06-25 21:55:00,2022-06-26 05:55:00,L,0.5012,0.5048,0.48841072382838363,0.5331731904290409,0.281,0.238,time,96
2022-06-26 06:35:00,2022-06-26 14:35:00,L,0.5145,0.5117,0.5013058865086931,0.5474852837282671,-0.212,-0.255,time,96
2022-06-26 18:20:00,2022-06-27 02:20:00,S,0.4981,0.4973,0.5100369568898463,0.4682576077753842,0.067,0.021,time,96
2022-06-27 04:25:00,2022-06-27 06:05:00,L,0.5007,0.4966650762008476,0.4966650762008476,0.5107873094978811,-1.0,-1.137,sl,20
2022-06-27 06:10:00,2022-06-27 07:25:00,S,0.4968,0.5028154246069126,0.5028154246069126,0.48176143848271846,-1.0,-1.091,sl,15
2022-06-27 08:05:00,2022-06-27 12:25:00,L,0.5042,0.4989705140436843,0.4989705140436843,0.5172737148907891,-1.0,-1.106,sl,52
2022-06-27 12:30:00,2022-06-27 17:40:00,S,0.499,0.4850359577559088,0.5045856168976365,0.4850359577559088,2.5,2.402,tp,62
2022-06-27 17:45:00,2022-06-27 18:30:00,S,0.4842,0.48935416755635314,0.48935416755635314,0.4713145811091172,-1.0,-1.103,sl,9
2022-06-28 01:25:00,2022-06-28 07:00:00,S,0.4805,0.48819757172646006,0.48819757172646006,0.4612560706838498,-1.0,-1.069,sl,67
2022-06-28 08:50:00,2022-06-28 15:15:00,L,0.4914,0.4860502120828028,0.4860502120828028,0.504774469792993,-1.0,-1.101,sl,77
2022-06-28 15:20:00,2022-06-28 23:20:00,S,0.4842,0.4713,0.4930253437814881,0.4621366405462798,1.462,1.401,time,96
2022-06-28 23:40:00,2022-06-29 00:15:00,S,0.4686,0.4723242355717966,0.4723242355717966,0.4592894110705086,-1.0,-1.138,sl,7
2022-06-29 03:50:00,2022-06-29 11:50:00,S,0.4693,0.4661,0.4765993558940174,0.45105161026495644,0.438,0.368,time,96
2022-06-29 12:40:00,2022-06-29 14:05:00,S,0.4642,0.47153503499132193,0.47153503499132193,0.4458624125216952,-1.0,-1.07,sl,17
2022-06-29 16:30:00,2022-06-29 19:50:00,S,0.4617,0.46777083696186444,0.46777083696186444,0.44652290759533886,-1.0,-1.084,sl,40
2022-06-29 23:20:00,2022-06-30 07:20:00,S,0.4632,0.4501,0.47180847583169905,0.4416788104207524,1.522,1.463,time,96
2022-06-30 09:00:00,2022-06-30 17:00:00,S,0.4463,0.447,0.45227843099072285,0.4313539225231928,-0.117,-0.199,time,96
2022-06-30 19:45:00,2022-06-30 21:30:00,S,0.4423,0.44721249009726016,0.44721249009726016,0.4300187747568497,-1.0,-1.099,sl,21
2022-06-30 23:55:00,2022-07-01 07:55:00,L,0.4597,0.4561,0.4419456931441516,0.5040857671396209,-0.203,-0.231,time,96
2022-07-01 10:40:00,2022-07-01 18:40:00,S,0.4488,0.449,0.4558080589184301,0.4312798527039246,-0.029,-0.099,time,96
2022-07-02 00:00:00,2022-07-02 00:35:00,S,0.4486,0.45278466743454954,0.45278466743454954,0.4381383314136261,-1.0,-1.118,sl,7
2022-07-02 03:35:00,2022-07-02 05:15:00,S,0.4466,0.4493725130545255,0.4493725130545255,0.4396687173636862,-1.0,-1.177,sl,20
2022-07-02 09:30:00,2022-07-02 10:35:00,S,0.4413,0.447166812996322,0.447166812996322,0.4266329675091951,-1.0,-1.083,sl,13
2022-07-02 12:05:00,2022-07-02 15:20:00,L,0.4512,0.4470205649281853,0.4470205649281853,0.46164858767953665,-1.0,-1.119,sl,39
2022-07-02 15:25:00,2022-07-02 18:05:00,S,0.4459,0.45253799208774975,0.45253799208774975,0.4293050197806257,-1.0,-1.074,sl,32
2022-07-02 18:10:00,2022-07-03 02:10:00,L,0.454,0.4523,0.4495625248715239,0.4650936878211902,-0.383,-0.496,time,96
2022-07-03 04:55:00,2022-07-03 05:00:00,S,0.445,0.45395605624928803,0.45395605624928803,0.42260985937678,-1.0,-1.055,sl,1
2022-07-03 12:50:00,2022-07-03 17:55:00,S,0.4456,0.45039652723236695,0.45039652723236695,0.43360868191908264,-1.0,-1.102,sl,61
2022-07-03 18:10:00,2022-07-04 02:10:00,L,0.4512,0.4531,0.44741560134187947,0.4606609966453013,0.502,0.371,time,96
2022-07-04 02:25:00,2022-07-04 10:25:00,S,0.4504,0.4519,0.45380660559631814,0.44188348600920474,-0.44,-0.586,time,96
2022-07-04 10:45:00,2022-07-04 11:55:00,L,0.4524,0.4606698762961206,0.4490920494815518,0.4606698762961206,2.5,2.35,tp,14
2022-07-04 12:00:00,2022-07-04 20:00:00,L,0.4668,0.4582,0.45040647639326314,0.5077838090168421,-0.525,-0.556,time,96
2022-07-04 21:55:00,2022-07-05 05:55:00,L,0.4636,0.4681,0.4582477739966675,0.4769805650083313,0.841,0.745,time,96
2022-07-05 09:30:00,2022-07-05 13:25:00,S,0.4567,0.4458718445470333,0.4610312621811867,0.4458718445470333,2.5,2.384,tp,47
2022-07-05 13:30:00,2022-07-05 16:15:00,S,0.4472,0.45064323104399895,0.45064323104399895,0.43859192239000255,-1.0,-1.143,sl,33
2022-07-05 19:05:00,2022-07-06 01:45:00,L,0.4562,0.4487357736949618,0.4487357736949618,0.47486056576259544,-1.0,-1.067,sl,80
2022-07-06 02:35:00,2022-07-06 04:05:00,S,0.4474,0.4559049581282494,0.4559049581282494,0.4261376046793766,-1.0,-1.058,sl,18
2022-07-06 04:20:00,2022-07-06 12:20:00,L,0.4581,0.4562,0.45023410932667834,0.47776472668330416,-0.242,-0.306,time,96
2022-07-06 13:35:00,2022-07-06 13:35:00,L,0.4589,0.45465615560666034,0.45465615560666034,0.4695096109833491,-1.0,-1.119,sl,0
2022-07-07 01:25:00,2022-07-07 09:25:00,L,0.4663,0.4661,0.4607249673562196,0.48023758160945096,-0.036,-0.128,time,96
2022-07-07 14:15:00,2022-07-07 19:35:00,L,0.4667,0.47954120723299154,0.4615635171068034,0.47954120723299154,2.5,2.4,tp,64
2022-07-07 19:40:00,2022-07-07 22:40:00,L,0.4796,0.4731520421238126,0.4731520421238126,0.4957198946904685,-1.0,-1.082,sl,36
2022-07-08 01:10:00,2022-07-08 05:50:00,L,0.4811,0.475352889135378,0.475352889135378,0.4954677771615551,-1.0,-1.092,sl,56
2022-07-08 08:40:00,2022-07-08 13:50:00,S,0.4723,0.4607580588464894,0.47691677646140423,0.4607580588464894,2.5,2.387,tp,62
2022-07-08 13:55:00,2022-07-08 14:35:00,S,0.4612,0.46804882740184756,0.46804882740184756,0.4440779314953811,-1.0,-1.074,sl,8
2022-07-08 15:45:00,2022-07-08 16:20:00,L,0.4695,0.46610161948066514,0.46610161948066514,0.47799595129833705,-1.0,-1.152,sl,7
2022-07-08 20:40:00,2022-07-08 23:55:00,L,0.4693,0.46648164507350776,0.46648164507350776,0.4763458873162306,-1.0,-1.183,sl,39
2022-07-09 05:05:00,2022-07-09 13:05:00,L,0.4776,0.4778,0.4717766550843122,0.49215836228921955,0.034,-0.056,time,96
2022-07-09 17:15:00,2022-07-09 19:10:00,L,0.4818,0.4791991568377371,0.4791991568377371,0.4883021079056572,-1.0,-1.204,sl,23
2022-07-09 21:45:00,2022-07-09 22:50:00,L,0.4827,0.47991881552727156,0.47991881552727156,0.48965296118182117,-1.0,-1.191,sl,13
2022-07-10 00:15:00,2022-07-10 08:15:00,S,0.4754,0.4721,0.4806111961490192,0.46237200962745195,0.633,0.533,time,96
2022-07-10 11:10:00,2022-07-10 14:50:00,S,0.4687,0.46020958483105784,0.4720961660675769,0.46020958483105784,2.5,2.348,tp,44
2022-07-10 14:55:00,2022-07-10 20:55:00,S,0.4599,0.4664991806490098,0.4664991806490098,0.44340204837747543,-1.0,-1.077,sl,72
2022-07-11 00:05:00,2022-07-11 03:00:00,S,0.4604,0.451376122354146,0.4640095510583416,0.451376122354146,2.5,2.36,tp,35
2022-07-11 03:05:00,2022-07-11 11:05:00,S,0.448,0.4543,0.4584999527985644,0.42175011800358897,-0.6,-0.647,time,96
2022-07-11 12:10:00,2022-07-11 20:10:00,S,0.451,0.4469,0.4558976729268233,0.43875581768294175,0.837,0.736,time,96
2022-07-11 22:05:00,2022-07-12 06:05:00,S,0.439,0.4355,0.4481913503183397,0.4160216242041508,0.381,0.328,time,96
2022-07-12 06:45:00,2022-07-12 09:35:00,S,0.4361,0.42631051457808755,0.44001579416876496,0.42631051457808755,2.5,2.377,tp,34
2022-07-12 09:40:00,2022-07-12 11:25:00,S,0.4259,0.4324372578866668,0.4324372578866668,0.40955685528333297,-1.0,-1.072,sl,21
2022-07-12 19:00:00,2022-07-12 23:50:00,S,0.4305,0.4192116761053767,0.43501532955784933,0.4192116761053767,2.5,2.395,tp,58
2022-07-12 23:55:00,2022-07-13 05:35:00,S,0.4168,0.42417837461739966,0.42417837461739966,0.3983540634565009,-1.0,-1.062,sl,68
2022-07-13 12:35:00,2022-07-13 20:35:00,S,0.4189,0.4211,0.4352349004938022,0.3780627487654945,-0.135,-0.163,time,96
2022-07-13 23:20:00,2022-07-14 07:20:00,L,0.4321,0.4276,0.4239995386836077,0.45235115329098075,-0.556,-0.614,time,96
2022-07-14 07:45:00,2022-07-14 08:40:00,S,0.4277,0.42242292158309,0.429810831366764,0.42242292158309,2.5,2.277,tp,11
2022-07-14 08:45:00,2022-07-14 15:25:00,S,0.4225,0.42953791135393327,0.42953791135393327,0.4049052216151668,-1.0,-1.066,sl,80
2022-07-14 15:30:00,2022-07-14 23:30:00,L,0.4292,0.4406,0.4172080025197388,0.45917999370065316,0.951,0.911,time,96
2022-07-14 23:45:00,2022-07-15 00:20:00,L,0.4412,0.43708167299346523,0.43708167299346523,0.45149581751633683,-1.0,-1.118,sl,7
2022-07-15 02:00:00,2022-07-15 10:00:00,L,0.4472,0.4406,0.43712104993376544,0.47239737516558633,-0.655,-0.704,time,96
2022-07-15 16:25:00,2022-07-15 18:40:00,S,0.4326,0.4406779143213207,0.4406779143213207,0.4124052141966982,-1.0,-1.059,sl,27
2022-07-15 18:45:00,2022-07-16 01:00:00,L,0.4422,0.4351469588960699,0.4351469588960699,0.4598326027598252,-1.0,-1.069,sl,75
2022-07-16 04:05:00,2022-07-16 06:00:00,L,0.4375,0.43587706919821395,0.43587706919821395,0.44155732700446515,-1.0,-1.297,sl,23
2022-07-16 06:05:00,2022-07-16 13:20:00,S,0.4362,0.440907172831257,0.440907172831257,0.4244320679218574,-1.0,-1.102,sl,87
2022-07-16 13:25:00,2022-07-16 16:10:00,L,0.4391,0.4527225856288082,0.4336509657484767,0.4527225856288082,2.5,2.411,tp,33
2022-07-16 16:15:00,2022-07-17 00:15:00,L,0.4544,0.4574,0.44185856127695267,0.4857535968076184,0.239,0.199,time,96
2022-07-17 06:25:00,2022-07-17 08:10:00,L,0.4597,0.45596407325485316,0.45596407325485316,0.4690398168628671,-1.0,-1.135,sl,21
2022-07-17 18:00:00,2022-07-18 01:15:00,S,0.4443,0.455864543365831,0.455864543365831,0.41538864158542244,-1.0,-1.042,sl,87
2022-07-18 01:20:00,2022-07-18 09:20:00,L,0.4554,0.4756,0.44527754918323426,0.48070612704191445,1.996,1.946,time,96
2022-07-18 09:35:00,2022-07-18 11:00:00,L,0.4782,0.49716103191041167,0.47061558723583535,0.49716103191041167,2.5,2.431,tp,17
2022-07-18 11:05:00,2022-07-18 18:50:00,L,0.4957,0.4748868534650485,0.4748868534650485,0.5477328663373786,-1.0,-1.026,sl,93
2022-07-18 22:15:00,2022-07-19 00:10:00,L,0.4803,0.4965577761708424,0.47379688953166305,0.4965577761708424,2.5,2.419,tp,23
2022-07-19 00:15:00,2022-07-19 01:05:00,L,0.499,0.48478278833171495,0.48478278833171495,0.5345430291707126,-1.0,-1.039,sl,10
2022-07-19 11:05:00,2022-07-19 19:05:00,L,0.491,0.5121,0.48068813035121183,0.5167796741219703,2.046,1.994,time,96
2022-07-19 20:10:00,2022-07-20 04:10:00,L,0.5156,0.5285,0.5031227488240825,0.5467931279397936,1.034,0.988,time,96
2022-07-20 04:55:00,2022-07-20 08:50:00,L,0.5315,0.5233301019448178,0.5233301019448178,0.5519247451379554,-1.0,-1.072,sl,47
2022-07-20 19:50:00,2022-07-20 20:25:00,S,0.5058,0.4880146547185792,0.5129141381125684,0.4880146547185792,2.5,2.422,tp,7
2022-07-20 20:30:00,2022-07-21 04:30:00,S,0.4885,0.4837,0.5094496246994461,0.4361259382513847,0.229,0.203,time,96
2022-07-21 10:55:00,2022-07-21 16:25:00,S,0.4855,0.493053582199717,0.493053582199717,0.4666160445007074,-1.0,-1.071,sl,66
2022-07-21 20:05:00,2022-07-22 04:05:00,L,0.5002,0.4937,0.49010733950286517,0.525431651242837,-0.644,-0.699,time,96
2022-07-22 04:45:00,2022-07-22 05:15:00,S,0.4923,0.4946339194097144,0.4946339194097144,0.48646520147571404,-1.0,-1.232,sl,6
2022-07-22 05:40:00,2022-07-22 13:40:00,L,0.4966,0.5015,0.48865659824778607,0.5164585043805348,0.617,0.548,time,96
2022-07-22 15:30:00,2022-07-22 23:30:00,S,0.4951,0.4835,0.5028263098228982,0.4757842254427544,1.501,1.431,time,96
2022-07-23 06:50:00,2022-07-23 07:40:00,L,0.4958,0.49052358036310856,0.49052358036310856,0.5089910490922287,-1.0,-1.103,sl,10
2022-07-23 08:55:00,2022-07-23 16:55:00,S,0.4856,0.4822,0.49297954474682293,0.4671511381329426,0.461,0.388,time,96
2022-07-23 18:00:00,2022-07-23 20:20:00,S,0.479,0.4845358469143983,0.4845358469143983,0.4651603827140041,-1.0,-1.095,sl,28
2022-07-23 20:25:00,2022-07-23 21:40:00,L,0.4843,0.5059506112731726,0.47563975549073095,0.5059506112731726,2.5,2.438,tp,15
2022-07-23 21:45:00,2022-07-24 05:45:00,L,0.5082,0.518,0.48713554435954987,0.5608611391011253,0.465,0.439,time,96
2022-07-24 09:20:00,2022-07-24 17:20:00,L,0.5211,0.5225,0.5135485416225029,0.5399786459437429,0.185,0.109,time,96
2022-07-24 21:35:00,2022-07-24 22:50:00,L,0.5202,0.5155455445375904,0.5155455445375904,0.531836138656024,-1.0,-1.123,sl,15
2022-07-25 00:25:00,2022-07-25 04:05:00,S,0.5107,0.48985577853314644,0.5190376885867415,0.48985577853314644,2.5,2.433,tp,44
2022-07-25 04:10:00,2022-07-25 04:55:00,S,0.49,0.4950754147231079,0.4950754147231079,0.4773114631922302,-1.0,-1.106,sl,9
2022-07-25 12:10:00,2022-07-25 20:10:00,S,0.4895,0.4924,0.49827165931152523,0.4675708517211869,-0.331,-0.392,time,96
2022-07-25 23:40:00,2022-07-26 00:50:00,S,0.4826,0.4645641828817926,0.48981432684728293,0.4645641828817926,2.5,2.426,tp,14
2022-07-26 00:55:00,2022-07-26 08:55:00,S,0.4641,0.4685,0.47799694147945176,0.42935764630137063,-0.317,-0.353,time,96
2022-07-26 12:00:00,2022-07-26 12:40:00,S,0.4666,0.4605066033247236,0.4690373586701106,0.4605066033247236,2.5,2.289,tp,8
2022-07-26 12:45:00,2022-07-26 20:45:00,S,0.4603,0.457,0.469121444901544,0.43824638774613994,0.374,0.317,time,96
2022-07-27 03:35:00,2022-07-27 05:10:00,S,0.4602,0.4642062657945153,0.4642062657945153,0.45018433551371173,-1.0,-1.126,sl,19
2022-07-27 09:40:00,2022-07-27 12:40:00,S,0.4648,0.4696128411993764,0.4696128411993764,0.45276789700155895,-1.0,-1.106,sl,36
2022-07-27 13:50:00,2022-07-27 16:55:00,L,0.472,0.46643313504408473,0.46643313504408473,0.4859171623897881,-1.0,-1.093,sl,37
2022-07-27 17:00:00,2022-07-27 18:00:00,S,0.4644,0.47584757158937085,0.47584757158937085,0.4357810710265728,-1.0,-1.045,sl,12
2022-07-27 18:05:00,2022-07-28 02:05:00,L,0.4788,0.5046,0.46228291729740445,0.5200927067564889,1.562,1.53,time,96
2022-07-28 02:50:00,2022-07-28 07:20:00,L,0.5182,0.5024527033570909,0.5024527033570909,0.5575682416072727,-1.0,-1.036,sl,54
2022-07-28 13:35:00,2022-07-28 21:35:00,L,0.5035,0.5149,0.48767396181974204,0.5430650954506447,0.72,0.685,time,96
2022-07-29 00:50:00,2022-07-29 08:50:00,L,0.5221,0.5299,0.5056897380169404,0.5631256549576491,0.475,0.44,time,96
2022-07-29 10:50:00,2022-07-29 11:25:00,L,0.5434,0.5311705910432426,0.5311705910432426,0.5739735223918935,-1.0,-1.049,sl,7
2022-07-29 22:45:00,2022-07-30 01:45:00,L,0.5352,0.5174825037933246,0.5174825037933246,0.5794937405166884,-1.0,-1.033,sl,36
2022-07-30 04:25:00,2022-07-30 07:05:00,S,0.5126,0.5210010298217822,0.5210010298217822,0.4915974254455443,-1.0,-1.067,sl,32
2022-07-30 07:10:00,2022-07-30 13:10:00,L,0.521,0.5358895864470894,0.5150441654211643,0.5358895864470894,2.5,2.404,tp,72
2022-07-30 13:15:00,2022-07-30 21:15:00,L,0.5376,0.5281,0.5255086517523295,0.567828370619176,-0.786,-0.835,time,96
2022-07-31 08:40:00,2022-07-31 10:55:00,S,0.5235,0.5315941963481392,0.5315941963481392,0.5032645091296519,-1.0,-1.071,sl,27
2022-07-31 16:40:00,2022-07-31 18:30:00,L,0.5332,0.5274000867700134,0.5274000867700134,0.5476997830749666,-1.0,-1.101,sl,22
2022-07-31 22:05:00,2022-08-01 06:05:00,S,0.5252,0.5181,0.5341834202029113,0.5027414494927217,0.79,0.726,time,96
2022-08-01 06:20:00,2022-08-01 13:30:00,S,0.517,0.5038777647112139,0.5222488941155145,0.5038777647112139,2.5,2.392,tp,86
2022-08-01 13:35:00,2022-08-01 14:00:00,S,0.5052,0.5151247289426114,0.5151247289426114,0.4803881776434714,-1.0,-1.056,sl,5
2022-08-01 17:25:00,2022-08-02 01:25:00,S,0.5062,0.5115,0.5153133773942972,0.483416556514257,-0.582,-0.643,time,96
2022-08-02 01:55:00,2022-08-02 09:55:00,S,0.5031,0.4903,0.5136550349850754,0.47671241253731156,1.213,1.16,time,96
2022-08-02 19:00:00,2022-08-03 03:00:00,S,0.4993,0.4969,0.5060782909543843,0.4823542726140394,0.354,0.273,time,96
2022-08-03 08:35:00,2022-08-03 16:35:00,L,0.5069,0.5127,0.5018651867579933,0.5194870331050168,1.152,1.041,time,96
2022-08-03 16:55:00,2022-08-03 22:15:00,L,0.5142,0.5077413056092973,0.5077413056092973,0.5303467359767566,-1.0,-1.088,sl,64
2022-08-03 22:20:00,2022-08-04 06:20:00,S,0.5074,0.5027,0.513750570547498,0.491523573631255,0.74,0.652,time,96
2022-08-04 06:25:00,2022-08-04 14:25:00,S,0.5027,0.4978,0.5104897546836757,0.48322561329081076,0.629,0.558,time,96
2022-08-04 14:35:00,2022-08-04 22:35:00,S,0.4959,0.4977,0.5062299008888494,0.4700752477778764,-0.174,-0.227,time,96
2022-08-05 01:10:00,2022-08-05 01:55:00,L,0.5016,0.5079208895101553,0.4990716441959379,0.5079208895101553,2.5,2.282,tp,9
2022-08-05 02:00:00,2022-08-05 10:00:00,L,0.5071,0.5106,0.4990400041121735,0.5272499897195663,0.434,0.365,time,96
2022-08-05 10:40:00,2022-08-05 11:40:00,L,0.5118,0.5167896581222664,0.5098041367510935,0.5167896581222664,2.5,2.218,tp,12
2022-08-05 11:45:00,2022-08-05 12:30:00,L,0.516,0.5105416218091949,0.5105416218091949,0.5296459454770127,-1.0,-1.104,sl,9
2022-08-05 21:05:00,2022-08-06 05:05:00,L,0.5131,0.5195,0.5082044268742909,0.5253389328142728,1.307,1.192,time,96
2022-08-06 15:25:00,2022-08-06 16:55:00,L,0.52,0.5171985927083937,0.5171985927083937,0.5270035182290157,-1.0,-1.204,sl,18
2022-08-06 23:20:00,2022-08-07 05:30:00,S,0.5121,0.5168070101420968,0.5168070101420968,0.5003324746447579,-1.0,-1.12,sl,74
2022-08-07 05:35:00,2022-08-07 13:35:00,L,0.5168,0.5189,0.5119096346782186,0.5290259133044537,0.429,0.313,time,96
2022-08-07 20:30:00,2022-08-07 21:00:00,L,0.5238,0.5348405064749489,0.5193837974100205,0.5348405064749489,2.5,2.37,tp,6
2022-08-07 21:05:00,2022-08-08 05:05:00,L,0.5343,0.5317,0.5197855574959656,0.5705861062600861,-0.179,-0.22,time,96
2022-08-08 05:25:00,2022-08-08 05:40:00,L,0.5329,0.5371121781709892,0.5312151287316044,0.5371121781709892,2.5,2.152,tp,3
2022-08-08 05:45:00,2022-08-08 13:45:00,L,0.5375,0.5439,0.5311815607250044,0.5532960981874888,1.013,0.919,time,96
2022-08-08 19:40:00,2022-08-09 01:10:00,L,0.5342,0.5295690886206293,0.5295690886206293,0.5457772784484267,-1.0,-1.127,sl,66
2022-08-09 01:25:00,2022-08-09 09:25:00,S,0.5289,0.5285,0.5371038877605377,0.5083902805986558,0.049,-0.022,time,96
2022-08-09 09:30:00,2022-08-09 11:45:00,S,0.5285,0.5156482693008484,0.5336406922796606,0.5156482693008484,2.5,2.387,tp,27
2022-08-09 11:50:00,2022-08-09 12:30:00,S,0.516,0.5216679623791604,0.5216679623791604,0.5018300940520992,-1.0,-1.1,sl,8
2022-08-09 14:00:00,2022-08-09 22:00:00,S,0.5151,0.5143,0.5225961388268492,0.49635965293287704,0.107,0.031,time,96
2022-08-10 00:05:00,2022-08-10 00:45:00,S,0.5117,0.5031502615673412,0.5151198953730636,0.5031502615673412,2.5,2.335,tp,8
2022-08-10 00:50:00,2022-08-10 08:50:00,S,0.5028,0.5131,0.5142338640680946,0.47421533982976366,-0.901,-0.949,time,96
2022-08-10 12:10:00,2022-08-10 12:30:00,L,0.5149,0.5274609762120757,0.5098756095151697,0.5274609762120757,2.5,2.387,tp,4
2022-08-10 12:35:00,2022-08-10 20:35:00,L,0.525,0.5308,0.5108249908987206,0.5604375227531986,0.409,0.368,time,96
2022-08-10 21:00:00,2022-08-11 05:00:00,L,0.5346,0.5436,0.5283768370674361,0.5501579073314096,1.446,1.352,time,96
2022-08-11 11:55:00,2022-08-11 18:15:00,L,0.5385,0.5344919536675161,0.5344919536675161,0.5485201158312096,-1.0,-1.148,sl,76
2022-08-11 23:00:00,2022-08-12 07:00:00,S,0.5303,0.5284,0.5355464578610597,0.5171838553473507,0.362,0.251,time,96
2022-08-12 07:55:00,2022-08-12 10:45:00,L,0.5322,0.5278872929406642,0.5278872929406642,0.5429817676483396,-1.0,-1.136,sl,34
2022-08-12 10:50:00,2022-08-12 18:50:00,S,0.528,0.5345,0.5366374666234952,0.5064063334412621,-0.753,-0.82,time,96
2022-08-12 19:05:00,2022-08-13 03:05:00,L,0.5355,0.5423,0.529143988234579,0.5513900294135525,1.07,0.977,time,96
2022-08-13 03:15:00,2022-08-13 05:55:00,L,0.542,0.5520983576581898,0.5379606569367241,0.5520983576581898,2.5,2.352,tp,32
2022-08-13 06:00:00,2022-08-13 14:00:00,L,0.5529,0.5609,0.5404004540450311,0.584148864887422,0.64,0.591,time,96
2022-08-13 19:50:00,2022-08-14 00:25:00,L,0.5591,0.5742281694357649,0.5530487322256941,0.5742281694357649,2.5,2.398,tp,55
2022-08-14 00:30:00,2022-08-14 08:30:00,L,0.5717,0.5874,0.5561359617108979,0.6106100957227554,1.009,0.968,time,96
2022-08-14 21:30:00,2022-08-14 22:05:00,L,0.571,0.5665714218753364,0.5665714218753364,0.5820714453116589,-1.0,-1.142,sl,7
2022-08-15 02:15:00,2022-08-15 05:35:00,L,0.5756,0.5700232663511919,0.5700232663511919,0.5895418341220202,-1.0,-1.114,sl,40
2022-08-15 06:05:00,2022-08-15 14:05:00,S,0.5665,0.5628,0.576778851078127,0.5408028723046825,0.36,0.299,time,96
2022-08-15 15:50:00,2022-08-15 19:05:00,L,0.5648,0.5571143626784288,0.5571143626784288,0.5840140933039277,-1.0,-1.081,sl,39
2022-08-15 19:10:00,2022-08-15 19:15:00,S,0.5568,0.5602291796125041,0.5602291796125041,0.5482270509687397,-1.0,-1.179,sl,1
2022-08-15 19:30:00,2022-08-16 01:20:00,S,0.5542,0.56222969755877,0.56222969755877,0.5341257561030752,-1.0,-1.076,sl,70
2022-08-16 05:20:00,2022-08-16 08:35:00,S,0.5493,0.5570781237969922,0.5570781237969922,0.5298546905075197,-1.0,-1.078,sl,39
2022-08-16 08:40:00,2022-08-16 11:10:00,L,0.558,0.5700816771905595,0.5531673291237763,0.5700816771905595,2.5,2.373,tp,30
2022-08-16 11:15:00,2022-08-16 12:30:00,L,0.5685,0.5618791072603735,0.5618791072603735,0.5850522318490663,-1.0,-1.094,sl,15
2022-08-16 12:40:00,2022-08-16 20:40:00,S,0.5605,0.5653,0.5684088832060926,0.5407277919847684,-0.607,-0.685,time,96
2022-08-16 20:55:00,2022-08-16 22:05:00,L,0.5671,0.5597363800820714,0.5597363800820714,0.5855090497948217,-1.0,-1.085,sl,14
2022-08-16 22:35:00,2022-08-17 03:00:00,S,0.5571,0.5650791105138255,0.5650791105138255,0.5371522237154363,-1.0,-1.077,sl,53
2022-08-17 03:05:00,2022-08-17 10:10:00,L,0.5653,0.553484101180367,0.553484101180367,0.5948397470490827,-1.0,-1.053,sl,85
2022-08-17 10:15:00,2022-08-17 13:50:00,S,0.5527,0.5314680438199098,0.5611927824720361,0.5314680438199098,2.5,2.428,tp,43
2022-08-17 13:55:00,2022-08-17 21:55:00,S,0.5346,0.537,0.5452346031884219,0.5080134920289452,-0.226,-0.281,time,96
2022-08-17 22:30:00,2022-08-17 23:55:00,S,0.535,0.5382774438069229,0.5382774438069229,0.526806390482693,-1.0,-1.18,sl,17
2022-08-18 13:25:00,2022-08-18 21:25:00,S,0.5386,0.5308,0.5443580323632586,0.5242049190918533,1.355,1.252,time,96
2022-08-18 22:40:00,2022-08-18 23:15:00,S,0.5275,0.5160821720499298,0.532067131180028,0.5160821720499298,2.5,2.373,tp,7
2022-08-18 23:20:00,2022-08-19 07:20:00,S,0.5074,0.4718,0.5300919953562847,0.4506700116092881,1.569,1.544,time,96
2022-08-19 11:10:00,2022-08-19 16:30:00,S,0.4657,0.47111199236329077,0.47111199236329077,0.4521700190917731,-1.0,-1.095,sl,64
2022-08-19 19:10:00,2022-08-19 19:15:00,S,0.4626,0.46729877762067057,0.46729877762067057,0.4508530559483236,-1.0,-1.108,sl,1
2022-08-19 20:35:00,2022-08-20 04:35:00,S,0.4602,0.4576,0.4699983635552297,0.43570409111192565,0.265,0.214,time,96
2022-08-20 09:00:00,2022-08-20 17:00:00,S,0.4568,0.4522,0.46152199027961766,0.44499502430095583,0.974,0.868,time,96
2022-08-20 17:10:00,2022-08-21 01:10:00,S,0.4493,0.4494,0.4559973205001999,0.4325566987495001,-0.015,-0.089,time,96
2022-08-21 03:50:00,2022-08-21 07:50:00,S,0.4492,0.45543154146418935,0.45543154146418935,0.4336211463395266,-1.0,-1.079,sl,48
2022-08-21 12:35:00,2022-08-21 16:40:00,S,0.4599,0.46494851716977437,0.46494851716977437,0.447278707075564,-1.0,-1.1,sl,49
2022-08-21 16:45:00,2022-08-21 22:10:00,L,0.4665,0.4586208799041959,0.4586208799041959,0.4861978002395103,-1.0,-1.065,sl,65
2022-08-21 22:15:00,2022-08-22 06:15:00,S,0.4593,0.456,0.47277102127229753,0.4256224468192561,0.245,0.207,time,96
2022-08-22 06:40:00,2022-08-22 08:30:00,S,0.4524,0.4377853724488555,0.45824585102045784,0.4377853724488555,2.5,2.415,tp,22
2022-08-22 08:35:00,2022-08-22 10:30:00,S,0.4378,0.45064174683385627,0.45064174683385627,0.40569563291535937,-1.0,-1.038,sl,23
2022-08-22 13:40:00,2022-08-22 13:40:00,S,0.4453,0.4505260490959236,0.4505260490959236,0.43223487726019094,-1.0,-1.094,sl,0
2022-08-22 18:45:00,2022-08-22 19:20:00,S,0.4455,0.45002972523194085,0.45002972523194085,0.4341756869201479,-1.0,-1.108,sl,7
2022-08-22 23:45:00,2022-08-23 05:20:00,L,0.4579,0.4531645075714744,0.4531645075714744,0.46973873107131386,-1.0,-1.106,sl,67
2022-08-23 05:25:00,2022-08-23 08:10:00,S,0.4534,0.4575164278633334,0.4575164278633334,0.44310893034166654,-1.0,-1.121,sl,33
2022-08-23 09:50:00,2022-08-23 17:50:00,L,0.4607,0.4572,0.4521017452250681,0.4821956369373298,-0.407,-0.466,time,96
2022-08-23 18:25:00,2022-08-24 01:40:00,L,0.4635,0.45634014438482134,0.45634014438482134,0.4813996390379467,-1.0,-1.071,sl,87
2022-08-24 01:45:00,2022-08-24 06:50:00,S,0.4557,0.4600777851050249,0.4600777851050249,0.44475553723743777,-1.0,-1.115,sl,61
2022-08-24 07:00:00,2022-08-24 07:30:00,L,0.4605,0.4561984781475564,0.4561984781475564,0.4712538046311091,-1.0,-1.118,sl,6
2022-08-24 12:05:00,2022-08-24 20:05:00,L,0.4614,0.4635,0.45568484520664265,0.47568788698339326,0.367,0.279,time,96
2022-08-24 22:10:00,2022-08-25 06:10:00,S,0.4619,0.4616,0.46610156594368757,0.451396085140781,0.071,-0.05,time,96
2022-08-25 06:25:00,2022-08-25 14:25:00,L,0.4642,0.4653,0.4595824588017741,0.4757438529955647,0.238,0.128,time,96
2022-08-25 16:20:00,2022-08-25 18:10:00,S,0.4613,0.46583287946797053,0.46583287946797053,0.44996780133007364,-1.0,-1.112,sl,22
2022-08-25 19:45:00,2022-08-25 20:45:00,L,0.4664,0.4731246776179917,0.4637101289528033,0.4731246776179917,2.5,2.309,tp,12
2022-08-25 20:50:00,2022-08-25 22:50:00,L,0.473,0.46532766270763115,0.46532766270763115,0.49218084323092204,-1.0,-1.068,sl,24
2022-08-26 02:25:00,2022-08-26 06:25:00,L,0.466,0.47368030898527413,0.4629278764058904,0.47368030898527413,2.5,2.333,tp,48
2022-08-26 06:30:00,2022-08-26 11:10:00,L,0.4766,0.4637230676599416,0.4637230676599416,0.5087923308501461,-1.0,-1.041,sl,56
2022-08-26 11:15:00,2022-08-26 12:35:00,S,0.4637,0.47558192680397776,0.47558192680397776,0.4339951829900556,-1.0,-1.043,sl,16
2022-08-26 13:05:00,2022-08-26 15:00:00,L,0.4794,0.4628269016453669,0.4628269016453669,0.5208327458865828,-1.0,-1.032,sl,23
2022-08-26 15:05:00,2022-08-26 23:05:00,S,0.4604,0.439,0.4799424094017621,0.4115439764955947,1.095,1.069,time,96
2022-08-26 23:15:00,2022-08-27 07:15:00,S,0.4322,0.4355,0.44540139344705965,0.39919651638235076,-0.25,-0.286,time,96
2022-08-27 15:25:00,2022-08-27 22:35:00,S,0.4422,0.4493899151234236,0.4493899151234236,0.424225212191441,-1.0,-1.068,sl,86
2022-08-27 23:30:00,2022-08-28 05:20:00,L,0.4505,0.44374617880524203,0.44374617880524203,0.46738455298689496,-1.0,-1.073,sl,70
2022-08-28 05:25:00,2022-08-28 07:15:00,S,0.444,0.4485362969315003,0.4485362969315003,0.43265925767124924,-1.0,-1.108,sl,22
2022-08-28 07:40:00,2022-08-28 08:45:00,L,0.4492,0.44650623771028874,0.44650623771028874,0.4559344057242781,-1.0,-1.183,sl,13
2022-08-28 13:05:00,2022-08-28 16:05:00,S,0.4412,0.4466275494944264,0.4466275494944264,0.42763112626393396,-1.0,-1.089,sl,36
2022-08-28 19:45:00,2022-08-28 23:25:00,S,0.4417,0.4312439251370155,0.4458824299451938,0.4312439251370155,2.5,2.384,tp,44
2022-08-28 23:30:00,2022-08-29 07:30:00,S,0.4307,0.4321,0.43913336586930357,0.40961658532674117,-0.166,-0.222,time,96
2022-08-29 13:40:00,2022-08-29 21:40:00,L,0.4417,0.4482,0.4370031352031497,0.45344216199212567,1.384,1.28,time,96
2022-08-29 23:40:00,2022-08-30 07:40:00,L,0.45,0.4543,0.44507824682144714,0.4623043829463822,0.874,0.773,time,96
2022-08-30 08:15:00,2022-08-30 09:10:00,L,0.4552,0.4521997286184902,0.4521997286184902,0.4627006784537744,-1.0,-1.167,sl,11
2022-08-30 10:30:00,2022-08-30 13:45:00,L,0.4564,0.45199816725606673,0.45199816725606673,0.4674045818598331,-1.0,-1.114,sl,39
2022-08-30 14:20:00,2022-08-30 21:00:00,S,0.4487,0.4558015070281077,0.4558015070281077,0.43094623242973074,-1.0,-1.07,sl,80
2022-08-30 21:05:00,2022-08-31 05:05:00,L,0.4555,0.4604,0.4483031302653277,0.4734921743366808,0.681,0.611,time,96
2022-08-31 05:25:00,2022-08-31 06:30:00,L,0.4615,0.4586130441183547,0.4586130441183547,0.46871738970411336,-1.0,-1.176,sl,13
2022-08-31 12:20:00,2022-08-31 12:20:00,L,0.4583,0.45477756161694116,0.45477756161694116,0.46710609595764707,-1.0,-1.143,sl,0
2022-08-31 13:15:00,2022-08-31 15:00:00,L,0.4606,0.4533064820497604,0.4533064820497604,0.4788337948755991,-1.0,-1.069,sl,21
2022-08-31 19:50:00,2022-08-31 23:10:00,L,0.4551,0.4495778293012539,0.4495778293012539,0.4689054267468653,-1.0,-1.091,sl,40
2022-08-31 23:15:00,2022-09-01 07:15:00,S,0.4496,0.4455,0.4554026131161621,0.43509346720959474,0.707,0.621,time,96
2022-09-01 08:35:00,2022-09-01 11:15:00,S,0.4406,0.4476443544019977,0.4476443544019977,0.42298911399500577,-1.0,-1.069,sl,32
2022-09-01 13:00:00,2022-09-01 14:45:00,L,0.4573,0.4423666758187495,0.4423666758187495,0.4946333104531262,-1.0,-1.034,sl,21
2022-09-01 14:50:00,2022-09-01 18:30:00,S,0.443,0.45367142199814625,0.45367142199814625,0.4163214450046344,-1.0,-1.046,sl,44
2022-09-01 18:35:00,2022-09-02 02:35:00,L,0.4536,0.4541,0.4483796859976781,0.4666507850058048,0.096,0.0,time,96
2022-09-02 03:05:00,2022-09-02 11:05:00,L,0.4586,0.4547,0.45266969890191167,0.47342575274522086,-0.658,-0.743,time,96
2022-09-02 12:40:00,2022-09-02 18:10:00,L,0.4607,0.45306776940938726,0.45306776940938726,0.47978057647653183,-1.0,-1.066,sl,66
2022-09-02 19:30:00,2022-09-02 20:55:00,S,0.451,0.4550563654147232,0.4550563654147232,0.440859086463192,-1.0,-1.122,sl,17
2022-09-02 21:50:00,2022-09-02 22:35:00,L,0.4562,0.45313514247803033,0.45313514247803033,0.4638621438049242,-1.0,-1.164,sl,9
2022-09-03 00:45:00,2022-09-03 04:30:00,L,0.4573,0.46828479648710597,0.4529060814051576,0.46828479648710597,2.5,2.386,tp,45
2022-09-03 04:35:00,2022-09-03 12:35:00,L,0.4689,0.4692,0.4568113099237701,0.4991217251905746,0.025,-0.018,time,96
2022-09-03 13:15:00,2022-09-03 21:15:00,L,0.4737,0.4831,0.4684594152713362,0.4868014618216595,1.794,1.694,time,96
2022-09-04 01:20:00,2022-09-04 09:20:00,L,0.4873,0.4949,0.4751658430181231,0.5176353924546924,0.626,0.582,time,96
2022-09-04 11:00:00,2022-09-04 19:00:00,L,0.4983,0.4994,0.49085516029174237,0.5169120992706442,0.148,0.074,time,96
2022-09-05 00:05:00,2022-09-05 02:05:00,L,0.5054,0.49632649420197145,0.49632649420197145,0.5280837644950712,-1.0,-1.061,sl,24
2022-09-05 09:15:00,2022-09-05 12:50:00,S,0.4863,0.48901160851384284,0.48901160851384284,0.4795209787153929,-1.0,-1.197,sl,43
2022-09-05 13:10:00,2022-09-05 21:10:00,L,0.4906,0.4966,0.4848764857635444,0.5049087855911389,1.048,0.954,time,96
2022-09-05 23:40:00,2022-09-06 00:50:00,L,0.4982,0.506514982016727,0.4948740071933092,0.506514982016727,2.5,2.335,tp,14
2022-09-06 00:55:00,2022-09-06 02:00:00,L,0.5067,0.4961957145552126,0.4961957145552126,0.5329607136119686,-1.0,-1.053,sl,13
2022-09-06 05:15:00,2022-09-06 11:20:00,L,0.5026,0.4962529709723077,0.4962529709723077,0.5184675725692309,-1.0,-1.087,sl,73
2022-09-06 13:05:00,2022-09-06 17:10:00,S,0.4965,0.4831115721759076,0.501855371129637,0.4831115721759076,2.5,2.398,tp,49
2022-09-06 17:15:00,2022-09-07 01:15:00,S,0.4749,0.4604,0.496710209708687,0.42037447572828246,0.665,0.641,time,96
2022-09-07 09:40:00,2022-09-07 13:00:00,S,0.4601,0.4651038282071637,0.4651038282071637,0.4475904294820907,-1.0,-1.101,sl,40
2022-09-07 20:20:00,2022-09-08 04:20:00,L,0.4766,0.4779,0.47055078738787903,0.4917230315303025,0.215,0.128,time,96
2022-09-08 04:55:00,2022-09-08 12:20:00,S,0.4746,0.46584509570626087,0.4781019617174957,0.46584509570626087,2.5,2.351,tp,89
2022-09-08 13:10:00,2022-09-08 14:55:00,S,0.4648,0.4730938682756974,0.4730938682756974,0.4440653293107565,-1.0,-1.062,sl,21
2022-09-08 19:55:00,2022-09-09 00:15:00,L,0.4757,0.4862014660954475,0.471499413561821,0.4862014660954475,2.5,2.375,tp,52
2022-09-09 00:20:00,2022-09-09 08:20:00,L,0.4873,0.4907,0.47641615615630634,0.5145096096092342,0.312,0.263,time,96
2022-09-09 09:00:00,2022-09-09 16:00:00,L,0.4956,0.49032942679665553,0.49032942679665553,0.5087764330083611,-1.0,-1.103,sl,84
2022-09-09 19:55:00,2022-09-10 01:10:00,L,0.4949,0.5066788296888101,0.490188468124476,0.5066788296888101,2.5,2.384,tp,63
2022-09-10 01:15:00,2022-09-10 09:15:00,L,0.5072,0.5144,0.494331390722656,0.53937152319336,0.56,0.516,time,96
2022-09-10 20:20:00,2022-09-11 04:20:00,L,0.5132,0.5131,0.5085615371886737,0.5247961570283157,-0.022,-0.143,time,96
2022-09-11 08:20:00,2022-09-11 16:20:00,L,0.5167,0.5135,0.5069021531437338,0.5411946171406657,-0.327,-0.385,time,96
2022-09-11 16:35:00,2022-09-11 17:55:00,L,0.5138,0.5104011900269739,0.5104011900269739,0.5222970249325654,-1.0,-1.166,sl,16
2022-09-11 21:55:00,2022-09-12 01:40:00,S,0.5027,0.5103133868197103,0.5103133868197103,0.4836665329507244,-1.0,-1.073,sl,45
2022-09-12 01:45:00,2022-09-12 09:45:00,L,0.5116,0.5147,0.4982298985679775,0.5450252535800564,0.232,0.19,time,96
2022-09-12 09:55:00,2022-09-12 15:35:00,L,0.5143,0.510030841474704,0.510030841474704,0.5249728963132398,-1.0,-1.133,sl,68
2022-09-12 15:40:00,2022-09-12 23:40:00,S,0.5086,0.5014,0.5169982355585651,0.48760441110358754,0.857,0.791,time,96
2022-09-12 23:45:00,2022-09-13 02:10:00,S,0.5014,0.49150554639847166,0.5053577814406113,0.49150554639847166,2.5,2.361,tp,29
2022-09-13 02:15:00,2022-09-13 03:50:00,S,0.4931,0.4983708186718447,0.4983708186718447,0.47992295332038826,-1.0,-1.103,sl,19
2022-09-13 12:35:00,2022-09-13 20:35:00,S,0.4863,0.474,0.5094990244008122,0.4283024389979696,0.53,0.507,time,96
2022-09-13 23:10:00,2022-09-14 02:15:00,S,0.4645,0.46965615212349837,0.46965615212349837,0.4516096196912541,-1.0,-1.099,sl,37
2022-09-14 06:55:00,2022-09-14 12:30:00,S,0.4704,0.47573875998206583,0.47573875998206583,0.45705310004483535,-1.0,-1.097,sl,67
2022-09-14 13:55:00,2022-09-14 18:10:00,L,0.4827,0.4747302474884674,0.4747302474884674,0.5026243812788315,-1.0,-1.067,sl,51
2022-09-14 18:15:00,2022-09-15 02:15:00,S,0.4753,0.4716,0.48510661941241134,0.45078345146897164,0.377,0.324,time,96
2022-09-15 02:20:00,2022-09-15 06:45:00,S,0.4716,0.47745853535427385,0.47745853535427385,0.45695366161431544,-1.0,-1.089,sl,53
2022-09-15 11:10:00,2022-09-15 12:30:00,S,0.4711,0.476825840114148,0.476825840114148,0.45678539971463,-1.0,-1.091,sl,16
2022-09-15 14:35:00,2022-09-15 22:35:00,S,0.47,0.4644,0.4789238194889298,0.44769045127767537,0.628,0.57,time,96
2022-09-15 22:45:00,2022-09-16 00:55:00,S,0.4638,0.4685132495001013,0.4685132495001013,0.4520168762497467,-1.0,-1.108,sl,26
2022-09-16 06:50:00,2022-09-16 08:35:00,S,0.4662,0.458982935035522,0.4690868259857912,0.458982935035522,2.5,2.322,tp,21
2022-09-16 08:40:00,2022-09-16 16:40:00,S,0.4589,0.4582,0.46635361095940686,0.44026597260148276,0.094,0.026,time,96
2022-09-16 22:20:00,2022-09-17 00:40:00,L,0.468,0.47932233996934726,0.4634710640122611,0.47932233996934726,2.5,2.386,tp,28
2022-09-17 00:45:00,2022-09-17 08:45:00,L,0.4821,0.4743,0.47156499307716443,0.5084375173070889,-0.74,-0.791,time,96
2022-09-17 11:15:00,2022-09-17 14:25:00,L,0.4764,0.48560498443071,0.472718006227716,0.48560498443071,2.5,2.358,tp,38
2022-09-17 14:30:00,2022-09-17 22:30:00,L,0.4846,0.4846,0.47572775479296003,0.5067806130175998,0.0,-0.06,time,96
2022-09-18 07:25:00,2022-09-18 09:45:00,L,0.4846,0.48123137912580527,0.48123137912580527,0.4930215521854867,-1.0,-1.158,sl,28
2022-09-18 09:50:00,2022-09-18 17:50:00,S,0.4762,0.4656,0.48842170890355563,0.445645727741111,0.867,0.824,time,96
2022-09-18 20:50:00,2022-09-18 21:10:00,S,0.462,0.4469345178650632,0.46802619285397473,0.4469345178650632,2.5,2.416,tp,4
2022-09-18 21:15:00,2022-09-19 05:15:00,S,0.4475,0.442,0.4660076944636456,0.4012307638408861,0.297,0.271,time,96
2022-09-19 06:45:00,2022-09-19 10:55:00,S,0.4341,0.44369627268029493,0.44369627268029493,0.4101093182992626,-1.0,-1.05,sl,50
2022-09-20 00:15:00,2022-09-20 08:15:00,S,0.4505,0.4467,0.45507506347475446,0.4390623413131139,0.831,0.722,time,96
2022-09-20 09:30:00,2022-09-20 16:00:00,S,0.4438,0.44873295174442035,0.44873295174442035,0.43146762063894906,-1.0,-1.099,sl,78
2022-09-20 21:55:00,2022-09-21 00:05:00,S,0.4406,0.443449281702972,0.443449281702972,0.43347679574257003,-1.0,-1.17,sl,26
2022-09-21 00:45:00,2022-09-21 08:45:00,L,0.4485,0.4464,0.4402900698294439,0.46902482542639023,-0.256,-0.316,time,96
2022-09-21 09:50:00,2022-09-21 15:05:00,L,0.449,0.44448421471119504,0.44448421471119504,0.4602894632220125,-1.0,-1.109,sl,63
2022-09-21 15:10:00,2022-09-21 17:55:00,S,0.4429,0.4504642374944827,0.4504642374944827,0.4239894062637932,-1.0,-1.064,sl,33
2022-09-21 18:00:00,2022-09-21 18:00:00,L,0.4522,0.44246384437949615,0.44246384437949615,0.4765403890512596,-1.0,-1.051,sl,0
2022-09-21 18:05:00,2022-09-21 18:35:00,L,0.4343,0.45607505766637435,0.4255899769334503,0.45607505766637435,2.5,2.445,tp,6
2022-09-21 18:40:00,2022-09-22 02:40:00,L,0.4544,0.4402,0.42511640118923855,0.5276089970269038,-0.485,-0.502,time,96
2022-09-22 07:55:00,2022-09-22 15:55:00,L,0.4483,0.4499,0.4410799063088959,0.46635023422776023,0.222,0.153,time,96
2022-09-22 18:30:00,2022-09-22 19:45:00,L,0.4559,0.4657142989691766,0.4519742804123294,0.4657142989691766,2.5,2.372,tp,15
2022-09-22 19:50:00,2022-09-23 03:50:00,L,0.4662,0.4782,0.45237294518796906,0.5007676370300773,0.868,0.831,time,96
2022-09-23 03:55:00,2022-09-23 08:25:00,L,0.4782,0.45827292610750775,0.45827292610750775,0.5280176847312307,-1.0,-1.026,sl,54
2022-09-23 11:15:00,2022-09-23 19:15:00,S,0.4536,0.4505,0.4622304492377139,0.4320238769057153,0.359,0.301,time,96
2022-09-23 20:20:00,2022-09-24 04:20:00,L,0.4573,0.4623,0.4475339074505625,0.48171523137359373,0.512,0.46,time,96
2022-09-24 11:00:00,2022-09-24 19:00:00,L,0.4615,0.4601,0.45829444075911513,0.4695138981022122,-0.437,-0.595,time,96
2022-09-24 21:25:00,2022-09-25 05:25:00,S,0.4562,0.4538,0.4624758820074133,0.44051029498146677,0.382,0.302,time,96
2022-09-25 08:20:00,2022-09-25 10:15:00,L,0.459,0.45520957851019034,0.45520957851019034,0.4684760537245242,-1.0,-1.133,sl,23
2022-09-25 12:15:00,2022-09-25 13:05:00,L,0.4606,0.4567066863086366,0.4567066863086366,0.4703332842284086,-1.0,-1.13,sl,10
2022-09-25 13:30:00,2022-09-25 21:30:00,S,0.4543,0.4449,0.4616388391010501,0.4359529022473747,1.281,1.213,time,96
2022-09-25 21:40:00,2022-09-25 23:25:00,S,0.4402,0.4472393413921729,0.4472393413921729,0.42260164651956766,-1.0,-1.069,sl,21
2022-09-26 03:05:00,2022-09-26 08:50:00,S,0.4417,0.4491700655161372,0.4491700655161372,0.4230248362096569,-1.0,-1.065,sl,69
2022-09-26 21:50:00,2022-09-26 22:20:00,S,0.444,0.4454743134924302,0.4454743134924302,0.4403142162689245,-1.0,-1.331,sl,6
2022-09-27 00:15:00,2022-09-27 04:15:00,L,0.4492,0.4614760849559128,0.44428956601763486,0.4614760849559128,2.5,2.399,tp,48
2022-09-27 04:20:00,2022-09-27 04:45:00,L,0.46,0.45717198983456336,0.45717198983456336,0.46707002541359166,-1.0,-1.179,sl,5
2022-09-27 07:15:00,2022-09-27 07:50:00,L,0.4616,0.4587159478526914,0.4587159478526914,0.46881013036827157,-1.0,-1.176,sl,7
2022-09-27 12:50:00,2022-09-27 13:00:00,L,0.4592,0.4539638606901641,0.4539638606901641,0.47229034827458977,-1.0,-1.096,sl,2
2022-09-27 16:15:00,2022-09-28 00:15:00,S,0.4483,0.4415,0.45698749056146154,0.42658127359634607,0.783,0.726,time,96
2022-09-28 01:35:00,2022-09-28 09:35:00,S,0.4324,0.4273,0.442592029240899,0.40691992689775247,0.5,0.454,time,96
2022-09-28 10:10:00,2022-09-28 10:15:00,S,0.4285,0.4309257927415505,0.4309257927415505,0.4224355181461237,-1.0,-1.194,sl,1
2022-09-28 17:50:00,2022-09-28 19:05:00,S,0.4344,0.4379197103379523,0.4379197103379523,0.4256007241551193,-1.0,-1.136,sl,15
2022-09-28 22:50:00,2022-09-29 06:50:00,S,0.4366,0.4328,0.4398016799928851,0.4285958000177872,1.187,1.037,time,96
2022-09-29 07:05:00,2022-09-29 09:00:00,S,0.4308,0.4340977381222358,0.4340977381222358,0.4225556546944106,-1.0,-1.144,sl,23
2022-09-29 12:15:00,2022-09-29 20:15:00,S,0.4331,0.4345,0.4371906125062104,0.42287346873447396,-0.342,-0.459,time,96
2022-09-29 23:45:00,2022-09-30 07:45:00,L,0.4383,0.4363,0.4337133350272137,0.44976666243196584,-0.436,-0.541,time,96
2022-09-30 10:50:00,2022-09-30 12:30:00,S,0.4348,0.429347795921618,0.43698088163135285,0.429347795921618,2.5,2.281,tp,20
2022-09-30 12:35:00,2022-09-30 14:35:00,S,0.4324,0.4362669105449057,0.4362669105449057,0.42273272363773584,-1.0,-1.123,sl,24
2022-09-30 14:40:00,2022-09-30 19:50:00,L,0.4362,0.4306717038355391,0.4306717038355391,0.45002074041115214,-1.0,-1.087,sl,62
2022-09-30 19:55:00,2022-09-30 23:20:00,S,0.4311,0.43472288362917877,0.43472288362917877,0.422042790927053,-1.0,-1.131,sl,41
2022-10-01 11:30:00,2022-10-01 19:30:00,S,0.4306,0.4308,0.43386049166527996,0.42244877083680005,-0.061,-0.207,time,96
2022-10-02 10:15:00,2022-10-02 10:15:00,S,0.4282,0.42127433383352264,0.430970266466591,0.42127433383352264,2.5,2.33,tp,0
2022-10-02 10:20:00,2022-10-02 18:20:00,S,0.4236,0.425,0.43110489760437887,0.40483775598905275,-0.187,-0.249,time,96
2022-10-02 21:20:00,2022-10-02 23:05:00,S,0.4247,0.4167620169345223,0.4278751932261911,0.4167620169345223,2.5,2.353,tp,21
2022-10-02 23:10:00,2022-10-03 07:10:00,S,0.4195,0.4214,0.4266756898768814,0.4015607753077964,-0.265,-0.329,time,96
2022-10-03 11:50:00,2022-10-03 13:05:00,S,0.4206,0.423873207637054,0.423873207637054,0.4124169809073649,-1.0,-1.141,sl,15
2022-10-03 13:45:00,2022-10-03 14:25:00,S,0.4217,0.4253314109990049,0.4253314109990049,0.4126214725024878,-1.0,-1.128,sl,8
2022-10-04 04:00:00,2022-10-04 07:10:00,L,0.4276,0.43268899491460405,0.42556440203415835,0.43268899491460405,2.5,2.269,tp,38
2022-10-04 07:15:00,2022-10-04 15:15:00,L,0.4334,0.4318,0.4262999699986311,0.4511500750034222,-0.225,-0.292,time,96
2022-10-04 19:55:00,2022-10-05 02:45:00,L,0.4363,0.43241769199743135,0.43241769199743135,0.4460057700064217,-1.0,-1.124,sl,82
2022-10-05 06:30:00,2022-10-05 08:10:00,L,0.4333,0.4310582633078865,0.4310582633078865,0.4389043417302838,-1.0,-1.213,sl,20
2022-10-05 08:15:00,2022-10-05 16:15:00,S,0.4299,0.4296,0.4330710281751552,0.421972429562112,0.095,-0.055,time,96
2022-10-05 16:20:00,2022-10-06 00:20:00,L,0.4296,0.4315,0.4257057754391707,0.4393355614020732,0.488,0.367,time,96
2022-10-06 00:50:00,2022-10-06 08:25:00,L,0.4328,0.4302945545140105,0.4302945545140105,0.4390636137149738,-1.0,-1.19,sl,91
2022-10-06 10:05:00,2022-10-06 10:55:00,S,0.4307,0.4284377937670484,0.4316048824931807,0.4284377937670484,2.5,1.976,tp,10
2022-10-06 11:00:00,2022-10-06 11:35:00,S,0.4292,0.43137624720247747,0.43137624720247747,0.4237593819938064,-1.0,-1.217,sl,7
2022-10-06 11:40:00,2022-10-06 14:00:00,L,0.4325,0.4274917871865362,0.4274917871865362,0.44502053203365954,-1.0,-1.095,sl,28
2022-10-06 14:05:00,2022-10-06 22:05:00,S,0.4277,0.427,0.43275026847351133,0.41507432881622175,0.139,0.045,time,96
2022-10-07 02:15:00,2022-10-07 02:45:00,S,0.4266,0.4284443609996261,0.4284443609996261,0.4219890975009347,-1.0,-1.254,sl,6
2022-10-07 05:20:00,2022-10-07 08:20:00,S,0.4262,0.4283391407166821,0.4283391407166821,0.4208521482082948,-1.0,-1.219,sl,36
2022-10-07 10:45:00,2022-10-07 12:25:00,S,0.4262,0.4218218282334589,0.4279512687066165,0.4218218282334589,2.5,2.232,tp,20
2022-10-07 12:30:00,2022-10-07 12:30:00,S,0.4267,0.4223454116268076,0.428441835349277,0.4223454116268076,2.5,2.231,tp,0
2022-10-07 12:35:00,2022-10-07 20:35:00,S,0.4245,0.4253,0.4279833060424027,0.41579173489399324,-0.23,-0.364,time,96
2022-10-07 22:50:00,2022-10-08 00:20:00,S,0.4233,0.4250385952482493,0.4250385952482493,0.41895351187937685,-1.0,-1.268,sl,18
2022-10-08 11:10:00,2022-10-08 19:10:00,S,0.4244,0.4238,0.4264352018129543,0.4193119954676142,0.295,0.065,time,96
2022-10-08 19:20:00,2022-10-09 03:20:00,S,0.4228,0.4211,0.4256547959532104,0.4156630101169741,0.595,0.433,time,96
2022-10-09 03:40:00,2022-10-09 04:50:00,S,0.4199,0.42114515690979654,0.42114515690979654,0.41678710772550864,-1.0,-1.371,sl,14
2022-10-09 23:05:00,2022-10-10 00:45:00,S,0.4216,0.42345108306821083,0.42345108306821083,0.41697229232947286,-1.0,-1.251,sl,20
2022-10-10 01:05:00,2022-10-10 05:40:00,L,0.4259,0.4218232756324836,0.4218232756324836,0.43609181091879096,-1.0,-1.115,sl,55
2022-10-10 05:45:00,2022-10-10 08:20:00,S,0.422,0.416406146212114,0.42423754151515436,0.416406146212114,2.5,2.293,tp,31
2022-10-10 08:25:00,2022-10-10 16:25:00,S,0.4165,0.4146,0.4224045570472459,0.4017386073818852,0.322,0.244,time,96
2022-10-10 20:40:00,2022-10-10 21:35:00,S,0.4129,0.40852159155395507,0.41465136337841796,0.40852159155395507,2.5,2.241,tp,11
2022-10-10 21:40:00,2022-10-10 23:45:00,S,0.4088,0.3966785056015898,0.4136485977593641,0.3966785056015898,2.5,2.407,tp,25
2022-10-10 23:50:00,2022-10-11 00:05:00,S,0.4014,0.38829087801570283,0.40664364879371884,0.38829087801570283,2.5,2.416,tp,3
2022-10-11 00:10:00,2022-10-11 08:10:00,S,0.3891,0.3968,0.40679993586562774,0.34485016033593063,-0.435,-0.459,time,96
2022-10-11 09:45:00,2022-10-11 11:20:00,S,0.395,0.39665411274898726,0.39665411274898726,0.3908647181275319,-1.0,-1.263,sl,19
2022-10-11 14:05:00,2022-10-11 15:30:00,S,0.3941,0.39914528391280507,0.39914528391280507,0.38148679021798737,-1.0,-1.086,sl,17
2022-10-11 18:45:00,2022-10-12 02:45:00,S,0.3958,0.3922,0.3994985107896015,0.3865537230259961,0.973,0.856,time,96
2022-10-12 11:45:00,2022-10-12 17:45:00,S,0.3926,0.38824313452293685,0.39434274619082527,0.38824313452293685,2.5,2.252,tp,72
2022-10-12 17:50:00,2022-10-12 21:50:00,S,0.3865,0.3760395429086556,0.3906841828365378,0.3760395429086556,2.5,2.398,tp,48
2022-10-12 21:55:00,2022-10-13 05:55:00,S,0.3762,0.3728,0.38739433286439817,0.3482141678390045,0.304,0.267,time,96
2022-10-13 06:35:00,2022-10-13 10:25:00,S,0.3682,0.3541353255083594,0.3738258697966563,0.3541353255083594,2.5,2.428,tp,46
2022-10-13 10:30:00,2022-10-13 12:25:00,S,0.3537,0.36369331418169,0.36369331418169,0.3287167145457751,-1.0,-1.039,sl,23
2022-10-13 18:45:00,2022-10-13 19:00:00,S,0.3719,0.37631000482722876,0.37631000482722876,0.3608749879319281,-1.0,-1.093,sl,3
2022-10-13 21:05:00,2022-10-14 05:05:00,L,0.38,0.3864,0.3747850241910102,0.3930374395224746,1.227,1.147,time,96
2022-10-14 07:15:00,2022-10-14 14:10:00,S,0.3827,0.3750233680778173,0.38577065276887307,0.3750233680778173,2.5,2.363,tp,83
2022-10-14 14:15:00,2022-10-14 22:15:00,S,0.3749,0.363,0.3839725970865106,0.3522185072837235,1.312,1.266,time,96
2022-10-15 06:55:00,2022-10-15 14:55:00,S,0.3663,0.3677,0.3693594887924466,0.3586512780188835,-0.458,-0.589,time,96
2022-10-15 17:05:00,2022-10-15 20:15:00,S,0.3647,0.36686380903241844,0.36686380903241844,0.359290477418954,-1.0,-1.185,sl,38
2022-10-15 21:10:00,2022-10-16 02:10:00,S,0.365,0.36707245968032703,0.36707245968032703,0.3598188507991824,-1.0,-1.194,sl,60
2022-10-16 12:20:00,2022-10-16 19:30:00,S,0.3662,0.36765061372467,0.36765061372467,0.36257346568832505,-1.0,-1.278,sl,86
2022-10-16 19:35:00,2022-10-17 03:35:00,L,0.3689,0.3667,0.36429997940144326,0.3804000514963919,-0.478,-0.566,time,96
2022-10-17 04:20:00,2022-10-17 05:05:00,S,0.366,0.3686498772183087,0.3686498772183087,0.35937530695422815,-1.0,-1.152,sl,9
2022-10-17 05:10:00,2022-10-17 13:10:00,L,0.3688,0.3731,0.36574830538428227,0.3764292365392944,1.409,1.276,time,96
2022-10-17 13:35:00,2022-10-17 18:15:00,L,0.3737,0.37081978353141354,0.37081978353141354,0.3809005411714661,-1.0,-1.143,sl,56
2022-10-17 23:50:00,2022-10-18 01:30:00,L,0.3731,0.3700424855160949,0.3700424855160949,0.3807437862097627,-1.0,-1.134,sl,20
2022-10-18 01:35:00,2022-10-18 09:35:00,S,0.368,0.3656,0.3727838459891988,0.356040385027003,0.502,0.417,time,96
2022-10-18 14:20:00,2022-10-18 22:20:00,S,0.3648,0.3603,0.3696107553152399,0.3527731117119003,0.935,0.852,time,96
2022-10-19 01:05:00,2022-10-19 09:05:00,S,0.3578,0.3576,0.3620953093802519,0.34706172654937023,0.047,-0.045,time,96
2022-10-19 11:15:00,2022-10-19 18:15:00,S,0.3552,0.3586667766718905,0.3586667766718905,0.3465330583202738,-1.0,-1.113,sl,84
2022-10-19 22:30:00,2022-10-19 23:45:00,S,0.3548,0.34763911903291855,0.3576643523868326,0.34763911903291855,2.5,2.364,tp,15
2022-10-19 23:50:00,2022-10-20 02:50:00,S,0.3487,0.35173196697821607,0.35173196697821607,0.34112008255445986,-1.0,-1.127,sl,36
2022-10-20 09:00:00,2022-10-20 09:50:00,S,0.352,0.35385280615197123,0.35385280615197123,0.34736798462007185,-1.0,-1.209,sl,10
2022-10-20 10:35:00,2022-10-20 10:40:00,S,0.3516,0.35395303179252746,0.35395303179252746,0.34571742051868143,-1.0,-1.164,sl,1
2022-10-20 16:25:00,2022-10-20 18:05:00,S,0.3507,0.3440436104952922,0.35336255580188314,0.3440436104952922,2.5,2.355,tp,20
2022-10-20 18:10:00,2022-10-21 02:10:00,S,0.3428,0.3393,0.3507371536137539,0.3229571159656152,0.441,0.393,time,96
2022-10-21 07:05:00,2022-10-21 14:00:00,S,0.3376,0.3409709468333204,0.3409709468333204,0.329172632916699,-1.0,-1.11,sl,83
2022-10-21 19:25:00,2022-10-22 03:25:00,L,0.347,0.3458,0.34340884859896964,0.3559778785025758,-0.334,-0.44,time,96
2022-10-22 05:25:00,2022-10-22 06:10:00,S,0.3429,0.3468755738745715,0.3468755738745715,0.33296106531357117,-1.0,-1.095,sl,9
2022-10-22 06:15:00,2022-10-22 14:15:00,L,0.3461,0.35,0.34251995911404526,0.3550501022148869,1.089,0.983,time,96
2022-10-22 20:55:00,2022-10-23 04:55:00,L,0.352,0.3529,0.3488323018185356,0.35991924545366094,0.284,0.162,time,96
2022-10-23 11:10:00,2022-10-23 14:00:00,S,0.3468,0.35018816018689053,0.35018816018689053,0.33832959953277364,-1.0,-1.113,sl,34
2022-10-23 14:05:00,2022-10-23 19:40:00,L,0.3503,0.3549290569173833,0.34844837723304667,0.3549290569173833,2.5,2.292,tp,67
2022-10-23 19:45:00,2022-10-23 22:30:00,L,0.355,0.3614017530260245,0.3524392987895902,0.3614017530260245,2.5,2.348,tp,33
2022-10-23 22:35:00,2022-10-24 06:35:00,L,0.3631,0.3602,0.3527220209451586,0.38904494763710346,-0.279,-0.318,time,96
2022-10-24 06:40:00,2022-10-24 14:15:00,L,0.3602,0.35631622194805707,0.35631622194805707,0.3699094451298574,-1.0,-1.102,sl,91
2022-10-24 18:45:00,2022-10-24 23:45:00,L,0.3601,0.3570355266813989,0.3570355266813989,0.36776118329650276,-1.0,-1.129,sl,60
2022-10-25 01:45:00,2022-10-25 08:55:00,L,0.3623,0.3582862817502863,0.3582862817502863,0.3723342956242842,-1.0,-1.099,sl,86
2022-10-25 11:30:00,2022-10-25 13:30:00,L,0.3609,0.36629709838836544,0.35874116064465383,0.36629709838836544,2.5,2.316,tp,24
2022-10-25 13:35:00,2022-10-25 16:40:00,L,0.3684,0.3872253699806655,0.3608698520077338,0.3872253699806655,2.5,2.446,tp,37
2022-10-25 16:45:00,2022-10-26 00:45:00,L,0.3878,0.399,0.37256129372702645,0.4258967656824338,0.735,0.707,time,96
2022-10-26 05:20:00,2022-10-26 07:50:00,L,0.4023,0.3983089976743245,0.3983089976743245,0.41227750581418876,-1.0,-1.111,sl,30
2022-10-26 11:05:00,2022-10-26 12:05:00,L,0.4091,0.4019504490861044,0.4019504490861044,0.4269738772847391,-1.0,-1.063,sl,12
2022-10-26 15:40:00,2022-10-26 17:15:00,L,0.4095,0.40196961820814675,0.40196961820814675,0.42832595447963306,-1.0,-1.06,sl,19
2022-10-26 22:25:00,2022-10-27 00:55:00,L,0.4046,0.4113939051027231,0.40188243795891077,0.4113939051027231,2.5,2.336,tp,30
2022-10-27 01:00:00,2022-10-27 09:00:00,L,0.4114,0.4059,0.4019086698644163,0.4351283253389592,-0.579,-0.627,time,96
2022-10-27 12:35:00,2022-10-27 13:55:00,L,0.4048,0.40054116138543316,0.40054116138543316,0.4154470965364171,-1.0,-1.105,sl,16
2022-10-27 19:45:00,2022-10-27 20:00:00,L,0.4026,0.3993159517513918,0.3993159517513918,0.41081012062152056,-1.0,-1.135,sl,3
2022-10-27 20:05:00,2022-10-27 22:40:00,S,0.3987,0.38661062310970384,0.40353575075611847,0.38661062310970384,2.5,2.409,tp,31
2022-10-27 22:45:00,2022-10-28 00:20:00,S,0.3902,0.3836704316503117,0.3928118273398753,0.3836704316503117,2.5,2.336,tp,19
2022-10-28 00:25:00,2022-10-28 07:50:00,S,0.3869,0.37868716343239917,0.39018513462704035,0.37868716343239917,2.5,2.37,tp,89
2022-10-28 07:55:00,2022-10-28 13:05:00,S,0.3791,0.3860173862415406,0.3860173862415406,0.3618065343961485,-1.0,-1.06,sl,62
2022-10-28 14:45:00,2022-10-28 22:45:00,L,0.3941,0.4055,0.386205053096189,0.41383736725952747,1.444,1.389,time,96
2022-10-29 03:00:00,2022-10-29 11:00:00,L,0.4054,0.4059,0.40119390856632026,0.41591522858419927,0.119,0.013,time,96
2022-10-29 14:20:00,2022-10-29 16:20:00,L,0.407,0.423619615360553,0.40035215385577877,0.423619615360553,2.5,2.433,tp,24
2022-10-29 16:25:00,2022-10-30 00:25:00,L,0.4244,0.4176,0.40606222139152054,0.4702444465211987,-0.371,-0.396,time,96
2022-10-30 03:30:00,2022-10-30 04:45:00,L,0.4196,0.4147049815363468,0.4147049815363468,0.43183754615913295,-1.0,-1.094,sl,15
2022-10-30 06:15:00,2022-10-30 08:25:00,L,0.4193,0.4155864026408314,0.4155864026408314,0.4285839933979215,-1.0,-1.124,sl,26
2022-10-30 13:35:00,2022-10-30 21:35:00,S,0.4076,0.4091,0.4132743682751175,0.39341407931220634,-0.264,-0.343,time,96
2022-10-30 22:05:00,2022-10-31 00:15:00,S,0.4049,0.4095194416853988,0.4095194416853988,0.393351395786503,-1.0,-1.096,sl,26
2022-10-31 02:10:00,2022-10-31 09:25:00,S,0.3989,0.40514392273553956,0.40514392273553956,0.383290193161151,-1.0,-1.07,sl,87
2022-10-31 09:30:00,2022-10-31 17:30:00,L,0.4077,0.4052,0.3972337617715844,0.433865595571039,-0.239,-0.282,time,96
2022-10-31 22:05:00,2022-10-31 22:15:00,S,0.4014,0.40479330586142603,0.40479330586142603,0.39291673534643484,-1.0,-1.13,sl,2
2022-11-01 01:35:00,2022-11-01 09:35:00,L,0.4082,0.413,0.4038059185081962,0.4191852037295095,1.092,0.99,time,96
2022-11-01 09:50:00,2022-11-01 10:00:00,L,0.4128,0.41017964423745507,0.41017964423745507,0.41935088940636234,-1.0,-1.173,sl,2
2022-11-01 13:45:00,2022-11-01 21:45:00,S,0.4057,0.401,0.41002350770655677,0.3948912307336081,1.087,0.984,time,96
2022-11-01 22:00:00,2022-11-01 22:00:00,S,0.3992,0.4012619462415866,0.4012619462415866,0.39404513439603345,-1.0,-1.213,sl,0
2022-11-02 00:10:00,2022-11-02 08:10:00,S,0.3956,0.3931,0.40223179935169157,0.3790205016207711,0.377,0.311,time,96
2022-11-02 10:00:00,2022-11-02 18:00:00,S,0.3907,0.40068411821562755,0.40068411821562755,0.36573970446093107,-1.0,-1.043,sl,96
2022-11-02 18:05:00,2022-11-02 18:25:00,S,0.4021,0.4080186648514289,0.4080186648514289,0.3873033378714278,-1.0,-1.075,sl,4
2022-11-02 19:30:00,2022-11-03 03:30:00,S,0.392,0.3954,0.4095057842075675,0.3482355394810813,-0.194,-0.219,time,96
2022-11-03 05:50:00,2022-11-03 08:00:00,L,0.3984,0.39420686213091966,0.39420686213091966,0.40888284467270075,-1.0,-1.105,sl,26
2022-11-03 08:05:00,2022-11-03 16:05:00,S,0.3945,0.3939,0.39878653697156874,0.38378365757107824,0.14,0.039,time,96
2022-11-03 22:05:00,2022-11-04 00:50:00,S,0.3921,0.3944734882169613,0.3944734882169613,0.38616627945759674,-1.0,-1.182,sl,33
2022-11-04 00:55:00,2022-11-04 08:55:00,L,0.3948,0.4098,0.3875642801514988,0.412889299621253,2.073,2.013,time,96
2022-11-04 09:05:00,2022-11-04 09:25:00,L,0.4133,0.40785205518336637,0.40785205518336637,0.42691986204158405,-1.0,-1.083,sl,4
2022-11-04 12:40:00,2022-11-04 20:40:00,L,0.4111,0.4239,0.3992176256476387,0.44080593588090333,1.077,1.039,time,96
2022-11-04 21:15:00,2022-11-04 21:25:00,L,0.4245,0.42246657006393223,0.42246657006393223,0.4295835748401694,-1.0,-1.23,sl,2
2022-11-05 00:30:00,2022-11-05 08:30:00,L,0.428,0.4269,0.4196911751339013,0.4487720621652467,-0.132,-0.189,time,96
2022-11-05 11:45:00,2022-11-05 13:25:00,L,0.4297,0.4239820312645959,0.4239820312645959,0.4439949218385104,-1.0,-1.083,sl,20
2022-11-05 15:30:00,2022-11-05 23:30:00,L,0.4279,0.4261,0.4207169417123503,0.44585764571912423,-0.251,-0.316,time,96
2022-11-06 05:45:00,2022-11-06 13:45:00,S,0.419,0.4208,0.4252495299535943,0.40337617511601426,-0.288,-0.362,time,96
2022-11-06 14:50:00,2022-11-06 16:00:00,L,0.424,0.41970206059357923,0.41970206059357923,0.4347448485160519,-1.0,-1.109,sl,14
2022-11-06 16:35:00,2022-11-06 18:20:00,L,0.4265,0.4194069056943256,0.4194069056943256,0.444232735764186,-1.0,-1.066,sl,21
2022-11-06 18:25:00,2022-11-06 23:10:00,S,0.4192,0.40513904613040663,0.42482438154783736,0.40513904613040663,2.5,2.418,tp,57
2022-11-06 23:15:00,2022-11-07 07:15:00,S,0.4041,0.4027,0.4187639115863869,0.36744022103403273,0.095,0.065,time,96
2022-11-07 07:45:00,2022-11-07 10:05:00,S,0.4001,0.4071523660669632,0.4071523660669632,0.382469084832592,-1.0,-1.062,sl,28
2022-11-07 19:20:00,2022-11-07 21:40:00,L,0.4115,0.40779506983009955,0.40779506983009955,0.420762325424751,-1.0,-1.122,sl,28
2022-11-07 21:45:00,2022-11-08 04:05:00,S,0.4064,0.384538241575481,0.4151447033698076,0.384538241575481,2.5,2.449,tp,76
2022-11-08 04:10:00,2022-11-08 12:10:00,S,0.3846,0.3858,0.39789798860947206,0.35135502847631983,-0.09,-0.122,time,96
2022-11-08 16:05:00,2022-11-08 18:05:00,L,0.4011,0.38426080700640025,0.38426080700640025,0.44319798248399944,-1.0,-1.026,sl,24
2022-11-08 18:10:00,2022-11-09 02:10:00,S,0.3817,0.365,0.40764965935544506,0.3168258516113873,0.644,0.627,time,96
2022-11-09 03:15:00,2022-11-09 05:25:00,S,0.3555,0.370302177053887,0.370302177053887,0.3184945573652824,-1.0,-1.026,sl,26
2022-11-09 08:35:00,2022-11-09 16:35:00,S,0.3613,0.3516,0.3762238151627466,0.32399046209313354,0.65,0.623,time,96
2022-11-09 18:05:00,2022-11-09 21:25:00,S,0.3459,0.31697644267214264,0.3574694229311429,0.31697644267214264,2.5,2.467,tp,40
2022-11-09 21:30:00,2022-11-10 03:15:00,S,0.315,0.34446592942712206,0.34446592942712206,0.24133517643219485,-1.0,-1.012,sl,69
2022-11-10 08:10:00,2022-11-10 08:50:00,S,0.344,0.35520887983834926,0.35520887983834926,0.31597780040412676,-1.0,-1.034,sl,8
2022-11-10 13:05:00,2022-11-10 21:05:00,L,0.3573,0.369,0.3461587438592795,0.3851531403518012,1.05,1.015,time,96
2022-11-10 22:50:00,2022-11-10 23:15:00,L,0.3724,0.3675276633217035,0.3675276633217035,0.38458084169574125,-1.0,-1.084,sl,5
2022-11-11 01:10:00,2022-11-11 02:10:00,L,0.3736,0.3620607891921049,0.3620607891921049,0.40244802701973775,-1.0,-1.036,sl,12
2022-11-11 03:10:00,2022-11-11 08:35:00,S,0.3589,0.3669307505968222,0.3669307505968222,0.3388231235079445,-1.0,-1.049,sl,65
2022-11-11 08:40:00,2022-11-11 09:45:00,L,0.3659,0.3608053248722679,0.3608053248722679,0.37863668781933024,-1.0,-1.079,sl,13
2022-11-11 14:10:00,2022-11-11 22:10:00,S,0.3584,0.3527,0.36744428836299825,0.33578927909250433,0.63,0.587,time,96
2022-11-12 00:45:00,2022-11-12 08:45:00,S,0.3481,0.3441,0.3570658173041546,0.3256854567396136,0.446,0.403,time,96
2022-11-12 21:25:00,2022-11-13 03:00:00,S,0.3408,0.34440455114558277,0.34440455114558277,0.33178862213604304,-1.0,-1.104,sl,67
2022-11-13 05:55:00,2022-11-13 06:30:00,S,0.3419,0.33753147685340157,0.34364740925863935,0.33753147685340157,2.5,2.285,tp,7
2022-11-13 06:35:00,2022-11-13 14:35:00,S,0.3351,0.3363,0.34342447123209247,0.31428882191976887,-0.144,-0.188,time,96
2022-11-13 18:30:00,2022-11-14 00:20:00,S,0.3316,0.3215662084369294,0.33561351662522826,0.3215662084369294,2.5,2.409,tp,70
2022-11-14 00:25:00,2022-11-14 08:00:00,S,0.3195,0.3336358543393487,0.3336358543393487,0.2841603641516282,-1.0,-1.025,sl,91
2022-11-14 13:55:00,2022-11-14 21:55:00,S,0.331,0.3261,0.3425848656778226,0.3020378358054436,0.423,0.392,time,96
2022-11-15 01:50:00,2022-11-15 09:50:00,L,0.3335,0.3395,0.3290451271859586,0.34463718203510363,1.347,1.264,time,96
2022-11-15 11:05:00,2022-11-15 11:15:00,L,0.3417,0.33890175633471303,0.33890175633471303,0.3486956091632174,-1.0,-1.134,sl,2
2022-11-15 18:35:00,2022-11-16 02:30:00,S,0.3359,0.3437407856287065,0.3437407856287065,0.3162980359282336,-1.0,-1.047,sl,95
2022-11-16 02:35:00,2022-11-16 08:00:00,L,0.3437,0.3387046749652354,0.3387046749652354,0.3561883125869116,-1.0,-1.076,sl,65
2022-11-16 08:05:00,2022-11-16 08:35:00,S,0.3401,0.3351066065658347,0.34209735737366614,0.3351066065658347,2.5,2.313,tp,6
2022-11-16 08:40:00,2022-11-16 16:40:00,S,0.3356,0.3288,0.3421246252743027,0.31928843681424324,1.042,0.986,time,96
2022-11-17 02:55:00,2022-11-17 04:00:00,S,0.3311,0.32644181623290414,0.33296327350683835,0.32644181623290414,2.5,2.305,tp,13
2022-11-17 04:05:00,2022-11-17 05:05:00,S,0.3256,0.33111481604835097,0.33111481604835097,0.3118129598791226,-1.0,-1.065,sl,12
2022-11-17 09:25:00,2022-11-17 13:15:00,S,0.3255,0.32007083828193994,0.32767166468722403,0.32007083828193994,2.5,2.335,tp,46
2022-11-17 13:20:00,2022-11-17 15:20:00,S,0.3199,0.3247214085909588,0.3247214085909588,0.307846478522603,-1.0,-1.073,sl,24
2022-11-18 01:05:00,2022-11-18 09:05:00,L,0.3287,0.3278,0.32451209806469156,0.33916975483827105,-0.215,-0.301,time,96
2022-11-18 10:15:00,2022-11-18 14:30:00,L,0.3306,0.327517726272186,0.327517726272186,0.338305684319535,-1.0,-1.118,sl,51
2022-11-18 14:45:00,2022-11-18 22:45:00,S,0.3268,0.3251,0.33170492426800924,0.31453768932997683,0.347,0.273,time,96
2022-11-19 00:55:00,2022-11-19 08:55:00,S,0.3238,0.3247,0.3271616241471503,0.3153959396321242,-0.268,-0.374,time,96
2022-11-19 13:25:00,2022-11-19 15:05:00,S,0.3239,0.32513883156099976,0.32513883156099976,0.32080292109750064,-1.0,-1.288,sl,20
2022-11-19 16:10:00,2022-11-20 00:10:00,L,0.3287,0.3279,0.3244101628461986,0.33942459288450344,-0.186,-0.271,time,96
2022-11-20 08:25:00,2022-11-20 11:15:00,S,0.3278,0.3224508596988634,0.3299396561204546,0.3224508596988634,2.5,2.331,tp,34
2022-11-20 11:20:00,2022-11-20 19:20:00,S,0.3225,0.3186,0.3261870965133707,0.31328225871657334,1.058,0.962,time,96
2022-11-20 20:35:00,2022-11-21 02:05:00,S,0.3161,0.3040578961086793,0.3209168415565283,0.3040578961086793,2.5,2.428,tp,66
2022-11-21 02:10:00,2022-11-21 10:10:00,S,0.304,0.305,0.3133802208706125,0.2805494478234687,-0.107,-0.142,time,96
2022-11-21 16:25:00,2022-11-21 19:35:00,S,0.3065,0.2954534303958942,0.3109186278416423,0.2954534303958942,2.5,2.424,tp,38
2022-11-21 19:40:00,2022-11-21 20:15:00,S,0.2976,0.30401603708321234,0.30401603708321234,0.28155990729196906,-1.0,-1.051,sl,7
2022-11-22 05:20:00,2022-11-22 10:00:00,S,0.3047,0.2990347969241227,0.30696608123035096,0.2990347969241227,2.5,2.352,tp,56
2022-11-22 10:05:00,2022-11-22 10:55:00,S,0.3001,0.3023918907010829,0.3023918907010829,0.29437027324729265,-1.0,-1.144,sl,10
2022-11-22 13:05:00,2022-11-22 21:05:00,L,0.3038,0.3097,0.29829168562119235,0.31757078594701915,1.071,1.01,time,96
2022-11-22 22:55:00,2022-11-23 00:15:00,L,0.3131,0.310124709344853,0.310124709344853,0.3205382266378675,-1.0,-1.116,sl,16
2022-11-23 02:30:00,2022-11-23 10:30:00,L,0.3161,0.3149,0.30895900665092335,0.33395248337269157,-0.168,-0.217,time,96
2022-11-23 10:55:00,2022-11-23 12:40:00,L,0.3176,0.3131886952824567,0.3131886952824567,0.3286282617938583,-1.0,-1.079,sl,21
2022-11-23 13:10:00,2022-11-23 18:25:00,S,0.312,0.31620467510068023,0.31620467510068023,0.3014883122482994,-1.0,-1.082,sl,63
2022-11-23 18:30:00,2022-11-24 02:30:00,L,0.316,0.3182,0.31332378245115505,0.3226905438721124,0.822,0.692,time,96
2022-11-24 10:35:00,2022-11-24 18:35:00,S,0.3146,0.3154,0.3171697164401421,0.30817570889964474,-0.311,-0.446,time,96
2022-11-24 21:25:00,2022-11-25 05:25:00,S,0.3139,0.3103,0.3167524518351788,0.30676887041205303,1.262,1.141,time,96
2022-11-25 11:15:00,2022-11-25 19:15:00,L,0.3147,0.3159,0.3099170248739062,0.3266574378152344,0.251,0.179,time,96
2022-11-25 19:40:00,2022-11-25 22:10:00,L,0.3165,0.3141360406002907,0.3141360406002907,0.32240989849927326,-1.0,-1.147,sl,30
2022-11-26 00:35:00,2022-11-26 08:35:00,L,0.3182,0.3179,0.3143923667953665,0.32771908301158376,-0.079,-0.171,time,96
2022-11-26 09:20:00,2022-11-26 14:50:00,L,0.3197,0.3176578758693496,0.3176578758693496,0.32480531032662585,-1.0,-1.172,sl,66
2022-11-26 19:00:00,2022-11-27 03:00:00,S,0.314,0.3158,0.3171702607336216,0.30607434816594603,-0.568,-0.677,time,96
2022-11-27 04:35:00,2022-11-27 12:35:00,L,0.3165,0.3186,0.3149554599560777,0.3203613501098057,1.36,1.134,time,96
2022-11-27 23:25:00,2022-11-28 07:25:00,S,0.3126,0.3058,0.3193520603829475,0.2957198490426312,1.007,0.956,time,96
2022-11-28 11:00:00,2022-11-28 14:25:00,S,0.3044,0.3059461865954954,0.3059461865954954,0.3005345335112616,-1.0,-1.217,sl,41
2022-11-28 15:25:00,2022-11-28 16:55:00,S,0.3037,0.30862356687236475,0.30862356687236475,0.2913910828190882,-1.0,-1.068,sl,18
2022-11-29 04:05:00,2022-11-29 12:05:00,L,0.3093,0.311,0.3067376492082915,0.3157058769792713,0.663,0.531,time,96
2022-11-29 13:30:00,2022-11-29 21:30:00,S,0.3097,0.3099,0.311449168178419,0.30532707955395244,-0.114,-0.309,time,96
2022-11-30 00:40:00,2022-11-30 08:40:00,L,0.3123,0.3144,0.3085070055799184,0.3217824860502041,0.554,0.463,time,96
2022-11-30 17:25:00,2022-11-30 19:10:00,S,0.3097,0.31551260715077956,0.31551260715077956,0.295168482123051,-1.0,-1.059,sl,21
2022-11-30 19:15:00,2022-12-01 03:15:00,L,0.3154,0.3175,0.30876022100674977,0.3319994474831256,0.316,0.264,time,96
2022-12-01 04:35:00,2022-12-01 05:30:00,L,0.3184,0.3169646700082504,0.3169646700082504,0.321988324979374,-1.0,-1.244,sl,11
2022-12-01 10:00:00,2022-12-01 13:45:00,L,0.3169,0.31515684034846075,0.31515684034846075,0.32125789912884817,-1.0,-1.2,sl,45
2022-12-02 01:00:00,2022-12-02 01:40:00,L,0.316,0.3137382653760413,0.3137382653760413,0.3216543365598967,-1.0,-1.154,sl,8
2022-12-02 01:50:00,2022-12-02 09:50:00,S,0.3117,0.3152,0.31629700302654795,0.30020749243363004,-0.761,-0.836,time,96
2022-12-02 10:05:00,2022-12-02 11:35:00,L,0.3154,0.3184891301739963,0.3141643479304015,0.3184891301739963,2.5,2.219,tp,18
2022-12-02 11:40:00,2022-12-02 13:20:00,L,0.3179,0.3158333819538117,0.3158333819538117,0.3230665451154707,-1.0,-1.169,sl,20
2022-12-02 19:10:00,2022-12-03 03:10:00,L,0.3183,0.3199,0.3168646239123086,0.3218884402192287,1.115,0.871,time,96
2022-12-03 09:25:00,2022-12-03 09:50:00,L,0.3194,0.3245395873735502,0.31734416505057994,0.3245395873735502,2.5,2.329,tp,5
2022-12-03 09:55:00,2022-12-03 17:55:00,L,0.3247,0.3245,0.3172779750578765,0.34325506235530867,-0.027,-0.075,time,96
2022-12-03 22:20:00,2022-12-03 22:35:00,S,0.3208,0.3169408846854044,0.3223436461258382,0.3169408846854044,2.5,2.271,tp,3
2022-12-03 22:40:00,2022-12-04 00:15:00,S,0.3185,0.32219512369382847,0.32219512369382847,0.3092621907654288,-1.0,-1.095,sl,19
2022-12-04 00:25:00,2022-12-04 08:25:00,L,0.3226,0.32,0.3181170891072327,0.3338072772319183,-0.58,-0.659,time,96
2022-12-04 11:45:00,2022-12-04 14:55:00,S,0.3186,0.32054876943574767,0.32054876943574767,0.31372807641063083,-1.0,-1.18,sl,38
2022-12-04 15:00:00,2022-12-04 23:00:00,L,0.3207,0.3222,0.31824310895235575,0.3268422276191106,0.611,0.467,time,96
2022-12-05 02:05:00,2022-12-05 04:40:00,L,0.3231,0.32571784613202603,0.3220528615471896,0.32571784613202603,2.5,2.161,tp,31
2022-12-05 04:45:00,2022-12-05 12:45:00,L,0.3257,0.3257,0.3236542712093799,0.33081432197655025,0.0,-0.175,time,96
2022-12-05 15:05:00,2022-12-05 23:05:00,S,0.3229,0.3195,0.32578074370373095,0.3156981407406727,1.18,1.057,time,96
2022-12-06 04:15:00,2022-12-06 10:00:00,S,0.3194,0.31607711787224274,0.3207291528511029,0.31607711787224274,2.5,2.236,tp,69
2022-12-06 10:05:00,2022-12-06 18:05:00,S,0.3162,0.315,0.3180466548598457,0.31158336285038574,0.65,0.461,time,96
2022-12-06 18:15:00,2022-12-06 21:10:00,S,0.3145,0.3161550712817864,0.3161550712817864,0.310362321795534,-1.0,-1.209,sl,35
2022-12-07 03:35:00,2022-12-07 06:50:00,S,0.3172,0.3146197449118221,0.31823210203527114,0.3146197449118221,2.5,2.162,tp,39
2022-12-07 06:55:00,2022-12-07 14:55:00,S,0.3138,0.3114,0.31766219506478516,0.3041445123380372,0.621,0.532,time,96
2022-12-07 18:40:00,2022-12-07 23:10:00,S,0.3086,0.3099466557746572,0.3099466557746572,0.305233360563357,-1.0,-1.252,sl,54
2022-12-08 02:20:00,2022-12-08 02:40:00,S,0.3076,0.30904938588426173,0.30904938588426173,0.30397653528934565,-1.0,-1.233,sl,4
2022-12-08 11:45:00,2022-12-08 12:00:00,S,0.3087,0.31116787325130046,0.31116787325130046,0.30253031687174875,-1.0,-1.138,sl,3
2022-12-08 18:40:00,2022-12-09 02:40:00,L,0.3136,0.3146,0.3101280350123251,0.3222799124691872,0.288,0.189,time,96
2022-12-09 10:10:00,2022-12-09 11:55:00,L,0.3165,0.3142617513553652,0.3142617513553652,0.322095621611587,-1.0,-1.156,sl,21
2022-12-09 14:25:00,2022-12-09 22:25:00,S,0.3121,0.3108,0.31526384289092124,0.3041903927726969,0.411,0.302,time,96
2022-12-10 02:50:00,2022-12-10 10:35:00,S,0.3113,0.3125220571093822,0.3125220571093822,0.3082448572265446,-1.0,-1.28,sl,93
2022-12-10 10:55:00,2022-12-10 17:55:00,L,0.313,0.31177012834831147,0.31177012834831147,0.3160746791292213,-1.0,-1.28,sl,84
2022-12-10 18:00:00,2022-12-11 00:35:00,S,0.3118,0.31333188990571514,0.31333188990571514,0.3079702752357122,-1.0,-1.224,sl,79
2022-12-11 00:40:00,2022-12-11 08:40:00,L,0.3131,0.3122,0.3116694154149303,0.31667646146267414,-0.629,-0.87,time,96
2022-12-11 09:10:00,2022-12-11 17:00:00,S,0.3122,0.3130194542554547,0.3130194542554547,0.3101513643613632,-1.0,-1.419,sl,94
2022-12-11 17:05:00,2022-12-11 19:05:00,L,0.313,0.31480114882373,0.312279540470508,0.31480114882373,2.5,2.022,tp,24
2022-12-11 19:10:00,2022-12-11 19:35:00,L,0.3147,0.3128596593075223,0.3128596593075223,0.31930085173119416,-1.0,-1.188,sl,5
2022-12-11 20:15:00,2022-12-11 22:35:00,S,0.3126,0.30724099132980703,0.31474360346807717,0.30724099132980703,2.5,2.34,tp,28
2022-12-11 22:40:00,2022-12-12 06:40:00,S,0.306,0.304,0.30990197232872446,0.2962450691781888,0.513,0.426,time,96
2022-12-12 12:35:00,2022-12-12 20:35:00,S,0.3039,0.3042,0.306767387639986,0.296731530900035,-0.105,-0.221,time,96
2022-12-13 02:25:00,2022-12-13 07:00:00,S,0.3046,0.3009931396369466,0.3060427441452213,0.3009931396369466,2.5,2.268,tp,55
2022-12-13 07:05:00,2022-12-13 09:55:00,S,0.3015,0.3049801193766196,0.3049801193766196,0.2927997015584509,-1.0,-1.095,sl,34
2022-12-13 11:25:00,2022-12-13 13:30:00,L,0.3076,0.31353548854671803,0.30522580458131277,0.31353548854671803,2.5,2.357,tp,25
2022-12-13 13:35:00,2022-12-13 21:35:00,L,0.3138,0.311,0.3064564354545226,0.3321589113636936,-0.381,-0.428,time,96
2022-12-13 22:00:00,2022-12-14 00:00:00,L,0.3117,0.31429008202321024,0.3106639671907159,0.31429008202321024,2.5,2.169,tp,24
2022-12-14 00:05:00,2022-12-14 05:20:00,L,0.315,0.31122393371267354,0.31122393371267354,0.32444016571831613,-1.0,-1.092,sl,63
2022-12-14 05:25:00,2022-12-14 06:05:00,S,0.3113,0.30747739222051396,0.31282904311179444,0.30747739222051396,2.5,2.276,tp,8
2022-12-14 13:05:00,2022-12-14 19:00:00,L,0.3117,0.30985388190223895,0.30985388190223895,0.31631529524440255,-1.0,-1.186,sl,71
2022-12-14 19:05:00,2022-12-15 01:45:00,S,0.3108,0.3020955575810105,0.31428177696759585,0.3020955575810105,2.5,2.402,tp,80
2022-12-15 01:50:00,2022-12-15 09:50:00,S,0.3036,0.302,0.3081167733726503,0.29230806656837416,0.354,0.28,time,96
2022-12-15 13:20:00,2022-12-15 21:20:00,S,0.3009,0.3011,0.3031576472911749,0.29525588177206274,-0.089,-0.235,time,96
2022-12-16 08:55:00,2022-12-16 16:55:00,S,0.2937,0.2823,0.301305771577822,0.274685571055445,1.499,1.456,time,96
2022-12-16 21:35:00,2022-12-16 22:30:00,S,0.2831,0.27621126951313385,0.2858554921947465,0.27621126951313385,2.5,2.387,tp,11
2022-12-16 22:35:00,2022-12-16 22:35:00,S,0.2761,0.255729830399681,0.2842480678401276,0.255729830399681,2.5,2.463,tp,0
2022-12-16 22:40:00,2022-12-17 06:40:00,S,0.2556,0.2629,0.28425765879477727,0.1839558530130568,-0.255,-0.265,time,96
2022-12-17 12:45:00,2022-12-17 17:35:00,S,0.2654,0.262265612661367,0.26665375493545324,0.262265612661367,2.5,2.267,tp,58
2022-12-17 17:40:00,2022-12-17 18:25:00,S,0.2622,0.2637720062481232,0.2637720062481232,0.25826998437969195,-1.0,-1.183,sl,9
2022-12-18 05:35:00,2022-12-18 09:30:00,S,0.2678,0.26272436494974627,0.26983025402010147,0.26272436494974627,2.5,2.355,tp,47
2022-12-18 09:35:00,2022-12-18 17:35:00,S,0.2636,0.2652,0.2662602271451841,0.25694943213703975,-0.601,-0.71,time,96
2022-12-18 22:50:00,2022-12-18 23:05:00,S,0.266,0.2680667670629542,0.2680667670629542,0.2608330823426146,-1.0,-1.142,sl,3
2022-12-19 03:10:00,2022-12-19 11:10:00,S,0.2656,0.2634,0.2688716853405361,0.2574207866486597,0.672,0.583,time,96
2022-12-19 11:50:00,2022-12-19 12:35:00,S,0.2626,0.26424748848262025,0.26424748848262025,0.2584812787934494,-1.0,-1.175,sl,9
2022-12-19 16:40:00,2022-12-19 18:50:00,S,0.2604,0.2503647567038495,0.2644140973184602,0.2503647567038495,2.5,2.429,tp,26
2022-12-19 18:55:00,2022-12-20 02:55:00,S,0.2511,0.2558,0.25797843922239777,0.23390390194400554,-0.683,-0.723,time,96
2022-12-20 13:35:00,2022-12-20 14:55:00,S,0.2575,0.25914388084200685,0.25914388084200685,0.2533902978949829,-1.0,-1.172,sl,16
2022-12-21 01:05:00,2022-12-21 04:10:00,S,0.2572,0.2520373154736239,0.2592650738105504,0.2520373154736239,2.5,2.363,tp,37
2022-12-21 04:15:00,2022-12-21 08:50:00,S,0.2521,0.25476322180830885,0.25476322180830885,0.24544194547922785,-1.0,-1.104,sl,55
2022-12-21 15:00:00,2022-12-21 23:00:00,S,0.2519,0.2518,0.2540831984076737,0.24644200398081584,0.046,-0.081,time,96
2022-12-22 05:10:00,2022-12-22 11:35:00,S,0.2527,0.2537227280341671,0.2537227280341671,0.2501431799145821,-1.0,-1.272,sl,77
2022-12-22 13:45:00,2022-12-22 15:05:00,S,0.252,0.24810195293910792,0.25355921882435684,0.24810195293910792,2.5,2.322,tp,16
2022-12-22 15:10:00,2022-12-22 20:20:00,S,0.248,0.25199732776349104,0.25199732776349104,0.2380066805912724,-1.0,-1.068,sl,62
2022-12-22 20:25:00,2022-12-23 04:25:00,L,0.2548,0.2605,0.2502008050535678,0.2662979873660806,1.239,1.178,time,96
2022-12-23 10:10:00,2022-12-23 11:35:00,L,0.2608,0.25875969146311734,0.25875969146311734,0.2659007713422066,-1.0,-1.141,sl,17
2022-12-23 17:15:00,2022-12-24 01:15:00,L,0.2593,0.2592,0.2576578496022438,0.2634053759943904,-0.061,-0.235,time,96
2022-12-24 04:05:00,2022-12-24 05:20:00,L,0.2602,0.2592800100622226,0.2592800100622226,0.26249997484444343,-1.0,-1.311,sl,15
2022-12-24 08:15:00,2022-12-24 16:15:00,S,0.258,0.2581,0.2594430672359218,0.2543923319101955,-0.069,-0.266,time,96
2022-12-24 19:10:00,2022-12-25 03:10:00,L,0.2587,0.2593,0.25807416713766773,0.2602645821558306,0.959,0.504,time,96
2022-12-25 10:20:00,2022-12-25 14:30:00,S,0.2579,0.2545700460211469,0.25923198159154126,0.2545700460211469,2.5,2.287,tp,50
2022-12-25 14:35:00,2022-12-25 15:00:00,S,0.2554,0.2582636532752887,0.2582636532752887,0.24824086681177826,-1.0,-1.098,sl,5
2022-12-25 19:10:00,2022-12-25 19:25:00,S,0.2553,0.25613673141797055,0.25613673141797055,0.2532081714550737,-1.0,-1.336,sl,3
2022-12-25 21:40:00,2022-12-26 02:50:00,L,0.2574,0.2614884382029681,0.2557646247188128,0.2614884382029681,2.5,2.327,tp,62
2022-12-26 02:55:00,2022-12-26 10:55:00,L,0.261,0.2602,0.2583403691205487,0.2676490771986283,-0.301,-0.409,time,96
2022-12-26 12:10:00,2022-12-26 20:10:00,L,0.2613,0.2626,0.2602660447533334,0.2638848881166663,1.257,0.979,time,96
2022-12-26 21:20:00,2022-12-27 05:20:00,L,0.2637,0.263,0.2621597758363394,0.2675505604091514,-0.454,-0.643,time,96
2022-12-27 07:05:00,2022-12-27 08:55:00,L,0.264,0.26297580376584084,0.26297580376584084,0.26656049058539794,-1.0,-1.284,sl,22
2022-12-27 09:55:00,2022-12-27 12:35:00,L,0.2645,0.2617567483809864,0.2617567483809864,0.2713581290475341,-1.0,-1.106,sl,32
2022-12-27 14:35:00,2022-12-27 17:20:00,S,0.2612,0.2583510346372673,0.26233958614509306,0.2583510346372673,2.5,2.248,tp,33
2022-12-27 17:25:00,2022-12-27 22:50:00,S,0.2581,0.26026089882413495,0.26026089882413495,0.2526977529396626,-1.0,-1.131,sl,65
2022-12-28 01:00:00,2022-12-28 03:10:00,S,0.2589,0.25378393016222944,0.26094642793510825,0.25378393016222944,2.5,2.361,tp,26
2022-12-28 03:15:00,2022-12-28 11:15:00,S,0.2542,0.2509,0.25827924275161307,0.24400189312096726,0.809,0.74,time,96
2022-12-28 15:40:00,2022-12-28 23:40:00,S,0.2514,0.2483,0.2549857832215759,0.24243554194606032,0.865,0.787,time,96
2022-12-29 00:20:00,2022-12-29 08:20:00,S,0.2453,0.2443,0.24898949573598245,0.23607626066004384,0.271,0.198,time,96
2022-12-29 08:45:00,2022-12-29 10:05:00,S,0.2435,0.24545001762838933,0.24545001762838933,0.23862495592902666,-1.0,-1.137,sl,16
2022-12-29 13:35:00,2022-12-29 13:45:00,S,0.2452,0.24585553830097867,0.24585553830097867,0.2435611542475533,-1.0,-1.411,sl,2
2022-12-29 19:25:00,2022-12-30 03:25:00,S,0.2437,0.2442,0.24555399431922556,0.2390650142019361,-0.27,-0.414,time,96
2022-12-30 05:55:00,2022-12-30 13:55:00,S,0.2425,0.241,0.24464783103734408,0.23713042240663978,0.698,0.574,time,96
2022-12-30 14:50:00,2022-12-30 15:15:00,S,0.2406,0.24206776606928831,0.24206776606928831,0.23693058482677926,-1.0,-1.18,sl,5
2022-12-30 20:35:00,2022-12-31 04:35:00,L,0.245,0.2449,0.24355859237324784,0.24860351906688039,-0.069,-0.256,time,96
2022-12-31 05:35:00,2022-12-31 07:35:00,S,0.2442,0.24502318853759678,0.24502318853759678,0.24214202865600806,-1.0,-1.326,sl,24
2022-12-31 08:30:00,2022-12-31 09:30:00,L,0.2449,0.2464675446098442,0.24427298215606233,0.2464675446098442,2.5,2.07,tp,12
2022-12-31 09:35:00,2022-12-31 15:00:00,L,0.2461,0.24919103104834933,0.2448635875806603,0.24919103104834933,2.5,2.281,tp,65
2022-12-31 15:05:00,2022-12-31 18:55:00,L,0.2492,0.24724024235269748,0.24724024235269748,0.2540993941182563,-1.0,-1.14,sl,46
2022-12-31 20:45:00,2022-12-31 21:35:00,L,0.2492,0.24797706820203785,0.24797706820203785,0.25225732949490537,-1.0,-1.224,sl,10
2022-12-31 23:10:00,2023-01-01 07:10:00,S,0.2452,0.2447,0.2482524698242484,0.23756882543937902,0.164,0.075,time,96
2023-01-01 09:05:00,2023-01-01 11:05:00,S,0.2436,0.24543108052913523,0.24543108052913523,0.23902229867716196,-1.0,-1.146,sl,24
2023-01-01 11:30:00,2023-01-01 19:15:00,L,0.2459,0.24947347578031256,0.24447060968787498,0.24947347578031256,2.5,2.311,tp,93
2023-01-01 19:20:00,2023-01-01 19:55:00,L,0.2494,0.24816585144984302,0.24816585144984302,0.2524853713753925,-1.0,-1.222,sl,7
2023-01-02 03:55:00,2023-01-02 07:15:00,L,0.25,0.25460916829192803,0.2481563326832288,0.25460916829192803,2.5,2.351,tp,40
2023-01-02 07:20:00,2023-01-02 15:20:00,L,0.2534,0.2538,0.2491861390116987,0.2639346524707533,0.095,0.029,time,96
2023-01-02 15:45:00,2023-01-02 23:45:00,L,0.2547,0.2533,0.2524564971551663,0.2603087571120841,-0.624,-0.749,time,96
2023-01-03 05:40:00,2023-01-03 08:40:00,L,0.2535,0.25236698284904036,0.25236698284904036,0.25633254287739915,-1.0,-1.246,sl,36
2023-01-03 10:00:00,2023-01-03 14:55:00,L,0.2544,0.25215171437759387,0.25215171437759387,0.26002071405601535,-1.0,-1.124,sl,59
2023-01-03 16:55:00,2023-01-04 00:55:00,S,0.2519,0.2521,0.2540571456563348,0.24650713585916303,-0.093,-0.221,time,96
2023-01-04 01:10:00,2023-01-04 02:45:00,L,0.2536,0.2584661598650627,0.2516535360539749,0.2584661598650627,2.5,2.357,tp,19
2023-01-04 02:50:00,2023-01-04 08:00:00,L,0.2579,0.266615014409367,0.2544139942362532,0.266615014409367,2.5,2.419,tp,62
2023-01-04 08:05:00,2023-01-04 08:30:00,L,0.2666,0.2634099461539267,0.2634099461539267,0.27457513461518324,-1.0,-1.092,sl,5
2023-01-04 16:25:00,2023-01-04 19:25:00,L,0.2687,0.26449643894276315,0.26449643894276315,0.2792089026430921,-1.0,-1.07,sl,36
2023-01-04 23:30:00,2023-01-05 01:05:00,L,0.2675,0.26535443662094466,0.26535443662094466,0.2728639084476384,-1.0,-1.137,sl,19
2023-01-05 05:10:00,2023-01-05 07:25:00,L,0.2674,0.2652512378355322,0.2652512378355322,0.2727719054111695,-1.0,-1.137,sl,27
2023-01-05 12:45:00,2023-01-05 13:35:00,L,0.2671,0.26525153904942744,0.26525153904942744,0.2717211523764314,-1.0,-1.159,sl,10
2023-01-05 19:10:00,2023-01-06 00:35:00,L,0.2681,0.2747310553482271,0.26544757786070916,0.2747310553482271,2.5,2.389,tp,65
2023-01-06 00:40:00,2023-01-06 08:40:00,L,0.274,0.2724,0.26776546363869114,0.28958634090327223,-0.257,-0.305,time,96
2023-01-06 13:50:00,2023-01-06 21:50:00,L,0.2717,0.2756,0.26706550507443444,0.2832862373139139,0.842,0.777,time,96
2023-01-06 23:15:00,2023-01-07 07:15:00,L,0.2793,0.2765,0.2741037566333368,0.292290608416658,-0.539,-0.598,time,96
2023-01-07 15:50:00,2023-01-07 23:50:00,L,0.2746,0.2767,0.2729678437745625,0.2786803905635937,1.287,1.102,time,96
2023-01-08 00:10:00,2023-01-08 00:30:00,L,0.2781,0.2758440832185598,0.2758440832185598,0.28373979195360055,-1.0,-1.136,sl,4
2023-01-08 06:55:00,2023-01-08 09:25:00,L,0.2768,0.27986848938256237,0.27557260424697505,0.27986848938256237,2.5,2.252,tp,30
2023-01-08 09:30:00,2023-01-08 17:05:00,L,0.2802,0.2906307476173368,0.2760277009530653,0.2906307476173368,2.5,2.426,tp,91
2023-01-08 17:35:00,2023-01-09 00:55:00,L,0.2922,0.3098259431085897,0.28514962275656414,0.3098259431085897,2.5,2.454,tp,88
2023-01-09 01:00:00,2023-01-09 09:00:00,L,0.3118,0.3239,0.29292641483554105,0.3589839629111474,0.641,0.623,time,96
2023-01-09 09:40:00,2023-01-09 11:00:00,L,0.3281,0.3222733400940697,0.3222733400940697,0.34266664976482575,-1.0,-1.062,sl,16
2023-01-10 00:40:00,2023-01-10 02:25:00,L,0.3212,0.3158601688043144,0.3158601688043144,0.334549577989214,-1.0,-1.066,sl,21
2023-01-10 06:05:00,2023-01-10 08:10:00,L,0.3159,0.3142342616850088,0.3142342616850088,0.3200643457874781,-1.0,-1.209,sl,25
2023-01-10 08:40:00,2023-01-10 12:55:00,L,0.3185,0.31380037559317503,0.31380037559317503,0.3302490610170624,-1.0,-1.075,sl,51
2023-01-10 15:20:00,2023-01-10 23:20:00,L,0.3188,0.3224,0.3133510388837553,0.33242240279061164,0.661,0.596,time,96
2023-01-11 03:05:00,2023-01-11 11:05:00,S,0.3154,0.3151,0.32222443308713966,0.2983389172821509,0.044,-0.007,time,96
2023-01-11 12:45:00,2023-01-11 19:20:00,S,0.3129,0.3150710463636756,0.3150710463636756,0.307472384090811,-1.0,-1.159,sl,79
2023-01-11 19:25:00,2023-01-12 00:45:00,L,0.3152,0.32522972470921097,0.3111881101163156,0.32522972470921097,2.5,2.414,tp,64
2023-01-12 00:50:00,2023-01-12 08:50:00,L,0.3252,0.3223,0.3201377868092021,0.3378555329769948,-0.573,-0.644,time,96
2023-01-12 13:45:00,2023-01-12 21:45:00,L,0.3285,0.3303,0.3141114650272489,0.36447133743187776,0.125,0.1,time,96
2023-01-13 04:00:00,2023-01-13 12:00:00,L,0.3288,0.3305,0.32523887223305087,0.3377028194173728,0.477,0.376,time,96
2023-01-13 15:30:00,2023-01-13 21:35:00,L,0.3318,0.3463340019927952,0.3259863992028819,0.3463340019927952,2.5,2.437,tp,73
2023-01-13 21:40:00,2023-01-14 05:40:00,L,0.3441,0.3577,0.3337346395741019,0.37001340106474534,1.312,1.276,time,96
2023-01-14 06:10:00,2023-01-14 09:15:00,L,0.3624,0.3521282494699143,0.3521282494699143,0.3880793763252143,-1.0,-1.039,sl,37
2023-01-14 23:00:00,2023-01-15 00:30:00,L,0.3506,0.34688330607886386,0.34688330607886386,0.3598917348028404,-1.0,-1.104,sl,18
2023-01-15 08:35:00,2023-01-15 13:35:00,S,0.3436,0.34711474162131645,0.34711474162131645,0.33481314594670897,-1.0,-1.108,sl,60
2023-01-15 13:40:00,2023-01-15 21:40:00,L,0.3472,0.351,0.3432992502352426,0.3569518744118935,0.974,0.876,time,96
2023-01-16 01:45:00,2023-01-16 08:05:00,L,0.3578,0.3499269744468247,0.3499269744468247,0.3774825638829383,-1.0,-1.05,sl,76
2023-01-16 08:10:00,2023-01-16 16:10:00,S,0.3461,0.3484,0.35882053761637694,0.3142986559590577,-0.181,-0.211,time,96
2023-01-16 18:40:00,2023-01-17 01:10:00,L,0.3501,0.34712922423041065,0.34712922423041065,0.35752693942397346,-1.0,-1.13,sl,78
2023-01-17 01:15:00,2023-01-17 09:15:00,S,0.3461,0.3511,0.3533108190358391,0.3280729524104023,-0.693,-0.746,time,96
2023-01-17 14:15:00,2023-01-17 14:30:00,L,0.3545,0.35141534075933123,0.35141534075933123,0.36221164810167183,-1.0,-1.126,sl,3
2023-01-17 22:15:00,2023-01-17 23:40:00,S,0.3504,0.3454874883434058,0.35236500466263765,0.3454874883434058,2.5,2.304,tp,17
2023-01-17 23:45:00,2023-01-18 02:15:00,S,0.3458,0.35012420611345013,0.35012420611345013,0.3349894847163747,-1.0,-1.088,sl,30
2023-01-18 02:20:00,2023-01-18 08:15:00,L,0.3504,0.3463106184655846,0.3463106184655846,0.3606234538360385,-1.0,-1.094,sl,71
2023-01-18 08:20:00,2023-01-18 13:55:00,S,0.3467,0.3516992692849071,0.3516992692849071,0.33420182678773236,-1.0,-1.076,sl,67
2023-01-18 14:00:00,2023-01-18 15:45:00,L,0.3508,0.34619132081075576,0.34619132081075576,0.3623216979731106,-1.0,-1.084,sl,21
2023-01-18 15:50:00,2023-01-18 16:20:00,S,0.3457,0.32453572147983833,0.3541657114080647,0.32453572147983833,2.5,2.455,tp,6
2023-01-18 16:25:00,2023-01-19 00:25:00,S,0.3294,0.3283,0.35305840898941626,0.2702539775264594,0.046,0.031,time,96
2023-01-19 07:40:00,2023-01-19 08:35:00,S,0.3309,0.33345312971395114,0.33345312971395114,0.3245171757151223,-1.0,-1.143,sl,11
2023-01-19 11:25:00,2023-01-19 14:40:00,S,0.3306,0.3330786704654619,0.3330786704654619,0.32440332383634524,-1.0,-1.147,sl,39
2023-01-19 19:15:00,2023-01-20 03:15:00,L,0.3389,0.3391,0.333710241039884,0.3518743974002899,0.039,-0.033,time,96
2023-01-20 05:05:00,2023-01-20 13:05:00,S,0.3375,0.3383,0.34047685802689875,0.3300578549327532,-0.269,-0.393,time,96
2023-01-20 14:50:00,2023-01-20 17:30:00,L,0.3385,0.34599069774577995,0.33550372090168806,0.34599069774577995,2.5,2.376,tp,32
2023-01-20 17:35:00,2023-01-20 20:15:00,L,0.3458,0.35911335827089996,0.34047465669164,0.35911335827089996,2.5,2.429,tp,32
2023-01-20 20:20:00,2023-01-20 22:00:00,L,0.3594,0.3467872232546413,0.3467872232546413,0.39093194186339675,-1.0,-1.031,sl,20
2023-01-20 23:20:00,2023-01-21 07:20:00,L,0.362,0.3652,0.35693319455019884,0.37466701362450283,0.632,0.553,time,96
2023-01-21 09:40:00,2023-01-21 10:25:00,L,0.3669,0.36147273762734045,0.36147273762734045,0.3804681559316489,-1.0,-1.074,sl,9
2023-01-21 15:40:00,2023-01-21 23:40:00,L,0.3756,0.3674,0.3632407099992391,0.40649822500190225,-0.663,-0.697,time,96
2023-01-22 00:20:00,2023-01-22 01:45:00,L,0.3732,0.36559667359573483,0.36559667359573483,0.39220831601066286,-1.0,-1.054,sl,17
2023-01-22 05:45:00,2023-01-22 08:30:00,L,0.3684,0.37589015511146007,0.365403937955416,0.37589015511146007,2.5,2.365,tp,33
2023-01-22 08:35:00,2023-01-22 16:35:00,L,0.3767,0.3818,0.3710497455620504,0.390825636094874,0.903,0.829,time,96
2023-01-23 00:50:00,2023-01-23 02:25:00,L,0.3834,0.3750035923469974,0.3750035923469974,0.4043910191325065,-1.0,-1.05,sl,19
2023-01-23 03:25:00,2023-01-23 10:50:00,S,0.3728,0.3797906005675324,0.3797906005675324,0.3553234985811691,-1.0,-1.059,sl,89
2023-01-23 11:00:00,2023-01-23 12:05:00,L,0.379,0.37618516310560524,0.37618516310560524,0.3860370922359869,-1.0,-1.148,sl,13
2023-01-23 14:55:00,2023-01-23 14:55:00,L,0.3791,0.3709247604490272,0.3709247604490272,0.3995380988774319,-1.0,-1.051,sl,0
2023-01-23 22:35:00,2023-01-23 22:50:00,L,0.3771,0.37513530902284437,0.37513530902284437,0.382011727442889,-1.0,-1.211,sl,3
2023-01-24 02:25:00,2023-01-24 10:25:00,L,0.3793,0.3793,0.3753093039294948,0.3892767401762631,0.0,-0.105,time,96
2023-01-24 13:40:00,2023-01-24 16:00:00,S,0.3746,0.37769258352795504,0.37769258352795504,0.36686854118011236,-1.0,-1.133,sl,28
2023-01-24 17:10:00,2023-01-24 20:50:00,S,0.3736,0.3795544378555188,0.3795544378555188,0.35871390536120296,-1.0,-1.069,sl,44
2023-01-24 21:55:00,2023-01-25 01:10:00,S,0.3719,0.3496692148071613,0.3807923140771355,0.3496692148071613,2.5,2.454,tp,39
2023-01-25 01:15:00,2023-01-25 06:30:00,S,0.3494,0.3551947691931919,0.3551947691931919,0.3349130770170203,-1.0,-1.066,sl,63
2023-01-25 10:10:00,2023-01-25 12:10:00,S,0.3558,0.3588092658749445,0.3588092658749445,0.34827683531263876,-1.0,-1.13,sl,24
2023-01-25 15:00:00,2023-01-25 19:35:00,S,0.3546,0.36027532639088666,0.36027532639088666,0.34041168402278343,-1.0,-1.069,sl,55
2023-01-25 20:05:00,2023-01-25 21:55:00,L,0.3632,0.3751915927383004,0.3584033629046799,0.3751915927383004,2.5,2.417,tp,22
2023-01-25 22:00:00,2023-01-26 06:00:00,L,0.376,0.381,0.3625005546867034,0.4097486132832415,0.37,0.34,time,96
2023-01-26 12:40:00,2023-01-26 13:30:00,L,0.3763,0.3728146666221814,0.3728146666221814,0.38501333344454663,-1.0,-1.119,sl,10
2023-01-26 13:40:00,2023-01-26 21:40:00,L,0.3783,0.3786,0.3717304567071619,0.39472385823209527,0.046,-0.018,time,96
2023-01-27 01:25:00,2023-01-27 07:45:00,S,0.3743,0.37925191132382813,0.37925191132382813,0.36192022169042976,-1.0,-1.083,sl,76
2023-01-27 07:50:00,2023-01-27 11:50:00,L,0.3794,0.3758279024133553,0.3758279024133553,0.38833024396661187,-1.0,-1.117,sl,48
2023-01-27 17:15:00,2023-01-27 23:15:00,L,0.3825,0.3910256589036444,0.37908973643854227,0.3910256589036444,2.5,2.377,tp,72
2023-01-27 23:20:00,2023-01-28 07:20:00,L,0.3909,0.3886,0.38312624369763565,0.41033439075591094,-0.296,-0.351,time,96
2023-01-28 13:10:00,2023-01-28 17:00:00,S,0.3818,0.3865441074153083,0.3865441074153083,0.3699397314617291,-1.0,-1.089,sl,46
2023-01-28 17:05:00,2023-01-28 17:15:00,L,0.3862,0.38361570127754296,0.38361570127754296,0.39266074680614255,-1.0,-1.164,sl,2
2023-01-28 20:30:00,2023-01-29 01:05:00,S,0.3815,0.38495404776910713,0.38495404776910713,0.3728648805772322,-1.0,-1.121,sl,55
2023-01-29 01:10:00,2023-01-29 09:10:00,L,0.385,0.3857,0.37646426886892453,0.40633932782768867,0.082,0.032,time,96
2023-01-29 09:25:00,2023-01-29 13:10:00,L,0.387,0.3913824058678078,0.3852470376528769,0.3913824058678078,2.5,2.257,tp,45
2023-01-29 19:10:00,2023-01-30 02:00:00,L,0.3948,0.39141345738216565,0.39141345738216565,0.4032663565445858,-1.0,-1.128,sl,82
2023-01-30 08:30:00,2023-01-30 09:15:00,S,0.3871,0.378606756694868,0.3904972973220528,0.378606756694868,2.5,2.375,tp,9
2023-01-30 09:20:00,2023-01-30 17:20:00,S,0.3792,0.3809,0.3906041994718715,0.3506895013203211,-0.149,-0.186,time,96
2023-01-30 18:05:00,2023-01-30 19:10:00,S,0.3792,0.36769091736568316,0.3838036330537267,0.36769091736568316,2.5,2.409,tp,13
2023-01-30 19:15:00,2023-01-31 03:15:00,S,0.3706,0.3711,0.3816323829302394,0.34301904267440153,-0.045,-0.082,time,96
2023-01-31 11:00:00,2023-01-31 12:00:00,S,0.3712,0.3735704923949452,0.3735704923949452,0.36527376901263686,-1.0,-1.172,sl,12
2023-01-31 14:05:00,2023-01-31 15:30:00,L,0.3779,0.3874419995368648,0.3740832001852541,0.3874419995368648,2.5,2.391,tp,17
2023-01-31 15:35:00,2023-01-31 23:35:00,L,0.3884,0.3907,0.37920567310753533,0.41138581723116174,0.25,0.204,time,96
2023-02-01 07:00:00,2023-02-01 15:00:00,S,0.382,0.3795,0.38741892129461414,0.3684526967634647,0.461,0.384,time,96
2023-02-01 15:25:00,2023-02-01 19:40:00,S,0.3785,0.3832471905254585,0.3832471905254585,0.3666320236863537,-1.0,-1.088,sl,51
2023-02-01 19:45:00,2023-02-02 03:45:00,L,0.3862,0.4074,0.37294447455880175,0.4193388136029956,1.599,1.567,time,96
2023-02-02 10:00:00,2023-02-02 14:55:00,L,0.4049,0.399287586932538,0.399287586932538,0.4189310326686549,-1.0,-1.079,sl,59
2023-02-02 18:15:00,2023-02-02 19:40:00,L,0.4087,0.4033797275094482,0.4033797275094482,0.42200068122637946,-1.0,-1.085,sl,17
2023-02-02 21:25:00,2023-02-02 21:55:00,S,0.4041,0.3938799130506618,0.4081880347797353,0.3938799130506618,2.5,2.391,tp,6
2023-02-02 22:00:00,2023-02-03 06:00:00,S,0.3943,0.4024,0.40823844641976953,0.3594538839505761,-0.581,-0.612,time,96
2023-02-03 06:05:00,2023-02-03 07:05:00,L,0.4024,0.4003379852411923,0.4003379852411923,0.4075550368970192,-1.0,-1.215,sl,12
2023-02-03 11:35:00,2023-02-03 13:30:00,L,0.4026,0.3988011956642213,0.3988011956642213,0.41209701083944683,-1.0,-1.117,sl,23
2023-02-03 13:35:00,2023-02-03 14:45:00,S,0.3999,0.40405882400972,0.40405882400972,0.38950293997569996,-1.0,-1.106,sl,14
2023-02-03 15:20:00,2023-02-03 23:20:00,L,0.4037,0.405,0.39439492779848395,0.42696268050379016,0.14,0.092,time,96
2023-02-04 05:20:00,2023-02-04 11:05:00,S,0.3993,0.40167243561318444,0.40167243561318444,0.39336891096703885,-1.0,-1.185,sl,69
2023-02-04 11:20:00,2023-02-04 19:20:00,L,0.4019,0.4045,0.3997379221368519,0.4073051946578702,1.203,0.998,time,96
2023-02-04 22:40:00,2023-02-04 23:00:00,L,0.4047,0.4021476307830951,0.4021476307830951,0.4110809230422622,-1.0,-1.174,sl,4
2023-02-04 23:05:00,2023-02-05 00:35:00,S,0.4028,0.39687588245711186,0.40516964701715524,0.39687588245711186,2.5,2.313,tp,18
2023-02-05 00:40:00,2023-02-05 08:40:00,S,0.3977,0.4015,0.40252705043323933,0.38563237391690164,-0.787,-0.878,time,96
2023-02-05 08:45:00,2023-02-05 09:55:00,L,0.4015,0.399524735871301,0.399524735871301,0.4064381603217476,-1.0,-1.224,sl,14
2023-02-05 11:40:00,2023-02-05 12:55:00,S,0.399,0.39310843289662317,0.40135662684135076,0.39310843289662317,2.5,2.314,tp,15
2023-02-05 13:00:00,2023-02-05 21:00:00,S,0.3908,0.3862,0.40028143917641035,0.3670964020589741,0.485,0.44,time,96
2023-02-06 00:05:00,2023-02-06 00:40:00,L,0.3933,0.401033523882837,0.3902065904468652,0.401033523882837,2.5,2.36,tp,7
2023-02-06 00:45:00,2023-02-06 03:00:00,L,0.4019,0.3914340499346877,0.3914340499346877,0.4280648751632806,-1.0,-1.042,sl,27
2023-02-06 03:05:00,2023-02-06 11:05:00,S,0.3932,0.3898,0.39681640324568057,0.38415899188579855,0.94,0.821,time,96
2023-02-06 11:30:00,2023-02-06 11:50:00,S,0.3884,0.3922932423708619,0.3922932423708619,0.3786668940728454,-1.0,-1.11,sl,4
2023-02-06 21:35:00,2023-02-06 23:00:00,S,0.3898,0.38487412787706354,0.39177034884917455,0.38487412787706354,2.5,2.282,tp,17
2023-02-06 23:05:00,2023-02-07 06:50:00,S,0.3848,0.388191664174671,0.388191664174671,0.3763208395633224,-1.0,-1.125,sl,93
2023-02-07 08:10:00,2023-02-07 09:40:00,S,0.3841,0.38787912362026467,0.38787912362026467,0.3746521909493383,-1.0,-1.112,sl,18
2023-02-07 15:15:00,2023-02-07 17:45:00,S,0.3867,0.38918776501728475,0.38918776501728475,0.3804805874567881,-1.0,-1.171,sl,30
2023-02-07 17:50:00,2023-02-07 18:30:00,L,0.391,0.3842450696509093,0.3842450696509093,0.40788732587272675,-1.0,-1.064,sl,8
2023-02-07 18:35:00,2023-02-07 22:35:00,S,0.3845,0.3976677005535521,0.3976677005535521,0.35158074861611976,-1.0,-1.032,sl,48
2023-02-07 22:40:00,2023-02-08 06:40:00,L,0.3973,0.3993,0.3941059071141192,0.405285232214702,0.626,0.489,time,96
2023-02-08 15:05:00,2023-02-08 16:10:00,S,0.3979,0.3910730526640344,0.4006307789343862,0.3910730526640344,2.5,2.34,tp,13
2023-02-08 16:15:00,2023-02-09 00:15:00,S,0.3899,0.3927,0.3971438159421666,0.3717904601445836,-0.387,-0.446,time,96
2023-02-09 02:45:00,2023-02-09 03:05:00,S,0.3897,0.377692944929564,0.3945028220281744,0.377692944929564,2.5,2.411,tp,4
2023-02-09 03:10:00,2023-02-09 11:10:00,S,0.3793,0.3846,0.392115332555466,0.3472616686113351,-0.414,-0.446,time,96
2023-02-09 16:40:00,2023-02-09 19:30:00,S,0.3829,0.3708527449315514,0.38771890202737946,0.3708527449315514,2.5,2.413,tp,34
2023-02-09 19:35:00,2023-02-10 03:35:00,S,0.3691,0.3613,0.3836970085043515,0.33260747873912117,0.534,0.507,time,96
2023-02-10 05:25:00,2023-02-10 06:35:00,S,0.3558,0.3615169963317299,0.3615169963317299,0.3415075091706753,-1.0,-1.068,sl,14
2023-02-10 12:05:00,2023-02-10 14:35:00,S,0.3592,0.3634241769703656,0.3634241769703656,0.34863955757408605,-1.0,-1.094,sl,30
2023-02-10 21:25:00,2023-02-11 05:25:00,S,0.3594,0.3604,0.36510750874833964,0.34513122812915087,-0.175,-0.244,time,96
2023-02-11 07:25:00,2023-02-11 07:50:00,S,0.3585,0.35984753498139394,0.35984753498139394,0.3551311625465151,-1.0,-1.293,sl,5
2023-02-11 12:50:00,2023-02-11 14:50:00,S,0.3589,0.36196812847270177,0.36196812847270177,0.35122967881824557,-1.0,-1.129,sl,24
2023-02-11 18:45:00,2023-02-11 20:00:00,S,0.3599,0.362067465474422,0.362067465474422,0.3544813363139451,-1.0,-1.183,sl,15
2023-02-11 21:20:00,2023-02-11 22:10:00,L,0.3633,0.367408119465395,0.361656752213842,0.367408119465395,2.5,2.257,tp,10
2023-02-11 22:15:00,2023-02-12 06:15:00,L,0.3673,0.366,0.3621251156936231,0.3802372107659423,-0.251,-0.329,time,96
2023-02-12 09:10:00,2023-02-12 16:35:00,L,0.3675,0.37187674584046126,0.3657493016638155,0.37187674584046126,2.5,2.269,tp,89
2023-02-12 16:40:00,2023-02-12 21:30:00,L,0.3718,0.3682898785372277,0.3682898785372277,0.38057530365693076,-1.0,-1.117,sl,58
2023-02-12 21:35:00,2023-02-13 01:30:00,S,0.3685,0.35827536246392366,0.37258985501443054,0.35827536246392366,2.5,2.401,tp,47
2023-02-13 01:35:00,2023-02-13 09:35:00,S,0.36,0.349,0.3657575247372729,0.34560618815681765,1.911,1.842,time,96
2023-02-13 16:40:00,2023-02-13 20:30:00,S,0.3489,0.3547376907545994,0.3547376907545994,0.3343057731135015,-1.0,-1.066,sl,46
2023-02-14 02:00:00,2023-02-14 02:15:00,S,0.3552,0.3572440339030584,0.3572440339030584,0.350089915242354,-1.0,-1.191,sl,3
2023-02-14 07:05:00,2023-02-14 09:50:00,L,0.3571,0.36222439802698964,0.3550502407892041,0.36222439802698964,2.5,2.308,tp,33
2023-02-14 09:55:00,2023-02-14 13:30:00,L,0.3616,0.35761601171304214,0.35761601171304214,0.37155997071739455,-1.0,-1.1,sl,43
2023-02-14 14:55:00,2023-02-14 22:55:00,L,0.3674,0.3856,0.356088378070313,0.3956790548242175,1.609,1.573,time,96
2023-02-15 00:10:00,2023-02-15 00:15:00,L,0.3877,0.3858070302739437,0.3858070302739437,0.3924324243151407,-1.0,-1.225,sl,1
2023-02-15 10:45:00,2023-02-15 12:10:00,L,0.3861,0.3917328954065583,0.38384684183737666,0.3917328954065583,2.5,2.312,tp,17
2023-02-15 12:15:00,2023-02-15 20:15:00,L,0.3909,0.3997,0.3854853030454048,0.4044367423864881,1.625,1.546,time,96
2023-02-15 20:25:00,2023-02-15 23:50:00,L,0.4006,0.41872693656560134,0.3933492253737595,0.41872693656560134,2.5,2.439,tp,41
2023-02-15 23:55:00,2023-02-16 07:55:00,L,0.4175,0.4067,0.40244313987382413,0.4551421503154396,-0.717,-0.748,time,96
2023-02-16 15:45:00,2023-02-16 20:25:00,L,0.4078,0.39885029313900044,0.39885029313900044,0.43017426715249885,-1.0,-1.05,sl,56
2023-02-16 22:25:00,2023-02-17 06:25:00,S,0.394,0.3952,0.3993762029349906,0.38055949266252354,-0.223,-0.304,time,96
2023-02-17 08:35:00,2023-02-17 12:00:00,S,0.3935,0.3964853031597124,0.3964853031597124,0.38603674210071903,-1.0,-1.145,sl,41
2023-02-17 12:05:00,2023-02-17 16:10:00,L,0.3964,0.402799763628938,0.3938400945484248,0.402799763628938,2.5,2.33,tp,49
2023-02-17 16:15:00,2023-02-17 16:25:00,L,0.4025,0.398147713229098,0.398147713229098,0.41338071692725514,-1.0,-1.102,sl,2
2023-02-17 17:20:00,2023-02-18 01:20:00,L,0.4029,0.4048,0.3963258957203147,0.41933526069921323,0.289,0.222,time,96
2023-02-18 01:45:00,2023-02-18 03:00:00,L,0.4056,0.40329516849620206,0.40329516849620206,0.41136207875949493,-1.0,-1.194,sl,15
2023-02-18 10:20:00,2023-02-18 13:20:00,S,0.3999,0.4026590387526975,0.4026590387526975,0.3930024031182562,-1.0,-1.159,sl,36
2023-02-18 13:25:00,2023-02-18 16:05:00,L,0.4023,0.40896319716419904,0.39963472113432036,0.40896319716419904,2.5,2.334,tp,32
2023-02-18 16:10:00,2023-02-19 00:10:00,L,0.4092,0.4047,0.401265081605981,0.4290372959850475,-0.567,-0.624,time,96
2023-02-19 05:25:00,2023-02-19 08:20:00,L,0.4046,0.40131856030605473,0.40131856030605473,0.4128035992348632,-1.0,-1.136,sl,35
2023-02-19 09:50:00,2023-02-19 14:40:00,L,0.4043,0.4094353287325165,0.4022458685069934,0.4094353287325165,2.5,2.283,tp,58
2023-02-19 14:45:00,2023-02-19 15:25:00,L,0.4096,0.4060903972049561,0.4060903972049561,0.41837400698760985,-1.0,-1.128,sl,8
2023-02-19 17:10:00,2023-02-20 01:10:00,S,0.4045,0.39,0.4122790156235611,0.3850524609410973,1.864,1.807,time,96
2023-02-20 01:15:00,2023-02-20 04:15:00,S,0.39,0.40240025376559513,0.40240025376559513,0.3589993655860122,-1.0,-1.035,sl,36
2023-02-20 04:20:00,2023-02-20 12:20:00,L,0.4023,0.4059,0.398524957491497,0.41173760627125744,0.954,0.836,time,96
2023-02-20 14:40:00,2023-02-20 16:05:00,L,0.408,0.40467303579331176,0.40467303579331176,0.4163174105167205,-1.0,-1.135,sl,17
2023-02-20 20:40:00,2023-02-20 22:05:00,S,0.4037,0.4072838947505181,0.4072838947505181,0.3947402631237047,-1.0,-1.124,sl,17
2023-02-20 23:00:00,2023-02-21 07:00:00,S,0.403,0.4037,0.40843895207357317,0.38940261981606716,-0.129,-0.21,time,96
2023-02-21 07:05:00,2023-02-21 08:30:00,L,0.4037,0.4022280886737627,0.4022280886737627,0.40737977831559324,-1.0,-1.302,sl,17
2023-02-21 08:40:00,2023-02-21 16:40:00,S,0.4003,0.3914,0.4064403617631011,0.3849490955922472,1.449,1.378,time,96
2023-02-21 20:55:00,2023-02-22 02:00:00,S,0.3922,0.3821035529280321,0.39623857882878716,0.3821035529280321,2.5,2.393,tp,61
2023-02-22 02:05:00,2023-02-22 10:05:00,S,0.3824,0.3862,0.3922972866490191,0.3576567833774523,-0.384,-0.426,time,96
2023-02-22 14:25:00,2023-02-22 22:25:00,S,0.3834,0.3858,0.38769921194843626,0.3726519701289094,-0.558,-0.656,time,96
2023-02-23 02:10:00,2023-02-23 02:50:00,L,0.3905,0.3949140222898252,0.38873439108406993,0.3949140222898252,2.5,2.257,tp,8
2023-02-23 02:55:00,2023-02-23 10:55:00,L,0.3947,0.3931,0.38870227889798864,0.4096943027550284,-0.267,-0.339,time,96
2023-02-23 11:30:00,2023-02-23 19:30:00,S,0.3868,0.3839,0.3935268670032638,0.3699828324918405,0.431,0.368,time,96
2023-02-23 22:05:00,2023-02-24 01:05:00,S,0.381,0.38447021148757027,0.38447021148757027,0.3723244712810744,-1.0,-1.121,sl,36
2023-02-24 05:05:00,2023-02-24 07:55:00,S,0.3805,0.3818741930353828,0.3818741930353828,0.37706451741154307,-1.0,-1.305,sl,34
2023-02-24 10:25:00,2023-02-24 10:45:00,S,0.3792,0.38279088174266734,0.38279088174266734,0.3702227956433316,-1.0,-1.116,sl,4
2023-02-24 14:00:00,2023-02-24 16:00:00,S,0.3795,0.3689477596100169,0.38372089615599325,0.3689477596100169,2.5,2.401,tp,24
2023-02-24 16:05:00,2023-02-25 00:05:00,S,0.3626,0.3662,0.38097123720359877,0.316671906991003,-0.196,-0.218,time,96
2023-02-25 03:50:00,2023-02-25 07:55:00,S,0.3643,0.36595902777111794,0.36595902777111794,0.3601524305722052,-1.0,-1.242,sl,49
2023-02-25 10:25:00,2023-02-25 16:15:00,S,0.3636,0.3654580885794219,0.3654580885794219,0.35895477855144514,-1.0,-1.215,sl,70
2023-02-25 18:25:00,2023-02-25 20:20:00,S,0.3611,0.354437162904308,0.36376513483827677,0.354437162904308,2.5,2.351,tp,23
2023-02-25 20:25:00,2023-02-25 22:40:00,S,0.3557,0.3596329862330558,0.3596329862330558,0.3458675344173606,-1.0,-1.099,sl,27
2023-02-26 02:10:00,2023-02-26 02:40:00,S,0.3578,0.35944630083742346,0.35944630083742346,0.3536842479064414,-1.0,-1.239,sl,6
2023-02-26 06:20:00,2023-02-26 07:40:00,S,0.3603,0.361442808682332,0.361442808682332,0.3574429782941701,-1.0,-1.347,sl,16
2023-02-26 13:00:00,2023-02-26 14:10:00,S,0.3624,0.3644503550993866,0.3644503550993866,0.3572741122515335,-1.0,-1.194,sl,14
2023-02-26 17:15:00,2023-02-26 18:40:00,S,0.3606,0.3631528453326933,0.3631528453326933,0.3542178866682666,-1.0,-1.155,sl,17
2023-02-26 18:45:00,2023-02-27 02:45:00,L,0.3641,0.3664,0.3589241804712308,0.3770395488219229,0.444,0.367,time,96
2023-02-27 04:25:00,2023-02-27 12:25:00,S,0.365,0.3618,0.36844709978430895,0.35638225053922756,0.928,0.812,time,96
2023-02-27 13:30:00,2023-02-27 16:30:00,L,0.364,0.361028430583577,0.361028430583577,0.3714289235410575,-1.0,-1.135,sl,36
2023-02-27 16:35:00,2023-02-28 00:35:00,S,0.3616,0.3646,0.3692657786703643,0.34243555332408915,-0.391,-0.443,time,96
2023-02-28 03:25:00,2023-02-28 07:25:00,L,0.3671,0.363138819301131,0.363138819301131,0.3770029517471724,-1.0,-1.102,sl,48
2023-02-28 07:30:00,2023-02-28 15:30:00,S,0.3631,0.3629,0.36506019052752375,0.35819952368119057,0.102,-0.102,time,96
2023-02-28 19:20:00,2023-02-28 20:00:00,S,0.3599,0.3537169049068207,0.3623732380372717,0.3537169049068207,2.5,2.34,tp,8
2023-02-28 20:05:00,2023-03-01 04:05:00,S,0.3529,0.357,0.361323516020862,0.331841209947845,-0.487,-0.533,time,96
2023-03-01 04:40:00,2023-03-01 05:05:00,L,0.3584,0.3625462089164305,0.3567415164334278,0.3625462089164305,2.5,2.262,tp,5
2023-03-01 05:10:00,2023-03-01 13:10:00,L,0.3631,0.3618,0.3567087104609727,0.3790782238475682,-0.203,-0.266,time,96
2023-03-01 14:50:00,2023-03-01 16:05:00,L,0.3642,0.3597979559517347,0.3597979559517347,0.3752051101206634,-1.0,-1.091,sl,15
2023-03-01 16:15:00,2023-03-01 16:45:00,S,0.359,0.3618923847567935,0.3618923847567935,0.3517690381080163,-1.0,-1.137,sl,6
2023-03-01 20:05:00,2023-03-01 21:35:00,S,0.3573,0.36040544521272694,0.36040544521272694,0.3495363869681827,-1.0,-1.127,sl,18
2023-03-02 01:00:00,2023-03-02 09:00:00,S,0.3578,0.3548,0.36138136604810117,0.34884658487974707,0.838,0.728,time,96
2023-03-02 09:50:00,2023-03-02 15:45:00,S,0.353,0.34684199785412456,0.35546320085835015,0.34684199785412456,2.5,2.342,tp,71
2023-03-02 15:50:00,2023-03-02 19:40:00,S,0.3473,0.35041178652998267,0.35041178652998267,0.3395205336750433,-1.0,-1.123,sl,46
2023-03-03 01:20:00,2023-03-03 01:30:00,S,0.3436,0.3267468368627645,0.35034126525489423,0.3267468368627645,2.5,2.444,tp,2
2023-03-03 01:35:00,2023-03-03 09:35:00,S,0.3273,0.3378,0.3505793184488897,0.26910170387777577,-0.451,-0.467,time,96
2023-03-03 12:55:00,2023-03-03 14:00:00,S,0.3371,0.3393560701161091,0.3393560701161091,0.33145982470972735,-1.0,-1.164,sl,13
2023-03-03 19:30:00,2023-03-03 19:50:00,S,0.337,0.3391630214585638,0.3391630214585638,0.33159244635359053,-1.0,-1.171,sl,4
2023-03-04 04:35:00,2023-03-04 09:10:00,S,0.3405,0.34194278082233576,0.34194278082233576,0.3368930479441607,-1.0,-1.26,sl,55
2023-03-04 15:40:00,2023-03-04 19:30:00,S,0.34,0.3366656911074503,0.3413337235570199,0.3366656911074503,2.5,2.22,tp,46
2023-03-04 19:35:00,2023-03-04 21:45:00,S,0.3367,0.3308206399229243,0.33905174403083027,0.3308206399229243,2.5,2.343,tp,26
2023-03-04 21:50:00,2023-03-04 22:20:00,S,0.3327,0.3352668241407994,0.3352668241407994,0.3262829396480015,-1.0,-1.143,sl,6
2023-03-05 01:05:00,2023-03-05 09:05:00,L,0.337,0.3379,0.33462555670512645,0.34293610823718396,0.379,0.223,time,96
2023-03-05 15:50:00,2023-03-05 19:25:00,S,0.3388,0.33594574153114054,0.33994170338754376,0.33594574153114054,2.5,2.174,tp,43
2023-03-05 19:30:00,2023-03-05 20:05:00,S,0.336,0.337351116544281,0.337351116544281,0.33262220863929753,-1.0,-1.274,sl,7
2023-03-05 23:15:00,2023-03-06 00:40:00,S,0.3358,0.3382958776309425,0.3382958776309425,0.32956030592264374,-1.0,-1.148,sl,17
2023-03-06 01:55:00,2023-03-06 09:55:00,S,0.3326,0.3338,0.33863509909870854,0.31751225225322866,-0.199,-0.259,time,96
2023-03-06 12:00:00,2023-03-06 14:30:00,S,0.331,0.3333447055423449,0.3333447055423449,0.3251382361441378,-1.0,-1.155,sl,30
2023-03-06 19:20:00,2023-03-07 03:20:00,S,0.3325,0.3328,0.33549446230770247,0.32501384423074386,-0.1,-0.222,time,96
2023-03-07 06:30:00,2023-03-07 10:55:00,S,0.3311,0.32647686300719375,0.3329492547971225,0.32647686300719375,2.5,2.303,tp,53
2023-03-07 11:00:00,2023-03-07 19:00:00,S,0.3271,0.3281,0.33009130543495274,0.31962173641261815,-0.334,-0.455,time,96
2023-03-07 21:15:00,2023-03-08 00:05:00,S,0.3259,0.331606589976415,0.331606589976415,0.3116335250589626,-1.0,-1.063,sl,34
2023-03-08 00:10:00,2023-03-08 03:20:00,L,0.3315,0.3281261814924958,0.3281261814924958,0.33993454626876063,-1.0,-1.108,sl,38
2023-03-08 03:25:00,2023-03-08 06:00:00,S,0.3277,0.3220662217639011,0.32995351129443956,0.3220662217639011,2.5,2.34,tp,31
2023-03-08 06:05:00,2023-03-08 14:05:00,S,0.3232,0.3173,0.329232690780704,0.30811827304823997,0.978,0.919,time,96
2023-03-08 14:10:00,2023-03-08 15:30:00,S,0.3173,0.3242491486605795,0.3242491486605795,0.2999271283485513,-1.0,-1.05,sl,16
2023-03-08 18:30:00,2023-03-08 20:55:00,S,0.3202,0.32397639182338206,0.32397639182338206,0.3107590204415448,-1.0,-1.093,sl,29
2023-03-08 22:20:00,2023-03-09 06:20:00,S,0.3198,0.3188,0.32489130378305714,0.3070717405423571,0.196,0.127,time,96
2023-03-09 07:40:00,2023-03-09 14:10:00,S,0.3163,0.3194688587033188,0.3194688587033188,0.3083778532417031,-1.0,-1.11,sl,78
2023-03-09 16:55:00,2023-03-09 20:20:00,S,0.3161,0.30607065736142014,0.32011173705543194,0.30607065736142014,2.5,2.413,tp,41
2023-03-09 20:25:00,2023-03-10 04:25:00,S,0.3031,0.3081,0.31179715550027115,0.28135711124932206,-0.575,-0.613,time,96
2023-03-10 09:40:00,2023-03-10 12:50:00,S,0.3031,0.3069973994108411,0.3069973994108411,0.2933565014728972,-1.0,-1.086,sl,38
2023-03-10 13:35:00,2023-03-10 21:35:00,L,0.3116,0.3092,0.3018185568158146,0.33605360796046346,-0.245,-0.28,time,96
2023-03-10 22:30:00,2023-03-11 06:30:00,L,0.3151,0.3157,0.30898521618629166,0.33038695953427083,0.098,0.041,time,96
2023-03-11 07:35:00,2023-03-11 14:05:00,S,0.3139,0.3045694592446649,0.31763221630213406,0.3045694592446649,2.5,2.407,tp,78
2023-03-11 14:10:00,2023-03-11 14:40:00,S,0.3049,0.30659769656211666,0.30659769656211666,0.3006557585947084,-1.0,-1.198,sl,6
2023-03-11 15:10:00,2023-03-11 23:10:00,S,0.3043,0.3032,0.3067945836155061,0.2980635409612348,0.441,0.307,time,96
2023-03-12 07:00:00,2023-03-12 10:15:00,S,0.303,0.3053563125009303,0.3053563125009303,0.29710921874767415,-1.0,-1.141,sl,39
2023-03-12 14:05:00,2023-03-12 17:25:00,S,0.3032,0.3077818197286168,0.3077818197286168,0.29174545067845814,-1.0,-1.073,sl,40
2023-03-12 17:30:00,2023-03-12 22:15:00,L,0.3085,0.3213091111640763,0.3033763555343695,0.3213091111640763,2.5,2.434,tp,57
2023-03-12 22:20:00,2023-03-13 00:40:00,L,0.3222,0.33589091507204044,0.3167236339711838,0.33589091507204044,2.5,2.435,tp,28
2023-03-13 00:45:00,2023-03-13 08:45:00,L,0.3392,0.3372,0.3273434161592721,0.3688414596018198,-0.169,-0.2,time,96
2023-03-13 13:20:00,2023-03-13 21:20:00,L,0.3349,0.3432,0.3271291255630765,0.3543271860923087,1.068,1.021,time,96
2023-03-13 22:10:00,2023-03-13 23:20:00,L,0.345,0.34121905993008883,0.34121905993008883,0.35445235017477783,-1.0,-1.1,sl,14
2023-03-14 04:05:00,2023-03-14 05:25:00,L,0.3447,0.3418397358124573,0.3418397358124573,0.35185066046885677,-1.0,-1.133,sl,16
2023-03-14 12:35:00,2023-03-14 20:35:00,L,0.3482,0.3451,0.3397669818773591,0.3692825453066023,-0.368,-0.413,time,96
2023-03-15 01:25:00,2023-03-15 09:25:00,L,0.345,0.3404,0.3391800053588053,0.3595499866029866,-0.79,-0.856,time,96
2023-03-15 09:35:00,2023-03-15 10:25:00,S,0.3412,0.33648808051382484,0.34308476779447006,0.33648808051382484,2.5,2.301,tp,10
2023-03-15 10:30:00,2023-03-15 15:35:00,S,0.3367,0.3249021395160985,0.3414191441935606,0.3249021395160985,2.5,2.422,tp,61
2023-03-15 15:40:00,2023-03-15 23:40:00,S,0.3245,0.3226,0.332930837915908,0.3034229052102301,0.225,0.183,time,96
2023-03-16 00:50:00,2023-03-16 02:50:00,S,0.3215,0.32513267779985766,0.32513267779985766,0.3124183055003559,-1.0,-1.097,sl,24
2023-03-16 05:15:00,2023-03-16 05:25:00,S,0.3207,0.3244095573397734,0.3244095573397734,0.31142610665056647,-1.0,-1.095,sl,2
2023-03-16 09:25:00,2023-03-16 09:40:00,S,0.3224,0.3264077142010592,0.3264077142010592,0.3123807144973521,-1.0,-1.088,sl,3
2023-03-16 12:50:00,2023-03-16 19:25:00,S,0.3221,0.3283616308006585,0.3283616308006585,0.3064459229983537,-1.0,-1.057,sl,79
2023-03-16 20:55:00,2023-03-17 01:25:00,S,0.3198,0.32603773162353744,0.32603773162353744,0.3042056709411563,-1.0,-1.056,sl,54
2023-03-17 01:30:00,2023-03-17 09:30:00,L,0.326,0.3334,0.3209693954494243,0.33857651137643924,1.471,1.4,time,96
2023-03-17 10:10:00,2023-03-17 14:35:00,L,0.3369,0.3326907381477975,0.3326907381477975,0.3474231546305062,-1.0,-1.088,sl,53
2023-03-17 17:50:00,2023-03-17 22:45:00,L,0.3373,0.34757781130733095,0.3331888754770676,0.34757781130733095,2.5,2.41,tp,59
2023-03-17 22:50:00,2023-03-18 06:50:00,L,0.3468,0.3513,0.3380134390867991,0.3687664022830023,0.512,0.469,time,96
2023-03-18 11:05:00,2023-03-18 15:05:00,L,0.352,0.3493929493418987,0.3493929493418987,0.3585176266452532,-1.0,-1.149,sl,48
2023-03-18 19:05:00,2023-03-18 22:40:00,L,0.3471,0.3406704545084471,0.3406704545084471,0.3631738637288824,-1.0,-1.059,sl,43
2023-03-18 22:45:00,2023-03-19 04:00:00,S,0.3398,0.34430889408716187,0.34430889408716187,0.32852776478209533,-1.0,-1.083,sl,63
2023-03-19 05:05:00,2023-03-19 12:05:00,S,0.3405,0.3444738378381978,0.3444738378381978,0.33056540540450563,-1.0,-1.094,sl,84
2023-03-19 12:10:00,2023-03-19 20:10:00,L,0.3451,0.3481,0.3375739169081721,0.36391520772956976,0.399,0.348,time,96
2023-03-20 00:10:00,2023-03-20 08:10:00,S,0.3443,0.3432,0.3497609943461155,0.33064751413471116,0.201,0.132,time,96
2023-03-20 08:40:00,2023-03-20 12:15:00,L,0.344,0.34104821823035514,0.34104821823035514,0.35137945442411206,-1.0,-1.128,sl,43
2023-03-20 16:30:00,2023-03-21 00:30:00,S,0.3376,0.336,0.34125990327758143,0.32845024180604643,0.437,0.336,time,96
2023-03-21 04:05:00,2023-03-21 05:35:00,L,0.3398,0.335917714420085,0.335917714420085,0.34950571394978747,-1.0,-1.096,sl,18
2023-03-21 05:50:00,2023-03-21 12:40:00,S,0.3355,0.3416275509988546,0.3416275509988546,0.32018112250286357,-1.0,-1.06,sl,82
2023-03-21 12:45:00,2023-03-21 13:25:00,L,0.3417,0.3502400797777162,0.33828396808891353,0.3502400797777162,2.5,2.39,tp,8
2023-03-21 13:30:00,2023-03-21 21:00:00,L,0.3512,0.3837975146846506,0.33816099412613976,0.3837975146846506,2.5,2.47,tp,90
2023-03-21 21:05:00,2023-03-22 05:05:00,L,0.3797,0.3793,0.3619991953210559,0.4239520116973602,-0.023,-0.046,time,96
2023-03-22 05:20:00,2023-03-22 08:00:00,L,0.3791,0.37336902847111825,0.37336902847111825,0.3934274288222044,-1.0,-1.073,sl,32
2023-03-22 13:40:00,2023-03-22 18:35:00,L,0.3773,0.36852261921542795,0.36852261921542795,0.3992434519614302,-1.0,-1.047,sl,59
2023-03-22 19:05:00,2023-03-23 03:05:00,S,0.3638,0.3572,0.3818527204509766,0.3186681988725585,0.366,0.343,time,96
2023-03-23 05:45:00,2023-03-23 13:45:00,L,0.3609,0.3666,0.354887929178155,0.3759301770546125,0.948,0.882,time,96
2023-03-23 14:50:00,2023-03-23 22:50:00,L,0.3738,0.3697,0.36562790877212814,0.3942302280696797,-0.502,-0.552,time,96
2023-03-24 00:15:00,2023-03-24 00:30:00,L,0.3719,0.37041874103065525,0.37041874103065525,0.37560314742336187,-1.0,-1.276,sl,3
2023-03-24 02:40:00,2023-03-24 08:45:00,S,0.3677,0.3607190226041165,0.37049239095835346,0.3607190226041165,2.5,2.355,tp,73
2023-03-24 08:50:00,2023-03-24 16:50:00,S,0.3608,0.3622,0.36825456433315423,0.3421635891671144,-0.188,-0.241,time,96
2023-03-24 21:25:00,2023-03-25 05:25:00,S,0.3577,0.3624,0.3628377459314034,0.3448556351714916,-0.915,-0.991,time,96
2023-03-25 05:50:00,2023-03-25 13:50:00,S,0.3578,0.3579,0.36269894837630506,0.34555262905923734,-0.02,-0.101,time,96
2023-03-25 17:25:00,2023-03-26 01:25:00,S,0.3569,0.3516,0.36079293630424236,0.3471676592393941,1.361,1.261,time,96
2023-03-26 09:20:00,2023-03-26 16:00:00,L,0.3584,0.35441202006819517,0.35441202006819517,0.3683699498295121,-1.0,-1.099,sl,80
2023-03-26 16:05:00,2023-03-26 23:05:00,S,0.3549,0.3568075538038449,0.3568075538038449,0.3501311154903878,-1.0,-1.205,sl,84
2023-03-27 01:10:00,2023-03-27 09:10:00,S,0.3532,0.3496,0.35669782075807344,0.34445544810481643,1.029,0.918,time,96
2023-03-27 14:25:00,2023-03-27 22:25:00,S,0.3495,0.3436,0.3556816529696811,0.33404586757579724,0.954,0.892,time,96
2023-03-28 05:05:00,2023-03-28 09:50:00,L,0.3491,0.3448088546854102,0.3448088546854102,0.35982786328647454,-1.0,-1.089,sl,57
2023-03-28 09:55:00,2023-03-28 11:10:00,S,0.3457,0.34908761836840524,0.34908761836840524,0.33723095407898696,-1.0,-1.112,sl,15
2023-03-28 11:15:00,2023-03-28 19:15:00,L,0.3505,0.3609,0.34525592131731725,0.3636101967067068,1.983,1.91,time,96
2023-03-28 19:55:00,2023-03-28 20:45:00,L,0.3628,0.35947422436168214,0.35947422436168214,0.37111443909579467,-1.0,-1.12,sl,10
2023-03-28 21:30:00,2023-03-29 04:20:00,L,0.3645,0.378344654533068,0.3589621381867728,0.378344654533068,2.5,2.428,tp,82
2023-03-29 04:25:00,2023-03-29 08:00:00,L,0.3775,0.3832425038016756,0.37520299847932975,0.3832425038016756,2.5,2.319,tp,43
2023-03-29 08:05:00,2023-03-29 15:00:00,L,0.3825,0.37867742372768926,0.37867742372768926,0.3920564406807769,-1.0,-1.11,sl,83
2023-03-29 17:25:00,2023-03-29 22:00:00,L,0.3863,0.38047410047569863,0.38047410047569863,0.40086474881075335,-1.0,-1.073,sl,55
2023-03-30 02:35:00,2023-03-30 03:05:00,L,0.3835,0.3772443885017537,0.3772443885017537,0.3991390287456158,-1.0,-1.067,sl,6
2023-03-30 07:55:00,2023-03-30 09:15:00,L,0.3796,0.3758122072627053,0.3758122072627053,0.3890694818432367,-1.0,-1.11,sl,16
2023-03-30 11:20:00,2023-03-30 15:30:00,L,0.38,0.37479952462114696,0.37479952462114696,0.3930011884471326,-1.0,-1.08,sl,50
2023-03-30 16:10:00,2023-03-31 00:10:00,S,0.3748,0.3754,0.3786186676726652,0.365253330818337,-0.157,-0.265,time,96
2023-03-31 01:05:00,2023-03-31 09:05:00,L,0.3786,0.3842,0.37388503178219507,0.3903874205445123,1.188,1.099,time,96
2023-03-31 10:25:00,2023-03-31 14:30:00,L,0.3877,0.4015350049609803,0.38216599801560786,0.4015350049609803,2.5,2.423,tp,49
2023-03-31 14:35:00,2023-03-31 22:35:00,L,0.4026,0.4015,0.39627110556777245,0.41842223608056894,-0.174,-0.244,time,96
2023-04-01 05:00:00,2023-04-01 05:05:00,L,0.401,0.39718878221043913,0.39718878221043913,0.41052804447390223,-1.0,-1.116,sl,1
2023-04-01 12:45:00,2023-04-01 20:45:00,L,0.3912,0.3942,0.38780785563593984,0.39968036091015036,0.884,0.758,time,96
2023-04-01 23:15:00,2023-04-01 23:25:00,L,0.3962,0.39464073953682755,0.39464073953682755,0.4000981511579311,-1.0,-1.28,sl,2
2023-04-02 00:25:00,2023-04-02 08:25:00,S,0.3914,0.3854,0.3960713866529157,0.37972153336771086,1.284,1.192,time,96
2023-04-02 08:40:00,2023-04-02 15:00:00,S,0.3848,0.377405522349042,0.38775779106038316,0.377405522349042,2.5,2.357,tp,76
2023-04-02 15:05:00,2023-04-02 23:05:00,S,0.3794,0.3808,0.3846588678258119,0.36625283043547036,-0.266,-0.346,time,96
2023-04-03 01:45:00,2023-04-03 05:20:00,S,0.3728,0.3808515343976688,0.3808515343976688,0.3526711640058281,-1.0,-1.051,sl,43
2023-04-03 06:15:00,2023-04-03 14:15:00,L,0.3864,0.3913,0.37868117345762914,0.4056970663559272,0.635,0.58,time,96
2023-04-03 15:05:00,2023-04-03 18:45:00,S,0.3883,0.39539427668491145,0.39539427668491145,0.3705643082877213,-1.0,-1.06,sl,44
2023-04-03 18:50:00,2023-04-03 20:10:00,L,0.3951,0.3827429969297166,0.3827429969297166,0.42599250767570856,-1.0,-1.035,sl,16
2023-04-03 20:15:00,2023-04-04 04:15:00,S,0.3813,0.3914,0.39807532223316733,0.3393616944170816,-0.602,-0.627,time,96
2023-04-04 04:20:00,2023-04-04 12:20:00,L,0.3914,0.3984,0.3865660249230301,0.4034849376924248,1.448,1.359,time,96
2023-04-04 12:35:00,2023-04-04 12:40:00,L,0.3984,0.39596193806003566,0.39596193806003566,0.4044951548499108,-1.0,-1.18,sl,1
2023-04-04 16:25:00,2023-04-04 17:40:00,S,0.3893,0.3918030658768032,0.3918030658768032,0.3830423353079919,-1.0,-1.171,sl,15
2023-04-04 19:50:00,2023-04-04 23:00:00,L,0.3921,0.3901267183241956,0.3901267183241956,0.39703320418951105,-1.0,-1.219,sl,38
2023-04-04 23:05:00,2023-04-05 00:50:00,S,0.3902,0.3933703772185514,0.3933703772185514,0.3822740569536215,-1.0,-1.135,sl,21
2023-04-05 00:55:00,2023-04-05 08:55:00,L,0.3939,0.3957,0.3863702362652789,0.41272440933680266,0.239,0.182,time,96
2023-04-05 10:50:00,2023-04-05 12:30:00,L,0.3974,0.39475028420830716,0.39475028420830716,0.404024289479232,-1.0,-1.165,sl,20
2023-04-05 14:15:00,2023-04-05 22:15:00,S,0.3915,0.3916,0.39918144803553424,0.3722963799111645,-0.013,-0.069,time,96
2023-04-06 00:25:00,2023-04-06 08:00:00,S,0.3898,0.38230926950995847,0.3927962921960166,0.38230926950995847,2.5,2.357,tp,91
2023-04-06 08:05:00,2023-04-06 16:05:00,S,0.3843,0.3836,0.3897108427149979,0.3707728932125052,0.129,0.051,time,96
2023-04-06 18:45:00,2023-04-07 02:45:00,S,0.3827,0.3793,0.38618448076141265,0.37398879809646834,0.976,0.855,time,96
2023-04-07 02:50:00,2023-04-07 04:40:00,S,0.3793,0.3826702811465632,0.3826702811465632,0.3708742971335921,-1.0,-1.124,sl,22
2023-04-07 06:40:00,2023-04-07 14:25:00,S,0.3788,0.381374645255889,0.381374645255889,0.3723633868602776,-1.0,-1.162,sl,93
2023-04-07 22:45:00,2023-04-08 06:45:00,L,0.383,0.3884,0.3796336815777763,0.3914157960555592,1.604,1.479,time,96
2023-04-08 19:35:00,2023-04-09 00:20:00,S,0.3835,0.3872749024189291,0.3872749024189291,0.3740627439526773,-1.0,-1.112,sl,57
2023-04-09 00:25:00,2023-04-09 06:00:00,L,0.3876,0.3850413125138699,0.3850413125138699,0.3939967187153252,-1.0,-1.167,sl,67
2023-04-09 06:10:00,2023-04-09 12:15:00,S,0.3856,0.3888908506708271,0.3888908506708271,0.3773728733229322,-1.0,-1.129,sl,73
2023-04-09 12:20:00,2023-04-09 20:20:00,L,0.3891,0.3896,0.3853180175456096,0.3985549561359759,0.132,0.019,time,96
2023-04-09 22:05:00,2023-04-09 23:05:00,L,0.3921,0.38903165588205363,0.38903165588205363,0.39977086029486597,-1.0,-1.141,sl,12
2023-04-10 01:05:00,2023-04-10 09:05:00,S,0.3874,0.3871,0.39076555517361566,0.3789861120659609,0.089,-0.037,time,96
2023-04-10 15:50:00,2023-04-10 16:15:00,L,0.389,0.38702729007055237,0.38702729007055237,0.39393177482361913,-1.0,-1.217,sl,5
2023-04-10 17:00:00,2023-04-11 01:00:00,L,0.3913,0.3977,0.3869111329377472,0.4022721676556319,1.458,1.36,time,96
2023-04-11 01:55:00,2023-04-11 05:10:00,L,0.3992,0.4061964499298504,0.39640142002805984,0.4061964499298504,2.5,2.343,tp,39
2023-04-11 05:15:00,2023-04-11 13:15:00,L,0.4052,0.4075,0.3992830799832729,0.41999230004181776,0.389,0.313,time,96
2023-04-12 00:05:00,2023-04-12 00:50:00,L,0.4029,0.3998367619189969,0.3998367619189969,0.41055809520250763,-1.0,-1.145,sl,9
2023-04-12 01:50:00,2023-04-12 09:50:00,S,0.3955,0.395,0.4023259811290006,0.3784350471774986,0.073,0.01,time,96
2023-04-12 12:35:00,2023-04-12 20:35:00,L,0.4018,0.4043,0.39344829377509793,0.4226792655622551,0.299,0.246,time,96
2023-04-13 00:55:00,2023-04-13 07:30:00,L,0.4074,0.40238858058388993,0.40238858058388993,0.4199285485402751,-1.0,-1.089,sl,79
2023-04-13 08:50:00,2023-04-13 16:50:00,L,0.4086,0.413,0.4017288032369799,0.4257779919075503,0.64,0.575,time,96
2023-04-13 18:55:00,2023-04-14 02:55:00,L,0.4226,0.4354,0.4139278476774905,0.44428038080627363,1.476,1.422,time,96
2023-04-14 03:10:00,2023-04-14 07:35:00,L,0.4402,0.4337019451728155,0.4337019451728155,0.45644513706796114,-1.0,-1.075,sl,53
2023-04-14 11:45:00,2023-04-14 12:05:00,L,0.4415,0.4379898624633373,0.4379898624633373,0.4502753438416567,-1.0,-1.138,sl,4
2023-04-14 20:05:00,2023-04-15 04:05:00,L,0.4345,0.4345,0.4293873370877828,0.4472816572805429,0.0,-0.093,time,96
2023-04-15 05:20:00,2023-04-15 07:55:00,L,0.4369,0.44406556107176665,0.43403377557129336,0.44406556107176665,2.5,2.332,tp,31
2023-04-15 08:00:00,2023-04-15 16:00:00,L,0.4466,0.4561,0.43982562141807946,0.46353594645480134,1.402,1.33,time,96
2023-04-15 22:10:00,2023-04-16 01:15:00,L,0.4541,0.44848453854860454,0.44848453854860454,0.46813865362848867,-1.0,-1.089,sl,37
2023-04-16 15:50:00,2023-04-16 19:00:00,L,0.4478,0.45375805841225814,0.4454167766350967,0.45375805841225814,2.5,2.293,tp,38
2023-04-16 19:05:00,2023-04-16 20:00:00,L,0.4524,0.4477680144945352,0.4477680144945352,0.46397996376366213,-1.0,-1.107,sl,11
2023-04-17 00:15:00,2023-04-17 01:00:00,S,0.4496,0.43955755617761383,0.45361697752895447,0.43955755617761383,2.5,2.377,tp,9
2023-04-17 01:05:00,2023-04-17 09:05:00,S,0.4407,0.4418,0.4518294063503688,0.41287648412407796,-0.099,-0.142,time,96
2023-04-17 10:10:00,2023-04-17 10:50:00,S,0.439,0.442493672783855,0.442493672783855,0.43026581804036257,-1.0,-1.138,sl,8
2023-04-17 13:20:00,2023-04-17 21:20:00,S,0.4363,0.433,0.44590184511475106,0.4122953872131224,0.344,0.294,time,96
2023-04-17 21:25:00,2023-04-18 05:05:00,S,0.433,0.4368132831166064,0.4368132831166064,0.42346679220848404,-1.0,-1.125,sl,92
2023-04-18 05:10:00,2023-04-18 10:35:00,L,0.437,0.4454253533452097,0.4336298586619161,0.4454253533452097,2.5,2.357,tp,65
2023-04-18 10:40:00,2023-04-18 14:25:00,L,0.4453,0.4425152018959423,0.4425152018959423,0.4522619952601442,-1.0,-1.176,sl,45
2023-04-18 17:35:00,2023-04-18 20:55:00,S,0.4412,0.4434902562086351,0.4434902562086351,0.43547435947841223,-1.0,-1.212,sl,40
2023-04-18 21:00:00,2023-04-19 02:40:00,L,0.4426,0.4380174901010518,0.4380174901010518,0.45405627474737054,-1.0,-1.106,sl,68
2023-04-19 02:45:00,2023-04-19 08:10:00,S,0.4383,0.4302842898831767,0.44150628404672937,0.4302842898831767,2.5,2.35,tp,65
2023-04-19 08:15:00,2023-04-19 16:15:00,S,0.4214,0.4221,0.4354029136879267,0.3863927157801832,-0.05,-0.083,time,96
2023-04-19 17:25:00,2023-04-19 23:20:00,S,0.4196,0.40995811685177175,0.4234567532592913,0.40995811685177175,2.5,2.38,tp,71
2023-04-19 23:25:00,2023-04-20 01:00:00,S,0.411,0.41971395171248255,0.41971395171248255,0.38921512071879355,-1.0,-1.052,sl,19
2023-04-20 03:10:00,2023-04-20 04:30:00,S,0.4134,0.42065460126912224,0.42065460126912224,0.39526349682719436,-1.0,-1.063,sl,16
2023-04-20 08:00:00,2023-04-20 15:40:00,S,0.4167,0.408442199627206,0.4200031201491176,0.408442199627206,2.5,2.361,tp,92
2023-04-20 15:45:00,2023-04-20 23:45:00,S,0.409,0.4002,0.4147509960756348,0.39462250981091285,1.53,1.452,time,96
2023-04-21 06:45:00,2023-04-21 08:00:00,S,0.4023,0.406764745534494,0.406764745534494,0.391138136163765,-1.0,-1.099,sl,15
2023-04-21 11:10:00,2023-04-21 19:00:00,S,0.4008,0.38801769262769065,0.4059129229489237,0.38801769262769065,2.5,2.414,tp,94
2023-04-21 19:05:00,2023-04-22 03:05:00,S,0.3885,0.3843,0.39406836388770333,0.3745790902807417,0.754,0.678,time,96
2023-04-22 14:10:00,2023-04-22 15:00:00,L,0.3932,0.3980001001612441,0.39127995993550235,0.3980001001612441,2.5,2.275,tp,10
2023-04-22 18:40:00,2023-04-23 02:40:00,S,0.3945,0.3913,0.39788248101939216,0.3860437974515196,0.946,0.818,time,96
2023-04-23 10:30:00,2023-04-23 15:15:00,S,0.3914,0.3847350276231113,0.3940659889507555,0.3847350276231113,2.5,2.339,tp,57
2023-04-23 15:20:00,2023-04-23 23:20:00,S,0.3834,0.3892,0.39026861372678434,0.36622846568303924,-0.844,-0.906,time,96
2023-04-24 00:55:00,2023-04-24 06:50:00,L,0.3925,0.3852212402291673,0.3852212402291673,0.41069689942708176,-1.0,-1.059,sl,71
2023-04-24 06:55:00,2023-04-24 13:30:00,S,0.3852,0.39020717646801334,0.39020717646801334,0.37268205882996663,-1.0,-1.085,sl,79
2023-04-24 13:35:00,2023-04-24 14:40:00,L,0.3903,0.38689604336627165,0.38689604336627165,0.3988098915843208,-1.0,-1.126,sl,13
2023-04-24 14:45:00,2023-04-24 22:45:00,S,0.3883,0.3842,0.3940563787708639,0.37390905307284017,0.712,0.638,time,96
2023-04-25 00:55:00,2023-04-25 08:55:00,S,0.3817,0.3806,0.38449567935326207,0.3747108016168448,0.393,0.243,time,96
2023-04-25 10:25:00,2023-04-25 13:00:00,S,0.3785,0.3809995757902739,0.3809995757902739,0.37225106052431534,-1.0,-1.167,sl,31
2023-04-25 14:40:00,2023-04-25 16:20:00,S,0.3785,0.3820130780049747,0.3820130780049747,0.3697173049875633,-1.0,-1.119,sl,20
2023-04-25 20:10:00,2023-04-26 04:10:00,L,0.3862,0.3959,0.38127500517198903,0.3985124870700274,1.97,1.883,time,96
2023-04-26 04:30:00,2023-04-26 09:10:00,L,0.3967,0.4025699045898644,0.39435203816405423,0.4025699045898644,2.5,2.314,tp,56
2023-04-26 09:15:00,2023-04-26 17:15:00,L,0.4025,0.4144,0.39608411455956455,0.4185397136010887,1.855,1.786,time,96
2023-04-26 19:10:00,2023-04-26 19:30:00,S,0.4098,0.3998072883629726,0.41379708465481096,0.3998072883629726,2.5,2.387,tp,4
2023-04-26 19:35:00,2023-04-27 03:35:00,S,0.4002,0.4045,0.41342121491060246,0.36714696272349384,-0.325,-0.359,time,96
2023-04-27 05:25:00,2023-04-27 06:50:00,L,0.4106,0.4069084098923002,0.4069084098923002,0.41982897526924956,-1.0,-1.122,sl,17
2023-04-27 12:35:00,2023-04-27 13:50:00,L,0.4043,0.41095972168947137,0.40163611132421145,0.41095972168947137,2.5,2.333,tp,15
2023-04-27 13:55:00,2023-04-27 21:55:00,L,0.4103,0.411,0.4042580548231774,0.4254048629420565,0.116,0.041,time,96
2023-04-28 05:30:00,2023-04-28 06:20:00,L,0.4099,0.4083485334589384,0.4083485334589384,0.4137786663526539,-1.0,-1.291,sl,10
2023-04-28 11:40:00,2023-04-28 19:40:00,S,0.4035,0.405,0.40696734130883827,0.3948316467279044,-0.433,-0.561,time,96
2023-04-28 23:25:00,2023-04-29 07:25:00,S,0.403,0.4035,0.405859512216294,0.39585121945926505,-0.175,-0.33,time,96
2023-04-29 13:55:00,2023-04-29 17:30:00,L,0.4056,0.40223844469021497,0.40223844469021497,0.41400388827446266,-1.0,-1.133,sl,43
2023-04-29 17:35:00,2023-04-30 01:35:00,S,0.4019,0.3995,0.40481001959457696,0.39462495101355755,0.825,0.673,time,96
2023-04-30 01:40:00,2023-04-30 05:25:00,S,0.3995,0.40085701606197033,0.40085701606197033,0.39610745984507423,-1.0,-1.324,sl,45
2023-04-30 09:20:00,2023-04-30 14:55:00,S,0.3995,0.40185276859152247,0.40185276859152247,0.3936180785211939,-1.0,-1.187,sl,67
2023-04-30 15:05:00,2023-04-30 19:20:00,L,0.4044,0.39940593586966117,0.39940593586966117,0.416885160325847,-1.0,-1.089,sl,51
2023-04-30 19:25:00,2023-05-01 03:25:00,S,0.4011,0.3904,0.40775518474643885,0.3844620381339029,1.608,1.541,time,96
2023-05-01 05:45:00,2023-05-01 13:45:00,S,0.3906,0.3887,0.3918821760838999,0.3873945597902502,1.482,1.147,time,96
2023-05-01 14:05:00,2023-05-01 22:05:00,S,0.3873,0.3845,0.3904191459292509,0.3795021351768726,0.898,0.761,time,96
2023-05-02 10:20:00,2023-05-02 12:40:00,S,0.385,0.38694668284982475,0.38694668284982475,0.3801332928754382,-1.0,-1.218,sl,28
2023-05-02 14:10:00,2023-05-02 14:20:00,S,0.3828,0.38611124249567563,0.38611124249567563,0.3745218937608108,-1.0,-1.127,sl,2
2023-05-02 15:20:00,2023-05-02 23:20:00,L,0.3898,0.3909,0.3829538119041207,0.4069154702396982,0.161,0.098,time,96
2023-05-03 00:15:00,2023-05-03 07:20:00,S,0.3899,0.38397289366452236,0.3922708425341911,0.38397289366452236,2.5,2.319,tp,85
2023-05-03 07:25:00,2023-05-03 15:25:00,S,0.3839,0.3797,0.38819743918507926,0.37315640203730194,0.977,0.879,time,96
2023-05-03 21:40:00,2023-05-04 05:40:00,L,0.39,0.3942,0.38136403856754303,0.41158990358114245,0.486,0.437,time,96
2023-05-04 10:40:00,2023-05-04 12:45:00,L,0.3944,0.3913221291813178,0.3913221291813178,0.4020946770467054,-1.0,-1.141,sl,25
2023-05-04 13:35:00,2023-05-04 21:35:00,S,0.3905,0.3849,0.3938900988480958,0.38202475287976057,1.652,1.525,time,96
2023-05-05 01:35:00,2023-05-05 09:35:00,L,0.3897,0.3881,0.3863099889942774,0.39817502751430656,-0.472,-0.598,time,96
2023-05-05 10:00:00,2023-05-05 11:15:00,S,0.3874,0.38905781762511776,0.38905781762511776,0.38325545593720567,-1.0,-1.257,sl,15
2023-05-05 12:35:00,2023-05-05 14:00:00,S,0.3853,0.3894737955603258,0.3894737955603258,0.3748655110991854,-1.0,-1.102,sl,17
2023-05-05 14:25:00,2023-05-05 22:25:00,L,0.3897,0.3941,0.3858061512524428,0.399434621868893,1.13,1.02,time,96
2023-05-06 00:40:00,2023-05-06 01:10:00,L,0.3962,0.39250732543861244,0.39250732543861244,0.4054316864034689,-1.0,-1.118,sl,6
2023-05-06 02:05:00,2023-05-06 10:05:00,S,0.3908,0.386,0.3951857892711025,0.37983552682224375,1.094,0.996,time,96
2023-05-06 12:40:00,2023-05-06 14:05:00,S,0.3838,0.376077237461053,0.38688910501557877,0.376077237461053,2.5,2.363,tp,17
2023-05-06 14:10:00,2023-05-06 22:10:00,S,0.3761,0.3786,0.38336011566467104,0.3579497108383224,-0.344,-0.401,time,96
2023-05-07 02:20:00,2023-05-07 10:20:00,S,0.3783,0.3794,0.3824893646091179,0.3678265884772053,-0.263,-0.362,time,96
2023-05-07 15:35:00,2023-05-07 23:35:00,S,0.3801,0.3789,0.38327330888545397,0.37216672778636506,0.378,0.246,time,96
2023-05-07 23:50:00,2023-05-08 01:40:00,S,0.3769,0.37043667846401007,0.379485328614396,0.37043667846401007,2.5,2.34,tp,22
2023-05-08 01:45:00,2023-05-08 09:45:00,S,0.3649,0.3677,0.37956568273159774,0.32823579317100565,-0.191,-0.218,time,96
2023-05-08 16:55:00,2023-05-08 18:00:00,S,0.3695,0.35597689550528044,0.3749092417978878,0.35597689550528044,2.5,2.425,tp,13
2023-05-08 18:05:00,2023-05-09 01:05:00,S,0.3569,0.3703184019312206,0.3703184019312206,0.3233539951719484,-1.0,-1.029,sl,84
2023-05-09 03:45:00,2023-05-09 11:45:00,S,0.3643,0.3649,0.36675725968529554,0.3581568507867612,-0.244,-0.407,time,96
2023-05-09 15:50:00,2023-05-09 17:00:00,S,0.3612,0.36539091657558503,0.36539091657558503,0.3507227085610375,-1.0,-1.095,sl,14
2023-05-09 22:10:00,2023-05-09 23:30:00,S,0.3605,0.36286737393038404,0.36286737393038404,0.3545815651740398,-1.0,-1.168,sl,16
2023-05-10 06:30:00,2023-05-10 10:25:00,S,0.3621,0.3557256598718309,0.3646497360512676,0.3557256598718309,2.5,2.344,tp,47
2023-05-10 10:30:00,2023-05-10 12:30:00,S,0.3548,0.36080859638097096,0.36080859638097096,0.3397785090475726,-1.0,-1.065,sl,24
2023-05-10 12:35:00,2023-05-10 20:35:00,L,0.3637,0.3713,0.3559070430835983,0.38318239229100437,0.975,0.924,time,96
2023-05-11 00:50:00,2023-05-11 08:50:00,S,0.366,0.3613,0.37050090488138004,0.3547477377965499,1.044,0.955,time,96
2023-05-11 10:10:00,2023-05-11 12:30:00,S,0.3599,0.361767125001231,0.361767125001231,0.35523218749692254,-1.0,-1.212,sl,28
2023-05-11 12:35:00,2023-05-11 13:10:00,S,0.3604,0.3558185290440628,0.3622325883823749,0.3558185290440628,2.5,2.284,tp,7
2023-05-11 13:15:00,2023-05-11 21:15:00,S,0.3566,0.3576,0.3625406187809582,0.3417484530476044,-0.168,-0.234,time,96
2023-05-12 02:35:00,2023-05-12 04:50:00,S,0.3568,0.3600848634249144,0.3600848634249144,0.348587841437714,-1.0,-1.119,sl,27
2023-05-12 09:50:00,2023-05-12 15:25:00,L,0.3643,0.3595696005151121,0.3595696005151121,0.37612599871221974,-1.0,-1.085,sl,67
2023-05-12 15:30:00,2023-05-12 21:10:00,S,0.3595,0.3643182968283776,0.3643182968283776,0.34745425792905604,-1.0,-1.082,sl,68
2023-05-12 21:15:00,2023-05-13 05:15:00,L,0.3635,0.367,0.3593639033175056,0.3738402417062359,0.846,0.75,time,96
2023-05-13 08:00:00,2023-05-13 10:05:00,L,0.368,0.36536008734919734,0.36536008734919734,0.37459978162700663,-1.0,-1.153,sl,25
2023-05-14 03:15:00,2023-05-14 11:15:00,L,0.3662,0.3671,0.3643568434707183,0.37080789132320435,0.488,0.27,time,96
2023-05-14 13:00:00,2023-05-14 21:00:00,L,0.3679,0.3687,0.3657419408446547,0.3732951478883632,0.371,0.183,time,96
2023-05-14 21:30:00,2023-05-15 00:40:00,L,0.3696,0.3672639273664816,0.3672639273664816,0.3754401815837959,-1.0,-1.174,sl,38
2023-05-15 01:35:00,2023-05-15 09:35:00,L,0.3723,0.3725,0.36576601341761233,0.38863496645596923,0.031,-0.032,time,96
2023-05-15 14:55:00,2023-05-15 22:55:00,L,0.3709,0.3684,0.3672184446086383,0.3801038884784043,-0.679,-0.79,time,96
2023-05-15 23:50:00,2023-05-16 01:25:00,S,0.3671,0.36266471541081235,0.36887411383567503,0.36266471541081235,2.5,2.272,tp,19
2023-05-16 01:30:00,2023-05-16 08:10:00,S,0.3629,0.3687329123187549,0.3687329123187549,0.34831771920311283,-1.0,-1.068,sl,80
2023-05-16 09:20:00,2023-05-16 12:05:00,L,0.3696,0.36570225992416916,0.36570225992416916,0.379344350189577,-1.0,-1.104,sl,33
2023-05-16 12:35:00,2023-05-16 15:50:00,S,0.3657,0.367601890576014,0.367601890576014,0.3609452735599651,-1.0,-1.212,sl,39
2023-05-16 19:55:00,2023-05-16 21:55:00,S,0.3647,0.3671541030367135,0.3671541030367135,0.3585647424082164,-1.0,-1.163,sl,24
2023-05-17 00:05:00,2023-05-17 01:25:00,L,0.3672,0.37060921700614397,0.36583631319754245,0.37060921700614397,2.5,2.204,tp,16
2023-05-17 01:30:00,2023-05-17 07:55:00,L,0.3717,0.3659987666869203,0.3659987666869203,0.3859530832826992,-1.0,-1.072,sl,77
2023-05-17 08:00:00,2023-05-17 16:00:00,S,0.3664,0.3657,0.3697988335790344,0.357902916052414,0.206,0.087,time,96
2023-05-17 17:05:00,2023-05-17 19:05:00,L,0.3685,0.3757132149013532,0.3656147140394587,0.3757132149013532,2.5,2.36,tp,24
2023-05-17 19:10:00,2023-05-18 03:10:00,L,0.376,0.3773,0.3727102317317437,0.38422442067064067,0.395,0.269,time,96
2023-05-18 03:20:00,2023-05-18 11:20:00,L,0.3781,0.3787,0.37392120883475577,0.38854697791311055,0.144,0.044,time,96
2023-05-18 17:45:00,2023-05-19 01:45:00,S,0.3719,0.3704,0.3756117968868733,0.3626205077828168,0.404,0.294,time,96
2023-05-19 01:50:00,2023-05-19 09:50:00,S,0.3704,0.3696,0.3728824511849571,0.3641938720376072,0.322,0.158,time,96
2023-05-19 10:55:00,2023-05-19 12:00:00,S,0.3683,0.36994886124991844,0.36994886124991844,0.36417784687520394,-1.0,-1.246,sl,13
2023-05-19 14:15:00,2023-05-19 15:15:00,S,0.3681,0.37026122146207985,0.37026122146207985,0.3626969463448003,-1.0,-1.187,sl,12
2023-05-19 15:35:00,2023-05-19 23:35:00,S,0.3676,0.3683,0.3730688636758585,0.35392784081035367,-0.128,-0.202,time,96
2023-05-20 00:25:00,2023-05-20 07:35:00,S,0.3671,0.36344213409420256,0.36856314636231896,0.36344213409420256,2.5,2.224,tp,86
2023-05-20 07:40:00,2023-05-20 15:40:00,S,0.3641,0.3655,0.36617390635819197,0.35891523410452,-0.675,-0.868,time,96
2023-05-20 19:05:00,2023-05-21 00:45:00,S,0.3638,0.3667701671826639,0.3667701671826639,0.35637458204334027,-1.0,-1.135,sl,68
2023-05-21 02:30:00,2023-05-21 10:30:00,S,0.365,0.3641,0.36663598263993286,0.36091004340016786,0.55,0.305,time,96
2023-05-21 10:40:00,2023-05-21 10:50:00,S,0.3639,0.3618420451697251,0.36472318193210995,0.3618420451697251,2.5,2.014,tp,2
2023-05-21 10:55:00,2023-05-21 18:55:00,S,0.3617,0.3604,0.36476147872736164,0.35404630318159597,0.425,0.295,time,96
2023-05-21 21:10:00,2023-05-21 23:10:00,S,0.3573,0.36108969321074363,0.36108969321074363,0.34782576697314094,-1.0,-1.104,sl,24
2023-05-22 00:35:00,2023-05-22 02:40:00,S,0.358,0.3612776842336859,0.3612776842336859,0.3498057894157852,-1.0,-1.12,sl,25
2023-05-22 06:20:00,2023-05-22 09:00:00,L,0.3633,0.36818687494948793,0.36134525002020484,0.36818687494948793,2.5,2.296,tp,32
2023-05-22 09:05:00,2023-05-22 17:05:00,L,0.3686,0.3675,0.3619892853294968,0.3851267866762579,-0.166,-0.228,time,96
2023-05-22 20:50:00,2023-05-22 22:30:00,L,0.3691,0.3679479685587726,0.3679479685587726,0.3719800786030685,-1.0,-1.352,sl,20
2023-05-23 01:50:00,2023-05-23 09:50:00,L,0.3694,0.3695,0.3655118705380067,0.37912032365498327,0.026,-0.079,time,96
2023-05-23 11:30:00,2023-05-23 13:05:00,L,0.3708,0.3695626054213536,0.3695626054213536,0.373893486446616,-1.0,-1.33,sl,19
2023-05-23 14:20:00,2023-05-23 18:25:00,L,0.371,0.36851838642759605,0.36851838642759605,0.3772040339310099,-1.0,-1.164,sl,49
2023-05-23 20:10:00,2023-05-24 00:15:00,L,0.3722,0.36944517871996035,0.36944517871996035,0.37908705320009906,-1.0,-1.149,sl,49
2023-05-24 01:35:00,2023-05-24 03:35:00,S,0.368,0.36259829265953103,0.3701606829361876,0.36259829265953103,2.5,2.313,tp,24
2023-05-24 03:40:00,2023-05-24 11:40:00,S,0.3631,0.3648,0.369222857255122,0.34779285686219497,-0.278,-0.343,time,96
2023-05-24 12:05:00,2023-05-24 15:05:00,S,0.3645,0.3603550510875668,0.36615797956497326,0.3603550510875668,2.5,2.258,tp,36
2023-05-24 15:10:00,2023-05-24 19:30:00,S,0.3604,0.36410723647099014,0.36410723647099014,0.35113190882252465,-1.0,-1.107,sl,52
2023-05-25 00:45:00,2023-05-25 08:45:00,S,0.3611,0.3573,0.3646665113762567,0.3521837215593581,1.065,0.954,time,96
2023-05-25 11:40:00,2023-05-25 12:00:00,S,0.3565,0.35823778448167437,0.35823778448167437,0.352155538795814,-1.0,-1.226,sl,4
2023-05-25 17:20:00,2023-05-25 17:30:00,S,0.3554,0.35655427041089305,0.35655427041089305,0.3525143239727674,-1.0,-1.339,sl,2
2023-05-26 01:25:00,2023-05-26 09:25:00,S,0.3561,0.3577,0.3584784140445756,0.3501539648885611,-0.673,-0.837,time,96
2023-05-26 10:15:00,2023-05-26 12:30:00,S,0.3568,0.3580372629370807,0.3580372629370807,0.35370684265729824,-1.0,-1.317,sl,27
2023-05-26 12:35:00,2023-05-26 13:00:00,S,0.3563,0.35756143809486607,0.35756143809486607,0.3531464047628349,-1.0,-1.311,sl,5
2023-05-26 14:20:00,2023-05-26 18:20:00,L,0.3595,0.3651647507149779,0.3572340997140088,0.3651647507149779,2.5,2.325,tp,48
2023-05-26 18:50:00,2023-05-27 02:50:00,L,0.3653,0.3637,0.3580602143853637,0.38339946403659086,-0.221,-0.277,time,96
2023-05-27 02:55:00,2023-05-27 03:40:00,L,0.3637,0.365792952753741,0.36286281889850364,0.365792952753741,2.5,2.022,tp,9
2023-05-27 03:45:00,2023-05-27 08:10:00,L,0.3666,0.36292591533737956,0.36292591533737956,0.37578521165655104,-1.0,-1.11,sl,53
2023-05-27 14:00:00,2023-05-27 18:30:00,S,0.3616,0.36427551518759854,0.36427551518759854,0.35491121203100356,-1.0,-1.149,sl,54
2023-05-27 21:05:00,2023-05-28 00:40:00,L,0.3656,0.368421884369316,0.36447124625227356,0.368421884369316,2.5,2.144,tp,43
2023-05-28 00:45:00,2023-05-28 08:45:00,L,0.3685,0.3702,0.3658286222333704,0.3751784444165739,0.636,0.485,time,96
2023-05-28 08:55:00,2023-05-28 16:55:00,L,0.3741,0.3761,0.36643712806229245,0.39325717984426883,0.261,0.207,time,96
2023-05-28 18:25:00,2023-05-29 01:15:00,L,0.3787,0.38614923488015207,0.37572030604793916,0.38614923488015207,2.5,2.36,tp,82
2023-05-29 01:20:00,2023-05-29 02:25:00,L,0.3857,0.382911788453589,0.382911788453589,0.3926705288660275,-1.0,-1.152,sl,13
2023-05-29 15:50:00,2023-05-29 23:50:00,L,0.3798,0.3787,0.3751562201341199,0.39140944966470026,-0.237,-0.327,time,96
2023-05-30 02:00:00,2023-05-30 05:10:00,L,0.3803,0.37855726871443673,0.37855726871443673,0.38465682821390823,-1.0,-1.24,sl,38
2023-05-30 10:35:00,2023-05-30 12:25:00,L,0.3821,0.38034141421335943,0.38034141421335943,0.3864964644666014,-1.0,-1.239,sl,22
2023-05-30 14:05:00,2023-05-30 22:05:00,S,0.3781,0.3773,0.38086652099981777,0.37118369750045555,0.289,0.139,time,96
2023-05-31 01:25:00,2023-05-31 02:00:00,L,0.3801,0.37764933941545836,0.37764933941545836,0.38622665146135404,-1.0,-1.171,sl,7
2023-05-31 02:10:00,2023-05-31 10:10:00,S,0.3766,0.3739,0.38079626715896875,0.3661093321025781,0.643,0.545,time,96
2023-05-31 10:50:00,2023-05-31 13:10:00,S,0.373,0.37495888632901847,0.37495888632901847,0.3681027841774538,-1.0,-1.209,sl,28
2023-05-31 14:20:00,2023-05-31 19:40:00,S,0.3716,0.37549595295129723,0.37549595295129723,0.36186011762175685,-1.0,-1.105,sl,64
2023-05-31 23:20:00,2023-06-01 02:40:00,S,0.3738,0.3679600996838419,0.3761359601264633,0.3679600996838419,2.5,2.324,tp,40
2023-06-01 02:45:00,2023-06-01 10:45:00,S,0.3679,0.3621,0.3718779979298961,0.3579550051752597,1.458,1.356,time,96
2023-06-01 19:35:00,2023-06-02 02:05:00,S,0.3638,0.36698414307523863,0.36698414307523863,0.35583964231190346,-1.0,-1.126,sl,78
2023-06-02 02:10:00,2023-06-02 10:10:00,L,0.3677,0.3733,0.3643293556313951,0.3761266109215123,1.661,1.541,time,96
2023-06-02 10:45:00,2023-06-02 13:55:00,L,0.3765,0.3730158962057006,0.3730158962057006,0.38521025948574855,-1.0,-1.119,sl,38
2023-06-02 18:45:00,2023-06-03 02:00:00,L,0.377,0.3747504497178632,0.3747504497178632,0.382623875705342,-1.0,-1.184,sl,87
2023-06-03 06:55:00,2023-06-03 07:40:00,L,0.3775,0.3760650260673525,0.3760650260673525,0.3810874348316188,-1.0,-1.289,sl,9
2023-06-03 19:25:00,2023-06-04 00:00:00,S,0.3737,0.37594676274926386,0.37594676274926386,0.3680830931268403,-1.0,-1.183,sl,55
2023-06-04 00:05:00,2023-06-04 01:00:00,L,0.3759,0.37486482928193327,0.37486482928193327,0.37848792679516685,-1.0,-1.399,sl,11
2023-06-04 01:20:00,2023-06-04 09:20:00,L,0.3771,0.3811,0.37443210899079044,0.38376972752302385,1.499,1.344,time,96
2023-06-04 23:30:00,2023-06-05 07:30:00,S,0.3778,0.3752,0.38179547688391213,0.36781130779021975,0.651,0.547,time,96
2023-06-05 09:20:00,2023-06-05 15:00:00,S,0.3736,0.36975205840214515,0.3751391766391419,0.36975205840214515,2.5,2.233,tp,68
2023-06-05 15:05:00,2023-06-05 15:50:00,S,0.3707,0.3636955179751692,0.3735017928099323,0.3636955179751692,2.5,2.354,tp,9
2023-06-05 15:55:00,2023-06-05 23:55:00,S,0.3629,0.351,0.3736062541276954,0.3361343646807615,1.111,1.074,time,96
2023-06-06 01:15:00,2023-06-06 04:55:00,S,0.3485,0.3516658839024002,0.3516658839024002,0.34058529024399936,-1.0,-1.121,sl,44
2023-06-06 12:15:00,2023-06-06 17:25:00,S,0.3474,0.354533078065593,0.354533078065593,0.3295673048360175,-1.0,-1.054,sl,62
2023-06-06 20:55:00,2023-06-07 04:55:00,S,0.3524,0.3465,0.3570128779013175,0.3408678052467061,1.279,1.195,time,96
2023-06-07 06:50:00,2023-06-07 09:55:00,S,0.3435,0.33630469446722444,0.34637812221311026,0.33630469446722444,2.5,2.369,tp,37
2023-06-07 10:00:00,2023-06-07 16:00:00,S,0.337,0.32393823407410505,0.342224706370358,0.32393823407410505,2.5,2.429,tp,72
2023-06-07 16:05:00,2023-06-08 00:05:00,S,0.3259,0.3209,0.33067245635452885,0.31396885911367794,1.048,0.973,time,96
2023-06-08 16:45:00,2023-06-09 00:45:00,S,0.3246,0.3217,0.32989278375554687,0.3113680406111328,0.548,0.48,time,96
2023-06-09 02:10:00,2023-06-09 07:30:00,S,0.3206,0.3128778897037191,0.32368884411851234,0.3128778897037191,2.5,2.386,tp,64
2023-06-09 07:35:00,2023-06-09 11:55:00,S,0.3139,0.3181058227146603,0.3181058227146603,0.30338544321334926,-1.0,-1.082,sl,52
2023-06-09 14:45:00,2023-06-09 17:10:00,S,0.316,0.30593990867743126,0.3200240365290275,0.30593990867743126,2.5,2.414,tp,29
2023-06-09 17:15:00,2023-06-09 23:15:00,S,0.306,0.28937827681631834,0.31264868927347267,0.28937827681631834,2.5,2.449,tp,72
2023-06-09 23:20:00,2023-06-10 04:20:00,S,0.291,0.26743906565056913,0.3004243737397723,0.26743906565056913,2.5,2.466,tp,60
2023-06-10 04:25:00,2023-06-10 12:25:00,S,0.237,0.248,0.2832151905985866,0.12146202350353352,-0.238,-0.244,time,96
2023-06-11 00:55:00,2023-06-11 08:55:00,S,0.2684,0.2603,0.27677202900120673,0.24746992749698327,0.968,0.932,time,96
2023-06-11 09:10:00,2023-06-11 10:15:00,S,0.2598,0.2640233101935185,0.2640233101935185,0.2492417245162037,-1.0,-1.068,sl,13
2023-06-11 13:55:00,2023-06-11 17:05:00,S,0.2651,0.2695641446050824,0.2695641446050824,0.25393963848729406,-1.0,-1.065,sl,38
2023-06-11 19:20:00,2023-06-11 20:10:00,L,0.272,0.27930843480609535,0.2690766260775619,0.27930843480609535,2.5,2.398,tp,10
2023-06-11 20:15:00,2023-06-12 00:05:00,L,0.2787,0.2701046046203818,0.2701046046203818,0.30018848844904544,-1.0,-1.036,sl,46
2023-06-12 00:10:00,2023-06-12 00:55:00,S,0.2713,0.2738129444885214,0.2738129444885214,0.26501763877869644,-1.0,-1.119,sl,9
2023-06-12 02:30:00,2023-06-12 04:40:00,S,0.2679,0.27371220591244766,0.27371220591244766,0.2533694852188809,-1.0,-1.051,sl,26
2023-06-12 06:10:00,2023-06-12 06:25:00,L,0.2733,0.2788970386401313,0.27106118454394745,0.2788970386401313,2.5,2.366,tp,3
2023-06-12 06:30:00,2023-06-12 14:30:00,L,0.2795,0.2807,0.27101812803475916,0.3007046799131022,0.141,0.105,time,96
2023-06-12 16:05:00,2023-06-13 00:05:00,S,0.2764,0.2744,0.2804216880381131,0.2663457799047171,0.497,0.422,time,96
2023-06-13 06:10:00,2023-06-13 14:05:00,L,0.2802,0.2763952039252407,0.2763952039252407,0.2897119901868983,-1.0,-1.081,sl,95
2023-06-13 14:10:00,2023-06-13 22:10:00,S,0.2758,0.2738,0.2813733457485105,0.2618666356287238,0.359,0.304,time,96
2023-06-14 02:10:00,2023-06-14 05:30:00,L,0.2761,0.2744315815531792,0.2744315815531792,0.280271046117052,-1.0,-1.182,sl,40
2023-06-14 05:35:00,2023-06-14 12:15:00,S,0.2739,0.27626241597230916,0.27626241597230916,0.26799396006922704,-1.0,-1.128,sl,80
2023-06-14 12:20:00,2023-06-14 13:05:00,L,0.2764,0.27443804315637693,0.27443804315637693,0.2813048921090576,-1.0,-1.155,sl,9
2023-06-14 13:35:00,2023-06-14 20:05:00,S,0.2741,0.2664020520077711,0.27717917919689156,0.2664020520077711,2.5,2.402,tp,78
2023-06-14 20:10:00,2023-06-15 04:10:00,S,0.2642,0.2621,0.2752477890038595,0.23658052749035124,0.19,0.164,time,96
2023-06-15 06:35:00,2023-06-15 13:15:00,S,0.2567,0.26041096261136804,0.26041096261136804,0.24742259347157985,-1.0,-1.076,sl,80
2023-06-15 16:05:00,2023-06-15 19:00:00,S,0.2572,0.260785623595839,0.260785623595839,0.24823594101040242,-1.0,-1.079,sl,35
2023-06-16 00:20:00,2023-06-16 01:35:00,S,0.2605,0.2620684420151596,0.2620684420151596,0.256578894962101,-1.0,-1.183,sl,15
2023-06-16 07:45:00,2023-06-16 11:15:00,S,0.2621,0.2579756198299352,0.2637497520680259,0.2579756198299352,2.5,2.325,tp,42
2023-06-16 11:20:00,2023-06-16 16:50:00,S,0.2583,0.26078370572272036,0.26078370572272036,0.252090735693199,-1.0,-1.114,sl,66
2023-06-16 17:10:00,2023-06-17 01:10:00,L,0.2623,0.261,0.2581958672427992,0.27256033189300194,-0.317,-0.387,time,96
2023-06-17 01:50:00,2023-06-17 03:00:00,S,0.2613,0.26256728831555565,0.26256728831555565,0.2581317792111108,-1.0,-1.227,sl,14
2023-06-17 04:50:00,2023-06-17 05:40:00,L,0.2634,0.2677578145784687,0.26165687416861255,0.2677578145784687,2.5,2.334,tp,10
2023-06-17 05:45:00,2023-06-17 13:45:00,L,0.2705,0.2683,0.26264479130993473,0.29013802172516323,-0.28,-0.318,time,96
2023-06-17 17:20:00,2023-06-17 20:30:00,L,0.2681,0.266039504970914,0.266039504970914,0.273251237572715,-1.0,-1.143,sl,38
2023-06-18 00:20:00,2023-06-18 01:55:00,S,0.2661,0.26766632032084037,0.26766632032084037,0.2621841991978991,-1.0,-1.187,sl,19
2023-06-18 02:00:00,2023-06-18 10:00:00,L,0.2678,0.2674,0.26443854838971625,0.2762036290257093,-0.119,-0.207,time,96
2023-06-18 16:25:00,2023-06-18 20:10:00,L,0.2685,0.26603802517017444,0.26603802517017444,0.27465493707456395,-1.0,-1.12,sl,45
2023-06-18 20:15:00,2023-06-18 20:20:00,S,0.2659,0.25971383668354786,0.2683744653265809,0.25971383668354786,2.5,2.382,tp,1
2023-06-18 20:25:00,2023-06-19 04:25:00,S,0.2617,0.2605,0.2684556650675207,0.24481083733119816,0.178,0.135,time,96
2023-06-19 07:40:00,2023-06-19 15:40:00,S,0.2603,0.2589,0.2620397876322377,0.2559505309194057,0.805,0.64,time,96
2023-06-19 16:35:00,2023-06-19 17:05:00,S,0.2574,0.2592569732075566,0.2592569732075566,0.25275756698110863,-1.0,-1.152,sl,6
2023-06-20 02:00:00,2023-06-20 10:00:00,S,0.2601,0.2582,0.26479173023727404,0.2483706744068149,0.405,0.344,time,96
2023-06-20 14:00:00,2023-06-20 16:45:00,S,0.2577,0.2602848340566373,0.2602848340566373,0.25123791485840663,-1.0,-1.11,sl,33
2023-06-20 17:10:00,2023-06-21 01:00:00,L,0.2614,0.2747133692244336,0.2560746523102266,0.2747133692244336,2.5,2.446,tp,94
2023-06-21 01:05:00,2023-06-21 09:05:00,L,0.2749,0.2786,0.2682316355501753,0.2915709111245616,0.555,0.51,time,96
2023-06-21 10:15:00,2023-06-21 10:30:00,L,0.2797,0.2780335440512284,0.2780335440512284,0.2838661398719291,-1.0,-1.185,sl,3
2023-06-21 10:35:00,2023-06-21 14:35:00,L,0.2768,0.2809999024836046,0.2751200390065581,0.2809999024836046,2.5,2.319,tp,48
2023-06-21 14:40:00,2023-06-21 22:40:00,L,0.2811,0.2862,0.27646794332470087,0.29268014168824785,1.101,1.034,time,96
2023-06-21 23:00:00,2023-06-22 01:35:00,L,0.2875,0.2969543140458054,0.2837182743816778,0.2969543140458054,2.5,2.416,tp,31
2023-06-22 01:40:00,2023-06-22 09:40:00,L,0.2971,0.3023,0.28942049927036406,0.31629875182408973,0.677,0.635,time,96
2023-06-22 18:00:00,2023-06-22 22:45:00,L,0.2931,0.28992195009819605,0.28992195009819605,0.30104512475450995,-1.0,-1.101,sl,57
2023-06-23 01:00:00,2023-06-23 02:10:00,L,0.293,0.2893105185731023,0.2893105185731023,0.30222370356724415,-1.0,-1.087,sl,14
2023-06-23 05:05:00,2023-06-23 05:15:00,L,0.2936,0.2919480331438126,0.2919480331438126,0.29772991714046854,-1.0,-1.196,sl,2
2023-06-23 08:15:00,2023-06-23 12:20:00,L,0.2937,0.29033370375540235,0.29033370375540235,0.30211574061149415,-1.0,-1.096,sl,49
2023-06-23 13:50:00,2023-06-23 14:50:00,S,0.2873,0.29161063140132,0.29161063140132,0.27652342149670006,-1.0,-1.073,sl,12
2023-06-23 15:10:00,2023-06-23 23:10:00,L,0.2929,0.2958,0.2869740956863495,0.3077147607841262,0.489,0.435,time,96
2023-06-24 06:00:00,2023-06-24 06:20:00,L,0.2967,0.2943394549389743,0.2943394549389743,0.3026013626525643,-1.0,-1.138,sl,4
2023-06-24 13:10:00,2023-06-24 15:30:00,S,0.2932,0.28503978752255466,0.29646408499097815,0.28503978752255466,2.5,2.401,tp,28
2023-06-24 15:35:00,2023-06-24 19:15:00,S,0.287,0.29346393162867906,0.29346393162867906,0.27084017092830226,-1.0,-1.049,sl,44
2023-06-25 02:05:00,2023-06-25 08:20:00,L,0.2925,0.3034643570265271,0.28811425718938916,0.3034643570265271,2.5,2.427,tp,75
2023-06-25 08:25:00,2023-06-25 13:25:00,L,0.3043,0.29384062312954096,0.29384062312954096,0.33044844217614766,-1.0,-1.032,sl,60
2023-06-25 15:05:00,2023-06-25 23:05:00,S,0.2932,0.2928,0.29582655749723036,0.28663360625692413,0.152,0.029,time,96
2023-06-26 00:05:00,2023-06-26 08:05:00,S,0.2904,0.2896,0.2932747498270441,0.28321312543238975,0.278,0.167,time,96
2023-06-26 14:45:00,2023-06-26 22:45:00,S,0.2868,0.2801,0.2921350267522431,0.2734624331193922,1.256,1.197,time,96
2023-06-27 05:30:00,2023-06-27 07:35:00,S,0.2802,0.28255702440522407,0.28255702440522407,0.2743074389869399,-1.0,-1.131,sl,25
2023-06-27 15:15:00,2023-06-27 19:50:00,S,0.2825,0.2856913004559091,0.2856913004559091,0.27452174886022707,-1.0,-1.097,sl,55
2023-06-27 20:15:00,2023-06-28 00:05:00,L,0.2859,0.2839352411907531,0.2839352411907531,0.29081189702311727,-1.0,-1.16,sl,46
2023-06-28 00:10:00,2023-06-28 06:05:00,S,0.2843,0.2775644663475849,0.28699421346096604,0.2775644663475849,2.5,2.384,tp,71
2023-06-28 06:10:00,2023-06-28 07:30:00,S,0.2785,0.2740712213336782,0.28027151146652873,0.2740712213336782,2.5,2.327,tp,16
2023-06-28 07:35:00,2023-06-28 15:35:00,S,0.2729,0.2749,0.2793621827774768,0.2567445430563079,-0.309,-0.356,time,96
2023-06-28 17:40:00,2023-06-28 19:30:00,S,0.27,0.25965138498178264,0.27413944600728696,0.25965138498178264,2.5,2.428,tp,22
2023-06-28 19:35:00,2023-06-29 03:35:00,S,0.2649,0.2698,0.2720220355512972,0.24709491112175702,-0.688,-0.729,time,96
2023-06-29 10:30:00,2023-06-29 13:55:00,L,0.2757,0.27321482972414757,0.27321482972414757,0.2819129256896311,-1.0,-1.122,sl,41
2023-06-29 14:55:00,2023-06-29 22:55:00,S,0.2725,0.2748,0.2762022879270853,0.26324428018228685,-0.621,-0.702,time,96
2023-06-30 01:25:00,2023-06-30 02:05:00,S,0.2734,0.2762960032152567,0.2762960032152567,0.26615999196185813,-1.0,-1.104,sl,8
2023-06-30 02:15:00,2023-06-30 10:00:00,L,0.2774,0.28988717547079823,0.2724051298116807,0.28988717547079823,2.5,2.439,tp,93
2023-06-30 10:05:00,2023-06-30 13:35:00,L,0.2912,0.28576066961318863,0.28576066961318863,0.3047983259670285,-1.0,-1.059,sl,42
2023-06-30 13:40:00,2023-06-30 21:40:00,S,0.2878,0.2872,0.2991717610992889,0.2593705972517778,0.053,0.025,time,96
2023-06-30 22:05:00,2023-07-01 04:15:00,L,0.288,0.28422303577541136,0.28422303577541136,0.2974424105614715,-1.0,-1.084,sl,74
2023-07-01 12:20:00,2023-07-01 13:20:00,L,0.2884,0.29229845942929333,0.28684061622828266,0.29229845942929333,2.5,2.297,tp,12
2023-07-01 13:25:00,2023-07-01 16:10:00,L,0.2924,0.2880038350203553,0.2880038350203553,0.3033904124491117,-1.0,-1.073,sl,33
2023-07-01 20:55:00,2023-07-02 04:55:00,L,0.2904,0.29,0.2875538633986918,0.2975153415032704,-0.141,-0.253,time,96
2023-07-02 12:05:00,2023-07-02 15:20:00,L,0.2907,0.28785589085370006,0.28785589085370006,0.2978102728657499,-1.0,-1.112,sl,39
2023-07-02 20:50:00,2023-07-03 02:30:00,L,0.2899,0.29450981552304284,0.28805607379078285,0.29450981552304284,2.5,2.327,tp,68
2023-07-03 02:35:00,2023-07-03 06:30:00,L,0.2945,0.2908265174073547,0.2908265174073547,0.30368370648161314,-1.0,-1.088,sl,47
2023-07-03 09:15:00,2023-07-03 09:55:00,L,0.2959,0.29312527787841336,0.29312527787841336,0.3028368053039666,-1.0,-1.117,sl,8
2023-07-03 15:35:00,2023-07-03 16:05:00,L,0.2956,0.29151172345428816,0.29151172345428816,0.3058206913642795,-1.0,-1.08,sl,6
2023-07-03 17:35:00,2023-07-04 01:35:00,L,0.2956,0.2974,0.2921189134724752,0.3043027163188119,0.517,0.424,time,96
2023-07-04 15:40:00,2023-07-04 21:50:00,S,0.2932,0.29558548512376237,0.29558548512376237,0.28723628719059413,-1.0,-1.135,sl,74
2023-07-04 21:55:00,2023-07-04 22:45:00,L,0.2958,0.2936599274084608,0.2936599274084608,0.301150181478848,-1.0,-1.152,sl,10
2023-07-04 23:50:00,2023-07-05 05:45:00,S,0.2926,0.2950596884918101,0.2950596884918101,0.28645077877047487,-1.0,-1.131,sl,71
2023-07-05 05:55:00,2023-07-05 08:15:00,L,0.2954,0.2929470163774467,0.2929470163774467,0.30153245905638326,-1.0,-1.132,sl,28
2023-07-05 09:50:00,2023-07-05 10:35:00,S,0.2923,0.2848709429865256,0.29527162280538977,0.2848709429865256,2.5,2.392,tp,9
2023-07-05 10:40:00,2023-07-05 18:40:00,S,0.2858,0.2836,0.29319297765581553,0.26731755586046113,0.298,0.255,time,96
2023-07-05 20:10:00,2023-07-05 22:15:00,S,0.2822,0.284365790954811,0.284365790954811,0.2767855226129725,-1.0,-1.143,sl,25
2023-07-06 01:10:00,2023-07-06 02:10:00,S,0.2821,0.2844723344393028,0.2844723344393028,0.27616916390174306,-1.0,-1.131,sl,12
2023-07-06 06:05:00,2023-07-06 07:00:00,L,0.2853,0.29098985132926014,0.28302405946829595,0.29098985132926014,2.5,2.362,tp,11
2023-07-06 09:05:00,2023-07-06 11:55:00,L,0.2911,0.28719809918705946,0.28719809918705946,0.30085475203235146,-1.0,-1.082,sl,34
2023-07-06 12:00:00,2023-07-06 14:25:00,S,0.2877,0.2774303236034972,0.29180787055860113,0.2774303236034972,2.5,2.423,tp,29
2023-07-06 14:30:00,2023-07-06 18:10:00,S,0.2765,0.2868964734343914,0.2868964734343914,0.25050881641402156,-1.0,-1.029,sl,44
2023-07-06 21:25:00,2023-07-07 05:25:00,S,0.2819,0.2812,0.28469612409612116,0.27490968975969704,0.25,0.139,time,96
2023-07-07 08:05:00,2023-07-07 10:00:00,S,0.2789,0.2820001444917695,0.2820001444917695,0.27114963877057613,-1.0,-1.099,sl,23
2023-07-07 18:45:00,2023-07-07 21:10:00,S,0.2821,0.2838575783934894,0.2838575783934894,0.27770605401627657,-1.0,-1.177,sl,29
2023-07-07 22:55:00,2023-07-08 03:50:00,L,0.2845,0.28275408213589087,0.28275408213589087,0.2888647946602727,-1.0,-1.179,sl,59
2023-07-08 03:55:00,2023-07-08 06:55:00,S,0.2831,0.2850455664689578,0.2850455664689578,0.27823608382760556,-1.0,-1.16,sl,36
2023-07-08 07:00:00,2023-07-08 15:00:00,L,0.2851,0.2871,0.28254116486305103,0.2914970878423725,0.782,0.659,time,96
2023-07-08 15:25:00,2023-07-08 23:25:00,L,0.289,0.29,0.28602947661868877,0.296426308453278,0.337,0.23,time,96
2023-07-09 00:10:00,2023-07-09 04:00:00,L,0.291,0.28925350313516995,0.28925350313516995,0.2953662421620751,-1.0,-1.183,sl,46
2023-07-09 06:05:00,2023-07-09 14:05:00,S,0.2873,0.2848,0.2885438990646755,0.2841902523383113,2.01,1.756,time,96
2023-07-09 14:30:00,2023-07-09 19:05:00,L,0.2874,0.28421511632198154,0.28421511632198154,0.2953622091950461,-1.0,-1.099,sl,55
2023-07-09 19:20:00,2023-07-10 00:10:00,S,0.284,0.2801429833623814,0.2855428066550474,0.2801429833623814,2.5,2.298,tp,58
2023-07-10 00:15:00,2023-07-10 03:00:00,S,0.2798,0.2853234580924625,0.2853234580924625,0.2659913547688437,-1.0,-1.056,sl,33
2023-07-10 06:05:00,2023-07-10 09:20:00,S,0.2825,0.28616811822315247,0.28616811822315247,0.27332970444211874,-1.0,-1.085,sl,39
2023-07-10 09:25:00,2023-07-10 17:25:00,L,0.2856,0.2881,0.2796849601739596,0.3003875995651011,0.423,0.37,time,96
2023-07-10 18:05:00,2023-07-10 18:40:00,L,0.2869,0.29012683282059215,0.28560926687176313,0.29012683282059215,2.5,2.255,tp,7
2023-07-10 18:45:00,2023-07-10 22:00:00,L,0.2903,0.28652301957804344,0.28652301957804344,0.2997424510548914,-1.0,-1.085,sl,39
2023-07-11 01:05:00,2023-07-11 09:05:00,L,0.2897,0.2913,0.28731658420801864,0.29565853947995346,0.671,0.538,time,96
2023-07-11 12:35:00,2023-07-11 13:40:00,L,0.2918,0.29045213220642885,0.29045213220642885,0.29516966948392787,-1.0,-1.238,sl,13
2023-07-11 21:50:00,2023-07-12 00:10:00,L,0.291,0.29486331672200905,0.28945467331119634,0.29486331672200905,2.5,2.293,tp,28
2023-07-12 00:15:00,2023-07-12 08:15:00,L,0.2945,0.293,0.29202719948873157,0.300682001278171,-0.607,-0.738,time,96
2023-07-12 12:35:00,2023-07-12 13:35:00,L,0.2924,0.29080367505065563,0.29080367505065563,0.2963908123733609,-1.0,-1.201,sl,12
2023-07-12 16:05:00,2023-07-13 00:05:00,S,0.2899,0.2883,0.29347762675107975,0.2809559331223006,0.447,0.358,time,96
2023-07-13 01:15:00,2023-07-13 09:15:00,S,0.2866,0.2872,0.2887424893798239,0.28124377655044036,-0.28,-0.427,time,96
2023-07-13 11:00:00,2023-07-13 12:30:00,L,0.2891,0.28805485144765275,0.28805485144765275,0.2917128713808682,-1.0,-1.304,sl,18
2023-07-13 15:35:00,2023-07-13 17:15:00,L,0.2975,0.3222082954565528,0.28761668181737887,0.3222082954565528,2.5,2.467,tp,20
2023-07-13 17:20:00,2023-07-13 18:20:00,L,0.3238,0.3548859713169087,0.3113656114732365,0.3548859713169087,2.5,2.471,tp,12
2023-07-13 18:25:00,2023-07-14 02:25:00,L,0.355,0.3567,0.32158088559927545,0.4385477860018113,0.051,0.039,time,96
2023-07-14 04:30:00,2023-07-14 05:15:00,L,0.3662,0.3575154324127414,0.3575154324127414,0.3879114189681465,-1.0,-1.046,sl,9
2023-07-14 18:20:00,2023-07-15 02:20:00,S,0.3284,0.3261,0.3378679526188623,0.30473011845284426,0.243,0.205,time,96
2023-07-15 06:20:00,2023-07-15 14:20:00,L,0.3328,0.3314,0.3269919707371376,0.34732007315715596,-0.241,-0.304,time,96
2023-07-15 16:50:00,2023-07-15 18:35:00,S,0.3285,0.3319108330683445,0.3319108330683445,0.3199729173291388,-1.0,-1.106,sl,21
2023-07-15 18:40:00,2023-07-15 20:05:00,L,0.3321,0.3280985664198398,0.3280985664198398,0.3421035839504005,-1.0,-1.091,sl,17
2023-07-15 20:10:00,2023-07-16 02:20:00,S,0.3285,0.3198098769609374,0.33197604921562507,0.3198098769609374,2.5,2.396,tp,74
2023-07-16 02:25:00,2023-07-16 10:25:00,S,0.3199,0.3235,0.32705842671796936,0.3020039332050767,-0.503,-0.552,time,96
2023-07-16 13:20:00,2023-07-16 14:25:00,S,0.3196,0.3234823998925299,0.3234823998925299,0.3098940002686752,-1.0,-1.091,sl,13
2023-07-16 18:40:00,2023-07-17 02:40:00,S,0.3184,0.3171,0.3231372991543536,0.30655675211411615,0.274,0.2,time,96
2023-07-17 09:15:00,2023-07-17 17:15:00,S,0.3132,0.3091,0.31902283646766627,0.2986429088308342,0.704,0.645,time,96
2023-07-17 17:20:00,2023-07-18 01:20:00,S,0.3091,0.3122,0.3158645762019027,0.29218855949524314,-0.458,-0.509,time,96
2023-07-18 02:40:00,2023-07-18 10:40:00,S,0.3099,0.3069,0.3135782247120153,0.3007044382199618,0.816,0.723,time,96
2023-07-18 11:55:00,2023-07-18 19:55:00,S,0.3044,0.3036,0.3089990515906478,0.29290237102338057,0.174,0.101,time,96
2023-07-18 20:35:00,2023-07-18 22:55:00,S,0.3032,0.305877756310899,0.305877756310899,0.29650560922275265,-1.0,-1.125,sl,28
2023-07-19 00:20:00,2023-07-19 03:35:00,L,0.3096,0.32242198263800104,0.30447120694479957,0.32242198263800104,2.5,2.434,tp,39
2023-07-19 03:40:00,2023-07-19 07:45:00,L,0.3228,0.3150344791220533,0.3150344791220533,0.3422138021948667,-1.0,-1.046,sl,49
2023-07-19 10:05:00,2023-07-19 14:30:00,L,0.3172,0.3120893229417249,0.3120893229417249,0.32997669264568763,-1.0,-1.068,sl,53
2023-07-19 14:40:00,2023-07-19 18:20:00,S,0.3116,0.31893315883171386,0.31893315883171386,0.29326710292071534,-1.0,-1.047,sl,44
2023-07-19 18:25:00,2023-07-20 02:25:00,L,0.3203,0.3298,0.31082333581307836,0.343991660467304,1.002,0.965,time,96
2023-07-20 10:40:00,2023-07-20 14:20:00,L,0.3273,0.32300885307315563,0.32300885307315563,0.3380278673171109,-1.0,-1.084,sl,44
2023-07-20 14:35:00,2023-07-20 22:35:00,S,0.3226,0.3168,0.3280220010744375,0.3090449973139062,1.07,1.004,time,96
2023-07-21 00:35:00,2023-07-21 02:15:00,S,0.3138,0.3167807055386774,0.3167807055386774,0.30634823615330664,-1.0,-1.116,sl,20
2023-07-21 05:20:00,2023-07-21 09:55:00,S,0.3149,0.3107853043621319,0.31654587825514724,0.3107853043621319,2.5,2.29,tp,55
2023-07-21 10:00:00,2023-07-21 12:00:00,S,0.3105,0.3134793688627087,0.3134793688627087,0.3030515778432282,-1.0,-1.115,sl,24
2023-07-21 16:20:00,2023-07-21 17:05:00,S,0.313,0.31466125123490707,0.31466125123490707,0.3088468719127323,-1.0,-1.207,sl,9
2023-07-21 19:15:00,2023-07-22 03:15:00,S,0.3122,0.3138,0.3175085452662458,0.2989286368343855,-0.301,-0.366,time,96
2023-07-22 05:35:00,2023-07-22 10:00:00,S,0.3122,0.30708378770797806,0.31424648491680873,0.30708378770797806,2.5,2.332,tp,53
2023-07-22 10:05:00,2023-07-22 15:45:00,S,0.3091,0.3131282502783721,0.3131282502783721,0.29902937430406973,-1.0,-1.084,sl,68
2023-07-22 18:15:00,2023-07-23 01:25:00,S,0.3108,0.31365650900462466,0.31365650900462466,0.3036587274884384,-1.0,-1.12,sl,86
2023-07-23 01:30:00,2023-07-23 09:30:00,L,0.3129,0.3158,0.30658818486530093,0.32867953783674775,0.459,0.405,time,96
2023-07-23 17:20:00,2023-07-23 19:05:00,L,0.3159,0.3187790848235159,0.31474836607059364,0.3187790848235159,2.5,2.198,tp,21
2023-07-23 19:10:00,2023-07-23 19:35:00,L,0.3184,0.31673754962634415,0.31673754962634415,0.3225561259341397,-1.0,-1.211,sl,5
2023-07-24 01:40:00,2023-07-24 09:40:00,S,0.3145,0.3139,0.31898011322455,0.303299716938625,0.134,0.057,time,96
2023-07-24 09:55:00,2023-07-24 17:55:00,S,0.3045,0.3035,0.3148105827205867,0.2787235431985332,0.097,0.065,time,96
2023-07-25 03:25:00,2023-07-25 09:35:00,S,0.3034,0.306064004224858,0.306064004224858,0.29673998943785496,-1.0,-1.125,sl,74
2023-07-25 11:55:00,2023-07-25 12:25:00,S,0.303,0.30444770774531255,0.30444770774531255,0.2993807306367186,-1.0,-1.23,sl,6
2023-07-25 20:00:00,2023-07-25 22:45:00,S,0.3031,0.3045483301793034,0.3045483301793034,0.29947917455174144,-1.0,-1.23,sl,33
2023-07-26 09:55:00,2023-07-26 12:55:00,S,0.3008,0.30266128807021236,0.30266128807021236,0.29614677982446913,-1.0,-1.178,sl,36
2023-07-26 15:20:00,2023-07-26 20:40:00,L,0.3045,0.3099000356652012,0.3023399857339195,0.3099000356652012,2.5,2.345,tp,64
2023-07-26 20:45:00,2023-07-26 23:40:00,L,0.3091,0.3058750757248101,0.3058750757248101,0.31716231068797474,-1.0,-1.105,sl,35
2023-07-27 02:50:00,2023-07-27 09:25:00,L,0.309,0.31337513740549994,0.3072499450378,0.31337513740549994,2.5,2.306,tp,79
2023-07-27 09:30:00,2023-07-27 10:30:00,L,0.313,0.31104740012989895,0.31104740012989895,0.3178814996752526,-1.0,-1.176,sl,12
2023-07-27 18:40:00,2023-07-28 00:20:00,S,0.3059,0.3089742877040251,0.3089742877040251,0.29821428073993733,-1.0,-1.109,sl,68
2023-07-28 00:25:00,2023-07-28 05:40:00,L,0.3088,0.3066548558462943,0.3066548558462943,0.3141628603842643,-1.0,-1.158,sl,63
2023-07-28 05:45:00,2023-07-28 08:25:00,S,0.3064,0.3089589276834716,0.3089589276834716,0.300002680791321,-1.0,-1.132,sl,32
2023-07-28 08:30:00,2023-07-28 16:30:00,L,0.3089,0.3115,0.306845544441796,0.31403613889550996,1.266,1.1,time,96
2023-07-29 01:45:00,2023-07-29 08:45:00,L,0.3113,0.31016590748555106,0.31016590748555106,0.3141352312861224,-1.0,-1.302,sl,84
2023-07-29 10:10:00,2023-07-29 15:15:00,S,0.3089,0.3111508999631511,0.3111508999631511,0.3032727500921223,-1.0,-1.151,sl,61
2023-07-29 15:20:00,2023-07-29 23:20:00,L,0.3112,0.313,0.30966566704499005,0.3150358323875248,1.173,0.95,time,96
2023-07-30 01:15:00,2023-07-30 05:20:00,L,0.3132,0.31655680048133406,0.31185727980746636,0.31655680048133406,2.5,2.243,tp,49
2023-07-30 05:25:00,2023-07-30 12:05:00,L,0.3169,0.3140242562925027,0.3140242562925027,0.3240893592687433,-1.0,-1.121,sl,80
2023-07-30 14:50:00,2023-07-30 19:45:00,L,0.3151,0.31193940016852045,0.31193940016852045,0.32300149957869884,-1.0,-1.11,sl,59
2023-07-30 19:50:00,2023-07-30 23:40:00,S,0.3099,0.3143015984966388,0.3143015984966388,0.29889600375840303,-1.0,-1.077,sl,46
2023-07-30 23:45:00,2023-07-31 07:45:00,L,0.3144,0.313,0.30963124795362856,0.32632188011592866,-0.294,-0.366,time,96
2023-07-31 09:00:00,2023-07-31 13:50:00,L,0.3142,0.31215128650768154,0.31215128650768154,0.3193217837307961,-1.0,-1.169,sl,58
2023-07-31 13:55:00,2023-07-31 21:55:00,S,0.3112,0.3071,0.31518724581430774,0.3012318854642306,1.028,0.942,time,96
2023-07-31 22:05:00,2023-08-01 02:10:00,S,0.3064,0.2979340533950581,0.3097863786419768,0.2979340533950581,2.5,2.4,tp,49
2023-08-01 02:15:00,2023-08-01 10:15:00,S,0.2991,0.3047,0.3086189729855441,0.2753025675361397,-0.588,-0.623,time,96
2023-08-01 15:05:00,2023-08-01 15:55:00,S,0.3031,0.30548433891021004,0.30548433891021004,0.29713915272447483,-1.0,-1.14,sl,10
2023-08-01 23:10:00,2023-08-02 00:05:00,L,0.3077,0.311598894041803,0.30614044238327875,0.311598894041803,2.5,2.283,tp,11
2023-08-02 00:10:00,2023-08-02 05:00:00,L,0.3113,0.30651430772838767,0.30651430772838767,0.3232642306790309,-1.0,-1.072,sl,58
2023-08-02 05:05:00,2023-08-02 11:00:00,S,0.3066,0.3075407628769689,0.3075407628769689,0.3042480928075777,-1.0,-1.358,sl,71
2023-08-02 11:05:00,2023-08-02 12:40:00,L,0.3077,0.3059643116481046,0.3059643116481046,0.31203922087973834,-1.0,-1.195,sl,19
2023-08-02 12:50:00,2023-08-02 16:50:00,S,0.3061,0.3009933875362196,0.30814264498551214,0.3009933875362196,2.5,2.335,tp,48
2023-08-02 16:55:00,2023-08-03 00:55:00,S,0.3002,0.2989,0.30373425966939854,0.2913643508265037,0.368,0.274,time,96
2023-08-03 04:35:00,2023-08-03 07:15:00,S,0.2983,0.2952158575627487,0.29953365697490053,0.2952158575627487,2.5,2.234,tp,32
2023-08-03 07:20:00,2023-08-03 15:20:00,S,0.2953,0.2962,0.29919461197138203,0.2855634700715449,-0.231,-0.314,time,96
2023-08-03 18:05:00,2023-08-04 02:05:00,S,0.2953,0.2932,0.29835744621618354,0.28765638445954117,0.687,0.581,time,96
2023-08-04 07:40:00,2023-08-04 08:05:00,S,0.2923,0.29344834198724745,0.29344834198724745,0.2894291450318814,-1.0,-1.28,sl,5
2023-08-04 11:55:00,2023-08-04 12:20:00,S,0.2927,0.29322816765891874,0.29322816765891874,0.2913795808527032,-1.0,-1.61,sl,5
2023-08-04 18:10:00,2023-08-04 20:45:00,S,0.2951,0.29076208854834473,0.29683516458066206,0.29076208854834473,2.5,2.313,tp,31
2023-08-04 20:50:00,2023-08-05 04:50:00,S,0.2911,0.2915,0.2946980999466517,0.2821047501333709,-0.111,-0.2,time,96
2023-08-05 07:35:00,2023-08-05 10:05:00,S,0.2906,0.29192607334177095,0.29192607334177095,0.2872848166455727,-1.0,-1.241,sl,30
2023-08-05 12:15:00,2023-08-05 18:20:00,S,0.291,0.2930347607469691,0.2930347607469691,0.28591309813257715,-1.0,-1.157,sl,73
2023-08-05 23:25:00,2023-08-06 07:25:00,L,0.2934,0.2942,0.2923663194288887,0.29598420142777826,0.774,0.462,time,96
2023-08-06 12:55:00,2023-08-06 20:55:00,S,0.2935,0.2928,0.29523704215212876,0.28915739461967804,0.403,0.217,time,96
2023-08-06 21:55:00,2023-08-07 01:25:00,S,0.2919,0.2941581198787822,0.2941581198787822,0.28625470030304445,-1.0,-1.142,sl,42
2023-08-07 01:30:00,2023-08-07 09:30:00,L,0.2946,0.2932,0.29073146898787183,0.3042713275303203,-0.362,-0.446,time,96
2023-08-07 12:15:00,2023-08-07 14:00:00,L,0.2951,0.2924474889190318,0.2924474889190318,0.3017312777024205,-1.0,-1.122,sl,21
2023-08-07 15:20:00,2023-08-07 23:20:00,S,0.2893,0.2896,0.29340410667277395,0.27903973331806514,-0.073,-0.151,time,96
2023-08-08 00:05:00,2023-08-08 08:05:00,L,0.291,0.291,0.2891503401257097,0.2956241496857256,0.0,-0.173,time,96
2023-08-08 11:05:00,2023-08-08 17:40:00,L,0.2926,0.2981936822990642,0.29036252708037436,0.2981936822990642,2.5,2.356,tp,79
2023-08-08 17:45:00,2023-08-09 01:45:00,L,0.2993,0.2983,0.2956931509648181,0.30831712258795485,-0.277,-0.369,time,96
2023-08-09 07:15:00,2023-08-09 15:15:00,L,0.2985,0.2977,0.29656047291938353,0.3033488177015411,-0.412,-0.582,time,96
2023-08-09 18:30:00,2023-08-10 02:30:00,L,0.299,0.3007,0.2970492736345974,0.3038768159135065,0.871,0.703,time,96
2023-08-10 06:35:00,2023-08-10 12:30:00,S,0.2975,0.2992487843632061,0.2992487843632061,0.29312803909198465,-1.0,-1.187,sl,71
2023-08-10 12:35:00,2023-08-10 16:10:00,L,0.2993,0.2970387509395033,0.2970387509395033,0.30495312265124175,-1.0,-1.146,sl,43
2023-08-10 16:15:00,2023-08-11 00:15:00,S,0.297,0.2966,0.29834130183460184,0.29364674541349534,0.298,0.055,time,96
2023-08-11 03:00:00,2023-08-11 05:40:00,S,0.2952,0.2970405029964781,0.2970405029964781,0.2905987425088048,-1.0,-1.176,sl,32
2023-08-11 08:25:00,2023-08-11 16:25:00,S,0.2955,0.2944,0.29672423787095714,0.2924394053226071,0.899,0.633,time,96
2023-08-11 16:45:00,2023-08-11 17:30:00,S,0.2937,0.29485466795500725,0.29485466795500725,0.2908133301124819,-1.0,-1.28,sl,9
2023-08-11 20:25:00,2023-08-11 23:25:00,S,0.2931,0.29352169738831313,0.29352169738831313,0.29204575652921727,-1.0,-1.765,sl,36
2023-08-12 02:50:00,2023-08-12 07:40:00,S,0.2927,0.29403435987484183,0.29403435987484183,0.2893641003128955,-1.0,-1.241,sl,58
2023-08-12 12:50:00,2023-08-12 15:10:00,S,0.2937,0.2943189700629437,0.2943189700629437,0.2921525748426408,-1.0,-1.522,sl,28
2023-08-12 16:55:00,2023-08-12 18:10:00,S,0.2931,0.2915496425197044,0.2937201429921183,0.2915496425197044,2.5,1.98,tp,15
2023-08-12 18:15:00,2023-08-13 02:15:00,S,0.2917,0.2917,0.29323495061885474,0.2878626234528632,-0.0,-0.209,time,96
2023-08-13 03:05:00,2023-08-13 11:05:00,S,0.291,0.2903,0.2923241455764954,0.28768963605876147,0.529,0.287,time,96
2023-08-13 11:50:00,2023-08-13 12:25:00,S,0.2901,0.2905159673703321,0.2905159673703321,0.28906008157416985,-1.0,-1.767,sl,7
2023-08-13 16:15:00,2023-08-13 17:10:00,S,0.2906,0.291531992129699,0.291531992129699,0.2882700196757526,-1.0,-1.343,sl,11
2023-08-13 18:30:00,2023-08-13 21:10:00,L,0.2925,0.2917751653217124,0.2917751653217124,0.29431208669571896,-1.0,-1.444,sl,32
2023-08-13 21:15:00,2023-08-13 22:10:00,S,0.2919,0.2898379771157317,0.2927248091537073,0.2898379771157317,2.5,2.111,tp,11
2023-08-13 22:15:00,2023-08-14 06:15:00,S,0.2898,0.2907,0.29194788514651837,0.2844302871337041,-0.419,-0.567,time,96
2023-08-14 07:15:00,2023-08-14 08:35:00,S,0.2902,0.2910252915661561,0.2910252915661561,0.28813677108460983,-1.0,-1.387,sl,16
2023-08-14 11:30:00,2023-08-14 14:05:00,S,0.29,0.2907217594011394,0.2907217594011394,0.2881956014971514,-1.0,-1.442,sl,31
2023-08-14 17:35:00,2023-08-15 01:35:00,S,0.2904,0.2895,0.2921437797359033,0.2860405506602418,0.516,0.333,time,96
2023-08-15 01:40:00,2023-08-15 09:40:00,S,0.2895,0.2896,0.2909343399771816,0.2859141500570459,-0.07,-0.292,time,96
2023-08-15 11:35:00,2023-08-15 14:35:00,S,0.2887,0.2896228601611052,0.2896228601611052,0.286392849597237,-1.0,-1.344,sl,36
2023-08-15 18:10:00,2023-08-15 19:05:00,S,0.2874,0.2832944477092203,0.2890422209163119,0.2832944477092203,2.5,2.307,tp,11
2023-08-15 19:10:00,2023-08-16 03:10:00,S,0.2759,0.2817,0.28862174148495456,0.24409564628761352,-0.456,-0.48,time,96
2023-08-16 05:20:00,2023-08-16 12:15:00,S,0.2802,0.27433611613698505,0.282545553545206,0.27433611613698505,2.5,2.369,tp,83
2023-08-16 12:20:00,2023-08-16 20:20:00,S,0.2751,0.2744,0.27918721432043286,0.26488196419891785,0.171,0.097,time,96
2023-08-16 20:30:00,2023-08-17 01:20:00,S,0.2687,0.2756546556112302,0.2756546556112302,0.25131336097192447,-1.0,-1.042,sl,58
2023-08-17 07:15:00,2023-08-17 09:05:00,S,0.2764,0.2748186362818582,0.2770325454872567,0.2748186362818582,2.5,2.019,tp,22
2023-08-17 09:10:00,2023-08-17 12:25:00,S,0.275,0.2770447766603861,0.2770447766603861,0.26988805834903473,-1.0,-1.148,sl,39
2023-08-17 14:00:00,2023-08-17 15:35:00,S,0.275,0.2698462274466442,0.27706150902134236,0.2698462274466442,2.5,2.353,tp,19
2023-08-17 15:40:00,2023-08-17 21:40:00,S,0.2688,0.2544789101752595,0.2745284359298962,0.2544789101752595,2.5,2.448,tp,72
2023-08-17 21:45:00,2023-08-18 05:45:00,S,0.2339,0.2607,0.2725040361033843,0.13738990974153922,-0.694,-0.701,time,96
2023-08-18 09:40:00,2023-08-18 11:10:00,S,0.2622,0.2644668623506244,0.2644668623506244,0.256532844123439,-1.0,-1.127,sl,18
2023-08-18 16:00:00,2023-08-18 18:45:00,S,0.2627,0.26619317531471487,0.26619317531471487,0.2539670617132128,-1.0,-1.083,sl,33
2023-08-19 01:55:00,2023-08-19 08:20:00,S,0.2617,0.2636532776025584,0.2636532776025584,0.2568168059936039,-1.0,-1.147,sl,77
2023-08-19 11:45:00,2023-08-19 12:35:00,S,0.263,0.2645397939645789,0.2645397939645789,0.2591505150885528,-1.0,-1.188,sl,10
2023-08-19 13:05:00,2023-08-19 21:05:00,L,0.265,0.2687,0.26305333929440683,0.26986665176398295,1.901,1.751,time,96
2023-08-20 00:15:00,2023-08-20 03:00:00,L,0.2693,0.2670538640588353,0.2670538640588353,0.2749153398529117,-1.0,-1.132,sl,33
2023-08-20 03:40:00,2023-08-20 11:00:00,S,0.267,0.26802731211087283,0.26802731211087283,0.264431719722818,-1.0,-1.286,sl,88
2023-08-20 11:05:00,2023-08-20 14:50:00,L,0.2681,0.26634701140353517,0.26634701140353517,0.2724824714911621,-1.0,-1.168,sl,45
2023-08-20 15:20:00,2023-08-20 23:20:00,L,0.2692,0.2705,0.2660938880138505,0.2769652799653738,0.419,0.323,time,96
2023-08-21 05:35:00,2023-08-21 06:50:00,L,0.2707,0.26793773757769423,0.26793773757769423,0.27760565605576437,-1.0,-1.108,sl,15
2023-08-21 06:55:00,2023-08-21 14:55:00,S,0.2681,0.2663,0.27035413644464973,0.26246465888837567,0.799,0.668,time,96
2023-08-21 15:20:00,2023-08-21 23:20:00,S,0.2651,0.2635,0.2679761252444752,0.25790968688881194,0.556,0.455,time,96
2023-08-21 23:40:00,2023-08-22 05:15:00,S,0.263,0.26040364572618974,0.2640385417095241,0.26040364572618974,2.5,2.221,tp,67
2023-08-22 05:20:00,2023-08-22 09:10:00,S,0.2604,0.26163548273695875,0.26163548273695875,0.2573112931576032,-1.0,-1.232,sl,46
2023-08-22 10:20:00,2023-08-22 16:20:00,S,0.2597,0.25432951219152056,0.26184819512339175,0.25432951219152056,2.5,2.367,tp,72
2023-08-22 16:25:00,2023-08-22 16:40:00,S,0.2541,0.2572980839738963,0.2572980839738963,0.2461047900652592,-1.0,-1.087,sl,3
2023-08-22 17:40:00,2023-08-22 23:10:00,S,0.2519,0.2574245988765592,0.2574245988765592,0.238088502808602,-1.0,-1.05,sl,66
2023-08-23 03:45:00,2023-08-23 06:05:00,S,0.2578,0.25974182829397907,0.25974182829397907,0.25294542926505226,-1.0,-1.146,sl,28
2023-08-23 13:55:00,2023-08-23 16:20:00,L,0.2606,0.2664949170780827,0.2582420331687669,0.2664949170780827,2.5,2.378,tp,29
2023-08-23 16:25:00,2023-08-24 00:25:00,L,0.2662,0.2689,0.26139587748788884,0.2782103062802779,0.562,0.501,time,96
2023-08-24 00:35:00,2023-08-24 08:35:00,L,0.2696,0.2684,0.2671497544056368,0.275725613985908,-0.49,-0.611,time,96
2023-08-24 14:35:00,2023-08-24 17:40:00,S,0.2642,0.26606697689992914,0.26606697689992914,0.25953255775017714,-1.0,-1.156,sl,37
2023-08-24 17:45:00,2023-08-24 20:45:00,L,0.266,0.26372991948653857,0.26372991948653857,0.27167520128365363,-1.0,-1.129,sl,36
2023-08-24 20:55:00,2023-08-24 22:50:00,S,0.2631,0.2655595832590771,0.2655595832590771,0.2569510418523073,-1.0,-1.118,sl,23
2023-08-25 02:20:00,2023-08-25 10:20:00,S,0.2645,0.263,0.2706590612803334,0.24910234679916654,0.244,0.196,time,96
2023-08-25 14:10:00,2023-08-25 14:15:00,S,0.2616,0.26428915763627187,0.26428915763627187,0.25487710590932033,-1.0,-1.107,sl,1
2023-08-25 14:50:00,2023-08-25 22:50:00,S,0.2601,0.2604,0.26571363731239944,0.2460659067190014,-0.053,-0.104,time,96
2023-08-26 00:25:00,2023-08-26 08:25:00,S,0.259,0.2591,0.2612475185421163,0.2533812036447093,-0.044,-0.171,time,96
2023-08-26 08:35:00,2023-08-26 14:45:00,S,0.2588,0.26034556399277836,0.26034556399277836,0.254936090018054,-1.0,-1.184,sl,74
2023-08-26 21:30:00,2023-08-26 23:15:00,L,0.2612,0.26047050875397254,0.26047050875397254,0.2630237281150686,-1.0,-1.394,sl,21
2023-08-26 23:20:00,2023-08-27 05:20:00,S,0.2607,0.26153476688565547,0.26153476688565547,0.25861308278586126,-1.0,-1.344,sl,72
2023-08-27 05:25:00,2023-08-27 08:00:00,L,0.2614,0.2634515361400438,0.2605793855439825,0.2634515361400438,2.5,2.15,tp,31
2023-08-27 08:05:00,2023-08-27 16:05:00,L,0.263,0.2633,0.26155333434373634,0.2666166641406592,0.207,0.007,time,96
2023-08-27 21:55:00,2023-08-27 23:00:00,S,0.2617,0.26314646462291813,0.26314646462291813,0.25808383844270466,-1.0,-1.199,sl,13
2023-08-27 23:05:00,2023-08-28 00:50:00,L,0.263,0.26146962746838254,0.26146962746838254,0.2668259313290437,-1.0,-1.189,sl,21
2023-08-28 00:55:00,2023-08-28 08:55:00,S,0.2612,0.2596,0.2633614242696372,0.2557964393259069,0.74,0.607,time,96
2023-08-28 09:20:00,2023-08-28 11:30:00,S,0.2588,0.2601617853774524,0.2601617853774524,0.25539553655636893,-1.0,-1.209,sl,26
2023-08-28 12:10:00,2023-08-28 12:25:00,L,0.2607,0.26353818664284145,0.2595647253428634,0.26353818664284145,2.5,2.247,tp,3
2023-08-28 12:30:00,2023-08-28 20:30:00,L,0.2632,0.2657,0.25953645393614855,0.2723588651596286,0.682,0.603,time,96
2023-08-28 22:30:00,2023-08-29 03:10:00,L,0.267,0.26505143580558466,0.26505143580558466,0.2718714104860384,-1.0,-1.151,sl,56
2023-08-29 06:10:00,2023-08-29 08:00:00,S,0.2642,0.262132320619028,0.26502707175238877,0.262132320619028,2.5,2.149,tp,22
2023-08-29 08:05:00,2023-08-29 14:20:00,S,0.262,0.26415166039066407,0.26415166039066407,0.25662084902333987,-1.0,-1.134,sl,75
2023-08-29 14:25:00,2023-08-29 22:25:00,L,0.2671,0.2732,0.2603647119473863,0.28393822013153425,0.906,0.862,time,96
2023-08-30 03:05:00,2023-08-30 11:05:00,S,0.2667,0.2654,0.26935226361711,0.26006934095722495,0.49,0.38,time,96
2023-08-30 12:45:00,2023-08-30 13:15:00,S,0.2633,0.26505107464076666,0.26505107464076666,0.25892231339808325,-1.0,-1.165,sl,6
2023-08-30 13:40:00,2023-08-30 14:00:00,S,0.2639,0.2652851793522814,0.2652851793522814,0.26043705161929653,-1.0,-1.21,sl,4
2023-08-30 14:45:00,2023-08-30 21:10:00,S,0.2616,0.26539441869574704,0.26539441869574704,0.2521139532606324,-1.0,-1.076,sl,77
2023-08-30 22:05:00,2023-08-31 01:20:00,L,0.2657,0.26435656675431535,0.26435656675431535,0.2690585831142116,-1.0,-1.218,sl,39
2023-08-31 01:25:00,2023-08-31 04:45:00,S,0.2643,0.265241351436236,0.265241351436236,0.26194662140940994,-1.0,-1.309,sl,40
2023-08-31 10:05:00,2023-08-31 11:10:00,S,0.264,0.26472257301625907,0.26472257301625907,0.2621935674593524,-1.0,-1.402,sl,13
2023-08-31 12:05:00,2023-08-31 15:40:00,S,0.2641,0.25765487698881895,0.2666780492044724,0.25765487698881895,2.5,2.387,tp,43
2023-08-31 15:45:00,2023-08-31 23:45:00,S,0.258,0.255,0.2631015176767973,0.2452462058080068,0.588,0.532,time,96
2023-09-01 13:50:00,2023-09-01 17:10:00,S,0.2565,0.2521309768194404,0.25824760927222384,0.2521309768194404,2.5,2.339,tp,40
2023-09-01 17:15:00,2023-09-01 20:30:00,S,0.2515,0.25670650970166436,0.25670650970166436,0.2384837257458391,-1.0,-1.053,sl,39
2023-09-02 06:30:00,2023-09-02 13:40:00,S,0.2552,0.2563292981381113,0.2563292981381113,0.25237675465472176,-1.0,-1.249,sl,86
2023-09-02 17:00:00,2023-09-03 01:00:00,S,0.2553,0.2561,0.256637076268824,0.25195730932794014,-0.598,-0.808,time,96
2023-09-03 06:30:00,2023-09-03 07:30:00,L,0.2558,0.25496893687208594,0.25496893687208594,0.2578776578197852,-1.0,-1.339,sl,12
2023-09-03 08:15:00,2023-09-03 16:15:00,S,0.2546,0.2543,0.25633977114846807,0.25025057212882984,0.172,0.011,time,96
2023-09-03 16:55:00,2023-09-03 18:15:00,S,0.2531,0.25455022563935775,0.25455022563935775,0.2494744359016056,-1.0,-1.192,sl,16
2023-09-03 20:55:00,2023-09-03 21:20:00,L,0.2554,0.25466044160047474,0.25466044160047474,0.2572488959988132,-1.0,-1.38,sl,5
2023-09-03 21:55:00,2023-09-04 00:40:00,S,0.2544,0.2561393448073211,0.2561393448073211,0.25005163798169733,-1.0,-1.161,sl,33
2023-09-04 00:45:00,2023-09-04 08:45:00,L,0.2565,0.2568,0.2551643671642793,0.25983908208930173,0.225,0.013,time,96
2023-09-04 11:20:00,2023-09-04 13:05:00,S,0.2557,0.25632896862078447,0.25632896862078447,0.2541275784480388,-1.0,-1.447,sl,21
2023-09-04 13:15:00,2023-09-04 15:05:00,L,0.2564,0.25496089175376985,0.25496089175376985,0.25999777061557544,-1.0,-1.196,sl,22
2023-09-04 15:15:00,2023-09-04 17:10:00,S,0.2546,0.2567643484310925,0.2567643484310925,0.24918912892226866,-1.0,-1.129,sl,23
2023-09-04 19:35:00,2023-09-05 03:35:00,S,0.2551,0.2552,0.25693604869749587,0.2505098782562603,-0.054,-0.207,time,96
2023-09-05 04:15:00,2023-09-05 12:15:00,L,0.2563,0.2561,0.2537569398960841,0.2626576502597896,-0.079,-0.19,time,96
2023-09-05 15:20:00,2023-09-05 23:20:00,L,0.2583,0.2572,0.2550355188709212,0.2664612028226969,-0.337,-0.424,time,96
2023-09-06 00:05:00,2023-09-06 04:55:00,L,0.2579,0.2566687160254631,0.2566687160254631,0.26097820993634235,-1.0,-1.23,sl,58
2023-09-06 05:10:00,2023-09-06 13:10:00,S,0.2562,0.2554,0.2585413777617197,0.2503465555957007,0.342,0.221,time,96
2023-09-06 14:10:00,2023-09-06 17:05:00,S,0.256,0.2531572320879365,0.2571371071648254,0.2531572320879365,2.5,2.252,tp,35
2023-09-06 17:40:00,2023-09-07 01:40:00,L,0.2559,0.2577,0.2517189425638664,0.26635264359033406,0.431,0.363,time,96
2023-09-07 08:25:00,2023-09-07 16:25:00,S,0.2556,0.2551,0.25673142975796853,0.25277142560507865,0.442,0.193,time,96
2023-09-07 21:10:00,2023-09-08 05:10:00,L,0.2576,0.2578,0.25554127684477235,0.26274680788806914,0.097,-0.04,time,96
2023-09-08 09:55:00,2023-09-08 10:05:00,S,0.2566,0.25326394052151424,0.2579344237913943,0.25326394052151424,2.5,2.288,tp,2
2023-09-08 10:10:00,2023-09-08 18:10:00,S,0.2534,0.2538,0.2578769330576869,0.24220766735578284,-0.089,-0.152,time,96
2023-09-08 19:05:00,2023-09-08 23:10:00,S,0.2527,0.2542349048582577,0.2542349048582577,0.24886273785435561,-1.0,-1.181,sl,49
2023-09-09 09:45:00,2023-09-09 10:35:00,L,0.2555,0.25488016072059144,0.25488016072059144,0.2570495981985214,-1.0,-1.453,sl,10
2023-09-09 11:00:00,2023-09-09 19:00:00,S,0.2547,0.2533,0.25541723802820265,0.2529069049294933,1.952,1.561,time,96
2023-09-09 19:50:00,2023-09-09 22:15:00,S,0.2531,0.25351780898112314,0.25351780898112314,0.25205547754719215,-1.0,-1.666,sl,29
2023-09-10 00:05:00,2023-09-10 00:20:00,S,0.2528,0.25151191272306117,0.25331523491077557,0.25151191272306117,2.5,1.96,tp,3
2023-09-10 00:25:00,2023-09-10 04:20:00,S,0.2509,0.24501883238090577,0.2532524670476377,0.24501883238090577,2.5,2.383,tp,47
2023-09-10 04:25:00,2023-09-10 12:25:00,S,0.2453,0.2505,0.25105317756305745,0.23091705609235635,-0.904,-0.951,time,96
2023-09-10 14:40:00,2023-09-10 16:45:00,S,0.249,0.24539607766215465,0.25044156893513814,0.24539607766215465,2.5,2.31,tp,25
2023-09-10 16:50:00,2023-09-10 19:55:00,S,0.2447,0.2483757529937178,0.2483757529937178,0.23551061751570548,-1.0,-1.073,sl,37
2023-09-11 00:40:00,2023-09-11 08:40:00,S,0.2475,0.2448,0.24945666782140397,0.24260833044649008,1.38,1.241,time,96
2023-09-11 09:25:00,2023-09-11 17:25:00,S,0.2427,0.2409,0.2459872686111735,0.23448182847206622,0.548,0.466,time,96
2023-09-11 18:55:00,2023-09-11 23:55:00,S,0.24,0.241950276273744,0.241950276273744,0.23512430931564,-1.0,-1.135,sl,60
2023-09-12 03:15:00,2023-09-12 10:20:00,L,0.2436,0.25100879149187766,0.24063648340324895,0.25100879149187766,2.5,2.41,tp,85
2023-09-12 10:25:00,2023-09-12 17:15:00,L,0.2516,0.24559725146641623,0.24559725146641623,0.2666068713339594,-1.0,-1.046,sl,82
2023-09-12 22:25:00,2023-09-13 06:25:00,S,0.2459,0.2447,0.24784847448638284,0.24102881378404295,0.616,0.477,time,96
2023-09-13 12:00:00,2023-09-13 19:00:00,L,0.2483,0.2467578018590651,0.2467578018590651,0.2521554953523372,-1.0,-1.177,sl,84
2023-09-13 21:30:00,2023-09-14 00:50:00,L,0.2487,0.2510246846726011,0.24777012613095958,0.2510246846726011,2.5,2.206,tp,40
2023-09-14 00:55:00,2023-09-14 01:15:00,L,0.2514,0.2482243740992441,0.2482243740992441,0.2593390647518898,-1.0,-1.087,sl,4
2023-09-14 04:50:00,2023-09-14 11:10:00,S,0.2468,0.2483476537622809,0.2483476537622809,0.24293086559429772,-1.0,-1.175,sl,76
2023-09-14 11:15:00,2023-09-14 15:00:00,L,0.2485,0.2513381873417405,0.2473647250633038,0.2513381873417405,2.5,2.259,tp,45
2023-09-14 15:05:00,2023-09-14 15:40:00,L,0.251,0.24953508840853517,0.24953508840853517,0.2546622789786621,-1.0,-1.188,sl,7
2023-09-15 02:05:00,2023-09-15 10:05:00,L,0.2538,0.2506,0.250224154533816,0.26273961366546006,-0.895,-0.973,time,96
2023-09-15 11:15:00,2023-09-15 18:20:00,S,0.2495,0.24563943215939008,0.25104422713624397,0.24563943215939008,2.5,2.322,tp,85
2023-09-15 18:25:00,2023-09-15 19:40:00,S,0.2456,0.2472405353696207,0.2472405353696207,0.2414986615759483,-1.0,-1.165,sl,15
2023-09-15 22:40:00,2023-09-16 06:40:00,L,0.2504,0.2508,0.24855848743598846,0.2550037814100289,0.217,0.068,time,96
2023-09-16 14:50:00,2023-09-16 22:50:00,S,0.2494,0.2497,0.250742230358398,0.24604442410400507,-0.224,-0.428,time,96
2023-09-16 23:10:00,2023-09-16 23:20:00,L,0.2498,0.24917841560609993,0.24917841560609993,0.25135396098475016,-1.0,-1.442,sl,2
2023-09-16 23:50:00,2023-09-17 00:10:00,L,0.25,0.24907219775377715,0.24907219775377715,0.25231950561555716,-1.0,-1.296,sl,4
2023-09-17 00:15:00,2023-09-17 08:15:00,S,0.2487,0.2486,0.25034147932102957,0.24459630169742608,0.061,-0.106,time,96
2023-09-17 09:55:00,2023-09-17 16:05:00,L,0.25,0.24887408784607187,0.24887408784607187,0.2528147803848203,-1.0,-1.244,sl,74
2023-09-17 16:10:00,2023-09-17 20:40:00,S,0.2489,0.24455185412701314,0.25063925834919476,0.24455185412701314,2.5,2.343,tp,54
2023-09-17 20:45:00,2023-09-18 02:25:00,S,0.2458,0.2476637920239148,0.2476637920239148,0.24114051994021296,-1.0,-1.145,sl,68
2023-09-18 03:45:00,2023-09-18 10:30:00,L,0.249,0.2531354242670487,0.24734583029318052,0.2531354242670487,2.5,2.334,tp,81
2023-09-18 10:35:00,2023-09-18 18:35:00,L,0.2536,0.2509,0.2495200375414789,0.2637999061463028,-0.662,-0.73,time,96
2023-09-18 22:05:00,2023-09-18 23:30:00,L,0.2528,0.25116504787924376,0.25116504787924376,0.2568873803018907,-1.0,-1.17,sl,17
2023-09-19 02:25:00,2023-09-19 10:25:00,L,0.2531,0.2553,0.2508586357299817,0.25870341067504576,0.982,0.857,time,96
2023-09-19 15:40:00,2023-09-19 17:05:00,L,0.2567,0.2548336478429445,0.2548336478429445,0.26136588039263875,-1.0,-1.151,sl,17
2023-09-20 06:05:00,2023-09-20 14:00:00,S,0.2523,0.25404699328627045,0.25404699328627045,0.24793251678432396,-1.0,-1.159,sl,95
2023-09-20 14:05:00,2023-09-20 19:15:00,L,0.2539,0.250933457760751,0.250933457760751,0.2613163555981226,-1.0,-1.094,sl,62
2023-09-20 19:20:00,2023-09-21 03:20:00,S,0.251,0.25,0.2565232335330093,0.2371919161674767,0.181,0.131,time,96
2023-09-21 03:25:00,2023-09-21 11:25:00,S,0.25,0.2475,0.2529523552367907,0.2426191119080232,0.847,0.754,time,96
2023-09-21 13:35:00,2023-09-21 15:45:00,S,0.2467,0.24867986423725968,0.24867986423725968,0.2417503394068508,-1.0,-1.137,sl,26
2023-09-21 19:15:00,2023-09-22 00:10:00,S,0.2473,0.24447354280705608,0.24843058287717756,0.24447354280705608,2.5,2.259,tp,59
2023-09-22 00:15:00,2023-09-22 01:25:00,S,0.2451,0.2461588525732959,0.2461588525732959,0.2424528685667603,-1.0,-1.255,sl,14
2023-09-22 09:20:00,2023-09-22 17:20:00,S,0.2445,0.2426,0.24623153548047452,0.24017116129881366,1.097,0.942,time,96
2023-09-22 17:25:00,2023-09-22 18:45:00,S,0.2426,0.24414622621513246,0.24414622621513246,0.23873443446216888,-1.0,-1.173,sl,16
2023-09-23 03:05:00,2023-09-23 04:35:00,S,0.2436,0.24503756146741865,0.24503756146741865,0.24000609633145342,-1.0,-1.186,sl,18
2023-09-23 10:25:00,2023-09-23 13:15:00,L,0.2459,0.2450787767741849,0.2450787767741849,0.24795305806453777,-1.0,-1.329,sl,34
2023-09-23 13:20:00,2023-09-23 19:50:00,S,0.2449,0.24642624160721377,0.24642624160721377,0.2410843959819656,-1.0,-1.177,sl,78
2023-09-23 19:55:00,2023-09-23 20:50:00,L,0.2465,0.24557926409009218,0.24557926409009218,0.24880183977476955,-1.0,-1.294,sl,11
2023-09-23 21:10:00,2023-09-24 05:10:00,S,0.2453,0.2448,0.24672300176028436,0.24174249559928906,0.351,0.162,time,96
2023-09-24 06:10:00,2023-09-24 06:35:00,S,0.2445,0.2449240437137225,0.2449240437137225,0.24343989071569372,-1.0,-1.634,sl,5
2023-09-24 08:05:00,2023-09-24 08:25:00,L,0.2452,0.24584057620478938,0.24494376951808425,0.24584057620478938,2.5,1.447,tp,4
2023-09-24 08:30:00,2023-09-24 11:05:00,L,0.2458,0.24508038023512127,0.24508038023512127,0.2475990494121968,-1.0,-1.376,sl,31
2023-09-24 11:10:00,2023-09-24 13:00:00,S,0.2448,0.2459278569775028,0.2459278569775028,0.24198035755624298,-1.0,-1.239,sl,22
2023-09-24 15:30:00,2023-09-24 17:45:00,S,0.2447,0.24552427566166843,0.24552427566166843,0.24263931084582893,-1.0,-1.327,sl,27
2023-09-24 17:55:00,2023-09-24 18:20:00,L,0.2458,0.24457315010518813,0.24457315010518813,0.24886712473702965,-1.0,-1.22,sl,5
2023-09-24 18:25:00,2023-09-25 00:20:00,S,0.2447,0.24081682777417235,0.24625326889033106,0.24081682777417235,2.5,2.327,tp,71
2023-09-25 00:25:00,2023-09-25 01:00:00,S,0.2421,0.24418004015230127,0.24418004015230127,0.23689989961924685,-1.0,-1.128,sl,7
2023-09-25 11:15:00,2023-09-25 15:20:00,S,0.2436,0.24493641549705655,0.24493641549705655,0.24025896125735866,-1.0,-1.201,sl,49
2023-09-25 15:45:00,2023-09-25 23:45:00,L,0.2451,0.2456,0.24365561705256888,0.24871095736857785,0.346,0.16,time,96
2023-09-25 23:50:00,2023-09-26 07:50:00,L,0.2456,0.2462,0.2446782857416896,0.24790428564577605,0.651,0.358,time,96
2023-09-26 09:45:00,2023-09-26 13:30:00,L,0.2466,0.24506207616151193,0.24506207616151193,0.25044480959622023,-1.0,-1.176,sl,45
2023-09-26 15:50:00,2023-09-26 16:40:00,S,0.2447,0.24563708389731395,0.24563708389731395,0.24235729025671512,-1.0,-1.287,sl,10
2023-09-26 17:45:00,2023-09-27 00:05:00,S,0.2442,0.24583195970270896,0.24583195970270896,0.2401201007432276,-1.0,-1.165,sl,76
2023-09-27 00:10:00,2023-09-27 02:40:00,L,0.246,0.244565899104969,0.244565899104969,0.24958525223757747,-1.0,-1.189,sl,30
2023-09-27 07:30:00,2023-09-27 09:40:00,S,0.2442,0.24502273023586202,0.24502273023586202,0.24214317441034494,-1.0,-1.326,sl,26
2023-09-27 09:45:00,2023-09-27 11:30:00,L,0.2451,0.2474397574148195,0.2441640970340722,0.2474397574148195,2.5,2.212,tp,21
2023-09-27 11:35:00,2023-09-27 13:50:00,L,0.2473,0.24585656508622392,0.24585656508622392,0.2509085872844402,-1.0,-1.188,sl,27
2023-09-27 14:15:00,2023-09-27 22:15:00,S,0.2454,0.2447,0.24724122755906902,0.24079693110232747,0.38,0.234,time,96
2023-09-28 09:50:00,2023-09-28 16:00:00,L,0.2459,0.24950289709957668,0.24445884116016933,0.24950289709957668,2.5,2.312,tp,74
2023-09-28 16:05:00,2023-09-28 18:45:00,L,0.2497,0.2473320969151405,0.2473320969151405,0.2556197577121488,-1.0,-1.116,sl,32
2023-09-28 20:10:00,2023-09-29 04:10:00,L,0.25,0.2503,0.24725377643989185,0.25686555890027035,0.109,0.009,time,96
2023-09-29 07:35:00,2023-09-29 15:35:00,L,0.2519,0.2546,0.24984906823529998,0.2570273294117501,1.316,1.181,time,96
2023-09-29 19:20:00,2023-09-30 00:40:00,S,0.2495,0.25034322354336247,0.25034322354336247,0.24739194114159382,-1.0,-1.325,sl,64
2023-09-30 00:45:00,2023-09-30 08:45:00,L,0.25,0.2508,0.24874895596188656,0.2531276100952836,0.639,0.42,time,96
2023-09-30 09:05:00,2023-09-30 13:10:00,L,0.2512,0.24976818768168688,0.24976818768168688,0.25477953079578275,-1.0,-1.193,sl,49
2023-09-30 15:10:00,2023-09-30 18:00:00,L,0.2512,0.25456605252817,0.24985357898873198,0.25456605252817,2.5,2.295,tp,34
2023-09-30 18:05:00,2023-10-01 02:05:00,L,0.2544,0.255,0.25215679093385046,0.26000802266537393,0.267,0.143,time,96
2023-10-01 02:25:00,2023-10-01 10:00:00,L,0.2554,0.25874994364817433,0.2540600225407303,0.25874994364817433,2.5,2.29,tp,91
2023-10-01 10:05:00,2023-10-01 18:05:00,L,0.2585,0.2585,0.255636687028727,0.26565828242818257,0.0,-0.099,time,96
2023-10-01 19:40:00,2023-10-01 22:15:00,L,0.2601,0.262928284212643,0.2589686863149428,0.262928284212643,2.5,2.247,tp,31
2023-10-01 22:20:00,2023-10-02 06:20:00,L,0.266,0.2634,0.26059313182095084,0.2795171704476229,-0.481,-0.535,time,96
2023-10-02 08:00:00,2023-10-02 15:55:00,L,0.2661,0.2631249264969991,0.2631249264969991,0.2735376837575023,-1.0,-1.098,sl,95
2023-10-02 18:40:00,2023-10-03 02:40:00,S,0.2591,0.2619,0.265115778677092,0.24406055330726995,-0.465,-0.513,time,96
2023-10-03 03:10:00,2023-10-03 05:25:00,L,0.2627,0.2615502333402223,0.2615502333402223,0.26557441664944414,-1.0,-1.251,sl,27
2023-10-03 05:30:00,2023-10-03 07:10:00,S,0.2612,0.2634522566062733,0.2634522566062733,0.2555693584843167,-1.0,-1.128,sl,20
2023-10-03 08:15:00,2023-10-03 09:55:00,L,0.2637,0.26154984969368505,0.26154984969368505,0.26907537576578733,-1.0,-1.135,sl,20
2023-10-03 11:15:00,2023-10-03 12:55:00,S,0.2607,0.26205540440449604,0.26205540440449604,0.2573114889887599,-1.0,-1.212,sl,20
2023-10-03 13:10:00,2023-10-03 18:50:00,L,0.2621,0.25954066462313136,0.25954066462313136,0.26849833844217164,-1.0,-1.113,sl,68
2023-10-03 18:55:00,2023-10-03 23:05:00,S,0.2596,0.26135060502663454,0.26135060502663454,0.2552234874334136,-1.0,-1.163,sl,50
2023-10-04 00:35:00,2023-10-04 08:35:00,S,0.2565,0.2577,0.2617470749925515,0.24338231251862125,-0.229,-0.282,time,96
2023-10-04 13:25:00,2023-10-04 16:35:00,S,0.2556,0.2570532093143477,0.2570532093143477,0.2519669767141307,-1.0,-1.193,sl,38
2023-10-04 21:40:00,2023-10-05 05:40:00,L,0.2589,0.2587,0.25665523035410087,0.2645119241147479,-0.089,-0.216,time,96
2023-10-05 06:30:00,2023-10-05 10:00:00,S,0.2573,0.25884284801866403,0.25884284801866403,0.2534428799533398,-1.0,-1.183,sl,42
2023-10-05 10:05:00,2023-10-05 14:00:00,L,0.2587,0.26305477209227945,0.2569580911630882,0.26305477209227945,2.5,2.337,tp,47
2023-10-05 14:05:00,2023-10-05 15:35:00,L,0.2631,0.259122366496121,0.259122366496121,0.27304408375969746,-1.0,-1.073,sl,18
2023-10-06 00:30:00,2023-10-06 08:30:00,L,0.2616,0.263,0.25945093688905596,0.2669726577773601,0.651,0.518,time,96
2023-10-06 09:20:00,2023-10-06 12:25:00,L,0.2644,0.2628560446255303,0.2628560446255303,0.2682598884361743,-1.0,-1.188,sl,37
2023-10-06 15:30:00,2023-10-06 23:30:00,L,0.264,0.2642,0.2613381220297698,0.27065469492557553,0.075,-0.034,time,96
2023-10-07 06:10:00,2023-10-07 11:00:00,S,0.2626,0.26002064442929973,0.2636317422282801,0.26002064442929973,2.5,2.22,tp,58
2023-10-07 11:05:00,2023-10-07 11:50:00,S,0.2601,0.2575379680411768,0.2611248127835293,0.2575379680411768,2.5,2.221,tp,9
2023-10-07 11:55:00,2023-10-07 19:55:00,S,0.2577,0.2569,0.260447226608637,0.25083193347840743,0.291,0.188,time,96
2023-10-08 01:25:00,2023-10-08 01:45:00,S,0.2576,0.2586311859171477,0.2586311859171477,0.2550220352071308,-1.0,-1.275,sl,4
2023-10-08 05:35:00,2023-10-08 13:35:00,S,0.2572,0.2569,0.2582375236562357,0.2546061908594107,0.289,0.016,time,96
2023-10-08 20:25:00,2023-10-08 21:00:00,S,0.2559,0.2566218808654821,0.2566218808654821,0.2540952978362948,-1.0,-1.39,sl,7
2023-10-08 23:25:00,2023-10-09 03:35:00,S,0.2559,0.2573416274474616,0.2573416274474616,0.2522959313813461,-1.0,-1.195,sl,50
2023-10-09 07:25:00,2023-10-09 09:45:00,S,0.2565,0.2534137384663727,0.25773450461345093,0.2534137384663727,2.5,2.271,tp,28
2023-10-09 09:50:00,2023-10-09 17:50:00,S,0.2507,0.2522,0.2562137792507111,0.2369155518732222,-0.272,-0.322,time,96
2023-10-10 09:05:00,2023-10-10 10:20:00,S,0.2516,0.25313201905092786,0.25313201905092786,0.24776995237268032,-1.0,-1.181,sl,15
2023-10-10 10:30:00,2023-10-10 14:55:00,S,0.2518,0.248158998552483,0.25325640057900684,0.248158998552483,2.5,2.31,tp,53
2023-10-10 15:00:00,2023-10-10 23:00:00,S,0.2485,0.2494,0.25047059231868685,0.24357351920328288,-0.457,-0.595,time,96
2023-10-11 02:20:00,2023-10-11 02:30:00,S,0.2485,0.24668253535135454,0.24922698585945818,0.24668253535135454,2.5,2.124,tp,2
2023-10-11 02:35:00,2023-10-11 10:35:00,S,0.2441,0.2479,0.24928154901725322,0.231146127456867,-0.733,-0.785,time,96
2023-10-11 15:30:00,2023-10-11 23:30:00,S,0.246,0.2475,0.24877589910776507,0.2390602522305873,-0.54,-0.638,time,96
2023-10-12 01:10:00,2023-10-12 09:10:00,S,0.2461,0.2462,0.24793630435536163,0.241509239111596,-0.054,-0.202,time,96
2023-10-12 09:45:00,2023-10-12 17:45:00,S,0.2448,0.2436,0.2464446699841896,0.24068832503952597,0.73,0.566,time,96
2023-10-13 01:50:00,2023-10-13 07:30:00,S,0.2452,0.24673666461310353,0.24673666461310353,0.24135833846724117,-1.0,-1.176,sl,68
2023-10-13 10:00:00,2023-10-13 11:40:00,S,0.2453,0.24622525553294658,0.24622525553294658,0.24298686116763352,-1.0,-1.292,sl,20
2023-10-13 12:25:00,2023-10-13 20:25:00,L,0.2466,0.2459,0.24537108029678387,0.24967229925804038,-0.57,-0.79,time,96
2023-10-13 20:55:00,2023-10-13 22:55:00,L,0.2468,0.2455561515455506,0.2455561515455506,0.24990962113612347,-1.0,-1.218,sl,24
2023-10-13 23:00:00,2023-10-14 07:00:00,S,0.2459,0.2447,0.24795220314948313,0.2407694921262922,0.585,0.453,time,96
2023-10-14 07:05:00,2023-10-14 10:10:00,S,0.2447,0.24603287870713308,0.24603287870713308,0.24136780323216728,-1.0,-1.202,sl,37
2023-10-14 10:15:00,2023-10-14 18:15:00,L,0.2461,0.2466,0.24528287527720868,0.24814281180697834,0.612,0.281,time,96
2023-10-14 21:05:00,2023-10-14 21:25:00,L,0.247,0.2464796915718446,0.2464796915718446,0.2483007710703885,-1.0,-1.522,sl,4
2023-10-15 01:45:00,2023-10-15 09:45:00,L,0.2477,0.2474,0.2460715273409083,0.2517711816477292,-0.184,-0.352,time,96
2023-10-15 11:05:00,2023-10-15 13:45:00,S,0.2469,0.24535657459083499,0.247517370163666,0.24535657459083499,2.5,2.06,tp,32
2023-10-15 13:50:00,2023-10-15 17:30:00,S,0.2455,0.24663456100494133,0.24663456100494133,0.24266359748764665,-1.0,-1.238,sl,44
2023-10-15 18:40:00,2023-10-15 20:40:00,L,0.2468,0.2481018684483991,0.24627925262064035,0.2481018684483991,2.5,1.979,tp,24
2023-10-15 20:45:00,2023-10-15 23:00:00,L,0.2478,0.24626583427896814,0.24626583427896814,0.25163541430257963,-1.0,-1.178,sl,27
2023-10-16 01:15:00,2023-10-16 05:15:00,L,0.2479,0.24972181537269977,0.2471712738509201,0.24972181537269977,2.5,2.126,tp,48
2023-10-16 05:20:00,2023-10-16 13:20:00,L,0.2515,0.2529,0.24813842740954797,0.25990393147613006,0.416,0.334,time,96
2023-10-16 13:25:00,2023-10-16 13:25:00,L,0.2529,0.25599891760888055,0.2516604329564478,0.25599891760888055,2.5,2.276,tp,0
2023-10-16 13:30:00,2023-10-16 13:45:00,L,0.2577,0.25170037522892147,0.25170037522892147,0.2726990619276963,-1.0,-1.047,sl,3
2023-10-16 18:55:00,2023-10-16 20:55:00,L,0.252,0.25056780980403576,0.25056780980403576,0.2555804754899106,-1.0,-1.194,sl,24
2023-10-16 23:15:00,2023-10-17 00:25:00,L,0.2521,0.2506681938800063,0.2506681938800063,0.2556795152999843,-1.0,-1.194,sl,14
2023-10-17 07:50:00,2023-10-17 12:35:00,L,0.2503,0.24937302097494154,0.24937302097494154,0.2526174475626462,-1.0,-1.297,sl,57
2023-10-17 12:40:00,2023-10-17 13:45:00,S,0.2492,0.24435018181426343,0.2511399272742946,0.24435018181426343,2.5,2.359,tp,13
2023-10-17 13:50:00,2023-10-17 21:50:00,S,0.2461,0.2463,0.2495869520345445,0.2373826199136388,-0.057,-0.135,time,96
2023-10-18 00:15:00,2023-10-18 04:55:00,S,0.2457,0.246729785208521,0.246729785208521,0.2431255369786975,-1.0,-1.262,sl,56
2023-10-18 13:55:00,2023-10-18 15:05:00,S,0.2461,0.24450444204910626,0.2467382231803575,0.24450444204910626,2.5,2.076,tp,14
2023-10-18 15:10:00,2023-10-18 23:10:00,S,0.2447,0.2434,0.24594000636508417,0.24159998408728955,1.048,0.831,time,96
2023-10-19 01:45:00,2023-10-19 09:45:00,S,0.2397,0.2412,0.24428544743173955,0.2282363814206511,-0.327,-0.385,time,96
2023-10-19 14:55:00,2023-10-19 22:55:00,L,0.244,0.2455,0.2424543400510489,0.2478641498723777,0.97,0.797,time,96
2023-10-19 23:35:00,2023-10-20 07:35:00,L,0.2465,0.2487,0.24506451270485094,0.25008871823787265,1.533,1.344,time,96
2023-10-20 08:30:00,2023-10-20 16:30:00,L,0.2506,0.2514,0.24784567795024953,0.25748580512437613,0.29,0.19,time,96
2023-10-21 00:30:00,2023-10-21 01:20:00,L,0.2518,0.25076751570980815,0.25076751570980815,0.2543812107254797,-1.0,-1.268,sl,10
2023-10-21 06:30:00,2023-10-21 11:25:00,L,0.2514,0.2557291855178249,0.24966832579287004,0.2557291855178249,2.5,2.34,tp,59
2023-10-21 11:30:00,2023-10-21 17:40:00,L,0.2557,0.2602997719709421,0.2538600912116231,0.2602997719709421,2.5,2.347,tp,74
2023-10-21 18:05:00,2023-10-21 22:35:00,L,0.2613,0.25822303120275075,0.25822303120275075,0.268992421993123,-1.0,-1.093,sl,54
2023-10-22 00:55:00,2023-10-22 07:40:00,L,0.2599,0.2579429704005101,0.2579429704005101,0.2647925739987248,-1.0,-1.146,sl,81
2023-10-22 16:35:00,2023-10-22 23:35:00,L,0.2584,0.2642679036764409,0.2560528385294237,0.2642679036764409,2.5,2.379,tp,84
2023-10-22 23:40:00,2023-10-23 07:40:00,L,0.2642,0.2648,0.26003021854702046,0.2746244536324488,0.144,0.074,time,96
2023-10-23 10:45:00,2023-10-23 18:45:00,L,0.265,0.2667,0.26144464738391293,0.2738883815402177,0.478,0.396,time,96
2023-10-23 19:15:00,2023-10-23 22:40:00,L,0.2694,0.27988403218471075,0.26520638712611566,0.27988403218471075,2.5,2.429,tp,41
2023-10-23 22:45:00,2023-10-24 06:45:00,L,0.277,0.2791,0.26911183530338756,0.2967204117415312,0.266,0.228,time,96
2023-10-24 09:40:00,2023-10-24 12:35:00,L,0.2833,0.290766163511671,0.2803135345953316,0.290766163511671,2.5,2.396,tp,35
2023-10-24 12:40:00,2023-10-24 15:20:00,L,0.2911,0.2836822548248526,0.2836822548248526,0.30964436293786857,-1.0,-1.043,sl,32
2023-10-24 22:00:00,2023-10-25 06:00:00,L,0.2792,0.2811,0.2748834249512214,0.28999143762194646,0.44,0.369,time,96
2023-10-25 13:10:00,2023-10-25 15:30:00,L,0.2818,0.28622743827513,0.280029024689948,0.28622743827513,2.5,2.325,tp,28
2023-10-25 15:35:00,2023-10-25 16:35:00,L,0.287,0.2838806142908003,0.2838806142908003,0.29479846427299916,-1.0,-1.101,sl,12
2023-10-26 03:05:00,2023-10-26 07:40:00,L,0.2852,0.2954082236871398,0.2811167105251441,0.2954082236871398,2.5,2.423,tp,55
2023-10-26 07:45:00,2023-10-26 10:45:00,L,0.2945,0.2897863928385289,0.2897863928385289,0.30628401790367765,-1.0,-1.069,sl,36
2023-10-26 13:05:00,2023-10-26 14:30:00,L,0.2933,0.28910572448753474,0.28910572448753474,0.3037856887811632,-1.0,-1.077,sl,17
2023-10-26 16:55:00,2023-10-26 17:10:00,S,0.2821,0.28633094522318375,0.28633094522318375,0.2715226369420407,-1.0,-1.073,sl,3
2023-10-26 18:35:00,2023-10-26 19:00:00,L,0.2879,0.2843056653368512,0.2843056653368512,0.29688583665787194,-1.0,-1.088,sl,5
2023-10-26 22:55:00,2023-10-27 00:40:00,L,0.2881,0.2851386309903225,0.2851386309903225,0.2955034225241938,-1.0,-1.107,sl,21
2023-10-27 01:05:00,2023-10-27 09:05:00,S,0.2833,0.2852,0.2877952923262181,0.2720617691844548,-0.423,-0.492,time,96
2023-10-27 12:50:00,2023-10-27 17:05:00,L,0.2883,0.2839042647562189,0.2839042647562189,0.2992893381094528,-1.0,-1.072,sl,51
2023-10-27 20:10:00,2023-10-28 02:50:00,L,0.2899,0.2955621469143636,0.28763514123425454,0.2955621469143636,2.5,2.359,tp,80
2023-10-28 02:55:00,2023-10-28 10:55:00,L,0.2956,0.294,0.2896096724566948,0.31057581885826296,-0.267,-0.321,time,96
2023-10-28 11:25:00,2023-10-28 11:45:00,L,0.2952,0.2927436443149996,0.2927436443149996,0.301340889212501,-1.0,-1.132,sl,4
2023-10-28 15:55:00,2023-10-28 17:15:00,L,0.2931,0.29126292806718296,0.29126292806718296,0.29769267983204273,-1.0,-1.176,sl,16
2023-10-28 21:25:00,2023-10-28 22:25:00,L,0.2915,0.290462911472418,0.290462911472418,0.294092721318955,-1.0,-1.309,sl,12
2023-10-29 00:35:00,2023-10-29 01:15:00,L,0.292,0.29024765351376225,0.29024765351376225,0.29638086621559434,-1.0,-1.183,sl,8
2023-10-29 04:40:00,2023-10-29 12:40:00,L,0.2914,0.2956,0.28925936839996697,0.29675157900008253,1.962,1.812,time,96
2023-10-29 12:50:00,2023-10-29 13:20:00,L,0.2957,0.29489398339762657,0.29489398339762657,0.29771504150593364,-1.0,-1.404,sl,6
2023-10-29 14:35:00,2023-10-29 22:35:00,L,0.2969,0.297,0.29403188512041006,0.30407028719897483,0.035,-0.079,time,96
2023-10-30 07:10:00,2023-10-30 15:05:00,L,0.2949,0.30228241080410734,0.29194703567835706,0.30228241080410734,2.5,2.39,tp,95
2023-10-30 20:05:00,2023-10-31 04:05:00,L,0.3004,0.2998,0.2979323149557696,0.306569212610576,-0.243,-0.377,time,96
2023-10-31 07:25:00,2023-10-31 15:15:00,S,0.2979,0.2871900038541667,0.3021839984583333,0.2871900038541667,2.5,2.424,tp,94
2023-10-31 15:20:00,2023-10-31 23:20:00,S,0.2883,0.2916,0.2952111177561859,0.2710222056095352,-0.477,-0.523,time,96
2023-11-01 02:05:00,2023-11-01 05:15:00,S,0.2912,0.286774752528293,0.2929700989886828,0.286774752528293,2.5,2.319,tp,38
2023-11-01 05:20:00,2023-11-01 12:50:00,S,0.287,0.28956958630662843,0.28956958630662843,0.2805760342334288,-1.0,-1.123,sl,90
2023-11-01 18:10:00,2023-11-01 19:45:00,L,0.2933,0.3018143796900734,0.28989424812397063,0.3018143796900734,2.5,2.405,tp,19
2023-11-01 19:50:00,2023-11-02 03:50:00,L,0.3017,0.3103,0.2951392590714883,0.3181018523212793,1.311,1.26,time,96
2023-11-02 08:55:00,2023-11-02 15:20:00,L,0.3084,0.30359243608994263,0.30359243608994263,0.3204189097751434,-1.0,-1.071,sl,77
2023-11-02 15:25:00,2023-11-02 17:30:00,S,0.306,0.3092098474103174,0.3092098474103174,0.29797538147420655,-1.0,-1.105,sl,25
2023-11-02 17:35:00,2023-11-03 01:35:00,L,0.3117,0.3175,0.29787236757329877,0.346269081066753,0.419,0.395,time,96
2023-11-03 06:15:00,2023-11-03 14:15:00,L,0.318,0.3191,0.31209971462297526,0.3327507134425619,0.186,0.127,time,96
2023-11-03 18:45:00,2023-11-04 02:45:00,L,0.3231,0.328,0.31425675888168064,0.3452081027957984,0.554,0.514,time,96
2023-11-04 17:25:00,2023-11-05 01:25:00,L,0.3252,0.3275,0.32163016197453254,0.33412459506366865,0.644,0.544,time,96
2023-11-05 03:55:00,2023-11-05 10:10:00,L,0.3302,0.33790110543638985,0.32711955782544405,0.33790110543638985,2.5,2.382,tp,75
2023-11-05 10:15:00,2023-11-05 12:25:00,L,0.3376,0.34538182277939744,0.33448727088824104,0.34538182277939744,2.5,2.381,tp,26
2023-11-05 12:30:00,2023-11-05 13:50:00,L,0.3453,0.3407379876072049,0.3407379876072049,0.3567050309819877,-1.0,-1.083,sl,16
2023-11-05 16:25:00,2023-11-06 00:25:00,L,0.3458,0.3445,0.33961294144003396,0.3612676463999151,-0.21,-0.272,time,96
2023-11-06 00:35:00,2023-11-06 05:15:00,L,0.3464,0.3414725007680962,0.3414725007680962,0.35871874807975945,-1.0,-1.077,sl,56
2023-11-06 07:50:00,2023-11-06 08:15:00,L,0.3449,0.3419026414953364,0.3419026414953364,0.352393396261659,-1.0,-1.127,sl,5
2023-11-06 08:55:00,2023-11-06 16:55:00,L,0.3465,0.3555,0.34158257569199696,0.3587935607700075,1.83,1.753,time,96
2023-11-06 17:10:00,2023-11-06 20:55:00,L,0.3568,0.3755859850759036,0.3492856059696386,0.3755859850759036,2.5,2.448,tp,45
2023-11-06 21:00:00,2023-11-06 21:25:00,L,0.3748,0.3665985370431218,0.3665985370431218,0.39530365739219564,-1.0,-1.05,sl,5
2023-11-07 09:35:00,2023-11-07 17:35:00,S,0.3476,0.3394,0.35435779111271953,0.33070552221820126,1.213,1.157,time,96
2023-11-07 18:10:00,2023-11-08 02:10:00,L,0.3464,0.3536,0.3335366322686738,0.37855841932831547,0.56,0.53,time,96
2023-11-08 07:30:00,2023-11-08 15:00:00,L,0.3575,0.3529047669892511,0.3529047669892511,0.3689880825268722,-1.0,-1.086,sl,90
2023-11-08 16:15:00,2023-11-09 00:15:00,L,0.3583,0.3577,0.3507493144100148,0.3771767139749631,-0.079,-0.132,time,96
2023-11-09 00:40:00,2023-11-09 08:40:00,L,0.3614,0.3701,0.35605386242086345,0.37476534394784133,1.627,1.553,time,96
2023-11-09 09:00:00,2023-11-09 16:10:00,L,0.3722,0.36588197811620676,0.36588197811620676,0.38799505470948303,-1.0,-1.065,sl,86
2023-11-09 16:15:00,2023-11-10 00:15:00,S,0.3554,0.3712,0.38796463981087126,0.2739884004728218,-0.485,-0.497,time,96
2023-11-10 00:20:00,2023-11-10 08:20:00,L,0.3712,0.373,0.3638943268829864,0.3894641827925339,0.246,0.19,time,96
2023-11-10 09:15:00,2023-11-10 14:05:00,L,0.3779,0.36778600570415265,0.36778600570415265,0.4031849857396184,-1.0,-1.041,sl,58
2023-11-10 14:10:00,2023-11-10 20:30:00,S,0.3681,0.3762191157495468,0.3762191157495468,0.3478022106261329,-1.0,-1.05,sl,76
2023-11-10 20:50:00,2023-11-11 04:00:00,L,0.3781,0.3714546997140649,0.3714546997140649,0.39471325071483765,-1.0,-1.063,sl,86
2023-11-11 06:45:00,2023-11-11 14:45:00,L,0.3802,0.3869,0.3757615466745145,0.3912961333137137,1.51,1.415,time,96
2023-11-11 14:55:00,2023-11-11 22:55:00,L,0.3893,0.3867,0.37899078331002617,0.41507304172493453,-0.252,-0.294,time,96
2023-11-12 00:30:00,2023-11-12 07:10:00,S,0.3804,0.38588277835015056,0.38588277835015056,0.36669305412462366,-1.0,-1.076,sl,80
2023-11-12 07:15:00,2023-11-12 13:00:00,L,0.3851,0.38069521043085447,0.38069521043085447,0.3961119739228638,-1.0,-1.096,sl,69
2023-11-12 18:10:00,2023-11-12 18:45:00,S,0.3796,0.38325472509049424,0.38325472509049424,0.37046318727376437,-1.0,-1.114,sl,7
2023-11-12 20:55:00,2023-11-13 00:25:00,L,0.3851,0.37966203430757506,0.37966203430757506,0.39869491423106235,-1.0,-1.078,sl,42
2023-11-13 01:20:00,2023-11-13 03:50:00,L,0.3881,0.37915114651241716,0.37915114651241716,0.4104721337189571,-1.0,-1.048,sl,30
2023-11-13 03:55:00,2023-11-13 11:55:00,S,0.379,0.3682,0.3877536155738615,0.35711596106534627,1.234,1.186,time,96
2023-11-13 12:25:00,2023-11-13 16:15:00,S,0.365,0.37245320845078156,0.37245320845078156,0.34636697887304607,-1.0,-1.054,sl,46
2023-11-13 21:15:00,2023-11-14 05:15:00,S,0.3616,0.3611,0.37138589232532393,0.3371352691866901,0.051,0.01,time,96
2023-11-14 10:05:00,2023-11-14 14:45:00,S,0.3619,0.36944231259187493,0.36944231259187493,0.34304421852031264,-1.0,-1.053,sl,56
2023-11-14 14:50:00,2023-11-14 15:15:00,L,0.3685,0.36462176860163736,0.36462176860163736,0.37819557849590657,-1.0,-1.105,sl,5
2023-11-14 18:00:00,2023-11-14 18:50:00,S,0.3593,0.3394269880502336,0.3672492047799066,0.3394269880502336,2.5,2.45,tp,10
2023-11-14 18:55:00,2023-11-15 02:55:00,S,0.3439,0.3579,0.3621691697846392,0.29822707553840194,-0.766,-0.787,time,96
2023-11-15 08:05:00,2023-11-15 16:05:00,L,0.3641,0.3708,0.35988708151969695,0.37463229620075755,1.59,1.495,time,96
2023-11-15 19:10:00,2023-11-16 03:10:00,L,0.3751,0.3827,0.3668796972296352,0.39565075692591195,0.925,0.874,time,96
2023-11-16 05:00:00,2023-11-16 07:05:00,L,0.3838,0.39281757413678814,0.3801929703452847,0.39281757413678814,2.5,2.383,tp,25
2023-11-16 07:10:00,2023-11-16 13:15:00,L,0.3922,0.3817016685185367,0.3817016685185367,0.4184458287036582,-1.0,-1.041,sl,73
2023-11-16 15:30:00,2023-11-16 15:45:00,L,0.3948,0.3836910198086892,0.3836910198086892,0.42257245047827696,-1.0,-1.039,sl,3
2023-11-16 18:25:00,2023-11-17 02:25:00,S,0.3768,0.3778,0.38555817575133666,0.3549045606216584,-0.114,-0.162,time,96
2023-11-17 07:30:00,2023-11-17 15:25:00,S,0.3706,0.3577899316465118,0.37572402734139526,0.3577899316465118,2.5,2.42,tp,95
2023-11-17 15:30:00,2023-11-17 19:15:00,S,0.3571,0.36874294954219744,0.36874294954219744,0.3279926261445063,-1.0,-1.034,sl,45
2023-11-18 01:15:00,2023-11-18 07:00:00,S,0.3617,0.349615512209848,0.3665337951160608,0.349615512209848,2.5,2.418,tp,69
2023-11-18 07:05:00,2023-11-18 07:40:00,S,0.3493,0.35646559637466635,0.35646559637466635,0.33138600906333415,-1.0,-1.054,sl,7
2023-11-18 13:25:00,2023-11-18 14:20:00,S,0.3562,0.36104673200282233,0.36104673200282233,0.3440831699929442,-1.0,-1.081,sl,11
2023-11-18 15:10:00,2023-11-18 23:10:00,L,0.3639,0.3766,0.357537281124347,0.37980679718913246,1.996,1.933,time,96
2023-11-18 23:45:00,2023-11-19 00:05:00,L,0.3778,0.3751905736338214,0.3751905736338214,0.3843235659154466,-1.0,-1.159,sl,4
2023-11-19 08:40:00,2023-11-19 10:10:00,L,0.3782,0.37356803176951964,0.37356803176951964,0.3897799205762008,-1.0,-1.09,sl,18
2023-11-19 18:50:00,2023-11-20 02:50:00,L,0.3808,0.3828,0.3762764164355077,0.3921089589112309,0.442,0.35,time,96
2023-11-20 07:25:00,2023-11-20 09:10:00,L,0.3854,0.39160963026235823,0.38291614789505674,0.39160963026235823,2.5,2.329,tp,21
2023-11-20 09:15:00,2023-11-20 14:10:00,L,0.3924,0.3868463478536432,0.3868463478536432,0.4062841303658921,-1.0,-1.078,sl,59
2023-11-20 15:00:00,2023-11-20 17:30:00,L,0.3936,0.3835102769720801,0.3835102769720801,0.4188243075697997,-1.0,-1.043,sl,30
2023-11-20 23:45:00,2023-11-21 00:35:00,S,0.3789,0.38390708957947434,0.38390708957947434,0.36638227605131424,-1.0,-1.083,sl,10
2023-11-21 01:45:00,2023-11-21 02:45:00,L,0.3858,0.3821942260390782,0.3821942260390782,0.3948144349023044,-1.0,-1.118,sl,12
2023-11-21 05:45:00,2023-11-21 07:20:00,L,0.3889,0.3829750320825687,0.3829750320825687,0.4037124197935783,-1.0,-1.072,sl,19
2023-11-21 07:25:00,2023-11-21 15:10:00,S,0.3834,0.3711090477290376,0.388316380908385,0.3711090477290376,2.5,2.414,tp,93
2023-11-21 15:15:00,2023-11-21 15:50:00,S,0.3675,0.3757841684139684,0.3757841684139684,0.346789578965079,-1.0,-1.049,sl,7
2023-11-21 18:05:00,2023-11-22 02:05:00,S,0.3627,0.3625,0.3802593981155855,0.3188015047110363,0.011,-0.011,time,96
2023-11-22 14:55:00,2023-11-22 18:15:00,S,0.3685,0.3732336400790701,0.3732336400790701,0.35666589980232466,-1.0,-1.086,sl,40
2023-11-22 18:30:00,2023-11-23 02:30:00,L,0.3763,0.3818,0.3689455694312044,0.39468607642198916,0.748,0.692,time,96
2023-11-23 05:35:00,2023-11-23 06:15:00,L,0.3834,0.3808294614759704,0.3808294614759704,0.38982634631007407,-1.0,-1.164,sl,8
2023-11-23 08:40:00,2023-11-23 13:45:00,L,0.3844,0.3803183597785494,0.3803183597785494,0.3946041005536266,-1.0,-1.104,sl,61
2023-11-23 15:15:00,2023-11-23 17:25:00,S,0.3795,0.38249767409295043,0.38249767409295043,0.37200581476762395,-1.0,-1.139,sl,26
2023-11-23 17:50:00,2023-11-23 19:00:00,L,0.3832,0.38010395549014814,0.38010395549014814,0.3909401112746296,-1.0,-1.136,sl,14
2023-11-23 23:05:00,2023-11-24 00:00:00,L,0.3834,0.3882892236452025,0.381444310541919,0.3882892236452025,2.5,2.284,tp,11
2023-11-24 00:05:00,2023-11-24 08:05:00,L,0.3912,0.3915,0.3817378106308612,0.41485547342284695,0.032,-0.014,time,96
2023-11-24 15:30:00,2023-11-24 16:55:00,L,0.3925,0.38667307244586674,0.38667307244586674,0.4070673188853332,-1.0,-1.074,sl,17
2023-11-25 02:45:00,2023-11-25 10:45:00,L,0.3911,0.3898,0.3877155226306153,0.39956119342346175,-0.384,-0.511,time,96
2023-11-25 12:40:00,2023-11-25 20:40:00,L,0.3925,0.3936,0.3869055057958788,0.40648623551030305,0.197,0.119,time,96
2023-11-26 04:55:00,2023-11-26 11:55:00,L,0.3933,0.3908437028653837,0.3908437028653837,0.39944074283654063,-1.0,-1.176,sl,84
2023-11-26 14:25:00,2023-11-26 16:25:00,S,0.388,0.37870440471377287,0.39171823811449086,0.37870440471377287,2.5,2.385,tp,24
2023-11-26 16:30:00,2023-11-26 22:05:00,S,0.3812,0.38917704722894164,0.38917704722894164,0.36125738192764584,-1.0,-1.053,sl,67
2023-11-27 02:35:00,2023-11-27 10:35:00,S,0.3862,0.38,0.3899864956335234,0.3767337609161915,1.637,1.525,time,96
2023-11-27 10:50:00,2023-11-27 18:50:00,S,0.3797,0.377,0.3864168684713654,0.3629078288215864,0.402,0.34,time,96
2023-11-27 19:45:00,2023-11-27 23:55:00,S,0.374,0.3786241526058903,0.3786241526058903,0.3624396184852743,-1.0,-1.089,sl,50
2023-11-28 05:05:00,2023-11-28 11:50:00,S,0.3734,0.3779854555028062,0.3779854555028062,0.3619363612429845,-1.0,-1.09,sl,81
2023-11-28 13:50:00,2023-11-28 18:20:00,L,0.3788,0.3882796640850247,0.3750081343659902,0.3882796640850247,2.5,2.39,tp,54
2023-11-28 18:25:00,2023-11-28 18:50:00,L,0.3871,0.3848631490654399,0.3848631490654399,0.39269212733640024,-1.0,-1.19,sl,5
2023-11-29 00:45:00,2023-11-29 02:45:00,L,0.3869,0.3841214077935165,0.3841214077935165,0.39384648051620885,-1.0,-1.153,sl,24
2023-11-29 09:55:00,2023-11-29 10:20:00,L,0.387,0.3852423567188513,0.3852423567188513,0.39139410820287174,-1.0,-1.242,sl,5
2023-11-29 10:40:00,2023-11-29 18:40:00,S,0.3828,0.3856,0.38982648604596337,0.3652337848850915,-0.398,-0.458,time,96
2023-11-29 20:40:00,2023-11-30 04:40:00,S,0.3826,0.3811,0.38607482278093386,0.3739129430476653,0.432,0.311,time,96
2023-11-30 05:15:00,2023-11-30 13:15:00,S,0.3785,0.3748,0.3829720631063953,0.3673198422340117,0.827,0.734,time,96
2023-12-01 00:30:00,2023-12-01 01:15:00,S,0.3743,0.3763506622161301,0.3763506622161301,0.36917334445967476,-1.0,-1.201,sl,9
2023-12-01 01:25:00,2023-12-01 09:25:00,L,0.3773,0.3814,0.37351574102043095,0.3867606474489227,1.083,0.974,time,96
2023-12-01 09:30:00,2023-12-01 17:30:00,L,0.3814,0.3837,0.37860296968742546,0.3883925757814364,0.822,0.672,time,96
2023-12-01 20:05:00,2023-12-01 22:50:00,L,0.3854,0.3832449105816031,0.3832449105816031,0.39078772354599234,-1.0,-1.197,sl,33
2023-12-02 04:00:00,2023-12-02 10:05:00,L,0.3865,0.39134952762933145,0.38456018894826743,0.39134952762933145,2.5,2.281,tp,73
2023-12-02 10:10:00,2023-12-02 14:45:00,L,0.3912,0.38814720910170036,0.38814720910170036,0.39883197724574904,-1.0,-1.141,sl,55
2023-12-02 18:05:00,2023-12-02 21:40:00,L,0.3902,0.39659719069736116,0.3876411237210555,0.39659719069736116,2.5,2.332,tp,43
2023-12-02 21:45:00,2023-12-02 22:50:00,L,0.3962,0.3941219264580202,0.3941219264580202,0.40139518385494954,-1.0,-1.21,sl,13
2023-12-02 23:45:00,2023-12-03 07:45:00,L,0.3982,0.3966,0.3938216261564039,0.4091459346089902,-0.365,-0.465,time,96
2023-12-03 19:20:00,2023-12-03 20:00:00,S,0.389,0.3906546804069646,0.3906546804069646,0.38486329898258853,-1.0,-1.259,sl,8
2023-12-03 21:35:00,2023-12-03 22:30:00,L,0.3919,0.39600112472436044,0.39025955011025587,0.39600112472436044,2.5,2.237,tp,11
2023-12-03 22:35:00,2023-12-04 05:05:00,L,0.3965,0.40948797560985944,0.39130480975605625,0.40948797560985944,2.5,2.416,tp,78
2023-12-04 05:10:00,2023-12-04 11:10:00,L,0.4094,0.4049602085814433,0.4049602085814433,0.42049947854639164,-1.0,-1.101,sl,72
2023-12-04 22:10:00,2023-12-04 22:45:00,L,0.4042,0.40152588246636634,0.40152588246636634,0.4108852938340842,-1.0,-1.166,sl,7
2023-12-04 23:35:00,2023-12-05 07:05:00,L,0.4071,0.40026215609322086,0.40026215609322086,0.4241946097669479,-1.0,-1.065,sl,90
2023-12-05 07:10:00,2023-12-05 15:10:00,S,0.3999,0.3999,0.40572111290619906,0.3853472177345023,-0.0,-0.076,time,96
2023-12-05 17:10:00,2023-12-05 23:50:00,L,0.4085,0.4263962186801068,0.40134151252795724,0.4263962186801068,2.5,2.437,tp,80
2023-12-05 23:55:00,2023-12-06 00:30:00,L,0.4261,0.4213828698208538,0.4213828698208538,0.43789282544786534,-1.0,-1.099,sl,7
2023-12-06 00:50:00,2023-12-06 02:35:00,L,0.4282,0.4206776038155358,0.4206776038155358,0.4470059904611605,-1.0,-1.063,sl,21
2023-12-06 06:40:00,2023-12-06 13:15:00,L,0.4242,0.44451352110855413,0.4160745915565784,0.44451352110855413,2.5,2.443,tp,79
2023-12-06 13:20:00,2023-12-06 21:20:00,L,0.4477,0.4469,0.43345369513451043,0.48331576216372385,-0.056,-0.091,time,96
2023-12-06 22:20:00,2023-12-06 23:10:00,L,0.4505,0.4419045481426191,0.4419045481426191,0.47198862964345234,-1.0,-1.058,sl,10
2023-12-07 00:45:00,2023-12-07 08:45:00,L,0.4544,0.4414,0.44060409933931327,0.4888897516517169,-0.942,-0.979,time,96
2023-12-07 15:30:00,2023-12-07 23:30:00,L,0.4427,0.4553,0.43483085525010723,0.46237286187473187,1.601,1.539,time,96
2023-12-08 03:30:00,2023-12-08 07:00:00,L,0.4637,0.4836230055161158,0.4557307977935537,0.4836230055161158,2.5,2.436,tp,42
2023-12-08 07:05:00,2023-12-08 11:45:00,L,0.483,0.5205007164433245,0.46799971342267016,0.5205007164433245,2.5,2.465,tp,56
2023-12-08 11:50:00,2023-12-08 19:50:00,L,0.5292,0.535,0.4942801608113535,0.6164995979716162,0.166,0.149,time,96
2023-12-08 20:45:00,2023-12-09 03:15:00,L,0.545,0.578100876303455,0.5317596494786181,0.578100876303455,2.5,2.455,tp,78
2023-12-09 03:20:00,2023-12-09 08:10:00,L,0.5761,0.634757551680713,0.5526369793277147,0.634757551680713,2.5,2.473,tp,58
2023-12-09 08:15:00,2023-12-09 16:15:00,L,0.6381,0.6084,0.5932730269894325,0.7501674325264187,-0.663,-0.678,time,96
2023-12-10 00:45:00,2023-12-10 08:45:00,L,0.5994,0.5854,0.5751098681147094,0.6601253297132266,-0.576,-0.604,time,96
2023-12-10 11:30:00,2023-12-10 19:30:00,L,0.5956,0.5949,0.5719022952167008,0.6548442619582482,-0.03,-0.057,time,96
2023-12-10 20:35:00,2023-12-10 21:30:00,L,0.6082,0.5933790961240967,0.5933790961240967,0.6452522596897582,-1.0,-1.045,sl,11
2023-12-11 02:05:00,2023-12-11 02:10:00,S,0.5813,0.5579006908688771,0.5906597236524492,0.5579006908688771,2.5,2.432,tp,1
2023-12-11 02:15:00,2023-12-11 10:15:00,S,0.5375,0.5559,0.5906295702100619,0.40467607447484516,-0.346,-0.357,time,96
2023-12-11 14:45:00,2023-12-11 21:55:00,S,0.5407,0.5545054670050498,0.5545054670050498,0.5061863324873754,-1.0,-1.043,sl,86
2023-12-12 02:25:00,2023-12-12 08:55:00,L,0.565,0.5977170698569018,0.5519131720572392,0.5977170698569018,2.5,2.453,tp,78
2023-12-12 09:00:00,2023-12-12 14:55:00,L,0.5992,0.5833231050420784,0.5833231050420784,0.6388922373948038,-1.0,-1.042,sl,71
2023-12-12 17:10:00,2023-12-13 00:40:00,S,0.5703,0.5846478963398686,0.5846478963398686,0.5344302591503287,-1.0,-1.044,sl,90
2023-12-13 00:45:00,2023-12-13 01:05:00,L,0.5855,0.5734858269444353,0.5734858269444353,0.6155354326389119,-1.0,-1.054,sl,4
2023-12-13 02:00:00,2023-12-13 10:00:00,S,0.5609,0.5742,0.5847251597030948,0.5013371007422629,-0.558,-0.584,time,96
2023-12-13 10:20:00,2023-12-13 13:30:00,L,0.5753,0.5940381236162171,0.5678047505535132,0.5940381236162171,2.5,2.416,tp,38
2023-12-13 13:35:00,2023-12-13 19:45:00,L,0.5941,0.6369632897922892,0.5769546840830843,0.6369632897922892,2.5,2.462,tp,74
2023-12-13 19:50:00,2023-12-14 03:50:00,L,0.6391,0.6585,0.613105677720022,0.704085805699945,0.746,0.719,time,96
2023-12-14 11:20:00,2023-12-14 13:05:00,L,0.6593,0.6467069861313591,0.6467069861313591,0.6907825346716021,-1.0,-1.058,sl,21
2023-12-14 22:50:00,2023-12-15 05:30:00,L,0.6459,0.6338269310124924,0.6338269310124924,0.676082672468769,-1.0,-1.059,sl,80
2023-12-15 08:30:00,2023-12-15 13:35:00,L,0.6411,0.6271699530977476,0.6271699530977476,0.6759251172556311,-1.0,-1.051,sl,61
2023-12-15 13:40:00,2023-12-15 21:40:00,S,0.6249,0.6198,0.6421045487614236,0.5818886280964409,0.296,0.256,time,96
2023-12-15 22:15:00,2023-12-16 00:35:00,S,0.6121,0.5866462255851499,0.62228150976594,0.5866462255851499,2.5,2.434,tp,28
2023-12-16 00:40:00,2023-12-16 02:10:00,S,0.5914,0.6067438162408247,0.6067438162408247,0.5530404593979383,-1.0,-1.042,sl,18
2023-12-16 05:50:00,2023-12-16 09:10:00,S,0.6091,0.6169411054374729,0.6169411054374729,0.5894972364063176,-1.0,-1.085,sl,40
2023-12-16 13:00:00,2023-12-16 13:30:00,L,0.6209,0.6135760020898811,0.6135760020898811,0.6392099947752974,-1.0,-1.093,sl,6
2023-12-16 16:00:00,2023-12-16 19:30:00,L,0.6227,0.6098268369779826,0.6098268369779826,0.6548829075550437,-1.0,-1.053,sl,42
2023-12-16 19:35:00,2023-12-17 03:35:00,S,0.6099,0.6105,0.6190394446833236,0.587051388291691,-0.066,-0.139,time,96
2023-12-17 05:45:00,2023-12-17 13:45:00,S,0.6026,0.5937,0.6129205224792743,0.5767986938018144,0.862,0.798,time,96
2023-12-17 13:50:00,2023-12-17 17:05:00,S,0.5937,0.6019592999584067,0.6019592999584067,0.5730517501039833,-1.0,-1.079,sl,39
2023-12-17 21:40:00,2023-12-18 01:35:00,S,0.5913,0.5713906307803425,0.5992637476878631,0.5713906307803425,2.5,2.418,tp,47
2023-12-18 01:40:00,2023-12-18 09:40:00,S,0.5691,0.561,0.5872253157463954,0.5237867106340117,0.447,0.412,time,96
2023-12-18 10:15:00,2023-12-18 13:30:00,S,0.5525,0.5662483282684083,0.5662483282684083,0.5181291793289792,-1.0,-1.044,sl,39
2023-12-18 21:05:00,2023-12-19 05:05:00,L,0.5862,0.6133,0.5733758758511429,0.6182603103721429,2.113,2.063,time,96
2023-12-19 11:05:00,2023-12-19 14:05:00,S,0.599,0.5884405361059288,0.6032237855576285,0.5884405361059288,2.5,2.344,tp,36
2023-12-19 14:10:00,2023-12-19 17:55:00,S,0.5879,0.5692682395889652,0.5953527041644139,0.5692682395889652,2.5,2.413,tp,45
2023-12-19 18:00:00,2023-12-20 02:00:00,S,0.5684,0.5754,0.5853245144498118,0.5260887138754705,-0.414,-0.451,time,96
2023-12-20 02:10:00,2023-12-20 04:20:00,S,0.5702,0.5817359383077245,0.5817359383077245,0.5413601542306888,-1.0,-1.054,sl,26
2023-12-20 07:40:00,2023-12-20 13:55:00,L,0.5898,0.6035847231897096,0.5842861107241162,0.6035847231897096,2.5,2.382,tp,75
2023-12-20 14:00:00,2023-12-20 16:55:00,L,0.6035,0.5916247196960431,0.5916247196960431,0.6331882007598924,-1.0,-1.056,sl,35
2023-12-20 18:05:00,2023-12-20 20:00:00,L,0.6059,0.5936246215815008,0.5936246215815008,0.6365884460462481,-1.0,-1.054,sl,23
2023-12-20 20:05:00,2023-12-21 04:05:00,S,0.5907,0.5942,0.6086197090238372,0.545900727440407,-0.195,-0.232,time,96
2023-12-21 07:15:00,2023-12-21 15:15:00,L,0.5987,0.5997,0.5874835613992617,0.6267410965018457,0.089,0.03,time,96
2023-12-21 17:30:00,2023-12-22 00:10:00,L,0.611,0.6440419925022979,0.5977832029990808,0.6440419925022979,2.5,2.449,tp,80
2023-12-22 00:15:00,2023-12-22 03:30:00,L,0.645,0.6284767055091864,0.6284767055091864,0.686308236227034,-1.0,-1.043,sl,39
2023-12-22 06:15:00,2023-12-22 06:45:00,L,0.6376,0.62446941181528,0.62446941181528,0.6704264704617997,-1.0,-1.053,sl,6
2023-12-22 18:35:00,2023-12-22 19:15:00,L,0.6245,0.616376273508374,0.616376273508374,0.6448093162290652,-1.0,-1.085,sl,8
2023-12-23 01:15:00,2023-12-23 09:15:00,S,0.612,0.6086,0.6231640704260237,0.5840898239349406,0.305,0.244,time,96
2023-12-23 11:30:00,2023-12-23 12:30:00,S,0.6044,0.6093470769657522,0.6093470769657522,0.5920323075856198,-1.0,-1.134,sl,12
2023-12-23 18:05:00,2023-12-23 18:50:00,S,0.6015,0.6067425768132265,0.6067425768132265,0.5883935579669338,-1.0,-1.126,sl,9
2023-12-23 22:40:00,2023-12-24 05:40:00,L,0.6124,0.604097342344862,0.604097342344862,0.6331566441378451,-1.0,-1.081,sl,84
2023-12-24 10:45:00,2023-12-24 14:15:00,S,0.6084,0.6224879349486168,0.6224879349486168,0.5731801626284583,-1.0,-1.048,sl,42
2023-12-24 14:20:00,2023-12-24 14:45:00,L,0.6214,0.6153072001670955,0.6153072001670955,0.6366319995822611,-1.0,-1.112,sl,5
2023-12-24 18:25:00,2023-12-24 20:40:00,L,0.6194,0.6118056950572226,0.6118056950572226,0.6383857623569433,-1.0,-1.09,sl,27
2023-12-24 20:45:00,2023-12-24 22:15:00,S,0.6102,0.5808055607011087,0.6219577757195565,0.5808055607011087,2.5,2.443,tp,18
2023-12-24 22:20:00,2023-12-25 06:20:00,S,0.5943,0.6082,0.6121362799827981,0.549709300043005,-0.779,-0.816,time,96
2023-12-25 07:20:00,2023-12-25 11:25:00,S,0.6037,0.609652525942903,0.609652525942903,0.5888186851427426,-1.0,-1.112,sl,49
2023-12-25 13:00:00,2023-12-25 21:00:00,L,0.6149,0.6185,0.6058709985024381,0.6374725037439049,0.399,0.324,time,96
2023-12-25 22:20:00,2023-12-26 05:10:00,L,0.6267,0.6153938880544501,0.6153938880544501,0.654965279863875,-1.0,-1.061,sl,82
2023-12-26 05:15:00,2023-12-26 05:35:00,S,0.6154,0.600945191756156,0.6211819232975375,0.600945191756156,2.5,2.383,tp,4
2023-12-26 05:40:00,2023-12-26 13:35:00,S,0.6032,0.6209778673868809,0.6209778673868809,0.5587553315327977,-1.0,-1.037,sl,95
2023-12-26 13:45:00,2023-12-26 15:00:00,L,0.6241,0.61434483942304,0.61434483942304,0.6484879014424001,-1.0,-1.07,sl,15
2023-12-26 15:15:00,2023-12-26 17:35:00,S,0.6115,0.5826885865186923,0.6230245653925232,0.5826885865186923,2.5,2.442,tp,28
2023-12-26 17:40:00,2023-12-27 01:40:00,S,0.5663,0.6058,0.6159657261724764,0.4421356845688092,-0.795,-0.808,time,96
2023-12-27 02:25:00,2023-12-27 09:50:00,S,0.5977,0.6081329342920796,0.6081329342920796,0.571617664269801,-1.0,-1.063,sl,89
2023-12-27 09:55:00,2023-12-27 13:10:00,L,0.6075,0.6195238375821847,0.6026904649671262,0.6195238375821847,2.5,2.361,tp,39
2023-12-27 13:15:00,2023-12-27 21:15:00,L,0.6194,0.6386,0.6082575357674479,0.64725616058138,1.723,1.662,time,96
2023-12-27 22:10:00,2023-12-27 22:50:00,L,0.6418,0.6336698336092146,0.6336698336092146,0.6621254159769636,-1.0,-1.087,sl,8
2023-12-28 00:35:00,2023-12-28 08:35:00,L,0.6479,0.6559,0.6318101125677712,0.6881247185805721,0.497,0.453,time,96
2023-12-28 12:25:00,2023-12-28 14:40:00,S,0.6407,0.6148122777630465,0.6510550888947815,0.6148122777630465,2.5,2.432,tp,27
2023-12-28 14:45:00,2023-12-28 22:45:00,S,0.6143,0.6229,0.6389998115849413,0.5525504710376465,-0.348,-0.376,time,96
2023-12-29 00:25:00,2023-12-29 08:25:00,S,0.6143,0.6127,0.6252974348829943,0.5868064127925141,0.145,0.084,time,96
2023-12-29 15:20:00,2023-12-29 23:20:00,S,0.6136,0.6062,0.627280723189539,0.5793981920261526,0.541,0.492,time,96
2023-12-30 02:55:00,2023-12-30 10:55:00,S,0.606,0.5985,0.6135925537833335,0.5870186155416661,0.988,0.9,time,96
2023-12-30 21:40:00,2023-12-31 05:40:00,S,0.6029,0.605,0.6101414590278256,0.584796352430436,-0.29,-0.382,time,96
2023-12-31 07:15:00,2023-12-31 12:50:00,L,0.6064,0.6035845900707312,0.6035845900707312,0.6134385248231722,-1.0,-1.237,sl,67
2023-12-31 13:00:00,2023-12-31 21:00:00,S,0.6042,0.601,0.6106092715277283,0.5881768211806793,0.499,0.396,time,96
2023-12-31 22:50:00,2024-01-01 06:50:00,S,0.5928,0.5982,0.6049161746894636,0.562509563276341,-0.446,-0.5,time,96
2024-01-01 16:20:00,2024-01-01 19:30:00,L,0.6053,0.6159969932247589,0.6010212027100964,0.6159969932247589,2.5,2.344,tp,38
2024-01-01 19:35:00,2024-01-02 00:55:00,L,0.6167,0.6338517131860777,0.609839314725569,0.6338517131860777,2.5,2.401,tp,64
2024-01-02 01:00:00,2024-01-02 01:10:00,L,0.6348,0.6221425560276002,0.6221425560276002,0.6664436099309997,-1.0,-1.055,sl,2
2024-01-02 08:25:00,2024-01-02 11:35:00,L,0.6309,0.6253249136605661,0.6253249136605661,0.6448377158485848,-1.0,-1.124,sl,38
2024-01-02 14:35:00,2024-01-02 22:35:00,S,0.6182,0.6067,0.628850349339453,0.5915741266513672,1.08,1.016,time,96
2024-01-03 05:15:00,2024-01-03 07:45:00,L,0.6144,0.6100739448264946,0.6100739448264946,0.6252151379337634,-1.0,-1.156,sl,30
2024-01-03 07:50:00,2024-01-03 09:35:00,S,0.6114,0.6170539199238969,0.6170539199238969,0.5972652001902579,-1.0,-1.119,sl,21
2024-01-03 09:40:00,2024-01-03 11:05:00,L,0.619,0.6113337163607212,0.6113337163607212,0.6381657090981969,-1.0,-1.089,sl,17
2024-01-03 11:15:00,2024-01-03 12:00:00,S,0.6056,0.5719525065926279,0.6190589973629489,0.5719525065926279,2.5,2.451,tp,9
2024-01-03 12:05:00,2024-01-03 12:10:00,S,0.5788,0.4839253588290913,0.6167498564683634,0.4839253588290913,2.5,2.483,tp,1
2024-01-03 12:15:00,2024-01-03 20:15:00,S,0.521,0.5574,0.6137698033029042,0.28907549174273955,-0.392,-0.399,time,96
2024-01-03 23:15:00,2024-01-04 00:05:00,S,0.5541,0.5611030040396309,0.5611030040396309,0.5365924899009229,-1.0,-1.087,sl,10
2024-01-04 01:25:00,2024-01-04 04:25:00,S,0.5498,0.562883897739649,0.562883897739649,0.5170902556508774,-1.0,-1.046,sl,36
2024-01-04 08:20:00,2024-01-04 09:55:00,S,0.5538,0.5639427272955675,0.5639427272955675,0.5284431817610811,-1.0,-1.06,sl,19
2024-01-05 00:40:00,2024-01-05 01:45:00,S,0.5663,0.5491894730395721,0.5731442107841712,0.5491894730395721,2.5,2.409,tp,13
2024-01-05 01:50:00,2024-01-05 09:50:00,S,0.5498,0.5549,0.571041495090921,0.4966962622726975,-0.24,-0.269,time,96
2024-01-05 11:00:00,2024-01-05 19:00:00,S,0.5449,0.5285,0.5557753944922859,0.5177115137692856,1.508,1.453,time,96
2024-01-06 02:20:00,2024-01-06 05:50:00,S,0.5334,0.5172631908446118,0.5398547236621553,0.5172631908446118,2.5,2.409,tp,42
2024-01-06 05:55:00,2024-01-06 13:55:00,S,0.5191,0.5215,0.5314879190394466,0.48813020240138355,-0.194,-0.24,time,96
2024-01-06 19:45:00,2024-01-07 03:45:00,S,0.5206,0.5209,0.529975189456976,0.4971620263575599,-0.032,-0.093,time,96
2024-01-07 08:50:00,2024-01-07 16:50:00,S,0.5236,0.5109,0.5304036444232423,0.5065908889418942,1.867,1.782,time,96
2024-01-07 16:55:00,2024-01-07 17:45:00,S,0.5109,0.5169728631963227,0.5169728631963227,0.4957178420091932,-1.0,-1.093,sl,10
2024-01-07 21:00:00,2024-01-07 22:15:00,S,0.5135,0.5009536006508707,0.5185185597396517,0.5009536006508707,2.5,2.387,tp,15
2024-01-07 22:20:00,2024-01-08 06:20:00,S,0.4988,0.4898,0.5148485002436741,0.45867874939081477,0.561,0.527,time,96
2024-01-08 12:05:00,2024-01-08 18:35:00,L,0.504,0.533455416883365,0.492217833246654,0.533455416883365,2.5,2.453,tp,78
2024-01-08 18:40:00,2024-01-09 02:40:00,L,0.5351,0.5314,0.5123242256797766,0.5920394358005585,-0.162,-0.188,time,96
2024-01-09 05:05:00,2024-01-09 08:40:00,L,0.534,0.5257012974968428,0.5257012974968428,0.5547467562578932,-1.0,-1.071,sl,43
2024-01-09 09:20:00,2024-01-09 17:20:00,S,0.5194,0.5086,0.5306263125401136,0.4913342186497159,0.962,0.911,time,96
2024-01-09 19:50:00,2024-01-09 21:10:00,S,0.5037,0.5110535703487795,0.5110535703487795,0.48531607412805133,-1.0,-1.075,sl,16
2024-01-10 05:40:00,2024-01-10 10:00:00,S,0.5093,0.5190732770824532,0.5190732770824532,0.4848668072938669,-1.0,-1.057,sl,52
2024-01-10 12:50:00,2024-01-10 18:00:00,S,0.5004,0.5162757244677911,0.5162757244677911,0.460710688830522,-1.0,-1.035,sl,62
2024-01-10 18:05:00,2024-01-10 22:05:00,L,0.5156,0.5588468478913865,0.49830126084344534,0.5588468478913865,2.5,2.467,tp,48
2024-01-10 22:10:00,2024-01-11 06:10:00,L,0.5589,0.5628,0.5296946497549998,0.6319133756125004,0.134,0.112,time,96
2024-01-11 08:10:00,2024-01-11 12:05:00,L,0.5793,0.6019127105643803,0.5702549157742479,0.6019127105643803,2.5,2.43,tp,47
2024-01-11 12:10:00,2024-01-11 15:40:00,L,0.6018,0.5900208360167755,0.5900208360167755,0.6312479099580613,-1.0,-1.056,sl,42
2024-01-11 20:10:00,2024-01-11 20:35:00,L,0.5876,0.5770823910537242,0.5770823910537242,0.6138940223656897,-1.0,-1.061,sl,5
2024-01-12 05:50:00,2024-01-12 07:45:00,L,0.5861,0.5776788830899626,0.5776788830899626,0.6071527922750932,-1.0,-1.077,sl,23
2024-01-12 12:25:00,2024-01-12 12:40:00,L,0.5861,0.5790835648728242,0.5790835648728242,0.6036410878179393,-1.0,-1.092,sl,3
2024-01-12 15:40:00,2024-01-12 23:40:00,S,0.5636,0.5467,0.5865914610840349,0.5061213472899126,0.735,0.708,time,96
2024-01-13 13:55:00,2024-01-13 14:45:00,S,0.546,0.5491644757606026,0.5491644757606026,0.5380888105984938,-1.0,-1.19,sl,10
2024-01-13 17:00:00,2024-01-14 01:00:00,S,0.5438,0.5433,0.5525019445247593,0.5220451386881015,0.057,-0.011,time,96
2024-01-14 04:45:00,2024-01-14 05:30:00,S,0.5417,0.5466834212349067,0.5466834212349067,0.5292414469127332,-1.0,-1.12,sl,9
2024-01-14 19:15:00,2024-01-14 23:20:00,S,0.5422,0.5262594029618685,0.5485762388152526,0.5262594029618685,2.5,2.406,tp,49
2024-01-14 23:25:00,2024-01-15 03:30:00,S,0.5268,0.5395756529410258,0.5395756529410258,0.4948608676474356,-1.0,-1.045,sl,49
2024-01-15 07:20:00,2024-01-15 09:50:00,S,0.537,0.5400933112912325,0.5400933112912325,0.5292667217719189,-1.0,-1.191,sl,30
2024-01-15 12:25:00,2024-01-15 14:05:00,S,0.5369,0.5318348832932465,0.5389260466827015,0.5318348832932465,2.5,2.209,tp,20
2024-01-15 14:10:00,2024-01-15 22:10:00,S,0.5331,0.526,0.5377699739696398,0.5214250650759007,1.52,1.395,time,96
2024-01-15 22:15:00,2024-01-16 00:15:00,S,0.526,0.5314569251273967,0.5314569251273967,0.5123576871815083,-1.0,-1.106,sl,24
2024-01-16 06:25:00,2024-01-16 08:40:00,S,0.5304,0.5352058040373496,0.5352058040373496,0.5183854899066258,-1.0,-1.121,sl,27
2024-01-16 12:50:00,2024-01-16 14:00:00,L,0.5409,0.536893691014188,0.536893691014188,0.55091577246453,-1.0,-1.149,sl,14
2024-01-16 14:40:00,2024-01-16 15:25:00,S,0.5308,0.5424745924937668,0.5424745924937668,0.501613518765583,-1.0,-1.05,sl,9
2024-01-16 15:30:00,2024-01-16 23:30:00,L,0.5424,0.5365,0.5241188960809523,0.5881027597976192,-0.323,-0.355,time,96
2024-01-16 23:35:00,2024-01-17 07:35:00,S,0.5365,0.5308,0.542630932156564,0.5211726696085899,0.93,0.833,time,96
2024-01-17 07:50:00,2024-01-17 10:20:00,S,0.5284,0.5332237382284911,0.5332237382284911,0.5163406544287721,-1.0,-1.12,sl,30
2024-01-17 13:50:00,2024-01-17 21:50:00,S,0.5291,0.5289,0.5351679604497754,0.5139300988755615,0.033,-0.063,time,96
2024-01-17 22:30:00,2024-01-18 06:30:00,S,0.525,0.5226,0.5306643558119577,0.5108391104701058,0.424,0.322,time,96
2024-01-18 10:55:00,2024-01-18 16:20:00,S,0.5162,0.5231442305279841,0.5231442305279841,0.49883942368003975,-1.0,-1.082,sl,65
2024-01-18 16:50:00,2024-01-19 00:50:00,S,0.5114,0.5001,0.5240115192258069,0.4798712019354826,0.896,0.851,time,96
2024-01-19 01:20:00,2024-01-19 09:20:00,S,0.4958,0.5004,0.5019661409264232,0.480384647683942,-0.746,-0.834,time,96
2024-01-19 12:30:00,2024-01-19 15:10:00,S,0.4984,0.48868730611433675,0.5022850775542653,0.48868730611433675,2.5,2.359,tp,32
2024-01-19 15:15:00,2024-01-19 20:05:00,S,0.4902,0.499424784876375,0.499424784876375,0.4671380378090626,-1.0,-1.058,sl,58
2024-01-20 01:30:00,2024-01-20 09:30:00,L,0.507,0.5118,0.49839885019933927,0.5285028745016518,0.558,0.493,time,96
2024-01-20 12:10:00,2024-01-20 15:00:00,L,0.5155,0.5096445643701377,0.5096445643701377,0.5301385890746555,-1.0,-1.097,sl,34
2024-01-20 20:20:00,2024-01-21 04:20:00,L,0.5128,0.518,0.5087738026886128,0.522865493278468,1.292,1.151,time,96
2024-01-21 04:40:00,2024-01-21 05:15:00,L,0.5192,0.5162791207540887,0.5162791207540887,0.5265021981147784,-1.0,-1.196,sl,7
2024-01-21 16:10:00,2024-01-22 00:10:00,S,0.5121,0.5039,0.5200427690405938,0.4922430773985156,1.032,0.961,time,96
2024-01-22 00:30:00,2024-01-22 00:45:00,S,0.5018,0.5060510832725785,0.5060510832725785,0.49117229181855376,-1.0,-1.13,sl,3
2024-01-22 01:20:00,2024-01-22 08:40:00,S,0.5019,0.49014984431133685,0.5066000622754653,0.49014984431133685,2.5,2.383,tp,88
2024-01-22 08:45:00,2024-01-22 13:10:00,S,0.4907,0.49939916977629584,0.49939916977629584,0.4689520755592605,-1.0,-1.062,sl,53
2024-01-22 15:10:00,2024-01-22 23:10:00,S,0.492,0.4803,0.4985491645906672,0.4756270885233319,1.786,1.704,time,96
2024-01-22 23:30:00,2024-01-23 02:30:00,S,0.4791,0.4845939097934284,0.4845939097934284,0.465365225516429,-1.0,-1.096,sl,36
2024-01-23 07:00:00,2024-01-23 08:10:00,S,0.4802,0.47095518074470166,0.48389792770211937,0.47095518074470166,2.5,2.357,tp,14
2024-01-23 08:15:00,2024-01-23 14:05:00,S,0.4719,0.45037554212657016,0.4805097831493719,0.45037554212657016,2.5,2.44,tp,70
2024-01-23 14:10:00,2024-01-23 14:55:00,S,0.4491,0.4581352614812238,0.4581352614812238,0.4265118462969405,-1.0,-1.055,sl,9
2024-01-23 19:45:00,2024-01-23 20:15:00,S,0.464,0.46728794103322036,0.46728794103322036,0.45578014741694917,-1.0,-1.155,sl,6
2024-01-24 01:45:00,2024-01-24 09:45:00,S,0.4678,0.4708,0.47777142472688966,0.44287143818277586,-0.301,-0.352,time,96
2024-01-24 10:35:00,2024-01-24 13:40:00,L,0.4751,0.4700452553130786,0.4700452553130786,0.48773686171730357,-1.0,-1.103,sl,37
2024-01-24 13:45:00,2024-01-24 17:25:00,S,0.4696,0.4776685715172439,0.4776685715172439,0.4494285712068903,-1.0,-1.064,sl,44
2024-01-24 18:25:00,2024-01-25 02:25:00,S,0.4688,0.4721,0.47880942748366095,0.4437764312908476,-0.33,-0.381,time,96
2024-01-25 02:55:00,2024-01-25 03:25:00,S,0.4695,0.47273514018751717,0.47273514018751717,0.461412149531207,-1.0,-1.16,sl,6
2024-01-25 05:05:00,2024-01-25 07:25:00,S,0.4671,0.47313214085850047,0.47313214085850047,0.4520196478537489,-1.0,-1.085,sl,28
2024-01-25 07:30:00,2024-01-25 15:10:00,L,0.474,0.4683872626151318,0.4683872626151318,0.48803184346217043,-1.0,-1.093,sl,92
2024-01-25 15:20:00,2024-01-25 23:20:00,S,0.4677,0.4653,0.4765071631437068,0.44568209214073307,0.273,0.214,time,96
2024-01-26 06:55:00,2024-01-26 09:40:00,S,0.469,0.47290457938282854,0.47290457938282854,0.4592385515429286,-1.0,-1.132,sl,33
2024-01-26 10:40:00,2024-01-26 12:25:00,L,0.4744,0.48698670275817246,0.469365318896731,0.48698670275817246,2.5,2.396,tp,21
2024-01-26 12:30:00,2024-01-26 13:50:00,L,0.487,0.47970754233315815,0.47970754233315815,0.5052311441671046,-1.0,-1.073,sl,16
2024-01-26 16:05:00,2024-01-26 19:30:00,L,0.4861,0.48247608109040313,0.48247608109040313,0.49515979727399206,-1.0,-1.148,sl,41
2024-01-26 23:05:00,2024-01-27 05:50:00,L,0.4862,0.4814137992953326,0.4814137992953326,0.4981655017616685,-1.0,-1.112,sl,81
2024-01-27 08:10:00,2024-01-27 10:15:00,S,0.4785,0.4813993669945062,0.4813993669945062,0.47125158251373445,-1.0,-1.182,sl,25
2024-01-27 10:20:00,2024-01-27 18:20:00,L,0.4816,0.4847,0.4771950273541984,0.49261243161450396,0.704,0.583,time,96
2024-01-27 19:45:00,2024-01-28 03:45:00,L,0.4885,0.4935,0.4841159621456901,0.4994600946357748,1.141,1.018,time,96
2024-01-28 03:50:00,2024-01-28 11:50:00,L,0.4935,0.4958,0.4898019288458801,0.5027451778852998,0.622,0.475,time,96
2024-01-28 19:45:00,2024-01-28 21:00:00,S,0.485,0.4904644526044269,0.4904644526044269,0.4713388684889327,-1.0,-1.098,sl,15
2024-01-28 21:10:00,2024-01-29 05:10:00,L,0.4908,0.4924,0.4829546400452212,0.510413399886947,0.204,0.135,time,96
2024-01-29 07:10:00,2024-01-29 15:10:00,S,0.4896,0.489,0.49247295456831336,0.48241761357921653,0.209,0.021,time,96
2024-01-29 16:00:00,2024-01-29 20:45:00,L,0.4974,0.5261781580057405,0.4858887367977038,0.5261781580057405,2.5,2.452,tp,57
2024-01-29 20:50:00,2024-01-30 04:50:00,L,0.5253,0.5285,0.5201099082530792,0.5382752293673019,0.617,0.505,time,96
2024-01-31 00:10:00,2024-01-31 08:10:00,S,0.5117,0.5089,0.5216551147215903,0.48681221319602436,0.281,0.225,time,96
2024-01-31 09:25:00,2024-01-31 17:25:00,S,0.5044,0.5075,0.5121706459404587,0.48497338514885313,-0.399,-0.47,time,96
2024-01-31 17:55:00,2024-01-31 20:05:00,L,0.5137,0.5053250933850478,0.5053250933850478,0.5346372665373806,-1.0,-1.067,sl,26
2024-01-31 20:10:00,2024-02-01 04:10:00,S,0.5071,0.4919,0.5169967910895762,0.4823580222760595,1.536,1.479,time,96
2024-02-01 05:35:00,2024-02-01 08:45:00,S,0.4886,0.49334090776475026,0.49334090776475026,0.47674773058812425,-1.0,-1.113,sl,38
2024-02-01 11:55:00,2024-02-01 14:15:00,S,0.4889,0.4928091137478334,0.4928091137478334,0.47912721563041644,-1.0,-1.138,sl,28
2024-02-01 20:05:00,2024-02-02 04:05:00,L,0.4995,0.5058,0.49395592551661294,0.5133601862084677,1.136,1.037,time,96
2024-02-02 06:45:00,2024-02-02 10:45:00,L,0.5088,0.5210352375522689,0.5039059049790925,0.5210352375522689,2.5,2.386,tp,48
2024-02-02 10:50:00,2024-02-02 12:40:00,L,0.5227,0.5148114691654174,0.5148114691654174,0.5424213270864566,-1.0,-1.073,sl,22
2024-02-02 16:00:00,2024-02-02 18:05:00,L,0.5177,0.5096087587638389,0.5096087587638389,0.5379281030904028,-1.0,-1.07,sl,25
2024-02-02 23:00:00,2024-02-03 07:00:00,L,0.5133,0.5186,0.508716956056506,0.5247576098587349,1.156,1.033,time,96
2024-02-03 08:15:00,2024-02-03 15:00:00,L,0.5213,0.5139352740408095,0.5139352740408095,0.5397118148979761,-1.0,-1.078,sl,81
2024-02-03 23:40:00,2024-02-04 07:15:00,S,0.5122,0.5027220597504116,0.5159911760998354,0.5027220597504116,2.5,2.351,tp,91
2024-02-04 07:20:00,2024-02-04 11:35:00,S,0.5021,0.507033833089894,0.507033833089894,0.4897654172752649,-1.0,-1.112,sl,51
2024-02-04 16:10:00,2024-02-04 22:35:00,S,0.5034,0.49545255013348943,0.5065789799466042,0.49545255013348943,2.5,2.326,tp,77
2024-02-04 22:40:00,2024-02-05 06:40:00,S,0.4954,0.4966,0.5035763769365263,0.4749590576586842,-0.147,-0.213,time,96
2024-02-05 15:05:00,2024-02-05 23:05:00,S,0.4984,0.4906,0.5053521139631666,0.4810197150920835,1.122,1.043,time,96
2024-02-06 05:15:00,2024-02-06 08:10:00,S,0.491,0.4944807170004462,0.4944807170004462,0.4822982074988844,-1.0,-1.155,sl,35
2024-02-06 10:50:00,2024-02-06 16:20:00,S,0.4931,0.4985878280316143,0.4985878280316143,0.47938042992096425,-1.0,-1.099,sl,66
2024-02-06 19:35:00,2024-02-07 03:30:00,L,0.5003,0.49539795188687374,0.49539795188687374,0.5125551202828156,-1.0,-1.112,sl,95
2024-02-07 03:35:00,2024-02-07 04:20:00,S,0.4959,0.48289897760520123,0.5011004089579195,0.48289897760520123,2.5,2.395,tp,9
2024-02-07 04:25:00,2024-02-07 12:25:00,S,0.4838,0.4774,0.4980330260863351,0.4482174347841623,0.45,0.412,time,96
2024-02-07 20:10:00,2024-02-08 00:00:00,L,0.4934,0.5046861937243508,0.4888855225102597,0.5046861937243508,2.5,2.38,tp,46
2024-02-08 00:05:00,2024-02-08 07:50:00,L,0.5047,0.5200273210632997,0.49856907157468017,0.5200273210632997,2.5,2.409,tp,93
2024-02-08 07:55:00,2024-02-08 15:55:00,L,0.5212,0.5315,0.5090679543010618,0.5515301142473455,0.849,0.802,time,96
2024-02-08 19:50:00,2024-02-08 22:35:00,L,0.5305,0.5251497872634289,0.5251497872634289,0.5438755318414277,-1.0,-1.109,sl,33
2024-02-09 00:10:00,2024-02-09 08:10:00,L,0.5307,0.5357,0.5254842185998224,0.5437394535004438,0.959,0.847,time,96
2024-02-09 08:45:00,2024-02-09 14:25:00,L,0.5395,0.5338559411291672,0.5338559411291672,0.5536101471770818,-1.0,-1.105,sl,68
2024-02-09 19:45:00,2024-02-10 03:45:00,L,0.5429,0.5416,0.5364917421337341,0.5589206446656649,-0.203,-0.296,time,96
2024-02-10 08:55:00,2024-02-10 15:25:00,S,0.5329,0.5371190087483309,0.5371190087483309,0.5223524781291731,-1.0,-1.139,sl,78
2024-02-10 15:30:00,2024-02-10 21:05:00,L,0.5374,0.5484228138034435,0.5329908744786226,0.5484228138034435,2.5,2.366,tp,67
2024-02-10 21:10:00,2024-02-11 05:10:00,L,0.5496,0.5605,0.5399116357435322,0.5738209106411695,1.125,1.063,time,96
2024-02-11 15:30:00,2024-02-11 23:30:00,S,0.5444,0.5412,0.5481271891432044,0.5350820271419892,0.859,0.698,time,96
2024-02-12 02:30:00,2024-02-12 10:30:00,S,0.5383,0.535,0.5446469620515535,0.5224325948711163,0.52,0.427,time,96
2024-02-12 11:20:00,2024-02-12 12:05:00,S,0.5316,0.5361374159165272,0.5361374159165272,0.5202564602086819,-1.0,-1.129,sl,9
2024-02-12 14:50:00,2024-02-12 17:30:00,L,0.5421,0.5627552955039768,0.5338378817984093,0.5627552955039768,2.5,2.428,tp,32
2024-02-12 17:35:00,2024-02-13 01:35:00,L,0.5635,0.5632,0.5511290033070334,0.5944274917324165,-0.024,-0.074,time,96
2024-02-13 13:30:00,2024-02-13 13:35:00,S,0.5508,0.5421902501397372,0.5542438999441051,0.5421902501397372,2.5,2.324,tp,1
2024-02-13 13:40:00,2024-02-13 21:40:00,S,0.5448,0.5457,0.5544243515135723,0.5207391212160691,-0.094,-0.156,time,96
2024-02-14 00:45:00,2024-02-14 03:10:00,S,0.5413,0.5460298217141238,0.5460298217141238,0.5294754457146904,-1.0,-1.126,sl,29
2024-02-14 04:20:00,2024-02-14 07:30:00,L,0.5481,0.5530915902975312,0.5461033638809876,0.5530915902975312,2.5,2.198,tp,38
2024-02-14 07:35:00,2024-02-14 09:05:00,L,0.5519,0.5601454748273422,0.5486018100690631,0.5601454748273422,2.5,2.316,tp,18
2024-02-14 09:10:00,2024-02-14 17:10:00,L,0.5608,0.5721,0.5501282869133931,0.5874792827165172,1.059,1.001,time,96
2024-02-14 19:40:00,2024-02-15 03:40:00,L,0.5755,0.5822,0.5708408449173495,0.5871478877066262,1.438,1.302,time,96
2024-02-15 09:20:00,2024-02-15 11:00:00,L,0.5787,0.5893531150559939,0.5744387539776025,0.5893531150559939,2.5,2.351,tp,20
2024-02-15 11:05:00,2024-02-15 15:10:00,L,0.5894,0.6101267955598149,0.5811092817760741,0.6101267955598149,2.5,2.422,tp,49
2024-02-15 15:15:00,2024-02-15 16:05:00,L,0.6103,0.5974430137642789,0.5974430137642789,0.6424424655893026,-1.0,-1.052,sl,10
2024-02-15 23:35:00,2024-02-16 07:35:00,L,0.6045,0.6003,0.5950127688676907,0.6282180778307733,-0.443,-0.513,time,96
2024-02-16 11:45:00,2024-02-16 12:00:00,L,0.6008,0.5983584100703285,0.5983584100703285,0.6069039748241787,-1.0,-1.271,sl,3
2024-02-16 12:35:00,2024-02-16 14:30:00,L,0.6041,0.5979392475771249,0.5979392475771249,0.6195018810571876,-1.0,-1.108,sl,23
2024-02-16 15:15:00,2024-02-16 23:15:00,S,0.5848,0.5949,0.6062397046665406,0.5312007383336483,-0.471,-0.501,time,96
2024-02-16 23:40:00,2024-02-17 01:35:00,L,0.5976,0.5914817403222941,0.5914817403222941,0.612895649194265,-1.0,-1.107,sl,23
2024-02-17 01:40:00,2024-02-17 09:40:00,S,0.5916,0.5857,0.5988464675325585,0.5734838311686037,0.814,0.724,time,96
2024-02-17 09:50:00,2024-02-17 12:50:00,S,0.5852,0.5892587732603388,0.5892587732603388,0.5750530668491531,-1.0,-1.159,sl,36
2024-02-17 13:30:00,2024-02-17 20:30:00,S,0.5821,0.589872190015052,0.589872190015052,0.5626695249623699,-1.0,-1.082,sl,84
2024-02-17 20:35:00,2024-02-17 20:55:00,L,0.59,0.6002425600382675,0.585902975984693,0.6002425600382675,2.5,2.342,tp,4
2024-02-17 21:00:00,2024-02-18 05:00:00,L,0.5995,0.6258,0.5864252875618563,0.6321867810953594,2.012,1.961,time,96
2024-02-18 08:50:00,2024-02-18 13:55:00,L,0.6325,0.6238659507198674,0.6238659507198674,0.6540851232003313,-1.0,-1.081,sl,61
2024-02-18 23:20:00,2024-02-18 23:30:00,L,0.6259,0.6198114791049616,0.6198114791049616,0.6411213022375961,-1.0,-1.113,sl,2
2024-02-19 00:40:00,2024-02-19 08:40:00,L,0.6273,0.6325,0.6165875545482069,0.6540811136294826,0.485,0.421,time,96
2024-02-19 09:30:00,2024-02-19 10:25:00,L,0.6378,0.6255452186546461,0.6255452186546461,0.6684369533633849,-1.0,-1.057,sl,11
2024-02-19 11:05:00,2024-02-19 13:35:00,L,0.6386,0.6224764524651458,0.6224764524651458,0.6789088688371352,-1.0,-1.044,sl,30
2024-02-19 16:45:00,2024-02-19 16:50:00,L,0.6267,0.6217878040960452,0.6217878040960452,0.6389804897598872,-1.0,-1.14,sl,1
2024-02-19 17:50:00,2024-02-20 01:50:00,L,0.6275,0.627,0.6147119362372094,0.6594701594069763,-0.039,-0.093,time,96
2024-02-20 02:10:00,2024-02-20 09:15:00,L,0.6347,0.6198296098109125,0.6198296098109125,0.6718759754727188,-1.0,-1.047,sl,85
2024-02-20 09:25:00,2024-02-20 10:15:00,S,0.622,0.6278633153910135,0.6278633153910135,0.6073417115224663,-1.0,-1.117,sl,10
2024-02-20 10:35:00,2024-02-20 15:25:00,L,0.6347,0.6152994011742785,0.6152994011742785,0.6832014970643039,-1.0,-1.036,sl,58
2024-02-20 15:30:00,2024-02-20 23:30:00,S,0.6022,0.6241,0.6319734952558027,0.527766261860493,-0.736,-0.758,time,96
2024-02-21 00:50:00,2024-02-21 07:00:00,S,0.6164,0.5964691391606258,0.6243723443357496,0.5964691391606258,2.5,2.415,tp,74
2024-02-21 07:05:00,2024-02-21 15:05:00,S,0.593,0.5864,0.6039290176353884,0.5656774559115288,0.604,0.544,time,96
2024-02-21 18:05:00,2024-02-21 21:50:00,S,0.5815,0.5911078784932217,0.5911078784932217,0.5574803037669459,-1.0,-1.067,sl,45
2024-02-22 01:35:00,2024-02-22 06:30:00,S,0.5869,0.5959237969716353,0.5959237969716353,0.5643405075709116,-1.0,-1.072,sl,59
2024-02-22 06:35:00,2024-02-22 13:45:00,L,0.5967,0.5859737158965884,0.5859737158965884,0.6235157102585289,-1.0,-1.061,sl,86
2024-02-22 13:50:00,2024-02-22 15:00:00,S,0.5851,0.5977690225380814,0.5977690225380814,0.5534274436547963,-1.0,-1.051,sl,14
2024-02-22 20:35:00,2024-02-22 21:35:00,L,0.6006,0.5933733536958561,0.5933733536958561,0.6186666157603599,-1.0,-1.091,sl,12
2024-02-22 21:40:00,2024-02-23 05:40:00,S,0.5922,0.5888,0.6041503277324324,0.5623241806689189,0.285,0.23,time,96
2024-02-23 07:50:00,2024-02-23 15:50:00,S,0.5841,0.5825,0.5930756844340306,0.5616607889149234,0.178,0.107,time,96
2024-02-23 16:05:00,2024-02-23 19:20:00,S,0.5725,0.5895579474872417,0.5895579474872417,0.5298551312818959,-1.0,-1.037,sl,39
2024-02-23 20:05:00,2024-02-23 22:30:00,L,0.5906,0.585701932398855,0.585701932398855,0.6028451690028624,-1.0,-1.133,sl,29
2024-02-23 22:45:00,2024-02-24 06:45:00,S,0.5845,0.5814,0.5920528532415013,0.5656178668962469,0.41,0.325,time,96
2024-02-24 10:10:00,2024-02-24 18:10:00,L,0.5895,0.596,0.5846640332257796,0.601589916935551,1.344,1.21,time,96
2024-02-25 02:15:00,2024-02-25 03:00:00,L,0.6002,0.5948567289422493,0.5948567289422493,0.6135581776443766,-1.0,-1.124,sl,9
2024-02-25 08:45:00,2024-02-25 16:45:00,S,0.5913,0.582,0.5965138437511911,0.5782653906220224,1.784,1.659,time,96
2024-02-25 16:50:00,2024-02-25 17:20:00,S,0.582,0.5859503104673969,0.5859503104673969,0.5721242238315076,-1.0,-1.162,sl,6
2024-02-26 02:00:00,2024-02-26 06:45:00,S,0.5857,0.5908339593891587,0.5908339593891587,0.5728651015271031,-1.0,-1.125,sl,57
2024-02-26 06:50:00,2024-02-26 07:35:00,L,0.5918,0.5860847070261241,0.5860847070261241,0.6060882324346897,-1.0,-1.114,sl,9
2024-02-26 08:20:00,2024-02-26 14:45:00,S,0.5841,0.5911718069363006,0.5911718069363006,0.5664204826592485,-1.0,-1.091,sl,77
2024-02-26 14:50:00,2024-02-26 16:25:00,L,0.5919,0.6153510901213847,0.5825195639514461,0.6153510901213847,2.5,2.431,tp,19
2024-02-26 16:30:00,2024-02-27 00:30:00,L,0.6136,0.6173,0.598518285859148,0.65130428535213,0.245,0.201,time,96
2024-02-27 01:05:00,2024-02-27 07:50:00,L,0.6232,0.6156799142535461,0.6156799142535461,0.6420002143661347,-1.0,-1.091,sl,81
2024-02-27 09:40:00,2024-02-27 11:40:00,L,0.6232,0.6181726494029663,0.6181726494029663,0.6357683764925841,-1.0,-1.136,sl,24
2024-02-27 18:55:00,2024-02-28 02:55:00,L,0.6249,0.621,0.6102524369037621,0.6615189077405949,-0.266,-0.313,time,96
2024-02-28 07:55:00,2024-02-28 15:55:00,L,0.6287,0.64,0.617412988978394,0.6569175275540151,1.001,0.94,time,96
2024-02-28 16:55:00,2024-02-28 17:30:00,L,0.6535,0.6380595930403908,0.6380595930403908,0.6921010173990227,-1.0,-1.047,sl,7
2024-02-28 21:40:00,2024-02-29 01:40:00,L,0.6251,0.6485812914867455,0.6157074834053018,0.6485812914867455,2.5,2.427,tp,48
2024-02-29 01:45:00,2024-02-29 07:00:00,L,0.6487,0.693960656527354,0.6305957373890585,0.693960656527354,2.5,2.461,tp,63
2024-02-29 07:05:00,2024-02-29 15:05:00,L,0.693,0.7025,0.6671972024992594,0.7575069937518513,0.368,0.339,time,96
2024-02-29 22:20:00,2024-03-01 00:55:00,S,0.6527,0.6715770817802136,0.6715770817802136,0.6055072955494658,-1.0,-1.038,sl,31
2024-03-01 01:00:00,2024-03-01 09:00:00,L,0.6726,0.6786,0.6530450546438064,0.721487363390484,0.307,0.269,time,96
2024-03-01 09:05:00,2024-03-01 17:05:00,L,0.6786,0.6854,0.6622429141272331,0.7194927146819171,0.416,0.37,time,96
2024-03-01 23:25:00,2024-03-02 00:05:00,L,0.7065,0.7379230763297652,0.693930769468094,0.7379230763297652,2.5,2.438,tp,8
2024-03-02 00:10:00,2024-03-02 08:10:00,L,0.7436,0.7412,0.6985920317758596,0.8561199205603511,-0.053,-0.071,time,96
2024-03-02 19:05:00,2024-03-02 20:15:00,L,0.743,0.7323699444079562,0.7323699444079562,0.7695751389801094,-1.0,-1.077,sl,14
2024-03-03 07:10:00,2024-03-03 07:25:00,S,0.7245,0.6979569727882872,0.7351172108846852,0.6979569727882872,2.5,2.425,tp,3
2024-03-03 07:30:00,2024-03-03 15:30:00,S,0.7027,0.7236,0.7355381191126419,0.6206047022183953,-0.636,-0.66,time,96
2024-03-03 16:50:00,2024-03-04 00:50:00,L,0.7324,0.7319,0.7207828379271763,0.7614429051820593,-0.043,-0.112,time,96
2024-03-04 02:40:00,2024-03-04 06:40:00,L,0.7507,0.7900151427557781,0.7349739428976888,0.7900151427557781,2.5,2.447,tp,48
2024-03-04 06:45:00,2024-03-04 14:45:00,L,0.7896,0.7845,0.7598634807451943,0.8639412981370143,-0.172,-0.201,time,96
2024-03-04 23:15:00,2024-03-05 02:15:00,L,0.7799,0.7641916026624773,0.7641916026624773,0.8191709933438068,-1.0,-1.055,sl,36
2024-03-05 09:30:00,2024-03-05 15:30:00,L,0.7745,0.7558891715149316,0.7558891715149316,0.8210270712126708,-1.0,-1.046,sl,72
2024-03-05 15:35:00,2024-03-05 19:35:00,S,0.7561,0.6918149718115384,0.7818140112753846,0.6918149718115384,2.5,2.468,tp,48
2024-03-05 19:40:00,2024-03-05 19:55:00,S,0.686,0.5659521069987112,0.7340191572005156,0.5659521069987112,2.5,2.484,tp,3
2024-03-05 20:00:00,2024-03-06 04:00:00,S,0.6334,0.6787,0.7275725240257566,0.39796868993560847,-0.481,-0.488,time,96
2024-03-06 07:10:00,2024-03-06 08:05:00,L,0.7236,0.7444042066837011,0.7152783173265196,0.7444042066837011,2.5,2.404,tp,11
2024-03-06 08:10:00,2024-03-06 12:40:00,L,0.7448,0.7190798250325411,0.7190798250325411,0.8091004374186473,-1.0,-1.032,sl,54
2024-03-06 12:45:00,2024-03-06 20:45:00,S,0.7137,0.7259,0.7383067830430546,0.6521830423923634,-0.496,-0.528,time,96
2024-03-06 21:35:00,2024-03-07 05:35:00,L,0.7309,0.7279,0.7210161138744425,0.7556097153138936,-0.304,-0.385,time,96
2024-03-07 05:40:00,2024-03-07 13:40:00,S,0.7279,0.7318,0.7444358863615556,0.6865602840961111,-0.236,-0.284,time,96
2024-03-07 14:25:00,2024-03-07 22:25:00,L,0.7423,0.7488,0.7263599584468753,0.7821501038828116,0.408,0.357,time,96
2024-03-08 05:25:00,2024-03-08 13:25:00,S,0.7345,0.732,0.7425165135859311,0.7144587160351725,0.312,0.211,time,96
2024-03-08 15:35:00,2024-03-08 23:35:00,S,0.7225,0.7228,0.7420736980431892,0.6735657548920271,-0.015,-0.056,time,96
2024-03-09 07:20:00,2024-03-09 09:50:00,L,0.7374,0.7321334193479202,0.7321334193479202,0.7505664516301997,-1.0,-1.154,sl,30
2024-03-09 10:10:00,2024-03-09 15:25:00,S,0.731,0.7366145888200569,0.7366145888200569,0.7169635279498576,-1.0,-1.143,sl,63
2024-03-09 17:05:00,2024-03-09 17:10:00,L,0.7399,0.733844434031576,0.733844434031576,0.7550389149210601,-1.0,-1.134,sl,1
2024-03-10 05:40:00,2024-03-10 08:00:00,S,0.7339,0.7385298733507243,0.7385298733507243,0.7223253166231893,-1.0,-1.174,sl,28
2024-03-10 08:10:00,2024-03-10 09:20:00,L,0.7391,0.7314584115496161,0.7314584115496161,0.7582039711259596,-1.0,-1.106,sl,14
2024-03-10 09:35:00,2024-03-10 17:35:00,S,0.7287,0.7203,0.7393886721000548,0.7019783197498631,0.786,0.711,time,96
2024-03-10 22:20:00,2024-03-11 06:20:00,S,0.7092,0.7121,0.7213433395517155,0.6788416511207115,-0.239,-0.303,time,96
2024-03-11 07:05:00,2024-03-11 15:05:00,L,0.7269,0.738,0.7068692067398966,0.7769769831502584,0.554,0.514,time,96
2024-03-11 15:50:00,2024-03-11 23:50:00,L,0.7569,0.7754,0.7319765717831009,0.8192085705422477,0.742,0.709,time,96
2024-03-12 08:10:00,2024-03-12 14:05:00,S,0.7453,0.7581120700485598,0.7581120700485598,0.7132698248786002,-1.0,-1.064,sl,71
2024-03-12 17:10:00,2024-03-12 23:40:00,S,0.7211,0.749032656939217,0.749032656939217,0.6512683576519576,-1.0,-1.028,sl,78
2024-03-12 23:45:00,2024-03-13 07:45:00,L,0.7489,0.7647,0.7401088709992732,0.7708778225018169,1.797,1.704,time,96
2024-03-13 08:10:00,2024-03-13 10:05:00,L,0.7714,0.760012880935275,0.760012880935275,0.7998677976618125,-1.0,-1.075,sl,23
2024-03-13 13:30:00,2024-03-13 21:30:00,S,0.7547,0.7499,0.7648944825334055,0.7292137936664863,0.471,0.389,time,96
2024-03-13 22:20:00,2024-03-14 04:50:00,L,0.7556,0.7465902289903725,0.7465902289903725,0.7781244275240689,-1.0,-1.092,sl,78
2024-03-14 04:55:00,2024-03-14 06:25:00,S,0.7488,0.7616380920170279,0.7616380920170279,0.7167047699574303,-1.0,-1.064,sl,18
2024-03-14 07:40:00,2024-03-14 09:20:00,L,0.7692,0.7996528748715799,0.757018850051368,0.7996528748715799,2.5,2.431,tp,20
2024-03-14 09:25:00,2024-03-14 13:10:00,L,0.8,0.7787191546996378,0.7787191546996378,0.8532021132509056,-1.0,-1.041,sl,45
2024-03-14 15:30:00,2024-03-14 23:30:00,S,0.7485,0.7535,0.7737992567184355,0.6852518582039113,-0.198,-0.23,time,96
2024-03-15 02:30:00,2024-03-15 03:25:00,S,0.7494,0.7075524975456451,0.7661390009817419,0.7075524975456451,2.5,2.451,tp,11
2024-03-15 03:30:00,2024-03-15 11:30:00,S,0.7107,0.6963,0.7583069281872349,0.5916826795319128,0.302,0.286,time,96
2024-03-15 18:50:00,2024-03-15 20:05:00,L,0.7269,0.7112226207277073,0.7112226207277073,0.7660934481807318,-1.0,-1.051,sl,15
2024-03-15 20:10:00,2024-03-16 04:10:00,S,0.7074,0.7212,0.7418472231898219,0.6212819420254454,-0.401,-0.423,time,96
2024-03-16 04:40:00,2024-03-16 07:00:00,S,0.7174,0.7256021581110867,0.7256021581110867,0.6968946047222833,-1.0,-1.096,sl,28
2024-03-16 07:05:00,2024-03-16 11:30:00,L,0.7246,0.7142062070800875,0.7142062070800875,0.7505844822997813,-1.0,-1.077,sl,53
2024-03-16 12:20:00,2024-03-16 14:00:00,S,0.7172,0.6941445074942303,0.7264221970023078,0.6941445074942303,2.5,2.414,tp,20
2024-03-16 14:05:00,2024-03-16 22:05:00,S,0.6951,0.662,0.7141105651337833,0.6475735871655418,1.741,1.701,time,96
2024-03-16 23:15:00,2024-03-17 02:45:00,S,0.6549,0.6722982281375818,0.6722982281375818,0.6114044296560457,-1.0,-1.041,sl,42
2024-03-17 05:45:00,2024-03-17 07:10:00,S,0.6627,0.6418058745801245,0.6710576501679502,0.6418058745801245,2.5,2.413,tp,17
2024-03-17 07:15:00,2024-03-17 08:45:00,S,0.6408,0.6637443170162548,0.6637443170162548,0.5834392074593631,-1.0,-1.031,sl,18
2024-03-17 12:55:00,2024-03-17 15:35:00,S,0.6655,0.684108701243948,0.684108701243948,0.61897824689013,-1.0,-1.039,sl,32
2024-03-17 21:45:00,2024-03-17 22:30:00,S,0.6776,0.6828370999955587,0.6828370999955587,0.6645072500111031,-1.0,-1.142,sl,9
2024-03-18 00:15:00,2024-03-18 05:25:00,S,0.6712,0.684628924849582,0.684628924849582,0.637627687876045,-1.0,-1.055,sl,62
2024-03-18 05:30:00,2024-03-18 13:20:00,L,0.6856,0.6694758030747954,0.6694758030747954,0.7259104923130115,-1.0,-1.047,sl,94
2024-03-18 13:30:00,2024-03-18 21:30:00,S,0.6695,0.6596,0.6857063188687595,0.6289842028281011,0.611,0.565,time,96
2024-03-19 00:55:00,2024-03-19 08:55:00,S,0.6466,0.6026,0.6670465714434105,0.5954835713914736,2.152,2.117,time,96
2024-03-19 09:10:00,2024-03-19 12:10:00,S,0.5973,0.6241672182042949,0.6241672182042949,0.530131954489263,-1.0,-1.024,sl,36
2024-03-19 18:55:00,2024-03-19 19:25:00,S,0.6134,0.6221702410673395,0.6221702410673395,0.591474397331651,-1.0,-1.077,sl,6
2024-03-19 20:15:00,2024-03-20 04:15:00,S,0.6099,0.5927,0.6249197064550639,0.5723507338623403,1.145,1.1,time,96
2024-03-20 04:35:00,2024-03-20 07:30:00,S,0.5811,0.6060596217457119,0.6060596217457119,0.51870094563572,-1.0,-1.026,sl,35
2024-03-20 15:45:00,2024-03-20 18:45:00,S,0.5978,0.613263603627548,0.613263603627548,0.5591409909311301,-1.0,-1.043,sl,36
2024-03-20 18:50:00,2024-03-21 02:50:00,L,0.6143,0.6433,0.5972407839561819,0.6569480401095452,1.7,1.66,time,96
2024-03-21 08:10:00,2024-03-21 09:40:00,L,0.636,0.6301592847719578,0.6301592847719578,0.6506017880701055,-1.0,-1.12,sl,18
2024-03-21 16:55:00,2024-03-21 17:40:00,L,0.6438,0.6301724427633634,0.6301724427633634,0.6778688930915917,-1.0,-1.052,sl,9
2024-03-21 18:10:00,2024-03-22 02:10:00,S,0.6299,0.6219,0.6494011094673442,0.5811472263316395,0.41,0.375,time,96
2024-03-22 02:15:00,2024-03-22 03:30:00,S,0.6219,0.6330993926946225,0.6330993926946225,0.593901518263444,-1.0,-1.061,sl,15
2024-03-22 03:40:00,2024-03-22 10:55:00,L,0.6346,0.6211506596401224,0.6211506596401224,0.6682233508996942,-1.0,-1.052,sl,87
2024-03-22 11:00:00,2024-03-22 19:00:00,S,0.6214,0.6121,0.6336575645476188,0.5907560886309529,0.759,0.703,time,96
2024-03-22 21:40:00,2024-03-22 23:40:00,S,0.6023,0.611963491383013,0.611963491383013,0.5781412715424674,-1.0,-1.069,sl,24
2024-03-23 01:05:00,2024-03-23 03:30:00,L,0.6184,0.6124054902546295,0.6124054902546295,0.633386274363426,-1.0,-1.113,sl,29
2024-03-23 03:35:00,2024-03-23 04:15:00,S,0.6125,0.6225284753396851,0.6225284753396851,0.5874288116507873,-1.0,-1.067,sl,8
2024-03-23 07:10:00,2024-03-23 15:10:00,L,0.6292,0.6374,0.6192851395500718,0.6539871511248204,0.827,0.757,time,96
2024-03-23 23:35:00,2024-03-24 00:50:00,S,0.6283,0.634057819503546,0.634057819503546,0.6139054512411348,-1.0,-1.12,sl,15
2024-03-24 00:55:00,2024-03-24 08:55:00,L,0.6337,0.6398,0.6225269702938355,0.6616325742654113,0.546,0.484,time,96
2024-03-24 17:05:00,2024-03-24 20:10:00,S,0.6275,0.6366905567127986,0.6366905567127986,0.6045236082180032,-1.0,-1.075,sl,37
2024-03-24 20:25:00,2024-03-25 04:25:00,L,0.6389,0.6444,0.6319342227193175,0.6563144432017063,0.79,0.689,time,96
2024-03-25 04:45:00,2024-03-25 07:50:00,L,0.6514,0.6432724619690133,0.6432724619690133,0.6717188450774666,-1.0,-1.088,sl,37
2024-03-25 10:25:00,2024-03-25 11:50:00,L,0.65,0.6423143948487541,0.6423143948487541,0.6692140128781149,-1.0,-1.093,sl,17
2024-03-25 14:05:00,2024-03-25 17:30:00,L,0.6466,0.6687824814706498,0.63772700741174,0.6687824814706498,2.5,2.42,tp,41
2024-03-25 17:35:00,2024-03-25 21:15:00,L,0.668,0.6598859447306429,0.6598859447306429,0.688285138173393,-1.0,-1.091,sl,44
2024-03-26 01:45:00,2024-03-26 07:20:00,L,0.6646,0.6797227192403202,0.6585509123038719,0.6797227192403202,2.5,2.379,tp,67
2024-03-26 07:25:00,2024-03-26 08:00:00,L,0.6799,0.6706204215065281,0.6706204215065281,0.7030989462336795,-1.0,-1.081,sl,7
2024-03-26 10:55:00,2024-03-26 12:00:00,L,0.6827,0.6755899048635056,0.6755899048635056,0.700475237841236,-1.0,-1.106,sl,13
2024-03-26 16:45:00,2024-03-26 21:30:00,S,0.6537,0.6670459009712787,0.6670459009712787,0.6203352475718031,-1.0,-1.054,sl,57
2024-03-26 23:10:00,2024-03-27 04:50:00,L,0.6685,0.6603365367975704,0.6603365367975704,0.6889086580060739,-1.0,-1.09,sl,68
2024-03-27 06:20:00,2024-03-27 07:25:00,S,0.6604,0.6515552539950116,0.6639378984019954,0.6515552539950116,2.5,2.295,tp,13
2024-03-27 07:30:00,2024-03-27 12:05:00,S,0.6509,0.6601656756236765,0.6601656756236765,0.627735810940809,-1.0,-1.077,sl,55
2024-03-27 13:50:00,2024-03-27 21:50:00,S,0.6519,0.6526,0.6670820440351274,0.6139448899121817,-0.046,-0.093,time,96
2024-03-28 02:40:00,2024-03-28 06:40:00,S,0.6402,0.6475151564102576,0.6475151564102576,0.621912108974356,-1.0,-1.096,sl,48
2024-03-28 08:50:00,2024-03-28 10:25:00,L,0.6534,0.6480367996329682,0.6480367996329682,0.6668080009175794,-1.0,-1.134,sl,19
2024-03-28 15:05:00,2024-03-28 22:05:00,L,0.6584,0.6481494964586048,0.6481494964586048,0.684026258853488,-1.0,-1.071,sl,84
2024-03-29 02:10:00,2024-03-29 10:10:00,S,0.6455,0.6431,0.6530753950116115,0.6265615124709711,0.317,0.223,time,96
2024-03-29 10:45:00,2024-03-29 12:05:00,L,0.6441,0.6599383209511256,0.6377646716195498,0.6599383209511256,2.5,2.388,tp,16
2024-03-29 12:10:00,2024-03-29 15:35:00,L,0.6573,0.6511176603607891,0.6511176603607891,0.6727558490980272,-1.0,-1.117,sl,41
2024-03-29 15:40:00,2024-03-29 23:40:00,S,0.6501,0.6632,0.6691884336280296,0.602378915929926,-0.686,-0.724,time,96
2024-03-30 00:05:00,2024-03-30 04:10:00,L,0.6637,0.6576867711884149,0.6576867711884149,0.6787330720289626,-1.0,-1.121,sl,49
2024-03-30 07:10:00,2024-03-30 11:05:00,S,0.6533,0.6570571265049545,0.6570571265049545,0.6439071837376137,-1.0,-1.191,sl,47
2024-03-30 11:10:00,2024-03-30 14:40:00,L,0.6563,0.6513886370280273,0.6513886370280273,0.6685784074299317,-1.0,-1.147,sl,42
2024-03-30 14:45:00,2024-03-30 22:45:00,S,0.6521,0.6446,0.6564524497871297,0.6412188755321758,1.723,1.558,time,96
2024-03-30 23:30:00,2024-03-31 01:05:00,S,0.6425,0.646735827301098,0.646735827301098,0.6319104317472548,-1.0,-1.167,sl,19
2024-03-31 05:15:00,2024-03-31 13:15:00,L,0.6513,0.648,0.6451840372298551,0.6665899069253622,-0.54,-0.657,time,96
2024-03-31 14:55:00,2024-03-31 16:15:00,S,0.6461,0.6490801677080459,0.6490801677080459,0.6386495807298853,-1.0,-1.238,sl,16
2024-03-31 18:10:00,2024-03-31 18:40:00,S,0.6455,0.6476539856021789,0.6476539856021789,0.6401150359945527,-1.0,-1.33,sl,6
2024-03-31 19:05:00,2024-03-31 19:50:00,S,0.6436,0.6496590568545662,0.6496590568545662,0.6284523578635844,-1.0,-1.117,sl,9
2024-03-31 23:40:00,2024-04-01 00:40:00,L,0.652,0.647692819005513,0.647692819005513,0.6627679524862176,-1.0,-1.167,sl,12
2024-04-01 03:30:00,2024-04-01 05:45:00,S,0.6452,0.6349359344013501,0.64930562623946,0.6349359344013501,2.5,2.327,tp,27
2024-04-01 05:50:00,2024-04-01 13:50:00,S,0.6283,0.6282,0.6477803614831417,0.5795990962921458,0.005,-0.03,time,96
2024-04-01 14:30:00,2024-04-01 22:30:00,S,0.6213,0.6226,0.6315195026747683,0.5957512433130792,-0.127,-0.194,time,96
2024-04-02 00:35:00,2024-04-02 02:35:00,S,0.6174,0.6005075930754437,0.6241569627698225,0.6005075930754437,2.5,2.399,tp,24
2024-04-02 02:40:00,2024-04-02 10:40:00,S,0.5926,0.5825,0.6204686493229241,0.5229283766926898,0.362,0.339,time,96
2024-04-02 10:50:00,2024-04-02 14:30:00,S,0.5829,0.5903074894644376,0.5903074894644376,0.564381276338906,-1.0,-1.087,sl,44
2024-04-02 21:10:00,2024-04-03 05:10:00,S,0.5809,0.5873,0.5899017032631486,0.5583957418421284,-0.711,-0.782,time,96
2024-04-03 11:10:00,2024-04-03 19:10:00,S,0.5832,0.5767,0.5941329402828049,0.5558676492929878,0.595,0.536,time,96
2024-04-03 20:35:00,2024-04-04 04:25:00,S,0.5727,0.5580152834608196,0.5785738866156721,0.5580152834608196,2.5,2.393,tp,94
2024-04-04 04:30:00,2024-04-04 05:05:00,S,0.5624,0.570057072740981,0.570057072740981,0.5432573181475474,-1.0,-1.081,sl,7
2024-04-04 12:40:00,2024-04-04 18:00:00,L,0.5851,0.59592468075003,0.5807701276999879,0.59592468075003,2.5,2.351,tp,64
2024-04-04 18:05:00,2024-04-04 18:40:00,L,0.5969,0.5891413739996743,0.5891413739996743,0.6162965650008143,-1.0,-1.085,sl,7
2024-04-04 19:05:00,2024-04-05 03:05:00,S,0.5874,0.574,0.5975912959462147,0.5619217601344633,1.315,1.251,time,96
2024-04-05 05:20:00,2024-04-05 08:20:00,S,0.5664,0.5777024122045575,0.5777024122045575,0.5381439694886062,-1.0,-1.055,sl,36
2024-04-05 09:20:00,2024-04-05 17:20:00,S,0.5693,0.5763,0.580206880435619,0.5420327989109527,-0.642,-0.699,time,96
2024-04-06 00:05:00,2024-04-06 00:25:00,S,0.5732,0.5766018308365978,0.5766018308365978,0.5646954229085057,-1.0,-1.185,sl,4
2024-04-06 05:15:00,2024-04-06 11:10:00,L,0.5826,0.5792013911461266,0.5792013911461266,0.5910965221346836,-1.0,-1.189,sl,71
2024-04-06 13:30:00,2024-04-06 14:40:00,S,0.5778,0.5812857609327471,0.5812857609327471,0.5690855976681322,-1.0,-1.182,sl,14
2024-04-06 14:45:00,2024-04-06 22:45:00,L,0.5814,0.5829,0.5765906400062055,0.5934233999844862,0.312,0.179,time,96
2024-04-06 22:55:00,2024-04-07 06:55:00,L,0.5851,0.59,0.5808955397523281,0.5956111506191796,1.165,1.012,time,96
2024-04-07 08:35:00,2024-04-07 09:35:00,L,0.5921,0.5901218778758258,0.5901218778758258,0.5970453053104353,-1.0,-1.329,sl,12
2024-04-07 11:25:00,2024-04-07 15:35:00,L,0.5948,0.5899916551030061,0.5899916551030061,0.6068208622424847,-1.0,-1.136,sl,50
2024-04-07 16:35:00,2024-04-07 18:00:00,L,0.5968,0.5895002975077049,0.5895002975077049,0.6150492562307377,-1.0,-1.09,sl,17
2024-04-07 19:55:00,2024-04-07 23:10:00,S,0.5837,0.5889404117271889,0.5889404117271889,0.5705989706820277,-1.0,-1.123,sl,39
2024-04-07 23:15:00,2024-04-08 00:35:00,L,0.5883,0.5836915409260182,0.5836915409260182,0.5998211476849548,-1.0,-1.14,sl,16
2024-04-08 03:15:00,2024-04-08 07:20:00,S,0.5821,0.5872496564041431,0.5872496564041431,0.5692258589896422,-1.0,-1.124,sl,49
2024-04-08 07:25:00,2024-04-08 08:15:00,L,0.5884,0.6019569408369685,0.5829772236652127,0.6019569408369685,2.5,2.381,tp,10
2024-04-08 08:20:00,2024-04-08 16:20:00,L,0.6018,0.6087,0.5847548879479375,0.6444127801301562,0.405,0.366,time,96
2024-04-08 19:10:00,2024-04-09 00:25:00,L,0.615,0.6121816091229175,0.6121816091229175,0.6220459771927062,-1.0,-1.24,sl,63
2024-04-09 11:20:00,2024-04-09 12:45:00,L,0.6091,0.6237207410121681,0.6032517035951327,0.6237207410121681,2.5,2.385,tp,17
2024-04-09 12:50:00,2024-04-09 13:55:00,L,0.6239,0.6089382584902304,0.6089382584902304,0.661304353774424,-1.0,-1.046,sl,13
2024-04-09 14:35:00,2024-04-09 22:35:00,S,0.6055,0.5977,0.6214612406522889,0.5655968983692778,0.489,0.447,time,96
2024-04-09 23:15:00,2024-04-10 01:15:00,S,0.595,0.5867224856420981,0.5983110057431608,0.5867224856420981,2.5,2.302,tp,24
2024-04-10 01:20:00,2024-04-10 09:20:00,S,0.5878,0.5836,0.5948949229796796,0.570062692550801,0.592,0.501,time,96
2024-04-10 10:10:00,2024-04-10 12:35:00,S,0.578,0.5633042484140449,0.583878300634382,0.5633042484140449,2.5,2.392,tp,29
2024-04-10 12:40:00,2024-04-10 16:50:00,S,0.5593,0.5799291055938605,0.5799291055938605,0.5077272360153489,-1.0,-1.03,sl,50
2024-04-11 01:00:00,2024-04-11 04:35:00,L,0.5899,0.5835508903517653,0.5835508903517653,0.6057727741205866,-1.0,-1.102,sl,43
2024-04-11 07:10:00,2024-04-11 11:00:00,L,0.5928,0.5871852191610573,0.5871852191610573,0.6068369520973569,-1.0,-1.116,sl,46
2024-04-11 11:05:00,2024-04-11 14:20:00,S,0.5874,0.5770908087650657,0.5915236764939737,0.5770908087650657,2.5,2.343,tp,39
2024-04-11 14:25:00,2024-04-11 21:10:00,S,0.5785,0.5905967392930902,0.5905967392930902,0.5482581517672745,-1.0,-1.053,sl,81
2024-04-12 02:10:00,2024-04-12 06:20:00,L,0.5901,0.5864924758586749,0.5864924758586749,0.5991188103533125,-1.0,-1.18,sl,50
2024-04-12 06:25:00,2024-04-12 12:20:00,S,0.5871,0.5783680824781028,0.5905927670087588,0.5783680824781028,2.5,2.315,tp,71
2024-04-12 12:25:00,2024-04-12 17:15:00,S,0.5787,0.5542821255785798,0.5884671497685681,0.5542821255785798,2.5,2.435,tp,58
2024-04-12 17:20:00,2024-04-12 17:25:00,S,0.5525,0.5280957361015004,0.5622617055593998,0.5280957361015004,2.5,2.438,tp,1
2024-04-12 17:30:00,2024-04-13 01:30:00,S,0.5202,0.4946,0.562804392175727,0.41368901956068255,0.601,0.587,time,96
2024-04-13 01:50:00,2024-04-13 04:25:00,S,0.4917,0.504140363607474,0.504140363607474,0.46059909098131496,-1.0,-1.043,sl,31
2024-04-13 08:10:00,2024-04-13 10:15:00,S,0.5044,0.5100645054763412,0.5100645054763412,0.4902387363091469,-1.0,-1.098,sl,25
2024-04-13 13:35:00,2024-04-13 17:00:00,S,0.5072,0.48917724237128934,0.5144091030514842,0.48917724237128934,2.5,2.423,tp,41
2024-04-13 17:05:00,2024-04-13 19:50:00,S,0.4887,0.4497822482521863,0.5042671006991255,0.4497822482521863,2.5,2.465,tp,33
2024-04-13 19:55:00,2024-04-14 03:55:00,S,0.4507,0.4468,0.48679589889031305,0.36046025277421734,0.108,0.094,time,96
2024-04-14 11:15:00,2024-04-14 17:20:00,S,0.4628,0.4404388265355641,0.47174446938577436,0.4404388265355641,2.5,2.443,tp,73
2024-04-14 17:25:00,2024-04-14 22:15:00,S,0.4398,0.4645605648328464,0.4645605648328464,0.37789858791788405,-1.0,-1.02,sl,58
2024-04-15 06:15:00,2024-04-15 14:15:00,L,0.4756,0.4803,0.4625452932378119,0.5082367669054704,0.36,0.32,time,96
2024-04-15 14:20:00,2024-04-15 17:25:00,S,0.4803,0.45607256871379565,0.48999097251448176,0.45607256871379565,2.5,2.445,tp,37
2024-04-15 17:30:00,2024-04-16 01:30:00,S,0.4534,0.4664,0.46879478301414806,0.4149130424646299,-0.844,-0.877,time,96
2024-04-16 04:15:00,2024-04-16 06:45:00,S,0.4532,0.4628923937734821,0.4628923937734821,0.42896901556629463,-1.0,-1.051,sl,30
2024-04-16 07:05:00,2024-04-16 10:25:00,L,0.4659,0.45622953558939766,0.45622953558939766,0.49007616102650575,-1.0,-1.053,sl,40
2024-04-16 10:30:00,2024-04-16 18:30:00,S,0.4542,0.4528,0.47349881399040816,0.4059529650239796,0.073,0.047,time,96
2024-04-17 00:30:00,2024-04-17 04:35:00,S,0.4556,0.4614631219021106,0.4614631219021106,0.44094219524472356,-1.0,-1.085,sl,49
2024-04-17 06:20:00,2024-04-17 14:20:00,S,0.4556,0.4378,0.46487578114245015,0.4324105471438746,1.919,1.865,time,96
2024-04-17 14:40:00,2024-04-17 18:10:00,S,0.4394,0.451471590599758,0.451471590599758,0.4092210235006051,-1.0,-1.04,sl,42
2024-04-18 06:20:00,2024-04-18 11:15:00,S,0.444,0.45280982296295746,0.45280982296295746,0.42197544259260633,-1.0,-1.055,sl,59
2024-04-18 14:20:00,2024-04-18 22:20:00,L,0.4559,0.4554,0.4411725596629921,0.4927186008425198,-0.034,-0.068,time,96
2024-04-18 22:35:00,2024-04-19 00:10:00,L,0.4582,0.45447677868682956,0.45447677868682956,0.4675080532829261,-1.0,-1.135,sl,19
2024-04-19 01:05:00,2024-04-19 02:00:00,S,0.4504,0.43175253737246255,0.457858985051015,0.43175253737246255,2.5,2.434,tp,11
2024-04-19 02:05:00,2024-04-19 06:40:00,S,0.4359,0.4527482195243629,0.4527482195243629,0.3937794511890928,-1.0,-1.028,sl,55
2024-04-19 06:50:00,2024-04-19 14:50:00,L,0.4571,0.473,0.43940770603705337,0.5013307349073666,0.899,0.87,time,96
2024-04-20 00:25:00,2024-04-20 01:00:00,L,0.4734,0.4647502844308384,0.4647502844308384,0.495024288922904,-1.0,-1.06,sl,7
2024-04-20 01:50:00,2024-04-20 09:50:00,L,0.4804,0.4841,0.46370467730097525,0.5221383067475618,0.222,0.19,time,96
2024-04-20 15:50:00,2024-04-20 23:50:00,L,0.4907,0.5049,0.4794919067647432,0.5187202330881422,1.267,1.219,time,96
2024-04-21 02:05:00,2024-04-21 09:20:00,L,0.5068,0.5003518023389819,0.5003518023389819,0.5229204941525454,-1.0,-1.086,sl,87
2024-04-22 03:30:00,2024-04-22 11:30:00,L,0.5062,0.5102,0.49468435243844877,0.534989118903878,0.347,0.299,time,96
2024-04-22 16:20:00,2024-04-23 00:20:00,L,0.5173,0.5156,0.507988496827034,0.540578757932415,-0.183,-0.244,time,96
2024-04-23 06:10:00,2024-04-23 07:25:00,L,0.5157,0.5083530110853296,0.5083530110853296,0.5340674722866762,-1.0,-1.077,sl,15
2024-04-23 08:25:00,2024-04-23 13:15:00,L,0.5162,0.5044461593452214,0.5044461593452214,0.5455846016369464,-1.0,-1.048,sl,58
2024-04-23 13:20:00,2024-04-23 21:20:00,S,0.5047,0.5028,0.5150271307128511,0.47888217321787235,0.184,0.13,time,96
2024-04-23 22:55:00,2024-04-24 00:35:00,S,0.4993,0.5034201387177099,0.5034201387177099,0.48899965320572547,-1.0,-1.133,sl,20
2024-04-24 02:35:00,2024-04-24 04:45:00,S,0.4995,0.505751477707343,0.505751477707343,0.4838713057316426,-1.0,-1.088,sl,26
2024-04-24 04:55:00,2024-04-24 08:45:00,L,0.5076,0.4996531948928161,0.4996531948928161,0.5274670127679599,-1.0,-1.07,sl,46
2024-04-24 08:50:00,2024-04-24 14:20:00,S,0.4997,0.485593698689441,0.5053425205242236,0.485593698689441,2.5,2.403,tp,66
2024-04-24 14:25:00,2024-04-24 22:25:00,S,0.486,0.4756,0.49527435158995153,0.4628141210251211,1.121,1.064,time,96
2024-04-24 22:35:00,2024-04-25 06:35:00,S,0.4754,0.4758,0.48083793251454293,0.46180516871364263,-0.074,-0.17,time,96
2024-04-25 08:10:00,2024-04-25 16:10:00,S,0.4711,0.4722,0.4776388310586568,0.45475292235335807,-0.168,-0.247,time,96
2024-04-25 22:55:00,2024-04-26 05:20:00,S,0.4712,0.477306646957683,0.477306646957683,0.4559333826057925,-1.0,-1.085,sl,77
2024-04-26 07:05:00,2024-04-26 15:05:00,S,0.4709,0.4654,0.47861932653211736,0.45160168366970654,0.712,0.645,time,96
2024-04-26 15:10:00,2024-04-26 23:10:00,S,0.4654,0.4627,0.4758601160067346,0.43924970998316337,0.258,0.209,time,96
2024-04-27 00:45:00,2024-04-27 08:45:00,S,0.4568,0.4544,0.4661283401302353,0.4334791496744117,0.257,0.203,time,96
2024-04-27 10:40:00,2024-04-27 12:35:00,S,0.453,0.4567165387169988,0.4567165387169988,0.4437086532075031,-1.0,-1.134,sl,23
2024-04-27 17:40:00,2024-04-28 01:40:00,L,0.4626,0.4711,0.4554505339764596,0.480473665058851,1.189,1.118,time,96
2024-04-28 01:45:00,2024-04-28 09:45:00,L,0.4711,0.4712,0.46749208148410976,0.4801197962897257,0.028,-0.116,time,96
2024-04-28 11:25:00,2024-04-28 13:10:00,S,0.4681,0.47170358705892584,0.47170358705892584,0.45909103235268545,-1.0,-1.143,sl,21
2024-04-28 13:15:00,2024-04-28 15:30:00,L,0.4705,0.4669819542788655,0.4669819542788655,0.4792951143028361,-1.0,-1.147,sl,27
2024-04-28 15:50:00,2024-04-28 16:30:00,S,0.4672,0.4699139868529737,0.4699139868529737,0.4604150328675658,-1.0,-1.189,sl,8
2024-04-28 22:35:00,2024-04-29 06:30:00,S,0.4641,0.44970470493337433,0.4698581180266503,0.44970470493337433,2.5,2.411,tp,95
2024-04-29 06:35:00,2024-04-29 13:00:00,S,0.448,0.4559544879546995,0.4559544879546995,0.4281137801132513,-1.0,-1.062,sl,77
2024-04-29 19:05:00,2024-04-29 20:10:00,S,0.451,0.4547222079929714,0.4547222079929714,0.4416944800175715,-1.0,-1.133,sl,13
2024-04-30 00:40:00,2024-04-30 01:55:00,L,0.4594,0.4548676229540346,0.4548676229540346,0.47073094261491344,-1.0,-1.111,sl,15
2024-04-30 02:00:00,2024-04-30 10:00:00,S,0.4544,0.4411,0.46268525688173956,0.4336868577956512,1.605,1.545,time,96
2024-04-30 10:35:00,2024-04-30 18:35:00,S,0.4369,0.4344,0.44318998617071587,0.42117503457321037,0.397,0.321,time,96
2024-05-01 06:55:00,2024-05-01 07:25:00,S,0.4379,0.42485423981841275,0.4431183040726349,0.42485423981841275,2.5,2.408,tp,6
2024-05-01 07:30:00,2024-05-01 12:55:00,S,0.429,0.44104900443521405,0.44104900443521405,0.39887748891196484,-1.0,-1.039,sl,65
2024-05-01 15:20:00,2024-05-01 18:00:00,S,0.4328,0.44051518806590556,0.44051518806590556,0.41351202983523616,-1.0,-1.062,sl,32
2024-05-01 18:05:00,2024-05-02 02:05:00,L,0.4445,0.4451,0.42831355171229113,0.4849661207192722,0.037,0.007,time,96
2024-05-02 08:30:00,2024-05-02 11:00:00,L,0.4463,0.4533374806140666,0.44348500775437333,0.4533374806140666,2.5,2.326,tp,30
2024-05-02 11:05:00,2024-05-02 19:05:00,L,0.4534,0.4551,0.4481663901638907,0.4664840245902733,0.325,0.23,time,96
2024-05-02 22:05:00,2024-05-03 05:20:00,L,0.4589,0.45418218646753633,0.45418218646753633,0.4706945338311591,-1.0,-1.107,sl,87
2024-05-03 09:05:00,2024-05-03 12:30:00,S,0.4504,0.45288682577893374,0.45288682577893374,0.44418293555266575,-1.0,-1.199,sl,41
2024-05-03 12:35:00,2024-05-03 20:35:00,L,0.4539,0.471,0.446527607471063,0.4723309813223425,2.319,2.252,time,96
2024-05-03 20:40:00,2024-05-04 04:40:00,L,0.471,0.4666,0.46389418659512005,0.4887645335121998,-0.619,-0.692,time,96
2024-05-04 09:10:00,2024-05-04 13:35:00,L,0.4686,0.46532265130559936,0.46532265130559936,0.47679337173600167,-1.0,-1.157,sl,53
2024-05-04 20:10:00,2024-05-04 20:35:00,L,0.4705,0.4678255357177058,0.4678255357177058,0.4771861607057354,-1.0,-1.194,sl,5
2024-05-04 23:20:00,2024-05-05 01:15:00,S,0.463,0.45654874101449705,0.4655805035942012,0.45654874101449705,2.5,2.303,tp,23
2024-05-05 01:20:00,2024-05-05 09:20:00,S,0.457,0.4583,0.46243631357390325,0.443409216065242,-0.239,-0.332,time,96
2024-05-05 10:50:00,2024-05-05 14:40:00,S,0.4566,0.4592732795059119,0.4592732795059119,0.44991680123522027,-1.0,-1.188,sl,46
2024-05-05 15:05:00,2024-05-05 22:35:00,L,0.4608,0.4561823947411642,0.4561823947411642,0.4723440131470895,-1.0,-1.11,sl,90
2024-05-05 22:40:00,2024-05-06 00:20:00,S,0.4567,0.45997692015499364,0.45997692015499364,0.4485076996125159,-1.0,-1.153,sl,20
2024-05-06 00:35:00,2024-05-06 01:30:00,L,0.4604,0.4574053303380607,0.4574053303380607,0.4678866741548482,-1.0,-1.169,sl,11
2024-05-06 01:40:00,2024-05-06 05:40:00,S,0.4565,0.4616332109755176,0.4616332109755176,0.443666972561206,-1.0,-1.098,sl,48
2024-05-06 05:45:00,2024-05-06 08:25:00,L,0.4614,0.4738950044485287,0.45640199822058847,0.4738950044485287,2.5,2.398,tp,32
2024-05-06 08:30:00,2024-05-06 10:40:00,L,0.4738,0.46362266266362284,0.46362266266362284,0.4992433433409429,-1.0,-1.051,sl,26
2024-05-06 12:40:00,2024-05-06 20:40:00,S,0.4618,0.46,0.46700305148428284,0.44879237128929284,0.346,0.248,time,96
2024-05-06 22:40:00,2024-05-07 03:25:00,S,0.4554,0.4469746435759694,0.4587701425696123,0.4469746435759694,2.5,2.351,tp,57
2024-05-07 03:30:00,2024-05-07 09:15:00,S,0.4465,0.45577573651813635,0.45577573651813635,0.4233106587046591,-1.0,-1.053,sl,69
2024-05-07 11:45:00,2024-05-07 14:55:00,S,0.4494,0.45262061315558855,0.45262061315558855,0.4413484671110287,-1.0,-1.153,sl,38
2024-05-07 18:20:00,2024-05-07 23:05:00,S,0.4492,0.441737201785646,0.45218511928574157,0.441737201785646,2.5,2.334,tp,57
2024-05-07 23:10:00,2024-05-08 07:10:00,S,0.443,0.4401,0.44796308043106353,0.4305922989223412,0.584,0.486,time,96
2024-05-08 12:40:00,2024-05-08 13:45:00,S,0.4366,0.4414331094350578,0.4414331094350578,0.42451722641235545,-1.0,-1.099,sl,13
2024-05-08 14:25:00,2024-05-08 15:00:00,L,0.4451,0.4607128096664501,0.43885487613341995,0.4607128096664501,2.5,2.422,tp,7
2024-05-08 15:05:00,2024-05-08 23:05:00,L,0.4622,0.453,0.4424399466668775,0.5116001333328062,-0.466,-0.491,time,96
2024-05-08 23:25:00,2024-05-09 00:30:00,S,0.4512,0.4560745499651955,0.4560745499651955,0.43901362508701125,-1.0,-1.102,sl,13
2024-05-09 00:50:00,2024-05-09 08:50:00,L,0.4609,0.4548,0.4509972986411918,0.4856567533970204,-0.616,-0.667,time,96
2024-05-09 10:25:00,2024-05-09 15:10:00,S,0.4503,0.455766248225186,0.455766248225186,0.43663437943703487,-1.0,-1.091,sl,57
2024-05-09 19:10:00,2024-05-09 22:45:00,L,0.4584,0.46314116665883887,0.45650353333646443,0.46314116665883887,2.5,2.234,tp,43
2024-05-09 22:50:00,2024-05-10 06:50:00,L,0.4631,0.4668,0.4572939061442409,0.4776152346393977,0.637,0.55,time,96
2024-05-10 07:05:00,2024-05-10 09:30:00,L,0.4684,0.4626799613452972,0.4626799613452972,0.48270009663675695,-1.0,-1.09,sl,29
2024-05-10 12:05:00,2024-05-10 13:25:00,L,0.4663,0.46131698100100127,0.46131698100100127,0.47875754749749677,-1.0,-1.103,sl,16
2024-05-10 14:15:00,2024-05-10 14:50:00,S,0.4603,0.44916519536029875,0.4647539218558805,0.44916519536029875,2.5,2.386,tp,7
2024-05-10 14:55:00,2024-05-10 22:55:00,S,0.4485,0.4466,0.464881722710541,0.40754569322364753,0.116,0.086,time,96
2024-05-11 08:50:00,2024-05-11 16:50:00,S,0.445,0.4427,0.4489771488772881,0.43505712780677974,0.578,0.455,time,96
2024-05-11 18:05:00,2024-05-12 02:05:00,S,0.4402,0.439,0.44349882772762894,0.43195293068092755,0.364,0.217,time,96
2024-05-12 07:20:00,2024-05-12 10:15:00,S,0.4382,0.4404660224492881,0.4404660224492881,0.4325349438767796,-1.0,-1.213,sl,35
2024-05-12 16:55:00,2024-05-12 21:25:00,S,0.4404,0.43295632090075953,0.4433774716396962,0.43295632090075953,2.5,2.337,tp,54
2024-05-12 21:30:00,2024-05-13 00:00:00,S,0.4352,0.43811066800356535,0.43811066800356535,0.4279233299910865,-1.0,-1.164,sl,30
2024-05-13 01:25:00,2024-05-13 02:30:00,S,0.4367,0.4281666455701789,0.4401133417719284,0.4281666455701789,2.5,2.359,tp,13
2024-05-13 02:35:00,2024-05-13 06:55:00,S,0.4285,0.4367863389368706,0.4367863389368706,0.40778415265782353,-1.0,-1.057,sl,52
2024-05-13 07:20:00,2024-05-13 15:20:00,L,0.4429,0.4452,0.42766593393132996,0.48098516517167517,0.151,0.119,time,96
2024-05-13 17:30:00,2024-05-14 01:30:00,S,0.4415,0.4375,0.4491763482312207,0.4223091294219482,0.521,0.458,time,96
2024-05-14 02:15:00,2024-05-14 05:45:00,S,0.4329,0.43795075135138356,0.43795075135138356,0.4202731216215411,-1.0,-1.094,sl,42
2024-05-14 06:10:00,2024-05-14 14:10:00,S,0.4328,0.4298,0.4383217561804029,0.41899560954899273,0.543,0.457,time,96
2024-05-14 14:15:00,2024-05-14 14:30:00,S,0.4298,0.4343408157786844,0.4343408157786844,0.4184479605532891,-1.0,-1.104,sl,3
2024-05-14 21:15:00,2024-05-15 05:15:00,S,0.4291,0.4281,0.43137038034348696,0.4234240491412825,0.44,0.233,time,96
2024-05-15 09:05:00,2024-05-15 11:25:00,L,0.4319,0.43020480233861846,0.43020480233861846,0.4361379941534539,-1.0,-1.28,sl,28
2024-05-15 11:35:00,2024-05-15 12:30:00,S,0.4293,0.4347977705674707,0.4347977705674707,0.4155555735813233,-1.0,-1.086,sl,11
2024-05-15 12:35:00,2024-05-15 20:35:00,L,0.4392,0.4537,0.4281732768025034,0.4667668079937415,1.315,1.271,time,96
2024-05-15 20:50:00,2024-05-16 04:50:00,L,0.4532,0.4619,0.4482540402889819,0.4655648992775452,1.759,1.658,time,96
2024-05-16 04:55:00,2024-05-16 06:55:00,L,0.4619,0.45726627790630014,0.45726627790630014,0.47348430523424956,-1.0,-1.11,sl,24
2024-05-16 16:10:00,2024-05-17 00:10:00,L,0.4569,0.4606,0.4500479014836722,0.47403024629081947,0.54,0.467,time,96
2024-05-17 03:55:00,2024-05-17 04:35:00,L,0.4603,0.4640225642320911,0.45881097430716355,0.4640225642320911,2.5,2.16,tp,8
2024-05-17 04:40:00,2024-05-17 07:50:00,L,0.4647,0.47924916238793736,0.45888033504482506,0.47924916238793736,2.5,2.412,tp,38
2024-05-17 07:55:00,2024-05-17 15:55:00,L,0.4805,0.483,0.4652735853364468,0.5185660366588829,0.164,0.129,time,96
2024-05-18 01:55:00,2024-05-18 09:55:00,L,0.4832,0.4852,0.47880161159760076,0.49419597100599816,0.455,0.334,time,96
2024-05-18 10:05:00,2024-05-18 12:00:00,L,0.4852,0.48132478530145545,0.48132478530145545,0.49488803674636145,-1.0,-1.138,sl,23
2024-05-18 15:40:00,2024-05-18 23:40:00,L,0.4814,0.4823,0.47619091296638405,0.4944227175840399,0.173,0.071,time,96
2024-05-19 03:05:00,2024-05-19 06:00:00,L,0.4827,0.47912486137752064,0.47912486137752064,0.49163784655619847,-1.0,-1.149,sl,35
2024-05-19 08:45:00,2024-05-19 16:45:00,S,0.4768,0.467088190490605,0.480684723803758,0.467088190490605,2.5,2.365,tp,96
2024-05-19 16:50:00,2024-05-20 00:50:00,S,0.4669,0.4678,0.4715173186061984,0.45535670348450397,-0.195,-0.306,time,96
2024-05-20 01:15:00,2024-05-20 02:25:00,S,0.4655,0.46853591456303756,0.46853591456303756,0.4579102135924062,-1.0,-1.169,sl,14
2024-05-20 04:20:00,2024-05-20 06:30:00,L,0.4719,0.46901054044468243,0.46901054044468243,0.47912364888829384,-1.0,-1.18,sl,26
2024-05-20 06:35:00,2024-05-20 14:35:00,S,0.467,0.4647,0.47799406066393435,0.4395148483401642,0.209,0.162,time,96
2024-05-20 14:50:00,2024-05-20 16:00:00,S,0.4641,0.4685227553568447,0.4685227553568447,0.45304311160788835,-1.0,-1.115,sl,14
2024-05-20 16:05:00,2024-05-20 19:30:00,L,0.4702,0.4845204114805025,0.464471835407799,0.4845204114805025,2.5,2.41,tp,41
2024-05-20 19:35:00,2024-05-21 03:35:00,L,0.4865,0.4988,0.46843644277029733,0.5316588930742566,0.681,0.651,time,96
2024-05-21 08:35:00,2024-05-21 13:10:00,L,0.504,0.49887543210956503,0.49887543210956503,0.5168114197260875,-1.0,-1.108,sl,55
2024-05-22 04:35:00,2024-05-22 07:00:00,S,0.4893,0.49359576987708154,0.49359576987708154,0.47856057530729623,-1.0,-1.125,sl,29
2024-05-22 09:10:00,2024-05-22 17:10:00,S,0.486,0.4856,0.4922277602276723,0.4704305994308192,0.064,-0.022,time,96
2024-05-22 18:25:00,2024-05-23 02:25:00,S,0.4775,0.4837,0.4871909538934645,0.45327261526633866,-0.64,-0.694,time,96
2024-05-23 03:55:00,2024-05-23 09:40:00,L,0.4866,0.4828190208994125,0.4828190208994125,0.49605244775146873,-1.0,-1.142,sl,69
2024-05-23 10:10:00,2024-05-23 11:55:00,S,0.4781,0.48544551179926765,0.48544551179926765,0.45973622050183094,-1.0,-1.072,sl,21
2024-05-23 13:00:00,2024-05-23 20:00:00,S,0.4779,0.44918472261231635,0.48938611095507345,0.44918472261231635,2.5,2.454,tp,84
2024-05-23 20:05:00,2024-05-23 21:00:00,S,0.4485,0.46335888352191856,0.46335888352191856,0.4113527911952036,-1.0,-1.033,sl,11
2024-05-24 05:25:00,2024-05-24 13:25:00,S,0.4643,0.4619,0.46879858340603386,0.4530535414849153,0.534,0.42,time,96
2024-05-24 13:55:00,2024-05-24 18:10:00,S,0.4578,0.46382521335304505,0.46382521335304505,0.4427369666173873,-1.0,-1.084,sl,51
2024-05-25 09:05:00,2024-05-25 09:30:00,S,0.4614,0.4643627842687256,0.4643627842687256,0.45399303932818585,-1.0,-1.171,sl,5
2024-05-25 12:45:00,2024-05-25 20:45:00,S,0.4604,0.4595,0.4633751133459777,0.45296221663505565,0.303,0.132,time,96
2024-05-26 02:25:00,2024-05-26 08:10:00,S,0.4586,0.46277909766872755,0.46277909766872755,0.4481522558281812,-1.0,-1.121,sl,69
2024-05-26 09:30:00,2024-05-26 14:55:00,S,0.4584,0.4627781010932073,0.4627781010932073,0.44745474726698176,-1.0,-1.115,sl,65
2024-05-26 15:00:00,2024-05-26 15:45:00,L,0.4627,0.4584037070962106,0.4584037070962106,0.47344073225947353,-1.0,-1.118,sl,9
2024-05-26 15:55:00,2024-05-26 23:55:00,S,0.4596,0.4586,0.46343336561429344,0.4500165859642664,0.261,0.129,time,96
2024-05-27 01:40:00,2024-05-27 05:25:00,L,0.462,0.45922877410495744,0.45922877410495744,0.4689280647376065,-1.0,-1.183,sl,45
2024-05-27 05:30:00,2024-05-27 13:05:00,S,0.4581,0.4642083262272038,0.4642083262272038,0.4428291844319905,-1.0,-1.082,sl,91
2024-05-27 13:10:00,2024-05-27 16:00:00,L,0.4641,0.47309509907363445,0.46050196037054625,0.47309509907363445,2.5,2.358,tp,34
2024-05-27 16:05:00,2024-05-27 19:45:00,L,0.4739,0.46685630717897963,0.46685630717897963,0.49150923205255087,-1.0,-1.074,sl,44
2024-05-27 23:15:00,2024-05-28 01:45:00,L,0.4698,0.4654184001068883,0.4654184001068883,0.48075399973277927,-1.0,-1.118,sl,30
2024-05-28 03:40:00,2024-05-28 11:40:00,S,0.4602,0.4595,0.4660930004626399,0.4454674988434002,0.119,0.033,time,96
2024-05-28 14:00:00,2024-05-28 22:00:00,S,0.4559,0.4588,0.46099420786536804,0.44316448033657996,-0.569,-0.668,time,96
2024-05-29 02:55:00,2024-05-29 08:05:00,L,0.4617,0.4574013811085067,0.4574013811085067,0.47244654722873325,-1.0,-1.118,sl,62
2024-05-29 08:10:00,2024-05-29 09:45:00,S,0.4561,0.4635649318691876,0.4635649318691876,0.43743767032703096,-1.0,-1.067,sl,19
2024-05-29 10:20:00,2024-05-29 11:55:00,L,0.4632,0.4601743343567263,0.4601743343567263,0.47076416410818434,-1.0,-1.168,sl,19
2024-05-29 15:20:00,2024-05-29 20:00:00,S,0.4593,0.4519722661950862,0.4622310935219655,0.4519722661950862,2.5,2.328,tp,56
2024-05-29 20:05:00,2024-05-30 04:05:00,S,0.4526,0.454,0.45611403633974656,0.4438149091506336,-0.398,-0.54,time,96
2024-05-30 05:05:00,2024-05-30 13:05:00,S,0.4518,0.4511,0.4561852373255738,0.4408369066860654,0.16,0.046,time,96
2024-05-30 20:05:00,2024-05-31 04:05:00,S,0.4491,0.4501,0.4545461679150115,0.4354845802124712,-0.184,-0.274,time,96
2024-05-31 05:25:00,2024-05-31 10:05:00,S,0.4455,0.45028150949674545,0.45028150949674545,0.43354622625813644,-1.0,-1.102,sl,56
2024-05-31 12:05:00,2024-05-31 15:35:00,L,0.4523,0.4491231600483165,0.4491231600483165,0.4602420998792087,-1.0,-1.157,sl,42
2024-05-31 15:40:00,2024-05-31 23:40:00,S,0.4493,0.4483,0.45192494700795344,0.4427376324801163,0.381,0.193,time,96
2024-06-01 00:20:00,2024-06-01 04:45:00,S,0.4463,0.4492859040657858,0.4492859040657858,0.43883523983553546,-1.0,-1.164,sl,53
2024-06-01 14:30:00,2024-06-01 15:45:00,L,0.4505,0.44924841534984167,0.44924841534984167,0.4536289616253959,-1.0,-1.396,sl,15
2024-06-01 20:55:00,2024-06-02 04:55:00,L,0.4508,0.45387844489447027,0.4495686220422119,0.45387844489447027,2.5,2.097,tp,96
2024-06-02 09:15:00,2024-06-02 17:15:00,S,0.4516,0.44665831941300227,0.4535766722347991,0.44665831941300227,2.5,2.249,tp,96
2024-06-02 17:20:00,2024-06-03 01:20:00,S,0.4461,0.4506852863012225,0.4506852863012225,0.43463678424694374,-1.0,-1.107,sl,96
2024-06-03 01:25:00,2024-06-03 09:25:00,L,0.4503,0.4542,0.44326125198206223,0.46789687004484437,0.554,0.484,time,96
2024-06-03 14:40:00,2024-06-03 19:10:00,S,0.4518,0.4565432423932665,0.4565432423932665,0.4399418940168337,-1.0,-1.105,sl,54
2024-06-03 19:15:00,2024-06-04 03:15:00,L,0.4567,0.4613,0.4516182005039246,0.4694044987401885,0.905,0.806,time,96
2024-06-04 08:10:00,2024-06-04 11:10:00,S,0.456,0.4576057716509765,0.4576057716509765,0.45198557087255886,-1.0,-1.312,sl,36
2024-06-04 11:15:00,2024-06-04 15:15:00,L,0.4552,0.4602505350065079,0.45317978599739683,0.4602505350065079,2.5,2.252,tp,48
2024-06-04 16:00:00,2024-06-05 00:00:00,L,0.4612,0.4624,0.456697056909767,0.47245735772558256,0.266,0.154,time,96
2024-06-05 00:35:00,2024-06-05 05:05:00,L,0.4633,0.4610440444270674,0.4610440444270674,0.4689398889323314,-1.0,-1.226,sl,54
2024-06-05 06:40:00,2024-06-05 08:50:00,L,0.4642,0.46142098484661676,0.46142098484661676,0.4711475378834581,-1.0,-1.184,sl,26
2024-06-05 13:45:00,2024-06-05 14:35:00,S,0.4593,0.4605655024075366,0.4605655024075366,0.4561362439811585,-1.0,-1.399,sl,10
2024-06-05 15:30:00,2024-06-05 23:30:00,L,0.4631,0.4612,0.4596058163354843,0.4718354591612893,-0.544,-0.69,time,96
2024-06-06 01:35:00,2024-06-06 03:45:00,L,0.4622,0.4603499492104954,0.4603499492104954,0.46682512697376155,-1.0,-1.275,sl,26
2024-06-06 03:50:00,2024-06-06 06:30:00,S,0.4603,0.45771568654265515,0.46133372538293793,0.45771568654265515,2.5,2.01,tp,32
2024-06-06 06:35:00,2024-06-06 07:50:00,S,0.4579,0.4595539532049457,0.4595539532049457,0.45376511698763566,-1.0,-1.305,sl,15
2024-06-06 10:10:00,2024-06-06 12:05:00,S,0.4578,0.4599519150846869,0.4599519150846869,0.45242021228828266,-1.0,-1.234,sl,23
2024-06-06 13:45:00,2024-06-06 16:35:00,L,0.4614,0.45811296130420043,0.45811296130420043,0.4696175967394989,-1.0,-1.154,sl,34
2024-06-06 18:10:00,2024-06-06 20:00:00,S,0.4577,0.45127610090502723,0.4602695596379891,0.45127610090502723,2.5,2.304,tp,22
2024-06-06 20:05:00,2024-06-06 23:15:00,S,0.4518,0.4601275907701494,0.4601275907701494,0.4309810230746264,-1.0,-1.06,sl,38
2024-06-07 00:45:00,2024-06-07 01:40:00,L,0.4607,0.45813920768582056,0.45813920768582056,0.4671019807854486,-1.0,-1.198,sl,11
2024-06-07 02:40:00,2024-06-07 04:10:00,S,0.4568,0.45945779560131594,0.45945779560131594,0.4501555109967101,-1.0,-1.189,sl,18
2024-06-07 04:55:00,2024-06-07 09:25:00,L,0.4613,0.46895103600257637,0.45823958559896943,0.46895103600257637,2.5,2.334,tp,54
2024-06-07 09:30:00,2024-06-07 11:00:00,L,0.469,0.48177326154857825,0.46389069538056865,0.48177326154857825,2.5,2.399,tp,18
2024-06-07 11:05:00,2024-06-07 18:00:00,L,0.4804,0.46717157441511387,0.46717157441511387,0.5134710639622153,-1.0,-1.04,sl,83
2024-06-07 18:05:00,2024-06-08 02:05:00,S,0.4254,0.4465,0.47694694080675215,0.2965326479831196,-0.409,-0.418,time,96
2024-06-08 04:55:00,2024-06-08 09:00:00,S,0.4454,0.4397169233017279,0.44767323067930886,0.4397169233017279,2.5,2.284,tp,49
2024-06-08 09:05:00,2024-06-08 17:05:00,S,0.44,0.4344,0.4460026732255707,0.4249933169360733,0.933,0.852,time,96
2024-06-08 17:40:00,2024-06-08 18:05:00,S,0.4343,0.4365654084610992,0.4365654084610992,0.4286364788472521,-1.0,-1.211,sl,5
2024-06-09 02:35:00,2024-06-09 08:40:00,S,0.4348,0.43868009452830026,0.43868009452830026,0.4250997636792494,-1.0,-1.123,sl,73
2024-06-09 13:20:00,2024-06-09 17:55:00,S,0.4389,0.44229673505126116,0.44229673505126116,0.43040816237184715,-1.0,-1.142,sl,55
2024-06-09 18:05:00,2024-06-10 02:05:00,L,0.4425,0.4434,0.44004123431302483,0.44864691421743796,0.366,0.168,time,96
2024-06-10 03:50:00,2024-06-10 09:55:00,S,0.441,0.4446794383663249,0.4446794383663249,0.43180140408418777,-1.0,-1.132,sl,73
2024-06-10 10:00:00,2024-06-10 18:00:00,L,0.4491,0.4441,0.4385161380433913,0.47555965489152174,-0.472,-0.519,time,96
2024-06-10 19:20:00,2024-06-11 01:50:00,S,0.4411,0.43099736248018206,0.44514105500792717,0.43099736248018206,2.5,2.38,tp,78
2024-06-11 01:55:00,2024-06-11 09:55:00,S,0.4339,0.4292,0.4420129308749734,0.41361767281256656,0.579,0.52,time,96
2024-06-11 13:05:00,2024-06-11 21:05:00,S,0.4253,0.4212,0.43085386373088225,0.4114153406727944,0.738,0.654,time,96
2024-06-12 01:30:00,2024-06-12 02:30:00,S,0.4175,0.4223038454292422,0.4223038454292422,0.4054903864268944,-1.0,-1.096,sl,12
2024-06-12 12:35:00,2024-06-12 20:35:00,L,0.4358,0.4366,0.4245192234082715,0.4640019414793214,0.071,0.028,time,96
2024-06-13 02:05:00,2024-06-13 10:05:00,S,0.4345,0.4309,0.4392027591203381,0.4227431021991547,0.766,0.664,time,96
2024-06-13 15:40:00,2024-06-13 23:40:00,S,0.422,0.4216,0.4309072221641496,0.3997319445896259,0.045,-0.007,time,96
2024-06-14 14:15:00,2024-06-14 15:45:00,S,0.4201,0.4116362588939081,0.4234854964424367,0.4116362588939081,2.5,2.364,tp,18
2024-06-14 15:50:00,2024-06-14 23:50:00,S,0.413,0.4119,0.41946877149063194,0.39682807127342007,0.17,0.1,time,96
2024-06-15 01:30:00,2024-06-15 04:45:00,S,0.4099,0.41257089715302314,0.41257089715302314,0.4032227571174421,-1.0,-1.169,sl,39
2024-06-15 09:25:00,2024-06-15 15:15:00,S,0.411,0.4126558592775891,0.4126558592775891,0.4068603518060272,-1.0,-1.273,sl,70
2024-06-16 03:15:00,2024-06-16 05:30:00,S,0.4109,0.4128440544942207,0.4128440544942207,0.40603986376444823,-1.0,-1.232,sl,27
2024-06-16 10:40:00,2024-06-16 18:40:00,L,0.4138,0.4145,0.41204493475575227,0.41818766311061933,0.399,0.139,time,96
2024-06-16 20:00:00,2024-06-17 01:15:00,L,0.4161,0.41415445833294806,0.41415445833294806,0.42096385416762994,-1.0,-1.235,sl,63
2024-06-17 02:25:00,2024-06-17 06:50:00,S,0.4137,0.40815408944251574,0.4159183642229937,0.40815408944251574,2.5,2.295,tp,53
2024-06-17 06:55:00,2024-06-17 14:55:00,S,0.4079,0.403,0.41179500438928757,0.39816248902678103,1.258,1.143,time,96
2024-06-17 16:20:00,2024-06-17 16:35:00,S,0.3905,0.40438762974927167,0.40438762974927167,0.35578092562682084,-1.0,-1.031,sl,3
2024-06-17 18:05:00,2024-06-17 21:10:00,L,0.4108,0.40404024060844534,0.40404024060844534,0.4276993984788866,-1.0,-1.067,sl,37
2024-06-17 21:15:00,2024-06-18 01:20:00,S,0.4053,0.389014418904741,0.4118142324381036,0.389014418904741,2.5,2.432,tp,49
2024-06-18 01:25:00,2024-06-18 09:25:00,S,0.3879,0.378,0.40214674317845844,0.35228314205385397,0.695,0.665,time,96
2024-06-18 10:05:00,2024-06-18 18:05:00,S,0.3764,0.3709,0.38098013676431974,0.36494965808920066,1.201,1.11,time,96
2024-06-18 19:05:00,2024-06-18 19:55:00,S,0.3683,0.3731673711333384,0.3731673711333384,0.35613157216665403,-1.0,-1.083,sl,10
2024-06-19 02:10:00,2024-06-19 10:10:00,L,0.3893,0.3863,0.3835283628540536,0.4037290928648659,-0.52,-0.594,time,96
2024-06-19 10:15:00,2024-06-19 17:20:00,S,0.3863,0.3898081420474703,0.3898081420474703,0.37752964488132423,-1.0,-1.121,sl,85
2024-06-19 22:55:00,2024-06-20 01:10:00,S,0.3842,0.3866817137004012,0.3866817137004012,0.37799571574899693,-1.0,-1.17,sl,27
2024-06-20 04:35:00,2024-06-20 12:35:00,L,0.3901,0.3922,0.38659149687327554,0.39887125781681115,0.599,0.476,time,96
2024-06-20 13:20:00,2024-06-20 21:20:00,S,0.3887,0.3863,0.39382184479917304,0.37589538800206734,0.469,0.385,time,96
2024-06-21 00:20:00,2024-06-21 01:15:00,S,0.382,0.3846806348020694,0.3846806348020694,0.3752984129948266,-1.0,-1.157,sl,11
2024-06-21 04:55:00,2024-06-21 07:45:00,L,0.3896,0.385121590177009,0.385121590177009,0.40079602455747754,-1.0,-1.096,sl,34
2024-06-21 08:10:00,2024-06-21 13:50:00,S,0.3852,0.3761514623183518,0.38881941507265927,0.3761514623183518,2.5,2.383,tp,68
2024-06-21 13:55:00,2024-06-21 14:15:00,S,0.3765,0.3832802944421758,0.3832802944421758,0.35954926389456043,-1.0,-1.061,sl,4
2024-06-21 17:35:00,2024-06-22 01:35:00,S,0.3752,0.3744,0.38143698771402695,0.35960753071493257,0.128,0.062,time,96
2024-06-22 13:05:00,2024-06-22 13:30:00,L,0.3789,0.38503288944675595,0.37644684422129765,0.38503288944675595,2.5,2.33,tp,5
2024-06-22 13:35:00,2024-06-22 21:35:00,L,0.3849,0.3857,0.37655858557093724,0.40575353607265696,0.096,0.045,time,96
2024-06-23 03:05:00,2024-06-23 03:50:00,L,0.3862,0.39031903204604423,0.3845523871815823,0.39031903204604423,2.5,2.242,tp,9
2024-06-23 03:55:00,2024-06-23 11:55:00,L,0.3886,0.3873,0.3850090251197655,0.3975774372005863,-0.362,-0.481,time,96
2024-06-23 15:25:00,2024-06-23 15:45:00,L,0.3866,0.3849616603999605,0.3849616603999605,0.3906958490000988,-1.0,-1.26,sl,4
2024-06-23 16:55:00,2024-06-23 17:35:00,S,0.3844,0.3880028822011626,0.3880028822011626,0.3753927944970936,-1.0,-1.117,sl,8
2024-06-23 20:35:00,2024-06-24 04:35:00,S,0.3799,0.3786,0.38653572338915526,0.36331069152711193,0.196,0.133,time,96
2024-06-24 05:10:00,2024-06-24 09:30:00,S,0.3749,0.3630903270470865,0.3796238691811654,0.3630903270470865,2.5,2.413,tp,52
2024-06-24 09:35:00,2024-06-24 13:50:00,S,0.3683,0.3783966023711302,0.3783966023711302,0.34305849407217454,-1.0,-1.04,sl,51
2024-06-24 16:05:00,2024-06-24 21:30:00,S,0.3698,0.3758531612221351,0.3758531612221351,0.35466709694466236,-1.0,-1.067,sl,65
2024-06-25 00:10:00,2024-06-25 02:25:00,L,0.3781,0.3865366058635372,0.3747253576545851,0.3865366058635372,2.5,2.377,tp,27
2024-06-25 02:30:00,2024-06-25 10:30:00,L,0.387,0.3903,0.37702119290947417,0.4119470177263146,0.331,0.288,time,96
2024-06-25 11:20:00,2024-06-25 13:35:00,L,0.3924,0.38993163588801144,0.38993163588801144,0.3985709102799715,-1.0,-1.175,sl,27
2024-06-25 14:30:00,2024-06-25 22:30:00,L,0.3949,0.3928,0.38967924316375624,0.40795189209060934,-0.402,-0.485,time,96
2024-06-26 02:00:00,2024-06-26 04:35:00,L,0.3928,0.39033101330279446,0.39033101330279446,0.3989724667430138,-1.0,-1.175,sl,31
2024-06-26 08:05:00,2024-06-26 10:20:00,L,0.3915,0.387813079601679,0.387813079601679,0.4007173009958026,-1.0,-1.117,sl,27
2024-06-26 12:15:00,2024-06-26 15:25:00,L,0.3928,0.3868256524121666,0.3868256524121666,0.40773586896958347,-1.0,-1.072,sl,38
2024-06-26 15:30:00,2024-06-26 23:30:00,S,0.388,0.3848,0.3937026257259228,0.3737434356851931,0.561,0.486,time,96
2024-06-27 00:20:00,2024-06-27 02:40:00,S,0.3846,0.38167756027846034,0.38576897588861586,0.38167756027846034,2.5,2.138,tp,28
2024-06-27 02:45:00,2024-06-27 10:45:00,S,0.3819,0.38,0.3844972028000204,0.375406992999949,0.732,0.57,time,96
2024-06-27 13:05:00,2024-06-27 21:05:00,L,0.3872,0.3925,0.37963144943094373,0.4061213764226406,0.7,0.644,time,96
2024-06-28 01:20:00,2024-06-28 05:00:00,L,0.3914,0.38900886246215566,0.38900886246215566,0.39737784384461095,-1.0,-1.18,sl,44
2024-06-28 07:20:00,2024-06-28 10:20:00,S,0.3874,0.38855635150819207,0.38855635150819207,0.3845091212295199,-1.0,-1.369,sl,36
2024-06-28 10:25:00,2024-06-28 18:25:00,L,0.3891,0.3929,0.3850212144269349,0.3992969639326628,0.932,0.827,time,96
2024-06-28 21:05:00,2024-06-29 02:05:00,S,0.388,0.3949039744076823,0.3949039744076823,0.37074006398079423,-1.0,-1.062,sl,60
2024-06-29 02:10:00,2024-06-29 10:10:00,L,0.3951,0.3952,0.38687367814954937,0.41566580462612657,0.012,-0.041,time,96
2024-06-29 11:40:00,2024-06-29 12:50:00,L,0.3972,0.3948331320672879,0.3948331320672879,0.4031171698317803,-1.0,-1.185,sl,14
2024-06-29 14:15:00,2024-06-29 16:10:00,S,0.3934,0.38925749906433804,0.39505700037426483,0.38925749906433804,2.5,2.239,tp,23
2024-06-29 16:15:00,2024-06-30 00:15:00,S,0.3889,0.3833,0.39146370584039347,0.3824907353990164,2.184,2.017,time,96
2024-06-30 01:10:00,2024-06-30 07:05:00,S,0.3825,0.3849682921730585,0.3849682921730585,0.3763292695673538,-1.0,-1.17,sl,71
2024-06-30 10:45:00,2024-06-30 18:45:00,S,0.3849,0.3862,0.38787256356291155,0.3774685910927212,-0.437,-0.58,time,96
2024-06-30 22:30:00,2024-07-01 06:30:00,L,0.3918,0.3966,0.38459525787456833,0.4098118553135791,0.666,0.606,time,96
2024-07-01 16:10:00,2024-07-02 00:10:00,L,0.4051,0.4032,0.400546452424303,0.4164838689392426,-0.417,-0.515,time,96
2024-07-02 01:20:00,2024-07-02 09:20:00,L,0.4059,0.4091,0.40250159853650885,0.4143960036587278,0.942,0.81,time,96
2024-07-02 10:25:00,2024-07-02 18:25:00,L,0.4119,0.4169,0.4086157902132921,0.4201105244667698,1.522,1.384,time,96
2024-07-02 18:30:00,2024-07-03 02:30:00,L,0.4169,0.4189,0.4121011798905462,0.42889705027363456,0.417,0.321,time,96
2024-07-03 07:00:00,2024-07-03 08:05:00,L,0.4169,0.4134253942662641,0.4134253942662641,0.4255865143343397,-1.0,-1.132,sl,13
2024-07-03 10:10:00,2024-07-03 18:10:00,S,0.4114,0.407,0.417315629879639,0.3966109253009025,0.744,0.667,time,96
2024-07-03 21:00:00,2024-07-03 21:35:00,S,0.4007,0.4043386414056951,0.4043386414056951,0.39160339648576226,-1.0,-1.121,sl,7
2024-07-04 00:20:00,2024-07-04 01:15:00,L,0.4104,0.40559036864024817,0.40559036864024817,0.42242407839937957,-1.0,-1.094,sl,11
2024-07-04 01:20:00,2024-07-04 09:20:00,S,0.4045,0.3908,0.41389851368234115,0.3810037157941472,1.458,1.41,time,96
2024-07-04 10:35:00,2024-07-04 18:35:00,S,0.3887,0.3763,0.39586122254346173,0.37079694364134563,1.732,1.672,time,96
2024-07-04 22:40:00,2024-07-05 00:00:00,S,0.3736,0.35855025121253337,0.37961989951498665,0.35855025121253337,2.5,2.432,tp,16
2024-07-05 00:05:00,2024-07-05 08:05:00,S,0.3542,0.3279,0.37268654349385016,0.30798364126537464,1.423,1.402,time,96
2024-07-05 08:40:00,2024-07-05 09:20:00,S,0.3236,0.3312926094051006,0.3312926094051006,0.3043684764872485,-1.0,-1.046,sl,8
2024-07-06 15:35:00,2024-07-06 19:35:00,L,0.3603,0.37291583886552715,0.35525366445378914,0.37291583886552715,2.5,2.421,tp,48
2024-07-06 19:40:00,2024-07-07 00:00:00,L,0.3726,0.3690088225795593,0.3690088225795593,0.3815779435511017,-1.0,-1.114,sl,52
2024-07-07 04:05:00,2024-07-07 04:30:00,L,0.3705,0.36721380498361067,0.36721380498361067,0.3787154875409733,-1.0,-1.124,sl,5
2024-07-07 13:10:00,2024-07-07 14:20:00,S,0.3631,0.35151868989763985,0.36773252404094403,0.35151868989763985,2.5,2.414,tp,14
2024-07-07 14:25:00,2024-07-07 17:50:00,S,0.3529,0.36078826718609747,0.36078826718609747,0.3331793320347563,-1.0,-1.049,sl,41
2024-07-07 19:55:00,2024-07-07 23:40:00,S,0.3559,0.3474468113537813,0.3592812754584875,0.3474468113537813,2.5,2.384,tp,45
2024-07-07 23:45:00,2024-07-08 01:00:00,S,0.3468,0.33522132138972327,0.3514314714441107,0.33522132138972327,2.5,2.418,tp,15
2024-07-08 01:05:00,2024-07-08 04:30:00,S,0.3356,0.3477662485835659,0.3477662485835659,0.30518437854108527,-1.0,-1.03,sl,41
2024-07-08 08:10:00,2024-07-08 08:35:00,L,0.3531,0.3664989292582809,0.34774042829668766,0.3664989292582809,2.5,2.428,tp,5
2024-07-08 08:40:00,2024-07-08 16:40:00,L,0.3661,0.3613,0.3494505107741065,0.4077237230647337,-0.288,-0.312,time,96
2024-07-08 21:40:00,2024-07-09 00:30:00,L,0.3684,0.36557405194216275,0.36557405194216275,0.3754648701445932,-1.0,-1.143,sl,34
2024-07-09 01:20:00,2024-07-09 01:30:00,L,0.368,0.36480060194773084,0.36480060194773084,0.37599849513067285,-1.0,-1.127,sl,2
2024-07-09 04:35:00,2024-07-09 12:35:00,L,0.372,0.3713,0.36537268150036467,0.3885682962490883,-0.106,-0.167,time,96
2024-07-09 14:15:00,2024-07-09 22:15:00,L,0.3762,0.375,0.3681129712336354,0.3964175719159114,-0.148,-0.2,time,96
2024-07-10 03:40:00,2024-07-10 06:50:00,L,0.3781,0.3860804904662196,0.37490780381351213,0.3860804904662196,2.5,2.37,tp,38
2024-07-10 06:55:00,2024-07-10 07:45:00,L,0.3863,0.38109725412467504,0.38109725412467504,0.39930686468831234,-1.0,-1.082,sl,10
2024-07-10 15:50:00,2024-07-10 23:50:00,L,0.3855,0.3886,0.3808862597758854,0.39703435056028646,0.672,0.58,time,96
2024-07-11 00:15:00,2024-07-11 03:20:00,L,0.3887,0.3844999400187057,0.3844999400187057,0.3992001499532357,-1.0,-1.102,sl,37
2024-07-11 08:10:00,2024-07-11 09:25:00,L,0.3944,0.3919402729190639,0.3919402729190639,0.40054931770234015,-1.0,-1.176,sl,15
2024-07-11 11:40:00,2024-07-11 14:05:00,L,0.395,0.4039304866431339,0.39142780534274646,0.4039304866431339,2.5,2.378,tp,29
2024-07-11 14:10:00,2024-07-11 15:30:00,L,0.4032,0.3966080736101558,0.3966080736101558,0.41967981597461046,-1.0,-1.067,sl,16
2024-07-12 00:30:00,2024-07-12 08:30:00,L,0.3991,0.3995,0.3921662609656329,0.4164343475859178,0.058,-0.006,time,96
2024-07-12 13:20:00,2024-07-12 21:20:00,L,0.407,0.4102,0.3984335873370728,0.4284160316573179,0.374,0.321,time,96
2024-07-12 23:45:00,2024-07-13 07:20:00,L,0.4143,0.42433300986897327,0.4102867960524107,0.42433300986897327,2.5,2.386,tp,91
2024-07-13 07:25:00,2024-07-13 15:25:00,L,0.4248,0.4278,0.4164290681462365,0.44572732963440886,0.358,0.303,time,96
2024-07-13 15:40:00,2024-07-13 23:40:00,L,0.4323,0.441,0.42401568632620845,0.45301078418447893,1.05,0.993,time,96
2024-07-13 23:50:00,2024-07-14 01:55:00,L,0.4411,0.43648325470549676,0.43648325470549676,0.4526418632362581,-1.0,-1.105,sl,25
2024-07-14 08:55:00,2024-07-14 12:00:00,L,0.4346,0.42896360113553,0.42896360113553,0.44869099716117494,-1.0,-1.085,sl,37
2024-07-14 16:15:00,2024-07-15 00:15:00,L,0.4308,0.4329,0.42671167167608304,0.44102082080979244,0.514,0.398,time,96
2024-07-15 02:35:00,2024-07-15 03:40:00,L,0.4379,0.4344805920646245,0.4344805920646245,0.4464485198384387,-1.0,-1.141,sl,13
2024-07-15 06:30:00,2024-07-15 10:35:00,L,0.4384,0.4341060367368511,0.4341060367368511,0.44913490815787227,-1.0,-1.112,sl,49
2024-07-15 12:30:00,2024-07-15 20:30:00,L,0.4371,0.4367,0.4303119036919782,0.4540702407700545,-0.059,-0.13,time,96
2024-07-15 22:40:00,2024-07-16 05:50:00,L,0.4414,0.43625271636384283,0.43625271636384283,0.454268209090393,-1.0,-1.094,sl,86
2024-07-16 06:50:00,2024-07-16 14:35:00,S,0.4344,0.43998353413659574,0.43998353413659574,0.42044116465851067,-1.0,-1.086,sl,93
2024-07-16 14:40:00,2024-07-16 22:40:00,L,0.4406,0.4351,0.4318845573828367,0.4623886065429082,-0.631,-0.687,time,96
2024-07-17 00:40:00,2024-07-17 08:40:00,L,0.4414,0.446,0.4366907402587188,0.4531731493532031,0.977,0.874,time,96
2024-07-17 13:05:00,2024-07-17 16:05:00,L,0.4495,0.443668721481829,0.443668721481829,0.4640781962954275,-1.0,-1.085,sl,36
2024-07-17 16:10:00,2024-07-18 00:10:00,S,0.445,0.4362,0.45329902017820983,0.42425244955447544,1.06,1.001,time,96
2024-07-18 00:40:00,2024-07-18 05:15:00,L,0.4416,0.43507704473589104,0.43507704473589104,0.4579073881602724,-1.0,-1.074,sl,55
2024-07-18 05:20:00,2024-07-18 06:05:00,S,0.4357,0.4406979129323367,0.4406979129323367,0.4232052176691582,-1.0,-1.096,sl,9
2024-07-18 06:10:00,2024-07-18 14:10:00,L,0.4436,0.4355,0.43412830565206584,0.4672792358698354,-0.855,-0.907,time,96
2024-07-18 14:25:00,2024-07-18 22:25:00,S,0.4348,0.4236,0.4419480155160761,0.41692996120980985,1.567,1.5,time,96
2024-07-19 00:25:00,2024-07-19 03:55:00,S,0.4215,0.4257012151616056,0.4257012151616056,0.410996962095986,-1.0,-1.11,sl,42
2024-07-19 07:45:00,2024-07-19 14:05:00,S,0.4213,0.42715456031031707,0.42715456031031707,0.40666359922420736,-1.0,-1.079,sl,76
2024-07-19 15:25:00,2024-07-19 15:30:00,L,0.4299,0.4272480578747322,0.4272480578747322,0.43652985531316957,-1.0,-1.178,sl,1
2024-07-19 15:45:00,2024-07-19 23:45:00,L,0.4317,0.4381,0.4270207914152563,0.4433980214618592,1.368,1.266,time,96
2024-07-20 03:45:00,2024-07-20 11:15:00,L,0.4383,0.4345293581580427,0.4345293581580427,0.4477266046048933,-1.0,-1.128,sl,90
2024-07-20 11:20:00,2024-07-20 13:15:00,S,0.4345,0.42880992528604095,0.4367760298855836,0.42880992528604095,2.5,2.29,tp,23
2024-07-20 13:20:00,2024-07-20 15:10:00,S,0.4297,0.4331285799867055,0.4331285799867055,0.42112855003323635,-1.0,-1.138,sl,22
2024-07-20 15:20:00,2024-07-20 23:20:00,L,0.4324,0.4364,0.42889506547660516,0.4411623363084871,1.141,1.006,time,96
2024-07-21 01:45:00,2024-07-21 05:00:00,L,0.4386,0.4332915974960951,0.4332915974960951,0.4518710062597623,-1.0,-1.091,sl,39
2024-07-21 05:05:00,2024-07-21 13:05:00,S,0.4323,0.4312,0.43658695528506575,0.4215826117873357,0.257,0.146,time,96
2024-07-21 13:35:00,2024-07-21 14:40:00,S,0.4286,0.4315826457999502,0.4315826457999502,0.4211433855001244,-1.0,-1.158,sl,13
2024-07-21 17:55:00,2024-07-21 20:25:00,S,0.4263,0.43447826984925897,0.43447826984925897,0.4058543253768526,-1.0,-1.057,sl,30
2024-07-21 20:30:00,2024-07-22 04:30:00,L,0.4343,0.4383,0.42240302923989065,0.4640424269002734,0.336,0.296,time,96
2024-07-22 05:05:00,2024-07-22 13:05:00,S,0.4358,0.4378,0.44049395760232707,0.4240651059941824,-0.426,-0.528,time,96
2024-07-22 14:05:00,2024-07-22 22:05:00,S,0.4317,0.4259,0.43898660505332254,0.41348348736669355,0.796,0.731,time,96
2024-07-22 22:15:00,2024-07-23 06:15:00,S,0.4267,0.4196,0.4307569174041203,0.4165577064896993,1.75,1.634,time,96
2024-07-23 06:40:00,2024-07-23 08:25:00,S,0.4177,0.42094226896192083,0.42094226896192083,0.409594327595198,-1.0,-1.142,sl,21
2024-07-23 12:30:00,2024-07-23 16:40:00,S,0.421,0.4081739965194506,0.42613040139221975,0.4081739965194506,2.5,2.41,tp,50
2024-07-23 16:45:00,2024-07-24 00:45:00,S,0.4074,0.4071,0.41791408156844884,0.3811147960788779,0.029,-0.014,time,96
2024-07-24 15:25:00,2024-07-24 23:25:00,S,0.4138,0.4054,0.4199514051674391,0.39842148708140224,1.366,1.292,time,96
2024-07-25 01:10:00,2024-07-25 09:10:00,S,0.3943,0.3966,0.40867182307874544,0.3583704423031363,-0.16,-0.19,time,96
2024-07-25 10:30:00,2024-07-25 18:30:00,S,0.3941,0.3899,0.3977086631318088,0.385078342170478,1.164,1.044,time,96
2024-07-25 18:35:00,2024-07-26 00:05:00,S,0.3899,0.39501812867061903,0.39501812867061903,0.3771046783234525,-1.0,-1.084,sl,66
2024-07-26 02:10:00,2024-07-26 06:15:00,L,0.401,0.4107758195998883,0.3970896721600447,0.4107758195998883,2.5,2.387,tp,49
2024-07-26 06:20:00,2024-07-26 14:20:00,L,0.4119,0.4125,0.40750278799443124,0.42289303001392187,0.136,0.033,time,96
2024-07-26 19:10:00,2024-07-27 01:25:00,L,0.4183,0.4144238741513271,0.4144238741513271,0.4279903146216823,-1.0,-1.119,sl,75
2024-07-27 05:25:00,2024-07-27 13:15:00,L,0.4168,0.42267975390184476,0.4144480984392621,0.42267975390184476,2.5,2.305,tp,94
2024-07-27 13:20:00,2024-07-27 19:00:00,L,0.4222,0.4192045396007695,0.4192045396007695,0.4296886509980764,-1.0,-1.155,sl,68
2024-07-28 03:55:00,2024-07-28 11:55:00,S,0.4148,0.4108,0.4180794240778637,0.4066014398053408,1.22,1.081,time,96
2024-07-28 14:25:00,2024-07-28 22:25:00,S,0.4076,0.4071,0.4119937138616425,0.3966157153458938,0.114,0.012,time,96
2024-07-29 00:15:00,2024-07-29 02:20:00,L,0.4086,0.4158434323442644,0.40570262706229426,0.4158434323442644,2.5,2.345,tp,25
2024-07-29 02:25:00,2024-07-29 10:25:00,L,0.4159,0.4195,0.4112627758295402,0.42749306042614954,0.776,0.678,time,96
2024-07-29 14:05:00,2024-07-29 22:05:00,S,0.4144,0.4067,0.41914567398103597,0.40253581504741004,1.623,1.526,time,96
2024-07-29 23:10:00,2024-07-30 07:10:00,S,0.4045,0.4042,0.40808083375729176,0.3955479156067707,0.084,-0.04,time,96
2024-07-30 14:05:00,2024-07-30 22:05:00,S,0.4005,0.4001,0.40623321422255193,0.38616696444362025,0.07,-0.007,time,96
2024-07-31 04:45:00,2024-07-31 12:45:00,S,0.402,0.4049,0.40681060699810634,0.38997348250473424,-0.603,-0.695,time,96
2024-07-31 14:30:00,2024-07-31 22:30:00,S,0.4003,0.3889,0.40693049416868216,0.3837237645782946,1.719,1.653,time,96
2024-07-31 22:35:00,2024-08-01 00:35:00,S,0.3889,0.3912376088756422,0.3912376088756422,0.3830559778108946,-1.0,-1.183,sl,24
2024-08-01 02:35:00,2024-08-01 04:45:00,S,0.3871,0.379664323704909,0.3900742705180364,0.379664323704909,2.5,2.357,tp,26
2024-08-01 04:50:00,2024-08-01 10:30:00,S,0.3806,0.3881800087642998,0.3881800087642998,0.3616499780892505,-1.0,-1.055,sl,68
2024-08-01 14:25:00,2024-08-01 16:00:00,S,0.3882,0.3756482997873819,0.39322068008504724,0.3756482997873819,2.5,2.415,tp,19
2024-08-01 16:05:00,2024-08-01 20:45:00,S,0.3759,0.3821444182750499,0.3821444182750499,0.3602889543123753,-1.0,-1.066,sl,56
2024-08-01 23:05:00,2024-08-02 02:20:00,L,0.3923,0.3845816359651969,0.3845816359651969,0.4115959100870077,-1.0,-1.056,sl,39
2024-08-02 02:25:00,2024-08-02 10:25:00,S,0.3835,0.3835,0.3909621234538639,0.3648446913653403,-0.0,-0.057,time,96
2024-08-02 12:50:00,2024-08-02 14:50:00,S,0.382,0.3715838281079442,0.3861664687568223,0.3715838281079442,2.5,2.399,tp,24
2024-08-02 14:55:00,2024-08-02 22:55:00,S,0.3704,0.3643,0.38627803745198225,0.3307049063700444,0.384,0.359,time,96
2024-08-03 01:00:00,2024-08-03 02:15:00,S,0.3604,0.3656500894790651,0.3656500894790651,0.3472747763023373,-1.0,-1.076,sl,15
2024-08-03 14:55:00,2024-08-03 15:45:00,S,0.3683,0.36232766762018687,0.3706889329519253,0.36232766762018687,2.5,2.33,tp,10
2024-08-03 15:50:00,2024-08-03 23:50:00,S,0.3618,0.3639,0.369234488267183,0.34321377933204245,-0.282,-0.336,time,96
2024-08-04 06:35:00,2024-08-04 14:30:00,S,0.3594,0.3512202234090377,0.36267191063638493,0.3512202234090377,2.5,2.379,tp,95
2024-08-04 14:35:00,2024-08-04 22:35:00,S,0.3512,0.3497,0.3594285633468734,0.33062859163281655,0.182,0.135,time,96
2024-08-04 23:20:00,2024-08-05 00:55:00,S,0.3452,0.3285921933062699,0.35184312267749207,0.3285921933062699,2.5,2.443,tp,19
2024-08-05 01:00:00,2024-08-05 06:20:00,S,0.3283,0.2838504626535787,0.3460798149385685,0.2838504626535787,2.5,2.48,tp,64
2024-08-05 06:25:00,2024-08-05 14:05:00,S,0.279,0.31244163844431594,0.31244163844431594,0.19539590388921024,-1.0,-1.009,sl,92
2024-08-05 18:30:00,2024-08-06 00:15:00,S,0.3134,0.3216045270904838,0.3216045270904838,0.2928886822737905,-1.0,-1.042,sl,69
2024-08-06 05:55:00,2024-08-06 08:35:00,L,0.331,0.3254539047197182,0.3254539047197182,0.3448652382007046,-1.0,-1.066,sl,32
2024-08-06 08:40:00,2024-08-06 14:15:00,S,0.3259,0.3346830550671928,0.3346830550671928,0.30394236233201805,-1.0,-1.041,sl,67
2024-08-06 14:20:00,2024-08-06 22:20:00,L,0.3344,0.3326,0.31871143824965337,0.3736214043758665,-0.115,-0.138,time,96
2024-08-07 02:30:00,2024-08-07 10:30:00,L,0.3371,0.3399,0.32902058919574345,0.3572985270106414,0.347,0.301,time,96
2024-08-07 10:35:00,2024-08-07 11:00:00,L,0.3399,0.33638889402296707,0.33638889402296707,0.3486777649425823,-1.0,-1.106,sl,5
2024-08-07 14:20:00,2024-08-07 22:20:00,S,0.3284,0.3235,0.3379121014156691,0.3046197464608274,0.515,0.477,time,96
2024-08-08 01:45:00,2024-08-08 09:45:00,L,0.333,0.3341,0.31834280961268696,0.36964297596828266,0.075,0.05,time,96
2024-08-08 16:05:00,2024-08-08 22:55:00,L,0.341,0.35287865773737337,0.3362485369050507,0.35287865773737337,2.5,2.421,tp,82
2024-08-08 23:00:00,2024-08-09 05:00:00,L,0.3522,0.34453005783935203,0.34453005783935203,0.37137485540161996,-1.0,-1.051,sl,72
2024-08-09 14:05:00,2024-08-09 14:30:00,L,0.3456,0.3371241052426715,0.3371241052426715,0.3667897368933213,-1.0,-1.045,sl,5
2024-08-09 17:45:00,2024-08-10 01:45:00,L,0.3469,0.3466,0.34267776119882926,0.35745559700292684,-0.071,-0.161,time,96
2024-08-11 02:00:00,2024-08-11 08:20:00,L,0.3477,0.35360344293668444,0.34533862282532624,0.35360344293668444,2.5,2.338,tp,76
2024-08-11 08:25:00,2024-08-11 10:00:00,L,0.3537,0.3517436299058903,0.3517436299058903,0.35859092523527425,-1.0,-1.199,sl,19
2024-08-11 12:10:00,2024-08-11 19:15:00,S,0.3462,0.3371923072738767,0.34980307709044933,0.3371923072738767,2.5,2.394,tp,85
2024-08-11 19:20:00,2024-08-11 22:30:00,S,0.3373,0.3268176017333546,0.34149295930665813,0.3268176017333546,2.5,2.412,tp,38
2024-08-11 22:35:00,2024-08-12 06:35:00,S,0.3275,0.3304,0.3322429062243482,0.3156427344391295,-0.611,-0.687,time,96
2024-08-12 07:20:00,2024-08-12 07:30:00,S,0.328,0.3318922725972272,0.3318922725972272,0.3182693185069321,-1.0,-1.093,sl,2
2024-08-12 11:05:00,2024-08-12 13:45:00,L,0.3392,0.3330699817989733,0.3330699817989733,0.3545250455025668,-1.0,-1.061,sl,32
2024-08-12 13:50:00,2024-08-12 14:35:00,S,0.3339,0.3425147972686553,0.3425147972686553,0.31236300682836166,-1.0,-1.043,sl,9
2024-08-12 14:45:00,2024-08-12 22:45:00,L,0.3416,0.3349,0.32869358239387836,0.37386604401530416,-0.519,-0.548,time,96
2024-08-13 00:35:00,2024-08-13 02:15:00,L,0.3389,0.3370359746507337,0.3370359746507337,0.3435600633731657,-1.0,-1.2,sl,20
2024-08-13 03:15:00,2024-08-13 09:20:00,S,0.3375,0.33275206706553456,0.3393991731737862,0.33275206706553456,2.5,2.305,tp,73
2024-08-13 09:25:00,2024-08-13 13:00:00,S,0.3327,0.33679463792650877,0.33679463792650877,0.32246340518372807,-1.0,-1.089,sl,43
2024-08-13 14:05:00,2024-08-13 14:30:00,L,0.3374,0.3340890942350238,0.3340890942350238,0.3456772644124404,-1.0,-1.112,sl,5
2024-08-13 15:00:00,2024-08-13 23:00:00,L,0.3378,0.3402,0.33377859681596966,0.3478535079600758,0.597,0.504,time,96
2024-08-14 01:15:00,2024-08-14 03:45:00,S,0.3385,0.34027376089454203,0.34027376089454203,0.334065597763645,-1.0,-1.21,sl,30
2024-08-14 03:50:00,2024-08-14 08:15:00,L,0.3402,0.3380494214507535,0.3380494214507535,0.34557644637311624,-1.0,-1.174,sl,53
2024-08-14 10:20:00,2024-08-14 13:40:00,L,0.3411,0.3384349932991626,0.3384349932991626,0.3477625167520936,-1.0,-1.141,sl,40
2024-08-14 13:45:00,2024-08-14 21:45:00,S,0.3371,0.3348,0.3456803621754371,0.31564909456140733,0.268,0.225,time,96
2024-08-15 00:45:00,2024-08-15 06:20:00,L,0.3379,0.3345252864461694,0.3345252864461694,0.3463367838845764,-1.0,-1.11,sl,67
2024-08-15 06:25:00,2024-08-15 14:25:00,S,0.3353,0.3379,0.3387005903317025,0.3267985241707436,-0.765,-0.873,time,96
2024-08-15 14:35:00,2024-08-15 17:05:00,L,0.3384,0.3351981804354305,0.3351981804354305,0.3464045489114237,-1.0,-1.116,sl,30
2024-08-15 17:10:00,2024-08-15 18:00:00,S,0.335,0.32480343750775825,0.3390786249968967,0.32480343750775825,2.5,2.41,tp,10
2024-08-15 18:05:00,2024-08-16 02:05:00,S,0.3247,0.3205,0.3369031844769705,0.2941920388075737,0.344,0.315,time,96
2024-08-16 02:10:00,2024-08-16 02:30:00,S,0.3205,0.32428334545396265,0.32428334545396265,0.3110416363650934,-1.0,-1.093,sl,4
2024-08-16 07:25:00,2024-08-16 14:20:00,L,0.333,0.32513414684003766,0.32513414684003766,0.3526646328999059,-1.0,-1.047,sl,83
2024-08-16 14:25:00,2024-08-16 17:55:00,S,0.3253,0.3334415261624975,0.3334415261624975,0.30494618459375616,-1.0,-1.044,sl,42
2024-08-16 18:00:00,2024-08-17 02:00:00,L,0.3323,0.3295,0.32369415093315507,0.3538146226671123,-0.325,-0.368,time,96
2024-08-17 03:45:00,2024-08-17 08:05:00,S,0.3276,0.3303781771538904,0.3303781771538904,0.320654557115274,-1.0,-1.13,sl,52
2024-08-17 09:10:00,2024-08-17 13:10:00,L,0.3304,0.334320452673836,0.32883181893046565,0.334320452673836,2.5,2.268,tp,48
2024-08-17 13:15:00,2024-08-17 21:15:00,L,0.3343,0.3351,0.3318326491477604,0.34046837713059896,0.324,0.175,time,96
2024-08-18 03:05:00,2024-08-18 03:40:00,L,0.3367,0.3338146223439391,0.3338146223439391,0.34391344414015224,-1.0,-1.128,sl,7
2024-08-18 09:15:00,2024-08-18 12:45:00,L,0.3357,0.33979349511803075,0.3340626019527877,0.33979349511803075,2.5,2.274,tp,42
2024-08-18 12:50:00,2024-08-18 17:25:00,L,0.3382,0.33591990294393465,0.33591990294393465,0.3439002426401634,-1.0,-1.163,sl,55
2024-08-18 23:25:00,2024-08-19 07:25:00,S,0.3355,0.332,0.3392730144300831,0.32606746392479224,0.928,0.83,time,96
2024-08-19 07:35:00,2024-08-19 15:35:00,S,0.3314,0.3329,0.3349789606886823,0.3224525982782941,-0.419,-0.521,time,96
2024-08-20 01:05:00,2024-08-20 09:05:00,L,0.3421,0.3423,0.3353806919160076,0.358898270209981,0.03,-0.026,time,96
2024-08-20 11:20:00,2024-08-20 11:25:00,L,0.3444,0.3435541776285461,0.3435541776285461,0.34651455592863467,-1.0,-1.448,sl,1
2024-08-20 14:00:00,2024-08-20 14:10:00,L,0.3457,0.34240113605852684,0.34240113605852684,0.3539471598536829,-1.0,-1.115,sl,2
2024-08-20 18:25:00,2024-08-21 02:25:00,L,0.344,0.3445,0.3402228955132936,0.3534427612167659,0.132,0.032,time,96
2024-08-21 03:10:00,2024-08-21 04:30:00,L,0.3465,0.3524017383740975,0.34413930465036097,0.3524017383740975,2.5,2.339,tp,16
2024-08-21 04:35:00,2024-08-21 12:35:00,L,0.3523,0.3515,0.34611481025140134,0.36776297437149663,-0.129,-0.192,time,96
2024-08-21 14:00:00,2024-08-21 17:30:00,L,0.3545,0.36868648419812317,0.3488254063207507,0.36868648419812317,2.5,2.431,tp,42
2024-08-21 17:35:00,2024-08-22 01:35:00,L,0.3687,0.3735,0.3583136429309048,0.3946658926727381,0.462,0.423,time,96
2024-08-22 09:40:00,2024-08-22 17:40:00,L,0.3685,0.3689,0.3647280453027817,0.37792988674304573,0.106,-0.001,time,96
2024-08-22 21:05:00,2024-08-23 05:05:00,L,0.3731,0.3757,0.3695179736465121,0.3820550658837196,0.726,0.611,time,96
2024-08-23 06:50:00,2024-08-23 14:50:00,L,0.3826,0.3763,0.3732213469590834,0.40604663260229157,-0.672,-0.717,time,96
2024-08-23 18:05:00,2024-08-24 02:05:00,L,0.3873,0.39,0.3816570986118464,0.401407253470384,0.478,0.403,time,96
2024-08-24 09:30:00,2024-08-24 16:40:00,L,0.391,0.3994220308429368,0.3876311876628253,0.3994220308429368,2.5,2.372,tp,86
2024-08-24 16:45:00,2024-08-24 21:05:00,L,0.3985,0.393862505683073,0.393862505683073,0.41009373579231756,-1.0,-1.095,sl,52
2024-08-25 01:30:00,2024-08-25 09:30:00,S,0.3871,0.3809,0.3930372626240499,0.3722568434398752,1.044,0.973,time,96
2024-08-25 12:30:00,2024-08-25 13:20:00,S,0.3793,0.38329393183037047,0.38329393183037047,0.3693151704240739,-1.0,-1.104,sl,10
2024-08-25 14:20:00,2024-08-25 22:20:00,L,0.3857,0.3869,0.38120168832710155,0.39694577918224605,0.267,0.172,time,96
2024-08-26 01:45:00,2024-08-26 09:45:00,S,0.3828,0.3794,0.38583136798425366,0.3752215800393658,1.122,0.983,time,96
2024-08-26 11:05:00,2024-08-26 19:05:00,S,0.3747,0.3688,0.3814724884494258,0.3577687788764355,0.871,0.81,time,96
2024-08-27 07:45:00,2024-08-27 15:45:00,S,0.3668,0.3628,0.36960783906235883,0.35978040234410297,1.425,1.281,time,96
2024-08-27 16:05:00,2024-08-27 16:15:00,S,0.3614,0.36452144895128297,0.36452144895128297,0.3535963776217926,-1.0,-1.127,sl,2
2024-08-27 21:35:00,2024-08-27 22:10:00,S,0.3602,0.34301257388370465,0.36707497044651816,0.34301257388370465,2.5,2.442,tp,7
2024-08-27 22:15:00,2024-08-28 06:15:00,S,0.3444,0.3534,0.3651919455452501,0.29242013613687473,-0.433,-0.451,time,96
2024-08-28 07:20:00,2024-08-28 09:45:00,S,0.3504,0.35358330630377555,0.35358330630377555,0.3424417342405611,-1.0,-1.121,sl,29
2024-08-28 14:50:00,2024-08-28 16:20:00,S,0.3543,0.34031155946284125,0.3598953762148635,0.34031155946284125,2.5,2.43,tp,18
2024-08-28 16:25:00,2024-08-28 18:50:00,S,0.3413,0.35282841207098203,0.35282841207098203,0.31247896982254486,-1.0,-1.033,sl,29
2024-08-28 22:15:00,2024-08-29 03:00:00,S,0.3486,0.353524887370583,0.353524887370583,0.33628778157354255,-1.0,-1.078,sl,57
2024-08-29 08:05:00,2024-08-29 15:00:00,L,0.3584,0.36559802896409455,0.3555207884143622,0.36559802896409455,2.5,2.363,tp,83
2024-08-29 15:40:00,2024-08-29 16:25:00,L,0.3671,0.3630875545061329,0.3630875545061329,0.3771311137346677,-1.0,-1.101,sl,9
2024-08-29 18:10:00,2024-08-29 18:45:00,S,0.3604,0.3521811595984435,0.3636875361606226,0.3521811595984435,2.5,2.379,tp,7
2024-08-29 18:50:00,2024-08-30 02:50:00,S,0.3529,0.3564,0.36236800015071197,0.3292299996232201,-0.37,-0.411,time,96
2024-08-30 03:15:00,2024-08-30 09:10:00,S,0.354,0.35938950512302054,0.35938950512302054,0.34052623719244857,-1.0,-1.072,sl,71
2024-08-30 09:15:00,2024-08-30 11:10:00,L,0.3588,0.3556244317556074,0.3556244317556074,0.36673892061098157,-1.0,-1.124,sl,23
2024-08-30 11:15:00,2024-08-30 15:55:00,S,0.3532,0.338400743094651,0.3591197027621396,0.338400743094651,2.5,2.434,tp,56
2024-08-30 16:00:00,2024-08-30 18:30:00,S,0.3396,0.34651482612364254,0.34651482612364254,0.3223129346908937,-1.0,-1.054,sl,30
2024-08-31 08:50:00,2024-08-31 11:20:00,S,0.3466,0.34905465781196804,0.34905465781196804,0.34046335547008,-1.0,-1.155,sl,30
2024-08-31 17:20:00,2024-09-01 01:20:00,S,0.3468,0.3428,0.34897779334236373,0.3413555166440907,1.837,1.662,time,96
2024-09-01 01:35:00,2024-09-01 09:35:00,S,0.3422,0.34485538650585235,0.34485538650585235,0.3355615337353691,-1.0,-1.142,sl,96
2024-09-01 10:40:00,2024-09-01 18:40:00,S,0.3416,0.3388,0.34498461910115186,0.3331384522471204,0.827,0.716,time,96
2024-09-01 22:10:00,2024-09-01 22:30:00,S,0.336,0.33001808437589636,0.3383927662496415,0.33001808437589636,2.5,2.346,tp,4
2024-09-01 22:35:00,2024-09-02 06:35:00,S,0.3298,0.3302,0.33785877996922226,0.3096530500769443,-0.05,-0.095,time,96
2024-09-02 07:30:00,2024-09-02 08:30:00,S,0.3272,0.3309896267006866,0.3309896267006866,0.31772593324828347,-1.0,-1.095,sl,12
2024-09-02 13:30:00,2024-09-02 14:35:00,S,0.3303,0.33309105325243116,0.33309105325243116,0.323322366868922,-1.0,-1.13,sl,13
2024-09-03 04:30:00,2024-09-03 08:35:00,S,0.334,0.3293110177290296,0.3358755929083882,0.3293110177290296,2.5,2.304,tp,49
2024-09-03 08:40:00,2024-09-03 16:40:00,S,0.3294,0.3221,0.3335905708268635,0.31892357293284135,1.742,1.656,time,96
2024-09-03 23:10:00,2024-09-04 01:00:00,S,0.32,0.3115802996948609,0.32336788012205564,0.3115802996948609,2.5,2.395,tp,22
2024-09-04 01:05:00,2024-09-04 07:40:00,S,0.3052,0.3203707419547184,0.3203707419547184,0.26727314511320416,-1.0,-1.022,sl,79
2024-09-04 10:55:00,2024-09-04 14:50:00,S,0.3179,0.32241321983607757,0.32241321983607757,0.30661695040980613,-1.0,-1.077,sl,47
2024-09-04 15:05:00,2024-09-04 23:05:00,L,0.3235,0.3246,0.31503362839903876,0.3446659290024031,0.13,0.088,time,96
2024-09-05 00:10:00,2024-09-05 01:40:00,S,0.3225,0.325068990131041,0.325068990131041,0.31607752467239747,-1.0,-1.138,sl,18
2024-09-05 03:40:00,2024-09-05 07:20:00,S,0.3204,0.32410105927195876,0.32410105927195876,0.31114735182010317,-1.0,-1.095,sl,44
2024-09-05 07:25:00,2024-09-05 13:35:00,L,0.3243,0.33751121269930834,0.31901551492027663,0.33751121269930834,2.5,2.432,tp,74
2024-09-05 13:40:00,2024-09-05 15:00:00,L,0.3391,0.3281079076581156,0.3281079076581156,0.36658023085471103,-1.0,-1.034,sl,16
2024-09-05 16:20:00,2024-09-06 00:20:00,S,0.3255,0.3245,0.33075233156564077,0.3123691710858981,0.19,0.122,time,96
2024-09-06 01:35:00,2024-09-06 07:15:00,L,0.3271,0.3229982138117253,0.3229982138117253,0.3373544654706868,-1.0,-1.088,sl,68
2024-09-06 07:20:00,2024-09-06 15:20:00,S,0.3216,0.3171,0.3270218943981709,0.30804526400457266,0.83,0.765,time,96
2024-09-06 16:50:00,2024-09-06 20:50:00,S,0.3147,0.305795271814375,0.31826189127425,0.305795271814375,2.5,2.403,tp,48
2024-09-06 20:55:00,2024-09-07 00:00:00,S,0.3056,0.31501956790999963,0.31501956790999963,0.28205108022500086,-1.0,-1.036,sl,37
2024-09-07 04:10:00,2024-09-07 12:10:00,L,0.3204,0.3234,0.3162187396176628,0.3308531509558431,0.717,0.633,time,96
2024-09-07 12:25:00,2024-09-07 19:25:00,L,0.324,0.32739973303812997,0.322640106784748,0.32739973303812997,2.5,2.238,tp,84
2024-09-08 01:10:00,2024-09-08 09:10:00,L,0.3273,0.3365,0.3233222760059706,0.3372443099850735,2.313,2.222,time,96
2024-09-08 09:15:00,2024-09-08 15:30:00,L,0.3365,0.33291645906829814,0.33291645906829814,0.3454588523292547,-1.0,-1.103,sl,75
2024-09-08 17:20:00,2024-09-09 01:20:00,L,0.3364,0.3478,0.3308984054493017,0.35015398637674566,2.072,2.005,time,96
2024-09-09 01:45:00,2024-09-09 05:30:00,L,0.3479,0.3410399316189987,0.3410399316189987,0.3650501709525032,-1.0,-1.056,sl,45
2024-09-09 14:05:00,2024-09-09 14:25:00,L,0.3429,0.33958832640059433,0.33958832640059433,0.3511791839985141,-1.0,-1.114,sl,4
2024-09-09 16:15:00,2024-09-10 00:15:00,L,0.3431,0.3417,0.3384698212558134,0.3546754468604666,-0.302,-0.384,time,96
2024-09-10 06:00:00,2024-09-10 06:55:00,L,0.3416,0.33954509619128925,0.33954509619128925,0.3467372595217769,-1.0,-1.183,sl,11
2024-09-10 07:30:00,2024-09-10 14:15:00,L,0.3415,0.33942820929819034,0.33942820929819034,0.34667947675452426,-1.0,-1.181,sl,81
2024-09-10 18:35:00,2024-09-10 19:25:00,L,0.3444,0.3422216963023165,0.3422216963023165,0.34984575924420863,-1.0,-1.174,sl,10
2024-09-10 23:25:00,2024-09-11 00:00:00,L,0.3439,0.34265105989999733,0.34265105989999733,0.3470223502500066,-1.0,-1.303,sl,7
2024-09-11 04:20:00,2024-09-11 12:20:00,S,0.3369,0.3357,0.340288640178645,0.3284283995533874,0.354,0.245,time,96
2024-09-11 13:55:00,2024-09-11 16:35:00,S,0.3318,0.34056768071057986,0.34056768071057986,0.3098807982235503,-1.0,-1.042,sl,32
2024-09-11 16:40:00,2024-09-11 22:55:00,L,0.3413,0.35535981771414393,0.3356760729143424,0.35535981771414393,2.5,2.433,tp,75
2024-09-11 23:00:00,2024-09-12 07:00:00,L,0.3564,0.3546,0.3464353846082284,0.3813115384794289,-0.181,-0.22,time,96
2024-09-12 08:25:00,2024-09-12 16:25:00,L,0.3565,0.3549,0.35333168690580025,0.3644207827354993,-0.505,-0.629,time,96
2024-09-12 22:50:00,2024-09-13 06:50:00,L,0.3551,0.356,0.35232813048221095,0.3620296737944727,0.325,0.184,time,96
2024-09-13 08:15:00,2024-09-13 11:35:00,L,0.3576,0.35402221988520094,0.35402221988520094,0.36654445028699756,-1.0,-1.11,sl,40
2024-09-13 15:00:00,2024-09-13 15:45:00,L,0.3554,0.3629086742611788,0.3523965302955285,0.3629086742611788,2.5,2.37,tp,9
2024-09-13 15:50:00,2024-09-13 23:50:00,L,0.3631,0.3604,0.35414670007942045,0.38548324980144877,-0.302,-0.346,time,96
2024-09-14 10:15:00,2024-09-14 18:05:00,S,0.356,0.35111107019024235,0.35795557192390304,0.35111107019024235,2.5,2.3,tp,94
2024-09-15 02:00:00,2024-09-15 04:25:00,L,0.3552,0.35304089674944134,0.35304089674944134,0.3605977581263967,-1.0,-1.181,sl,29
2024-09-15 04:30:00,2024-09-15 12:30:00,S,0.3531,0.3489,0.35564944646182123,0.346726383845447,1.647,1.495,time,96
2024-09-15 14:20:00,2024-09-15 22:20:00,S,0.3458,0.3383,0.3501827975902608,0.334843006024348,1.711,1.624,time,96
2024-09-15 23:10:00,2024-09-16 07:10:00,S,0.3361,0.3349,0.3393951806373911,0.3278620484065223,0.364,0.252,time,96
2024-09-16 09:30:00,2024-09-16 17:30:00,S,0.3343,0.3278,0.3375666447626683,0.32613338809332926,1.99,1.877,time,96
2024-09-16 21:00:00,2024-09-16 23:40:00,S,0.3269,0.33026806247550533,0.33026806247550533,0.31847984381123673,-1.0,-1.107,sl,32
2024-09-17 11:45:00,2024-09-17 14:10:00,S,0.3308,0.3342666117742798,0.3342666117742798,0.3221334705643004,-1.0,-1.105,sl,29
2024-09-17 14:20:00,2024-09-17 22:20:00,L,0.3363,0.3325,0.33058081257293076,0.35059796856767306,-0.664,-0.729,time,96
2024-09-18 00:35:00,2024-09-18 01:10:00,S,0.3308,0.3338655370999193,0.3338655370999193,0.3231361572502017,-1.0,-1.119,sl,7
2024-09-18 02:35:00,2024-09-18 03:00:00,L,0.3341,0.33773320043146304,0.3326467198274148,0.33773320043146304,2.5,2.247,tp,5
2024-09-18 03:05:00,2024-09-18 08:05:00,L,0.3385,0.3327096977649114,0.3327096977649114,0.35297575558772165,-1.0,-1.064,sl,60
2024-09-18 08:10:00,2024-09-18 16:10:00,S,0.3325,0.3292,0.3349547488277815,0.32636312793054634,1.344,1.195,time,96
2024-09-18 18:05:00,2024-09-19 00:00:00,L,0.333,0.3451839513589171,0.32812641945643317,0.3451839513589171,2.5,2.425,tp,71
2024-09-19 00:05:00,2024-09-19 08:05:00,L,0.3461,0.348,0.3375925161629296,0.367368709592676,0.223,0.179,time,96
2024-09-19 12:10:00,2024-09-19 20:10:00,L,0.3501,0.3527,0.34712763132178875,0.3575309216955282,0.875,0.745,time,96
2024-09-20 02:55:00,2024-09-20 10:55:00,L,0.3531,0.3591,0.3497094383856081,0.3615764040359799,1.77,1.655,time,96
2024-09-20 21:15:00,2024-09-21 00:10:00,L,0.353,0.35043693910499,0.35043693910499,0.3594076522375249,-1.0,-1.151,sl,35
2024-09-21 03:40:00,2024-09-21 04:35:00,L,0.3541,0.3510228946120971,0.3510228946120971,0.3617927634697573,-1.0,-1.127,sl,11
2024-09-21 06:35:00,2024-09-21 07:00:00,L,0.3552,0.35304414396083417,0.35304414396083417,0.3605896400979146,-1.0,-1.181,sl,5
2024-09-21 08:30:00,2024-09-21 10:50:00,L,0.3556,0.3531371849822632,0.3531371849822632,0.3617570375443421,-1.0,-1.159,sl,28
2024-09-21 13:00:00,2024-09-21 21:00:00,L,0.3557,0.3563,0.35324938242091275,0.3618265439477182,0.245,0.085,time,96
2024-09-21 22:50:00,2024-09-22 02:10:00,L,0.357,0.35556015338645486,0.35556015338645486,0.3605996165338628,-1.0,-1.273,sl,40
2024-09-22 05:10:00,2024-09-22 13:10:00,S,0.3531,0.3537,0.35495141953478676,0.3484714511630332,-0.324,-0.534,time,96
2024-09-22 14:10:00,2024-09-22 22:10:00,S,0.3502,0.3442,0.3539743292832561,0.3407641767918598,1.59,1.488,time,96
2024-09-23 01:10:00,2024-09-23 09:10:00,L,0.3531,0.3527,0.3449593400655232,0.37345164983619206,-0.049,-0.097,time,96
2024-09-23 18:15:00,2024-09-24 02:15:00,L,0.3588,0.3596,0.35490328004581356,0.3685417998854661,0.205,0.104,time,96
2024-09-24 06:55:00,2024-09-24 12:20:00,L,0.3642,0.3714093911950794,0.3613162435219683,0.3714093911950794,2.5,2.361,tp,65
2024-09-24 12:25:00,2024-09-24 14:25:00,L,0.3719,0.36880685558208026,0.36880685558208026,0.3796328610447994,-1.0,-1.132,sl,24
2024-09-24 15:20:00,2024-09-24 23:20:00,L,0.3759,0.387,0.36500062438600234,0.4031484390349942,1.018,0.98,time,96
2024-09-25 01:30:00,2024-09-25 04:15:00,L,0.3904,0.38737367636805264,0.38737367636805264,0.39796580907986845,-1.0,-1.142,sl,33
2024-09-25 14:10:00,2024-09-25 22:10:00,L,0.3854,0.380484343052486,0.380484343052486,0.39768914236878505,-1.0,-1.086,sl,96
2024-09-26 02:05:00,2024-09-26 06:35:00,L,0.3822,0.3935144054018044,0.3776742378392782,0.3935144054018044,2.5,2.407,tp,54
2024-09-26 06:40:00,2024-09-26 14:40:00,L,0.393,0.3985,0.3863721625346285,0.4095695936634287,0.83,0.765,time,96
2024-09-26 22:00:00,2024-09-27 06:00:00,L,0.4011,0.4134,0.3946089047666984,0.417327738083254,1.895,1.827,time,96
2024-09-27 13:05:00,2024-09-27 19:40:00,L,0.4044,0.4007866559527152,0.4007866559527152,0.41343336011821197,-1.0,-1.123,sl,79
2024-09-28 02:55:00,2024-09-28 05:15:00,L,0.4051,0.4017329971617144,0.4017329971617144,0.41351750709571405,-1.0,-1.132,sl,28
2024-09-28 06:10:00,2024-09-28 14:10:00,S,0.3983,0.4018,0.40299110117578096,0.38657224706054755,-0.746,-0.839,time,96
2024-09-28 14:15:00,2024-09-28 21:10:00,L,0.4018,0.3993137589252326,0.3993137589252326,0.4080156026869185,-1.0,-1.178,sl,83
2024-09-28 21:15:00,2024-09-29 05:15:00,S,0.3979,0.3987,0.4013754396894843,0.38921140077628913,-0.23,-0.356,time,96
2024-09-29 06:20:00,2024-09-29 14:20:00,S,0.3955,0.3973,0.39958597834125376,0.38528505414686565,-0.441,-0.547,time,96
2024-09-29 15:15:00,2024-09-29 23:10:00,L,0.3989,0.39649727201440044,0.39649727201440044,0.4049068199639988,-1.0,-1.183,sl,95
2024-09-29 23:15:00,2024-09-30 01:50:00,S,0.3973,0.3888052977078536,0.40069788091685854,0.3888052977078536,2.5,2.371,tp,31
2024-09-30 01:55:00,2024-09-30 09:55:00,S,0.3886,0.3834,0.39525683731082384,0.3719579067229404,0.781,0.717,time,96
2024-09-30 10:00:00,2024-09-30 18:00:00,S,0.3834,0.3815,0.3892294150258992,0.3688264624352521,0.326,0.254,time,96
2024-09-30 22:40:00,2024-10-01 03:45:00,S,0.3777,0.38209831182679077,0.38209831182679077,0.366704220433023,-1.0,-1.094,sl,61
2024-10-01 13:15:00,2024-10-01 13:40:00,S,0.3812,0.37144330232363143,0.3851026790705474,0.37144330232363143,2.5,2.393,tp,5
2024-10-01 13:45:00,2024-10-01 17:15:00,S,0.3754,0.35117130356283566,0.38509147857486575,0.35117130356283566,2.5,2.457,tp,42
2024-10-01 17:20:00,2024-10-02 01:20:00,S,0.3492,0.3556,0.3674516296405256,0.30357092589868606,-0.351,-0.372,time,96
2024-10-02 05:55:00,2024-10-02 06:35:00,S,0.3555,0.3592957683001597,0.3592957683001597,0.3460105792496007,-1.0,-1.103,sl,8
2024-10-02 09:30:00,2024-10-02 17:30:00,S,0.3546,0.3456,0.3594060318676358,0.3425849203309106,1.873,1.791,time,96
2024-10-02 17:35:00,2024-10-03 01:35:00,S,0.3456,0.3465,0.35183985683989566,0.33000035790026094,-0.144,-0.205,time,96
2024-10-03 05:50:00,2024-10-03 08:20:00,S,0.3453,0.33560601243823507,0.34917759502470597,0.33560601243823507,2.5,2.402,tp,30
2024-10-03 08:25:00,2024-10-03 16:25:00,S,0.3375,0.3351,0.34718123315920674,0.31329691710198326,0.248,0.21,time,96
2024-10-04 08:25:00,2024-10-04 16:25:00,L,0.3525,0.3539,0.3473880228901433,0.36527994277464165,0.274,0.198,time,96
2024-10-05 01:00:00,2024-10-05 02:45:00,L,0.3543,0.350937809653373,0.350937809653373,0.3627054758665675,-1.0,-1.116,sl,21
2024-10-05 02:55:00,2024-10-05 07:00:00,S,0.3502,0.3537639532772815,0.3537639532772815,0.34129011680679633,-1.0,-1.108,sl,49
2024-10-05 07:05:00,2024-10-05 13:40:00,L,0.3532,0.35164232821897634,0.35164232821897634,0.35709417945255917,-1.0,-1.249,sl,79
2024-10-05 16:40:00,2024-10-06 00:40:00,S,0.3496,0.3485,0.3533816217888417,0.34014594552789584,0.291,0.189,time,96
2024-10-06 01:25:00,2024-10-06 04:40:00,L,0.3513,0.3481251263418926,0.3481251263418926,0.35923718414526856,-1.0,-1.122,sl,39
2024-10-06 10:55:00,2024-10-06 13:00:00,S,0.3479,0.3509558451624665,0.3509558451624665,0.34026038709383377,-1.0,-1.125,sl,25
2024-10-06 13:45:00,2024-10-06 19:25:00,L,0.3509,0.3555487136259343,0.34904051454962626,0.3555487136259343,2.5,2.292,tp,68
2024-10-06 19:30:00,2024-10-06 21:55:00,L,0.3564,0.3524245141397926,0.3524245141397926,0.3663387146505185,-1.0,-1.099,sl,29
2024-10-06 23:25:00,2024-10-07 01:50:00,L,0.3574,0.3656247957654677,0.3541100816938129,0.3656247957654677,2.5,2.381,tp,29
2024-10-07 01:55:00,2024-10-07 09:10:00,L,0.3657,0.3598919719276972,0.3598919719276972,0.38022007018075715,-1.0,-1.069,sl,87
2024-10-07 14:10:00,2024-10-07 18:15:00,L,0.3597,0.3547635503708492,0.3547635503708492,0.37204112407287704,-1.0,-1.08,sl,49
2024-10-07 18:20:00,2024-10-08 02:20:00,S,0.3555,0.354,0.35921719528587165,0.3462070117853208,0.404,0.298,time,96
2024-10-08 05:20:00,2024-10-08 13:20:00,S,0.3533,0.3481,0.3567743137351088,0.34461421566222794,1.497,1.385,time,96
2024-10-08 15:30:00,2024-10-08 23:30:00,S,0.3436,0.3438,0.34875682577255696,0.33070793556860767,-0.039,-0.112,time,96
2024-10-09 07:20:00,2024-10-09 13:05:00,S,0.3448,0.33812060816792333,0.34747175673283065,0.33812060816792333,2.5,2.358,tp,69
2024-10-09 13:10:00,2024-10-09 15:20:00,S,0.3378,0.34272884599744463,0.34272884599744463,0.3254778850063884,-1.0,-1.075,sl,26
2024-10-09 19:30:00,2024-10-09 20:50:00,S,0.3386,0.3346154452127306,0.34019382191490777,0.3346154452127306,2.5,2.266,tp,16
2024-10-09 20:55:00,2024-10-09 23:05:00,S,0.3352,0.34013171145482224,0.34013171145482224,0.32287072136294437,-1.0,-1.075,sl,26
2024-10-10 07:45:00,2024-10-10 15:45:00,S,0.3377,0.336,0.33975077401679765,0.33257306495800587,0.829,0.648,time,96
2024-10-10 18:05:00,2024-10-10 21:20:00,S,0.3328,0.33812498337425445,0.33812498337425445,0.3194875415643638,-1.0,-1.069,sl,39
2024-10-11 02:00:00,2024-10-11 10:00:00,L,0.3408,0.3469,0.33801422084360383,0.34776444789099037,2.19,2.055,time,96
2024-10-11 10:05:00,2024-10-11 12:40:00,L,0.3469,0.34473904793324806,0.34473904793324806,0.3523023801668798,-1.0,-1.177,sl,31
2024-10-11 13:55:00,2024-10-11 21:55:00,L,0.348,0.3521,0.34499482129749925,0.3555129467562518,1.364,1.237,time,96
2024-10-12 06:00:00,2024-10-12 07:00:00,L,0.3536,0.35265973803548983,0.35265973803548983,0.35595065491127553,-1.0,-1.414,sl,12
2024-10-12 10:15:00,2024-10-12 18:15:00,L,0.354,0.3536,0.35215972292274283,0.3586006926931429,-0.217,-0.429,time,96
2024-10-13 02:45:00,2024-10-13 10:45:00,L,0.3547,0.3555,0.3516336980005553,0.3623657549986119,0.261,0.134,time,96
2024-10-13 11:15:00,2024-10-13 19:15:00,S,0.3533,0.3463,0.3572846890984915,0.3433382772537713,1.757,1.659,time,96
2024-10-14 00:55:00,2024-10-14 03:25:00,S,0.3445,0.3486936162813707,0.3486936162813707,0.3340159592965732,-1.0,-1.09,sl,30
2024-10-14 03:30:00,2024-10-14 11:30:00,L,0.3493,0.3556,0.34329910713972456,0.3643022321506886,1.05,0.986,time,96
2024-10-14 14:00:00,2024-10-14 22:00:00,L,0.3576,0.363,0.35317400695659884,0.3686649826085028,1.22,1.131,time,96
2024-10-15 09:05:00,2024-10-15 10:40:00,L,0.3609,0.3645578033061384,0.35943687867754465,0.3645578033061384,2.5,2.229,tp,19
2024-10-15 10:45:00,2024-10-15 11:15:00,L,0.3645,0.3606037615111715,0.3606037615111715,0.3742405962220712,-1.0,-1.103,sl,6
2024-10-15 11:20:00,2024-10-15 13:50:00,S,0.3595,0.36715850363020647,0.36715850363020647,0.3403537409244838,-1.0,-1.052,sl,30
2024-10-15 13:55:00,2024-10-15 14:35:00,L,0.368,0.35920066468985473,0.35920066468985473,0.3899983382753631,-1.0,-1.046,sl,8
2024-10-15 14:50:00,2024-10-15 22:50:00,S,0.3579,0.3557,0.3713381645543506,0.3243045886141235,0.164,0.134,time,96
2024-10-15 23:45:00,2024-10-16 04:20:00,L,0.358,0.3546214086606954,0.3546214086606954,0.3664464783482614,-1.0,-1.117,sl,55
2024-10-16 04:25:00,2024-10-16 05:40:00,S,0.3547,0.35679332494202026,0.35679332494202026,0.34946668764494937,-1.0,-1.186,sl,15
2024-10-16 06:35:00,2024-10-16 11:15:00,S,0.3538,0.3574150485676884,0.3574150485676884,0.34476237858077896,-1.0,-1.108,sl,56
2024-10-16 11:20:00,2024-10-16 13:45:00,L,0.3573,0.3550914197870037,0.3550914197870037,0.36282145053249076,-1.0,-1.178,sl,29
2024-10-16 13:50:00,2024-10-16 14:05:00,S,0.3564,0.3590515352180335,0.3590515352180335,0.3497711619549162,-1.0,-1.148,sl,3
2024-10-16 14:45:00,2024-10-16 22:45:00,S,0.3543,0.3556,0.36077272810535244,0.33811817973661895,-0.201,-0.261,time,96
2024-10-16 23:50:00,2024-10-17 07:50:00,S,0.3521,0.3477,0.3563672609919019,0.3414318475202453,1.031,0.94,time,96
2024-10-17 08:10:00,2024-10-17 16:10:00,S,0.3467,0.347,0.3499017417952067,0.3386956455119832,-0.094,-0.213,time,96
2024-10-17 18:00:00,2024-10-18 01:25:00,S,0.343,0.34742288648545716,0.34742288648545716,0.3319427837863572,-1.0,-1.085,sl,89
2024-10-18 04:55:00,2024-10-18 05:55:00,S,0.3459,0.34704631484437465,0.34704631484437465,0.34303421288906333,-1.0,-1.332,sl,12
2024-10-18 12:25:00,2024-10-18 13:40:00,S,0.3454,0.3474602282541616,0.3474602282541616,0.3402494293645959,-1.0,-1.184,sl,15
2024-10-18 16:40:00,2024-10-18 21:50:00,L,0.3506,0.3472909332250228,0.3472909332250228,0.3588726669374431,-1.0,-1.117,sl,62
2024-10-18 21:55:00,2024-10-18 23:00:00,S,0.3474,0.3491532091210302,0.3491532091210302,0.3430169771974244,-1.0,-1.218,sl,13
2024-10-18 23:05:00,2024-10-19 03:05:00,L,0.3496,0.35596979039338084,0.3470520838426477,0.35596979039338084,2.5,2.349,tp,48
2024-10-19 03:10:00,2024-10-19 11:10:00,L,0.3565,0.3545,0.3520326072320145,0.36766848191996365,-0.448,-0.535,time,96
2024-10-19 11:35:00,2024-10-19 19:35:00,S,0.3522,0.3503,0.35507785572681333,0.3450053606829667,0.66,0.526,time,96
2024-10-20 01:15:00,2024-10-20 09:15:00,S,0.3504,0.3499,0.3524635317433366,0.34524117064165843,0.242,0.056,time,96
2024-10-20 10:15:00,2024-10-20 13:40:00,L,0.3512,0.35579666155710543,0.34936133537715786,0.35579666155710543,2.5,2.29,tp,41
2024-10-20 13:45:00,2024-10-20 21:45:00,L,0.3557,0.3616,0.3513058213904244,0.3666854465239391,1.343,1.254,time,96
2024-10-20 22:05:00,2024-10-21 05:00:00,L,0.3637,0.3726792675263635,0.3601082929894546,0.3726792675263635,2.5,2.389,tp,83
2024-10-21 05:05:00,2024-10-21 09:00:00,L,0.3715,0.36489034070033327,0.36489034070033327,0.3880241482491668,-1.0,-1.062,sl,47
2024-10-21 13:15:00,2024-10-21 21:05:00,S,0.3594,0.3636121161157549,0.3636121161157549,0.34886970971061276,-1.0,-1.094,sl,94
2024-10-21 21:10:00,2024-10-22 00:30:00,L,0.3641,0.359290733565169,0.359290733565169,0.3761231660870774,-1.0,-1.083,sl,40
2024-10-22 01:50:00,2024-10-22 09:35:00,L,0.3666,0.35881894312089196,0.35881894312089196,0.38605264219777,-1.0,-1.052,sl,93
2024-10-22 09:40:00,2024-10-22 14:15:00,S,0.3591,0.36406572845994484,0.36406572845994484,0.3466856788501378,-1.0,-1.08,sl,55
2024-10-22 14:20:00,2024-10-22 22:20:00,L,0.3614,0.3661,0.3545803818239732,0.37844904544006697,0.689,0.631,time,96
2024-10-22 22:50:00,2024-10-23 03:20:00,L,0.3662,0.36173112835675664,0.36173112835675664,0.3773721791081085,-1.0,-1.09,sl,54
2024-10-23 06:25:00,2024-10-23 08:45:00,L,0.3674,0.3615691879929516,0.3615691879929516,0.38197703001762096,-1.0,-1.069,sl,28
2024-10-23 08:50:00,2024-10-23 16:50:00,S,0.3608,0.3459,0.3682573973764042,0.34215650655898944,1.998,1.945,time,96
2024-10-23 16:55:00,2024-10-23 20:35:00,S,0.3459,0.3508510955117022,0.3508510955117022,0.33352226122074446,-1.0,-1.077,sl,44
2024-10-24 06:55:00,2024-10-24 09:00:00,S,0.3493,0.3398455655372584,0.35308177378509664,0.3398455655372584,2.5,2.398,tp,25
2024-10-24 09:05:00,2024-10-24 17:05:00,S,0.3402,0.3435,0.3476343084400801,0.3216142288997998,-0.444,-0.494,time,96
2024-10-24 23:05:00,2024-10-25 07:05:00,S,0.3464,0.3406,0.34967623210677784,0.33820941973305535,1.77,1.654,time,96
2024-10-25 07:15:00,2024-10-25 09:50:00,S,0.339,0.3436959729062012,0.3436959729062012,0.3272600677344971,-1.0,-1.079,sl,31
2024-10-25 15:55:00,2024-10-25 23:20:00,S,0.3401,0.3237079070253017,0.34665683718987933,0.3237079070253017,2.5,2.443,tp,89
2024-10-25 23:25:00,2024-10-26 07:25:00,S,0.3185,0.3321,0.34226320913769903,0.25909197715575244,-0.572,-0.587,time,96
2024-10-26 08:20:00,2024-10-26 14:20:00,S,0.3313,0.3261522309017444,0.3333591076393022,0.3261522309017444,2.5,2.323,tp,72
2024-10-26 14:25:00,2024-10-26 17:30:00,S,0.3257,0.3303989027504589,0.3303989027504589,0.3139527431238527,-1.0,-1.076,sl,37
2024-10-27 00:40:00,2024-10-27 04:30:00,S,0.3319,0.3339521285095883,0.3339521285095883,0.32676967872602924,-1.0,-1.178,sl,46
2024-10-27 09:05:00,2024-10-27 12:00:00,S,0.3322,0.3342437819509656,0.3342437819509656,0.32709054512258595,-1.0,-1.179,sl,35
2024-10-27 12:05:00,2024-10-27 16:05:00,L,0.3347,0.34085276448259527,0.3322388942069619,0.34085276448259527,2.5,2.35,tp,48
2024-10-27 16:10:00,2024-10-27 18:45:00,L,0.3412,0.33873516094525413,0.33873516094525413,0.34736209763686465,-1.0,-1.152,sl,31
2024-10-27 21:50:00,2024-10-28 01:10:00,L,0.341,0.3388526230073787,0.3388526230073787,0.3463684424815534,-1.0,-1.175,sl,40
2024-10-28 03:20:00,2024-10-28 03:45:00,S,0.3365,0.33232762649039715,0.3381689494038412,0.33232762649039715,2.5,2.278,tp,5
2024-10-28 03:50:00,2024-10-28 08:10:00,S,0.3329,0.33762328986890583,0.33762328986890583,0.32109177532773536,-1.0,-1.078,sl,52
2024-10-28 08:15:00,2024-10-28 15:50:00,L,0.3378,0.3338962133917806,0.3338962133917806,0.3475594665205485,-1.0,-1.095,sl,91
2024-10-28 15:55:00,2024-10-28 19:10:00,S,0.3334,0.3395259540883703,0.3395259540883703,0.3180851147790742,-1.0,-1.06,sl,39
2024-10-28 19:20:00,2024-10-29 03:20:00,L,0.3409,0.3497,0.33446184194974565,0.35699539512563583,1.367,1.309,time,96
2024-10-29 08:35:00,2024-10-29 08:50:00,L,0.3483,0.3464422293709998,0.3464422293709998,0.3529444265725006,-1.0,-1.206,sl,3
2024-10-29 16:15:00,2024-10-30 00:15:00,L,0.351,0.3577,0.346700966529879,0.36174758367530246,1.558,1.469,time,96
2024-10-30 00:35:00,2024-10-30 01:10:00,L,0.3592,0.3548808671829786,0.3548808671829786,0.36999783204255354,-1.0,-1.091,sl,7
2024-10-30 02:05:00,2024-10-30 10:05:00,L,0.3611,0.3559,0.3542741454786076,0.37816463630348096,-0.762,-0.82,time,96
2024-10-30 14:10:00,2024-10-30 22:10:00,L,0.3559,0.3566,0.35057743499905336,0.3692064125023666,0.132,0.058,time,96
2024-10-31 01:10:00,2024-10-31 01:35:00,L,0.3577,0.35591838059286596,0.35591838059286596,0.36215404851783517,-1.0,-1.221,sl,5
2024-10-31 01:55:00,2024-10-31 07:00:00,L,0.3578,0.35409451103218326,0.35409451103218326,0.3670637224195419,-1.0,-1.106,sl,61
2024-10-31 09:45:00,2024-10-31 14:00:00,L,0.3573,0.35302084172770737,0.35302084172770737,0.3679978956807316,-1.0,-1.092,sl,51
2024-10-31 14:05:00,2024-10-31 22:05:00,S,0.3503,0.3411,0.36138370160704514,0.32259074598238713,0.83,0.795,time,96
2024-11-01 02:05:00,2024-11-01 05:20:00,S,0.3361,0.3424390357559787,0.3424390357559787,0.3202524106100532,-1.0,-1.058,sl,39
2024-11-01 07:15:00,2024-11-01 07:50:00,S,0.3379,0.34241177440408793,0.34241177440408793,0.3266205639897801,-1.0,-1.082,sl,7
2024-11-01 12:15:00,2024-11-01 13:50:00,L,0.3495,0.3572334216435652,0.3464066313425739,0.3572334216435652,2.5,2.376,tp,19
2024-11-01 13:55:00,2024-11-01 15:45:00,L,0.3566,0.35204809653827734,0.35204809653827734,0.36797975865430654,-1.0,-1.086,sl,22
2024-11-02 00:20:00,2024-11-02 05:25:00,L,0.3612,0.35539210494330015,0.35539210494330015,0.3757197376417497,-1.0,-1.068,sl,61
2024-11-02 09:45:00,2024-11-02 12:30:00,L,0.3579,0.3540188796426164,0.3540188796426164,0.367602800893459,-1.0,-1.101,sl,33
2024-11-02 12:35:00,2024-11-02 20:35:00,S,0.3533,0.3511,0.35921400319185764,0.3385149920203559,0.372,0.306,time,96
2024-11-02 21:50:00,2024-11-03 00:35:00,S,0.3495,0.34459678432232316,0.3514612862710707,0.34459678432232316,2.5,2.304,tp,33
2024-11-03 00:40:00,2024-11-03 08:40:00,S,0.3443,0.3405,0.34818216093896875,0.3345945976525781,0.979,0.881,time,96
2024-11-03 09:35:00,2024-11-03 13:05:00,S,0.3391,0.33417358878894343,0.34107056448442263,0.33417358878894343,2.5,2.311,tp,42
2024-11-03 13:10:00,2024-11-03 18:45:00,S,0.3348,0.32805935516751805,0.33749625793299276,0.32805935516751805,2.5,2.363,tp,67
2024-11-03 18:50:00,2024-11-03 19:35:00,S,0.3277,0.3329150111767378,0.3329150111767378,0.31466247205815556,-1.0,-1.069,sl,9
2024-11-04 00:10:00,2024-11-04 01:20:00,S,0.3328,0.33488343067885645,0.33488343067885645,0.32759142330285884,-1.0,-1.176,sl,14
2024-11-04 05:25:00,2024-11-04 12:15:00,S,0.3304,0.33427555705663997,0.33427555705663997,0.32071110735840014,-1.0,-1.094,sl,82
2024-11-04 13:55:00,2024-11-04 21:55:00,S,0.3297,0.3212,0.3350017191551052,0.316445702112237,1.603,1.535,time,96
2024-11-05 14:50:00,2024-11-05 19:55:00,L,0.3358,0.32966620480863745,0.32966620480863745,0.3511344879784063,-1.0,-1.06,sl,61
2024-11-05 20:00:00,2024-11-06 00:30:00,S,0.3299,0.33684116742529974,0.33684116742529974,0.31254708143675075,-1.0,-1.052,sl,54
2024-11-06 00:35:00,2024-11-06 02:30:00,L,0.3375,0.3490175149337338,0.3328929940265065,0.3490175149337338,2.5,2.419,tp,23
2024-11-06 02:35:00,2024-11-06 10:35:00,L,0.3494,0.3585,0.3388196425946337,0.3758508935134157,0.86,0.824,time,96
2024-11-06 19:00:00,2024-11-07 01:10:00,L,0.3571,0.3672811365644373,0.35302754537422504,0.3672811365644373,2.5,2.404,tp,74
2024-11-07 01:15:00,2024-11-07 09:15:00,L,0.3677,0.371,0.361461567713809,0.3832960807154776,0.529,0.464,time,96
2024-11-07 12:30:00,2024-11-07 15:50:00,L,0.3743,0.38578200533753726,0.3697071978649851,0.38578200533753726,2.5,2.41,tp,40
2024-11-07 15:55:00,2024-11-07 23:55:00,L,0.3854,0.4069,0.37170201481739307,0.41964496295651743,1.57,1.539,time,96
2024-11-08 00:00:00,2024-11-08 06:20:00,L,0.4069,0.43817186167228067,0.3943912553310877,0.43817186167228067,2.5,2.464,tp,76
2024-11-08 06:25:00,2024-11-08 08:00:00,L,0.4377,0.42597366122936153,0.42597366122936153,0.4670158469265961,-1.0,-1.041,sl,19
2024-11-08 10:25:00,2024-11-08 16:05:00,L,0.4343,0.45447193697065047,0.42623122521173984,0.45447193697065047,2.5,2.441,tp,68
2024-11-08 16:10:00,2024-11-09 00:10:00,L,0.4538,0.4419,0.43375917628319816,0.5039020592920045,-0.594,-0.619,time,96
2024-11-09 05:55:00,2024-11-09 13:55:00,L,0.4353,0.4401,0.42720717619520093,0.4555320595119977,0.593,0.534,time,96
2024-11-09 21:10:00,2024-11-09 22:40:00,L,0.4474,0.46582335488330506,0.440030658046678,0.46582335488330506,2.5,2.433,tp,18
2024-11-09 22:45:00,2024-11-10 00:40:00,L,0.4643,0.5166246447412937,0.4433701421034825,0.5166246447412937,2.5,2.476,tp,23
2024-11-10 00:45:00,2024-11-10 05:20:00,L,0.5165,0.5952860279106927,0.48498558883572285,0.5952860279106927,2.5,2.482,tp,55
2024-11-10 05:25:00,2024-11-10 13:25:00,L,0.5902,0.6257,0.5413147178706472,0.7124132053233818,0.726,0.713,time,96
2024-11-10 17:45:00,2024-11-10 20:10:00,L,0.6248,0.5982219537440501,0.5982219537440501,0.6912451156398749,-1.0,-1.026,sl,29
2024-11-11 10:10:00,2024-11-11 18:10:00,L,0.5911,0.5958,0.5772127746534715,0.6258180633663211,0.338,0.292,time,96
2024-11-11 20:45:00,2024-11-11 22:15:00,L,0.6206,0.5954769806827036,0.5954769806827036,0.6834075482932411,-1.0,-1.027,sl,18
2024-11-12 07:15:00,2024-11-12 08:05:00,L,0.6036,0.6403147496898249,0.5889141001240701,0.6403147496898249,2.5,2.455,tp,10
2024-11-12 08:10:00,2024-11-12 10:05:00,L,0.6411,0.5929956761597879,0.5929956761597879,0.7613608096005303,-1.0,-1.015,sl,23
2024-11-12 13:50:00,2024-11-12 14:45:00,S,0.5605,0.5823190295811661,0.5823190295811661,0.5059524260470847,-1.0,-1.028,sl,11
2024-11-12 16:20:00,2024-11-12 19:10:00,S,0.5598,0.5823020403020277,0.5823020403020277,0.5035448992449306,-1.0,-1.027,sl,34
2024-11-12 22:45:00,2024-11-12 23:40:00,L,0.5871,0.5736251229332302,0.5736251229332302,0.6207871926669244,-1.0,-1.048,sl,11
2024-11-13 00:15:00,2024-11-13 08:15:00,S,0.566,0.5339,0.5855417942913,0.5171455142717497,1.643,1.611,time,96
2024-11-13 13:40:00,2024-11-13 21:40:00,L,0.5584,0.575,0.5289442752772363,0.6320393118069092,0.564,0.543,time,96
2024-11-14 06:15:00,2024-11-14 07:00:00,L,0.5827,0.5708170837652297,0.5708170837652297,0.6124072905869258,-1.0,-1.054,sl,9
2024-11-14 10:55:00,2024-11-14 18:55:00,S,0.5701,0.5569,0.5830960218185707,0.5376099454535734,1.016,0.967,time,96
2024-11-14 21:50:00,2024-11-15 05:50:00,L,0.5806,0.5982,0.5554337681934772,0.643515579516307,0.699,0.674,time,96
2024-11-15 06:10:00,2024-11-15 14:10:00,L,0.6205,0.669,0.5791778605154252,0.7238053487114372,1.174,1.157,time,96
2024-11-15 20:20:00,2024-11-16 00:20:00,L,0.683,0.7415405965329356,0.6595837613868258,0.7415405965329356,2.5,2.468,tp,48
2024-11-16 00:25:00,2024-11-16 08:25:00,L,0.7389,0.7213,0.688321138354672,0.86534715411332,-0.348,-0.364,time,96
2024-11-16 09:40:00,2024-11-16 15:00:00,L,0.7354,0.8041997037850388,0.7078801184859845,0.8041997037850388,2.5,2.471,tp,64
2024-11-16 15:05:00,2024-11-16 15:35:00,L,0.8066,0.7521616028806928,0.7521616028806928,0.942695992798268,-1.0,-1.016,sl,6
2024-11-17 00:25:00,2024-11-17 01:45:00,L,0.765,0.730870019590367,0.730870019590367,0.8503249510240825,-1.0,-1.025,sl,16
2024-11-17 13:35:00,2024-11-17 19:20:00,L,0.7319,0.7140294551203952,0.7140294551203952,0.776576362199012,-1.0,-1.045,sl,69
2024-11-17 21:50:00,2024-11-18 00:35:00,S,0.7079,0.7176508343717933,0.7176508343717933,0.6835229140705166,-1.0,-1.08,sl,33
2024-11-18 01:40:00,2024-11-18 05:15:00,L,0.7208,0.7552115135835662,0.7070353945665735,0.7552115135835662,2.5,2.442,tp,43
2024-11-18 05:20:00,2024-11-18 11:45:00,L,0.7581,0.734112707853312,0.734112707853312,0.8180682303667202,-1.0,-1.035,sl,77
2024-11-18 15:50:00,2024-11-18 19:10:00,L,0.7597,0.7331992848378578,0.7331992848378578,0.8259517879053557,-1.0,-1.032,sl,40
2024-11-19 03:45:00,2024-11-19 10:05:00,L,0.7465,0.7369912656783578,0.7369912656783578,0.7702718358041056,-1.0,-1.086,sl,76
2024-11-19 12:35:00,2024-11-19 13:40:00,L,0.7537,0.7307324618698114,0.7307324618698114,0.8111188453254715,-1.0,-1.036,sl,13
2024-11-19 13:45:00,2024-11-19 20:05:00,S,0.7315,0.7577013306575976,0.7577013306575976,0.6659966733560061,-1.0,-1.031,sl,76
2024-11-19 20:10:00,2024-11-19 21:15:00,L,0.7586,0.7369864878714442,0.7369864878714442,0.8126337803213898,-1.0,-1.039,sl,13
2024-11-19 22:35:00,2024-11-20 00:00:00,S,0.725,0.7417606952954695,0.7417606952954695,0.6830982617613262,-1.0,-1.048,sl,17
2024-11-20 00:15:00,2024-11-20 08:15:00,L,0.7562,0.7948,0.7322053814066861,0.8161865464832847,1.609,1.574,time,96
2024-11-20 08:45:00,2024-11-20 16:45:00,L,0.8164,0.8155,0.7820607766002025,0.9022480584994939,-0.026,-0.052,time,96
2024-11-20 22:20:00,2024-11-20 23:55:00,L,0.814,0.7975212497992618,0.7975212497992618,0.8551968755018454,-1.0,-1.054,sl,19
2024-11-21 02:05:00,2024-11-21 10:05:00,S,0.7853,0.7792,0.806599664431481,0.7320508389212974,0.286,0.246,time,96
2024-11-21 11:05:00,2024-11-21 15:30:00,L,0.7921,0.7706454776803339,0.7706454776803339,0.8457363057991654,-1.0,-1.041,sl,53
2024-11-21 15:35:00,2024-11-21 17:55:00,S,0.7715,0.8010427877726094,0.8010427877726094,0.6976430305684764,-1.0,-1.029,sl,28
2024-11-21 18:00:00,2024-11-21 18:20:00,L,0.8021,0.7849515815935695,0.7849515815935695,0.8449710460160764,-1.0,-1.051,sl,4
2024-11-21 18:45:00,2024-11-22 00:05:00,L,0.8019,0.8469319141792737,0.7838872343282904,0.8469319141792737,2.5,2.451,tp,64
2024-11-22 00:10:00,2024-11-22 08:10:00,L,0.847,0.8621,0.8102319108229995,0.9389202229425011,0.411,0.385,time,96
2024-11-22 11:20:00,2024-11-22 12:45:00,L,0.8744,0.930159295752649,0.8520962816989404,0.930159295752649,2.5,2.457,tp,17
2024-11-22 12:50:00,2024-11-22 13:25:00,L,0.9245,0.886183680929849,0.886183680929849,1.0202907976753774,-1.0,-1.027,sl,7
2024-11-22 16:05:00,2024-11-22 22:15:00,L,0.9319,1.0270795688995142,0.8938281724401942,1.0270795688995142,2.5,2.473,tp,74
2024-11-22 22:20:00,2024-11-23 06:20:00,L,1.0283,1.0921,0.975059169644069,1.1614020758898274,1.198,1.177,time,96
2024-11-23 13:30:00,2024-11-23 16:20:00,L,1.0969,1.0605085514749422,1.0605085514749422,1.1878786213126444,-1.0,-1.033,sl,34
2024-11-23 21:55:00,2024-11-24 05:55:00,L,1.0748,1.0595,1.0441321162809325,1.1514697092976687,-0.499,-0.537,time,96
2024-11-24 11:10:00,2024-11-24 19:10:00,S,1.0228,0.9836,1.0580162192867553,0.9347594517831116,1.113,1.081,time,96
2024-11-24 21:05:00,2024-11-25 01:20:00,L,1.0051,0.9778270141487051,0.9778270141487051,1.0732824646282375,-1.0,-1.041,sl,51
2024-11-25 01:25:00,2024-11-25 04:00:00,S,0.975,1.0215387827622189,1.0215387827622189,0.8586530430944528,-1.0,-1.023,sl,31
2024-11-25 04:05:00,2024-11-25 12:05:00,L,1.0185,1.0515,0.9880613278515373,1.0945966803711564,1.084,1.047,time,96
2024-11-25 13:10:00,2024-11-25 21:10:00,S,1.0268,0.9949,1.0622212763802936,0.9382468090492657,0.901,0.869,time,96
2024-11-25 21:45:00,2024-11-26 05:45:00,S,0.9668,0.9827,1.0128694394914204,0.851626401271449,-0.345,-0.368,time,96
2024-11-26 07:15:00,2024-11-26 11:20:00,S,0.9604,0.8939464471825282,0.9869814211269887,0.8939464471825282,2.5,2.46,tp,49
2024-11-26 11:25:00,2024-11-26 14:45:00,S,0.8993,0.935950573038507,0.935950573038507,0.8076735674037323,-1.0,-1.027,sl,40
2024-11-26 18:35:00,2024-11-26 19:55:00,S,0.8992,0.9365132738568093,0.9365132738568093,0.8059168153579768,-1.0,-1.027,sl,16
2024-11-27 00:45:00,2024-11-27 04:25:00,S,0.9405,0.9748392848360417,0.9748392848360417,0.8546517879098958,-1.0,-1.03,sl,44
2024-11-27 08:00:00,2024-11-27 16:00:00,L,0.9836,1.0291,0.9558549567958583,1.0529626080103545,1.64,1.601,time,96
2024-11-28 02:25:00,2024-11-28 02:55:00,L,1.0292,1.0126160904424857,1.0126160904424857,1.0706597738937855,-1.0,-1.068,sl,6
2024-11-28 10:00:00,2024-11-28 11:45:00,S,0.9859,1.0035007945938856,1.0035007945938856,0.9418980135152859,-1.0,-1.062,sl,21
2024-11-28 18:15:00,2024-11-28 20:20:00,L,1.0066,0.9962881495976191,0.9962881495976191,1.032379626005952,-1.0,-1.107,sl,25
2024-11-28 21:15:00,2024-11-28 23:00:00,L,1.0097,1.0450290884817854,0.9955683646072859,1.0450290884817854,2.5,2.421,tp,21
2024-11-28 23:05:00,2024-11-29 07:05:00,L,1.045,1.0647,1.010874476113877,1.1303138097153071,0.577,0.544,time,96
2024-11-29 07:10:00,2024-11-29 15:10:00,L,1.0647,1.0965,1.0382594103818261,1.1308014740454346,1.203,1.158,time,96
2024-11-29 15:15:00,2024-11-29 16:15:00,L,1.0965,1.060158435908406,1.060158435908406,1.1873539102289852,-1.0,-1.033,sl,12
2024-11-29 20:20:00,2024-11-30 04:20:00,L,1.0594,1.0667,1.0434720430652962,1.0992198923367593,0.458,0.385,time,96
2024-11-30 06:30:00,2024-11-30 12:50:00,L,1.0998,1.0744550915280435,1.0744550915280435,1.1631622711798917,-1.0,-1.048,sl,76
2024-11-30 16:05:00,2024-11-30 22:50:00,L,1.0925,1.0749826886808496,1.0749826886808496,1.136293278297876,-1.0,-1.069,sl,81
2024-12-01 00:05:00,2024-12-01 00:50:00,S,1.0814,1.0624860966579894,1.088965561336804,1.0624860966579894,2.5,2.343,tp,9
2024-12-01 00:55:00,2024-12-01 08:55:00,S,1.0679,1.073,1.0872391043409795,1.0195522391475516,-0.264,-0.324,time,96
2024-12-01 09:00:00,2024-12-01 17:00:00,L,1.073,1.0612,1.0555951373561956,1.1165121566095109,-0.678,-0.746,time,96
2024-12-01 18:00:00,2024-12-01 20:55:00,L,1.0728,1.1148995331302687,1.0559601867478925,1.1148995331302687,2.5,2.43,tp,35
2024-12-01 21:00:00,2024-12-02 05:00:00,L,1.1182,1.1371,1.0741160806437136,1.2284097983907163,0.429,0.401,time,96
2024-12-02 08:50:00,2024-12-02 15:20:00,S,1.09,1.1616112545484598,1.1616112545484598,0.9109718636288507,-1.0,-1.017,sl,78
2024-12-02 15:25:00,2024-12-02 23:25:00,L,1.165,1.1996,1.0932544768116603,1.3443638079708493,0.482,0.464,time,96
2024-12-03 01:05:00,2024-12-03 09:05:00,L,1.2265,1.2867,1.1838701651581898,1.3330745871045253,1.412,1.381,time,96
2024-12-03 12:05:00,2024-12-03 13:30:00,L,1.2721,1.235095578058657,1.235095578058657,1.3646110548533574,-1.0,-1.038,sl,17
2024-12-03 21:20:00,2024-12-03 22:00:00,L,1.2278,1.194160074396537,1.194160074396537,1.3118998140086573,-1.0,-1.04,sl,8
2024-12-04 01:00:00,2024-12-04 01:40:00,S,1.1885,1.2163744758537276,1.2163744758537276,1.1188138103656806,-1.0,-1.047,sl,8
2024-12-04 03:50:00,2024-12-04 11:50:00,L,1.2151,1.2317,1.188439236478875,1.2817519088028129,0.623,0.573,time,96
2024-12-04 14:10:00,2024-12-04 14:40:00,S,1.1923,1.2166540858229027,1.2166540858229027,1.131414785442743,-1.0,-1.054,sl,6
2024-12-04 15:05:00,2024-12-04 16:50:00,S,1.2008,1.1518696062748766,1.2203721574900495,1.1518696062748766,2.5,2.433,tp,21
2024-12-04 16:55:00,2024-12-04 20:10:00,S,1.1564,1.2005541181507926,1.2005541181507926,1.0460147046230188,-1.0,-1.029,sl,39
2024-12-04 23:20:00,2024-12-05 03:10:00,S,1.1778,1.2073281394968083,1.2073281394968083,1.1039796512579791,-1.0,-1.044,sl,46
2024-12-05 08:20:00,2024-12-05 15:20:00,L,1.2246,1.1945841911043156,1.1945841911043156,1.2996395222392108,-1.0,-1.045,sl,84
2024-12-05 16:45:00,2024-12-05 19:45:00,L,1.2456,1.1978969421762133,1.1978969421762133,1.364857644559467,-1.0,-1.029,sl,36
2024-12-05 19:50:00,2024-12-06 03:50:00,S,1.1998,1.1881,1.2356388823053945,1.1102027942365136,0.326,0.29,time,96
2024-12-06 09:05:00,2024-12-06 15:15:00,S,1.174,1.1954770373034076,1.1954770373034076,1.1203074067414809,-1.0,-1.06,sl,74
2024-12-06 15:25:00,2024-12-06 23:25:00,L,1.1995,1.2195,1.1552527797146006,1.3101180507134984,0.452,0.422,time,96
2024-12-07 10:55:00,2024-12-07 11:25:00,S,1.1911,1.2081119131392046,1.2081119131392046,1.1485702171519887,-1.0,-1.077,sl,6
2024-12-07 17:45:00,2024-12-07 19:00:00,S,1.2008,1.2159201522085246,1.2159201522085246,1.162999619478689,-1.0,-1.087,sl,15
2024-12-08 01:15:00,2024-12-08 02:05:00,L,1.2191,1.2027759253145565,1.2027759253145565,1.259910186713609,-1.0,-1.082,sl,10
2024-12-08 04:50:00,2024-12-08 11:30:00,S,1.2025,1.2184723992862094,1.2184723992862094,1.162569001784476,-1.0,-1.083,sl,80
2024-12-08 11:35:00,2024-12-08 14:55:00,L,1.2189,1.1906520550752164,1.1906520550752164,1.2895198623119593,-1.0,-1.047,sl,40
2024-12-08 15:00:00,2024-12-08 23:00:00,S,1.1898,1.1894,1.2180042208356614,1.1192894479108464,0.014,-0.032,time,96
2024-12-09 00:35:00,2024-12-09 08:35:00,S,1.1746,1.1386,1.2012100049794001,1.1080749875515,1.353,1.304,time,96
2024-12-09 08:40:00,2024-12-09 16:40:00,S,1.1386,1.1274,1.1655134458146699,1.0713163854633256,0.416,0.37,time,96
2024-12-09 20:05:00,2024-12-09 20:25:00,S,1.1096,1.0823075633761037,1.1205169746495585,1.0823075633761037,2.5,2.388,tp,4
2024-12-09 20:30:00,2024-12-09 21:00:00,S,1.0777,0.9697325336343757,1.1208869865462499,0.9697325336343757,2.5,2.473,tp,6
2024-12-09 21:05:00,2024-12-10 05:05:00,S,0.9195,1.0109,1.113650534507083,0.4341236637322923,-0.471,-0.476,time,96
2024-12-10 12:30:00,2024-12-10 16:35:00,S,1.001,0.9343935185416982,1.0276425925833206,0.9343935185416982,2.5,2.459,tp,49
2024-12-10 16:40:00,2024-12-10 20:50:00,S,0.935,0.9865489276392206,0.9865489276392206,0.8061276809019486,-1.0,-1.02,sl,50
2024-12-11 00:45:00,2024-12-11 08:40:00,S,0.9933,1.0254678570440159,1.0254678570440159,0.9128803573899602,-1.0,-1.034,sl,95
2024-12-11 12:30:00,2024-12-11 20:30:00,L,1.0497,1.0817,1.018753339609133,1.1270666509771676,1.034,0.997,time,96
2024-12-11 23:20:00,2024-12-12 00:00:00,L,1.0979,1.0850774716879645,1.0850774716879645,1.1299563207800891,-1.0,-1.094,sl,8
2024-12-12 02:45:00,2024-12-12 05:30:00,L,1.0998,1.1630179021887326,1.0745128391245071,1.1630179021887326,2.5,2.452,tp,33
2024-12-12 05:35:00,2024-12-12 11:30:00,L,1.1648,1.1334026926820455,1.1334026926820455,1.2432932682948863,-1.0,-1.041,sl,71
2024-12-12 13:25:00,2024-12-12 13:30:00,L,1.1522,1.1383402123989215,1.1383402123989215,1.1868494690026958,-1.0,-1.091,sl,1
2024-12-12 13:35:00,2024-12-12 13:35:00,L,1.1465,1.1340263930278474,1.1340263930278474,1.1776840174303818,-1.0,-1.101,sl,0
2024-12-13 01:20:00,2024-12-13 09:20:00,S,1.098,1.0935,1.1319518243153281,1.01312043921168,0.133,0.097,time,96
2024-12-13 12:25:00,2024-12-13 15:45:00,L,1.1118,1.094006107705032,1.094006107705032,1.1562847307374196,-1.0,-1.069,sl,40
2024-12-13 16:00:00,2024-12-14 00:00:00,S,1.0844,1.1195,1.131295235519645,0.9671619112008875,-0.748,-0.774,time,96
2024-12-14 00:25:00,2024-12-14 00:50:00,L,1.1243,1.1105382124524203,1.1105382124524203,1.1587044688689494,-1.0,-1.09,sl,5
2024-12-14 01:05:00,2024-12-14 04:25:00,L,1.1257,1.107209116585209,1.107209116585209,1.1719272085369774,-1.0,-1.067,sl,40
2024-12-14 05:55:00,2024-12-14 09:10:00,L,1.1263,1.105709023942993,1.105709023942993,1.1777774401425178,-1.0,-1.06,sl,39
2024-12-14 10:05:00,2024-12-14 13:10:00,S,1.1046,1.0805910543288544,1.1142035782684583,1.0805910543288544,2.5,2.373,tp,37
2024-12-14 13:15:00,2024-12-14 21:15:00,S,1.079,1.0523,1.0963404184637873,1.0356489538405316,1.54,1.471,time,96
2024-12-15 06:55:00,2024-12-15 09:35:00,S,1.0619,1.076222594820427,1.076222594820427,1.026093512948933,-1.0,-1.082,sl,32
2024-12-15 09:40:00,2024-12-15 17:40:00,L,1.0766,1.0897,1.0584494331314578,1.1219764171713555,0.722,0.656,time,96
2024-12-15 21:05:00,2024-12-15 22:00:00,S,1.0796,1.0555444641413863,1.0892222143434453,1.0555444641413863,2.5,2.377,tp,11
2024-12-15 22:05:00,2024-12-15 23:05:00,S,1.0554,1.0848955461294034,1.0848955461294034,0.9816611346764911,-1.0,-1.039,sl,12
2024-12-15 23:25:00,2024-12-16 07:25:00,L,1.0984,1.0936,1.0621474948327765,1.1890312629180588,-0.132,-0.166,time,96
2024-12-16 07:40:00,2024-12-16 08:50:00,L,1.0969,1.0757151175068347,1.0757151175068347,1.1498622062329131,-1.0,-1.057,sl,14
2024-12-16 11:30:00,2024-12-16 14:45:00,S,1.0651,1.0777632738406253,1.0777632738406253,1.0334418153984366,-1.0,-1.093,sl,39
2024-12-16 16:15:00,2024-12-17 00:10:00,L,1.0812,1.0619262774553,1.0619262774553,1.1293843063617497,-1.0,-1.062,sl,95
2024-12-17 00:15:00,2024-12-17 08:15:00,S,1.0671,1.0634,1.090610403629015,1.0083239909274624,0.157,0.107,time,96
2024-12-17 09:15:00,2024-12-17 17:15:00,L,1.0787,1.0835,1.0611734610989587,1.1225163472526032,0.274,0.206,time,96
2024-12-17 21:05:00,2024-12-18 04:25:00,S,1.0656,1.0207510208467476,1.083539591661301,1.0207510208467476,2.5,2.435,tp,88
2024-12-18 04:30:00,2024-12-18 11:05:00,S,1.0231,1.0466862923471416,1.0466862923471416,0.9641342691321456,-1.0,-1.048,sl,79
2024-12-18 12:40:00,2024-12-18 18:30:00,S,1.028,1.05119001275297,1.05119001275297,0.9700249681175749,-1.0,-1.049,sl,70
2024-12-18 18:35:00,2024-12-18 19:55:00,L,1.0469,1.0161549045905345,1.0161549045905345,1.1237627385236637,-1.0,-1.037,sl,16
2024-12-18 20:00:00,2024-12-19 04:00:00,S,1.0093,0.973,1.0601724245721764,0.8821189385695593,0.714,0.692,time,96
2024-12-19 09:00:00,2024-12-19 10:30:00,S,0.9649,0.9837637402401697,0.9837637402401697,0.9177406493995758,-1.0,-1.056,sl,18
2024-12-19 12:55:00,2024-12-19 17:45:00,S,0.9672,0.9125450503481993,0.9890619798607202,0.9125450503481993,2.5,2.451,tp,58
2024-12-19 17:50:00,2024-12-20 01:50:00,S,0.9042,0.8868,0.9514788467998637,0.7860028830003407,0.368,0.347,time,96
2024-12-20 05:50:00,2024-12-20 09:05:00,S,0.8874,0.8344667441993974,0.908573302320241,0.8344667441993974,2.5,2.454,tp,39
2024-12-20 09:10:00,2024-12-20 15:25:00,S,0.8268,0.8844730423275486,0.8844730423275486,0.6826173941811283,-1.0,-1.016,sl,75
2024-12-20 20:50:00,2024-12-20 21:10:00,L,0.9225,0.9048313119999698,0.9048313119999698,0.9666717200000754,-1.0,-1.057,sl,4
2024-12-20 22:10:00,2024-12-21 06:10:00,L,0.9265,0.9799,0.8992688419145669,0.9945778952135826,1.961,1.924,time,96
2024-12-21 06:15:00,2024-12-21 11:25:00,L,0.9799,0.9510856762042673,0.9510856762042673,1.0519358094893316,-1.0,-1.037,sl,62
2024-12-21 12:10:00,2024-12-21 20:10:00,S,0.9459,0.9125,0.9698382763453876,0.8860543091365309,1.395,1.352,time,96
2024-12-22 01:45:00,2024-12-22 09:35:00,S,0.8896,0.9106390381083844,0.9106390381083844,0.8370024047290388,-1.0,-1.047,sl,94
2024-12-22 14:10:00,2024-12-22 20:05:00,S,0.9,0.8627538308791767,0.9148984676483294,0.8627538308791767,2.5,2.434,tp,71
2024-12-22 20:10:00,2024-12-22 21:20:00,S,0.8609,0.8973733821679657,0.8973733821679657,0.7697165445800858,-1.0,-1.026,sl,14
2024-12-23 03:20:00,2024-12-23 11:20:00,L,0.8986,0.8988,0.8620845936742859,0.989888515814285,0.005,-0.022,time,96
2024-12-23 13:45:00,2024-12-23 20:25:00,S,0.8777,0.9033913098412292,0.9033913098412292,0.8134717253969272,-1.0,-1.038,sl,80
2024-12-23 20:30:00,2024-12-24 04:30:00,L,0.9042,0.9121,0.8862238869775849,0.9491402825560378,0.439,0.384,time,96
2024-12-24 06:35:00,2024-12-24 13:30:00,S,0.903,0.9171052736780413,0.9171052736780413,0.8677368158048968,-1.0,-1.07,sl,83
2024-12-24 13:35:00,2024-12-24 21:35:00,L,0.918,0.9336,0.8944381354694019,0.9769046613264954,0.662,0.619,time,96
2024-12-24 21:50:00,2024-12-25 05:50:00,L,0.9369,0.9261,0.9180924325704195,0.9839189185739511,-0.574,-0.629,time,96
2024-12-25 10:25:00,2024-12-25 11:45:00,L,0.9381,0.916273491683679,0.916273491683679,0.9926662707908027,-1.0,-1.047,sl,16
2024-12-25 12:05:00,2024-12-25 20:05:00,S,0.9091,0.9167,0.9279053956601622,0.8620865108495946,-0.404,-0.457,time,96
2024-12-25 21:20:00,2024-12-26 00:00:00,S,0.905,0.9211355154728023,0.9211355154728023,0.8646612113179944,-1.0,-1.062,sl,32
2024-12-26 03:05:00,2024-12-26 08:20:00,S,0.9025,0.8654543143310589,0.9173182742675764,0.8654543143310589,2.5,2.433,tp,63
2024-12-26 08:25:00,2024-12-26 16:25:00,S,0.866,0.8682,0.8899771433371633,0.8060571416570919,-0.092,-0.131,time,96
2024-12-26 21:05:00,2024-12-27 01:35:00,S,0.8551,0.8668258374820326,0.8668258374820326,0.8257854062949185,-1.0,-1.08,sl,54
2024-12-27 05:20:00,2024-12-27 06:40:00,S,0.8617,0.8763288494519782,0.8763288494519782,0.8251278763700546,-1.0,-1.065,sl,16
2024-12-27 07:45:00,2024-12-27 09:00:00,S,0.8606,0.8837615104070808,0.8837615104070808,0.802696223982298,-1.0,-1.041,sl,15
2024-12-27 09:05:00,2024-12-27 17:05:00,L,0.8844,0.867,0.8625969012125334,0.9389077469686664,-0.798,-0.843,time,96
2024-12-27 18:00:00,2024-12-28 02:00:00,L,0.8933,0.8742,0.8650407554468742,0.9639481113828144,-0.676,-0.711,time,96
2024-12-28 06:40:00,2024-12-28 14:10:00,S,0.8698,0.8831641593347591,0.8831641593347591,0.8363896016631023,-1.0,-1.072,sl,90
2024-12-28 17:25:00,2024-12-29 01:25:00,L,0.8922,0.8852,0.8744227681841918,0.9366430795395204,-0.394,-0.449,time,96
2024-12-29 03:40:00,2024-12-29 04:30:00,L,0.89,0.8848867342279606,0.8848867342279606,0.9027831644300985,-1.0,-1.191,sl,10
2024-12-29 07:50:00,2024-12-29 09:15:00,L,0.8932,0.8854742302380395,0.8854742302380395,0.9125144244049013,-1.0,-1.127,sl,17
2024-12-29 10:15:00,2024-12-29 15:45:00,L,0.8955,0.8848642707876248,0.8848642707876248,0.9220893230309379,-1.0,-1.093,sl,66
2024-12-29 15:50:00,2024-12-29 20:20:00,S,0.8857,0.8563807074436682,0.8974277170225328,0.8563807074436682,2.5,2.417,tp,54
2024-12-29 20:25:00,2024-12-30 01:15:00,S,0.8578,0.8709127927401059,0.8709127927401059,0.8250180181497353,-1.0,-1.072,sl,58
2024-12-30 01:20:00,2024-12-30 09:20:00,L,0.8738,0.867,0.8565240296626206,0.9169899258434484,-0.394,-0.449,time,96
2024-12-30 11:05:00,2024-12-30 12:15:00,S,0.8655,0.8748319158076343,0.8748319158076343,0.8421702104809143,-1.0,-1.102,sl,14
2024-12-30 13:20:00,2024-12-30 20:20:00,S,0.8608,0.8796552561115871,0.8796552561115871,0.8136618597210322,-1.0,-1.05,sl,84
2024-12-30 20:25:00,2024-12-30 21:35:00,L,0.8807,0.8616722142617377,0.8616722142617377,0.9282694643456559,-1.0,-1.051,sl,14
2024-12-30 21:40:00,2024-12-31 05:40:00,S,0.8584,0.8458,0.8771041510970675,0.8116396222573314,0.674,0.623,time,96
2024-12-31 06:05:00,2024-12-31 08:10:00,S,0.8427,0.849794078121318,0.849794078121318,0.824964804696705,-1.0,-1.131,sl,25
2024-12-31 13:20:00,2024-12-31 17:30:00,L,0.8678,0.8541830281558114,0.8541830281558114,0.9018424296104717,-1.0,-1.07,sl,50
2024-12-31 17:35:00,2025-01-01 01:35:00,S,0.8545,0.8554,0.8697467639256674,0.8163830901858316,-0.059,-0.121,time,96
2025-01-01 04:05:00,2025-01-01 05:30:00,S,0.8522,0.8569850309895045,0.8569850309895045,0.8402374225262386,-1.0,-1.196,sl,17
2025-01-01 08:50:00,2025-01-01 11:45:00,S,0.846,0.8549310411991105,0.8549310411991105,0.8236723970022237,-1.0,-1.104,sl,35
2025-01-01 12:20:00,2025-01-01 16:10:00,L,0.8567,0.890648196560363,0.8431207213758548,0.890648196560363,2.5,2.431,tp,46
2025-01-01 16:15:00,2025-01-02 00:15:00,L,0.8891,0.9412,0.8604292191085222,0.9607769522286944,1.817,1.783,time,96
2025-01-02 00:20:00,2025-01-02 08:20:00,L,0.9412,0.9286,0.9131233866582908,1.011391533354273,-0.449,-0.486,time,96
2025-01-02 09:15:00,2025-01-02 10:30:00,L,0.9376,0.9625140290992994,0.9276343883602802,0.9625140290992994,2.5,2.397,tp,15
2025-01-02 10:35:00,2025-01-02 18:35:00,L,0.9681,0.9569,0.9419273558747503,1.033531610313124,-0.428,-0.469,time,96
2025-01-03 01:50:00,2025-01-03 03:50:00,L,0.9726,1.014406581616881,0.9558773673532476,1.014406581616881,2.5,2.436,tp,24
2025-01-03 03:55:00,2025-01-03 11:30:00,L,1.0142,1.085866664931104,0.9855333340275584,1.085866664931104,2.5,2.461,tp,91
2025-01-03 11:35:00,2025-01-03 19:35:00,L,1.0807,1.0932,1.0556103987176444,1.1434240032058889,0.498,0.451,time,96
2025-01-03 20:25:00,2025-01-03 21:35:00,L,1.1072,1.0893530391739206,1.0893530391739206,1.1518174020651983,-1.0,-1.068,sl,14
2025-01-04 02:00:00,2025-01-04 07:50:00,L,1.1056,1.0761120816916465,1.0761120816916465,1.1793197957708834,-1.0,-1.041,sl,70
2025-01-04 13:10:00,2025-01-04 15:40:00,L,1.0736,1.0600427364191154,1.0600427364191154,1.107493158952212,-1.0,-1.087,sl,30
2025-01-05 04:35:00,2025-01-05 07:00:00,L,1.0658,1.1004965787519538,1.0519213684992186,1.1004965787519538,2.5,2.416,tp,29
2025-01-05 07:05:00,2025-01-05 12:05:00,L,1.1079,1.068744490075731,1.068744490075731,1.2057887748106728,-1.0,-1.031,sl,60
2025-01-05 13:45:00,2025-01-05 14:20:00,L,1.098,1.0733336417230432,1.0733336417230432,1.1596658956923922,-1.0,-1.049,sl,7
2025-01-05 14:50:00,2025-01-05 22:50:00,L,1.099,1.0931,1.0696952699129885,1.1722618252175288,-0.201,-0.243,time,96
2025-01-05 23:10:00,2025-01-06 00:10:00,L,1.1005,1.0809083686860297,1.0809083686860297,1.149479078284926,-1.0,-1.062,sl,12
2025-01-06 02:10:00,2025-01-06 09:25:00,L,1.1051,1.0747085825156972,1.0747085825156972,1.1810785437107567,-1.0,-1.04,sl,87
2025-01-06 14:50:00,2025-01-06 22:50:00,L,1.0859,1.1006,1.0635699673719448,1.1417250815701383,0.658,0.605,time,96
2025-01-07 06:55:00,2025-01-07 08:45:00,L,1.0988,1.1356288818948266,1.0840684472420694,1.1356288818948266,2.5,2.418,tp,22
2025-01-07 08:50:00,2025-01-07 15:05:00,L,1.1353,1.095904190714697,1.095904190714697,1.2337895232132576,-1.0,-1.032,sl,75
2025-01-07 15:10:00,2025-01-07 23:10:00,S,1.0857,0.9955,1.1362864639270664,0.9592338401823343,1.783,1.759,time,96
2025-01-08 00:05:00,2025-01-08 00:15:00,S,0.9856,1.0046707109838846,1.0046707109838846,0.9379232225402886,-1.0,-1.057,sl,2
2025-01-08 04:50:00,2025-01-08 08:15:00,S,0.99,1.0016666977019264,1.0016666977019264,0.960833255745184,-1.0,-1.093,sl,41
2025-01-08 11:35:00,2025-01-08 12:10:00,S,0.9806,0.9970916426005105,0.9970916426005105,0.9393708934987237,-1.0,-1.065,sl,7
2025-01-08 17:10:00,2025-01-09 01:10:00,S,0.9405,0.9494,0.9730100868248995,0.8592247829377512,-0.274,-0.306,time,96
2025-01-09 02:15:00,2025-01-09 10:15:00,S,0.9399,0.9111,0.9602918143940905,0.8889204640147736,1.412,1.362,time,96
2025-01-09 10:30:00,2025-01-09 15:30:00,S,0.9036,0.9227000937861446,0.9227000937861446,0.8558497655346384,-1.0,-1.052,sl,60
2025-01-09 19:30:00,2025-01-10 02:25:00,S,0.9079,0.9238029446989531,0.9238029446989531,0.8681426382526174,-1.0,-1.063,sl,83
2025-01-10 05:30:00,2025-01-10 05:35:00,S,0.9165,0.9205186975074465,0.9205186975074465,0.9064532562313836,-1.0,-1.251,sl,1
2025-01-10 06:25:00,2025-01-10 13:35:00,L,0.9315,0.9129395475475782,0.9129395475475782,0.9779011311310544,-1.0,-1.055,sl,86
2025-01-10 13:40:00,2025-01-10 21:40:00,S,0.9071,0.9331,0.9602296109030973,0.7742759727422568,-0.489,-0.508,time,96
2025-01-11 00:45:00,2025-01-11 08:45:00,S,0.925,0.9159,0.9331876092957767,0.9045309767605584,1.111,0.987,time,96
2025-01-11 08:55:00,2025-01-11 10:05:00,S,0.9148,0.9242575035836531,0.9242575035836531,0.8911562410408671,-1.0,-1.106,sl,14
2025-01-11 10:45:00,2025-01-11 18:45:00,L,0.9322,0.9496,0.9172957913825736,0.9694605215435662,1.167,1.099,time,96
2025-01-11 18:55:00,2025-01-11 20:55:00,L,0.954,0.9848246695489109,0.9416701321804356,0.9848246695489109,2.5,2.415,tp,24
2025-01-11 21:00:00,2025-01-12 05:00:00,L,0.9878,1.0171,0.949427669899194,1.083730825252015,0.764,0.735,time,96
2025-01-12 13:55:00,2025-01-12 14:45:00,L,0.9974,0.9872132543541838,0.9872132543541838,1.0228668641145402,-1.0,-1.108,sl,10
2025-01-12 15:25:00,2025-01-12 16:15:00,L,0.9983,0.986469842334735,0.986469842334735,1.0278753941631624,-1.0,-1.093,sl,10
2025-01-12 21:15:00,2025-01-13 00:30:00,S,0.977,0.9848653592115096,0.9848653592115096,0.9573366019712258,-1.0,-1.137,sl,39
2025-01-13 00:35:00,2025-01-13 01:50:00,L,0.9872,0.963191669786329,0.963191669786329,1.0472208255341775,-1.0,-1.045,sl,15
2025-01-13 02:25:00,2025-01-13 10:20:00,S,0.9606,0.914127323974522,0.9791890704101912,0.914127323974522,2.5,2.443,tp,95
2025-01-13 10:25:00,2025-01-13 14:35:00,S,0.9136,0.8774758484161971,0.9280496606335211,0.8774758484161971,2.5,2.43,tp,50
2025-01-13 14:40:00,2025-01-13 14:40:00,S,0.9003,0.915605780316856,0.915605780316856,0.86203554920786,-1.0,-1.065,sl,0
2025-01-13 22:05:00,2025-01-14 06:05:00,L,0.9459,0.9459,0.9270981090253768,0.9929047274365579,0.0,-0.055,time,96
2025-01-14 07:15:00,2025-01-14 15:15:00,L,0.9601,0.9843,0.9451566523240191,0.997458369189952,1.619,1.549,time,96
2025-01-14 18:10:00,2025-01-15 02:10:00,L,0.9971,1.0231,0.9718932912324518,1.0601167719188704,1.031,0.988,time,96
2025-01-15 02:20:00,2025-01-15 10:20:00,L,1.0239,1.0214,0.985894666367904,1.11891333408024,-0.066,-0.095,time,96
2025-01-15 13:35:00,2025-01-15 21:35:00,L,1.0611,1.0528,0.9928162021745082,1.2318094945637292,-0.122,-0.139,time,96
2025-01-15 22:50:00,2025-01-16 00:30:00,L,1.0677,1.051181526081036,1.051181526081036,1.1089961847974104,-1.0,-1.071,sl,20
2025-01-16 12:00:00,2025-01-16 16:20:00,L,1.0664,1.1390500151841725,1.037339993926331,1.1390500151841725,2.5,2.46,tp,52
2025-01-16 16:25:00,2025-01-17 00:25:00,L,1.1371,1.0892,1.0783126470892284,1.2840683822769292,-0.815,-0.836,time,96
2025-01-17 01:45:00,2025-01-17 09:45:00,L,1.1076,1.115,1.0903406000902047,1.150748499774488,0.429,0.358,time,96
2025-01-17 10:50:00,2025-01-17 12:30:00,L,1.1261,1.112257114513536,1.112257114513536,1.1607072137161603,-1.0,-1.089,sl,20
2025-01-17 16:50:00,2025-01-18 00:50:00,L,1.1308,1.1373,1.1049860907077118,1.1953347732307207,0.252,0.204,time,96
2025-01-18 04:20:00,2025-01-18 12:20:00,S,1.0957,1.0701,1.1248854639572197,1.0227363401069505,0.877,0.836,time,96
2025-01-18 13:50:00,2025-01-18 16:15:00,L,1.0849,1.060208725764292,1.060208725764292,1.14662818558927,-1.0,-1.048,sl,29
2025-01-18 16:20:00,2025-01-18 23:20:00,S,1.0576,1.0859558072744901,1.0859558072744901,0.986710481813775,-1.0,-1.041,sl,84
2025-01-18 23:25:00,2025-01-19 00:15:00,L,1.0814,1.1097855559091299,1.070045777636348,1.1097855559091299,2.5,2.395,tp,10
2025-01-19 00:20:00,2025-01-19 05:05:00,L,1.1082,1.0697821693879468,1.0697821693879468,1.2042445765301333,-1.0,-1.032,sl,57
2025-01-19 05:10:00,2025-01-19 09:20:00,S,1.0722,1.0160939931175537,1.0946424027529786,1.0160939931175537,2.5,2.447,tp,50
2025-01-19 09:25:00,2025-01-19 13:55:00,S,1.0094,1.0586542486218824,1.0586542486218824,0.8862643784452943,-1.0,-1.023,sl,54
2025-01-19 14:05:00,2025-01-19 21:25:00,L,1.0606,1.0387486636095162,1.0387486636095162,1.1152283409762094,-1.0,-1.053,sl,88
2025-01-19 21:30:00,2025-01-20 05:30:00,S,1.0338,1.0035,1.0860241150515921,0.9032397123710199,0.58,0.558,time,96
2025-01-20 06:40:00,2025-01-20 07:00:00,L,1.022,1.075742155321741,1.0005031378713036,1.075742155321741,2.5,2.448,tp,4
2025-01-20 07:05:00,2025-01-20 15:05:00,L,1.079,1.0682,1.0072319041970699,1.2584202395073252,-0.15,-0.167,time,96
2025-01-20 17:10:00,2025-01-20 17:40:00,S,1.0415,0.98881043912446,1.0625758243502161,0.98881043912446,2.5,2.446,tp,6
2025-01-20 17:45:00,2025-01-21 01:45:00,S,0.9844,0.9947,1.0631659453352709,0.787485136661823,-0.131,-0.145,time,96
2025-01-21 06:05:00,2025-01-21 11:25:00,S,0.9735,0.9964634621489783,0.9964634621489783,0.9160913446275544,-1.0,-1.047,sl,64
2025-01-21 14:40:00,2025-01-21 16:05:00,S,0.9875,1.006612141196426,1.006612141196426,0.9397196470089353,-1.0,-1.057,sl,17
2025-01-21 18:20:00,2025-01-21 20:40:00,L,1.0183,1.0010399008896465,1.0010399008896465,1.0614502477758838,-1.0,-1.065,sl,28
2025-01-21 20:45:00,2025-01-21 22:45:00,S,1.0023,1.0163608400421476,1.0163608400421476,0.967147899894631,-1.0,-1.078,sl,24
2025-01-22 04:45:00,2025-01-22 11:10:00,S,0.9948,1.0069273749966587,1.0069273749966587,0.9644815625083532,-1.0,-1.09,sl,77
2025-01-22 11:15:00,2025-01-22 13:50:00,L,1.0048,0.9898788196054737,0.9898788196054737,1.0421029509863153,-1.0,-1.074,sl,31
2025-01-22 13:55:00,2025-01-22 21:55:00,S,0.9915,0.9896,1.0125425330393767,0.9388936674015584,0.09,0.038,time,96
2025-01-23 01:15:00,2025-01-23 03:35:00,S,0.9739,0.987246666041048,0.987246666041048,0.9405333348973799,-1.0,-1.08,sl,28
2025-01-23 04:40:00,2025-01-23 12:40:00,S,0.9604,0.9595,0.9888844226296905,0.889188943425774,0.032,-0.005,time,96
2025-01-23 14:35:00,2025-01-23 22:35:00,L,0.9846,0.9873,0.9548247096190923,1.0590382259522695,0.091,0.054,time,96
2025-01-24 01:55:00,2025-01-24 03:25:00,S,0.9671,0.9787834468182477,0.9787834468182477,0.9378913829543807,-1.0,-1.091,sl,18
2025-01-24 04:40:00,2025-01-24 12:40:00,L,0.9899,1.0009,0.9754007616506731,1.0261480958733171,0.759,0.684,time,96
2025-01-24 17:00:00,2025-01-24 17:50:00,S,0.9863,0.9973675628978499,0.9973675628978499,0.9586310927553752,-1.0,-1.098,sl,10
2025-01-24 20:25:00,2025-01-25 04:25:00,S,0.9817,0.9823,0.9942800260244757,0.9502499349388107,-0.048,-0.134,time,96
2025-01-25 06:55:00,2025-01-25 11:50:00,S,0.9712,0.979840409506869,0.979840409506869,0.9495989762328273,-1.0,-1.124,sl,59
2025-01-25 15:20:00,2025-01-25 23:20:00,L,0.9854,0.9804,0.9721994360531938,1.0184014098670158,-0.379,-0.461,time,96
2025-01-25 23:55:00,2025-01-26 03:40:00,S,0.977,0.9835817279839167,0.9835817279839167,0.9605456800402081,-1.0,-1.163,sl,45
2025-01-26 03:45:00,2025-01-26 11:45:00,L,0.9843,0.9858,0.9735456848131292,1.0111857879671768,0.139,0.039,time,96
2025-01-26 13:05:00,2025-01-26 21:05:00,L,0.9916,0.9872,0.9836057751865085,1.0115855620337288,-0.55,-0.687,time,96
2025-01-26 21:10:00,2025-01-26 23:15:00,S,0.9872,0.9579040320389036,0.9989183871844385,0.9579040320389036,2.5,2.407,tp,25
2025-01-26 23:20:00,2025-01-27 05:40:00,S,0.958,0.9028002808979976,0.9800798876408009,0.9028002808979976,2.5,2.452,tp,76
2025-01-27 05:45:00,2025-01-27 07:25:00,S,0.9035,0.866887067865711,0.9181451728537156,0.866887067865711,2.5,2.432,tp,20
2025-01-27 07:30:00,2025-01-27 12:55:00,S,0.8597,0.9068666487175967,0.9068666487175967,0.7417833782060084,-1.0,-1.02,sl,65
2025-01-27 17:25:00,2025-01-27 20:45:00,S,0.9025,0.928128130937975,0.928128130937975,0.8384296726550624,-1.0,-1.039,sl,40
2025-01-28 03:45:00,2025-01-28 11:45:00,L,0.9427,0.9613,0.9308750613635272,0.972262346591182,1.573,1.485,time,96
2025-01-28 16:30:00,2025-01-29 00:30:00,S,0.9432,0.919,0.9682545384284372,0.880563653928907,0.966,0.924,time,96
2025-01-29 03:45:00,2025-01-29 11:45:00,L,0.9326,0.9305,0.9220157759496055,0.9590605601259863,-0.198,-0.295,time,96
2025-01-29 12:45:00,2025-01-29 18:55:00,S,0.9248,0.9348924162503398,0.9348924162503398,0.8995689593741503,-1.0,-1.101,sl,74
2025-01-29 19:45:00,2025-01-30 03:45:00,L,0.9426,0.9649,0.900048362113901,1.0489790947152473,0.524,0.5,time,96
2025-01-30 03:50:00,2025-01-30 05:40:00,L,0.9649,0.9550027745248671,0.9550027745248671,0.9896430636878321,-1.0,-1.107,sl,22
2025-01-30 14:35:00,2025-01-30 15:10:00,L,0.9651,0.9879794263891002,0.9559482294443599,0.9879794263891002,2.5,2.384,tp,7
2025-01-30 15:15:00,2025-01-30 20:40:00,L,0.9869,0.9599990699742565,0.9599990699742565,1.0541523250643587,-1.0,-1.04,sl,65
2025-01-31 01:30:00,2025-01-31 03:25:00,S,0.9525,0.9390990736707261,0.9578603705317096,0.9390990736707261,2.5,2.305,tp,23
2025-01-31 03:30:00,2025-01-31 06:00:00,S,0.9387,0.9473631248867709,0.9473631248867709,0.9170421877830728,-1.0,-1.119,sl,30
2025-01-31 06:05:00,2025-01-31 12:10:00,L,0.9477,0.9774909875781016,0.9357836049687593,0.9774909875781016,2.5,2.413,tp,73
2025-01-31 12:15:00,2025-01-31 18:20:00,L,0.9769,0.9590347776247468,0.9590347776247468,1.021563055938133,-1.0,-1.06,sl,73
2025-01-31 18:25:00,2025-01-31 20:15:00,S,0.9626,0.9395114999522279,0.9718354000191088,0.9395114999522279,2.5,2.385,tp,22
2025-01-31 20:20:00,2025-02-01 04:20:00,S,0.94,0.947,0.9588079780809147,0.8929800547977131,-0.372,-0.427,time,96
2025-02-01 06:45:00,2025-02-01 14:45:00,S,0.9429,0.9257,0.9554173616348464,0.911606595912884,1.374,1.291,time,96
2025-02-01 15:00:00,2025-02-01 16:25:00,S,0.9228,0.9311109864813368,0.9311109864813368,0.9020225337966578,-1.0,-1.122,sl,17
2025-02-01 19:00:00,2025-02-01 23:15:00,S,0.9203,0.8913217155602906,0.9318913137758837,0.8913217155602906,2.5,2.413,tp,51
2025-02-01 23:20:00,2025-02-02 00:35:00,S,0.8922,0.9078967829703967,0.9078967829703967,0.8529580425740083,-1.0,-1.063,sl,15
2025-02-02 02:55:00,2025-02-02 10:55:00,S,0.8879,0.8856,0.9075403011198742,0.8387992472003147,0.117,0.067,time,96
2025-02-02 11:40:00,2025-02-02 16:55:00,S,0.8728,0.8307679968508861,0.8896128012596456,0.8307679968508861,2.5,2.443,tp,63
2025-02-02 17:00:00,2025-02-03 00:40:00,S,0.8343,0.7394246976021673,0.8722501209591331,0.7394246976021673,2.5,2.476,tp,92
2025-02-03 00:45:00,2025-02-03 02:05:00,S,0.7351,0.5585654844771992,0.8057138062091203,0.5585654844771992,2.5,2.489,tp,16
2025-02-03 02:10:00,2025-02-03 10:10:00,S,0.5686,0.6974,0.7719682276204752,0.06017943094881195,-0.633,-0.636,time,96
2025-02-03 13:30:00,2025-02-03 14:30:00,S,0.6897,0.7243121256969257,0.7243121256969257,0.6031696857576856,-1.0,-1.022,sl,12
2025-02-03 19:05:00,2025-02-04 03:05:00,L,0.7868,0.7946,0.7642410244886942,0.8431974387782646,0.346,0.307,time,96
2025-02-04 03:25:00,2025-02-04 07:35:00,S,0.789,0.7371430159217873,0.8097427936312851,0.7371430159217873,2.5,2.458,tp,50
2025-02-04 07:40:00,2025-02-04 11:05:00,S,0.7374,0.7550718084652833,0.7550718084652833,0.6932204788367919,-1.0,-1.046,sl,41
2025-02-04 20:10:00,2025-02-05 04:10:00,S,0.7541,0.7498,0.7902999853050355,0.6636000367374111,0.119,0.096,time,96
2025-02-05 11:10:00,2025-02-05 16:15:00,L,0.763,0.7483381229988428,0.7483381229988428,0.7996546925028929,-1.0,-1.057,sl,61
2025-02-05 16:20:00,2025-02-06 00:20:00,S,0.7501,0.7395,0.7733104847986177,0.6920737880034555,0.457,0.421,time,96
2025-02-06 04:20:00,2025-02-06 12:20:00,L,0.7544,0.744,0.7431007884351247,0.782648028912188,-0.92,-0.994,time,96
2025-02-06 12:25:00,2025-02-06 15:45:00,S,0.744,0.7070098003411971,0.7587960798635212,0.7070098003411971,2.5,2.445,tp,40
2025-02-06 15:50:00,2025-02-06 23:50:00,S,0.7095,0.7041,0.7362699054659179,0.6425752363352054,0.202,0.173,time,96
2025-02-07 05:25:00,2025-02-07 09:35:00,S,0.7147,0.728681462822786,0.728681462822786,0.679746342943035,-1.0,-1.056,sl,50
2025-02-07 13:45:00,2025-02-07 17:15:00,L,0.7349,0.7194134855977204,0.7194134855977204,0.7736162860056989,-1.0,-1.052,sl,42
2025-02-07 17:20:00,2025-02-08 01:20:00,S,0.7189,0.7075,0.7352490450435295,0.6780273873911762,0.697,0.649,time,96
2025-02-08 02:50:00,2025-02-08 10:50:00,S,0.7005,0.6882,0.7076349377903224,0.6826626555241941,1.724,1.616,time,96
2025-02-08 10:55:00,2025-02-08 13:35:00,S,0.6882,0.6955480070074256,0.6955480070074256,0.6698299824814362,-1.0,-1.103,sl,32
2025-02-08 16:20:00,2025-02-08 17:05:00,S,0.682,0.696856578426055,0.696856578426055,0.6448585539348628,-1.0,-1.05,sl,9
2025-02-08 22:40:00,2025-02-08 23:30:00,S,0.6958,0.7037148896088741,0.7037148896088741,0.6760127759778147,-1.0,-1.097,sl,10
2025-02-09 03:50:00,2025-02-09 11:50:00,L,0.7149,0.6960327705126146,0.6960327705126146,0.7620680737184635,-1.0,-1.042,sl,96
2025-02-09 11:55:00,2025-02-09 13:15:00,S,0.6984,0.6883031808098821,0.7024387276760472,0.6883031808098821,2.5,2.31,tp,16
2025-02-09 13:20:00,2025-02-09 21:20:00,S,0.6896,0.6743,0.7004841682571546,0.6623895793571133,1.406,1.336,time,96
2025-02-09 21:25:00,2025-02-10 00:05:00,S,0.6743,0.6890130085903969,0.6890130085903969,0.6375174785240076,-1.0,-1.05,sl,32
2025-02-10 02:10:00,2025-02-10 03:30:00,S,0.6658,0.69077018492563,0.69077018492563,0.6033745376859248,-1.0,-1.029,sl,16
2025-02-10 08:10:00,2025-02-10 16:10:00,L,0.7016,0.7034,0.6901919335199546,0.7301201662001136,0.158,0.09,time,96
2025-02-10 21:00:00,2025-02-11 00:25:00,L,0.7062,0.7270165710035039,0.6978733715985985,0.7270165710035039,2.5,2.407,tp,41
2025-02-11 00:30:00,2025-02-11 04:55:00,L,0.7282,0.7890082426989711,0.7038767029204115,0.7890082426989711,2.5,2.467,tp,53
2025-02-11 05:00:00,2025-02-11 13:00:00,L,0.7901,0.8114,0.7449395718057026,0.9030010704857436,0.472,0.452,time,96
2025-02-11 21:20:00,2025-02-12 02:45:00,L,0.7852,0.761419133492574,0.761419133492574,0.8446521662685651,-1.0,-1.036,sl,65
2025-02-12 05:55:00,2025-02-12 11:00:00,L,0.7672,0.7967222216692866,0.7553911113322853,0.7967222216692866,2.5,2.429,tp,61
2025-02-12 11:05:00,2025-02-12 13:05:00,L,0.7969,0.7809023946907229,0.7809023946907229,0.836894013273193,-1.0,-1.055,sl,24
2025-02-12 17:00:00,2025-02-13 01:00:00,L,0.7851,0.7914,0.7579795775924906,0.8529010560187736,0.232,0.2,time,96
2025-02-13 07:50:00,2025-02-13 15:50:00,L,0.7837,0.7895,0.7685699597944823,0.8215251005137941,0.383,0.326,time,96
2025-02-13 15:55:00,2025-02-13 22:20:00,L,0.7895,0.8301332608316543,0.7732466956673383,0.8301332608316543,2.5,2.447,tp,77
2025-02-13 22:25:00,2025-02-13 23:05:00,L,0.8249,0.8064126571896462,0.8064126571896462,0.8711183570258845,-1.0,-1.049,sl,8
2025-02-14 04:00:00,2025-02-14 05:50:00,L,0.8126,0.7977101784477828,0.7977101784477828,0.8498245538805429,-1.0,-1.06,sl,22
2025-02-14 08:25:00,2025-02-14 12:15:00,L,0.8136,0.7964509711453358,0.7964509711453358,0.8564725721366604,-1.0,-1.052,sl,46
2025-02-14 14:55:00,2025-02-14 15:15:00,L,0.8145,0.7996462265549545,0.7996462265549545,0.8516344336126136,-1.0,-1.06,sl,4
2025-02-14 17:55:00,2025-02-14 21:10:00,L,0.8233,0.7992048019892092,0.7992048019892092,0.8835379950269772,-1.0,-1.038,sl,39
2025-02-14 22:40:00,2025-02-15 02:05:00,S,0.7983,0.8092012587561104,0.8092012587561104,0.7710468531097241,-1.0,-1.081,sl,41
2025-02-15 02:10:00,2025-02-15 06:55:00,L,0.8105,0.7943036959085568,0.7943036959085568,0.8509907602286081,-1.0,-1.055,sl,57
2025-02-15 07:00:00,2025-02-15 15:00:00,S,0.7954,0.7894,0.8062236088935906,0.7683409777660235,0.554,0.474,time,96
2025-02-15 20:40:00,2025-02-16 04:40:00,S,0.7782,0.7807,0.7892477542347206,0.7505806144131986,-0.226,-0.304,time,96
2025-02-16 08:00:00,2025-02-16 12:00:00,S,0.7776,0.7843006551878244,0.7843006551878244,0.7608483620304387,-1.0,-1.128,sl,48
2025-02-16 13:40:00,2025-02-16 21:40:00,S,0.7745,0.7803,0.7811050965609729,0.7579872585975675,-0.878,-1.007,time,96
2025-02-17 01:40:00,2025-02-17 05:05:00,L,0.7889,0.8139729510341436,0.7788708195863426,0.8139729510341436,2.5,2.413,tp,41
2025-02-17 05:10:00,2025-02-17 07:40:00,L,0.8109,0.7878850485879648,0.7878850485879648,0.8684373785300878,-1.0,-1.039,sl,30
2025-02-17 12:20:00,2025-02-17 15:00:00,L,0.807,0.8275361490089876,0.798785540396405,0.8275361490089876,2.5,2.392,tp,32
2025-02-17 15:05:00,2025-02-17 15:45:00,L,0.8238,0.810014970232615,0.810014970232615,0.8582625744184623,-1.0,-1.066,sl,8
2025-02-17 18:05:00,2025-02-17 19:50:00,S,0.792,0.8039310287165095,0.8039310287165095,0.7621724282087265,-1.0,-1.073,sl,21
2025-02-17 19:55:00,2025-02-18 03:55:00,L,0.8043,0.8073,0.7822593231115674,0.8594016922210814,0.136,0.096,time,96
2025-02-18 04:10:00,2025-02-18 05:15:00,L,0.8124,0.7976373103505703,0.7976373103505703,0.8493067241235743,-1.0,-1.061,sl,13
2025-02-18 05:25:00,2025-02-18 13:25:00,S,0.7936,0.7886,0.8138977197916331,0.7428557005209173,0.246,0.203,time,96
2025-02-18 15:20:00,2025-02-18 23:20:00,S,0.769,0.756,0.7985415705154961,0.6951460737112598,0.44,0.411,time,96
2025-02-19 01:50:00,2025-02-19 02:45:00,S,0.7399,0.7548489857376636,0.7548489857376636,0.7025275356558411,-1.0,-1.054,sl,11
2025-02-19 04:45:00,2025-02-19 07:00:00,S,0.7403,0.7544804585482275,0.7544804585482275,0.7048488536294311,-1.0,-1.057,sl,27
2025-02-19 11:40:00,2025-02-19 12:50:00,L,0.7719,0.7622901929919804,0.7622901929919804,0.7959245175200491,-1.0,-1.088,sl,14
2025-02-19 15:00:00,2025-02-19 23:00:00,S,0.7521,0.7705676215304929,0.7705676215304929,0.7059309461737678,-1.0,-1.045,sl,96
2025-02-19 23:05:00,2025-02-20 07:05:00,L,0.7711,0.782,0.7555794482024175,0.8099013794939562,0.702,0.648,time,96
2025-02-20 08:30:00,2025-02-20 10:25:00,L,0.7846,0.7795759117740833,0.7795759117740833,0.7971602205647917,-1.0,-1.172,sl,23
2025-02-20 11:00:00,2025-02-20 19:00:00,L,0.7919,0.8066,0.7789124299193186,0.8243689252017036,1.132,1.065,time,96
2025-02-20 19:05:00,2025-02-20 22:30:00,L,0.8066,0.7998325839142999,0.7998325839142999,0.8235185402142502,-1.0,-1.131,sl,41
2025-02-21 02:25:00,2025-02-21 06:50:00,L,0.8042,0.795897356383339,0.795897356383339,0.8249566090416525,-1.0,-1.107,sl,53
2025-02-21 09:20:00,2025-02-21 15:35:00,L,0.8114,0.7938864123446462,0.7938864123446462,0.8551839691383846,-1.0,-1.051,sl,75
2025-02-21 17:35:00,2025-02-22 01:35:00,S,0.7788,0.7759,0.8031122277645041,0.71801943058874,0.119,0.084,time,96
2025-02-22 03:45:00,2025-02-22 04:55:00,S,0.7623,0.7705336290541432,0.7705336290541432,0.7417159273646419,-1.0,-1.102,sl,14
2025-02-22 08:05:00,2025-02-22 10:05:00,S,0.7634,0.7706642854591582,0.7706642854591582,0.7452392863521043,-1.0,-1.116,sl,24
2025-02-22 17:30:00,2025-02-23 01:30:00,L,0.778,0.7725,0.7716757294896535,0.7938106762758664,-0.87,-1.005,time,96
2025-02-23 03:10:00,2025-02-23 06:15:00,S,0.7674,0.7749637213642866,0.7749637213642866,0.7484906965892835,-1.0,-1.112,sl,37
2025-02-23 07:05:00,2025-02-23 07:40:00,L,0.7759,0.7865247349973952,0.771650106001042,0.7865247349973952,2.5,2.299,tp,7
2025-02-23 07:45:00,2025-02-23 11:40:00,L,0.7875,0.7733928325858527,0.7733928325858527,0.8227679185353682,-1.0,-1.061,sl,47
2025-02-23 11:45:00,2025-02-23 13:15:00,S,0.7738,0.7783456704823611,0.7783456704823611,0.7624358237940974,-1.0,-1.187,sl,18
2025-02-23 13:50:00,2025-02-23 15:30:00,L,0.779,0.7682594611580927,0.7682594611580927,0.8058513471047682,-1.0,-1.08,sl,20
2025-02-23 15:35:00,2025-02-23 23:35:00,S,0.7656,0.7681,0.7765205137490282,0.7382987156274293,-0.229,-0.306,time,96
2025-02-24 01:55:00,2025-02-24 04:30:00,S,0.7624,0.73097612239812,0.7749695510407519,0.73097612239812,2.5,2.433,tp,31
2025-02-24 04:35:00,2025-02-24 12:35:00,S,0.7297,0.7364,0.7497157454023163,0.6796606364942093,-0.335,-0.375,time,96
2025-02-24 14:30:00,2025-02-24 22:00:00,S,0.7268,0.6892347658735074,0.741826093650597,0.6892347658735074,2.5,2.447,tp,90
2025-02-24 22:05:00,2025-02-25 06:05:00,S,0.6904,0.6818,0.7284278958477411,0.5953302603806472,0.226,0.206,time,96
2025-02-25 07:10:00,2025-02-25 15:10:00,S,0.6631,0.6433,0.6855352197742353,0.6070119505644119,0.883,0.85,time,96
2025-02-25 15:25:00,2025-02-25 15:50:00,S,0.6389,0.6557787780008179,0.6557787780008179,0.5967030549979555,-1.0,-1.042,sl,5
2025-02-26 07:45:00,2025-02-26 09:40:00,S,0.6788,0.6889817422876414,0.6889817422876414,0.6533456442808963,-1.0,-1.073,sl,23
2025-02-26 12:25:00,2025-02-26 18:35:00,S,0.6756,0.6411645128342085,0.6893741948663166,0.6411645128342085,2.5,2.446,tp,74
2025-02-26 18:40:00,2025-02-27 02:40:00,S,0.6417,0.6546,0.6632962631125664,0.5877093422185842,-0.597,-0.63,time,96
2025-02-27 10:10:00,2025-02-27 14:45:00,L,0.6726,0.6642377590709327,0.6642377590709327,0.693505602322668,-1.0,-1.088,sl,55
2025-02-27 14:50:00,2025-02-27 20:30:00,S,0.6657,0.6347056363648999,0.67809774545404,0.6347056363648999,2.5,2.441,tp,68
2025-02-27 20:35:00,2025-02-28 04:00:00,S,0.6354,0.5972777725872396,0.6506488909651041,0.5972777725872396,2.5,2.454,tp,89
2025-02-28 04:05:00,2025-02-28 12:05:00,S,0.5948,0.5998,0.6166103339438324,0.540274165140419,-0.229,-0.259,time,96
2025-03-01 01:55:00,2025-03-01 09:55:00,L,0.6416,0.6443,0.6279588894356519,0.6757027764108701,0.198,0.146,time,96
2025-03-01 10:25:00,2025-03-01 18:25:00,S,0.6382,0.6339,0.6498362459356363,0.6091093851609093,0.37,0.309,time,96
2025-03-01 19:20:00,2025-03-01 21:45:00,L,0.6392,0.6569002186664941,0.6321199125334024,0.6569002186664941,2.5,2.401,tp,29
2025-03-01 21:50:00,2025-03-02 05:50:00,L,0.6615,0.6614,0.6438926593199357,0.7055183517001608,-0.006,-0.047,time,96
2025-03-02 14:20:00,2025-03-02 15:20:00,S,0.6489,0.6585400658275272,0.6585400658275272,0.6247998354311821,-1.0,-1.074,sl,12
2025-03-02 15:25:00,2025-03-02 15:25:00,L,0.6744,0.7492599695234439,0.6444560121906224,0.7492599695234439,2.5,2.475,tp,0
2025-03-02 15:30:00,2025-03-02 16:10:00,L,0.738,0.9769286402536517,0.6424285438985393,0.9769286402536517,2.5,2.492,tp,8
2025-03-02 16:15:00,2025-03-03 00:15:00,L,0.9642,1.1115,0.639272864238625,1.7765178394034375,0.453,0.45,time,96
2025-03-03 12:10:00,2025-03-03 14:50:00,L,1.0147,0.9565286542241537,0.9565286542241537,1.1601283644396156,-1.0,-1.019,sl,32
2025-03-03 19:15:00,2025-03-04 03:15:00,S,0.8801,0.7874,0.9605157864160736,0.6790605339598159,1.153,1.141,time,96
2025-03-04 13:25:00,2025-03-04 14:35:00,S,0.7894,0.8174294657128014,0.8174294657128014,0.7193263357179964,-1.0,-1.031,sl,14
2025-03-04 17:30:00,2025-03-05 01:30:00,L,0.9094,0.9495,0.8202714965739778,1.1322212585650555,0.45,0.439,time,96
2025-03-05 02:25:00,2025-03-05 05:05:00,L,0.9675,0.9258282894141433,0.9258282894141433,1.071679276464642,-1.0,-1.026,sl,32
2025-03-05 08:45:00,2025-03-05 10:30:00,L,0.9502,1.0051578828812953,0.928216846847482,1.0051578828812953,2.5,2.452,tp,21
2025-03-05 10:35:00,2025-03-05 14:55:00,L,1.0056,0.949157501835215,0.949157501835215,1.1467062454119628,-1.0,-1.02,sl,52
2025-03-05 18:10:00,2025-03-06 00:30:00,L,0.9812,0.9513278346546261,0.9513278346546261,1.0558804133634345,-1.0,-1.036,sl,76
2025-03-06 12:20:00,2025-03-06 20:20:00,S,0.9368,0.9059,0.9586536496873541,0.8821658757816147,1.414,1.367,time,96
2025-03-07 00:25:00,2025-03-07 08:25:00,S,0.8379,0.8692,0.9218641248431578,0.6279896878921054,-0.373,-0.384,time,96
2025-03-07 12:40:00,2025-03-07 13:30:00,S,0.8642,0.8824508466324551,0.8824508466324551,0.8185728834188621,-1.0,-1.052,sl,10
2025-03-07 15:40:00,2025-03-07 23:40:00,S,0.8484,0.8154,0.8900438723853047,0.7442903190367385,0.792,0.77,time,96
2025-03-08 08:55:00,2025-03-08 16:55:00,S,0.8132,0.8123,0.8272065813798533,0.778183546550367,0.064,0.0,time,96
2025-03-08 17:10:00,2025-03-08 19:25:00,S,0.798,0.817781049481037,0.817781049481037,0.7485473762974075,-1.0,-1.044,sl,27
2025-03-08 22:20:00,2025-03-09 06:20:00,S,0.8062,0.8077,0.8209946294311855,0.7692134264220363,-0.101,-0.161,time,96
2025-03-09 10:10:00,2025-03-09 16:35:00,S,0.7911,0.7377524237252788,0.8124390305098885,0.7377524237252788,2.5,2.459,tp,77
2025-03-09 16:40:00,2025-03-10 00:40:00,S,0.7396,0.7215,0.766468192918721,0.6724295177031976,0.674,0.643,time,96
2025-03-10 13:20:00,2025-03-10 18:50:00,S,0.7293,0.6603637665723325,0.7568744933710669,0.6603637665723325,2.5,2.471,tp,66
2025-03-10 18:55:00,2025-03-10 19:20:00,S,0.6614,0.6874634487751587,0.6874634487751587,0.5962413780621031,-1.0,-1.028,sl,5
2025-03-11 00:00:00,2025-03-11 01:40:00,S,0.6708,0.686712243369044,0.686712243369044,0.6310193915773898,-1.0,-1.046,sl,20
2025-03-11 12:35:00,2025-03-11 13:25:00,S,0.722,0.7343748568308857,0.7343748568308857,0.6910628579227858,-1.0,-1.064,sl,10
2025-03-11 14:30:00,2025-03-11 18:20:00,S,0.7086,0.7356094114143339,0.7356094114143339,0.6410764714641652,-1.0,-1.029,sl,46
2025-03-11 18:25:00,2025-03-12 02:25:00,L,0.736,0.7307,0.7062937038483355,0.8102657403791613,-0.178,-0.206,time,96
2025-03-12 03:55:00,2025-03-12 07:45:00,S,0.7163,0.732091998390395,0.732091998390395,0.6768200040240128,-1.0,-1.05,sl,46
2025-03-12 07:50:00,2025-03-12 15:05:00,L,0.7324,0.7130640020032294,0.7130640020032294,0.7807399949919267,-1.0,-1.042,sl,87
2025-03-12 15:10:00,2025-03-12 23:10:00,S,0.7162,0.731,0.7381919835853967,0.661220041036508,-0.673,-0.709,time,96
2025-03-13 04:35:00,2025-03-13 09:50:00,S,0.7214,0.7294862814519069,0.7294862814519069,0.701184296370233,-1.0,-1.098,sl,63
2025-03-13 09:55:00,2025-03-13 13:50:00,L,0.728,0.711745488086322,0.711745488086322,0.768636279784195,-1.0,-1.049,sl,47
2025-03-13 13:55:00,2025-03-13 21:55:00,S,0.7134,0.6976,0.7351162623655244,0.659109344086189,0.728,0.691,time,96
2025-03-14 09:05:00,2025-03-14 17:05:00,L,0.7208,0.742,0.7086179885282168,0.751255028679458,1.74,1.675,time,96
2025-03-14 22:45:00,2025-03-15 06:45:00,L,0.7418,0.7426,0.7325920929025105,0.7648197677437238,0.087,-0.002,time,96
2025-03-15 11:50:00,2025-03-15 19:50:00,L,0.7429,0.7472,0.7375069794532058,0.7563825513669856,0.797,0.646,time,96
2025-03-15 21:10:00,2025-03-15 22:40:00,L,0.7546,0.7487215304533867,0.7487215304533867,0.7692961738665334,-1.0,-1.141,sl,18
2025-03-16 01:25:00,2025-03-16 09:25:00,S,0.7417,0.7301670773481557,0.7463131690607377,0.7301670773481557,2.5,2.323,tp,96
2025-03-16 09:30:00,2025-03-16 11:10:00,S,0.7306,0.7161241051085198,0.7363903579565921,0.7161241051085198,2.5,2.361,tp,20
2025-03-16 11:15:00,2025-03-16 19:15:00,S,0.7186,0.6914949900811889,0.7294420039675245,0.6914949900811889,2.5,2.427,tp,96
2025-03-16 19:20:00,2025-03-17 00:30:00,S,0.6974,0.7095172370490604,0.7095172370490604,0.667106907377349,-1.0,-1.063,sl,62
2025-03-17 06:30:00,2025-03-17 07:00:00,S,0.7057,0.7154923433284202,0.7154923433284202,0.6812191416789496,-1.0,-1.079,sl,6
2025-03-17 08:05:00,2025-03-17 16:05:00,L,0.7233,0.7256,0.7125144712428989,0.7502638218927529,0.213,0.139,time,96
2025-03-17 20:40:00,2025-03-18 04:40:00,S,0.7184,0.7035,0.7291912865313338,0.6914217836716656,1.381,1.308,time,96
2025-03-18 06:40:00,2025-03-18 08:00:00,S,0.701,0.7103201226701814,0.7103201226701814,0.6776996933245463,-1.0,-1.083,sl,16
2025-03-18 13:50:00,2025-03-18 21:50:00,S,0.6846,0.6926,0.7041303388162352,0.6357741529594119,-0.41,-0.448,time,96
2025-03-19 04:00:00,2025-03-19 12:00:00,L,0.7114,0.7224,0.702469496766048,0.7337262580848802,1.232,1.144,time,96
2025-03-19 13:10:00,2025-03-19 14:05:00,L,0.7237,0.74485525910488,0.715237896358048,0.74485525910488,2.5,2.406,tp,11
2025-03-19 14:10:00,2025-03-19 22:10:00,L,0.7428,0.7356,0.7151393179511979,0.8119517051220053,-0.26,-0.29,time,96
2025-03-19 22:40:00,2025-03-20 01:30:00,L,0.7372,0.730412931652292,0.730412931652292,0.7541676708692697,-1.0,-1.119,sl,34
2025-03-20 13:45:00,2025-03-20 15:35:00,L,0.7363,0.7266196563650313,0.7266196563650313,0.7605008590874215,-1.0,-1.084,sl,22
2025-03-20 16:15:00,2025-03-21 00:15:00,S,0.7227,0.7198,0.7469051827866731,0.6621870430333174,0.12,0.087,time,96
2025-03-21 01:10:00,2025-03-21 03:15:00,L,0.7234,0.7163170569344466,0.7163170569344466,0.7411073576638837,-1.0,-1.112,sl,25
2025-03-21 07:35:00,2025-03-21 15:35:00,S,0.7109,0.7044,0.7206208989458477,0.6865977526353807,0.669,0.588,time,96
2025-03-21 22:10:00,2025-03-22 06:10:00,S,0.708,0.7108,0.7163979509942631,0.6870051225143422,-0.333,-0.426,time,96
2025-03-22 12:05:00,2025-03-22 20:05:00,S,0.7096,0.7065,0.7142285338392683,0.6980286654018293,0.67,0.501,time,96
2025-03-22 21:05:00,2025-03-23 02:35:00,S,0.7028,0.7085365826700126,0.7085365826700126,0.6884585433249684,-1.0,-1.135,sl,66
2025-03-23 03:05:00,2025-03-23 11:05:00,L,0.7086,0.713,0.705066849948115,0.7174328751297125,1.245,1.025,time,96
2025-03-23 11:20:00,2025-03-23 12:20:00,L,0.7145,0.7088477473602238,0.7088477473602238,0.7286306315994405,-1.0,-1.139,sl,12
2025-03-23 18:20:00,2025-03-23 23:50:00,S,0.7012,0.7093733325511156,0.7093733325511156,0.6807666686222112,-1.0,-1.094,sl,66
2025-03-23 23:55:00,2025-03-24 07:55:00,L,0.709,0.7218,0.7009458559373879,0.7291353601565301,1.589,1.492,time,96
2025-03-24 08:35:00,2025-03-24 14:15:00,L,0.7259,0.7386248800472179,0.7208100479811128,0.7386248800472179,2.5,2.343,tp,68
2025-03-24 14:20:00,2025-03-24 22:20:00,L,0.7399,0.732,0.7240025649169768,0.779643587707558,-0.497,-0.548,time,96
2025-03-25 05:35:00,2025-03-25 13:35:00,L,0.7421,0.7552,0.7213541030914342,0.7939647422714144,0.631,0.592,time,96
2025-03-25 15:15:00,2025-03-25 16:20:00,L,0.764,0.751108868334086,0.751108868334086,0.7962278291647851,-1.0,-1.065,sl,13
2025-03-26 00:50:00,2025-03-26 03:10:00,L,0.7496,0.7405765446504188,0.7405765446504188,0.7721586383739532,-1.0,-1.091,sl,28
2025-03-26 05:45:00,2025-03-26 07:30:00,L,0.7495,0.7667460265711705,0.7426015893715319,0.7667460265711705,2.5,2.38,tp,21
2025-03-26 07:35:00,2025-03-26 13:55:00,L,0.7654,0.7482269602530575,0.7482269602530575,0.8083325993673562,-1.0,-1.049,sl,76
2025-03-26 14:05:00,2025-03-26 22:05:00,S,0.7507,0.7246,0.7689611737950558,0.7050470655123606,1.429,1.384,time,96
2025-03-26 23:25:00,2025-03-26 23:45:00,S,0.7219,0.7265986188867694,0.7265986188867694,0.7101534527830766,-1.0,-1.169,sl,4
2025-03-27 02:05:00,2025-03-27 10:05:00,L,0.7355,0.7407,0.73039896606354,0.7482525848411501,1.019,0.861,time,96
2025-03-27 11:35:00,2025-03-27 14:55:00,S,0.733,0.7410246849172238,0.7410246849172238,0.7129382877069403,-1.0,-1.1,sl,40
2025-03-27 15:00:00,2025-03-27 23:00:00,L,0.7404,0.7375,0.7260821989020196,0.7761945027449507,-0.203,-0.259,time,96
2025-03-28 01:40:00,2025-03-28 03:15:00,L,0.7439,0.7302729962022066,0.7302729962022066,0.7779675094944833,-1.0,-1.06,sl,19
2025-03-28 03:20:00,2025-03-28 07:40:00,S,0.7314,0.7013214994340669,0.7434314002263733,0.7013214994340669,2.5,2.433,tp,52
2025-03-28 07:45:00,2025-03-28 15:45:00,S,0.7013,0.7,0.7098442698298867,0.6799393254252835,0.152,0.062,time,96
2025-03-29 01:50:00,2025-03-29 07:45:00,S,0.7021,0.6808755450849777,0.7105897819660089,0.6808755450849777,2.5,2.409,tp,71
2025-03-29 07:50:00,2025-03-29 15:50:00,S,0.6804,0.6711,0.6913324812063607,0.6530687969840983,0.851,0.782,time,96
2025-03-29 17:15:00,2025-03-29 17:30:00,S,0.6635,0.6726377422949962,0.6726377422949962,0.6406556442625095,-1.0,-1.08,sl,3
2025-03-30 06:20:00,2025-03-30 07:00:00,S,0.6783,0.6833574690816303,0.6833574690816303,0.6656563272959243,-1.0,-1.148,sl,8
2025-03-30 10:25:00,2025-03-30 13:55:00,S,0.68,0.6670900149253289,0.6851639940298685,0.6670900149253289,2.5,2.355,tp,42
2025-03-30 14:00:00,2025-03-30 22:00:00,S,0.6674,0.6556,0.6764478918712842,0.6447802703217895,1.304,1.223,time,96
2025-03-30 22:05:00,2025-03-31 06:05:00,S,0.6556,0.6583,0.6708886139666609,0.6173784650833476,-0.177,-0.224,time,96
2025-03-31 07:35:00,2025-03-31 14:50:00,S,0.6439,0.6570405779941535,0.6570405779941535,0.6110485550146163,-1.0,-1.054,sl,87
2025-04-01 02:55:00,2025-04-01 10:55:00,L,0.6678,0.6759,0.6592168174110096,0.6892579564724759,0.944,0.858,time,96
2025-04-01 15:00:00,2025-04-01 23:00:00,L,0.6821,0.6773,0.6659824346522225,0.7223939133694439,-0.298,-0.344,time,96
2025-04-02 02:05:00,2025-04-02 04:00:00,S,0.6703,0.6751978051334423,0.6751978051334423,0.6580554871663943,-1.0,-1.151,sl,23
2025-04-02 04:15:00,2025-04-02 05:15:00,L,0.6758,0.668605825134902,0.668605825134902,0.693785437162745,-1.0,-1.103,sl,12
2025-04-02 05:55:00,2025-04-02 08:30:00,S,0.6653,0.6751997474473848,0.6751997474473848,0.6405506313815381,-1.0,-1.074,sl,31
2025-04-02 09:05:00,2025-04-02 15:30:00,L,0.6761,0.6979208439494602,0.667371662420216,0.6979208439494602,2.5,2.415,tp,77
2025-04-02 15:35:00,2025-04-02 20:10:00,L,0.6959,0.6800082169302283,0.6800082169302283,0.7356294576744291,-1.0,-1.048,sl,55
2025-04-02 20:20:00,2025-04-02 20:25:00,L,0.7049,0.6764054409539002,0.6764054409539002,0.7761363976152493,-1.0,-1.027,sl,1
2025-04-02 22:10:00,2025-04-03 06:10:00,S,0.6621,0.6496,0.6777469285294008,0.6229826786764981,0.799,0.752,time,96
2025-04-03 06:20:00,2025-04-03 12:25:00,S,0.6493,0.6369305510164622,0.6542477795934151,0.6369305510164622,2.5,2.356,tp,73
2025-04-03 12:30:00,2025-04-03 13:00:00,S,0.6366,0.6180614406559627,0.644015423737615,0.6180614406559627,2.5,2.406,tp,6
2025-04-03 13:05:00,2025-04-03 20:45:00,S,0.6215,0.6442478350835706,0.6442478350835706,0.5646304122910736,-1.0,-1.03,sl,92
2025-04-04 02:00:00,2025-04-04 02:15:00,S,0.6436,0.6521165420380103,0.6521165420380103,0.6223086449049742,-1.0,-1.083,sl,3
2025-04-04 07:15:00,2025-04-04 10:20:00,L,0.6581,0.6507938519780411,0.6507938519780411,0.6763653700548974,-1.0,-1.099,sl,37
2025-04-04 10:25:00,2025-04-04 15:00:00,S,0.6502,0.661792608734534,0.661792608734534,0.6212184781636649,-1.0,-1.062,sl,55
2025-04-04 15:05:00,2025-04-04 23:05:00,L,0.6633,0.6611,0.6392672738207935,0.7233818154480163,-0.092,-0.122,time,96
2025-04-05 09:05:00,2025-04-05 13:05:00,L,0.6608,0.6538409302271253,0.6538409302271253,0.6781976744321869,-1.0,-1.104,sl,48
2025-04-05 13:10:00,2025-04-05 21:10:00,S,0.6546,0.6495,0.6625071339700498,0.6348321650748754,0.645,0.554,time,96
2025-04-05 23:55:00,2025-04-06 01:40:00,L,0.6559,0.651260695831892,0.651260695831892,0.6674982604202703,-1.0,-1.156,sl,21
2025-04-06 02:15:00,2025-04-06 10:15:00,S,0.6483,0.6368,0.6548211875604082,0.6319970310989795,1.763,1.654,time,96
2025-04-06 10:50:00,2025-04-06 13:20:00,S,0.6371,0.6269744715679897,0.6411502113728041,0.6269744715679897,2.5,2.327,tp,30
2025-04-06 13:25:00,2025-04-06 18:15:00,S,0.627,0.6007679832070916,0.6374928067171634,0.6007679832070916,2.5,2.434,tp,58
2025-04-06 18:20:00,2025-04-07 02:20:00,S,0.6008,0.5769,0.6228926249888822,0.5455684375277945,1.082,1.052,time,96
2025-04-07 03:35:00,2025-04-07 06:45:00,S,0.5602,0.5162409217976829,0.5777836312809269,0.5162409217976829,2.5,2.465,tp,38
2025-04-07 06:50:00,2025-04-07 10:15:00,S,0.522,0.555478471183369,0.555478471183369,0.43830382204157753,-1.0,-1.017,sl,41
2025-04-07 22:15:00,2025-04-08 01:00:00,L,0.5915,0.5804717663418295,0.5804717663418295,0.6190705841454263,-1.0,-1.059,sl,33
2025-04-08 01:40:00,2025-04-08 08:20:00,L,0.599,0.5789812145809425,0.5789812145809425,0.6490469635476436,-1.0,-1.033,sl,80
2025-04-08 08:25:00,2025-04-08 09:35:00,S,0.5776,0.5855475703155825,0.5855475703155825,0.5577310742110438,-1.0,-1.08,sl,14
2025-04-08 11:15:00,2025-04-08 11:50:00,L,0.5887,0.6045383568764022,0.5823646572494391,0.6045383568764022,2.5,2.398,tp,7
2025-04-08 11:55:00,2025-04-08 16:15:00,L,0.6057,0.5853492651935401,0.5853492651935401,0.6565768370161498,-1.0,-1.033,sl,52
2025-04-08 16:20:00,2025-04-08 22:35:00,S,0.5856,0.5531876684994447,0.5985649326002221,0.5531876684994447,2.5,2.45,tp,75
2025-04-08 22:40:00,2025-04-09 04:35:00,S,0.5549,0.5645309467321852,0.5645309467321852,0.5308226331695369,-1.0,-1.063,sl,71
2025-04-09 10:35:00,2025-04-09 10:55:00,S,0.5657,0.5717336884248874,0.5717336884248874,0.5506157789377815,-1.0,-1.103,sl,4
2025-04-09 11:05:00,2025-04-09 13:40:00,S,0.563,0.5740456164181019,0.5740456164181019,0.535385958954745,-1.0,-1.056,sl,31
2025-04-09 16:20:00,2025-04-09 17:20:00,L,0.574,0.5892174789287778,0.5679130084284888,0.5892174789287778,2.5,2.396,tp,12
2025-04-09 17:25:00,2025-04-10 01:25:00,L,0.6058,0.6202,0.5712197222017793,0.6922506944955518,0.416,0.397,time,96
2025-04-10 06:05:00,2025-04-10 13:35:00,L,0.6244,0.6149727331719133,0.6149727331719133,0.6479681670702166,-1.0,-1.073,sl,90
2025-04-10 15:15:00,2025-04-10 23:15:00,S,0.6073,0.6064,0.6213539144930487,0.5721652137673782,0.064,0.017,time,96
2025-04-10 23:50:00,2025-04-11 05:50:00,L,0.6109,0.6278496501935464,0.6041201399225814,0.6278496501935464,2.5,2.401,tp,72
2025-04-11 05:55:00,2025-04-11 08:20:00,L,0.6282,0.6213806564641456,0.6213806564641456,0.6452483588396358,-1.0,-1.101,sl,29
2025-04-11 10:20:00,2025-04-11 11:35:00,L,0.634,0.6235790385135268,0.6235790385135268,0.660052403716183,-1.0,-1.067,sl,15
2025-04-11 17:40:00,2025-04-12 01:20:00,L,0.6288,0.6199245371571884,0.6199245371571884,0.650988657107029,-1.0,-1.078,sl,92
2025-04-12 04:20:00,2025-04-12 06:45:00,L,0.6232,0.6348023405368295,0.6185590637852681,0.6348023405368295,2.5,2.352,tp,29
2025-04-12 06:50:00,2025-04-12 13:45:00,L,0.6333,0.6505743239888345,0.6263902704044662,0.6505743239888345,2.5,2.399,tp,83
2025-04-12 13:50:00,2025-04-12 21:50:00,L,0.6512,0.6589,0.6354887242722826,0.6904781893192934,0.49,0.445,time,96
2025-04-12 22:20:00,2025-04-13 00:30:00,L,0.6627,0.6555953681818351,0.6555953681818351,0.6804615795454122,-1.0,-1.103,sl,26
2025-04-13 09:10:00,2025-04-13 09:55:00,L,0.6473,0.665692836617353,0.6399428653530588,0.665692836617353,2.5,2.403,tp,9
2025-04-13 10:00:00,2025-04-13 13:25:00,L,0.6654,0.6455819108041574,0.6455819108041574,0.7149452229896065,-1.0,-1.037,sl,41
2025-04-13 13:45:00,2025-04-13 17:15:00,S,0.6414,0.6519709070566525,0.6519709070566525,0.6149727323583687,-1.0,-1.067,sl,42
2025-04-13 17:20:00,2025-04-13 19:35:00,L,0.6534,0.6452959665065782,0.6452959665065782,0.6736600837335545,-1.0,-1.089,sl,27
2025-04-13 19:40:00,2025-04-14 03:40:00,S,0.6387,0.6454,0.6623190639099085,0.5796523402252289,-0.284,-0.313,time,96
2025-04-14 06:05:00,2025-04-14 12:40:00,S,0.642,0.652935750369162,0.652935750369162,0.6146606240770951,-1.0,-1.065,sl,79
2025-04-14 12:45:00,2025-04-14 13:35:00,L,0.6518,0.6457642932622908,0.6457642932622908,0.6668892668442732,-1.0,-1.119,sl,10
2025-04-14 13:50:00,2025-04-14 14:45:00,S,0.6423,0.6548583511749231,0.6548583511749231,0.6109041220626923,-1.0,-1.056,sl,11
2025-04-14 14:50:00,2025-04-14 15:35:00,L,0.6544,0.6389749266780038,0.6389749266780038,0.6929626833049904,-1.0,-1.047,sl,9
2025-04-14 15:40:00,2025-04-14 23:40:00,S,0.6354,0.6334,0.6573363091521324,0.5805592271196689,0.091,0.059,time,96
2025-04-15 03:35:00,2025-04-15 11:35:00,L,0.6414,0.6354,0.6311740314732895,0.6669649213167761,-0.587,-0.656,time,96
2025-04-15 11:40:00,2025-04-15 13:45:00,S,0.6354,0.6403018216954446,0.6403018216954446,0.6231454457613884,-1.0,-1.143,sl,25
2025-04-15 14:20:00,2025-04-15 22:20:00,S,0.6285,0.611,0.6460673556292466,0.5845816109268834,0.996,0.957,time,96
2025-04-15 22:25:00,2025-04-16 06:25:00,S,0.611,0.6068,0.6191114936768773,0.5907212658078066,0.518,0.435,time,96
2025-04-16 07:40:00,2025-04-16 08:35:00,S,0.6018,0.6087411590805168,0.6087411590805168,0.5844471022987079,-1.0,-1.095,sl,11
2025-04-16 17:45:00,2025-04-16 20:05:00,S,0.6049,0.6177710455747915,0.6177710455747915,0.5727223860630213,-1.0,-1.052,sl,28
2025-04-16 23:40:00,2025-04-17 01:30:00,S,0.6082,0.6162386839691256,0.6162386839691256,0.5881032900771859,-1.0,-1.083,sl,22
2025-04-17 05:15:00,2025-04-17 13:15:00,L,0.6156,0.6194,0.6101783019059512,0.629154245235122,0.701,0.576,time,96
2025-04-17 14:30:00,2025-04-17 16:05:00,S,0.6138,0.622126741382359,0.622126741382359,0.5929831465441024,-1.0,-1.081,sl,19
2025-04-17 16:10:00,2025-04-18 00:10:00,L,0.6221,0.6155,0.6140226069465575,0.6422934826336062,-0.817,-0.902,time,96
2025-04-18 00:25:00,2025-04-18 08:25:00,S,0.6152,0.6171,0.6196330979175001,0.6041172552062497,-0.429,-0.581,time,96
2025-04-18 10:50:00,2025-04-18 12:30:00,S,0.6116,0.6166101865308585,0.6166101865308585,0.5990745336728538,-1.0,-1.134,sl,20
2025-04-18 17:05:00,2025-04-19 01:05:00,L,0.6209,0.6293,0.6149536963475674,0.6357657591310817,1.413,1.298,time,96
2025-04-19 01:35:00,2025-04-19 07:20:00,L,0.6324,0.6276207141563318,0.6276207141563318,0.6443482146091704,-1.0,-1.146,sl,69
2025-04-19 15:05:00,2025-04-19 18:10:00,S,0.6234,0.6278078946788828,0.6278078946788828,0.6123802633027929,-1.0,-1.156,sl,37
2025-04-19 18:15:00,2025-04-20 02:15:00,L,0.6287,0.6329,0.6197348004442538,0.6511129988893657,0.468,0.391,time,96
2025-04-20 07:10:00,2025-04-20 15:10:00,S,0.6254,0.6146,0.6315143093726888,0.6101142265682777,1.766,1.654,time,96
2025-04-20 15:25:00,2025-04-20 19:50:00,S,0.6132,0.6179176538836321,0.6179176538836321,0.6014058652909198,-1.0,-1.143,sl,53
2025-04-21 00:15:00,2025-04-21 00:25:00,L,0.6231,0.6336395309855218,0.6188841876057912,0.6336395309855218,2.5,2.337,tp,2
2025-04-21 00:30:00,2025-04-21 08:30:00,L,0.6333,0.6456,0.6187589333836809,0.6696526665407976,0.846,0.798,time,96
2025-04-21 09:10:00,2025-04-21 09:15:00,L,0.6476,0.6445663866064102,0.6445663866064102,0.6551840334839744,-1.0,-1.235,sl,1
2025-04-21 14:35:00,2025-04-21 15:45:00,L,0.6477,0.6376007822798061,0.6376007822798061,0.6729480443004849,-1.0,-1.071,sl,14
2025-04-21 16:05:00,2025-04-22 00:05:00,S,0.634,0.6222,0.6441474867236321,0.6086312831909197,1.163,1.094,time,96
2025-04-22 01:25:00,2025-04-22 09:25:00,L,0.6286,0.6414,0.614547630555042,0.6637309236123952,0.911,0.862,time,96
2025-04-22 09:30:00,2025-04-22 15:00:00,L,0.6414,0.6647160478848865,0.6320735808460454,0.6647160478848865,2.5,2.424,tp,66
2025-04-22 15:05:00,2025-04-22 23:05:00,L,0.6645,0.6805,0.6488242999322771,0.7036892501693073,1.021,0.974,time,96
2025-04-22 23:10:00,2025-04-23 07:10:00,L,0.6805,0.6928,0.6667425366052524,0.714893658486869,0.894,0.84,time,96
2025-04-23 08:00:00,2025-04-23 15:15:00,L,0.7007,0.691341565758245,0.691341565758245,0.7240960856043874,-1.0,-1.082,sl,87
2025-04-24 07:45:00,2025-04-24 10:10:00,S,0.6788,0.6875307071559953,0.6875307071559953,0.6569732321100117,-1.0,-1.086,sl,29
2025-04-24 10:15:00,2025-04-24 14:50:00,L,0.6861,0.7114334041576692,0.6759666383369324,0.7114334041576692,2.5,2.426,tp,55
2025-04-24 14:55:00,2025-04-24 22:55:00,L,0.7137,0.7144,0.6922151008642524,0.767412247839369,0.033,-0.004,time,96
2025-04-25 01:15:00,2025-04-25 01:20:00,L,0.7209,0.7165129685830179,0.7165129685830179,0.7318675785424551,-1.0,-1.181,sl,1
2025-04-25 06:45:00,2025-04-25 10:35:00,L,0.7193,0.71119163923045,0.71119163923045,0.7395709019238751,-1.0,-1.098,sl,46
2025-04-25 12:15:00,2025-04-25 12:50:00,L,0.7248,0.7147093942198817,0.7147093942198817,0.7500265144502958,-1.0,-1.079,sl,7
2025-04-25 15:20:00,2025-04-25 16:20:00,L,0.7243,0.7117240399846531,0.7117240399846531,0.7557399000383676,-1.0,-1.063,sl,12
2025-04-26 06:40:00,2025-04-26 09:30:00,L,0.7245,0.716085192023969,0.716085192023969,0.7455370199400775,-1.0,-1.095,sl,34
2025-04-26 11:25:00,2025-04-26 19:25:00,S,0.7136,0.7063,0.721215821694127,0.6945604457646826,0.959,0.855,time,96
2025-04-27 00:45:00,2025-04-27 01:30:00,L,0.7157,0.7038483619890338,0.7038483619890338,0.7453290950274156,-1.0,-1.066,sl,9
2025-04-27 01:35:00,2025-04-27 09:35:00,S,0.701,0.6994,0.7178245948959376,0.6589385127601557,0.095,0.049,time,96
2025-04-27 12:30:00,2025-04-27 12:45:00,S,0.6928,0.6995635177701673,0.6995635177701673,0.6758912055745816,-1.0,-1.113,sl,3
2025-04-27 16:40:00,2025-04-27 17:15:00,S,0.6932,0.697846179096071,0.697846179096071,0.6815845522598225,-1.0,-1.164,sl,7
2025-04-27 19:05:00,2025-04-28 00:05:00,L,0.7073,0.6979367935246312,0.6979367935246312,0.7307080161884221,-1.0,-1.083,sl,60
2025-04-28 00:10:00,2025-04-28 03:30:00,S,0.6977,0.7083487375411701,0.7083487375411701,0.6710781561470747,-1.0,-1.072,sl,40
2025-04-28 03:35:00,2025-04-28 11:35:00,L,0.7054,0.723,0.689574176560935,0.7449645585976625,1.112,1.063,time,96
2025-04-28 13:05:00,2025-04-28 15:20:00,S,0.7143,0.6924792068553427,0.723028317257863,0.6924792068553427,2.5,2.41,tp,27
2025-04-28 15:25:00,2025-04-28 23:25:00,S,0.6929,0.7019,0.7139642172081342,0.6402394569796643,-0.427,-0.463,time,96
2025-04-29 00:35:00,2025-04-29 02:00:00,L,0.7047,0.7004130827917456,0.7004130827917456,0.715417293020636,-1.0,-1.181,sl,17
2025-04-29 02:10:00,2025-04-29 06:20:00,S,0.6999,0.7100763183582509,0.7100763183582509,0.6744592041043727,-1.0,-1.076,sl,50
2025-04-29 06:25:00,2025-04-29 14:25:00,L,0.7104,0.7119,0.697850239534353,0.7417744011641176,0.12,0.057,time,96
2025-04-29 20:10:00,2025-04-30 04:10:00,S,0.7054,0.7009,0.7131771256657856,0.685957185835536,0.579,0.479,time,96
2025-04-30 07:10:00,2025-04-30 11:00:00,S,0.6958,0.6997301313184925,0.6997301313184925,0.6859746717037687,-1.0,-1.195,sl,46
2025-04-30 12:35:00,2025-04-30 13:55:00,S,0.6914,0.6685554130917404,0.7005378347633039,0.6685554130917404,2.5,2.417,tp,16
2025-04-30 14:00:00,2025-04-30 20:10:00,S,0.6654,0.6885727015313734,0.6885727015313734,0.6074682461715665,-1.0,-1.032,sl,74
2025-05-01 04:30:00,2025-05-01 05:30:00,S,0.6847,0.6921622281145737,0.6921622281145737,0.6660444297135656,-1.0,-1.101,sl,12
2025-05-01 08:25:00,2025-05-01 10:20:00,L,0.6944,0.7060164341205805,0.6897534263517678,0.7060164341205805,2.5,2.336,tp,23
2025-05-01 10:25:00,2025-05-01 13:55:00,L,0.7063,0.696187359188561,0.696187359188561,0.7315816020285977,-1.0,-1.077,sl,42
2025-05-01 14:00:00,2025-05-01 15:10:00,S,0.6945,0.7073746147036084,0.7073746147036084,0.6623134632409791,-1.0,-1.059,sl,14
2025-05-01 15:15:00,2025-05-01 23:15:00,L,0.7089,0.7068,0.6964373225268392,0.7400566936829018,-0.169,-0.231,time,96
2025-05-02 02:50:00,2025-05-02 07:30:00,L,0.7159,0.704447690949786,0.704447690949786,0.744530772625535,-1.0,-1.069,sl,56
2025-05-02 07:35:00,2025-05-02 13:00:00,S,0.7043,0.7144351925317143,0.7144351925317143,0.6789620186707144,-1.0,-1.076,sl,65
2025-05-02 13:05:00,2025-05-02 17:40:00,L,0.7132,0.7020122808912529,0.7020122808912529,0.7411692977718676,-1.0,-1.07,sl,55
2025-05-02 17:45:00,2025-05-03 01:45:00,S,0.7021,0.6933,0.7114031499327752,0.6788421251680619,0.946,0.863,time,96
2025-05-03 04:45:00,2025-05-03 06:15:00,L,0.7013,0.6964553566116753,0.6964553566116753,0.7134116084708118,-1.0,-1.159,sl,18
2025-05-03 06:20:00,2025-05-03 08:30:00,S,0.6953,0.7016388019980384,0.7016388019980384,0.6794529950049041,-1.0,-1.121,sl,26
2025-05-03 08:40:00,2025-05-03 10:45:00,L,0.7036,0.6959397033562877,0.6959397033562877,0.7227507416092807,-1.0,-1.101,sl,25
2025-05-03 11:00:00,2025-05-03 12:50:00,S,0.6943,0.7030020995572565,0.7030020995572565,0.672544751106859,-1.0,-1.088,sl,22
2025-05-03 12:55:00,2025-05-03 14:40:00,L,0.7024,0.7210171088981435,0.6949531564407426,0.7210171088981435,2.5,2.396,tp,21
2025-05-03 14:45:00,2025-05-03 17:05:00,L,0.7207,0.706474768068756,0.706474768068756,0.75626307982811,-1.0,-1.056,sl,28
2025-05-03 23:30:00,2025-05-04 01:55:00,S,0.7001,0.7075196830450045,0.7075196830450045,0.6815507923874886,-1.0,-1.104,sl,29
2025-05-04 02:00:00,2025-05-04 04:30:00,L,0.7069,0.6955989436722632,0.6955989436722632,0.7351526408193421,-1.0,-1.069,sl,30
2025-05-04 04:35:00,2025-05-04 05:05:00,S,0.6948,0.7028355098243185,0.7028355098243185,0.6747112254392036,-1.0,-1.095,sl,6
2025-05-04 08:45:00,2025-05-04 16:45:00,S,0.6913,0.6829,0.6986810623267385,0.6728473441831537,1.138,1.035,time,96
2025-05-04 17:30:00,2025-05-04 20:25:00,S,0.6823,0.6889929826905828,0.6889929826905828,0.665567543273543,-1.0,-1.112,sl,35
2025-05-04 22:25:00,2025-05-05 05:55:00,S,0.6803,0.688410574649197,0.688410574649197,0.6600235633770076,-1.0,-1.092,sl,90
2025-05-05 09:05:00,2025-05-05 11:30:00,S,0.6825,0.6660192730173417,0.6890922907930633,0.6660192730173417,2.5,2.386,tp,29
2025-05-05 11:35:00,2025-05-05 19:35:00,S,0.6652,0.6654,0.6761524689274948,0.6378188276812631,-0.018,-0.085,time,96
2025-05-05 20:35:00,2025-05-06 04:35:00,S,0.6548,0.662,0.6692097533234788,0.6187756166913032,-0.5,-0.55,time,96
2025-05-06 08:25:00,2025-05-06 16:25:00,S,0.6542,0.6498,0.6650288862645529,0.6271277843386177,0.406,0.34,time,96
2025-05-06 21:40:00,2025-05-06 22:00:00,S,0.6567,0.6650714364807452,0.6650714364807452,0.6357714087981369,-1.0,-1.086,sl,4
2025-05-06 22:05:00,2025-05-07 06:05:00,L,0.668,0.6765,0.6522504798218991,0.7073738004452523,0.54,0.493,time,96
2025-05-07 07:30:00,2025-05-07 13:05:00,L,0.6808,0.6731427834736491,0.6731427834736491,0.6999430413158771,-1.0,-1.098,sl,67
2025-05-07 14:50:00,2025-05-07 22:50:00,S,0.6686,0.6708,0.6761204863452037,0.6497987841369905,-0.293,-0.39,time,96
2025-05-07 23:05:00,2025-05-08 02:30:00,L,0.6722,0.6906544039256612,0.6648182384297355,0.6906544039256612,2.5,2.4,tp,41
2025-05-08 02:35:00,2025-05-08 10:05:00,L,0.69,0.7208736798013503,0.6776505280794598,0.7208736798013503,2.5,2.439,tp,90
2025-05-08 10:10:00,2025-05-08 15:40:00,L,0.7216,0.7434093508746381,0.7128762596501448,0.7434093508746381,2.5,2.409,tp,66
2025-05-08 15:45:00,2025-05-08 23:45:00,L,0.7411,0.7659,0.7195196082970762,0.7950509792573095,1.149,1.111,time,96
2025-05-09 02:05:00,2025-05-09 03:55:00,L,0.7697,0.7607774932497925,0.7607774932497925,0.792006266875519,-1.0,-1.095,sl,22
2025-05-09 06:55:00,2025-05-09 08:20:00,L,0.7719,0.8034829748390098,0.7592668100643961,0.8034829748390098,2.5,2.433,tp,17
2025-05-09 08:25:00,2025-05-09 08:40:00,L,0.8064,0.7794276396342925,0.7794276396342925,0.8738309009142687,-1.0,-1.033,sl,3
2025-05-10 00:20:00,2025-05-10 00:45:00,L,0.7897,0.7742726614850316,0.7742726614850316,0.8282683462874209,-1.0,-1.056,sl,5
2025-05-10 06:05:00,2025-05-10 14:05:00,L,0.7875,0.8095,0.7748410500499732,0.8191473748750671,1.738,1.669,time,96
2025-05-10 17:00:00,2025-05-11 01:00:00,L,0.8141,0.8186,0.7986716147970654,0.8526709630073367,0.292,0.234,time,96
2025-05-11 07:10:00,2025-05-11 15:10:00,S,0.7928,0.7998,0.8124086034155098,0.7437784914612253,-0.357,-0.401,time,96
2025-05-11 15:55:00,2025-05-11 17:45:00,S,0.7856,0.8006005723355766,0.8006005723355766,0.7480985691610584,-1.0,-1.058,sl,22
2025-05-11 17:50:00,2025-05-12 01:50:00,L,0.8009,0.8053,0.7868743009523931,0.8359642476190171,0.314,0.251,time,96
2025-05-12 07:10:00,2025-05-12 15:00:00,L,0.8285,0.8093201143917538,0.8093201143917538,0.8764497140206156,-1.0,-1.048,sl,94
2025-05-12 18:10:00,2025-05-13 02:10:00,S,0.8026,0.7853,0.8336166296454477,0.7250584258863807,0.558,0.529,time,96
2025-05-13 02:15:00,2025-05-13 10:15:00,S,0.7853,0.7962,0.8038582744197744,0.738904313950564,-0.587,-0.634,time,96
2025-05-13 14:50:00,2025-05-13 15:40:00,S,0.7921,0.8051400137909255,0.8051400137909255,0.7594999655226864,-1.0,-1.067,sl,10
2025-05-13 16:10:00,2025-05-14 00:10:00,L,0.8129,0.8297,0.7945177317414265,0.8588556706464336,0.914,0.865,time,96
2025-05-14 05:50:00,2025-05-14 07:15:00,L,0.8295,0.8229710815582986,0.8229710815582986,0.8458222961042536,-1.0,-1.14,sl,17
2025-05-14 08:55:00,2025-05-14 16:55:00,S,0.8087,0.8025,0.8300527719323648,0.7553180701690878,0.29,0.249,time,96
2025-05-14 17:10:00,2025-05-15 01:10:00,S,0.7995,0.801,0.8104258263340391,0.7721854341649022,-0.137,-0.218,time,96
2025-05-15 01:45:00,2025-05-15 09:45:00,S,0.7909,0.7629,0.8104321339418666,0.7420696651453336,1.434,1.389,time,96
2025-05-15 09:50:00,2025-05-15 16:45:00,S,0.7629,0.7837454561717747,0.7837454561717747,0.7107863595705632,-1.0,-1.04,sl,83
2025-05-15 19:00:00,2025-05-16 03:00:00,S,0.7617,0.7797,0.7875743261776703,0.6970141845558244,-0.696,-0.728,time,96
2025-05-16 08:25:00,2025-05-16 11:20:00,S,0.7686,0.7852111722247531,0.7852111722247531,0.727072069438117,-1.0,-1.051,sl,35
2025-05-16 14:40:00,2025-05-16 22:40:00,S,0.7742,0.7548,0.7850426415592043,0.7470933961019892,1.789,1.711,time,96
2025-05-16 22:45:00,2025-05-17 06:45:00,S,0.7548,0.7647,0.7674651251454627,0.7231371871363432,-0.782,-0.847,time,96
2025-05-17 07:05:00,2025-05-17 11:25:00,L,0.7706,0.7568804457820011,0.7568804457820011,0.8048988855449971,-1.0,-1.062,sl,52
2025-05-17 11:30:00,2025-05-17 16:45:00,S,0.7573,0.7280759909847963,0.7689896036060815,0.7280759909847963,2.5,2.429,tp,63
2025-05-17 16:50:00,2025-05-18 00:50:00,S,0.7279,0.7427,0.7563310230576977,0.6568224423557556,-0.521,-0.549,time,96
2025-05-18 08:00:00,2025-05-18 16:00:00,L,0.7589,0.7713,0.750091126032008,0.7809221849199801,1.408,1.313,time,96
2025-05-18 17:40:00,2025-05-18 20:00:00,S,0.7602,0.7249341167995446,0.7743063532801822,0.7249341167995446,2.5,2.441,tp,28
2025-05-18 20:05:00,2025-05-18 22:55:00,S,0.7223,0.749779768474907,0.749779768474907,0.6536005788127326,-1.0,-1.029,sl,34
2025-05-18 23:30:00,2025-05-19 01:15:00,L,0.7514,0.7384871173299957,0.7384871173299957,0.7836822066750105,-1.0,-1.064,sl,21
2025-05-19 03:05:00,2025-05-19 06:35:00,S,0.7363,0.715412657498651,0.7446549370005395,0.715412657498651,2.5,2.403,tp,42
2025-05-19 06:40:00,2025-05-19 11:05:00,S,0.716,0.7271448320120167,0.7271448320120167,0.688137919969958,-1.0,-1.071,sl,53
2025-05-19 12:45:00,2025-05-19 13:35:00,S,0.7203,0.7296726301747767,0.7296726301747767,0.6968684245630585,-1.0,-1.085,sl,10
2025-05-20 01:40:00,2025-05-20 04:05:00,L,0.7505,0.739507115825657,0.739507115825657,0.7779822104358574,-1.0,-1.075,sl,29
2025-05-20 06:10:00,2025-05-20 14:10:00,S,0.7394,0.7243,0.7465969150390545,0.7214077124023637,2.098,1.985,time,96
2025-05-20 18:50:00,2025-05-20 19:50:00,S,0.7262,0.738598142970529,0.738598142970529,0.6952046425736775,-1.0,-1.064,sl,12
2025-05-20 19:55:00,2025-05-21 03:55:00,L,0.7381,0.7515,0.7237570963397096,0.7739572591507258,0.934,0.878,time,96
2025-05-21 04:10:00,2025-05-21 09:05:00,L,0.7546,0.746072294573477,0.746072294573477,0.7759192635663077,-1.0,-1.097,sl,59
2025-05-21 10:55:00,2025-05-21 17:30:00,L,0.7564,0.7440475129362057,0.7440475129362057,0.7872812176594854,-1.0,-1.067,sl,79
2025-05-21 21:10:00,2025-05-21 22:00:00,L,0.7637,0.7568413511818388,0.7568413511818388,0.7808466220454031,-1.0,-1.122,sl,10
2025-05-21 22:45:00,2025-05-22 06:45:00,L,0.7685,0.7875,0.7561129088556972,0.7994677278607569,1.534,1.466,time,96
2025-05-22 08:05:00,2025-05-22 16:05:00,L,0.7936,0.8048,0.7844651082463193,0.8164372293842016,1.226,1.131,time,96
2025-05-22 23:50:00,2025-05-23 02:15:00,L,0.8084,0.8253803813933811,0.8016078474426476,0.8253803813933811,2.5,2.369,tp,29
2025-05-23 02:20:00,2025-05-23 06:45:00,L,0.8268,0.8067864342201365,0.8067864342201365,0.8768339144496586,-1.0,-1.045,sl,53
2025-05-23 09:20:00,2025-05-23 11:20:00,L,0.8241,0.8091300507028885,0.8091300507028885,0.861524873242779,-1.0,-1.061,sl,24
2025-05-23 11:25:00,2025-05-23 11:50:00,S,0.8078,0.7783826300943315,0.8195669479622674,0.7783826300943315,2.5,2.424,tp,5
2025-05-23 11:55:00,2025-05-23 19:55:00,S,0.7863,0.7733,0.8182543189497331,0.7064142026256672,0.407,0.38,time,96
2025-05-23 20:05:00,2025-05-23 23:35:00,S,0.7697,0.7465616665878931,0.7789553333648428,0.7465616665878931,2.5,2.409,tp,42
2025-05-23 23:40:00,2025-05-24 04:35:00,S,0.7471,0.7642481221007708,0.7642481221007708,0.7042296947480731,-1.0,-1.048,sl,59
2025-05-24 06:35:00,2025-05-24 07:10:00,S,0.7558,0.762622191268952,0.762622191268952,0.7387445218276201,-1.0,-1.122,sl,7
2025-05-24 08:25:00,2025-05-24 10:40:00,S,0.7546,0.7630279997963433,0.7630279997963433,0.733530000509142,-1.0,-1.098,sl,27
2025-05-24 13:20:00,2025-05-24 14:50:00,S,0.7579,0.7610859033550538,0.7610859033550538,0.7499352416123657,-1.0,-1.262,sl,18
2025-05-24 19:50:00,2025-05-24 23:05:00,S,0.7528,0.741417115088155,0.757353153964738,0.741417115088155,2.5,2.318,tp,39
2025-05-24 23:10:00,2025-05-25 00:00:00,S,0.7408,0.7478050168606207,0.7478050168606207,0.7232874578484483,-1.0,-1.116,sl,10
2025-05-25 00:45:00,2025-05-25 08:45:00,S,0.7368,0.7304,0.749142033227779,0.7059449169305527,0.519,0.453,time,96
2025-05-25 08:50:00,2025-05-25 12:15:00,S,0.7304,0.7404458477122289,0.7404458477122289,0.7052853807194279,-1.0,-1.08,sl,41
2025-05-25 15:20:00,2025-05-25 22:05:00,S,0.7354,0.7515905761298164,0.7515905761298164,0.6949235596754593,-1.0,-1.05,sl,81
2025-05-25 22:15:00,2025-05-26 06:15:00,L,0.7502,0.7654,0.740801634550515,0.7736959136237125,1.617,1.529,time,96
2025-05-26 06:30:00,2025-05-26 06:40:00,L,0.7678,0.7637513186001637,0.7637513186001637,0.777921703499591,-1.0,-1.209,sl,2
2025-05-26 06:55:00,2025-05-26 10:50:00,L,0.7678,0.7634157968289851,0.7634157968289851,0.7787605079275375,-1.0,-1.193,sl,47
2025-05-26 13:05:00,2025-05-26 13:50:00,L,0.7705,0.7641061873104402,0.7641061873104402,0.7864845317238993,-1.0,-1.133,sl,9
2025-05-26 17:20:00,2025-05-27 01:20:00,S,0.7566,0.7467,0.7662579754920668,0.7324550612698333,1.025,0.939,time,96
2025-05-27 01:25:00,2025-05-27 06:05:00,S,0.7467,0.7601646421467947,0.7601646421467947,0.7130383946330134,-1.0,-1.061,sl,56
2025-05-27 07:45:00,2025-05-27 14:30:00,L,0.763,0.75540188317204,0.75540188317204,0.7819952920698999,-1.0,-1.11,sl,81
2025-05-27 21:25:00,2025-05-28 05:25:00,S,0.7612,0.7523,0.7662745906534314,0.7485135233664215,1.754,1.589,time,96
2025-05-28 06:40:00,2025-05-28 10:30:00,S,0.747,0.7542891236850591,0.7542891236850591,0.7287771907873524,-1.0,-1.113,sl,46
2025-05-28 11:05:00,2025-05-28 14:10:00,L,0.7595,0.7471199428397683,0.7471199428397683,0.790450142900579,-1.0,-1.067,sl,37
2025-05-28 14:15:00,2025-05-28 22:15:00,S,0.7479,0.7393,0.7601756776422502,0.7172108058943745,0.701,0.634,time,96
2025-05-29 00:05:00,2025-05-29 02:50:00,L,0.7459,0.7618995136528035,0.7395001945388786,0.7618995136528035,2.5,2.372,tp,33
2025-05-29 02:55:00,2025-05-29 04:40:00,L,0.7619,0.7505731401969792,0.7505731401969792,0.7902171495075521,-1.0,-1.074,sl,21
2025-05-29 04:45:00,2025-05-29 12:45:00,S,0.7489,0.7499,0.7601683529236168,0.7207291176909579,-0.089,-0.162,time,96
2025-05-29 13:35:00,2025-05-29 18:35:00,S,0.749,0.7321999267872323,0.7557200292851071,0.7321999267872323,2.5,2.377,tp,60
2025-05-29 19:05:00,2025-05-30 00:55:00,S,0.7298,0.7049972745350679,0.7397210901859729,0.7049972745350679,2.5,2.419,tp,70
2025-05-30 01:00:00,2025-05-30 09:00:00,S,0.6918,0.6994,0.728160262606483,0.6008993434837924,-0.209,-0.23,time,96
2025-05-30 09:40:00,2025-05-30 10:00:00,S,0.6947,0.7029894982708417,0.7029894982708417,0.6739762543228958,-1.0,-1.092,sl,4
2025-05-30 14:00:00,2025-05-30 19:15:00,S,0.6979,0.7104933745477523,0.7104933745477523,0.6664165636306192,-1.0,-1.061,sl,63
2025-05-30 22:10:00,2025-05-30 22:40:00,S,0.704,0.6934609135524897,0.708215634579004,0.6934609135524897,2.5,2.316,tp,6
2025-05-30 22:45:00,2025-05-31 04:00:00,S,0.692,0.6552929763288311,0.7066828094684675,0.6552929763288311,2.5,2.448,tp,63
2025-05-31 04:05:00,2025-05-31 04:30:00,S,0.6565,0.6675032781576926,0.6675032781576926,0.6289918046057683,-1.0,-1.066,sl,5
2025-05-31 22:50:00,2025-06-01 02:05:00,S,0.6868,0.6726662050677212,0.6924535179729114,0.6726662050677212,2.5,2.366,tp,39
2025-06-01 02:10:00,2025-06-01 04:45:00,S,0.6719,0.6836443759333278,0.6836443759333278,0.6425390601666806,-1.0,-1.063,sl,31
2025-06-01 07:00:00,2025-06-01 09:15:00,S,0.6743,0.6604197896639842,0.6798520841344063,0.6604197896639842,2.5,2.366,tp,27
2025-06-01 09:20:00,2025-06-01 14:20:00,S,0.661,0.6700365186525066,0.6700365186525066,0.6384087033687337,-1.0,-1.08,sl,60
2025-06-01 18:45:00,2025-06-01 22:00:00,S,0.6708,0.684773529340472,0.684773529340472,0.6358661766488198,-1.0,-1.053,sl,39
2025-06-01 23:10:00,2025-06-02 02:15:00,L,0.6874,0.6798940978468103,0.6798940978468103,0.7061647553829742,-1.0,-1.101,sl,37
2025-06-02 03:15:00,2025-06-02 06:40:00,S,0.6752,0.6827855338091647,0.6827855338091647,0.6562361654770883,-1.0,-1.098,sl,41
2025-06-02 08:55:00,2025-06-02 16:55:00,S,0.6706,0.6733,0.6808359345682662,0.6450101635793344,-0.264,-0.336,time,96
2025-06-02 20:20:00,2025-06-03 04:20:00,L,0.682,0.6926,0.6685613331200335,0.7155966671999163,0.789,0.733,time,96
2025-06-03 07:10:00,2025-06-03 07:55:00,L,0.6979,0.6926890795408246,0.6926890795408246,0.7109273011479385,-1.0,-1.147,sl,9
2025-06-03 15:00:00,2025-06-03 20:25:00,L,0.6957,0.682217664723104,0.682217664723104,0.72940583819224,-1.0,-1.057,sl,65
2025-06-03 20:30:00,2025-06-04 01:00:00,S,0.6811,0.6926108578499572,0.6926108578499572,0.652322855375107,-1.0,-1.065,sl,54
2025-06-04 01:10:00,2025-06-04 09:10:00,L,0.6975,0.6971,0.6821450765552336,0.735887308611916,-0.026,-0.076,time,96
2025-06-04 09:50:00,2025-06-04 10:55:00,L,0.6988,0.695845356136785,0.695845356136785,0.7061866096580374,-1.0,-1.26,sl,13
2025-06-04 12:05:00,2025-06-04 14:05:00,S,0.6917,0.6783233837906772,0.697050646483729,0.6783233837906772,2.5,2.358,tp,24
2025-06-04 14:10:00,2025-06-04 15:35:00,S,0.6807,0.6902414064176863,0.6902414064176863,0.6568464839557842,-1.0,-1.078,sl,17
2025-06-04 17:35:00,2025-06-05 01:35:00,S,0.6786,0.669,0.6881150459182939,0.6548123852042653,1.009,0.93,time,96
2025-06-05 12:20:00,2025-06-05 13:50:00,L,0.6867,0.677279507483734,0.677279507483734,0.7102512312906649,-1.0,-1.08,sl,18
2025-06-05 13:55:00,2025-06-05 19:15:00,S,0.675,0.6383106061681378,0.6896757575327449,0.6383106061681378,2.5,2.449,tp,64
2025-06-05 19:20:00,2025-06-06 03:20:00,S,0.638,0.6333,0.6639073492330085,0.5732316269174786,0.181,0.154,time,96
2025-06-06 13:15:00,2025-06-06 21:15:00,L,0.6611,0.6607,0.6523176444455928,0.6830558888860181,-0.046,-0.128,time,96
2025-06-06 22:10:00,2025-06-07 05:40:00,S,0.6569,0.6628130709396337,0.6628130709396337,0.6421173226509158,-1.0,-1.122,sl,90
2025-06-07 05:45:00,2025-06-07 13:45:00,L,0.6641,0.6686,0.6564498336934494,0.6832254157663764,0.588,0.493,time,96
2025-06-07 17:05:00,2025-06-07 21:10:00,S,0.6645,0.6672453047566992,0.6672453047566992,0.657636738108252,-1.0,-1.266,sl,49
2025-06-07 21:15:00,2025-06-07 23:45:00,L,0.6667,0.6638951512827886,0.6638951512827886,0.6737121217930282,-1.0,-1.261,sl,30
2025-06-08 00:05:00,2025-06-08 08:05:00,S,0.6636,0.6621,0.6675935877094014,0.6536160307264964,0.376,0.193,time,96
2025-06-08 09:15:00,2025-06-08 11:45:00,S,0.6577,0.6631327975774924,0.6631327975774924,0.6441180060562688,-1.0,-1.133,sl,30
2025-06-08 11:50:00,2025-06-08 19:50:00,L,0.6644,0.6725,0.6541434364895445,0.6900414087761386,0.79,0.718,time,96
2025-06-08 20:10:00,2025-06-08 22:05:00,L,0.6772,0.6719329821663914,0.6719329821663914,0.6903675445840216,-1.0,-1.141,sl,23
2025-06-09 01:05:00,2025-06-09 09:05:00,S,0.665,0.6615,0.6718996005888989,0.647750998527753,0.507,0.401,time,96
2025-06-09 09:40:00,2025-06-09 16:30:00,L,0.6665,0.6816280433392428,0.6604487826643028,0.6816280433392428,2.5,2.379,tp,82
2025-06-09 16:35:00,2025-06-09 22:45:00,L,0.6818,0.7057470623867449,0.672221175045302,0.7057470623867449,2.5,2.422,tp,74
2025-06-09 22:50:00,2025-06-10 06:00:00,L,0.7041,0.6949562028105297,0.6949562028105297,0.7269594929736756,-1.0,-1.085,sl,86
2025-06-10 11:30:00,2025-06-10 19:30:00,L,0.6985,0.7126,0.6854153665803526,0.7312115835491184,1.078,1.019,time,96
2025-06-10 19:35:00,2025-06-11 03:35:00,L,0.7126,0.7174,0.6986445269229183,0.7474886826927042,0.344,0.288,time,96
2025-06-11 03:55:00,2025-06-11 11:55:00,L,0.7199,0.7145,0.7096852741548139,0.7454368146129653,-0.529,-0.606,time,96
2025-06-11 12:45:00,2025-06-11 17:50:00,L,0.7259,0.7103034613051674,0.7103034613051674,0.7648913467370815,-1.0,-1.051,sl,61
2025-06-11 19:10:00,2025-06-12 03:10:00,S,0.7049,0.6934,0.7123489534303533,0.6862776164241167,1.544,1.44,time,96
2025-06-12 03:20:00,2025-06-12 10:15:00,S,0.6923,0.6813820513230413,0.6966671794707835,0.6813820513230413,2.5,2.326,tp,83
2025-06-12 10:20:00,2025-06-12 14:10:00,S,0.6828,0.6872710370772822,0.6872710370772822,0.6716224073067943,-1.0,-1.168,sl,46
2025-06-12 15:50:00,2025-06-12 23:50:00,S,0.6773,0.6634,0.6899368560514868,0.6457078598712831,1.1,1.041,time,96
2025-06-13 00:05:00,2025-06-13 01:10:00,S,0.6533,0.6220549538934761,0.6657980184426096,0.6220549538934761,2.5,2.443,tp,13
2025-06-13 01:15:00,2025-06-13 09:15:00,S,0.6202,0.6315,0.6507306172539936,0.5438734568650159,-0.37,-0.392,time,96
2025-06-13 18:40:00,2025-06-13 20:40:00,S,0.6285,0.6383638183245922,0.6383638183245922,0.6038404541885193,-1.0,-1.07,sl,24
2025-06-14 07:20:00,2025-06-14 07:35:00,S,0.633,0.6370164804645687,0.6370164804645687,0.6229587988385783,-1.0,-1.173,sl,3
2025-06-14 09:55:00,2025-06-14 11:05:00,S,0.6316,0.6366070724141719,0.6366070724141719,0.6190823189645704,-1.0,-1.139,sl,14
2025-06-14 14:50:00,2025-06-14 16:45:00,S,0.631,0.6209302239675325,0.635027910412987,0.6209302239675325,2.5,2.328,tp,23
2025-06-14 16:50:00,2025-06-15 00:50:00,S,0.6177,0.6257,0.6299152607846781,0.587161848038305,-0.655,-0.711,time,96
2025-06-15 07:35:00,2025-06-15 14:45:00,S,0.6273,0.6341209625941743,0.6341209625941743,0.6102475935145641,-1.0,-1.101,sl,86
2025-06-15 14:50:00,2025-06-15 17:15:00,L,0.6343,0.6277944090730688,0.6277944090730688,0.6505639773173278,-1.0,-1.107,sl,29
2025-06-15 20:10:00,2025-06-15 22:25:00,S,0.6275,0.6324578303564041,0.6324578303564041,0.6151054241089895,-1.0,-1.139,sl,27
2025-06-15 23:10:00,2025-06-16 01:05:00,L,0.633,0.6281355289972432,0.6281355289972432,0.645161177506892,-1.0,-1.143,sl,23
2025-06-16 01:55:00,2025-06-16 09:55:00,L,0.6356,0.6444,0.6241272638836699,0.6642818402908255,0.767,0.706,time,96
2025-06-16 12:05:00,2025-06-16 20:05:00,L,0.6474,0.6518,0.6386085450046518,0.6693786374883703,0.5,0.419,time,96
2025-06-16 22:45:00,2025-06-17 06:45:00,S,0.6383,0.631,0.656584730883325,0.5925881727916873,0.399,0.361,time,96
2025-06-17 06:50:00,2025-06-17 14:50:00,S,0.631,0.6226,0.6353479188183297,0.6201302029541756,1.932,1.772,time,96
2025-06-17 15:15:00,2025-06-17 23:15:00,S,0.6154,0.6092,0.6276760232092388,0.5847099419769028,0.505,0.45,time,96
2025-06-18 07:10:00,2025-06-18 13:15:00,S,0.6124,0.597052275665451,0.6185390897338197,0.597052275665451,2.5,2.39,tp,73
2025-06-18 13:20:00,2025-06-18 20:50:00,S,0.5948,0.6066349972294708,0.6066349972294708,0.565212506926323,-1.0,-1.055,sl,90
2025-06-19 01:15:00,2025-06-19 09:15:00,S,0.6024,0.5994,0.6115399659485758,0.5795500851285605,0.328,0.256,time,96
2025-06-19 12:05:00,2025-06-19 12:10:00,S,0.5972,0.5995232876727153,0.5995232876727153,0.5913917808182114,-1.0,-1.283,sl,1
2025-06-19 13:50:00,2025-06-19 17:45:00,S,0.5948,0.5998597702086177,0.5998597702086177,0.5821505744784558,-1.0,-1.129,sl,47
2025-06-20 01:30:00,2025-06-20 05:25:00,S,0.599,0.5877319092684414,0.6035072362926234,0.5877319092684414,2.5,2.354,tp,47
2025-06-20 05:30:00,2025-06-20 07:15:00,S,0.5878,0.5947696710077209,0.5947696710077209,0.5703758224806976,-1.0,-1.093,sl,21
2025-06-20 07:25:00,2025-06-20 14:50:00,L,0.5969,0.5895117245355467,0.5895117245355467,0.6153706886611332,-1.0,-1.089,sl,89
2025-06-20 14:55:00,2025-06-20 22:55:00,S,0.5873,0.5728,0.6017032974221586,0.5512917564446038,1.007,0.962,time,96
2025-06-21 12:25:00,2025-06-21 13:40:00,S,0.5831,0.5778454143441494,0.5852018342623402,0.5778454143441494,2.5,2.195,tp,15
2025-06-21 13:45:00,2025-06-21 18:55:00,S,0.578,0.5666372313053295,0.5825451074778681,0.5666372313053295,2.5,2.36,tp,62
2025-06-21 19:00:00,2025-06-21 21:30:00,S,0.5673,0.550018134216014,0.5742127463135944,0.550018134216014,2.5,2.41,tp,30
2025-06-21 21:35:00,2025-06-22 05:35:00,S,0.5492,0.5521,0.5699041192158203,0.49743970196044934,-0.14,-0.169,time,96
2025-06-22 07:55:00,2025-06-22 13:25:00,S,0.5494,0.5304710823198926,0.556971567072043,0.5304710823198926,2.5,2.42,tp,66
2025-06-22 13:30:00,2025-06-22 21:30:00,S,0.5283,0.5246,0.5512648688408996,0.47088782789775085,0.161,0.136,time,96
2025-06-23 09:45:00,2025-06-23 13:40:00,S,0.5438,0.5477110485560927,0.5477110485560927,0.5340223786097682,-1.0,-1.153,sl,47
2025-06-23 13:45:00,2025-06-23 16:10:00,L,0.552,0.5372505095909234,0.5372505095909234,0.5888737260226917,-1.0,-1.041,sl,29
2025-06-23 16:15:00,2025-06-23 17:30:00,S,0.5374,0.5509416877383387,0.5509416877383387,0.5035457806541531,-1.0,-1.044,sl,15
2025-06-23 18:05:00,2025-06-24 02:05:00,L,0.5512,0.5773,0.5322336676457716,0.598615830885571,1.376,1.344,time,96
2025-06-24 05:15:00,2025-06-24 08:15:00,L,0.5835,0.578277690866735,0.578277690866735,0.5965557728331626,-1.0,-1.123,sl,36
2025-06-24 14:45:00,2025-06-24 19:45:00,L,0.5876,0.5794636262233678,0.5794636262233678,0.6079409344415806,-1.0,-1.079,sl,60
2025-06-24 21:55:00,2025-06-25 04:00:00,L,0.5865,0.5831537976044565,0.5831537976044565,0.5948655059888588,-1.0,-1.193,sl,73
2025-06-25 07:35:00,2025-06-25 08:20:00,L,0.5842,0.5806627682558858,0.5806627682558858,0.5930430793602857,-1.0,-1.182,sl,9
2025-06-25 13:30:00,2025-06-25 14:15:00,L,0.582,0.5744154805943219,0.5744154805943219,0.6009612985141951,-1.0,-1.084,sl,9
2025-06-25 14:20:00,2025-06-25 22:20:00,S,0.5725,0.5667,0.5856310518430405,0.5396723703923987,0.442,0.394,time,96
2025-06-25 22:35:00,2025-06-26 00:15:00,S,0.5651,0.5698439186278469,0.5698439186278469,0.5532402034303829,-1.0,-1.131,sl,20
2025-06-26 02:55:00,2025-06-26 04:40:00,L,0.5774,0.5699000666660932,0.5699000666660932,0.5961498333347672,-1.0,-1.085,sl,21
2025-06-26 09:10:00,2025-06-26 15:30:00,S,0.5675,0.5496211940390636,0.5746515223843746,0.5496211940390636,2.5,2.413,tp,76
2025-06-26 15:35:00,2025-06-26 20:35:00,S,0.5515,0.55994536382346,0.55994536382346,0.5303865904413498,-1.0,-1.072,sl,60
2025-06-26 21:35:00,2025-06-27 05:35:00,S,0.5535,0.5556,0.5639619688670389,0.5273450778324028,-0.201,-0.259,time,96
2025-06-27 12:45:00,2025-06-27 16:05:00,S,0.5506,0.5562551859831387,0.5562551859831387,0.5364620350421532,-1.0,-1.107,sl,40
2025-06-27 18:20:00,2025-06-27 20:40:00,S,0.5465,0.5547012993356761,0.5547012993356761,0.5259967516608096,-1.0,-1.073,sl,28
2025-06-27 22:10:00,2025-06-28 06:10:00,L,0.5599,0.5595,0.5538288604538167,0.575077848865458,-0.066,-0.167,time,96
2025-06-28 13:30:00,2025-06-28 14:20:00,S,0.5556,0.5589866084674223,0.5589866084674223,0.5471334788314441,-1.0,-1.18,sl,10
2025-06-28 15:05:00,2025-06-28 23:05:00,L,0.5598,0.566,0.5561373755031175,0.5689565612422062,1.693,1.525,time,96
2025-06-29 00:30:00,2025-06-29 01:45:00,L,0.5676,0.5642122250701216,0.5642122250701216,0.576069437324696,-1.0,-1.184,sl,15
2025-06-29 04:25:00,2025-06-29 12:25:00,S,0.5617,0.5647,0.566982169215026,0.548494576962435,-0.568,-0.685,time,96
2025-06-29 15:00:00,2025-06-29 22:00:00,S,0.5598,0.5641458808649291,0.5641458808649291,0.5489352978376771,-1.0,-1.142,sl,84
2025-06-29 22:05:00,2025-06-30 06:05:00,L,0.5645,0.5691,0.5548125797308062,0.5887185506729844,0.475,0.411,time,96
2025-06-30 06:45:00,2025-06-30 14:45:00,S,0.5639,0.5612,0.5699269644107716,0.5488325889730707,0.448,0.345,time,96
2025-06-30 15:45:00,2025-06-30 23:45:00,L,0.5654,0.5714,0.555297732047921,0.5906556698801976,0.594,0.532,time,96
2025-07-01 02:50:00,2025-07-01 10:50:00,S,0.5665,0.5618,0.5742900651036646,0.5470248372408384,0.603,0.523,time,96
2025-07-01 11:55:00,2025-07-01 13:35:00,S,0.5591,0.5492789554599891,0.5630284178160044,0.5492789554599891,2.5,2.343,tp,20
2025-07-01 13:40:00,2025-07-01 16:55:00,S,0.5486,0.5543433265135186,0.5543433265135186,0.5342416837162034,-1.0,-1.105,sl,39
2025-07-01 17:35:00,2025-07-02 01:35:00,S,0.543,0.5428,0.5546534808525632,0.5138662978685922,0.017,-0.034,time,96
2025-07-02 06:05:00,2025-07-02 11:05:00,L,0.5553,0.5633611189998233,0.5520755524000707,0.5633611189998233,2.5,2.311,tp,60
2025-07-02 11:10:00,2025-07-02 16:05:00,L,0.5636,0.58267650922922,0.555969396308312,0.58267650922922,2.5,2.419,tp,59
2025-07-02 16:10:00,2025-07-03 00:10:00,L,0.5854,0.5865,0.5702436659571751,0.6232908351070623,0.073,0.03,time,96
2025-07-03 04:40:00,2025-07-03 06:20:00,L,0.5908,0.6033998316802511,0.5857600673278995,0.6033998316802511,2.5,2.371,tp,20
2025-07-03 06:25:00,2025-07-03 12:35:00,L,0.6035,0.5938994677799143,0.5938994677799143,0.6275013305502144,-1.0,-1.069,sl,74
2025-07-03 19:05:00,2025-07-04 02:15:00,L,0.5972,0.5930619223946261,0.5930619223946261,0.6075451940134347,-1.0,-1.159,sl,86
2025-07-04 06:05:00,2025-07-04 08:00:00,S,0.5883,0.5784549093524689,0.5922380362590125,0.5784549093524689,2.5,2.336,tp,23
2025-07-04 08:05:00,2025-07-04 16:05:00,S,0.5788,0.5654,0.5875490840266748,0.5569272899333129,1.532,1.459,time,96
2025-07-04 16:10:00,2025-07-04 22:35:00,S,0.5654,0.5746374135420649,0.5746374135420649,0.5423064661448378,-1.0,-1.067,sl,77
2025-07-05 01:55:00,2025-07-05 03:25:00,S,0.5712,0.5754932974751984,0.5754932974751984,0.5604667563120042,-1.0,-1.146,sl,18
2025-07-05 06:25:00,2025-07-05 08:30:00,L,0.5803,0.5754807299168759,0.5754807299168759,0.5923481752078104,-1.0,-1.132,sl,25
2025-07-05 08:35:00,2025-07-05 16:35:00,S,0.5752,0.5729,0.5809170599141478,0.5609073502146307,0.402,0.292,time,96
2025-07-05 19:15:00,2025-07-05 19:45:00,S,0.5699,0.5729217426704927,0.5729217426704927,0.5623456433237681,-1.0,-1.207,sl,6
2025-07-06 01:35:00,2025-07-06 03:55:00,S,0.5716,0.574784570364709,0.574784570364709,0.5636385740882275,-1.0,-1.197,sl,28
2025-07-06 10:45:00,2025-07-06 18:45:00,L,0.5787,0.5787,0.5727748678374901,0.5935128304062747,0.0,-0.107,time,96
2025-07-06 21:15:00,2025-07-06 21:30:00,L,0.5854,0.5911426066346552,0.5831029573461379,0.5911426066346552,2.5,2.22,tp,3
2025-07-06 21:35:00,2025-07-06 23:35:00,L,0.5887,0.5830326314027269,0.5830326314027269,0.6028684214931828,-1.0,-1.114,sl,24
2025-07-07 02:20:00,2025-07-07 07:05:00,L,0.5894,0.5813745662657801,0.5813745662657801,0.6094635843355498,-1.0,-1.081,sl,57
2025-07-07 08:00:00,2025-07-07 12:25:00,L,0.5898,0.5810441523572841,0.5810441523572841,0.6116896191067897,-1.0,-1.074,sl,53
2025-07-07 14:00:00,2025-07-07 17:00:00,L,0.5892,0.579031197671869,0.579031197671869,0.6146220058203274,-1.0,-1.064,sl,36
2025-07-07 17:05:00,2025-07-08 01:05:00,S,0.5787,0.5772,0.5883219295691408,0.554645176077148,0.156,0.09,time,96
2025-07-08 02:05:00,2025-07-08 06:10:00,S,0.5745,0.5790541494063409,0.5790541494063409,0.5631146264841478,-1.0,-1.139,sl,49
2025-07-08 10:15:00,2025-07-08 18:15:00,L,0.5821,0.59,0.5777979906353624,0.5928550234115938,1.836,1.688,time,96
2025-07-09 05:00:00,2025-07-09 11:00:00,L,0.5888,0.6010574381772344,0.5838970247291062,0.6010574381772344,2.5,2.368,tp,72
2025-07-09 11:05:00,2025-07-09 12:00:00,L,0.5999,0.6122884407676211,0.5949446236929515,0.6122884407676211,2.5,2.367,tp,11
2025-07-09 12:05:00,2025-07-09 20:05:00,L,0.6137,0.6171,0.5989927637791228,0.6504680905521931,0.231,0.185,time,96
2025-07-09 22:10:00,2025-07-10 00:25:00,L,0.6254,0.6192722344275238,0.6192722344275238,0.6407194139311905,-1.0,-1.112,sl,27
2025-07-10 07:20:00,2025-07-10 15:20:00,L,0.625,0.6254,0.6183490260859857,0.6416274347850357,0.06,-0.043,time,96
2025-07-10 16:45:00,2025-07-10 21:40:00,L,0.6394,0.6762986570829623,0.624640537166815,0.6762986570829623,2.5,2.452,tp,59
2025-07-10 21:45:00,2025-07-11 05:45:00,L,0.6744,0.7001,0.6532445989817371,0.7272885025456571,1.215,1.18,time,96
2025-07-11 05:50:00,2025-07-11 12:55:00,L,0.7001,0.7400235239819006,0.6841305904072397,0.7400235239819006,2.5,2.452,tp,85
2025-07-11 13:00:00,2025-07-11 16:05:00,L,0.7479,0.7255699184169649,0.7255699184169649,0.8037252039575877,-1.0,-1.037,sl,37
2025-07-12 01:15:00,2025-07-12 09:15:00,L,0.7222,0.7247,0.6983410798932496,0.781847300266876,0.105,0.071,time,96
2025-07-12 09:40:00,2025-07-12 12:45:00,L,0.7274,0.7103889842524692,0.7103889842524692,0.7699275393688272,-1.0,-1.047,sl,37
2025-07-12 15:10:00,2025-07-12 23:10:00,S,0.7034,0.7043,0.7191778705685918,0.6639553235785205,-0.057,-0.106,time,96
2025-07-13 00:30:00,2025-07-13 06:15:00,L,0.7122,0.7329477207259999,0.7039009117096001,0.7329477207259999,2.5,2.406,tp,69
2025-07-13 06:20:00,2025-07-13 14:20:00,L,0.7307,0.7519,0.7205889267081039,0.7559776832297402,2.097,2.017,time,96
2025-07-13 14:25:00,2025-07-13 16:50:00,L,0.7519,0.7333742270607401,0.7333742270607401,0.7982144323481499,-1.0,-1.045,sl,29
2025-07-13 18:55:00,2025-07-13 21:30:00,L,0.7484,0.7385309958551645,0.7385309958551645,0.7730725103620887,-1.0,-1.083,sl,31
2025-07-14 00:25:00,2025-07-14 08:25:00,L,0.7455,0.7514,0.7322144953317752,0.7787137616705622,0.444,0.382,time,96
2025-07-14 15:10:00,2025-07-14 23:10:00,S,0.7389,0.7335,0.7608216213942909,0.6840959465142729,0.246,0.209,time,96
2025-07-15 01:05:00,2025-07-15 09:05:00,S,0.7251,0.7286,0.7397318793496657,0.6885203016258357,-0.239,-0.294,time,96
2025-07-15 12:25:00,2025-07-15 12:30:00,S,0.724,0.7288665665393096,0.7288665665393096,0.711833583651726,-1.0,-1.164,sl,1
2025-07-15 12:45:00,2025-07-15 13:05:00,S,0.7205,0.7384589674455154,0.7384589674455154,0.6756025813862115,-1.0,-1.044,sl,4
2025-07-15 13:10:00,2025-07-15 14:50:00,L,0.7371,0.7170802019295502,0.7170802019295502,0.7871494951761243,-1.0,-1.041,sl,20
2025-07-15 14:55:00,2025-07-15 17:40:00,S,0.716,0.7395354525186769,0.7395354525186769,0.6571613687033075,-1.0,-1.033,sl,33
2025-07-15 17:45:00,2025-07-15 18:35:00,L,0.7403,0.7291029533965965,0.7291029533965965,0.7682926165085087,-1.0,-1.073,sl,10
2025-07-15 19:50:00,2025-07-15 21:35:00,S,0.724,0.7389851286009544,0.7389851286009544,0.6865371784976138,-1.0,-1.053,sl,21
2025-07-15 22:50:00,2025-07-16 06:50:00,L,0.7392,0.7456,0.7320544424283608,0.7570638939290979,0.896,0.782,time,96
2025-07-16 07:00:00,2025-07-16 15:00:00,L,0.7464,0.7592,0.7384125297744063,0.766368675563984,1.603,1.5,time,96
2025-07-16 15:10:00,2025-07-16 15:35:00,L,0.7601,0.7437638009803021,0.7437638009803021,0.8009404975492447,-1.0,-1.051,sl,5
2025-07-16 17:25:00,2025-07-17 01:20:00,L,0.767,0.7543220992329285,0.7543220992329285,0.7986947519176788,-1.0,-1.067,sl,95
2025-07-17 03:35:00,2025-07-17 05:20:00,S,0.745,0.7549485396251733,0.7549485396251733,0.7201286509370668,-1.0,-1.082,sl,21
2025-07-17 05:25:00,2025-07-17 08:55:00,L,0.7563,0.781435724346848,0.7462457102612607,0.781435724346848,2.5,2.417,tp,42
2025-07-17 09:00:00,2025-07-17 17:00:00,L,0.7858,0.7922,0.7674524567942641,0.8316688580143399,0.349,0.302,time,96
2025-07-17 18:15:00,2025-07-18 01:00:00,L,0.8063,0.8582920386058498,0.7855031845576601,0.8582920386058498,2.5,2.457,tp,81
2025-07-18 01:05:00,2025-07-18 09:05:00,L,0.8585,0.8498,0.818145767265604,0.9593855818359902,-0.216,-0.239,time,96
2025-07-18 12:55:00,2025-07-18 14:15:00,L,0.8601,0.8467165515340629,0.8467165515340629,0.8935586211648427,-1.0,-1.071,sl,16
2025-07-18 20:10:00,2025-07-19 03:20:00,S,0.8131,0.8264913551729198,0.8264913551729198,0.7796216120677006,-1.0,-1.067,sl,86
2025-07-19 03:25:00,2025-07-19 11:25:00,L,0.8249,0.8265,0.8162680862943815,0.8464797842640461,0.185,0.08,time,96
2025-07-19 14:55:00,2025-07-19 16:25:00,S,0.8137,0.8269126091569494,0.8269126091569494,0.7806684771076264,-1.0,-1.068,sl,18
2025-07-20 01:25:00,2025-07-20 09:25:00,L,0.8376,0.8494,0.8231063653883951,0.8738340865290123,0.814,0.751,time,96
2025-07-20 13:15:00,2025-07-20 21:15:00,L,0.8576,0.8645,0.846873840322885,0.8844153991927874,0.643,0.555,time,96
2025-07-21 02:05:00,2025-07-21 10:05:00,L,0.8651,0.8837,0.841100412667414,0.925098968331465,0.775,0.735,time,96
2025-07-21 11:30:00,2025-07-21 19:30:00,L,0.9063,0.8804806118253903,0.8804806118253903,0.9708484704365243,-1.0,-1.039,sl,96
2025-07-21 22:45:00,2025-07-22 01:00:00,L,0.8918,0.8812472027420196,0.8812472027420196,0.9181819931449511,-1.0,-1.093,sl,27
2025-07-22 01:45:00,2025-07-22 04:50:00,L,0.8956,0.8636111534607931,0.8636111534607931,0.9755721163480171,-1.0,-1.031,sl,37
2025-07-22 04:55:00,2025-07-22 12:55:00,S,0.8607,0.8767,0.8880737121965608,0.792265719508598,-0.585,-0.619,time,96
2025-07-22 15:05:00,2025-07-22 23:05:00,L,0.8857,0.8973,0.8559410241562181,0.9600974396094549,0.39,0.357,time,96
2025-07-22 23:10:00,2025-07-23 00:50:00,L,0.8973,0.891270525530309,0.891270525530309,0.9123736861742273,-1.0,-1.164,sl,20
2025-07-23 06:25:00,2025-07-23 12:55:00,S,0.8743,0.8430088825413902,0.8868164469834439,0.8430088825413902,2.5,2.423,tp,78
2025-07-23 13:00:00,2025-07-23 21:00:00,S,0.8347,0.8104,0.8638635229802472,0.7617911925493821,0.833,0.802,time,96
2025-07-23 21:30:00,2025-07-23 22:20:00,S,0.7935,0.8117671666346206,0.8117671666346206,0.7478320834134485,-1.0,-1.048,sl,10
2025-07-24 04:25:00,2025-07-24 06:40:00,S,0.8107,0.7742000735327041,0.8252999705869183,0.7742000735327041,2.5,2.439,tp,27
2025-07-24 06:45:00,2025-07-24 08:10:00,S,0.7695,0.799316516355147,0.799316516355147,0.6949587091121323,-1.0,-1.028,sl,17
2025-07-24 22:10:00,2025-07-25 06:10:00,S,0.8104,0.7944,0.824364699763202,0.7754882505919949,1.146,1.082,time,96
2025-07-25 14:10:00,2025-07-25 21:10:00,S,0.7992,0.8100478211642921,0.8100478211642921,0.7720804470892699,-1.0,-1.081,sl,84
2025-07-25 21:15:00,2025-07-26 05:15:00,L,0.8115,0.8227,0.7932375869856402,0.8571560325358996,0.613,0.564,time,96
2025-07-26 09:45:00,2025-07-26 11:20:00,L,0.8261,0.8217564611138222,0.8217564611138222,0.8369588472154443,-1.0,-1.209,sl,19
2025-07-26 14:15:00,2025-07-26 17:45:00,L,0.833,0.8255413925235104,0.8255413925235104,0.8516465186912238,-1.0,-1.123,sl,42
2025-07-26 22:10:00,2025-07-26 23:05:00,L,0.8318,0.8232313075022103,0.8232313075022103,0.8532217312444742,-1.0,-1.107,sl,11
2025-07-26 23:10:00,2025-07-27 04:50:00,S,0.8224,0.833005809091938,0.833005809091938,0.7958854772701551,-1.0,-1.085,sl,68
2025-07-27 05:40:00,2025-07-27 06:25:00,L,0.8395,0.8305330400930997,0.8305330400930997,0.8619173997672509,-1.0,-1.103,sl,9
2025-07-27 08:10:00,2025-07-27 10:45:00,S,0.8231,0.82919940517059,0.82919940517059,0.8078514870735252,-1.0,-1.148,sl,31
2025-07-27 10:50:00,2025-07-27 18:50:00,L,0.8301,0.8263,0.8138707676503961,0.8706730808740095,-0.234,-0.29,time,96
2025-07-27 22:05:00,2025-07-28 01:30:00,L,0.8347,0.8253628898348251,0.8253628898348251,0.8580427754129373,-1.0,-1.098,sl,41
2025-07-28 02:35:00,2025-07-28 10:35:00,L,0.8431,0.8285,0.8238307606964672,0.8912730982588318,-0.758,-0.806,time,96
2025-07-28 13:25:00,2025-07-28 21:25:00,S,0.8206,0.7917,0.8350871514210009,0.7843821214474977,1.995,1.933,time,96
2025-07-28 21:30:00,2025-07-28 21:40:00,S,0.7917,0.7966303812743672,0.7966303812743672,0.7793740468140817,-1.0,-1.177,sl,2
2025-07-28 22:45:00,2025-07-29 00:15:00,S,0.789,0.7991079560724381,0.7991079560724381,0.7637301098189049,-1.0,-1.086,sl,18
2025-07-29 00:45:00,2025-07-29 06:25:00,S,0.7858,0.800612735142938,0.800612735142938,0.7487681621426553,-1.0,-1.058,sl,68
2025-07-29 10:05:00,2025-07-29 12:40:00,S,0.8001,0.8044371499240596,0.8044371499240596,0.7892571251898512,-1.0,-1.203,sl,31
2025-07-29 14:05:00,2025-07-29 22:05:00,S,0.7868,0.779,0.8041476373953426,0.7434309065116438,0.45,0.4,time,96
2025-07-30 05:05:00,2025-07-30 11:15:00,S,0.7805,0.7621912045649814,0.7878235181740074,0.7621912045649814,2.5,2.383,tp,74
2025-07-30 11:20:00,2025-07-30 14:50:00,S,0.7626,0.7758395108423669,0.7758395108423669,0.7295012228940825,-1.0,-1.063,sl,42
2025-07-30 18:45:00,2025-07-30 19:00:00,S,0.7695,0.7455313099747155,0.7790874760101137,0.7455313099747155,2.5,2.412,tp,3
2025-07-30 19:05:00,2025-07-31 03:05:00,S,0.7434,0.7758,0.7792646815274046,0.6537382961814884,-0.903,-0.926,time,96
2025-07-31 04:40:00,2025-07-31 11:50:00,L,0.7818,0.7767067356489602,0.7767067356489602,0.7945331608775996,-1.0,-1.169,sl,86
2025-07-31 11:55:00,2025-07-31 15:10:00,S,0.7765,0.7527423609667189,0.7860030556133124,0.7527423609667189,2.5,2.41,tp,39
2025-07-31 15:15:00,2025-07-31 16:15:00,S,0.756,0.7654887633535611,0.7654887633535611,0.7322780916160974,-1.0,-1.088,sl,12
2025-07-31 18:10:00,2025-08-01 00:50:00,S,0.7527,0.7190701053364166,0.7661519578654334,0.7190701053364166,2.5,2.438,tp,80
2025-08-01 00:55:00,2025-08-01 08:55:00,S,0.7278,0.7174,0.7414888494464397,0.6935778763839009,0.76,0.701,time,96
2025-08-01 13:50:00,2025-08-01 14:25:00,S,0.7128,0.7318326124543694,0.7318326124543694,0.6652184688640765,-1.0,-1.041,sl,7
2025-08-01 18:05:00,2025-08-01 18:30:00,S,0.7186,0.7294067140130002,0.7294067140130002,0.6915832149674996,-1.0,-1.073,sl,5
2025-08-01 20:45:00,2025-08-02 04:45:00,S,0.7173,0.7258,0.7339646239729927,0.6756384400675185,-0.51,-0.557,time,96
2025-08-02 06:20:00,2025-08-02 14:20:00,S,0.7172,0.7091,0.727570552746989,0.6912736181325273,0.781,0.705,time,96
2025-08-02 14:35:00,2025-08-02 22:35:00,S,0.7058,0.7012,0.717171139062559,0.6773721523436024,0.405,0.336,time,96
2025-08-02 23:30:00,2025-08-03 01:25:00,S,0.6917,0.705006863146696,0.705006863146696,0.6584328421332599,-1.0,-1.057,sl,23
2025-08-03 07:05:00,2025-08-03 15:05:00,L,0.7208,0.7223,0.7116373929812864,0.7437065175467841,0.164,0.077,time,96
2025-08-03 23:20:00,2025-08-04 07:20:00,L,0.7307,0.7355,0.7214934791257682,0.7537163021855795,0.521,0.434,time,96
2025-08-04 07:40:00,2025-08-04 14:25:00,L,0.7379,0.7540919100185587,0.7314232359925765,0.7540919100185587,2.5,2.375,tp,81
2025-08-04 14:30:00,2025-08-04 22:30:00,L,0.7542,0.7549,0.735647213057885,0.8005819673552873,0.038,-0.007,time,96
2025-08-04 23:00:00,2025-08-05 00:10:00,L,0.7573,0.7512120648212876,0.7512120648212876,0.772519837946781,-1.0,-1.137,sl,14
2025-08-05 01:00:00,2025-08-05 03:05:00,L,0.7579,0.7509144916712704,0.7509144916712704,0.775363770821824,-1.0,-1.119,sl,25
2025-08-05 07:35:00,2025-08-05 10:15:00,S,0.7378,0.749420301934082,0.749420301934082,0.708749245164795,-1.0,-1.07,sl,32
2025-08-05 10:20:00,2025-08-05 12:35:00,L,0.7487,0.7385862399137074,0.7385862399137074,0.7739844002157316,-1.0,-1.081,sl,27
2025-08-05 12:40:00,2025-08-05 20:40:00,S,0.738,0.7229,0.7539565841728941,0.6981085395677646,0.946,0.895,time,96
2025-08-05 21:55:00,2025-08-05 23:00:00,S,0.7183,0.7237793631599807,0.7237793631599807,0.7046015921000484,-1.0,-1.144,sl,13
2025-08-06 01:40:00,2025-08-06 05:15:00,S,0.7168,0.7240263610221467,0.7240263610221467,0.6987340974446332,-1.0,-1.109,sl,43
2025-08-06 12:20:00,2025-08-06 14:00:00,S,0.7244,0.7293572462163578,0.7293572462163578,0.7120068844591056,-1.0,-1.161,sl,20
2025-08-06 15:55:00,2025-08-06 23:55:00,L,0.7382,0.7409,0.7277234935907865,0.7643912660230336,0.258,0.18,time,96
2025-08-07 05:50:00,2025-08-07 10:00:00,L,0.738,0.7483376880965933,0.7338649247613627,0.7483376880965933,2.5,2.304,tp,50
2025-08-07 10:05:00,2025-08-07 12:00:00,L,0.7489,0.7731803076894634,0.7391878769242146,0.7731803076894634,2.5,2.415,tp,23
2025-08-07 12:05:00,2025-08-07 14:20:00,L,0.7718,0.7614441603644378,0.7614441603644378,0.7976895990889055,-1.0,-1.082,sl,27
2025-08-07 19:50:00,2025-08-08 00:35:00,L,0.7642,0.7976927624459313,0.7508028950216274,0.7976927624459313,2.5,2.437,tp,57
2025-08-08 00:40:00,2025-08-08 08:40:00,L,0.7944,0.7968,0.7770246914316395,0.8378382714209012,0.138,0.088,time,96
2025-08-08 11:20:00,2025-08-08 12:05:00,L,0.804,0.7968698109014462,0.7968698109014462,0.8218254727463847,-1.0,-1.124,sl,9
2025-08-08 14:10:00,2025-08-08 14:35:00,L,0.8021,0.7868095402315343,0.7868095402315343,0.8403261494211645,-1.0,-1.058,sl,5
2025-08-08 17:40:00,2025-08-09 01:40:00,L,0.7989,0.7979,0.7798671721524636,0.8464820696188412,-0.053,-0.099,time,96
2025-08-09 01:45:00,2025-08-09 09:45:00,L,0.7979,0.8144,0.7896274750443995,0.8185813123890016,1.995,1.888,time,96
2025-08-09 10:15:00,2025-08-09 11:20:00,L,0.8164,0.8076913265865532,0.8076913265865532,0.838171683533617,-1.0,-1.103,sl,13
2025-08-09 12:40:00,2025-08-09 13:45:00,L,0.8161,0.8039284820277096,0.8039284820277096,0.8465287949307261,-1.0,-1.074,sl,13
2025-08-09 17:30:00,2025-08-09 21:30:00,L,0.8161,0.8061920444500412,0.8061920444500412,0.8408698888748971,-1.0,-1.091,sl,48
2025-08-10 02:00:00,2025-08-10 04:45:00,L,0.8137,0.8323807422136333,0.8062277031145466,0.8323807422136333,2.5,2.38,tp,33
2025-08-10 04:50:00,2025-08-10 05:25:00,L,0.8317,0.8191889580736579,0.8191889580736579,0.8629776048158553,-1.0,-1.073,sl,7
2025-08-10 07:35:00,2025-08-10 15:35:00,S,0.8026,0.8021,0.812193391169166,0.7786165220770849,0.052,-0.04,time,96
2025-08-10 18:10:00,2025-08-10 20:20:00,L,0.8057,0.7985076347706032,0.7985076347706032,0.823680913073492,-1.0,-1.123,sl,26
2025-08-10 20:25:00,2025-08-11 01:30:00,S,0.7973,0.8071465737631727,0.8071465737631727,0.7726835655920683,-1.0,-1.089,sl,61
2025-08-11 01:35:00,2025-08-11 09:35:00,L,0.8103,0.8153,0.7982325625827942,0.8404685935430146,0.414,0.34,time,96
2025-08-11 11:10:00,2025-08-11 19:10:00,S,0.8044,0.79,0.8146181645809445,0.7788545885476388,1.409,1.323,time,96
2025-08-11 19:55:00,2025-08-12 03:55:00,S,0.7814,0.7813,0.7946239103135252,0.748340224216187,0.008,-0.057,time,96
2025-08-12 05:20:00,2025-08-12 12:30:00,S,0.7773,0.7888208879517506,0.7888208879517506,0.7484977801206234,-1.0,-1.074,sl,86
2025-08-12 12:45:00,2025-08-12 19:10:00,L,0.7925,0.8457342031680116,0.7712063187327953,0.8457342031680116,2.5,2.459,tp,77
2025-08-12 19:15:00,2025-08-13 03:15:00,L,0.8456,0.8495,0.8294285087508624,0.8860287281228441,0.241,0.184,time,96
2025-08-13 03:40:00,2025-08-13 05:50:00,L,0.8544,0.8403875138617809,0.8403875138617809,0.8894312153455479,-1.0,-1.067,sl,26
2025-08-13 08:00:00,2025-08-13 16:00:00,L,0.859,0.8688,0.8445880641534216,0.895029839616446,0.68,0.614,time,96
2025-08-13 21:05:00,2025-08-13 23:00:00,L,0.8856,0.9059045590281256,0.8774781763887498,0.9059045590281256,2.5,2.38,tp,23
2025-08-13 23:05:00,2025-08-14 05:05:00,L,0.9166,1.001418382091403,0.8826726471634387,1.001418382091403,2.5,2.47,tp,72
2025-08-14 05:10:00,2025-08-14 06:00:00,L,1.0068,0.979794544542217,0.979794544542217,1.0743136386444572,-1.0,-1.041,sl,10
2025-08-14 06:50:00,2025-08-14 10:40:00,L,1.0147,0.9746823726406578,0.9746823726406578,1.1147440683983552,-1.0,-1.028,sl,46
2025-08-14 18:15:00,2025-08-14 22:45:00,S,0.8981,0.9140443854041916,0.9140443854041916,0.8582390364895209,-1.0,-1.062,sl,54
2025-08-14 22:50:00,2025-08-15 06:50:00,L,0.9179,0.958,0.8822179818763463,1.0071050453091346,1.124,1.096,time,96
2025-08-15 22:35:00,2025-08-16 06:35:00,L,0.9475,0.9506,0.9273902974150313,0.9977742564624217,0.154,0.102,time,96
2025-08-16 06:55:00,2025-08-16 09:45:00,L,0.9662,0.9430390349408058,0.9430390349408058,1.0241024126479854,-1.0,-1.046,sl,34
2025-08-16 09:50:00,2025-08-16 17:50:00,S,0.9431,0.9108,0.964814522262289,0.8888136943442776,1.487,1.44,time,96
2025-08-17 00:25:00,2025-08-17 03:00:00,S,0.9135,0.9212299768126564,0.9212299768126564,0.8941750579683589,-1.0,-1.13,sl,31
2025-08-17 03:05:00,2025-08-17 04:45:00,L,0.9233,0.959153870280741,0.9089584518877036,0.959153870280741,2.5,2.429,tp,20
2025-08-17 04:50:00,2025-08-17 12:50:00,L,0.9567,0.9619,0.9362384881134017,1.0078537797164957,0.254,0.203,time,96
2025-08-17 15:55:00,2025-08-17 16:15:00,L,0.9741,0.9640326996280035,0.9640326996280035,0.999268250929991,-1.0,-1.106,sl,4
2025-08-17 22:40:00,2025-08-18 01:05:00,L,0.9622,0.9507094825898528,0.9507094825898528,0.9909262935253682,-1.0,-1.092,sl,29
2025-08-18 01:10:00,2025-08-18 03:30:00,S,0.9532,0.9149236741708954,0.9685105303316419,0.9149236741708954,2.5,2.432,tp,28
2025-08-18 03:35:00,2025-08-18 11:35:00,S,0.9175,0.9095,0.9322326443205776,0.8806683891985558,0.543,0.475,time,96
2025-08-18 11:55:00,2025-08-18 12:55:00,S,0.8964,0.9125522438558861,0.9125522438558861,0.8560193903602847,-1.0,-1.061,sl,12
2025-08-19 03:55:00,2025-08-19 05:50:00,S,0.9013,0.9260464511599672,0.9260464511599672,0.839433872100082,-1.0,-1.04,sl,23
2025-08-19 06:20:00,2025-08-19 14:20:00,L,0.9289,0.9118,0.9053553742102672,0.9877615644743317,-0.726,-0.77,time,96
2025-08-19 14:25:00,2025-08-19 18:00:00,S,0.9118,0.8610349448663528,0.9321060220534589,0.8610349448663528,2.5,2.451,tp,43
2025-08-19 18:05:00,2025-08-20 02:05:00,S,0.8616,0.848,0.8745356954839631,0.8292607612900922,1.051,0.978,time,96
2025-08-20 11:45:00,2025-08-20 12:00:00,S,0.8384,0.8592783066933698,0.8592783066933698,0.7862042332665756,-1.0,-1.044,sl,3
2025-08-20 17:45:00,2025-08-20 18:15:00,L,0.8852,0.8724944182726468,0.8724944182726468,0.9169639543183828,-1.0,-1.077,sl,6
2025-08-20 19:50:00,2025-08-21 02:35:00,L,0.8882,0.8697417330803066,0.8697417330803066,0.9343456672992336,-1.0,-1.053,sl,81
2025-08-21 02:40:00,2025-08-21 03:15:00,S,0.8697,0.8919822032740585,0.8919822032740585,0.8139944918148538,-1.0,-1.043,sl,7
2025-08-21 03:20:00,2025-08-21 07:20:00,L,0.8862,0.8682233520004873,0.8682233520004873,0.9311416199987818,-1.0,-1.054,sl,48
2025-08-21 12:20:00,2025-08-21 12:30:00,S,0.8647,0.8737129920064728,0.8737129920064728,0.8421675199838181,-1.0,-1.106,sl,2
2025-08-21 15:20:00,2025-08-21 23:20:00,S,0.8627,0.8475,0.8797169261821304,0.8201576845446741,0.893,0.837,time,96
2025-08-22 01:10:00,2025-08-22 02:15:00,S,0.8442,0.8599735843989066,0.8599735843989066,0.8047660390027334,-1.0,-1.059,sl,13
2025-08-22 09:40:00,2025-08-22 12:30:00,S,0.8492,0.8247759644931942,0.8589696142027222,0.8247759644931942,2.5,2.404,tp,34
2025-08-22 12:35:00,2025-08-22 13:40:00,S,0.823,0.8405617093320809,0.8405617093320809,0.7790957266697978,-1.0,-1.052,sl,13
2025-08-22 14:05:00,2025-08-22 22:05:00,L,0.8711,0.9316,0.8277648490157885,0.9794378774605287,1.396,1.374,time,96
2025-08-23 05:20:00,2025-08-23 13:20:00,L,0.9154,0.9113,0.9013783785709182,0.9504540535727045,-0.292,-0.364,time,96
2025-08-23 23:00:00,2025-08-24 06:15:00,L,0.9146,0.9085400458833224,0.9085400458833224,0.9297498852916939,-1.0,-1.166,sl,87
2025-08-24 06:25:00,2025-08-24 14:25:00,S,0.908,0.8938,0.9188421679194565,0.8808945802013588,1.31,1.218,time,96
2025-08-24 17:20:00,2025-08-24 18:45:00,L,0.9085,0.9408709394959034,0.8955516242016386,0.9408709394959034,2.5,2.423,tp,17
2025-08-24 18:50:00,2025-08-24 19:35:00,L,0.9433,0.9170268621908148,0.9170268621908148,1.0089828445229632,-1.0,-1.039,sl,9
2025-08-25 00:45:00,2025-08-25 02:15:00,S,0.8916,0.9172286743903018,0.9172286743903018,0.8275283140242454,-1.0,-1.038,sl,18
2025-08-25 02:20:00,2025-08-25 06:05:00,L,0.9199,0.8939017606664861,0.8939017606664861,0.984895598333785,-1.0,-1.039,sl,45
2025-08-25 06:10:00,2025-08-25 14:10:00,S,0.8908,0.8686,0.9128262611017144,0.8357343472457142,1.008,0.963,time,96
2025-08-25 19:40:00,2025-08-26 03:40:00,S,0.8575,0.8372,0.8735458802296898,0.8173852994257755,1.265,1.206,time,96
2025-08-26 12:15:00,2025-08-26 12:35:00,S,0.8326,0.8444557629942981,0.8444557629942981,0.8029605925142547,-1.0,-1.077,sl,4
2025-08-26 18:25:00,2025-08-27 02:25:00,L,0.8612,0.8634,0.8520567440666378,0.8840581398334054,0.241,0.137,time,96
2025-08-27 03:50:00,2025-08-27 07:15:00,L,0.8707,0.8578053092891584,0.8578053092891584,0.902936726777104,-1.0,-1.074,sl,41
2025-08-27 07:20:00,2025-08-27 09:30:00,S,0.8566,0.8663085138621912,0.8663085138621912,0.832328715344522,-1.0,-1.097,sl,26
2025-08-27 14:35:00,2025-08-27 20:05:00,L,0.8749,0.8542138410587459,0.8542138410587459,0.9266153973531354,-1.0,-1.047,sl,66
2025-08-27 22:05:00,2025-08-28 04:50:00,S,0.8498,0.8707403314572911,0.8707403314572911,0.7974491713567722,-1.0,-1.045,sl,81
2025-08-28 04:55:00,2025-08-28 12:55:00,L,0.871,0.8695,0.855899333260763,0.9087516668480926,-0.099,-0.163,time,96
2025-08-28 15:50:00,2025-08-28 23:50:00,S,0.8557,0.8572,0.8724584775229733,0.8138038061925668,-0.09,-0.146,time,96
2025-08-29 01:15:00,2025-08-29 09:15:00,S,0.8485,0.8214,0.8662343438160411,0.8041641404598973,1.528,1.475,time,96
2025-08-29 13:50:00,2025-08-29 21:50:00,S,0.8283,0.8234,0.8425597537451093,0.7926506156372269,0.344,0.28,time,96
2025-08-30 02:00:00,2025-08-30 03:15:00,S,0.8135,0.8295838567275656,0.8295838567275656,0.7732903581810859,-1.0,-1.056,sl,15
2025-08-30 09:35:00,2025-08-30 12:25:00,S,0.8309,0.8157901603058073,0.836943935877677,0.8157901603058073,2.5,2.349,tp,34
2025-08-30 12:30:00,2025-08-30 20:30:00,S,0.8162,0.817,0.8281214810486508,0.7863962973783731,-0.067,-0.142,time,96
2025-08-31 00:05:00,2025-08-31 00:45:00,L,0.8231,0.831666714663495,0.8196733141346021,0.831666714663495,2.5,2.236,tp,8
2025-08-31 00:50:00,2025-08-31 08:50:00,L,0.8305,0.8293,0.8206789850570191,0.8550525373574523,-0.122,-0.215,time,96
2025-08-31 09:00:00,2025-08-31 09:55:00,L,0.8312,0.8248369262413658,0.8248369262413658,0.8471076843965856,-1.0,-1.144,sl,11
2025-08-31 10:05:00,2025-08-31 18:05:00,S,0.8245,0.8221,0.8318547830195877,0.8061130424510308,0.326,0.203,time,96
2025-08-31 21:00:00,2025-08-31 22:40:00,L,0.8279,0.8191234003915197,0.8191234003915197,0.8498414990212008,-1.0,-1.104,sl,20
2025-08-31 22:45:00,2025-09-01 04:45:00,S,0.8194,0.7989650510086206,0.8275739795965518,0.7989650510086206,2.5,2.39,tp,72
2025-09-01 04:50:00,2025-09-01 07:20:00,S,0.8,0.8102415790901665,0.8102415790901665,0.774396052274584,-1.0,-1.086,sl,30
2025-09-01 07:25:00,2025-09-01 15:25:00,L,0.8192,0.8112,0.7975850150318384,0.873237462420404,-0.37,-0.412,time,96
2025-09-01 15:55:00,2025-09-01 20:45:00,S,0.809,0.7877622108560215,0.8174951156575915,0.7877622108560215,2.5,2.395,tp,58
2025-09-01 20:50:00,2025-09-02 02:50:00,S,0.7936,0.8122709964060555,0.8122709964060555,0.7469225089848612,-1.0,-1.047,sl,72
2025-09-02 02:55:00,2025-09-02 10:55:00,L,0.8129,0.8209,0.8027252643713871,0.838336839071532,0.786,0.698,time,96
2025-09-02 12:20:00,2025-09-02 13:35:00,S,0.8129,0.8193394700512913,0.8193394700512913,0.7968013248717717,-1.0,-1.139,sl,15
2025-09-02 13:50:00,2025-09-02 21:50:00,L,0.8224,0.8313,0.7993834155164538,0.8799414612088656,0.387,0.347,time,96
2025-09-02 22:45:00,2025-09-03 01:25:00,L,0.8318,0.8271941963712396,0.8271941963712396,0.843314509071901,-1.0,-1.199,sl,32
2025-09-03 02:05:00,2025-09-03 07:15:00,L,0.8361,0.8259167088259737,0.8259167088259737,0.8615582279350656,-1.0,-1.09,sl,62
2025-09-03 08:20:00,2025-09-03 16:20:00,L,0.8346,0.8407,0.8253902330651146,0.8576244173372135,0.662,0.563,time,96
2025-09-04 02:20:00,2025-09-04 05:20:00,S,0.8314,0.8171837980803899,0.8370864807678441,0.8171837980803899,2.5,2.339,tp,36
2025-09-04 05:25:00,2025-09-04 13:25:00,S,0.8179,0.8165,0.8271204103642965,0.7948489740892586,0.152,0.054,time,96
2025-09-04 14:05:00,2025-09-04 22:05:00,S,0.8108,0.8122,0.819593207202716,0.7888169819932098,-0.159,-0.261,time,96
2025-09-05 00:30:00,2025-09-05 01:40:00,S,0.809,0.8149828899311072,0.8149828899311072,0.7940427751722321,-1.0,-1.149,sl,14
2025-09-05 07:05:00,2025-09-05 12:30:00,L,0.8209,0.8377491619171329,0.8141603352331468,0.8377491619171329,2.5,2.366,tp,65
2025-09-05 12:35:00,2025-09-05 14:15:00,L,0.8466,0.8285798482812486,0.8285798482812486,0.8916503792968784,-1.0,-1.052,sl,20
2025-09-05 14:30:00,2025-09-05 22:30:00,S,0.8272,0.8317,0.846161470750135,0.7797963231246625,-0.237,-0.285,time,96
2025-09-06 01:20:00,2025-09-06 02:10:00,L,0.8351,0.8300795296856117,0.8300795296856117,0.8476511757859706,-1.0,-1.183,sl,10
2025-09-06 05:05:00,2025-09-06 13:05:00,S,0.8265,0.8243,0.8334286775233677,0.8091783061915808,0.318,0.186,time,96
2025-09-06 16:25:00,2025-09-07 00:25:00,S,0.8215,0.819,0.8270144421750397,0.8077138945624007,0.453,0.289,time,96
2025-09-07 01:30:00,2025-09-07 09:30:00,L,0.8229,0.8271,0.8181893809850249,0.8346765475374376,0.892,0.699,time,96
2025-09-07 11:45:00,2025-09-07 13:10:00,L,0.8315,0.827810521413465,0.827810521413465,0.8407236964663376,-1.0,-1.248,sl,17
2025-09-07 14:10:00,2025-09-07 17:50:00,L,0.8354,0.8259750203116779,0.8259750203116779,0.8589624492208053,-1.0,-1.098,sl,44
2025-09-07 18:35:00,2025-09-07 19:40:00,S,0.8246,0.8306371208664539,0.8306371208664539,0.8095071978338653,-1.0,-1.15,sl,13
2025-09-07 21:00:00,2025-09-08 03:35:00,L,0.832,0.845364845571839,0.8266540617712643,0.845364845571839,2.5,2.329,tp,79
2025-09-08 03:40:00,2025-09-08 05:35:00,L,0.8464,0.83394259232045,0.83394259232045,0.8775435191988752,-1.0,-1.075,sl,23
2025-09-08 07:30:00,2025-09-08 13:15:00,L,0.8444,0.8619322513577017,0.8373870994569194,0.8619322513577017,2.5,2.368,tp,69
2025-09-08 13:20:00,2025-09-08 21:20:00,L,0.8599,0.8647,0.8500046963401231,0.8846382591496922,0.485,0.389,time,96
2025-09-08 23:05:00,2025-09-08 23:30:00,L,0.8681,0.8638404605459394,0.8638404605459394,0.8787488486351513,-1.0,-1.224,sl,5
2025-09-09 00:05:00,2025-09-09 02:05:00,L,0.8691,0.8620952475618187,0.8620952475618187,0.8866118810954533,-1.0,-1.136,sl,24
2025-09-09 06:05:00,2025-09-09 07:15:00,L,0.8696,0.8876598085159967,0.8623760765936014,0.8876598085159967,2.5,2.368,tp,14
2025-09-09 07:20:00,2025-09-09 14:00:00,L,0.8896,0.875570530871097,0.875570530871097,0.9246736728222572,-1.0,-1.07,sl,80
2025-09-09 15:15:00,2025-09-09 23:15:00,S,0.8625,0.8642,0.8829247015285199,0.8114382461787004,-0.083,-0.13,time,96
2025-09-10 02:05:00,2025-09-10 10:05:00,L,0.8705,0.8748,0.8589627837846265,0.8993430405384338,0.373,0.29,time,96
2025-09-10 12:35:00,2025-09-10 19:35:00,L,0.8848,0.8723237444854371,0.8723237444854371,0.9159906387864072,-1.0,-1.078,sl,84
2025-09-10 22:00:00,2025-09-11 06:00:00,L,0.8854,0.8843,0.8778368469314957,0.9043078826712607,-0.145,-0.274,time,96
2025-09-11 12:30:00,2025-09-11 12:30:00,L,0.896,0.8815968101718616,0.8815968101718616,0.932007974570346,-1.0,-1.068,sl,0
2025-09-11 12:35:00,2025-09-11 20:35:00,L,0.8759,0.8817,0.8650385322342008,0.903053669414498,0.534,0.445,time,96
2025-09-11 22:25:00,2025-09-12 00:50:00,L,0.8892,0.9091578435797851,0.881216862568086,0.9091578435797851,2.5,2.377,tp,29
2025-09-12 00:55:00,2025-09-12 08:55:00,L,0.9049,0.8956,0.8905467225110064,0.9407831937224841,-0.648,-0.717,time,96
2025-09-12 14:30:00,2025-09-12 22:30:00,L,0.8943,0.9167,0.883884544935724,0.9203386376606899,2.151,2.056,time,96
2025-09-12 22:35:00,2025-09-13 06:35:00,L,0.9167,0.9278,0.9021209591000265,0.9531476022499334,0.761,0.692,time,96
2025-09-13 08:40:00,2025-09-13 09:50:00,L,0.9319,0.9490731125702643,0.9250307549718942,0.9490731125702643,2.5,2.351,tp,14
2025-09-13 09:55:00,2025-09-13 13:50:00,L,0.9495,0.9328569498979945,0.9328569498979945,0.9911076252550137,-1.0,-1.063,sl,47
2025-09-13 20:15:00,2025-09-14 00:45:00,L,0.9307,0.9230131689204412,0.9230131689204412,0.949917077698897,-1.0,-1.133,sl,54
2025-09-14 04:20:00,2025-09-14 12:20:00,S,0.911,0.9031,0.9242715700483014,0.8778210748792465,0.595,0.52,time,96
2025-09-14 12:40:00,2025-09-14 20:40:00,S,0.8988,0.891,0.9073597459596972,0.8774006351007573,0.911,0.796,time,96
2025-09-15 01:25:00,2025-09-15 02:00:00,S,0.8818,0.8932624065691845,0.8932624065691845,0.8531439835770387,-1.0,-1.085,sl,7
2025-09-15 06:35:00,2025-09-15 08:00:00,S,0.8899,0.8595822565060134,0.9020270973975947,0.8595822565060134,2.5,2.419,tp,17
2025-09-15 08:05:00,2025-09-15 16:05:00,S,0.8649,0.8566,0.8936651622544113,0.7929870943639719,0.289,0.255,time,96
2025-09-16 13:45:00,2025-09-16 17:10:00,S,0.8657,0.8753565034693862,0.8753565034693862,0.8415587413265346,-1.0,-1.099,sl,41
2025-09-16 17:25:00,2025-09-17 01:25:00,L,0.8797,0.8804,0.8659659816607258,0.9140350458481856,0.051,-0.019,time,96
2025-09-17 02:55:00,2025-09-17 03:50:00,L,0.8809,0.8744059180971604,0.8744059180971604,0.8971352047570991,-1.0,-1.149,sl,11
2025-09-17 03:55:00,2025-09-17 07:15:00,S,0.8741,0.8834137893817778,0.8834137893817778,0.8508155265455554,-1.0,-1.103,sl,40
2025-09-17 07:20:00,2025-09-17 08:05:00,L,0.886,0.8761913061790129,0.8761913061790129,0.9105217345524679,-1.0,-1.099,sl,9
2025-09-17 09:25:00,2025-09-17 14:25:00,S,0.8739,0.8664511925313632,0.8768795229874548,0.8664511925313632,2.5,2.177,tp,60
2025-09-17 14:35:00,2025-09-17 17:40:00,S,0.866,0.8739781540097171,0.8739781540097171,0.8460546149757071,-1.0,-1.119,sl,37
2025-09-17 20:05:00,2025-09-18 04:05:00,L,0.8858,0.9158,0.8657885524196244,0.9358286189509392,1.499,1.45,time,96
2025-09-18 08:25:00,2025-09-18 16:25:00,L,0.9157,0.9247,0.9010927674528504,0.9522180813678739,0.616,0.547,time,96
2025-09-18 18:40:00,2025-09-18 19:35:00,L,0.9336,0.9264425618424147,0.9264425618424147,0.9514935953939632,-1.0,-1.143,sl,11
2025-09-19 00:35:00,2025-09-19 03:40:00,L,0.932,0.9212244355638408,0.9212244355638408,0.9589389110903981,-1.0,-1.095,sl,37
2025-09-19 06:35:00,2025-09-19 14:35:00,S,0.9072,0.9002,0.917589196747661,0.8812270081308474,0.674,0.578,time,96
2025-09-19 15:10:00,2025-09-19 23:10:00,S,0.8945,0.8904,0.9091709813206498,0.8578225466983754,0.279,0.212,time,96
2025-09-19 23:25:00,2025-09-20 05:25:00,S,0.8877,0.8975790056375405,0.8975790056375405,0.863002485906149,-1.0,-1.099,sl,72
2025-09-20 06:40:00,2025-09-20 08:50:00,L,0.9015,0.8963538706401993,0.8963538706401993,0.9143653233995015,-1.0,-1.193,sl,26
2025-09-20 08:55:00,2025-09-20 16:55:00,S,0.8954,0.8985,0.9067903104488545,0.8669242238778636,-0.272,-0.359,time,96
2025-09-20 18:05:00,2025-09-21 02:05:00,S,0.891,0.8932,0.8990881840620593,0.8707795398448519,-0.272,-0.393,time,96
2025-09-21 06:10:00,2025-09-21 08:15:00,L,0.9014,0.8962741624548567,0.8962741624548567,0.9142145938628582,-1.0,-1.193,sl,25
2025-09-21 08:20:00,2025-09-21 09:25:00,S,0.896,0.8829346346523865,0.9012261461390454,0.8829346346523865,2.5,2.311,tp,13
2025-09-21 09:30:00,2025-09-21 17:30:00,S,0.8823,0.8774,0.8952310744698956,0.849972313825261,0.379,0.304,time,96
2025-09-22 00:25:00,2025-09-22 00:30:00,S,0.88,0.8613868359572596,0.8874452656170961,0.8613868359572596,2.5,2.37,tp,1
2025-09-22 00:35:00,2025-09-22 06:00:00,S,0.8673,0.816354779007897,0.8876780883968411,0.816354779007897,2.5,2.453,tp,65
2025-09-22 06:05:00,2025-09-22 14:05:00,S,0.7997,0.8293,0.8540629318359166,0.6637926704102083,-0.544,-0.561,time,96
2025-09-22 15:45:00,2025-09-22 23:45:00,S,0.8206,0.8243,0.8297567798194023,0.7977080504514942,-0.404,-0.503,time,96
2025-09-23 01:00:00,2025-09-23 03:05:00,S,0.8217,0.8035262119274256,0.8289695152290297,0.8035262119274256,2.5,2.376,tp,25
2025-09-23 03:10:00,2025-09-23 03:30:00,S,0.8048,0.8200837790568977,0.8200837790568977,0.7665905523577556,-1.0,-1.058,sl,4
2025-09-23 11:10:00,2025-09-23 12:45:00,S,0.8192,0.8243758539184727,0.8243758539184727,0.8062603652038185,-1.0,-1.174,sl,19
2025-09-23 18:35:00,2025-09-24 02:35:00,S,0.8141,0.8104,0.8196590046343004,0.8002024884142491,0.666,0.504,time,96
2025-09-24 03:25:00,2025-09-24 05:35:00,S,0.8052,0.8125603308177691,0.8125603308177691,0.7867991729555772,-1.0,-1.12,sl,26
2025-09-24 14:50:00,2025-09-24 20:40:00,L,0.8269,0.816251476352497,0.816251476352497,0.8535213091187575,-1.0,-1.085,sl,70
2025-09-24 20:45:00,2025-09-25 01:50:00,S,0.8183,0.8013110609932577,0.825095575602697,0.8013110609932577,2.5,2.368,tp,61
2025-09-25 01:55:00,2025-09-25 02:30:00,S,0.8017,0.8098653259588139,0.8098653259588139,0.7812866851029652,-1.0,-1.108,sl,7
2025-09-25 03:25:00,2025-09-25 11:25:00,S,0.7973,0.7832,0.8123999595654247,0.7595501010864384,0.934,0.876,time,96
2025-09-25 11:50:00,2025-09-25 12:45:00,S,0.781,0.7879406325855132,0.7879406325855132,0.7636484185362171,-1.0,-1.124,sl,11
2025-09-25 16:45:00,2025-09-25 17:55:00,S,0.7827,0.7585830614873961,0.7923467754050415,0.7585830614873961,2.5,2.411,tp,14
2025-09-25 18:00:00,2025-09-25 19:05:00,S,0.758,0.778015025621174,0.778015025621174,0.7079624359470651,-1.0,-1.042,sl,13
2025-09-25 21:40:00,2025-09-25 22:10:00,S,0.7622,0.7721302243553279,0.7721302243553279,0.7373744391116803,-1.0,-1.084,sl,6
2025-09-26 06:15:00,2025-09-26 14:15:00,S,0.7713,0.7739,0.77933396310963,0.751215092225925,-0.324,-0.429,time,96
2025-09-26 17:05:00,2025-09-27 01:05:00,L,0.7837,0.7911,0.7735360269373459,0.8091099326566351,0.728,0.643,time,96
2025-09-27 03:40:00,2025-09-27 05:10:00,L,0.793,0.7883795300589265,0.7883795300589265,0.8045511748526839,-1.0,-1.189,sl,18
2025-09-27 07:40:00,2025-09-27 15:40:00,S,0.7827,0.7838,0.7911727132853746,0.7615182167865633,-0.13,-0.231,time,96
2025-09-27 17:15:00,2025-09-27 22:15:00,S,0.78,0.785440361279927,0.785440361279927,0.7663990968001826,-1.0,-1.158,sl,60
2025-09-28 00:10:00,2025-09-28 08:10:00,S,0.7782,0.7713,0.7851421445807001,0.7608446385482498,0.994,0.871,time,96
2025-09-28 09:15:00,2025-09-28 13:25:00,S,0.7681,0.7724524398707693,0.7724524398707693,0.7572189003230768,-1.0,-1.194,sl,50
2025-09-28 15:05:00,2025-09-28 20:35:00,L,0.7802,0.7963324409447874,0.773747023622085,0.7963324409447874,2.5,2.367,tp,66
2025-09-28 20:40:00,2025-09-29 04:40:00,L,0.7964,0.8022,0.7882453337415803,0.8167866656460492,0.711,0.604,time,96
2025-09-29 08:30:00,2025-09-29 11:00:00,L,0.8023,0.7926127166436551,0.7926127166436551,0.8265182083908624,-1.0,-1.091,sl,30
2025-09-29 13:45:00,2025-09-29 21:45:00,L,0.801,0.8117,0.7869739948050931,0.8360650129872673,0.763,0.7,time,96
2025-09-30 07:40:00,2025-09-30 15:40:00,S,0.7937,0.7813,0.8052025503125888,0.7649436242185279,1.078,1.002,time,96
2025-09-30 19:05:00,2025-10-01 03:05:00,L,0.7916,0.8042,0.7810992606130954,0.8178518484672613,1.2,1.117,time,96
2025-10-01 08:10:00,2025-10-01 08:40:00,L,0.8054,0.8223123656272702,0.7986350537490919,0.8223123656272702,2.5,2.369,tp,6
2025-10-01 08:45:00,2025-10-01 16:45:00,L,0.8252,0.8376,0.8022301771960175,0.8826245570099563,0.54,0.5,time,96
2025-10-01 18:55:00,2025-10-02 02:55:00,L,0.8427,0.8574,0.8329254514857671,0.8671363712855822,1.504,1.409,time,96
2025-10-02 06:40:00,2025-10-02 10:05:00,L,0.8596,0.8524935402696042,0.8524935402696042,0.8773661493259896,-1.0,-1.133,sl,41
2025-10-02 16:05:00,2025-10-03 00:05:00,L,0.8545,0.8652,0.8349723070924745,0.9033192322688139,0.548,0.5,time,96
2025-10-03 13:35:00,2025-10-03 16:05:00,L,0.8576,0.8817311503739831,0.8479475398504068,0.8817311503739831,2.5,2.402,tp,30
2025-10-03 16:10:00,2025-10-04 00:10:00,L,0.8822,0.8673,0.8565096553205884,0.9464258616985288,-0.58,-0.618,time,96
2025-10-04 02:15:00,2025-10-04 10:15:00,S,0.8542,0.8461,0.8608109163169871,0.837672709207532,1.225,1.083,time,96
2025-10-04 10:40:00,2025-10-04 13:05:00,S,0.8446,0.8486765532618054,0.8486765532618054,0.8344086168454867,-1.0,-1.228,sl,29
2025-10-04 14:55:00,2025-10-04 22:55:00,S,0.8403,0.8413,0.8492883998645575,0.8178290003386064,-0.111,-0.214,time,96
2025-10-05 03:00:00,2025-10-05 11:00:00,L,0.8589,0.8634,0.8384635181156426,0.9099912047108936,0.22,0.174,time,96
2025-10-05 14:35:00,2025-10-05 18:10:00,S,0.855,0.8402333320393927,0.8609066671842429,0.8402333320393927,2.5,2.341,tp,43
2025-10-05 18:15:00,2025-10-06 02:15:00,S,0.8409,0.8381,0.8531330830713018,0.8103172923217455,0.229,0.153,time,96
2025-10-06 08:35:00,2025-10-06 15:25:00,L,0.8497,0.8767279154651842,0.8388888338139263,0.8767279154651842,2.5,2.414,tp,82
2025-10-06 15:30:00,2025-10-06 23:30:00,L,0.8796,0.8718,0.860205376845547,0.9280865578861327,-0.402,-0.452,time,96
2025-10-07 04:50:00,2025-10-07 06:35:00,L,0.8738,0.8614610313074109,0.8614610313074109,0.9046474217314728,-1.0,-1.078,sl,21
2025-10-07 06:40:00,2025-10-07 14:40:00,S,0.8618,0.8429,0.8746633807736406,0.8296415480658985,1.469,1.396,time,96
2025-10-07 14:45:00,2025-10-07 22:45:00,S,0.8429,0.824,0.8615228111124957,0.7963429722187606,1.015,0.965,time,96
2025-10-07 23:05:00,2025-10-08 01:55:00,S,0.8226,0.8278136258847753,0.8278136258847753,0.8095659352880619,-1.0,-1.174,sl,34
2025-10-08 03:25:00,2025-10-08 11:25:00,S,0.8173,0.8224,0.8296317643225175,0.7864705891937063,-0.414,-0.486,time,96
2025-10-08 17:15:00,2025-10-09 01:15:00,L,0.8341,0.83,0.8195567143931736,0.8704582140170659,-0.282,-0.345,time,96
2025-10-09 01:35:00,2025-10-09 08:25:00,S,0.8271,0.8032256347562423,0.836649746097503,0.8032256347562423,2.5,2.405,tp,82
2025-10-09 08:30:00,2025-10-09 12:35:00,S,0.8036,0.8179011397355427,0.8179011397355427,0.7678471506611433,-1.0,-1.062,sl,49
2025-10-09 14:00:00,2025-10-09 22:00:00,S,0.8073,0.812,0.8205144830995814,0.7742637922510465,-0.356,-0.423,time,96
2025-10-10 03:10:00,2025-10-10 03:25:00,S,0.8091,0.8169810570146098,0.8169810570146098,0.7893973574634757,-1.0,-1.113,sl,3
2025-10-10 07:20:00,2025-10-10 13:00:00,S,0.813,0.8205096580994591,0.8205096580994591,0.7942258547513521,-1.0,-1.119,sl,68
2025-10-10 15:00:00,2025-10-10 19:25:00,S,0.8059,0.7641131127105477,0.8226147549157808,0.7641131127105477,2.5,2.447,tp,53
2025-10-10 19:30:00,2025-10-10 20:55:00,S,0.7587,0.7027357057031764,0.7810857177187295,0.7027357057031764,2.5,2.463,tp,17
2025-10-10 21:00:00,2025-10-10 21:15:00,S,0.7157,0.5655604252494135,0.7757558299002346,0.5655604252494135,2.5,2.487,tp,3
2025-10-10 21:20:00,2025-10-11 05:20:00,S,0.3299,0.6499,0.7809198537833205,-0.7976496344583011,-0.71,-0.71,time,96
2025-10-11 12:50:00,2025-10-11 20:50:00,S,0.6517,0.621,0.666708744951255,0.6141781376218624,2.045,1.998,time,96
2025-10-11 21:00:00,2025-10-11 22:35:00,S,0.6207,0.6337516664421253,0.6337516664421253,0.5880708338946867,-1.0,-1.052,sl,19
2025-10-12 08:50:00,2025-10-12 10:00:00,S,0.6438,0.6503945760561726,0.6503945760561726,0.6273135598595687,-1.0,-1.107,sl,14
2025-10-12 13:35:00,2025-10-12 14:45:00,S,0.6405,0.6506125018806059,0.6506125018806059,0.615218745298485,-1.0,-1.07,sl,14
2025-10-12 15:10:00,2025-10-12 23:10:00,L,0.673,0.6967,0.638294331524739,0.7597641711881526,0.683,0.662,time,96
2025-10-13 03:00:00,2025-10-13 04:20:00,L,0.7103,0.7006531641645868,0.7006531641645868,0.7344170895885331,-1.0,-1.081,sl,16
2025-10-13 07:05:00,2025-10-13 11:25:00,L,0.7149,0.6958376489865364,0.6958376489865364,0.7625558775336588,-1.0,-1.041,sl,52
2025-10-13 13:35:00,2025-10-13 14:50:00,L,0.7168,0.7029654105255032,0.7029654105255032,0.7513864736862419,-1.0,-1.057,sl,15
2025-10-13 18:35:00,2025-10-14 02:35:00,L,0.7233,0.717,0.7126221748787359,0.7499945628031603,-0.59,-0.665,time,96
2025-10-14 04:35:00,2025-10-14 06:30:00,S,0.7096,0.6880585594183151,0.718216576232674,0.6880585594183151,2.5,2.409,tp,23
2025-10-14 06:35:00,2025-10-14 14:35:00,S,0.6839,0.6771,0.7030058118643902,0.6361354703390245,0.356,0.317,time,96
2025-10-15 02:30:00,2025-10-15 03:40:00,L,0.7029,0.690064156191989,0.690064156191989,0.7349896095200273,-1.0,-1.06,sl,14
2025-10-15 03:45:00,2025-10-15 06:00:00,S,0.6901,0.7003136727745777,0.7003136727745777,0.664565818063556,-1.0,-1.074,sl,27
2025-10-15 06:05:00,2025-10-15 06:15:00,L,0.6997,0.6950044913421369,0.6950044913421369,0.7114387716446576,-1.0,-1.164,sl,2
2025-10-15 08:15:00,2025-10-15 09:15:00,L,0.704,0.6980222665799707,0.6980222665799707,0.7189443335500731,-1.0,-1.13,sl,12
2025-10-15 10:30:00,2025-10-15 13:45:00,S,0.6954,0.6807788630125309,0.7012484547949877,0.6807788630125309,2.5,2.369,tp,39
2025-10-15 13:50:00,2025-10-15 14:10:00,S,0.6799,0.6931185202587938,0.6931185202587938,0.6468536993530152,-1.0,-1.057,sl,4
2025-10-15 15:40:00,2025-10-15 23:40:00,S,0.6752,0.6683,0.6889393872753572,0.640851531811607,0.502,0.448,time,96
2025-10-16 05:05:00,2025-10-16 06:50:00,S,0.6677,0.6742326764511241,0.6742326764511241,0.6513683088721898,-1.0,-1.112,sl,21
2025-10-16 09:35:00,2025-10-16 09:45:00,S,0.6517,0.6718076489593368,0.6718076489593368,0.6014308776016579,-1.0,-1.036,sl,2
2025-10-16 14:15:00,2025-10-16 20:30:00,S,0.6676,0.6357182315134255,0.6803527073946297,0.6357182315134255,2.5,2.442,tp,75
2025-10-16 20:35:00,2025-10-17 00:25:00,S,0.6333,0.6483412857916593,0.6483412857916593,0.5956967855208517,-1.0,-1.046,sl,46
2025-10-17 05:45:00,2025-10-17 06:35:00,S,0.6432,0.627147745126083,0.6496209019495668,0.627147745126083,2.5,2.39,tp,10
2025-10-17 06:40:00,2025-10-17 14:40:00,S,0.63,0.6134,0.6465804517930293,0.5885488705174269,1.001,0.959,time,96
2025-10-18 00:10:00,2025-10-18 00:25:00,S,0.6232,0.6273304494008027,0.6273304494008027,0.6128738764979931,-1.0,-1.166,sl,3
2025-10-18 04:35:00,2025-10-18 07:00:00,S,0.6273,0.6334477530057935,0.6334477530057935,0.6119306174855161,-1.0,-1.112,sl,29
2025-10-18 13:20:00,2025-10-18 21:20:00,S,0.6311,0.6334,0.6407867614959856,0.606883096260036,-0.237,-0.309,time,96
2025-10-19 00:45:00,2025-10-19 03:45:00,S,0.6292,0.6348300718306692,0.6348300718306692,0.615124820423327,-1.0,-1.123,sl,36
2025-10-19 06:40:00,2025-10-19 08:15:00,S,0.6274,0.6343323222338642,0.6343323222338642,0.6100691944153395,-1.0,-1.1,sl,19
2025-10-19 08:30:00,2025-10-19 09:45:00,S,0.6306,0.6378224501432822,0.6378224501432822,0.6125438746417946,-1.0,-1.096,sl,15
2025-10-19 09:50:00,2025-10-19 17:50:00,L,0.6383,0.6573,0.6216225051288642,0.6799937371778395,1.139,1.097,time,96
2025-10-20 03:45:00,2025-10-20 06:05:00,L,0.6528,0.6703727312328143,0.6457709075068744,0.6703727312328143,2.5,2.398,tp,28
2025-10-20 06:10:00,2025-10-20 14:10:00,L,0.6698,0.6657,0.661478154848592,0.6906046128785199,-0.493,-0.581,time,96
2025-10-20 19:40:00,2025-10-21 00:10:00,L,0.6654,0.6606290801466148,0.6606290801466148,0.6773272996334629,-1.0,-1.153,sl,54
2025-10-21 02:10:00,2025-10-21 10:10:00,S,0.6547,0.642,0.6630050780206712,0.6339373049483218,1.529,1.442,time,96
2025-10-21 14:10:00,2025-10-21 15:05:00,L,0.653,0.6776498060000942,0.6431400775999624,0.6776498060000942,2.5,2.427,tp,11
2025-10-21 15:10:00,2025-10-21 22:35:00,L,0.6759,0.6473616345406974,0.6473616345406974,0.7472459136482563,-1.0,-1.026,sl,89
2025-10-21 22:40:00,2025-10-22 06:40:00,S,0.6471,0.6361,0.6614376074989036,0.6112559812527412,0.767,0.718,time,96
2025-10-22 07:10:00,2025-10-22 07:55:00,S,0.6323,0.6376520461385551,0.6376520461385551,0.6189198846536121,-1.0,-1.13,sl,9
2025-10-22 09:45:00,2025-10-22 11:20:00,S,0.6304,0.6366794746930099,0.6366794746930099,0.6147013132674751,-1.0,-1.11,sl,19
2025-10-22 20:35:00,2025-10-23 04:35:00,S,0.6229,0.6284,0.6311432230896198,0.6022919422759505,-0.667,-0.75,time,96
2025-10-23 06:10:00,2025-10-23 13:35:00,L,0.6329,0.6437100562434719,0.6285759775026113,0.6437100562434719,2.5,2.339,tp,89
2025-10-23 13:40:00,2025-10-23 14:15:00,L,0.6428,0.6343658677836681,0.6343658677836681,0.6638853305408299,-1.0,-1.084,sl,7
2025-10-23 17:45:00,2025-10-23 20:55:00,L,0.6506,0.6413788617255751,0.6413788617255751,0.673652845686062,-1.0,-1.078,sl,38
2025-10-23 21:00:00,2025-10-24 00:50:00,S,0.6389,0.6457061320383981,0.6457061320383981,0.6218846699040048,-1.0,-1.103,sl,46
2025-10-24 00:55:00,2025-10-24 02:20:00,L,0.6462,0.6405401815831004,0.6405401815831004,0.6603495460422488,-1.0,-1.126,sl,17
2025-10-24 04:35:00,2025-10-24 12:35:00,L,0.6499,0.656,0.638166872365976,0.6792328190850601,0.52,0.459,time,96
2025-10-24 19:20:00,2025-10-25 03:20:00,L,0.6541,0.6539,0.6475664023135651,0.6704339942160873,-0.031,-0.141,time,96
2025-10-25 11:55:00,2025-10-25 19:55:00,L,0.6538,0.6573,0.6492994686620148,0.665051328344963,0.778,0.618,time,96
2025-10-26 02:00:00,2025-10-26 07:00:00,S,0.6509,0.6543247164846007,0.6543247164846007,0.6423382087884985,-1.0,-1.209,sl,60
2025-10-26 07:05:00,2025-10-26 09:20:00,L,0.6544,0.6616294096726744,0.6515082361309302,0.6616294096726744,2.5,2.251,tp,27
2025-10-26 09:25:00,2025-10-26 13:25:00,L,0.6616,0.6782912537414348,0.654923498503426,0.6782912537414348,2.5,2.391,tp,48
2025-10-26 13:30:00,2025-10-26 17:00:00,L,0.6784,0.6721133735629099,0.6721133735629099,0.6941165660927253,-1.0,-1.119,sl,42
2025-10-26 22:05:00,2025-10-27 06:05:00,L,0.6833,0.6823,0.6684812501174937,0.7203468747062658,-0.067,-0.118,time,96
2025-10-27 16:35:00,2025-10-27 20:00:00,L,0.6791,0.6723077810538697,0.6723077810538697,0.696080547365326,-1.0,-1.11,sl,41
2025-10-27 20:05:00,2025-10-28 04:05:00,S,0.6727,0.6638,0.6809941728174435,0.6519645679563912,1.073,0.984,time,96
2025-10-28 05:50:00,2025-10-28 07:00:00,S,0.6615,0.668092403119023,0.668092403119023,0.6450189922024425,-1.0,-1.11,sl,14
2025-10-28 13:05:00,2025-10-28 14:40:00,L,0.6692,0.6599129067283376,0.6599129067283376,0.6924177331791561,-1.0,-1.079,sl,19
2025-10-28 14:45:00,2025-10-28 22:45:00,S,0.6602,0.6479,0.6755713449155625,0.6217716377110938,0.8,0.753,time,96
2025-10-29 08:45:00,2025-10-29 10:20:00,S,0.6415,0.6465224035277927,0.6465224035277927,0.6289439911805181,-1.0,-1.141,sl,19
2025-10-29 14:10:00,2025-10-29 17:55:00,S,0.6458,0.6549645637376952,0.6549645637376952,0.6228885906557622,-1.0,-1.078,sl,45
2025-10-29 18:00:00,2025-10-29 18:35:00,L,0.6559,0.6399090840227379,0.6399090840227379,0.6958772899431553,-1.0,-1.045,sl,7
2025-10-29 18:40:00,2025-10-30 02:40:00,S,0.6278,0.647,0.6613035874372604,0.5440410314068491,-0.573,-0.594,time,96
2025-10-30 04:10:00,2025-10-30 12:10:00,S,0.6384,0.6273,0.6484999309865175,0.6131501725337062,1.099,1.029,time,96
2025-10-30 12:20:00,2025-10-30 13:35:00,S,0.6262,0.6094553411265453,0.6328978635493818,0.6094553411265453,2.5,2.397,tp,15
2025-10-30 13:40:00,2025-10-30 21:40:00,S,0.6124,0.5973,0.6242747985125743,0.5827130037185645,1.272,1.215,time,96
2025-10-31 16:45:00,2025-11-01 00:45:00,S,0.6077,0.6079,0.6157116722375586,0.5876708194061036,-0.025,-0.108,time,96
2025-11-01 02:05:00,2025-11-01 03:15:00,S,0.6035,0.6109401840580847,0.6109401840580847,0.5848995398547884,-1.0,-1.089,sl,14
2025-11-01 08:05:00,2025-11-01 13:40:00,L,0.6147,0.6093642776395369,0.6093642776395369,0.6280393059011578,-1.0,-1.127,sl,67
2025-11-01 14:15:00,2025-11-01 16:05:00,S,0.606,0.6139763394847344,0.6139763394847344,0.5860591512881639,-1.0,-1.084,sl,22
2025-11-01 22:00:00,2025-11-02 04:50:00,S,0.6079,0.6142285548290951,0.6142285548290951,0.5920786129272622,-1.0,-1.106,sl,82
2025-11-02 04:55:00,2025-11-02 10:25:00,L,0.6148,0.6075725703691615,0.6075725703691615,0.6328685740770964,-1.0,-1.094,sl,66
2025-11-02 10:30:00,2025-11-02 18:30:00,S,0.6068,0.5991,0.6158658893719746,0.5841352765700635,0.849,0.776,time,96
2025-11-02 23:10:00,2025-11-03 01:35:00,L,0.6033,0.5964355422834008,0.5964355422834008,0.6204611442914978,-1.0,-1.097,sl,29
2025-11-03 01:40:00,2025-11-03 04:00:00,S,0.5979,0.5731539793785339,0.6077984082485864,0.5731539793785339,2.5,2.434,tp,28
2025-11-03 04:05:00,2025-11-03 12:05:00,S,0.5735,0.5768,0.5926079583319936,0.525730104170016,-0.173,-0.206,time,96
2025-11-03 15:30:00,2025-11-03 23:30:00,S,0.551,0.5516,0.5797211369626823,0.4791971575932943,-0.021,-0.042,time,96
2025-11-04 05:30:00,2025-11-04 13:30:00,S,0.5493,0.5372,0.5616628177186482,0.5183929557033795,0.979,0.93,time,96
2025-11-04 13:35:00,2025-11-04 14:40:00,S,0.5372,0.5418139694913993,0.5418139694913993,0.5256650762715018,-1.0,-1.128,sl,13
2025-11-04 16:50:00,2025-11-05 00:50:00,S,0.5313,0.5157,0.5490020226632529,0.48704494334186765,0.881,0.848,time,96
2025-11-05 01:25:00,2025-11-05 02:40:00,S,0.5018,0.524587921343354,0.524587921343354,0.44483019664161516,-1.0,-1.024,sl,15
2025-11-05 08:50:00,2025-11-05 11:50:00,S,0.5242,0.5359787246405002,0.5359787246405002,0.49475318839874943,-1.0,-1.049,sl,36
2025-11-05 15:45:00,2025-11-05 23:45:00,L,0.5448,0.5459,0.5383332929120015,0.5609667677199961,0.17,0.077,time,96
2025-11-06 01:10:00,2025-11-06 02:45:00,S,0.5384,0.5449010905116373,0.5449010905116373,0.5221472737209067,-1.0,-1.091,sl,19
2025-11-06 05:20:00,2025-11-06 13:20:00,S,0.5373,0.5376,0.5446620311779476,0.5188949220551309,-0.041,-0.121,time,96
2025-11-06 14:35:00,2025-11-06 22:35:00,S,0.5281,0.5304,0.5394526398714319,0.49971840032142034,-0.203,-0.254,time,96
2025-11-07 04:05:00,2025-11-07 04:30:00,L,0.5394,0.5363094347352545,0.5363094347352545,0.5471264131618637,-1.0,-1.192,sl,5
2025-11-07 05:10:00,2025-11-07 10:50:00,L,0.5431,0.5352053228086503,0.5352053228086503,0.5628366929783744,-1.0,-1.076,sl,68
2025-11-07 10:55:00,2025-11-07 15:25:00,S,0.5342,0.5431146818783177,0.5431146818783177,0.5119132953042058,-1.0,-1.066,sl,54
2025-11-07 15:30:00,2025-11-07 23:30:00,L,0.5435,0.5786,0.518625598758278,0.605686003104305,1.411,1.387,time,96
2025-11-08 02:35:00,2025-11-08 05:50:00,L,0.5894,0.579219198890692,0.579219198890692,0.6148520027732702,-1.0,-1.064,sl,39
2025-11-08 15:15:00,2025-11-08 23:15:00,S,0.5632,0.5674125679526674,0.5674125679526674,0.5526685801183318,-1.0,-1.147,sl,96
2025-11-08 23:20:00,2025-11-09 00:10:00,L,0.5674,0.5644893388451171,0.5644893388451171,0.5746766528872074,-1.0,-1.214,sl,10
2025-11-09 00:55:00,2025-11-09 08:55:00,S,0.561,0.5589,0.5689621819688379,0.5410945450779056,0.264,0.186,time,96
2025-11-09 10:00:00,2025-11-09 11:05:00,S,0.5531,0.561782320227866,0.561782320227866,0.5313941994303351,-1.0,-1.07,sl,13
2025-11-09 11:15:00,2025-11-09 19:15:00,L,0.5631,0.577,0.5491826638079418,0.5978933404801456,0.999,0.954,time,96
2025-11-09 19:35:00,2025-11-10 03:35:00,L,0.5798,0.5877,0.5697207306768584,0.604998173307854,0.784,0.721,time,96
2025-11-10 05:05:00,2025-11-10 05:30:00,L,0.5914,0.5859325153526664,0.5859325153526664,0.605068711618334,-1.0,-1.119,sl,5
2025-11-10 09:35:00,2025-11-10 14:50:00,L,0.5943,0.5829964963424192,0.5829964963424192,0.6225587591439521,-1.0,-1.058,sl,63
2025-11-10 22:55:00,2025-11-11 05:20:00,L,0.596,0.5833693669021769,0.5833693669021769,0.6275765827445576,-1.0,-1.052,sl,77
2025-11-11 05:25:00,2025-11-11 13:25:00,S,0.5839,0.5798,0.5960507606857425,0.5535230982856437,0.337,0.285,time,96
2025-11-11 16:10:00,2025-11-12 00:10:00,S,0.57,0.5558,0.578951226450174,0.5476219338745647,1.586,1.516,time,96
2025-11-12 01:00:00,2025-11-12 01:15:00,S,0.5538,0.5590228623504556,0.5590228623504556,0.5407428441238609,-1.0,-1.117,sl,3
2025-11-12 07:55:00,2025-11-12 08:30:00,S,0.5578,0.5636456693633743,0.5636456693633743,0.543185826591564,-1.0,-1.105,sl,7
2025-11-12 10:35:00,2025-11-12 14:45:00,L,0.5709,0.5654502800194151,0.5654502800194151,0.5845242999514622,-1.0,-1.115,sl,50
2025-11-12 14:50:00,2025-11-12 22:50:00,S,0.5668,0.5494,0.5808257635996512,0.5317355910008719,1.241,1.196,time,96
2025-11-13 03:20:00,2025-11-13 03:25:00,S,0.5499,0.5539643082963056,0.5539643082963056,0.5397392292592362,-1.0,-1.149,sl,1
2025-11-13 05:50:00,2025-11-13 13:50:00,L,0.5653,0.5605,0.5573043537533788,0.585289115616553,-0.6,-0.678,time,96
2025-11-13 14:55:00,2025-11-13 15:50:00,L,0.5648,0.5524417078752861,0.5524417078752861,0.5956957303117846,-1.0,-1.05,sl,11
2025-11-13 15:55:00,2025-11-13 23:55:00,S,0.5523,0.5294,0.5688438864637925,0.5109402838405188,1.384,1.347,time,96
2025-11-14 04:10:00,2025-11-14 04:35:00,S,0.5227,0.5070279261934778,0.5289688295226089,0.5070279261934778,2.5,2.408,tp,5
2025-11-14 04:40:00,2025-11-14 07:00:00,S,0.5064,0.5268737979363901,0.5268737979363901,0.4552155051590246,-1.0,-1.027,sl,28
2025-11-14 11:45:00,2025-11-14 16:35:00,S,0.5129,0.5199426290806957,0.5199426290806957,0.4952934272982609,-1.0,-1.08,sl,58
2025-11-14 20:40:00,2025-11-15 04:40:00,S,0.5042,0.5064,0.5161436581454878,0.47434085463628045,-0.184,-0.231,time,96
2025-11-15 08:20:00,2025-11-15 16:20:00,S,0.506,0.5036,0.5140933608770483,0.48576659780737935,0.297,0.228,time,96
2025-11-15 16:30:00,2025-11-15 17:20:00,S,0.5025,0.5092594090798138,0.5092594090798138,0.48560147730046527,-1.0,-1.082,sl,10
2025-11-15 20:20:00,2025-11-16 01:35:00,S,0.5048,0.49399860172279714,0.5091205593108812,0.49399860172279714,2.5,2.371,tp,63
2025-11-16 01:40:00,2025-11-16 02:25:00,S,0.4939,0.5025303092673773,0.5025303092673773,0.4723242268315568,-1.0,-1.063,sl,9
2025-11-16 11:25:00,2025-11-16 15:55:00,S,0.5014,0.48349291439887815,0.5085628342404487,0.48349291439887815,2.5,2.423,tp,54
2025-11-16 16:00:00,2025-11-17 00:00:00,S,0.4837,0.4837,0.4955563974001318,0.45405900649967057,-0.0,-0.045,time,96
2025-11-17 13:05:00,2025-11-17 13:30:00,S,0.4924,0.48435596905724265,0.49561761237710295,0.48435596905724265,2.5,2.332,tp,5
2025-11-17 13:35:00,2025-11-17 14:35:00,S,0.4848,0.4954038319653497,0.4954038319653497,0.4582904200866258,-1.0,-1.05,sl,12
2025-11-17 16:05:00,2025-11-18 00:05:00,S,0.4718,0.4663,0.49037113176526914,0.42537217058682714,0.296,0.268,time,96
2025-11-18 07:05:00,2025-11-18 08:15:00,S,0.4585,0.4669054551737117,0.4669054551737117,0.4374863620657209,-1.0,-1.06,sl,14
2025-11-18 13:30:00,2025-11-18 15:20:00,S,0.4641,0.4705553163081633,0.4705553163081633,0.4479617092295919,-1.0,-1.079,sl,22
2025-11-18 16:10:00,2025-11-19 00:10:00,L,0.477,0.4721,0.4597332247143468,0.520166938214133,-0.284,-0.314,time,96
2025-11-19 00:20:00,2025-11-19 02:10:00,S,0.4682,0.4758750129649842,0.4758750129649842,0.44901246758753954,-1.0,-1.067,sl,22
2025-11-19 03:40:00,2025-11-19 11:40:00,S,0.4693,0.4666,0.4767639640169673,0.45064008995758176,0.362,0.293,time,96
2025-11-19 13:55:00,2025-11-19 15:05:00,S,0.4643,0.4702655313725155,0.4702655313725155,0.4493861715687113,-1.0,-1.086,sl,14
2025-11-19 15:50:00,2025-11-19 23:50:00,S,0.4586,0.463,0.4735281217891402,0.4212796955271495,-0.295,-0.329,time,96
2025-11-20 02:05:00,2025-11-20 10:05:00,L,0.4678,0.4639,0.46195417793176424,0.4824145551705894,-0.667,-0.755,time,96
2025-11-20 16:00:00,2025-11-21 00:00:00,S,0.4554,0.4318,0.46628928967592265,0.4281767758101935,2.167,2.121,time,96
2025-11-21 02:20:00,2025-11-21 07:30:00,S,0.4314,0.41089074889358757,0.43960370044256497,0.41089074889358757,2.5,2.442,tp,62
2025-11-21 07:35:00,2025-11-21 15:35:00,S,0.3987,0.4018,0.42375012223486563,0.3360746944128359,-0.124,-0.141,time,96
2025-11-21 16:05:00,2025-11-21 17:00:00,S,0.3987,0.412113677567104,0.412113677567104,0.36516580608224003,-1.0,-1.033,sl,11
2025-11-21 20:25:00,2025-11-22 04:25:00,S,0.4032,0.4012,0.41433850786082044,0.37535373034794894,0.18,0.14,time,96
2025-11-22 04:40:00,2025-11-22 12:40:00,S,0.3991,0.3966,0.40749254871880325,0.3781186282029919,0.298,0.246,time,96
2025-11-22 12:50:00,2025-11-22 16:40:00,S,0.3956,0.40293911768548174,0.40293911768548174,0.3772522057862957,-1.0,-1.059,sl,46
2025-11-23 04:10:00,2025-11-23 07:15:00,L,0.4119,0.4075812538206804,0.4075812538206804,0.422696865448299,-1.0,-1.105,sl,37
2025-11-23 07:20:00,2025-11-23 08:55:00,S,0.4067,0.41196323566446097,0.41196323566446097,0.3935419108388476,-1.0,-1.085,sl,19
2025-11-23 09:45:00,2025-11-23 10:05:00,L,0.4128,0.4096915120741688,0.4096915120741688,0.42057121981457796,-1.0,-1.146,sl,4
2025-11-23 11:10:00,2025-11-23 12:05:00,S,0.4074,0.41081922275155064,0.41081922275155064,0.3988519431211234,-1.0,-1.131,sl,11
2025-11-23 12:15:00,2025-11-23 20:15:00,L,0.4132,0.4143,0.4050438192254788,0.4335904519363031,0.135,0.079,time,96
2025-11-23 20:25:00,2025-11-23 21:05:00,L,0.4147,0.4119596091455474,0.4119596091455474,0.42155097713613154,-1.0,-1.166,sl,8
2025-11-23 23:25:00,2025-11-24 02:05:00,S,0.4104,0.41597879974622104,0.41597879974622104,0.39645300063444733,-1.0,-1.081,sl,32
2025-11-24 02:10:00,2025-11-24 10:00:00,L,0.415,0.404971166765547,0.404971166765547,0.44007208308613244,-1.0,-1.046,sl,94
2025-11-24 10:05:00,2025-11-24 15:40:00,S,0.4069,0.4129580675998853,0.4129580675998853,0.39175483100028674,-1.0,-1.074,sl,67
2025-11-24 16:20:00,2025-11-25 00:20:00,L,0.4155,0.4261,0.4063493611284758,0.4383765971788104,1.158,1.108,time,96
2025-11-25 08:05:00,2025-11-25 14:45:00,S,0.4177,0.40611559344874604,0.4223337626205016,0.40611559344874604,2.5,2.401,tp,80
2025-11-25 14:55:00,2025-11-25 16:15:00,S,0.4064,0.41373471405879886,0.41373471405879886,0.38806321485300277,-1.0,-1.061,sl,16
2025-11-25 17:15:00,2025-11-25 19:20:00,L,0.4183,0.41121060482377847,0.41121060482377847,0.43602348794055384,-1.0,-1.065,sl,25
2025-11-25 20:35:00,2025-11-26 04:35:00,L,0.4201,0.4215,0.4105248593115371,0.4440378517211572,0.146,0.098,time,96
2025-11-26 07:00:00,2025-11-26 09:05:00,L,0.423,0.4195759833663963,0.4195759833663963,0.43156004158400924,-1.0,-1.136,sl,25
2025-11-26 09:10:00,2025-11-26 17:10:00,S,0.419,0.4189,0.4248030239334798,0.4044924401663005,0.017,-0.062,time,96
2025-11-26 17:30:00,2025-11-27 01:30:00,L,0.4251,0.4353,0.4167873244148323,0.4458816889629192,1.227,1.171,time,96
2025-11-27 02:35:00,2025-11-27 03:00:00,L,0.4374,0.43466463563465096,0.43466463563465096,0.44423841091337263,-1.0,-1.176,sl,5
2025-11-27 09:35:00,2025-11-27 10:30:00,L,0.4361,0.43106985133146863,0.43106985133146863,0.44867537167132837,-1.0,-1.095,sl,11
2025-11-27 15:05:00,2025-11-27 23:05:00,L,0.431,0.4331,0.42686977627193146,0.44132555932017137,0.508,0.394,time,96
2025-11-28 01:05:00,2025-11-28 08:50:00,S,0.4284,0.4334145211186726,0.4334145211186726,0.41586369720331845,-1.0,-1.094,sl,93
2025-11-28 08:55:00,2025-11-28 12:50:00,L,0.4343,0.4234836379919621,0.4234836379919621,0.46134090502009484,-1.0,-1.044,sl,47
2025-11-28 12:55:00,2025-11-28 13:35:00,S,0.4239,0.4266077479574727,0.4266077479574727,0.41713063010631823,-1.0,-1.172,sl,8
2025-11-28 14:30:00,2025-11-28 16:30:00,L,0.4328,0.4242207486605422,0.4242207486605422,0.45424812834864453,-1.0,-1.055,sl,24
2025-11-28 17:00:00,2025-11-29 01:00:00,S,0.423,0.4197,0.4328939538405221,0.3982651153986947,0.334,0.287,time,96
2025-11-29 06:35:00,2025-11-29 11:40:00,S,0.4137,0.4182275942158725,0.4182275942158725,0.4023810144603187,-1.0,-1.101,sl,61
2025-11-29 17:35:00,2025-11-30 01:35:00,S,0.4145,0.4158,0.4207452263303743,0.3988869341740642,-0.208,-0.281,time,96
2025-11-30 03:55:00,2025-11-30 11:55:00,L,0.4188,0.4173,0.41287697664854617,0.4336075583786346,-0.253,-0.331,time,96
2025-11-30 13:20:00,2025-11-30 21:20:00,L,0.4239,0.4222,0.4180689384369687,0.4384776539075783,-0.292,-0.372,time,96
2025-11-30 23:35:00,2025-12-01 00:15:00,S,0.4175,0.39963260128759465,0.4246469594849621,0.39963260128759465,2.5,2.436,tp,8
2025-12-01 00:20:00,2025-12-01 08:20:00,S,0.3985,0.3875,0.42215938987267493,0.33935152531831275,0.465,0.446,time,96
2025-12-01 11:35:00,2025-12-01 12:40:00,S,0.3833,0.376602998122472,0.38597880075101115,0.376602998122472,2.5,2.343,tp,13
2025-12-01 12:45:00,2025-12-01 14:35:00,S,0.377,0.38384211544417035,0.38384211544417035,0.35989471138957413,-1.0,-1.061,sl,22
2025-12-01 15:35:00,2025-12-01 22:45:00,S,0.3717,0.38443511765321287,0.38443511765321287,0.33986220586696775,-1.0,-1.032,sl,86
2025-12-02 08:10:00,2025-12-02 10:45:00,S,0.3878,0.390584451597875,0.390584451597875,0.38083887100531233,-1.0,-1.153,sl,31
2025-12-02 12:35:00,2025-12-02 13:20:00,L,0.3935,0.39773377921810077,0.3918064883127597,0.39773377921810077,2.5,2.244,tp,9
2025-12-02 13:25:00,2025-12-02 15:00:00,L,0.3974,0.4082358320314536,0.39306566718741853,0.4082358320314536,2.5,2.399,tp,19
2025-12-02 15:05:00,2025-12-02 23:05:00,L,0.4125,0.4381,0.39664462009073137,0.4521384497731715,1.615,1.586,time,96
2025-12-03 02:05:00,2025-12-03 10:05:00,L,0.4375,0.4401,0.4320305565255346,0.4511736086861634,0.475,0.387,time,96
2025-12-03 14:45:00,2025-12-03 22:45:00,L,0.4395,0.4509,0.42575082189162633,0.47387294527093415,0.829,0.794,time,96
2025-12-04 01:15:00,2025-12-04 04:40:00,L,0.4552,0.4465904345803839,0.4465904345803839,0.47672391354904026,-1.0,-1.058,sl,41
2025-12-04 06:35:00,2025-12-04 11:00:00,L,0.4513,0.44487637358510407,0.44487637358510407,0.46735906603723976,-1.0,-1.077,sl,53
2025-12-04 15:40:00,2025-12-04 19:10:00,L,0.4507,0.4386261926781667,0.4386261926781667,0.4808845183045832,-1.0,-1.041,sl,42
2025-12-05 08:45:00,2025-12-05 14:15:00,S,0.4369,0.42511516791827086,0.4416139328326917,0.42511516791827086,2.5,2.398,tp,66
2025-12-05 14:20:00,2025-12-05 15:00:00,S,0.4257,0.4302533696068684,0.4302533696068684,0.4143165759828291,-1.0,-1.103,sl,8
2025-12-05 16:10:00,2025-12-06 00:10:00,S,0.4203,0.4129,0.4325555281034105,0.38966117974147374,0.604,0.566,time,96
2025-12-06 00:25:00,2025-12-06 01:15:00,S,0.4119,0.41638490667851785,0.41638490667851785,0.40068773330370533,-1.0,-1.101,sl,10
2025-12-06 04:20:00,2025-12-06 12:20:00,S,0.4138,0.4136,0.4167944478279511,0.40631388043012223,0.067,-0.085,time,96
2025-12-06 19:10:00,2025-12-07 03:10:00,S,0.4147,0.4181,0.42124372832693047,0.3983406791826739,-0.52,-0.589,time,96
2025-12-07 05:15:00,2025-12-07 06:20:00,S,0.415,0.41979531880306176,0.41979531880306176,0.40301170299234557,-1.0,-1.095,sl,13
2025-12-07 09:50:00,2025-12-07 15:55:00,S,0.4144,0.4194102528581986,0.4194102528581986,0.4018743678545035,-1.0,-1.091,sl,73
2025-12-07 16:00:00,2025-12-08 00:00:00,L,0.4198,0.4159,0.40614477991458814,0.4539380502135297,-0.286,-0.319,time,96
2025-12-08 01:30:00,2025-12-08 09:30:00,L,0.4221,0.435,0.4150199640025661,0.4398000899935847,1.822,1.756,time,96
2025-12-08 13:50:00,2025-12-08 15:25:00,L,0.4348,0.42996815235382163,0.42996815235382163,0.446879619115446,-1.0,-1.099,sl,19
2025-12-09 04:55:00,2025-12-09 11:45:00,S,0.4262,0.4326249792645668,0.4326249792645668,0.41013755183858314,-1.0,-1.073,sl,82
2025-12-09 11:50:00,2025-12-09 13:15:00,L,0.4328,0.45189188834766636,0.42516324466093347,0.45189188834766636,2.5,2.438,tp,17
2025-12-09 13:20:00,2025-12-09 18:15:00,L,0.4513,0.48345268940597536,0.43843892423760983,0.48345268940597536,2.5,2.461,tp,59
2025-12-09 18:20:00,2025-12-09 20:20:00,L,0.4837,0.47464164761946365,0.47464164761946365,0.5063458809513409,-1.0,-1.059,sl,24
2025-12-10 09:25:00,2025-12-10 17:25:00,L,0.4642,0.464,0.4588616891659575,0.47754577708510626,-0.037,-0.133,time,96
2025-12-10 19:05:00,2025-12-10 22:10:00,L,0.4615,0.4555605868678519,0.4555605868678519,0.4763485328303704,-1.0,-1.085,sl,37
2025-12-10 23:55:00,2025-12-11 01:15:00,S,0.453,0.440117192213094,0.4581531231147624,0.440117192213094,2.5,2.403,tp,16
2025-12-11 01:20:00,2025-12-11 09:20:00,S,0.44,0.4242,0.4535404379450418,0.40614890513739554,1.167,1.131,time,96
2025-12-11 12:05:00,2025-12-11 20:05:00,S,0.4166,0.4186,0.42466908522653696,0.3964272869336577,-0.248,-0.305,time,96
2025-12-12 01:00:00,2025-12-12 06:00:00,S,0.4178,0.4270870213150218,0.4270870213150218,0.3945824467124455,-1.0,-1.049,sl,60
2025-12-12 09:25:00,2025-12-12 09:55:00,S,0.4225,0.42601367000408485,0.42601367000408485,0.4137158249897878,-1.0,-1.132,sl,6
2025-12-12 15:05:00,2025-12-12 15:55:00,S,0.4209,0.4064253210777865,0.4266898715688854,0.4064253210777865,2.5,2.42,tp,10
2025-12-12 16:00:00,2025-12-13 00:00:00,S,0.4082,0.4098,0.42533525586196025,0.36536186034509943,-0.093,-0.12,time,96
2025-12-13 17:10:00,2025-12-14 01:10:00,S,0.4096,0.4097,0.4142881823103892,0.39787954422402705,-0.021,-0.117,time,96
2025-12-14 05:10:00,2025-12-14 11:40:00,S,0.4068,0.3986322396024099,0.410067104159036,0.3986322396024099,2.5,2.363,tp,78
2025-12-14 11:45:00,2025-12-14 19:45:00,S,0.3986,0.3982,0.40748570630173137,0.3763857342456716,0.045,-0.004,time,96
2025-12-14 21:50:00,2025-12-14 23:00:00,S,0.3949,0.39849739824358843,0.39849739824358843,0.3859065043910288,-1.0,-1.121,sl,14
2025-12-14 23:35:00,2025-12-15 00:20:00,S,0.3955,0.3988883216125771,0.3988883216125771,0.38702919596855734,-1.0,-1.128,sl,9
2025-12-15 13:30:00,2025-12-15 14:15:00,S,0.4011,0.40399209270958203,0.40399209270958203,0.39386976822604497,-1.0,-1.153,sl,9
2025-12-15 14:50:00,2025-12-15 15:15:00,S,0.3996,0.38530535867343846,0.40531785653062463,0.38530535867343846,2.5,2.423,tp,5
2025-12-15 15:20:00,2025-12-15 23:20:00,S,0.3866,0.3861,0.40548337075469765,0.33939157311325585,0.026,0.004,time,96
2025-12-16 02:10:00,2025-12-16 10:10:00,S,0.3821,0.3815,0.3863406865432406,0.37149828364189846,0.141,0.042,time,96
2025-12-16 14:00:00,2025-12-16 15:55:00,S,0.3809,0.39073075462843476,0.39073075462843476,0.35632311342891315,-1.0,-1.043,sl,23
2025-12-17 00:35:00,2025-12-17 01:15:00,S,0.3824,0.38598806411121306,0.38598806411121306,0.3734298397219674,-1.0,-1.117,sl,8
2025-12-17 02:20:00,2025-12-17 10:20:00,S,0.3828,0.3785,0.3876888496960904,0.37057787575977386,0.88,0.793,time,96
2025-12-17 14:55:00,2025-12-17 16:15:00,L,0.3906,0.37778893530267876,0.37778893530267876,0.42262766174330313,-1.0,-1.034,sl,16
2025-12-17 16:20:00,2025-12-18 00:20:00,S,0.3768,0.366,0.3997789878688663,0.3193525303278344,0.47,0.452,time,96
2025-12-18 05:35:00,2025-12-18 13:00:00,S,0.3613,0.3664021591277263,0.3664021591277263,0.34854460218068434,-1.0,-1.078,sl,89
2025-12-18 13:05:00,2025-12-18 17:05:00,L,0.3688,0.36327318523593877,0.36327318523593877,0.38261703691015314,-1.0,-1.073,sl,48
2025-12-18 17:15:00,2025-12-19 01:15:00,S,0.3597,0.3488,0.37356410128336437,0.32503974679158915,0.786,0.758,time,96
2025-12-19 01:25:00,2025-12-19 03:00:00,S,0.3483,0.35163046395700814,0.35163046395700814,0.33997384010747966,-1.0,-1.115,sl,19
2025-12-19 07:05:00,2025-12-19 15:05:00,L,0.3654,0.3713,0.35958874923751966,0.37992812690620087,1.015,0.946,time,96
2025-12-19 15:15:00,2025-12-19 23:15:00,L,0.3735,0.3772,0.36509312160459123,0.3945171959885219,0.44,0.391,time,96
2025-12-20 08:05:00,2025-12-20 16:05:00,L,0.3751,0.3774,0.37223667432395524,0.38225831419011186,0.803,0.659,time,96
2025-12-20 23:40:00,2025-12-21 07:40:00,S,0.373,0.3671,0.3756650548367689,0.36633736290807783,2.214,2.06,time,96
2025-12-21 08:10:00,2025-12-21 08:30:00,S,0.3667,0.3684614320182228,0.3684614320182228,0.3622964199544431,-1.0,-1.229,sl,4
2025-12-21 09:05:00,2025-12-21 13:00:00,L,0.3714,0.3661976437075031,0.3661976437075031,0.3844058907312423,-1.0,-1.079,sl,47
2025-12-21 13:05:00,2025-12-21 21:05:00,S,0.3634,0.3625,0.37234996940788473,0.3410250764802882,0.101,0.056,time,96
2025-12-21 21:45:00,2025-12-21 22:45:00,S,0.3606,0.363371901255844,0.363371901255844,0.3536702468603899,-1.0,-1.143,sl,12
2025-12-22 02:10:00,2025-12-22 10:10:00,S,0.3641,0.3687,0.37260064281947264,0.3428483929513183,-0.541,-0.588,time,96
2025-12-22 11:50:00,2025-12-22 14:45:00,L,0.3708,0.377547928381288,0.36810082864748483,0.377547928381288,2.5,2.349,tp,35
2025-12-22 14:50:00,2025-12-22 19:25:00,L,0.3764,0.37158012507555477,0.37158012507555477,0.3884496873111131,-1.0,-1.086,sl,55
2025-12-22 19:30:00,2025-12-23 03:30:00,S,0.371,0.3679,0.3802699272145875,0.3478251819635312,0.334,0.29,time,96
2025-12-23 05:35:00,2025-12-23 11:15:00,S,0.3636,0.3680962460567502,0.3680962460567502,0.35235938485812446,-1.0,-1.089,sl,68
2025-12-23 13:40:00,2025-12-23 20:45:00,S,0.3618,0.366138166635298,0.366138166635298,0.350954583411755,-1.0,-1.092,sl,85
2025-12-24 02:05:00,2025-12-24 10:05:00,S,0.3604,0.3558,0.36519066815966617,0.34842332960083455,0.96,0.877,time,96
2025-12-24 14:30:00,2025-12-24 16:30:00,S,0.3559,0.3581756622085678,0.3581756622085678,0.35021084447858053,-1.0,-1.172,sl,24
2025-12-25 02:45:00,2025-12-25 09:15:00,L,0.3599,0.35612288376853524,0.35612288376853524,0.36934279057866193,-1.0,-1.105,sl,78
2025-12-25 09:20:00,2025-12-25 17:20:00,S,0.3568,0.3542,0.35987087350117564,0.34912281624706093,0.847,0.719,time,96
2025-12-25 19:45:00,2025-12-25 20:25:00,L,0.3589,0.35650782761429956,0.35650782761429956,0.3648804309642511,-1.0,-1.165,sl,8
2025-12-25 22:10:00,2025-12-25 22:45:00,S,0.3546,0.34386254775813774,0.35889498089674493,0.34386254775813774,2.5,2.409,tp,7
2025-12-25 22:50:00,2025-12-26 06:50:00,S,0.3448,0.3551,0.35867440147785584,0.3101139963053604,-0.742,-0.77,time,96
2025-12-26 08:00:00,2025-12-26 12:40:00,S,0.3519,0.3565087475448588,0.3565087475448588,0.340378131137853,-1.0,-1.084,sl,56
2025-12-26 12:45:00,2025-12-26 14:30:00,L,0.3565,0.35463983004756494,0.35463983004756494,0.3611504248810876,-1.0,-1.211,sl,21
2025-12-26 14:40:00,2025-12-26 16:55:00,S,0.354,0.3439937206880589,0.35800251172477643,0.3439937206880589,2.5,2.403,tp,27
2025-12-26 17:00:00,2025-12-26 17:25:00,S,0.3442,0.3480359369725846,0.3480359369725846,0.3346101575685385,-1.0,-1.099,sl,5
2025-12-27 03:35:00,2025-12-27 11:35:00,L,0.355,0.3544,0.35140904552065066,0.3639773861983733,-0.167,-0.276,time,96
2025-12-27 12:05:00,2025-12-27 20:05:00,L,0.3568,0.3648083755108641,0.35359664979565436,0.3648083755108641,2.5,2.377,tp,96
2025-12-27 20:10:00,2025-12-28 04:10:00,L,0.3633,0.3699,0.3562979382074992,0.38080515448125196,0.943,0.886,time,96
2025-12-28 05:35:00,2025-12-28 06:35:00,L,0.3708,0.37626571781276275,0.3686137128748949,0.37626571781276275,2.5,2.313,tp,12
2025-12-28 06:40:00,2025-12-28 09:35:00,L,0.3739,0.3698578572195453,0.3698578572195453,0.3840053569511368,-1.0,-1.102,sl,35
2025-12-28 15:15:00,2025-12-28 15:30:00,L,0.3714,0.3693287435115094,0.3693287435115094,0.3765781412212265,-1.0,-1.197,sl,3
2025-12-28 22:45:00,2025-12-28 23:50:00,L,0.3644,0.36828609574065185,0.36284556170373927,0.36828609574065185,2.5,2.242,tp,13
2025-12-28 23:55:00,2025-12-29 02:05:00,L,0.3679,0.37839061088495574,0.3637037556460177,0.37839061088495574,2.5,2.404,tp,26
2025-12-29 02:10:00,2025-12-29 09:45:00,L,0.3767,0.36741367714096895,0.36741367714096895,0.3999158071475776,-1.0,-1.045,sl,91
2025-12-29 12:10:00,2025-12-29 19:55:00,S,0.3659,0.35307967922971695,0.3710281283081132,0.35307967922971695,2.5,2.422,tp,93
2025-12-29 20:00:00,2025-12-30 04:00:00,S,0.3526,0.352,0.3574986726266118,0.3403533184334706,0.122,0.043,time,96
2025-12-30 07:00:00,2025-12-30 07:05:00,S,0.3511,0.352764422958254,0.352764422958254,0.3469389426043651,-1.0,-1.232,sl,1
2025-12-30 11:40:00,2025-12-30 14:50:00,S,0.3529,0.3551614581343047,0.3551614581343047,0.34724635466423814,-1.0,-1.172,sl,38
2025-12-30 21:00:00,2025-12-30 23:15:00,S,0.3489,0.3515754225616216,0.3515754225616216,0.3422114435959459,-1.0,-1.143,sl,27
2025-12-31 07:30:00,2025-12-31 11:40:00,S,0.3506,0.35228322882337093,0.35228322882337093,0.34639192794157275,-1.0,-1.229,sl,50
2025-12-31 13:35:00,2025-12-31 14:05:00,S,0.3491,0.35086614586307846,0.35086614586307846,0.3446846353423039,-1.0,-1.217,sl,6
2025-12-31 15:15:00,2025-12-31 16:40:00,S,0.3463,0.3352221931999976,0.35073112272000095,0.3352221931999976,2.5,2.414,tp,17
2025-12-31 16:45:00,2026-01-01 00:45:00,S,0.3339,0.3344,0.343157199227361,0.31075700193159744,-0.054,-0.094,time,96
2026-01-01 14:05:00,2026-01-01 17:30:00,L,0.343,0.352668999898579,0.33913240004056844,0.352668999898579,2.5,2.402,tp,41
2026-01-01 17:35:00,2026-01-02 01:35:00,L,0.3517,0.3563,0.34706944202136303,0.3632763949465925,0.993,0.91,time,96
2026-01-02 03:10:00,2026-01-02 07:35:00,L,0.3583,0.3553115342479502,0.3553115342479502,0.3657711643801245,-1.0,-1.132,sl,53
2026-01-02 09:15:00,2026-01-02 09:45:00,L,0.3583,0.36475508381608,0.355717966473568,0.36475508381608,2.5,2.347,tp,6
2026-01-02 09:50:00,2026-01-02 17:00:00,L,0.3663,0.39201510554056357,0.3560139577837746,0.39201510554056357,2.5,2.461,tp,86
2026-01-02 17:05:00,2026-01-03 01:05:00,L,0.3899,0.3949,0.37107629099414163,0.436959272514646,0.266,0.243,time,96
2026-01-03 14:05:00,2026-01-03 22:05:00,L,0.3876,0.3886,0.3851090213264878,0.39382744668378056,0.401,0.23,time,96
2026-01-03 22:40:00,2026-01-04 00:05:00,L,0.3894,0.3936239512276585,0.38771041950893664,0.3936239512276585,2.5,2.246,tp,17
2026-01-04 00:10:00,2026-01-04 04:15:00,L,0.3918,0.4003473859314222,0.3883810456274311,0.4003473859314222,2.5,2.374,tp,49
2026-01-04 04:20:00,2026-01-04 05:15:00,L,0.4014,0.39637508185866777,0.39637508185866777,0.4139622953533305,-1.0,-1.088,sl,11
2026-01-04 09:55:00,2026-01-04 14:45:00,L,0.4022,0.39615465717983167,0.39615465717983167,0.41731335705042083,-1.0,-1.073,sl,58
2026-01-04 16:35:00,2026-01-04 19:05:00,L,0.4013,0.39607011132980996,0.39607011132980996,0.41437472167547507,-1.0,-1.084,sl,30
2026-01-05 01:10:00,2026-01-05 04:25:00,L,0.405,0.39736205477769726,0.39736205477769726,0.42409486305575694,-1.0,-1.058,sl,39
2026-01-05 08:10:00,2026-01-05 08:35:00,L,0.403,0.3993836951811332,0.3993836951811332,0.4120407620471671,-1.0,-1.123,sl,5
2026-01-05 14:35:00,2026-01-05 15:40:00,L,0.4009,0.41159016822270755,0.39662393271091695,0.41159016822270755,2.5,2.397,tp,13
2026-01-05 15:45:00,2026-01-05 23:45:00,L,0.412,0.423,0.4006872767818726,0.4402818080453184,0.972,0.932,time,96
2026-01-06 01:25:00,2026-01-06 07:20:00,L,0.4277,0.4171707775432,0.4171707775432,0.4540230561420001,-1.0,-1.045,sl,71
2026-01-06 10:50:00,2026-01-06 14:05:00,L,0.4192,0.4266891952254275,0.41620432190982903,0.4266891952254275,2.5,2.346,tp,39
2026-01-06 14:10:00,2026-01-06 15:35:00,L,0.4262,0.4202419012738755,0.4202419012738755,0.4410952468153113,-1.0,-1.079,sl,17
2026-01-06 16:10:00,2026-01-07 00:10:00,S,0.4161,0.4177,0.4303315340796137,0.38052116480096576,-0.112,-0.145,time,96
2026-01-07 01:20:00,2026-01-07 08:00:00,S,0.4103,0.4193523768423479,0.4193523768423479,0.3876690578941303,-1.0,-1.05,sl,80
2026-01-07 08:05:00,2026-01-07 09:30:00,L,0.4195,0.4107668587088632,0.4107668587088632,0.44133285322784194,-1.0,-1.053,sl,17
2026-01-07 09:35:00,2026-01-07 17:35:00,S,0.4109,0.406,0.4229117983841506,0.3808705040396234,0.408,0.37,time,96
2026-01-07 19:15:00,2026-01-08 03:15:00,S,0.4013,0.4012,0.4058489670421661,0.3899275823945847,0.022,-0.075,time,96
2026-01-08 03:45:00,2026-01-08 11:45:00,S,0.3969,0.3901,0.40227441232631395,0.38346396918421505,1.265,1.184,time,96
2026-01-08 14:30:00,2026-01-08 15:10:00,S,0.3878,0.39033539676953816,0.39033539676953816,0.38146150807615453,-1.0,-1.168,sl,8
2026-01-08 20:30:00,2026-01-08 21:35:00,S,0.3895,0.3957264954019107,0.3957264954019107,0.37393376149522334,-1.0,-1.069,sl,13
2026-01-09 06:50:00,2026-01-09 08:00:00,L,0.3988,0.3950152203202131,0.3950152203202131,0.40826194919946723,-1.0,-1.116,sl,14
2026-01-09 08:40:00,2026-01-09 15:25:00,S,0.393,0.3994513702612069,0.3994513702612069,0.37687157434698276,-1.0,-1.067,sl,81
2026-01-09 18:35:00,2026-01-10 02:35:00,S,0.3916,0.3892,0.39749009903212823,0.37687475241967944,0.407,0.334,time,96
2026-01-10 03:10:00,2026-01-10 10:45:00,S,0.3865,0.39118352310885673,0.39118352310885673,0.37479119222785817,-1.0,-1.091,sl,91
2026-01-10 14:10:00,2026-01-10 22:10:00,S,0.3897,0.3877,0.3919617524854231,0.3840456187864423,0.884,0.695,time,96
2026-01-10 22:25:00,2026-01-11 02:05:00,S,0.3871,0.39046728881840187,0.39046728881840187,0.3786817779539953,-1.0,-1.126,sl,44
2026-01-11 12:50:00,2026-01-11 15:40:00,L,0.3942,0.3911221212978328,0.3911221212978328,0.401894696755418,-1.0,-1.141,sl,34
2026-01-11 15:45:00,2026-01-11 23:45:00,S,0.3908,0.3895,0.3963138735450334,0.37701531613741646,0.236,0.158,time,96
2026-01-12 01:25:00,2026-01-12 08:45:00,L,0.395,0.38527247837966505,0.38527247837966505,0.41931880405083743,-1.0,-1.045,sl,88
2026-01-12 08:50:00,2026-01-12 15:20:00,S,0.3869,0.3926693486539503,0.3926693486539503,0.3724766283651243,-1.0,-1.074,sl,78
2026-01-12 15:25:00,2026-01-12 23:25:00,L,0.3921,0.3881,0.380902949420187,0.42009262644953255,-0.357,-0.396,time,96
2026-01-13 05:15:00,2026-01-13 13:15:00,L,0.3914,0.3924,0.3860871589425099,0.4046821026437254,0.188,0.107,time,96
2026-01-13 14:25:00,2026-01-13 22:05:00,L,0.3977,0.4128418583675263,0.3916432566529895,0.4128418583675263,2.5,2.428,tp,92
2026-01-13 22:10:00,2026-01-14 06:10:00,L,0.4185,0.4215,0.4081955462343449,0.4442611344141377,0.291,0.246,time,96
2026-01-14 07:10:00,2026-01-14 10:35:00,L,0.4264,0.4175507191935396,0.4175507191935396,0.44852320201615103,-1.0,-1.053,sl,41
2026-01-14 14:40:00,2026-01-14 18:45:00,L,0.418,0.4103976099651185,0.4103976099651185,0.43700597508720374,-1.0,-1.06,sl,49
2026-01-15 01:40:00,2026-01-15 03:40:00,S,0.4097,0.3987662246745349,0.41407351013018606,0.3987662246745349,2.5,2.397,tp,24
2026-01-15 03:45:00,2026-01-15 11:45:00,S,0.3998,0.404,0.4080700745720642,0.3791248135698395,-0.508,-0.561,time,96
2026-01-15 13:20:00,2026-01-15 14:35:00,L,0.4082,0.4041942979438312,0.4041942979438312,0.418214255140422,-1.0,-1.112,sl,15
2026-01-15 14:40:00,2026-01-15 22:40:00,S,0.4031,0.3931,0.41078605621294645,0.38388485946763395,1.301,1.243,time,96
2026-01-16 02:25:00,2026-01-16 05:50:00,S,0.3905,0.39378386636805224,0.39378386636805224,0.38229033407986945,-1.0,-1.131,sl,41
2026-01-16 10:05:00,2026-01-16 15:20:00,S,0.3911,0.38595456950432905,0.3931581721982684,0.38595456950432905,2.5,2.291,tp,63
2026-01-16 15:25:00,2026-01-16 20:40:00,S,0.3869,0.3920753725244433,0.3920753725244433,0.37396156868889185,-1.0,-1.082,sl,63
2026-01-16 21:05:00,2026-01-17 05:05:00,L,0.3957,0.3958,0.38445457124120264,0.4238135718969934,0.009,-0.03,time,96
2026-01-17 05:25:00,2026-01-17 07:00:00,L,0.396,0.3940434581049416,0.3940434581049416,0.40089135473764603,-1.0,-1.223,sl,19
2026-01-17 13:50:00,2026-01-17 16:00:00,L,0.3974,0.40360963389289584,0.3949161464428416,0.40360963389289584,2.5,2.324,tp,26
2026-01-17 16:05:00,2026-01-17 16:30:00,L,0.4032,0.39947396144834474,0.39947396144834474,0.4125150963791382,-1.0,-1.119,sl,5
2026-01-17 22:35:00,2026-01-18 06:35:00,S,0.3967,0.3949,0.3989919134089403,0.39097021647764924,0.785,0.595,time,96
2026-01-18 15:05:00,2026-01-18 18:30:00,S,0.391,0.3952244496193673,0.3952244496193673,0.38043887595158177,-1.0,-1.102,sl,41
2026-01-18 23:05:00,2026-01-18 23:45:00,S,0.3909,0.3752964020957124,0.39714143916171507,0.3752964020957124,2.5,2.431,tp,8
2026-01-18 23:50:00,2026-01-19 07:50:00,S,0.3772,0.3643,0.3961829689922972,0.3297425775192569,0.68,0.658,time,96
2026-01-19 12:15:00,2026-01-19 19:15:00,S,0.3667,0.3726308683893372,0.3726308683893372,0.3518728290266572,-1.0,-1.068,sl,84
2026-01-19 22:15:00,2026-01-20 06:15:00,S,0.3687,0.3645,0.3717974678597061,0.36095633035073493,1.356,1.225,time,96
2026-01-20 08:15:00,2026-01-20 16:15:00,S,0.3638,0.3596,0.3679321306519114,0.3534696733702216,1.016,0.92,time,96
2026-01-20 16:45:00,2026-01-21 00:45:00,S,0.3532,0.3565,0.3602961197073469,0.3354597007316329,-0.465,-0.52,time,96
2026-01-21 12:00:00,2026-01-21 14:10:00,S,0.3546,0.35798379901828836,0.35798379901828836,0.3461405024542792,-1.0,-1.115,sl,26
2026-01-21 15:20:00,2026-01-21 16:20:00,L,0.3628,0.35798613812015273,0.35798613812015273,0.3748346546996182,-1.0,-1.083,sl,12
2026-01-21 16:45:00,2026-01-21 19:30:00,S,0.3483,0.3628522947877555,0.3628522947877555,0.31191926303061124,-1.0,-1.026,sl,33
2026-01-21 19:35:00,2026-01-22 03:35:00,L,0.3629,0.364,0.3498555175574521,0.3955112061063698,0.084,0.054,time,96
2026-01-22 13:15:00,2026-01-22 13:25:00,S,0.3631,0.36415229326532783,0.36415229326532783,0.36046926683668035,-1.0,-1.38,sl,2
2026-01-22 13:45:00,2026-01-22 21:45:00,S,0.3618,0.3595,0.3661089484258962,0.3510276289352595,0.534,0.441,time,96
2026-01-23 03:20:00,2026-01-23 06:25:00,L,0.362,0.3589224554609886,0.3589224554609886,0.36969386134752846,-1.0,-1.129,sl,37
2026-01-23 06:30:00,2026-01-23 14:30:00,S,0.3597,0.3553,0.36262193985908664,0.35239515035228347,1.506,1.37,time,96
2026-01-23 14:35:00,2026-01-23 15:45:00,S,0.3553,0.36041570199077955,0.36041570199077955,0.3425107450230511,-1.0,-1.076,sl,14
2026-01-23 16:05:00,2026-01-24 00:05:00,L,0.3617,0.3601,0.3526070403384897,0.3844323991537758,-0.176,-0.22,time,96
2026-01-24 03:30:00,2026-01-24 07:35:00,L,0.3615,0.3592312449784218,0.3592312449784218,0.3671718875539455,-1.0,-1.175,sl,49
2026-01-24 07:40:00,2026-01-24 15:40:00,S,0.3595,0.3582,0.3605481176170379,0.35687970595740515,1.24,0.863,time,96
2026-01-24 16:20:00,2026-01-24 22:10:00,S,0.3571,0.35988344733305766,0.35988344733305766,0.35014138166735576,-1.0,-1.141,sl,70
2026-01-24 23:45:00,2026-01-25 07:45:00,S,0.3578,0.3553,0.360152668133135,0.3519183296671625,1.063,0.895,time,96
2026-01-25 08:50:00,2026-01-25 09:40:00,S,0.3543,0.35678571857618824,0.35678571857618824,0.3480857035595294,-1.0,-1.157,sl,10
2026-01-25 14:15:00,2026-01-25 16:05:00,S,0.354,0.3465516444331813,0.35697934222672745,0.3465516444331813,2.5,2.369,tp,22
2026-01-25 16:10:00,2026-01-26 00:10:00,S,0.3459,0.3408,0.353871493162892,0.3259712670927699,0.64,0.592,time,96
2026-01-26 09:20:00,2026-01-26 14:35:00,S,0.3462,0.3516890823893011,0.3516890823893011,0.3324772940267473,-1.0,-1.069,sl,63
2026-01-26 14:40:00,2026-01-26 22:40:00,L,0.3518,0.3522,0.3475592138283358,0.3624019654291605,0.094,0.003,time,96
2026-01-27 01:50:00,2026-01-27 06:45:00,L,0.3543,0.35081395946269,0.35081395946269,0.36301510134327497,-1.0,-1.112,sl,59
2026-01-27 06:50:00,2026-01-27 08:00:00,S,0.3509,0.35274745426445303,0.35274745426445303,0.34628136433886736,-1.0,-1.209,sl,14
2026-01-27 09:20:00,2026-01-27 14:15:00,S,0.3499,0.3520699516938074,0.3520699516938074,0.3444751207654815,-1.0,-1.177,sl,59
2026-01-27 16:05:00,2026-01-27 21:05:00,L,0.3524,0.3629596327189561,0.34817614691241755,0.3629596327189561,2.5,2.408,tp,60
2026-01-27 21:10:00,2026-01-28 04:05:00,L,0.362,0.35574694332643464,0.35574694332643464,0.37763264168391336,-1.0,-1.064,sl,83
2026-01-28 06:15:00,2026-01-28 14:15:00,L,0.3579,0.3589,0.354827261403592,0.36558184649102,0.325,0.197,time,96
2026-01-29 01:30:00,2026-01-29 04:10:00,S,0.3549,0.3480877017574573,0.35762491929701706,0.3480877017574573,2.5,2.357,tp,32
2026-01-29 04:15:00,2026-01-29 12:15:00,S,0.3486,0.346,0.3530136782452868,0.3375658043867831,0.589,0.502,time,96
2026-01-29 12:25:00,2026-01-29 14:30:00,S,0.3459,0.34325083055861294,0.3469596677765548,0.34325083055861294,2.5,2.141,tp,25
2026-01-29 14:35:00,2026-01-29 15:05:00,S,0.3433,0.33403129037073015,0.34700748385170793,0.33403129037073015,2.5,2.398,tp,6
2026-01-29 15:10:00,2026-01-29 23:10:00,S,0.3344,0.3334,0.3471173871688113,0.30260653207797167,0.079,0.05,time,96
2026-01-30 01:45:00,2026-01-30 09:45:00,S,0.323,0.3213,0.33500581336709984,0.29298546658225044,0.142,0.112,time,96
2026-01-30 15:35:00,2026-01-30 18:55:00,S,0.3242,0.3284099413635737,0.3284099413635737,0.31367514659106566,-1.0,-1.085,sl,40
2026-01-30 22:25:00,2026-01-31 06:25:00,S,0.3219,0.3119,0.3264340322299204,0.31056491942519904,2.206,2.127,time,96
2026-01-31 06:30:00,2026-01-31 14:25:00,S,0.3119,0.3006145048967964,0.31641419804128146,0.3006145048967964,2.5,2.424,tp,95
2026-01-31 14:30:00,2026-01-31 22:30:00,S,0.297,0.2884,0.3092639628220296,0.2663400929449259,0.701,0.675,time,96
2026-02-01 06:00:00,2026-02-01 07:35:00,S,0.2948,0.29728857273829234,0.29728857273829234,0.2885785681542692,-1.0,-1.13,sl,19
2026-02-01 11:00:00,2026-02-01 19:00:00,S,0.2918,0.289,0.29800323595513567,0.2762919101121608,0.451,0.4,time,96
2026-02-01 20:30:00,2026-02-01 20:35:00,S,0.2843,0.2894437729734972,0.2894437729734972,0.27144056756625695,-1.0,-1.061,sl,1
2026-02-02 03:25:00,2026-02-02 09:25:00,S,0.2796,0.291234944449939,0.291234944449939,0.2505126388751525,-1.0,-1.026,sl,72
2026-02-02 12:20:00,2026-02-02 14:30:00,L,0.2942,0.299969174341853,0.29189233026325884,0.299969174341853,2.5,2.36,tp,26
2026-02-02 14:35:00,2026-02-02 22:35:00,L,0.2991,0.3004,0.29445025828600585,0.3107243542849853,0.28,0.209,time,96
2026-02-03 02:35:00,2026-02-03 04:40:00,S,0.2966,0.2999044677641284,0.2999044677641284,0.28833883058967896,-1.0,-1.099,sl,25
2026-02-03 04:45:00,2026-02-03 06:05:00,L,0.3016,0.2968870014043818,0.2968870014043818,0.3133824964890455,-1.0,-1.07,sl,16
2026-02-03 09:30:00,2026-02-03 15:25:00,S,0.2942,0.30083058469117363,0.30083058469117363,0.277623538272066,-1.0,-1.049,sl,71
2026-02-03 15:30:00,2026-02-03 17:05:00,L,0.3003,0.29271741241653837,0.29271741241653837,0.3192564689586541,-1.0,-1.044,sl,19
2026-02-03 17:10:00,2026-02-03 20:30:00,S,0.2924,0.30269473289977233,0.30269473289977233,0.26666316775056914,-1.0,-1.031,sl,40
2026-02-03 20:35:00,2026-02-03 23:05:00,L,0.3004,0.2902742399011851,0.2902742399011851,0.32571440024703724,-1.0,-1.033,sl,30
2026-02-03 23:10:00,2026-02-04 01:00:00,S,0.2919,0.29657204317528735,0.29657204317528735,0.2802198920617816,-1.0,-1.069,sl,22
2026-02-04 01:15:00,2026-02-04 09:15:00,L,0.2986,0.3007,0.29037099623573853,0.31917250941065356,0.255,0.215,time,96
2026-02-04 13:45:00,2026-02-04 15:35:00,S,0.2932,0.28446880505511657,0.2966924779779534,0.28446880505511657,2.5,2.408,tp,22
2026-02-04 15:40:00,2026-02-04 23:40:00,S,0.2847,0.2867,0.2941009983051155,0.26119750423721133,-0.213,-0.246,time,96
2026-02-05 03:10:00,2026-02-05 10:35:00,S,0.286,0.27750631606022574,0.28939747357590967,0.27750631606022574,2.5,2.407,tp,89
2026-02-05 10:50:00,2026-02-05 15:20:00,S,0.2748,0.26022275913281634,0.28063089634687344,0.26022275913281634,2.5,2.448,tp,54
2026-02-05 15:25:00,2026-02-05 23:25:00,S,0.2614,0.2511,0.27803601453043336,0.21980996367391667,0.619,0.602,time,96
2026-02-06 00:10:00,2026-02-06 05:05:00,S,0.24,0.2545784212899201,0.2545784212899201,0.20355394677519975,-1.0,-1.018,sl,59
2026-02-06 08:20:00,2026-02-06 09:30:00,S,0.2501,0.254662332920184,0.254662332920184,0.23869416769954002,-1.0,-1.06,sl,14
2026-02-06 14:35:00,2026-02-06 16:20:00,L,0.2663,0.27776311591250086,0.26171475363499963,0.27776311591250086,2.5,2.436,tp,21
2026-02-06 16:25:00,2026-02-07 00:25:00,L,0.2781,0.2735,0.26931458139102055,0.3000635465224487,-0.524,-0.558,time,96
2026-02-07 04:05:00,2026-02-07 06:50:00,L,0.2759,0.27240592840096134,0.27240592840096134,0.2846351789975966,-1.0,-1.087,sl,33
2026-02-07 07:10:00,2026-02-07 15:10:00,S,0.269,0.2711,0.27514580053318455,0.2536354986670387,-0.342,-0.39,time,96
2026-02-07 16:10:00,2026-02-08 00:10:00,L,0.2746,0.272,0.26995114170053247,0.2862221457486689,-0.559,-0.624,time,96
2026-02-08 08:35:00,2026-02-08 10:25:00,L,0.2758,0.26967230208325416,0.26967230208325416,0.2911192447918646,-1.0,-1.05,sl,22
2026-02-08 13:00:00,2026-02-08 15:20:00,L,0.2748,0.27259917948006807,0.27259917948006807,0.28030205129982977,-1.0,-1.137,sl,28
2026-02-08 16:40:00,2026-02-08 18:30:00,S,0.2702,0.27339679479252077,0.27339679479252077,0.26220801301869806,-1.0,-1.093,sl,22
2026-02-08 18:40:00,2026-02-08 21:35:00,L,0.2739,0.2697921122735416,0.2697921122735416,0.2841697193161459,-1.0,-1.073,sl,35
2026-02-08 21:40:00,2026-02-08 23:00:00,S,0.2693,0.2722840541685292,0.2722840541685292,0.261839864578677,-1.0,-1.099,sl,16
2026-02-08 23:40:00,2026-02-09 07:40:00,S,0.2688,0.2692,0.2765706842456189,0.24937328938595263,-0.051,-0.09,time,96
2026-02-09 08:05:00,2026-02-09 09:35:00,S,0.2695,0.26456371447322036,0.2714745142107119,0.26456371447322036,2.5,2.35,tp,18
2026-02-09 09:40:00,2026-02-09 15:05:00,S,0.2642,0.2676917070290411,0.2676917070290411,0.2554707324273972,-1.0,-1.083,sl,65
2026-02-09 16:45:00,2026-02-10 00:45:00,L,0.2693,0.2685,0.2651620555823363,0.2796448610441592,-0.193,-0.265,time,96
2026-02-10 03:20:00,2026-02-10 11:20:00,S,0.2664,0.2637,0.2698809624260624,0.25769759393484404,0.776,0.691,time,96
2026-02-10 14:45:00,2026-02-10 22:45:00,S,0.2629,0.2619,0.26623425023232533,0.2545643744191868,0.3,0.213,time,96
2026-02-11 03:20:00,2026-02-11 11:20:00,S,0.2606,0.2543,0.26476915116324506,0.25017712209188736,1.511,1.442,time,96
2026-02-11 15:00:00,2026-02-11 23:00:00,S,0.2536,0.2562,0.26350063861518425,0.22884840346203936,-0.263,-0.291,time,96
2026-02-11 23:25:00,2026-02-12 00:35:00,S,0.2549,0.25839575068903387,0.25839575068903387,0.2461606232774154,-1.0,-1.08,sl,14
2026-02-12 06:20:00,2026-02-12 10:50:00,L,0.26,0.26790433774967126,0.2568382649001315,0.26790433774967126,2.5,2.41,tp,54
2026-02-12 10:55:00,2026-02-12 12:45:00,L,0.2683,0.26449389574881443,0.26449389574881443,0.27781526062796386,-1.0,-1.078,sl,22
2026-02-12 16:05:00,2026-02-13 00:05:00,S,0.2631,0.264,0.26744710690920215,0.25223223272699463,-0.207,-0.274,time,96
2026-02-13 05:10:00,2026-02-13 08:45:00,S,0.2606,0.26335692712481007,0.26335692712481007,0.2537076821879748,-1.0,-1.104,sl,43
2026-02-13 08:50:00,2026-02-13 15:25:00,L,0.2638,0.27099565787337254,0.26092173685065095,0.27099565787337254,2.5,2.399,tp,79
2026-02-13 15:30:00,2026-02-13 23:30:00,L,0.2711,0.2724,0.2629115877876438,0.29157103053089056,0.159,0.122,time,96
2026-02-14 00:50:00,2026-02-14 08:35:00,L,0.2741,0.2792572763428476,0.272037089462861,0.2792572763428476,2.5,2.354,tp,93
2026-02-14 08:40:00,2026-02-14 16:40:00,L,0.2793,0.2882,0.2749126560695623,0.2902683598260943,2.029,1.959,time,96
2026-02-14 16:45:00,2026-02-14 19:45:00,L,0.2882,0.29848393860064676,0.2840864245597413,0.29848393860064676,2.5,2.423,tp,36
2026-02-14 19:50:00,2026-02-15 03:50:00,L,0.2983,0.2968,0.29193256713994037,0.3142185821501491,-0.236,-0.287,time,96
2026-02-15 04:15:00,2026-02-15 10:15:00,L,0.2998,0.29213173534280534,0.29213173534280534,0.3189706616429867,-1.0,-1.043,sl,72
2026-02-15 12:10:00,2026-02-15 20:10:00,S,0.2888,0.2799,0.2935990775139339,0.27680230621516533,1.855,1.788,time,96
2026-02-16 05:30:00,2026-02-16 09:00:00,S,0.2784,0.28278324377213043,0.28278324377213043,0.2674418905696738,-1.0,-1.07,sl,42
2026-02-16 09:05:00,2026-02-16 11:20:00,L,0.2835,0.2797197241989004,0.2797197241989004,0.29295068950274894,-1.0,-1.082,sl,27
2026-02-16 11:25:00,2026-02-16 12:25:00,S,0.279,0.28421239323159125,0.28421239323159125,0.26596901692102193,-1.0,-1.059,sl,12
2026-02-16 12:30:00,2026-02-16 14:25:00,L,0.2858,0.2788689181068874,0.2788689181068874,0.3031277047327815,-1.0,-1.045,sl,23
2026-02-16 15:35:00,2026-02-16 20:50:00,S,0.2779,0.28588967982973984,0.28588967982973984,0.25792580042565033,-1.0,-1.038,sl,63
2026-02-16 21:20:00,2026-02-17 05:20:00,L,0.2852,0.2846,0.28110008535992775,0.2954497866001806,-0.146,-0.223,time,96
2026-02-17 07:50:00,2026-02-17 08:15:00,L,0.2892,0.2855101365159651,0.2855101365159651,0.2984246587100874,-1.0,-1.086,sl,5
2026-02-17 09:05:00,2026-02-17 17:05:00,S,0.2831,0.282,0.28708468786579633,0.27313828033550924,0.276,0.198,time,96
2026-02-18 01:15:00,2026-02-18 02:05:00,S,0.2796,0.2817701184001356,0.2817701184001356,0.27417470399966104,-1.0,-1.142,sl,10
2026-02-18 03:05:00,2026-02-18 11:05:00,L,0.2829,0.281,0.27973519312826817,0.29081201717932953,-0.6,-0.699,time,96
2026-02-18 11:10:00,2026-02-18 15:40:00,S,0.281,0.28618531331638897,0.28618531331638897,0.2680367167090277,-1.0,-1.06,sl,54
2026-02-18 15:45:00,2026-02-18 18:15:00,L,0.2855,0.2782513013308357,0.2782513013308357,0.30362174667291064,-1.0,-1.043,sl,30
2026-02-18 18:20:00,2026-02-19 02:20:00,S,0.2779,0.2754,0.28119258097903993,0.2696685475524001,0.759,0.666,time,96
2026-02-19 05:25:00,2026-02-19 06:05:00,S,0.2736,0.2754709806601284,0.2754709806601284,0.2689225483496791,-1.0,-1.161,sl,8
2026-02-19 08:40:00,2026-02-19 16:40:00,S,0.2733,0.2696,0.27708600839859665,0.26383497900350833,0.977,0.898,time,96
2026-02-20 04:05:00,2026-02-20 05:30:00,S,0.2731,0.27475289490326577,0.27475289490326577,0.26896776274183565,-1.0,-1.182,sl,17
2026-02-20 09:15:00,2026-02-20 13:30:00,L,0.2763,0.27322997619940753,0.27322997619940753,0.28397505950148116,-1.0,-1.099,sl,51
2026-02-20 13:35:00,2026-02-20 14:35:00,S,0.2719,0.27843790007618635,0.27843790007618635,0.25555524980953404,-1.0,-1.046,sl,12
2026-02-20 14:40:00,2026-02-20 22:40:00,L,0.2776,0.2842,0.2693463690621898,0.29823407734452556,0.8,0.763,time,96
2026-02-21 09:15:00,2026-02-21 16:00:00,L,0.2838,0.28094234506571714,0.28094234506571714,0.2909441373357071,-1.0,-1.109,sl,81
2026-02-21 16:05:00,2026-02-22 00:05:00,S,0.2809,0.2798,0.28358193258066766,0.2741951685483308,0.41,0.295,time,96
2026-02-22 00:25:00,2026-02-22 08:25:00,S,0.2783,0.2752,0.2805698606024069,0.2726253484939827,1.366,1.231,time,96
2026-02-22 12:15:00,2026-02-22 20:15:00,S,0.2735,0.2696,0.2764585327430744,0.266103668142314,1.318,1.217,time,96
2026-02-22 20:55:00,2026-02-22 21:35:00,S,0.269,0.26994871115903596,0.26994871115903596,0.26662822210241016,-1.0,-1.312,sl,8
2026-02-23 01:00:00,2026-02-23 01:20:00,S,0.2681,0.25815406386945505,0.272078374452218,0.25815406386945505,2.5,2.426,tp,4
2026-02-23 01:25:00,2026-02-23 09:25:00,S,0.2584,0.2671,0.2711371952269792,0.22655701193255204,-0.683,-0.705,time,96
2026-02-23 12:40:00,2026-02-23 14:35:00,L,0.2738,0.27028438798081617,0.27028438798081617,0.28258903004795954,-1.0,-1.086,sl,23
2026-02-23 14:40:00,2026-02-23 22:40:00,S,0.2697,0.2641,0.27409019676398044,0.2587245080900489,1.276,1.208,time,96
2026-02-24 01:15:00,2026-02-24 09:15:00,S,0.2616,0.2571,0.26447208549422846,0.25441978626442885,1.567,1.467,time,96
2026-02-24 14:35:00,2026-02-24 14:40:00,S,0.254,0.25668105404886254,0.25668105404886254,0.24729736487784365,-1.0,-1.104,sl,1
2026-02-24 23:10:00,2026-02-25 01:05:00,S,0.2576,0.26086702529610195,0.26086702529610195,0.2494324367597451,-1.0,-1.087,sl,23
2026-02-25 01:10:00,2026-02-25 01:20:00,L,0.2608,0.26874585646275406,0.25762165741489834,0.26874585646275406,2.5,2.41,tp,2
2026-02-25 01:25:00,2026-02-25 09:25:00,L,0.2676,0.2696,0.2575194789157131,0.2928013027107173,0.198,0.169,time,96
2026-02-25 10:05:00,2026-02-25 12:20:00,L,0.27,0.27467468525667416,0.2681301258973304,0.27467468525667416,2.5,2.341,tp,27
2026-02-25 12:25:00,2026-02-25 15:00:00,L,0.2746,0.28912413191984654,0.2687903472320614,0.28912413191984654,2.5,2.448,tp,31
2026-02-25 15:05:00,2026-02-25 21:35:00,L,0.2883,0.3130031772623134,0.27841872909507465,0.3130031772623134,2.5,2.468,tp,78
2026-02-25 21:40:00,2026-02-25 22:40:00,L,0.3118,0.3058636207844128,0.3058636207844128,0.32664094803896804,-1.0,-1.058,sl,12
2026-02-26 04:35:00,2026-02-26 05:10:00,L,0.2983,0.2945805334476663,0.2945805334476663,0.3075986663808342,-1.0,-1.088,sl,7
2026-02-26 17:00:00,2026-02-27 01:00:00,S,0.2839,0.2861,0.2918847015437233,0.26393824614069167,-0.276,-0.315,time,96
2026-02-27 02:10:00,2026-02-27 05:10:00,L,0.2878,0.29498608067621945,0.2849255677295122,0.29498608067621945,2.5,2.39,tp,36
2026-02-27 05:15:00,2026-02-27 06:15:00,L,0.2943,0.2918963678129902,0.2918963678129902,0.30030908046752447,-1.0,-1.135,sl,12
2026-02-27 10:15:00,2026-02-27 18:15:00,S,0.2872,0.277,0.2938337267069412,0.27061568323264706,1.538,1.49,time,96
2026-02-27 22:35:00,2026-02-27 23:00:00,S,0.2727,0.27699843475902247,0.27699843475902247,0.2619539131024438,-1.0,-1.07,sl,5
2026-02-28 04:35:00,2026-02-28 06:15:00,S,0.2761,0.27093373204224785,0.2781665071831009,0.27093373204224785,2.5,2.353,tp,20
2026-02-28 06:20:00,2026-02-28 14:20:00,S,0.271,0.2682,0.27684497428064353,0.25638756429839127,0.479,0.428,time,96
2026-02-28 20:25:00,2026-03-01 04:25:00,L,0.2798,0.2852,0.27173010696526634,0.29997473258683416,0.669,0.631,time,96
2026-03-01 09:05:00,2026-03-01 17:05:00,S,0.2798,0.2767,0.28352372269519316,0.2704906932620171,0.833,0.75,time,96
2026-03-01 17:20:00,2026-03-02 01:20:00,S,0.2743,0.2765,0.28165102733452185,0.2559224316636953,-0.299,-0.34,time,96
2026-03-02 06:20:00,2026-03-02 14:20:00,S,0.2716,0.2705,0.2765009604812358,0.25934759879691055,0.224,0.163,time,96
2026-03-02 14:35:00,2026-03-02 15:35:00,L,0.2741,0.2859643832666787,0.2693542466933285,0.2859643832666787,2.5,2.436,tp,12
2026-03-02 15:40:00,2026-03-02 23:40:00,L,0.2862,0.2761,0.27276211373840725,0.3197947156539819,-0.752,-0.775,time,96
2026-03-02 23:45:00,2026-03-03 07:45:00,S,0.2761,0.2683,0.28129638497410125,0.2631090375647469,1.501,1.443,time,96
2026-03-03 08:25:00,2026-03-03 11:30:00,S,0.2679,0.26265371410736144,0.26999851435705546,0.26265371410736144,2.5,2.36,tp,37
2026-03-03 11:35:00,2026-03-03 12:10:00,S,0.2634,0.26578862541142073,0.26578862541142073,0.25742843647144825,-1.0,-1.121,sl,7
2026-03-03 20:20:00,2026-03-04 01:40:00,S,0.2627,0.26610474920110205,0.26610474920110205,0.2541881269972448,-1.0,-1.085,sl,64
2026-03-04 08:05:00,2026-03-04 14:30:00,L,0.2643,0.27483086286976116,0.2600876548520955,0.27483086286976116,2.5,2.431,tp,77
2026-03-04 14:35:00,2026-03-04 22:35:00,L,0.2767,0.2787,0.269747859416466,0.294080351458835,0.288,0.244,time,96
2026-03-05 04:50:00,2026-03-05 05:20:00,L,0.2756,0.27321836517170395,0.27321836517170395,0.28155408707074014,-1.0,-1.127,sl,6
2026-03-05 07:55:00,2026-03-05 10:25:00,S,0.2709,0.27468744858779,0.27468744858779,0.26143137853052495,-1.0,-1.079,sl,30
2026-03-05 10:30:00,2026-03-05 15:05:00,L,0.2755,0.2722938520735547,0.2722938520735547,0.28351536981611325,-1.0,-1.095,sl,55
2026-03-05 15:25:00,2026-03-05 23:25:00,S,0.2707,0.2694,0.27698163995720954,0.25499590010697615,0.207,0.16,time,96
2026-03-06 01:30:00,2026-03-06 01:30:00,S,0.2674,0.26935948720780284,0.26935948720780284,0.262501281980493,-1.0,-1.15,sl,0
2026-03-06 05:50:00,2026-03-06 06:45:00,S,0.2672,0.26956812776056516,0.26956812776056516,0.2612796805985871,-1.0,-1.124,sl,11
2026-03-06 07:30:00,2026-03-06 09:05:00,L,0.271,0.26792038104978766,0.26792038104978766,0.2786990473755309,-1.0,-1.097,sl,19
2026-03-06 09:15:00,2026-03-06 14:35:00,S,0.2671,0.2588798282071053,0.27038806871715787,0.2588798282071053,2.5,2.411,tp,64
2026-03-06 14:40:00,2026-03-06 22:40:00,S,0.2597,0.2595,0.2690582523100986,0.23630436922475342,0.021,-0.009,time,96
2026-03-07 02:25:00,2026-03-07 03:00:00,S,0.2585,0.25973877107795945,0.25973877107795945,0.2554030723051014,-1.0,-1.23,sl,7
2026-03-07 04:05:00,2026-03-07 12:05:00,S,0.2571,0.2581,0.26086866491547955,0.2476783377113011,-0.265,-0.34,time,96
2026-03-07 14:05:00,2026-03-07 22:05:00,S,0.2533,0.2546,0.25842572058615904,0.2404856985346025,-0.254,-0.308,time,96
2026-03-07 22:40:00,2026-03-08 04:50:00,S,0.2537,0.24953362660647635,0.25536654935740943,0.24953362660647635,2.5,2.333,tp,74
2026-03-08 04:55:00,2026-03-08 05:25:00,S,0.2499,0.25257170018244507,0.25257170018244507,0.24322074954388737,-1.0,-1.103,sl,6
2026-03-08 12:15:00,2026-03-08 20:15:00,S,0.2524,0.2527,0.25549308758847916,0.24466728102880214,-0.097,-0.187,time,96
2026-03-08 22:05:00,2026-03-09 00:35:00,S,0.2468,0.25323327161874815,0.25323327161874815,0.23071682095312962,-1.0,-1.042,sl,30
2026-03-09 05:45:00,2026-03-09 07:15:00,L,0.2575,0.2523720151127564,0.2523720151127564,0.27031996221810894,-1.0,-1.055,sl,18
2026-03-09 13:30:00,2026-03-09 15:30:00,L,0.2575,0.2550036119112993,0.2550036119112993,0.2637409702217518,-1.0,-1.113,sl,24
2026-03-09 19:35:00,2026-03-09 22:50:00,L,0.2602,0.2548479563740273,0.2548479563740273,0.2735801090649317,-1.0,-1.053,sl,39
2026-03-09 22:55:00,2026-03-10 00:45:00,S,0.255,0.25868707024084653,0.25868707024084653,0.2457823243978837,-1.0,-1.076,sl,22
2026-03-10 02:35:00,2026-03-10 10:35:00,L,0.2606,0.2662,0.25620596320854494,0.27158509197863767,1.274,1.209,time,96
2026-03-10 10:55:00,2026-03-10 11:30:00,L,0.2676,0.26500059000423626,0.26500059000423626,0.27409852498940934,-1.0,-1.113,sl,7
2026-03-10 14:45:00,2026-03-10 21:45:00,L,0.2667,0.26063535183888203,0.26063535183888203,0.2818616204027949,-1.0,-1.048,sl,84
2026-03-11 02:20:00,2026-03-11 04:50:00,S,0.2599,0.26156943093313545,0.26156943093313545,0.25572642266716145,-1.0,-1.171,sl,30
2026-03-11 04:55:00,2026-03-11 05:40:00,L,0.262,0.25893203824365835,0.25893203824365835,0.26966990439085414,-1.0,-1.094,sl,9
2026-03-11 05:45:00,2026-03-11 12:30:00,S,0.2583,0.26227347773717075,0.26227347773717075,0.24836630565707304,-1.0,-1.072,sl,81
2026-03-11 12:35:00,2026-03-11 20:35:00,L,0.2612,0.2633,0.25769877062195035,0.2699530734451241,0.6,0.518,time,96
2026-03-12 01:05:00,2026-03-12 09:05:00,S,0.2609,0.2604,0.26307016409220463,0.2554745897694885,0.23,0.098,time,96
2026-03-12 09:45:00,2026-03-12 14:25:00,L,0.2628,0.2597280115554443,0.2597280115554443,0.2704799711113892,-1.0,-1.094,sl,56
2026-03-12 22:05:00,2026-03-13 00:15:00,L,0.2633,0.2676844732161871,0.26154621071352513,0.2676844732161871,2.5,2.335,tp,26
2026-03-13 00:20:00,2026-03-13 08:20:00,L,0.2668,0.272,0.26217271579078727,0.27836821052303173,1.124,1.06,time,96
2026-03-13 10:50:00,2026-03-13 11:20:00,L,0.2755,0.273516916075949,0.273516916075949,0.2804577098101275,-1.0,-1.153,sl,6
2026-03-13 12:35:00,2026-03-13 14:55:00,L,0.2766,0.27299303110131484,0.27299303110131484,0.28561742224671294,-1.0,-1.084,sl,28
2026-03-13 17:30:00,2026-03-14 01:30:00,S,0.2696,0.2644,0.2729967358814072,0.261108160296482,1.531,1.444,time,96
2026-03-14 01:40:00,2026-03-14 02:10:00,S,0.2641,0.26527535597913154,0.26527535597913154,0.26116161005217114,-1.0,-1.247,sl,6
2026-03-14 05:40:00,2026-03-14 13:40:00,S,0.2635,0.2613,0.2664597078598412,0.25610073035039704,0.743,0.645,time,96
2026-03-14 15:05:00,2026-03-14 16:25:00,S,0.2602,0.26145324732988595,0.26145324732988595,0.2570668816752851,-1.0,-1.228,sl,16
2026-03-14 17:55:00,2026-03-14 23:00:00,S,0.2595,0.2613362645331079,0.2613362645331079,0.2549093386672303,-1.0,-1.155,sl,61
2026-03-15 02:45:00,2026-03-15 10:45:00,L,0.2647,0.2653,0.26102711180559146,0.2738822204860213,0.163,0.084,time,96
2026-03-15 17:55:00,2026-03-15 18:45:00,L,0.265,0.2624268817240875,0.2624268817240875,0.2714327956897813,-1.0,-1.113,sl,10
2026-03-15 18:55:00,2026-03-15 21:30:00,S,0.2623,0.2654702976830322,0.2654702976830322,0.2543742557924194,-1.0,-1.091,sl,31
2026-03-15 21:35:00,2026-03-16 03:20:00,L,0.2656,0.2732758400256614,0.26252966398973543,0.2732758400256614,2.5,2.405,tp,69
2026-03-16 03:25:00,2026-03-16 05:35:00,L,0.2736,0.28663054976369456,0.2683877800945222,0.28663054976369456,2.5,2.442,tp,26
2026-03-16 05:40:00,2026-03-16 13:40:00,L,0.2866,0.2866,0.2804314575691741,0.3020213560770648,0.0,-0.051,time,96
2026-03-16 18:30:00,2026-03-17 02:30:00,L,0.288,0.2905,0.284392563691694,0.29701859077076487,0.693,0.605,time,96
2026-03-17 07:20:00,2026-03-17 15:20:00,L,0.288,0.2863,0.28329737766288215,0.29975655584279454,-0.362,-0.429,time,96
2026-03-17 18:05:00,2026-03-18 00:30:00,L,0.2903,0.2862187051110506,0.2862187051110506,0.3005032372223736,-1.0,-1.078,sl,77
2026-03-18 02:35:00,2026-03-18 07:00:00,L,0.291,0.2879119837450088,0.2879119837450088,0.2987200406374779,-1.0,-1.104,sl,53
2026-03-18 10:00:00,2026-03-18 10:40:00,L,0.2908,0.2884448486017787,0.2884448486017787,0.2966878784955532,-1.0,-1.136,sl,8
2026-03-18 11:05:00,2026-03-18 14:00:00,S,0.2866,0.2746222794828952,0.29139108820684195,0.2746222794828952,2.5,2.434,tp,35
2026-03-18 14:05:00,2026-03-18 22:05:00,S,0.2752,0.2733,0.2776155995505843,0.26916100112353925,0.787,0.661,time,96
2026-03-19 02:05:00,2026-03-19 03:15:00,S,0.2722,0.27386651978599147,0.27386651978599147,0.2680337005350213,-1.0,-1.18,sl,14
2026-03-19 05:30:00,2026-03-19 07:20:00,S,0.2714,0.2672487211292569,0.2730605115482972,0.2672487211292569,2.5,2.32,tp,22
2026-03-19 07:25:00,2026-03-19 15:25:00,S,0.2669,0.2634,0.2720154686289165,0.2541113284277088,0.684,0.627,time,96
2026-03-19 22:40:00,2026-03-20 00:05:00,S,0.2658,0.26787050605370016,0.26787050605370016,0.2606237348657495,-1.0,-1.141,sl,17
2026-03-20 07:05:00,2026-03-20 08:10:00,S,0.2688,0.27197863071063144,0.27197863071063144,0.2608534232234213,-1.0,-1.093,sl,13
2026-03-20 10:15:00,2026-03-20 11:10:00,S,0.2678,0.2698617546155717,0.2698617546155717,0.2626456134610706,-1.0,-1.143,sl,11
2026-03-20 11:40:00,2026-03-20 19:40:00,S,0.2675,0.2635,0.270074363664621,0.2610640908384475,1.554,1.439,time,96
2026-03-21 07:40:00,2026-03-21 15:40:00,S,0.2654,0.2636,0.2669445384560476,0.26153865385988107,1.165,0.976,time,96
2026-03-21 23:15:00,2026-03-21 23:50:00,S,0.2641,0.260759667367943,0.2654361330528228,0.260759667367943,2.5,2.283,tp,7
2026-03-21 23:55:00,2026-03-22 07:55:00,S,0.2589,0.2565,0.26502193633326476,0.24359515916683816,0.392,0.346,time,96
2026-03-22 08:00:00,2026-03-22 16:00:00,S,0.2565,0.2553,0.25875578012750633,0.25086054968123417,0.532,0.407,time,96
2026-03-22 16:35:00,2026-03-22 21:05:00,S,0.2541,0.24969176983678312,0.25586329206528674,0.24969176983678312,2.5,2.341,tp,54
2026-03-22 21:10:00,2026-03-22 23:10:00,S,0.2502,0.2525844940514567,0.2525844940514567,0.24423876487135812,-1.0,-1.115,sl,24
2026-03-23 06:40:00,2026-03-23 11:05:00,S,0.2493,0.25257281744124926,0.25257281744124926,0.24111795639687683,-1.0,-1.084,sl,53
2026-03-23 11:10:00,2026-03-23 19:10:00,L,0.2625,0.2621,0.24925901451565607,0.29560246371085985,-0.03,-0.052,time,96
2026-03-23 21:25:00,2026-03-23 22:00:00,L,0.2635,0.2616484919694334,0.2616484919694334,0.26812877007641656,-1.0,-1.157,sl,7
2026-03-24 03:55:00,2026-03-24 11:55:00,L,0.2615,0.2636,0.25843362938514775,0.2691659265371307,0.685,0.591,time,96
2026-03-24 17:10:00,2026-03-24 18:35:00,S,0.259,0.2610781461624322,0.2610781461624322,0.25380463459391955,-1.0,-1.137,sl,17
2026-03-24 20:25:00,2026-03-25 04:25:00,L,0.2644,0.2677,0.25941318666786795,0.27686703333033025,0.662,0.603,time,96
2026-03-25 05:10:00,2026-03-25 11:30:00,L,0.2688,0.27398084232468406,0.26672766307012635,0.27398084232468406,2.5,2.357,tp,76
2026-03-25 11:35:00,2026-03-25 15:05:00,L,0.2738,0.27101646010708996,0.27101646010708996,0.28075884973227505,-1.0,-1.108,sl,42
2026-03-26 03:25:00,2026-03-26 06:00:00,S,0.2662,0.2617900620151286,0.26796397519394854,0.2617900620151286,2.5,2.334,tp,31
2026-03-26 06:05:00,2026-03-26 14:05:00,S,0.2622,0.258,0.2657802139807675,0.2532494650480812,1.173,1.093,time,96
2026-03-26 15:15:00,2026-03-26 23:15:00,S,0.255,0.2543,0.25860254494606516,0.24599363763483711,0.194,0.116,time,96
2026-03-27 00:25:00,2026-03-27 01:45:00,S,0.2542,0.25515548236269986,0.25515548236269986,0.2518112940932503,-1.0,-1.293,sl,16
2026-03-27 04:10:00,2026-03-27 05:10:00,S,0.2528,0.25495788458880125,0.25495788458880125,0.24740528852799695,-1.0,-1.129,sl,12
2026-03-27 08:40:00,2026-03-27 16:40:00,S,0.2506,0.2474,0.25518638523863574,0.23913403690341062,0.698,0.638,time,96
2026-03-28 01:40:00,2026-03-28 02:00:00,S,0.2447,0.24685274556663736,0.24685274556663736,0.2393181360834066,-1.0,-1.125,sl,4
2026-03-28 04:10:00,2026-03-28 05:20:00,S,0.244,0.2453425558162054,0.2453425558162054,0.24064361045948648,-1.0,-1.2,sl,14
2026-03-28 15:25:00,2026-03-28 21:10:00,L,0.2522,0.24901343482221575,0.24901343482221575,0.2601664129444606,-1.0,-1.087,sl,69
2026-03-28 21:15:00,2026-03-28 23:05:00,S,0.2493,0.2462040084823372,0.2505383966070651,0.2462040084823372,2.5,2.279,tp,22
2026-03-28 23:10:00,2026-03-29 07:10:00,S,0.2467,0.2452,0.2488570902392276,0.24130727440193098,0.695,0.57,time,96
2026-03-29 09:10:00,2026-03-29 10:20:00,S,0.2444,0.24206276708779706,0.2453348931648812,0.24206276708779706,2.5,2.212,tp,14
2026-03-29 10:25:00,2026-03-29 18:25:00,S,0.2426,0.2409,0.24446061293671711,0.23794846765820726,0.914,0.77,time,96
2026-03-29 22:45:00,2026-03-30 00:15:00,S,0.2366,0.24190330117742026,0.24190330117742026,0.22334174705644938,-1.0,-1.049,sl,18
2026-03-30 02:05:00,2026-03-30 08:10:00,L,0.2442,0.2503918926194043,0.24172324295223827,0.2503918926194043,2.5,2.392,tp,73
2026-03-30 08:15:00,2026-03-30 16:15:00,L,0.2503,0.2485,0.24600484595581631,0.2610378851104593,-0.419,-0.483,time,96
2026-03-30 17:30:00,2026-03-31 01:30:00,S,0.2461,0.24878302958667373,0.24878302958667373,0.23939242603331573,-1.0,-1.101,sl,96
2026-03-31 01:35:00,2026-03-31 05:00:00,L,0.2489,0.2436943465284648,0.2436943465284648,0.26191413367883803,-1.0,-1.053,sl,41
2026-03-31 05:05:00,2026-03-31 13:05:00,S,0.2441,0.2413,0.24646155145217205,0.2381961213695699,1.186,1.072,time,96
2026-03-31 14:55:00,2026-03-31 22:55:00,S,0.2399,0.24,0.2455214820635149,0.22584629484121277,-0.018,-0.065,time,96
2026-04-01 00:05:00,2026-04-01 05:50:00,L,0.2424,0.24931886117231492,0.23963245553107404,0.24931886117231492,2.5,2.404,tp,69
2026-04-01 05:55:00,2026-04-01 13:55:00,L,0.2494,0.247,0.24399807734220164,0.26290480664449595,-0.444,-0.495,time,96
2026-04-01 16:40:00,2026-04-01 20:15:00,L,0.2502,0.24790745031005307,0.24790745031005307,0.2559313742248672,-1.0,-1.12,sl,43
2026-04-02 01:10:00,2026-04-02 01:20:00,S,0.2488,0.2435398852829806,0.25090404588680776,0.2435398852829806,2.5,2.37,tp,2
2026-04-02 01:25:00,2026-04-02 09:25:00,S,0.2447,0.238,0.25078275928520133,0.22949310178699667,1.101,1.057,time,96
2026-04-02 11:15:00,2026-04-02 14:10:00,S,0.2367,0.23785069176558626,0.23785069176558626,0.2338232705860343,-1.0,-1.226,sl,35
2026-04-02 18:00:00,2026-04-03 02:00:00,S,0.238,0.2392,0.24268987431225245,0.22627531421936886,-0.256,-0.312,time,96
2026-04-03 04:10:00,2026-04-03 05:35:00,L,0.2411,0.24498694025238482,0.2395452238990461,0.24498694025238482,2.5,2.329,tp,17
2026-04-03 05:40:00,2026-04-03 13:40:00,L,0.2443,0.245,0.24111766231068024,0.2522558442232994,0.22,0.136,time,96
2026-04-03 15:05:00,2026-04-03 23:05:00,L,0.25,0.2462,0.24499342884877848,0.2625164278780538,-0.759,-0.814,time,96
2026-04-04 03:45:00,2026-04-04 05:45:00,L,0.2463,0.2444596624202473,0.2444596624202473,0.2509008439493817,-1.0,-1.147,sl,24
2026-04-04 05:50:00,2026-04-04 06:50:00,S,0.2444,0.24604596054018776,0.24604596054018776,0.24028509864953063,-1.0,-1.163,sl,12
2026-04-04 09:00:00,2026-04-04 15:05:00,S,0.2438,0.2457465316083442,0.2457465316083442,0.23893367097913948,-1.0,-1.138,sl,73
2026-04-04 15:10:00,2026-04-04 23:10:00,L,0.2458,0.2476,0.24324051323304077,0.25219871691739804,0.703,0.598,time,96
2026-04-05 05:05:00,2026-04-05 06:10:00,S,0.2456,0.24276801526580372,0.24673279389367853,0.24276801526580372,2.5,2.262,tp,13
2026-04-05 06:15:00,2026-04-05 14:15:00,S,0.2425,0.2418,0.24545960867478567,0.2351009783130358,0.237,0.146,time,96
2026-04-05 21:55:00,2026-04-06 00:00:00,L,0.2447,0.2523831561127996,0.24162673755488015,0.2523831561127996,2.5,2.412,tp,25
2026-04-06 00:05:00,2026-04-06 08:05:00,L,0.2538,0.2556,0.24543473321289117,0.27471316696777215,0.215,0.182,time,96
2026-04-06 09:25:00,2026-04-06 12:40:00,L,0.258,0.25470732572045157,0.25470732572045157,0.2662316856988711,-1.0,-1.086,sl,39
2026-04-06 22:05:00,2026-04-06 23:00:00,S,0.2505,0.24585152401143628,0.2523593903954255,0.24585152401143628,2.5,2.352,tp,11
2026-04-06 23:05:00,2026-04-07 07:05:00,S,0.2466,0.2433,0.2511868496520279,0.23513287586993026,0.719,0.66,time,96
2026-04-07 10:10:00,2026-04-07 12:05:00,S,0.2438,0.23938924751509327,0.24556430099396268,0.23938924751509327,2.5,2.348,tp,23
2026-04-07 12:10:00,2026-04-07 12:55:00,S,0.2405,0.24278917361501384,0.24278917361501384,0.23477706596246536,-1.0,-1.116,sl,9
2026-04-07 19:25:00,2026-04-07 21:10:00,L,0.2442,0.24936821671842713,0.24213271331262914,0.24936821671842713,2.5,2.37,tp,21
2026-04-07 21:15:00,2026-04-07 22:30:00,L,0.2486,0.2563374226154699,0.24550503095381204,0.2563374226154699,2.5,2.412,tp,15
2026-04-07 22:35:00,2026-04-08 06:35:00,L,0.257,0.2624,0.24744795447082824,0.28088011382292943,0.565,0.536,time,96
2026-04-08 14:10:00,2026-04-08 22:10:00,S,0.2552,0.2528,0.2598116766552221,0.2436708083619447,0.52,0.46,time,96
2026-04-08 23:05:00,2026-04-09 07:05:00,S,0.2506,0.2509,0.2543752804360575,0.2411617989098562,-0.079,-0.152,time,96
2026-04-09 15:35:00,2026-04-09 23:35:00,L,0.2546,0.2543,0.24877163298628022,0.26917091753429945,-0.051,-0.1,time,96
2026-04-10 01:25:00,2026-04-10 01:35:00,S,0.2523,0.2540869246268678,0.2540869246268678,0.24783268843283052,-1.0,-1.155,sl,2
2026-04-10 06:40:00,2026-04-10 14:15:00,S,0.2515,0.2536683491487364,0.2536683491487364,0.24607912712815894,-1.0,-1.128,sl,91
2026-04-10 14:35:00,2026-04-10 22:35:00,L,0.2553,0.2543,0.25051250442262907,0.2672687389434274,-0.209,-0.268,time,96
2026-04-11 01:05:00,2026-04-11 03:15:00,S,0.2531,0.2541386340354921,0.2541386340354921,0.25050341491126976,-1.0,-1.268,sl,26
2026-04-11 05:20:00,2026-04-11 13:10:00,S,0.252,0.24862615680893263,0.25334953727642695,0.24862615680893263,2.5,2.295,tp,94
2026-04-11 13:25:00,2026-04-11 16:40:00,S,0.248,0.2502646857855732,0.2502646857855732,0.24233828553606698,-1.0,-1.12,sl,39
2026-04-11 18:40:00,2026-04-12 01:30:00,L,0.2524,0.24780971069098517,0.24780971069098517,0.2638757232725371,-1.0,-1.06,sl,82
2026-04-12 01:35:00,2026-04-12 08:05:00,S,0.2476,0.2404304003505465,0.2504678398597814,0.2404304003505465,2.5,2.405,tp,78
2026-04-12 08:10:00,2026-04-12 16:10:00,S,0.2405,0.238,0.24244857152519583,0.2356285711870104,1.283,1.147,time,96
2026-04-12 22:05:00,2026-04-13 06:05:00,S,0.2372,0.2384,0.23987942540563983,0.23050143648590038,-0.448,-0.545,time,96
2026-04-13 13:50:00,2026-04-13 16:00:00,L,0.2419,0.2385978419533051,0.2385978419533051,0.25015539511673723,-1.0,-1.081,sl,26
2026-04-13 16:05:00,2026-04-13 22:15:00,S,0.2386,0.24308111992891124,0.24308111992891124,0.22739720017772191,-1.0,-1.059,sl,74
2026-04-13 22:20:00,2026-04-14 06:20:00,L,0.2452,0.243,0.2395802890765465,0.2592492773086338,-0.391,-0.439,time,96
2026-04-14 13:40:00,2026-04-14 17:30:00,L,0.2449,0.24252891685055675,0.24252891685055675,0.25082770787360814,-1.0,-1.114,sl,46
2026-04-14 18:40:00,2026-04-15 02:40:00,S,0.2414,0.2392,0.2447987791688721,0.23290305207781975,0.647,0.569,time,96
2026-04-15 06:55:00,2026-04-15 08:20:00,S,0.2385,0.2398409444913105,0.2398409444913105,0.23514763877172373,-1.0,-1.196,sl,17
2026-04-15 11:50:00,2026-04-15 19:05:00,L,0.2415,0.24693210643595886,0.23932715742561644,0.24693210643595886,2.5,2.378,tp,87
2026-04-15 19:10:00,2026-04-15 23:35:00,L,0.2474,0.24483157597740196,0.24483157597740196,0.25382106005649513,-1.0,-1.106,sl,53
2026-04-16 02:35:00,2026-04-16 10:35:00,L,0.2479,0.2483,0.24441699093911207,0.25660752265221987,0.115,0.037,time,96
2026-04-16 13:05:00,2026-04-16 13:50:00,L,0.2506,0.24803500517807955,0.24803500517807955,0.25701248705480106,-1.0,-1.107,sl,9
2026-04-16 16:10:00,2026-04-17 00:10:00,L,0.2542,0.2587,0.24776241048779712,0.2702939737805071,0.699,0.656,time,96
2026-04-17 07:05:00,2026-04-17 13:55:00,L,0.2556,0.26525938933861487,0.25173624426455404,0.26525938933861487,2.5,2.427,tp,82
2026-04-17 14:00:00,2026-04-17 20:30:00,L,0.2651,0.25934285468456725,0.25934285468456725,0.2794928632885819,-1.0,-1.051,sl,78
2026-04-18 08:35:00,2026-04-18 16:35:00,S,0.2546,0.2497,0.2588933872402206,0.24386653189944849,1.141,1.076,time,96
2026-04-18 16:55:00,2026-04-19 00:55:00,S,0.2488,0.2488,0.2512617555941827,0.2426456110145433,-0.0,-0.111,time,96
2026-04-19 06:20:00,2026-04-19 13:15:00,S,0.2468,0.2488609748617912,0.2488609748617912,0.24164756284552197,-1.0,-1.132,sl,83
2026-04-19 15:35:00,2026-04-19 23:35:00,S,0.2472,0.242,0.2508933867105002,0.2379665332237495,1.408,1.334,time,96
2026-04-20 05:30:00,2026-04-20 06:40:00,S,0.2436,0.24635132661840842,0.24635132661840842,0.23672168345397898,-1.0,-1.097,sl,14
2026-04-20 18:05:00,2026-04-21 02:05:00,L,0.2487,0.2473,0.2453244996700711,0.25713875082482224,-0.415,-0.496,time,96
2026-04-21 02:10:00,2026-04-21 05:05:00,S,0.2473,0.2496570775136617,0.2496570775136617,0.24140730621584572,-1.0,-1.115,sl,35
2026-04-21 05:10:00,2026-04-21 13:10:00,L,0.2497,0.2482,0.2466463004356206,0.25733424891094847,-0.491,-0.581,time,96
2026-04-21 17:05:00,2026-04-21 23:00:00,S,0.2466,0.24937574221538697,0.24937574221538697,0.23966064446153262,-1.0,-1.098,sl,71
2026-04-21 23:50:00,2026-04-22 02:30:00,L,0.2495,0.25416824025031926,0.2476327038998723,0.25416824025031926,2.5,2.353,tp,32
2026-04-22 02:35:00,2026-04-22 10:35:00,L,0.2528,0.2557,0.2485936587981403,0.2633158530046493,0.689,0.623,time,96
2026-04-22 10:40:00,2026-04-22 12:25:00,L,0.2557,0.25455802598504645,0.25455802598504645,0.2585549350373838,-1.0,-1.246,sl,21
2026-04-22 21:00:00,2026-04-23 00:15:00,S,0.2509,0.24677968459998575,0.2525481261600057,0.24677968459998575,2.5,2.333,tp,39
2026-04-23 00:20:00,2026-04-23 03:30:00,S,0.2491,0.24535844802214876,0.2505966207911405,0.24535844802214876,2.5,2.317,tp,38
2026-04-23 03:35:00,2026-04-23 04:30:00,S,0.2453,0.24695302823764387,0.24695302823764387,0.2411674294058903,-1.0,-1.163,sl,11
2026-04-23 08:45:00,2026-04-23 11:45:00,S,0.2462,0.24753921200901402,0.24753921200901402,0.24285196997746494,-1.0,-1.202,sl,36
2026-04-23 15:20:00,2026-04-23 17:05:00,L,0.2501,0.24732672735822137,0.24732672735822137,0.25703318160444655,-1.0,-1.099,sl,21
2026-04-23 17:20:00,2026-04-24 00:20:00,S,0.247,0.25087644712489376,0.25087644712489376,0.23730888218776558,-1.0,-1.07,sl,84
2026-04-24 00:25:00,2026-04-24 03:20:00,L,0.2502,0.24864769052767233,0.24864769052767233,0.2540807736808191,-1.0,-1.177,sl,35
2026-04-24 03:25:00,2026-04-24 11:05:00,S,0.2485,0.2512576069038207,0.2512576069038207,0.24160598274044823,-1.0,-1.099,sl,92
2026-04-24 11:10:00,2026-04-24 19:10:00,L,0.2508,0.251,0.24803608656879023,0.25770978357802454,0.072,-0.027,time,96
2026-04-25 00:15:00,2026-04-25 01:10:00,S,0.2495,0.2504321752167267,0.2504321752167267,0.24716956195818318,-1.0,-1.294,sl,11
2026-04-25 01:45:00,2026-04-25 09:45:00,L,0.2511,0.2533,0.2494495341808814,0.25522616454779645,1.333,1.166,time,96
2026-04-25 10:00:00,2026-04-25 11:40:00,L,0.2533,0.25175587113382647,0.25175587113382647,0.25716032216543394,-1.0,-1.18,sl,20
2026-04-25 15:05:00,2026-04-25 23:05:00,S,0.2506,0.25,0.25203867809282504,0.24700330476793736,0.417,0.225,time,96
2026-04-26 01:00:00,2026-04-26 04:45:00,S,0.2491,0.25013029910420537,0.25013029910420537,0.24652425223948654,-1.0,-1.266,sl,45
2026-04-26 05:15:00,2026-04-26 13:15:00,L,0.2509,0.2521,0.24864557942941265,0.2565360514264684,0.532,0.41,time,96
2026-04-26 18:20:00,2026-04-26 21:30:00,L,0.2525,0.25115201855673486,0.25115201855673486,0.2558699536081629,-1.0,-1.206,sl,38
2026-04-27 00:50:00,2026-04-27 05:10:00,L,0.253,0.2513446054198741,0.2513446054198741,0.2571384864503148,-1.0,-1.168,sl,52
2026-04-27 05:15:00,2026-04-27 13:15:00,S,0.2509,0.2477,0.25447338811590814,0.2419665297102297,0.896,0.818,time,96
2026-04-27 15:20:00,2026-04-27 23:20:00,S,0.2446,0.2473,0.24869525225721206,0.2343618693569699,-0.659,-0.725,time,96
2026-04-28 02:40:00,2026-04-28 05:25:00,S,0.2465,0.24844945592102194,0.24844945592102194,0.24162636019744516,-1.0,-1.139,sl,33
2026-04-28 06:45:00,2026-04-28 14:45:00,S,0.2459,0.2451,0.24825317439525746,0.24001706401185638,0.34,0.225,time,96
2026-04-28 23:05:00,2026-04-29 03:15:00,S,0.2465,0.24782780257832365,0.24782780257832365,0.24318049355419086,-1.0,-1.204,sl,50
2026-04-29 03:20:00,2026-04-29 11:20:00,L,0.2487,0.252,0.2465516116726728,0.254070970818318,1.536,1.409,time,96
2026-04-29 13:30:00,2026-04-29 15:35:00,S,0.2478,0.24390248926980013,0.24935900429207994,0.24390248926980013,2.5,2.325,tp,25
2026-04-29 15:40:00,2026-04-29 23:40:00,S,0.2442,0.2443,0.24747646555749722,0.23600883610625695,-0.031,-0.113,time,96
2026-04-30 05:30:00,2026-04-30 05:35:00,S,0.2449,0.24605690008127745,0.24605690008127745,0.2420077497968064,-1.0,-1.233,sl,1
2026-04-30 07:40:00,2026-04-30 13:30:00,L,0.2466,0.2451547375692905,0.2451547375692905,0.25021315607677386,-1.0,-1.188,sl,70
2026-04-30 23:10:00,2026-05-01 00:10:00,S,0.2454,0.24693755427362368,0.24693755427362368,0.24155611431594082,-1.0,-1.176,sl,12
2026-05-01 01:10:00,2026-05-01 03:20:00,L,0.2471,0.2502153799369198,0.24585384802523208,0.2502153799369198,2.5,2.282,tp,26
2026-05-01 03:25:00,2026-05-01 11:25:00,L,0.2496,0.2476,0.24632981715864688,0.2577754571033828,-0.612,-0.696,time,96
2026-05-01 12:35:00,2026-05-01 20:35:00,L,0.2487,0.249,0.24715404889304357,0.2525648777673911,0.194,0.017,time,96
2026-05-02 08:50:00,2026-05-02 14:50:00,L,0.248,0.24980159505137856,0.24727936197944858,0.24980159505137856,2.5,2.121,tp,72
2026-05-02 14:55:00,2026-05-02 22:55:00,L,0.2496,0.2507,0.24826759492009712,0.25293101269975715,0.826,0.62,time,96
2026-05-03 01:05:00,2026-05-03 09:05:00,S,0.2489,0.2483,0.2504486393980703,0.24502840150482422,0.387,0.211,time,96
2026-05-03 11:50:00,2026-05-03 19:50:00,L,0.2501,0.2508,0.24794934234091254,0.25547664414771865,0.325,0.198,time,96
2026-05-03 20:40:00,2026-05-03 20:45:00,L,0.2508,0.2501589307869047,0.2501589307869047,0.25240267303273833,-1.0,-1.43,sl,1
2026-05-04 00:20:00,2026-05-04 01:30:00,S,0.2482,0.25075681760317875,0.25075681760317875,0.24180795599205313,-1.0,-1.107,sl,14
2026-05-04 02:00:00,2026-05-04 10:00:00,L,0.252,0.2502,0.24750620075849702,0.26323449810375743,-0.401,-0.462,time,96
2026-05-04 10:05:00,2026-05-04 18:05:00,S,0.2502,0.2522,0.2533735012616437,0.24226624684589065,-0.63,-0.717,time,96
2026-05-04 20:20:00,2026-05-05 02:25:00,S,0.2499,0.251953930575161,0.251953930575161,0.24476517356209748,-1.0,-1.134,sl,73
2026-05-05 02:30:00,2026-05-05 07:15:00,L,0.2515,0.2556135662968466,0.24985457348126136,0.2556135662968466,2.5,2.332,tp,57
2026-05-05 07:20:00,2026-05-05 15:20:00,L,0.2557,0.2571,0.25222782432116364,0.26438043919709087,0.403,0.322,time,96
2026-05-05 17:55:00,2026-05-05 21:00:00,L,0.2582,0.2625761566672856,0.25644953733308573,0.2625761566672856,2.5,2.338,tp,37
2026-05-05 21:05:00,2026-05-06 05:05:00,L,0.262,0.262,0.25802077327408096,0.27194806681479766,0.0,-0.072,time,96
2026-05-06 07:50:00,2026-05-06 08:40:00,L,0.2647,0.2685866248322457,0.2631453500671017,0.2685866248322457,2.5,2.313,tp,10
2026-05-06 08:45:00,2026-05-06 13:45:00,L,0.2689,0.26419308091926547,0.26419308091926547,0.28066729770183624,-1.0,-1.063,sl,60
2026-05-06 20:20:00,2026-05-06 21:10:00,L,0.2673,0.2652453124390524,0.2652453124390524,0.27243671890236887,-1.0,-1.143,sl,10
2026-05-06 21:50:00,2026-05-06 23:00:00,L,0.268,0.2646344251845087,0.2646344251845087,0.2764139370387283,-1.0,-1.088,sl,14
2026-05-07 05:25:00,2026-05-07 06:05:00,L,0.2665,0.26473605944790424,0.26473605944790424,0.2709098513802395,-1.0,-1.166,sl,8
2026-05-07 06:45:00,2026-05-07 14:30:00,L,0.2669,0.26433266690824603,0.26433266690824603,0.273318332729385,-1.0,-1.114,sl,93
2026-05-07 14:35:00,2026-05-07 22:35:00,S,0.2635,0.2613,0.26819687803239495,0.2517578049190127,0.468,0.407,time,96
2026-05-08 07:10:00,2026-05-08 07:40:00,S,0.2609,0.26185411492716193,0.26185411492716193,0.25851471268209525,-1.0,-1.301,sl,6
2026-05-08 08:50:00,2026-05-08 15:55:00,L,0.2635,0.2691267186519446,0.2612493125392222,0.2691267186519446,2.5,2.371,tp,85
2026-05-08 16:00:00,2026-05-09 00:00:00,L,0.2696,0.273,0.26531016851531375,0.2803245787117157,0.793,0.723,time,96
2026-05-09 01:40:00,2026-05-09 06:35:00,L,0.2767,0.27442507634922925,0.27442507634922925,0.2823873091269269,-1.0,-1.134,sl,59
2026-05-09 17:35:00,2026-05-10 00:05:00,L,0.2722,0.26995203575940707,0.26995203575940707,0.2778199106014823,-1.0,-1.133,sl,78
2026-05-10 00:10:00,2026-05-10 08:10:00,S,0.2705,0.2715,0.272144831547764,0.2663879211305901,-0.608,-0.789,time,96
2026-05-10 08:25:00,2026-05-10 15:45:00,L,0.2725,0.2781493563435443,0.2702402574625823,0.2781493563435443,2.5,2.367,tp,88
2026-05-10 15:50:00,2026-05-10 23:50:00,L,0.2805,0.2826,0.27407038156060104,0.29657404609849747,0.327,0.279,time,96
2026-05-11 06:15:00,2026-05-11 08:10:00,L,0.279,0.27673622496990624,0.27673622496990624,0.2846594375752345,-1.0,-1.136,sl,23
2026-05-11 10:15:00,2026-05-11 18:15:00,L,0.2797,0.2809,0.27693536817443526,0.28661157956391187,0.434,0.323,time,96
2026-05-12 01:35:00,2026-05-12 09:35:00,S,0.2782,0.2753,0.28179728269046456,0.2692067932738386,0.806,0.721,time,96
2026-05-12 10:35:00,2026-05-12 16:45:00,S,0.2735,0.2673154209749251,0.27597383161003,0.2673154209749251,2.5,2.378,tp,74
2026-05-12 16:50:00,2026-05-12 17:15:00,S,0.2678,0.2701928427756251,0.2701928427756251,0.26181789306093717,-1.0,-1.123,sl,5
2026-05-13 05:40:00,2026-05-13 09:15:00,S,0.2727,0.2747611809798705,0.2747611809798705,0.2675470475503237,-1.0,-1.146,sl,43
2026-05-13 09:20:00,2026-05-13 11:05:00,L,0.2757,0.2727360491964721,0.2727360491964721,0.28310987700881973,-1.0,-1.102,sl,21
2026-05-13 11:10:00,2026-05-13 15:20:00,S,0.2728,0.2633454165842794,0.2765818333662882,0.2633454165842794,2.5,2.421,tp,50
2026-05-13 15:25:00,2026-05-13 23:25:00,S,0.2639,0.2646,0.26669550768380895,0.25691123079047773,-0.25,-0.354,time,96
2026-05-14 03:10:00,2026-05-14 05:50:00,S,0.264,0.26605700997587745,0.26605700997587745,0.25885747506030643,-1.0,-1.141,sl,32
2026-05-14 08:10:00,2026-05-14 08:35:00,S,0.2641,0.2655510380447416,0.2655510380447416,0.26047240488814594,-1.0,-1.2,sl,5
2026-05-14 14:25:00,2026-05-14 18:20:00,L,0.2677,0.2754339815147273,0.26460640739410907,0.2754339815147273,2.5,2.405,tp,47
2026-05-14 18:25:00,2026-05-14 23:50:00,L,0.2755,0.27009136896248503,0.27009136896248503,0.2890215775937875,-1.0,-1.056,sl,65
2026-05-15 04:50:00,2026-05-15 12:50:00,S,0.2683,0.2652,0.2699600301608338,0.2641499245979154,1.867,1.69,time,96
2026-05-15 12:55:00,2026-05-15 13:50:00,S,0.2652,0.2593239840827313,0.26755040636690747,0.2593239840827313,2.5,2.376,tp,11
2026-05-15 13:55:00,2026-05-15 21:55:00,S,0.2597,0.2608,0.26565163798792996,0.24482090503017506,-0.185,-0.233,time,96
2026-05-16 04:30:00,2026-05-16 06:45:00,S,0.2601,0.2560141234797434,0.26173435060810263,0.2560141234797434,2.5,2.325,tp,27
2026-05-16 06:50:00,2026-05-16 14:50:00,S,0.2559,0.2546,0.25917150447981624,0.24772123880045946,0.397,0.311,time,96
2026-05-17 01:05:00,2026-05-17 04:20:00,S,0.2543,0.2554494795345098,0.2554494795345098,0.25142630116372555,-1.0,-1.243,sl,39
2026-05-17 13:05:00,2026-05-17 21:05:00,S,0.2558,0.2545,0.2571411720059939,0.2524470699850153,0.969,0.759,time,96
2026-05-17 22:15:00,2026-05-17 23:40:00,S,0.2541,0.24919589352068544,0.2560616425917258,0.24919589352068544,2.5,2.358,tp,17
2026-05-17 23:45:00,2026-05-18 07:45:00,S,0.2487,0.249,0.25435743545770517,0.23455641135573707,-0.053,-0.101,time,96
2026-05-18 10:25:00,2026-05-18 11:35:00,S,0.2482,0.25005101514539924,0.25005101514539924,0.2435724621365019,-1.0,-1.147,sl,14
2026-05-18 13:40:00,2026-05-18 21:30:00,S,0.2487,0.25248124433150815,0.25248124433150815,0.23924688917122966,-1.0,-1.072,sl,94
2026-05-19 10:40:00,2026-05-19 13:35:00,S,0.2496,0.2506532955306258,0.2506532955306258,0.2469667611734354,-1.0,-1.261,sl,35
2026-05-19 14:25:00,2026-05-19 22:25:00,S,0.2485,0.2476,0.25117854030234954,0.24180364924412615,0.336,0.234,time,96
2026-05-19 22:35:00,2026-05-20 05:10:00,S,0.248,0.24964782395188942,0.24964782395188942,0.24388044012027643,-1.0,-1.166,sl,79
2026-05-20 11:50:00,2026-05-20 12:55:00,S,0.2486,0.250144975650257,0.250144975650257,0.24473756087435744,-1.0,-1.177,sl,13
2026-05-20 13:40:00,2026-05-20 14:15:00,S,0.2475,0.2503637458886151,0.2503637458886151,0.24034063527846225,-1.0,-1.095,sl,7
2026-05-20 14:20:00,2026-05-20 22:20:00,L,0.25,0.2488,0.2469087556096153,0.2577281109759617,-0.388,-0.477,time,96
2026-05-21 00:55:00,2026-05-21 05:45:00,L,0.2505,0.24865736847011838,0.24865736847011838,0.25510657882470406,-1.0,-1.15,sl,58
2026-05-21 05:50:00,2026-05-21 13:50:00,S,0.2487,0.2472,0.2516573355203612,0.24130666119909705,0.507,0.415,time,96
2026-05-21 17:15:00,2026-05-22 01:15:00,L,0.2495,0.2501,0.2475319616402836,0.254420095899291,0.305,0.165,time,96
2026-05-22 03:05:00,2026-05-22 07:00:00,L,0.2512,0.25005052919705667,0.25005052919705667,0.2540736770073583,-1.0,-1.24,sl,47
2026-05-22 11:55:00,2026-05-22 14:05:00,L,0.2524,0.250651715250287,0.250651715250287,0.2567707118742825,-1.0,-1.159,sl,26
2026-05-22 14:10:00,2026-05-22 22:10:00,S,0.251,0.2459,0.25458754176588105,0.24203114558529737,1.422,1.345,time,96
2026-05-22 23:30:00,2026-05-23 07:30:00,S,0.2438,0.2411,0.24574836384224497,0.23892909039438753,1.386,1.248,time,96
2026-05-23 07:35:00,2026-05-23 07:50:00,S,0.2411,0.2382251996770468,0.24224992012918128,0.2382251996770468,2.5,2.269,tp,3
2026-05-23 07:55:00,2026-05-23 14:55:00,S,0.237,0.24221608827278118,0.24221608827278118,0.223959779318047,-1.0,-1.05,sl,84
2026-05-23 20:40:00,2026-05-24 04:40:00,L,0.2479,0.2456,0.24350054544204824,0.2588986363948794,-0.523,-0.585,time,96
2026-05-24 10:50:00,2026-05-24 14:15:00,S,0.245,0.24114555587913783,0.24654177764834487,0.24114555587913783,2.5,2.325,tp,41
2026-05-24 14:20:00,2026-05-24 22:20:00,S,0.2418,0.2418,0.24509432367612846,0.2335641908096788,-0.0,-0.081,time,96
2026-05-25 03:20:00,2026-05-25 04:45:00,S,0.2405,0.24254903149467957,0.24254903149467957,0.23537742126330102,-1.0,-1.129,sl,17
2026-05-25 06:10:00,2026-05-25 14:10:00,L,0.2437,0.2456,0.24256105383284332,0.24654736541789168,1.668,1.433,time,96
2026-05-25 14:30:00,2026-05-25 20:40:00,L,0.246,0.24446281923906932,0.24446281923906932,0.2498429519023267,-1.0,-1.176,sl,74
2026-05-25 20:45:00,2026-05-26 03:15:00,S,0.2443,0.23968411391499778,0.24614635443400087,0.23968411391499778,2.5,2.354,tp,78
2026-05-26 03:20:00,2026-05-26 03:50:00,S,0.2399,0.24084734163627247,0.24084734163627247,0.23753164590931883,-1.0,-1.279,sl,6
2026-05-26 10:30:00,2026-05-26 15:50:00,L,0.2448,0.24132837633946796,0.24132837633946796,0.25347905915133007,-1.0,-1.078,sl,64
2026-05-26 15:55:00,2026-05-26 23:55:00,S,0.2415,0.2398,0.24469555583029604,0.23351111042425987,0.532,0.449,time,96
2026-05-27 02:20:00,2026-05-27 10:20:00,S,0.2393,0.24,0.2413504967559718,0.23417375811007052,-0.341,-0.47,time,96
2026-05-27 13:35:00,2026-05-27 15:10:00,S,0.2387,0.24107099286942446,0.24107099286942446,0.23277251782643882,-1.0,-1.111,sl,19
2026-05-27 18:00:00,2026-05-27 19:20:00,S,0.2382,0.24117152715219456,0.24117152715219456,0.23077118211951358,-1.0,-1.088,sl,16
2026-05-27 21:45:00,2026-05-28 04:25:00,S,0.2374,0.22869746502426413,0.24088101399029435,0.22869746502426413,2.5,2.425,tp,80
2026-05-28 04:30:00,2026-05-28 12:30:00,S,0.2296,0.2304,0.23572433711021357,0.21428915722446606,-0.131,-0.172,time,96
2026-05-28 20:10:00,2026-05-28 20:40:00,S,0.234,0.23595745314052313,0.23595745314052313,0.2291063671486922,-1.0,-1.131,sl,6
2026-05-29 02:45:00,2026-05-29 06:00:00,S,0.2335,0.23535444716489104,0.23535444716489104,0.22886388208777245,-1.0,-1.139,sl,39
2026-05-29 06:05:00,2026-05-29 07:35:00,L,0.236,0.23415094304097087,0.23415094304097087,0.2406226423975728,-1.0,-1.14,sl,18
2026-05-29 11:40:00,2026-05-29 14:25:00,S,0.2335,0.22989989527624535,0.23494004188950188,0.22989989527624535,2.5,2.322,tp,33
2026-05-29 14:30:00,2026-05-29 14:50:00,S,0.2312,0.23298527372167274,0.23298527372167274,0.2267368156958181,-1.0,-1.142,sl,4
2026-05-29 15:10:00,2026-05-29 23:10:00,L,0.2339,0.2319,0.2295874796418663,0.24468130089533424,-0.464,-0.523,time,96
