exit_time,net_R,cum_net_R,drawdown_R
2022-01-01 05:30:00,-1.067,-1.067,0.0
2022-01-01 15:30:00,-1.197,-2.264,-1.197
2022-01-01 17:40:00,2.42,0.156,0.0
2022-01-02 01:45:00,0.206,0.362,0.0
2022-01-02 12:00:00,-1.142,-0.78,-1.142
2022-01-02 18:25:00,-1.063,-1.843,-2.205
2022-01-03 03:25:00,-0.032,-1.875,-2.237
2022-01-03 05:40:00,-1.102,-2.977,-3.339
2022-01-03 13:25:00,-1.059,-4.036,-4.398
2022-01-03 23:55:00,1.169,-2.867,-3.229
2022-01-04 09:05:00,-0.102,-2.969,-3.331
2022-01-05 02:35:00,0.518,-2.451,-2.813
2022-01-05 17:55:00,2.403,-0.048,-0.41
2022-01-05 22:10:00,2.459,2.411,0.0
2022-01-06 06:15:00,0.009,2.42,0.0
2022-01-06 14:35:00,-1.061,1.359,-1.061
2022-01-07 02:10:00,2.381,3.74,0.0
2022-01-07 03:25:00,2.423,6.163,0.0
2022-01-07 11:30:00,-0.064,6.099,-0.064
2022-01-07 21:40:00,0.394,6.493,0.0
2022-01-08 01:00:00,-1.06,5.433,-1.06
2022-01-08 15:00:00,2.382,7.815,0.0
2022-01-08 23:05:00,0.06,7.875,0.0
2022-01-09 11:05:00,-1.081,6.794,-1.081
2022-01-10 00:05:00,0.543,7.337,-0.538
2022-01-10 06:50:00,-1.068,6.269,-1.606
2022-01-10 13:25:00,2.433,8.702,0.0
2022-01-10 21:30:00,-0.26,8.442,-0.26
2022-01-11 01:35:00,-1.061,7.381,-1.321
2022-01-11 15:05:00,-1.071,6.31,-2.392
2022-01-12 00:15:00,0.7,7.01,-1.692
2022-01-12 09:25:00,2.422,9.432,0.0
2022-01-12 17:30:00,0.829,10.261,0.0
2022-01-13 01:35:00,-1.08,9.181,-1.08
2022-01-13 11:15:00,-1.121,8.06,-2.201
2022-01-13 15:15:00,-1.099,6.961,-3.3
2022-01-14 01:20:00,0.68,7.641,-2.62
2022-01-14 16:05:00,-0.152,7.489,-2.772
2022-01-15 00:55:00,-1.087,6.402,-3.859
2022-01-15 13:20:00,-0.216,6.186,-4.075
2022-01-15 22:10:00,1.466,7.652,-2.609
2022-01-16 15:00:00,1.388,9.04,-1.221
2022-01-17 02:10:00,2.344,11.384,0.0
2022-01-17 05:00:00,2.39,13.774,0.0
2022-01-17 13:05:00,-0.067,13.707,-0.067
2022-01-17 21:40:00,2.398,16.105,0.0
2022-01-18 05:45:00,-0.119,15.986,-0.119
2022-01-18 16:30:00,1.173,17.159,0.0
2022-01-18 19:30:00,-1.161,15.998,-1.161
2022-01-19 03:45:00,2.355,18.353,0.0
2022-01-19 11:50:00,0.599,18.952,0.0
2022-01-20 00:15:00,0.014,18.966,0.0
2022-01-20 12:15:00,-1.147,17.819,-1.147
2022-01-20 21:25:00,-1.067,16.752,-2.214
2022-01-20 21:55:00,2.421,19.173,0.0
2022-01-21 06:00:00,1.098,20.271,0.0
2022-01-21 12:35:00,2.444,22.715,0.0
2022-01-21 20:40:00,-0.143,22.572,-0.143
2022-01-22 05:35:00,1.319,23.891,0.0
2022-01-22 07:25:00,2.463,26.354,0.0
2022-01-22 15:30:00,0.571,26.925,0.0
2022-01-22 16:25:00,-1.026,25.899,-1.026
2022-01-23 04:10:00,-1.046,24.853,-2.072
2022-01-23 14:45:00,-1.039,23.814,-3.111
2022-01-23 23:10:00,-1.024,22.79,-4.135
2022-01-24 04:45:00,-1.02,21.77,-5.155
2022-01-24 10:10:00,2.455,24.225,-2.7
2022-01-24 18:00:00,-1.025,23.2,-3.725
2022-01-25 02:05:00,0.82,24.02,-2.905
2022-01-25 06:55:00,-1.047,22.973,-3.952
2022-01-25 16:05:00,1.616,24.589,-2.336
2022-01-25 18:20:00,2.43,27.019,0.0
2022-01-25 21:25:00,-1.039,25.98,-1.039
2022-01-26 11:40:00,-0.063,25.917,-1.102
2022-01-26 14:10:00,2.429,28.346,0.0
2022-01-26 17:55:00,-1.02,27.326,-1.02
2022-01-26 20:20:00,-1.016,26.31,-2.036
2022-01-27 05:35:00,1.773,28.083,-0.263
2022-01-27 18:05:00,-1.074,27.009,-1.337
2022-01-28 02:10:00,0.798,27.807,-0.539
2022-01-28 08:20:00,-1.026,26.781,-1.565
2022-01-28 16:10:00,-1.035,25.746,-2.6
2022-01-29 00:15:00,0.991,26.737,-1.609
2022-01-29 08:25:00,0.88,27.617,-0.729
2022-01-29 19:05:00,2.43,30.047,0.0
2022-01-30 02:10:00,-1.041,29.006,-1.041
2022-01-30 09:50:00,-1.106,27.9,-2.147
2022-01-30 15:25:00,-1.066,26.834,-3.213
2022-01-31 00:45:00,2.438,29.272,-0.775
2022-01-31 08:50:00,0.003,29.275,-0.772
2022-01-31 14:40:00,-1.047,28.228,-1.819
2022-01-31 15:15:00,2.395,30.623,0.0
2022-01-31 23:20:00,0.245,30.868,0.0
2022-02-01 06:05:00,-1.041,29.827,-1.041
2022-02-01 10:15:00,-1.052,28.775,-2.093
2022-02-02 00:40:00,2.441,31.216,0.0
2022-02-02 04:05:00,-1.059,30.157,-1.059
2022-02-02 14:30:00,-1.09,29.067,-2.149
2022-02-02 21:35:00,2.454,31.521,0.0
2022-02-03 05:40:00,0.073,31.594,0.0
2022-02-03 14:30:00,0.783,32.377,0.0
2022-02-03 21:00:00,-1.059,31.318,-1.059
2022-02-04 13:25:00,1.124,32.442,0.0
2022-02-04 18:00:00,2.459,34.901,0.0
2022-02-05 02:05:00,0.376,35.277,0.0
2022-02-05 05:20:00,2.395,37.672,0.0
2022-02-05 07:00:00,-1.057,36.615,-1.057
2022-02-05 15:00:00,-1.159,35.456,-2.216
2022-02-05 23:30:00,-1.13,34.326,-3.346
2022-02-06 08:20:00,-0.581,33.745,-3.927
2022-02-06 22:45:00,0.069,33.814,-3.858
2022-02-07 05:15:00,2.453,36.267,-1.405
2022-02-07 13:20:00,0.675,36.942,-0.73
2022-02-07 15:45:00,2.387,39.329,0.0
2022-02-07 17:10:00,-1.069,38.26,-1.069
2022-02-07 20:50:00,-1.052,37.208,-2.121
2022-02-08 12:05:00,-0.441,36.767,-2.562
2022-02-09 02:30:00,-0.374,36.393,-2.936
2022-02-09 14:20:00,0.652,37.045,-2.284
2022-02-09 22:45:00,-0.161,36.884,-2.445
2022-02-10 13:30:00,-1.063,35.821,-3.508
2022-02-10 15:00:00,-1.023,34.798,-4.531
2022-02-10 23:10:00,-0.031,34.767,-4.562
2022-02-11 07:40:00,-1.076,33.691,-5.638
2022-02-11 08:55:00,-1.078,32.613,-6.716
2022-02-11 14:35:00,-1.069,31.544,-7.785
2022-02-11 19:00:00,2.434,33.978,-5.351
2022-02-12 03:05:00,0.41,34.388,-4.941
2022-02-12 13:35:00,0.815,35.203,-4.126
2022-02-12 16:35:00,-1.058,34.145,-5.184
2022-02-13 05:35:00,-0.721,33.424,-5.905
2022-02-13 17:00:00,2.413,35.837,-3.492
2022-02-14 01:05:00,0.941,36.778,-2.551
2022-02-14 05:15:00,-1.065,35.713,-3.616
2022-02-14 10:25:00,-1.112,34.601,-4.728
2022-02-14 21:05:00,0.179,34.78,-4.549
2022-02-15 06:05:00,1.853,36.633,-2.696
2022-02-15 10:05:00,2.422,39.055,-0.274
2022-02-15 18:10:00,0.462,39.517,0.0
2022-02-16 01:45:00,2.443,41.96,0.0
2022-02-16 09:50:00,0.328,42.288,0.0
2022-02-17 03:10:00,0.81,43.098,0.0
2022-02-17 17:40:00,2.424,45.522,0.0
2022-02-18 01:45:00,0.118,45.64,0.0
2022-02-18 14:35:00,2.424,48.064,0.0
2022-02-18 22:40:00,0.485,48.549,0.0
2022-02-19 01:15:00,-1.052,47.497,-1.052
2022-02-19 12:05:00,2.405,49.902,0.0
2022-02-19 16:10:00,-1.038,48.864,-1.038
2022-02-19 22:25:00,-1.073,47.791,-2.111
2022-02-20 07:40:00,2.446,50.237,0.0
2022-02-20 15:45:00,0.463,50.7,0.0
2022-02-21 01:05:00,-1.081,49.619,-1.081
2022-02-21 09:00:00,-1.092,48.527,-2.173
2022-02-21 11:35:00,2.408,50.935,0.0
2022-02-21 15:10:00,-1.042,49.893,-1.042
2022-02-21 18:15:00,2.417,52.31,0.0
2022-02-22 02:20:00,1.568,53.878,0.0
2022-02-22 05:50:00,-1.036,52.842,-1.036
2022-02-22 23:40:00,-1.029,51.813,-2.065
2022-02-23 08:10:00,1.024,52.837,-1.041
2022-02-23 11:00:00,2.419,55.256,0.0
2022-02-23 16:10:00,-1.046,54.21,-1.046
2022-02-23 23:55:00,2.44,56.65,0.0
2022-02-24 03:40:00,2.469,59.119,0.0
2022-02-24 11:45:00,-0.072,59.047,-0.072
2022-02-25 03:30:00,0.294,59.341,0.0
2022-02-25 20:00:00,0.484,59.825,0.0
2022-02-25 23:20:00,2.421,62.246,0.0
2022-02-26 07:25:00,-0.702,61.544,-0.702
2022-02-26 08:50:00,-1.05,60.494,-1.752
2022-02-26 21:10:00,2.434,62.928,0.0
2022-02-26 22:15:00,-1.079,61.849,-1.079
2022-02-27 09:10:00,-0.215,61.634,-1.294
2022-02-27 13:35:00,-1.06,60.574,-2.354
2022-02-28 00:55:00,2.114,62.688,-0.24
2022-02-28 06:50:00,-1.114,61.574,-1.354
2022-02-28 22:15:00,2.47,64.044,0.0
2022-03-01 06:20:00,0.993,65.037,0.0
2022-03-01 16:50:00,-1.033,64.004,-1.033
2022-03-01 21:40:00,-1.04,62.964,-2.073
2022-03-02 07:10:00,-1.023,61.941,-3.096
2022-03-02 11:20:00,-1.065,60.876,-4.161
2022-03-02 21:10:00,0.923,61.799,-3.238
2022-03-03 07:05:00,-1.052,60.747,-4.29
2022-03-03 14:40:00,2.385,63.132,-1.905
2022-03-03 22:45:00,0.076,63.208,-1.829
2022-03-04 08:25:00,-0.031,63.177,-1.86
2022-03-04 08:55:00,-1.042,62.135,-2.902
2022-03-04 14:15:00,-1.092,61.043,-3.994
2022-03-04 22:50:00,1.498,62.541,-2.496
2022-03-05 06:20:00,-1.055,61.486,-3.551
2022-03-05 16:45:00,-1.038,60.448,-4.589
2022-03-06 06:00:00,0.21,60.658,-4.379
2022-03-06 10:20:00,2.342,63.0,-2.037
2022-03-06 13:10:00,-1.073,61.927,-3.11
2022-03-06 23:20:00,1.395,63.322,-1.715
2022-03-07 07:25:00,0.203,63.525,-1.512
2022-03-07 18:35:00,-1.035,62.49,-2.547
2022-03-08 02:40:00,-0.309,62.181,-2.856
2022-03-08 08:30:00,-1.065,61.116,-3.921
2022-03-08 15:10:00,-1.114,60.002,-5.035
2022-03-09 01:25:00,0.05,60.052,-4.985
2022-03-09 03:35:00,2.445,62.497,-2.54
2022-03-09 11:40:00,0.282,62.779,-2.258
2022-03-10 10:05:00,1.424,64.203,-0.834
2022-03-10 21:45:00,-0.819,63.384,-1.653
2022-03-11 02:05:00,-1.078,62.306,-2.731
2022-03-11 10:10:00,0.597,62.903,-2.134
2022-03-11 14:50:00,-1.038,61.865,-3.172
2022-03-11 19:30:00,2.432,64.297,-0.74
2022-03-12 02:00:00,-1.045,63.252,-1.785
2022-03-12 14:35:00,2.324,65.576,0.0
2022-03-12 23:45:00,2.281,67.857,0.0
2022-03-13 01:15:00,-1.141,66.716,-1.141
2022-03-13 12:40:00,2.384,69.1,0.0
2022-03-13 20:45:00,-0.241,68.859,-0.241
2022-03-13 22:50:00,2.365,71.224,0.0
2022-03-14 06:55:00,-0.684,70.54,-0.684
2022-03-14 11:40:00,-1.065,69.475,-1.749
2022-03-14 19:45:00,1.143,70.618,-0.606
2022-03-15 01:20:00,-1.055,69.563,-1.661
2022-03-15 10:00:00,0.148,69.711,-1.513
2022-03-15 14:25:00,-1.076,68.635,-2.589
2022-03-15 19:05:00,2.435,71.07,-0.154
2022-03-16 00:20:00,-1.043,70.027,-1.197
2022-03-16 03:10:00,-1.035,68.992,-2.232
2022-03-16 11:15:00,-0.492,68.5,-2.724
2022-03-16 13:05:00,-1.158,67.342,-3.882
2022-03-16 17:05:00,-1.08,66.262,-4.962
2022-03-17 03:15:00,1.103,67.365,-3.859
2022-03-17 09:35:00,2.355,69.72,-1.504
2022-03-17 17:40:00,0.886,70.606,-0.618
2022-03-18 03:20:00,-1.058,69.548,-1.676
2022-03-18 07:20:00,-1.112,68.436,-2.788
2022-03-18 15:45:00,2.424,70.86,-0.364
2022-03-18 23:50:00,1.628,72.488,0.0
2022-03-19 05:10:00,-1.054,71.434,-1.054
2022-03-19 19:45:00,1.5,72.934,0.0
2022-03-19 22:10:00,-1.091,71.843,-1.091
2022-03-20 17:20:00,-1.043,70.8,-2.134
2022-03-21 01:25:00,0.676,71.476,-1.458
2022-03-21 03:15:00,-1.07,70.406,-2.528
2022-03-21 08:45:00,2.429,72.835,-0.099
2022-03-21 16:30:00,-1.056,71.779,-1.155
2022-03-22 00:35:00,0.969,72.748,-0.186
2022-03-22 10:25:00,0.464,73.212,0.0
2022-03-22 14:25:00,-1.083,72.129,-1.083
2022-03-22 17:15:00,-1.117,71.012,-2.2
2022-03-22 21:35:00,-1.056,69.956,-3.256
2022-03-23 07:30:00,-0.39,69.566,-3.646
2022-03-23 13:00:00,-1.099,68.467,-4.745
2022-03-23 17:30:00,-1.124,67.343,-5.869
2022-03-24 01:35:00,0.597,67.94,-5.272
2022-03-24 09:35:00,-1.046,66.894,-6.318
2022-03-24 12:45:00,-1.061,65.833,-7.379
2022-03-24 23:05:00,0.188,66.021,-7.191
2022-03-25 00:10:00,-1.193,64.828,-8.384
2022-03-25 11:45:00,-1.074,63.754,-9.458
2022-03-25 12:15:00,-1.146,62.608,-10.604
2022-03-25 13:45:00,-1.097,61.511,-11.701
2022-03-25 16:00:00,2.383,63.894,-9.318
2022-03-26 00:05:00,0.058,63.952,-9.26
2022-03-26 05:30:00,-1.138,62.814,-10.398
2022-03-26 23:20:00,-0.046,62.768,-10.444
2022-03-27 16:05:00,-1.149,61.619,-11.593
2022-03-27 23:35:00,2.423,64.042,-9.17
2022-03-28 05:55:00,2.42,66.462,-6.75
2022-03-28 22:00:00,-0.321,66.141,-7.071
2022-03-29 02:15:00,-1.04,65.101,-8.111
2022-03-29 10:20:00,0.082,65.183,-8.029
2022-03-29 15:45:00,-1.095,64.088,-9.124
2022-03-29 20:55:00,-1.06,63.028,-10.184
2022-03-30 05:45:00,-0.681,62.347,-10.865
2022-03-30 13:35:00,-1.081,61.266,-11.946
2022-03-30 15:40:00,-1.059,60.207,-13.005
2022-03-30 23:45:00,0.893,61.1,-12.112
2022-03-31 08:40:00,0.802,61.902,-11.31
2022-03-31 17:10:00,-1.023,60.879,-12.333
2022-04-01 00:05:00,-1.035,59.844,-13.368
2022-04-01 09:55:00,0.604,60.448,-12.764
2022-04-01 11:00:00,-1.161,59.287,-13.925
2022-04-01 13:10:00,-1.068,58.219,-14.993
2022-04-01 18:05:00,2.441,60.66,-12.552
2022-04-01 20:20:00,-1.099,59.561,-13.651
2022-04-02 08:50:00,1.032,60.593,-12.619
2022-04-02 15:05:00,-1.092,59.501,-13.711
2022-04-03 02:10:00,0.312,59.813,-13.399
2022-04-03 12:05:00,0.272,60.085,-13.127
2022-04-03 22:00:00,-1.1,58.985,-14.227
2022-04-04 00:20:00,-1.055,57.93,-15.282
2022-04-04 08:25:00,-0.259,57.671,-15.541
2022-04-04 18:05:00,2.031,59.702,-13.51
2022-04-05 06:50:00,-1.056,58.646,-14.566
2022-04-05 12:00:00,-1.057,57.589,-15.623
2022-04-05 13:10:00,-1.056,56.533,-16.679
2022-04-05 21:20:00,1.335,57.868,-15.344
2022-04-05 23:50:00,2.331,60.199,-13.013
2022-04-06 00:20:00,2.425,62.624,-10.588
2022-04-06 08:25:00,-0.396,62.228,-10.984
2022-04-06 11:00:00,2.36,64.588,-8.624
2022-04-06 19:05:00,0.732,65.32,-7.892
2022-04-07 00:50:00,2.435,67.755,-5.457
2022-04-07 07:10:00,-1.033,66.722,-6.49
2022-04-07 16:55:00,-1.074,65.648,-7.564
2022-04-08 02:30:00,0.691,66.339,-6.873
2022-04-08 07:20:00,-1.152,65.187,-8.025
2022-04-08 14:15:00,-1.076,64.111,-9.101
2022-04-08 21:40:00,-1.033,63.078,-10.134
2022-04-09 05:45:00,0.706,63.784,-9.428
2022-04-09 11:15:00,-1.111,62.673,-10.539
2022-04-09 22:25:00,-0.482,62.191,-11.021
2022-04-10 12:50:00,0.772,62.963,-10.249
2022-04-10 21:50:00,-1.14,61.823,-11.389
2022-04-10 23:55:00,2.421,64.244,-8.968
2022-04-11 08:00:00,0.311,64.555,-8.657
2022-04-11 09:55:00,2.42,66.975,-6.237
2022-04-11 18:00:00,0.018,66.993,-6.219
2022-04-12 02:25:00,0.386,67.379,-5.833
2022-04-12 14:00:00,-1.078,66.301,-6.911
2022-04-12 22:05:00,0.85,67.151,-6.061
2022-04-13 06:35:00,-1.141,66.01,-7.202
2022-04-13 13:45:00,-1.067,64.943,-8.269
2022-04-13 21:50:00,0.878,65.821,-7.391
2022-04-14 09:15:00,-0.281,65.54,-7.672
2022-04-14 22:00:00,0.705,66.245,-6.967
2022-04-15 06:45:00,-1.157,65.088,-8.124
2022-04-15 07:50:00,-1.097,63.991,-9.221
2022-04-15 13:45:00,2.395,66.386,-6.826
2022-04-15 21:50:00,-0.738,65.648,-7.564
2022-04-16 04:30:00,-1.158,64.49,-8.722
2022-04-16 10:20:00,-1.231,63.259,-9.953
2022-04-16 15:10:00,-1.154,62.105,-11.107
2022-04-16 23:20:00,-0.705,61.4,-11.812
2022-04-17 05:50:00,-1.114,60.286,-12.926
2022-04-17 13:55:00,0.117,60.403,-12.809
2022-04-18 02:10:00,0.762,61.165,-12.047
2022-04-18 12:15:00,0.728,61.893,-11.319
2022-04-18 16:45:00,-1.069,60.824,-12.388
2022-04-19 01:05:00,1.62,62.444,-10.768
2022-04-19 13:45:00,2.361,64.805,-8.407
2022-04-19 21:50:00,0.178,64.983,-8.229
2022-04-20 00:20:00,-1.183,63.8,-9.412
2022-04-20 13:40:00,-1.101,62.699,-10.513
2022-04-20 23:05:00,-0.176,62.523,-10.689
2022-04-21 10:50:00,-1.087,61.436,-11.776
2022-04-21 17:15:00,-1.074,60.362,-12.85
2022-04-21 20:35:00,2.421,62.783,-10.429
2022-04-22 04:40:00,-0.732,62.051,-11.161
2022-04-22 16:20:00,1.189,63.24,-9.972
2022-04-22 23:00:00,-1.165,62.075,-11.137
2022-04-23 08:55:00,-0.759,61.316,-11.896
2022-04-23 13:15:00,-1.095,60.221,-12.991
2022-04-24 03:00:00,0.35,60.571,-12.641
2022-04-24 06:45:00,-1.259,59.312,-13.9
2022-04-24 13:35:00,2.217,61.529,-11.683
2022-04-24 14:55:00,-1.167,60.362,-12.85
2022-04-24 19:15:00,-1.071,59.291,-13.921
2022-04-25 00:20:00,2.383,61.674,-11.538
2022-04-25 08:25:00,1.153,62.827,-10.385
2022-04-25 09:35:00,-1.113,61.714,-11.498
2022-04-26 03:45:00,0.303,62.017,-11.195
2022-04-26 14:20:00,2.415,64.432,-8.78
2022-04-26 22:25:00,-0.212,64.22,-8.992
2022-04-27 05:30:00,-1.141,63.079,-10.133
2022-04-27 15:05:00,0.084,63.163,-10.049
2022-04-28 01:15:00,-0.25,62.913,-10.299
2022-04-28 07:25:00,-1.208,61.705,-11.507
2022-04-28 12:50:00,-1.176,60.529,-12.683
2022-04-28 21:05:00,1.469,61.998,-11.214
2022-04-29 05:40:00,0.034,62.032,-11.18
2022-04-29 17:10:00,1.871,63.903,-9.309
2022-04-29 19:30:00,2.374,66.277,-6.935
2022-04-30 02:05:00,-1.05,65.227,-7.985
2022-04-30 05:20:00,-1.092,64.135,-9.077
2022-04-30 08:55:00,2.305,66.44,-6.772
2022-04-30 14:20:00,2.4,68.84,-4.372
2022-04-30 22:25:00,1.625,70.465,-2.747
2022-05-01 05:10:00,-1.042,69.423,-3.789
2022-05-01 15:25:00,-1.07,68.353,-4.859
2022-05-02 00:35:00,-1.043,67.31,-5.902
2022-05-02 11:15:00,2.43,69.74,-3.472
2022-05-02 13:30:00,-1.056,68.684,-4.528
2022-05-02 23:15:00,0.073,68.757,-4.455
2022-05-03 10:10:00,-0.349,68.408,-4.804
2022-05-04 00:30:00,-0.145,68.263,-4.949
2022-05-04 04:10:00,-1.21,67.053,-6.159
2022-05-04 14:55:00,0.164,67.217,-5.995
2022-05-04 19:10:00,2.459,69.676,-3.536
2022-05-05 03:15:00,0.256,69.932,-3.28
2022-05-05 06:50:00,-1.055,68.877,-4.335
2022-05-05 15:50:00,2.471,71.348,-1.864
2022-05-05 23:55:00,-0.305,71.043,-2.169
2022-05-06 08:50:00,0.813,71.856,-1.356
2022-05-06 12:30:00,-1.043,70.813,-2.399
2022-05-06 15:20:00,-1.029,69.784,-3.428
2022-05-07 06:15:00,0.624,70.408,-2.804
2022-05-07 16:30:00,-1.055,69.353,-3.859
2022-05-07 22:45:00,2.426,71.779,-1.433
2022-05-08 06:50:00,-0.335,71.444,-1.768
2022-05-08 21:05:00,0.202,71.646,-1.566
2022-05-09 00:40:00,-1.064,70.582,-2.63
2022-05-09 10:25:00,1.203,71.785,-1.427
2022-05-09 17:05:00,2.47,74.255,0.0
2022-05-10 01:10:00,0.705,74.96,0.0
2022-05-10 14:35:00,-1.033,73.927,-1.033
2022-05-10 22:50:00,0.812,74.739,-0.221
2022-05-11 06:55:00,2.477,77.216,0.0
2022-05-11 12:50:00,2.491,79.707,0.0
2022-05-11 20:55:00,0.079,79.786,0.0
2022-05-11 23:00:00,-1.01,78.776,-1.01
2022-05-12 07:15:00,2.488,81.264,0.0
2022-05-12 07:40:00,-1.009,80.255,-1.009
2022-05-12 23:20:00,-1.019,79.236,-2.028
2022-05-13 11:10:00,0.554,79.79,-1.474
2022-05-13 16:45:00,-1.019,78.771,-2.493
2022-05-14 01:45:00,0.433,79.204,-2.06
2022-05-14 09:05:00,-1.03,78.174,-3.09
2022-05-14 18:25:00,-0.358,77.816,-3.448
2022-05-15 05:45:00,0.134,77.95,-3.314
2022-05-15 13:50:00,0.642,78.592,-2.672
2022-05-16 01:20:00,-0.636,77.956,-3.308
2022-05-16 14:10:00,0.466,78.422,-2.842
2022-05-16 17:30:00,-1.044,77.378,-3.886
2022-05-16 23:35:00,-1.038,76.34,-4.924
2022-05-17 01:50:00,-1.045,75.295,-5.969
2022-05-17 09:55:00,0.793,76.088,-5.176
2022-05-17 14:50:00,-1.033,75.055,-6.209
2022-05-17 22:55:00,-0.235,74.82,-6.444
2022-05-18 01:45:00,-1.074,73.746,-7.518
2022-05-18 11:15:00,0.47,74.216,-7.048
2022-05-18 13:25:00,2.418,76.634,-4.63
2022-05-18 21:30:00,0.926,77.56,-3.704
2022-05-19 07:40:00,0.356,77.916,-3.348
2022-05-19 13:10:00,-1.03,76.886,-4.378
2022-05-19 22:00:00,-1.026,75.86,-5.404
2022-05-19 23:30:00,-1.036,74.824,-6.44
2022-05-20 03:15:00,-1.034,73.79,-7.474
2022-05-20 08:35:00,-1.049,72.741,-8.523
2022-05-20 14:25:00,-1.044,71.697,-9.567
2022-05-20 22:30:00,0.695,72.392,-8.872
2022-05-21 02:20:00,-1.054,71.338,-9.926
2022-05-21 14:40:00,-1.074,70.264,-11.0
2022-05-21 21:55:00,-1.072,69.192,-12.072
2022-05-21 23:00:00,-1.06,68.132,-13.132
2022-05-22 07:10:00,-1.057,67.075,-14.189
2022-05-22 09:05:00,-1.033,66.042,-15.222
2022-05-22 12:35:00,2.427,68.469,-12.795
2022-05-22 20:40:00,0.305,68.774,-12.49
2022-05-23 02:25:00,-1.04,67.734,-13.53
2022-05-23 14:05:00,-1.04,66.694,-14.57
2022-05-23 18:00:00,-1.036,65.658,-15.606
2022-05-24 03:05:00,1.205,66.863,-14.401
2022-05-24 13:55:00,2.452,69.315,-11.949
2022-05-24 15:45:00,-1.021,68.294,-12.97
2022-05-25 02:20:00,-1.057,67.237,-14.027
2022-05-25 05:35:00,-1.039,66.198,-15.066
2022-05-25 13:40:00,0.331,66.529,-14.735
2022-05-26 00:10:00,0.081,66.61,-14.654
2022-05-26 05:35:00,2.431,69.041,-12.223
2022-05-26 13:15:00,2.479,71.52,-9.744
2022-05-26 13:55:00,-1.019,70.501,-10.763
2022-05-27 01:45:00,2.465,72.966,-8.298
2022-05-27 09:50:00,0.135,73.101,-8.163
2022-05-27 12:20:00,-1.031,72.07,-9.194
2022-05-27 20:20:00,-1.024,71.046,-10.218
2022-05-28 12:55:00,-1.055,69.991,-11.273
2022-05-28 21:20:00,1.18,71.171,-10.093
2022-05-29 08:25:00,2.445,73.616,-7.648
2022-05-29 16:30:00,0.296,73.912,-7.352
2022-05-30 01:35:00,2.434,76.346,-4.918
2022-05-30 09:40:00,0.357,76.703,-4.561
2022-05-31 05:20:00,-0.233,76.47,-4.794
2022-05-31 14:20:00,1.414,77.884,-3.38
2022-05-31 19:05:00,-1.026,76.858,-4.406
2022-06-01 00:40:00,-1.036,75.822,-5.442
2022-06-01 11:10:00,0.221,76.043,-5.221
2022-06-01 14:35:00,-1.042,75.001,-6.263
2022-06-01 22:40:00,1.268,76.269,-4.995
2022-06-02 08:10:00,-0.165,76.104,-5.16
2022-06-02 15:20:00,-1.036,75.068,-6.196
2022-06-02 22:00:00,-1.056,74.012,-7.252
2022-06-03 08:45:00,0.835,74.847,-6.417
2022-06-03 17:15:00,1.143,75.99,-5.274
2022-06-04 02:20:00,2.406,78.396,-2.868
2022-06-04 04:05:00,-1.057,77.339,-3.925
2022-06-04 14:30:00,-1.067,76.272,-4.992
2022-06-04 21:20:00,-1.08,75.192,-6.072
2022-06-05 05:25:00,0.428,75.62,-5.644
2022-06-05 13:50:00,-0.598,75.022,-6.242
2022-06-05 23:15:00,-1.091,73.931,-7.333
2022-06-06 06:45:00,2.47,76.401,-4.863
2022-06-06 14:50:00,-0.874,75.527,-5.737
2022-06-07 00:20:00,-1.04,74.487,-6.777
2022-06-07 08:30:00,1.176,75.663,-5.601
2022-06-07 13:35:00,-1.051,74.612,-6.652
2022-06-07 20:15:00,2.43,77.042,-4.222
2022-06-07 22:45:00,-1.026,76.016,-5.248
2022-06-08 02:05:00,-1.021,74.995,-6.269
2022-06-08 11:20:00,-0.28,74.715,-6.549
2022-06-08 13:35:00,-1.057,73.658,-7.606
2022-06-08 18:30:00,-1.035,72.623,-8.641
2022-06-08 21:55:00,-1.049,71.574,-9.69
2022-06-09 08:10:00,-0.544,71.03,-10.234
2022-06-09 16:25:00,-0.023,71.007,-10.257
2022-06-09 18:40:00,-1.052,69.955,-11.309
2022-06-10 03:05:00,-0.476,69.479,-11.785
2022-06-10 08:30:00,-1.047,68.432,-12.832
2022-06-10 12:30:00,2.395,70.827,-10.437
2022-06-10 20:35:00,0.542,71.369,-9.895
2022-06-11 12:55:00,2.457,73.826,-7.438
2022-06-11 21:00:00,0.897,74.723,-6.541
2022-06-12 02:25:00,2.46,77.183,-4.081
2022-06-12 10:30:00,-0.093,77.09,-4.174
2022-06-12 14:50:00,-1.037,76.053,-5.211
2022-06-12 23:40:00,2.459,78.512,-2.752
2022-06-13 01:25:00,2.467,80.979,-0.285
2022-06-13 09:30:00,0.893,81.872,0.0
2022-06-14 03:30:00,-1.029,80.843,-1.029
2022-06-14 07:30:00,-1.03,79.813,-2.059
2022-06-14 18:00:00,0.336,80.149,-1.723
2022-06-15 08:00:00,2.465,82.614,0.0
2022-06-15 11:25:00,-1.024,81.59,-1.024
2022-06-15 16:00:00,-1.057,80.533,-2.081
2022-06-15 17:55:00,-1.031,79.502,-3.112
2022-06-15 18:05:00,-1.035,78.467,-4.147
2022-06-16 02:45:00,0.62,79.087,-3.527
2022-06-16 13:50:00,2.45,81.537,-1.077
2022-06-16 16:25:00,-1.025,80.512,-2.102
2022-06-17 01:35:00,-1.042,79.47,-3.144
2022-06-17 20:30:00,-0.416,79.054,-3.56
2022-06-18 08:15:00,2.462,81.516,-1.098
2022-06-18 10:15:00,-1.031,80.485,-2.129
2022-06-19 02:35:00,1.097,81.582,-1.032
2022-06-19 09:15:00,-1.029,80.553,-2.061
2022-06-19 18:20:00,1.032,81.585,-1.029
2022-06-20 03:00:00,-0.498,81.087,-1.527
2022-06-20 08:55:00,2.45,83.537,0.0
2022-06-20 17:00:00,0.375,83.912,0.0
2022-06-21 07:50:00,0.465,84.377,0.0
2022-06-21 16:40:00,0.388,84.765,0.0
2022-06-22 03:50:00,1.744,86.509,0.0
2022-06-22 09:35:00,-1.026,85.483,-1.026
2022-06-22 12:05:00,-1.103,84.38,-2.129
2022-06-22 16:00:00,-1.033,83.347,-3.162
2022-06-23 00:05:00,0.424,83.771,-2.738
2022-06-23 08:20:00,1.679,85.45,-1.059
2022-06-23 13:50:00,-1.038,84.412,-2.097
2022-06-24 02:20:00,2.47,86.882,0.0
2022-06-24 10:25:00,-0.042,86.84,-0.042
2022-06-24 15:05:00,-1.039,85.801,-1.081
2022-06-24 21:15:00,2.436,88.237,0.0
2022-06-25 05:20:00,1.011,89.248,0.0
2022-06-25 08:35:00,-1.099,88.149,-1.099
2022-06-26 00:05:00,2.448,90.597,0.0
2022-06-26 01:30:00,-1.057,89.54,-1.057
2022-06-26 15:05:00,-1.043,88.497,-2.1
2022-06-27 01:25:00,0.75,89.247,-1.35
2022-06-27 13:55:00,-1.055,88.192,-2.405
2022-06-27 22:00:00,0.744,88.936,-1.661
2022-06-28 07:05:00,-1.037,87.899,-2.698
2022-06-28 11:05:00,-1.053,86.846,-3.751
2022-06-28 11:30:00,-1.072,85.774,-4.823
2022-06-28 15:35:00,-1.038,84.736,-5.861
2022-06-28 23:40:00,1.958,86.694,-3.903
2022-06-29 00:15:00,-1.059,85.635,-4.962
2022-06-29 13:40:00,2.161,87.796,-2.801
2022-06-29 13:50:00,-1.05,86.746,-3.851
2022-06-29 17:55:00,-1.057,85.689,-4.908
2022-06-30 06:55:00,2.455,88.144,-2.453
2022-06-30 15:00:00,0.319,88.463,-2.134
2022-06-30 21:20:00,-1.063,87.4,-3.197
2022-07-01 05:05:00,-1.016,86.384,-4.213
2022-07-01 13:10:00,0.124,86.508,-4.089
2022-07-02 06:05:00,-1.052,85.456,-5.141
2022-07-02 19:45:00,-1.092,84.364,-6.233
2022-07-02 23:45:00,-1.087,83.277,-7.32
2022-07-03 05:00:00,-1.081,82.196,-8.401
2022-07-03 10:30:00,-1.207,80.989,-9.608
2022-07-03 14:00:00,2.324,83.313,-7.284
2022-07-03 16:35:00,-1.105,82.208,-8.389
2022-07-03 19:50:00,2.35,84.558,-6.039
2022-07-04 03:55:00,-0.444,84.114,-6.483
2022-07-04 11:55:00,2.427,86.541,-4.056
2022-07-04 20:00:00,0.419,86.96,-3.637
2022-07-05 06:30:00,0.342,87.302,-3.295
2022-07-05 19:20:00,-1.051,86.251,-4.346
2022-07-06 03:25:00,0.688,86.939,-3.658
2022-07-06 12:35:00,-0.42,86.519,-4.078
2022-07-06 13:35:00,-1.059,85.46,-5.137
2022-07-07 00:30:00,1.561,87.021,-3.576
2022-07-07 02:25:00,-1.054,85.967,-4.63
2022-07-07 16:00:00,1.079,87.046,-3.551
2022-07-08 00:30:00,-0.596,86.45,-4.147
2022-07-08 06:50:00,-1.043,85.407,-5.19
2022-07-08 12:30:00,-1.052,84.355,-6.242
2022-07-08 23:15:00,-0.062,84.293,-6.304
2022-07-09 11:55:00,-1.092,83.201,-7.396
2022-07-09 23:30:00,-1.098,82.103,-8.494
2022-07-10 02:30:00,2.402,84.505,-6.092
2022-07-10 10:35:00,0.05,84.555,-6.042
2022-07-10 14:25:00,2.376,86.931,-3.666
2022-07-10 20:25:00,-1.068,85.863,-4.734
2022-07-11 09:25:00,0.314,86.177,-4.42
2022-07-11 19:55:00,0.076,86.253,-4.344
2022-07-11 22:10:00,2.41,88.663,-1.934
2022-07-12 06:15:00,-0.044,88.619,-1.978
2022-07-12 11:30:00,-1.05,87.569,-3.028
2022-07-12 22:00:00,2.421,89.99,-0.607
2022-07-13 06:05:00,-0.233,89.757,-0.84
2022-07-13 17:00:00,-1.023,88.734,-1.863
2022-07-14 01:05:00,1.357,90.091,-0.506
2022-07-14 05:50:00,-1.072,89.019,-1.578
2022-07-14 15:00:00,-1.077,87.942,-2.655
2022-07-14 17:40:00,2.459,90.401,-0.196
2022-07-15 01:45:00,0.749,91.15,0.0
2022-07-15 09:50:00,-0.152,90.998,-0.152
2022-07-16 00:00:00,-1.05,89.948,-1.202
2022-07-16 08:05:00,1.418,91.366,0.0
2022-07-16 15:20:00,2.426,93.792,0.0
2022-07-16 17:00:00,2.46,96.252,0.0
2022-07-17 01:05:00,-0.223,96.029,-0.223
2022-07-17 12:10:00,0.487,96.516,0.0
2022-07-17 17:55:00,-1.045,95.471,-1.045
2022-07-18 00:20:00,-1.079,94.392,-2.124
2022-07-18 05:05:00,2.456,96.848,0.0
2022-07-18 13:10:00,1.215,98.063,0.0
2022-07-18 23:25:00,2.43,100.493,0.0
2022-07-19 07:30:00,-0.482,100.011,-0.482
2022-07-19 13:20:00,2.449,102.46,0.0
2022-07-19 21:25:00,0.039,102.499,0.0
2022-07-20 09:00:00,-0.701,101.798,-0.701
2022-07-21 01:15:00,0.34,102.138,-0.361
2022-07-21 10:30:00,-0.376,101.762,-0.737
2022-07-21 12:15:00,-1.07,100.692,-1.807
2022-07-21 20:20:00,1.94,102.632,0.0
2022-07-22 13:20:00,-1.058,101.574,-1.058
2022-07-22 23:25:00,1.426,103.0,0.0
2022-07-23 01:40:00,-1.084,101.916,-1.084
2022-07-23 08:50:00,-1.093,100.823,-2.177
2022-07-23 18:40:00,1.57,102.393,-0.607
2022-07-23 19:45:00,-1.07,101.323,-1.677
2022-07-24 02:30:00,-1.083,100.24,-2.76
2022-07-24 04:45:00,-1.09,99.15,-3.85
2022-07-24 13:15:00,-0.102,99.048,-3.952
2022-07-24 15:10:00,-1.084,97.964,-5.036
2022-07-24 22:50:00,-1.118,96.846,-6.154
2022-07-25 02:30:00,2.457,99.303,-3.697
2022-07-25 10:35:00,0.056,99.359,-3.641
2022-07-25 23:45:00,2.424,101.783,-1.217
2022-07-26 07:50:00,0.765,102.548,-0.452
2022-07-26 21:10:00,0.32,102.868,-0.132
2022-07-27 05:05:00,-1.071,101.797,-1.203
2022-07-27 09:35:00,-1.115,100.682,-2.318
2022-07-27 16:55:00,-1.057,99.625,-3.375
2022-07-27 18:00:00,-1.044,98.581,-4.419
2022-07-28 02:35:00,0.593,99.174,-3.826
2022-07-28 04:10:00,-1.035,98.139,-4.861
2022-07-28 12:20:00,-1.1,97.039,-5.961
2022-07-28 21:35:00,0.948,97.987,-5.013
2022-07-29 08:05:00,-1.057,96.93,-6.07
2022-07-29 11:05:00,-1.159,95.771,-7.229
2022-07-29 22:20:00,-0.037,95.734,-7.266
2022-07-30 00:35:00,-1.044,94.69,-8.31
2022-07-30 15:30:00,2.418,97.108,-5.892
2022-07-30 19:45:00,-1.041,96.067,-6.933
2022-07-31 04:25:00,-1.07,94.997,-8.003
2022-07-31 08:35:00,-1.048,93.949,-9.051
2022-07-31 10:15:00,-1.069,92.88,-10.12
2022-07-31 18:20:00,0.456,93.336,-9.664
2022-08-01 06:15:00,0.535,93.871,-9.129
2022-08-01 14:30:00,0.411,94.282,-8.718
2022-08-01 23:15:00,-1.059,93.223,-9.777
2022-08-02 09:50:00,1.166,94.389,-8.611
2022-08-02 14:25:00,-1.042,93.347,-9.653
2022-08-02 23:55:00,-1.058,92.289,-10.711
2022-08-03 05:25:00,-1.043,91.246,-11.754
2022-08-03 09:15:00,2.397,93.643,-9.357
2022-08-03 17:20:00,0.579,94.222,-8.778
2022-08-03 22:55:00,2.352,96.574,-6.426
2022-08-04 01:05:00,-1.057,95.517,-7.483
2022-08-04 09:15:00,-0.662,94.855,-8.145
2022-08-05 00:50:00,-0.432,94.423,-8.577
2022-08-05 09:55:00,0.725,95.148,-7.852
2022-08-05 18:55:00,-1.101,94.047,-8.953
2022-08-06 01:15:00,2.43,96.477,-6.523
2022-08-06 09:20:00,0.343,96.82,-6.18
2022-08-06 17:30:00,2.396,99.216,-3.784
2022-08-07 01:35:00,-0.435,98.781,-4.219
2022-08-07 12:40:00,2.42,101.201,-1.799
2022-08-07 20:45:00,0.764,101.965,-1.035
2022-08-07 23:00:00,-1.062,100.903,-2.097
2022-08-08 09:15:00,2.432,103.335,0.0
2022-08-08 17:20:00,-0.445,102.89,-0.445
2022-08-08 21:10:00,-1.077,101.813,-1.522
2022-08-09 04:45:00,-1.046,100.767,-2.568
2022-08-09 08:45:00,-1.06,99.707,-3.628
2022-08-09 16:50:00,0.925,100.632,-2.703
2022-08-10 02:55:00,-1.083,99.549,-3.786
2022-08-10 08:50:00,-1.054,98.495,-4.84
2022-08-10 12:30:00,2.445,100.94,-2.395
2022-08-10 20:35:00,-0.35,100.59,-2.745
2022-08-11 03:55:00,2.378,102.968,-0.367
2022-08-11 12:00:00,-0.126,102.842,-0.493
2022-08-11 14:25:00,-1.1,101.742,-1.593
2022-08-11 23:20:00,0.057,101.799,-1.536
2022-08-12 02:45:00,-1.054,100.745,-2.59
2022-08-12 10:50:00,-0.933,99.812,-3.523
2022-08-12 18:55:00,-0.684,99.128,-4.207
2022-08-13 03:20:00,1.559,100.687,-2.648
2022-08-14 02:35:00,-0.438,100.249,-3.086
2022-08-14 08:45:00,-1.102,99.147,-4.188
2022-08-14 13:25:00,2.351,101.498,-1.837
2022-08-14 17:00:00,2.384,103.882,0.0
2022-08-15 01:05:00,-0.75,103.132,-0.75
2022-08-15 06:05:00,-1.1,102.032,-1.85
2022-08-15 14:10:00,0.694,102.726,-1.156
2022-08-16 02:05:00,-0.47,102.256,-1.626
2022-08-16 09:05:00,-1.066,101.19,-2.692
2022-08-16 16:45:00,2.398,103.588,-0.294
2022-08-17 00:50:00,-0.564,103.024,-0.858
2022-08-17 06:10:00,2.321,105.345,0.0
2022-08-17 07:25:00,-1.075,104.27,-1.075
2022-08-17 13:45:00,2.445,106.715,0.0
2022-08-17 21:50:00,0.79,107.505,0.0
2022-08-18 00:15:00,-1.075,106.43,-1.075
2022-08-18 09:50:00,-1.121,105.309,-2.196
2022-08-18 23:00:00,0.898,106.207,-1.298
2022-08-19 01:20:00,2.455,108.662,0.0
2022-08-19 06:35:00,2.462,111.124,0.0
2022-08-19 14:40:00,-0.561,110.563,-0.561
2022-08-19 19:20:00,-1.079,109.484,-1.64
2022-08-20 00:40:00,-1.035,108.449,-2.675
2022-08-21 01:05:00,0.193,108.642,-2.482
2022-08-21 20:50:00,-1.08,107.562,-3.562
2022-08-21 22:00:00,-1.058,106.504,-4.62
2022-08-22 05:55:00,-1.095,105.409,-5.715
2022-08-22 14:40:00,0.606,106.015,-5.109
2022-08-22 20:00:00,-1.098,104.917,-6.207
2022-08-23 05:40:00,-1.084,103.833,-7.291
2022-08-23 08:35:00,-1.038,102.795,-8.329
2022-08-23 15:20:00,2.429,105.224,-5.9
2022-08-23 18:00:00,-1.045,104.179,-6.945
2022-08-23 21:10:00,-1.107,103.072,-8.052
2022-08-24 00:30:00,-1.154,101.918,-9.206
2022-08-24 07:30:00,-1.091,100.827,-10.297
2022-08-24 23:25:00,-1.07,99.757,-11.367
2022-08-25 00:35:00,-1.246,98.511,-12.613
2022-08-25 03:50:00,-1.137,97.374,-13.75
2022-08-25 06:10:00,-1.11,96.264,-14.86
2022-08-25 12:45:00,-1.156,95.108,-16.016
2022-08-25 23:25:00,-0.476,94.632,-16.492
2022-08-26 03:05:00,-1.069,93.563,-17.561
2022-08-26 13:00:00,-1.071,92.492,-18.632
2022-08-26 15:00:00,-1.025,91.467,-19.657
2022-08-26 23:05:00,0.672,92.139,-18.985
2022-08-27 07:15:00,0.326,92.465,-18.659
2022-08-27 13:40:00,-1.101,91.364,-19.76
2022-08-27 23:00:00,0.422,91.786,-19.338
2022-08-28 07:15:00,-1.059,90.727,-20.397
2022-08-28 19:25:00,-0.023,90.704,-20.42
2022-08-28 22:00:00,2.411,93.115,-18.009
2022-08-29 06:05:00,2.135,95.25,-15.874
2022-08-29 22:00:00,-1.065,94.185,-16.939
2022-08-30 01:30:00,-1.068,93.117,-18.007
2022-08-30 03:20:00,-1.088,92.029,-19.095
2022-08-30 05:00:00,2.442,94.471,-16.653
2022-08-30 13:05:00,-0.387,94.084,-17.04
2022-08-30 22:10:00,0.65,94.734,-16.39
2022-08-31 08:20:00,-1.066,93.668,-17.456
2022-08-31 15:00:00,-1.053,92.615,-18.509
2022-08-31 23:05:00,0.373,92.988,-18.136
2022-09-01 00:15:00,-1.097,91.891,-19.233
2022-09-01 02:10:00,-1.042,90.849,-20.275
2022-09-01 10:55:00,-1.098,89.751,-21.373
2022-09-01 14:45:00,2.404,92.155,-18.969
2022-09-01 20:20:00,-1.032,91.123,-20.001
2022-09-02 01:10:00,-1.114,90.009,-21.115
2022-09-02 03:05:00,-1.077,88.932,-22.192
2022-09-02 11:20:00,-0.937,87.995,-23.129
2022-09-02 12:25:00,-1.072,86.923,-24.201
2022-09-02 17:25:00,-1.07,85.853,-25.271
2022-09-03 01:30:00,0.08,85.933,-25.191
2022-09-03 05:00:00,-1.092,84.841,-26.283
2022-09-03 10:00:00,-1.076,83.765,-27.359
2022-09-03 19:30:00,-1.143,82.622,-28.502
2022-09-04 00:00:00,-1.134,81.488,-29.636
2022-09-04 04:30:00,-1.145,80.343,-30.781
2022-09-04 09:00:00,-1.174,79.169,-31.955
2022-09-04 14:00:00,-1.073,78.096,-33.028
2022-09-04 22:05:00,-0.324,77.772,-33.352
2022-09-04 23:30:00,-1.144,76.628,-34.496
2022-09-05 05:20:00,-1.078,75.55,-35.574
2022-09-05 13:25:00,0.468,76.018,-35.106
2022-09-05 22:50:00,2.142,78.16,-32.964
2022-09-05 23:45:00,2.356,80.516,-30.608
2022-09-06 07:50:00,1.306,81.822,-29.302
2022-09-06 13:50:00,-1.046,80.776,-30.348
2022-09-06 20:05:00,2.46,83.236,-27.888
2022-09-07 04:10:00,-0.121,83.115,-28.009
2022-09-07 13:00:00,-1.096,82.019,-29.105
2022-09-08 04:20:00,0.675,82.694,-28.43
2022-09-08 15:00:00,-1.045,81.649,-29.475
2022-09-08 23:05:00,-0.016,81.633,-29.491
2022-09-09 00:15:00,2.316,83.949,-27.175
2022-09-09 08:20:00,1.785,85.734,-25.39
2022-09-09 16:30:00,0.381,86.115,-25.009
2022-09-09 23:20:00,-1.106,85.009,-26.115
2022-09-10 09:05:00,-0.825,84.184,-26.94
2022-09-10 22:40:00,2.383,86.567,-24.557
2022-09-11 02:40:00,-1.048,85.519,-25.605
2022-09-11 13:35:00,-1.216,84.303,-26.821
2022-09-11 20:35:00,-1.087,83.216,-27.908
2022-09-11 22:05:00,-1.089,82.127,-28.997
2022-09-12 01:00:00,-1.045,81.082,-30.042
2022-09-12 09:50:00,0.284,81.366,-29.758
2022-09-12 16:05:00,-1.051,80.315,-30.809
2022-09-13 00:30:00,-1.048,79.267,-31.857
2022-09-13 06:45:00,-1.154,78.113,-33.011
2022-09-13 12:30:00,-1.047,77.066,-34.058
2022-09-13 20:35:00,1.296,78.362,-32.762
2022-09-14 02:15:00,-1.072,77.29,-33.834
2022-09-14 12:35:00,-1.095,76.195,-34.929
2022-09-14 21:55:00,-1.094,75.101,-36.023
2022-09-15 06:45:00,-1.048,74.053,-37.071
2022-09-15 12:30:00,-1.096,72.957,-38.167
2022-09-15 21:40:00,1.183,74.14,-36.984
2022-09-16 06:20:00,0.056,74.196,-36.928
2022-09-16 16:35:00,1.453,75.649,-35.475
2022-09-16 18:30:00,-1.09,74.559,-36.565
2022-09-17 04:10:00,-1.157,73.402,-37.722
2022-09-17 13:25:00,-0.118,73.284,-37.84
2022-09-17 22:15:00,0.377,73.661,-37.463
2022-09-18 09:20:00,-0.523,73.138,-37.986
2022-09-18 15:45:00,2.364,75.502,-35.622
2022-09-18 17:55:00,2.335,77.837,-33.287
2022-09-18 21:10:00,2.428,80.265,-30.859
2022-09-19 05:15:00,-0.112,80.153,-30.971
2022-09-19 08:15:00,-1.07,79.083,-32.041
2022-09-19 19:05:00,-1.087,77.996,-33.128
2022-09-20 07:30:00,-1.068,76.928,-34.196
2022-09-20 15:45:00,0.221,77.149,-33.975
2022-09-21 01:55:00,0.051,77.2,-33.924
2022-09-21 11:00:00,-1.05,76.15,-34.974
2022-09-21 15:05:00,-1.104,75.046,-36.078
2022-09-21 17:30:00,-1.07,73.976,-37.148
2022-09-21 18:45:00,2.426,76.402,-34.722
2022-09-21 20:15:00,-1.025,75.377,-35.747
2022-09-22 04:20:00,-0.081,75.296,-35.828
2022-09-22 08:40:00,2.413,77.709,-33.415
2022-09-22 16:45:00,-0.191,77.518,-33.606
2022-09-22 19:40:00,2.349,79.867,-31.257
2022-09-23 03:45:00,0.406,80.273,-30.851
2022-09-23 07:40:00,-1.109,79.164,-31.96
2022-09-23 13:20:00,-1.065,78.099,-33.025
2022-09-23 20:25:00,-1.049,77.05,-34.074
2022-09-24 04:40:00,0.755,77.805,-33.319
2022-09-24 14:35:00,-1.16,76.645,-34.479
2022-09-24 20:10:00,-1.342,75.303,-35.821
2022-09-25 05:25:00,-0.061,75.242,-35.882
2022-09-25 17:00:00,2.335,77.577,-33.547
2022-09-25 22:00:00,2.293,79.87,-31.254
2022-09-25 22:20:00,-1.064,78.806,-32.318
2022-09-26 09:05:00,-0.796,78.01,-33.114
2022-09-26 13:35:00,-1.074,76.936,-34.188
2022-09-26 21:15:00,-1.104,75.832,-35.292
2022-09-27 01:05:00,2.314,78.146,-32.978
2022-09-27 06:15:00,2.41,80.556,-30.568
2022-09-27 14:20:00,-0.033,80.523,-30.601
2022-09-28 00:15:00,0.717,81.24,-29.884
2022-09-28 09:30:00,0.593,81.833,-29.291
2022-09-28 22:30:00,-1.103,80.73,-30.394
2022-09-29 06:15:00,-1.08,79.65,-31.474
2022-09-29 14:20:00,0.625,80.275,-30.849
2022-09-30 07:40:00,1.015,81.29,-29.834
2022-09-30 12:30:00,-1.084,80.206,-30.918
2022-09-30 18:45:00,-1.056,79.15,-31.974
2022-10-01 02:50:00,-0.019,79.131,-31.993
2022-10-01 07:35:00,-1.448,77.683,-33.441
2022-10-02 00:25:00,0.523,78.206,-32.918
2022-10-02 10:15:00,2.342,80.548,-30.576
2022-10-02 18:20:00,-0.101,80.447,-30.677
2022-10-02 22:20:00,-1.12,79.327,-31.797
2022-10-03 07:10:00,-0.112,79.215,-31.909
2022-10-03 22:10:00,0.49,79.705,-31.419
2022-10-04 07:30:00,1.534,81.239,-29.885
2022-10-04 08:25:00,-1.185,80.054,-31.07
2022-10-04 17:15:00,-1.107,78.947,-32.177
2022-10-05 01:00:00,-1.121,77.826,-33.298
2022-10-05 08:10:00,-1.135,76.691,-34.433
2022-10-05 16:15:00,0.274,76.965,-34.159
2022-10-06 00:20:00,0.985,77.95,-33.174
2022-10-06 07:00:00,-1.101,76.849,-34.275
2022-10-06 11:35:00,-1.262,75.587,-35.537
2022-10-06 13:25:00,-1.155,74.432,-36.692
2022-10-07 00:20:00,-1.242,73.19,-37.934
2022-10-07 08:20:00,-1.184,72.006,-39.118
2022-10-07 20:35:00,0.101,72.107,-39.017
2022-10-08 06:55:00,-1.243,70.864,-40.26
2022-10-08 16:45:00,-0.6,70.264,-40.86
2022-10-08 21:45:00,2.241,72.505,-38.619
2022-10-09 05:50:00,-0.987,71.518,-39.606
2022-10-09 17:50:00,0.441,71.959,-39.165
2022-10-10 06:00:00,-1.094,70.865,-40.259
2022-10-10 08:30:00,2.365,73.23,-37.894
2022-10-10 16:35:00,-0.168,73.062,-38.062
2022-10-11 00:00:00,2.392,75.454,-35.67
2022-10-11 08:05:00,-0.179,75.275,-35.849
2022-10-11 15:00:00,-1.106,74.169,-36.955
2022-10-12 02:50:00,0.693,74.862,-36.262
2022-10-12 20:35:00,-0.293,74.569,-36.555
2022-10-13 01:40:00,2.158,76.727,-34.397
2022-10-13 02:25:00,2.373,79.1,-32.024
2022-10-13 10:30:00,1.793,80.893,-30.231
2022-10-13 12:25:00,-1.031,79.862,-31.262
2022-10-13 15:40:00,-1.028,78.834,-32.29
2022-10-13 23:30:00,-1.141,77.693,-33.431
2022-10-14 00:35:00,-1.159,76.534,-34.59
2022-10-14 09:25:00,0.859,77.393,-33.731
2022-10-14 14:00:00,-1.164,76.229,-34.895
2022-10-14 21:55:00,2.387,78.616,-32.508
2022-10-15 00:05:00,-1.102,77.514,-33.61
2022-10-15 16:15:00,-1.08,76.434,-34.69
2022-10-15 23:00:00,2.302,78.736,-32.388
2022-10-16 05:05:00,-1.101,77.635,-33.489
2022-10-16 15:05:00,-1.223,76.412,-34.712
2022-10-17 03:35:00,-0.273,76.139,-34.985
2022-10-17 11:15:00,2.373,78.512,-32.612
2022-10-17 19:20:00,-0.835,77.677,-33.447
2022-10-18 06:20:00,0.484,78.161,-32.963
2022-10-18 22:00:00,0.474,78.635,-32.489
2022-10-19 09:00:00,0.884,79.519,-31.605
2022-10-19 14:20:00,-1.099,78.42,-32.704
2022-10-20 06:40:00,-0.234,78.186,-32.938
2022-10-20 10:50:00,-1.136,77.05,-34.074
2022-10-20 14:15:00,-1.084,75.966,-35.158
2022-10-20 17:40:00,-1.092,74.874,-36.25
2022-10-21 02:20:00,0.402,75.276,-35.848
2022-10-21 13:50:00,-1.097,74.179,-36.945
2022-10-22 00:00:00,1.281,75.46,-35.664
2022-10-22 01:30:00,-1.168,74.292,-36.832
2022-10-22 11:00:00,2.242,76.534,-34.59
2022-10-22 15:35:00,-1.126,75.408,-35.716
2022-10-22 20:50:00,1.964,77.372,-33.752
2022-10-23 01:05:00,-1.154,76.218,-34.906
2022-10-23 10:20:00,-0.095,76.123,-35.001
2022-10-23 22:00:00,2.383,78.506,-32.618
2022-10-24 06:05:00,-0.705,77.801,-33.323
2022-10-24 13:30:00,-1.102,76.699,-34.425
2022-10-24 22:10:00,0.13,76.829,-34.295
2022-10-25 09:10:00,0.16,76.989,-34.135
2022-10-25 11:25:00,-1.273,75.716,-35.408
2022-10-25 14:50:00,2.405,78.121,-33.003
2022-10-25 17:00:00,2.439,80.56,-30.564
2022-10-26 01:05:00,-0.436,80.124,-31.0
2022-10-26 07:05:00,2.388,82.512,-28.612
2022-10-26 08:20:00,-1.092,81.42,-29.704
2022-10-26 12:10:00,-1.064,80.356,-30.768
2022-10-26 22:20:00,-0.454,79.902,-31.222
2022-10-27 02:55:00,-1.085,78.817,-32.307
2022-10-27 07:35:00,-1.106,77.711,-33.413
2022-10-27 13:55:00,-1.1,76.611,-34.513
2022-10-27 20:20:00,-1.068,75.543,-35.581
2022-10-28 07:10:00,-0.62,74.923,-36.201
2022-10-28 16:15:00,1.233,76.156,-34.968
2022-10-29 00:25:00,1.631,77.787,-33.337
2022-10-29 10:55:00,-0.251,77.536,-33.588
2022-10-29 22:15:00,-1.071,76.465,-34.659
2022-10-30 09:55:00,-0.024,76.441,-34.683
2022-10-30 21:30:00,-0.467,75.974,-35.15
2022-10-30 21:40:00,-1.187,74.787,-36.337
2022-10-31 08:10:00,0.283,75.07,-36.054
2022-10-31 17:50:00,0.098,75.168,-35.956
2022-11-01 06:25:00,0.846,76.014,-35.11
2022-11-01 07:35:00,-1.143,74.871,-36.253
2022-11-01 21:45:00,1.202,76.073,-35.051
2022-11-02 07:15:00,2.386,78.459,-32.665
2022-11-02 15:20:00,-0.305,78.154,-32.97
2022-11-03 03:30:00,-0.923,77.231,-33.893
2022-11-03 07:30:00,-1.114,76.117,-35.007
2022-11-03 19:30:00,-0.146,75.971,-35.153
2022-11-04 03:35:00,-1.134,74.837,-36.287
2022-11-04 07:50:00,2.437,77.274,-33.85
2022-11-04 10:15:00,-1.099,76.175,-34.949
2022-11-04 20:40:00,0.029,76.204,-34.92
2022-11-05 00:40:00,2.358,78.562,-32.562
2022-11-05 08:15:00,-1.084,77.478,-33.646
2022-11-05 13:25:00,-1.129,76.349,-34.775
2022-11-05 23:25:00,-0.316,76.033,-35.091
2022-11-06 09:55:00,-0.52,75.513,-35.611
2022-11-06 14:45:00,-1.142,74.371,-36.753
2022-11-06 16:00:00,-1.093,73.278,-37.846
2022-11-07 00:05:00,1.863,75.141,-35.983
2022-11-07 15:05:00,-0.224,74.917,-36.207
2022-11-08 02:50:00,2.444,77.361,-33.763
2022-11-08 05:20:00,2.46,79.821,-31.303
2022-11-08 13:25:00,-0.466,79.355,-31.769
2022-11-08 16:00:00,-1.041,78.314,-32.81
2022-11-09 02:10:00,0.286,78.6,-32.524
2022-11-09 06:45:00,-1.028,77.572,-33.552
2022-11-09 17:55:00,1.598,79.17,-31.954
2022-11-10 02:10:00,0.466,79.636,-31.488
2022-11-10 12:00:00,-1.09,78.546,-32.578
2022-11-10 21:35:00,0.242,78.788,-32.336
2022-11-11 09:35:00,0.139,78.927,-32.197
2022-11-11 22:05:00,1.269,80.196,-30.928
2022-11-12 08:45:00,0.901,81.097,-30.027
2022-11-12 23:40:00,2.344,83.441,-27.683
2022-11-13 02:40:00,-1.053,82.388,-28.736
2022-11-13 13:40:00,-1.043,81.345,-29.779
2022-11-13 20:00:00,-1.069,80.276,-30.848
2022-11-14 05:00:00,1.967,82.243,-28.881
2022-11-14 06:30:00,-1.148,81.095,-30.029
2022-11-14 15:30:00,0.076,81.171,-29.953
2022-11-15 00:00:00,-1.041,80.13,-30.994
2022-11-15 09:45:00,0.185,80.315,-30.809
2022-11-15 11:15:00,-1.114,79.201,-31.923
2022-11-15 16:55:00,2.401,81.602,-29.522
2022-11-15 18:30:00,-1.043,80.559,-30.565
2022-11-16 07:55:00,-1.07,79.489,-31.635
2022-11-16 12:55:00,2.418,81.907,-29.217
2022-11-16 16:00:00,2.429,84.336,-26.788
2022-11-17 00:05:00,-0.714,83.622,-27.502
2022-11-17 04:50:00,-1.07,82.552,-28.572
2022-11-17 14:15:00,2.4,84.952,-26.172
2022-11-17 18:00:00,-1.039,83.913,-27.211
2022-11-18 00:10:00,-1.095,82.818,-28.306
2022-11-18 08:15:00,-0.099,82.719,-28.405
2022-11-18 10:05:00,-1.09,81.629,-29.495
2022-11-18 14:40:00,-1.123,80.506,-30.618
2022-11-18 16:20:00,-1.132,79.374,-31.75
2022-11-19 01:10:00,0.421,79.795,-31.329
2022-11-19 05:15:00,2.356,82.151,-28.973
2022-11-19 13:20:00,-0.524,81.627,-29.497
2022-11-19 13:45:00,-1.27,80.357,-30.767
2022-11-20 08:35:00,-1.098,79.259,-31.865
2022-11-20 11:30:00,2.379,81.638,-29.486
2022-11-20 19:35:00,0.135,81.773,-29.351
2022-11-21 00:05:00,2.42,84.193,-26.931
2022-11-21 08:10:00,0.946,85.139,-25.985
2022-11-21 09:15:00,-1.138,84.001,-27.123
2022-11-21 09:50:00,-1.129,82.872,-28.252
2022-11-22 00:25:00,-0.576,82.296,-28.828
2022-11-22 03:05:00,-1.11,81.186,-29.938
2022-11-22 06:50:00,2.354,83.54,-27.584
2022-11-22 13:10:00,-1.062,82.478,-28.646
2022-11-22 21:15:00,0.895,83.373,-27.751
2022-11-23 00:05:00,2.355,85.728,-25.396
2022-11-23 08:10:00,0.811,86.539,-24.585
2022-11-23 12:20:00,-1.079,85.46,-25.664
2022-11-23 23:20:00,2.4,87.86,-23.264
2022-11-24 02:00:00,2.401,90.261,-20.863
2022-11-24 10:05:00,-0.716,89.545,-21.579
2022-11-25 00:10:00,-1.121,88.424,-22.7
2022-11-25 10:05:00,-0.044,88.38,-22.744
2022-11-25 19:15:00,0.95,89.33,-21.794
2022-11-25 22:10:00,-1.195,88.135,-22.989
2022-11-26 09:05:00,-0.115,88.02,-23.104
2022-11-26 14:55:00,-1.186,86.834,-24.29
2022-11-27 01:05:00,0.811,87.645,-23.479
2022-11-27 10:15:00,1.483,89.128,-21.996
2022-11-27 22:35:00,0.57,89.698,-21.426
2022-11-28 01:30:00,2.435,92.133,-18.991
2022-11-28 09:35:00,0.161,92.294,-18.83
2022-11-28 14:25:00,-1.174,91.12,-20.004
2022-11-28 16:55:00,-1.051,90.069,-21.055
2022-11-29 04:50:00,-1.126,88.943,-22.181
2022-11-29 13:50:00,-1.15,87.793,-23.331
2022-11-29 21:55:00,-0.065,87.728,-23.396
2022-11-29 23:45:00,-1.243,86.485,-24.639
2022-11-30 01:00:00,2.423,88.908,-22.216
2022-11-30 09:05:00,-0.223,88.685,-22.439
2022-11-30 19:00:00,-1.059,87.626,-23.498
2022-12-01 03:05:00,0.491,88.117,-23.007
2022-12-01 13:45:00,-1.156,86.961,-24.163
2022-12-02 00:30:00,-1.12,85.841,-25.283
2022-12-02 02:10:00,-1.103,84.738,-26.386
2022-12-02 13:30:00,-1.175,83.563,-27.561
2022-12-02 23:15:00,1.133,84.696,-26.428
2022-12-03 01:50:00,-1.13,83.566,-27.558
2022-12-03 17:35:00,0.983,84.549,-26.575
2022-12-03 21:05:00,-1.163,83.386,-27.738
2022-12-04 09:25:00,-0.38,83.006,-28.118
2022-12-04 20:40:00,0.105,83.111,-28.013
2022-12-05 00:05:00,2.316,85.427,-25.697
2022-12-05 02:25:00,2.373,87.8,-23.324
2022-12-05 10:30:00,-0.053,87.747,-23.377
2022-12-06 03:20:00,-0.281,87.466,-23.658
2022-12-06 06:30:00,-1.181,86.285,-24.839
2022-12-06 18:25:00,0.177,86.462,-24.662
2022-12-07 06:10:00,-1.146,85.316,-25.808
2022-12-07 06:55:00,2.294,87.61,-23.514
2022-12-07 15:00:00,0.328,87.938,-23.186
2022-12-07 23:10:00,-1.186,86.752,-24.372
2022-12-08 13:05:00,0.585,87.337,-23.787
2022-12-08 18:35:00,2.149,89.486,-21.638
2022-12-09 02:40:00,0.198,89.684,-21.44
2022-12-09 13:35:00,-1.241,88.443,-22.681
2022-12-09 23:30:00,-1.24,87.203,-23.921
2022-12-10 02:05:00,-1.133,86.07,-25.054
2022-12-10 07:00:00,-1.145,84.925,-26.199
2022-12-10 09:20:00,-1.223,83.702,-27.422
2022-12-10 13:25:00,-1.206,82.496,-28.628
2022-12-10 17:30:00,2.261,84.757,-26.367
2022-12-10 22:55:00,-1.236,83.521,-27.603
2022-12-11 12:10:00,0.42,83.941,-27.183
2022-12-11 20:15:00,-1.361,82.58,-28.544
2022-12-12 02:50:00,2.428,85.008,-26.116
2022-12-12 10:55:00,-0.733,84.275,-26.849
2022-12-12 20:25:00,-1.13,83.145,-27.979
2022-12-13 07:00:00,2.367,85.512,-25.612
2022-12-13 10:05:00,-1.065,84.447,-26.677
2022-12-13 13:30:00,2.43,86.877,-24.247
2022-12-13 21:35:00,0.241,87.118,-24.006
2022-12-14 06:05:00,-0.244,86.874,-24.25
2022-12-14 19:00:00,-1.09,85.784,-25.34
2022-12-15 01:35:00,-1.099,84.685,-26.439
2022-12-15 09:40:00,1.358,86.043,-25.081
2022-12-15 13:15:00,-1.097,84.946,-26.178
2022-12-15 21:25:00,1.377,86.323,-24.801
2022-12-16 02:30:00,-1.091,85.232,-25.892
2022-12-16 07:05:00,-1.178,84.054,-27.07
2022-12-16 16:55:00,1.612,85.666,-25.458
2022-12-16 22:35:00,2.421,88.087,-23.037
2022-12-17 06:40:00,-0.09,87.997,-23.127
2022-12-17 14:05:00,-1.228,86.769,-24.355
2022-12-18 14:10:00,0.359,87.128,-23.996
2022-12-18 17:55:00,-1.252,85.876,-25.248
2022-12-19 09:45:00,-1.073,84.803,-26.321
2022-12-19 12:00:00,-1.136,83.667,-27.457
2022-12-19 17:20:00,2.331,85.998,-25.126
2022-12-19 22:30:00,2.413,88.411,-22.713
2022-12-20 02:40:00,-1.026,87.385,-23.739
2022-12-20 12:35:00,0.741,88.126,-22.998
2022-12-20 23:05:00,-0.018,88.108,-23.016
2022-12-21 00:10:00,-1.231,86.877,-24.247
2022-12-21 08:20:00,1.498,88.375,-22.749
2022-12-21 19:55:00,2.248,90.623,-20.501
2022-12-22 00:55:00,-1.249,89.374,-21.75
2022-12-22 09:10:00,-1.278,88.096,-23.028
2022-12-22 14:30:00,2.229,90.325,-20.799
2022-12-22 20:20:00,-1.099,89.226,-21.898
2022-12-23 04:25:00,0.206,89.432,-21.692
2022-12-23 13:25:00,-1.281,88.151,-22.973
2022-12-23 21:40:00,-0.447,87.704,-23.42
2022-12-23 23:50:00,-1.23,86.474,-24.65
2022-12-24 04:35:00,-1.832,84.642,-26.482
2022-12-24 13:25:00,0.255,84.897,-26.227
2022-12-24 19:10:00,-1.357,83.54,-27.584
2022-12-25 10:45:00,1.702,85.242,-25.882
2022-12-25 12:35:00,-1.275,83.967,-27.157
2022-12-26 05:25:00,0.636,84.603,-26.521
2022-12-26 13:10:00,-1.281,83.322,-27.802
2022-12-26 21:15:00,0.454,83.776,-27.348
2022-12-27 07:25:00,0.552,84.328,-26.796
2022-12-27 14:35:00,-1.127,83.201,-27.923
2022-12-27 17:20:00,-1.084,82.117,-29.007
2022-12-28 01:25:00,0.023,82.14,-28.984
2022-12-28 05:40:00,2.347,84.487,-26.637
2022-12-28 13:45:00,-0.797,83.69,-27.434
2022-12-28 23:40:00,0.577,84.267,-26.857
2022-12-29 04:50:00,-1.12,83.147,-27.977
2022-12-29 10:50:00,-1.238,81.909,-29.215
2022-12-29 20:20:00,2.374,84.283,-26.841
2022-12-30 04:25:00,-0.252,84.031,-27.093
2022-12-30 14:45:00,2.355,86.386,-24.738
2022-12-30 15:15:00,-1.098,85.288,-25.836
2022-12-31 06:50:00,-0.745,84.543,-26.581
2022-12-31 11:35:00,-1.336,83.207,-27.917
2022-12-31 14:25:00,2.114,85.321,-25.803
2022-12-31 16:15:00,-1.139,84.182,-26.942
2023-01-01 00:35:00,2.238,86.42,-24.704
2023-01-01 08:40:00,2.128,88.548,-22.576
2023-01-01 09:55:00,-1.253,87.295,-23.829
2023-01-01 17:00:00,-1.192,86.103,-25.021
2023-01-02 01:05:00,-1.124,84.979,-26.145
2023-01-02 03:50:00,-1.08,83.899,-27.225
2023-01-02 07:10:00,2.396,86.295,-24.829
2023-01-02 15:15:00,0.162,86.457,-24.667
2023-01-02 22:45:00,-1.141,85.316,-25.808
2023-01-03 11:30:00,2.329,87.645,-23.479
2023-01-03 11:40:00,-1.218,86.427,-24.697
2023-01-03 14:55:00,-1.12,85.307,-25.817
2023-01-03 19:20:00,-1.066,84.241,-26.883
2023-01-04 01:20:00,2.281,86.522,-24.602
2023-01-04 03:05:00,2.398,88.92,-22.204
2023-01-04 11:10:00,-0.07,88.85,-22.274
2023-01-04 15:05:00,-1.149,87.701,-23.423
2023-01-04 23:40:00,0.64,88.341,-22.783
2023-01-05 00:45:00,-1.119,87.222,-23.902
2023-01-05 06:30:00,-1.13,86.092,-25.032
2023-01-05 21:40:00,-0.277,85.815,-25.309
2023-01-06 00:45:00,-1.176,84.639,-26.485
2023-01-06 05:50:00,2.225,86.864,-24.26
2023-01-06 13:00:00,2.335,89.199,-21.925
2023-01-06 13:30:00,-1.173,88.026,-23.098
2023-01-07 03:40:00,0.668,88.694,-22.43
2023-01-07 11:00:00,-1.117,87.577,-23.547
2023-01-07 19:05:00,-0.584,86.993,-24.131
2023-01-07 20:40:00,-1.418,85.575,-25.549
2023-01-08 00:00:00,-1.352,84.223,-26.901
2023-01-08 08:15:00,-1.086,83.137,-27.987
2023-01-08 16:20:00,0.461,83.598,-27.526
2023-01-08 23:05:00,2.34,85.938,-25.186
2023-01-09 02:30:00,2.423,88.361,-22.763
2023-01-09 10:35:00,-0.104,88.257,-22.867
2023-01-09 11:50:00,-1.163,87.094,-24.03
2023-01-09 18:35:00,-1.066,86.028,-25.096
2023-01-10 07:20:00,-1.165,84.863,-26.261
2023-01-10 15:25:00,2.427,87.29,-23.834
2023-01-10 23:30:00,-0.306,86.984,-24.14
2023-01-11 06:10:00,-1.126,85.858,-25.266
2023-01-11 14:25:00,-1.176,84.682,-26.442
2023-01-11 18:40:00,2.456,87.138,-23.986
2023-01-11 22:45:00,2.483,89.621,-21.503
2023-01-12 06:50:00,-0.164,89.457,-21.667
2023-01-12 13:25:00,-1.061,88.396,-22.728
2023-01-12 21:40:00,-0.046,88.35,-22.774
2023-01-13 09:05:00,2.419,90.769,-20.355
2023-01-13 12:50:00,-1.031,89.738,-21.386
2023-01-13 16:10:00,-1.05,88.688,-22.436
2023-01-13 22:30:00,2.422,91.11,-20.014
2023-01-13 23:15:00,-1.033,90.077,-21.047
2023-01-14 08:40:00,1.815,91.892,-19.232
2023-01-14 09:15:00,-1.021,90.871,-20.253
2023-01-14 14:40:00,-1.04,89.831,-21.293
2023-01-15 00:30:00,-1.087,88.744,-22.38
2023-01-15 07:00:00,-1.109,87.635,-23.489
2023-01-15 11:50:00,-1.072,86.563,-24.561
2023-01-15 15:50:00,2.421,88.984,-22.14
2023-01-15 18:00:00,-1.068,87.916,-23.208
2023-01-16 08:05:00,-1.044,86.872,-24.252
2023-01-16 16:10:00,-0.558,86.314,-24.81
2023-01-17 00:20:00,2.424,88.738,-22.386
2023-01-17 08:25:00,-0.515,88.223,-22.901
2023-01-17 14:50:00,2.432,90.655,-20.469
2023-01-17 22:55:00,-0.534,90.121,-21.003
2023-01-18 08:15:00,-1.083,89.038,-22.086
2023-01-18 14:05:00,-1.069,87.969,-23.155
2023-01-18 15:45:00,-1.04,86.929,-24.195
2023-01-18 23:50:00,1.33,88.259,-22.865
2023-01-19 14:30:00,-1.12,87.139,-23.985
2023-01-20 13:00:00,-0.693,86.446,-24.678
2023-01-20 19:40:00,2.372,88.818,-22.306
2023-01-20 20:00:00,2.343,91.161,-19.963
2023-01-21 04:05:00,1.415,92.576,-18.548
2023-01-21 09:00:00,-1.113,91.463,-19.661
2023-01-21 10:25:00,-1.075,90.388,-20.736
2023-01-21 15:55:00,-1.083,89.305,-21.819
2023-01-22 07:05:00,-0.078,89.227,-21.897
2023-01-22 11:40:00,2.347,91.574,-19.55
2023-01-22 15:10:00,2.443,94.017,-17.107
2023-01-22 20:05:00,-1.031,92.986,-18.138
2023-01-23 04:10:00,-0.831,92.155,-18.969
2023-01-23 07:20:00,-1.053,91.102,-20.022
2023-01-23 13:20:00,-1.074,90.028,-21.096
2023-01-23 14:50:00,-1.052,88.976,-22.148
2023-01-23 18:35:00,-1.048,87.928,-23.196
2023-01-24 02:05:00,2.447,90.375,-20.749
2023-01-24 10:10:00,-0.724,89.651,-21.473
2023-01-24 22:25:00,2.437,92.088,-19.036
2023-01-25 06:30:00,-0.347,91.741,-19.383
2023-01-25 12:10:00,-1.065,90.676,-20.448
2023-01-25 14:35:00,-1.057,89.619,-21.505
2023-01-25 20:00:00,-1.059,88.56,-22.564
2023-01-26 04:05:00,0.942,89.502,-21.622
2023-01-26 10:10:00,-1.113,88.389,-22.735
2023-01-26 13:30:00,-1.121,87.268,-23.856
2023-01-26 21:40:00,-0.122,87.146,-23.978
2023-01-27 08:25:00,-0.74,86.406,-24.718
2023-01-27 13:30:00,-1.145,85.261,-25.863
2023-01-27 17:15:00,2.428,87.689,-23.435
2023-01-27 22:55:00,2.468,90.157,-20.967
2023-01-28 07:00:00,0.41,90.567,-20.557
2023-01-28 13:05:00,-1.072,89.495,-21.629
2023-01-29 00:05:00,-1.059,88.436,-22.688
2023-01-29 04:00:00,-1.049,87.387,-23.737
2023-01-29 07:20:00,-1.077,86.31,-24.814
2023-01-29 18:10:00,0.566,86.876,-24.248
2023-01-29 20:00:00,-1.084,85.792,-25.332
2023-01-30 00:20:00,-1.083,84.709,-26.415
2023-01-30 05:10:00,-1.242,83.467,-27.657
2023-01-30 09:00:00,-1.034,82.433,-28.691
2023-01-30 17:10:00,-0.701,81.732,-29.392
2023-01-31 03:10:00,0.744,82.476,-28.648
2023-01-31 13:35:00,-1.087,81.389,-29.735
2023-01-31 22:50:00,-1.078,80.311,-30.813
2023-02-01 08:30:00,1.682,81.993,-29.131
2023-02-01 16:35:00,0.522,82.515,-28.609
2023-02-01 20:00:00,2.448,84.963,-26.161
2023-02-02 04:05:00,1.479,86.442,-24.682
2023-02-02 13:10:00,2.383,88.825,-22.299
2023-02-02 19:20:00,-1.033,87.792,-23.332
2023-02-02 21:30:00,-1.062,86.73,-24.394
2023-02-03 06:20:00,-1.237,85.493,-25.631
2023-02-03 11:50:00,-1.097,84.396,-26.728
2023-02-03 13:25:00,-1.107,83.289,-27.835
2023-02-03 14:45:00,-1.066,82.223,-28.901
2023-02-03 22:50:00,-0.115,82.108,-29.016
2023-02-04 05:10:00,-1.087,81.021,-30.103
2023-02-04 07:05:00,-1.18,79.841,-31.283
2023-02-04 15:10:00,0.679,80.52,-30.604
2023-02-04 23:40:00,2.326,82.846,-28.278
2023-02-05 07:45:00,0.02,82.866,-28.258
2023-02-05 12:50:00,2.314,85.18,-25.944
2023-02-05 20:55:00,0.677,85.857,-25.267
2023-02-05 22:10:00,-1.119,84.738,-26.386
2023-02-06 10:55:00,-0.272,84.466,-26.658
2023-02-06 12:00:00,-1.11,83.356,-27.768
2023-02-06 23:05:00,2.374,85.73,-25.394
2023-02-07 04:35:00,-1.044,84.686,-26.438
2023-02-07 09:10:00,-1.153,83.533,-27.591
2023-02-07 17:45:00,-1.162,82.371,-28.753
2023-02-07 18:25:00,-1.045,81.326,-29.798
2023-02-07 20:50:00,-1.031,80.295,-30.829
2023-02-08 04:55:00,0.433,80.728,-30.396
2023-02-08 13:05:00,-1.117,79.611,-31.513
2023-02-08 23:10:00,0.855,80.466,-30.658
2023-02-09 03:05:00,2.426,82.892,-28.232
2023-02-09 11:10:00,-0.511,82.381,-28.743
2023-02-09 19:15:00,2.415,84.796,-26.328
2023-02-09 21:30:00,2.44,87.236,-23.888
2023-02-10 05:35:00,1.327,88.563,-22.561
2023-02-10 06:05:00,-1.147,87.416,-23.708
2023-02-10 19:30:00,-0.86,86.556,-24.568
2023-02-11 05:35:00,-0.099,86.457,-24.667
2023-02-11 12:05:00,-1.141,85.316,-25.808
2023-02-11 21:50:00,-1.127,84.189,-26.935
2023-02-12 16:15:00,2.308,86.497,-24.627
2023-02-12 21:25:00,-1.109,85.388,-25.736
2023-02-12 22:05:00,2.415,87.803,-23.321
2023-02-13 06:10:00,-0.034,87.769,-23.355
2023-02-13 16:30:00,1.262,89.031,-22.093
2023-02-13 18:50:00,-1.057,87.974,-23.15
2023-02-14 07:35:00,-1.161,86.813,-24.311
2023-02-14 13:30:00,-1.066,85.747,-25.377
2023-02-14 22:55:00,0.214,85.961,-25.163
2023-02-15 00:20:00,-1.175,84.786,-26.338
2023-02-15 12:00:00,2.351,87.137,-23.987
2023-02-15 19:30:00,2.433,89.57,-21.554
2023-02-16 00:15:00,2.455,92.025,-19.099
2023-02-16 08:20:00,-0.689,91.336,-19.788
2023-02-16 21:30:00,-1.046,90.29,-20.834
2023-02-17 00:00:00,2.432,92.722,-18.402
2023-02-17 00:30:00,-1.085,91.637,-19.487
2023-02-17 07:05:00,-1.113,90.524,-20.6
2023-02-17 13:50:00,-1.137,89.387,-21.737
2023-02-17 14:30:00,-1.131,88.256,-22.868
2023-02-17 17:15:00,-1.051,87.205,-23.919
2023-02-17 22:00:00,-1.125,86.08,-25.044
2023-02-18 08:30:00,-0.282,85.798,-25.326
2023-02-18 19:35:00,-1.124,84.674,-26.45
2023-02-18 22:25:00,-1.099,83.575,-27.549
2023-02-19 06:30:00,0.164,83.739,-27.385
2023-02-19 15:15:00,2.388,86.127,-24.997
2023-02-19 16:50:00,-1.05,85.077,-26.047
2023-02-20 01:10:00,0.879,85.956,-25.168
2023-02-20 04:50:00,-1.025,84.931,-26.193
2023-02-20 08:00:00,2.428,87.359,-23.765
2023-02-20 08:15:00,-1.143,86.216,-24.908
2023-02-20 20:00:00,0.134,86.35,-24.774
2023-02-21 08:35:00,-1.176,85.174,-25.95
2023-02-21 16:45:00,-0.005,85.169,-25.955
2023-02-22 01:20:00,0.806,85.975,-25.149
2023-02-22 16:55:00,0.952,86.927,-24.197
2023-02-23 10:45:00,-0.506,86.421,-24.703
2023-02-23 11:25:00,2.32,88.741,-22.383
2023-02-23 19:30:00,0.319,89.06,-22.064
2023-02-24 01:15:00,-1.096,87.964,-23.16
2023-02-24 13:15:00,0.264,88.228,-22.896
2023-02-24 16:00:00,2.417,90.645,-20.479
2023-02-25 00:05:00,-0.138,90.507,-20.617
2023-02-25 07:10:00,-1.083,89.424,-21.7
2023-02-25 18:50:00,2.339,91.763,-19.361
2023-02-26 02:55:00,-0.708,91.055,-20.069
2023-02-26 14:15:00,-1.13,89.925,-21.199
2023-02-26 18:05:00,-1.155,88.77,-22.354
2023-02-27 02:10:00,0.858,89.628,-21.496
2023-02-27 12:25:00,1.045,90.673,-20.451
2023-02-27 14:55:00,2.362,93.035,-18.089
2023-02-27 15:35:00,-1.169,91.866,-19.258
2023-02-28 00:35:00,0.277,92.143,-18.981
2023-02-28 05:55:00,2.303,94.446,-16.678
2023-02-28 14:00:00,1.362,95.808,-15.316
2023-02-28 22:05:00,1.271,97.079,-14.045
2023-03-01 13:30:00,-1.249,95.83,-15.294
2023-03-01 14:45:00,-1.108,94.722,-16.402
2023-03-01 15:05:00,-1.134,93.588,-17.536
2023-03-02 00:00:00,-1.074,92.514,-18.61
2023-03-02 01:15:00,-1.127,91.387,-19.737
2023-03-02 09:40:00,0.342,91.729,-19.395
2023-03-02 19:00:00,-1.115,90.614,-20.51
2023-03-03 01:30:00,2.428,93.042,-18.082
2023-03-03 09:35:00,-0.202,92.84,-18.284
2023-03-03 22:55:00,-1.195,91.645,-19.479
2023-03-04 07:05:00,-1.149,90.496,-20.628
2023-03-04 15:40:00,2.227,92.723,-18.401
2023-03-04 20:40:00,2.403,95.126,-15.998
2023-03-05 01:15:00,-1.055,94.071,-17.053
2023-03-05 15:35:00,-1.146,92.925,-18.199
2023-03-06 05:45:00,1.167,94.092,-17.032
2023-03-06 21:05:00,-0.274,93.818,-17.306
2023-03-07 06:25:00,-0.273,93.545,-17.579
2023-03-07 10:50:00,2.233,95.778,-15.346
2023-03-07 18:55:00,0.207,95.985,-15.139
2023-03-07 23:55:00,-1.08,94.905,-16.219
2023-03-08 13:30:00,0.603,95.508,-15.616
2023-03-08 15:35:00,-1.098,94.41,-16.714
2023-03-09 02:30:00,0.332,94.742,-16.382
2023-03-09 19:05:00,2.403,97.145,-13.979
2023-03-10 01:15:00,2.453,99.598,-11.526
2023-03-10 01:35:00,-1.057,98.541,-12.583
2023-03-10 12:45:00,-1.073,97.468,-13.656
2023-03-11 03:55:00,-1.045,96.423,-14.701
2023-03-11 07:40:00,2.419,98.842,-12.282
2023-03-11 15:45:00,0.162,99.004,-12.12
2023-03-11 16:45:00,-1.128,97.876,-13.248
2023-03-12 03:10:00,-1.093,96.783,-14.341
2023-03-12 09:00:00,-1.106,95.677,-15.447
2023-03-12 17:25:00,-1.132,94.545,-16.579
2023-03-12 21:35:00,2.444,96.989,-14.135
2023-03-12 22:15:00,2.449,99.438,-11.686
2023-03-13 06:20:00,0.208,99.646,-11.478
2023-03-13 21:20:00,1.207,100.853,-10.271
2023-03-13 23:15:00,-1.094,99.759,-11.365
2023-03-14 05:25:00,-1.068,98.691,-12.433
2023-03-14 14:25:00,2.453,101.144,-9.98
2023-03-14 19:15:00,-1.038,100.106,-11.018
2023-03-15 09:20:00,-0.444,99.662,-11.462
2023-03-15 22:35:00,1.957,101.619,-9.505
2023-03-16 03:00:00,-1.055,100.564,-10.56
2023-03-16 05:30:00,-1.086,99.478,-11.646
2023-03-16 09:40:00,-1.085,98.393,-12.731
2023-03-16 19:15:00,-1.043,97.35,-13.774
2023-03-17 01:40:00,-1.045,96.305,-14.819
2023-03-17 09:45:00,0.85,97.155,-13.969
2023-03-17 10:35:00,2.361,99.516,-11.608
2023-03-17 14:40:00,-1.039,98.477,-12.647
2023-03-17 22:35:00,2.422,100.899,-10.225
2023-03-18 06:40:00,0.794,101.693,-9.431
2023-03-19 02:20:00,-1.076,100.617,-10.507
2023-03-19 06:50:00,-1.109,99.508,-11.616
2023-03-19 14:35:00,2.4,101.908,-9.216
2023-03-19 20:35:00,-1.079,100.829,-10.295
2023-03-20 11:25:00,-0.404,100.425,-10.699
2023-03-21 01:05:00,1.157,101.582,-9.542
2023-03-21 09:40:00,-1.082,100.5,-10.624
2023-03-21 13:30:00,2.383,102.883,-8.241
2023-03-21 21:35:00,-0.093,102.79,-8.334
2023-03-22 07:30:00,-1.088,101.702,-9.422
2023-03-22 12:05:00,-1.184,100.518,-10.606
2023-03-22 17:15:00,-1.106,99.412,-11.712
2023-03-23 03:05:00,0.181,99.593,-11.531
2023-03-23 12:00:00,2.373,101.966,-9.158
2023-03-23 13:45:00,-1.077,100.889,-10.235
2023-03-23 23:00:00,-0.263,100.626,-10.498
2023-03-24 01:05:00,-1.318,99.308,-11.816
2023-03-24 16:10:00,0.4,99.708,-11.416
2023-03-25 01:45:00,-0.576,99.132,-11.992
2023-03-25 13:55:00,0.542,99.674,-11.45
2023-03-25 15:55:00,-1.103,98.571,-12.553
2023-03-25 22:15:00,-1.119,97.452,-13.672
2023-03-26 08:05:00,0.306,97.758,-13.366
2023-03-26 20:35:00,-0.773,96.985,-14.139
2023-03-27 01:05:00,-1.141,95.844,-15.28
2023-03-27 09:20:00,0.462,96.306,-14.818
2023-03-27 15:00:00,2.403,98.709,-12.415
2023-03-27 23:05:00,-0.458,98.251,-12.873
2023-03-28 01:35:00,-1.139,97.112,-14.012
2023-03-28 11:50:00,-1.111,96.001,-15.123
2023-03-28 18:40:00,-1.145,94.856,-16.268
2023-03-29 02:50:00,0.018,94.874,-16.25
2023-03-29 08:10:00,2.393,97.267,-13.857
2023-03-29 14:45:00,-1.081,96.186,-14.938
2023-03-29 22:00:00,-1.277,94.909,-16.215
2023-03-30 03:05:00,-1.075,93.834,-17.29
2023-03-30 09:05:00,-1.137,92.697,-18.427
2023-03-30 13:55:00,2.324,95.021,-16.103
2023-03-30 15:30:00,-1.103,93.918,-17.206
2023-03-31 00:00:00,-1.123,92.795,-18.329
2023-03-31 02:20:00,-1.103,91.692,-19.432
2023-03-31 07:20:00,-1.097,90.595,-20.529
2023-03-31 12:30:00,-1.174,89.421,-21.703
2023-03-31 20:35:00,1.622,91.043,-20.081
2023-04-01 06:05:00,-0.291,90.752,-20.372
2023-04-01 23:35:00,0.34,91.092,-20.032
2023-04-02 12:45:00,-1.148,89.944,-21.18
2023-04-02 16:35:00,2.374,92.318,-18.806
2023-04-02 17:35:00,-1.126,91.192,-19.932
2023-04-03 03:45:00,0.738,91.93,-19.194
2023-04-03 13:25:00,-1.359,90.571,-20.553
2023-04-03 18:45:00,-1.074,89.497,-21.627
2023-04-03 20:10:00,-1.063,88.434,-22.69
2023-04-04 04:15:00,-0.29,88.144,-22.98
2023-04-04 17:05:00,1.669,89.813,-21.311
2023-04-05 00:20:00,2.267,92.08,-19.044
2023-04-05 08:20:00,2.407,94.487,-16.637
2023-04-06 01:30:00,-1.082,93.405,-17.719
2023-04-06 16:40:00,1.358,94.763,-16.361
2023-04-07 02:30:00,-1.133,93.63,-17.494
2023-04-07 12:25:00,2.368,95.998,-15.126
2023-04-07 14:25:00,-1.148,94.85,-16.274
2023-04-07 22:40:00,-1.268,93.582,-17.542
2023-04-08 05:50:00,-1.165,92.417,-18.707
2023-04-09 02:05:00,-0.076,92.341,-18.783
2023-04-09 14:05:00,-0.257,92.084,-19.04
2023-04-09 16:40:00,-1.168,90.916,-20.208
2023-04-10 02:00:00,-1.157,89.759,-21.365
2023-04-10 09:35:00,-1.13,88.629,-22.495
2023-04-10 11:45:00,-1.236,87.393,-23.731
2023-04-10 12:30:00,2.212,89.605,-21.519
2023-04-10 16:45:00,-1.137,88.468,-22.656
2023-04-10 22:00:00,2.365,90.833,-20.291
2023-04-11 06:05:00,1.223,92.056,-19.068
2023-04-11 14:25:00,2.33,94.386,-16.738
2023-04-11 14:45:00,-1.097,93.289,-17.835
2023-04-12 00:55:00,-1.15,92.139,-18.985
2023-04-12 10:05:00,-0.175,91.964,-19.16
2023-04-12 17:25:00,-1.053,90.911,-20.213
2023-04-12 21:15:00,-1.075,89.836,-21.288
2023-04-13 03:10:00,2.323,92.159,-18.965
2023-04-13 11:15:00,1.873,94.032,-17.092
2023-04-13 21:00:00,-0.298,93.734,-17.39
2023-04-14 09:05:00,-0.365,93.369,-17.755
2023-04-14 20:30:00,-1.049,92.32,-18.804
2023-04-15 04:35:00,0.709,93.029,-18.095
2023-04-15 11:35:00,2.284,95.313,-15.811
2023-04-15 13:30:00,-1.084,94.229,-16.895
2023-04-16 01:10:00,2.231,96.46,-14.664
2023-04-16 02:25:00,-1.095,95.365,-15.759
2023-04-16 10:35:00,0.258,95.623,-15.501
2023-04-16 16:50:00,-1.098,94.525,-16.599
2023-04-16 20:00:00,-1.172,93.353,-17.771
2023-04-17 02:45:00,2.452,95.805,-15.319
2023-04-17 10:50:00,-0.351,95.454,-15.67
2023-04-17 20:25:00,-0.049,95.405,-15.719
2023-04-18 10:10:00,1.37,96.775,-14.349
2023-04-18 12:40:00,-1.182,95.593,-15.531
2023-04-19 05:00:00,-0.551,95.042,-16.082
2023-04-19 08:05:00,2.379,97.421,-13.703
2023-04-19 08:20:00,2.432,99.853,-11.271
2023-04-19 16:25:00,-0.395,99.458,-11.666
2023-04-19 21:20:00,2.413,101.871,-9.253
2023-04-20 05:25:00,0.098,101.969,-9.155
2023-04-20 12:35:00,-1.088,100.881,-10.243
2023-04-20 16:00:00,2.424,103.305,-7.819
2023-04-21 00:05:00,0.006,103.311,-7.813
2023-04-21 06:05:00,2.229,105.54,-5.584
2023-04-21 11:20:00,2.372,107.912,-3.212
2023-04-21 18:35:00,2.409,110.321,-0.803
2023-04-22 02:40:00,1.538,111.859,0.0
2023-04-22 09:15:00,-1.438,110.421,-1.438
2023-04-23 08:35:00,-0.825,109.596,-2.263
2023-04-23 15:15:00,2.348,111.944,0.0
2023-04-23 23:20:00,-0.415,111.529,-0.415
2023-04-24 00:50:00,-1.069,110.46,-1.484
2023-04-24 07:20:00,2.312,112.772,0.0
2023-04-24 10:05:00,-1.077,111.695,-1.077
2023-04-24 16:45:00,-1.15,110.545,-2.227
2023-04-24 17:35:00,-1.131,109.414,-3.358
2023-04-25 04:15:00,-1.196,108.218,-4.554
2023-04-25 14:15:00,0.01,108.228,-4.544
2023-04-25 17:40:00,-1.103,107.125,-5.647
2023-04-25 21:15:00,2.42,109.545,-3.227
2023-04-26 05:20:00,-0.45,109.095,-3.677
2023-04-26 12:30:00,2.403,111.498,-1.274
2023-04-26 19:15:00,-1.056,110.442,-2.33
2023-04-26 19:35:00,2.422,112.864,0.0
2023-04-27 03:40:00,-0.393,112.471,-0.393
2023-04-27 06:10:00,-1.17,111.301,-1.563
2023-04-27 14:55:00,-0.341,110.96,-1.904
2023-04-27 23:25:00,0.149,111.109,-1.755
2023-04-28 08:40:00,-1.159,109.95,-2.914
2023-04-28 13:40:00,2.343,112.293,-0.571
2023-04-28 19:00:00,-1.074,111.219,-1.645
2023-04-29 03:05:00,-0.07,111.149,-1.715
2023-04-29 13:50:00,-1.129,110.02,-2.844
2023-04-29 17:30:00,-1.116,108.904,-3.96
2023-04-30 01:35:00,0.682,109.586,-3.278
2023-04-30 05:50:00,-1.16,108.426,-4.438
2023-04-30 14:40:00,-1.219,107.207,-5.657
2023-04-30 15:15:00,2.304,109.511,-3.353
2023-04-30 19:20:00,-1.055,108.456,-4.408
2023-05-01 03:25:00,0.908,109.364,-3.5
2023-05-01 06:10:00,-1.271,108.093,-4.771
2023-05-01 14:00:00,2.257,110.35,-2.514
2023-05-01 20:50:00,2.372,112.722,-0.142
2023-05-02 04:55:00,-0.08,112.642,-0.222
2023-05-02 14:25:00,-1.122,111.52,-1.344
2023-05-02 23:35:00,-1.162,110.358,-2.506
2023-05-03 08:15:00,0.35,110.708,-2.156
2023-05-03 08:50:00,-1.17,109.538,-3.326
2023-05-03 17:40:00,-1.132,108.406,-4.458
2023-05-04 02:05:00,1.748,110.154,-2.71
2023-05-04 12:10:00,-1.204,108.95,-3.914
2023-05-04 15:10:00,-1.11,107.84,-5.024
2023-05-04 19:55:00,-1.198,106.642,-6.222
2023-05-05 02:00:00,2.286,108.928,-3.936
2023-05-05 10:05:00,-0.626,108.302,-4.562
2023-05-05 13:40:00,-1.096,107.206,-5.658
2023-05-05 21:45:00,1.541,108.747,-4.117
2023-05-06 01:05:00,-1.162,107.585,-5.279
2023-05-06 08:00:00,2.244,109.829,-3.035
2023-05-06 16:05:00,1.215,111.044,-1.82
2023-05-07 01:20:00,-1.14,109.904,-2.96
2023-05-07 08:00:00,-1.087,108.817,-4.047
2023-05-07 13:15:00,-1.27,107.547,-5.317
2023-05-07 17:05:00,-1.175,106.372,-6.492
2023-05-07 21:15:00,-1.168,105.204,-7.66
2023-05-08 01:45:00,2.43,107.634,-5.23
2023-05-08 09:50:00,0.004,107.638,-5.226
2023-05-08 18:00:00,2.423,110.061,-2.803
2023-05-09 02:05:00,-0.554,109.507,-3.357
2023-05-09 14:55:00,0.021,109.528,-3.336
2023-05-09 23:55:00,-0.335,109.193,-3.671
2023-05-10 05:00:00,-1.271,107.922,-4.942
2023-05-10 12:30:00,-1.203,106.719,-6.145
2023-05-10 17:15:00,-1.056,105.663,-7.201
2023-05-10 20:15:00,-1.026,104.637,-8.227
2023-05-10 21:20:00,-1.092,103.545,-9.319
2023-05-11 08:45:00,1.334,104.879,-7.985
2023-05-11 21:00:00,1.215,106.094,-6.77
2023-05-12 09:05:00,-1.099,104.995,-7.869
2023-05-12 14:10:00,-1.221,103.774,-9.09
2023-05-12 21:05:00,-1.074,102.7,-10.164
2023-05-13 05:15:00,-0.009,102.691,-10.173
2023-05-13 08:05:00,-1.201,101.49,-11.374
2023-05-13 12:10:00,-1.192,100.298,-12.566
2023-05-13 12:35:00,-1.319,98.979,-13.885
2023-05-13 21:45:00,0.404,99.383,-13.481
2023-05-14 08:10:00,-0.581,98.802,-14.062
2023-05-14 18:15:00,-1.179,97.623,-15.241
2023-05-14 22:55:00,-1.186,96.437,-16.427
2023-05-15 00:15:00,-1.215,95.222,-17.642
2023-05-15 01:30:00,-1.166,94.056,-18.808
2023-05-15 09:35:00,0.992,95.048,-17.816
2023-05-15 19:25:00,-1.109,93.939,-18.925
2023-05-16 01:20:00,2.297,96.236,-16.628
2023-05-16 09:25:00,-0.412,95.824,-17.04
2023-05-16 18:20:00,0.961,96.785,-16.079
2023-05-16 21:35:00,-1.165,95.62,-17.244
2023-05-17 07:45:00,-1.107,94.513,-18.351
2023-05-17 15:50:00,0.644,95.157,-17.707
2023-05-18 02:05:00,0.585,95.742,-17.122
2023-05-18 14:10:00,1.101,96.843,-16.021
2023-05-18 17:40:00,2.257,99.1,-13.764
2023-05-19 01:45:00,0.928,100.028,-12.836
2023-05-19 07:10:00,-1.13,98.898,-13.966
2023-05-19 15:15:00,-1.131,97.767,-15.097
2023-05-19 23:35:00,-0.435,97.332,-15.532
2023-05-20 08:20:00,0.273,97.605,-15.259
2023-05-21 03:05:00,-0.36,97.245,-15.619
2023-05-21 11:10:00,2.239,99.484,-13.38
2023-05-21 19:15:00,0.939,100.423,-12.441
2023-05-22 05:10:00,-0.652,99.771,-13.093
2023-05-22 09:35:00,2.294,102.065,-10.799
2023-05-22 17:40:00,0.41,102.475,-10.389
2023-05-23 00:25:00,-1.166,101.309,-11.555
2023-05-23 09:35:00,0.024,101.333,-11.531
2023-05-23 12:45:00,-1.344,99.989,-12.875
2023-05-24 00:45:00,-1.186,98.803,-14.061
2023-05-24 03:35:00,2.35,101.153,-11.711
2023-05-24 11:40:00,0.212,101.365,-11.499
2023-05-24 14:05:00,2.309,103.674,-9.19
2023-05-24 22:10:00,-0.189,103.485,-9.379
2023-05-25 01:25:00,2.323,105.808,-7.056
2023-05-25 03:50:00,-1.052,104.756,-8.108
2023-05-25 12:00:00,-1.217,103.539,-9.325
2023-05-25 19:10:00,-1.141,102.398,-10.466
2023-05-26 08:15:00,-0.928,101.47,-11.394
2023-05-26 17:45:00,-1.178,100.292,-12.572
2023-05-26 18:20:00,-1.132,99.16,-13.704
2023-05-27 02:40:00,0.498,99.658,-13.206
2023-05-27 07:20:00,-1.307,98.351,-14.513
2023-05-27 13:55:00,-1.206,97.145,-15.719
2023-05-27 22:25:00,0.799,97.944,-14.92
2023-05-28 00:40:00,2.16,100.104,-12.76
2023-05-28 08:20:00,-1.102,99.002,-13.862
2023-05-28 19:05:00,2.241,101.243,-11.621
2023-05-29 03:10:00,0.569,101.812,-11.052
2023-05-29 17:05:00,2.305,104.117,-8.747
2023-05-29 19:30:00,-1.264,102.853,-10.011
2023-05-29 23:10:00,-1.279,101.574,-11.29
2023-05-30 14:40:00,-1.173,100.401,-12.463
2023-05-30 22:45:00,-0.397,100.004,-12.86
2023-05-31 02:05:00,2.317,102.321,-10.543
2023-05-31 10:10:00,0.402,102.723,-10.141
2023-05-31 18:40:00,-0.53,102.193,-10.671
2023-06-01 09:15:00,-1.103,101.09,-11.774
2023-06-01 19:30:00,-1.202,99.888,-12.976
2023-06-02 00:55:00,-1.25,98.638,-14.226
2023-06-02 09:30:00,1.063,99.701,-13.163
2023-06-02 21:20:00,-1.196,98.505,-14.359
2023-06-03 10:25:00,0.028,98.533,-14.331
2023-06-03 17:35:00,-1.239,97.294,-15.57
2023-06-04 04:45:00,0.419,97.713,-15.151
2023-06-04 14:50:00,1.18,98.893,-13.971
2023-06-04 21:30:00,-1.353,97.54,-15.324
2023-06-04 23:45:00,-1.1,96.44,-16.424
2023-06-05 15:00:00,-1.26,95.18,-17.684
2023-06-05 16:00:00,2.456,97.636,-15.228
2023-06-06 00:05:00,-0.274,97.362,-15.502
2023-06-06 02:20:00,-1.209,96.153,-16.711
2023-06-06 12:10:00,2.332,98.485,-14.379
2023-06-06 14:00:00,-1.068,97.417,-15.447
2023-06-06 19:50:00,2.378,99.795,-13.069
2023-06-07 03:55:00,-0.052,99.743,-13.121
2023-06-07 06:35:00,-1.208,98.535,-14.329
2023-06-07 10:00:00,2.318,100.853,-12.011
2023-06-07 18:05:00,0.681,101.534,-11.33
2023-06-08 05:55:00,1.089,102.623,-10.241
2023-06-08 11:10:00,-1.115,101.508,-11.356
2023-06-09 00:50:00,-0.149,101.359,-11.505
2023-06-09 01:30:00,-1.226,100.133,-12.731
2023-06-09 10:25:00,-0.668,99.465,-13.399
2023-06-09 12:25:00,2.334,101.799,-11.065
2023-06-09 19:10:00,-1.067,100.732,-12.132
2023-06-10 00:35:00,2.36,103.092,-9.772
2023-06-10 02:40:00,2.406,105.498,-7.366
2023-06-10 04:20:00,2.463,107.961,-4.903
2023-06-10 12:25:00,-0.359,107.602,-5.262
2023-06-10 17:30:00,-1.044,106.558,-6.306
2023-06-11 10:45:00,-1.064,105.494,-7.37
2023-06-11 19:30:00,-1.1,104.394,-8.47
2023-06-12 02:25:00,2.419,106.813,-6.051
2023-06-12 09:05:00,-1.047,105.766,-7.098
2023-06-12 15:10:00,-1.116,104.65,-8.214
2023-06-12 17:45:00,-1.097,103.553,-9.311
2023-06-13 00:15:00,-1.22,102.333,-10.531
2023-06-13 01:30:00,-1.128,101.205,-11.659
2023-06-13 10:05:00,1.086,102.291,-10.573
2023-06-13 12:55:00,-1.1,101.191,-11.673
2023-06-13 23:25:00,-0.667,100.524,-12.34
2023-06-14 08:00:00,-0.186,100.338,-12.526
2023-06-14 16:40:00,0.22,100.558,-12.306
2023-06-14 20:05:00,-1.048,99.51,-13.354
2023-06-15 04:10:00,-0.006,99.504,-13.36
2023-06-15 13:45:00,0.351,99.855,-13.009
2023-06-15 17:45:00,-1.14,98.715,-14.149
2023-06-16 01:25:00,-1.264,97.451,-15.413
2023-06-16 10:30:00,-1.146,96.305,-16.559
2023-06-16 11:25:00,2.157,98.462,-14.402
2023-06-16 15:10:00,-1.097,97.365,-15.499
2023-06-17 01:00:00,0.021,97.386,-15.478
2023-06-17 02:45:00,-1.219,96.167,-16.697
2023-06-17 05:40:00,2.362,98.529,-14.335
2023-06-17 13:45:00,0.033,98.562,-14.302
2023-06-18 01:20:00,2.295,100.857,-12.007
2023-06-18 09:25:00,-0.572,100.285,-12.579
2023-06-18 17:00:00,-1.137,99.148,-13.716
2023-06-18 20:00:00,-1.223,97.925,-14.939
2023-06-19 04:15:00,0.996,98.921,-13.943
2023-06-19 17:35:00,-1.1,97.821,-15.043
2023-06-20 06:40:00,-0.369,97.452,-15.412
2023-06-20 14:20:00,2.347,99.799,-13.065
2023-06-20 16:15:00,-1.065,98.734,-14.13
2023-06-20 19:00:00,2.434,101.168,-11.696
2023-06-21 01:00:00,2.422,103.59,-9.274
2023-06-21 09:05:00,0.007,103.597,-9.267
2023-06-21 10:30:00,-1.333,102.264,-10.6
2023-06-21 10:55:00,-1.215,101.049,-11.815
2023-06-21 15:20:00,2.392,103.441,-9.423
2023-06-21 23:25:00,1.433,104.874,-7.99
2023-06-22 08:30:00,0.099,104.973,-7.891
2023-06-22 21:15:00,-1.102,103.871,-8.993
2023-06-23 09:00:00,0.774,104.645,-8.219
2023-06-23 12:20:00,-1.227,103.418,-9.446
2023-06-23 16:50:00,2.431,105.849,-7.015
2023-06-24 00:55:00,-0.387,105.462,-7.402
2023-06-24 07:55:00,-1.092,104.37,-8.494
2023-06-24 12:50:00,-1.15,103.22,-9.644
2023-06-24 23:35:00,-0.411,102.809,-10.055
2023-06-25 02:45:00,2.344,105.153,-7.711
2023-06-25 10:50:00,0.547,105.7,-7.164
2023-06-25 20:55:00,-1.107,104.593,-8.271
2023-06-26 06:55:00,-1.063,103.53,-9.334
2023-06-26 15:00:00,0.192,103.722,-9.142
2023-06-26 16:45:00,2.401,106.123,-6.741
2023-06-27 00:50:00,-0.125,105.998,-6.866
2023-06-27 07:45:00,-1.086,104.912,-7.952
2023-06-27 15:25:00,-1.136,103.776,-9.088
2023-06-27 23:30:00,0.398,104.174,-8.69
2023-06-28 02:50:00,2.334,106.508,-6.356
2023-06-28 10:55:00,0.614,107.122,-5.742
2023-06-28 14:40:00,-1.224,105.898,-6.966
2023-06-29 01:10:00,1.009,106.907,-5.957
2023-06-29 18:15:00,0.21,107.117,-5.747
2023-06-29 20:20:00,-1.151,105.966,-6.898
2023-06-30 10:25:00,1.506,107.472,-5.392
2023-06-30 21:45:00,-0.468,107.004,-5.86
2023-07-01 04:25:00,-1.067,105.937,-6.927
2023-07-01 09:40:00,-1.229,104.708,-8.156
2023-07-01 14:05:00,-1.139,103.569,-9.295
2023-07-01 23:15:00,-0.623,102.946,-9.918
2023-07-02 00:15:00,-1.232,101.714,-11.15
2023-07-02 02:15:00,2.29,104.004,-8.86
2023-07-02 09:20:00,-1.094,102.91,-9.954
2023-07-02 15:20:00,-1.126,101.784,-11.08
2023-07-03 03:45:00,2.395,104.179,-8.685
2023-07-03 06:00:00,-1.08,103.099,-9.765
2023-07-03 12:00:00,-1.129,101.97,-10.894
2023-07-03 23:25:00,-0.477,101.493,-11.371
2023-07-04 01:00:00,-1.166,100.327,-12.537
2023-07-04 08:45:00,-1.093,99.234,-13.63
2023-07-04 10:55:00,-1.199,98.035,-14.829
2023-07-04 13:30:00,-1.136,96.899,-15.965
2023-07-04 17:35:00,-1.087,95.812,-17.052
2023-07-05 01:40:00,0.37,96.182,-16.682
2023-07-05 10:35:00,2.379,98.561,-14.303
2023-07-05 18:40:00,0.018,98.579,-14.285
2023-07-05 21:25:00,-1.166,97.413,-15.451
2023-07-06 05:40:00,-1.117,96.296,-16.568
2023-07-06 11:50:00,-1.161,95.135,-17.729
2023-07-06 14:25:00,2.427,97.562,-15.302
2023-07-06 18:55:00,-1.03,96.532,-16.332
2023-07-07 00:00:00,2.388,98.92,-13.944
2023-07-07 01:45:00,-1.063,97.857,-15.007
2023-07-07 05:40:00,-1.104,96.753,-16.111
2023-07-07 13:55:00,-1.142,95.611,-17.253
2023-07-07 21:10:00,-1.241,94.37,-18.494
2023-07-08 00:40:00,2.274,96.644,-16.22
2023-07-08 05:00:00,2.435,99.079,-13.785
2023-07-08 13:05:00,0.813,99.892,-12.972
2023-07-08 21:15:00,-0.571,99.321,-13.543
2023-07-09 09:05:00,0.714,100.035,-12.829
2023-07-09 14:10:00,-1.089,98.946,-13.918
2023-07-10 00:10:00,2.361,101.307,-11.557
2023-07-10 08:15:00,0.393,101.7,-11.164
2023-07-10 12:10:00,-1.086,100.614,-12.25
2023-07-10 20:00:00,2.384,102.998,-9.866
2023-07-10 20:50:00,-1.051,101.947,-10.917
2023-07-11 00:55:00,-1.089,100.858,-12.006
2023-07-11 09:00:00,-0.691,100.167,-12.697
2023-07-11 17:20:00,0.789,100.956,-11.908
2023-07-12 02:35:00,0.004,100.96,-11.904
2023-07-12 21:40:00,1.369,102.329,-10.535
2023-07-13 05:55:00,-1.121,101.208,-11.656
2023-07-13 15:30:00,2.313,103.521,-9.343
2023-07-13 17:35:00,2.446,105.967,-6.897
2023-07-14 01:40:00,2.266,108.233,-4.631
2023-07-14 08:55:00,2.464,110.697,-2.167
2023-07-14 09:30:00,-1.027,109.67,-3.194
2023-07-14 17:15:00,-1.04,108.63,-4.234
2023-07-15 02:20:00,0.611,109.241,-3.623
2023-07-15 15:00:00,0.72,109.961,-2.903
2023-07-16 01:35:00,-1.118,108.843,-4.021
2023-07-16 10:15:00,0.084,108.927,-3.937
2023-07-16 14:15:00,-1.076,107.851,-5.013
2023-07-16 16:15:00,-1.081,106.77,-6.094
2023-07-17 00:25:00,1.356,108.126,-4.738
2023-07-17 17:45:00,1.466,109.592,-3.272
2023-07-17 19:15:00,-1.062,108.53,-4.334
2023-07-18 04:10:00,-1.132,107.398,-5.466
2023-07-18 06:40:00,2.387,109.785,-3.079
2023-07-18 14:45:00,-0.054,109.731,-3.133
2023-07-19 00:50:00,-1.067,108.664,-4.2
2023-07-19 14:50:00,0.8,109.464,-3.4
2023-07-20 01:40:00,0.587,110.051,-2.813
2023-07-20 03:25:00,-1.291,108.76,-4.104
2023-07-20 13:35:00,0.502,109.262,-3.602
2023-07-20 14:45:00,2.408,111.67,-1.194
2023-07-20 22:50:00,-0.114,111.556,-1.308
2023-07-21 01:20:00,-1.121,110.435,-2.429
2023-07-21 06:50:00,-1.196,109.239,-3.625
2023-07-21 19:10:00,-1.131,108.108,-4.756
2023-07-22 03:15:00,-0.67,107.438,-5.426
2023-07-22 10:00:00,2.303,109.741,-3.123
2023-07-22 18:05:00,0.104,109.845,-3.019
2023-07-22 23:15:00,2.327,112.172,-0.692
2023-07-23 07:20:00,-0.496,111.676,-1.188
2023-07-23 16:35:00,-1.239,110.437,-2.427
2023-07-23 19:50:00,-1.193,109.244,-3.62
2023-07-24 02:15:00,2.355,111.599,-1.265
2023-07-24 09:50:00,2.433,114.032,0.0
2023-07-24 17:55:00,-0.093,113.939,-0.093
2023-07-25 02:30:00,-1.184,112.755,-1.277
2023-07-25 08:50:00,-1.156,111.599,-2.433
2023-07-25 14:00:00,-1.092,110.507,-3.525
2023-07-25 19:55:00,-1.143,109.364,-4.668
2023-07-25 23:05:00,-1.159,108.205,-5.827
2023-07-26 03:10:00,-1.094,107.111,-6.921
2023-07-26 17:00:00,0.004,107.115,-6.917
2023-07-26 18:10:00,-1.076,106.039,-7.993
2023-07-27 02:15:00,-0.119,105.92,-8.112
2023-07-27 06:45:00,-1.191,104.729,-9.303
2023-07-27 08:25:00,-1.177,103.552,-10.48
2023-07-27 14:25:00,-1.102,102.45,-11.582
2023-07-27 22:30:00,0.45,102.9,-11.132
2023-07-28 03:25:00,-1.256,101.644,-12.388
2023-07-28 13:55:00,-0.697,100.947,-13.085
2023-07-28 17:40:00,-1.201,99.746,-14.286
2023-07-28 21:30:00,-1.105,98.641,-15.391
2023-07-29 14:45:00,0.009,98.65,-15.382
2023-07-29 17:30:00,-1.314,97.336,-16.696
2023-07-30 01:45:00,-0.069,97.267,-16.765
2023-07-30 08:05:00,-1.22,96.047,-17.985
2023-07-30 13:50:00,-1.237,94.81,-19.222
2023-07-30 14:45:00,-1.15,93.66,-20.372
2023-07-30 19:45:00,-1.119,92.541,-21.491
2023-07-31 03:50:00,-0.177,92.364,-21.668
2023-07-31 12:10:00,0.735,93.099,-20.933
2023-07-31 21:55:00,1.226,94.325,-19.707
2023-08-01 02:10:00,2.409,96.734,-17.298
2023-08-01 10:15:00,-0.54,96.194,-17.838
2023-08-01 15:30:00,2.291,98.485,-15.547
2023-08-01 16:00:00,-1.199,97.286,-16.746
2023-08-02 07:20:00,-0.264,97.022,-17.01
2023-08-02 14:05:00,2.164,99.186,-14.846
2023-08-02 22:10:00,0.493,99.679,-14.353
2023-08-03 10:35:00,-1.266,98.413,-15.619
2023-08-03 14:00:00,-1.191,97.222,-16.81
2023-08-04 02:15:00,0.308,97.53,-16.502
2023-08-04 08:15:00,-1.191,96.339,-17.693
2023-08-04 18:25:00,-1.128,95.211,-18.821
2023-08-04 20:45:00,2.333,97.544,-16.488
2023-08-05 04:50:00,0.048,97.592,-16.44
2023-08-06 02:00:00,2.17,99.762,-14.27
2023-08-06 10:05:00,0.697,100.459,-13.573
2023-08-07 01:05:00,0.342,100.801,-13.231
2023-08-07 09:20:00,-0.162,100.639,-13.393
2023-08-07 13:40:00,-1.226,99.413,-14.619
2023-08-07 22:05:00,0.735,100.148,-13.884
2023-08-08 05:05:00,-1.157,98.991,-15.041
2023-08-08 09:35:00,-1.434,97.557,-16.475
2023-08-08 12:50:00,2.231,99.788,-14.244
2023-08-08 13:35:00,-1.178,98.61,-15.422
2023-08-08 16:35:00,-1.107,97.503,-16.529
2023-08-09 00:40:00,0.74,98.243,-15.789
2023-08-09 13:00:00,2.228,100.471,-13.561
2023-08-09 14:55:00,-1.136,99.335,-14.697
2023-08-09 19:55:00,2.129,101.464,-12.568
2023-08-09 23:10:00,-1.192,100.272,-13.76
2023-08-10 03:30:00,-1.226,99.046,-14.986
2023-08-10 11:35:00,0.789,99.835,-14.197
2023-08-10 17:30:00,-1.158,98.677,-15.355
2023-08-11 01:35:00,1.075,99.752,-14.28
2023-08-11 09:50:00,0.245,99.997,-14.035
2023-08-11 11:00:00,-1.661,98.336,-15.696
2023-08-11 15:15:00,-1.245,97.091,-16.941
2023-08-11 23:20:00,0.26,97.351,-16.681
2023-08-12 10:20:00,-1.298,96.053,-17.979
2023-08-12 14:10:00,-1.533,94.52,-19.512
2023-08-12 20:45:00,2.119,96.639,-17.393
2023-08-13 04:50:00,0.464,97.103,-16.929
2023-08-13 06:50:00,-1.521,95.582,-18.45
2023-08-13 17:40:00,-1.376,94.206,-19.826
2023-08-13 21:20:00,-1.333,92.873,-21.159
2023-08-13 22:35:00,2.235,95.108,-18.924
2023-08-14 05:25:00,-1.114,93.994,-20.038
2023-08-14 09:25:00,-1.524,92.47,-21.562
2023-08-14 14:10:00,-1.435,91.035,-22.997
2023-08-14 18:00:00,-1.167,89.868,-24.164
2023-08-15 02:05:00,-0.352,89.516,-24.516
2023-08-15 08:35:00,-1.329,88.187,-25.845
2023-08-15 12:50:00,-1.642,86.545,-27.487
2023-08-15 16:40:00,2.128,88.673,-25.359
2023-08-15 19:05:00,2.282,90.955,-23.077
2023-08-16 03:10:00,-0.373,90.582,-23.45
2023-08-16 12:15:00,2.307,92.889,-21.143
2023-08-16 20:20:00,0.285,93.174,-20.858
2023-08-17 04:30:00,-0.615,92.559,-21.473
2023-08-17 15:35:00,2.346,94.905,-19.127
2023-08-17 21:40:00,2.445,97.35,-16.682
2023-08-18 05:45:00,-0.696,96.654,-17.378
2023-08-18 11:40:00,-1.166,95.488,-18.544
2023-08-18 13:45:00,-1.327,94.161,-19.871
2023-08-18 22:00:00,-0.074,94.087,-19.945
2023-08-19 10:00:00,-0.015,94.072,-19.96
2023-08-19 13:25:00,-1.251,92.821,-21.211
2023-08-20 00:20:00,-1.176,91.645,-22.387
2023-08-20 09:45:00,-1.286,90.359,-23.673
2023-08-20 18:05:00,0.775,91.134,-22.898
2023-08-21 00:00:00,-1.179,89.955,-24.077
2023-08-21 07:30:00,2.269,92.224,-21.808
2023-08-21 10:05:00,2.272,94.496,-19.536
2023-08-21 15:25:00,2.409,96.905,-17.127
2023-08-21 23:30:00,-0.484,96.421,-17.611
2023-08-22 03:25:00,2.137,98.558,-15.474
2023-08-22 12:20:00,0.507,99.065,-14.967
2023-08-22 16:00:00,2.372,101.437,-12.595
2023-08-22 23:10:00,-1.069,100.368,-13.664
2023-08-23 13:45:00,-1.215,99.153,-14.879
2023-08-23 23:05:00,0.63,99.783,-14.249
2023-08-24 09:00:00,-1.274,98.509,-15.523
2023-08-24 10:10:00,-1.159,97.35,-16.682
2023-08-24 14:40:00,2.342,99.692,-14.34
2023-08-24 22:45:00,0.167,99.859,-14.173
2023-08-25 02:00:00,-1.193,98.666,-15.366
2023-08-26 09:45:00,-1.307,97.359,-16.673
2023-08-26 14:40:00,-1.527,95.832,-18.2
2023-08-26 21:25:00,-1.24,94.592,-19.44
2023-08-27 05:50:00,0.195,94.787,-19.245
2023-08-27 16:15:00,0.686,95.473,-18.559
2023-08-27 21:50:00,-1.242,94.231,-19.801
2023-08-28 08:30:00,1.432,95.663,-18.369
2023-08-28 15:30:00,2.372,98.035,-15.997
2023-08-28 23:35:00,-0.086,97.949,-16.083
2023-08-29 01:15:00,2.315,100.264,-13.768
2023-08-29 06:30:00,-1.063,99.201,-14.831
2023-08-29 14:20:00,2.329,101.53,-12.502
2023-08-29 22:25:00,0.408,101.938,-12.094
2023-08-30 17:50:00,2.326,104.264,-9.768
2023-08-30 20:10:00,-1.2,103.064,-10.968
2023-08-31 08:25:00,0.14,103.204,-10.828
2023-08-31 09:20:00,-1.221,101.983,-12.049
2023-08-31 12:00:00,-1.223,100.76,-13.272
2023-08-31 15:40:00,2.303,103.063,-10.969
2023-08-31 23:45:00,1.079,104.142,-9.89
2023-09-01 03:25:00,-1.349,102.793,-11.239
2023-09-01 09:10:00,-1.236,101.557,-12.475
2023-09-01 17:10:00,2.336,103.893,-10.139
2023-09-01 20:30:00,-1.051,102.842,-11.19
2023-09-02 14:30:00,0.858,103.7,-10.332
2023-09-02 19:15:00,-1.209,102.491,-11.541
2023-09-03 07:25:00,-1.268,101.223,-12.809
2023-09-03 15:30:00,0.476,101.699,-12.333
2023-09-03 18:10:00,-1.231,100.468,-13.564
2023-09-04 02:10:00,-1.125,99.343,-14.689
2023-09-04 06:00:00,-1.165,98.178,-15.854
2023-09-04 14:05:00,0.154,98.332,-15.7
2023-09-04 15:35:00,-1.131,97.201,-16.831
2023-09-04 21:55:00,2.267,99.468,-14.564
2023-09-05 06:00:00,-0.682,98.786,-15.246
2023-09-05 18:20:00,0.315,99.101,-14.931
2023-09-06 05:30:00,-0.757,98.344,-15.688
2023-09-06 14:00:00,-1.236,97.108,-16.924
2023-09-06 17:50:00,-1.139,95.969,-18.063
2023-09-07 01:55:00,-0.028,95.941,-18.091
2023-09-07 05:10:00,-1.197,94.744,-19.288
2023-09-07 16:35:00,-1.178,93.566,-20.466
2023-09-07 21:05:00,2.266,95.832,-18.2
2023-09-08 05:10:00,0.092,95.924,-18.108
2023-09-08 18:05:00,0.15,96.074,-17.958
2023-09-08 19:30:00,-1.299,94.775,-19.257
2023-09-09 08:55:00,-0.347,94.428,-19.604
2023-09-09 15:05:00,-1.527,92.901,-21.131
2023-09-10 00:15:00,1.978,94.879,-19.153
2023-09-10 01:05:00,2.337,97.216,-16.816
2023-09-10 04:20:00,2.437,99.653,-14.379
2023-09-10 12:25:00,-0.607,99.046,-14.986
2023-09-10 23:05:00,0.277,99.323,-14.709
2023-09-11 06:00:00,-1.106,98.217,-15.815
2023-09-11 10:20:00,2.388,100.605,-13.427
2023-09-11 18:25:00,-0.403,100.202,-13.83
2023-09-12 00:05:00,-1.082,99.12,-14.912
2023-09-12 11:20:00,0.257,99.377,-14.655
2023-09-12 16:30:00,-1.105,98.272,-15.76
2023-09-13 01:00:00,0.151,98.423,-15.609
2023-09-13 07:35:00,-1.197,97.226,-16.806
2023-09-13 14:35:00,-1.14,96.086,-17.946
2023-09-13 21:30:00,-1.105,94.981,-19.051
2023-09-14 00:50:00,2.278,97.259,-16.773
2023-09-14 05:20:00,-1.064,96.195,-17.837
2023-09-14 07:40:00,-1.153,95.042,-18.99
2023-09-14 08:45:00,-1.199,93.843,-20.189
2023-09-14 11:00:00,-1.327,92.516,-21.516
2023-09-14 19:55:00,0.727,93.243,-20.789
2023-09-15 07:05:00,-1.079,92.164,-21.868
2023-09-15 15:10:00,1.549,93.713,-20.319
2023-09-16 02:05:00,2.374,96.087,-17.945
2023-09-16 10:10:00,-0.434,95.653,-18.379
2023-09-16 19:15:00,-1.169,94.484,-19.548
2023-09-17 00:15:00,2.299,96.783,-17.249
2023-09-17 08:20:00,0.839,97.622,-16.41
2023-09-17 20:40:00,2.302,99.924,-14.108
2023-09-18 01:20:00,2.408,102.332,-11.7
2023-09-18 03:30:00,-1.042,101.29,-12.742
2023-09-18 17:25:00,-1.116,100.174,-13.858
2023-09-19 01:35:00,-0.052,100.122,-13.91
2023-09-19 07:30:00,-1.151,98.971,-15.061
2023-09-19 09:25:00,2.256,101.227,-12.805
2023-09-19 13:55:00,-1.08,100.147,-13.885
2023-09-19 15:30:00,-1.089,99.058,-14.974
2023-09-19 20:05:00,-1.094,97.964,-16.068
2023-09-19 21:50:00,-1.177,96.787,-17.245
2023-09-20 00:30:00,-1.132,95.655,-18.377
2023-09-20 08:35:00,0.279,95.934,-18.098
2023-09-20 14:35:00,-1.107,94.827,-19.205
2023-09-20 18:30:00,-1.16,93.667,-20.365
2023-09-21 03:15:00,-0.169,93.498,-20.534
2023-09-21 10:50:00,2.362,95.86,-18.172
2023-09-21 18:55:00,-0.891,94.969,-19.063
2023-09-22 01:20:00,-1.158,93.811,-20.221
2023-09-22 16:40:00,2.188,95.999,-18.033
2023-09-22 21:40:00,-1.207,94.792,-19.24
2023-09-23 23:25:00,0.491,95.283,-18.749
2023-09-24 10:05:00,0.181,95.464,-18.568
2023-09-24 19:15:00,-1.114,94.35,-19.682
2023-09-25 00:20:00,2.409,96.759,-17.273
2023-09-25 07:40:00,-1.053,95.706,-18.326
2023-09-25 15:35:00,-1.172,94.534,-19.498
2023-09-26 00:05:00,0.619,95.153,-18.879
2023-09-26 00:20:00,-1.315,93.838,-20.194
2023-09-26 09:15:00,0.002,93.84,-20.192
2023-09-26 13:30:00,-1.162,92.678,-21.354
2023-09-26 16:35:00,-1.267,91.411,-22.621
2023-09-26 21:20:00,-1.175,90.236,-23.796
2023-09-27 06:15:00,0.001,90.237,-23.795
2023-09-27 14:15:00,-1.115,89.122,-24.91
2023-09-27 22:20:00,0.491,89.613,-24.419
2023-09-28 04:10:00,-1.173,88.44,-25.592
2023-09-28 13:30:00,1.387,89.827,-24.205
2023-09-28 17:35:00,2.337,92.164,-21.868
2023-09-28 18:35:00,-1.118,91.046,-22.986
2023-09-29 08:00:00,1.071,92.117,-21.915
2023-09-29 19:55:00,2.18,94.297,-19.735
2023-09-29 23:15:00,-1.115,93.182,-20.85
2023-09-30 02:00:00,-1.179,92.003,-22.029
2023-09-30 07:30:00,-1.14,90.863,-23.169
2023-09-30 12:45:00,-1.384,89.479,-24.553
2023-09-30 21:55:00,0.223,89.702,-24.33
2023-10-01 06:10:00,2.318,92.02,-22.012
2023-10-01 14:15:00,1.371,93.391,-20.641
2023-10-01 22:15:00,2.356,95.747,-18.285
2023-10-02 06:35:00,-0.317,95.43,-18.602
2023-10-02 11:45:00,-1.122,94.308,-19.724
2023-10-02 21:45:00,2.419,96.727,-17.305
2023-10-03 05:50:00,-0.552,96.175,-17.857
2023-10-03 21:50:00,-1.077,95.098,-18.934
2023-10-04 00:25:00,-1.106,93.992,-20.04
2023-10-04 05:25:00,-1.044,92.948,-21.084
2023-10-04 13:30:00,1.483,94.431,-19.601
2023-10-04 22:45:00,2.446,96.877,-17.155
2023-10-05 04:05:00,-1.06,95.817,-18.215
2023-10-05 12:25:00,-1.102,94.715,-19.317
2023-10-06 02:20:00,1.856,96.571,-17.461
2023-10-06 10:25:00,1.92,98.491,-15.541
2023-10-06 12:30:00,-1.079,97.412,-16.62
2023-10-06 21:35:00,-0.291,97.121,-16.911
2023-10-07 04:20:00,2.415,99.536,-14.496
2023-10-07 05:40:00,2.452,101.988,-12.044
2023-10-07 06:15:00,-1.025,100.963,-13.069
2023-10-07 14:45:00,-1.044,99.919,-14.113
2023-10-08 00:55:00,-1.104,98.815,-15.217
2023-10-08 04:50:00,-1.078,97.737,-16.295
2023-10-08 10:25:00,2.39,100.127,-13.905
2023-10-08 18:30:00,0.631,100.758,-13.274
2023-10-09 08:10:00,1.06,101.818,-12.214
2023-10-09 09:25:00,-1.105,100.713,-13.319
2023-10-09 17:50:00,0.853,101.566,-12.466
2023-10-09 23:10:00,-1.118,100.448,-13.584
2023-10-10 13:35:00,-1.094,99.354,-14.678
2023-10-11 00:00:00,0.351,99.705,-14.327
2023-10-11 10:25:00,0.383,100.088,-13.944
2023-10-11 14:00:00,-1.096,98.992,-15.04
2023-10-11 23:30:00,0.2,99.192,-14.84
2023-10-12 08:45:00,1.927,101.119,-12.913
2023-10-12 09:55:00,2.339,103.458,-10.574
2023-10-12 18:00:00,-0.596,102.862,-11.17
2023-10-13 07:25:00,-1.177,101.685,-12.347
2023-10-13 12:30:00,-1.194,100.491,-13.541
2023-10-13 19:10:00,-1.13,99.361,-14.671
2023-10-14 04:55:00,-0.256,99.105,-14.927
2023-10-14 08:30:00,-1.197,97.908,-16.124
2023-10-14 12:05:00,-1.326,96.582,-17.45
2023-10-14 16:05:00,-1.219,95.363,-18.669
2023-10-14 19:10:00,-1.153,94.21,-19.822
2023-10-15 01:30:00,-1.177,93.033,-20.999
2023-10-15 09:35:00,-0.819,92.214,-21.818
2023-10-15 17:40:00,-0.344,91.87,-22.162
2023-10-16 01:30:00,2.256,94.126,-19.906
2023-10-16 05:25:00,2.395,96.521,-17.511
2023-10-16 13:30:00,0.951,97.472,-16.56
2023-10-16 13:40:00,-1.05,96.422,-17.61
2023-10-17 02:00:00,-1.143,95.279,-18.753
2023-10-17 09:05:00,-1.248,94.031,-20.001
2023-10-17 13:45:00,2.368,96.399,-17.633
2023-10-17 21:50:00,-0.311,96.088,-17.944
2023-10-18 04:55:00,-1.149,94.939,-19.093
2023-10-18 18:00:00,1.334,96.273,-17.759
2023-10-19 01:35:00,2.233,98.506,-15.526
2023-10-19 05:00:00,-1.076,97.43,-16.602
2023-10-19 13:20:00,-1.158,96.272,-17.76
2023-10-20 03:55:00,1.502,97.774,-16.258
2023-10-20 10:40:00,2.321,100.095,-13.937
2023-10-20 11:00:00,-1.199,98.896,-15.136
2023-10-21 01:50:00,0.175,99.071,-14.961
2023-10-21 07:15:00,2.334,101.405,-12.627
2023-10-21 15:20:00,1.21,102.615,-11.417
2023-10-22 00:00:00,-0.88,101.735,-12.297
2023-10-22 02:15:00,-1.094,100.641,-13.391
2023-10-22 05:55:00,2.409,103.05,-10.982
2023-10-22 14:00:00,-0.583,102.467,-11.565
2023-10-23 01:30:00,2.404,104.871,-9.161
2023-10-23 03:45:00,2.38,107.251,-6.781
2023-10-23 09:10:00,-1.054,106.197,-7.835
2023-10-23 22:40:00,2.413,108.61,-5.422
2023-10-24 06:45:00,-0.241,108.369,-5.663
2023-10-24 12:05:00,2.318,110.687,-3.345
2023-10-24 14:20:00,-1.058,109.629,-4.403
2023-10-24 23:25:00,0.813,110.442,-3.59
2023-10-25 07:45:00,-1.05,109.392,-4.64
2023-10-25 15:30:00,-1.032,108.36,-5.672
2023-10-25 16:25:00,-1.073,107.287,-6.745
2023-10-26 00:45:00,-0.536,106.751,-7.281
2023-10-26 11:25:00,1.13,107.881,-6.151
2023-10-26 21:50:00,-1.029,106.852,-7.18
2023-10-26 23:15:00,2.386,109.238,-4.794
2023-10-27 00:25:00,-1.058,108.18,-5.852
2023-10-27 09:05:00,-0.266,107.914,-6.118
2023-10-27 14:30:00,-1.054,106.86,-7.172
2023-10-27 22:35:00,0.34,107.2,-6.832
2023-10-28 05:20:00,2.366,109.566,-4.466
2023-10-28 12:45:00,-1.078,108.488,-5.544
2023-10-29 01:25:00,-0.159,108.329,-5.703
2023-10-29 14:30:00,2.377,110.706,-3.326
2023-10-29 22:35:00,0.878,111.584,-2.448
2023-10-30 15:15:00,1.753,113.337,-0.695
2023-10-31 07:20:00,-1.104,112.233,-1.799
2023-10-31 21:05:00,0.757,112.99,-1.042
2023-11-01 06:00:00,2.386,115.376,0.0
2023-11-01 09:05:00,-1.044,114.332,-1.044
2023-11-01 12:55:00,-1.076,113.256,-2.12
2023-11-01 18:35:00,2.435,115.691,0.0
2023-11-02 02:40:00,0.913,116.604,0.0
2023-11-02 05:05:00,-1.052,115.552,-1.052
2023-11-02 20:05:00,-1.054,114.498,-2.106
2023-11-03 00:25:00,-1.062,113.436,-3.168
2023-11-03 01:15:00,2.405,115.841,-0.763
2023-11-03 06:25:00,-1.032,114.809,-1.795
2023-11-03 10:15:00,-1.047,113.762,-2.842
2023-11-03 13:00:00,-1.046,112.716,-3.888
2023-11-03 21:05:00,1.413,114.129,-2.475
2023-11-04 04:55:00,-1.111,113.018,-3.586
2023-11-04 10:00:00,-1.109,111.909,-4.695
2023-11-05 07:05:00,-0.281,111.628,-4.976
2023-11-05 13:55:00,-1.056,110.572,-6.032
2023-11-05 21:10:00,-1.072,109.5,-7.104
2023-11-06 00:50:00,-1.088,108.412,-8.192
2023-11-06 05:20:00,-1.095,107.317,-9.287
2023-11-06 15:00:00,0.718,108.035,-8.569
2023-11-07 02:25:00,-1.072,106.963,-9.641
2023-11-07 09:30:00,-1.082,105.881,-10.723
2023-11-07 18:55:00,-0.785,105.096,-11.508
2023-11-08 00:30:00,-1.108,103.988,-12.616
2023-11-08 09:40:00,-0.303,103.685,-12.919
2023-11-09 00:45:00,0.952,104.637,-11.967
2023-11-09 09:50:00,1.628,106.265,-10.339
2023-11-09 16:10:00,-1.045,105.22,-11.384
2023-11-10 00:15:00,-0.263,104.957,-11.647
2023-11-10 08:20:00,0.555,105.512,-11.092
2023-11-10 13:55:00,-1.064,104.448,-12.156
2023-11-10 16:10:00,-1.04,103.408,-13.196
2023-11-10 17:50:00,2.452,105.86,-10.744
2023-11-11 01:55:00,0.426,106.286,-10.318
2023-11-11 14:20:00,2.438,108.724,-7.88
2023-11-11 22:25:00,2.112,110.836,-5.768
2023-11-12 06:55:00,2.463,113.299,-3.305
2023-11-12 15:00:00,-0.04,113.259,-3.345
2023-11-12 23:00:00,2.463,115.722,-0.882
2023-11-13 00:10:00,-1.022,114.7,-1.904
2023-11-13 10:35:00,-1.032,113.668,-2.936
2023-11-13 21:05:00,1.29,114.958,-1.646
2023-11-14 05:15:00,-0.334,114.624,-1.98
2023-11-14 11:20:00,-1.052,113.572,-3.032
2023-11-14 13:30:00,-1.034,112.538,-4.066
2023-11-14 18:50:00,-1.021,111.517,-5.087
2023-11-15 00:20:00,-1.021,110.496,-6.108
2023-11-15 04:40:00,2.423,112.919,-3.685
2023-11-15 08:55:00,2.463,115.382,-1.222
2023-11-15 16:40:00,2.468,117.85,0.0
2023-11-16 00:45:00,0.077,117.927,0.0
2023-11-16 06:45:00,2.471,120.398,0.0
2023-11-16 14:50:00,0.172,120.57,0.0
2023-11-16 15:45:00,-1.034,119.536,-1.034
2023-11-17 08:25:00,0.088,119.624,-0.946
2023-11-17 15:25:00,2.465,122.089,0.0
2023-11-17 18:55:00,-1.021,121.068,-1.021
2023-11-18 01:50:00,-1.044,120.024,-2.065
2023-11-18 07:00:00,2.444,122.468,0.0
2023-11-18 07:30:00,-1.03,121.438,-1.03
2023-11-18 22:35:00,0.74,122.178,-0.29
2023-11-19 08:40:00,-0.588,121.59,-0.878
2023-11-19 10:15:00,-1.059,120.531,-1.937
2023-11-19 18:40:00,-0.692,119.839,-2.629
2023-11-19 23:40:00,2.441,122.28,-0.188
2023-11-20 07:45:00,-0.796,121.484,-0.984
2023-11-20 11:35:00,-1.069,120.415,-2.053
2023-11-20 19:50:00,1.082,121.497,-0.971
2023-11-21 05:05:00,0.395,121.892,-0.576
2023-11-21 14:10:00,-1.074,120.818,-1.65
2023-11-21 15:05:00,-1.054,119.764,-2.704
2023-11-21 17:40:00,-1.017,118.747,-3.721
2023-11-22 01:45:00,0.521,119.268,-3.2
2023-11-22 18:15:00,-1.047,118.221,-4.247
2023-11-23 02:25:00,0.928,119.149,-3.319
2023-11-23 03:00:00,-1.119,118.03,-4.438
2023-11-23 11:10:00,-1.076,116.954,-5.514
2023-11-23 21:25:00,-0.171,116.783,-5.685
2023-11-23 23:45:00,-1.134,115.649,-6.819
2023-11-24 01:00:00,-1.123,114.526,-7.942
2023-11-24 13:40:00,1.314,115.84,-6.628
2023-11-24 17:50:00,-1.044,114.796,-7.672
2023-11-25 01:45:00,-1.053,113.743,-8.725
2023-11-25 09:50:00,-0.446,113.297,-9.171
2023-11-25 10:40:00,2.257,115.554,-6.914
2023-11-25 16:10:00,-1.088,114.466,-8.002
2023-11-26 01:15:00,-0.052,114.414,-8.054
2023-11-26 05:35:00,-1.078,113.336,-9.132
2023-11-26 12:05:00,-1.054,112.282,-10.186
2023-11-26 16:25:00,2.42,114.702,-7.766
2023-11-26 20:00:00,-1.035,113.667,-8.801
2023-11-27 04:05:00,-0.68,112.987,-9.481
2023-11-27 15:05:00,0.851,113.838,-8.63
2023-11-27 23:20:00,-1.07,112.768,-9.7
2023-11-28 05:20:00,2.377,115.145,-7.323
2023-11-28 13:25:00,-0.987,114.158,-8.31
2023-11-28 15:35:00,-1.116,113.042,-9.426
2023-11-28 16:00:00,-1.068,111.974,-10.494
2023-11-29 00:45:00,1.053,113.027,-9.441
2023-11-29 14:50:00,-0.6,112.427,-10.041
2023-11-30 00:00:00,-0.282,112.145,-10.323
2023-11-30 10:50:00,-0.644,111.501,-10.967
2023-11-30 13:55:00,-1.129,110.372,-12.096
2023-12-01 01:25:00,2.366,112.738,-9.73
2023-12-01 09:30:00,0.526,113.264,-9.204
2023-12-01 10:55:00,-1.082,112.182,-10.286
2023-12-02 07:10:00,2.327,114.509,-7.959
2023-12-02 14:45:00,-1.067,113.442,-9.026
2023-12-03 00:55:00,2.389,115.831,-6.637
2023-12-03 03:35:00,-1.047,114.784,-7.684
2023-12-03 19:30:00,0.908,115.692,-6.776
2023-12-04 06:05:00,1.231,116.923,-5.545
2023-12-04 11:10:00,-1.066,115.857,-6.611
2023-12-04 19:15:00,-0.027,115.83,-6.638
2023-12-05 01:30:00,2.428,118.258,-4.21
2023-12-05 06:45:00,-1.037,117.221,-5.247
2023-12-05 15:10:00,0.518,117.739,-4.729
2023-12-05 17:25:00,2.385,120.124,-2.344
2023-12-05 18:10:00,2.445,122.569,0.0
2023-12-06 00:40:00,2.478,125.047,0.0
2023-12-06 08:45:00,-0.261,124.786,-0.261
2023-12-06 11:05:00,-1.049,123.737,-1.31
2023-12-06 21:05:00,0.279,124.016,-1.031
2023-12-07 08:55:00,-1.062,122.954,-2.093
2023-12-07 14:15:00,-1.028,121.926,-3.121
2023-12-07 23:00:00,-1.038,120.888,-4.159
2023-12-08 11:40:00,1.648,122.536,-2.511
2023-12-08 13:00:00,-1.052,121.484,-3.563
2023-12-08 22:25:00,2.029,123.513,-1.534
2023-12-09 00:10:00,2.453,125.966,0.0
2023-12-09 08:15:00,1.361,127.327,0.0
2023-12-09 14:40:00,-1.031,126.296,-1.031
2023-12-10 08:15:00,0.071,126.367,-0.96
2023-12-10 19:10:00,2.444,128.811,0.0
2023-12-11 02:10:00,-1.025,127.786,-1.025
2023-12-11 08:25:00,-1.015,126.771,-2.04
2023-12-11 14:25:00,-1.031,125.74,-3.071
2023-12-12 00:45:00,1.389,127.129,-1.682
2023-12-12 09:10:00,0.467,127.596,-1.215
2023-12-13 01:25:00,1.108,128.704,-0.107
2023-12-13 09:30:00,-0.702,128.002,-0.809
2023-12-13 13:40:00,2.466,130.468,0.0
2023-12-13 21:45:00,0.118,130.586,0.0
2023-12-14 07:15:00,-1.049,129.537,-1.049
2023-12-14 13:15:00,-1.044,128.493,-2.093
2023-12-15 01:05:00,-0.524,127.969,-2.617
2023-12-15 06:55:00,-1.042,126.927,-3.659
2023-12-15 16:45:00,-1.03,125.897,-4.689
2023-12-15 23:30:00,-1.042,124.855,-5.731
2023-12-16 01:10:00,-1.03,123.825,-6.761
2023-12-16 11:40:00,2.432,126.257,-4.329
2023-12-16 15:25:00,2.439,128.696,-1.89
2023-12-16 18:25:00,-1.034,127.662,-2.924
2023-12-17 07:30:00,-1.043,126.619,-3.967
2023-12-17 15:35:00,-0.17,126.449,-4.137
2023-12-17 22:30:00,-1.058,125.391,-5.195
2023-12-18 06:45:00,0.784,126.175,-4.411
2023-12-18 10:25:00,2.448,128.623,-1.963
2023-12-18 13:20:00,-1.031,127.592,-2.994
2023-12-19 05:10:00,-0.31,127.282,-3.304
2023-12-19 14:05:00,-1.053,126.229,-4.357
2023-12-19 22:10:00,0.317,126.546,-4.04
2023-12-20 04:15:00,-1.059,125.487,-5.099
2023-12-20 06:35:00,2.416,127.903,-2.683
2023-12-20 14:40:00,0.727,128.63,-1.956
2023-12-20 16:10:00,-1.066,127.564,-3.022
2023-12-20 20:05:00,-1.025,126.539,-4.047
2023-12-21 02:20:00,2.426,128.965,-1.621
2023-12-21 10:25:00,0.981,129.946,-0.64
2023-12-22 00:20:00,1.671,131.617,0.0
2023-12-22 07:30:00,-1.029,130.588,-1.029
2023-12-22 16:40:00,0.501,131.089,-0.528
2023-12-22 19:45:00,-1.081,130.008,-1.609
2023-12-22 23:10:00,-1.09,128.918,-2.699
2023-12-23 00:30:00,-1.055,127.863,-3.754
2023-12-23 06:50:00,-1.039,126.824,-4.793
2023-12-23 14:55:00,-0.1,126.724,-4.893
2023-12-24 02:55:00,1.139,127.863,-3.754
2023-12-24 05:40:00,-1.049,126.814,-4.803
2023-12-24 22:10:00,-1.058,125.756,-5.861
2023-12-25 07:05:00,-1.103,124.653,-6.964
2023-12-25 09:35:00,2.396,127.049,-4.568
2023-12-25 12:45:00,-1.056,125.993,-5.624
2023-12-25 21:00:00,-0.016,125.977,-5.64
2023-12-26 01:40:00,-1.044,124.933,-6.684
2023-12-26 05:45:00,2.409,127.342,-4.275
2023-12-26 13:50:00,0.179,127.521,-4.096
2023-12-26 17:35:00,2.436,129.957,-1.66
2023-12-27 01:40:00,-0.677,129.28,-2.337
2023-12-27 08:40:00,-1.049,128.231,-3.386
2023-12-27 17:25:00,2.436,130.667,-0.95
2023-12-27 20:40:00,-1.038,129.629,-1.988
2023-12-28 00:30:00,-1.049,128.58,-3.037
2023-12-28 10:15:00,0.168,128.748,-2.869
2023-12-28 20:40:00,1.449,130.197,-1.42
2023-12-29 02:30:00,-1.04,129.157,-2.46
2023-12-29 09:20:00,-1.057,128.1,-3.517
2023-12-29 15:15:00,-1.032,127.068,-4.549
2023-12-29 23:20:00,0.159,127.227,-4.39
2023-12-30 09:40:00,2.425,129.652,-1.965
2023-12-30 11:00:00,-1.059,128.593,-3.024
2023-12-31 05:00:00,0.295,128.888,-2.729
2023-12-31 13:05:00,-1.102,127.786,-3.831
2023-12-31 21:10:00,0.36,128.146,-3.471
2023-12-31 22:50:00,2.428,130.574,-1.043
2024-01-01 01:35:00,-1.035,129.539,-2.078
2024-01-01 09:35:00,-1.066,128.473,-3.144
2024-01-01 17:40:00,0.466,128.939,-2.678
2024-01-01 23:35:00,2.423,131.362,-0.255
2024-01-02 07:40:00,1.1,132.462,0.0
2024-01-02 11:35:00,-1.065,131.397,-1.065
2024-01-03 03:30:00,0.085,131.482,-0.98
2024-01-03 07:45:00,-1.128,130.354,-2.108
2024-01-03 09:50:00,-1.064,129.29,-3.172
2024-01-03 11:05:00,-1.099,128.191,-4.271
2024-01-03 12:00:00,2.469,130.66,-1.802
2024-01-03 12:10:00,2.487,133.147,0.0
2024-01-03 20:15:00,-0.369,132.778,-0.369
2024-01-04 05:35:00,-1.04,131.738,-1.409
2024-01-04 12:55:00,-1.063,130.675,-2.472
2024-01-04 23:05:00,1.025,131.7,-1.447
2024-01-05 09:50:00,-0.068,131.632,-1.515
2024-01-05 19:00:00,1.598,133.23,0.0
2024-01-06 05:20:00,2.427,135.657,0.0
2024-01-06 13:25:00,-0.085,135.572,-0.085
2024-01-07 00:50:00,-1.059,134.513,-1.144
2024-01-07 13:30:00,-1.052,133.461,-2.196
2024-01-07 15:40:00,-1.052,132.409,-3.248
2024-01-07 18:20:00,-1.046,131.363,-4.294
2024-01-08 01:15:00,2.433,133.796,-1.861
2024-01-08 03:25:00,2.455,136.251,0.0
2024-01-08 06:20:00,-1.022,135.229,-1.022
2024-01-08 20:05:00,1.178,136.407,0.0
2024-01-09 12:05:00,0.247,136.654,0.0
2024-01-09 21:10:00,-1.087,135.567,-1.087
2024-01-10 06:00:00,-0.389,135.178,-1.476
2024-01-10 09:40:00,-1.083,134.095,-2.559
2024-01-10 12:45:00,-1.041,133.054,-3.6
2024-01-10 16:45:00,-1.037,132.017,-4.637
2024-01-10 20:10:00,-1.048,130.969,-5.685
2024-01-11 05:10:00,1.749,132.718,-3.936
2024-01-11 13:05:00,2.434,135.152,-1.502
2024-01-11 13:30:00,-1.046,134.106,-2.548
2024-01-11 15:50:00,-1.035,133.071,-3.583
2024-01-11 20:50:00,-1.04,132.031,-4.623
2024-01-12 07:50:00,-1.072,130.959,-5.695
2024-01-12 22:20:00,2.461,133.42,-3.234
2024-01-13 06:25:00,-0.502,132.918,-3.736
2024-01-13 10:30:00,-1.189,131.729,-4.925
2024-01-14 05:45:00,-1.104,130.625,-6.029
2024-01-14 14:05:00,-0.412,130.213,-6.441
2024-01-14 16:20:00,2.374,132.587,-4.067
2024-01-14 18:25:00,-1.041,131.546,-5.108
2024-01-15 00:00:00,2.419,133.965,-2.689
2024-01-15 02:35:00,-1.06,132.905,-3.749
2024-01-15 09:55:00,-1.084,131.821,-4.833
2024-01-15 18:25:00,-1.064,130.757,-5.897
2024-01-15 20:45:00,-1.072,129.685,-6.969
2024-01-16 04:50:00,-0.338,129.347,-7.307
2024-01-16 09:05:00,-1.085,128.262,-8.392
2024-01-16 11:25:00,-1.073,127.189,-9.465
2024-01-16 12:50:00,-1.082,126.107,-10.547
2024-01-16 21:35:00,-0.859,125.248,-11.406
2024-01-16 23:45:00,-1.074,124.174,-12.48
2024-01-17 01:25:00,-1.079,123.095,-13.559
2024-01-17 07:50:00,-1.064,122.031,-14.623
2024-01-17 09:20:00,-1.11,120.921,-15.733
2024-01-17 16:00:00,-1.105,119.816,-16.838
2024-01-17 20:45:00,-1.057,118.759,-17.895
2024-01-17 22:25:00,-1.061,117.698,-18.956
2024-01-18 16:45:00,2.418,120.116,-16.538
2024-01-19 00:50:00,0.741,120.857,-15.797
2024-01-19 06:35:00,-1.107,119.75,-16.904
2024-01-19 15:05:00,2.384,122.134,-14.52
2024-01-19 23:10:00,-0.054,122.08,-14.574
2024-01-20 16:25:00,-0.186,121.894,-14.76
2024-01-21 02:50:00,-1.108,120.786,-15.868
2024-01-21 11:05:00,0.427,121.213,-15.441
2024-01-21 15:15:00,-1.158,120.055,-16.599
2024-01-21 23:40:00,0.773,120.828,-15.826
2024-01-22 05:00:00,2.388,123.216,-13.438
2024-01-22 06:30:00,-1.077,122.139,-14.515
2024-01-22 14:20:00,2.421,124.56,-12.094
2024-01-22 22:25:00,0.67,125.23,-11.424
2024-01-23 02:20:00,-1.06,124.17,-12.484
2024-01-23 08:35:00,2.437,126.607,-10.047
2024-01-23 16:40:00,-0.365,126.242,-10.412
2024-01-24 07:05:00,0.281,126.523,-10.131
2024-01-24 15:20:00,0.195,126.718,-9.936
2024-01-24 23:20:00,-1.07,125.648,-11.006
2024-01-25 07:25:00,-0.491,125.157,-11.497
2024-01-25 11:30:00,-1.099,124.058,-12.596
2024-01-25 18:15:00,-1.041,123.017,-13.637
2024-01-26 10:35:00,1.788,124.805,-11.849
2024-01-26 18:45:00,1.993,126.798,-9.856
2024-01-27 05:50:00,-1.093,125.705,-10.949
2024-01-27 18:15:00,0.204,125.909,-10.745
2024-01-28 00:10:00,2.361,128.27,-8.384
2024-01-28 03:15:00,2.437,130.707,-5.947
2024-01-28 11:20:00,0.828,131.535,-5.119
2024-01-29 09:25:00,-0.182,131.353,-5.301
2024-01-29 23:25:00,0.971,132.324,-4.33
2024-01-30 06:30:00,-1.062,131.262,-5.392
2024-01-30 16:25:00,-0.6,130.662,-5.992
2024-01-30 23:35:00,2.369,133.031,-3.623
2024-01-31 07:40:00,0.245,133.276,-3.378
2024-01-31 13:35:00,-1.088,132.188,-4.466
2024-02-01 00:35:00,2.445,134.633,-2.021
2024-02-01 07:45:00,-1.08,133.553,-3.101
2024-02-01 14:35:00,-1.118,132.435,-4.219
2024-02-02 08:20:00,1.399,133.834,-2.82
2024-02-02 10:55:00,2.419,136.253,-0.401
2024-02-02 19:00:00,0.044,136.297,-0.357
2024-02-03 03:55:00,-1.085,135.212,-1.442
2024-02-03 17:50:00,2.335,137.547,0.0
2024-02-04 00:10:00,-1.058,136.489,-1.058
2024-02-04 04:25:00,-1.085,135.404,-2.143
2024-02-04 11:40:00,-1.099,134.305,-3.242
2024-02-04 17:20:00,-1.069,133.236,-4.311
2024-02-04 20:25:00,2.312,135.548,-1.999
2024-02-05 04:30:00,0.198,135.746,-1.801
2024-02-05 15:05:00,-0.448,135.298,-2.249
2024-02-05 23:20:00,0.407,135.705,-1.842
2024-02-06 10:45:00,2.338,138.043,0.0
2024-02-06 16:00:00,-1.09,136.953,-1.09
2024-02-07 05:50:00,-1.106,135.847,-2.196
2024-02-08 00:20:00,1.038,136.885,-1.158
2024-02-08 04:35:00,-1.183,135.702,-2.341
2024-02-08 12:50:00,-1.164,134.538,-3.505
2024-02-08 21:55:00,-0.232,134.306,-3.737
2024-02-09 02:55:00,2.305,136.611,-1.432
2024-02-09 11:00:00,-0.14,136.471,-1.572
2024-02-09 13:40:00,2.4,138.871,0.0
2024-02-09 14:25:00,-1.056,137.815,-1.056
2024-02-09 23:40:00,0.772,138.587,-0.284
2024-02-10 04:45:00,2.414,141.001,0.0
2024-02-10 06:40:00,-1.094,139.907,-1.094
2024-02-10 20:45:00,2.412,142.319,0.0
2024-02-11 04:50:00,0.573,142.892,0.0
2024-02-11 10:45:00,-1.103,141.789,-1.103
2024-02-11 20:50:00,-1.075,140.714,-2.178
2024-02-12 09:40:00,0.989,141.703,-1.189
2024-02-12 14:35:00,-1.077,140.626,-2.266
2024-02-12 16:05:00,2.425,143.051,0.0
2024-02-13 00:10:00,0.479,143.53,0.0
2024-02-13 03:45:00,-1.136,142.394,-1.136
2024-02-13 10:40:00,-1.091,141.303,-2.227
2024-02-13 13:35:00,2.38,143.683,0.0
2024-02-13 21:40:00,0.286,143.969,0.0
2024-02-14 07:00:00,-1.103,142.866,-1.103
2024-02-14 08:55:00,2.307,145.173,0.0
2024-02-14 17:00:00,0.769,145.942,0.0
2024-02-15 04:10:00,0.163,146.105,0.0
2024-02-15 10:15:00,2.417,148.522,0.0
2024-02-15 12:05:00,-1.06,147.462,-1.06
2024-02-15 15:25:00,-1.056,146.406,-2.116
2024-02-16 04:20:00,-0.389,146.017,-2.505
2024-02-16 15:10:00,2.038,148.055,-0.467
2024-02-16 23:15:00,-0.466,147.589,-0.933
2024-02-17 04:50:00,-1.092,146.497,-2.025
2024-02-17 10:00:00,2.329,148.826,0.0
2024-02-17 14:30:00,2.396,151.222,0.0
2024-02-17 16:50:00,-1.061,150.161,-1.061
2024-02-18 05:10:00,-1.075,149.086,-2.136
2024-02-18 13:15:00,0.325,149.411,-1.811
2024-02-18 14:35:00,-1.105,148.306,-2.916
2024-02-18 18:40:00,-1.087,147.219,-4.003
2024-02-18 23:45:00,-1.104,146.115,-5.107
2024-02-19 06:20:00,-1.105,145.01,-6.212
2024-02-19 10:25:00,-1.065,143.945,-7.277
2024-02-19 13:15:00,-1.075,142.87,-8.352
2024-02-19 22:50:00,-0.437,142.433,-8.789
2024-02-20 08:40:00,0.362,142.795,-8.427
2024-02-20 11:05:00,-1.092,141.703,-9.519
2024-02-20 14:10:00,-1.056,140.647,-10.575
2024-02-20 15:25:00,2.436,143.083,-8.139
2024-02-20 23:30:00,-0.716,142.367,-8.855
2024-02-21 04:35:00,2.34,144.707,-6.515
2024-02-21 09:25:00,2.385,147.092,-4.13
2024-02-21 17:30:00,0.386,147.478,-3.744
2024-02-21 21:20:00,-1.069,146.409,-4.813
2024-02-22 07:30:00,-1.084,145.325,-5.897
2024-02-22 13:10:00,-1.076,144.249,-6.973
2024-02-22 18:45:00,-1.086,143.163,-8.059
2024-02-23 05:25:00,1.025,144.188,-7.034
2024-02-23 10:45:00,-1.098,143.09,-8.132
2024-02-23 14:30:00,-1.081,142.009,-9.213
2024-02-24 00:05:00,-0.41,141.599,-9.623
2024-02-24 04:40:00,-1.05,140.549,-10.673
2024-02-24 14:35:00,-1.17,139.379,-11.843
2024-02-25 01:05:00,0.596,139.975,-11.247
2024-02-25 03:05:00,-1.128,138.847,-12.375
2024-02-25 14:15:00,-0.038,138.809,-12.413
2024-02-25 16:05:00,-1.11,137.699,-13.523
2024-02-26 03:50:00,-0.388,137.311,-13.911
2024-02-26 07:35:00,-1.101,136.21,-15.012
2024-02-26 14:10:00,-1.076,135.134,-16.088
2024-02-26 16:40:00,2.428,137.562,-13.66
2024-02-27 00:45:00,0.295,137.857,-13.365
2024-02-27 09:20:00,-0.432,137.425,-13.797
2024-02-27 13:00:00,-1.141,136.284,-14.938
2024-02-28 11:00:00,2.408,138.692,-12.53
2024-02-28 11:50:00,-1.076,137.616,-13.606
2024-02-28 17:30:00,-1.045,136.571,-14.651
2024-02-29 05:30:00,1.739,138.31,-12.912
2024-02-29 07:20:00,-1.069,137.241,-13.981
2024-02-29 16:20:00,0.183,137.424,-13.798
2024-03-01 00:55:00,-1.035,136.389,-14.833
2024-03-01 09:00:00,0.429,136.818,-14.404
2024-03-01 20:00:00,-1.108,135.71,-15.512
2024-03-02 06:25:00,1.307,137.017,-14.205
2024-03-02 22:25:00,2.262,139.279,-11.943
2024-03-03 06:30:00,-0.173,139.106,-12.116
2024-03-03 07:25:00,2.434,141.54,-9.682
2024-03-03 15:30:00,-0.518,141.022,-10.2
2024-03-04 00:45:00,-1.065,139.957,-11.265
2024-03-04 07:00:00,-1.084,138.873,-12.349
2024-03-04 15:05:00,1.237,140.11,-11.112
2024-03-05 01:10:00,-0.116,139.994,-11.228
2024-03-05 04:10:00,-1.088,138.906,-12.316
2024-03-05 15:30:00,-1.048,137.858,-13.364
2024-03-05 16:05:00,-1.018,136.84,-14.382
2024-03-05 19:55:00,2.485,139.325,-11.897
2024-03-06 04:00:00,-0.316,139.009,-12.213
2024-03-06 20:25:00,-0.607,138.402,-12.82
2024-03-07 02:10:00,2.448,140.85,-10.372
2024-03-07 04:55:00,-1.032,139.818,-11.404
2024-03-07 22:05:00,-0.089,139.729,-11.493
2024-03-08 14:30:00,1.741,141.47,-9.752
2024-03-08 15:20:00,-1.066,140.404,-10.818
2024-03-08 23:25:00,0.077,140.481,-10.741
2024-03-09 04:25:00,-1.091,139.39,-11.832
2024-03-09 10:20:00,-1.123,138.267,-12.955
2024-03-09 16:40:00,-1.109,137.158,-14.064
2024-03-10 02:15:00,-0.506,136.652,-14.57
2024-03-10 09:20:00,-1.114,135.538,-15.684
2024-03-10 14:40:00,2.425,137.963,-13.259
2024-03-10 22:45:00,-0.051,137.912,-13.31
2024-03-10 23:45:00,-1.067,136.845,-14.377
2024-03-11 07:00:00,-1.032,135.813,-15.409
2024-03-11 09:45:00,2.454,138.267,-12.955
2024-03-11 14:20:00,2.464,140.731,-10.491
2024-03-11 22:25:00,-0.009,140.722,-10.5
2024-03-12 00:50:00,-1.05,139.672,-11.55
2024-03-12 03:55:00,-1.036,138.636,-12.586
2024-03-12 12:20:00,-1.07,137.566,-13.656
2024-03-12 13:30:00,2.452,140.018,-11.204
2024-03-12 21:35:00,0.981,140.999,-10.223
2024-03-13 14:10:00,-0.209,140.79,-10.432
2024-03-13 19:25:00,-1.05,139.74,-11.482
2024-03-14 02:25:00,2.462,142.202,-9.02
2024-03-14 03:20:00,-1.033,141.169,-10.053
2024-03-14 12:20:00,-1.078,140.091,-11.131
2024-03-14 23:25:00,-0.52,139.571,-11.651
2024-03-15 01:20:00,2.369,141.94,-9.282
2024-03-15 02:35:00,-1.058,140.882,-10.34
2024-03-15 13:50:00,-1.018,139.864,-11.358
2024-03-15 21:55:00,0.323,140.187,-11.035
2024-03-16 07:10:00,1.548,141.735,-9.487
2024-03-16 13:40:00,-1.018,140.717,-10.505
2024-03-17 01:20:00,1.251,141.968,-9.254
2024-03-17 08:30:00,-1.072,140.896,-10.326
2024-03-17 16:40:00,0.858,141.754,-9.468
2024-03-18 01:00:00,-1.034,140.72,-10.502
2024-03-18 10:15:00,1.097,141.817,-9.405
2024-03-18 15:15:00,-1.034,140.783,-10.439
2024-03-19 00:20:00,-0.626,140.157,-11.065
2024-03-19 09:05:00,1.178,141.335,-9.887
2024-03-19 12:05:00,-1.027,140.308,-10.914
2024-03-19 20:10:00,-0.315,139.993,-11.229
2024-03-20 01:25:00,2.473,142.466,-8.756
2024-03-20 09:30:00,-0.218,142.248,-8.974
2024-03-20 18:05:00,-1.043,141.205,-10.017
2024-03-21 02:10:00,0.7,141.905,-9.317
2024-03-21 12:40:00,0.04,141.945,-9.277
2024-03-21 17:35:00,-1.03,140.915,-10.307
2024-03-22 01:40:00,0.109,141.024,-10.198
2024-03-22 11:35:00,0.165,141.189,-10.033
2024-03-22 14:05:00,-1.038,140.151,-11.071
2024-03-22 22:10:00,0.902,141.053,-10.169
2024-03-22 23:20:00,-1.054,139.999,-11.223
2024-03-23 07:15:00,-1.039,138.96,-12.262
2024-03-23 15:20:00,-0.106,138.854,-12.368
2024-03-24 04:45:00,2.138,140.992,-10.23
2024-03-24 19:00:00,-1.049,139.943,-11.279
2024-03-24 22:30:00,2.383,142.326,-8.896
2024-03-25 06:35:00,1.037,143.363,-7.859
2024-03-25 07:55:00,-1.064,142.299,-8.923
2024-03-25 14:20:00,2.423,144.722,-6.5
2024-03-25 21:25:00,-1.041,143.681,-7.541
2024-03-26 08:40:00,-0.412,143.269,-7.953
2024-03-26 14:20:00,-1.055,142.214,-9.008
2024-03-27 00:25:00,-0.201,142.013,-9.209
2024-03-27 14:00:00,2.417,144.43,-6.792
2024-03-27 22:05:00,-0.4,144.03,-7.192
2024-03-28 06:40:00,-1.061,142.969,-8.253
2024-03-28 18:10:00,-0.347,142.622,-8.6
2024-03-28 23:20:00,-1.088,141.534,-9.688
2024-03-29 08:45:00,0.61,142.144,-9.078
2024-03-29 23:40:00,-0.421,141.723,-9.499
2024-03-30 12:50:00,-0.066,141.657,-9.565
2024-03-30 22:45:00,1.404,143.061,-8.161
2024-03-31 01:05:00,-1.116,141.945,-9.277
2024-03-31 13:05:00,0.092,142.037,-9.185
2024-03-31 18:40:00,-1.241,140.796,-10.426
2024-04-01 02:45:00,0.273,141.069,-10.153
2024-04-01 05:45:00,2.412,143.481,-7.741
2024-04-01 13:50:00,-0.598,142.883,-8.339
2024-04-01 22:40:00,0.312,143.195,-8.027
2024-04-02 02:25:00,2.414,145.609,-5.613
2024-04-02 10:30:00,1.1,146.709,-4.513
2024-04-02 12:20:00,-1.078,145.631,-5.591
2024-04-02 14:20:00,-1.042,144.589,-6.633
2024-04-03 00:35:00,2.426,147.015,-4.207
2024-04-03 01:30:00,-1.033,145.982,-5.24
2024-04-03 18:10:00,2.436,148.418,-2.804
2024-04-04 00:40:00,-1.052,147.366,-3.856
2024-04-04 06:05:00,-1.073,146.293,-4.929
2024-04-04 19:45:00,-1.112,145.181,-6.041
2024-04-05 02:15:00,2.417,147.598,-3.624
2024-04-05 10:20:00,1.798,149.396,-1.826
2024-04-05 13:40:00,-1.09,148.306,-2.916
2024-04-06 11:55:00,0.447,148.753,-2.469
2024-04-06 15:55:00,2.396,151.149,-0.073
2024-04-07 00:00:00,-0.036,151.113,-0.109
2024-04-07 09:40:00,-0.868,150.245,-0.977
2024-04-07 18:05:00,-1.067,149.178,-2.044
2024-04-08 07:30:00,1.215,150.393,-0.829
2024-04-08 15:40:00,0.182,150.575,-0.647
2024-04-09 00:50:00,-1.111,149.464,-1.758
2024-04-09 08:05:00,2.358,151.822,0.0
2024-04-09 16:10:00,0.322,152.144,0.0
2024-04-10 02:50:00,2.394,154.538,0.0
2024-04-10 04:25:00,-1.039,153.499,-1.039
2024-04-10 12:35:00,2.413,155.912,0.0
2024-04-10 17:20:00,-1.021,154.891,-1.021
2024-04-11 08:25:00,-0.529,154.362,-1.55
2024-04-11 17:40:00,0.706,155.068,-0.844
2024-04-12 12:30:00,2.365,157.433,0.0
2024-04-12 17:20:00,2.445,159.878,0.0
2024-04-12 17:25:00,2.454,162.332,0.0
2024-04-12 18:35:00,2.485,164.817,0.0
2024-04-13 02:40:00,-0.27,164.547,-0.27
2024-04-13 11:05:00,-1.064,163.483,-1.334
2024-04-13 15:25:00,-1.083,162.4,-2.417
2024-04-13 18:05:00,2.464,164.864,0.0
2024-04-13 20:05:00,2.48,167.344,0.0
2024-04-14 04:10:00,-0.603,166.741,-0.603
2024-04-14 19:25:00,0.343,167.084,-0.26
2024-04-15 06:10:00,0.143,167.227,-0.117
2024-04-15 14:15:00,0.713,167.94,0.0
2024-04-15 15:00:00,2.433,170.373,0.0
2024-04-15 23:05:00,0.846,171.219,0.0
2024-04-16 01:30:00,-1.058,170.161,-1.058
2024-04-16 06:00:00,-1.05,169.111,-2.108
2024-04-16 15:30:00,2.44,171.551,0.0
2024-04-16 17:15:00,-1.046,170.505,-1.046
2024-04-17 04:35:00,-1.046,169.459,-2.092
2024-04-17 15:25:00,2.444,171.903,0.0
2024-04-17 17:55:00,-1.031,170.872,-1.031
2024-04-18 01:25:00,-1.094,169.778,-2.125
2024-04-18 11:05:00,-1.042,168.736,-3.167
2024-04-18 13:35:00,-1.042,167.694,-4.209
2024-04-18 14:05:00,-1.056,166.638,-5.265
2024-04-18 18:10:00,-1.028,165.61,-6.293
2024-04-19 00:10:00,-1.137,164.473,-7.43
2024-04-19 01:25:00,2.403,166.876,-5.027
2024-04-19 06:40:00,-1.031,165.845,-6.058
2024-04-19 14:45:00,0.429,166.274,-5.629
2024-04-19 22:40:00,-1.094,165.18,-6.723
2024-04-20 04:30:00,-1.036,164.144,-7.759
2024-04-20 12:20:00,-1.066,163.078,-8.825
2024-04-20 18:00:00,2.444,165.522,-6.381
2024-04-21 02:05:00,0.163,165.685,-6.218
2024-04-21 07:25:00,-1.07,164.615,-7.288
2024-04-22 11:35:00,1.985,166.6,-5.303
2024-04-23 00:15:00,-0.032,166.568,-5.335
2024-04-23 02:50:00,-1.067,165.501,-6.402
2024-04-23 14:10:00,-1.084,164.417,-7.486
2024-04-23 20:20:00,-1.053,163.364,-8.539
2024-04-24 00:05:00,-1.103,162.261,-9.642
2024-04-24 08:10:00,1.303,163.564,-8.339
2024-04-24 15:40:00,2.441,166.005,-5.898
2024-04-24 23:45:00,0.51,166.515,-5.388
2024-04-25 10:00:00,0.969,167.484,-4.419
2024-04-25 14:25:00,-1.062,166.422,-5.481
2024-04-26 06:40:00,0.359,166.781,-5.122
2024-04-26 13:45:00,-1.063,165.718,-6.185
2024-04-27 01:15:00,2.432,168.15,-3.753
2024-04-27 09:20:00,-0.572,167.578,-4.325
2024-04-27 13:20:00,-1.107,166.471,-5.432
2024-04-27 17:40:00,-1.139,165.332,-6.571
2024-04-28 09:05:00,-0.018,165.314,-6.589
2024-04-28 15:55:00,-1.21,164.104,-7.799
2024-04-28 22:10:00,-1.128,162.976,-8.927
2024-04-29 03:00:00,2.409,165.385,-6.518
2024-04-29 11:05:00,0.3,165.685,-6.218
2024-04-29 22:20:00,0.817,166.502,-5.401
2024-04-30 06:35:00,-0.243,166.259,-5.644
2024-04-30 07:45:00,-1.149,165.11,-6.793
2024-04-30 12:10:00,2.444,167.554,-4.349
2024-04-30 20:15:00,0.794,168.348,-3.555
2024-05-01 07:25:00,2.433,170.781,-1.122
2024-05-01 12:35:00,-1.034,169.747,-2.156
2024-05-01 18:00:00,-1.055,168.692,-3.211
2024-05-02 02:10:00,-0.179,168.513,-3.39
2024-05-02 08:30:00,-1.091,167.422,-4.481
2024-05-02 11:25:00,2.367,169.789,-2.114
2024-05-02 19:30:00,0.055,169.844,-2.059
2024-05-03 00:25:00,-1.097,168.747,-3.156
2024-05-03 09:15:00,-0.673,168.074,-3.829
2024-05-03 10:35:00,-1.125,166.949,-4.954
2024-05-03 20:35:00,1.92,168.869,-3.034
2024-05-04 04:40:00,-0.277,168.592,-3.311
2024-05-04 07:35:00,-1.168,167.424,-4.479
2024-05-04 18:30:00,2.416,169.84,-2.063
2024-05-05 02:35:00,0.457,170.297,-1.606
2024-05-05 04:15:00,-1.073,169.224,-2.679
2024-05-05 22:00:00,-0.039,169.185,-2.718
2024-05-06 06:05:00,1.073,170.258,-1.645
2024-05-06 08:25:00,2.42,172.678,0.0
2024-05-06 12:35:00,-1.031,171.647,-1.031
2024-05-06 20:25:00,-1.054,170.593,-2.085
2024-05-07 00:20:00,-1.045,169.548,-3.13
2024-05-07 01:45:00,-1.09,168.458,-4.22
2024-05-07 03:20:00,-1.084,167.374,-5.304
2024-05-07 11:30:00,-0.413,166.961,-5.717
2024-05-07 14:55:00,-1.09,165.871,-6.807
2024-05-07 18:30:00,-1.05,164.821,-7.857
2024-05-08 02:35:00,1.446,166.267,-6.411
2024-05-08 12:45:00,1.838,168.105,-4.573
2024-05-08 13:15:00,-1.087,167.018,-5.66
2024-05-09 04:20:00,-0.686,166.332,-6.346
2024-05-09 15:10:00,-1.125,165.207,-7.471
2024-05-10 02:15:00,2.365,167.572,-5.106
2024-05-10 10:20:00,0.513,168.085,-4.593
2024-05-10 14:10:00,-1.087,166.998,-5.68
2024-05-10 14:50:00,2.423,169.421,-3.257
2024-05-10 22:55:00,0.565,169.986,-2.692
2024-05-11 00:00:00,-1.067,168.919,-3.759
2024-05-11 15:10:00,-1.102,167.817,-4.861
2024-05-12 05:55:00,-1.205,166.612,-6.066
2024-05-12 10:15:00,-1.111,165.501,-7.177
2024-05-12 16:20:00,-1.144,164.357,-8.321
2024-05-12 21:25:00,2.356,166.713,-5.965
2024-05-13 03:10:00,2.417,169.13,-3.548
2024-05-13 06:45:00,-1.038,168.092,-4.586
2024-05-13 15:05:00,0.01,168.102,-4.576
2024-05-13 23:15:00,1.383,169.485,-3.193
2024-05-14 00:40:00,-1.16,168.325,-4.353
2024-05-14 07:50:00,-1.114,167.211,-5.467
2024-05-14 22:15:00,0.283,167.494,-5.184
2024-05-15 00:30:00,-1.16,166.334,-6.344
2024-05-15 02:00:00,-1.087,165.247,-7.431
2024-05-15 10:25:00,2.38,167.627,-5.051
2024-05-15 18:30:00,1.184,168.811,-3.867
2024-05-16 04:05:00,1.394,170.205,-2.473
2024-05-16 08:15:00,-1.28,168.925,-3.753
2024-05-16 11:10:00,-1.083,167.842,-4.836
2024-05-16 14:20:00,-1.066,166.776,-5.902
2024-05-17 03:45:00,1.207,167.983,-4.695
2024-05-17 06:55:00,2.399,170.382,-2.296
2024-05-17 15:00:00,0.677,171.059,-1.619
2024-05-17 18:00:00,-1.086,169.973,-2.705
2024-05-18 03:55:00,2.37,172.343,-0.335
2024-05-18 12:00:00,-0.311,172.032,-0.646
2024-05-19 04:55:00,-0.097,171.935,-0.743
2024-05-19 10:40:00,-1.148,170.787,-1.891
2024-05-19 19:05:00,1.416,172.203,-0.475
2024-05-20 00:35:00,-1.146,171.057,-1.621
2024-05-20 02:15:00,-1.088,169.969,-2.709
2024-05-20 06:50:00,-1.047,168.922,-3.756
2024-05-20 14:55:00,-0.371,168.551,-4.127
2024-05-20 19:20:00,2.417,170.968,-1.71
2024-05-20 23:20:00,2.447,173.415,0.0
2024-05-21 00:45:00,2.414,175.829,0.0
2024-05-21 01:20:00,-1.043,174.786,-1.043
2024-05-21 13:15:00,-0.194,174.592,-1.237
2024-05-21 15:50:00,-1.065,173.527,-2.302
2024-05-22 04:35:00,-1.074,172.453,-3.376
2024-05-22 12:30:00,-1.04,171.413,-4.416
2024-05-22 20:35:00,0.05,171.463,-4.366
2024-05-23 01:05:00,-1.108,170.355,-5.474
2024-05-23 06:50:00,-1.101,169.254,-6.575
2024-05-23 09:40:00,-1.081,168.173,-7.656
2024-05-23 20:00:00,2.459,170.632,-5.197
2024-05-23 21:05:00,-1.029,169.603,-6.226
2024-05-24 13:15:00,0.895,170.498,-5.331
2024-05-24 14:20:00,-1.173,169.325,-6.504
2024-05-25 03:55:00,-1.13,168.195,-7.634
2024-05-25 12:05:00,-0.699,167.496,-8.333
2024-05-25 20:10:00,0.207,167.703,-8.126
2024-05-25 22:20:00,-1.165,166.538,-9.291
2024-05-26 09:40:00,2.368,168.906,-6.923
2024-05-26 17:45:00,1.213,170.119,-5.71
2024-05-26 22:25:00,-1.132,168.987,-6.842
2024-05-27 11:10:00,-1.091,167.896,-7.933
2024-05-27 16:05:00,2.391,170.287,-5.542
2024-05-27 19:50:00,-1.041,169.246,-6.583
2024-05-28 09:50:00,1.051,170.297,-5.532
2024-05-28 22:00:00,-0.647,169.65,-6.179
2024-05-29 03:15:00,-1.161,168.489,-7.34
2024-05-29 07:10:00,-1.107,167.382,-8.447
2024-05-29 15:15:00,0.302,167.684,-8.145
2024-05-30 00:00:00,0.873,168.557,-7.272
2024-05-30 02:20:00,-1.118,167.439,-8.39
2024-05-30 07:55:00,2.397,169.836,-5.993
2024-05-30 08:55:00,-1.074,168.762,-7.067
2024-05-30 14:40:00,-1.115,167.647,-8.182
2024-05-30 17:20:00,-1.067,166.58,-9.249
2024-05-30 19:25:00,-1.134,165.446,-10.383
2024-05-31 03:50:00,0.665,166.111,-9.718
2024-05-31 06:25:00,-1.108,165.003,-10.826
2024-05-31 13:55:00,-1.124,163.879,-11.95
2024-05-31 22:05:00,-0.509,163.37,-12.459
2024-06-01 07:25:00,0.254,163.624,-12.205
2024-06-02 00:00:00,0.706,164.33,-11.499
2024-06-02 07:20:00,-1.159,163.171,-12.658
2024-06-02 15:25:00,0.259,163.43,-12.399
2024-06-03 00:35:00,2.4,165.83,-9.999
2024-06-03 01:10:00,-1.095,164.735,-11.094
2024-06-03 07:05:00,2.357,167.092,-8.737
2024-06-03 14:40:00,-1.049,166.043,-9.786
2024-06-03 22:45:00,0.001,166.044,-9.785
2024-06-04 07:15:00,0.968,167.012,-8.817
2024-06-04 11:00:00,-1.142,165.87,-9.959
2024-06-04 18:20:00,2.388,168.258,-7.571
2024-06-04 19:20:00,-1.075,167.183,-8.646
2024-06-05 01:35:00,2.23,169.413,-6.416
2024-06-05 09:40:00,-0.222,169.191,-6.638
2024-06-05 23:45:00,0.041,169.232,-6.597
2024-06-06 09:05:00,2.291,171.523,-4.306
2024-06-06 17:10:00,-0.392,171.131,-4.698
2024-06-06 19:50:00,2.289,173.42,-2.409
2024-06-07 03:55:00,0.311,173.731,-2.098
2024-06-07 04:30:00,-1.193,172.538,-3.291
2024-06-07 12:35:00,-1.104,171.434,-4.395
2024-06-07 14:40:00,-1.043,170.391,-5.438
2024-06-07 15:20:00,-1.091,169.3,-6.529
2024-06-07 17:55:00,2.39,171.69,-4.139
2024-06-07 18:00:00,2.457,174.147,-1.682
2024-06-08 02:05:00,-0.515,173.632,-2.197
2024-06-08 11:40:00,2.347,175.979,0.0
2024-06-08 19:45:00,0.952,176.931,0.0
2024-06-09 01:35:00,-1.13,175.801,-1.13
2024-06-09 06:10:00,-1.088,174.713,-2.218
2024-06-09 12:45:00,-1.257,173.456,-3.475
2024-06-10 05:05:00,-1.099,172.357,-4.574
2024-06-10 06:45:00,2.277,174.634,-2.297
2024-06-10 10:05:00,-1.102,173.532,-3.399
2024-06-10 20:10:00,-1.098,172.434,-4.497
2024-06-11 04:15:00,0.266,172.7,-4.231
2024-06-11 08:30:00,-1.1,171.6,-5.331
2024-06-11 17:25:00,1.885,173.485,-3.446
2024-06-11 18:40:00,-1.045,172.44,-4.491
2024-06-12 03:50:00,-1.11,171.33,-5.601
2024-06-12 12:30:00,2.365,173.695,-3.236
2024-06-12 20:35:00,0.087,173.782,-3.149
2024-06-13 11:05:00,0.937,174.719,-2.212
2024-06-13 20:55:00,0.955,175.674,-1.257
2024-06-14 05:00:00,-0.576,175.098,-1.833
2024-06-14 12:50:00,-1.068,174.03,-2.901
2024-06-14 15:45:00,2.407,176.437,-0.494
2024-06-14 19:50:00,2.439,178.876,0.0
2024-06-14 20:20:00,-1.121,177.755,-1.121
2024-06-15 05:40:00,-1.124,176.631,-2.245
2024-06-15 15:15:00,-1.175,175.456,-3.42
2024-06-16 01:10:00,0.024,175.48,-3.396
2024-06-16 05:05:00,-1.151,174.329,-4.547
2024-06-16 16:50:00,0.065,174.394,-4.482
2024-06-16 22:05:00,-1.131,173.263,-5.613
2024-06-17 09:20:00,1.469,174.732,-4.144
2024-06-17 15:50:00,2.402,177.134,-1.742
2024-06-17 17:35:00,-1.064,176.07,-2.806
2024-06-18 01:20:00,2.427,178.497,-0.379
2024-06-18 09:25:00,0.828,179.325,0.0
2024-06-18 18:15:00,0.5,179.825,0.0
2024-06-18 19:55:00,-1.061,178.764,-1.061
2024-06-19 10:50:00,-1.105,177.659,-2.166
2024-06-19 11:30:00,-1.099,176.56,-3.265
2024-06-19 17:20:00,-1.064,175.496,-4.329
2024-06-19 21:15:00,-1.095,174.401,-5.424
2024-06-20 01:10:00,-1.105,173.296,-6.529
2024-06-20 13:05:00,0.943,174.239,-5.586
2024-06-20 22:05:00,-0.618,173.621,-6.204
2024-06-21 08:55:00,-1.064,172.557,-7.268
2024-06-21 09:30:00,-1.062,171.495,-8.33
2024-06-21 13:20:00,-1.054,170.441,-9.384
2024-06-21 14:20:00,-1.067,169.374,-10.451
2024-06-21 18:55:00,-1.059,168.315,-11.51
2024-06-22 03:00:00,-0.771,167.544,-12.281
2024-06-22 05:05:00,2.431,169.975,-9.85
2024-06-22 13:10:00,0.121,170.096,-9.729
2024-06-23 02:30:00,-0.148,169.948,-9.877
2024-06-23 08:00:00,-1.172,168.776,-11.049
2024-06-23 10:30:00,2.244,171.02,-8.805
2024-06-23 13:25:00,2.421,173.441,-6.384
2024-06-23 18:35:00,-1.046,172.395,-7.43
2024-06-24 12:25:00,-1.056,171.339,-8.486
2024-06-24 23:05:00,-0.781,170.558,-9.267
2024-06-25 10:05:00,0.956,171.514,-8.311
2024-06-25 21:30:00,0.436,171.95,-7.875
2024-06-26 09:45:00,1.266,173.216,-6.609
2024-06-26 23:35:00,-1.081,172.135,-7.69
2024-06-27 06:45:00,-1.096,171.039,-8.786
2024-06-27 12:20:00,2.43,173.469,-6.356
2024-06-27 14:25:00,2.414,175.883,-3.942
2024-06-27 22:30:00,0.216,176.099,-3.726
2024-06-28 09:40:00,0.127,176.226,-3.599
2024-06-28 17:50:00,-0.428,175.798,-4.027
2024-06-29 08:25:00,0.397,176.195,-3.63
2024-06-29 20:45:00,0.447,176.642,-3.183
2024-06-30 00:30:00,-1.138,175.504,-4.321
2024-06-30 06:05:00,-1.091,174.413,-5.412
2024-06-30 07:05:00,2.364,176.777,-3.048
2024-06-30 15:10:00,-0.868,175.909,-3.916
2024-06-30 22:25:00,2.414,178.323,-1.502
2024-07-01 06:30:00,0.49,178.813,-1.012
2024-07-02 05:35:00,2.393,181.206,0.0
2024-07-02 14:30:00,-0.042,181.164,-0.042
2024-07-02 23:20:00,-1.107,180.057,-1.149
2024-07-03 02:10:00,-1.065,178.992,-2.214
2024-07-03 10:15:00,1.827,180.819,-0.387
2024-07-03 18:20:00,0.988,181.807,0.0
2024-07-04 01:55:00,2.432,184.239,0.0
2024-07-04 10:00:00,-0.217,184.022,-0.217
2024-07-04 20:30:00,0.214,184.236,-0.003
2024-07-05 00:00:00,2.427,186.663,0.0
2024-07-05 08:05:00,0.662,187.325,0.0
2024-07-06 01:15:00,-1.083,186.242,-1.083
2024-07-06 06:30:00,-1.036,185.206,-2.119
2024-07-06 14:35:00,-0.128,185.078,-2.247
2024-07-06 21:10:00,2.448,187.526,0.0
2024-07-07 00:40:00,-1.093,186.433,-1.093
2024-07-07 21:10:00,1.295,187.728,0.0
2024-07-08 05:15:00,0.004,187.732,0.0
2024-07-08 16:10:00,-0.007,187.725,-0.007
2024-07-09 02:00:00,2.411,190.136,0.0
2024-07-09 04:30:00,-1.039,189.097,-1.039
2024-07-09 13:50:00,-1.09,188.007,-2.129
2024-07-10 02:40:00,1.435,189.442,-0.694
2024-07-10 11:05:00,0.496,189.938,-0.198
2024-07-10 22:15:00,1.047,190.985,0.0
2024-07-11 01:50:00,-1.104,189.881,-1.104
2024-07-11 05:55:00,-1.056,188.825,-2.16
2024-07-11 11:40:00,-1.158,187.667,-3.318
2024-07-11 14:20:00,-1.101,186.566,-4.419
2024-07-11 22:25:00,0.221,186.787,-4.198
2024-07-12 02:20:00,-1.054,185.733,-5.252
2024-07-12 13:15:00,-1.086,184.647,-6.338
2024-07-12 21:20:00,0.113,184.76,-6.225
2024-07-13 06:20:00,-0.176,184.584,-6.401
2024-07-13 16:10:00,0.221,184.805,-6.18
2024-07-14 06:45:00,1.105,185.91,-5.075
2024-07-14 10:45:00,-1.112,184.798,-6.187
2024-07-14 13:50:00,-1.225,183.573,-7.412
2024-07-14 20:35:00,-1.204,182.369,-8.616
2024-07-14 23:10:00,2.377,184.746,-6.239
2024-07-15 07:15:00,1.811,186.557,-4.428
2024-07-15 09:10:00,-1.103,185.454,-5.531
2024-07-15 23:05:00,1.359,186.813,-4.172
2024-07-16 05:20:00,-1.088,185.725,-5.26
2024-07-16 13:30:00,-1.047,184.678,-6.307
2024-07-16 15:20:00,2.414,187.092,-3.893
2024-07-16 23:25:00,0.067,187.159,-3.826
2024-07-17 08:20:00,-0.019,187.14,-3.845
2024-07-18 00:10:00,1.066,188.206,-2.779
2024-07-18 12:35:00,-1.075,187.131,-3.854
2024-07-18 22:35:00,0.356,187.487,-3.498
2024-07-19 03:15:00,-1.104,186.383,-4.602
2024-07-19 14:20:00,-1.07,185.313,-5.672
2024-07-19 22:25:00,0.787,186.1,-4.885
2024-07-20 09:10:00,-0.217,185.883,-5.102
2024-07-20 18:50:00,2.401,188.284,-2.701
2024-07-20 19:40:00,-1.091,187.193,-3.792
2024-07-21 06:20:00,-0.723,186.47,-4.515
2024-07-21 14:15:00,2.37,188.84,-2.145
2024-07-21 20:10:00,2.462,191.302,0.0
2024-07-22 04:15:00,0.576,191.878,0.0
2024-07-22 05:45:00,-1.061,190.817,-1.061
2024-07-22 13:45:00,-1.068,189.749,-2.129
2024-07-22 23:05:00,-1.09,188.659,-3.219
2024-07-23 04:35:00,-1.089,187.57,-4.308
2024-07-23 13:05:00,1.28,188.85,-3.028
2024-07-23 14:35:00,-1.073,187.777,-4.101
2024-07-24 00:45:00,0.502,188.279,-3.599
2024-07-24 08:55:00,-1.047,187.232,-4.646
2024-07-24 13:45:00,-1.098,186.134,-5.744
2024-07-24 21:30:00,2.439,188.573,-3.305
2024-07-25 01:05:00,2.403,190.976,-0.902
2024-07-25 09:10:00,0.11,191.086,-0.792
2024-07-25 18:35:00,1.2,192.286,0.0
2024-07-25 21:10:00,-1.054,191.232,-1.054
2024-07-26 13:10:00,-1.087,190.145,-2.141
2024-07-26 21:40:00,0.996,191.141,-1.145
2024-07-27 05:55:00,-0.559,190.582,-1.704
2024-07-27 08:35:00,-1.16,189.422,-2.864
2024-07-27 16:55:00,-1.078,188.344,-3.942
2024-07-28 01:35:00,0.805,189.149,-3.137
2024-07-28 11:55:00,0.446,189.595,-2.691
2024-07-28 20:05:00,-0.016,189.579,-2.707
2024-07-29 00:10:00,-1.103,188.476,-3.81
2024-07-29 05:35:00,2.385,190.861,-1.425
2024-07-29 13:40:00,0.025,190.886,-1.4
2024-07-29 22:05:00,1.212,192.098,-0.188
2024-07-30 07:15:00,-0.137,191.961,-0.325
2024-07-30 14:55:00,2.336,194.297,0.0
2024-07-31 03:15:00,-0.13,194.167,-0.13
2024-07-31 12:25:00,-0.264,193.903,-0.394
2024-07-31 20:15:00,2.423,196.326,0.0
2024-08-01 04:20:00,0.199,196.525,0.0
2024-08-01 12:10:00,-1.104,195.421,-1.104
2024-08-01 16:00:00,2.428,197.849,0.0
2024-08-01 20:35:00,-1.056,196.793,-1.056
2024-08-02 06:25:00,2.415,199.208,0.0
2024-08-02 09:05:00,-1.044,198.164,-1.044
2024-08-02 22:40:00,1.245,199.409,0.0
2024-08-03 05:05:00,-1.092,198.317,-1.092
2024-08-03 10:40:00,-1.092,197.225,-2.184
2024-08-03 16:05:00,2.4,199.625,0.0
2024-08-04 00:10:00,0.774,200.399,0.0
2024-08-04 14:50:00,2.416,202.815,0.0
2024-08-04 22:55:00,0.566,203.381,0.0
2024-08-05 00:55:00,2.442,205.823,0.0
2024-08-05 06:20:00,2.481,208.304,0.0
2024-08-05 14:05:00,-1.011,207.293,-1.011
2024-08-06 00:15:00,-1.034,206.259,-2.045
2024-08-06 09:05:00,-0.183,206.076,-2.228
2024-08-06 14:05:00,-1.067,205.009,-3.295
2024-08-06 22:15:00,0.439,205.448,-2.856
2024-08-06 22:25:00,-1.063,204.385,-3.919
2024-08-07 09:55:00,0.255,204.64,-3.664
2024-08-07 18:30:00,2.427,207.067,-1.237
2024-08-08 01:40:00,-1.057,206.01,-2.294
2024-08-08 10:05:00,-0.191,205.819,-2.485
2024-08-08 14:25:00,-1.046,204.773,-3.531
2024-08-08 22:40:00,1.435,206.208,-2.096
2024-08-09 04:30:00,-1.056,205.152,-3.152
2024-08-09 14:30:00,-1.043,204.109,-4.195
2024-08-10 01:35:00,-1.091,203.018,-5.286
2024-08-10 06:40:00,-1.142,201.876,-6.428
2024-08-10 15:15:00,0.508,202.384,-5.92
2024-08-10 23:15:00,-1.111,201.273,-7.031
2024-08-11 08:45:00,2.377,203.65,-4.654
2024-08-11 09:50:00,-1.156,202.494,-5.81
2024-08-11 19:25:00,2.425,204.919,-3.385
2024-08-12 03:30:00,0.347,205.266,-3.038
2024-08-12 13:45:00,-1.043,204.223,-4.081
2024-08-12 14:35:00,-1.035,203.188,-5.116
2024-08-12 22:40:00,-0.669,202.519,-5.785
2024-08-13 11:15:00,1.193,203.712,-4.592
2024-08-14 00:20:00,0.123,203.835,-4.469
2024-08-14 03:55:00,-1.175,202.66,-5.644
2024-08-14 13:45:00,-1.112,201.548,-6.756
2024-08-14 21:55:00,0.4,201.948,-6.356
2024-08-15 00:30:00,-1.166,200.782,-7.522
2024-08-15 10:10:00,-0.429,200.353,-7.951
2024-08-15 12:10:00,-1.076,199.277,-9.027
2024-08-15 14:00:00,-1.072,198.205,-10.099
2024-08-15 18:00:00,2.423,200.628,-7.676
2024-08-16 02:05:00,-0.022,200.606,-7.698
2024-08-16 12:30:00,2.294,202.9,-5.404
2024-08-16 13:15:00,-1.046,201.854,-6.45
2024-08-16 16:00:00,-1.089,200.765,-7.539
2024-08-17 00:00:00,-1.213,199.552,-8.752
2024-08-17 01:40:00,-1.161,198.391,-9.913
2024-08-17 10:55:00,-1.191,197.2,-11.104
2024-08-17 13:05:00,-1.194,196.006,-12.298
2024-08-17 18:20:00,-1.156,194.85,-13.454
2024-08-18 06:10:00,1.478,196.328,-11.976
2024-08-18 14:20:00,1.276,197.604,-10.7
2024-08-18 23:10:00,-1.109,196.495,-11.809
2024-08-19 05:30:00,2.392,198.887,-9.417
2024-08-19 09:20:00,-1.103,197.784,-10.52
2024-08-19 17:30:00,-1.088,196.696,-11.608
2024-08-20 01:35:00,1.019,197.715,-10.589
2024-08-20 09:45:00,1.136,198.851,-9.453
2024-08-20 14:25:00,-1.102,197.749,-10.555
2024-08-20 20:05:00,2.398,200.147,-8.157
2024-08-20 21:00:00,-1.107,199.04,-9.264
2024-08-21 04:05:00,2.389,201.429,-6.875
2024-08-21 12:10:00,-0.714,200.715,-7.589
2024-08-21 15:05:00,-1.098,199.617,-8.687
2024-08-22 01:25:00,-0.022,199.595,-8.709
2024-08-22 13:00:00,2.387,201.982,-6.322
2024-08-22 21:05:00,0.264,202.246,-6.058
2024-08-22 23:40:00,2.315,204.561,-3.743
2024-08-23 01:25:00,2.426,206.987,-1.317
2024-08-23 09:30:00,0.346,207.333,-0.971
2024-08-23 17:35:00,0.136,207.469,-0.835
2024-08-24 02:25:00,-0.458,207.011,-1.293
2024-08-24 11:25:00,2.421,209.432,0.0
2024-08-24 19:30:00,0.261,209.693,0.0
2024-08-25 13:20:00,-1.074,208.619,-1.074
2024-08-25 21:25:00,0.584,209.203,-0.49
2024-08-26 00:35:00,-1.051,208.152,-1.541
2024-08-26 09:10:00,-0.241,207.911,-1.782
2024-08-26 12:35:00,-1.06,206.851,-2.842
2024-08-26 20:40:00,0.154,207.005,-2.688
2024-08-27 05:00:00,-1.069,205.936,-3.757
2024-08-27 08:30:00,-1.096,204.84,-4.853
2024-08-27 16:35:00,1.256,206.096,-3.597
2024-08-27 21:35:00,2.377,208.473,-1.22
2024-08-28 05:40:00,1.279,209.752,0.0
2024-08-28 09:25:00,-1.134,208.618,-1.134
2024-08-28 16:15:00,2.431,211.049,0.0
2024-08-28 18:50:00,-1.046,210.003,-1.046
2024-08-29 06:00:00,-0.943,209.06,-1.989
2024-08-29 12:50:00,-1.076,207.984,-3.065
2024-08-29 16:50:00,-1.08,206.904,-4.145
2024-08-29 18:20:00,2.373,209.277,-1.772
2024-08-30 02:25:00,0.898,210.175,-0.874
2024-08-30 12:30:00,-1.137,209.038,-2.011
2024-08-30 21:50:00,-0.343,208.695,-2.354
2024-08-31 04:25:00,-1.182,207.513,-3.536
2024-08-31 09:00:00,2.328,209.841,-1.208
2024-08-31 13:35:00,-1.131,208.71,-2.339
2024-09-01 01:05:00,0.244,208.954,-2.095
2024-09-01 05:50:00,2.401,211.355,0.0
2024-09-01 09:30:00,-1.047,210.308,-1.047
2024-09-01 15:45:00,-1.071,209.237,-2.118
2024-09-01 18:25:00,-1.042,208.195,-3.16
2024-09-02 06:05:00,-0.234,207.961,-3.394
2024-09-02 18:05:00,-0.255,207.706,-3.649
2024-09-03 02:00:00,2.348,210.054,-1.301
2024-09-03 04:25:00,-1.129,208.925,-2.43
2024-09-03 07:40:00,-1.109,207.816,-3.539
2024-09-03 08:35:00,-1.097,206.719,-4.636
2024-09-03 16:40:00,1.82,208.539,-2.816
2024-09-04 01:00:00,2.385,210.924,-0.431
2024-09-04 07:35:00,-1.02,209.904,-1.451
2024-09-05 00:00:00,-0.743,209.161,-2.194
2024-09-05 03:05:00,-1.076,208.085,-3.27
2024-09-05 11:10:00,0.261,208.346,-3.009
2024-09-05 14:50:00,-1.089,207.257,-4.098
2024-09-05 22:55:00,0.096,207.353,-4.002
2024-09-06 10:10:00,-0.529,206.824,-4.531
2024-09-06 14:10:00,-1.047,205.777,-5.578
2024-09-06 22:15:00,0.434,206.211,-5.144
2024-09-07 13:10:00,0.657,206.868,-4.487
2024-09-07 17:50:00,-1.111,205.757,-5.598
2024-09-08 03:15:00,2.388,208.145,-3.21
2024-09-08 11:20:00,1.627,209.772,-1.583
2024-09-09 01:20:00,1.44,211.212,-0.143
2024-09-09 05:45:00,-1.094,210.118,-1.237
2024-09-09 08:55:00,2.399,212.517,0.0
2024-09-09 12:10:00,-1.045,211.472,-1.045
2024-09-10 00:15:00,-0.146,211.326,-1.191
2024-09-10 15:50:00,-0.138,211.188,-1.329
2024-09-11 01:30:00,-1.11,210.078,-2.439
2024-09-11 12:05:00,0.258,210.336,-2.181
2024-09-11 13:00:00,-1.109,209.227,-3.29
2024-09-11 21:55:00,-0.443,208.784,-3.733
2024-09-12 00:35:00,-1.224,207.56,-4.957
2024-09-12 09:05:00,0.343,207.903,-4.614
2024-09-12 20:10:00,-1.201,206.702,-5.815
2024-09-13 03:30:00,-1.125,205.577,-6.94
2024-09-13 05:40:00,-1.218,204.359,-8.158
2024-09-13 12:25:00,-1.15,203.209,-9.308
2024-09-13 22:25:00,1.329,204.538,-7.979
2024-09-13 23:05:00,-1.177,203.361,-9.156
2024-09-14 06:00:00,-1.221,202.14,-10.377
2024-09-14 15:15:00,2.36,204.5,-8.017
2024-09-14 23:20:00,-0.314,204.186,-8.331
2024-09-15 13:40:00,-1.187,202.999,-9.518
2024-09-15 21:00:00,2.375,205.374,-7.143
2024-09-16 05:05:00,0.566,205.94,-6.577
2024-09-16 10:45:00,-1.226,204.714,-7.803
2024-09-16 17:05:00,2.357,207.071,-5.446
2024-09-16 17:50:00,-1.112,205.959,-6.558
2024-09-17 04:25:00,-1.085,204.874,-7.643
2024-09-17 13:05:00,0.861,205.735,-6.782
2024-09-17 14:10:00,-1.085,204.65,-7.867
2024-09-17 22:20:00,-0.652,203.998,-8.519
2024-09-18 03:00:00,-1.168,202.83,-9.687
2024-09-18 12:55:00,1.113,203.943,-8.574
2024-09-18 18:00:00,-1.073,202.87,-9.647
2024-09-18 23:25:00,2.36,205.23,-7.287
2024-09-19 00:05:00,2.433,207.663,-4.854
2024-09-19 08:10:00,0.545,208.208,-4.309
2024-09-19 16:15:00,1.263,209.471,-3.046
2024-09-19 21:40:00,-1.112,208.359,-4.158
2024-09-20 05:05:00,2.45,210.809,-1.708
2024-09-20 13:10:00,-0.941,209.868,-2.649
2024-09-21 04:20:00,-1.148,208.72,-3.797
2024-09-21 14:00:00,2.347,211.067,-1.45
2024-09-21 17:25:00,-1.071,209.996,-2.521
2024-09-22 01:50:00,-1.104,208.892,-3.625
2024-09-22 10:15:00,0.315,209.207,-3.31
2024-09-22 18:25:00,-0.323,208.884,-3.633
2024-09-22 21:55:00,-1.1,207.784,-4.733
2024-09-22 22:40:00,-1.054,206.73,-5.787
2024-09-23 06:45:00,0.645,207.375,-5.142
2024-09-23 16:20:00,-1.072,206.303,-6.214
2024-09-24 07:20:00,-1.076,205.227,-7.29
2024-09-24 14:25:00,-1.14,204.087,-8.43
2024-09-24 19:55:00,-1.044,203.043,-9.474
2024-09-25 04:05:00,0.363,203.406,-9.111
2024-09-25 11:35:00,-1.134,202.272,-10.245
2024-09-25 13:10:00,-1.121,201.151,-11.366
2024-09-25 16:00:00,-1.075,200.076,-12.441
2024-09-26 01:10:00,1.032,201.108,-11.409
2024-09-26 01:55:00,-1.104,200.004,-12.513
2024-09-26 06:15:00,2.318,202.322,-10.195
2024-09-26 13:05:00,2.406,204.728,-7.789
2024-09-26 21:10:00,0.321,205.049,-7.468
2024-09-27 06:05:00,0.928,205.977,-6.54
2024-09-27 14:15:00,1.337,207.314,-5.203
2024-09-27 22:25:00,0.094,207.408,-5.109
2024-09-28 03:20:00,-1.13,206.278,-6.239
2024-09-28 10:30:00,-1.142,205.136,-7.381
2024-09-28 12:40:00,-1.084,204.052,-8.465
2024-09-28 14:20:00,-1.112,202.94,-9.577
2024-09-28 16:00:00,-1.088,201.852,-10.665
2024-09-28 18:25:00,-1.106,200.746,-11.771
2024-09-29 00:15:00,-1.128,199.618,-12.899
2024-09-29 09:20:00,1.095,200.713,-11.804
2024-09-29 15:30:00,-1.169,199.544,-12.973
2024-09-29 23:25:00,-1.104,198.44,-14.077
2024-09-30 08:30:00,-0.198,198.242,-14.275
2024-09-30 17:50:00,0.361,198.603,-13.914
2024-09-30 20:20:00,-1.105,197.498,-15.019
2024-10-01 03:10:00,-1.082,196.416,-16.101
2024-10-01 12:10:00,1.492,197.908,-14.609
2024-10-01 13:35:00,2.362,200.27,-12.247
2024-10-01 15:10:00,2.46,202.73,-9.787
2024-10-01 23:15:00,0.34,203.07,-9.447
2024-10-02 00:35:00,-1.118,201.952,-10.565
2024-10-02 06:30:00,-1.1,200.852,-11.665
2024-10-02 17:45:00,0.36,201.212,-11.305
2024-10-03 02:10:00,0.43,201.642,-10.875
2024-10-03 09:05:00,2.43,204.072,-8.445
2024-10-03 10:55:00,-1.036,203.036,-9.481
2024-10-03 14:05:00,-1.06,201.976,-10.541
2024-10-03 20:05:00,-1.034,200.942,-11.575
2024-10-04 01:15:00,-1.11,199.832,-12.685
2024-10-04 16:10:00,1.464,201.296,-11.221
2024-10-05 00:25:00,0.039,201.335,-11.182
2024-10-05 01:30:00,-1.191,200.144,-12.373
2024-10-05 10:30:00,-1.114,199.03,-13.487
2024-10-05 21:45:00,0.824,199.854,-12.663
2024-10-06 09:30:00,1.085,200.939,-11.578
2024-10-06 13:00:00,2.345,203.284,-9.233
2024-10-06 21:05:00,0.194,203.478,-9.039
2024-10-07 07:45:00,0.725,204.203,-8.314
2024-10-07 20:30:00,-0.74,203.463,-9.054
2024-10-08 02:55:00,-1.101,202.362,-10.155
2024-10-08 04:45:00,-1.113,201.249,-11.268
2024-10-08 13:10:00,1.343,202.592,-9.925
2024-10-08 15:30:00,-1.046,201.546,-10.971
2024-10-09 01:30:00,-1.093,200.453,-12.064
2024-10-09 05:55:00,-1.089,199.364,-13.153
2024-10-09 14:45:00,2.372,201.736,-10.781
2024-10-09 15:10:00,-1.14,200.596,-11.921
2024-10-10 05:05:00,-0.27,200.326,-12.191
2024-10-10 09:00:00,-1.104,199.222,-13.295
2024-10-10 11:30:00,-1.076,198.146,-14.371
2024-10-10 21:45:00,0.253,198.399,-14.118
2024-10-11 10:00:00,1.468,199.867,-12.65
2024-10-11 13:15:00,-1.132,198.735,-13.782
2024-10-11 18:00:00,2.341,201.076,-11.441
2024-10-12 00:55:00,2.403,203.479,-9.038
2024-10-12 09:00:00,0.559,204.038,-8.479
2024-10-12 13:20:00,2.305,206.343,-6.174
2024-10-12 21:25:00,-0.392,205.951,-6.566
2024-10-13 10:25:00,0.757,206.708,-5.809
2024-10-14 06:00:00,1.377,208.085,-4.432
2024-10-14 16:50:00,-1.092,206.993,-5.524
2024-10-15 00:10:00,-1.068,205.925,-6.592
2024-10-15 08:35:00,-1.093,204.832,-7.685
2024-10-15 11:15:00,-1.098,203.734,-8.783
2024-10-15 13:50:00,-1.053,202.681,-9.836
2024-10-15 14:35:00,-1.037,201.644,-10.873
2024-10-15 22:45:00,0.29,201.934,-10.583
2024-10-16 12:00:00,-0.856,201.078,-11.439
2024-10-16 22:40:00,-1.052,200.026,-12.491
2024-10-17 04:55:00,-1.093,198.933,-13.584
2024-10-17 13:00:00,0.649,199.582,-12.935
2024-10-18 01:25:00,-0.435,199.147,-13.37
2024-10-18 14:05:00,-1.182,197.965,-14.552
2024-10-18 23:45:00,0.767,198.732,-13.785
2024-10-19 07:50:00,-0.227,198.505,-14.012
2024-10-19 14:15:00,-1.227,197.278,-15.239
2024-10-19 22:20:00,-0.096,197.182,-15.335
2024-10-20 09:05:00,0.016,197.198,-15.319
2024-10-20 13:00:00,-1.148,196.05,-16.467
2024-10-20 22:05:00,0.896,196.946,-15.571
2024-10-21 06:10:00,0.718,197.664,-14.853
2024-10-21 06:55:00,-1.154,196.51,-16.007
2024-10-21 13:50:00,2.386,198.896,-13.621
2024-10-21 21:55:00,-0.643,198.253,-14.264
2024-10-22 01:50:00,-1.149,197.104,-15.413
2024-10-22 16:30:00,0.3,197.404,-15.113
2024-10-23 07:40:00,2.328,199.732,-12.785
2024-10-23 15:45:00,1.793,201.525,-10.992
2024-10-23 19:40:00,-1.149,200.376,-12.141
2024-10-24 09:05:00,2.359,202.735,-9.782
2024-10-24 17:10:00,-0.533,202.202,-10.315
2024-10-24 23:10:00,-1.141,201.061,-11.456
2024-10-25 04:20:00,2.382,203.443,-9.074
2024-10-25 12:25:00,-0.744,202.699,-9.818
2024-10-25 13:55:00,-1.117,201.582,-10.935
2024-10-25 23:20:00,2.455,204.037,-8.48
2024-10-26 07:25:00,-0.72,203.317,-9.2
2024-10-26 14:55:00,2.36,205.677,-6.84
2024-10-26 19:00:00,-1.067,204.61,-7.907
2024-10-27 02:05:00,-1.187,203.423,-9.094
2024-10-27 13:00:00,-1.273,202.15,-10.367
2024-10-27 21:05:00,0.131,202.281,-10.236
2024-10-28 02:05:00,-1.163,201.118,-11.399
2024-10-28 03:45:00,2.33,203.448,-9.069
2024-10-28 07:10:00,-1.082,202.366,-10.151
2024-10-28 15:15:00,0.033,202.399,-10.118
2024-10-28 19:20:00,-1.093,201.306,-11.211
2024-10-29 03:25:00,1.588,202.894,-9.623
2024-10-29 14:20:00,-1.118,201.776,-10.741
2024-10-29 20:20:00,-1.07,200.706,-11.811
2024-10-30 07:00:00,-1.15,199.556,-12.961
2024-10-30 16:30:00,1.306,200.862,-11.655
2024-10-31 07:05:00,2.288,203.15,-9.367
2024-10-31 14:00:00,2.355,205.505,-7.012
2024-10-31 22:05:00,0.251,205.756,-6.761
2024-11-01 09:25:00,-0.114,205.642,-6.875
2024-11-01 15:35:00,-1.094,204.548,-7.969
2024-11-01 23:40:00,0.517,205.065,-7.452
2024-11-02 05:45:00,-1.19,203.875,-8.642
2024-11-02 12:50:00,2.364,206.239,-6.278
2024-11-02 20:55:00,-0.014,206.225,-6.292
2024-11-03 02:35:00,2.371,208.596,-3.921
2024-11-03 10:40:00,-0.01,208.586,-3.931
2024-11-03 19:40:00,-1.086,207.5,-5.017
2024-11-04 01:15:00,-1.094,206.406,-6.111
2024-11-04 13:15:00,-0.813,205.593,-6.924
2024-11-04 21:20:00,2.422,208.015,-4.502
2024-11-05 05:25:00,-0.427,207.588,-4.929
2024-11-05 14:30:00,2.354,209.942,-2.575
2024-11-05 22:35:00,0.138,210.08,-2.437
2024-11-06 02:15:00,2.42,212.5,-0.017
2024-11-06 03:05:00,2.45,214.95,0.0
2024-11-06 11:10:00,-0.029,214.921,-0.029
2024-11-06 14:55:00,-1.106,213.815,-1.135
2024-11-07 01:35:00,2.414,216.229,0.0
2024-11-07 06:10:00,-1.036,215.193,-1.036
2024-11-07 14:45:00,-1.103,214.09,-2.139
2024-11-08 00:05:00,0.679,214.769,-1.46
2024-11-08 02:55:00,-1.053,213.716,-2.513
2024-11-08 07:10:00,-1.136,212.58,-3.649
2024-11-08 14:35:00,2.425,215.005,-1.224
2024-11-08 14:55:00,-1.07,213.935,-2.294
2024-11-09 00:25:00,2.425,216.36,0.0
2024-11-09 08:30:00,0.013,216.373,0.0
2024-11-09 11:25:00,-1.116,215.257,-1.116
2024-11-09 22:55:00,2.387,217.644,0.0
2024-11-10 04:30:00,2.442,220.086,0.0
2024-11-10 12:35:00,0.794,220.88,0.0
2024-11-10 20:05:00,-1.046,219.834,-1.046
2024-11-11 04:20:00,-1.061,218.773,-2.107
2024-11-11 16:20:00,2.426,221.199,0.0
2024-11-11 23:00:00,2.458,223.657,0.0
2024-11-12 07:20:00,0.852,224.509,0.0
2024-11-12 09:45:00,-1.031,223.478,-1.031
2024-11-12 20:15:00,-1.097,222.381,-2.128
2024-11-12 23:55:00,-1.046,221.335,-3.174
2024-11-13 10:20:00,1.172,222.507,-2.002
2024-11-13 20:00:00,-1.037,221.47,-3.039
2024-11-14 04:05:00,-0.588,220.882,-3.627
2024-11-14 10:55:00,-1.058,219.824,-4.685
2024-11-14 19:00:00,0.286,220.11,-4.399
2024-11-15 05:00:00,1.195,221.305,-3.204
2024-11-15 19:35:00,-1.033,220.272,-4.237
2024-11-16 04:20:00,1.953,222.225,-2.284
2024-11-16 12:30:00,0.311,222.536,-1.973
2024-11-16 19:20:00,-1.097,221.439,-3.07
2024-11-17 12:25:00,0.314,221.753,-2.756
2024-11-18 02:45:00,-1.049,220.704,-3.805
2024-11-18 11:35:00,-1.053,219.651,-4.858
2024-11-18 16:30:00,-1.042,218.609,-5.9
2024-11-18 19:10:00,-1.046,217.563,-6.946
2024-11-19 03:15:00,-0.148,217.415,-7.094
2024-11-19 12:30:00,-1.057,216.358,-8.151
2024-11-19 13:30:00,-1.06,215.298,-9.211
2024-11-19 21:40:00,0.636,215.934,-8.575
2024-11-19 23:35:00,-1.064,214.87,-9.639
2024-11-20 08:15:00,-1.064,213.806,-10.703
2024-11-20 09:40:00,2.419,216.225,-8.284
2024-11-20 11:10:00,-1.045,215.18,-9.329
2024-11-20 13:45:00,-1.061,214.119,-10.39
2024-11-20 15:10:00,-1.035,213.084,-11.425
2024-11-21 00:25:00,0.24,213.324,-11.185
2024-11-21 04:30:00,-1.044,212.28,-12.229
2024-11-21 12:00:00,-1.06,211.22,-13.289
2024-11-21 20:10:00,1.365,212.585,-11.924
2024-11-22 10:25:00,1.523,214.108,-10.401
2024-11-22 12:50:00,2.459,216.567,-7.942
2024-11-22 13:25:00,-1.025,215.542,-8.967
2024-11-22 23:20:00,2.472,218.014,-6.495
2024-11-23 07:25:00,-0.126,217.888,-6.621
2024-11-23 16:20:00,-1.068,216.82,-7.689
2024-11-24 08:15:00,-0.05,216.77,-7.739
2024-11-24 12:40:00,2.453,219.223,-5.286
2024-11-24 20:45:00,-0.847,218.376,-6.133
2024-11-25 05:00:00,1.041,219.417,-5.092
2024-11-25 08:35:00,2.461,221.878,-2.631
2024-11-25 14:45:00,-1.024,220.854,-3.655
2024-11-26 01:25:00,-0.139,220.715,-3.794
2024-11-26 05:45:00,-1.043,219.672,-4.837
2024-11-26 11:25:00,2.453,222.125,-2.384
2024-11-26 12:05:00,-1.024,221.101,-3.408
2024-11-26 20:20:00,0.275,221.376,-3.133
2024-11-27 06:05:00,0.101,221.477,-3.032
2024-11-27 12:05:00,-1.046,220.431,-4.078
2024-11-27 16:55:00,-1.05,219.381,-5.128
2024-11-27 21:25:00,-1.072,218.309,-6.2
2024-11-28 00:20:00,-1.065,217.244,-7.265
2024-11-28 16:00:00,1.13,218.374,-6.135
2024-11-29 06:40:00,0.184,218.558,-5.951
2024-11-29 14:20:00,2.308,220.866,-3.643
2024-11-29 15:35:00,-1.092,219.774,-4.735
2024-11-30 00:10:00,-1.071,218.703,-5.806
2024-11-30 14:25:00,1.514,220.217,-4.292
2024-11-30 16:25:00,-1.051,219.166,-5.343
2024-12-01 09:05:00,0.19,219.356,-5.153
2024-12-01 13:20:00,-1.116,218.24,-6.269
2024-12-01 15:35:00,2.312,220.552,-3.957
2024-12-01 20:25:00,-1.074,219.478,-5.031
2024-12-02 03:20:00,2.453,221.931,-2.578
2024-12-02 11:10:00,-1.013,220.918,-3.591
2024-12-02 21:05:00,0.614,221.532,-2.977
2024-12-02 21:45:00,2.446,223.978,-0.531
2024-12-03 05:50:00,0.084,224.062,-0.447
2024-12-03 13:40:00,-1.027,223.035,-1.474
2024-12-04 05:20:00,0.82,223.855,-0.654
2024-12-04 06:20:00,2.399,226.254,0.0
2024-12-04 14:25:00,0.305,226.559,0.0
2024-12-04 16:15:00,-1.041,225.518,-1.041
2024-12-04 20:50:00,-1.061,224.457,-2.102
2024-12-05 08:25:00,-0.404,224.053,-2.506
2024-12-05 12:55:00,2.364,226.417,-0.142
2024-12-05 13:50:00,-1.125,225.292,-1.267
2024-12-05 19:40:00,-1.091,224.201,-2.358
2024-12-06 04:00:00,-0.033,224.168,-2.391
2024-12-06 10:05:00,-1.074,223.094,-3.465
2024-12-06 17:10:00,-1.051,222.043,-4.516
2024-12-07 01:15:00,-0.392,221.651,-4.908
2024-12-07 09:35:00,-0.09,221.561,-4.998
2024-12-07 23:00:00,-1.058,220.503,-6.056
2024-12-07 23:30:00,-1.176,219.327,-7.232
2024-12-08 04:15:00,-1.113,218.214,-8.345
2024-12-08 13:10:00,-0.846,217.368,-9.191
2024-12-08 15:05:00,-1.062,216.306,-10.253
2024-12-08 23:25:00,1.204,217.51,-9.049
2024-12-09 09:15:00,2.44,219.95,-6.609
2024-12-09 17:20:00,0.708,220.658,-5.901
2024-12-09 20:35:00,2.433,223.091,-3.468
2024-12-10 04:40:00,0.649,223.74,-2.819
2024-12-10 16:00:00,2.459,226.199,-0.36
2024-12-10 21:30:00,-1.017,225.182,-1.377
2024-12-11 08:30:00,-1.058,224.124,-2.435
2024-12-11 15:25:00,2.442,226.566,0.0
2024-12-11 23:30:00,0.059,226.625,0.0
2024-12-12 01:10:00,2.346,228.971,0.0
2024-12-12 09:15:00,2.133,231.104,0.0
2024-12-12 10:05:00,-1.086,230.018,-1.086
2024-12-12 21:25:00,0.215,230.233,-0.871
2024-12-14 00:15:00,2.408,232.641,0.0
2024-12-14 08:20:00,-0.497,232.144,-0.497
2024-12-14 12:30:00,-1.119,231.025,-1.616
2024-12-14 20:35:00,2.043,233.068,0.0
2024-12-15 01:45:00,-1.071,231.997,-1.071
2024-12-15 12:05:00,-1.065,230.932,-2.136
2024-12-15 21:15:00,-1.052,229.88,-3.188
2024-12-15 23:25:00,-1.045,228.835,-4.233
2024-12-16 07:30:00,-0.377,228.458,-4.61
2024-12-16 09:05:00,2.338,230.796,-2.272
2024-12-16 17:05:00,-1.089,229.707,-3.361
2024-12-16 20:45:00,-1.045,228.662,-4.406
2024-12-17 07:25:00,0.229,228.891,-4.177
2024-12-17 15:15:00,-1.088,227.803,-5.265
2024-12-17 23:20:00,0.275,228.078,-4.99
2024-12-18 08:35:00,1.727,229.805,-3.263
2024-12-18 18:55:00,-1.054,228.751,-4.317
2024-12-19 02:05:00,2.473,231.224,-1.844
2024-12-19 07:35:00,-1.024,230.2,-2.868
2024-12-19 10:25:00,-1.056,229.144,-3.924
2024-12-19 17:45:00,2.447,231.591,-1.477
2024-12-20 01:50:00,0.48,232.071,-0.997
2024-12-20 08:30:00,2.441,234.512,0.0
2024-12-20 16:35:00,-0.455,234.057,-0.455
2024-12-20 22:20:00,-1.031,233.026,-1.486
2024-12-21 07:35:00,2.443,235.469,0.0
2024-12-21 08:20:00,-1.057,234.412,-1.057
2024-12-21 13:30:00,2.451,236.863,0.0
2024-12-21 21:35:00,0.7,237.563,0.0
2024-12-22 00:35:00,-1.064,236.499,-1.064
2024-12-22 03:20:00,-1.082,235.417,-2.146
2024-12-22 07:00:00,-1.051,234.366,-3.197
2024-12-22 12:30:00,-1.155,233.211,-4.352
2024-12-22 19:30:00,2.42,235.631,-1.932
2024-12-23 03:25:00,-1.036,234.595,-2.968
2024-12-23 09:00:00,-1.036,233.559,-4.004
2024-12-23 16:50:00,-1.089,232.47,-5.093
2024-12-24 04:30:00,1.117,233.587,-3.976
2024-12-24 07:00:00,-1.119,232.468,-5.095
2024-12-24 16:15:00,2.453,234.921,-2.642
2024-12-25 00:20:00,-0.467,234.454,-3.109
2024-12-26 08:15:00,2.402,236.856,-0.707
2024-12-26 16:20:00,0.599,237.455,-0.108
2024-12-26 22:05:00,-1.099,236.356,-1.207
2024-12-27 06:40:00,-1.063,235.293,-2.27
2024-12-27 09:00:00,-1.041,234.252,-3.311
2024-12-27 14:45:00,-1.043,233.209,-4.354
2024-12-27 22:50:00,0.801,234.01,-3.553
2024-12-28 05:00:00,-1.091,232.919,-4.644
2024-12-28 13:35:00,-1.088,231.831,-5.732
2024-12-29 01:05:00,-0.295,231.536,-6.027
2024-12-29 07:45:00,-1.118,230.418,-7.145
2024-12-29 09:00:00,-1.124,229.294,-8.269
2024-12-29 16:15:00,2.379,231.673,-5.89
2024-12-30 00:20:00,0.318,231.991,-5.572
2024-12-30 06:15:00,-1.097,230.894,-6.669
2024-12-30 13:30:00,-1.046,229.848,-7.715
2024-12-30 20:00:00,-1.039,228.809,-8.754
2024-12-30 21:30:00,-1.098,227.711,-9.852
2024-12-31 05:40:00,1.207,228.918,-8.645
2024-12-31 17:35:00,-1.071,227.847,-9.716
2025-01-01 01:40:00,-0.185,227.662,-9.901
2025-01-01 12:10:00,-0.282,227.38,-10.183
2025-01-01 19:00:00,2.417,229.797,-7.766
2025-01-02 03:05:00,1.616,231.413,-6.15
2025-01-02 04:40:00,2.319,233.732,-3.831
2025-01-02 12:45:00,1.203,234.935,-2.628
2025-01-03 09:55:00,2.126,237.061,-0.502
2025-01-03 14:35:00,2.388,239.449,0.0
2025-01-03 22:40:00,0.381,239.83,0.0
2025-01-04 09:45:00,-1.07,238.76,-1.07
2025-01-04 15:30:00,-1.108,237.652,-2.178
2025-01-05 03:35:00,0.568,238.22,-1.61
2025-01-05 08:05:00,-1.07,237.15,-2.68
2025-01-06 02:00:00,2.397,239.547,-0.283
2025-01-06 10:05:00,0.263,239.81,-0.02
2025-01-06 14:15:00,-1.059,238.751,-1.079
2025-01-06 23:10:00,-0.734,238.017,-1.813
2025-01-07 02:25:00,-1.067,236.95,-2.88
2025-01-07 07:20:00,-1.179,235.771,-4.059
2025-01-07 14:30:00,2.32,238.091,-1.739
2025-01-07 15:05:00,2.384,240.475,0.0
2025-01-07 23:10:00,1.075,241.55,0.0
2025-01-08 00:40:00,-1.084,240.466,-1.084
2025-01-08 09:55:00,1.018,241.484,-0.066
2025-01-08 17:10:00,2.42,243.904,0.0
2025-01-09 01:15:00,-0.682,243.222,-0.682
2025-01-09 10:10:00,0.353,243.575,-0.329
2025-01-09 15:25:00,-1.044,242.531,-1.373
2025-01-10 02:00:00,-1.059,241.472,-2.432
2025-01-10 13:30:00,-1.131,240.341,-3.563
2025-01-10 21:35:00,0.01,240.351,-3.553
2025-01-11 06:00:00,-1.133,239.218,-4.686
2025-01-11 10:45:00,-1.096,238.122,-5.782
2025-01-11 20:35:00,-1.099,237.023,-6.881
2025-01-12 04:50:00,0.086,237.109,-6.795
2025-01-12 13:45:00,-1.099,236.01,-7.894
2025-01-12 20:45:00,-1.096,234.914,-8.99
2025-01-13 00:25:00,-1.133,233.781,-10.123
2025-01-13 02:00:00,-1.06,232.721,-11.183
2025-01-13 10:10:00,2.291,235.012,-8.892
2025-01-13 15:15:00,-1.064,233.948,-9.956
2025-01-13 20:35:00,-1.055,232.893,-11.011
2025-01-14 12:55:00,0.463,233.356,-10.548
2025-01-14 22:35:00,0.403,233.759,-10.145
2025-01-15 07:00:00,1.05,234.809,-9.095
2025-01-15 09:45:00,-1.094,233.715,-10.189
2025-01-15 13:50:00,2.436,236.151,-7.753
2025-01-15 21:55:00,0.074,236.225,-7.679
2025-01-16 00:35:00,-1.086,235.139,-8.765
2025-01-16 19:55:00,0.974,236.113,-7.791
2025-01-16 22:30:00,-1.091,235.022,-8.882
2025-01-17 07:40:00,2.42,237.442,-6.462
2025-01-17 13:35:00,-1.057,236.385,-7.519
2025-01-18 03:35:00,-1.07,235.315,-8.589
2025-01-18 13:15:00,1.645,236.96,-6.944
2025-01-19 00:20:00,-0.77,236.19,-7.714
2025-01-19 05:15:00,-1.083,235.107,-8.797
2025-01-19 08:20:00,2.418,237.525,-6.379
2025-01-19 15:05:00,-1.047,236.478,-7.426
2025-01-19 22:45:00,2.453,238.931,-4.973
2025-01-20 06:45:00,-1.024,237.907,-5.997
2025-01-20 15:05:00,-0.259,237.648,-6.256
2025-01-21 00:15:00,0.984,238.632,-5.272
2025-01-21 08:30:00,0.234,238.866,-5.038
2025-01-21 16:10:00,-1.079,237.787,-6.117
2025-01-22 02:00:00,-0.556,237.231,-6.673
2025-01-22 04:40:00,-1.121,236.11,-7.794
2025-01-22 06:00:00,-1.091,235.019,-8.885
2025-01-22 10:50:00,-1.132,233.887,-10.017
2025-01-22 14:00:00,-1.084,232.803,-11.101
2025-01-23 09:50:00,2.052,234.855,-9.049
2025-01-23 13:45:00,-1.096,233.759,-10.145
2025-01-24 03:05:00,0.299,234.058,-9.846
2025-01-24 03:30:00,-1.076,232.982,-10.922
2025-01-24 13:10:00,0.963,233.945,-9.959
2025-01-24 19:55:00,-1.082,232.863,-11.041
2025-01-25 04:25:00,0.316,233.179,-10.725
2025-01-25 14:50:00,0.185,233.364,-10.54
2025-01-25 16:15:00,2.428,235.792,-8.112
2025-01-26 00:20:00,-0.029,235.763,-8.141
2025-01-26 09:30:00,-0.002,235.761,-8.143
2025-01-26 14:10:00,-1.173,234.588,-9.316
2025-01-26 21:30:00,-1.13,233.458,-10.446
2025-01-26 23:50:00,2.402,235.86,-8.044
2025-01-27 07:55:00,1.554,237.414,-6.49
2025-01-27 12:50:00,-1.065,236.349,-7.555
2025-01-27 20:20:00,-1.077,235.272,-8.632
2025-01-28 09:10:00,-0.364,234.908,-8.996
2025-01-28 15:30:00,-1.104,233.804,-10.1
2025-01-29 00:10:00,1.38,235.184,-8.72
2025-01-29 10:20:00,-1.138,234.046,-9.858
2025-01-29 19:15:00,2.408,236.454,-7.45
2025-01-29 19:40:00,-1.033,235.421,-8.483
2025-01-30 01:25:00,-1.069,234.352,-9.552
2025-01-30 10:35:00,1.306,235.658,-8.246
2025-01-30 12:45:00,-1.171,234.487,-9.417
2025-01-30 21:20:00,0.722,235.209,-8.695
2025-01-31 05:15:00,-1.222,233.987,-9.917
2025-01-31 13:55:00,1.481,235.468,-8.436
2025-01-31 18:30:00,-1.123,234.345,-9.559
2025-01-31 22:35:00,-1.099,233.246,-10.658
2025-02-01 08:25:00,-1.066,232.18,-11.724
2025-02-01 11:00:00,2.357,234.537,-9.367
2025-02-01 12:30:00,-1.109,233.428,-10.476
2025-02-01 19:20:00,2.352,235.78,-8.124
2025-02-02 03:10:00,2.445,238.225,-5.679
2025-02-02 11:15:00,0.411,238.636,-5.268
2025-02-02 17:25:00,2.445,241.081,-2.823
2025-02-02 22:40:00,2.475,243.556,-0.348
2025-02-03 02:05:00,2.483,246.039,0.0
2025-02-03 10:10:00,-0.567,245.472,-0.567
2025-02-03 14:30:00,-1.039,244.433,-1.606
2025-02-04 05:00:00,-1.034,243.399,-2.64
2025-02-04 13:05:00,0.064,243.463,-2.576
2025-02-05 04:00:00,0.056,243.519,-2.52
2025-02-05 14:55:00,-1.08,242.439,-3.6
2025-02-05 23:05:00,0.823,243.262,-2.777
2025-02-06 11:30:00,-1.088,242.174,-3.865
2025-02-06 18:00:00,2.454,244.628,-1.411
2025-02-07 02:05:00,-0.763,243.865,-2.174
2025-02-07 07:15:00,-1.109,242.756,-3.283
2025-02-07 16:50:00,-1.062,241.694,-4.345
2025-02-07 22:00:00,2.451,244.145,-1.894
2025-02-07 23:35:00,-1.053,243.092,-2.947
2025-02-08 07:45:00,-1.126,241.966,-4.073
2025-02-08 13:25:00,-1.104,240.862,-5.177
2025-02-09 08:55:00,2.404,243.266,-2.773
2025-02-09 09:20:00,-1.095,242.171,-3.868
2025-02-09 15:20:00,-1.101,241.07,-4.969
2025-02-09 19:45:00,-1.05,240.02,-6.019
2025-02-09 20:35:00,-1.09,238.93,-7.109
2025-02-09 22:00:00,2.431,241.361,-4.678
2025-02-10 00:00:00,-1.022,240.339,-5.7
2025-02-10 01:40:00,-1.042,239.297,-6.742
2025-02-10 03:35:00,-1.026,238.271,-7.768
2025-02-10 12:20:00,0.236,238.507,-7.532
2025-02-10 21:45:00,-0.529,237.978,-8.061
2025-02-11 04:55:00,2.411,240.389,-5.65
2025-02-11 13:00:00,-0.193,240.196,-5.843
2025-02-12 01:40:00,0.379,240.575,-5.464
2025-02-12 11:10:00,-0.306,240.269,-5.77
2025-02-12 17:00:00,-1.025,239.244,-6.795
2025-02-13 01:05:00,0.935,240.179,-5.86
2025-02-13 14:35:00,1.732,241.911,-4.128
2025-02-14 10:10:00,1.316,243.227,-2.812
2025-02-14 17:45:00,2.413,245.64,-0.399
2025-02-14 19:50:00,-1.043,244.597,-1.442
2025-02-15 09:30:00,-1.069,243.528,-2.511
2025-02-15 19:25:00,0.791,244.319,-1.72
2025-02-16 04:00:00,0.055,244.374,-1.665
2025-02-16 15:10:00,0.626,245.0,-1.039
2025-02-17 02:00:00,-0.901,244.099,-1.94
2025-02-17 06:00:00,-1.136,242.963,-3.076
2025-02-17 16:25:00,-1.066,241.897,-4.142
2025-02-18 00:30:00,-0.057,241.84,-4.199
2025-02-18 06:00:00,2.413,244.253,-1.786
2025-02-18 14:05:00,-0.332,243.921,-2.118
2025-02-18 23:20:00,0.123,244.044,-1.995
2025-02-19 02:50:00,-1.065,242.979,-3.06
2025-02-19 07:05:00,-1.047,241.932,-4.107
2025-02-19 21:00:00,0.19,242.122,-3.917
2025-02-19 23:00:00,-1.076,241.046,-4.993
2025-02-20 08:45:00,0.618,241.664,-4.375
2025-02-20 14:05:00,2.389,244.053,-1.986
2025-02-20 14:55:00,-1.073,242.98,-3.059
2025-02-21 02:05:00,-0.096,242.884,-3.155
2025-02-21 09:15:00,2.4,245.284,-0.755
2025-02-21 15:40:00,-1.04,244.244,-1.795
2025-02-22 01:35:00,-0.491,243.753,-2.286
2025-02-22 17:20:00,1.721,245.474,-0.565
2025-02-23 00:25:00,-1.094,244.38,-1.659
2025-02-23 09:05:00,-1.107,243.273,-2.766
2025-02-23 11:45:00,2.172,245.445,-0.594
2025-02-23 17:05:00,2.406,247.851,0.0
2025-02-23 17:50:00,-1.111,246.74,-1.111
2025-02-24 09:45:00,1.509,248.249,0.0
2025-02-24 18:35:00,0.349,248.598,0.0
2025-02-24 22:00:00,2.413,251.011,0.0
2025-02-25 06:05:00,0.616,251.627,0.0
2025-02-25 15:10:00,0.569,252.196,0.0
2025-02-26 01:55:00,-1.065,251.131,-1.065
2025-02-26 12:20:00,-1.054,250.077,-2.119
2025-02-26 16:30:00,-1.047,249.03,-3.166
2025-02-26 22:00:00,-1.03,248.0,-4.196
2025-02-27 07:35:00,2.402,250.402,-1.794
2025-02-27 15:00:00,-1.055,249.347,-2.849
2025-02-28 01:50:00,2.446,251.793,-0.403
2025-02-28 09:55:00,-0.308,251.485,-0.711
2025-03-01 00:45:00,0.369,251.854,-0.342
2025-03-01 06:30:00,-1.059,250.795,-1.401
2025-03-01 12:25:00,2.402,253.197,0.0
2025-03-01 18:45:00,-1.119,252.078,-1.119
2025-03-02 05:35:00,1.061,253.139,-0.058
2025-03-02 15:25:00,-1.133,252.006,-1.191
2025-03-02 16:35:00,2.465,254.471,0.0
2025-03-03 00:40:00,0.213,254.684,0.0
2025-03-03 06:25:00,-1.07,253.614,-1.07
2025-03-03 14:20:00,-1.059,252.555,-2.129
2025-03-03 21:55:00,2.474,255.029,0.0
2025-03-04 06:00:00,0.65,255.679,0.0
2025-03-04 14:35:00,-1.043,254.636,-1.043
2025-03-04 17:25:00,-1.023,253.613,-2.066
2025-03-05 01:35:00,-1.093,252.52,-3.159
2025-03-05 06:55:00,-1.062,251.458,-4.221
2025-03-05 16:25:00,-1.056,250.402,-5.277
2025-03-05 17:10:00,-1.051,249.351,-6.328
2025-03-06 03:15:00,1.954,251.305,-4.374
2025-03-06 06:40:00,-1.063,250.242,-5.437
2025-03-06 12:15:00,-1.055,249.187,-6.492
2025-03-06 17:35:00,-1.028,248.159,-7.52
2025-03-07 01:40:00,0.636,248.795,-6.884
2025-03-07 13:30:00,-1.06,247.735,-7.944
2025-03-07 18:35:00,-1.03,246.705,-8.974
2025-03-07 21:05:00,-1.035,245.67,-10.009
2025-03-08 05:10:00,0.347,246.017,-9.662
2025-03-08 13:25:00,-1.119,244.898,-10.781
2025-03-08 22:10:00,-1.074,243.824,-11.855
2025-03-09 09:50:00,1.458,245.282,-10.397
2025-03-09 13:50:00,2.383,247.665,-8.014
2025-03-09 16:35:00,2.411,250.076,-5.603
2025-03-09 18:15:00,2.454,252.53,-3.149
2025-03-10 02:20:00,-0.547,251.983,-3.696
2025-03-10 18:55:00,2.473,254.456,-1.223
2025-03-11 03:00:00,-0.227,254.229,-1.45
2025-03-11 13:25:00,-1.045,253.184,-2.495
2025-03-11 16:25:00,-1.027,252.157,-3.522
2025-03-12 02:15:00,-0.044,252.113,-3.566
2025-03-12 08:10:00,-1.046,251.067,-4.612
2025-03-12 12:35:00,2.452,253.519,-2.16
2025-03-12 14:30:00,-1.043,252.476,-3.203
2025-03-13 02:55:00,0.997,253.473,-2.206
2025-03-13 13:35:00,-1.043,252.43,-3.249
2025-03-13 21:10:00,2.394,254.824,-0.855
2025-03-13 22:35:00,-1.053,253.771,-1.908
2025-03-14 06:50:00,0.343,254.114,-1.565
2025-03-14 16:10:00,0.481,254.595,-1.084
2025-03-14 20:15:00,-1.048,253.547,-2.132
2025-03-15 07:50:00,-0.318,253.229,-2.45
2025-03-16 03:20:00,2.435,255.664,-0.015
2025-03-16 10:00:00,-1.035,254.629,-1.05
2025-03-16 11:30:00,2.416,257.045,0.0
2025-03-16 16:05:00,-1.053,255.992,-1.053
2025-03-17 03:20:00,-0.737,255.255,-1.79
2025-03-17 11:20:00,-1.109,254.146,-2.899
2025-03-18 01:40:00,-0.434,253.712,-3.333
2025-03-18 06:40:00,-1.056,252.656,-4.389
2025-03-18 12:30:00,-1.049,251.607,-5.438
2025-03-18 21:55:00,-0.188,251.419,-5.626
2025-03-19 06:55:00,1.065,252.484,-4.561
2025-03-19 19:15:00,1.051,253.535,-3.51
2025-03-20 00:45:00,-1.107,252.428,-4.617
2025-03-20 08:35:00,-1.126,251.302,-5.743
2025-03-20 16:40:00,2.411,253.713,-3.332
2025-03-21 00:10:00,-1.054,252.659,-4.386
2025-03-21 07:20:00,-1.07,251.589,-5.456
2025-03-21 15:25:00,0.777,252.366,-4.679
2025-03-21 21:15:00,2.405,254.771,-2.274
2025-03-22 05:20:00,0.065,254.836,-2.209
2025-03-22 07:55:00,-1.197,253.639,-3.406
2025-03-22 13:35:00,-1.091,252.548,-4.497
2025-03-22 23:45:00,-0.502,252.046,-4.999
2025-03-23 10:35:00,-0.843,251.203,-5.842
2025-03-23 13:05:00,-1.101,250.102,-6.943
2025-03-24 02:30:00,2.425,252.527,-4.518
2025-03-24 03:35:00,2.428,254.955,-2.09
2025-03-24 11:40:00,0.629,255.584,-1.461
2025-03-24 15:30:00,-1.064,254.52,-2.525
2025-03-25 08:20:00,1.042,255.562,-1.483
2025-03-25 12:20:00,2.374,257.936,0.0
2025-03-25 12:50:00,-1.126,256.81,-1.126
2025-03-25 20:15:00,2.427,259.237,0.0
2025-03-25 22:20:00,-1.064,258.173,-1.064
2025-03-26 02:30:00,-1.07,257.103,-2.134
2025-03-26 12:30:00,-1.104,255.999,-3.238
2025-03-26 20:05:00,-1.131,254.868,-4.369
2025-03-27 04:00:00,-1.138,253.73,-5.507
2025-03-27 12:50:00,0.251,253.981,-5.256
2025-03-27 14:30:00,-1.073,252.908,-6.329
2025-03-27 22:35:00,-0.068,252.84,-6.397
2025-03-28 07:10:00,2.427,255.267,-3.97
2025-03-28 11:25:00,2.428,257.695,-1.542
2025-03-28 12:30:00,-1.071,256.624,-2.613
2025-03-28 22:00:00,-0.331,256.293,-2.944
2025-03-29 03:40:00,-1.125,255.168,-4.069
2025-03-29 13:00:00,-1.085,254.083,-5.154
2025-03-29 23:00:00,2.389,256.472,-2.765
2025-03-29 23:50:00,-1.092,255.38,-3.857
2025-03-30 01:00:00,-1.078,254.302,-4.935
2025-03-30 13:55:00,1.719,256.021,-3.216
2025-03-30 15:00:00,-1.086,254.935,-4.302
2025-03-31 01:00:00,0.684,255.619,-3.618
2025-03-31 11:50:00,-1.05,254.569,-4.668
2025-03-31 18:40:00,-1.079,253.49,-5.747
2025-03-31 23:15:00,-1.094,252.396,-6.841
2025-04-01 09:00:00,2.419,254.815,-4.422
2025-04-01 14:10:00,-1.043,253.772,-5.465
2025-04-01 23:00:00,0.257,254.029,-5.208
2025-04-02 00:25:00,-1.144,252.885,-6.352
2025-04-02 07:30:00,-1.077,251.808,-7.429
2025-04-02 13:50:00,-1.071,250.737,-8.5
2025-04-02 20:10:00,-1.054,249.683,-9.554
2025-04-02 20:35:00,-1.029,248.654,-10.583
2025-04-03 06:05:00,0.005,248.659,-10.578
2025-04-03 11:00:00,2.424,251.083,-8.154
2025-04-03 19:05:00,-0.507,250.576,-8.661
2025-04-04 10:10:00,-1.126,249.45,-9.787
2025-04-04 18:15:00,0.711,250.161,-9.076
2025-04-05 04:25:00,-1.233,248.928,-10.309
2025-04-05 12:45:00,-1.14,247.788,-11.449
2025-04-05 20:50:00,0.913,248.701,-10.536
2025-04-06 10:05:00,1.505,250.206,-9.031
2025-04-06 14:00:00,2.34,252.546,-6.691
2025-04-06 14:55:00,-1.08,251.466,-7.771
2025-04-07 01:45:00,1.021,252.487,-6.75
2025-04-07 11:40:00,0.411,252.898,-6.339
2025-04-08 01:45:00,0.299,253.197,-6.04
2025-04-08 09:50:00,-0.562,252.635,-6.602
2025-04-08 16:35:00,-1.053,251.582,-7.655
2025-04-09 00:40:00,1.333,252.915,-6.322
2025-04-09 02:00:00,-1.029,251.886,-7.351
2025-04-09 10:05:00,-1.078,250.808,-8.429
2025-04-09 14:20:00,-1.055,249.753,-9.484
2025-04-09 17:20:00,2.464,252.217,-7.02
2025-04-10 01:25:00,0.159,252.376,-6.861
2025-04-10 07:35:00,-1.073,251.303,-7.934
2025-04-10 15:25:00,-1.057,250.246,-8.991
2025-04-11 02:35:00,0.99,251.236,-8.001
2025-04-11 09:05:00,-1.103,250.133,-9.104
2025-04-11 17:35:00,1.994,252.127,-7.11
2025-04-11 19:30:00,-1.068,251.059,-8.178
2025-04-12 12:35:00,1.646,252.705,-6.532
2025-04-12 14:20:00,2.404,255.109,-4.128
2025-04-12 22:25:00,0.88,255.989,-3.248
2025-04-13 11:15:00,-1.124,254.865,-4.372
2025-04-13 17:05:00,-1.134,253.731,-5.506
2025-04-13 19:35:00,-1.068,252.663,-6.574
2025-04-14 00:20:00,-1.041,251.622,-7.615
2025-04-14 08:25:00,0.339,251.961,-7.276
2025-04-14 15:35:00,-1.06,250.901,-8.336
2025-04-14 23:40:00,-0.309,250.592,-8.645
2025-04-15 09:20:00,-1.082,249.51,-9.727
2025-04-15 13:45:00,-1.081,248.429,-10.808
2025-04-15 22:20:00,0.916,249.345,-9.892
2025-04-16 06:25:00,1.215,250.56,-8.677
2025-04-16 08:35:00,-1.106,249.454,-9.783
2025-04-16 14:20:00,-1.073,248.381,-10.856
2025-04-17 01:45:00,-0.099,248.282,-10.955
2025-04-17 13:05:00,0.928,249.21,-10.027
2025-04-17 16:20:00,-1.062,248.148,-11.089
2025-04-17 19:20:00,-1.06,247.088,-12.149
2025-04-18 03:25:00,0.297,247.385,-11.852
2025-04-18 10:55:00,-1.081,246.304,-12.933
2025-04-18 19:00:00,-0.614,245.69,-13.547
2025-04-18 23:20:00,-1.28,244.41,-14.827
2025-04-19 02:10:00,-1.122,243.288,-15.949
2025-04-19 09:00:00,2.35,245.638,-13.599
2025-04-19 17:05:00,0.362,246.0,-13.237
2025-04-20 01:30:00,0.066,246.066,-13.171
2025-04-20 18:45:00,0.35,246.416,-12.821
2025-04-20 22:05:00,-1.09,245.326,-13.911
2025-04-21 00:00:00,-1.145,244.181,-15.056
2025-04-21 05:50:00,2.408,246.589,-12.648
2025-04-21 13:55:00,0.178,246.767,-12.47
2025-04-21 16:50:00,-1.066,245.701,-13.536
2025-04-22 00:30:00,2.351,248.052,-11.185
2025-04-22 01:20:00,-1.054,246.998,-12.239
2025-04-22 09:25:00,0.593,247.591,-11.646
2025-04-22 14:55:00,2.437,250.028,-9.209
2025-04-22 23:00:00,0.891,250.919,-8.318
2025-04-23 02:45:00,2.367,253.286,-5.951
2025-04-23 10:50:00,0.487,253.773,-5.464
2025-04-23 13:35:00,-1.099,252.674,-6.563
2025-04-23 19:20:00,-1.074,251.6,-7.637
2025-04-24 00:25:00,-1.089,250.511,-8.726
2025-04-24 09:25:00,-1.068,249.443,-9.794
2025-04-24 22:45:00,-0.216,249.227,-10.01
2025-04-25 01:30:00,-1.135,248.092,-11.145
2025-04-25 06:30:00,-1.074,247.018,-12.219
2025-04-25 14:35:00,0.557,247.575,-11.662
2025-04-25 21:55:00,-1.041,246.534,-12.703
2025-04-26 01:20:00,-1.075,245.459,-13.778
2025-04-26 09:25:00,-0.731,244.728,-14.509
2025-04-26 17:35:00,0.315,245.043,-14.194
2025-04-27 00:40:00,2.345,247.388,-11.849
2025-04-27 01:30:00,-1.067,246.321,-12.916
2025-04-27 09:35:00,-0.302,246.019,-13.218
2025-04-27 10:25:00,-1.144,244.875,-14.362
2025-04-27 19:10:00,0.707,245.582,-13.655
2025-04-28 01:30:00,2.412,247.994,-11.243
2025-04-28 03:30:00,-1.046,246.948,-12.289
2025-04-28 13:30:00,-1.074,245.874,-13.363
2025-04-28 21:35:00,-0.065,245.809,-13.428
2025-04-29 06:05:00,-1.071,244.738,-14.499
2025-04-29 14:15:00,0.214,244.952,-14.285
2025-04-29 23:20:00,2.406,247.358,-11.879
2025-04-29 23:55:00,-1.102,246.256,-12.981
2025-04-30 12:45:00,2.402,248.658,-10.579
2025-04-30 20:50:00,-0.069,248.589,-10.648
2025-05-01 05:10:00,-1.118,247.471,-11.766
2025-05-01 13:40:00,-1.197,246.274,-12.963
2025-05-01 15:10:00,-1.114,245.16,-14.077
2025-05-01 17:40:00,-1.084,244.076,-15.161
2025-05-02 02:45:00,0.8,244.876,-14.361
2025-05-02 04:40:00,-1.072,243.804,-15.433
2025-05-02 15:05:00,-0.602,243.202,-16.035
2025-05-02 18:20:00,-1.066,242.136,-17.101
2025-05-03 02:25:00,0.489,242.625,-16.612
2025-05-03 14:05:00,0.667,243.292,-15.945
2025-05-04 00:15:00,0.932,244.224,-15.013
2025-05-04 08:40:00,1.753,245.977,-13.26
2025-05-04 13:45:00,2.324,248.301,-10.936
2025-05-04 21:50:00,-1.013,247.288,-11.949
2025-05-05 02:35:00,-1.071,246.217,-13.02
2025-05-05 15:15:00,1.807,248.024,-11.213
2025-05-05 16:35:00,-1.085,246.939,-12.298
2025-05-05 21:50:00,-1.064,245.875,-13.362
2025-05-06 04:15:00,-1.068,244.807,-14.43
2025-05-06 16:20:00,-0.224,244.583,-14.654
2025-05-06 20:35:00,-1.097,243.486,-15.751
2025-05-06 22:25:00,-1.07,242.416,-16.821
2025-05-07 06:30:00,-0.486,241.93,-17.307
2025-05-07 07:30:00,-1.11,240.82,-18.417
2025-05-07 10:30:00,-1.13,239.69,-19.547
2025-05-07 14:50:00,2.359,242.049,-17.188
2025-05-07 22:40:00,-1.093,240.956,-18.281
2025-05-08 03:55:00,2.406,243.362,-15.875
2025-05-08 12:00:00,1.512,244.874,-14.363
2025-05-08 23:25:00,1.745,246.619,-12.618
2025-05-09 07:50:00,2.437,249.056,-10.181
2025-05-09 15:55:00,0.053,249.109,-10.128
2025-05-10 01:45:00,0.008,249.117,-10.12
2025-05-10 10:20:00,2.44,251.557,-7.68
2025-05-10 11:40:00,-1.044,250.513,-8.724
2025-05-10 15:35:00,-1.071,249.442,-9.795
2025-05-10 17:45:00,-1.068,248.374,-10.863
2025-05-11 04:55:00,0.737,249.111,-10.126
2025-05-12 01:40:00,-0.089,249.022,-10.215
2025-05-12 07:10:00,2.428,251.45,-7.787
2025-05-12 11:50:00,-1.022,250.428,-8.809
2025-05-12 23:05:00,-0.292,250.136,-9.101
2025-05-13 00:00:00,-1.114,249.022,-10.215
2025-05-13 02:10:00,2.418,251.44,-7.797
2025-05-13 07:05:00,-1.049,250.391,-8.846
2025-05-13 19:20:00,2.431,252.822,-6.415
2025-05-14 03:25:00,0.388,253.21,-6.027
2025-05-14 08:10:00,-1.048,252.162,-7.075
2025-05-15 01:15:00,0.394,252.556,-6.681
2025-05-15 07:25:00,2.428,254.984,-4.253
2025-05-15 15:30:00,0.172,255.156,-4.081
2025-05-16 02:50:00,-0.679,254.477,-4.76
2025-05-16 11:00:00,-1.083,253.394,-5.843
2025-05-16 13:35:00,-1.157,252.237,-7.0
2025-05-16 22:35:00,1.733,253.97,-5.267
2025-05-17 06:45:00,-0.098,253.872,-5.365
2025-05-17 16:25:00,1.503,255.375,-3.862
2025-05-18 00:30:00,0.46,255.835,-3.402
2025-05-18 15:20:00,2.056,257.891,-1.346
2025-05-18 16:50:00,-1.097,256.794,-2.443
2025-05-18 19:40:00,2.438,259.232,-0.005
2025-05-18 22:55:00,-1.067,258.165,-1.072
2025-05-19 01:10:00,-1.09,257.075,-2.162
2025-05-19 10:15:00,1.235,258.31,-0.927
2025-05-19 13:30:00,-1.079,257.231,-2.006
2025-05-19 17:05:00,2.378,259.609,0.0
2025-05-19 23:40:00,-1.116,258.493,-1.116
2025-05-20 10:00:00,-0.576,257.917,-1.692
2025-05-20 17:50:00,-1.085,256.832,-2.777
2025-05-20 19:50:00,-1.074,255.758,-3.851
2025-05-21 03:55:00,0.317,256.075,-3.534
2025-05-21 09:40:00,-1.084,254.991,-4.618
2025-05-21 16:30:00,2.426,257.417,-2.192
2025-05-21 17:20:00,-1.039,256.378,-3.231
2025-05-22 05:25:00,2.438,258.816,-0.793
2025-05-22 10:00:00,2.415,261.231,0.0
2025-05-22 18:05:00,0.668,261.899,0.0
2025-05-23 07:50:00,-0.365,261.534,-0.365
2025-05-23 11:45:00,-1.052,260.482,-1.417
2025-05-23 19:50:00,0.798,261.28,-0.619
2025-05-23 23:10:00,2.398,263.678,0.0
2025-05-24 07:15:00,0.472,264.15,0.0
2025-05-24 10:30:00,-1.076,263.074,-1.076
2025-05-24 15:05:00,-1.149,261.925,-2.225
2025-05-25 00:25:00,-1.115,260.81,-3.34
2025-05-25 08:45:00,1.17,261.98,-2.17
2025-05-25 13:00:00,-1.09,260.89,-3.26
2025-05-25 22:05:00,-1.078,259.812,-4.338
2025-05-26 06:15:00,1.416,261.228,-2.922
2025-05-26 13:50:00,-1.113,260.115,-4.035
2025-05-27 00:25:00,0.229,260.344,-3.806
2025-05-27 04:10:00,-1.05,259.294,-4.856
2025-05-27 12:15:00,1.193,260.487,-3.663
2025-05-27 13:50:00,-1.094,259.393,-4.757
2025-05-28 00:55:00,-1.107,258.286,-5.864
2025-05-28 06:10:00,-1.078,257.208,-6.942
2025-05-28 08:45:00,-1.088,256.12,-8.03
2025-05-28 14:15:00,-1.059,255.061,-9.089
2025-05-28 22:20:00,-0.105,254.956,-9.194
2025-05-29 01:00:00,2.408,257.364,-6.786
2025-05-29 09:05:00,-0.753,256.611,-7.539
2025-05-29 13:50:00,2.352,258.963,-5.187
2025-05-29 19:15:00,2.397,261.36,-2.79
2025-05-30 00:55:00,2.451,263.811,-0.339
2025-05-30 09:00:00,-0.067,263.744,-0.406
2025-05-30 21:55:00,0.908,264.652,0.0
2025-05-30 22:55:00,2.382,267.034,0.0
2025-05-31 07:00:00,0.751,267.785,0.0
2025-06-01 07:05:00,0.779,268.564,0.0
2025-06-01 12:35:00,2.371,270.935,0.0
2025-06-01 13:45:00,-1.096,269.839,-1.096
2025-06-01 21:25:00,-1.096,268.743,-2.192
2025-06-02 02:15:00,-1.155,267.588,-3.347
2025-06-02 10:20:00,0.9,268.488,-2.447
2025-06-02 13:30:00,-1.08,267.408,-3.527
2025-06-03 06:05:00,0.989,268.397,-2.538
2025-06-03 08:10:00,-1.201,267.196,-3.739
2025-06-03 14:05:00,-1.079,266.117,-4.818
2025-06-04 01:00:00,-1.087,265.03,-5.905
2025-06-04 09:05:00,-0.203,264.827,-6.108
2025-06-04 19:30:00,1.787,266.614,-4.321
2025-06-04 20:05:00,2.314,268.928,-2.007
2025-06-05 04:10:00,0.37,269.298,-1.637
2025-06-05 12:15:00,-1.085,268.213,-2.722
2025-06-05 20:40:00,2.458,270.671,-0.264
2025-06-06 04:45:00,-0.83,269.841,-1.094
2025-06-06 18:25:00,-1.083,268.758,-2.177
2025-06-06 21:40:00,-1.085,267.673,-3.262
2025-06-07 05:50:00,1.998,269.671,-1.264
2025-06-07 10:25:00,2.404,272.075,0.0
2025-06-07 18:30:00,-0.383,271.692,-0.383
2025-06-08 09:15:00,-1.069,270.623,-1.452
2025-06-08 13:35:00,-1.057,269.566,-2.509
2025-06-08 21:25:00,2.431,271.997,-0.078
2025-06-08 22:00:00,-1.174,270.823,-1.252
2025-06-09 09:50:00,-1.112,269.711,-2.364
2025-06-09 17:55:00,1.653,271.364,-0.711
2025-06-09 22:00:00,2.391,273.755,0.0
2025-06-10 06:05:00,-0.558,273.197,-0.558
2025-06-10 19:35:00,0.4,273.597,-0.158
2025-06-11 03:40:00,-0.303,273.294,-0.461
2025-06-11 18:00:00,-1.041,272.253,-1.502
2025-06-12 02:05:00,0.576,272.829,-0.926
2025-06-12 11:25:00,1.464,274.293,0.0
2025-06-12 12:30:00,-1.127,273.166,-1.127
2025-06-12 23:55:00,1.229,274.395,0.0
2025-06-13 00:35:00,2.445,276.84,0.0
2025-06-13 08:40:00,-0.061,276.779,-0.061
2025-06-13 15:20:00,-1.062,275.717,-1.123
2025-06-13 20:40:00,-1.093,274.624,-2.216
2025-06-14 09:05:00,0.042,274.666,-2.174
2025-06-14 16:45:00,2.355,277.021,0.0
2025-06-14 18:05:00,-1.067,275.954,-1.067
2025-06-15 04:30:00,-1.144,274.81,-2.211
2025-06-15 14:45:00,-1.098,273.712,-3.309
2025-06-16 01:40:00,-1.077,272.635,-4.386
2025-06-16 06:15:00,2.412,275.047,-1.974
2025-06-16 14:20:00,-0.077,274.97,-2.051
2025-06-16 22:25:00,0.469,275.439,-1.582
2025-06-17 06:45:00,0.246,275.685,-1.336
2025-06-17 14:50:00,1.377,277.062,0.0
2025-06-17 23:05:00,0.46,277.522,0.0
2025-06-18 16:40:00,1.45,278.972,0.0
2025-06-18 17:40:00,-1.166,277.806,-1.166
2025-06-19 09:40:00,0.049,277.855,-1.117
2025-06-19 13:00:00,-1.137,276.718,-2.254
2025-06-19 17:35:00,-1.092,275.626,-3.346
2025-06-20 07:15:00,-1.241,274.385,-4.587
2025-06-20 14:40:00,-1.125,273.26,-5.712
2025-06-20 17:20:00,2.442,275.702,-3.27
2025-06-20 20:15:00,-1.038,274.664,-4.308
2025-06-21 00:25:00,-1.078,273.586,-5.386
2025-06-21 14:25:00,2.377,275.963,-3.009
2025-06-21 21:30:00,2.429,278.392,-0.58
2025-06-22 05:35:00,-0.581,277.811,-1.161
2025-06-22 13:15:00,2.392,280.203,0.0
2025-06-22 21:25:00,0.955,281.158,0.0
2025-06-23 13:15:00,0.878,282.036,0.0
2025-06-23 15:50:00,-1.042,280.994,-1.042
2025-06-23 18:00:00,-1.055,279.939,-2.097
2025-06-24 02:05:00,1.214,281.153,-0.883
2025-06-24 08:05:00,-1.068,280.085,-1.951
2025-06-25 04:40:00,-1.103,278.982,-3.054
2025-06-25 11:55:00,-1.109,277.873,-4.163
2025-06-25 14:15:00,-1.115,276.758,-5.278
2025-06-25 22:20:00,0.227,276.985,-5.051
2025-06-26 01:30:00,-1.124,275.861,-6.175
2025-06-26 05:15:00,-1.085,274.776,-7.26
2025-06-26 17:10:00,1.373,276.149,-5.887
2025-06-27 01:25:00,-1.119,275.03,-7.006
2025-06-27 05:20:00,-1.295,273.735,-8.301
2025-06-28 01:50:00,-0.784,272.951,-9.085
2025-06-28 10:25:00,0.205,273.156,-8.88
2025-06-28 19:15:00,2.35,275.506,-6.53
2025-06-28 20:15:00,-1.134,274.372,-7.664
2025-06-29 01:40:00,-1.142,273.23,-8.806
2025-06-29 15:00:00,-1.229,272.001,-10.035
2025-06-29 22:00:00,2.342,274.343,-7.693
2025-06-30 06:05:00,-0.206,274.137,-7.899
2025-06-30 09:40:00,-1.109,273.028,-9.008
2025-06-30 19:25:00,-1.124,271.904,-10.132
2025-07-01 00:30:00,-1.066,270.838,-11.198
2025-07-01 10:20:00,1.296,272.134,-9.902
2025-07-01 18:55:00,2.356,274.49,-7.546
2025-07-02 03:00:00,-0.441,274.049,-7.987
2025-07-02 13:20:00,-0.001,274.048,-7.988
2025-07-02 16:05:00,2.417,276.465,-5.571
2025-07-03 00:10:00,0.578,277.043,-4.993
2025-07-03 06:20:00,2.352,279.395,-2.641
2025-07-03 10:15:00,-1.111,278.284,-3.752
2025-07-03 23:15:00,-1.164,277.12,-4.916
2025-07-04 06:10:00,-1.107,276.013,-6.023
2025-07-04 14:15:00,1.675,277.688,-4.348
2025-07-04 22:20:00,-0.197,277.491,-4.545
2025-07-05 03:05:00,-1.173,276.318,-5.718
2025-07-05 10:50:00,-1.167,275.151,-6.885
2025-07-05 21:00:00,-1.128,274.023,-8.013
2025-07-06 06:55:00,-1.224,272.799,-9.237
2025-07-06 12:00:00,-1.156,271.643,-10.393
2025-07-06 13:25:00,2.29,273.933,-8.103
2025-07-06 21:30:00,0.973,274.906,-7.13
2025-07-07 05:35:00,-0.591,274.315,-7.721
2025-07-07 13:55:00,-1.135,273.18,-8.856
2025-07-07 14:30:00,-1.081,272.099,-9.937
2025-07-07 22:40:00,0.213,272.312,-9.724
2025-07-08 09:35:00,-0.157,272.155,-9.881
2025-07-08 18:15:00,2.385,274.54,-7.496
2025-07-08 20:50:00,-1.157,273.383,-8.653
2025-07-09 05:45:00,2.345,275.728,-6.308
2025-07-09 13:50:00,0.537,276.265,-5.771
2025-07-09 17:45:00,-1.116,275.149,-6.887
2025-07-09 20:35:00,2.415,277.564,-4.472
2025-07-10 04:40:00,0.556,278.12,-3.916
2025-07-10 15:35:00,-0.759,277.361,-4.675
2025-07-10 21:40:00,2.432,279.793,-2.243
2025-07-11 05:45:00,1.125,280.918,-1.118
2025-07-11 06:40:00,-1.071,279.847,-2.189
2025-07-11 16:05:00,-1.07,278.777,-3.259
2025-07-12 09:30:00,-0.071,278.706,-3.33
2025-07-12 12:35:00,-1.093,277.613,-4.423
2025-07-12 23:20:00,-0.42,277.193,-4.843
2025-07-13 08:30:00,1.128,278.321,-3.715
2025-07-13 10:45:00,-1.098,277.223,-4.813
2025-07-13 16:50:00,-1.064,276.159,-5.877
2025-07-13 21:30:00,-1.092,275.067,-6.969
2025-07-14 09:45:00,1.532,276.599,-5.437
2025-07-14 15:05:00,-1.063,275.536,-6.5
2025-07-15 02:40:00,1.48,277.016,-5.02
2025-07-15 09:05:00,-1.056,275.96,-6.076
2025-07-15 17:10:00,0.336,276.296,-5.74
2025-07-15 18:00:00,2.384,278.68,-3.356
2025-07-15 19:45:00,-1.043,277.637,-4.399
2025-07-16 05:45:00,-0.097,277.54,-4.496
2025-07-16 15:00:00,1.366,278.906,-3.13
2025-07-16 15:35:00,-1.057,277.849,-4.187
2025-07-17 00:35:00,1.289,279.138,-2.898
2025-07-17 09:35:00,2.405,281.543,-0.493
2025-07-17 13:40:00,-1.047,280.496,-1.54
2025-07-17 19:45:00,-1.083,279.413,-2.623
2025-07-18 05:25:00,2.273,281.686,-0.35
2025-07-18 07:55:00,-1.062,280.624,-1.412
2025-07-18 14:20:00,-1.068,279.556,-2.48
2025-07-19 03:40:00,-1.096,278.46,-3.576
2025-07-19 08:30:00,-1.092,277.368,-4.668
2025-07-19 16:20:00,-1.099,276.269,-5.767
2025-07-19 19:15:00,2.413,278.682,-3.354
2025-07-20 03:20:00,-0.269,278.413,-3.623
2025-07-20 16:10:00,2.392,280.805,-1.231
2025-07-20 17:00:00,-1.067,279.738,-2.298
2025-07-21 06:05:00,2.362,282.1,0.0
2025-07-21 14:10:00,0.439,282.539,0.0
2025-07-21 16:05:00,-1.069,281.47,-1.069
2025-07-22 01:00:00,-1.104,280.366,-2.173
2025-07-22 09:15:00,-1.032,279.334,-3.205
2025-07-22 21:55:00,-0.465,278.869,-3.67
2025-07-23 06:05:00,0.315,279.184,-3.355
2025-07-23 13:15:00,2.432,281.616,-0.923
2025-07-23 21:20:00,1.278,282.894,0.0
2025-07-23 21:45:00,-1.056,281.838,-1.056
2025-07-24 06:40:00,2.426,284.264,0.0
2025-07-24 08:45:00,-1.033,283.231,-1.033
2025-07-24 22:45:00,-0.201,283.03,-1.234
2025-07-25 03:30:00,2.415,285.445,0.0
2025-07-25 09:55:00,-1.036,284.409,-1.036
2025-07-25 20:45:00,-1.05,283.359,-2.086
2025-07-26 04:50:00,0.401,283.76,-1.685
2025-07-26 13:40:00,0.83,284.59,-0.855
2025-07-26 18:35:00,2.384,286.974,0.0
2025-07-27 02:40:00,-0.232,286.742,-0.232
2025-07-27 03:20:00,-1.136,285.606,-1.368
2025-07-27 07:55:00,-1.121,284.485,-2.489
2025-07-27 18:50:00,0.621,285.106,-1.868
2025-07-27 22:45:00,2.387,287.493,0.0
2025-07-28 06:50:00,0.203,287.696,0.0
2025-07-28 07:30:00,-1.106,286.59,-1.106
2025-07-28 14:15:00,-1.059,285.531,-2.165
2025-07-29 02:05:00,2.236,287.767,0.0
2025-07-29 03:55:00,-1.045,286.722,-1.045
2025-07-29 16:15:00,2.418,289.14,0.0
2025-07-30 00:20:00,-0.139,289.001,-0.139
2025-07-30 01:40:00,-1.096,287.905,-1.235
2025-07-30 11:50:00,2.411,290.316,0.0
2025-07-30 19:05:00,2.425,292.741,0.0
2025-07-31 03:10:00,-0.96,291.781,-0.96
2025-07-31 11:50:00,-1.085,290.696,-2.045
2025-07-31 19:55:00,1.622,292.318,-0.423
2025-08-01 00:50:00,2.425,294.743,0.0
2025-08-01 03:20:00,-1.058,293.685,-1.058
2025-08-01 13:00:00,-0.272,293.413,-1.33
2025-08-01 14:25:00,-1.042,292.371,-2.372
2025-08-02 01:40:00,0.017,292.388,-2.355
2025-08-02 14:20:00,-0.119,292.269,-2.474
2025-08-02 22:45:00,0.738,293.007,-1.736
2025-08-03 16:50:00,-1.125,291.882,-2.861
2025-08-04 08:40:00,1.69,293.572,-1.171
2025-08-04 22:00:00,1.942,295.514,0.0
2025-08-05 06:05:00,-0.656,294.858,-0.656
2025-08-05 12:35:00,-1.083,293.775,-1.739
2025-08-05 21:50:00,2.402,296.177,0.0
2025-08-05 22:45:00,-1.082,295.095,-1.082
2025-08-06 05:05:00,-1.131,293.964,-2.213
2025-08-06 13:20:00,-0.364,293.6,-2.577
2025-08-06 23:05:00,0.324,293.924,-2.253
2025-08-07 00:05:00,-1.249,292.675,-3.502
2025-08-07 06:05:00,-1.1,291.575,-4.602
2025-08-07 14:10:00,1.099,292.674,-3.503
2025-08-08 00:00:00,2.407,295.081,-1.096
2025-08-08 00:05:00,-1.261,293.82,-2.357
2025-08-08 01:05:00,-1.05,292.77,-3.407
2025-08-08 15:00:00,-0.411,292.359,-3.818
2025-08-09 01:40:00,0.661,293.02,-3.157
2025-08-09 09:55:00,2.28,295.3,-0.877
2025-08-09 13:45:00,-1.097,294.203,-1.974
2025-08-09 23:25:00,-1.12,293.083,-3.094
2025-08-10 05:25:00,-1.085,291.998,-4.179
2025-08-10 14:05:00,1.086,293.084,-3.093
2025-08-10 20:20:00,-1.081,292.003,-4.174
2025-08-11 00:30:00,-1.089,290.914,-5.263
2025-08-11 10:05:00,-0.409,290.505,-5.672
2025-08-11 12:30:00,2.418,292.923,-3.254
2025-08-11 14:00:00,-1.095,291.828,-4.349
2025-08-12 02:05:00,0.575,292.403,-3.774
2025-08-12 08:45:00,-1.107,291.296,-4.881
2025-08-12 20:45:00,1.571,292.867,-3.31
2025-08-13 11:05:00,0.522,293.389,-2.788
2025-08-13 21:50:00,-1.086,292.303,-3.874
2025-08-14 06:15:00,-1.065,291.238,-4.939
2025-08-14 20:35:00,0.076,291.314,-4.863
2025-08-14 23:25:00,-1.084,290.23,-5.947
2025-08-15 04:00:00,2.423,292.653,-3.524
2025-08-15 12:05:00,-0.418,292.235,-3.942
2025-08-15 12:30:00,-1.115,291.12,-5.057
2025-08-15 14:30:00,2.364,293.484,-2.693
2025-08-15 22:35:00,0.36,293.844,-2.333
2025-08-16 07:15:00,-1.189,292.655,-3.522
2025-08-16 15:25:00,-1.067,291.588,-4.589
2025-08-16 23:30:00,0.194,291.782,-4.395
2025-08-17 02:55:00,-1.11,290.672,-5.505
2025-08-17 11:00:00,1.02,291.692,-4.485
2025-08-17 22:30:00,0.815,292.507,-3.67
2025-08-18 01:25:00,-1.062,291.445,-4.732
2025-08-18 10:05:00,1.25,292.695,-3.482
2025-08-18 22:00:00,-0.773,291.922,-4.255
2025-08-19 00:50:00,-1.091,290.831,-5.346
2025-08-19 11:25:00,0.077,290.908,-5.269
2025-08-19 21:45:00,0.662,291.57,-4.607
2025-08-20 03:25:00,-1.082,290.488,-5.689
2025-08-20 12:00:00,-1.08,289.408,-6.769
2025-08-20 14:45:00,-1.044,288.364,-7.813
2025-08-20 18:25:00,-1.073,287.291,-8.886
2025-08-21 03:25:00,-0.11,287.181,-8.996
2025-08-21 16:55:00,0.998,288.179,-7.998
2025-08-22 01:00:00,0.171,288.35,-7.827
2025-08-22 12:30:00,2.398,290.748,-5.429
2025-08-22 13:40:00,-1.063,289.685,-6.492
2025-08-22 20:25:00,2.47,292.155,-4.022
2025-08-23 01:15:00,-1.103,291.052,-5.125
2025-08-23 12:50:00,2.1,293.152,-3.025
2025-08-23 15:40:00,-1.049,292.103,-4.074
2025-08-24 03:20:00,-0.038,292.065,-4.112
2025-08-24 15:05:00,-1.1,290.965,-5.212
2025-08-24 23:10:00,0.199,291.164,-5.013
2025-08-25 08:45:00,1.173,292.337,-3.84
2025-08-25 13:25:00,-1.089,291.248,-4.929
2025-08-25 20:35:00,2.422,293.67,-2.507
2025-08-26 04:40:00,-0.551,293.119,-3.058
2025-08-26 10:45:00,-1.082,292.037,-4.14
2025-08-27 03:25:00,0.414,292.451,-3.726
2025-08-27 03:50:00,2.256,294.707,-1.47
2025-08-27 11:55:00,0.179,294.886,-1.291
2025-08-27 20:05:00,-1.103,293.783,-2.394
2025-08-28 09:35:00,-0.264,293.519,-2.658
2025-08-28 12:30:00,-1.184,292.335,-3.842
2025-08-28 16:55:00,-1.118,291.217,-4.96
2025-08-28 21:50:00,-1.098,290.119,-6.058
2025-08-29 06:00:00,1.544,291.663,-4.514
2025-08-29 09:00:00,2.436,294.099,-2.078
2025-08-29 12:30:00,-1.036,293.063,-3.114
2025-08-29 21:50:00,0.188,293.251,-2.926
2025-08-30 03:20:00,-1.118,292.133,-4.044
2025-08-30 15:15:00,-1.174,290.959,-5.218
2025-08-30 23:20:00,-0.071,290.888,-5.289
2025-08-31 00:40:00,2.063,292.951,-3.226
2025-08-31 08:45:00,0.736,293.687,-2.49
2025-08-31 10:45:00,-1.081,292.606,-3.571
2025-08-31 13:30:00,-1.241,291.365,-4.812
2025-09-01 00:00:00,2.365,293.73,-2.447
2025-09-01 07:50:00,-1.058,292.672,-3.505
2025-09-01 15:55:00,-0.122,292.55,-3.627
2025-09-01 21:40:00,2.408,294.958,-1.219
2025-09-02 01:40:00,-1.046,293.912,-2.265
2025-09-02 06:20:00,2.415,296.327,0.0
2025-09-02 07:45:00,-1.127,295.2,-1.127
2025-09-02 12:40:00,-1.075,294.125,-2.202
2025-09-02 14:00:00,-1.063,293.062,-3.265
2025-09-02 22:35:00,0.281,293.343,-2.984
2025-09-03 06:40:00,0.9,294.243,-2.084
2025-09-03 08:15:00,2.398,296.641,0.0
2025-09-03 16:20:00,-0.211,296.43,-0.211
2025-09-04 04:40:00,-1.128,295.302,-1.339
2025-09-04 08:05:00,-1.191,294.111,-2.53
2025-09-04 11:15:00,-1.176,292.935,-3.706
2025-09-05 00:45:00,2.376,295.311,-1.33
2025-09-05 03:00:00,-1.073,294.238,-2.403
2025-09-05 14:35:00,-1.093,293.145,-3.496
2025-09-05 22:40:00,-0.142,293.003,-3.638
2025-09-06 03:05:00,-1.272,291.731,-4.91
2025-09-06 12:20:00,0.417,292.148,-4.493
2025-09-07 00:40:00,-0.104,292.044,-4.597
2025-09-07 09:35:00,-0.405,291.639,-5.002
2025-09-07 17:15:00,-1.142,290.497,-6.144
2025-09-07 19:40:00,-1.143,289.354,-7.287
2025-09-08 03:45:00,1.213,290.567,-6.074
2025-09-08 15:10:00,1.754,292.321,-4.32
2025-09-08 23:15:00,-0.486,291.835,-4.806
2025-09-09 06:45:00,2.388,294.223,-2.418
2025-09-09 14:50:00,-0.153,294.07,-2.571
2025-09-10 10:25:00,0.567,294.637,-2.004
2025-09-10 12:30:00,2.381,297.018,0.0
2025-09-10 20:35:00,1.394,298.412,0.0
2025-09-11 04:05:00,2.424,300.836,0.0
2025-09-11 05:50:00,-1.041,299.795,-1.041
2025-09-11 12:30:00,-1.088,298.707,-2.129
2025-09-12 03:20:00,-1.109,297.598,-3.238
2025-09-12 10:05:00,-1.059,296.539,-4.297
2025-09-12 11:20:00,-1.365,295.174,-5.662
2025-09-12 14:05:00,-1.213,293.961,-6.875
2025-09-12 22:20:00,0.253,294.214,-6.622
2025-09-13 02:40:00,2.302,296.516,-4.32
2025-09-13 03:50:00,2.427,298.943,-1.893
2025-09-13 11:55:00,0.267,299.21,-1.626
2025-09-14 00:10:00,2.314,301.524,0.0
2025-09-14 01:10:00,-1.137,300.387,-1.137
2025-09-14 12:40:00,-1.052,299.335,-2.189
2025-09-14 20:45:00,-0.137,299.198,-2.326
2025-09-14 22:30:00,-1.129,298.069,-3.455
2025-09-15 01:20:00,-1.064,297.005,-4.519
2025-09-15 04:25:00,-1.062,295.943,-5.581
2025-09-15 06:35:00,-1.091,294.852,-6.672
2025-09-15 14:40:00,1.028,295.88,-5.644
2025-09-15 19:35:00,-1.068,294.812,-6.712
2025-09-16 04:10:00,-0.214,294.598,-6.926
2025-09-16 08:00:00,2.409,297.007,-4.517
2025-09-16 14:15:00,-1.034,295.973,-5.551
2025-09-17 01:15:00,-0.643,295.33,-6.194
2025-09-17 06:35:00,-1.08,294.25,-7.274
2025-09-17 14:40:00,-0.776,293.474,-8.05
2025-09-17 17:30:00,-1.2,292.274,-9.25
2025-09-17 22:55:00,2.443,294.717,-6.807
2025-09-18 07:00:00,0.661,295.378,-6.146
2025-09-18 16:25:00,0.306,295.684,-5.84
2025-09-19 01:10:00,1.141,296.825,-4.699
2025-09-19 03:25:00,-1.054,295.771,-5.753
2025-09-20 14:55:00,-1.064,294.707,-6.817
2025-09-20 18:35:00,-1.062,293.645,-7.879
2025-09-21 02:40:00,0.319,293.964,-7.56
2025-09-21 09:40:00,-1.215,292.749,-8.775
2025-09-21 19:50:00,-1.123,291.626,-9.898
2025-09-22 08:50:00,0.894,292.52,-9.004
2025-09-22 20:30:00,-1.064,291.456,-10.068
2025-09-23 03:40:00,2.467,293.923,-7.601
2025-09-23 11:45:00,-0.303,293.62,-7.904
2025-09-23 19:45:00,-1.043,292.577,-8.947
2025-09-24 03:25:00,-1.064,291.513,-10.011
2025-09-24 06:25:00,-1.046,290.467,-11.057
2025-09-24 14:30:00,0.28,290.747,-10.777
2025-09-24 19:40:00,-1.153,289.594,-11.93
2025-09-24 21:45:00,2.412,292.006,-9.518
2025-09-25 04:35:00,2.455,294.461,-7.063
2025-09-25 12:40:00,0.404,294.865,-6.659
2025-09-25 17:55:00,2.399,297.264,-4.26
2025-09-25 18:45:00,-1.066,296.198,-5.326
2025-09-26 05:35:00,1.827,298.025,-3.499
2025-09-26 08:05:00,-1.055,296.97,-4.554
2025-09-26 16:35:00,-1.058,295.912,-5.612
2025-09-27 14:35:00,-1.174,294.738,-6.786
2025-09-28 09:40:00,-1.183,293.555,-7.969
2025-09-28 13:20:00,-1.109,292.446,-9.078
2025-09-28 21:25:00,1.189,293.635,-7.889
2025-09-29 06:10:00,-0.202,293.433,-8.091
2025-09-29 11:00:00,-1.084,292.349,-9.175
2025-09-29 22:10:00,0.86,293.209,-8.315
2025-09-30 15:15:00,2.384,295.593,-5.931
2025-09-30 18:40:00,-1.077,294.516,-7.008
2025-10-01 03:05:00,0.413,294.929,-6.595
2025-10-01 04:30:00,-1.139,293.79,-7.734
2025-10-01 08:40:00,2.392,296.182,-5.342
2025-10-01 16:45:00,-0.348,295.834,-5.69
2025-10-02 00:55:00,-1.097,294.737,-6.787
2025-10-02 04:10:00,-1.049,293.688,-7.836
2025-10-02 12:00:00,-1.277,292.411,-9.113
2025-10-02 13:15:00,-1.159,291.252,-10.272
2025-10-02 18:55:00,-1.046,290.206,-11.318
2025-10-03 03:00:00,0.648,290.854,-10.67
2025-10-03 05:40:00,-1.104,289.75,-11.774
2025-10-03 13:30:00,-1.182,288.568,-12.956
2025-10-03 23:35:00,0.884,289.452,-12.072
2025-10-04 07:15:00,-1.156,288.296,-13.228
2025-10-04 14:45:00,2.389,290.685,-10.839
2025-10-04 22:50:00,-0.452,290.233,-11.291
2025-10-05 02:30:00,-1.106,289.127,-12.397
2025-10-05 10:35:00,0.122,289.249,-12.275
2025-10-05 19:10:00,0.68,289.929,-11.595
2025-10-05 23:55:00,-1.111,288.818,-12.706
2025-10-06 15:25:00,2.319,291.137,-10.387
2025-10-06 21:20:00,-1.077,290.06,-11.464
2025-10-07 08:10:00,2.363,292.423,-9.101
2025-10-07 15:05:00,2.429,294.852,-6.672
2025-10-07 23:10:00,0.687,295.539,-5.985
2025-10-08 01:25:00,-1.096,294.443,-7.081
2025-10-08 04:35:00,-1.191,293.252,-8.272
2025-10-08 13:55:00,-1.113,292.139,-9.385
2025-10-08 21:10:00,-1.056,291.083,-10.441
2025-10-09 05:15:00,0.999,292.082,-9.442
2025-10-09 12:35:00,-1.071,291.011,-10.513
2025-10-09 22:05:00,-0.112,290.899,-10.625
2025-10-10 15:00:00,2.375,293.274,-8.25
2025-10-10 20:55:00,2.459,295.733,-5.791
2025-10-10 21:15:00,2.484,298.217,-3.307
2025-10-11 05:20:00,-0.685,297.532,-3.992
2025-10-11 13:45:00,-1.056,296.476,-5.048
2025-10-11 20:00:00,2.432,298.908,-2.616
2025-10-12 04:05:00,0.532,299.44,-2.084
2025-10-12 09:05:00,2.331,301.771,0.0
2025-10-12 14:45:00,-1.044,300.727,-1.044
2025-10-12 21:30:00,-1.057,299.67,-2.101
2025-10-13 05:35:00,0.025,299.695,-2.076
2025-10-13 11:05:00,-1.069,298.626,-3.145
2025-10-13 16:55:00,-1.038,297.588,-4.183
2025-10-13 19:40:00,2.436,300.024,-1.747
2025-10-14 02:50:00,-1.039,298.985,-2.786
2025-10-14 06:30:00,2.423,301.408,-0.363
2025-10-14 14:35:00,0.051,301.459,-0.312
2025-10-15 05:00:00,-1.073,300.386,-1.385
2025-10-15 11:15:00,-1.075,299.311,-2.46
2025-10-15 19:20:00,0.845,300.156,-1.615
2025-10-16 09:30:00,2.399,302.555,0.0
2025-10-16 09:45:00,-1.026,301.529,-1.026
2025-10-16 22:20:00,1.657,303.186,0.0
2025-10-17 06:45:00,2.417,305.603,0.0
2025-10-17 14:50:00,0.147,305.75,0.0
2025-10-18 01:25:00,-1.128,304.622,-1.128
2025-10-18 05:45:00,-1.118,303.504,-2.246
2025-10-18 21:05:00,-0.375,303.129,-2.621
2025-10-19 03:15:00,-1.139,301.99,-3.76
2025-10-19 09:45:00,-1.101,300.889,-4.861
2025-10-19 18:25:00,0.634,301.523,-4.227
2025-10-20 03:45:00,-1.101,300.422,-5.328
2025-10-20 11:50:00,-0.013,300.409,-5.341
2025-10-20 19:40:00,-1.093,299.316,-6.434
2025-10-21 04:00:00,2.421,301.737,-4.013
2025-10-21 11:50:00,-1.069,300.668,-5.082
2025-10-21 14:05:00,-1.107,299.561,-6.189
2025-10-21 22:15:00,-0.469,299.092,-6.658
2025-10-22 06:35:00,1.159,300.251,-5.499
2025-10-22 11:10:00,-1.183,299.068,-6.682
2025-10-23 01:10:00,-1.06,298.008,-7.742
2025-10-23 06:50:00,2.299,300.307,-5.443
2025-10-23 12:05:00,-1.079,299.228,-6.522
2025-10-23 15:05:00,-1.107,298.121,-7.629
2025-10-23 20:45:00,-1.082,297.039,-8.711
2025-10-24 04:25:00,-1.121,295.918,-9.832
2025-10-24 12:35:00,0.189,296.107,-9.643
2025-10-24 22:30:00,-0.915,295.192,-10.558
2025-10-25 08:10:00,1.026,296.218,-9.532
2025-10-25 12:20:00,-1.122,295.096,-10.654
2025-10-25 20:40:00,1.41,296.506,-9.244
2025-10-26 01:20:00,-1.129,295.377,-10.373
2025-10-26 05:35:00,-1.103,294.274,-11.476
2025-10-26 08:05:00,2.386,296.66,-9.09
2025-10-26 16:10:00,0.869,297.529,-8.221
2025-10-27 06:05:00,0.553,298.082,-7.668
2025-10-27 21:20:00,-1.076,297.006,-8.744
2025-10-28 06:45:00,0.129,297.135,-8.615
2025-10-28 10:35:00,-1.089,296.046,-9.704
2025-10-28 11:15:00,-1.185,294.861,-10.889
2025-10-28 22:45:00,1.23,296.091,-9.659
2025-10-29 17:40:00,-1.078,295.013,-10.737
2025-10-29 18:35:00,-1.056,293.957,-11.793
2025-10-30 04:25:00,2.421,296.378,-9.372
2025-10-30 12:30:00,0.206,296.584,-9.166
2025-10-30 20:45:00,1.34,297.924,-7.826
2025-10-31 11:50:00,-1.096,296.828,-8.922
2025-11-01 00:45:00,-0.322,296.506,-9.244
2025-11-01 16:05:00,0.543,297.049,-8.701
2025-11-01 21:55:00,-1.137,295.912,-9.838
2025-11-01 23:55:00,-1.107,294.805,-10.945
2025-11-02 08:00:00,1.302,296.107,-9.643
2025-11-02 21:25:00,0.762,296.869,-8.881
2025-11-03 02:00:00,-1.098,295.771,-9.979
2025-11-03 06:45:00,2.452,298.223,-7.527
2025-11-03 07:20:00,-1.081,297.142,-8.608
2025-11-03 11:15:00,-1.101,296.041,-9.709
2025-11-03 15:30:00,2.445,298.486,-7.264
2025-11-03 23:35:00,-0.235,298.251,-7.499
2025-11-04 13:20:00,0.441,298.692,-7.058
2025-11-04 14:40:00,-1.084,297.608,-8.142
2025-11-05 00:25:00,0.759,298.367,-7.383
2025-11-05 02:10:00,-1.03,297.337,-8.413
2025-11-05 11:15:00,-1.101,296.236,-9.514
2025-11-05 20:25:00,0.333,296.569,-9.181
2025-11-06 05:05:00,0.334,296.903,-8.847
2025-11-06 13:40:00,-0.028,296.875,-8.875
2025-11-06 22:40:00,0.221,297.096,-8.654
2025-11-07 11:10:00,-0.332,296.764,-8.986
2025-11-07 14:45:00,-1.068,295.696,-10.054
2025-11-07 23:15:00,1.648,297.344,-8.406
2025-11-08 03:55:00,-1.051,296.293,-9.457
2025-11-08 22:50:00,-1.065,295.228,-10.522
2025-11-09 00:15:00,-1.142,294.086,-11.664
2025-11-09 09:35:00,0.611,294.697,-11.053
2025-11-09 10:55:00,-1.067,293.63,-12.12
2025-11-09 19:05:00,0.721,294.351,-11.399
2025-11-10 03:50:00,0.671,295.022,-10.728
2025-11-10 16:40:00,-1.046,293.976,-11.774
2025-11-11 05:55:00,-1.043,292.933,-12.817
2025-11-11 14:00:00,0.366,293.299,-12.451
2025-11-11 19:05:00,2.342,295.641,-10.109
2025-11-12 03:10:00,1.031,296.672,-9.078
2025-11-12 15:35:00,-1.059,295.613,-10.137
2025-11-12 23:40:00,0.64,296.253,-9.497
2025-11-13 11:30:00,-0.038,296.215,-9.535
2025-11-13 17:35:00,2.424,298.639,-7.111
2025-11-14 01:40:00,1.244,299.883,-5.867
2025-11-14 04:35:00,2.393,302.276,-3.474
2025-11-14 06:55:00,-1.029,301.247,-4.503
2025-11-14 17:35:00,0.13,301.377,-4.373
2025-11-15 04:40:00,-0.702,300.675,-5.075
2025-11-15 15:25:00,-1.107,299.568,-6.182
2025-11-16 04:55:00,-0.632,298.936,-6.814
2025-11-16 11:15:00,-1.105,297.831,-7.919
2025-11-16 17:15:00,2.444,300.275,-5.475
2025-11-16 18:10:00,-1.05,299.225,-6.525
2025-11-17 10:50:00,0.496,299.721,-6.029
2025-11-17 14:35:00,-1.081,298.64,-7.11
2025-11-17 16:05:00,-1.028,297.612,-8.138
2025-11-18 00:10:00,1.057,298.669,-7.081
2025-11-18 04:55:00,-1.048,297.621,-8.129
2025-11-19 04:35:00,2.384,300.005,-5.745
2025-11-19 10:05:00,-1.094,298.911,-6.839
2025-11-19 17:35:00,2.431,301.342,-4.408
2025-11-19 20:55:00,-1.068,300.274,-5.476
2025-11-20 07:25:00,-1.308,298.966,-6.784
2025-11-20 11:50:00,-1.139,297.827,-7.923
2025-11-20 15:50:00,-1.089,296.738,-9.012
2025-11-20 16:20:00,2.416,299.154,-6.596
2025-11-21 00:25:00,-0.081,299.073,-6.677
2025-11-21 07:30:00,2.445,301.518,-4.232
2025-11-21 15:35:00,0.028,301.546,-4.204
2025-11-21 16:50:00,-1.039,300.507,-5.243
2025-11-22 06:50:00,-0.787,299.72,-6.03
2025-11-22 09:35:00,-1.112,298.608,-7.142
2025-11-22 20:45:00,-0.419,298.189,-7.561
2025-11-23 12:35:00,-1.149,297.04,-8.71
2025-11-24 00:00:00,-1.098,295.942,-9.808
2025-11-24 02:05:00,-1.065,294.877,-10.873
2025-11-24 10:10:00,-0.435,294.442,-11.308
2025-11-24 14:50:00,-1.115,293.327,-12.423
2025-11-25 00:30:00,1.479,294.806,-10.944
2025-11-25 06:50:00,-1.298,293.508,-12.242
2025-11-25 09:25:00,-1.166,292.342,-13.408
2025-11-25 14:45:00,-1.094,291.248,-14.502
2025-11-25 23:50:00,1.276,292.524,-13.226
2025-11-26 17:45:00,2.398,294.922,-10.828
2025-11-27 01:50:00,1.358,296.28,-9.47
2025-11-27 02:50:00,-1.245,295.035,-10.715
2025-11-27 16:20:00,2.245,297.28,-8.47
2025-11-28 00:25:00,-0.465,296.815,-8.935
2025-11-28 11:10:00,-1.255,295.56,-10.19
2025-11-28 16:05:00,-1.196,294.364,-11.386
2025-11-29 06:15:00,-0.236,294.128,-11.622
2025-11-29 11:35:00,-1.16,292.968,-12.782
2025-11-29 14:05:00,-1.218,291.75,-14.0
2025-11-29 18:00:00,2.311,294.061,-11.689
2025-11-30 02:05:00,1.41,295.471,-10.279
2025-11-30 11:15:00,0.603,296.074,-9.676
2025-11-30 12:15:00,-1.213,294.861,-10.889
2025-12-01 00:00:00,2.409,297.27,-8.48
2025-12-01 03:25:00,2.443,299.713,-6.037
2025-12-01 11:30:00,-0.011,299.702,-6.048
2025-12-01 15:45:00,2.366,302.068,-3.682
2025-12-01 23:50:00,-0.453,301.615,-4.135
2025-12-02 14:25:00,-1.064,300.551,-5.199
2025-12-02 15:40:00,2.424,302.975,-2.775
2025-12-02 23:45:00,-0.024,302.951,-2.799
2025-12-03 06:00:00,2.388,305.339,-0.411
2025-12-03 14:00:00,-1.068,304.271,-1.479
2025-12-03 22:45:00,1.592,305.863,0.0
2025-12-04 17:35:00,-1.072,304.791,-1.072
2025-12-05 03:55:00,-1.301,303.49,-2.373
2025-12-05 08:40:00,2.306,305.796,-0.067
2025-12-05 12:10:00,2.417,308.213,0.0
2025-12-05 20:15:00,1.308,309.521,0.0
2025-12-06 01:20:00,-1.091,308.43,-1.091
2025-12-06 10:20:00,-1.228,307.202,-2.319
2025-12-07 00:35:00,-1.08,306.122,-3.399
2025-12-07 12:55:00,-0.218,305.904,-3.617
2025-12-07 14:25:00,2.374,308.278,-1.243
2025-12-07 15:55:00,-1.048,307.23,-2.291
2025-12-07 17:35:00,2.367,309.597,0.0
2025-12-07 22:05:00,-1.043,308.554,-1.043
2025-12-08 06:10:00,-0.819,307.735,-1.862
2025-12-08 14:20:00,-0.08,307.655,-1.942
2025-12-08 23:25:00,-0.284,307.371,-2.226
2025-12-09 02:45:00,-1.17,306.201,-3.396
2025-12-09 10:40:00,-1.081,305.12,-4.477
2025-12-09 12:20:00,-1.202,303.918,-5.679
2025-12-09 13:40:00,-1.229,302.689,-6.908
2025-12-09 16:00:00,2.423,305.112,-4.485
2025-12-10 00:05:00,0.589,305.701,-3.896
2025-12-10 10:25:00,-1.252,304.449,-5.148
2025-12-10 20:10:00,2.398,306.847,-2.75
2025-12-10 20:50:00,-1.047,305.8,-3.797
2025-12-11 02:10:00,2.432,308.232,-1.365
2025-12-11 10:15:00,0.448,308.68,-0.917
2025-12-11 16:05:00,2.396,311.076,0.0
2025-12-11 18:40:00,-1.044,310.032,-1.044
2025-12-12 01:20:00,-1.068,308.964,-2.112
2025-12-12 10:15:00,-0.15,308.814,-2.262
2025-12-12 15:25:00,2.366,311.18,0.0
2025-12-12 23:30:00,0.209,311.389,0.0
2025-12-13 12:20:00,-1.143,310.246,-1.143
2025-12-13 20:25:00,-0.547,309.699,-1.69
2025-12-14 01:15:00,-1.168,308.531,-2.858
2025-12-14 09:30:00,2.212,310.743,-0.646
2025-12-14 11:40:00,2.277,313.02,0.0
2025-12-14 19:45:00,0.083,313.103,0.0
2025-12-15 01:30:00,-1.113,311.99,-1.113
2025-12-15 07:15:00,-1.13,310.86,-2.243
2025-12-15 12:00:00,-1.178,309.682,-3.421
2025-12-15 14:50:00,2.318,312.0,-1.103
2025-12-15 18:30:00,2.447,314.447,0.0
2025-12-15 19:00:00,-1.103,313.344,-1.103
2025-12-16 04:45:00,2.332,315.676,0.0
2025-12-16 06:40:00,-1.072,314.604,-1.072
2025-12-16 15:50:00,-1.06,313.544,-2.132
2025-12-17 12:35:00,0.059,313.603,-2.073
2025-12-17 14:45:00,-1.09,312.513,-3.163
2025-12-17 16:15:00,-1.035,311.478,-4.198
2025-12-18 00:20:00,0.256,311.734,-3.942
2025-12-18 02:15:00,-1.119,310.615,-5.061
2025-12-18 11:30:00,-0.142,310.473,-5.203
2025-12-18 14:00:00,2.423,312.896,-2.78
2025-12-18 17:05:00,-1.027,311.869,-3.807
2025-12-19 01:10:00,0.932,312.801,-2.875
2025-12-19 03:00:00,-1.102,311.699,-3.977
2025-12-19 15:05:00,1.347,313.046,-2.63
2025-12-19 23:20:00,0.189,313.235,-2.441
2025-12-20 04:05:00,-1.199,312.036,-3.64
2025-12-20 07:15:00,-1.268,310.768,-4.908
2025-12-20 13:15:00,-1.138,309.63,-6.046
2025-12-20 17:10:00,-1.351,308.279,-7.397
2025-12-21 08:40:00,-1.137,307.142,-8.534
2025-12-21 13:05:00,-1.111,306.031,-9.645
2025-12-21 21:10:00,0.546,306.577,-9.099
2025-12-21 22:50:00,-1.195,305.382,-10.294
2025-12-22 07:05:00,-0.064,305.318,-10.358
2025-12-22 16:35:00,0.493,305.811,-9.865
2025-12-22 23:00:00,-1.111,304.7,-10.976
2025-12-23 05:30:00,-1.16,303.54,-12.136
2025-12-23 13:35:00,2.359,305.899,-9.777
2025-12-23 20:40:00,-1.091,304.808,-10.868
2025-12-24 02:10:00,-1.061,303.747,-11.929
2025-12-24 10:35:00,-0.189,303.558,-12.118
2025-12-24 22:15:00,-1.147,302.411,-13.265
2025-12-25 06:20:00,1.604,304.015,-11.661
2025-12-25 10:30:00,-1.107,302.908,-12.768
2025-12-25 14:25:00,-1.154,301.754,-13.922
2025-12-25 23:35:00,-1.071,300.683,-14.993
2025-12-26 02:10:00,-1.046,299.637,-16.039
2025-12-26 10:15:00,-0.003,299.634,-16.042
2025-12-26 22:50:00,-0.185,299.449,-16.227
2025-12-27 08:20:00,1.015,300.464,-15.212
2025-12-27 09:40:00,-1.323,299.141,-16.535
2025-12-27 13:30:00,-1.333,297.808,-17.868
2025-12-27 22:30:00,0.522,298.33,-17.346
2025-12-28 07:50:00,0.637,298.967,-16.709
2025-12-28 09:35:00,-1.24,297.727,-17.949
2025-12-28 18:15:00,-1.14,296.587,-19.089
2025-12-28 22:50:00,-1.136,295.451,-20.225
2025-12-29 02:05:00,2.358,297.809,-17.867
2025-12-29 10:10:00,-0.586,297.223,-18.453
2025-12-29 20:10:00,0.6,297.823,-17.853
2025-12-30 04:30:00,0.422,298.245,-17.431
2025-12-30 22:25:00,0.479,298.724,-16.952
2025-12-31 06:35:00,-0.236,298.488,-17.188
2025-12-31 08:05:00,-1.318,297.17,-18.506
2025-12-31 11:40:00,-1.168,296.002,-19.674
2025-12-31 15:10:00,-1.161,294.841,-20.835
2025-12-31 23:15:00,0.88,295.721,-19.955
2026-01-01 09:00:00,-1.167,294.554,-21.122
2026-01-01 17:30:00,2.342,296.896,-18.78
2026-01-01 18:35:00,2.375,299.271,-16.405
2026-01-01 19:40:00,2.442,301.713,-13.963
2026-01-02 03:45:00,0.917,302.63,-13.046
2026-01-02 11:45:00,-1.079,301.551,-14.125
2026-01-03 00:30:00,1.377,302.928,-12.748
2026-01-03 07:15:00,-1.074,301.854,-13.822
2026-01-03 12:50:00,2.378,304.232,-11.444
2026-01-03 15:05:00,-1.04,303.192,-12.484
2026-01-04 00:05:00,2.274,305.466,-10.21
2026-01-04 01:30:00,-1.165,304.301,-11.375
2026-01-04 05:35:00,-1.195,303.106,-12.57
2026-01-04 06:45:00,-1.115,301.991,-13.685
2026-01-04 16:20:00,2.306,304.297,-11.379
2026-01-04 18:35:00,-1.088,303.209,-12.467
2026-01-05 04:30:00,-1.067,302.142,-13.534
2026-01-05 08:55:00,-1.27,300.872,-14.804
2026-01-05 17:20:00,-1.102,299.77,-15.906
2026-01-05 22:15:00,2.393,302.163,-13.513
2026-01-06 00:30:00,-1.054,301.109,-14.567
2026-01-06 02:35:00,-1.041,300.068,-15.608
2026-01-06 14:10:00,2.343,302.411,-13.265
2026-01-06 15:10:00,-1.088,301.323,-14.353
2026-01-07 01:50:00,-1.079,300.244,-15.432
2026-01-07 09:20:00,-1.277,298.967,-16.709
2026-01-07 15:15:00,2.401,301.368,-14.308
2026-01-07 23:20:00,-0.641,300.727,-14.949
2026-01-08 14:10:00,1.64,302.367,-13.309
2026-01-08 15:15:00,-1.106,301.261,-14.415
2026-01-08 21:35:00,-1.087,300.174,-15.502
2026-01-09 15:25:00,-1.107,299.067,-16.609
2026-01-09 23:30:00,-0.534,298.533,-17.143
2026-01-10 07:10:00,-1.187,297.346,-18.33
2026-01-10 16:45:00,-1.268,296.078,-19.598
2026-01-10 22:20:00,2.204,298.282,-17.394
2026-01-11 06:25:00,-0.471,297.811,-17.865
2026-01-11 12:15:00,-1.253,296.558,-19.118
2026-01-11 15:45:00,-1.242,295.316,-20.36
2026-01-11 23:50:00,0.251,295.567,-20.109
2026-01-12 08:35:00,-1.057,294.51,-21.166
2026-01-12 15:35:00,-1.07,293.44,-22.236
2026-01-12 21:45:00,-1.049,292.391,-23.285
2026-01-13 04:10:00,-1.124,291.267,-24.409
2026-01-13 13:05:00,0.892,292.159,-23.517
2026-01-13 15:30:00,2.353,294.512,-21.164
2026-01-13 22:10:00,2.443,296.955,-18.721
2026-01-14 06:15:00,-0.114,296.841,-18.835
2026-01-14 22:50:00,-0.303,296.538,-19.138
2026-01-15 02:50:00,2.276,298.814,-16.862
2026-01-15 10:55:00,-0.442,298.372,-17.304
2026-01-15 13:25:00,-1.153,297.219,-18.457
2026-01-15 15:45:00,2.408,299.627,-16.049
2026-01-15 23:50:00,-0.038,299.589,-16.087
2026-01-16 05:35:00,-1.159,298.43,-17.246
2026-01-16 15:25:00,2.227,300.657,-15.019
2026-01-16 23:30:00,0.092,300.749,-14.927
2026-01-17 14:35:00,2.178,302.927,-12.749
2026-01-17 22:40:00,-0.901,302.026,-13.65
2026-01-18 09:15:00,0.901,302.927,-12.749
2026-01-18 18:25:00,-1.215,301.712,-13.964
2026-01-18 23:20:00,-1.101,300.611,-15.065
2026-01-19 00:00:00,2.443,303.054,-12.622
2026-01-19 08:05:00,-0.027,303.027,-12.649
2026-01-19 14:20:00,-1.222,301.805,-13.871
2026-01-20 06:15:00,1.656,303.461,-12.215
2026-01-20 14:20:00,0.763,304.224,-11.452
2026-01-20 23:10:00,0.891,305.115,-10.561
2026-01-21 12:20:00,2.388,307.503,-8.173
2026-01-21 14:10:00,-1.058,306.445,-9.231
2026-01-21 19:30:00,-1.026,305.419,-10.257
2026-01-22 03:35:00,0.038,305.457,-10.219
2026-01-22 15:25:00,2.381,307.838,-7.838
2026-01-22 23:30:00,-0.613,307.225,-8.451
2026-01-23 07:15:00,-1.144,306.081,-9.595
2026-01-23 15:20:00,0.795,306.876,-8.8
2026-01-23 19:30:00,-1.075,305.801,-9.875
2026-01-24 03:35:00,-0.118,305.683,-9.993
2026-01-24 12:30:00,-1.315,304.368,-11.308
2026-01-24 16:15:00,2.233,306.601,-9.075
2026-01-24 22:10:00,-1.115,305.486,-10.19
2026-01-25 03:20:00,2.177,307.663,-8.013
2026-01-25 10:20:00,-1.185,306.478,-9.198
2026-01-25 16:15:00,2.382,308.86,-6.816
2026-01-26 00:20:00,0.188,309.048,-6.628
2026-01-26 17:30:00,-1.097,307.951,-7.725
2026-01-26 18:30:00,-1.083,306.868,-8.808
2026-01-26 21:40:00,-1.17,305.698,-9.978
2026-01-27 09:15:00,-1.09,304.608,-11.068
2026-01-27 14:15:00,-1.235,303.373,-12.303
2026-01-27 16:00:00,-1.103,302.27,-13.406
2026-01-27 17:40:00,-1.081,301.189,-14.487
2026-01-27 20:15:00,-1.035,300.154,-15.522
2026-01-28 04:20:00,0.471,300.625,-15.051
2026-01-28 08:35:00,-1.131,299.494,-16.182
2026-01-28 15:10:00,-1.116,298.378,-17.298
2026-01-29 01:25:00,-1.069,297.309,-18.367
2026-01-29 02:30:00,2.326,299.635,-16.041
2026-01-29 10:35:00,1.089,300.724,-14.952
2026-01-29 14:45:00,2.348,303.072,-12.604
2026-01-29 18:50:00,2.445,305.517,-10.159
2026-01-29 21:00:00,-1.052,304.465,-11.211
2026-01-30 09:45:00,-0.104,304.361,-11.315
2026-01-31 06:25:00,2.298,306.659,-9.017
2026-01-31 14:10:00,2.407,309.066,-6.61
2026-01-31 17:10:00,2.433,311.499,-4.177
2026-02-01 01:15:00,-0.649,310.85,-4.826
2026-02-01 07:40:00,-1.182,309.668,-6.008
2026-02-01 18:45:00,0.59,310.258,-5.418
2026-02-02 11:20:00,-0.731,309.527,-6.149
2026-02-02 22:35:00,0.122,309.649,-6.027
2026-02-03 03:55:00,-1.133,308.516,-7.16
2026-02-03 12:00:00,-0.473,308.043,-7.633
2026-02-03 14:35:00,-1.111,306.932,-8.744
2026-02-03 15:50:00,-1.081,305.851,-9.825
2026-02-03 17:05:00,-1.046,304.805,-10.871
2026-02-03 20:30:00,-1.044,303.761,-11.915
2026-02-04 04:35:00,-0.282,303.479,-12.197
2026-02-04 14:55:00,2.383,305.862,-9.814
2026-02-04 19:55:00,-1.049,304.813,-10.863
2026-02-05 05:55:00,0.387,305.2,-10.476
2026-02-05 14:10:00,1.16,306.36,-9.316
2026-02-05 23:05:00,1.067,307.427,-8.249
2026-02-06 05:50:00,-1.011,306.416,-9.26
2026-02-06 17:30:00,2.438,308.854,-6.822
2026-02-06 18:05:00,-1.044,307.81,-7.866
2026-02-07 00:25:00,-1.057,306.753,-8.923
2026-02-07 06:50:00,-1.103,305.65,-10.026
2026-02-07 15:10:00,-0.293,305.357,-10.319
2026-02-08 00:10:00,-0.228,305.129,-10.547
2026-02-08 08:00:00,-1.19,303.939,-11.737
2026-02-08 16:05:00,-0.063,303.876,-11.8
2026-02-08 18:35:00,-1.114,302.762,-12.914
2026-02-08 23:00:00,-1.114,301.648,-14.028
2026-02-09 07:40:00,-0.043,301.605,-14.071
2026-02-09 08:30:00,2.317,303.922,-11.754
2026-02-09 16:35:00,-0.489,303.433,-12.243
2026-02-10 00:45:00,-0.439,302.994,-12.682
2026-02-10 11:10:00,1.455,304.449,-11.227
2026-02-10 14:15:00,-1.152,303.297,-12.379
2026-02-10 22:45:00,0.268,303.565,-12.111
2026-02-11 12:40:00,0.749,304.314,-11.362
2026-02-11 23:00:00,-0.369,303.945,-11.731
2026-02-12 00:35:00,-1.071,302.874,-12.802
2026-02-12 14:30:00,0.927,303.801,-11.875
2026-02-12 15:50:00,-1.067,302.734,-12.942
2026-02-13 00:05:00,-0.737,301.997,-13.679
2026-02-13 15:25:00,2.426,304.423,-11.253
2026-02-13 23:30:00,-0.104,304.319,-11.357
2026-02-14 11:50:00,2.347,306.666,-9.01
2026-02-14 19:55:00,1.72,308.386,-7.29
2026-02-15 03:35:00,-1.074,307.312,-8.364
2026-02-15 08:30:00,-1.119,306.193,-9.483
2026-02-15 13:40:00,2.359,308.552,-7.124
2026-02-15 21:45:00,0.463,309.015,-6.661
2026-02-16 09:35:00,-1.082,307.933,-7.743
2026-02-16 11:05:00,-1.127,306.806,-8.87
2026-02-16 12:25:00,-1.095,305.711,-9.965
2026-02-16 14:25:00,-1.06,304.651,-11.025
2026-02-16 22:30:00,-0.766,303.885,-11.791
2026-02-17 05:20:00,-1.109,302.776,-12.9
2026-02-17 13:25:00,-0.35,302.426,-13.25
2026-02-17 16:35:00,-1.069,301.357,-14.319
2026-02-18 02:05:00,-1.281,300.076,-15.6
2026-02-18 15:35:00,-1.075,299.001,-16.675
2026-02-19 02:25:00,0.193,299.194,-16.482
2026-02-19 06:30:00,-1.124,298.07,-17.606
2026-02-19 16:35:00,-0.624,297.446,-18.23
2026-02-20 04:20:00,-1.345,296.101,-19.575
2026-02-20 05:30:00,-1.133,294.968,-20.708
2026-02-20 07:30:00,2.407,297.375,-18.301
2026-02-20 13:30:00,-1.038,296.337,-19.339
2026-02-20 15:00:00,-1.063,295.274,-20.402
2026-02-20 23:05:00,0.192,295.466,-20.21
2026-02-21 10:25:00,1.105,296.571,-19.105
2026-02-21 14:20:00,2.302,298.873,-16.803
2026-02-21 15:25:00,-1.076,297.797,-17.879
2026-02-21 19:50:00,-1.247,296.55,-19.126
2026-02-22 03:15:00,2.373,298.923,-16.753
2026-02-22 11:20:00,-0.079,298.844,-16.832
2026-02-22 20:10:00,1.769,300.613,-15.063
2026-02-22 21:45:00,-1.31,299.303,-16.373
2026-02-23 01:05:00,2.414,301.717,-13.959
2026-02-23 09:10:00,-0.103,301.614,-14.062
2026-02-23 20:10:00,2.424,304.038,-11.638
2026-02-23 22:15:00,-1.06,302.978,-12.698
2026-02-24 01:30:00,-1.085,301.893,-13.783
2026-02-24 11:25:00,-1.082,300.811,-14.865
2026-02-24 14:50:00,-1.086,299.725,-15.951
2026-02-25 01:20:00,2.419,302.144,-13.532
2026-02-25 09:25:00,0.096,302.24,-13.436
2026-02-25 11:20:00,2.405,304.645,-11.031
2026-02-25 12:50:00,2.44,307.085,-8.591
2026-02-25 20:55:00,1.03,308.115,-7.561
2026-02-26 05:10:00,-1.124,306.991,-8.685
2026-02-26 14:30:00,-1.194,305.797,-9.879
2026-02-26 14:45:00,-1.184,304.613,-11.063
2026-02-26 19:00:00,-1.046,303.567,-12.109
2026-02-27 03:05:00,0.062,303.629,-12.047
2026-02-27 09:35:00,-1.159,302.47,-13.206
2026-02-27 17:30:00,2.432,304.902,-10.774
2026-02-28 01:35:00,-0.316,304.586,-11.09
2026-02-28 06:15:00,2.314,306.9,-8.776
2026-02-28 08:50:00,2.419,309.319,-6.357
2026-02-28 13:45:00,-1.055,308.264,-7.412
2026-02-28 21:00:00,2.439,310.703,-4.973
2026-03-01 05:05:00,0.678,311.381,-4.295
2026-03-01 16:45:00,-1.061,310.32,-5.356
2026-03-02 00:50:00,-0.465,309.855,-5.821
2026-03-02 06:15:00,-1.067,308.788,-6.888
2026-03-02 14:20:00,0.181,308.969,-6.707
2026-03-02 15:20:00,2.425,311.394,-4.282
2026-03-02 23:25:00,-0.405,310.989,-4.687
2026-03-03 13:50:00,0.941,311.93,-3.746
2026-03-03 14:30:00,-1.118,310.812,-4.864
2026-03-03 15:35:00,-1.072,309.74,-5.936
2026-03-03 23:45:00,0.534,310.274,-5.402
2026-03-04 08:00:00,-1.082,309.192,-6.484
2026-03-04 14:30:00,2.426,311.618,-4.058
2026-03-04 22:35:00,0.312,311.93,-3.746
2026-03-05 15:25:00,-1.085,310.845,-4.831
2026-03-05 19:20:00,-1.078,309.767,-5.909
2026-03-06 03:25:00,-0.233,309.534,-6.142
2026-03-06 07:20:00,-1.126,308.408,-7.268
2026-03-06 09:10:00,-1.105,307.303,-8.373
2026-03-06 14:00:00,2.409,309.712,-5.964
2026-03-06 22:05:00,0.31,310.022,-5.654
2026-03-07 12:10:00,-0.412,309.61,-6.066
2026-03-08 02:05:00,0.988,310.598,-5.078
2026-03-08 09:15:00,-1.226,309.372,-6.304
2026-03-08 12:25:00,-1.147,308.225,-7.451
2026-03-08 21:30:00,-0.067,308.158,-7.518
2026-03-09 00:35:00,-1.042,307.116,-8.56
2026-03-09 11:10:00,0.323,307.439,-8.237
2026-03-09 19:25:00,2.394,309.833,-5.843
2026-03-09 23:45:00,-1.042,308.791,-6.885
2026-03-10 02:40:00,2.289,311.08,-4.596
2026-03-10 10:45:00,0.135,311.215,-4.461
2026-03-10 23:00:00,-0.394,310.821,-4.855
2026-03-11 05:40:00,-1.09,309.731,-5.945
2026-03-11 12:05:00,-1.113,308.618,-7.058
2026-03-11 15:30:00,-1.067,307.551,-8.125
2026-03-12 07:30:00,-1.205,306.346,-9.33
2026-03-12 14:30:00,-1.178,305.168,-10.508
2026-03-13 00:15:00,2.316,307.484,-8.192
2026-03-13 08:20:00,0.559,308.043,-7.633
2026-03-13 17:35:00,-1.062,306.981,-8.695
2026-03-13 21:25:00,-1.178,305.803,-9.873
2026-03-14 06:05:00,0.325,306.128,-9.548
2026-03-14 14:25:00,0.847,306.975,-8.701
2026-03-14 16:25:00,-1.281,305.694,-9.982
2026-03-15 07:05:00,0.304,305.998,-9.678
2026-03-15 16:15:00,-1.167,304.831,-10.845
2026-03-15 17:50:00,-1.255,303.576,-12.1
2026-03-15 18:50:00,-1.102,302.474,-13.202
2026-03-15 20:30:00,-1.095,301.379,-14.297
2026-03-15 22:40:00,2.325,303.704,-11.972
2026-03-16 03:30:00,2.428,306.132,-9.544
2026-03-16 11:35:00,-0.346,305.786,-9.89
2026-03-16 22:10:00,2.368,308.154,-7.522
2026-03-17 03:40:00,-1.083,307.071,-8.605
2026-03-17 08:55:00,-1.109,305.962,-9.714
2026-03-17 21:35:00,0.439,306.401,-9.275
2026-03-17 22:30:00,-1.175,305.226,-10.45
2026-03-18 02:30:00,-1.153,304.073,-11.603
2026-03-18 10:35:00,-0.876,303.197,-12.479
2026-03-18 12:30:00,2.401,305.598,-10.078
2026-03-18 20:35:00,0.225,305.823,-9.853
2026-03-19 03:15:00,-1.169,304.654,-11.022
2026-03-19 07:20:00,2.326,306.98,-8.696
2026-03-19 15:25:00,0.471,307.451,-8.225
2026-03-19 19:00:00,-1.089,306.362,-9.314
2026-03-20 01:00:00,-1.112,305.25,-10.426
2026-03-20 19:40:00,-0.107,305.143,-10.533
2026-03-21 07:45:00,-1.239,303.904,-11.772
2026-03-21 16:25:00,0.477,304.381,-11.295
2026-03-21 23:50:00,2.219,306.6,-9.076
2026-03-22 07:55:00,0.144,306.744,-8.932
2026-03-22 16:00:00,1.452,308.196,-7.48
2026-03-22 22:25:00,-1.106,307.09,-8.586
2026-03-23 11:05:00,-1.089,306.001,-9.675
2026-03-23 19:10:00,0.084,306.085,-9.591
2026-03-24 00:35:00,-1.282,304.803,-10.873
2026-03-24 11:15:00,-1.124,303.679,-11.997
2026-03-24 20:20:00,-1.105,302.574,-13.102
2026-03-25 04:30:00,0.539,303.113,-12.563
2026-03-25 11:30:00,2.256,305.369,-10.307
2026-03-25 12:20:00,-1.136,304.233,-11.443
2026-03-26 02:05:00,-1.174,303.059,-12.617
2026-03-26 05:55:00,2.281,305.34,-10.336
2026-03-26 14:00:00,1.179,306.519,-9.157
2026-03-26 23:10:00,0.513,307.032,-8.644
2026-03-27 10:35:00,2.401,309.433,-6.243
2026-03-27 18:40:00,0.487,309.92,-5.756
2026-03-28 06:15:00,-1.132,308.788,-6.888
2026-03-29 01:55:00,1.486,310.274,-5.402
2026-03-29 15:10:00,0.463,310.737,-4.939
2026-03-29 22:45:00,2.38,313.117,-2.559
2026-03-30 00:15:00,-1.035,312.082,-3.594
2026-03-30 08:15:00,2.385,314.467,-1.209
2026-03-30 16:20:00,-0.341,314.126,-1.55
2026-03-31 01:20:00,-1.088,313.038,-2.638
2026-03-31 09:10:00,-1.059,311.979,-3.697
2026-03-31 14:15:00,-1.078,310.901,-4.775
2026-03-31 16:40:00,-1.069,309.832,-5.844
2026-04-01 01:30:00,-1.161,308.671,-7.005
2026-04-01 06:05:00,2.411,311.082,-4.594
2026-04-01 14:10:00,-0.221,310.861,-4.815
2026-04-01 18:00:00,-1.076,309.785,-5.891
2026-04-02 01:05:00,-1.095,308.69,-6.986
2026-04-02 01:25:00,2.335,311.025,-4.651
2026-04-02 09:30:00,1.599,312.624,-3.052
2026-04-02 10:40:00,-1.307,311.317,-4.359
2026-04-02 14:10:00,-1.146,310.171,-5.505
2026-04-03 00:55:00,-1.07,309.101,-6.575
2026-04-03 13:30:00,1.046,310.147,-5.529
2026-04-03 18:25:00,-1.148,308.999,-6.677
2026-04-04 08:55:00,0.339,309.338,-6.338
2026-04-04 10:40:00,-1.285,308.053,-7.623
2026-04-04 14:35:00,-1.199,306.854,-8.822
2026-04-04 15:00:00,-1.179,305.675,-10.001
2026-04-04 23:05:00,0.756,306.431,-9.245
2026-04-05 06:10:00,2.304,308.735,-6.941
2026-04-05 14:15:00,-0.153,308.582,-7.094
2026-04-06 00:25:00,2.422,311.004,-4.672
2026-04-06 08:30:00,0.565,311.569,-4.107
2026-04-06 23:00:00,2.372,313.941,-1.735
2026-04-07 07:05:00,1.127,315.068,-0.608
2026-04-07 18:55:00,-0.255,314.813,-0.863
2026-04-07 22:55:00,2.441,317.254,0.0
2026-04-08 07:00:00,0.092,317.346,0.0
2026-04-08 14:05:00,-1.064,316.282,-1.064
2026-04-09 06:30:00,0.76,317.042,-0.304
2026-04-09 11:30:00,-1.241,315.801,-1.545
2026-04-09 14:45:00,-1.135,314.666,-2.68
2026-04-09 22:15:00,2.434,317.1,-0.246
2026-04-10 00:15:00,-1.042,316.058,-1.288
2026-04-10 06:45:00,-1.119,314.939,-2.407
2026-04-10 15:20:00,2.353,317.292,-0.054
2026-04-10 15:40:00,-1.102,316.19,-1.156
2026-04-11 00:45:00,-1.073,315.117,-2.229
2026-04-11 12:20:00,0.312,315.429,-1.917
2026-04-11 15:15:00,-1.21,314.219,-3.127
2026-04-11 19:30:00,2.386,316.605,-0.741
2026-04-11 22:50:00,-1.055,315.55,-1.796
2026-04-12 07:25:00,2.407,317.957,0.0
2026-04-12 15:30:00,0.73,318.687,0.0
2026-04-12 16:40:00,-1.21,317.477,-1.21
2026-04-13 06:05:00,-0.503,316.974,-1.713
2026-04-13 10:50:00,-1.112,315.862,-2.825
2026-04-13 12:40:00,-1.115,314.747,-3.94
2026-04-13 20:55:00,0.722,315.469,-3.218
2026-04-14 06:20:00,-0.388,315.081,-3.606
2026-04-14 15:05:00,-1.143,313.938,-4.749
2026-04-15 02:40:00,-0.2,313.738,-4.949
2026-04-15 07:05:00,-1.106,312.632,-6.055
2026-04-15 08:20:00,-1.246,311.386,-7.301
2026-04-15 15:30:00,-1.101,310.285,-8.402
2026-04-15 21:15:00,-1.117,309.168,-9.519
2026-04-16 02:25:00,-1.179,307.989,-10.698
2026-04-16 10:15:00,-1.076,306.913,-11.774
2026-04-16 12:00:00,-1.062,305.851,-12.836
2026-04-16 13:50:00,-1.077,304.774,-13.913
2026-04-16 16:00:00,-1.035,303.739,-14.948
2026-04-17 00:05:00,0.293,304.032,-14.655
2026-04-17 07:05:00,-1.121,302.911,-15.776
2026-04-17 14:35:00,2.428,305.339,-13.348
2026-04-17 15:30:00,-1.076,304.263,-14.424
2026-04-18 16:30:00,0.983,305.246,-13.441
2026-04-19 01:15:00,1.046,306.292,-12.395
2026-04-19 03:45:00,-1.201,305.091,-13.596
2026-04-19 13:15:00,-1.085,304.006,-14.681
2026-04-19 23:35:00,1.956,305.962,-12.725
2026-04-20 06:40:00,-1.124,304.838,-13.849
2026-04-21 02:05:00,-0.088,304.75,-13.937
2026-04-21 13:10:00,-0.124,304.626,-14.061
2026-04-22 03:05:00,2.39,307.016,-11.671
2026-04-22 11:10:00,-0.143,306.873,-11.814
2026-04-23 00:15:00,2.344,309.217,-9.47
2026-04-23 08:20:00,0.589,309.806,-8.881
2026-04-23 11:45:00,-1.212,308.594,-10.093
2026-04-23 17:30:00,-1.087,307.507,-11.18
2026-04-23 23:45:00,-1.074,306.433,-12.254
2026-04-24 03:20:00,-1.148,305.285,-13.402
2026-04-24 10:55:00,-1.104,304.181,-14.506
2026-04-24 19:00:00,0.49,304.671,-14.016
2026-04-24 22:35:00,-1.164,303.507,-15.18
2026-04-25 05:15:00,-1.176,302.331,-16.356
2026-04-25 19:40:00,1.447,303.778,-14.909
2026-04-26 02:10:00,-1.302,302.476,-16.211
2026-04-26 13:15:00,0.027,302.503,-16.184
2026-04-26 21:40:00,-1.125,301.378,-17.309
2026-04-27 04:00:00,-1.219,300.159,-18.528
2026-04-27 06:30:00,2.387,302.546,-16.141
2026-04-27 14:35:00,-1.119,301.427,-17.26
2026-04-27 23:20:00,-0.587,300.84,-17.847
2026-04-28 10:40:00,-0.029,300.811,-17.876
2026-04-28 19:20:00,-0.403,300.408,-18.279
2026-04-29 03:00:00,-1.328,299.08,-19.607
2026-04-29 11:20:00,1.173,300.253,-18.434
2026-04-29 18:05:00,2.383,302.636,-16.051
2026-04-30 00:50:00,-1.042,301.594,-17.093
2026-04-30 02:35:00,-1.114,300.48,-18.207
2026-04-30 10:50:00,-0.417,300.063,-18.624
2026-04-30 21:35:00,-0.0,300.063,-18.624
2026-05-01 00:00:00,-1.293,298.77,-19.917
2026-05-01 06:35:00,-1.106,297.664,-21.023
2026-05-01 08:15:00,-1.302,296.362,-22.325
2026-05-01 13:50:00,2.245,298.607,-20.08
2026-05-01 15:50:00,-1.125,297.482,-21.205
2026-05-02 04:20:00,0.223,297.705,-20.982
2026-05-02 12:45:00,-0.239,297.466,-21.221
2026-05-02 13:10:00,-1.48,295.986,-22.701
2026-05-02 21:35:00,2.22,298.206,-20.481
2026-05-03 00:10:00,-1.159,297.047,-21.64
2026-05-03 06:05:00,2.328,299.375,-19.312
2026-05-03 06:50:00,-1.329,298.046,-20.641
2026-05-03 09:45:00,-1.173,296.873,-21.814
2026-05-03 21:40:00,-1.294,295.579,-23.108
2026-05-03 22:10:00,-1.121,294.458,-24.229
2026-05-04 00:00:00,-1.09,293.368,-25.319
2026-05-04 01:55:00,-1.076,292.292,-26.395
2026-05-04 10:00:00,-0.214,292.078,-26.609
2026-05-04 18:10:00,-0.87,291.208,-27.479
2026-05-04 21:45:00,-1.101,290.107,-28.58
2026-05-05 07:20:00,2.287,292.394,-26.293
2026-05-05 15:25:00,0.696,293.09,-25.597
2026-05-05 22:40:00,-1.269,291.821,-26.866
2026-05-06 09:45:00,2.02,293.841,-24.846
2026-05-06 13:05:00,-1.185,292.656,-26.031
2026-05-06 23:00:00,-1.108,291.548,-27.139
2026-05-07 12:35:00,0.824,292.372,-26.315
2026-05-07 13:45:00,-1.129,291.243,-27.444
2026-05-07 22:35:00,-0.041,291.202,-27.485
2026-05-08 15:00:00,2.377,293.579,-25.108
2026-05-08 23:05:00,1.304,294.883,-23.804
2026-05-09 09:05:00,-0.537,294.346,-24.341
2026-05-10 01:25:00,-0.721,293.625,-25.062
2026-05-10 08:20:00,2.232,295.857,-22.83
2026-05-10 16:25:00,1.27,297.127,-21.56
2026-05-10 20:45:00,-1.083,296.044,-22.643
2026-05-11 13:35:00,-0.533,295.511,-23.176
2026-05-11 23:35:00,-0.325,295.186,-23.501
2026-05-12 09:05:00,2.342,297.528,-21.159
2026-05-12 13:55:00,2.345,299.873,-18.814
2026-05-12 22:00:00,-0.953,298.92,-19.767
2026-05-13 01:00:00,-1.196,297.724,-20.963
2026-05-13 10:25:00,1.209,298.933,-19.754
2026-05-13 14:00:00,2.398,301.331,-17.356
2026-05-13 22:05:00,0.18,301.511,-17.176
2026-05-13 22:50:00,-1.185,300.326,-18.361
2026-05-14 10:55:00,0.392,300.718,-17.969
2026-05-14 15:50:00,2.384,303.102,-15.585
2026-05-14 16:50:00,-1.126,301.976,-16.711
2026-05-15 05:35:00,2.317,304.293,-14.394
2026-05-15 13:40:00,0.951,305.244,-13.443
2026-05-15 21:45:00,0.077,305.321,-13.366
2026-05-16 12:35:00,1.442,306.763,-11.924
2026-05-17 01:35:00,2.179,308.942,-9.745
2026-05-17 03:45:00,-1.159,307.783,-10.904
2026-05-17 09:50:00,-1.208,306.575,-12.112
2026-05-17 21:15:00,0.083,306.658,-12.029
2026-05-17 23:40:00,2.363,309.021,-9.666
2026-05-18 07:45:00,-0.202,308.819,-9.868
2026-05-18 11:35:00,-1.133,307.686,-11.001
2026-05-18 19:40:00,-1.091,306.595,-12.092
2026-05-19 05:30:00,0.103,306.698,-11.989
2026-05-19 11:40:00,2.183,308.881,-9.806
2026-05-19 17:00:00,-1.109,307.772,-10.915
2026-05-20 05:05:00,-1.199,306.573,-12.114
2026-05-20 13:15:00,0.414,306.987,-11.7
2026-05-20 22:35:00,-0.28,306.707,-11.98
2026-05-21 07:55:00,2.343,309.05,-9.637
2026-05-21 10:10:00,-1.102,307.948,-10.739
2026-05-21 22:00:00,1.605,309.553,-9.134
2026-05-22 10:05:00,0.128,309.681,-9.006
2026-05-22 14:05:00,-1.135,308.546,-10.141
2026-05-23 02:35:00,1.277,309.823,-8.864
2026-05-23 07:45:00,2.262,312.085,-6.602
2026-05-23 15:05:00,-1.07,311.015,-7.672
2026-05-23 20:35:00,2.374,313.389,-5.298
2026-05-24 04:40:00,-0.596,312.793,-5.894
2026-05-24 08:15:00,-1.248,311.545,-7.142
2026-05-24 14:15:00,2.32,313.865,-4.822
2026-05-24 22:20:00,-0.211,313.654,-5.033
2026-05-25 10:15:00,2.364,316.018,-2.669
2026-05-25 18:20:00,0.095,316.113,-2.574
2026-05-26 01:35:00,2.312,318.425,-0.262
2026-05-26 05:35:00,-1.095,317.33,-1.357
2026-05-26 07:15:00,-1.139,316.191,-2.496
2026-05-26 15:30:00,-1.06,315.131,-3.556
2026-05-26 23:35:00,0.581,315.712,-2.975
2026-05-27 06:30:00,-1.145,314.567,-4.12
2026-05-27 12:20:00,-1.113,313.454,-5.233
2026-05-27 15:10:00,-1.107,312.347,-6.34
2026-05-27 18:10:00,-1.06,311.287,-7.4
2026-05-27 19:00:00,-1.121,310.166,-8.521
2026-05-28 05:45:00,1.705,311.871,-6.816
2026-05-28 12:35:00,-1.245,310.626,-8.061
2026-05-29 04:05:00,0.796,311.422,-7.265
2026-05-29 06:00:00,-1.101,310.321,-8.366
2026-05-29 13:10:00,2.257,312.578,-6.109
2026-05-29 14:40:00,2.341,314.919,-3.768
2026-05-29 15:15:00,-1.05,313.869,-4.818
2026-05-30 01:30:00,-1.079,312.79,-5.897
2026-05-30 04:30:00,-1.095,311.695,-6.992
