entry_time,exit_time,side,entry,exit,sl,tp,R,net_R,reason,hold_bars
2022-01-01 03:50:00,2022-01-01 05:30:00,S,109.125,110.92777617942087,110.92777617942087,104.61805955144781,-1.0,-1.067,sl,20
2022-01-01 15:25:00,2022-01-01 15:30:00,S,109.53,110.14273049692288,110.14273049692288,107.9981737576928,-1.0,-1.197,sl,1
2022-01-01 16:30:00,2022-01-01 17:40:00,L,110.675,114.48384966298875,109.1514601348045,114.48384966298875,2.5,2.42,tp,14
2022-01-01 17:45:00,2022-01-02 01:45:00,L,113.955,114.84,110.26356123938507,123.18359690153733,0.24,0.206,time,96
2022-01-02 11:25:00,2022-01-02 12:00:00,L,116.16,115.26087707360935,115.26087707360935,118.40780731597661,-1.0,-1.142,sl,7
2022-01-02 16:55:00,2022-01-02 18:25:00,L,115.875,113.84720565477913,113.84720565477913,120.94448586305217,-1.0,-1.063,sl,18
2022-01-02 19:25:00,2022-01-03 03:25:00,S,112.335,112.285,114.6569111563421,106.53022210914472,0.022,-0.032,time,96
2022-01-03 03:35:00,2022-01-03 05:40:00,S,111.725,112.93009906325108,112.93009906325108,108.71225234187229,-1.0,-1.102,sl,25
2022-01-03 10:35:00,2022-01-03 13:25:00,S,110.395,112.45662555592855,112.45662555592855,105.24093611017861,-1.0,-1.059,sl,34
2022-01-03 15:55:00,2022-01-03 23:55:00,S,110.81,108.135,112.99370547258654,105.35073631853365,1.225,1.169,time,96
2022-01-04 01:05:00,2022-01-04 09:05:00,S,106.53,106.615,108.52184999407655,101.55037501480864,-0.043,-0.102,time,96
2022-01-04 18:35:00,2022-01-05 02:35:00,S,106.63,105.345,108.88247980180836,100.99880049547909,0.57,0.518,time,96
2022-01-05 11:35:00,2022-01-05 17:55:00,S,105.125,102.13791203064284,106.31983518774287,102.13791203064284,2.5,2.403,tp,76
2022-01-05 18:00:00,2022-01-05 22:10:00,S,102.27,95.46154000382799,104.9933839984688,95.46154000382799,2.5,2.459,tp,50
2022-01-05 22:15:00,2022-01-06 06:15:00,S,94.51,94.37,98.69689850115944,84.04275374710141,0.033,0.009,time,96
2022-01-06 09:10:00,2022-01-06 14:35:00,S,93.065,94.75443005464213,94.75443005464213,88.84142486339468,-1.0,-1.061,sl,65
2022-01-06 21:30:00,2022-01-07 02:10:00,S,94.895,92.71052092738117,95.76879162904753,92.71052092738117,2.5,2.381,tp,56
2022-01-07 02:15:00,2022-01-07 03:25:00,S,92.735,89.44094310170912,94.05262275931635,89.44094310170912,2.5,2.423,tp,14
2022-01-07 03:30:00,2022-01-07 11:30:00,S,90.015,90.12,93.18751545518441,82.08371136203897,-0.033,-0.064,time,96
2022-01-07 13:40:00,2022-01-07 21:40:00,S,89.205,88.08,91.81257215852773,82.68606960368066,0.431,0.394,time,96
2022-01-07 22:35:00,2022-01-08 01:00:00,S,86.775,88.37050414446558,88.37050414446558,82.78623963883607,-1.0,-1.06,sl,29
2022-01-08 10:45:00,2022-01-08 15:00:00,S,87.365,85.3209431488446,88.18262274046215,85.3209431488446,2.5,2.382,tp,51
2022-01-08 15:05:00,2022-01-08 23:05:00,S,84.625,84.395,86.91882446746303,78.89043883134244,0.1,0.06,time,96
2022-01-09 08:25:00,2022-01-09 11:05:00,S,84.115,85.26384777685269,85.26384777685269,81.24288055786826,-1.0,-1.081,sl,32
2022-01-09 16:05:00,2022-01-10 00:05:00,L,87.35,89.625,83.33957620154939,97.3760594961265,0.567,0.543,time,96
2022-01-10 04:35:00,2022-01-10 06:50:00,L,90.085,88.62365308383386,88.62365308383386,93.73836729041534,-1.0,-1.068,sl,27
2022-01-10 11:15:00,2022-01-10 13:25:00,S,86.985,83.4397736206551,88.40309055173796,83.4397736206551,2.5,2.433,tp,26
2022-01-10 13:30:00,2022-01-10 21:30:00,S,83.68,84.415,86.85770447711454,75.73573880721368,-0.231,-0.26,time,96
2022-01-11 01:00:00,2022-01-11 01:35:00,S,83.195,84.70534336271555,84.70534336271555,79.4191415932111,-1.0,-1.061,sl,7
2022-01-11 14:40:00,2022-01-11 15:05:00,S,85.22,86.54902187148562,86.54902187148562,81.89744532128594,-1.0,-1.071,sl,5
2022-01-11 16:15:00,2022-01-12 00:15:00,L,87.845,89.46,85.67677025192357,93.26557437019108,0.745,0.7,time,96
2022-01-12 05:55:00,2022-01-12 09:25:00,L,90.35,93.52143756438689,89.08142497424524,93.52143756438689,2.5,2.422,tp,42
2022-01-12 09:30:00,2022-01-12 17:30:00,L,93.1,95.255,90.62515148220973,99.28712129447565,0.871,0.829,time,96
2022-01-12 21:05:00,2022-01-13 01:35:00,L,95.15,93.84644207202423,93.84644207202423,98.40889481993943,-1.0,-1.08,sl,54
2022-01-13 06:40:00,2022-01-13 11:15:00,L,94.47,93.61037391524671,93.61037391524671,96.61906521188322,-1.0,-1.121,sl,55
2022-01-13 13:55:00,2022-01-13 15:15:00,L,95.09,94.03262890984585,94.03262890984585,97.73342772538538,-1.0,-1.099,sl,16
2022-01-13 17:20:00,2022-01-14 01:20:00,S,91.715,89.675,94.56699796578498,84.58500508553757,0.715,0.68,time,96
2022-01-14 08:05:00,2022-01-14 16:05:00,S,89.885,90.04,91.55341994553851,85.71395013615376,-0.093,-0.152,time,96
2022-01-14 21:10:00,2022-01-15 00:55:00,S,89.445,90.579989883656,90.579989883656,86.60752529085998,-1.0,-1.087,sl,45
2022-01-15 05:20:00,2022-01-15 13:20:00,S,90.23,90.305,91.03667369269101,88.21331576827248,-0.093,-0.216,time,96
2022-01-15 14:10:00,2022-01-15 22:10:00,L,91.16,93.195,89.83989035750363,94.4602741062409,1.542,1.466,time,96
2022-01-16 07:00:00,2022-01-16 15:00:00,L,92.79,94.19,91.8552039807529,95.12699004811776,1.498,1.388,time,96
2022-01-16 19:35:00,2022-01-17 02:10:00,S,92.745,91.11373757840494,93.39750496863803,91.11373757840494,2.5,2.344,tp,79
2022-01-17 02:15:00,2022-01-17 05:00:00,S,91.055,88.77776705863839,91.96589317654465,88.77776705863839,2.5,2.39,tp,33
2022-01-17 05:05:00,2022-01-17 13:05:00,S,88.63,88.635,90.16614491916376,84.7896377020906,-0.003,-0.067,time,96
2022-01-17 16:00:00,2022-01-17 21:40:00,S,88.15,85.77556477897048,89.09977408841182,85.77556477897048,2.5,2.398,tp,68
2022-01-17 21:45:00,2022-01-18 05:45:00,S,85.975,86.06,87.48019380804618,82.21201547988453,-0.056,-0.119,time,96
2022-01-18 08:30:00,2022-01-18 16:30:00,S,85.745,84.2,86.98217830567428,82.65205423581432,1.249,1.173,time,96
2022-01-18 18:30:00,2022-01-18 19:30:00,S,83.99,84.56344120057197,84.56344120057197,82.55639699857005,-1.0,-1.161,sl,12
2022-01-19 00:55:00,2022-01-19 03:45:00,S,85.71,84.08961603680362,86.35815358527854,84.08961603680362,2.5,2.355,tp,34
2022-01-19 03:50:00,2022-01-19 11:50:00,S,84.145,82.98,85.93671545113337,79.66571137216657,0.65,0.599,time,96
2022-01-19 16:15:00,2022-01-20 00:15:00,S,83.21,83.09,85.25234004732452,78.10414988168867,0.059,0.014,time,96
2022-01-20 08:30:00,2022-01-20 12:15:00,L,84.775,84.1425485035586,84.1425485035586,86.35612874110352,-1.0,-1.147,sl,45
2022-01-20 13:40:00,2022-01-20 21:25:00,L,85.625,84.22630109520684,84.22630109520684,89.1217472619829,-1.0,-1.067,sl,93
2022-01-20 21:30:00,2022-01-20 21:55:00,S,84.5,81.57073831229728,85.67170467508109,81.57073831229728,2.5,2.421,tp,5
2022-01-20 22:00:00,2022-01-21 06:00:00,S,81.045,76.105,85.46224024766187,70.00189938084534,1.118,1.098,time,96
2022-01-21 11:55:00,2022-01-21 12:35:00,S,75.18,71.46496810132578,76.6660127594697,71.46496810132578,2.5,2.444,tp,8
2022-01-21 12:40:00,2022-01-21 20:40:00,S,71.395,71.935,75.73015263731149,60.55711840672126,-0.125,-0.143,time,96
2022-01-21 21:35:00,2022-01-22 05:35:00,S,69.455,64.96,72.80387376926194,61.08281557684514,1.342,1.319,time,96
2022-01-22 05:45:00,2022-01-22 07:25:00,S,64.705,59.935112436189385,66.61295502552424,59.935112436189385,2.5,2.463,tp,20
2022-01-22 07:30:00,2022-01-22 15:30:00,S,59.705,57.975,62.619857869933966,52.41785532516508,0.594,0.571,time,96
2022-01-22 15:50:00,2022-01-22 16:25:00,S,57.48,59.8992292635619,59.8992292635619,51.43192684109524,-1.0,-1.026,sl,7
2022-01-23 03:25:00,2022-01-23 04:10:00,S,59.19,60.61953479987093,60.61953479987093,55.61616300032267,-1.0,-1.046,sl,9
2022-01-23 09:05:00,2022-01-23 14:45:00,L,64.76,62.95365726095699,62.95365726095699,69.27585684760754,-1.0,-1.039,sl,68
2022-01-23 18:50:00,2022-01-23 23:10:00,S,61.235,64.0093664017287,64.0093664017287,54.29908399567825,-1.0,-1.024,sl,52
2022-01-23 23:15:00,2022-01-24 04:45:00,L,64.53,61.016082824800655,61.016082824800655,73.31479293799836,-1.0,-1.02,sl,66
2022-01-24 04:50:00,2022-01-24 10:10:00,S,60.805,57.082775064071726,62.29388997437131,57.082775064071726,2.5,2.455,tp,64
2022-01-24 10:15:00,2022-01-24 18:00:00,S,57.58,60.06928230432322,60.06928230432322,51.356794239191956,-1.0,-1.025,sl,93
2022-01-24 18:05:00,2022-01-25 02:05:00,L,59.6,62.295,56.39311801380691,67.61720496548273,0.84,0.82,time,96
2022-01-25 02:45:00,2022-01-25 06:55:00,L,63.165,61.69324483558063,61.69324483558063,66.84438791104843,-1.0,-1.047,sl,50
2022-01-25 08:05:00,2022-01-25 16:05:00,L,63.14,65.72,61.58636155820506,67.02409610448734,1.661,1.616,time,96
2022-01-25 17:10:00,2022-01-25 18:20:00,L,66.525,69.13853258605916,65.47958696557635,69.13853258605916,2.5,2.43,tp,14
2022-01-25 18:25:00,2022-01-25 21:25:00,L,69.08,67.14492188272727,67.14492188272727,73.91769529318181,-1.0,-1.039,sl,36
2022-01-26 03:40:00,2022-01-26 11:40:00,L,68.74,68.7,66.89925117007645,73.34187207480885,-0.022,-0.063,time,96
2022-01-26 13:25:00,2022-01-26 14:10:00,L,69.21,71.88966149494327,68.13813540202268,71.88966149494327,2.5,2.429,tp,9
2022-01-26 14:15:00,2022-01-26 17:55:00,L,72.265,68.28441910501478,68.28441910501478,82.21645223746306,-1.0,-1.02,sl,44
2022-01-26 19:05:00,2022-01-26 20:20:00,L,71.645,66.59408075930617,66.59408075930617,84.27229810173458,-1.0,-1.016,sl,15
2022-01-26 21:35:00,2022-01-27 05:35:00,S,66.02,62.12,68.17872832716333,60.62317918209167,1.807,1.773,time,96
2022-01-27 13:10:00,2022-01-27 18:05:00,L,65.73,64.75113057385383,64.75113057385383,68.17717356536545,-1.0,-1.074,sl,59
2022-01-27 18:10:00,2022-01-28 02:10:00,S,64.78,63.27,66.58333194016643,60.271670149583926,0.837,0.798,time,96
2022-01-28 03:15:00,2022-01-28 08:20:00,L,66.0,63.165870638080996,63.165870638080996,73.0853234047975,-1.0,-1.026,sl,61
2022-01-28 08:25:00,2022-01-28 16:10:00,S,63.365,65.38009820556843,65.38009820556843,58.32725448607893,-1.0,-1.035,sl,93
2022-01-28 16:15:00,2022-01-29 00:15:00,L,65.34,67.54,63.19329440379093,70.70676399052269,1.025,0.991,time,96
2022-01-29 00:25:00,2022-01-29 08:25:00,L,67.895,69.02,66.70117910430665,70.87955223923336,0.942,0.88,time,96
2022-01-29 12:10:00,2022-01-29 19:05:00,L,69.555,72.29185122190503,68.460259511238,72.29185122190503,2.5,2.43,tp,83
2022-01-29 19:10:00,2022-01-30 02:10:00,L,72.225,70.29412429650262,70.29412429650262,77.05218925874344,-1.0,-1.041,sl,84
2022-01-30 05:10:00,2022-01-30 09:50:00,L,71.22,70.48022400145858,70.48022400145858,73.06943999635354,-1.0,-1.106,sl,56
2022-01-30 14:20:00,2022-01-30 15:25:00,S,68.655,69.79444169957178,69.79444169957178,65.80639575107057,-1.0,-1.066,sl,13
2022-01-30 19:05:00,2022-01-31 00:45:00,S,68.555,65.50552684761884,69.77478926095247,65.50552684761884,2.5,2.438,tp,68
2022-01-31 00:50:00,2022-01-31 08:50:00,S,65.705,65.625,68.35013332533623,59.09216668665942,0.03,0.003,time,96
2022-01-31 12:15:00,2022-01-31 14:40:00,S,65.3,66.8361776956851,66.8361776956851,61.459555760787254,-1.0,-1.047,sl,29
2022-01-31 14:45:00,2022-01-31 15:15:00,L,66.705,68.45679608888918,66.00428156444433,68.45679608888918,2.5,2.395,tp,6
2022-01-31 15:20:00,2022-01-31 23:20:00,L,68.93,69.73,65.98011332499794,76.30471668750516,0.271,0.245,time,96
2022-02-01 04:10:00,2022-02-01 06:05:00,L,71.1,69.17101858444485,69.17101858444485,75.92245353888785,-1.0,-1.041,sl,23
2022-02-01 08:30:00,2022-02-01 10:15:00,L,70.92,69.43274869953481,69.43274869953481,74.63812825116298,-1.0,-1.052,sl,21
2022-02-01 16:40:00,2022-02-02 00:40:00,L,71.195,74.50557926948872,69.8707682922045,74.50557926948872,2.5,2.441,tp,96
2022-02-02 00:45:00,2022-02-02 04:05:00,L,74.255,72.87140316488667,72.87140316488667,77.71399208778331,-1.0,-1.059,sl,40
2022-02-02 12:10:00,2022-02-02 14:30:00,L,73.315,72.41663230572841,72.41663230572841,75.56091923567897,-1.0,-1.09,sl,28
2022-02-02 14:35:00,2022-02-02 21:35:00,S,72.805,68.43995652719873,74.55101738912052,68.43995652719873,2.5,2.454,tp,84
2022-02-02 21:40:00,2022-02-03 05:40:00,S,68.41,68.1,71.63721717373367,60.3419570656658,0.096,0.073,time,96
2022-02-03 06:30:00,2022-02-03 14:30:00,S,67.03,65.77,68.5454470943731,63.24138226406725,0.831,0.783,time,96
2022-02-03 19:50:00,2022-02-03 21:00:00,S,66.19,67.42715212395575,67.42715212395575,63.09711969011062,-1.0,-1.059,sl,14
2022-02-04 05:25:00,2022-02-04 13:25:00,L,69.215,71.06,67.64119776310469,73.1495055922383,1.172,1.124,time,96
2022-02-04 15:15:00,2022-02-04 18:00:00,L,71.7,76.46829094610177,69.79268362155929,76.46829094610177,2.5,2.459,tp,33
2022-02-04 18:05:00,2022-02-05 02:05:00,L,76.165,76.68,75.01765492904106,79.03336267739738,0.449,0.376,time,96
2022-02-05 04:10:00,2022-02-05 05:20:00,L,78.555,80.61093892219533,77.73262443112188,80.61093892219533,2.5,2.395,tp,14
2022-02-05 05:25:00,2022-02-05 07:00:00,L,80.375,78.83544355554278,78.83544355554278,84.22389111114305,-1.0,-1.057,sl,19
2022-02-05 15:00:00,2022-02-05 15:00:00,L,78.47,77.92560196605646,77.92560196605646,79.83099508485884,-1.0,-1.159,sl,0
2022-02-05 23:00:00,2022-02-05 23:30:00,L,77.58,76.92537405913424,76.92537405913424,79.2165648521644,-1.0,-1.13,sl,6
2022-02-06 00:20:00,2022-02-06 08:20:00,L,77.9,77.345,76.79688139764187,80.65779650589535,-0.503,-0.581,time,96
2022-02-06 14:45:00,2022-02-06 22:45:00,S,76.255,76.05,78.01348855747635,71.8587786063091,0.117,0.069,time,96
2022-02-06 23:25:00,2022-02-07 05:15:00,L,77.375,81.94063826578761,75.54874469368495,81.94063826578761,2.5,2.453,tp,70
2022-02-07 05:20:00,2022-02-07 13:20:00,L,81.865,82.59,80.92499302899019,84.21501742752451,0.771,0.675,time,96
2022-02-07 13:35:00,2022-02-07 15:45:00,L,82.485,84.4938383185038,81.68146467259848,84.4938383185038,2.5,2.387,tp,26
2022-02-07 15:50:00,2022-02-07 17:10:00,L,84.505,83.16529135430507,83.16529135430507,87.85427161423732,-1.0,-1.069,sl,16
2022-02-07 20:05:00,2022-02-07 20:50:00,L,84.89,83.07992221113685,83.07992221113685,89.41519447215788,-1.0,-1.052,sl,9
2022-02-08 04:05:00,2022-02-08 12:05:00,L,87.88,85.74,82.80950561021524,100.55623597446188,-0.422,-0.441,time,96
2022-02-08 18:30:00,2022-02-09 02:30:00,L,85.385,84.465,82.67736064780271,92.15409838049322,-0.34,-0.374,time,96
2022-02-09 06:20:00,2022-02-09 14:20:00,L,87.69,89.155,85.59233762067426,92.93415594831436,0.698,0.652,time,96
2022-02-09 14:45:00,2022-02-09 22:45:00,L,89.98,89.835,88.46243190195523,93.77392024511195,-0.096,-0.161,time,96
2022-02-10 06:10:00,2022-02-10 13:30:00,L,89.685,88.11454741842843,88.11454741842843,93.61113145392893,-1.0,-1.063,sl,88
2022-02-10 13:35:00,2022-02-10 15:00:00,S,86.315,90.50952510011264,90.50952510011264,75.8286872497184,-1.0,-1.023,sl,17
2022-02-10 15:10:00,2022-02-10 23:10:00,L,91.455,91.36,85.05939247554586,107.44401881113534,-0.015,-0.031,time,96
2022-02-11 04:50:00,2022-02-11 07:40:00,S,88.315,89.5853350843897,89.5853350843897,85.13916228902575,-1.0,-1.076,sl,34
2022-02-11 08:00:00,2022-02-11 08:55:00,L,89.8,88.54042834050557,88.54042834050557,92.94892914873606,-1.0,-1.078,sl,11
2022-02-11 13:55:00,2022-02-11 14:35:00,L,91.43,89.96842725940961,89.96842725940961,95.083931851476,-1.0,-1.069,sl,8
2022-02-11 17:20:00,2022-02-11 19:00:00,S,89.35,85.63867483629143,90.83453006548342,85.63867483629143,2.5,2.434,tp,20
2022-02-11 19:05:00,2022-02-12 03:05:00,S,85.625,84.195,88.88173558799737,77.48316103000658,0.439,0.41,time,96
2022-02-12 05:35:00,2022-02-12 13:35:00,S,82.295,80.86,83.94555862941,78.168603426475,0.869,0.815,time,96
2022-02-12 14:40:00,2022-02-12 16:35:00,S,79.76,81.27206022687001,81.27206022687001,75.97984943282499,-1.0,-1.058,sl,23
2022-02-12 21:35:00,2022-02-13 05:35:00,S,80.355,82.455,83.39014808925047,72.76712977687383,-0.692,-0.721,time,96
2022-02-13 09:25:00,2022-02-13 17:00:00,S,82.16,79.56550987144502,83.19779605142199,79.56550987144502,2.5,2.413,tp,91
2022-02-13 17:05:00,2022-02-14 01:05:00,S,79.48,77.76,81.2155436828722,75.14114079281953,0.991,0.941,time,96
2022-02-14 01:30:00,2022-02-14 05:15:00,S,76.895,78.20194862099105,78.20194862099105,73.62762844752237,-1.0,-1.065,sl,45
2022-02-14 10:05:00,2022-02-14 10:25:00,S,77.59,78.3547905396579,78.3547905396579,75.67802365085527,-1.0,-1.112,sl,4
2022-02-14 13:05:00,2022-02-14 21:05:00,L,79.885,80.425,77.35849669053034,86.20125827367416,0.214,0.179,time,96
2022-02-14 22:05:00,2022-02-15 06:05:00,L,81.245,84.245,79.67455423813409,85.17111440466479,1.91,1.853,time,96
2022-02-15 07:50:00,2022-02-15 10:05:00,L,85.14,88.15647426598284,83.93341029360687,88.15647426598284,2.5,2.422,tp,27
2022-02-15 10:10:00,2022-02-15 18:10:00,L,88.075,89.17,85.91665746515483,93.47085633711293,0.507,0.462,time,96
2022-02-15 18:35:00,2022-02-16 01:45:00,L,89.71,94.02587694395507,87.98364922241797,94.02587694395507,2.5,2.443,tp,86
2022-02-16 01:50:00,2022-02-16 09:50:00,L,94.16,94.89,92.25068288859083,98.93329277852291,0.382,0.328,time,96
2022-02-16 19:10:00,2022-02-17 03:10:00,L,94.48,96.84,91.69348782276053,101.44628044309869,0.847,0.81,time,96
2022-02-17 13:15:00,2022-02-17 17:40:00,S,92.18,88.86297252098505,93.50681099160599,88.86297252098505,2.5,2.424,tp,53
2022-02-17 17:45:00,2022-02-18 01:45:00,S,89.095,88.78,90.92721739708098,84.51445650729755,0.172,0.118,time,96
2022-02-18 11:05:00,2022-02-18 14:35:00,S,87.885,84.72135670693996,89.15045731722402,84.72135670693996,2.5,2.424,tp,42
2022-02-18 14:40:00,2022-02-18 22:40:00,S,84.515,83.42,86.57962809181822,79.35342977045445,0.53,0.485,time,96
2022-02-18 22:50:00,2022-02-19 01:15:00,S,82.94,84.70668636832828,84.70668636832828,78.52328407917929,-1.0,-1.052,sl,29
2022-02-19 10:20:00,2022-02-19 12:05:00,S,84.7,82.24052673537246,85.68378930585102,82.24052673537246,2.5,2.405,tp,21
2022-02-19 12:10:00,2022-02-19 16:10:00,S,82.435,84.80876219026645,84.80876219026645,76.50059452433388,-1.0,-1.038,sl,48
2022-02-19 19:50:00,2022-02-19 22:25:00,S,82.83,84.0757880165752,84.0757880165752,79.71552995856199,-1.0,-1.073,sl,31
2022-02-20 02:55:00,2022-02-20 07:40:00,S,84.03,79.77524585265803,85.73190165893679,79.77524585265803,2.5,2.446,tp,57
2022-02-20 07:45:00,2022-02-20 15:45:00,S,79.48,78.51,81.38498928689724,74.71752678275692,0.509,0.463,time,96
2022-02-20 20:15:00,2022-02-21 01:05:00,S,78.535,79.59937583678601,79.59937583678601,75.87406040803496,-1.0,-1.081,sl,58
2022-02-21 07:25:00,2022-02-21 09:00:00,L,81.64,80.66081723716565,80.66081723716565,84.0879569070859,-1.0,-1.092,sl,19
2022-02-21 10:00:00,2022-02-21 11:35:00,S,80.54,78.13543662928103,81.5018253482876,78.13543662928103,2.5,2.408,tp,19
2022-02-21 11:40:00,2022-02-21 15:10:00,S,77.675,79.6971228260211,79.6971228260211,72.61969293494724,-1.0,-1.042,sl,42
2022-02-21 17:45:00,2022-02-21 18:15:00,S,76.895,74.3341979973943,77.91932080104228,74.3341979973943,2.5,2.417,tp,6
2022-02-21 18:20:00,2022-02-22 02:20:00,S,74.515,69.6,77.59716852149703,66.80957869625743,1.595,1.568,time,96
2022-02-22 03:10:00,2022-02-22 05:50:00,S,67.92,69.9949475144382,69.9949475144382,62.73263121390452,-1.0,-1.036,sl,32
2022-02-22 16:20:00,2022-02-22 23:40:00,S,71.54,74.24262201968645,74.24262201968645,64.78344495078389,-1.0,-1.029,sl,88
2022-02-23 00:10:00,2022-02-23 08:10:00,L,75.33,78.34,72.47163303596096,82.4759174100976,1.053,1.024,time,96
2022-02-23 08:25:00,2022-02-23 11:00:00,L,78.665,81.32134291167975,77.60246283532811,81.32134291167975,2.5,2.419,tp,31
2022-02-23 11:05:00,2022-02-23 16:10:00,L,80.95,79.0036116968695,79.0036116968695,85.81597075782626,-1.0,-1.046,sl,61
2022-02-23 19:30:00,2022-02-23 23:55:00,S,77.065,73.52023484522002,78.48290606191199,73.52023484522002,2.5,2.44,tp,53
2022-02-24 00:00:00,2022-02-24 03:40:00,S,73.32,66.86682818972953,75.90126872410818,66.86682818972953,2.5,2.469,tp,44
2022-02-24 03:45:00,2022-02-24 11:45:00,S,65.91,66.45,74.3715359815432,44.75616004614198,-0.064,-0.072,time,96
2022-02-24 19:30:00,2022-02-25 03:30:00,L,73.855,75.25,69.38482940744947,85.03042648137634,0.312,0.294,time,96
2022-02-25 12:00:00,2022-02-25 20:00:00,L,75.76,76.88,73.61991311499807,81.11021721250484,0.523,0.484,time,96
2022-02-25 22:40:00,2022-02-25 23:20:00,L,78.82,81.57209479834427,77.71916208066229,81.57209479834427,2.5,2.421,tp,8
2022-02-25 23:25:00,2022-02-26 07:25:00,L,81.69,79.1,77.87168379629252,91.2357905092687,-0.678,-0.702,time,96
2022-02-26 08:25:00,2022-02-26 08:50:00,L,80.485,78.71075604625645,78.71075604625645,84.92060988435887,-1.0,-1.05,sl,5
2022-02-26 15:00:00,2022-02-26 21:10:00,L,80.53,83.87730435835024,79.1910782566599,83.87730435835024,2.5,2.434,tp,74
2022-02-26 21:15:00,2022-02-26 22:15:00,L,83.825,82.65604962694677,82.65604962694677,86.74737593263309,-1.0,-1.079,sl,12
2022-02-27 01:10:00,2022-02-27 09:10:00,S,79.225,79.785,82.23597814893496,71.69755462766258,-0.186,-0.215,time,96
2022-02-27 11:10:00,2022-02-27 13:35:00,L,81.06,79.56738760587663,79.56738760587663,84.79153098530843,-1.0,-1.06,sl,29
2022-02-27 16:55:00,2022-02-28 00:55:00,S,78.13,72.885,80.57037716365981,72.02905709085044,2.149,2.114,time,96
2022-02-28 06:15:00,2022-02-28 06:50:00,S,72.835,73.53975839719693,73.53975839719693,71.07310400700764,-1.0,-1.114,sl,7
2022-02-28 14:30:00,2022-02-28 22:15:00,L,76.455,83.40175359080392,73.67629856367843,83.40175359080392,2.5,2.47,tp,93
2022-02-28 22:20:00,2022-03-01 06:20:00,L,83.77,87.21,80.39950077098155,92.19624807254613,1.021,0.993,time,96
2022-03-01 12:25:00,2022-03-01 16:50:00,L,87.785,84.83374279885045,84.83374279885045,95.16314300287385,-1.0,-1.033,sl,53
2022-03-01 19:00:00,2022-03-01 21:40:00,L,87.42,85.04021390519914,85.04021390519914,93.36946523700216,-1.0,-1.04,sl,32
2022-03-02 03:50:00,2022-03-02 07:10:00,L,89.87,85.64274706033352,85.64274706033352,100.43813234916621,-1.0,-1.023,sl,40
2022-03-02 10:35:00,2022-03-02 11:20:00,L,86.745,85.26597255209728,85.26597255209728,90.44256861975681,-1.0,-1.065,sl,9
2022-03-02 13:10:00,2022-03-02 21:10:00,S,84.64,82.825,86.50631356037586,79.97421609906036,0.973,0.923,time,96
2022-03-03 02:35:00,2022-03-03 07:05:00,S,81.97,83.7199930663234,83.7199930663234,77.59501733419151,-1.0,-1.052,sl,54
2022-03-03 10:05:00,2022-03-03 14:40:00,S,82.125,80.16594565274426,82.9086217389023,80.16594565274426,2.5,2.385,tp,55
2022-03-03 14:45:00,2022-03-03 22:45:00,S,79.505,79.245,81.76706673983848,73.84983315040378,0.115,0.076,time,96
2022-03-04 00:25:00,2022-03-04 08:25:00,S,77.71,77.69,79.79101466464257,72.50746333839353,0.01,-0.031,time,96
2022-03-04 08:35:00,2022-03-04 08:55:00,S,76.565,78.59419637137064,78.59419637137064,71.49200907157339,-1.0,-1.042,sl,4
2022-03-04 11:35:00,2022-03-04 14:15:00,L,80.515,79.54911895474463,79.54911895474463,82.92970261313843,-1.0,-1.092,sl,32
2022-03-04 14:50:00,2022-03-04 22:50:00,S,79.05,75.545,81.33212022500665,73.34469943748337,1.536,1.498,time,96
2022-03-05 00:10:00,2022-03-05 06:20:00,S,74.745,76.24326596489864,76.24326596489864,70.99933508775342,-1.0,-1.055,sl,74
2022-03-05 13:35:00,2022-03-05 16:45:00,S,75.965,78.14037427993769,78.14037427993769,70.5265643001558,-1.0,-1.038,sl,38
2022-03-05 22:00:00,2022-03-06 06:00:00,S,76.4,76.05,77.66511282875317,73.2372179281171,0.277,0.21,time,96
2022-03-06 08:55:00,2022-03-06 10:20:00,S,75.45,74.13486015697566,75.97605593720974,74.13486015697566,2.5,2.342,tp,17
2022-03-06 10:25:00,2022-03-06 13:10:00,S,74.405,75.52794936875273,75.52794936875273,71.59762657811818,-1.0,-1.073,sl,33
2022-03-06 15:20:00,2022-03-06 23:20:00,S,74.375,72.415,75.7215793186294,71.00855170342652,1.456,1.395,time,96
2022-03-06 23:25:00,2022-03-07 07:25:00,S,72.415,71.965,74.23502452304838,67.86493869237907,0.247,0.203,time,96
2022-03-07 12:05:00,2022-03-07 18:35:00,L,75.25,72.90138893122119,72.90138893122119,81.12152767194702,-1.0,-1.035,sl,78
2022-03-07 18:40:00,2022-03-08 02:40:00,S,72.865,73.59,75.47173359940716,66.34816600148208,-0.278,-0.309,time,96
2022-03-08 05:25:00,2022-03-08 08:30:00,S,72.125,73.33840570507327,73.33840570507327,69.09148573731682,-1.0,-1.065,sl,37
2022-03-08 12:35:00,2022-03-08 15:10:00,S,72.12,72.8162317905137,72.8162317905137,70.37942052371577,-1.0,-1.114,sl,31
2022-03-08 17:25:00,2022-03-09 01:25:00,L,74.02,74.215,71.72569377692304,79.7557655576924,0.085,0.05,time,96
2022-03-09 01:30:00,2022-03-09 03:35:00,L,74.215,77.90256332013678,72.73997467194529,77.90256332013678,2.5,2.445,tp,25
2022-03-09 03:40:00,2022-03-09 11:40:00,L,77.77,78.675,74.86370732656322,85.03573168359195,0.311,0.282,time,96
2022-03-10 02:05:00,2022-03-10 10:05:00,S,76.725,73.295,79.07461995176615,70.8509501205846,1.46,1.424,time,96
2022-03-10 13:45:00,2022-03-10 21:45:00,S,71.37,73.76,74.38375438499648,63.83561403750882,-0.793,-0.819,time,96
2022-03-11 00:35:00,2022-03-11 02:05:00,S,73.35,74.38278084347336,74.38278084347336,70.7680478913166,-1.0,-1.078,sl,18
2022-03-11 02:10:00,2022-03-11 10:10:00,L,73.855,75.185,71.76309130289941,79.08477174275149,0.636,0.597,time,96
2022-03-11 11:45:00,2022-03-11 14:50:00,L,76.405,74.16959928417185,74.16959928417185,81.99350178957037,-1.0,-1.038,sl,37
2022-03-11 14:55:00,2022-03-11 19:30:00,S,74.41,71.4014265630307,75.61342937478771,71.4014265630307,2.5,2.432,tp,55
2022-03-11 19:35:00,2022-03-12 02:00:00,S,71.34,73.07560821492658,73.07560821492658,67.00097946268357,-1.0,-1.045,sl,77
2022-03-12 08:05:00,2022-03-12 14:35:00,S,72.525,71.3925262041372,72.97798951834513,71.3925262041372,2.5,2.324,tp,78
2022-03-12 19:15:00,2022-03-12 23:45:00,S,71.725,70.82266409511573,72.0859343619537,70.82266409511573,2.5,2.281,tp,54
2022-03-12 23:50:00,2022-03-13 01:15:00,S,70.935,71.48832101126077,71.48832101126077,69.55169747184809,-1.0,-1.141,sl,17
2022-03-13 09:45:00,2022-03-13 12:40:00,S,71.28,69.59395685771358,71.95441725691457,69.59395685771358,2.5,2.384,tp,35
2022-03-13 12:45:00,2022-03-13 20:45:00,S,69.675,69.985,71.27816300792152,65.66709248019619,-0.193,-0.241,time,96
2022-03-13 22:15:00,2022-03-13 22:50:00,S,69.465,68.05124579639269,70.03050168144293,68.05124579639269,2.5,2.365,tp,7
2022-03-13 22:55:00,2022-03-14 06:55:00,S,68.13,69.335,70.00199833478423,63.4500041630394,-0.644,-0.684,time,96
2022-03-14 09:40:00,2022-03-14 11:40:00,L,70.605,69.41271673566075,69.41271673566075,73.58570816084813,-1.0,-1.065,sl,24
2022-03-14 11:45:00,2022-03-14 19:45:00,S,69.05,66.22,71.46051385591205,63.02371536021985,1.174,1.143,time,96
2022-03-15 00:05:00,2022-03-15 01:20:00,L,68.85,67.47302231131401,67.47302231131401,72.29244422171496,-1.0,-1.055,sl,15
2022-03-15 02:00:00,2022-03-15 10:00:00,S,67.355,66.98,69.39015026959397,62.26712432601508,0.184,0.148,time,96
2022-03-15 13:45:00,2022-03-15 14:25:00,S,67.125,68.09186583728838,68.09186583728838,64.70783540677905,-1.0,-1.076,sl,8
2022-03-15 15:20:00,2022-03-15 19:05:00,L,68.655,71.57163929910925,67.4883442803563,71.57163929910925,2.5,2.435,tp,45
2022-03-15 19:10:00,2022-03-16 00:20:00,L,71.395,69.56612929263262,69.56612929263262,75.96717676841843,-1.0,-1.043,sl,62
2022-03-16 02:10:00,2022-03-16 03:10:00,L,71.42,69.16961265176907,69.16961265176907,77.04596837057733,-1.0,-1.035,sl,12
2022-03-16 03:15:00,2022-03-16 11:15:00,S,69.145,70.58,72.21643168004793,61.466420799880154,-0.467,-0.492,time,96
2022-03-16 11:20:00,2022-03-16 13:05:00,L,70.58,70.087624491068,70.087624491068,71.81093877232999,-1.0,-1.158,sl,21
2022-03-16 15:30:00,2022-03-16 17:05:00,L,71.455,70.4724325413899,70.4724325413899,73.91141864652522,-1.0,-1.08,sl,19
2022-03-16 19:15:00,2022-03-17 03:15:00,L,72.83,76.615,69.4711933023092,81.22701674422699,1.127,1.103,time,96
2022-03-17 09:05:00,2022-03-17 09:35:00,L,76.91,78.36723163086967,76.32710734765213,78.36723163086967,2.5,2.355,tp,6
2022-03-17 09:40:00,2022-03-17 17:40:00,L,78.41,80.165,76.52680305057287,83.11799237356783,0.932,0.886,time,96
2022-03-17 22:50:00,2022-03-18 03:20:00,L,79.985,78.46356254834919,78.46356254834919,83.78859362912704,-1.0,-1.058,sl,54
2022-03-18 06:20:00,2022-03-18 07:20:00,L,79.835,79.05021205944738,79.05021205944738,81.79696985138153,-1.0,-1.112,sl,12
2022-03-18 15:10:00,2022-03-18 15:45:00,L,78.565,81.39410173743147,77.43335930502741,81.39410173743147,2.5,2.424,tp,7
2022-03-18 15:50:00,2022-03-18 23:50:00,L,80.675,85.795,77.58375271102842,88.40311822242893,1.656,1.628,time,96
2022-03-19 00:20:00,2022-03-19 05:10:00,L,87.02,85.2500816944621,85.2500816944621,91.44479576384475,-1.0,-1.054,sl,58
2022-03-19 11:45:00,2022-03-19 19:45:00,L,87.595,90.855,85.4859386022205,92.86765349444875,1.546,1.5,time,96
2022-03-19 21:00:00,2022-03-19 22:10:00,L,91.24,90.13725189828548,90.13725189828548,93.99687025428628,-1.0,-1.091,sl,14
2022-03-20 16:30:00,2022-03-20 17:20:00,L,88.565,86.29263514546193,86.29263514546193,94.24591213634517,-1.0,-1.043,sl,10
2022-03-20 17:25:00,2022-03-21 01:25:00,S,85.945,83.88,88.86134702862266,78.65413242844332,0.708,0.676,time,96
2022-03-21 02:40:00,2022-03-21 03:15:00,S,83.295,84.61170629634223,84.61170629634223,80.00323425914442,-1.0,-1.07,sl,7
2022-03-21 06:05:00,2022-03-21 08:45:00,L,85.91,89.2251960052744,84.58392159789024,89.2251960052744,2.5,2.429,tp,32
2022-03-21 08:50:00,2022-03-21 16:30:00,L,89.175,87.41252574814224,87.41252574814224,93.58118562964438,-1.0,-1.056,sl,92
2022-03-21 16:35:00,2022-03-22 00:35:00,S,87.09,85.65,88.47669103767558,83.62327240581106,1.038,0.969,time,96
2022-03-22 02:25:00,2022-03-22 10:25:00,L,87.45,88.58,85.22367839220513,93.01580401948718,0.508,0.464,time,96
2022-03-22 13:50:00,2022-03-22 14:25:00,S,86.165,87.30790883987154,87.30790883987154,83.30772790032117,-1.0,-1.083,sl,7
2022-03-22 16:55:00,2022-03-22 17:15:00,S,85.685,86.49156091336799,86.49156091336799,83.66859771658002,-1.0,-1.117,sl,4
2022-03-22 20:00:00,2022-03-22 21:35:00,S,84.73,86.40556597425412,86.40556597425412,80.54108506436472,-1.0,-1.056,sl,19
2022-03-22 23:30:00,2022-03-23 07:30:00,S,84.335,84.885,85.98299038113721,80.21502404715694,-0.334,-0.39,time,96
2022-03-23 11:25:00,2022-03-23 13:00:00,S,84.02,84.9528304565616,84.9528304565616,81.68792385859598,-1.0,-1.099,sl,19
2022-03-23 15:05:00,2022-03-23 17:30:00,L,85.745,84.98732530223755,84.98732530223755,87.63918674440615,-1.0,-1.124,sl,29
2022-03-23 17:35:00,2022-03-24 01:35:00,S,85.16,83.9,87.11488311014968,80.27279222462579,0.645,0.597,time,96
2022-03-24 01:40:00,2022-03-24 09:35:00,S,83.9,85.88792314069273,85.88792314069273,78.93019214826819,-1.0,-1.046,sl,95
2022-03-24 10:50:00,2022-03-24 12:45:00,L,86.865,85.3074990559683,85.3074990559683,90.75875236007926,-1.0,-1.061,sl,23
2022-03-24 15:05:00,2022-03-24 23:05:00,L,86.67,87.09,84.9471293154384,90.977176711404,0.244,0.188,time,96
2022-03-24 23:50:00,2022-03-25 00:10:00,L,87.43,86.9323396525246,86.9323396525246,88.67415086868851,-1.0,-1.193,sl,4
2022-03-25 06:45:00,2022-03-25 11:45:00,S,85.655,86.92503998638459,86.92503998638459,82.47990003403854,-1.0,-1.074,sl,60
2022-03-25 11:50:00,2022-03-25 12:15:00,L,86.815,86.16124197636518,86.16124197636518,88.44939505908705,-1.0,-1.146,sl,5
2022-03-25 12:45:00,2022-03-25 13:45:00,L,87.095,86.11016298500257,86.11016298500257,89.55709253749356,-1.0,-1.097,sl,12
2022-03-25 14:20:00,2022-03-25 16:00:00,S,86.19,84.17054877194303,86.99778049122278,84.17054877194303,2.5,2.383,tp,20
2022-03-25 16:05:00,2022-03-26 00:05:00,S,84.04,83.82,86.22515150473451,78.57712123816374,0.101,0.058,time,96
2022-03-26 01:05:00,2022-03-26 05:30:00,S,83.44,84.10567346015544,84.10567346015544,81.77581634961138,-1.0,-1.138,sl,53
2022-03-26 15:20:00,2022-03-26 23:20:00,L,85.915,85.96,84.83134629640914,88.62413425897718,0.042,-0.046,time,96
2022-03-27 11:55:00,2022-03-27 16:05:00,S,85.31,85.93949242005668,85.93949242005668,83.7362689498583,-1.0,-1.149,sl,50
2022-03-27 16:10:00,2022-03-27 23:35:00,L,86.025,89.0896879753816,84.79912480984737,89.0896879753816,2.5,2.423,tp,89
2022-03-27 23:40:00,2022-03-28 05:55:00,L,89.045,92.11831550826973,87.81567379669211,92.11831550826973,2.5,2.42,tp,75
2022-03-28 14:00:00,2022-03-28 22:00:00,L,92.78,92.255,90.82520647085866,97.66698382285335,-0.269,-0.321,time,96
2022-03-28 23:20:00,2022-03-29 02:15:00,S,90.435,92.9287667343828,92.9287667343828,84.200583164043,-1.0,-1.04,sl,35
2022-03-29 02:20:00,2022-03-29 10:20:00,L,92.9,93.165,90.90239003828842,97.89402490427898,0.133,0.082,time,96
2022-03-29 11:05:00,2022-03-29 15:45:00,L,94.07,92.98201531344478,92.98201531344478,96.78996171638804,-1.0,-1.095,sl,56
2022-03-29 19:40:00,2022-03-29 20:55:00,L,93.68,91.97287306348117,91.97287306348117,97.94781734129708,-1.0,-1.06,sl,15
2022-03-29 21:45:00,2022-03-30 05:45:00,S,91.835,92.665,93.20260739489163,88.41598151277091,-0.607,-0.681,time,96
2022-03-30 06:00:00,2022-03-30 13:35:00,L,93.09,91.83032361003522,91.83032361003522,96.23919097491196,-1.0,-1.081,sl,91
2022-03-30 13:40:00,2022-03-30 15:40:00,S,91.74,93.45940823158925,93.45940823158925,87.44147942102686,-1.0,-1.059,sl,24
2022-03-30 15:45:00,2022-03-30 23:45:00,L,93.96,96.475,91.25863195444062,100.71342011389844,0.931,0.893,time,96
2022-03-31 00:40:00,2022-03-31 08:40:00,L,97.365,99.48,94.8598682250445,103.62782943738875,0.844,0.802,time,96
2022-03-31 15:05:00,2022-03-31 17:10:00,L,100.0,95.17362792193647,95.17362792193647,112.06593019515881,-1.0,-1.023,sl,25
2022-03-31 17:15:00,2022-04-01 00:05:00,S,95.415,98.37607841273693,98.37607841273693,88.0123039681577,-1.0,-1.035,sl,82
2022-04-01 01:55:00,2022-04-01 09:55:00,S,95.12,93.6,97.46376796271369,89.2605800932158,0.649,0.604,time,96
2022-04-01 10:50:00,2022-04-01 11:00:00,S,93.54,94.17785824812066,94.17785824812066,91.94535437969839,-1.0,-1.161,sl,2
2022-04-01 12:00:00,2022-04-01 13:10:00,S,92.925,94.43731732105024,94.43731732105024,89.14420669737439,-1.0,-1.068,sl,14
2022-04-01 14:40:00,2022-04-01 18:05:00,L,95.18,99.63567791506314,93.39772883397475,99.63567791506314,2.5,2.441,tp,41
2022-04-01 18:10:00,2022-04-01 20:20:00,L,98.84,97.74124994311558,97.74124994311558,101.58687514221107,-1.0,-1.099,sl,26
2022-04-02 00:50:00,2022-04-02 08:50:00,L,98.205,100.575,96.01412415395923,103.68218961510192,1.082,1.032,time,96
2022-04-02 09:00:00,2022-04-02 15:05:00,L,101.47,100.25419411134571,100.25419411134571,104.50951472163572,-1.0,-1.092,sl,73
2022-04-02 18:10:00,2022-04-03 02:10:00,S,97.4,96.145,101.0745739059966,88.21356523500852,0.342,0.312,time,96
2022-04-03 04:05:00,2022-04-03 12:05:00,L,97.775,98.345,96.07406186505968,102.02734533735082,0.335,0.272,time,96
2022-04-03 17:15:00,2022-04-03 22:00:00,S,97.315,98.38805377591956,98.38805377591956,94.6323655602011,-1.0,-1.1,sl,57
2022-04-03 22:05:00,2022-04-04 00:20:00,L,98.665,96.6904602114119,96.6904602114119,103.60134947147026,-1.0,-1.055,sl,27
2022-04-04 00:25:00,2022-04-04 08:25:00,S,96.775,97.08,98.36364550402813,92.8033862399297,-0.192,-0.259,time,96
2022-04-04 10:05:00,2022-04-04 18:05:00,S,95.345,91.335,97.2680214082999,90.53744647925024,2.085,2.031,time,96
2022-04-05 00:05:00,2022-04-05 06:50:00,L,96.98,95.08517903225463,95.08517903225463,101.71705241936344,-1.0,-1.056,sl,81
2022-04-05 06:55:00,2022-04-05 12:00:00,S,95.25,97.08562012227247,97.08562012227247,90.66094969431882,-1.0,-1.057,sl,61
2022-04-05 12:05:00,2022-04-05 13:10:00,L,97.17,95.26106266064023,95.26106266064023,101.94234334839942,-1.0,-1.056,sl,13
2022-04-05 13:20:00,2022-04-05 21:20:00,S,95.51,92.285,97.84664693302615,89.66838266743464,1.38,1.335,time,96
2022-04-05 23:00:00,2022-04-05 23:50:00,S,92.025,90.52604860074041,92.62458055970384,90.52604860074041,2.5,2.331,tp,10
2022-04-05 23:55:00,2022-04-06 00:20:00,S,90.975,87.63474491500385,92.31110203399845,87.63474491500385,2.5,2.425,tp,5
2022-04-06 00:25:00,2022-04-06 08:25:00,S,88.21,89.69,92.19394223685022,78.25014440787443,-0.371,-0.396,time,96
2022-04-06 09:50:00,2022-04-06 11:00:00,S,89.02,87.27650945656292,89.71739621737483,87.27650945656292,2.5,2.36,tp,14
2022-04-06 11:05:00,2022-04-06 19:05:00,S,87.46,85.81,89.58389562919685,82.15026092700786,0.777,0.732,time,96
2022-04-06 22:25:00,2022-04-07 00:50:00,S,84.69,81.0901480936825,86.129940762527,81.0901480936825,2.5,2.435,tp,29
2022-04-07 00:55:00,2022-04-07 07:10:00,S,81.775,84.53138203460328,84.53138203460328,74.8840449134918,-1.0,-1.033,sl,75
2022-04-07 13:35:00,2022-04-07 16:55:00,S,84.415,85.67127212672257,85.67127212672257,81.2743196831936,-1.0,-1.074,sl,40
2022-04-07 18:30:00,2022-04-08 02:30:00,L,87.06,88.47,85.15894976308626,91.81262559228438,0.742,0.691,time,96
2022-04-08 02:35:00,2022-04-08 07:20:00,L,88.47,87.83119002057143,87.83119002057143,90.06702494857143,-1.0,-1.152,sl,57
2022-04-08 11:20:00,2022-04-08 14:15:00,S,86.9,88.16076545090148,88.16076545090148,83.74808637274631,-1.0,-1.076,sl,35
2022-04-08 14:20:00,2022-04-08 21:40:00,L,88.26,85.2944230433027,85.2944230433027,95.67394239174327,-1.0,-1.033,sl,88
2022-04-08 21:45:00,2022-04-09 05:45:00,S,85.11,83.955,86.61236790134323,81.35408024664191,0.769,0.706,time,96
2022-04-09 10:30:00,2022-04-09 11:15:00,S,83.305,84.13006753023227,84.13006753023227,81.24233117441935,-1.0,-1.111,sl,9
2022-04-09 14:25:00,2022-04-09 22:25:00,S,82.885,83.555,84.46399011911306,78.93752470221736,-0.424,-0.482,time,96
2022-04-10 04:50:00,2022-04-10 12:50:00,S,83.93,83.31,84.61372463299459,82.22068841751354,0.907,0.772,time,96
2022-04-10 17:05:00,2022-04-10 21:50:00,L,84.525,83.85892178603225,83.85892178603225,86.19019553491938,-1.0,-1.14,sl,57
2022-04-10 21:55:00,2022-04-10 23:55:00,S,83.695,80.78140967933994,84.86043612826401,80.78140967933994,2.5,2.421,tp,24
2022-04-11 00:00:00,2022-04-11 08:00:00,S,80.94,80.185,83.08269813772056,75.5832546556986,0.352,0.311,time,96
2022-04-11 08:35:00,2022-04-11 09:55:00,S,79.23,76.513056011808,80.3167775952768,76.513056011808,2.5,2.42,tp,16
2022-04-11 10:00:00,2022-04-11 18:00:00,S,76.09,75.945,79.49543116705264,67.5764220823684,0.043,0.018,time,96
2022-04-11 18:25:00,2022-04-12 02:25:00,S,74.84,74.22,76.23422652886327,71.35443367784183,0.445,0.386,time,96
2022-04-12 11:20:00,2022-04-12 14:00:00,L,78.08,76.98217560230982,76.98217560230982,80.82456099422544,-1.0,-1.078,sl,32
2022-04-12 14:05:00,2022-04-12 22:05:00,S,77.235,75.23,79.49487570167959,71.58531074580102,0.887,0.85,time,96
2022-04-13 06:00:00,2022-04-13 06:35:00,L,77.71,77.10326029359052,77.10326029359052,79.22684926602366,-1.0,-1.141,sl,7
2022-04-13 10:30:00,2022-04-13 13:45:00,S,76.59,77.84394016505244,77.84394016505244,73.45514958736891,-1.0,-1.067,sl,39
2022-04-13 13:50:00,2022-04-13 21:50:00,L,77.86,79.86,75.68028235808437,83.30929410478907,0.918,0.878,time,96
2022-04-14 01:15:00,2022-04-14 09:15:00,L,80.6,80.41,79.6095170361659,83.07620740958524,-0.192,-0.281,time,96
2022-04-14 14:00:00,2022-04-14 22:00:00,S,78.82,77.2,80.99358685100918,73.38603287247702,0.745,0.705,time,96
2022-04-15 03:10:00,2022-04-15 06:45:00,L,77.83,77.2833463995367,77.2833463995367,79.19663400115826,-1.0,-1.157,sl,43
2022-04-15 06:50:00,2022-04-15 07:50:00,S,77.43,78.30828149521653,78.30828149521653,75.23429626195869,-1.0,-1.097,sl,12
2022-04-15 12:55:00,2022-04-15 13:45:00,S,77.295,75.26513660868736,78.10694535652506,75.26513660868736,2.5,2.395,tp,10
2022-04-15 13:50:00,2022-04-15 21:50:00,S,75.37,77.005,77.69757938743683,69.55105153140794,-0.702,-0.738,time,96
2022-04-16 03:55:00,2022-04-16 04:30:00,S,76.465,76.99712476491409,76.99712476491409,75.13468808771478,-1.0,-1.158,sl,7
2022-04-16 09:10:00,2022-04-16 10:20:00,S,76.775,77.14071497926443,77.14071497926443,75.86071255183894,-1.0,-1.231,sl,14
2022-04-16 14:50:00,2022-04-16 15:10:00,L,77.915,77.35826731608219,77.35826731608219,79.30683170979455,-1.0,-1.154,sl,4
2022-04-16 15:20:00,2022-04-16 23:20:00,S,77.29,77.945,78.33961237669826,74.66596905825438,-0.624,-0.705,time,96
2022-04-17 02:40:00,2022-04-17 05:50:00,S,77.065,77.81023284952067,77.81023284952067,75.20191787619831,-1.0,-1.114,sl,38
2022-04-17 05:55:00,2022-04-17 13:55:00,L,77.83,77.995,77.15206077427584,79.52484806431039,0.243,0.117,time,96
2022-04-17 18:10:00,2022-04-18 02:10:00,S,77.145,76.195,78.27992718079238,74.30768204801902,0.837,0.762,time,96
2022-04-18 04:15:00,2022-04-18 12:15:00,S,74.95,73.81,76.40173160405237,71.32067098986909,0.785,0.728,time,96
2022-04-18 16:15:00,2022-04-18 16:45:00,S,73.7,74.87804716498665,74.87804716498665,70.75488208753337,-1.0,-1.069,sl,6
2022-04-18 17:05:00,2022-04-19 01:05:00,L,75.11,77.99,73.38332881589997,79.42667796025006,1.668,1.62,time,96
2022-04-19 06:25:00,2022-04-19 13:45:00,L,77.62,79.1538541505918,77.00645833976328,79.1538541505918,2.5,2.361,tp,88
2022-04-19 13:50:00,2022-04-19 21:50:00,L,79.245,79.555,77.99189422809258,82.37776442976858,0.247,0.178,time,96
2022-04-19 23:45:00,2022-04-20 00:20:00,L,79.97,79.48871638459255,79.48871638459255,81.17320903851862,-1.0,-1.183,sl,7
2022-04-20 09:40:00,2022-04-20 13:40:00,L,79.87,79.00347787833024,79.00347787833024,82.0363053041744,-1.0,-1.101,sl,48
2022-04-20 15:05:00,2022-04-20 23:05:00,S,78.135,78.295,79.53349435553413,74.63876411116469,-0.114,-0.176,time,96
2022-04-21 05:55:00,2022-04-21 10:50:00,S,78.21,79.1943381338439,79.1943381338439,75.74915466539022,-1.0,-1.087,sl,59
2022-04-21 10:55:00,2022-04-21 17:15:00,L,79.06,77.87755262586036,77.87755262586036,82.01611843534911,-1.0,-1.074,sl,76
2022-04-21 17:20:00,2022-04-21 20:35:00,S,78.02,75.2947079986798,79.11011680052808,75.2947079986798,2.5,2.421,tp,39
2022-04-21 20:40:00,2022-04-22 04:40:00,S,75.245,76.29,76.786567587707,71.39108103073252,-0.678,-0.732,time,96
2022-04-22 08:20:00,2022-04-22 16:20:00,S,75.82,74.13,77.17107508528888,72.44231228677779,1.251,1.189,time,96
2022-04-22 22:10:00,2022-04-22 23:00:00,S,74.0,74.49237400739594,74.49237400739594,72.76906498151016,-1.0,-1.165,sl,10
2022-04-23 00:55:00,2022-04-23 08:55:00,S,73.675,74.145,74.40105638962538,71.85985902593654,-0.647,-0.759,time,96
2022-04-23 12:20:00,2022-04-23 13:15:00,S,73.27,74.12149652007498,74.12149652007498,71.14125869981252,-1.0,-1.095,sl,11
2022-04-23 19:00:00,2022-04-24 03:00:00,S,73.6,73.31,74.19761786007668,72.10595534980828,0.485,0.35,time,96
2022-04-24 05:45:00,2022-04-24 06:45:00,S,72.905,73.21466812103692,73.21466812103692,72.1308296974077,-1.0,-1.259,sl,12
2022-04-24 09:00:00,2022-04-24 13:35:00,S,72.855,72.14730376578368,73.13807849368654,72.14730376578368,2.5,2.217,tp,55
2022-04-24 13:40:00,2022-04-24 14:55:00,S,72.21,72.68575767317613,72.68575767317613,71.02060581705966,-1.0,-1.167,sl,15
2022-04-24 16:55:00,2022-04-24 19:15:00,S,71.415,72.52729697085447,72.52729697085447,68.63425757286386,-1.0,-1.071,sl,28
2022-04-24 23:45:00,2022-04-25 00:20:00,S,71.575,69.88719135541353,72.25012345783459,69.88719135541353,2.5,2.383,tp,7
2022-04-25 00:25:00,2022-04-25 08:25:00,S,70.055,67.6,72.11726792314535,64.89933019213666,1.19,1.153,time,96
2022-04-25 09:00:00,2022-04-25 09:35:00,S,67.605,68.26297722421491,68.26297722421491,65.96005693946275,-1.0,-1.113,sl,7
2022-04-25 19:45:00,2022-04-26 03:45:00,L,71.62,71.985,70.67660025620162,73.97849935949596,0.387,0.303,time,96
2022-04-26 09:50:00,2022-04-26 14:20:00,S,71.37,69.05970037772806,72.29411984890878,69.05970037772806,2.5,2.415,tp,54
2022-04-26 14:25:00,2022-04-26 22:25:00,S,69.22,69.465,70.73307460004614,65.43731349988465,-0.162,-0.212,time,96
2022-04-27 04:45:00,2022-04-27 05:30:00,S,69.07,69.60779236711258,69.60779236711258,67.72551908221853,-1.0,-1.141,sl,9
2022-04-27 07:05:00,2022-04-27 15:05:00,L,70.285,70.445,69.3001265230632,72.74718369234199,0.162,0.084,time,96
2022-04-27 17:15:00,2022-04-28 01:15:00,S,69.505,69.73,70.70915637431526,66.49460906421184,-0.187,-0.25,time,96
2022-04-28 05:30:00,2022-04-28 07:25:00,S,69.34,69.70713240701555,69.70713240701555,68.42216898246113,-1.0,-1.208,sl,23
2022-04-28 08:25:00,2022-04-28 12:50:00,L,69.995,69.55768134442636,69.55768134442636,71.08829663893412,-1.0,-1.176,sl,53
2022-04-28 13:05:00,2022-04-28 21:05:00,S,69.32,67.695,70.37450824817236,66.68372937956907,1.541,1.469,time,96
2022-04-28 21:40:00,2022-04-29 05:40:00,S,67.105,66.995,68.17113401782241,64.43966495544399,0.103,0.034,time,96
2022-04-29 09:10:00,2022-04-29 17:10:00,S,66.79,64.765,67.83331413246833,64.18171466882919,1.941,1.871,time,96
2022-04-29 17:50:00,2022-04-29 19:30:00,S,64.545,63.133317583531905,65.10967296658724,63.133317583531905,2.5,2.374,tp,20
2022-04-29 19:35:00,2022-04-30 02:05:00,S,63.215,64.59220792061683,64.59220792061683,59.77198019845794,-1.0,-1.05,sl,78
2022-04-30 03:35:00,2022-04-30 05:20:00,S,63.595,64.35529741970657,64.35529741970657,61.69425645073356,-1.0,-1.092,sl,21
2022-04-30 07:15:00,2022-04-30 08:55:00,S,63.74,62.841875743025426,64.09924970278983,62.841875743025426,2.5,2.305,tp,20
2022-04-30 09:00:00,2022-04-30 14:20:00,S,62.725,61.00484465027697,63.41306213988921,61.00484465027697,2.5,2.4,tp,64
2022-04-30 14:25:00,2022-04-30 22:25:00,S,60.975,57.855,62.853886274299605,56.277784314250994,1.661,1.625,time,96
2022-04-30 22:45:00,2022-05-01 05:10:00,S,57.535,59.034657108974635,59.034657108974635,53.7858572275634,-1.0,-1.042,sl,77
2022-05-01 12:15:00,2022-05-01 15:25:00,S,58.495,59.40991781387757,59.40991781387757,56.20770546530606,-1.0,-1.07,sl,38
2022-05-01 18:50:00,2022-05-02 00:35:00,S,58.51,60.01901012005533,60.01901012005533,54.73747469986168,-1.0,-1.043,sl,69
2022-05-02 08:25:00,2022-05-02 11:15:00,S,59.17,56.832672335535264,60.1049310657859,56.832672335535264,2.5,2.43,tp,34
2022-05-02 11:20:00,2022-05-02 13:30:00,S,57.035,58.16118307994915,58.16118307994915,54.21954230012712,-1.0,-1.056,sl,26
2022-05-02 15:15:00,2022-05-02 23:15:00,L,60.495,60.79,57.38658372663232,68.26604068341919,0.095,0.073,time,96
2022-05-03 02:10:00,2022-05-03 10:10:00,L,61.055,60.675,59.77389063916979,64.25777340207551,-0.297,-0.349,time,96
2022-05-03 16:30:00,2022-05-04 00:30:00,S,59.655,59.755,60.7939054176786,56.8077364558035,-0.088,-0.145,time,96
2022-05-04 02:30:00,2022-05-04 04:10:00,L,60.22,59.90419738777826,59.90419738777826,61.00950653055435,-1.0,-1.21,sl,20
2022-05-04 06:55:00,2022-05-04 14:55:00,L,60.44,60.655,59.53519076201204,62.70202309496989,0.238,0.164,time,96
2022-05-04 18:10:00,2022-05-04 19:10:00,L,62.5,66.68198759561209,60.827204961755164,66.68198759561209,2.5,2.459,tp,12
2022-05-04 19:15:00,2022-05-05 03:15:00,L,66.915,68.365,61.529650225226135,80.37837443693468,0.269,0.256,time,96
2022-05-05 03:20:00,2022-05-05 06:50:00,L,68.365,66.99022803366049,66.99022803366049,71.80192991584877,-1.0,-1.055,sl,42
2022-05-05 14:05:00,2022-05-05 15:50:00,S,63.755,57.789222022845436,66.14131119086183,57.789222022845436,2.5,2.471,tp,21
2022-05-05 15:55:00,2022-05-05 23:55:00,S,57.71,58.97,62.054164729482615,46.849588176293466,-0.29,-0.305,time,96
2022-05-06 00:50:00,2022-05-06 08:50:00,S,58.26,57.26,59.410759626930044,55.38310093267488,0.869,0.813,time,96
2022-05-06 11:15:00,2022-05-06 12:30:00,S,56.62,58.07638046347918,58.07638046347918,52.97904884130203,-1.0,-1.043,sl,15
2022-05-06 13:50:00,2022-05-06 15:20:00,S,55.335,57.43961284170727,57.43961284170727,50.073467895731824,-1.0,-1.029,sl,18
2022-05-06 22:15:00,2022-05-07 06:15:00,S,56.44,55.755,57.43761529426098,53.945961764347544,0.687,0.624,time,96
2022-05-07 13:30:00,2022-05-07 16:30:00,S,56.305,57.426843354219294,57.426843354219294,53.500391614451765,-1.0,-1.055,sl,36
2022-05-07 20:35:00,2022-05-07 22:45:00,S,56.37,54.262667072270034,57.21293317109198,54.262667072270034,2.5,2.426,tp,26
2022-05-07 22:50:00,2022-05-08 06:50:00,S,53.84,54.5,55.98820253148577,48.46949367128559,-0.307,-0.335,time,96
2022-05-08 13:05:00,2022-05-08 21:05:00,S,52.78,52.43,54.228745078812814,49.15813730296797,0.242,0.202,time,96
2022-05-08 22:30:00,2022-05-09 00:40:00,S,51.95,52.84903049368613,52.84903049368613,49.70242376578469,-1.0,-1.064,sl,26
2022-05-09 02:25:00,2022-05-09 10:25:00,S,50.875,48.875,52.49040124603091,46.83649688492272,1.238,1.203,time,96
2022-05-09 10:30:00,2022-05-09 17:05:00,S,48.875,44.38575320187023,50.67069871925191,44.38575320187023,2.5,2.47,tp,79
2022-05-09 17:10:00,2022-05-10 01:10:00,S,44.96,42.775,47.989729170146575,37.38567707463356,0.721,0.705,time,96
2022-05-10 12:40:00,2022-05-10 14:35:00,L,49.055,47.41096966264557,47.41096966264557,53.16507584338608,-1.0,-1.033,sl,23
2022-05-10 14:50:00,2022-05-10 22:50:00,S,46.69,43.66,50.35828921753008,37.51927695617479,0.826,0.812,time,96
2022-05-11 04:35:00,2022-05-11 06:55:00,S,42.315,37.246617568583595,44.34235297256656,37.246617568583595,2.5,2.477,tp,28
2022-05-11 07:00:00,2022-05-11 12:50:00,S,37.39,26.292464109526456,41.82901435618942,26.292464109526456,2.5,2.491,tp,70
2022-05-11 12:55:00,2022-05-11 20:55:00,S,29.2,28.275,40.46232479936771,1.044188001580732,0.082,0.079,time,96
2022-05-11 21:00:00,2022-05-11 23:00:00,S,28.275,31.523674964860646,31.523674964860646,20.15331258784838,-1.0,-1.01,sl,24
2022-05-12 02:45:00,2022-05-12 07:15:00,S,30.32,23.520367538597764,33.039852984560895,23.520367538597764,2.5,2.488,tp,54
2022-05-12 07:20:00,2022-05-12 07:40:00,S,24.905,28.058916926182302,28.058916926182302,17.020207684544246,-1.0,-1.009,sl,4
2022-05-12 21:40:00,2022-05-12 23:20:00,S,28.685,30.390040812623255,30.390040812623255,24.422397968441857,-1.0,-1.019,sl,20
2022-05-13 03:10:00,2022-05-13 11:10:00,L,33.26,34.69,30.746643417027943,39.54339145743013,0.569,0.554,time,96
2022-05-13 12:00:00,2022-05-13 16:45:00,L,36.25,34.20020244410621,34.20020244410621,41.374493889734474,-1.0,-1.019,sl,57
2022-05-13 17:45:00,2022-05-14 01:45:00,S,33.775,33.2,35.01785204275619,30.667869893109522,0.463,0.433,time,96
2022-05-14 04:45:00,2022-05-14 09:05:00,S,31.665,32.81939686701224,32.81939686701224,28.779007832469404,-1.0,-1.03,sl,52
2022-05-14 10:25:00,2022-05-14 18:25:00,S,31.61,31.98,32.74134762175898,28.78163094560254,-0.327,-0.358,time,96
2022-05-14 21:45:00,2022-05-15 05:45:00,L,33.07,33.31,31.55569860078865,36.85575349802838,0.158,0.134,time,96
2022-05-15 05:50:00,2022-05-15 13:50:00,L,33.31,34.26,31.886494620600086,36.86876344849979,0.667,0.642,time,96
2022-05-15 17:20:00,2022-05-16 01:20:00,L,35.29,34.755,34.38732517578556,37.54668706053609,-0.593,-0.636,time,96
2022-05-16 06:10:00,2022-05-16 14:10:00,S,33.295,32.655,34.59026388963484,30.056840275912904,0.494,0.466,time,96
2022-05-16 17:00:00,2022-05-16 17:30:00,S,32.13,32.92660459148593,32.92660459148593,30.138488521285176,-1.0,-1.044,sl,6
2022-05-16 21:25:00,2022-05-16 23:35:00,L,33.675,32.711639511655775,32.711639511655775,36.08340122086055,-1.0,-1.038,sl,26
2022-05-16 23:40:00,2022-05-17 01:50:00,S,32.84,33.64801388044988,33.64801388044988,30.81996529887531,-1.0,-1.045,sl,26
2022-05-17 01:55:00,2022-05-17 09:55:00,L,33.755,34.525,32.83077321122983,36.06556697192543,0.833,0.793,time,96
2022-05-17 12:40:00,2022-05-17 14:50:00,L,35.15,33.97976856936715,33.97976856936715,38.07557857658212,-1.0,-1.033,sl,26
2022-05-17 14:55:00,2022-05-17 22:55:00,S,33.77,34.125,35.4404883406233,29.59377914844177,-0.213,-0.235,time,96
2022-05-17 23:10:00,2022-05-18 01:45:00,L,34.52,34.00358738370697,34.00358738370697,35.811031540732586,-1.0,-1.074,sl,31
2022-05-18 03:15:00,2022-05-18 11:15:00,S,33.6,33.27,34.22401029888103,32.03997425279742,0.529,0.47,time,96
2022-05-18 12:20:00,2022-05-18 13:25:00,S,32.89,31.78287672494799,33.332849310020805,31.78287672494799,2.5,2.418,tp,13
2022-05-18 13:30:00,2022-05-18 21:30:00,S,31.915,30.66,33.231806861412814,28.622982846467963,0.953,0.926,time,96
2022-05-18 23:40:00,2022-05-19 07:40:00,S,29.69,29.27,30.776819235085963,26.972951912285097,0.386,0.356,time,96
2022-05-19 08:55:00,2022-05-19 13:10:00,S,28.435,29.465143563828775,29.465143563828775,25.859641090428056,-1.0,-1.03,sl,51
2022-05-19 15:20:00,2022-05-19 22:00:00,L,30.85,29.527477988504018,29.527477988504018,34.156305028739965,-1.0,-1.026,sl,80
2022-05-19 22:20:00,2022-05-19 23:30:00,S,29.2,30.085427385496153,30.085427385496153,26.986431536259616,-1.0,-1.036,sl,14
2022-05-20 01:25:00,2022-05-20 03:15:00,L,30.955,29.94749307167684,29.94749307167684,33.473767320807895,-1.0,-1.034,sl,22
2022-05-20 03:20:00,2022-05-20 08:35:00,S,29.985,30.655617953622325,30.655617953622325,28.308455115944184,-1.0,-1.049,sl,63
2022-05-20 09:20:00,2022-05-20 14:25:00,L,30.72,29.95858019552207,29.95858019552207,32.62354951119482,-1.0,-1.044,sl,61
2022-05-20 14:30:00,2022-05-20 22:30:00,S,30.21,29.095,31.76634842590214,26.31912893524465,0.716,0.695,time,96
2022-05-21 01:15:00,2022-05-21 02:20:00,S,28.545,29.12838186383571,29.12838186383571,27.08654534041073,-1.0,-1.054,sl,13
2022-05-21 10:30:00,2022-05-21 14:40:00,S,29.05,29.483464253376287,29.483464253376287,27.966339366559286,-1.0,-1.074,sl,50
2022-05-21 14:45:00,2022-05-21 21:55:00,L,29.62,29.165943005789437,29.165943005789437,30.755142485526413,-1.0,-1.072,sl,86
2022-05-21 22:00:00,2022-05-21 23:00:00,S,29.19,29.725454245103805,29.725454245103805,27.851364387240494,-1.0,-1.06,sl,12
2022-05-21 23:15:00,2022-05-22 07:10:00,L,29.77,29.195845178465493,29.195845178465493,31.205387053836265,-1.0,-1.057,sl,95
2022-05-22 07:15:00,2022-05-22 09:05:00,S,29.005,29.986220329846844,29.986220329846844,26.551949175382887,-1.0,-1.033,sl,22
2022-05-22 09:10:00,2022-05-22 12:35:00,L,29.965,31.09057211732901,29.514771153068395,31.09057211732901,2.5,2.427,tp,41
2022-05-22 12:40:00,2022-05-22 20:40:00,L,30.955,31.315,29.88579823410105,33.62800441474737,0.337,0.305,time,96
2022-05-22 22:35:00,2022-05-23 02:25:00,L,31.755,30.881853409471272,30.881853409471272,33.937866476321815,-1.0,-1.04,sl,46
2022-05-23 06:25:00,2022-05-23 14:05:00,L,31.755,30.891837439356202,30.891837439356202,33.91290640160949,-1.0,-1.04,sl,92
2022-05-23 16:10:00,2022-05-23 18:00:00,L,32.49,31.49211692515637,31.49211692515637,34.98470768710908,-1.0,-1.036,sl,22
2022-05-23 19:05:00,2022-05-24 03:05:00,S,30.77,29.4,31.878661224011264,27.99834693997184,1.236,1.205,time,96
2022-05-24 08:55:00,2022-05-24 13:55:00,S,28.66,27.02907325558516,29.312370697765935,27.02907325558516,2.5,2.452,tp,60
2022-05-24 14:00:00,2022-05-24 15:45:00,S,27.19,28.59400847423069,28.59400847423069,23.67997881442328,-1.0,-1.021,sl,21
2022-05-25 00:30:00,2022-05-25 02:20:00,S,28.705,29.261289065218477,29.261289065218477,27.3142773369538,-1.0,-1.057,sl,22
2022-05-25 02:40:00,2022-05-25 05:35:00,L,29.405,28.572604808541872,28.572604808541872,31.485987978645326,-1.0,-1.039,sl,35
2022-05-25 05:40:00,2022-05-25 13:40:00,S,28.645,28.4,29.289990201138853,27.032524497152867,0.38,0.331,time,96
2022-05-25 16:10:00,2022-05-26 00:10:00,S,27.74,27.665,28.292014469397916,26.359963826505204,0.136,0.081,time,96
2022-05-26 05:00:00,2022-05-26 05:35:00,S,27.24,26.155593554252366,27.67376257829905,26.155593554252366,2.5,2.431,tp,7
2022-05-26 05:40:00,2022-05-26 13:15:00,S,26.29,22.910507623998097,27.64179695040076,22.910507623998097,2.5,2.479,tp,91
2022-05-26 13:20:00,2022-05-26 13:55:00,S,23.18,24.511553689888757,24.511553689888757,19.851115775278107,-1.0,-1.019,sl,7
2022-05-26 19:00:00,2022-05-27 01:45:00,S,24.52,22.604386430122876,25.28624542795085,22.604386430122876,2.5,2.465,tp,81
2022-05-27 01:50:00,2022-05-27 09:50:00,S,22.555,22.42,23.369251809201174,20.519370476997064,0.166,0.135,time,96
2022-05-27 10:50:00,2022-05-27 12:20:00,S,21.805,22.588549044230533,22.588549044230533,19.846127389423668,-1.0,-1.031,sl,18
2022-05-27 17:35:00,2022-05-27 20:20:00,S,21.91,22.91963631139329,22.91963631139329,19.385909221516776,-1.0,-1.024,sl,33
2022-05-28 08:25:00,2022-05-28 12:55:00,S,22.655,23.107261953276293,23.107261953276293,21.524345116809272,-1.0,-1.055,sl,54
2022-05-28 13:20:00,2022-05-28 21:20:00,L,23.585,25.025,22.38638290635013,26.58154273412468,1.201,1.18,time,96
2022-05-29 06:30:00,2022-05-29 08:25:00,L,24.575,25.813269036109276,24.07969238555629,25.813269036109276,2.5,2.445,tp,23
2022-05-29 08:30:00,2022-05-29 16:30:00,L,25.655,26.045,24.434595203285554,28.70601199178612,0.32,0.296,time,96
2022-05-29 21:45:00,2022-05-30 01:35:00,L,25.725,26.79589918178683,25.29664032728527,26.79589918178683,2.5,2.434,tp,46
2022-05-30 01:40:00,2022-05-30 09:40:00,L,26.76,27.32,25.272870734698337,30.477823163254165,0.377,0.357,time,96
2022-05-30 21:20:00,2022-05-31 05:20:00,L,27.99,27.785,26.975864292092243,30.525339269769386,-0.202,-0.233,time,96
2022-05-31 06:20:00,2022-05-31 14:20:00,S,27.2,26.06,27.984916904492646,25.237707738768382,1.452,1.414,time,96
2022-05-31 15:55:00,2022-05-31 19:05:00,L,27.13,25.98664345395854,25.98664345395854,29.98839136510365,-1.0,-1.026,sl,38
2022-05-31 19:10:00,2022-06-01 00:40:00,S,26.015,26.815135805352575,26.815135805352575,24.014660486618563,-1.0,-1.036,sl,66
2022-06-01 03:10:00,2022-06-01 11:10:00,S,26.08,25.905,26.74227093647506,24.424322658812347,0.264,0.221,time,96
2022-06-01 13:15:00,2022-06-01 14:35:00,L,26.22,25.527115124610436,25.527115124610436,27.952212188473908,-1.0,-1.042,sl,16
2022-06-01 14:40:00,2022-06-01 22:40:00,S,25.49,23.79,26.80871369537035,22.193215761574116,1.289,1.268,time,96
2022-06-02 00:10:00,2022-06-02 08:10:00,S,23.41,23.51,24.1717922624927,21.50551934376825,-0.131,-0.165,time,96
2022-06-02 13:25:00,2022-06-02 15:20:00,S,23.34,24.060446624337562,24.060446624337562,21.538883439156095,-1.0,-1.036,sl,23
2022-06-02 19:25:00,2022-06-02 22:00:00,S,24.06,24.534604195953644,24.534604195953644,22.873489510115885,-1.0,-1.056,sl,31
2022-06-03 00:45:00,2022-06-03 08:45:00,S,24.23,23.75,24.773203310031903,22.871991724920242,0.884,0.835,time,96
2022-06-03 09:15:00,2022-06-03 17:15:00,S,23.545,22.915,24.073466927520066,22.22383268119984,1.192,1.143,time,96
2022-06-03 23:35:00,2022-06-04 02:20:00,S,22.93,22.25696500332102,23.199213998671592,22.25696500332102,2.5,2.406,tp,33
2022-06-04 02:25:00,2022-06-04 04:05:00,S,22.29,22.720726208750254,22.720726208750254,21.21318447812436,-1.0,-1.057,sl,20
2022-06-04 12:20:00,2022-06-04 14:30:00,S,22.815,23.190763063762354,23.190763063762354,21.875592340594118,-1.0,-1.067,sl,26
2022-06-04 19:15:00,2022-06-04 21:20:00,S,23.13,23.448328679681886,23.448328679681886,22.33417830079528,-1.0,-1.08,sl,25
2022-06-04 21:25:00,2022-06-05 05:25:00,L,23.775,24.07,23.146705284913313,25.34573678771671,0.47,0.428,time,96
2022-06-05 05:50:00,2022-06-05 13:50:00,L,24.385,24.12,23.89725512224863,25.60436219437843,-0.543,-0.598,time,96
2022-06-05 15:55:00,2022-06-05 23:15:00,L,24.56,24.264319307248513,24.264319307248513,25.29920173187871,-1.0,-1.091,sl,88
2022-06-06 00:55:00,2022-06-06 06:45:00,L,24.925,27.22968818284604,24.003124726861586,27.22968818284604,2.5,2.47,tp,70
2022-06-06 06:50:00,2022-06-06 14:50:00,L,27.475,26.49,26.313934372981343,30.377664067546647,-0.848,-0.874,time,96
2022-06-06 21:55:00,2022-06-07 00:20:00,L,26.145,25.43252901834449,25.43252901834449,27.926177454138774,-1.0,-1.04,sl,29
2022-06-07 00:30:00,2022-06-07 08:30:00,S,25.23,24.035,26.22262179596522,22.74844551008695,1.204,1.176,time,96
2022-06-07 11:05:00,2022-06-07 13:35:00,S,23.525,24.035440563235785,24.035440563235785,22.24889859191053,-1.0,-1.051,sl,30
2022-06-07 19:15:00,2022-06-07 20:15:00,L,24.755,25.725408113075773,24.36683675476969,25.725408113075773,2.5,2.43,tp,12
2022-06-07 20:20:00,2022-06-07 22:45:00,L,25.615,24.54712323736266,24.54712323736266,28.28469190659335,-1.0,-1.026,sl,29
2022-06-07 22:50:00,2022-06-08 02:05:00,S,24.135,25.390015176536107,25.390015176536107,20.99746205865974,-1.0,-1.021,sl,39
2022-06-08 03:20:00,2022-06-08 11:20:00,S,24.2,24.47,25.26076561637684,21.548085959057897,-0.255,-0.28,time,96
2022-06-08 12:25:00,2022-06-08 13:35:00,S,24.22,24.68349238737588,24.68349238737588,23.0612690315603,-1.0,-1.057,sl,14
2022-06-08 13:50:00,2022-06-08 18:30:00,L,24.875,24.086425690715277,24.086425690715277,26.84643577321181,-1.0,-1.035,sl,56
2022-06-08 18:35:00,2022-06-08 21:55:00,S,23.895,24.43234190086716,24.43234190086716,22.551645247832095,-1.0,-1.049,sl,40
2022-06-09 00:10:00,2022-06-09 08:10:00,S,24.2,24.48,24.763945194898035,22.79013701275491,-0.497,-0.544,time,96
2022-06-09 08:25:00,2022-06-09 16:25:00,L,24.755,24.77,24.2223604256075,26.086598935981243,0.028,-0.023,time,96
2022-06-09 17:00:00,2022-06-09 18:40:00,L,25.17,24.63406015894542,24.63406015894542,26.509849602636457,-1.0,-1.052,sl,20
2022-06-09 19:05:00,2022-06-10 03:05:00,S,24.55,24.75,25.026411363700603,23.358971590748496,-0.42,-0.476,time,96
2022-06-10 03:10:00,2022-06-10 08:30:00,L,24.75,24.171741287126608,24.171741287126608,26.19564678218348,-1.0,-1.047,sl,64
2022-06-10 08:35:00,2022-06-10 12:30:00,S,24.17,23.539168002656744,24.422332798937305,23.539168002656744,2.5,2.395,tp,47
2022-06-10 12:35:00,2022-06-10 20:35:00,S,23.095,22.485,24.174394507454174,20.39651373136456,0.565,0.542,time,96
2022-06-11 08:40:00,2022-06-11 12:55:00,S,22.47,21.036135631777455,23.043545747289016,21.036135631777455,2.5,2.457,tp,51
2022-06-11 13:00:00,2022-06-11 21:00:00,S,20.805,20.105,21.559912583252142,18.917718541869643,0.927,0.897,time,96
2022-06-11 23:10:00,2022-06-12 02:25:00,S,20.055,18.682777522531552,20.60388899098738,18.682777522531552,2.5,2.46,tp,39
2022-06-12 02:30:00,2022-06-12 10:30:00,S,18.56,18.64,19.641335732595746,15.856660668510631,-0.074,-0.093,time,96
2022-06-12 11:10:00,2022-06-12 14:50:00,S,18.205,18.749199529613318,18.749199529613318,16.8445011759667,-1.0,-1.037,sl,44
2022-06-12 18:40:00,2022-06-12 23:40:00,S,18.615,17.361669948909665,19.116332020436133,17.361669948909665,2.5,2.459,tp,60
2022-06-12 23:45:00,2022-06-13 01:25:00,S,17.495,16.03375817857669,18.079496728569325,16.03375817857669,2.5,2.467,tp,20
2022-06-13 01:30:00,2022-06-13 09:30:00,S,16.095,15.0,17.301809940424548,13.077975148938627,0.907,0.893,time,96
2022-06-13 22:15:00,2022-06-14 03:30:00,S,15.94,16.544794309728456,16.544794309728456,14.428014225678858,-1.0,-1.029,sl,63
2022-06-14 06:35:00,2022-06-14 07:30:00,L,17.165,16.539391525864563,16.539391525864563,18.72902118533859,-1.0,-1.03,sl,11
2022-06-14 10:00:00,2022-06-14 18:00:00,S,16.39,16.135,17.09471381789441,14.62821545526398,0.362,0.336,time,96
2022-06-15 03:10:00,2022-06-15 08:00:00,S,16.15,14.892848088921383,16.652860764431445,14.892848088921383,2.5,2.465,tp,58
2022-06-15 08:05:00,2022-06-15 11:25:00,S,14.88,15.567642261182435,15.567642261182435,13.160894347043914,-1.0,-1.024,sl,40
2022-06-15 15:35:00,2022-06-15 16:00:00,S,15.595,15.897512701684898,15.897512701684898,14.838718245787758,-1.0,-1.057,sl,5
2022-06-15 16:35:00,2022-06-15 17:55:00,S,15.465,16.00864500244528,16.00864500244528,14.105887493886797,-1.0,-1.031,sl,16
2022-06-15 18:05:00,2022-06-15 18:05:00,L,15.495,15.014785249709995,15.014785249709995,16.69553687572501,-1.0,-1.035,sl,0
2022-06-15 18:45:00,2022-06-16 02:45:00,L,16.7,17.93,14.744579071855789,21.588552320360527,0.629,0.62,time,96
2022-06-16 09:05:00,2022-06-16 13:50:00,S,16.78,15.849467934910246,17.152212826035903,15.849467934910246,2.5,2.45,tp,57
2022-06-16 14:10:00,2022-06-16 16:25:00,S,15.9,16.603604792998446,16.603604792998446,14.140988017503886,-1.0,-1.025,sl,27
2022-06-16 23:00:00,2022-06-17 01:35:00,S,15.755,16.17109740357424,16.17109740357424,14.714756491064403,-1.0,-1.042,sl,31
2022-06-17 12:30:00,2022-06-17 20:30:00,S,16.125,16.255,16.480226432233387,15.236933919416533,-0.366,-0.416,time,96
2022-06-18 01:35:00,2022-06-18 08:15:00,S,15.845,14.700904128468459,16.302638348612618,14.700904128468459,2.5,2.462,tp,80
2022-06-18 08:20:00,2022-06-18 10:15:00,S,14.68,15.203888795396706,15.203888795396706,13.370278011508233,-1.0,-1.031,sl,23
2022-06-18 18:35:00,2022-06-19 02:35:00,S,14.68,14.19,15.112074942838223,13.59981264290444,1.134,1.097,time,96
2022-06-19 05:20:00,2022-06-19 09:15:00,S,13.885,14.419077282014294,14.419077282014294,12.549806794964264,-1.0,-1.029,sl,47
2022-06-19 10:20:00,2022-06-19 18:20:00,L,14.835,15.385,14.317643031145796,16.128392422135512,1.063,1.032,time,96
2022-06-19 19:00:00,2022-06-20 03:00:00,L,15.76,15.47,15.143361643271996,17.301595891820007,-0.47,-0.498,time,96
2022-06-20 07:00:00,2022-06-20 08:55:00,L,15.81,16.681012879424244,15.461594848230304,16.681012879424244,2.5,2.45,tp,23
2022-06-20 09:00:00,2022-06-20 17:00:00,L,16.67,17.075,15.639718653385913,19.245703366535224,0.393,0.375,time,96
2022-06-20 23:50:00,2022-06-21 07:50:00,L,17.2,17.5,16.595722402073743,18.71069399481564,0.496,0.465,time,96
2022-06-21 08:40:00,2022-06-21 16:40:00,L,17.835,18.06,17.306147651094424,19.15713087226394,0.425,0.388,time,96
2022-06-21 19:50:00,2022-06-22 03:50:00,S,16.95,16.125,17.412247074576946,15.794382313557632,1.785,1.744,time,96
2022-06-22 06:35:00,2022-06-22 09:35:00,S,16.05,16.73178365247831,16.73178365247831,14.345540868804228,-1.0,-1.026,sl,36
2022-06-22 11:00:00,2022-06-22 12:05:00,L,16.785,16.60509107719749,16.60509107719749,17.234772307006278,-1.0,-1.103,sl,13
2022-06-22 13:30:00,2022-06-22 16:00:00,L,17.055,16.478689958263402,16.478689958263402,18.495775104341494,-1.0,-1.033,sl,30
2022-06-22 16:05:00,2022-06-23 00:05:00,S,16.49,16.245,17.025148288284207,15.152129279289477,0.458,0.424,time,96
2022-06-23 00:20:00,2022-06-23 08:20:00,L,16.545,17.49,15.992851339782327,17.92537165054419,1.711,1.679,time,96
2022-06-23 10:05:00,2022-06-23 13:50:00,L,17.845,17.33502952958243,17.33502952958243,19.11992617604392,-1.0,-1.038,sl,45
2022-06-23 19:40:00,2022-06-24 02:20:00,L,17.855,19.510816247445028,17.19267350102199,19.510816247445028,2.5,2.47,tp,80
2022-06-24 02:25:00,2022-06-24 10:25:00,L,19.335,19.31,18.245011383223474,22.059971541941316,-0.023,-0.042,time,96
2022-06-24 11:10:00,2022-06-24 15:05:00,L,19.63,19.078130644062334,19.078130644062334,21.00967338984416,-1.0,-1.039,sl,47
2022-06-24 19:40:00,2022-06-24 21:15:00,L,19.35,20.186088841209674,19.01556446351613,20.186088841209674,2.5,2.436,tp,19
2022-06-24 21:20:00,2022-06-25 05:20:00,L,20.41,21.25,19.601737428209322,22.430656429476695,1.039,1.011,time,96
2022-06-25 08:10:00,2022-06-25 08:35:00,L,21.345,21.108743547357452,21.108743547357452,21.935641131606367,-1.0,-1.099,sl,5
2022-06-25 19:00:00,2022-06-26 00:05:00,L,20.5,21.586635697073525,20.06534572117059,21.586635697073525,2.5,2.448,tp,61
2022-06-26 00:10:00,2022-06-26 01:30:00,L,21.59,21.170782152942806,21.170782152942806,22.638044617642983,-1.0,-1.057,sl,16
2022-06-26 07:05:00,2022-06-26 15:05:00,L,21.285,20.737899481876912,20.737899481876912,22.65275129530772,-1.0,-1.043,sl,96
2022-06-26 17:25:00,2022-06-27 01:25:00,S,20.45,20.02,20.993319721736658,19.091700695658353,0.791,0.75,time,96
2022-06-27 07:05:00,2022-06-27 13:55:00,L,20.47,20.060544958897463,20.060544958897463,21.493637602756337,-1.0,-1.055,sl,82
2022-06-27 14:00:00,2022-06-27 22:00:00,S,20.05,19.355,20.95394152039378,17.790146199015552,0.769,0.744,time,96
2022-06-28 01:35:00,2022-06-28 07:05:00,S,19.12,19.6943473222094,19.6943473222094,17.684131694476505,-1.0,-1.037,sl,66
2022-06-28 08:50:00,2022-06-28 11:05:00,L,19.86,19.44759065531201,19.44759065531201,20.891023361719974,-1.0,-1.053,sl,27
2022-06-28 11:10:00,2022-06-28 11:30:00,S,19.55,19.84729637693617,19.84729637693617,18.806759057659576,-1.0,-1.072,sl,4
2022-06-28 12:15:00,2022-06-28 15:35:00,L,20.07,19.482994111806143,19.482994111806143,21.537514720484644,-1.0,-1.038,sl,40
2022-06-28 15:40:00,2022-06-28 23:40:00,S,19.51,18.11,20.21403258522092,17.749918536947703,1.989,1.958,time,96
2022-06-28 23:45:00,2022-06-29 00:15:00,S,18.11,18.44609383863665,18.44609383863665,17.269765403408375,-1.0,-1.059,sl,6
2022-06-29 05:40:00,2022-06-29 13:40:00,S,18.23,17.32,18.641799200393812,17.200501999015472,2.21,2.161,time,96
2022-06-29 13:45:00,2022-06-29 13:50:00,S,17.32,17.702965847142373,17.702965847142373,16.36258538214407,-1.0,-1.05,sl,1
2022-06-29 17:15:00,2022-06-29 17:55:00,S,17.29,17.622469229311175,17.622469229311175,16.45882692672206,-1.0,-1.057,sl,8
2022-06-29 23:30:00,2022-06-30 06:55:00,S,17.515,16.448349301174385,17.941660279530247,16.448349301174385,2.5,2.455,tp,89
2022-06-30 07:00:00,2022-06-30 15:00:00,S,16.495,16.285,17.09701857751064,14.989953556223407,0.349,0.319,time,96
2022-06-30 19:05:00,2022-06-30 21:20:00,S,16.1,16.3793442445147,16.3793442445147,15.401639388713251,-1.0,-1.063,sl,27
2022-07-01 00:30:00,2022-07-01 05:05:00,L,17.285,16.107559250196484,16.107559250196484,20.22860187450879,-1.0,-1.016,sl,55
2022-07-01 05:10:00,2022-07-01 13:10:00,S,16.11,16.015,16.732260844533855,14.554347888665362,0.153,0.124,time,96
2022-07-01 23:00:00,2022-07-02 06:05:00,S,16.12,16.46413559889856,16.46413559889856,15.2596610027536,-1.0,-1.052,sl,85
2022-07-02 18:55:00,2022-07-02 19:45:00,L,16.5,16.30252890228202,16.30252890228202,16.99367774429495,-1.0,-1.092,sl,10
2022-07-02 22:00:00,2022-07-02 23:45:00,L,16.555,16.344697615360065,16.344697615360065,17.080755961599834,-1.0,-1.087,sl,21
2022-07-02 23:50:00,2022-07-03 05:00:00,S,16.325,16.545929891016925,16.545929891016925,15.772675272457684,-1.0,-1.081,sl,62
2022-07-03 09:00:00,2022-07-03 10:30:00,S,16.045,16.1300725269936,16.1300725269936,15.832318682516004,-1.0,-1.207,sl,18
2022-07-03 13:00:00,2022-07-03 14:00:00,S,16.07,15.818818289130013,16.170472684347995,15.818818289130013,2.5,2.324,tp,12
2022-07-03 14:05:00,2022-07-03 16:35:00,S,15.91,16.076992500679093,16.076992500679093,15.492518748302267,-1.0,-1.105,sl,30
2022-07-03 19:30:00,2022-07-03 19:50:00,L,16.235,16.532190857178737,16.116123657128504,16.532190857178737,2.5,2.35,tp,4
2022-07-03 19:55:00,2022-07-04 03:55:00,L,16.45,16.325,16.127782044478966,17.255544888802582,-0.388,-0.444,time,96
2022-07-04 05:50:00,2022-07-04 11:55:00,L,16.605,17.232463140011163,16.354014743995535,17.232463140011163,2.5,2.427,tp,73
2022-07-04 12:00:00,2022-07-04 20:00:00,L,17.215,17.39,16.84258002509987,18.146049937250325,0.47,0.419,time,96
2022-07-04 22:30:00,2022-07-05 06:30:00,L,17.87,18.035,17.445461633429655,18.931345916425865,0.389,0.342,time,96
2022-07-05 11:35:00,2022-07-05 19:20:00,S,17.11,17.477477950642296,17.477477950642296,16.191305123394258,-1.0,-1.051,sl,93
2022-07-05 19:25:00,2022-07-06 03:25:00,L,17.455,17.905,16.82902499513165,19.01993751217087,0.719,0.688,time,96
2022-07-06 04:35:00,2022-07-06 12:35:00,L,18.495,18.26,17.887069712249875,20.014825719375317,-0.387,-0.42,time,96
2022-07-06 13:35:00,2022-07-06 13:35:00,L,18.525,18.18245537947298,18.18245537947298,19.381361551317546,-1.0,-1.059,sl,0
2022-07-06 16:30:00,2022-07-07 00:30:00,L,18.63,19.3,18.21388295437356,19.6702926140661,1.61,1.561,time,96
2022-07-07 00:45:00,2022-07-07 02:25:00,L,19.42,19.026230267971858,19.026230267971858,20.404424330070363,-1.0,-1.054,sl,20
2022-07-07 08:00:00,2022-07-07 16:00:00,L,19.315,19.875,18.81557820325689,20.56355449185778,1.121,1.079,time,96
2022-07-07 16:30:00,2022-07-08 00:30:00,L,20.16,19.94,19.753744793490185,21.17563801627454,-0.542,-0.596,time,96
2022-07-08 01:10:00,2022-07-08 06:50:00,L,20.42,19.89270149239041,19.89270149239041,21.738246269023975,-1.0,-1.043,sl,68
2022-07-08 12:15:00,2022-07-08 12:30:00,L,19.965,19.542920433248437,19.542920433248437,21.020198916878908,-1.0,-1.052,sl,3
2022-07-08 15:15:00,2022-07-08 23:15:00,L,20.125,20.115,19.606302873717034,21.421742815707415,-0.019,-0.062,time,96
2022-07-09 07:10:00,2022-07-09 11:55:00,L,19.98,19.740175520814653,19.740175520814653,20.579561197963372,-1.0,-1.092,sl,57
2022-07-09 17:15:00,2022-07-09 23:30:00,L,20.12,19.895164726847266,19.895164726847266,20.682088182881838,-1.0,-1.098,sl,75
2022-07-10 00:15:00,2022-07-10 02:30:00,S,19.82,19.265950511798856,20.041619795280457,19.265950511798856,2.5,2.402,tp,27
2022-07-10 02:35:00,2022-07-10 10:35:00,S,19.355,19.305,19.933332708877607,17.909168227805985,0.086,0.05,time,96
2022-07-10 10:40:00,2022-07-10 14:25:00,S,19.305,18.877541930570118,19.475983227771952,18.877541930570118,2.5,2.376,tp,45
2022-07-10 14:30:00,2022-07-10 20:25:00,S,18.955,19.262278678798804,19.262278678798804,18.186803303002982,-1.0,-1.068,sl,71
2022-07-11 01:25:00,2022-07-11 09:25:00,S,18.7,18.53,19.175798761689595,17.51050309577601,0.357,0.314,time,96
2022-07-11 11:55:00,2022-07-11 19:55:00,S,18.365,18.315,18.75765192101096,17.383370197472594,0.127,0.076,time,96
2022-07-11 20:20:00,2022-07-11 22:10:00,S,18.15,17.59595120509121,18.371619517963513,17.59595120509121,2.5,2.41,tp,22
2022-07-11 22:15:00,2022-07-12 06:15:00,S,17.61,17.615,18.164753967317615,16.22311508170596,-0.009,-0.044,time,96
2022-07-12 06:50:00,2022-07-12 11:30:00,S,17.41,17.791850480888296,17.791850480888296,16.45537379777926,-1.0,-1.05,sl,56
2022-07-12 18:55:00,2022-07-12 22:00:00,S,17.62,17.004428067751654,17.86622877289934,17.004428067751654,2.5,2.421,tp,37
2022-07-12 22:05:00,2022-07-13 06:05:00,S,17.085,17.105,17.25176708634249,16.66808228414378,-0.12,-0.233,time,96
2022-07-13 12:35:00,2022-07-13 17:00:00,S,17.065,17.89710787381483,17.89710787381483,14.984730315462933,-1.0,-1.023,sl,53
2022-07-13 17:05:00,2022-07-14 01:05:00,L,17.82,18.61,17.252138960231676,19.23965259942081,1.391,1.357,time,96
2022-07-14 04:05:00,2022-07-14 05:50:00,L,18.9,18.61161564696327,18.61161564696327,19.620960882591824,-1.0,-1.072,sl,21
2022-07-14 11:15:00,2022-07-14 15:00:00,S,17.995,18.2525673227134,18.2525673227134,17.351081693216504,-1.0,-1.077,sl,45
2022-07-14 15:05:00,2022-07-14 17:40:00,L,18.255,19.48087575568925,17.7646496977243,19.48087575568925,2.5,2.459,tp,31
2022-07-14 17:45:00,2022-07-15 01:45:00,L,19.36,19.97,18.57405499397782,21.324862515055443,0.776,0.749,time,96
2022-07-15 01:50:00,2022-07-15 09:50:00,L,19.97,19.925,19.530335082766005,21.069162293084986,-0.102,-0.152,time,96
2022-07-15 18:45:00,2022-07-16 00:00:00,L,19.685,19.248740133617353,19.248740133617353,20.775649665956614,-1.0,-1.05,sl,63
2022-07-16 00:05:00,2022-07-16 08:05:00,S,19.36,18.815,19.729374250727993,18.436564373180016,1.475,1.418,time,96
2022-07-16 12:55:00,2022-07-16 15:20:00,L,19.27,19.989442466748834,18.982223013300466,19.989442466748834,2.5,2.426,tp,29
2022-07-16 15:25:00,2022-07-16 17:00:00,L,20.005,21.378395791042816,19.455641683582872,21.378395791042816,2.5,2.46,tp,19
2022-07-16 17:05:00,2022-07-17 01:05:00,L,21.27,21.04,20.132835542669092,24.112911143327267,-0.202,-0.223,time,96
2022-07-17 04:10:00,2022-07-17 12:10:00,L,21.285,21.485,20.92248190261882,22.19129524345295,0.552,0.487,time,96
2022-07-17 17:30:00,2022-07-17 17:55:00,L,21.41,20.88660420478321,20.88660420478321,22.718489488041975,-1.0,-1.045,sl,5
2022-07-17 23:25:00,2022-07-18 00:20:00,S,20.745,21.03317122634948,21.03317122634948,20.0245719341263,-1.0,-1.079,sl,11
2022-07-18 01:25:00,2022-07-18 05:05:00,L,21.245,22.575782313129444,20.712687074748224,22.575782313129444,2.5,2.456,tp,44
2022-07-18 05:10:00,2022-07-18 13:10:00,L,22.595,23.78,21.640083227363142,24.98229193159214,1.241,1.215,time,96
2022-07-18 22:40:00,2022-07-18 23:25:00,L,22.915,23.809504808099724,22.55719807676011,23.809504808099724,2.5,2.43,tp,9
2022-07-18 23:30:00,2022-07-19 07:30:00,L,23.665,23.195,22.636616858522757,26.235957853693105,-0.457,-0.482,time,96
2022-07-19 10:45:00,2022-07-19 13:20:00,L,23.95,25.23093782692255,23.43762486923098,25.23093782692255,2.5,2.449,tp,31
2022-07-19 13:25:00,2022-07-19 21:25:00,L,25.06,25.13,23.961821290035914,27.80544677491021,0.064,0.039,time,96
2022-07-20 01:00:00,2022-07-20 09:00:00,L,25.365,24.745,24.44109642211769,27.674758944705772,-0.671,-0.701,time,96
2022-07-20 17:15:00,2022-07-21 01:15:00,S,24.27,23.85,25.42781491836474,21.37546270408815,0.363,0.34,time,96
2022-07-21 02:30:00,2022-07-21 10:30:00,S,23.37,23.58,23.996062960372303,21.804842599069246,-0.335,-0.376,time,96
2022-07-21 11:20:00,2022-07-21 12:15:00,S,23.53,23.900226680928427,23.900226680928427,22.604433297678938,-1.0,-1.07,sl,11
2022-07-21 12:20:00,2022-07-21 20:20:00,L,23.89,25.19,23.23333874179581,25.531653145510482,1.98,1.94,time,96
2022-07-22 12:00:00,2022-07-22 13:20:00,L,25.44,24.954295104453973,24.954295104453973,26.654262238865073,-1.0,-1.058,sl,16
2022-07-22 15:25:00,2022-07-22 23:25:00,S,24.42,23.695,24.90969394981724,23.19576512545691,1.481,1.426,time,96
2022-07-22 23:50:00,2022-07-23 01:40:00,S,23.615,23.92419225425092,23.92419225425092,22.842019364372696,-1.0,-1.084,sl,22
2022-07-23 04:35:00,2022-07-23 08:50:00,L,24.33,24.041951907123224,24.041951907123224,25.050120232191937,-1.0,-1.093,sl,51
2022-07-23 10:40:00,2022-07-23 18:40:00,S,23.755,23.005,24.216054953401212,22.60236261649697,1.627,1.57,time,96
2022-07-23 18:50:00,2022-07-23 19:45:00,S,22.87,23.231246624038615,23.231246624038615,21.966883439903466,-1.0,-1.07,sl,11
2022-07-24 01:50:00,2022-07-24 02:30:00,S,23.4,23.71036997186085,23.71036997186085,22.62407507034787,-1.0,-1.083,sl,8
2022-07-24 04:15:00,2022-07-24 04:45:00,S,23.335,23.61919991316426,23.61919991316426,22.624500217089356,-1.0,-1.09,sl,6
2022-07-24 05:15:00,2022-07-24 13:15:00,L,23.81,23.775,23.209856125384704,25.310359686538234,-0.058,-0.102,time,96
2022-07-24 13:45:00,2022-07-24 15:10:00,S,23.69,23.99941552459407,23.99941552459407,22.91646118851483,-1.0,-1.084,sl,17
2022-07-24 19:35:00,2022-07-24 22:50:00,L,24.045,23.821040086964516,23.821040086964516,24.604899782588717,-1.0,-1.118,sl,39
2022-07-24 22:55:00,2022-07-25 02:30:00,S,23.88,22.34854584250524,24.492581662997903,22.34854584250524,2.5,2.457,tp,43
2022-07-25 02:35:00,2022-07-25 10:35:00,S,22.315,22.26,22.863400945268296,20.943997636829266,0.1,0.056,time,96
2022-07-25 18:15:00,2022-07-25 23:45:00,S,21.805,21.012971704875515,22.121811318049794,21.012971704875515,2.5,2.424,tp,66
2022-07-25 23:50:00,2022-07-26 07:50:00,S,21.03,20.545,21.63357576040302,19.521060598992456,0.804,0.765,time,96
2022-07-26 13:10:00,2022-07-26 21:10:00,S,20.35,20.145,20.920630977587297,18.92342255603176,0.359,0.32,time,96
2022-07-27 02:30:00,2022-07-27 05:05:00,S,20.29,20.60217609044152,20.60217609044152,19.509559773896193,-1.0,-1.071,sl,31
2022-07-27 08:05:00,2022-07-27 09:35:00,L,21.175,20.971671460700414,20.971671460700414,21.683321348248967,-1.0,-1.115,sl,18
2022-07-27 13:55:00,2022-07-27 16:55:00,L,21.35,20.938943108157527,20.938943108157527,22.377642229606188,-1.0,-1.057,sl,36
2022-07-27 17:00:00,2022-07-27 18:00:00,S,20.98,21.501060266634248,21.501060266634248,19.677349333414384,-1.0,-1.044,sl,12
2022-07-27 18:35:00,2022-07-28 02:35:00,L,22.265,23.03,21.015769821470265,25.38807544632434,0.612,0.593,time,96
2022-07-28 02:50:00,2022-07-28 04:10:00,L,23.59,22.84728065648007,22.84728065648007,25.446798358799825,-1.0,-1.035,sl,16
2022-07-28 11:45:00,2022-07-28 12:20:00,L,23.165,22.910320642569737,22.910320642569737,23.801698393575656,-1.0,-1.1,sl,7
2022-07-28 13:35:00,2022-07-28 21:35:00,L,23.29,24.19,22.367415743103614,25.596460642240963,0.976,0.948,time,96
2022-07-29 02:10:00,2022-07-29 08:05:00,L,24.68,24.206378391513976,24.206378391513976,25.86405402121506,-1.0,-1.057,sl,71
2022-07-29 10:20:00,2022-07-29 11:05:00,L,24.545,24.375295627289404,24.375295627289404,24.969260931776496,-1.0,-1.159,sl,9
2022-07-29 14:20:00,2022-07-29 22:20:00,L,24.625,24.615,23.62273081672192,27.130672958195202,-0.01,-0.037,time,96
2022-07-29 23:10:00,2022-07-30 00:35:00,L,25.01,24.39043686843159,24.39043686843159,26.558907828921033,-1.0,-1.044,sl,17
2022-07-30 12:30:00,2022-07-30 15:30:00,L,24.745,25.571904843549582,24.414238062580168,25.571904843549582,2.5,2.418,tp,36
2022-07-30 15:35:00,2022-07-30 19:45:00,L,25.52,24.8283789305618,24.8283789305618,27.249052673595497,-1.0,-1.041,sl,50
2022-07-30 21:20:00,2022-07-31 04:25:00,S,24.45,24.83563789283731,24.83563789283731,23.485905267906727,-1.0,-1.07,sl,85
2022-07-31 04:30:00,2022-07-31 08:35:00,L,24.815,24.245200381238355,24.245200381238355,26.239499046904115,-1.0,-1.048,sl,49
2022-07-31 08:40:00,2022-07-31 10:15:00,S,24.285,24.669670828855537,24.669670828855537,23.323322927861156,-1.0,-1.069,sl,19
2022-07-31 10:20:00,2022-07-31 18:20:00,L,24.79,25.08,24.214426296198198,26.228934259504502,0.504,0.456,time,96
2022-07-31 22:15:00,2022-08-01 06:15:00,S,24.13,23.865,24.575305374189487,23.01673656452628,0.595,0.535,time,96
2022-08-01 06:30:00,2022-08-01 14:30:00,S,23.74,23.525,24.19989946055446,22.590251348613847,0.467,0.411,time,96
2022-08-01 17:20:00,2022-08-01 23:15:00,S,23.275,23.71261164523763,23.71261164523763,22.18097088690592,-1.0,-1.059,sl,71
2022-08-02 01:50:00,2022-08-02 09:50:00,S,23.03,22.39,23.55706520099691,21.71233699750773,1.214,1.166,time,96
2022-08-02 12:55:00,2022-08-02 14:25:00,S,22.245,22.82429076365808,22.82429076365808,20.796773090854803,-1.0,-1.042,sl,18
2022-08-02 16:10:00,2022-08-02 23:55:00,L,23.295,22.850550760444236,22.850550760444236,24.406123098889417,-1.0,-1.058,sl,93
2022-08-03 00:20:00,2022-08-03 05:25:00,S,22.67,23.24482595711514,23.24482595711514,21.232935107212157,-1.0,-1.043,sl,61
2022-08-03 05:30:00,2022-08-03 09:15:00,L,23.24,23.858330297836375,22.992667880865447,23.858330297836375,2.5,2.397,tp,45
2022-08-03 09:20:00,2022-08-03 17:20:00,L,23.81,24.015,23.501183051315596,24.582042371711005,0.664,0.579,time,96
2022-08-03 22:05:00,2022-08-03 22:55:00,S,23.75,23.30930248772799,23.926279004908803,23.30930248772799,2.5,2.352,tp,10
2022-08-03 23:00:00,2022-08-04 01:05:00,S,23.365,23.818492839410588,23.818492839410588,22.231267901473522,-1.0,-1.057,sl,25
2022-08-04 01:15:00,2022-08-04 09:15:00,L,23.805,23.34,23.06289468163426,25.660263295914355,-0.627,-0.662,time,96
2022-08-04 16:50:00,2022-08-05 00:50:00,S,23.035,23.235,23.55622760925393,21.731930976865172,-0.384,-0.432,time,96
2022-08-05 01:55:00,2022-08-05 09:55:00,L,23.62,24.03,23.090398646252694,24.944003384368266,0.774,0.725,time,96
2022-08-05 11:15:00,2022-08-05 18:55:00,L,24.275,24.01138338304761,24.01138338304761,24.934041542380967,-1.0,-1.101,sl,92
2022-08-05 21:05:00,2022-08-06 01:15:00,L,24.455,25.411337199082283,24.072465120367085,25.411337199082283,2.5,2.43,tp,50
2022-08-06 01:20:00,2022-08-06 09:20:00,L,25.405,25.68,24.684413231891146,27.206466920272142,0.382,0.343,time,96
2022-08-06 14:50:00,2022-08-06 17:30:00,L,25.775,26.45445260292444,25.50321895883022,26.45445260292444,2.5,2.396,tp,32
2022-08-06 17:35:00,2022-08-07 01:35:00,L,26.46,26.17,25.726472648745833,28.29381837813542,-0.395,-0.435,time,96
2022-08-07 10:20:00,2022-08-07 12:40:00,L,26.21,27.106033889936704,25.85158644402532,27.106033889936704,2.5,2.42,tp,28
2022-08-07 12:45:00,2022-08-07 20:45:00,L,27.19,27.95,26.23492696136875,29.57768259657813,0.796,0.764,time,96
2022-08-07 21:00:00,2022-08-07 23:00:00,L,28.24,27.73675136667151,27.73675136667151,29.498121583321222,-1.0,-1.062,sl,24
2022-08-08 04:00:00,2022-08-08 09:15:00,L,28.16,29.301220027547416,27.703511988981035,29.301220027547416,2.5,2.432,tp,63
2022-08-08 09:20:00,2022-08-08 17:20:00,L,29.535,28.975,28.20413016704687,32.86217458238283,-0.421,-0.445,time,96
2022-08-08 21:00:00,2022-08-08 21:10:00,L,28.94,28.52478469547354,28.52478469547354,29.978038261316158,-1.0,-1.077,sl,2
2022-08-09 01:45:00,2022-08-09 04:45:00,S,27.75,28.413756583326382,28.413756583326382,26.090608541684045,-1.0,-1.046,sl,36
2022-08-09 04:50:00,2022-08-09 08:45:00,L,28.435,27.910462656898403,27.910462656898403,29.746343357753986,-1.0,-1.06,sl,47
2022-08-09 08:50:00,2022-08-09 16:50:00,S,27.895,27.315,28.488941374697674,26.410146563255815,0.977,0.925,time,96
2022-08-10 00:05:00,2022-08-10 02:55:00,S,27.275,27.63573757056663,27.63573757056663,26.373156073583424,-1.0,-1.083,sl,34
2022-08-10 06:15:00,2022-08-10 08:50:00,S,27.245,27.805075553129424,27.805075553129424,25.844811117176445,-1.0,-1.054,sl,31
2022-08-10 08:55:00,2022-08-10 12:30:00,L,27.88,29.264708030921852,27.326116787631257,29.264708030921852,2.5,2.445,tp,43
2022-08-10 12:35:00,2022-08-10 20:35:00,L,29.14,28.74,27.90586430159198,32.225339246020056,-0.324,-0.35,time,96
2022-08-10 21:35:00,2022-08-11 03:55:00,L,28.955,29.608623229588225,28.693550708164707,29.608623229588225,2.5,2.378,tp,76
2022-08-11 04:00:00,2022-08-11 12:00:00,L,29.57,29.53,28.992113475370935,31.014716311572663,-0.069,-0.126,time,96
2022-08-11 12:20:00,2022-08-11 14:25:00,L,29.765,29.43907795439385,29.43907795439385,30.57980511401538,-1.0,-1.1,sl,25
2022-08-11 15:20:00,2022-08-11 23:20:00,S,28.905,28.815,29.928650576221305,26.345873559446744,0.088,0.057,time,96
2022-08-11 23:40:00,2022-08-12 02:45:00,S,28.485,29.060677143564416,29.060677143564416,27.045807141088957,-1.0,-1.054,sl,37
2022-08-12 02:50:00,2022-08-12 10:50:00,L,29.085,28.55,28.477607615762842,30.603480960592897,-0.881,-0.933,time,96
2022-08-12 10:55:00,2022-08-12 18:55:00,S,28.55,28.95,29.18102152536839,26.972446186579027,-0.634,-0.684,time,96
2022-08-12 19:20:00,2022-08-13 03:20:00,L,29.245,30.035,28.75902462863112,30.459938428422202,1.626,1.559,time,96
2022-08-13 18:35:00,2022-08-14 02:35:00,S,29.08,29.21,29.44981737373806,28.155456565654845,-0.352,-0.438,time,96
2022-08-14 07:40:00,2022-08-14 08:45:00,L,29.685,29.366227271123574,29.366227271123574,30.48193182219106,-1.0,-1.102,sl,13
2022-08-14 11:40:00,2022-08-14 13:25:00,S,29.26,28.718488893087883,29.47660444276485,28.718488893087883,2.5,2.351,tp,21
2022-08-14 13:30:00,2022-08-14 17:00:00,S,28.755,28.071433131703095,29.02842674731876,28.071433131703095,2.5,2.384,tp,42
2022-08-14 17:05:00,2022-08-15 01:05:00,S,27.94,28.645,28.920608926000686,25.48847768499829,-0.719,-0.75,time,96
2022-08-15 02:10:00,2022-08-15 06:05:00,L,28.78,28.46337347043723,28.46337347043723,29.57156632390693,-1.0,-1.1,sl,47
2022-08-15 06:10:00,2022-08-15 14:10:00,S,28.315,27.79,29.026449097752383,26.536377255619044,0.738,0.694,time,96
2022-08-15 18:05:00,2022-08-16 02:05:00,S,27.665,27.85,28.123176395462384,26.519559011344036,-0.404,-0.47,time,96
2022-08-16 03:10:00,2022-08-16 09:05:00,S,27.465,27.925918248596666,27.925918248596666,26.312704378508336,-1.0,-1.066,sl,71
2022-08-16 12:35:00,2022-08-16 16:45:00,S,27.83,27.079853919233962,28.130058432306413,27.079853919233962,2.5,2.398,tp,50
2022-08-16 16:50:00,2022-08-17 00:50:00,S,27.125,27.435,27.727534863778896,25.61866284055276,-0.514,-0.564,time,96
2022-08-17 05:05:00,2022-08-17 06:10:00,L,27.74,28.166940395824625,27.569223841670148,28.166940395824625,2.5,2.321,tp,13
2022-08-17 06:15:00,2022-08-17 07:25:00,L,28.11,27.696588123486485,27.696588123486485,29.143529691283785,-1.0,-1.075,sl,14
2022-08-17 07:30:00,2022-08-17 13:45:00,S,27.605,26.21407209177846,28.161371163288617,26.21407209177846,2.5,2.445,tp,75
2022-08-17 13:50:00,2022-08-17 21:50:00,S,26.14,25.595,26.79387069200726,24.50532326998185,0.833,0.79,time,96
2022-08-17 23:15:00,2022-08-18 00:15:00,S,25.325,25.697022257135473,25.697022257135473,24.394944357161314,-1.0,-1.075,sl,12
2022-08-18 08:45:00,2022-08-18 09:50:00,S,25.68,25.91252318551208,25.91252318551208,25.098692036219802,-1.0,-1.121,sl,13
2022-08-18 15:00:00,2022-08-18 23:00:00,S,25.58,25.12,26.061020905866727,24.377447735333178,0.956,0.898,time,96
2022-08-18 23:15:00,2022-08-19 01:20:00,S,24.775,23.256100703788317,25.38255971848467,23.256100703788317,2.5,2.455,tp,25
2022-08-19 01:25:00,2022-08-19 06:35:00,S,23.285,21.615702342410028,23.95271906303599,21.615702342410028,2.5,2.462,tp,62
2022-08-19 06:40:00,2022-08-19 14:40:00,S,21.92,22.7,23.3523142862398,18.339214284400505,-0.545,-0.561,time,96
2022-08-19 19:10:00,2022-08-19 19:20:00,S,22.52,22.835510035269806,22.835510035269806,21.731224911825485,-1.0,-1.079,sl,2
2022-08-19 22:00:00,2022-08-20 00:40:00,S,22.265,22.959552591720666,22.959552591720666,20.528618520698338,-1.0,-1.035,sl,32
2022-08-20 17:05:00,2022-08-21 01:05:00,S,22.455,22.36,22.819881108064912,21.542797229837714,0.26,0.193,time,96
2022-08-21 12:50:00,2022-08-21 20:50:00,S,22.895,23.207983714324868,23.207983714324868,22.11254071418783,-1.0,-1.08,sl,96
2022-08-21 20:55:00,2022-08-21 22:00:00,L,23.33,22.88563558152081,22.88563558152081,24.44091104619797,-1.0,-1.058,sl,13
2022-08-22 04:05:00,2022-08-22 05:55:00,S,22.585,22.84609861518858,22.84609861518858,21.93225346202855,-1.0,-1.095,sl,22
2022-08-22 06:40:00,2022-08-22 14:40:00,S,22.415,22.115,22.869302703713497,21.279243240716255,0.66,0.606,time,96
2022-08-22 18:40:00,2022-08-22 20:00:00,S,21.9,22.146316146944393,22.146316146944393,21.284209632639012,-1.0,-1.098,sl,16
2022-08-22 23:45:00,2022-08-23 05:40:00,L,22.42,22.124767684892806,22.124767684892806,23.158080787767993,-1.0,-1.084,sl,71
2022-08-23 05:45:00,2022-08-23 08:35:00,S,22.09,22.735616186898152,22.735616186898152,20.47595953275462,-1.0,-1.038,sl,34
2022-08-23 08:40:00,2022-08-23 15:20:00,L,22.685,23.560861202549106,22.334655518980355,23.560861202549106,2.5,2.429,tp,80
2022-08-23 15:25:00,2022-08-23 18:00:00,L,23.59,23.01848945140432,23.01848945140432,25.018776371489196,-1.0,-1.045,sl,31
2022-08-23 20:15:00,2022-08-23 21:10:00,L,23.46,23.217732465924897,23.217732465924897,24.06566883518776,-1.0,-1.107,sl,11
2022-08-23 23:10:00,2022-08-24 00:30:00,L,23.51,23.3420814340172,23.3420814340172,23.929796414957007,-1.0,-1.154,sl,16
2022-08-24 05:10:00,2022-08-24 07:30:00,L,23.23,22.949033781657587,22.949033781657587,23.932415545856035,-1.0,-1.091,sl,28
2022-08-24 15:40:00,2022-08-24 23:25:00,L,23.355,22.986584763633797,22.986584763633797,24.27603809091551,-1.0,-1.07,sl,93
2022-08-24 23:30:00,2022-08-25 00:35:00,S,23.065,23.1682098245795,23.1682098245795,22.806975438551255,-1.0,-1.246,sl,13
2022-08-25 01:35:00,2022-08-25 03:50:00,L,23.225,23.039178879627087,23.039178879627087,23.689552800932287,-1.0,-1.137,sl,27
2022-08-25 03:55:00,2022-08-25 06:10:00,S,23.045,23.276123627770016,23.276123627770016,22.467190930574965,-1.0,-1.11,sl,27
2022-08-25 06:15:00,2022-08-25 12:45:00,L,23.275,23.11056276280821,23.11056276280821,23.68609309297947,-1.0,-1.156,sl,78
2022-08-25 15:25:00,2022-08-25 23:25:00,S,22.755,23.03,23.385787103224228,21.178032241939427,-0.436,-0.476,time,96
2022-08-26 00:10:00,2022-08-26 03:05:00,S,22.7,23.063014502998705,23.063014502998705,21.792463742503237,-1.0,-1.069,sl,35
2022-08-26 05:25:00,2022-08-26 13:00:00,S,22.705,23.058112564070942,23.058112564070942,21.82221858982264,-1.0,-1.071,sl,91
2022-08-26 13:05:00,2022-08-26 15:00:00,L,23.165,22.14397042977033,22.14397042977033,25.71757392557417,-1.0,-1.025,sl,23
2022-08-26 15:05:00,2022-08-26 23:05:00,S,21.855,20.97,23.13584292486664,18.6528926878334,0.691,0.672,time,96
2022-08-26 23:15:00,2022-08-27 07:15:00,S,20.685,20.45,21.335328111333933,19.059179721665163,0.361,0.326,time,96
2022-08-27 13:25:00,2022-08-27 13:40:00,S,20.405,20.626150798384018,20.626150798384018,19.85212300403996,-1.0,-1.101,sl,3
2022-08-27 15:00:00,2022-08-27 23:00:00,S,20.245,20.065,20.61899010346062,19.31002474134845,0.481,0.422,time,96
2022-08-28 04:05:00,2022-08-28 07:15:00,S,19.68,20.04792844134001,20.04792844134001,18.760178896649975,-1.0,-1.059,sl,38
2022-08-28 11:25:00,2022-08-28 19:25:00,S,19.945,19.935,20.461294995823234,18.654262510441917,0.019,-0.023,time,96
2022-08-28 19:55:00,2022-08-28 22:00:00,S,19.785,19.170937188667306,20.030625124533078,19.170937188667306,2.5,2.411,tp,25
2022-08-28 22:05:00,2022-08-29 06:05:00,S,19.12,17.655,19.796207989319413,17.42948002670147,2.166,2.135,time,96
2022-08-29 18:55:00,2022-08-29 22:00:00,S,18.88,19.19748261809267,19.19748261809267,18.086293454768317,-1.0,-1.065,sl,37
2022-08-29 23:40:00,2022-08-30 01:30:00,L,19.4,19.086511649200503,19.086511649200503,20.183720876998738,-1.0,-1.068,sl,22
2022-08-30 01:35:00,2022-08-30 03:20:00,S,19.07,19.307967827345234,19.307967827345234,18.47508043163692,-1.0,-1.088,sl,21
2022-08-30 03:30:00,2022-08-30 05:00:00,L,19.39,20.307598911588194,19.022960435364723,20.307598911588194,2.5,2.442,tp,18
2022-08-30 05:05:00,2022-08-30 13:05:00,L,20.395,20.05,19.444974071702273,22.770064820744317,-0.363,-0.387,time,96
2022-08-30 14:10:00,2022-08-30 22:10:00,S,19.76,19.49,20.141844250102597,18.805389374743513,0.707,0.65,time,96
2022-08-31 01:25:00,2022-08-31 08:20:00,L,19.85,19.521024150885616,19.521024150885616,20.672439622785966,-1.0,-1.066,sl,83
2022-08-31 10:55:00,2022-08-31 15:00:00,L,19.84,19.42549645284709,19.42549645284709,20.876258867882278,-1.0,-1.053,sl,49
2022-08-31 15:05:00,2022-08-31 23:05:00,S,19.415,19.195,19.948021280991448,18.082446797521378,0.413,0.373,time,96
2022-08-31 23:20:00,2022-09-01 00:15:00,S,19.12,19.336955307497448,19.336955307497448,18.577611731256383,-1.0,-1.097,sl,11
2022-09-01 00:45:00,2022-09-01 02:10:00,S,18.86,19.351214988253854,19.351214988253854,17.63196252936536,-1.0,-1.042,sl,17
2022-09-01 07:05:00,2022-09-01 10:55:00,S,18.95,19.161965172804404,19.161965172804404,18.420087067988987,-1.0,-1.098,sl,46
2022-09-01 13:25:00,2022-09-01 14:45:00,S,18.915,18.372153483199895,19.13213860672004,18.372153483199895,2.5,2.404,tp,16
2022-09-01 14:50:00,2022-09-01 20:20:00,S,18.405,19.032988581092045,19.032988581092045,16.835028547269893,-1.0,-1.032,sl,66
2022-09-01 22:10:00,2022-09-02 01:10:00,L,19.23,19.04375224063466,19.04375224063466,19.69561939841335,-1.0,-1.114,sl,36
2022-09-02 01:15:00,2022-09-02 03:05:00,S,19.03,19.300754715434962,19.300754715434962,18.353113211412598,-1.0,-1.077,sl,22
2022-09-02 03:20:00,2022-09-02 11:20:00,L,19.415,18.955,18.901027850689495,20.69993037327626,-0.895,-0.937,time,96
2022-09-02 11:25:00,2022-09-02 12:25:00,S,18.955,19.245105073231898,19.245105073231898,18.22973731692025,-1.0,-1.072,sl,12
2022-09-02 12:30:00,2022-09-02 17:25:00,L,19.205,18.901506858000626,18.901506858000626,19.963732854998426,-1.0,-1.07,sl,59
2022-09-02 17:30:00,2022-09-03 01:30:00,S,18.88,18.815,19.4301396149179,17.50465096270525,0.118,0.08,time,96
2022-09-03 02:10:00,2022-09-03 05:00:00,S,18.71,18.934130575894823,18.934130575894823,18.149673560262947,-1.0,-1.092,sl,34
2022-09-03 07:55:00,2022-09-03 10:00:00,S,18.645,18.9162124721902,18.9162124721902,17.9669688195245,-1.0,-1.076,sl,25
2022-09-03 19:15:00,2022-09-03 19:30:00,S,18.735,18.878957732720515,18.878957732720515,18.37510566819871,-1.0,-1.143,sl,3
2022-09-03 23:35:00,2022-09-04 00:00:00,S,18.735,18.88876649971838,18.88876649971838,18.35058375070405,-1.0,-1.134,sl,5
2022-09-04 01:35:00,2022-09-04 04:30:00,L,18.985,18.840868130302354,18.840868130302354,19.345329674244113,-1.0,-1.145,sl,35
2022-09-04 04:35:00,2022-09-04 09:00:00,S,18.84,18.958973352102618,18.958973352102618,18.542566619743454,-1.0,-1.174,sl,53
2022-09-04 12:05:00,2022-09-04 14:00:00,L,19.07,18.784040455378886,18.784040455378886,19.784898861552787,-1.0,-1.073,sl,23
2022-09-04 14:05:00,2022-09-04 22:05:00,S,18.79,18.875,19.11582581902891,17.975435452427725,-0.261,-0.324,time,96
2022-09-04 22:50:00,2022-09-04 23:30:00,S,18.835,18.979210455718974,18.979210455718974,18.474473860702567,-1.0,-1.144,sl,8
2022-09-05 00:05:00,2022-09-05 05:20:00,L,19.095,18.82433288881792,18.82433288881792,19.771667777955194,-1.0,-1.078,sl,63
2022-09-05 05:25:00,2022-09-05 13:25:00,S,18.78,18.63,19.05611985502602,18.089700362434957,0.543,0.468,time,96
2022-09-05 21:15:00,2022-09-05 22:50:00,L,18.82,18.964553265667178,18.76217869373313,18.964553265667178,2.5,2.142,tp,19
2022-09-05 22:55:00,2022-09-05 23:45:00,L,18.965,19.326100413896043,18.820559834441582,19.326100413896043,2.5,2.356,tp,10
2022-09-05 23:50:00,2022-09-06 07:50:00,L,19.33,19.97,18.856248659978252,20.514378350054365,1.351,1.306,time,96
2022-09-06 10:25:00,2022-09-06 13:50:00,L,20.26,19.776818314097177,19.776818314097177,21.467954214757064,-1.0,-1.046,sl,41
2022-09-06 17:10:00,2022-09-06 20:05:00,S,19.465,18.132031046789812,19.998187581284075,18.132031046789812,2.5,2.46,tp,35
2022-09-06 20:10:00,2022-09-07 04:10:00,S,18.18,18.205,18.550722763988443,17.253193090028894,-0.067,-0.121,time,96
2022-09-07 11:15:00,2022-09-07 13:00:00,S,18.225,18.43462352913645,18.43462352913645,17.70094117715888,-1.0,-1.096,sl,21
2022-09-07 20:20:00,2022-09-08 04:20:00,L,18.93,19.125,18.672064187994327,19.57483953001418,0.756,0.675,time,96
2022-09-08 07:25:00,2022-09-08 15:00:00,S,18.595,19.05405032676856,19.05405032676856,17.447374183078594,-1.0,-1.045,sl,91
2022-09-08 15:05:00,2022-09-08 23:05:00,L,19.02,19.035,18.654689684404556,19.93327578898861,0.041,-0.016,time,96
2022-09-09 00:05:00,2022-09-09 00:15:00,L,19.13,19.416544579629942,19.015382168148022,19.416544579629942,2.5,2.316,tp,2
2022-09-09 00:20:00,2022-09-09 08:20:00,L,19.39,20.05,19.032285518050728,20.284286204873183,1.845,1.785,time,96
2022-09-09 08:30:00,2022-09-09 16:30:00,L,20.205,20.34,19.908949569195993,20.94512607701001,0.456,0.381,time,96
2022-09-09 22:45:00,2022-09-09 23:20:00,L,20.39,20.17864319717708,20.17864319717708,20.9183920070573,-1.0,-1.106,sl,7
2022-09-10 01:05:00,2022-09-10 09:05:00,L,21.01,20.375,20.21267782474689,23.003305438132777,-0.796,-0.825,time,96
2022-09-10 16:55:00,2022-09-10 22:40:00,L,20.285,20.76236151705971,20.094055393176117,20.76236151705971,2.5,2.383,tp,69
2022-09-10 22:45:00,2022-09-11 02:40:00,L,20.77,20.29610063205546,20.29610063205546,21.95474841986135,-1.0,-1.048,sl,47
2022-09-11 12:05:00,2022-09-11 13:35:00,L,20.405,20.300933019030648,20.300933019030648,20.665167452423383,-1.0,-1.216,sl,18
2022-09-11 15:40:00,2022-09-11 20:35:00,L,20.575,20.31480201006966,20.31480201006966,21.22549497482585,-1.0,-1.087,sl,59
2022-09-11 21:55:00,2022-09-11 22:05:00,S,20.23,20.478775538459807,20.478775538459807,19.608061153850485,-1.0,-1.089,sl,2
2022-09-11 22:15:00,2022-09-12 01:00:00,L,20.61,20.104530189551593,20.104530189551593,21.873674526121015,-1.0,-1.045,sl,33
2022-09-12 01:50:00,2022-09-12 09:50:00,L,20.8,21.04,20.034593607884005,22.71351598028999,0.314,0.284,time,96
2022-09-12 10:20:00,2022-09-12 16:05:00,L,21.32,20.862888562150882,20.862888562150882,22.462778594622797,-1.0,-1.051,sl,69
2022-09-12 19:05:00,2022-09-13 00:30:00,L,21.37,20.878547647870846,20.878547647870846,22.598630880322887,-1.0,-1.048,sl,65
2022-09-13 06:45:00,2022-09-13 06:45:00,L,21.35,21.19765957959425,21.19765957959425,21.730851051014376,-1.0,-1.154,sl,0
2022-09-13 07:45:00,2022-09-13 12:30:00,L,21.66,21.15443227900611,21.15443227900611,22.923919302484727,-1.0,-1.047,sl,57
2022-09-13 12:35:00,2022-09-13 20:35:00,S,20.7,19.355,21.719967745753536,18.150080635616156,1.319,1.296,time,96
2022-09-13 23:10:00,2022-09-14 02:15:00,S,18.845,19.132930682251864,19.132930682251864,18.125173294370335,-1.0,-1.072,sl,37
2022-09-14 06:45:00,2022-09-14 12:35:00,S,19.025,19.245246864538995,19.245246864538995,18.47438283865251,-1.0,-1.095,sl,70
2022-09-14 16:20:00,2022-09-14 21:55:00,S,18.88,19.10088028883665,19.10088028883665,18.327799277908376,-1.0,-1.094,sl,67
2022-09-15 01:10:00,2022-09-15 06:45:00,S,18.72,19.14817660796574,19.14817660796574,17.649558480085645,-1.0,-1.048,sl,67
2022-09-15 10:55:00,2022-09-15 12:30:00,S,18.78,18.995487634926413,18.995487634926413,18.241280912683973,-1.0,-1.096,sl,19
2022-09-15 13:40:00,2022-09-15 21:40:00,S,18.81,18.465,19.084211417372213,18.124471456569463,1.258,1.183,time,96
2022-09-15 22:20:00,2022-09-16 06:20:00,S,18.235,18.2,18.5012551612898,17.569362096775492,0.131,0.056,time,96
2022-09-16 08:35:00,2022-09-16 16:35:00,S,18.02,17.695,18.230010143509904,17.494974641225237,1.548,1.453,time,96
2022-09-16 17:25:00,2022-09-16 18:30:00,S,17.61,17.824993025321074,17.824993025321074,17.07251743669731,-1.0,-1.09,sl,13
2022-09-17 03:55:00,2022-09-17 04:10:00,S,18.21,18.337803690411825,18.337803690411825,17.89049077397044,-1.0,-1.157,sl,3
2022-09-17 05:25:00,2022-09-17 13:25:00,S,18.16,18.17,18.413631805748885,17.525920485627786,-0.039,-0.118,time,96
2022-09-17 14:15:00,2022-09-17 22:15:00,L,18.335,18.43,18.13632259129857,18.83169352175358,0.478,0.377,time,96
2022-09-18 01:20:00,2022-09-18 09:20:00,L,18.655,18.47,18.261863734910023,19.637840662724948,-0.471,-0.523,time,96
2022-09-18 09:45:00,2022-09-18 15:45:00,S,18.375,18.00335468586645,18.52365812565342,18.00335468586645,2.5,2.364,tp,72
2022-09-18 15:50:00,2022-09-18 17:55:00,S,18.04,17.73990309752058,18.160038760991768,17.73990309752058,2.5,2.335,tp,25
2022-09-18 18:00:00,2022-09-18 21:10:00,S,17.73,17.049234232469367,18.002306307012255,17.049234232469367,2.5,2.428,tp,38
2022-09-18 21:15:00,2022-09-19 05:15:00,S,16.79,16.9,17.938431826426942,13.918920433932641,-0.096,-0.112,time,96
2022-09-19 07:30:00,2022-09-19 08:15:00,S,16.515,16.774360869179816,16.774360869179816,15.866597827050462,-1.0,-1.07,sl,9
2022-09-19 17:30:00,2022-09-19 19:05:00,S,16.985,17.20066211538533,17.20066211538533,16.445844711536672,-1.0,-1.087,sl,19
2022-09-20 03:25:00,2022-09-20 07:30:00,S,16.985,17.260502770361676,17.260502770361676,16.29624307409581,-1.0,-1.068,sl,49
2022-09-20 07:45:00,2022-09-20 15:45:00,S,16.995,16.88,17.430818507699296,15.905453730751763,0.264,0.221,time,96
2022-09-20 17:55:00,2022-09-21 01:55:00,S,16.695,16.665,16.921445632333516,16.128885919166212,0.132,0.051,time,96
2022-09-21 06:30:00,2022-09-21 11:00:00,S,16.57,16.936884482660844,16.936884482660844,15.652788793347892,-1.0,-1.05,sl,54
2022-09-21 12:35:00,2022-09-21 15:05:00,L,17.01,16.82953087524803,16.82953087524803,17.461172811879933,-1.0,-1.104,sl,30
2022-09-21 15:10:00,2022-09-21 17:30:00,S,16.825,17.09124965744837,17.09124965744837,16.159375856379075,-1.0,-1.07,sl,28
2022-09-21 17:40:00,2022-09-21 18:45:00,L,17.11,17.74525760896848,16.855896956412607,17.74525760896848,2.5,2.426,tp,13
2022-09-21 18:50:00,2022-09-21 20:15:00,L,17.66,16.86971300458984,16.86971300458984,19.6357174885254,-1.0,-1.025,sl,17
2022-09-21 20:20:00,2022-09-22 04:20:00,S,16.71,16.77,17.674160480964673,14.29959879758832,-0.062,-0.081,time,96
2022-09-22 06:25:00,2022-09-22 08:40:00,L,16.905,17.44138325698774,16.690446697204905,17.44138325698774,2.5,2.413,tp,27
2022-09-22 08:45:00,2022-09-22 16:45:00,L,17.485,17.41,16.99281528631991,18.715461784200222,-0.152,-0.191,time,96
2022-09-22 18:30:00,2022-09-22 19:40:00,L,17.455,17.77250009724515,17.327999961101938,17.77250009724515,2.5,2.349,tp,14
2022-09-22 19:45:00,2022-09-23 03:45:00,L,17.745,17.91,17.38661951832605,18.64095120418488,0.46,0.406,time,96
2022-09-23 04:35:00,2022-09-23 07:40:00,L,17.995,17.81413264625529,17.81413264625529,18.44716838436178,-1.0,-1.109,sl,37
2022-09-23 11:20:00,2022-09-23 13:20:00,S,17.31,17.601484972819634,17.601484972819634,16.58128756795091,-1.0,-1.065,sl,24
2022-09-23 14:00:00,2022-09-23 20:25:00,S,17.23,17.61475790241354,17.61475790241354,16.26810524396615,-1.0,-1.049,sl,77
2022-09-23 20:40:00,2022-09-24 04:40:00,L,17.725,18.04,17.333443806928138,18.70389048267966,0.804,0.755,time,96
2022-09-24 10:05:00,2022-09-24 14:35:00,L,17.99,17.866282571807833,17.866282571807833,18.299293570480412,-1.0,-1.16,sl,54
2022-09-24 19:40:00,2022-09-24 20:10:00,L,17.89,17.832464364269498,17.832464364269498,18.033839089326257,-1.0,-1.342,sl,6
2022-09-24 21:25:00,2022-09-25 05:25:00,S,17.665,17.66,17.89975540734478,17.078111481638047,0.021,-0.061,time,96
2022-09-25 13:15:00,2022-09-25 17:00:00,S,17.68,17.385632704681363,17.797746918127455,17.385632704681363,2.5,2.335,tp,45
2022-09-25 21:10:00,2022-09-25 22:00:00,S,17.38,17.148554918349014,17.472578032660394,17.148554918349014,2.5,2.293,tp,10
2022-09-25 22:05:00,2022-09-25 22:20:00,S,17.14,17.435977888314437,17.435977888314437,16.40005527921391,-1.0,-1.064,sl,3
2022-09-26 01:05:00,2022-09-26 09:05:00,S,17.185,17.415,17.49759293057653,16.403517673558667,-0.736,-0.796,time,96
2022-09-26 11:30:00,2022-09-26 13:35:00,S,17.145,17.40060606791244,17.40060606791244,16.505984830218893,-1.0,-1.074,sl,25
2022-09-26 19:00:00,2022-09-26 21:15:00,L,17.515,17.329835117107375,17.329835117107375,17.97791220723156,-1.0,-1.104,sl,27
2022-09-26 23:40:00,2022-09-27 01:05:00,L,17.435,17.692896198753942,17.331841520498422,17.692896198753942,2.5,2.314,tp,17
2022-09-27 01:10:00,2022-09-27 06:15:00,L,17.7,18.238580349603474,17.48456786015861,18.238580349603474,2.5,2.41,tp,61
2022-09-27 06:20:00,2022-09-27 14:20:00,L,18.26,18.265,17.798279364745333,19.414301588136674,0.011,-0.033,time,96
2022-09-27 16:15:00,2022-09-28 00:15:00,S,17.69,17.32,18.178799716770513,16.468000708073724,0.757,0.717,time,96
2022-09-28 01:30:00,2022-09-28 09:30:00,S,17.05,16.865,17.330481019505026,16.348797451237438,0.66,0.593,time,96
2022-09-28 20:20:00,2022-09-28 22:30:00,L,17.39,17.204889819534646,17.204889819534646,17.85277545116339,-1.0,-1.103,sl,26
2022-09-29 01:35:00,2022-09-29 06:15:00,L,17.35,17.110451487793753,17.110451487793753,17.948871280515622,-1.0,-1.08,sl,56
2022-09-29 06:20:00,2022-09-29 14:20:00,S,17.105,16.965,17.29879082068312,16.6205229482922,0.722,0.625,time,96
2022-09-29 23:40:00,2022-09-30 07:40:00,L,17.29,17.48,17.121556779249797,17.711108051875506,1.128,1.015,time,96
2022-09-30 07:45:00,2022-09-30 12:30:00,L,17.48,17.251247037461596,17.251247037461596,18.05188240634601,-1.0,-1.084,sl,57
2022-09-30 14:50:00,2022-09-30 18:45:00,L,17.565,17.217931468462446,17.217931468462446,18.432671328843888,-1.0,-1.056,sl,47
2022-09-30 18:50:00,2022-10-01 02:50:00,S,17.265,17.25,17.475959673174266,16.737600817064337,0.071,-0.019,time,96
2022-10-01 06:30:00,2022-10-01 07:35:00,S,17.18,17.22215246008689,17.22215246008689,17.074618849782777,-1.0,-1.448,sl,13
2022-10-01 16:25:00,2022-10-02 00:25:00,S,17.09,17.02,17.187839226429734,16.845401933925665,0.715,0.523,time,96
2022-10-02 10:10:00,2022-10-02 10:15:00,S,16.905,16.610681781907253,17.0227272872371,16.610681781907253,2.5,2.342,tp,1
2022-10-02 10:20:00,2022-10-02 18:20:00,S,16.745,16.755,17.0270707179692,16.039823205077006,-0.035,-0.101,time,96
2022-10-02 21:20:00,2022-10-02 22:20:00,S,16.71,16.862552541427167,16.862552541427167,16.328618646432083,-1.0,-1.12,sl,12
2022-10-02 23:10:00,2022-10-03 07:10:00,S,16.575,16.59,16.872429370535176,15.831426573662057,-0.05,-0.112,time,96
2022-10-03 14:10:00,2022-10-03 22:10:00,L,16.915,17.05,16.677563678273977,17.508590804315055,0.569,0.49,time,96
2022-10-03 23:30:00,2022-10-04 07:30:00,L,17.11,17.35,16.965816042813493,17.470459892966264,1.665,1.534,time,96
2022-10-04 07:45:00,2022-10-04 08:25:00,L,17.365,17.261508241514104,17.261508241514104,17.623729396214735,-1.0,-1.185,sl,8
2022-10-04 13:40:00,2022-10-04 17:15:00,L,17.44,17.261161069675317,17.261161069675317,17.88709732581171,-1.0,-1.107,sl,43
2022-10-04 20:40:00,2022-10-05 01:00:00,L,17.47,17.311685745504924,17.311685745504924,17.865785636237685,-1.0,-1.121,sl,52
2022-10-05 06:25:00,2022-10-05 08:10:00,L,17.38,17.238073805034198,17.238073805034198,17.7348154874145,-1.0,-1.135,sl,21
2022-10-05 08:15:00,2022-10-05 16:15:00,S,17.235,17.17,17.403190459834505,16.814523850413735,0.386,0.274,time,96
2022-10-05 16:20:00,2022-10-06 00:20:00,L,17.17,17.395,16.960843011342355,17.692892471644118,1.076,0.985,time,96
2022-10-06 00:50:00,2022-10-06 07:00:00,L,17.52,17.32939147306561,17.32939147306561,17.996521317335976,-1.0,-1.101,sl,74
2022-10-06 10:00:00,2022-10-06 11:35:00,S,17.275,17.347424177322363,17.347424177322363,17.09393955669409,-1.0,-1.262,sl,19
2022-10-06 12:05:00,2022-10-06 13:25:00,L,17.39,17.266941758329427,17.266941758329427,17.697645604176437,-1.0,-1.155,sl,16
2022-10-06 22:05:00,2022-10-07 00:20:00,S,17.045,17.122549625849413,17.122549625849413,16.851125935376473,-1.0,-1.242,sl,27
2022-10-07 05:20:00,2022-10-07 08:20:00,S,17.015,17.11672338859082,17.11672338859082,16.76069152852295,-1.0,-1.184,sl,36
2022-10-07 12:35:00,2022-10-07 20:35:00,S,16.88,16.84,17.09150441936436,16.3512389515891,0.189,0.101,time,96
2022-10-08 04:40:00,2022-10-08 06:55:00,S,16.865,16.94136390602455,16.94136390602455,16.674090234938625,-1.0,-1.243,sl,27
2022-10-08 08:45:00,2022-10-08 16:45:00,S,16.845,16.86,16.900878460422717,16.705303848943203,-0.268,-0.6,time,96
2022-10-08 19:25:00,2022-10-08 21:45:00,S,16.78,16.60183675050277,16.851265299798893,16.60183675050277,2.5,2.241,tp,28
2022-10-08 21:50:00,2022-10-09 05:50:00,S,16.665,16.79,16.81017238540584,16.3020690364854,-0.861,-0.987,time,96
2022-10-09 09:50:00,2022-10-09 17:50:00,L,16.88,16.93,16.808805283674552,17.057986790813615,0.702,0.441,time,96
2022-10-10 00:50:00,2022-10-10 06:00:00,L,17.055,16.856202614345,16.856202614345,17.551993464137496,-1.0,-1.094,sl,62
2022-10-10 06:05:00,2022-10-10 08:30:00,S,16.875,16.530152897864916,17.012938840854034,16.530152897864916,2.5,2.365,tp,29
2022-10-10 08:35:00,2022-10-10 16:35:00,S,16.575,16.615,16.92117528783829,15.709561780404268,-0.116,-0.168,time,96
2022-10-10 17:05:00,2022-10-11 00:00:00,S,16.525,16.103578260377304,16.693568695849077,16.103578260377304,2.5,2.392,tp,83
2022-10-11 00:05:00,2022-10-11 08:05:00,S,15.995,16.035,16.317308959436936,15.189227601407659,-0.124,-0.179,time,96
2022-10-11 14:00:00,2022-10-11 15:00:00,S,15.94,16.10475578244593,16.10475578244593,15.52811054388517,-1.0,-1.106,sl,12
2022-10-11 18:50:00,2022-10-12 02:50:00,S,16.015,15.905,16.14823960351001,15.681900991224976,0.826,0.693,time,96
2022-10-12 12:35:00,2022-10-12 20:35:00,S,15.93,15.965,16.109443084346164,15.481392289134588,-0.195,-0.293,time,96
2022-10-12 23:45:00,2022-10-13 01:40:00,S,15.95,15.821901194608119,16.00123952215675,15.821901194608119,2.5,2.158,tp,23
2022-10-13 01:45:00,2022-10-13 02:25:00,S,15.835,15.492017074747693,15.972193170100924,15.492017074747693,2.5,2.373,tp,8
2022-10-13 02:30:00,2022-10-13 10:30:00,S,15.46,14.595,15.933003115975428,14.277492210061434,1.829,1.793,time,96
2022-10-13 10:35:00,2022-10-13 12:25:00,S,14.595,15.110614864216323,15.110614864216323,13.305962839459195,-1.0,-1.031,sl,22
2022-10-13 12:35:00,2022-10-13 15:40:00,S,14.8,15.382676262273833,15.382676262273833,13.34330934431542,-1.0,-1.028,sl,37
2022-10-13 21:15:00,2022-10-13 23:30:00,L,15.76,15.636806496150253,15.636806496150253,16.067983759624365,-1.0,-1.141,sl,27
2022-10-13 23:35:00,2022-10-14 00:35:00,S,15.625,15.733122802582276,15.733122802582276,15.35469299354431,-1.0,-1.159,sl,12
2022-10-14 01:25:00,2022-10-14 09:25:00,L,15.875,16.115,15.615851364823618,16.522871587940955,0.926,0.859,time,96
2022-10-14 10:35:00,2022-10-14 14:00:00,L,16.22,16.111329625023018,16.111329625023018,16.49167593744245,-1.0,-1.164,sl,41
2022-10-14 16:05:00,2022-10-14 21:55:00,S,15.94,15.553718833657495,16.094512466537,15.553718833657495,2.5,2.387,tp,70
2022-10-14 22:00:00,2022-10-15 00:05:00,S,15.575,15.742970124227089,15.742970124227089,15.155074689432276,-1.0,-1.102,sl,25
2022-10-15 08:55:00,2022-10-15 16:15:00,S,15.525,15.739352857750708,15.739352857750708,14.989117855623231,-1.0,-1.08,sl,88
2022-10-15 17:35:00,2022-10-15 23:00:00,S,15.63,15.412827940915886,15.716868823633646,15.412827940915886,2.5,2.302,tp,65
2022-10-15 23:05:00,2022-10-16 05:05:00,S,15.4,15.56825761926915,15.56825761926915,14.979355951827124,-1.0,-1.101,sl,72
2022-10-16 14:45:00,2022-10-16 15:05:00,S,15.545,15.621713527078688,15.621713527078688,15.35321618230328,-1.0,-1.223,sl,4
2022-10-16 19:35:00,2022-10-17 03:35:00,L,15.77,15.725,15.541214758015194,16.341963104962012,-0.197,-0.273,time,96
2022-10-17 05:00:00,2022-10-17 11:15:00,L,15.81,16.152372952802757,15.673050818878897,16.152372952802757,2.5,2.373,tp,75
2022-10-17 11:20:00,2022-10-17 19:20:00,L,16.105,15.985,15.940078479211472,16.517303801971323,-0.728,-0.835,time,96
2022-10-17 22:20:00,2022-10-18 06:20:00,L,16.17,16.25,16.041570984339927,16.49107253915019,0.623,0.484,time,96
2022-10-18 14:00:00,2022-10-18 22:00:00,S,15.945,15.825,16.161084364395933,15.404789089010169,0.555,0.474,time,96
2022-10-19 01:00:00,2022-10-19 09:00:00,S,15.735,15.555,15.919080944894008,15.27479763776498,0.978,0.884,time,96
2022-10-19 13:50:00,2022-10-19 14:20:00,S,15.435,15.605692567426285,15.605692567426285,15.00826858143429,-1.0,-1.099,sl,6
2022-10-19 22:40:00,2022-10-20 06:40:00,S,15.22,15.285,15.56955664199831,14.34610839500423,-0.186,-0.234,time,96
2022-10-20 08:15:00,2022-10-20 10:50:00,S,15.185,15.307511406229764,15.307511406229764,14.87872148442559,-1.0,-1.136,sl,31
2022-10-20 13:00:00,2022-10-20 14:15:00,S,15.155,15.353977370682367,15.353977370682367,14.65755657329408,-1.0,-1.084,sl,15
2022-10-20 17:10:00,2022-10-20 17:40:00,S,15.085,15.265614332245685,15.265614332245685,14.633464169385793,-1.0,-1.092,sl,6
2022-10-20 18:20:00,2022-10-21 02:20:00,S,15.19,15.065,15.459492731938127,14.516268170154682,0.464,0.402,time,96
2022-10-21 08:20:00,2022-10-21 13:50:00,S,14.935,15.103862724669723,15.103862724669723,14.512843188325695,-1.0,-1.097,sl,66
2022-10-21 16:00:00,2022-10-22 00:00:00,L,15.295,15.665,15.019367911725725,15.984080220685687,1.342,1.281,time,96
2022-10-22 00:20:00,2022-10-22 01:30:00,L,15.745,15.641606543768635,15.641606543768635,16.00348364057841,-1.0,-1.168,sl,14
2022-10-22 07:15:00,2022-10-22 11:00:00,L,15.655,15.822038854121011,15.588184458351595,15.822038854121011,2.5,2.242,tp,45
2022-10-22 11:05:00,2022-10-22 15:35:00,L,15.81,15.67223296993134,15.67223296993134,16.154417575171653,-1.0,-1.126,sl,54
2022-10-22 20:15:00,2022-10-22 20:50:00,L,15.65,15.730342732681711,15.617862906927316,15.730342732681711,2.5,1.964,tp,7
2022-10-22 20:55:00,2022-10-23 01:05:00,L,15.735,15.62263610704065,15.62263610704065,16.015909732398374,-1.0,-1.154,sl,50
2022-10-23 02:20:00,2022-10-23 10:20:00,L,15.78,15.78,15.596324431740456,16.239188920648857,0.0,-0.095,time,96
2022-10-23 17:50:00,2022-10-23 22:00:00,L,15.76,16.12966850912013,15.612132596351948,16.12966850912013,2.5,2.383,tp,50
2022-10-23 22:05:00,2022-10-24 06:05:00,L,16.19,16.035,15.94475668203949,16.80310829490128,-0.632,-0.705,time,96
2022-10-24 10:20:00,2022-10-24 13:30:00,L,16.065,15.891645398496227,15.891645398496227,16.498386503759438,-1.0,-1.102,sl,38
2022-10-24 14:10:00,2022-10-24 22:10:00,S,15.78,15.735,15.992160371888177,15.249599070279555,0.212,0.13,time,96
2022-10-25 01:10:00,2022-10-25 09:10:00,S,15.68,15.63,15.884135948576938,15.169660128557652,0.245,0.16,time,96
2022-10-25 10:05:00,2022-10-25 11:25:00,S,15.63,15.69308298260574,15.69308298260574,15.472292543485654,-1.0,-1.273,sl,16
2022-10-25 13:15:00,2022-10-25 14:50:00,L,15.795,16.253321577163238,15.611671369134704,16.253321577163238,2.5,2.405,tp,19
2022-10-25 14:55:00,2022-10-25 17:00:00,L,16.24,16.966795100793522,15.949281959682589,16.966795100793522,2.5,2.439,tp,25
2022-10-25 17:05:00,2022-10-26 01:05:00,L,16.975,16.705,16.312786438222496,18.630533904443766,-0.408,-0.436,time,96
2022-10-26 01:40:00,2022-10-26 07:05:00,L,16.795,17.206875372738807,16.63024985090448,17.206875372738807,2.5,2.388,tp,65
2022-10-26 07:10:00,2022-10-26 08:20:00,L,17.175,16.96981898783366,16.96981898783366,17.687952530415856,-1.0,-1.092,sl,14
2022-10-26 08:40:00,2022-10-26 12:10:00,L,17.25,16.951735440067672,16.951735440067672,17.99566139983082,-1.0,-1.064,sl,42
2022-10-26 14:20:00,2022-10-26 22:20:00,L,17.28,17.09,16.819744466470613,18.430638833823473,-0.413,-0.454,time,96
2022-10-26 22:30:00,2022-10-27 02:55:00,L,17.155,16.933889798352386,16.933889798352386,17.70777550411904,-1.0,-1.085,sl,53
2022-10-27 05:25:00,2022-10-27 07:35:00,L,17.25,17.070432567104167,17.070432567104167,17.698918582239585,-1.0,-1.106,sl,26
2022-10-27 12:35:00,2022-10-27 13:55:00,L,17.065,16.8766059446245,16.8766059446245,17.535985138438754,-1.0,-1.1,sl,16
2022-10-27 15:15:00,2022-10-27 20:20:00,L,17.25,16.97232997658148,16.97232997658148,17.9441750585463,-1.0,-1.068,sl,61
2022-10-27 23:10:00,2022-10-28 07:10:00,S,16.94,17.075,17.18799394603176,16.320015134920602,-0.544,-0.62,time,96
2022-10-28 08:15:00,2022-10-28 16:15:00,L,17.26,17.715,16.90638035340739,18.144049116481533,1.287,1.233,time,96
2022-10-28 16:25:00,2022-10-29 00:25:00,L,17.81,18.355,17.487823129561644,18.615442176095886,1.692,1.631,time,96
2022-10-29 02:55:00,2022-10-29 10:55:00,L,18.445,18.42,18.264316041939317,18.89670989515171,-0.138,-0.251,time,96
2022-10-29 14:15:00,2022-10-29 22:15:00,L,18.595,18.308062128117236,18.308062128117236,19.312344679706907,-1.0,-1.071,sl,96
2022-10-30 01:55:00,2022-10-30 09:55:00,L,18.375,18.39,18.160739523466408,18.910651191333983,0.07,-0.024,time,96
2022-10-30 13:30:00,2022-10-30 21:30:00,S,18.29,18.34,18.440261646019483,17.914345884951288,-0.333,-0.467,time,96
2022-10-30 21:35:00,2022-10-30 21:40:00,L,18.34,18.231964158576577,18.231964158576577,18.610089603558556,-1.0,-1.187,sl,1
2022-10-31 00:10:00,2022-10-31 08:10:00,L,18.4,18.5,18.11852525452108,19.10368686369729,0.355,0.283,time,96
2022-10-31 09:50:00,2022-10-31 17:50:00,L,18.965,19.04,18.41459644417367,20.34100888956582,0.136,0.098,time,96
2022-10-31 22:25:00,2022-11-01 06:25:00,L,19.085,19.345,18.802625649112613,19.79093587721847,0.921,0.846,time,96
2022-11-01 07:15:00,2022-11-01 07:35:00,L,19.44,19.290166598179457,19.290166598179457,19.81458350455136,-1.0,-1.143,sl,4
2022-11-01 13:45:00,2022-11-01 21:45:00,S,18.98,18.705,19.191383219669742,18.451541950825646,1.301,1.202,time,96
2022-11-02 00:05:00,2022-11-02 07:15:00,S,18.545,18.098228544126613,18.723708582349357,18.098228544126613,2.5,2.386,tp,86
2022-11-02 07:20:00,2022-11-02 15:20:00,S,17.99,18.045,18.23510427421227,17.37723931446932,-0.224,-0.305,time,96
2022-11-02 19:30:00,2022-11-03 03:30:00,S,17.84,18.7,18.792851025262976,15.457872436842559,-0.903,-0.923,time,96
2022-11-03 03:35:00,2022-11-03 07:30:00,L,18.7,18.519543521710574,18.519543521710574,19.15114119572356,-1.0,-1.114,sl,47
2022-11-03 11:30:00,2022-11-03 19:30:00,S,18.385,18.425,18.79774006153994,17.353149846150153,-0.097,-0.146,time,96
2022-11-03 21:00:00,2022-11-04 03:35:00,S,18.195,18.344435003432416,18.344435003432416,17.82141249141896,-1.0,-1.134,sl,79
2022-11-04 03:50:00,2022-11-04 07:50:00,L,18.37,19.170902225519736,18.049639109792107,19.170902225519736,2.5,2.437,tp,48
2022-11-04 07:55:00,2022-11-04 10:15:00,L,19.14,18.928065772975835,18.928065772975835,19.669835567560416,-1.0,-1.099,sl,28
2022-11-04 12:40:00,2022-11-04 20:40:00,L,19.26,19.3,18.610337132626654,20.88415716843337,0.062,0.029,time,96
2022-11-04 20:50:00,2022-11-05 00:40:00,L,19.31,19.68416042694043,19.160335829223825,19.68416042694043,2.5,2.358,tp,46
2022-11-05 00:45:00,2022-11-05 08:15:00,L,19.53,19.274935928347094,19.274935928347094,20.16766017913227,-1.0,-1.084,sl,90
2022-11-05 11:45:00,2022-11-05 13:25:00,L,19.44,19.27466372177311,19.27466372177311,19.853340695567233,-1.0,-1.129,sl,20
2022-11-05 15:25:00,2022-11-05 23:25:00,L,19.67,19.54,19.1897079553847,20.87073011153825,-0.271,-0.316,time,96
2022-11-06 01:55:00,2022-11-06 09:55:00,S,19.3,19.45,19.629568657243567,18.476078356891087,-0.455,-0.52,time,96
2022-11-06 12:50:00,2022-11-06 14:45:00,S,19.285,19.43389335831708,19.43389335831708,18.912766604207306,-1.0,-1.142,sl,23
2022-11-06 14:50:00,2022-11-06 16:00:00,L,19.42,19.190456551189154,19.190456551189154,19.99385862202712,-1.0,-1.093,sl,14
2022-11-06 16:05:00,2022-11-07 00:05:00,S,19.08,18.365,19.452536435160795,18.148658912098007,1.919,1.863,time,96
2022-11-07 07:05:00,2022-11-07 15:05:00,S,18.22,18.27,18.532203394946613,17.439491512633463,-0.16,-0.224,time,96
2022-11-07 21:35:00,2022-11-08 02:50:00,S,18.445,17.536735872631333,18.808305650947467,17.536735872631333,2.5,2.444,tp,63
2022-11-08 02:55:00,2022-11-08 05:20:00,S,17.485,16.272380719773007,17.970047712090796,16.272380719773007,2.5,2.46,tp,29
2022-11-08 05:25:00,2022-11-08 13:25:00,S,16.255,16.755,17.366789782469226,13.475525543826931,-0.45,-0.466,time,96
2022-11-08 14:20:00,2022-11-08 16:00:00,S,16.435,16.87116161554526,16.87116161554526,15.344595961136841,-1.0,-1.041,sl,20
2022-11-08 18:10:00,2022-11-09 02:10:00,S,15.92,15.46,17.467582381208278,12.051044046979307,0.297,0.286,time,96
2022-11-09 03:00:00,2022-11-09 06:45:00,S,15.115,15.708694843913245,15.708694843913245,13.63076289021689,-1.0,-1.028,sl,45
2022-11-09 09:55:00,2022-11-09 17:55:00,S,14.575,13.47,15.256529040655375,12.87117739836156,1.621,1.598,time,96
2022-11-09 18:10:00,2022-11-10 02:10:00,S,13.26,12.97,13.851319743614914,11.781700640962715,0.49,0.466,time,96
2022-11-10 10:40:00,2022-11-10 12:00:00,S,14.135,14.308479115357253,14.308479115357253,13.701302211606867,-1.0,-1.09,sl,16
2022-11-10 13:35:00,2022-11-10 21:35:00,L,15.2,15.46,14.196519913212095,17.70870021696976,0.259,0.242,time,96
2022-11-11 01:35:00,2022-11-11 09:35:00,S,15.035,14.965,15.420754840016226,14.070612899959436,0.181,0.139,time,96
2022-11-11 14:05:00,2022-11-11 22:05:00,S,14.595,13.905,15.125932901153897,13.26766774711526,1.3,1.269,time,96
2022-11-12 00:45:00,2022-11-12 08:45:00,S,13.735,13.34,14.156560468214634,12.681098829463412,0.937,0.901,time,96
2022-11-12 20:50:00,2022-11-12 23:40:00,S,13.25,13.016859860800636,13.343256055679745,13.016859860800636,2.5,2.344,tp,34
2022-11-12 23:45:00,2022-11-13 02:40:00,S,13.03,13.30027487233984,13.30027487233984,12.3543128191504,-1.0,-1.053,sl,35
2022-11-13 06:35:00,2022-11-13 13:40:00,S,12.96,13.290831377712397,13.290831377712397,12.13292155571901,-1.0,-1.043,sl,85
2022-11-13 18:25:00,2022-11-13 20:00:00,S,12.985,13.190872934358143,13.190872934358143,12.47031766410464,-1.0,-1.069,sl,19
2022-11-13 21:00:00,2022-11-14 05:00:00,S,12.885,12.21,13.220939362192516,12.04515159451871,2.009,1.967,time,96
2022-11-14 05:40:00,2022-11-14 06:30:00,S,12.14,12.230028275353627,12.230028275353627,11.914929311615936,-1.0,-1.148,sl,10
2022-11-14 07:30:00,2022-11-14 15:30:00,L,12.955,13.03,12.152669841332612,14.96082539666847,0.093,0.076,time,96
2022-11-14 16:20:00,2022-11-15 00:00:00,S,12.855,13.203899554860584,13.203899554860584,11.982751112848542,-1.0,-1.041,sl,92
2022-11-15 01:45:00,2022-11-15 09:45:00,L,13.23,13.29,12.983763305986768,13.845591735033082,0.244,0.185,time,96
2022-11-15 11:00:00,2022-11-15 11:15:00,L,13.425,13.295828807897998,13.295828807897998,13.747927980255009,-1.0,-1.114,sl,3
2022-11-15 13:05:00,2022-11-15 16:55:00,L,13.47,13.845177750480278,13.31992889980789,13.845177750480278,2.5,2.401,tp,46
2022-11-15 17:00:00,2022-11-15 18:30:00,L,13.84,13.486327661051945,13.486327661051945,14.724180847370137,-1.0,-1.043,sl,18
2022-11-16 02:35:00,2022-11-16 07:55:00,L,13.62,13.405210982677792,13.405210982677792,14.156972543305518,-1.0,-1.07,sl,64
2022-11-16 08:05:00,2022-11-16 12:55:00,S,13.415,12.965190995078121,13.59492360196875,12.965190995078121,2.5,2.418,tp,58
2022-11-16 13:00:00,2022-11-16 16:00:00,S,13.07,12.564866085887202,13.27205356564512,12.564866085887202,2.5,2.429,tp,36
2022-11-16 16:05:00,2022-11-17 00:05:00,S,12.895,13.065,13.152842919956557,12.250392700108605,-0.659,-0.714,time,96
2022-11-17 04:05:00,2022-11-17 04:50:00,S,12.985,13.190133602137896,13.190133602137896,12.472165994655256,-1.0,-1.07,sl,9
2022-11-17 09:25:00,2022-11-17 14:15:00,S,13.035,12.67497629631181,13.179009481475276,12.67497629631181,2.5,2.4,tp,58
2022-11-17 14:25:00,2022-11-17 18:00:00,S,12.69,13.052302563361938,13.052302563361938,11.784243591595153,-1.0,-1.039,sl,43
2022-11-17 23:40:00,2022-11-18 00:10:00,S,12.89,13.038948544254149,13.038948544254149,12.51762863936463,-1.0,-1.095,sl,6
2022-11-18 00:15:00,2022-11-18 08:15:00,L,13.025,13.02,12.829372196537319,13.514069508656704,-0.026,-0.099,time,96
2022-11-18 08:20:00,2022-11-18 10:05:00,S,13.02,13.178614324050265,13.178614324050265,12.623464189874335,-1.0,-1.09,sl,21
2022-11-18 10:15:00,2022-11-18 14:40:00,L,13.165,13.047179713065844,13.047179713065844,13.459550717335386,-1.0,-1.123,sl,53
2022-11-18 14:45:00,2022-11-18 16:20:00,S,13.095,13.204244271338332,13.204244271338332,12.821889321654172,-1.0,-1.132,sl,19
2022-11-18 17:10:00,2022-11-19 01:10:00,S,12.975,12.86,13.214124733566308,12.377188166084228,0.481,0.421,time,96
2022-11-19 02:15:00,2022-11-19 05:15:00,S,12.815,12.569972502512403,12.913010998995038,12.569972502512403,2.5,2.356,tp,36
2022-11-19 05:20:00,2022-11-19 13:20:00,S,12.575,12.695,12.830506909786573,11.936232725533564,-0.47,-0.524,time,96
2022-11-19 13:25:00,2022-11-19 13:45:00,S,12.695,12.746783738622852,12.746783738622852,12.56554065344287,-1.0,-1.27,sl,4
2022-11-20 04:40:00,2022-11-20 08:35:00,L,13.085,12.937574462926822,12.937574462926822,13.453563842682948,-1.0,-1.098,sl,47
2022-11-20 08:40:00,2022-11-20 11:30:00,S,12.935,12.64167880747501,13.052328477009997,12.64167880747501,2.5,2.379,tp,34
2022-11-20 11:35:00,2022-11-20 19:35:00,S,12.57,12.515,12.876055902463598,11.804860243841006,0.18,0.135,time,96
2022-11-20 20:30:00,2022-11-21 00:05:00,S,12.415,11.989883433908226,12.585046626436709,11.989883433908226,2.5,2.42,tp,43
2022-11-21 00:10:00,2022-11-21 08:10:00,S,12.06,11.87,12.246766564286048,11.59308358928488,1.017,0.946,time,96
2022-11-21 09:10:00,2022-11-21 09:15:00,S,11.815,11.908935661511007,11.908935661511007,11.58016084622248,-1.0,-1.138,sl,1
2022-11-21 09:35:00,2022-11-21 09:50:00,S,11.825,11.925848131120206,11.925848131120206,11.57287967219948,-1.0,-1.129,sl,3
2022-11-21 16:25:00,2022-11-22 00:25:00,S,11.89,11.975,12.06035093299745,11.464122667506377,-0.499,-0.576,time,96
2022-11-22 02:15:00,2022-11-22 03:05:00,S,11.775,11.893056631248623,11.893056631248623,11.479858421878443,-1.0,-1.11,sl,10
2022-11-22 05:20:00,2022-11-22 06:50:00,S,11.79,11.56819006642489,11.878723973430043,11.56819006642489,2.5,2.354,tp,18
2022-11-22 06:55:00,2022-11-22 13:10:00,S,11.585,11.789629871004298,11.789629871004298,11.073425322489259,-1.0,-1.062,sl,75
2022-11-22 13:15:00,2022-11-22 21:15:00,L,11.84,12.19,11.463571337972121,12.781071655069695,0.93,0.895,time,96
2022-11-22 22:40:00,2022-11-23 00:05:00,L,12.285,12.518403555913112,12.191638577634755,12.518403555913112,2.5,2.355,tp,17
2022-11-23 00:10:00,2022-11-23 08:10:00,L,12.525,12.735,12.282918332411686,13.130204168970785,0.867,0.811,time,96
2022-11-23 11:05:00,2022-11-23 12:20:00,L,12.865,12.685594225011256,12.685594225011256,13.313514437471861,-1.0,-1.079,sl,15
2022-11-23 18:30:00,2022-11-23 23:20:00,L,12.595,12.941295585345326,12.45648176586187,12.941295585345326,2.5,2.4,tp,58
2022-11-23 23:25:00,2022-11-24 02:00:00,L,12.91,13.269500156742518,12.766199937302993,13.269500156742518,2.5,2.401,tp,31
2022-11-24 02:05:00,2022-11-24 10:05:00,L,13.325,13.055,12.92767628062503,14.31830929843742,-0.68,-0.716,time,96
2022-11-24 20:55:00,2022-11-25 00:10:00,L,12.95,12.832363742511735,12.832363742511735,13.24409064372066,-1.0,-1.121,sl,39
2022-11-25 02:05:00,2022-11-25 10:05:00,S,12.64,12.635,12.844313269859956,12.129216825350111,0.024,-0.044,time,96
2022-11-25 11:15:00,2022-11-25 19:15:00,L,12.77,12.915,12.63220221726581,13.114494456835473,1.052,0.95,time,96
2022-11-25 19:20:00,2022-11-25 22:10:00,L,12.915,12.842318380647043,12.842318380647043,13.096704048382389,-1.0,-1.195,sl,34
2022-11-26 01:05:00,2022-11-26 09:05:00,L,12.975,12.97,12.80692364333737,13.395190891656572,-0.03,-0.115,time,96
2022-11-26 09:50:00,2022-11-26 14:55:00,L,12.99,12.913092862297859,12.913092862297859,13.182267844255353,-1.0,-1.186,sl,61
2022-11-26 17:05:00,2022-11-27 01:05:00,S,12.865,12.71,13.038749760013468,12.43062559996633,0.892,0.811,time,96
2022-11-27 02:15:00,2022-11-27 10:15:00,L,12.8,12.95,12.708346917361725,13.02913270659569,1.637,1.483,time,96
2022-11-27 14:35:00,2022-11-27 22:35:00,L,13.085,13.155,12.987514624809684,13.328713437975793,0.718,0.57,time,96
2022-11-27 23:05:00,2022-11-28 01:30:00,S,13.005,12.45759529434401,13.223961882262397,12.45759529434401,2.5,2.435,tp,29
2022-11-28 01:35:00,2022-11-28 09:35:00,S,12.415,12.31,12.983828515815743,10.992928710460639,0.185,0.161,time,96
2022-11-28 12:45:00,2022-11-28 14:25:00,S,12.245,12.32230299057943,12.32230299057943,12.051742523551422,-1.0,-1.174,sl,20
2022-11-28 15:25:00,2022-11-28 16:55:00,S,12.22,12.481077983272534,12.481077983272534,11.567305041818667,-1.0,-1.051,sl,18
2022-11-29 00:05:00,2022-11-29 04:50:00,S,12.395,12.503042772527115,12.503042772527115,12.124893068682212,-1.0,-1.126,sl,57
2022-11-29 08:35:00,2022-11-29 13:50:00,L,12.56,12.467641552980083,12.467641552980083,12.790896117549792,-1.0,-1.15,sl,63
2022-11-29 13:55:00,2022-11-29 21:55:00,S,12.49,12.485,12.623517537355259,12.156206156611855,0.037,-0.065,time,96
2022-11-29 22:15:00,2022-11-29 23:45:00,L,12.52,12.463324833986908,12.463324833986908,12.66168791503273,-1.0,-1.243,sl,18
2022-11-30 00:40:00,2022-11-30 01:00:00,L,12.62,13.068829125092373,12.44046834996305,13.068829125092373,2.5,2.423,tp,4
2022-11-30 01:05:00,2022-11-30 09:05:00,L,13.095,12.965,12.446875247490146,14.715311881274637,-0.201,-0.223,time,96
2022-11-30 17:25:00,2022-11-30 19:00:00,S,12.61,12.845361488004032,12.845361488004032,12.021596279989918,-1.0,-1.059,sl,19
2022-11-30 19:05:00,2022-12-01 03:05:00,L,12.92,13.12,12.541967846440548,13.865080383898631,0.529,0.491,time,96
2022-12-01 12:00:00,2022-12-01 13:45:00,L,13.08,12.987796675391053,12.987796675391053,13.31050831152237,-1.0,-1.156,sl,21
2022-12-01 23:20:00,2022-12-02 00:30:00,S,12.835,12.952610285878825,12.952610285878825,12.54097428530294,-1.0,-1.12,sl,14
2022-12-02 00:35:00,2022-12-02 02:10:00,L,12.96,12.821898861485112,12.821898861485112,13.305252846287225,-1.0,-1.103,sl,19
2022-12-02 08:10:00,2022-12-02 13:30:00,L,13.085,13.002754898118791,13.002754898118791,13.290612754703025,-1.0,-1.175,sl,64
2022-12-02 15:15:00,2022-12-02 23:15:00,L,13.23,13.565,12.947196740031485,13.93700814992129,1.185,1.133,time,96
2022-12-03 00:25:00,2022-12-03 01:50:00,L,13.645,13.529421617327527,13.529421617327527,13.933945956681182,-1.0,-1.13,sl,17
2022-12-03 09:35:00,2022-12-03 17:35:00,L,13.48,13.695,13.276405012434617,13.988987468913457,1.056,0.983,time,96
2022-12-03 18:00:00,2022-12-03 21:05:00,L,13.69,13.597331080718165,13.597331080718165,13.921672298204586,-1.0,-1.163,sl,37
2022-12-04 01:25:00,2022-12-04 09:25:00,L,13.67,13.64,13.551412130363497,13.966469674091258,-0.253,-0.38,time,96
2022-12-04 12:40:00,2022-12-04 20:40:00,L,13.7,13.73,13.557235317813088,14.056911705467277,0.21,0.105,time,96
2022-12-04 21:15:00,2022-12-05 00:05:00,L,13.77,13.976291885695947,13.687483245721621,13.976291885695947,2.5,2.316,tp,34
2022-12-05 00:10:00,2022-12-05 02:25:00,L,13.875,14.174882555864617,13.755046977654153,14.174882555864617,2.5,2.373,tp,27
2022-12-05 02:30:00,2022-12-05 10:30:00,L,14.15,14.15,13.853709356205936,14.89072660948516,0.0,-0.053,time,96
2022-12-05 19:20:00,2022-12-06 03:20:00,S,13.57,13.625,13.818849239461738,12.947876901345657,-0.221,-0.281,time,96
2022-12-06 05:35:00,2022-12-06 06:30:00,S,13.5,13.582093148701686,13.582093148701686,13.294767128245784,-1.0,-1.181,sl,11
2022-12-06 10:25:00,2022-12-06 18:25:00,S,13.545,13.51,13.658349544906939,13.261626137732653,0.309,0.177,time,96
2022-12-06 23:15:00,2022-12-07 06:10:00,L,13.585,13.482482770472304,13.482482770472304,13.841293073819244,-1.0,-1.146,sl,83
2022-12-07 06:15:00,2022-12-07 06:55:00,S,13.475,13.295345677560267,13.546861728975893,13.295345677560267,2.5,2.294,tp,8
2022-12-07 07:00:00,2022-12-07 15:00:00,S,13.32,13.24,13.519211696015251,12.821970759961873,0.402,0.328,time,96
2022-12-07 16:50:00,2022-12-07 23:10:00,S,13.175,13.25292254226681,13.25292254226681,12.980193644332974,-1.0,-1.186,sl,76
2022-12-08 05:05:00,2022-12-08 13:05:00,S,13.21,13.15,13.287780679025778,13.015548302435558,0.771,0.585,time,96
2022-12-08 18:30:00,2022-12-08 18:35:00,L,13.27,13.373945754182287,13.228421698327084,13.373945754182287,2.5,2.149,tp,1
2022-12-08 18:40:00,2022-12-09 02:40:00,L,13.38,13.425,13.22703674229901,13.762408144252479,0.294,0.198,time,96
2022-12-09 07:05:00,2022-12-09 13:35:00,L,13.495,13.433496487576146,13.433496487576146,13.64875878105963,-1.0,-1.241,sl,78
2022-12-09 20:35:00,2022-12-09 23:30:00,S,13.39,13.451461932900209,13.451461932900209,13.23634516774948,-1.0,-1.24,sl,35
2022-12-09 23:35:00,2022-12-10 02:05:00,L,13.46,13.348649906807818,13.348649906807818,13.738375232980458,-1.0,-1.133,sl,30
2022-12-10 02:10:00,2022-12-10 07:00:00,S,13.34,13.4415169646695,13.4415169646695,13.08620758832625,-1.0,-1.145,sl,58
2022-12-10 07:05:00,2022-12-10 09:20:00,L,13.44,13.373749604310314,13.373749604310314,13.605625989224214,-1.0,-1.223,sl,27
2022-12-10 09:25:00,2022-12-10 13:25:00,S,13.36,13.431497549143238,13.431497549143238,13.181256127141904,-1.0,-1.206,sl,48
2022-12-10 13:30:00,2022-12-10 17:30:00,L,13.435,13.589843585001637,13.373062565999346,13.589843585001637,2.5,2.261,tp,48
2022-12-10 17:35:00,2022-12-10 22:55:00,L,13.505,13.442084729049164,13.442084729049164,13.662288177377093,-1.0,-1.236,sl,64
2022-12-11 04:10:00,2022-12-11 12:10:00,S,13.445,13.415,13.481224807981492,13.35443798004627,0.828,0.42,time,96
2022-12-11 12:35:00,2022-12-11 20:15:00,L,13.425,13.384097200283279,13.384097200283279,13.527256999291806,-1.0,-1.361,sl,92
2022-12-11 20:20:00,2022-12-12 02:50:00,S,13.29,12.779998454504994,13.494000618198001,12.779998454504994,2.5,2.428,tp,78
2022-12-12 02:55:00,2022-12-12 10:55:00,S,12.565,12.835,12.952012163690167,11.59746959077458,-0.698,-0.733,time,96
2022-12-12 12:25:00,2022-12-12 20:25:00,S,12.75,12.85751817575278,12.85751817575278,12.48120456061805,-1.0,-1.13,sl,96
2022-12-13 00:55:00,2022-12-13 07:00:00,S,12.935,12.667666272686768,13.041933490925294,12.667666272686768,2.5,2.367,tp,73
2022-12-13 07:05:00,2022-12-13 10:05:00,S,12.67,12.884366976644833,12.884366976644833,12.134082558387918,-1.0,-1.065,sl,36
2022-12-13 11:20:00,2022-12-13 13:30:00,L,13.015,13.525932081820212,12.810627167271916,13.525932081820212,2.5,2.43,tp,26
2022-12-13 13:35:00,2022-12-13 21:35:00,L,13.515,13.655,12.99533324450951,14.814166888726227,0.269,0.241,time,96
2022-12-13 22:05:00,2022-12-14 06:05:00,L,13.71,13.7,13.607298114348383,13.966754714129046,-0.097,-0.244,time,96
2022-12-14 11:20:00,2022-12-14 19:00:00,L,13.81,13.640987593209625,13.640987593209625,14.23253101697594,-1.0,-1.09,sl,92
2022-12-15 00:15:00,2022-12-15 01:35:00,L,13.815,13.661405789284531,13.661405789284531,14.19898552678867,-1.0,-1.099,sl,16
2022-12-15 01:40:00,2022-12-15 09:40:00,S,13.74,13.505,13.901969425623498,13.335076435941254,1.451,1.358,time,96
2022-12-15 12:00:00,2022-12-15 13:15:00,L,13.615,13.461114243021152,13.461114243021152,13.999714392447121,-1.0,-1.097,sl,15
2022-12-15 13:25:00,2022-12-15 21:25:00,S,13.45,13.21,13.61358265850553,13.041043353736171,1.467,1.377,time,96
2022-12-15 21:45:00,2022-12-16 02:30:00,S,13.11,13.268463623020741,13.268463623020741,12.713840942448144,-1.0,-1.091,sl,57
2022-12-16 04:40:00,2022-12-16 07:05:00,S,13.155,13.236505537076571,13.236505537076571,12.951236157308571,-1.0,-1.178,sl,29
2022-12-16 08:55:00,2022-12-16 16:55:00,S,12.96,12.43,13.27997844244203,12.16005389389493,1.656,1.612,time,96
2022-12-16 22:05:00,2022-12-16 22:35:00,S,12.43,11.997959211676214,12.602816315329514,11.997959211676214,2.5,2.421,tp,6
2022-12-16 22:40:00,2022-12-17 06:40:00,S,11.765,11.82,12.521738411382644,9.873153971543392,-0.073,-0.09,time,96
2022-12-17 14:00:00,2022-12-17 14:05:00,S,11.82,11.877105739852723,11.877105739852723,11.677235650368193,-1.0,-1.228,sl,1
2022-12-18 06:10:00,2022-12-18 14:10:00,S,11.895,11.86,11.956079219159733,11.742301952100666,0.573,0.359,time,96
2022-12-18 14:55:00,2022-12-18 17:55:00,S,11.825,11.876661420532267,11.876661420532267,11.695846448669329,-1.0,-1.252,sl,36
2022-12-19 03:10:00,2022-12-19 09:45:00,S,11.855,12.033650771831173,12.033650771831173,11.40837307042207,-1.0,-1.073,sl,79
2022-12-19 10:20:00,2022-12-19 12:00:00,L,12.035,11.937420561995253,11.937420561995253,12.278948595011867,-1.0,-1.136,sl,20
2022-12-19 13:35:00,2022-12-19 17:20:00,S,11.94,11.746267502269685,12.017492999092125,11.746267502269685,2.5,2.331,tp,45
2022-12-19 17:25:00,2022-12-19 22:30:00,S,11.775,11.404076097401486,11.923369561039406,11.404076097401486,2.5,2.413,tp,61
2022-12-19 22:35:00,2022-12-20 02:40:00,S,11.24,11.707792713355094,11.707792713355094,10.070518216612268,-1.0,-1.026,sl,49
2022-12-20 04:35:00,2022-12-20 12:35:00,L,11.83,11.96,11.6721216904791,12.22469577380225,0.823,0.741,time,96
2022-12-20 15:05:00,2022-12-20 23:05:00,L,11.955,11.965,11.77887571850084,12.3953107037479,0.057,-0.018,time,96
2022-12-20 23:10:00,2022-12-21 00:10:00,L,11.965,11.90795862228843,11.90795862228843,12.107603444278926,-1.0,-1.231,sl,12
2022-12-21 00:20:00,2022-12-21 08:20:00,S,11.9,11.74,11.998077592227718,11.654806019430707,1.631,1.498,time,96
2022-12-21 12:20:00,2022-12-21 19:55:00,S,11.84,11.710759978211293,11.891696008715483,11.710759978211293,2.5,2.248,tp,91
2022-12-21 20:00:00,2022-12-22 00:55:00,S,11.72,11.771703792326077,11.771703792326077,11.59074051918481,-1.0,-1.249,sl,59
2022-12-22 06:10:00,2022-12-22 09:10:00,S,11.665,11.7111982179185,11.7111982179185,11.549504455203746,-1.0,-1.278,sl,36
2022-12-22 13:35:00,2022-12-22 14:30:00,S,11.68,11.56134036386957,11.727463854452171,11.56134036386957,2.5,2.229,tp,11
2022-12-22 14:35:00,2022-12-22 20:20:00,S,11.57,11.698590525845075,11.698590525845075,11.248523685387312,-1.0,-1.099,sl,69
2022-12-22 20:25:00,2022-12-23 04:25:00,L,11.79,11.845,11.585982172345842,12.300044569135391,0.27,0.206,time,96
2022-12-23 10:40:00,2022-12-23 13:25:00,L,11.845,11.798633866549201,11.798633866549201,11.960915333627,-1.0,-1.281,sl,33
2022-12-23 13:40:00,2022-12-23 21:40:00,L,11.84,11.77,11.65446609942817,12.303834751429575,-0.377,-0.447,time,96
2022-12-23 22:40:00,2022-12-23 23:50:00,S,11.73,11.786104138429167,11.786104138429167,11.589739653927085,-1.0,-1.23,sl,14
2022-12-24 04:00:00,2022-12-24 04:35:00,L,11.81,11.794394613632855,11.794394613632855,11.849013465917864,-1.0,-1.832,sl,7
2022-12-24 05:25:00,2022-12-24 13:25:00,S,11.725,11.69,11.811643126602151,11.508392183494621,0.404,0.255,time,96
2022-12-24 16:10:00,2022-12-24 19:10:00,S,11.66,11.695910351751179,11.695910351751179,11.570224120622054,-1.0,-1.357,sl,36
2022-12-25 02:45:00,2022-12-25 10:45:00,S,11.665,11.565,11.716220253640653,11.536949365898364,1.952,1.702,time,96
2022-12-25 10:55:00,2022-12-25 12:35:00,S,11.555,11.60128717424109,11.60128717424109,11.439282064397274,-1.0,-1.275,sl,20
2022-12-25 21:25:00,2022-12-26 05:25:00,L,11.635,11.69,11.568657600049535,11.80085599987616,0.829,0.636,time,96
2022-12-26 09:35:00,2022-12-26 13:10:00,L,11.715,11.669142391068664,11.669142391068664,11.829644022328338,-1.0,-1.281,sl,43
2022-12-26 13:15:00,2022-12-26 21:15:00,S,11.67,11.62,11.751804939148297,11.465487652129259,0.611,0.454,time,96
2022-12-26 23:25:00,2022-12-27 07:25:00,L,11.66,11.715,11.583535441947161,11.851161395132099,0.719,0.552,time,96
2022-12-27 10:05:00,2022-12-27 14:35:00,L,11.77,11.667855384624586,11.667855384624586,12.025361538438535,-1.0,-1.127,sl,54
2022-12-27 15:20:00,2022-12-27 17:20:00,L,11.76,11.606906712700622,11.606906712700622,12.142733218248443,-1.0,-1.084,sl,24
2022-12-27 17:25:00,2022-12-28 01:25:00,S,11.61,11.595,11.707614081532709,11.365964796168225,0.154,0.023,time,96
2022-12-28 03:05:00,2022-12-28 05:40:00,S,11.47,11.264068138288252,11.5523727446847,11.264068138288252,2.5,2.347,tp,31
2022-12-28 05:45:00,2022-12-28 13:45:00,S,11.135,11.37,11.44524024549297,10.359399386267574,-0.757,-0.797,time,96
2022-12-28 15:40:00,2022-12-28 23:40:00,S,11.32,11.21,11.489069133562332,10.897327166094172,0.651,0.577,time,96
2022-12-29 02:05:00,2022-12-29 04:50:00,S,11.115,11.216586100348405,11.216586100348405,10.86103474912899,-1.0,-1.12,sl,33
2022-12-29 08:25:00,2022-12-29 10:50:00,S,11.15,11.201527115939086,11.201527115939086,11.021182210152286,-1.0,-1.238,sl,29
2022-12-29 15:55:00,2022-12-29 20:20:00,S,11.115,10.871977975073754,11.212208809970498,10.871977975073754,2.5,2.374,tp,53
2022-12-29 20:25:00,2022-12-30 04:25:00,S,10.84,10.905,11.145114238523838,10.077214403690403,-0.213,-0.252,time,96
2022-12-30 07:10:00,2022-12-30 14:45:00,S,10.82,10.61503100779871,10.901987596880517,10.61503100779871,2.5,2.355,tp,91
2022-12-30 14:50:00,2022-12-30 15:15:00,S,10.625,10.744632677053033,10.744632677053033,10.325918307367417,-1.0,-1.098,sl,5
2022-12-30 22:50:00,2022-12-31 06:50:00,S,10.8,10.875,10.91667492069304,10.508312698267401,-0.643,-0.745,time,96
2022-12-31 10:15:00,2022-12-31 11:35:00,L,10.97,10.93411153408509,10.93411153408509,11.059721164787277,-1.0,-1.336,sl,16
2022-12-31 13:55:00,2022-12-31 14:25:00,L,10.97,11.048109728631683,10.938756108547327,11.048109728631683,2.5,2.114,tp,6
2022-12-31 14:30:00,2022-12-31 16:15:00,L,11.04,10.952582863024261,10.952582863024261,11.258542842439343,-1.0,-1.139,sl,21
2022-12-31 21:40:00,2023-01-01 00:35:00,S,10.945,10.830235712928754,10.990905714828498,10.830235712928754,2.5,2.238,tp,35
2023-01-01 00:40:00,2023-01-01 08:40:00,S,10.835,10.67,10.906926563077079,10.655183592307306,2.294,2.128,time,96
2023-01-01 08:55:00,2023-01-01 09:55:00,S,10.665,10.711348615848562,10.711348615848562,10.54912846037859,-1.0,-1.253,sl,12
2023-01-01 15:25:00,2023-01-01 17:00:00,S,10.71,10.77131010596274,10.77131010596274,10.556724735093152,-1.0,-1.192,sl,19
2023-01-01 18:10:00,2023-01-02 01:05:00,L,10.86,10.763394762327366,10.763394762327366,11.101513094181584,-1.0,-1.124,sl,83
2023-01-02 01:10:00,2023-01-02 03:50:00,S,10.73,10.877640071385075,10.877640071385075,10.360899821537313,-1.0,-1.08,sl,32
2023-01-02 04:10:00,2023-01-02 07:10:00,L,10.87,11.156149888591283,10.755540044563485,11.156149888591283,2.5,2.396,tp,36
2023-01-02 07:15:00,2023-01-02 15:15:00,L,11.115,11.17,10.850269216966073,11.77682695758482,0.208,0.162,time,96
2023-01-02 15:45:00,2023-01-02 22:45:00,L,11.2,11.112576592712902,11.112576592712902,11.418558518217743,-1.0,-1.141,sl,84
2023-01-03 04:40:00,2023-01-03 11:30:00,L,11.18,11.359580909171125,11.10816763633155,11.359580909171125,2.5,2.329,tp,82
2023-01-03 11:35:00,2023-01-03 11:40:00,L,11.345,11.28772256860864,11.28772256860864,11.488193578478402,-1.0,-1.218,sl,1
2023-01-03 12:25:00,2023-01-03 14:55:00,L,11.355,11.250995572917983,11.250995572917983,11.615011067705044,-1.0,-1.12,sl,30
2023-01-03 16:05:00,2023-01-03 19:20:00,L,11.445,11.255511255732886,11.255511255732886,11.918721860667787,-1.0,-1.066,sl,39
2023-01-04 00:05:00,2023-01-04 01:20:00,L,11.375,11.517517561478632,11.317992975408547,11.517517561478632,2.5,2.281,tp,15
2023-01-04 01:25:00,2023-01-04 03:05:00,L,11.46,11.770127443133319,11.335949022746673,11.770127443133319,2.5,2.398,tp,20
2023-01-04 03:10:00,2023-01-04 11:10:00,L,11.75,11.745,11.49434232103791,12.389144197405223,-0.02,-0.07,time,96
2023-01-04 13:50:00,2023-01-04 15:05:00,L,11.85,11.7627258168601,11.7627258168601,12.06818545784975,-1.0,-1.149,sl,15
2023-01-04 15:40:00,2023-01-04 23:40:00,L,11.935,12.07,11.744578510628221,12.411053723429449,0.709,0.64,time,96
2023-01-05 00:05:00,2023-01-05 00:45:00,L,12.105,11.992965599589828,11.992965599589828,12.385086001025432,-1.0,-1.119,sl,8
2023-01-05 04:15:00,2023-01-05 06:30:00,L,12.145,12.042326721645054,12.042326721645054,12.401683195887363,-1.0,-1.13,sl,27
2023-01-05 13:40:00,2023-01-05 21:40:00,S,11.78,11.8,11.898948618896828,11.482628452757929,-0.168,-0.277,time,96
2023-01-05 23:30:00,2023-01-06 00:45:00,S,11.735,11.80850997250994,11.80850997250994,11.551225068725149,-1.0,-1.176,sl,15
2023-01-06 04:15:00,2023-01-06 05:50:00,S,11.685,11.567995625322279,11.731801749871089,11.567995625322279,2.5,2.225,tp,19
2023-01-06 05:55:00,2023-01-06 13:00:00,S,11.57,11.37743522468341,11.647025910126636,11.37743522468341,2.5,2.335,tp,85
2023-01-06 13:05:00,2023-01-06 13:30:00,S,11.385,11.457320257506968,11.457320257506968,11.204199356232579,-1.0,-1.173,sl,5
2023-01-06 19:40:00,2023-01-07 03:40:00,L,11.71,11.795,11.602069506699213,11.979826233251972,0.788,0.668,time,96
2023-01-07 07:10:00,2023-01-07 11:00:00,L,11.835,11.723446529387713,11.723446529387713,12.113883676530719,-1.0,-1.117,sl,46
2023-01-07 11:05:00,2023-01-07 19:05:00,S,11.71,11.73,11.766286228753046,11.569284428117388,-0.355,-0.584,time,96
2023-01-07 19:50:00,2023-01-07 20:40:00,L,11.76,11.729041740681435,11.729041740681435,11.837395648296411,-1.0,-1.418,sl,10
2023-01-07 22:05:00,2023-01-08 00:00:00,S,11.715,11.751654204520904,11.751654204520904,11.62336448869774,-1.0,-1.352,sl,23
2023-01-08 00:35:00,2023-01-08 08:15:00,S,11.625,11.77298104235765,11.77298104235765,11.255047394105876,-1.0,-1.086,sl,92
2023-01-08 08:20:00,2023-01-08 16:20:00,L,11.8,11.86,11.698089516032946,12.054776209917637,0.589,0.461,time,96
2023-01-08 20:05:00,2023-01-08 23:05:00,L,11.895,12.099839094269928,11.813064362292028,12.099839094269928,2.5,2.34,tp,36
2023-01-08 23:10:00,2023-01-09 02:30:00,L,12.105,12.537618226528,11.931952709388801,12.537618226528,2.5,2.423,tp,40
2023-01-09 02:35:00,2023-01-09 10:35:00,L,12.535,12.52,12.257812603906276,13.22796849023431,-0.054,-0.104,time,96
2023-01-09 10:40:00,2023-01-09 11:50:00,L,12.52,12.43564775349805,12.43564775349805,12.730880616254876,-1.0,-1.163,sl,14
2023-01-09 15:50:00,2023-01-09 18:35:00,L,12.585,12.374754703378787,12.374754703378787,13.110613241553034,-1.0,-1.066,sl,33
2023-01-10 06:05:00,2023-01-10 07:20:00,L,12.39,12.307422665412211,12.307422665412211,12.596443336469473,-1.0,-1.165,sl,15
2023-01-10 09:00:00,2023-01-10 15:25:00,L,12.465,12.93675351826812,12.276298592692752,12.93675351826812,2.5,2.427,tp,77
2023-01-10 15:30:00,2023-01-10 23:30:00,L,12.875,12.73,12.355028321808131,14.174929195479672,-0.279,-0.306,time,96
2023-01-11 05:00:00,2023-01-11 06:10:00,S,12.405,12.51333651578862,12.51333651578862,12.13415871052845,-1.0,-1.126,sl,14
2023-01-11 12:20:00,2023-01-11 14:25:00,S,12.42,12.497768212957583,12.497768212957583,12.225579467606043,-1.0,-1.176,sl,25
2023-01-11 14:30:00,2023-01-11 18:40:00,L,12.54,13.321478403642882,12.227408638542846,13.321478403642882,2.5,2.456,tp,50
2023-01-11 18:45:00,2023-01-11 22:45:00,L,13.28,15.445915704823172,12.41363371807073,15.445915704823172,2.5,2.483,tp,48
2023-01-11 22:50:00,2023-01-12 06:50:00,L,15.635,15.465,14.492263698021796,18.491840754945507,-0.149,-0.164,time,96
2023-01-12 13:10:00,2023-01-12 13:25:00,L,15.41,15.132207356284633,15.132207356284633,16.104481609288417,-1.0,-1.061,sl,3
2023-01-12 13:40:00,2023-01-12 21:40:00,L,15.32,15.305,14.621887137288855,17.06528215677786,-0.021,-0.046,time,96
2023-01-13 03:55:00,2023-01-13 09:05:00,L,15.415,15.940595042439208,15.204761983024316,15.940595042439208,2.5,2.419,tp,62
2023-01-13 09:10:00,2023-01-13 12:50:00,L,16.015,15.438091689859537,15.438091689859537,17.457270775351162,-1.0,-1.031,sl,44
2023-01-13 15:15:00,2023-01-13 16:10:00,L,15.73,15.381428848019393,15.381428848019393,16.60142787995152,-1.0,-1.05,sl,11
2023-01-13 20:05:00,2023-01-13 22:30:00,L,15.705,16.25917737025287,15.483329051898851,16.25917737025287,2.5,2.422,tp,29
2023-01-13 22:35:00,2023-01-13 23:15:00,L,16.295,15.756311937742126,15.756311937742126,17.64172015564469,-1.0,-1.033,sl,8
2023-01-14 00:40:00,2023-01-14 08:40:00,L,16.695,18.24,15.853964476384991,18.79758880903752,1.837,1.815,time,96
2023-01-14 08:45:00,2023-01-14 09:15:00,L,18.24,17.287870972629495,17.287870972629495,20.620322568426257,-1.0,-1.021,sl,6
2023-01-14 12:45:00,2023-01-14 14:40:00,L,17.245,16.772762170013454,16.772762170013454,18.425594574966368,-1.0,-1.04,sl,23
2023-01-14 23:00:00,2023-01-15 00:30:00,L,16.875,16.66117195336763,16.66117195336763,17.409570116580923,-1.0,-1.087,sl,18
2023-01-15 04:35:00,2023-01-15 07:00:00,L,16.51,16.343816109534156,16.343816109534156,16.925459726164615,-1.0,-1.109,sl,29
2023-01-15 08:25:00,2023-01-15 11:50:00,S,16.16,16.40854109009092,16.40854109009092,15.538647274772698,-1.0,-1.072,sl,41
2023-01-15 11:55:00,2023-01-15 15:50:00,L,16.43,16.999020593459264,16.202391762616294,16.999020593459264,2.5,2.421,tp,47
2023-01-15 15:55:00,2023-01-15 18:00:00,L,16.915,16.640734554720026,16.640734554720026,17.60066361319993,-1.0,-1.068,sl,25
2023-01-16 02:00:00,2023-01-16 08:05:00,L,17.175,16.749117472470704,16.749117472470704,18.23970631882324,-1.0,-1.044,sl,73
2023-01-16 08:10:00,2023-01-16 16:10:00,S,16.12,16.6,17.01164747233003,13.89088131917493,-0.538,-0.558,time,96
2023-01-16 17:55:00,2023-01-17 00:20:00,L,16.685,17.28968351849984,16.443126592600063,17.28968351849984,2.5,2.424,tp,77
2023-01-17 00:25:00,2023-01-17 08:25:00,L,17.285,16.91,16.519631504898307,19.198421237754232,-0.49,-0.515,time,96
2023-01-17 14:20:00,2023-01-17 14:50:00,L,16.975,17.665795994773145,16.698681602090744,17.665795994773145,2.5,2.432,tp,6
2023-01-17 14:55:00,2023-01-17 22:55:00,L,17.56,17.13,16.7186488685703,19.663377828574248,-0.511,-0.534,time,96
2023-01-18 02:55:00,2023-01-18 08:15:00,L,17.205,16.976024619400594,16.976024619400594,17.77743845149851,-1.0,-1.083,sl,64
2023-01-18 08:20:00,2023-01-18 14:05:00,S,16.94,17.21193809649049,17.21193809649049,16.260154758773783,-1.0,-1.069,sl,69
2023-01-18 14:10:00,2023-01-18 15:45:00,L,17.24,16.7617529018209,16.7617529018209,18.43561774544775,-1.0,-1.04,sl,19
2023-01-18 15:50:00,2023-01-18 23:50:00,S,16.67,15.805,17.306668944163953,15.078327639590125,1.359,1.33,time,96
2023-01-19 12:45:00,2023-01-19 14:30:00,S,15.85,15.99507371156437,15.99507371156437,15.487315721089075,-1.0,-1.12,sl,21
2023-01-20 05:00:00,2023-01-20 13:00:00,S,16.025,16.16,16.24527232426031,15.474319189349222,-0.613,-0.693,time,96
2023-01-20 16:35:00,2023-01-20 19:40:00,L,16.28,16.63006055020417,16.139975779918334,16.63006055020417,2.5,2.372,tp,37
2023-01-20 19:45:00,2023-01-20 20:00:00,L,16.58,16.870770106571854,16.463691957371257,16.870770106571854,2.5,2.343,tp,3
2023-01-20 20:05:00,2023-01-21 04:05:00,L,16.83,17.37,16.461523298656406,17.75119175335898,1.465,1.415,time,96
2023-01-21 07:30:00,2023-01-21 09:00:00,L,17.435,17.265795716541273,17.265795716541273,17.858010708646813,-1.0,-1.113,sl,18
2023-01-21 09:45:00,2023-01-21 10:25:00,L,17.505,17.24889555102178,17.24889555102178,18.14526112244555,-1.0,-1.075,sl,8
2023-01-21 15:35:00,2023-01-21 15:55:00,L,17.4,17.16892615161554,17.16892615161554,17.977684620961142,-1.0,-1.083,sl,4
2023-01-21 23:05:00,2023-01-22 07:05:00,S,17.18,17.18,17.422535342189306,16.573661644526734,-0.0,-0.078,time,96
2023-01-22 07:15:00,2023-01-22 11:40:00,L,17.2,17.51014357404351,17.075942570382594,17.51014357404351,2.5,2.347,tp,53
2023-01-22 11:45:00,2023-01-22 15:10:00,L,17.49,18.33874320828634,17.150502716685462,18.33874320828634,2.5,2.443,tp,41
2023-01-22 15:15:00,2023-01-22 20:05:00,L,18.315,17.661026899286217,17.661026899286217,19.949932751784463,-1.0,-1.031,sl,58
2023-01-22 20:10:00,2023-01-23 04:10:00,S,17.615,18.0,18.101894022930647,16.397764942673376,-0.791,-0.831,time,96
2023-01-23 04:20:00,2023-01-23 07:20:00,L,18.065,17.68967252307628,17.68967252307628,19.003318692309307,-1.0,-1.053,sl,36
2023-01-23 10:25:00,2023-01-23 13:20:00,L,17.935,17.668476360557566,17.668476360557566,18.60130909860608,-1.0,-1.074,sl,35
2023-01-23 14:15:00,2023-01-23 14:50:00,S,17.43,17.80138336864268,17.80138336864268,16.5015415783933,-1.0,-1.052,sl,7
2023-01-23 15:00:00,2023-01-23 18:35:00,S,17.425,17.826319575188787,17.826319575188787,16.421701062028035,-1.0,-1.048,sl,43
2023-01-23 18:40:00,2023-01-24 02:05:00,L,17.875,18.80423759926764,17.503304960292944,18.80423759926764,2.5,2.447,tp,89
2023-01-24 02:10:00,2023-01-24 10:10:00,L,18.975,18.295,18.006801888743635,21.39549527814092,-0.702,-0.724,time,96
2023-01-24 17:10:00,2023-01-24 22:25:00,S,17.96,17.172997087814572,18.274801164874173,17.172997087814572,2.5,2.437,tp,63
2023-01-24 22:30:00,2023-01-25 06:30:00,S,16.76,17.155,17.95023665795123,13.784408355121931,-0.332,-0.347,time,96
2023-01-25 10:20:00,2023-01-25 12:10:00,S,17.235,17.52715823739229,17.52715823739229,16.504604406519277,-1.0,-1.065,sl,22
2023-01-25 12:15:00,2023-01-25 14:35:00,L,17.545,17.20696800529666,17.20696800529666,18.39007998675836,-1.0,-1.057,sl,28
2023-01-25 14:40:00,2023-01-25 20:00:00,S,17.315,17.63986429467639,17.63986429467639,16.50283926330903,-1.0,-1.059,sl,64
2023-01-25 20:05:00,2023-01-26 04:05:00,L,17.67,17.95,17.39327292341693,18.36181769145768,1.012,0.942,time,96
2023-01-26 04:25:00,2023-01-26 10:10:00,L,18.07,17.89379173022419,17.89379173022419,18.510520674439526,-1.0,-1.113,sl,69
2023-01-26 12:55:00,2023-01-26 13:30:00,L,18.055,17.89040034172688,17.89040034172688,18.466499145682796,-1.0,-1.121,sl,7
2023-01-26 13:40:00,2023-01-26 21:40:00,L,18.105,18.085,17.776543722804238,18.926140692989406,-0.061,-0.122,time,96
2023-01-27 00:25:00,2023-01-27 08:25:00,S,17.925,18.15,18.255642211613257,17.09839447096686,-0.68,-0.74,time,96
2023-01-27 13:25:00,2023-01-27 13:30:00,S,17.87,18.00568458710293,18.00568458710293,17.530788532242678,-1.0,-1.145,sl,1
2023-01-27 14:55:00,2023-01-27 17:15:00,L,18.06,18.753965858144284,17.782413656742285,18.753965858144284,2.5,2.428,tp,28
2023-01-27 17:20:00,2023-01-27 22:55:00,L,18.76,20.384766497877543,18.110093400848985,20.384766497877543,2.5,2.468,tp,67
2023-01-27 23:00:00,2023-01-28 07:00:00,L,20.325,20.685,19.50224255357597,22.38189361606007,0.438,0.41,time,96
2023-01-28 12:20:00,2023-01-28 13:05:00,L,20.585,20.26959322254389,20.26959322254389,21.37351694364028,-1.0,-1.072,sl,9
2023-01-28 16:30:00,2023-01-29 00:05:00,L,20.755,20.368119825574396,20.368119825574396,21.722200436064007,-1.0,-1.059,sl,91
2023-01-29 00:55:00,2023-01-29 04:00:00,L,20.695,20.234802268145902,20.234802268145902,21.845494329635244,-1.0,-1.049,sl,37
2023-01-29 05:30:00,2023-01-29 07:20:00,L,20.645,20.349787948376264,20.349787948376264,21.38303012905934,-1.0,-1.077,sl,22
2023-01-29 10:10:00,2023-01-29 18:10:00,L,20.62,20.785,20.368712234660872,21.248219413347822,0.657,0.566,time,96
2023-01-29 19:35:00,2023-01-29 20:00:00,L,21.05,20.773766050103646,20.773766050103646,21.74058487474089,-1.0,-1.084,sl,5
2023-01-29 23:20:00,2023-01-30 00:20:00,L,21.075,20.79677666736942,20.79677666736942,21.770558331576446,-1.0,-1.083,sl,12
2023-01-30 04:45:00,2023-01-30 05:10:00,L,20.705,20.61100122560653,20.61100122560653,20.93999693598367,-1.0,-1.242,sl,5
2023-01-30 08:25:00,2023-01-30 09:00:00,L,21.295,20.598756781129612,20.598756781129612,23.035608047175977,-1.0,-1.034,sl,7
2023-01-30 09:10:00,2023-01-30 17:10:00,S,20.215,20.985,21.3446471229488,17.390882192628,-0.682,-0.701,time,96
2023-01-30 19:10:00,2023-01-31 03:10:00,S,20.26,19.585,21.136872408162347,18.067818979594136,0.77,0.744,time,96
2023-01-31 11:00:00,2023-01-31 13:35:00,S,19.4,19.646454008088494,19.646454008088494,18.783864979778762,-1.0,-1.087,sl,31
2023-01-31 21:20:00,2023-01-31 22:50:00,S,19.79,20.070294553762885,20.070294553762885,19.089263615592785,-1.0,-1.078,sl,18
2023-02-01 00:30:00,2023-02-01 08:30:00,S,19.615,19.045,19.941140080848324,18.799649797879184,1.748,1.682,time,96
2023-02-01 08:35:00,2023-02-01 16:35:00,S,19.045,18.87,19.34006843094519,18.307328922637026,0.593,0.522,time,96
2023-02-01 19:05:00,2023-02-01 20:00:00,L,19.14,20.154016588408453,18.73439336463662,20.154016588408453,2.5,2.448,tp,11
2023-02-01 20:05:00,2023-02-02 04:05:00,L,20.185,22.235,18.813678469521264,23.613303826196834,1.495,1.479,time,96
2023-02-02 12:55:00,2023-02-02 13:10:00,L,22.02,22.536513471823056,21.813394611270777,22.536513471823056,2.5,2.383,tp,3
2023-02-02 13:15:00,2023-02-02 19:20:00,L,22.625,21.867269935654416,21.867269935654416,24.519325160863957,-1.0,-1.033,sl,73
2023-02-02 21:05:00,2023-02-02 21:30:00,L,22.23,21.837672677494325,21.837672677494325,23.210818306264187,-1.0,-1.062,sl,5
2023-02-03 06:15:00,2023-02-03 06:20:00,L,21.335,21.23596831851479,21.23596831851479,21.58257920371303,-1.0,-1.237,sl,1
2023-02-03 07:10:00,2023-02-03 11:50:00,S,21.115,21.355545694642124,21.355545694642124,20.51363576339468,-1.0,-1.097,sl,56
2023-02-03 11:55:00,2023-02-03 13:25:00,L,21.365,21.144815421963212,21.144815421963212,21.915461445091964,-1.0,-1.107,sl,18
2023-02-03 13:35:00,2023-02-03 14:45:00,S,21.11,21.461343869335646,21.461343869335646,20.23164032666088,-1.0,-1.066,sl,14
2023-02-03 14:50:00,2023-02-03 22:50:00,L,21.415,21.355,20.687573210128544,23.233566974678638,-0.082,-0.115,time,96
2023-02-03 22:55:00,2023-02-04 05:10:00,L,21.355,21.08485774924747,21.08485774924747,22.03035562688133,-1.0,-1.087,sl,75
2023-02-04 05:15:00,2023-02-04 07:05:00,S,21.085,21.214082159816105,21.214082159816105,20.76229460045974,-1.0,-1.18,sl,22
2023-02-04 07:10:00,2023-02-04 15:10:00,L,21.235,21.435,20.974708189130066,21.88572952717483,0.768,0.679,time,96
2023-02-04 23:35:00,2023-02-04 23:40:00,S,21.19,20.854781940338498,21.324087223864602,20.854781940338498,2.5,2.326,tp,1
2023-02-04 23:45:00,2023-02-05 07:45:00,S,20.985,20.955,21.329225514813857,20.124436212965357,0.087,0.02,time,96
2023-02-05 10:05:00,2023-02-05 12:50:00,S,20.945,20.63477223432144,21.069091106271426,20.63477223432144,2.5,2.314,tp,33
2023-02-05 12:55:00,2023-02-05 20:55:00,S,20.325,19.865,20.97105112084063,18.70987219789842,0.712,0.677,time,96
2023-02-05 21:10:00,2023-02-05 22:10:00,S,19.805,19.987427870725618,19.987427870725618,19.348930323185954,-1.0,-1.119,sl,12
2023-02-06 02:55:00,2023-02-06 10:55:00,S,19.955,19.99,20.164355000914213,19.43161249771446,-0.167,-0.272,time,96
2023-02-06 11:10:00,2023-02-06 12:00:00,S,19.885,20.08449406829797,20.08449406829797,19.386264829255076,-1.0,-1.11,sl,10
2023-02-06 21:15:00,2023-02-06 23:05:00,S,20.125,19.686965497932796,20.30021380082688,19.686965497932796,2.5,2.374,tp,22
2023-02-06 23:10:00,2023-02-07 04:35:00,S,19.58,20.069864421550747,20.069864421550747,18.355338946123126,-1.0,-1.044,sl,65
2023-02-07 07:05:00,2023-02-07 09:10:00,S,19.96,20.10336217545154,20.10336217545154,19.60159456137115,-1.0,-1.153,sl,25
2023-02-07 15:15:00,2023-02-07 17:45:00,S,20.045,20.181248578607835,20.181248578607835,19.704378553480417,-1.0,-1.162,sl,30
2023-02-07 17:50:00,2023-02-07 18:25:00,L,20.28,19.789363629653096,19.789363629653096,21.506590925867265,-1.0,-1.045,sl,7
2023-02-07 18:30:00,2023-02-07 20:50:00,S,19.805,20.507241663895392,20.507241663895392,18.049395840261518,-1.0,-1.031,sl,28
2023-02-07 20:55:00,2023-02-08 04:55:00,L,20.545,20.74,20.146557262965846,21.541106842585393,0.489,0.433,time,96
2023-02-08 11:55:00,2023-02-08 13:05:00,L,20.645,20.451053887846623,20.451053887846623,21.12986528038344,-1.0,-1.117,sl,14
2023-02-08 15:10:00,2023-02-08 23:10:00,S,20.28,19.97,20.616419894339128,19.438950264152183,0.921,0.855,time,96
2023-02-09 02:45:00,2023-02-09 03:05:00,S,19.92,19.178543598778028,20.216582560488792,19.178543598778028,2.5,2.426,tp,4
2023-02-09 03:10:00,2023-02-09 11:10:00,S,19.275,19.685,20.119571335152678,17.1635716621183,-0.485,-0.511,time,96
2023-02-09 16:05:00,2023-02-09 19:15:00,S,19.585,18.953203114549687,19.837718754180127,18.953203114549687,2.5,2.415,tp,38
2023-02-09 19:20:00,2023-02-09 21:30:00,S,19.07,18.194207537770033,19.420316984891986,18.194207537770033,2.5,2.44,tp,26
2023-02-09 21:35:00,2023-02-10 05:35:00,S,18.22,17.685,18.608184945597717,17.249537636005705,1.378,1.327,time,96
2023-02-10 05:40:00,2023-02-10 06:05:00,S,17.685,17.81717103014913,17.81717103014913,17.35457242462717,-1.0,-1.147,sl,5
2023-02-10 11:30:00,2023-02-10 19:30:00,S,17.995,18.14,18.186573948377173,17.51606512905707,-0.757,-0.86,time,96
2023-02-10 21:35:00,2023-02-11 05:35:00,S,17.815,17.825,18.11533268676592,17.064168283085202,-0.033,-0.099,time,96
2023-02-11 10:30:00,2023-02-11 12:05:00,S,17.685,17.82297789115462,17.82297789115462,17.34005527211345,-1.0,-1.141,sl,19
2023-02-11 16:50:00,2023-02-11 21:50:00,S,17.83,17.98394553172629,17.98394553172629,17.445136170684265,-1.0,-1.127,sl,60
2023-02-12 09:15:00,2023-02-12 16:15:00,L,18.03,18.288162803502033,17.926734878599188,18.288162803502033,2.5,2.308,tp,84
2023-02-12 16:20:00,2023-02-12 21:25:00,L,18.3,18.11503755361924,18.11503755361924,18.762406115951904,-1.0,-1.109,sl,61
2023-02-12 21:30:00,2023-02-12 22:05:00,S,18.17,17.58034587683437,18.405861649266253,17.58034587683437,2.5,2.415,tp,7
2023-02-12 22:10:00,2023-02-13 06:10:00,S,17.61,17.615,18.3268461884179,15.817884528955249,-0.007,-0.034,time,96
2023-02-13 08:30:00,2023-02-13 16:30:00,S,17.505,17.13,17.786808610794008,16.800478473014977,1.331,1.262,time,96
2023-02-13 16:35:00,2023-02-13 18:50:00,S,17.13,17.458246521627533,17.458246521627533,16.309383695931164,-1.0,-1.057,sl,27
2023-02-14 02:40:00,2023-02-14 07:35:00,S,17.43,17.549071419489863,17.549071419489863,17.13232145127534,-1.0,-1.161,sl,59
2023-02-14 09:55:00,2023-02-14 13:30:00,L,17.655,17.359730676190544,17.359730676190544,18.393173309523643,-1.0,-1.066,sl,43
2023-02-14 14:55:00,2023-02-14 22:55:00,L,17.915,18.075,17.260694707963335,19.55076323009166,0.245,0.214,time,96
2023-02-14 23:15:00,2023-02-15 00:20:00,L,18.14,18.02598154773566,18.02598154773566,18.42504613066085,-1.0,-1.175,sl,13
2023-02-15 10:00:00,2023-02-15 12:00:00,L,18.05,18.382400598809387,17.917039760476246,18.382400598809387,2.5,2.351,tp,24
2023-02-15 12:05:00,2023-02-15 19:30:00,L,18.415,19.16682939564548,18.114268241741808,19.16682939564548,2.5,2.433,tp,89
2023-02-15 19:35:00,2023-02-16 00:15:00,L,19.095,20.251988330774815,18.632204667690072,20.251988330774815,2.5,2.455,tp,56
2023-02-16 00:20:00,2023-02-16 08:20:00,L,20.34,19.92,19.698238686436447,21.944403283908883,-0.654,-0.689,time,96
2023-02-16 15:45:00,2023-02-16 21:30:00,L,19.895,19.421409355074523,19.421409355074523,21.07897661231369,-1.0,-1.046,sl,69
2023-02-16 22:15:00,2023-02-17 00:00:00,S,19.335,18.551791332306667,19.648283467077334,18.551791332306667,2.5,2.432,tp,21
2023-02-17 00:05:00,2023-02-17 00:30:00,S,18.635,18.87705637638533,18.87705637638533,18.02985905903668,-1.0,-1.085,sl,5
2023-02-17 05:25:00,2023-02-17 07:05:00,S,18.87,19.05430849408707,19.05430849408707,18.409228764782327,-1.0,-1.113,sl,20
2023-02-17 11:20:00,2023-02-17 13:50:00,L,19.14,18.986019466409978,18.986019466409978,19.524951333975057,-1.0,-1.137,sl,30
2023-02-17 13:55:00,2023-02-17 14:30:00,S,19.02,19.17988942586802,19.17988942586802,18.62027643532995,-1.0,-1.131,sl,7
2023-02-17 14:55:00,2023-02-17 17:15:00,S,18.94,19.345875502342658,19.345875502342658,17.92531124414336,-1.0,-1.051,sl,28
2023-02-17 19:35:00,2023-02-17 22:00:00,L,19.43,19.259310851221024,19.259310851221024,19.85672287194744,-1.0,-1.125,sl,29
2023-02-18 00:30:00,2023-02-18 08:30:00,L,19.645,19.61,19.444072476316997,20.147318809207505,-0.174,-0.282,time,96
2023-02-18 13:00:00,2023-02-18 19:35:00,L,19.675,19.501098548899808,19.501098548899808,20.109753627750482,-1.0,-1.124,sl,79
2023-02-18 20:10:00,2023-02-18 22:25:00,S,19.375,19.59111287282732,19.59111287282732,18.834717817931697,-1.0,-1.099,sl,27
2023-02-18 22:30:00,2023-02-19 06:30:00,L,19.6,19.65,19.42629263370914,20.03426841572716,0.288,0.164,time,96
2023-02-19 10:45:00,2023-02-19 15:15:00,L,19.805,20.29014354819516,19.610942580721936,20.29014354819516,2.5,2.388,tp,54
2023-02-19 15:20:00,2023-02-19 16:50:00,L,20.35,19.90132019260251,19.90132019260251,21.471699518493736,-1.0,-1.05,sl,18
2023-02-19 17:10:00,2023-02-20 01:10:00,S,19.74,19.095,20.44891018759229,17.96772453101927,0.91,0.879,time,96
2023-02-20 01:15:00,2023-02-20 04:50:00,S,19.095,19.923808604947133,19.923808604947133,17.022978487632162,-1.0,-1.025,sl,43
2023-02-20 04:55:00,2023-02-20 08:00:00,L,19.99,20.75225340410958,19.685098638356166,20.75225340410958,2.5,2.428,tp,37
2023-02-20 08:05:00,2023-02-20 08:15:00,L,20.665,20.505685790047323,20.505685790047323,21.06328552488169,-1.0,-1.143,sl,2
2023-02-20 12:00:00,2023-02-20 20:00:00,L,20.915,20.985,20.56487861034624,21.790303474134394,0.2,0.134,time,96
2023-02-21 06:50:00,2023-02-21 08:35:00,L,20.735,20.605608713549234,20.605608713549234,21.058478216126915,-1.0,-1.176,sl,21
2023-02-21 08:45:00,2023-02-21 16:45:00,S,20.45,20.43,20.981034430488823,19.12241392377794,0.038,-0.005,time,96
2023-02-21 17:20:00,2023-02-22 01:20:00,L,20.725,21.175,20.194756389291157,22.05060902677211,0.849,0.806,time,96
2023-02-22 08:55:00,2023-02-22 16:55:00,S,20.475,19.72,21.24438974682428,18.55152563293931,0.981,0.952,time,96
2023-02-23 02:45:00,2023-02-23 10:45:00,L,20.585,20.445,20.263518436518783,21.388703908703043,-0.435,-0.506,time,96
2023-02-23 11:15:00,2023-02-23 11:25:00,S,20.37,20.058627403865678,20.49454903845373,20.058627403865678,2.5,2.32,tp,2
2023-02-23 11:30:00,2023-02-23 19:30:00,S,20.015,19.84,20.494223774068992,18.816940564827522,0.365,0.319,time,96
2023-02-23 22:05:00,2023-02-24 01:15:00,S,19.58,19.80508498529821,19.80508498529821,19.017287536754473,-1.0,-1.096,sl,38
2023-02-24 05:15:00,2023-02-24 13:15:00,S,19.57,19.505,19.734742811899274,19.158142970251816,0.395,0.264,time,96
2023-02-24 14:00:00,2023-02-24 16:00:00,S,19.305,18.661672882230423,19.56233084710783,18.661672882230423,2.5,2.417,tp,24
2023-02-24 16:05:00,2023-02-25 00:05:00,S,18.2,18.34,19.362861520926934,15.292846197682662,-0.12,-0.138,time,96
2023-02-25 02:50:00,2023-02-25 07:10:00,S,18.155,18.395876586952845,18.395876586952845,17.55280853261789,-1.0,-1.083,sl,52
2023-02-25 10:50:00,2023-02-25 18:50:00,S,18.145,17.834541749670976,18.26918330013161,17.834541749670976,2.5,2.339,tp,96
2023-02-25 18:55:00,2023-02-26 02:55:00,S,17.825,18.03,18.142158050447794,17.032104873880513,-0.646,-0.708,time,96
2023-02-26 12:50:00,2023-02-26 14:15:00,S,18.055,18.207986203951425,18.207986203951425,17.672534490121436,-1.0,-1.13,sl,17
2023-02-26 17:10:00,2023-02-26 18:05:00,S,18.05,18.17802798158439,18.17802798158439,17.72993004603903,-1.0,-1.155,sl,11
2023-02-26 18:10:00,2023-02-27 02:10:00,L,18.185,18.345,18.021886331914782,18.59278417021304,0.981,0.858,time,96
2023-02-27 04:25:00,2023-02-27 12:25:00,S,18.23,18.05,18.383067550762533,17.847331123093667,1.176,1.045,time,96
2023-02-27 13:20:00,2023-02-27 14:55:00,L,18.18,18.54104484174885,18.03558206330046,18.54104484174885,2.5,2.362,tp,19
2023-02-27 15:00:00,2023-02-27 15:35:00,L,18.53,18.409411402278234,18.409411402278234,18.831471494304417,-1.0,-1.169,sl,7
2023-02-27 16:35:00,2023-02-28 00:35:00,S,18.035,17.86,18.594522749469114,16.636193126327214,0.313,0.277,time,96
2023-02-28 00:40:00,2023-02-28 05:55:00,S,17.86,17.610843571746578,17.95966257130137,17.610843571746578,2.5,2.303,tp,63
2023-02-28 06:00:00,2023-02-28 14:00:00,S,17.62,17.425,17.748963182803536,17.297592042991162,1.512,1.362,time,96
2023-02-28 14:05:00,2023-02-28 22:05:00,S,17.425,17.075,17.685386514984806,16.774033712537985,1.344,1.271,time,96
2023-03-01 08:40:00,2023-03-01 13:30:00,L,17.725,17.646586254689044,17.646586254689044,17.921034363277393,-1.0,-1.249,sl,58
2023-03-01 13:35:00,2023-03-01 14:45:00,S,17.62,17.798804811655994,17.798804811655994,17.172987970860017,-1.0,-1.108,sl,14
2023-03-01 14:55:00,2023-03-01 15:05:00,L,17.75,17.604681523678575,17.604681523678575,18.11329619080356,-1.0,-1.134,sl,2
2023-03-01 16:20:00,2023-03-02 00:00:00,S,17.535,17.796674283974824,17.796674283974824,16.880814290062943,-1.0,-1.074,sl,92
2023-03-02 00:05:00,2023-03-02 01:15:00,L,17.785,17.63128394217228,17.63128394217228,18.169290144569295,-1.0,-1.127,sl,14
2023-03-02 01:40:00,2023-03-02 09:40:00,S,17.505,17.385,17.799628829840938,16.768427925397653,0.407,0.342,time,96
2023-03-02 12:45:00,2023-03-02 19:00:00,S,17.19,17.354116295897583,17.354116295897583,16.77970926025605,-1.0,-1.115,sl,75
2023-03-03 01:20:00,2023-03-03 01:30:00,S,17.19,16.53656981944569,17.451372072221726,16.53656981944569,2.5,2.428,tp,2
2023-03-03 01:35:00,2023-03-03 09:35:00,S,16.165,16.41,17.46898650153219,12.905033746169524,-0.188,-0.202,time,96
2023-03-03 18:45:00,2023-03-03 22:55:00,S,16.49,16.583214007064846,16.583214007064846,16.256964982337877,-1.0,-1.195,sl,50
2023-03-04 04:50:00,2023-03-04 07:05:00,S,16.68,16.802803330549494,16.802803330549494,16.372991673626263,-1.0,-1.149,sl,27
2023-03-04 12:40:00,2023-03-04 15:40:00,S,16.7,16.53190418649217,16.76723832540313,16.53190418649217,2.5,2.227,tp,36
2023-03-04 15:45:00,2023-03-04 20:40:00,S,16.535,16.064065238435262,16.723373904625895,16.064065238435262,2.5,2.403,tp,59
2023-03-04 20:45:00,2023-03-05 01:15:00,S,16.045,16.366393954681545,16.366393954681545,15.241515113296144,-1.0,-1.055,sl,54
2023-03-05 08:50:00,2023-03-05 15:35:00,S,16.245,16.36753546394783,16.36753546394783,15.938661340130425,-1.0,-1.146,sl,81
2023-03-05 21:45:00,2023-03-06 05:45:00,S,16.24,15.96,16.464661113802457,15.678347215493853,1.246,1.167,time,96
2023-03-06 13:05:00,2023-03-06 21:05:00,L,16.375,16.305,16.054101241775523,17.17724689556119,-0.218,-0.274,time,96
2023-03-06 22:25:00,2023-03-07 06:25:00,L,16.53,16.49,16.31654120710108,17.063646982247306,-0.187,-0.273,time,96
2023-03-07 09:15:00,2023-03-07 10:50:00,S,16.405,16.236251857914812,16.472499256834077,16.236251857914812,2.5,2.233,tp,19
2023-03-07 10:55:00,2023-03-07 18:55:00,S,16.215,16.155,16.4189944911456,15.705013772135999,0.294,0.207,time,96
2023-03-07 20:10:00,2023-03-07 23:55:00,S,15.955,16.17495954677413,16.17495954677413,15.405101133064676,-1.0,-1.08,sl,45
2023-03-08 05:30:00,2023-03-08 13:30:00,S,16.0,15.875,16.17820232991651,15.554494175208728,0.701,0.603,time,96
2023-03-08 13:50:00,2023-03-08 15:35:00,S,15.78,15.956797475374964,15.956797475374964,15.338006311562587,-1.0,-1.098,sl,21
2023-03-08 18:30:00,2023-03-09 02:30:00,S,15.425,15.29,15.780498065437593,14.53625483640602,0.38,0.332,time,96
2023-03-09 16:40:00,2023-03-09 19:05:00,S,15.385,14.949047066977293,15.559381173209083,14.949047066977293,2.5,2.403,tp,29
2023-03-09 19:10:00,2023-03-10 01:15:00,S,15.04,14.167974573748467,15.388810170500612,14.167974573748467,2.5,2.453,tp,73
2023-03-10 01:20:00,2023-03-10 01:35:00,S,14.15,14.424015995799174,14.424015995799174,13.464960010502068,-1.0,-1.057,sl,3
2023-03-10 06:55:00,2023-03-10 12:45:00,S,14.32,14.535325548870212,14.535325548870212,13.781686127824472,-1.0,-1.073,sl,70
2023-03-11 01:45:00,2023-03-11 03:55:00,L,15.09,14.722230615732364,14.722230615732364,16.00942346066909,-1.0,-1.045,sl,26
2023-03-11 04:00:00,2023-03-11 07:40:00,S,14.695,14.194299805246038,14.895280077901585,14.194299805246038,2.5,2.419,tp,44
2023-03-11 07:45:00,2023-03-11 15:45:00,S,14.095,13.99,14.646116555337164,12.717208611657092,0.191,0.162,time,96
2023-03-11 15:55:00,2023-03-11 16:45:00,S,13.99,14.110175668828143,14.110175668828143,13.689560827929643,-1.0,-1.128,sl,10
2023-03-12 02:30:00,2023-03-12 03:10:00,S,14.3,14.468421075436313,14.468421075436313,13.87894731140922,-1.0,-1.093,sl,8
2023-03-12 07:05:00,2023-03-12 09:00:00,S,14.245,14.392809217721032,14.392809217721032,13.875476955697417,-1.0,-1.106,sl,23
2023-03-12 15:00:00,2023-03-12 17:25:00,S,14.32,14.439274830895785,14.439274830895785,14.021812922760539,-1.0,-1.132,sl,29
2023-03-12 17:30:00,2023-03-12 21:35:00,L,14.56,15.278270928246599,14.272691628701361,15.278270928246599,2.5,2.444,tp,49
2023-03-12 21:40:00,2023-03-12 22:15:00,L,15.29,16.121868292626075,14.95725268294957,16.121868292626075,2.5,2.449,tp,7
2023-03-12 22:20:00,2023-03-13 06:20:00,L,15.855,16.025,15.12040743970166,17.69148140074585,0.231,0.208,time,96
2023-03-13 13:20:00,2023-03-13 21:20:00,L,15.92,16.395,15.540859384784595,16.867851538038515,1.253,1.207,time,96
2023-03-13 22:15:00,2023-03-13 23:15:00,L,16.56,16.365771300866623,16.365771300866623,17.04557174783344,-1.0,-1.094,sl,12
2023-03-14 05:15:00,2023-03-14 05:25:00,L,16.615,16.344545475867008,16.344545475867008,17.291136310332476,-1.0,-1.068,sl,2
2023-03-14 12:35:00,2023-03-14 14:25:00,L,16.62,17.60202323714883,16.22719070514047,17.60202323714883,2.5,2.453,tp,22
2023-03-14 14:30:00,2023-03-14 19:15:00,L,17.59,17.081170892223913,17.081170892223913,18.862072769440218,-1.0,-1.038,sl,57
2023-03-15 01:20:00,2023-03-15 09:20:00,L,17.29,17.155,16.943004941504817,18.157487646237954,-0.389,-0.444,time,96
2023-03-15 14:35:00,2023-03-15 22:35:00,S,16.51,15.5,17.01678810443021,15.243029738924484,1.993,1.957,time,96
2023-03-16 01:00:00,2023-03-16 03:00:00,S,15.39,15.6992744053817,15.6992744053817,14.61681398654575,-1.0,-1.055,sl,24
2023-03-16 04:50:00,2023-03-16 05:30:00,S,15.39,15.586546770955689,15.586546770955689,14.89863307261078,-1.0,-1.086,sl,8
2023-03-16 09:20:00,2023-03-16 09:40:00,S,15.535,15.736109655113918,15.736109655113918,15.032225862215206,-1.0,-1.085,sl,4
2023-03-16 12:50:00,2023-03-16 19:15:00,S,15.485,15.879120008983449,15.879120008983449,14.499699977541376,-1.0,-1.043,sl,77
2023-03-16 20:55:00,2023-03-17 01:40:00,S,15.625,16.007492737527322,16.007492737527322,14.668768156181695,-1.0,-1.045,sl,57
2023-03-17 01:45:00,2023-03-17 09:45:00,L,16.01,16.365,15.613014206030336,17.002464484924168,0.894,0.85,time,96
2023-03-17 10:00:00,2023-03-17 10:35:00,L,16.435,16.760004064597084,16.304998374161165,16.760004064597084,2.5,2.361,tp,7
2023-03-17 10:40:00,2023-03-17 14:40:00,L,16.81,16.336675154879586,16.336675154879586,17.99331211280103,-1.0,-1.039,sl,48
2023-03-17 19:10:00,2023-03-17 22:35:00,L,16.64,17.226997463136755,16.4052010147453,17.226997463136755,2.5,2.422,tp,41
2023-03-17 22:40:00,2023-03-18 06:40:00,L,17.225,17.69,16.66289462198461,18.63026344503848,0.827,0.794,time,96
2023-03-18 23:05:00,2023-03-19 02:20:00,S,17.065,17.312350446186777,17.312350446186777,16.44662388453306,-1.0,-1.076,sl,39
2023-03-19 02:25:00,2023-03-19 06:50:00,L,17.325,17.14980329185864,17.14980329185864,17.762991770353402,-1.0,-1.109,sl,53
2023-03-19 08:25:00,2023-03-19 14:35:00,L,17.315,17.792682831534773,17.123926867386093,17.792682831534773,2.5,2.4,tp,74
2023-03-19 14:40:00,2023-03-19 20:35:00,L,17.73,17.483000880104328,17.483000880104328,18.34749779973918,-1.0,-1.079,sl,71
2023-03-20 03:25:00,2023-03-20 11:25:00,S,17.365,17.505,17.758384215511622,16.38153946122094,-0.356,-0.404,time,96
2023-03-20 17:05:00,2023-03-21 01:05:00,S,17.08,16.695,17.396648357551577,16.288379106121052,1.216,1.157,time,96
2023-03-21 02:25:00,2023-03-21 09:40:00,S,16.57,16.79191489250342,16.79191489250342,16.01521276874145,-1.0,-1.082,sl,87
2023-03-21 12:40:00,2023-03-21 13:30:00,L,17.03,17.431373126395798,16.869450749441683,17.431373126395798,2.5,2.383,tp,10
2023-03-21 13:35:00,2023-03-21 21:35:00,L,17.45,17.42,16.921144092478954,18.77213976880261,-0.057,-0.093,time,96
2023-03-22 06:00:00,2023-03-22 07:30:00,L,17.565,17.344668127519977,17.344668127519977,18.11582968120006,-1.0,-1.088,sl,18
2023-03-22 11:30:00,2023-03-22 12:05:00,L,17.49,17.38534016741275,17.38534016741275,17.751649581468122,-1.0,-1.184,sl,7
2023-03-22 14:10:00,2023-03-22 17:15:00,L,17.49,17.308386585071695,17.308386585071695,17.944033537320756,-1.0,-1.106,sl,37
2023-03-22 19:05:00,2023-03-23 03:05:00,S,16.945,16.78,17.755439424586562,14.918901438533595,0.204,0.181,time,96
2023-03-23 07:05:00,2023-03-23 12:00:00,L,17.09,17.460962449100343,16.941615020359862,17.460962449100343,2.5,2.373,tp,59
2023-03-23 12:05:00,2023-03-23 13:45:00,L,17.47,17.21930378317798,17.21930378317798,18.096740542055045,-1.0,-1.077,sl,20
2023-03-23 15:00:00,2023-03-23 23:00:00,L,17.61,17.515,17.174735903287417,18.69816024178146,-0.218,-0.263,time,96
2023-03-24 00:10:00,2023-03-24 01:05:00,L,17.545,17.484381267615653,17.484381267615653,17.696546830960873,-1.0,-1.318,sl,11
2023-03-24 08:10:00,2023-03-24 16:10:00,S,17.26,17.165,17.45005060016392,16.784873499590205,0.5,0.4,time,96
2023-03-24 17:45:00,2023-03-25 01:45:00,S,16.825,16.99,17.143796478072627,16.02800880481843,-0.518,-0.576,time,96
2023-03-25 05:55:00,2023-03-25 13:55:00,S,16.945,16.835,17.113664155741446,16.523339610646385,0.652,0.542,time,96
2023-03-25 15:15:00,2023-03-25 15:55:00,S,16.665,16.84333493830652,16.84333493830652,16.2191626542337,-1.0,-1.103,sl,8
2023-03-25 18:10:00,2023-03-25 22:15:00,S,16.64,16.793731913079238,16.793731913079238,16.255670217301905,-1.0,-1.119,sl,49
2023-03-26 00:05:00,2023-03-26 08:05:00,L,16.915,17.01,16.665659804072458,17.538350489818853,0.381,0.306,time,96
2023-03-26 12:35:00,2023-03-26 20:35:00,L,17.18,17.025,16.9551787324339,17.74205316891525,-0.689,-0.773,time,96
2023-03-26 22:15:00,2023-03-27 01:05:00,L,17.125,16.991604976984835,16.991604976984835,17.458487557537914,-1.0,-1.141,sl,34
2023-03-27 01:20:00,2023-03-27 09:20:00,S,16.915,16.79,17.14512483317368,16.339687917065802,0.543,0.462,time,96
2023-03-27 13:00:00,2023-03-27 15:00:00,S,16.78,16.30640932288576,16.969436270845698,16.30640932288576,2.5,2.403,tp,24
2023-03-27 15:05:00,2023-03-27 23:05:00,S,16.235,16.47,16.786551400552355,14.85612149861911,-0.426,-0.458,time,96
2023-03-28 00:50:00,2023-03-28 01:35:00,S,16.4,16.52974432959041,16.52974432959041,16.07563917602397,-1.0,-1.139,sl,9
2023-03-28 09:55:00,2023-03-28 11:50:00,S,16.475,16.638828687263903,16.638828687263903,16.065428281840248,-1.0,-1.111,sl,23
2023-03-28 17:20:00,2023-03-28 18:40:00,S,16.42,16.54430326400421,16.54430326400421,16.10924183998948,-1.0,-1.145,sl,16
2023-03-28 18:50:00,2023-03-29 02:50:00,L,16.765,16.79,16.398391731180787,17.681520672048034,0.068,0.018,time,96
2023-03-29 04:35:00,2023-03-29 08:10:00,L,16.915,17.34856632224926,16.741573471100295,17.34856632224926,2.5,2.393,tp,43
2023-03-29 08:15:00,2023-03-29 14:45:00,L,17.34,17.104279860589934,17.104279860589934,17.929300348525167,-1.0,-1.081,sl,78
2023-03-29 18:30:00,2023-03-29 22:00:00,L,17.25,17.18144270430844,17.18144270430844,17.421393239228898,-1.0,-1.277,sl,42
2023-03-30 02:25:00,2023-03-30 03:05:00,L,17.385,17.128891636426307,17.128891636426307,18.02527090893424,-1.0,-1.075,sl,8
2023-03-30 07:40:00,2023-03-30 09:05:00,L,17.29,17.151057503055586,17.151057503055586,17.63735624236103,-1.0,-1.137,sl,17
2023-03-30 11:10:00,2023-03-30 13:55:00,L,17.28,17.550757243191594,17.171697102723364,17.550757243191594,2.5,2.324,tp,33
2023-03-30 14:00:00,2023-03-30 15:30:00,L,17.495,17.30775918264577,17.30775918264577,17.963102043385575,-1.0,-1.103,sl,18
2023-03-30 22:50:00,2023-03-31 00:00:00,S,17.145,17.298615188058292,17.298615188058292,16.76096202985427,-1.0,-1.123,sl,14
2023-03-31 01:05:00,2023-03-31 02:20:00,L,17.345,17.159800595479535,17.159800595479535,17.807998511301157,-1.0,-1.103,sl,15
2023-03-31 03:35:00,2023-03-31 07:20:00,L,17.39,17.191898017572793,17.191898017572793,17.885254956068017,-1.0,-1.097,sl,45
2023-03-31 11:30:00,2023-03-31 12:30:00,S,17.155,17.26373343211893,17.26373343211893,16.883166419702683,-1.0,-1.174,sl,12
2023-03-31 12:35:00,2023-03-31 20:35:00,L,17.275,17.635,17.064739610503416,17.800650973741455,1.712,1.622,time,96
2023-03-31 22:05:00,2023-04-01 06:05:00,L,17.72,17.705,17.60165638849001,18.01585902877497,-0.127,-0.291,time,96
2023-04-01 15:35:00,2023-04-01 23:35:00,L,17.685,17.76,17.521606531709725,18.093483670725682,0.459,0.34,time,96
2023-04-02 09:40:00,2023-04-02 12:45:00,L,17.75,17.61770916674536,17.61770916674536,18.0807270831366,-1.0,-1.148,sl,37
2023-04-02 13:05:00,2023-04-02 16:35:00,S,17.575,17.19171019469021,17.728315922123915,17.19171019469021,2.5,2.374,tp,42
2023-04-02 16:40:00,2023-04-02 17:35:00,S,17.24,17.390972743331925,17.390972743331925,16.86256814167018,-1.0,-1.126,sl,11
2023-04-02 19:45:00,2023-04-03 03:45:00,S,17.12,16.935,17.345082867161967,16.557292832095087,0.822,0.738,time,96
2023-04-03 12:25:00,2023-04-03 13:25:00,S,17.215,17.26774165162652,17.26774165162652,17.083145870933702,-1.0,-1.359,sl,12
2023-04-03 14:50:00,2023-04-03 18:45:00,S,17.12,17.37535067467398,17.37535067467398,16.481623313315048,-1.0,-1.074,sl,47
2023-04-03 18:50:00,2023-04-03 20:10:00,L,17.39,17.087540932294605,17.087540932294605,18.14614766926349,-1.0,-1.063,sl,16
2023-04-03 20:15:00,2023-04-04 04:15:00,S,16.935,17.05,17.395422157679807,15.783944605800478,-0.25,-0.29,time,96
2023-04-04 09:05:00,2023-04-04 17:05:00,L,17.21,17.425,17.092546229951118,17.503634425122208,1.831,1.669,time,96
2023-04-04 20:20:00,2023-04-05 00:20:00,L,17.535,17.742174460419513,17.452130215832195,17.742174460419513,2.5,2.267,tp,48
2023-04-05 00:25:00,2023-04-05 08:20:00,L,17.75,18.274408654710538,17.540236538115785,18.274408654710538,2.5,2.407,tp,95
2023-04-05 19:25:00,2023-04-06 01:30:00,L,17.9,17.65946700459154,17.65946700459154,18.501332488521143,-1.0,-1.082,sl,73
2023-04-06 08:40:00,2023-04-06 16:40:00,L,17.91,18.235,17.68517285343852,18.4720678664037,1.446,1.358,time,96
2023-04-07 01:20:00,2023-04-07 02:30:00,L,18.08,17.930796910494006,17.930796910494006,18.453007723764976,-1.0,-1.133,sl,14
2023-04-07 06:45:00,2023-04-07 12:25:00,S,17.83,17.458409879209412,17.978636048316233,17.458409879209412,2.5,2.368,tp,68
2023-04-07 12:30:00,2023-04-07 14:25:00,S,17.54,17.67025175438096,17.67025175438096,17.214370614047596,-1.0,-1.148,sl,23
2023-04-07 21:00:00,2023-04-07 22:40:00,S,17.545,17.616993552595517,17.616993552595517,17.365016118511214,-1.0,-1.268,sl,20
2023-04-08 00:20:00,2023-04-08 05:50:00,S,17.535,17.652142660863625,17.652142660863625,17.242143347840937,-1.0,-1.165,sl,66
2023-04-08 18:05:00,2023-04-09 02:05:00,S,17.525,17.515,17.6473665604253,17.21908359893674,0.082,-0.076,time,96
2023-04-09 06:05:00,2023-04-09 14:05:00,S,17.305,17.35,17.55393392772749,16.682665180681276,-0.181,-0.257,time,96
2023-04-09 14:25:00,2023-04-09 16:40:00,S,17.27,17.38278470047465,17.38278470047465,16.988038248813368,-1.0,-1.168,sl,27
2023-04-09 21:45:00,2023-04-10 02:00:00,L,17.555,17.432009966972814,17.432009966972814,17.862475082567965,-1.0,-1.157,sl,51
2023-04-10 02:05:00,2023-04-10 09:35:00,S,17.465,17.613117657140545,17.613117657140545,17.094705857148636,-1.0,-1.13,sl,90
2023-04-10 09:40:00,2023-04-10 11:45:00,L,17.615,17.533013157326234,17.533013157326234,17.81996710668441,-1.0,-1.236,sl,25
2023-04-10 11:50:00,2023-04-10 12:30:00,S,17.545,17.377677842393318,17.611928863042674,17.377677842393318,2.5,2.212,tp,8
2023-04-10 12:35:00,2023-04-10 16:45:00,S,17.455,17.594777209320604,17.594777209320604,17.105556976698484,-1.0,-1.137,sl,50
2023-04-10 16:50:00,2023-04-10 22:00:00,L,17.565,17.92356723324346,17.421573106702617,17.92356723324346,2.5,2.365,tp,62
2023-04-10 22:05:00,2023-04-11 06:05:00,L,17.9,18.175,17.69132291212814,18.421692719679648,1.318,1.223,time,96
2023-04-11 07:05:00,2023-04-11 14:25:00,L,18.25,18.54568283208522,18.131726867165913,18.54568283208522,2.5,2.33,tp,88
2023-04-11 14:30:00,2023-04-11 14:45:00,L,18.53,18.319361807855387,18.319361807855387,19.056595480361537,-1.0,-1.097,sl,3
2023-04-12 00:30:00,2023-04-12 00:55:00,L,18.23,18.0964291058798,18.0964291058798,18.563927235300504,-1.0,-1.15,sl,5
2023-04-12 02:05:00,2023-04-12 10:05:00,S,18.005,18.015,18.174980216875923,17.58004945781019,-0.059,-0.175,time,96
2023-04-12 12:35:00,2023-04-12 17:25:00,L,18.295,17.91679089432342,17.91679089432342,19.240522764191457,-1.0,-1.053,sl,58
2023-04-12 19:30:00,2023-04-12 21:15:00,S,17.875,18.136458757758387,18.136458757758387,17.22135310560403,-1.0,-1.075,sl,21
2023-04-12 21:45:00,2023-04-13 03:10:00,L,18.15,18.43272103841715,18.03691158463314,18.43272103841715,2.5,2.323,tp,65
2023-04-13 03:15:00,2023-04-13 11:15:00,L,18.43,18.855,18.213870209166803,18.97032447708299,1.966,1.873,time,96
2023-04-13 13:00:00,2023-04-13 21:00:00,L,18.89,18.845,18.669267948130905,19.441830129672738,-0.204,-0.298,time,96
2023-04-14 01:05:00,2023-04-14 09:05:00,L,19.22,19.085,18.792722672334378,20.28819331916405,-0.316,-0.365,time,96
2023-04-14 15:05:00,2023-04-14 20:30:00,S,18.625,19.03964491350431,19.03964491350431,17.58838771623922,-1.0,-1.049,sl,65
2023-04-14 20:35:00,2023-04-15 04:35:00,L,19.005,19.15,18.830012389321553,19.442469026696116,0.829,0.709,time,96
2023-04-15 09:05:00,2023-04-15 11:35:00,L,19.205,19.449408541582464,19.107236583367012,19.449408541582464,2.5,2.284,tp,30
2023-04-15 11:40:00,2023-04-15 13:30:00,L,19.45,19.194860086041675,19.194860086041675,20.08784978489581,-1.0,-1.084,sl,22
2023-04-16 01:05:00,2023-04-16 01:10:00,S,19.04,18.845473451828873,19.11781061926845,18.845473451828873,2.5,2.231,tp,1
2023-04-16 01:15:00,2023-04-16 02:25:00,S,18.9,19.11991553180608,19.11991553180608,18.350211170484798,-1.0,-1.095,sl,14
2023-04-16 02:35:00,2023-04-16 10:35:00,L,19.155,19.23,18.94632544857673,19.67668637855818,0.359,0.258,time,96
2023-04-16 11:50:00,2023-04-16 16:50:00,S,19.07,19.28398997293169,19.28398997293169,18.53502506767078,-1.0,-1.098,sl,60
2023-04-16 16:55:00,2023-04-16 20:00:00,L,19.275,19.151749154769977,19.151749154769977,19.58312711307505,-1.0,-1.172,sl,37
2023-04-16 20:35:00,2023-04-17 02:45:00,L,19.565,20.68763449268813,19.11594620292475,20.68763449268813,2.5,2.452,tp,74
2023-04-17 02:50:00,2023-04-17 10:50:00,L,20.745,20.58,20.209850530558956,22.082873673602613,-0.308,-0.351,time,96
2023-04-17 12:25:00,2023-04-17 20:25:00,L,20.675,20.675,20.213319436677565,21.82920140830609,0.0,-0.049,time,96
2023-04-18 02:10:00,2023-04-18 10:10:00,L,20.755,21.44,20.27176365023666,21.963090874408344,1.418,1.37,time,96
2023-04-18 11:40:00,2023-04-18 12:40:00,L,21.53,21.399773510751526,21.399773510751526,21.855566223121187,-1.0,-1.182,sl,12
2023-04-18 21:00:00,2023-04-19 05:00:00,L,21.14,21.015,20.87097793680933,21.812555157976682,-0.465,-0.551,time,96
2023-04-19 06:20:00,2023-04-19 08:05:00,S,20.935,20.461143777956785,21.124542488817283,20.461143777956785,2.5,2.379,tp,21
2023-04-19 08:10:00,2023-04-19 08:20:00,S,20.51,19.676496170115616,20.843401531953756,19.676496170115616,2.5,2.432,tp,2
2023-04-19 08:25:00,2023-04-19 16:25:00,S,18.98,19.705,20.870407752800713,14.25398061799822,-0.384,-0.395,time,96
2023-04-19 17:20:00,2023-04-19 21:20:00,S,19.485,18.86859761075647,19.73156095569741,18.86859761075647,2.5,2.413,tp,48
2023-04-19 21:25:00,2023-04-20 05:25:00,S,19.12,19.065,19.466888880713412,18.25277779821647,0.159,0.098,time,96
2023-04-20 11:10:00,2023-04-20 12:35:00,S,18.905,19.140496176660765,19.140496176660765,18.316259558348094,-1.0,-1.088,sl,17
2023-04-20 15:45:00,2023-04-20 16:00:00,S,18.98,18.297134722272382,19.25314611109105,18.297134722272382,2.5,2.424,tp,3
2023-04-20 16:05:00,2023-04-21 00:05:00,S,18.43,18.405,19.212004070693755,16.47498982326561,0.032,0.006,time,96
2023-04-21 05:55:00,2023-04-21 06:05:00,S,18.25,18.064618201022327,18.32415271959107,18.064618201022327,2.5,2.229,tp,2
2023-04-21 06:10:00,2023-04-21 11:20:00,S,18.17,17.77941887041365,18.326232451834542,17.77941887041365,2.5,2.372,tp,62
2023-04-21 11:25:00,2023-04-21 18:35:00,S,17.89,17.348309146644358,18.106676341342258,17.348309146644358,2.5,2.409,tp,86
2023-04-21 18:40:00,2023-04-22 02:40:00,S,17.285,16.87,17.542510958572443,16.64122260356889,1.612,1.538,time,96
2023-04-22 07:25:00,2023-04-22 09:15:00,S,17.0,17.042687906332517,17.042687906332517,16.893280234168706,-1.0,-1.438,sl,22
2023-04-23 00:35:00,2023-04-23 08:35:00,S,16.905,17.18,17.260678659463395,16.015803351341518,-0.773,-0.825,time,96
2023-04-23 14:10:00,2023-04-23 15:15:00,S,17.07,16.760979101710078,17.19360835931597,16.760979101710078,2.5,2.348,tp,13
2023-04-23 15:20:00,2023-04-23 23:20:00,S,16.785,16.915,17.14280659090742,15.890483522731452,-0.363,-0.415,time,96
2023-04-24 00:45:00,2023-04-24 00:50:00,S,16.615,16.879610203946463,16.879610203946463,15.953474490133837,-1.0,-1.069,sl,1
2023-04-24 06:30:00,2023-04-24 07:20:00,S,16.775,16.530049056481253,16.872980377407497,16.530049056481253,2.5,2.312,tp,10
2023-04-24 07:25:00,2023-04-24 10:05:00,S,16.585,16.820932804006578,16.820932804006578,15.995167989983559,-1.0,-1.077,sl,32
2023-04-24 12:05:00,2023-04-24 16:45:00,L,16.985,16.860047951316307,16.860047951316307,17.29738012170923,-1.0,-1.15,sl,56
2023-04-24 16:50:00,2023-04-24 17:35:00,S,16.855,16.996106786637178,16.996106786637178,16.50223303340706,-1.0,-1.131,sl,9
2023-04-25 03:00:00,2023-04-25 04:15:00,S,16.8,16.894150691224947,16.894150691224947,16.564623271937634,-1.0,-1.196,sl,15
2023-04-25 06:15:00,2023-04-25 14:15:00,L,16.96,16.98,16.83137354851156,17.281566128721103,0.155,0.01,time,96
2023-04-25 15:40:00,2023-04-25 17:40:00,S,16.93,17.11153511072511,17.11153511072511,16.476162223187224,-1.0,-1.103,sl,24
2023-04-25 17:45:00,2023-04-25 21:15:00,L,17.135,17.7257000439996,16.898719982400163,17.7257000439996,2.5,2.42,tp,42
2023-04-25 21:20:00,2023-04-26 05:20:00,L,17.735,17.555,17.292025954729862,18.84243511317534,-0.406,-0.45,time,96
2023-04-26 08:30:00,2023-04-26 12:30:00,L,17.6,18.097777983184486,17.400888806726208,18.097777983184486,2.5,2.403,tp,48
2023-04-26 12:35:00,2023-04-26 19:15:00,L,18.15,17.792592421421908,17.792592421421908,19.043518946445225,-1.0,-1.056,sl,80
2023-04-26 19:20:00,2023-04-26 19:35:00,S,17.76,17.131593421312367,18.011362631475055,17.131593421312367,2.5,2.422,tp,3
2023-04-26 19:40:00,2023-04-27 03:40:00,S,17.04,17.405,18.01760035787771,14.595999105305719,-0.373,-0.393,time,96
2023-04-27 05:25:00,2023-04-27 06:10:00,L,17.565,17.451233720963266,17.451233720963266,17.849415697591837,-1.0,-1.17,sl,9
2023-04-27 06:55:00,2023-04-27 14:55:00,S,17.3,17.37,17.561341489152735,16.646646277118165,-0.268,-0.341,time,96
2023-04-27 15:25:00,2023-04-27 23:25:00,L,17.645,17.71,17.338721321142444,18.41069669714389,0.212,0.149,time,96
2023-04-28 04:30:00,2023-04-28 08:40:00,L,17.74,17.617571481598468,17.617571481598468,18.046071296003824,-1.0,-1.159,sl,50
2023-04-28 11:50:00,2023-04-28 13:40:00,S,17.53,17.222124890979565,17.653150043608175,17.222124890979565,2.5,2.343,tp,22
2023-04-28 13:45:00,2023-04-28 19:00:00,S,17.3,17.557830030533218,17.557830030533218,16.655424923666956,-1.0,-1.074,sl,63
2023-04-28 19:05:00,2023-04-29 03:05:00,L,17.6,17.605,17.39511230113901,18.112219247152474,0.024,-0.07,time,96
2023-04-29 06:30:00,2023-04-29 13:50:00,S,17.51,17.659341002264306,17.659341002264306,17.136647494339243,-1.0,-1.129,sl,88
2023-04-29 13:55:00,2023-04-29 17:30:00,L,17.67,17.50200052664473,17.50200052664473,18.089998683388185,-1.0,-1.116,sl,43
2023-04-29 17:35:00,2023-04-30 01:35:00,S,17.485,17.335,17.676609092808167,17.00597726797958,0.783,0.682,time,96
2023-04-30 02:00:00,2023-04-30 05:50:00,S,17.27,17.388667401293052,17.388667401293052,16.97333149676737,-1.0,-1.16,sl,46
2023-04-30 11:45:00,2023-04-30 14:40:00,S,17.355,17.44219949040866,17.44219949040866,17.13700127397835,-1.0,-1.219,sl,35
2023-04-30 14:45:00,2023-04-30 15:15:00,L,17.425,17.669397032221845,17.327241187111262,17.669397032221845,2.5,2.304,tp,6
2023-04-30 15:20:00,2023-04-30 19:20:00,L,17.68,17.32489469528114,17.32489469528114,18.567763261797147,-1.0,-1.055,sl,48
2023-04-30 19:25:00,2023-05-01 03:25:00,S,17.28,16.95,17.622374717469533,16.42406320632617,0.964,0.908,time,96
2023-05-01 05:45:00,2023-05-01 06:10:00,S,16.96,17.02894629453263,17.02894629453263,16.787634263668426,-1.0,-1.271,sl,5
2023-05-01 11:20:00,2023-05-01 14:00:00,S,17.0,16.80739465795077,17.077042136819692,16.80739465795077,2.5,2.257,tp,32
2023-05-01 14:05:00,2023-05-01 20:50:00,S,16.9,16.53700968768462,17.04519612492615,16.53700968768462,2.5,2.372,tp,81
2023-05-01 20:55:00,2023-05-02 04:55:00,S,16.54,16.535,16.704946973246976,16.127632566882557,0.03,-0.08,time,96
2023-05-02 13:40:00,2023-05-02 14:25:00,S,16.575,16.72484801144625,16.72484801144625,16.20037997138437,-1.0,-1.122,sl,9
2023-05-02 19:15:00,2023-05-02 23:35:00,L,16.925,16.810031773159153,16.810031773159153,17.21242056710212,-1.0,-1.162,sl,52
2023-05-03 00:15:00,2023-05-03 08:15:00,S,16.755,16.69,16.888094006894462,16.422264982763842,0.488,0.35,time,96
2023-05-03 08:25:00,2023-05-03 08:50:00,S,16.625,16.732813344023143,16.732813344023143,16.355466639942144,-1.0,-1.17,sl,5
2023-05-03 11:55:00,2023-05-03 17:40:00,S,16.63,16.76843231269953,16.76843231269953,16.28391921825117,-1.0,-1.132,sl,69
2023-05-03 18:05:00,2023-05-04 02:05:00,L,16.775,17.22,16.530913129771406,17.38521717557148,1.823,1.748,time,96
2023-05-04 10:35:00,2023-05-04 12:10:00,L,17.115,17.022560206952512,17.022560206952512,17.346099482618712,-1.0,-1.204,sl,19
2023-05-04 13:20:00,2023-05-04 15:10:00,S,16.895,17.063858730172427,17.063858730172427,16.472853174568932,-1.0,-1.11,sl,22
2023-05-04 19:20:00,2023-05-04 19:55:00,S,16.835,16.92852223801364,16.92852223801364,16.6011944049659,-1.0,-1.198,sl,7
2023-05-05 00:10:00,2023-05-05 02:00:00,L,16.95,17.16786859945486,16.862852560218055,17.16786859945486,2.5,2.286,tp,22
2023-05-05 02:05:00,2023-05-05 10:05:00,L,17.155,16.995,16.869348298086305,17.86912925478424,-0.56,-0.626,time,96
2023-05-05 12:35:00,2023-05-05 13:40:00,S,16.89,17.08337105032198,17.08337105032198,16.406572374195054,-1.0,-1.096,sl,13
2023-05-05 13:45:00,2023-05-05 21:45:00,L,17.07,17.375,16.88431448777729,17.53421378055678,1.643,1.541,time,96
2023-05-06 00:25:00,2023-05-06 01:05:00,L,17.42,17.301571644496903,17.301571644496903,17.71607088875775,-1.0,-1.162,sl,8
2023-05-06 07:05:00,2023-05-06 08:00:00,S,17.095,16.91141626447457,17.16843349421017,16.91141626447457,2.5,2.244,tp,11
2023-05-06 08:05:00,2023-05-06 16:05:00,S,16.86,16.495,17.145259241325412,16.146851896686467,1.28,1.215,time,96
2023-05-07 01:10:00,2023-05-07 01:20:00,S,16.505,16.634229865450923,16.634229865450923,16.18192533637269,-1.0,-1.14,sl,2
2023-05-07 02:20:00,2023-05-07 08:00:00,S,16.48,16.6894288858413,16.6894288858413,15.956427785396755,-1.0,-1.087,sl,68
2023-05-07 09:45:00,2023-05-07 13:15:00,S,16.555,16.62235331126151,16.62235331126151,16.386616721846224,-1.0,-1.27,sl,42
2023-05-07 16:35:00,2023-05-07 17:05:00,S,16.575,16.67917046895551,16.67917046895551,16.314573827611227,-1.0,-1.175,sl,6
2023-05-07 19:40:00,2023-05-07 21:15:00,S,16.525,16.633147477124904,16.633147477124904,16.254631307187736,-1.0,-1.168,sl,19
2023-05-07 23:55:00,2023-05-08 01:45:00,S,16.335,15.693644175885687,16.591542329645726,15.693644175885687,2.5,2.43,tp,22
2023-05-08 01:50:00,2023-05-08 09:50:00,S,15.845,15.825,16.499326674497958,14.209183313755108,0.031,0.004,time,96
2023-05-08 14:10:00,2023-05-08 18:00:00,S,15.725,15.165016803317044,15.948993278673182,15.165016803317044,2.5,2.423,tp,46
2023-05-08 18:05:00,2023-05-09 02:05:00,S,15.085,15.39,15.66551367017682,13.633715824557953,-0.525,-0.554,time,96
2023-05-09 06:55:00,2023-05-09 14:55:00,S,15.385,15.365,15.534419325479044,15.011451686302388,0.134,0.021,time,96
2023-05-09 15:55:00,2023-05-09 23:55:00,S,15.27,15.31,15.439623646015956,14.845940884960108,-0.236,-0.335,time,96
2023-05-10 03:25:00,2023-05-10 05:00:00,S,15.305,15.367070885201999,15.367070885201999,15.149822786995003,-1.0,-1.271,sl,19
2023-05-10 07:05:00,2023-05-10 12:30:00,S,15.26,15.34269462850936,15.34269462850936,15.053263428726599,-1.0,-1.203,sl,65
2023-05-10 12:35:00,2023-05-10 17:15:00,L,15.435,15.131276533377754,15.131276533377754,16.194308666555617,-1.0,-1.056,sl,56
2023-05-10 17:20:00,2023-05-10 20:15:00,S,15.0,15.63231038695013,15.63231038695013,13.419224032624676,-1.0,-1.026,sl,35
2023-05-10 20:20:00,2023-05-10 21:20:00,L,15.625,15.438770609375158,15.438770609375158,16.090573476562106,-1.0,-1.092,sl,12
2023-05-11 00:45:00,2023-05-11 08:45:00,S,15.42,15.21,15.56473550039571,15.058161249010727,1.451,1.334,time,96
2023-05-11 13:00:00,2023-05-11 21:00:00,S,15.255,14.97,15.475697147156094,14.70325713210977,1.291,1.215,time,96
2023-05-12 01:50:00,2023-05-12 09:05:00,S,14.825,14.988903164074795,14.988903164074795,14.41524208981301,-1.0,-1.099,sl,87
2023-05-12 14:10:00,2023-05-12 14:10:00,S,14.965,15.039615186863468,15.039615186863468,14.778462032841329,-1.0,-1.221,sl,0
2023-05-12 14:55:00,2023-05-12 21:05:00,S,14.835,15.05524911584486,15.05524911584486,14.284377210387852,-1.0,-1.074,sl,74
2023-05-12 21:15:00,2023-05-13 05:15:00,L,15.085,15.1,14.908777772759864,15.525555568100344,0.085,-0.009,time,96
2023-05-13 06:00:00,2023-05-13 08:05:00,S,15.05,15.132194287238956,15.132194287238956,14.844514281902612,-1.0,-1.201,sl,25
2023-05-13 08:10:00,2023-05-13 12:10:00,L,15.135,15.048393670002651,15.048393670002651,15.35151582499337,-1.0,-1.192,sl,48
2023-05-13 12:15:00,2023-05-13 12:35:00,S,15.05,15.101959608148741,15.101959608148741,14.920100979628149,-1.0,-1.319,sl,4
2023-05-13 13:45:00,2023-05-13 21:45:00,S,14.995,14.935,15.102771094568816,14.72557226357796,0.557,0.404,time,96
2023-05-14 00:10:00,2023-05-14 08:10:00,S,14.895,14.935,14.992123604517829,14.652190988705426,-0.412,-0.581,time,96
2023-05-14 13:00:00,2023-05-14 18:15:00,L,15.015,14.922671860043895,14.922671860043895,15.245820349890264,-1.0,-1.179,sl,63
2023-05-14 18:20:00,2023-05-14 22:55:00,S,14.935,15.02336117069036,15.02336117069036,14.714097073274104,-1.0,-1.186,sl,55
2023-05-14 23:00:00,2023-05-15 00:15:00,L,15.01,14.933048686490904,14.933048686490904,15.202378283772738,-1.0,-1.215,sl,15
2023-05-15 00:20:00,2023-05-15 01:30:00,S,14.94,15.038827298371524,15.038827298371524,14.692931754071187,-1.0,-1.166,sl,14
2023-05-15 01:35:00,2023-05-15 09:35:00,L,15.04,15.315,14.779415398456926,15.691461503857681,1.055,0.992,time,96
2023-05-15 14:55:00,2023-05-15 19:25:00,L,15.275,15.121177015694565,15.121177015694565,15.659557460763589,-1.0,-1.109,sl,54
2023-05-15 23:45:00,2023-05-16 01:20:00,S,15.115,14.910194960414199,15.196922015834321,14.910194960414199,2.5,2.297,tp,19
2023-05-16 01:25:00,2023-05-16 09:25:00,S,14.97,15.03,15.155389017100735,14.506527457248165,-0.324,-0.412,time,96
2023-05-16 10:20:00,2023-05-16 18:20:00,S,14.94,14.82,15.047771928536804,14.67057017865799,1.113,0.961,time,96
2023-05-16 20:00:00,2023-05-16 21:35:00,S,14.765,14.863151191974968,14.863151191974968,14.519622020062583,-1.0,-1.165,sl,19
2023-05-17 01:10:00,2023-05-17 07:45:00,L,14.96,14.806421515796181,14.806421515796181,15.34394621050955,-1.0,-1.107,sl,79
2023-05-17 07:50:00,2023-05-17 15:50:00,S,14.81,14.695,14.963299855978407,14.426750360053983,0.75,0.644,time,96
2023-05-17 18:05:00,2023-05-18 02:05:00,L,14.96,15.09,14.765789616128956,15.445525959677614,0.669,0.585,time,96
2023-05-18 06:10:00,2023-05-18 14:10:00,S,15.025,14.89,15.132638836442215,14.755902908894463,1.254,1.101,time,96
2023-05-18 14:50:00,2023-05-18 17:40:00,S,14.91,14.741171308258444,14.977531476696623,14.741171308258444,2.5,2.257,tp,34
2023-05-18 17:45:00,2023-05-19 01:45:00,S,14.73,14.58,14.874142246914033,14.369644382714919,1.041,0.928,time,96
2023-05-19 01:50:00,2023-05-19 07:10:00,S,14.58,14.703264736732647,14.703264736732647,14.271838158168382,-1.0,-1.13,sl,64
2023-05-19 14:05:00,2023-05-19 15:15:00,S,14.61,14.732884696854592,14.732884696854592,14.302788257863519,-1.0,-1.131,sl,14
2023-05-19 15:35:00,2023-05-19 23:35:00,S,14.605,14.695,14.848739466585393,13.99565133353652,-0.369,-0.435,time,96
2023-05-20 00:20:00,2023-05-20 08:20:00,S,14.615,14.575,14.702537196995394,14.396157007511516,0.457,0.273,time,96
2023-05-20 19:05:00,2023-05-21 03:05:00,S,14.57,14.6,14.69775762840635,14.250605928984125,-0.235,-0.36,time,96
2023-05-21 08:30:00,2023-05-21 11:10:00,S,14.585,14.43141359291243,14.64643456283503,14.43141359291243,2.5,2.239,tp,32
2023-05-21 11:15:00,2023-05-21 19:15:00,S,14.465,14.31,14.613057731581524,14.09485567104619,1.047,0.939,time,96
2023-05-21 21:10:00,2023-05-22 05:10:00,S,14.225,14.3,14.36409528398612,13.877261790034698,-0.539,-0.652,time,96
2023-05-22 09:05:00,2023-05-22 09:35:00,L,14.41,14.602579464422158,14.332968214231137,14.602579464422158,2.5,2.294,tp,6
2023-05-22 09:40:00,2023-05-22 17:40:00,L,14.59,14.7,14.360738232462468,15.163154418843828,0.48,0.41,time,96
2023-05-22 20:55:00,2023-05-23 00:25:00,L,14.745,14.64708186817419,14.64708186817419,14.989795329564522,-1.0,-1.166,sl,42
2023-05-23 01:35:00,2023-05-23 09:35:00,L,14.745,14.765,14.586239511715661,15.141901220710846,0.126,0.024,time,96
2023-05-23 12:35:00,2023-05-23 12:45:00,L,14.77,14.722803804848208,14.722803804848208,14.887990487879478,-1.0,-1.344,sl,2
2023-05-23 22:50:00,2023-05-24 00:45:00,L,14.71,14.623163530430134,14.623163530430134,14.92709117392467,-1.0,-1.186,sl,23
2023-05-24 00:50:00,2023-05-24 03:35:00,S,14.615,14.346948217064032,14.722220713174387,14.346948217064032,2.5,2.35,tp,33
2023-05-24 03:40:00,2023-05-24 11:40:00,S,14.385,14.315,14.640360657495258,13.746598356261856,0.274,0.212,time,96
2023-05-24 13:40:00,2023-05-24 14:05:00,S,14.295,14.08920061177592,14.377319755289632,14.08920061177592,2.5,2.309,tp,5
2023-05-24 14:10:00,2023-05-24 22:10:00,S,14.115,14.15,14.381764659595921,13.448088351010197,-0.131,-0.189,time,96
2023-05-25 00:25:00,2023-05-25 01:25:00,S,14.075,13.856280993140377,14.162487602743848,13.856280993140377,2.5,2.323,tp,12
2023-05-25 01:30:00,2023-05-25 03:50:00,S,13.8,14.091854875955939,14.091854875955939,13.070362810110156,-1.0,-1.052,sl,28
2023-05-25 11:30:00,2023-05-25 12:00:00,S,14.115,14.186674500341054,14.186674500341054,13.935813749147366,-1.0,-1.217,sl,6
2023-05-25 14:15:00,2023-05-25 19:10:00,S,14.125,14.235443873527329,14.235443873527329,13.848890316181677,-1.0,-1.141,sl,59
2023-05-26 00:15:00,2023-05-26 08:15:00,S,14.035,14.1,14.121656531540808,13.818358671147982,-0.75,-0.928,time,96
2023-05-26 14:25:00,2023-05-26 17:45:00,L,14.215,14.127255240653202,14.127255240653202,14.434361898366994,-1.0,-1.178,sl,40
2023-05-26 17:50:00,2023-05-26 18:20:00,S,14.13,14.247357485395131,14.247357485395131,13.836606286512176,-1.0,-1.132,sl,6
2023-05-26 18:40:00,2023-05-27 02:40:00,L,14.285,14.39,14.105724651755613,14.733188370610968,0.586,0.498,time,96
2023-05-27 04:05:00,2023-05-27 07:20:00,L,14.445,14.39322464327639,14.39322464327639,14.574438391809025,-1.0,-1.307,sl,39
2023-05-27 13:10:00,2023-05-27 13:55:00,L,14.355,14.278399072157232,14.278399072157232,14.546502319606923,-1.0,-1.206,sl,9
2023-05-27 14:25:00,2023-05-27 22:25:00,L,14.375,14.485,14.257103753190178,14.669740617024555,0.933,0.799,time,96
2023-05-27 22:35:00,2023-05-28 00:40:00,L,14.505,14.622398926177727,14.45804042952891,14.622398926177727,2.5,2.16,tp,25
2023-05-28 00:45:00,2023-05-28 08:20:00,L,14.64,14.481378255635422,14.481378255635422,15.036554360911449,-1.0,-1.102,sl,91
2023-05-28 16:55:00,2023-05-28 19:05:00,L,14.53,14.6844201953508,14.46823192185968,14.6844201953508,2.5,2.241,tp,26
2023-05-28 19:10:00,2023-05-29 03:10:00,L,14.695,14.81,14.521289894630753,15.129275263423118,0.662,0.569,time,96
2023-05-29 14:35:00,2023-05-29 17:05:00,S,14.575,14.369385044745572,14.65724598210177,14.369385044745572,2.5,2.305,tp,30
2023-05-29 17:10:00,2023-05-29 19:30:00,S,14.44,14.500147589077452,14.500147589077452,14.289631027306369,-1.0,-1.264,sl,28
2023-05-29 21:40:00,2023-05-29 23:10:00,S,14.425,14.481919139553533,14.481919139553533,14.28270215111617,-1.0,-1.279,sl,18
2023-05-30 08:35:00,2023-05-30 14:40:00,L,14.57,14.477096356104445,14.477096356104445,14.802259109738888,-1.0,-1.173,sl,73
2023-05-30 14:45:00,2023-05-30 22:45:00,S,14.45,14.525,14.67904690724809,13.877382731879774,-0.327,-0.397,time,96
2023-05-31 00:05:00,2023-05-31 02:05:00,S,14.43,14.212906574807374,14.51683737007705,14.212906574807374,2.5,2.317,tp,24
2023-05-31 02:10:00,2023-05-31 10:10:00,S,14.21,14.1,14.444852143618064,13.622869640954843,0.468,0.402,time,96
2023-05-31 10:40:00,2023-05-31 18:40:00,S,14.075,14.095,14.141954573228777,13.907613566928056,-0.299,-0.53,time,96
2023-06-01 02:50:00,2023-06-01 09:15:00,S,13.95,14.098688207949989,14.098688207949989,13.578279480125026,-1.0,-1.103,sl,77
2023-06-01 12:45:00,2023-06-01 19:30:00,L,14.195,14.117681123633412,14.117681123633412,14.388297190916472,-1.0,-1.202,sl,81
2023-06-01 22:05:00,2023-06-02 00:55:00,S,14.1,14.16212270145748,14.16212270145748,13.944693246356298,-1.0,-1.25,sl,34
2023-06-02 01:30:00,2023-06-02 09:30:00,L,14.195,14.465,13.95578916547267,14.793027086318327,1.129,1.063,time,96
2023-06-02 18:45:00,2023-06-02 21:20:00,L,14.485,14.403587411900903,14.403587411900903,14.688531470247742,-1.0,-1.196,sl,31
2023-06-03 02:25:00,2023-06-03 10:25:00,L,14.525,14.545,14.382940703134864,14.880148242162843,0.141,0.028,time,96
2023-06-03 15:30:00,2023-06-03 17:35:00,L,14.55,14.483095740250477,14.483095740250477,14.717260649373811,-1.0,-1.239,sl,25
2023-06-03 20:45:00,2023-06-04 04:45:00,L,14.55,14.615,14.433154044711975,14.842114888220067,0.556,0.419,time,96
2023-06-04 06:50:00,2023-06-04 14:50:00,L,14.69,14.785,14.62319910900247,14.857002227493822,1.422,1.18,time,96
2023-06-04 21:00:00,2023-06-04 21:30:00,L,14.885,14.83857312860547,14.83857312860547,15.001067178486325,-1.0,-1.353,sl,6
2023-06-04 22:25:00,2023-06-04 23:45:00,L,14.915,14.751292170923847,14.751292170923847,15.32426957269038,-1.0,-1.1,sl,16
2023-06-05 07:20:00,2023-06-05 15:00:00,L,14.75,14.687594522549677,14.687594522549677,14.906013693625807,-1.0,-1.26,sl,92
2023-06-05 15:20:00,2023-06-05 16:00:00,S,14.5,13.59290492927755,14.86283802828898,13.59290492927755,2.5,2.456,tp,8
2023-06-05 16:05:00,2023-06-06 00:05:00,S,13.5,13.855,14.848777044750426,10.128057388123935,-0.263,-0.274,time,96
2023-06-06 01:30:00,2023-06-06 02:20:00,S,13.84,13.912847818171983,13.912847818171983,13.657880454570043,-1.0,-1.209,sl,10
2023-06-06 11:35:00,2023-06-06 12:10:00,S,14.05,13.820095788958781,14.141961684416488,13.820095788958781,2.5,2.332,tp,7
2023-06-06 12:15:00,2023-06-06 14:00:00,S,13.885,14.110330458367272,14.110330458367272,13.32167385408182,-1.0,-1.068,sl,21
2023-06-06 17:15:00,2023-06-06 19:50:00,L,14.29,14.612980237961466,14.160807904815412,14.612980237961466,2.5,2.378,tp,31
2023-06-06 19:55:00,2023-06-07 03:55:00,L,14.61,14.615,14.395610944886059,15.145972637784851,0.023,-0.052,time,96
2023-06-07 04:55:00,2023-06-07 06:35:00,L,14.64,14.562396182852499,14.562396182852499,14.834009542868754,-1.0,-1.208,sl,20
2023-06-07 09:40:00,2023-06-07 10:00:00,S,14.5,14.281059346686177,14.587576261325529,14.281059346686177,2.5,2.318,tp,4
2023-06-07 10:05:00,2023-06-07 18:05:00,S,14.32,14.12,14.590424069526044,13.64393982618489,0.74,0.681,time,96
2023-06-07 21:55:00,2023-06-08 05:55:00,S,14.005,13.85,14.13318856673499,13.684528583162528,1.209,1.089,time,96
2023-06-08 06:05:00,2023-06-08 11:10:00,S,13.815,13.947504635010533,13.947504635010533,13.483738412473665,-1.0,-1.115,sl,61
2023-06-08 16:50:00,2023-06-09 00:50:00,S,13.85,13.875,14.11936778465816,13.1765805383546,-0.093,-0.149,time,96
2023-06-09 00:55:00,2023-06-09 01:30:00,S,13.875,13.942549098308827,13.942549098308827,13.706127254227932,-1.0,-1.226,sl,7
2023-06-09 02:25:00,2023-06-09 10:25:00,S,13.76,13.875,13.954745800774518,13.273135498063706,-0.591,-0.668,time,96
2023-06-09 12:25:00,2023-06-09 12:25:00,L,13.97,14.201276079635663,13.877489568145736,14.201276079635663,2.5,2.334,tp,0
2023-06-09 12:30:00,2023-06-09 19:10:00,L,14.105,13.874290959059637,13.874290959059637,14.681772602350907,-1.0,-1.067,sl,80
2023-06-09 19:15:00,2023-06-10 00:35:00,S,13.89,13.61707631840824,13.999169472636705,13.61707631840824,2.5,2.36,tp,64
2023-06-10 00:40:00,2023-06-10 02:40:00,S,13.62,13.221274864176184,13.779490054329525,13.221274864176184,2.5,2.406,tp,24
2023-06-10 02:45:00,2023-06-10 04:20:00,S,13.105,12.131152451550651,13.49453901937974,12.131152451550651,2.5,2.463,tp,19
2023-06-10 04:25:00,2023-06-10 12:25:00,S,10.535,11.505,13.270035762795224,3.6974105930119396,-0.355,-0.359,time,96
2023-06-10 13:05:00,2023-06-10 17:30:00,S,11.36,11.645811826017525,11.645811826017525,10.645470434956186,-1.0,-1.044,sl,53
2023-06-11 04:30:00,2023-06-11 10:45:00,S,11.52,11.719491384998808,11.719491384998808,11.02127153750298,-1.0,-1.064,sl,75
2023-06-11 13:30:00,2023-06-11 19:30:00,S,11.59,11.717544115791819,11.717544115791819,11.271139710520451,-1.0,-1.1,sl,72
2023-06-11 21:40:00,2023-06-12 02:25:00,S,11.62,11.22305065440171,11.778779738239315,11.22305065440171,2.5,2.419,tp,57
2023-06-12 02:30:00,2023-06-12 09:05:00,S,11.295,11.557275896630452,11.557275896630452,10.639310258423869,-1.0,-1.047,sl,79
2023-06-12 13:40:00,2023-06-12 15:10:00,S,11.405,11.513214213887114,11.513214213887114,11.134464465282214,-1.0,-1.116,sl,18
2023-06-12 17:25:00,2023-06-12 17:45:00,S,11.37,11.499305307849944,11.499305307849944,11.046736730375137,-1.0,-1.097,sl,4
2023-06-13 00:10:00,2023-06-13 00:15:00,S,11.495,11.55259446915265,11.55259446915265,11.351013827118372,-1.0,-1.22,sl,1
2023-06-13 00:50:00,2023-06-13 01:30:00,S,11.47,11.568474067714265,11.568474067714265,11.22381483071434,-1.0,-1.128,sl,8
2023-06-13 02:05:00,2023-06-13 10:05:00,L,11.57,11.75,11.416038729014339,11.954903177464153,1.169,1.086,time,96
2023-06-13 12:30:00,2023-06-13 12:55:00,L,11.9,11.768977125605119,11.768977125605119,12.227557185987205,-1.0,-1.1,sl,5
2023-06-13 15:25:00,2023-06-13 23:25:00,S,11.66,11.755,11.821541655426886,11.256145861432785,-0.588,-0.667,time,96
2023-06-14 00:00:00,2023-06-14 08:00:00,L,11.79,11.785,11.693185656875485,12.032035857811284,-0.052,-0.186,time,96
2023-06-14 08:40:00,2023-06-14 16:40:00,L,11.84,11.87,11.762878515699152,12.03280371075212,0.389,0.22,time,96
2023-06-14 19:10:00,2023-06-14 20:05:00,L,11.94,11.665061744543625,11.665061744543625,12.627345638640936,-1.0,-1.048,sl,11
2023-06-14 20:10:00,2023-06-15 04:10:00,S,11.535,11.525,11.949874562281389,10.497813594296527,0.024,-0.006,time,96
2023-06-15 05:45:00,2023-06-15 13:45:00,S,11.365,11.29,11.543249952622812,10.919375118442971,0.421,0.351,time,96
2023-06-15 17:10:00,2023-06-15 17:45:00,S,11.17,11.258039379521952,11.258039379521952,10.94990155119512,-1.0,-1.14,sl,7
2023-06-16 00:20:00,2023-06-16 01:25:00,S,11.355,11.402254282581646,11.402254282581646,11.236864293545885,-1.0,-1.264,sl,13
2023-06-16 03:05:00,2023-06-16 10:30:00,L,11.485,11.398233042085417,11.398233042085417,11.701917394786456,-1.0,-1.146,sl,89
2023-06-16 10:35:00,2023-06-16 11:25:00,S,11.405,11.31359499436441,11.441562002254235,11.31359499436441,2.5,2.157,tp,10
2023-06-16 11:30:00,2023-06-16 15:10:00,S,11.305,11.432905663055974,11.432905663055974,10.985235842360062,-1.0,-1.097,sl,44
2023-06-16 17:00:00,2023-06-17 01:00:00,L,11.475,11.49,11.361610180994408,11.75847454751398,0.132,0.021,time,96
2023-06-17 01:55:00,2023-06-17 02:45:00,S,11.485,11.542584333409891,11.542584333409891,11.34103916647527,-1.0,-1.219,sl,10
2023-06-17 02:50:00,2023-06-17 05:40:00,L,11.55,11.779507208104805,11.458197116758079,11.779507208104805,2.5,2.362,tp,34
2023-06-17 05:45:00,2023-06-17 13:45:00,L,11.75,11.77,11.535611148676711,12.285972128308222,0.093,0.033,time,96
2023-06-18 00:20:00,2023-06-18 01:20:00,S,11.6,11.444342532995954,11.662262986801618,11.444342532995954,2.5,2.295,tp,12
2023-06-18 01:25:00,2023-06-18 09:25:00,S,11.455,11.53,11.608103302459105,11.072241743852238,-0.49,-0.572,time,96
2023-06-18 10:55:00,2023-06-18 17:00:00,S,11.49,11.582068667533717,11.582068667533717,11.259828331165709,-1.0,-1.137,sl,73
2023-06-18 17:05:00,2023-06-18 20:00:00,L,11.58,11.522907831434871,11.522907831434871,11.722730421412823,-1.0,-1.223,sl,35
2023-06-18 20:15:00,2023-06-19 04:15:00,S,11.48,11.365,11.582746222910878,11.223134442722808,1.119,0.996,time,96
2023-06-19 14:20:00,2023-06-19 17:35:00,S,11.25,11.374093144749576,11.374093144749576,10.93976713812606,-1.0,-1.1,sl,39
2023-06-19 22:40:00,2023-06-20 06:40:00,L,11.485,11.46,11.383008702801787,11.73997824299553,-0.245,-0.369,time,96
2023-06-20 08:15:00,2023-06-20 14:20:00,S,11.39,11.185329580255033,11.471868167897988,11.185329580255033,2.5,2.347,tp,73
2023-06-20 14:25:00,2023-06-20 16:15:00,S,11.2,11.389262593312049,11.389262593312049,10.726843516719875,-1.0,-1.065,sl,22
2023-06-20 16:20:00,2023-06-20 19:00:00,L,11.385,11.856876849074544,11.196249260370182,11.856876849074544,2.5,2.434,tp,32
2023-06-20 19:05:00,2023-06-21 01:00:00,L,11.795,12.209242608583097,11.629302956566761,12.209242608583097,2.5,2.422,tp,71
2023-06-21 01:05:00,2023-06-21 09:05:00,L,12.27,12.285,12.053652474658952,12.81086881335262,0.069,0.007,time,96
2023-06-21 10:20:00,2023-06-21 10:30:00,L,12.29,12.249419578072265,12.249419578072265,12.391451054819335,-1.0,-1.333,sl,2
2023-06-21 10:35:00,2023-06-21 10:55:00,L,12.23,12.16739698163697,12.16739698163697,12.386507545907579,-1.0,-1.215,sl,4
2023-06-21 14:00:00,2023-06-21 15:20:00,L,12.26,12.570893566955856,12.135642573217657,12.570893566955856,2.5,2.392,tp,16
2023-06-21 15:25:00,2023-06-21 23:25:00,L,12.535,12.98,12.234163632116504,13.287090919708742,1.479,1.433,time,96
2023-06-22 00:30:00,2023-06-22 08:30:00,L,13.005,13.035,12.845972803185786,13.402567992035538,0.189,0.099,time,96
2023-06-22 17:50:00,2023-06-22 21:15:00,L,12.855,12.71626568899844,12.71626568899844,13.2018357775039,-1.0,-1.102,sl,41
2023-06-23 01:00:00,2023-06-23 09:00:00,L,12.735,12.825,12.636850767147758,12.980373082130605,0.917,0.774,time,96
2023-06-23 12:10:00,2023-06-23 12:20:00,L,12.845,12.782653295984392,12.782653295984392,13.00086676003902,-1.0,-1.227,sl,2
2023-06-23 15:10:00,2023-06-23 16:50:00,L,12.855,13.365797333270086,12.650681066691966,13.365797333270086,2.5,2.431,tp,20
2023-06-23 16:55:00,2023-06-24 00:55:00,L,13.33,13.215,12.994642826989399,14.168392932526505,-0.343,-0.387,time,96
2023-06-24 02:35:00,2023-06-24 07:55:00,L,13.28,13.121576521709697,13.121576521709697,13.676058695725755,-1.0,-1.092,sl,64
2023-06-24 12:30:00,2023-06-24 12:50:00,L,13.22,13.12283673744499,13.12283673744499,13.462908156387527,-1.0,-1.15,sl,4
2023-06-24 15:35:00,2023-06-24 23:35:00,S,12.89,12.99,13.167523465250767,12.196191336873085,-0.36,-0.411,time,96
2023-06-25 02:40:00,2023-06-25 02:45:00,L,13.16,13.391662065949152,13.06733517362034,13.391662065949152,2.5,2.344,tp,1
2023-06-25 02:50:00,2023-06-25 10:50:00,L,13.33,13.49,13.064109530408166,13.994726173979586,0.602,0.547,time,96
2023-06-25 18:50:00,2023-06-25 20:55:00,L,13.47,13.331208840244637,13.331208840244637,13.81697789938841,-1.0,-1.107,sl,25
2023-06-26 01:05:00,2023-06-26 06:55:00,S,13.22,13.450826180856431,13.450826180856431,12.642934547858925,-1.0,-1.063,sl,70
2023-06-26 07:00:00,2023-06-26 15:00:00,L,13.435,13.485,13.25120913192536,13.894477170186601,0.272,0.192,time,96
2023-06-26 16:35:00,2023-06-26 16:45:00,S,13.425,13.050643714971336,13.574742514011467,13.050643714971336,2.5,2.401,tp,2
2023-06-26 16:50:00,2023-06-27 00:50:00,S,13.145,13.185,13.579700534306133,12.058248664234668,-0.092,-0.125,time,96
2023-06-27 05:40:00,2023-06-27 07:45:00,S,13.175,13.342994335356202,13.342994335356202,12.755014161609497,-1.0,-1.086,sl,25
2023-06-27 07:50:00,2023-06-27 15:25:00,L,13.33,13.22236851860511,13.22236851860511,13.599078703487224,-1.0,-1.136,sl,91
2023-06-27 15:30:00,2023-06-27 23:30:00,S,13.235,13.155,13.399319238545136,12.824201903637158,0.487,0.398,time,96
2023-06-27 23:35:00,2023-06-28 02:50:00,S,13.155,12.936425168307885,13.242429932676846,12.936425168307885,2.5,2.334,tp,39
2023-06-28 02:55:00,2023-06-28 10:55:00,S,12.915,12.815,13.05468792732591,12.565780181685223,0.716,0.614,time,96
2023-06-28 12:25:00,2023-06-28 14:40:00,S,12.76,12.822535483703891,12.822535483703891,12.60366129074027,-1.0,-1.224,sl,27
2023-06-28 17:10:00,2023-06-29 01:10:00,S,12.59,12.345,12.819136031829144,12.01715992042714,1.069,1.009,time,96
2023-06-29 10:15:00,2023-06-29 18:15:00,L,12.58,12.64,12.360210507820298,13.129473730449256,0.273,0.21,time,96
2023-06-29 19:55:00,2023-06-29 20:20:00,L,12.725,12.632076951330697,12.632076951330697,12.957307621673255,-1.0,-1.151,sl,5
2023-06-30 02:25:00,2023-06-30 10:25:00,L,12.82,13.165,12.60028136449019,13.369296588774526,1.57,1.506,time,96
2023-06-30 13:45:00,2023-06-30 21:45:00,S,12.74,13.01,13.347241507344428,11.22189623163893,-0.445,-0.468,time,96
2023-06-30 22:10:00,2023-07-01 04:25:00,L,13.08,12.866658043914407,12.866658043914407,13.613354890213982,-1.0,-1.067,sl,75
2023-07-01 08:35:00,2023-07-01 09:40:00,S,12.895,12.956950731956972,12.956950731956972,12.740123170107568,-1.0,-1.229,sl,13
2023-07-01 13:25:00,2023-07-01 14:05:00,L,13.075,12.971762477141853,12.971762477141853,13.333093807145364,-1.0,-1.139,sl,8
2023-07-01 15:15:00,2023-07-01 23:15:00,S,12.9,12.95,13.002951453016474,12.642621367458817,-0.486,-0.623,time,96
2023-07-02 00:00:00,2023-07-02 00:15:00,L,12.995,12.933330194409933,12.933330194409933,13.149174513975165,-1.0,-1.232,sl,3
2023-07-02 00:20:00,2023-07-02 02:15:00,S,12.935,12.765329762100844,13.002868095159663,12.765329762100844,2.5,2.29,tp,23
2023-07-02 02:20:00,2023-07-02 09:20:00,S,12.795,12.94542323455771,12.94542323455771,12.418941913605725,-1.0,-1.094,sl,84
2023-07-02 09:30:00,2023-07-02 15:20:00,L,12.96,12.84715420566606,12.84715420566606,13.242114485834854,-1.0,-1.126,sl,70
2023-07-02 22:25:00,2023-07-03 03:45:00,L,13.125,13.469954236794134,12.987018305282346,13.469954236794134,2.5,2.395,tp,64
2023-07-03 03:50:00,2023-07-03 06:00:00,L,13.425,13.239767724373428,13.239767724373428,13.888080689066435,-1.0,-1.08,sl,26
2023-07-03 08:20:00,2023-07-03 12:00:00,L,13.305,13.191147208429335,13.191147208429335,13.589631978926661,-1.0,-1.129,sl,44
2023-07-03 15:25:00,2023-07-03 23:25:00,L,13.23,13.18,13.094795340705362,13.568011648236595,-0.37,-0.477,time,96
2023-07-04 00:05:00,2023-07-04 01:00:00,L,13.245,13.157417448213799,13.157417448213799,13.4639563794655,-1.0,-1.166,sl,11
2023-07-04 03:45:00,2023-07-04 08:45:00,L,13.325,13.166699594146017,13.166699594146017,13.720751014634955,-1.0,-1.093,sl,60
2023-07-04 08:50:00,2023-07-04 10:55:00,S,13.165,13.237689287357128,13.237689287357128,12.983276781607177,-1.0,-1.199,sl,25
2023-07-04 12:00:00,2023-07-04 13:30:00,L,13.28,13.172302521290991,13.172302521290991,13.549243696772521,-1.0,-1.136,sl,18
2023-07-04 14:25:00,2023-07-04 17:35:00,L,13.335,13.165881381544843,13.165881381544843,13.757796546137897,-1.0,-1.087,sl,38
2023-07-04 17:40:00,2023-07-05 01:40:00,S,13.175,13.07,13.419885008268022,12.562787479329948,0.429,0.37,time,96
2023-07-05 09:25:00,2023-07-05 10:35:00,S,12.955,12.659461583532384,13.073215366587046,12.659461583532384,2.5,2.379,tp,14
2023-07-05 10:40:00,2023-07-05 18:40:00,S,12.63,12.61,12.974215033620846,11.769462415947888,0.058,0.018,time,96
2023-07-05 20:10:00,2023-07-05 21:25:00,S,12.58,12.663116581093329,12.663116581093329,12.372208547266679,-1.0,-1.166,sl,15
2023-07-06 00:50:00,2023-07-06 05:40:00,S,12.6,12.718599380747321,12.718599380747321,12.303501548131695,-1.0,-1.117,sl,58
2023-07-06 08:40:00,2023-07-06 11:50:00,L,12.915,12.8266385207006,12.8266385207006,13.135903698248498,-1.0,-1.161,sl,38
2023-07-06 11:55:00,2023-07-06 14:25:00,S,12.845,12.358683642808762,13.039526542876496,12.358683642808762,2.5,2.427,tp,30
2023-07-06 14:30:00,2023-07-06 18:55:00,S,12.295,12.7444275667229,12.7444275667229,11.17143108319275,-1.0,-1.03,sl,53
2023-07-06 21:45:00,2023-07-07 00:00:00,S,12.535,12.226619122198091,12.658352351120763,12.226619122198091,2.5,2.388,tp,27
2023-07-07 00:05:00,2023-07-07 01:45:00,S,12.345,12.562219379101542,12.562219379101542,11.801951552246148,-1.0,-1.063,sl,20
2023-07-07 05:05:00,2023-07-07 05:40:00,S,12.475,12.607565143758807,12.607565143758807,12.143587140602982,-1.0,-1.104,sl,7
2023-07-07 12:45:00,2023-07-07 13:55:00,S,12.625,12.722485623540974,12.722485623540974,12.381285941147564,-1.0,-1.142,sl,14
2023-07-07 17:25:00,2023-07-07 21:10:00,S,12.65,12.707771825957762,12.707771825957762,12.505570435105597,-1.0,-1.241,sl,45
2023-07-07 23:05:00,2023-07-08 00:40:00,L,12.725,12.880082027746669,12.662967188901332,12.880082027746669,2.5,2.274,tp,19
2023-07-08 00:45:00,2023-07-08 05:00:00,L,12.93,13.477813291778372,12.710874683288651,13.477813291778372,2.5,2.435,tp,51
2023-07-08 05:05:00,2023-07-08 13:05:00,L,13.48,13.67,13.264412292883865,14.01896926779034,0.881,0.813,time,96
2023-07-08 13:15:00,2023-07-08 21:15:00,L,13.67,13.565,13.459949974287056,14.195125064282358,-0.5,-0.571,time,96
2023-07-09 01:05:00,2023-07-09 09:05:00,L,13.81,13.99,13.579091360608004,14.387271598479991,0.78,0.714,time,96
2023-07-09 10:35:00,2023-07-09 14:10:00,L,14.12,13.945520429323059,13.945520429323059,14.55619892669235,-1.0,-1.089,sl,43
2023-07-09 23:50:00,2023-07-10 00:10:00,S,13.57,13.300634167348669,13.677746333060533,13.300634167348669,2.5,2.361,tp,4
2023-07-10 00:15:00,2023-07-10 08:15:00,S,13.355,13.22,13.660847407724832,12.59038148068792,0.441,0.393,time,96
2023-07-10 08:20:00,2023-07-10 12:10:00,S,13.22,13.38932643496498,13.38932643496498,12.796683912587552,-1.0,-1.086,sl,46
2023-07-10 18:45:00,2023-07-10 20:00:00,L,13.455,13.775321384772443,13.326871446091022,13.775321384772443,2.5,2.384,tp,15
2023-07-10 20:05:00,2023-07-10 20:50:00,L,13.795,13.500343032461306,13.500343032461306,14.531642418846737,-1.0,-1.051,sl,9
2023-07-10 22:00:00,2023-07-11 00:55:00,S,13.38,13.545783433182393,13.545783433182393,12.965541417044019,-1.0,-1.089,sl,35
2023-07-11 01:00:00,2023-07-11 09:00:00,L,13.565,13.435,13.355310076076638,14.089224809808403,-0.62,-0.691,time,96
2023-07-11 09:20:00,2023-07-11 17:20:00,S,13.405,13.305,13.513034532500381,13.134913668749046,0.926,0.789,time,96
2023-07-11 18:35:00,2023-07-12 02:35:00,S,13.235,13.22,13.343270974466744,12.964322563833138,0.139,0.004,time,96
2023-07-12 13:40:00,2023-07-12 21:40:00,S,13.18,12.945,13.341011499360366,12.777471251599083,1.46,1.369,time,96
2023-07-13 01:20:00,2023-07-13 05:55:00,S,12.91,13.027707405637175,13.027707405637175,12.615731485907062,-1.0,-1.121,sl,55
2023-07-13 09:35:00,2023-07-13 15:30:00,L,13.15,13.343678705359828,13.07252851785607,13.343678705359828,2.5,2.313,tp,71
2023-07-13 15:35:00,2023-07-13 17:35:00,L,13.39,14.068602857690143,13.118558856923944,14.068602857690143,2.5,2.446,tp,24
2023-07-13 17:40:00,2023-07-14 01:40:00,L,14.02,14.785,13.689261621057552,14.846845947356119,2.313,2.266,time,96
2023-07-14 01:45:00,2023-07-14 08:55:00,L,14.785,15.917779378372266,14.331888248651094,15.917779378372266,2.5,2.464,tp,86
2023-07-14 09:00:00,2023-07-14 09:30:00,L,15.88,15.242504685384448,15.242504685384448,17.473738286538882,-1.0,-1.027,sl,6
2023-07-14 15:35:00,2023-07-14 17:15:00,L,15.545,15.116174081130131,15.116174081130131,16.61706479717467,-1.0,-1.04,sl,20
2023-07-14 18:20:00,2023-07-15 02:20:00,S,14.86,14.53,15.373698990864684,13.57575252283829,0.642,0.611,time,96
2023-07-15 07:00:00,2023-07-15 15:00:00,L,14.845,15.14,14.458079382837955,15.812301542905114,0.762,0.72,time,96
2023-07-16 01:15:00,2023-07-16 01:35:00,L,14.925,14.785551613312313,14.785551613312313,15.273620966719221,-1.0,-1.118,sl,4
2023-07-16 02:15:00,2023-07-16 10:15:00,S,14.71,14.675,14.934247864658552,14.149380338353623,0.156,0.084,time,96
2023-07-16 11:05:00,2023-07-16 14:15:00,S,14.525,14.734253687674334,14.734253687674334,14.001865780814166,-1.0,-1.076,sl,38
2023-07-16 14:20:00,2023-07-16 16:15:00,L,14.735,14.535345483074371,14.535345483074371,15.23413629231407,-1.0,-1.081,sl,23
2023-07-16 16:25:00,2023-07-17 00:25:00,S,14.53,14.305,14.684148693114137,14.144628267214655,1.46,1.356,time,96
2023-07-17 09:45:00,2023-07-17 17:45:00,S,14.385,14.025,14.619763661240926,13.798090846897685,1.533,1.466,time,96
2023-07-17 18:50:00,2023-07-17 19:15:00,S,13.89,14.138359190569451,14.138359190569451,13.269102023576373,-1.0,-1.062,sl,5
2023-07-17 23:25:00,2023-07-18 04:10:00,L,14.42,14.300248924842467,14.300248924842467,14.719377687893832,-1.0,-1.132,sl,57
2023-07-18 04:15:00,2023-07-18 06:40:00,S,14.3,13.952639706236244,14.438944117505503,13.952639706236244,2.5,2.387,tp,29
2023-07-18 06:45:00,2023-07-18 14:45:00,S,13.965,13.965,14.250848743189692,13.250378142025768,-0.0,-0.054,time,96
2023-07-18 20:20:00,2023-07-19 00:50:00,S,13.745,13.969256359429414,13.969256359429414,13.184359101426463,-1.0,-1.067,sl,54
2023-07-19 06:50:00,2023-07-19 14:50:00,S,13.965,13.835,14.108223789343157,13.606940526642108,0.908,0.8,time,96
2023-07-19 17:40:00,2023-07-20 01:40:00,L,14.02,14.12,13.875947773627725,14.380130565930685,0.694,0.587,time,96
2023-07-20 02:15:00,2023-07-20 03:25:00,L,14.115,14.06159725707412,14.06159725707412,14.248506857314702,-1.0,-1.291,sl,14
2023-07-20 05:35:00,2023-07-20 13:35:00,L,14.165,14.25,14.026823446115687,14.51044138471078,0.615,0.502,time,96
2023-07-20 14:35:00,2023-07-20 14:45:00,S,14.09,13.667304225146408,14.259078309941437,13.667304225146408,2.5,2.408,tp,2
2023-07-20 14:50:00,2023-07-20 22:50:00,S,13.825,13.86,14.265676754649286,12.723308113376781,-0.079,-0.114,time,96
2023-07-21 00:30:00,2023-07-21 01:20:00,S,13.75,13.874495138362057,13.874495138362057,13.438762154094857,-1.0,-1.121,sl,10
2023-07-21 05:25:00,2023-07-21 06:50:00,S,13.88,13.958054525558191,13.958054525558191,13.684863686104524,-1.0,-1.196,sl,17
2023-07-21 12:50:00,2023-07-21 19:10:00,L,13.98,13.862360174110934,13.862360174110934,14.274099564722665,-1.0,-1.131,sl,76
2023-07-21 19:15:00,2023-07-22 03:15:00,S,13.865,13.99,14.074481252703913,13.341296868240217,-0.597,-0.67,time,96
2023-07-22 05:25:00,2023-07-22 10:00:00,S,13.93,13.735895386545828,14.007641845381668,13.735895386545828,2.5,2.303,tp,55
2023-07-22 10:05:00,2023-07-22 18:05:00,S,13.725,13.69,13.915598319649748,13.24850420087563,0.184,0.104,time,96
2023-07-22 18:10:00,2023-07-22 23:15:00,S,13.69,13.472636679023557,13.776945328390577,13.472636679023557,2.5,2.327,tp,61
2023-07-22 23:20:00,2023-07-23 07:20:00,S,13.455,13.56,13.696701521949532,12.85074619512617,-0.434,-0.496,time,96
2023-07-23 13:15:00,2023-07-23 16:35:00,S,13.515,13.577273732642473,13.577273732642473,13.359315668393819,-1.0,-1.239,sl,40
2023-07-23 18:05:00,2023-07-23 19:50:00,L,13.665,13.587249574297648,13.587249574297648,13.859376064255878,-1.0,-1.193,sl,21
2023-07-23 21:25:00,2023-07-24 02:15:00,S,13.56,13.303200079561027,13.66271996817559,13.303200079561027,2.5,2.355,tp,58
2023-07-24 02:20:00,2023-07-24 09:50:00,S,13.305,12.757486121581774,13.52400555136729,12.757486121581774,2.5,2.433,tp,90
2023-07-24 09:55:00,2023-07-24 17:55:00,S,12.94,12.975,13.471033111951849,11.612417220120376,-0.066,-0.093,time,96
2023-07-25 01:00:00,2023-07-25 02:30:00,S,13.07,13.148078950332808,13.148078950332808,12.87480262416798,-1.0,-1.184,sl,18
2023-07-25 06:45:00,2023-07-25 08:50:00,S,13.13,13.222711363261427,13.222711363261427,12.898221591846436,-1.0,-1.156,sl,25
2023-07-25 13:30:00,2023-07-25 14:00:00,S,13.14,13.297819443755845,13.297819443755845,12.74545139061039,-1.0,-1.092,sl,6
2023-07-25 18:20:00,2023-07-25 19:55:00,L,13.415,13.311877033300076,13.311877033300076,13.672807416749805,-1.0,-1.143,sl,19
2023-07-25 22:15:00,2023-07-25 23:05:00,L,13.41,13.317488436081694,13.317488436081694,13.641278909795766,-1.0,-1.159,sl,10
2023-07-26 01:20:00,2023-07-26 03:10:00,S,13.205,13.358904575556945,13.358904575556945,12.820238561107637,-1.0,-1.094,sl,22
2023-07-26 09:00:00,2023-07-26 17:00:00,S,13.18,13.165,13.292406051437528,12.89898487140618,0.133,0.004,time,96
2023-07-26 17:15:00,2023-07-26 18:10:00,S,13.095,13.283495344735304,13.283495344735304,12.623761638161742,-1.0,-1.076,sl,11
2023-07-26 18:15:00,2023-07-27 02:15:00,L,13.255,13.245,13.049194989231468,13.769512526921332,-0.049,-0.119,time,96
2023-07-27 03:45:00,2023-07-27 06:45:00,L,13.31,13.233291513871986,13.233291513871986,13.501771215320037,-1.0,-1.191,sl,36
2023-07-27 06:50:00,2023-07-27 08:25:00,S,13.23,13.312029282341786,13.312029282341786,13.024926794145536,-1.0,-1.177,sl,19
2023-07-27 08:50:00,2023-07-27 14:25:00,L,13.355,13.211627988751065,13.211627988751065,13.713430028122339,-1.0,-1.102,sl,67
2023-07-27 14:30:00,2023-07-27 22:30:00,S,13.22,13.15,13.343154131924717,12.91211467018821,0.568,0.45,time,96
2023-07-28 02:45:00,2023-07-28 03:25:00,S,13.12,13.176479954090793,13.176479954090793,12.978800114773016,-1.0,-1.256,sl,8
2023-07-28 05:55:00,2023-07-28 13:55:00,S,13.065,13.14,13.193181711298836,12.744545721752909,-0.585,-0.697,time,96
2023-07-28 14:15:00,2023-07-28 17:40:00,L,13.185,13.112795014842757,13.112795014842757,13.365512462893111,-1.0,-1.201,sl,41
2023-07-28 17:45:00,2023-07-28 21:30:00,S,13.115,13.252855700480053,13.252855700480053,12.770360748799868,-1.0,-1.105,sl,45
2023-07-29 06:45:00,2023-07-29 14:45:00,S,13.21,13.195,13.261228467451401,13.0819288313715,0.293,0.009,time,96
2023-07-29 16:20:00,2023-07-29 17:30:00,S,13.165,13.211185360800926,13.211185360800926,13.049536597997683,-1.0,-1.314,sl,14
2023-07-29 17:45:00,2023-07-30 01:45:00,L,13.235,13.245,13.168616089624033,13.400959775939917,0.151,-0.069,time,96
2023-07-30 02:45:00,2023-07-30 08:05:00,L,13.295,13.228589182090971,13.228589182090971,13.461027044772571,-1.0,-1.22,sl,64
2023-07-30 11:10:00,2023-07-30 13:50:00,L,13.27,13.208433081230819,13.208433081230819,13.423917296922951,-1.0,-1.237,sl,32
2023-07-30 13:55:00,2023-07-30 14:45:00,S,13.21,13.306915903588209,13.306915903588209,12.967710241029481,-1.0,-1.15,sl,10
2023-07-30 14:50:00,2023-07-30 19:45:00,L,13.31,13.18739622244085,13.18739622244085,13.616509443897879,-1.0,-1.119,sl,59
2023-07-30 19:50:00,2023-07-31 03:50:00,S,13.145,13.165,13.339406702253312,12.65898324436672,-0.103,-0.177,time,96
2023-07-31 04:10:00,2023-07-31 12:10:00,S,13.155,13.095,13.216910087981452,13.000224780046368,0.969,0.735,time,96
2023-07-31 13:55:00,2023-07-31 21:55:00,S,12.99,12.8,13.1333328649811,12.631667837547251,1.326,1.226,time,96
2023-08-01 01:55:00,2023-08-01 02:10:00,S,12.74,12.356299605267083,12.893480157893167,12.356299605267083,2.5,2.409,tp,3
2023-08-01 02:15:00,2023-08-01 10:15:00,S,12.54,12.72,12.898957684732578,11.642605788168552,-0.501,-0.54,time,96
2023-08-01 12:05:00,2023-08-01 15:30:00,S,12.68,12.512891471525036,12.746843411389985,12.512891471525036,2.5,2.291,tp,41
2023-08-01 15:35:00,2023-08-01 16:00:00,S,12.65,12.719816329633911,12.719816329633911,12.475459175915223,-1.0,-1.199,sl,5
2023-08-01 23:20:00,2023-08-02 07:20:00,L,12.79,12.785,12.717690416896941,12.970773957757643,-0.069,-0.264,time,96
2023-08-02 07:45:00,2023-08-02 14:05:00,S,12.745,12.640559712784672,12.78677611488613,12.640559712784672,2.5,2.164,tp,76
2023-08-02 14:10:00,2023-08-02 22:10:00,S,12.63,12.57,12.723450850738066,12.396372873154837,0.642,0.493,time,96
2023-08-03 05:15:00,2023-08-03 10:35:00,S,12.47,12.521645161377922,12.521645161377922,12.340887096555196,-1.0,-1.266,sl,64
2023-08-03 12:40:00,2023-08-03 14:00:00,S,12.465,12.536796967168538,12.536796967168538,12.285507582078655,-1.0,-1.191,sl,16
2023-08-03 18:15:00,2023-08-04 02:15:00,S,12.515,12.465,12.632505006663582,12.221237483341048,0.426,0.308,time,96
2023-08-04 07:05:00,2023-08-04 08:15:00,S,12.435,12.506721351372923,12.506721351372923,12.255696621567695,-1.0,-1.191,sl,14
2023-08-04 13:15:00,2023-08-04 18:25:00,L,12.55,12.442301021930247,12.442301021930247,12.819247445174387,-1.0,-1.128,sl,62
2023-08-04 18:30:00,2023-08-04 20:45:00,S,12.46,12.254706826350006,12.542117269459998,12.254706826350006,2.5,2.333,tp,27
2023-08-04 20:50:00,2023-08-05 04:50:00,S,12.33,12.31,12.4643430308518,11.9941424228705,0.149,0.048,time,96
2023-08-05 22:40:00,2023-08-06 02:00:00,L,12.42,12.52342660771971,12.378629356912116,12.52342660771971,2.5,2.17,tp,40
2023-08-06 02:05:00,2023-08-06 10:05:00,L,12.53,12.605,12.442186835259614,12.749532911850963,0.854,0.697,time,96
2023-08-06 17:05:00,2023-08-07 01:05:00,L,12.595,12.635,12.51850218604649,12.786244534883778,0.523,0.342,time,96
2023-08-07 01:20:00,2023-08-07 09:20:00,L,12.69,12.68,12.54204613020244,13.059884674493897,-0.068,-0.162,time,96
2023-08-07 09:30:00,2023-08-07 13:40:00,L,12.69,12.628289343288152,12.628289343288152,12.844276641779619,-1.0,-1.226,sl,50
2023-08-07 14:05:00,2023-08-07 22:05:00,S,12.565,12.435,12.722981374062064,12.170046564844839,0.823,0.735,time,96
2023-08-08 02:05:00,2023-08-08 05:05:00,S,12.4,12.486884142183738,12.486884142183738,12.182789644540655,-1.0,-1.157,sl,36
2023-08-08 08:35:00,2023-08-08 09:35:00,S,12.46,12.4915854970633,12.4915854970633,12.381036257341755,-1.0,-1.434,sl,12
2023-08-08 10:20:00,2023-08-08 12:50:00,L,12.5,12.627853718197315,12.448858512721074,12.627853718197315,2.5,2.231,tp,30
2023-08-08 12:55:00,2023-08-08 13:35:00,L,12.61,12.532229510663106,12.532229510663106,12.804426223342233,-1.0,-1.178,sl,8
2023-08-08 13:55:00,2023-08-08 16:35:00,S,12.52,12.648537060618493,12.648537060618493,12.198657348453768,-1.0,-1.107,sl,32
2023-08-08 16:40:00,2023-08-09 00:40:00,L,12.64,12.7,12.57767422463,12.795814438425001,0.963,0.74,time,96
2023-08-09 07:05:00,2023-08-09 13:00:00,L,12.675,12.803302478794137,12.623679008482346,12.803302478794137,2.5,2.228,tp,71
2023-08-09 13:05:00,2023-08-09 14:55:00,L,12.75,12.646671315531185,12.646671315531185,13.008321711172037,-1.0,-1.136,sl,22
2023-08-09 16:35:00,2023-08-09 19:55:00,S,12.625,12.531514267736718,12.662394292905313,12.531514267736718,2.5,2.129,tp,40
2023-08-09 20:00:00,2023-08-09 23:10:00,S,12.55,12.621875286793452,12.621875286793452,12.370311783016373,-1.0,-1.192,sl,38
2023-08-09 23:15:00,2023-08-10 03:30:00,L,12.63,12.568615754011933,12.568615754011933,12.78346061497017,-1.0,-1.226,sl,51
2023-08-10 03:35:00,2023-08-10 11:35:00,S,12.56,12.49,12.63119138498182,12.382021537545452,0.983,0.789,time,96
2023-08-10 13:35:00,2023-08-10 17:30:00,L,12.595,12.507473564897236,12.507473564897236,12.813816087756912,-1.0,-1.158,sl,47
2023-08-10 17:35:00,2023-08-11 01:35:00,S,12.535,12.46,12.591938824268556,12.39265293932861,1.317,1.075,time,96
2023-08-11 01:50:00,2023-08-11 09:50:00,S,12.455,12.425,12.521597891289007,12.288505271777483,0.45,0.245,time,96
2023-08-11 09:55:00,2023-08-11 11:00:00,S,12.425,12.445674967724102,12.445674967724102,12.373312580689747,-1.0,-1.661,sl,13
2023-08-11 14:05:00,2023-08-11 15:15:00,L,12.52,12.46379910764878,12.46379910764878,12.660502230878048,-1.0,-1.245,sl,14
2023-08-11 15:20:00,2023-08-11 23:20:00,S,12.46,12.425,12.54195629661746,12.255109258456352,0.427,0.26,time,96
2023-08-12 03:40:00,2023-08-12 10:20:00,S,12.42,12.465786200916497,12.465786200916497,12.305534497708756,-1.0,-1.298,sl,80
2023-08-12 10:25:00,2023-08-12 14:10:00,L,12.47,12.444273961802292,12.444273961802292,12.534315095494271,-1.0,-1.533,sl,45
2023-08-12 14:15:00,2023-08-12 20:45:00,S,12.45,12.360108937893152,12.485956424842739,12.360108937893152,2.5,2.119,tp,78
2023-08-12 20:50:00,2023-08-13 04:50:00,S,12.36,12.325,12.406104216791547,12.24473945802113,0.759,0.464,time,96
2023-08-13 05:20:00,2023-08-13 06:50:00,S,12.305,12.330964158624344,12.330964158624344,12.24008960343914,-1.0,-1.521,sl,18
2023-08-13 14:10:00,2023-08-13 17:40:00,S,12.315,12.350989155081452,12.350989155081452,12.225027112296369,-1.0,-1.376,sl,42
2023-08-13 19:05:00,2023-08-13 21:20:00,L,12.385,12.344068773236394,12.344068773236394,12.487328066909015,-1.0,-1.333,sl,27
2023-08-13 21:25:00,2023-08-13 22:35:00,S,12.35,12.221923779078804,12.401230488368478,12.221923779078804,2.5,2.235,tp,14
2023-08-13 22:40:00,2023-08-14 05:25:00,S,12.24,12.357759455096216,12.357759455096216,11.94560136225946,-1.0,-1.114,sl,81
2023-08-14 05:30:00,2023-08-14 09:25:00,L,12.355,12.329063774737367,12.329063774737367,12.419840563156583,-1.0,-1.524,sl,47
2023-08-14 12:35:00,2023-08-14 14:10:00,S,12.315,12.346109212026631,12.346109212026631,12.23722696993342,-1.0,-1.435,sl,19
2023-08-14 14:40:00,2023-08-14 18:00:00,L,12.38,12.298313213066276,12.298313213066276,12.584216967334314,-1.0,-1.167,sl,40
2023-08-14 18:05:00,2023-08-15 02:05:00,S,12.295,12.33,12.432709880862557,11.950725297843608,-0.254,-0.352,time,96
2023-08-15 05:15:00,2023-08-15 08:35:00,S,12.275,12.31600391437932,12.31600391437932,12.172490214051702,-1.0,-1.329,sl,40
2023-08-15 11:45:00,2023-08-15 12:50:00,S,12.3,12.321075114030755,12.321075114030755,12.247312214923115,-1.0,-1.642,sl,13
2023-08-15 14:10:00,2023-08-15 16:40:00,S,12.3,12.209022078112124,12.336391168755151,12.209022078112124,2.5,2.128,tp,30
2023-08-15 16:45:00,2023-08-15 19:05:00,S,12.21,12.055667077005392,12.271733169197844,12.055667077005392,2.5,2.282,tp,28
2023-08-15 19:10:00,2023-08-16 03:10:00,S,11.595,11.815,12.219196118771757,10.03450970307061,-0.352,-0.373,time,96
2023-08-16 05:40:00,2023-08-16 12:15:00,S,11.73,11.562781579261499,11.796887368295401,11.562781579261499,2.5,2.307,tp,79
2023-08-16 12:20:00,2023-08-16 20:20:00,S,11.54,11.485,11.688228987258245,11.169427531854383,0.371,0.285,time,96
2023-08-16 20:30:00,2023-08-17 04:30:00,S,11.25,11.42,11.54646365502009,10.508840862449773,-0.573,-0.615,time,96
2023-08-17 10:45:00,2023-08-17 15:35:00,S,11.42,11.215540451709096,11.501783819316362,11.215540451709096,2.5,2.346,tp,58
2023-08-17 15:40:00,2023-08-17 21:40:00,S,11.165,10.602258897944377,11.390096440822248,10.602258897944377,2.5,2.445,tp,72
2023-08-17 21:45:00,2023-08-18 05:45:00,S,9.605,10.725,11.229241406116543,5.544396484708644,-0.69,-0.696,time,96
2023-08-18 11:30:00,2023-08-18 11:40:00,S,10.84,10.911825562991508,10.911825562991508,10.66043609252123,-1.0,-1.166,sl,2
2023-08-18 13:15:00,2023-08-18 13:45:00,S,10.835,10.871417451597138,10.871417451597138,10.743956371007158,-1.0,-1.327,sl,6
2023-08-18 14:00:00,2023-08-18 22:00:00,S,10.79,10.785,10.883395222482996,10.556511943792508,0.054,-0.074,time,96
2023-08-19 02:00:00,2023-08-19 10:00:00,S,10.74,10.73,10.86211014561819,10.434724635954524,0.082,-0.015,time,96
2023-08-19 12:20:00,2023-08-19 13:25:00,S,10.7,10.746858516107384,10.746858516107384,10.582853709731538,-1.0,-1.251,sl,13
2023-08-19 20:25:00,2023-08-20 00:20:00,S,10.76,10.827192664296474,10.827192664296474,10.592018339258814,-1.0,-1.176,sl,47
2023-08-20 05:55:00,2023-08-20 09:45:00,S,10.76,10.801351738072444,10.801351738072444,10.656620654818887,-1.0,-1.286,sl,46
2023-08-20 10:05:00,2023-08-20 18:05:00,L,10.81,10.85,10.773711040686939,10.900722398282655,1.102,0.775,time,96
2023-08-20 20:45:00,2023-08-21 00:00:00,L,10.91,10.8429310320429,10.8429310320429,11.07767241989275,-1.0,-1.179,sl,39
2023-08-21 00:10:00,2023-08-21 07:30:00,S,10.84,10.71105798063762,10.891576807744952,10.71105798063762,2.5,2.269,tp,88
2023-08-21 07:35:00,2023-08-21 10:05:00,S,10.73,10.600479445126677,10.78180822194933,10.600479445126677,2.5,2.272,tp,30
2023-08-21 10:10:00,2023-08-21 15:25:00,S,10.58,10.261724648988498,10.707310140404601,10.261724648988498,2.5,2.409,tp,63
2023-08-21 15:30:00,2023-08-21 23:30:00,S,10.245,10.365,10.516411661716832,9.566470845707917,-0.442,-0.484,time,96
2023-08-21 23:50:00,2023-08-22 03:25:00,S,10.355,10.276456032606976,10.38641758695721,10.276456032606976,2.5,2.137,tp,43
2023-08-22 04:20:00,2023-08-22 12:20:00,S,10.265,10.22,10.331427611578185,10.09893097105454,0.677,0.507,time,96
2023-08-22 13:25:00,2023-08-22 16:00:00,S,10.18,9.96135913852427,10.267456344590292,9.96135913852427,2.5,2.372,tp,31
2023-08-22 16:05:00,2023-08-22 23:10:00,S,9.985,10.144119966201584,10.144119966201584,9.587200084496036,-1.0,-1.069,sl,85
2023-08-23 12:40:00,2023-08-23 13:45:00,S,10.09,10.14157827250234,10.14157827250234,9.96105431874415,-1.0,-1.215,sl,13
2023-08-23 15:05:00,2023-08-23 23:05:00,L,10.26,10.33,10.16676929368583,10.493076765785425,0.751,0.63,time,96
2023-08-24 01:40:00,2023-08-24 09:00:00,S,10.3,10.34139261421035,10.34139261421035,10.19651846447413,-1.0,-1.274,sl,88
2023-08-24 09:05:00,2023-08-24 10:10:00,L,10.35,10.278328165412875,10.278328165412875,10.529179586467812,-1.0,-1.159,sl,13
2023-08-24 12:10:00,2023-08-24 14:40:00,S,10.28,10.100641337534391,10.351743464986242,10.100641337534391,2.5,2.342,tp,30
2023-08-24 14:45:00,2023-08-24 22:45:00,S,10.105,10.065,10.278402361018486,9.671494097453786,0.231,0.167,time,96
2023-08-25 01:20:00,2023-08-25 02:00:00,S,10.035,10.092142093853846,10.092142093853846,9.892144765365384,-1.0,-1.193,sl,8
2023-08-26 05:35:00,2023-08-26 09:45:00,S,10.015,10.05089002497612,10.05089002497612,9.925274937559703,-1.0,-1.307,sl,50
2023-08-26 14:30:00,2023-08-26 14:40:00,S,10.015,10.03590788945982,10.03590788945982,9.962730276350452,-1.0,-1.527,sl,2
2023-08-26 17:10:00,2023-08-26 21:25:00,S,10.005,10.0509137245142,10.0509137245142,9.890215688714505,-1.0,-1.24,sl,51
2023-08-26 21:50:00,2023-08-27 05:50:00,L,10.08,10.105,10.00857899331316,10.258552516717101,0.35,0.195,time,96
2023-08-27 08:15:00,2023-08-27 16:15:00,L,10.15,10.2,10.09340421776674,10.291489455583154,0.883,0.686,time,96
2023-08-27 21:20:00,2023-08-27 21:50:00,L,10.205,10.158696147229731,10.158696147229731,10.320759631925672,-1.0,-1.242,sl,6
2023-08-28 00:30:00,2023-08-28 08:30:00,S,10.13,9.98,10.226990281297665,9.88752429675584,1.547,1.432,time,96
2023-08-28 12:20:00,2023-08-28 15:30:00,L,10.12,10.337280019956825,10.033087992017268,10.337280019956825,2.5,2.372,tp,38
2023-08-28 15:35:00,2023-08-28 23:35:00,L,10.355,10.355,10.222322888170567,10.686692779573585,0.0,-0.086,time,96
2023-08-28 23:45:00,2023-08-29 01:15:00,L,10.365,10.518970440372433,10.303411823851027,10.518970440372433,2.5,2.315,tp,18
2023-08-29 01:20:00,2023-08-29 06:30:00,L,10.57,10.386694157575404,10.386694157575404,11.02826460606149,-1.0,-1.063,sl,62
2023-08-29 13:45:00,2023-08-29 14:20:00,L,10.425,10.59270550937141,10.357917796251437,10.59270550937141,2.5,2.329,tp,7
2023-08-29 14:25:00,2023-08-29 22:25:00,L,10.68,10.825,10.353710664116972,11.495723339707567,0.444,0.408,time,96
2023-08-30 11:45:00,2023-08-30 17:50:00,S,10.515,10.348692194767521,10.581523122092992,10.348692194767521,2.5,2.326,tp,73
2023-08-30 17:55:00,2023-08-30 20:10:00,S,10.35,10.406837063830126,10.406837063830126,10.207907340424683,-1.0,-1.2,sl,27
2023-08-31 00:25:00,2023-08-31 08:25:00,S,10.36,10.34,10.421545651788543,10.206135870528641,0.325,0.14,time,96
2023-08-31 09:10:00,2023-08-31 09:20:00,S,10.315,10.366346380749814,10.366346380749814,10.186634048125462,-1.0,-1.221,sl,2
2023-08-31 11:15:00,2023-08-31 12:00:00,L,10.435,10.383494683396489,10.383494683396489,10.563763291508781,-1.0,-1.223,sl,9
2023-08-31 13:10:00,2023-08-31 15:40:00,S,10.385,10.240296876325473,10.44288124946981,10.240296876325473,2.5,2.303,tp,30
2023-08-31 15:45:00,2023-08-31 23:45:00,S,10.185,9.98,10.364546342610538,9.736134143473656,1.142,1.079,time,96
2023-09-01 03:15:00,2023-09-01 03:25:00,S,9.955,9.98639542902364,9.98639542902364,9.876511427440901,-1.0,-1.349,sl,2
2023-09-01 07:25:00,2023-09-01 09:10:00,S,9.975,10.021410627579554,10.021410627579554,9.858973431051114,-1.0,-1.236,sl,21
2023-09-01 13:50:00,2023-09-01 17:10:00,S,9.965,9.79745731633251,10.032017073466996,9.79745731633251,2.5,2.336,tp,40
2023-09-01 17:15:00,2023-09-01 20:30:00,S,9.75,9.959345922304399,9.959345922304399,9.226635194239002,-1.0,-1.051,sl,39
2023-09-02 06:30:00,2023-09-02 14:30:00,S,9.885,9.83,9.936404819342053,9.756487951644866,1.07,0.858,time,96
2023-09-02 17:55:00,2023-09-02 19:15:00,S,9.805,9.856599756657248,9.856599756657248,9.67600060835688,-1.0,-1.209,sl,16
2023-09-03 05:35:00,2023-09-03 07:25:00,L,9.97,9.929004606497298,9.929004606497298,10.072488483756757,-1.0,-1.268,sl,22
2023-09-03 07:30:00,2023-09-03 15:30:00,S,9.925,9.885,9.98611637261739,9.772209068456526,0.654,0.476,time,96
2023-09-03 16:45:00,2023-09-03 18:10:00,S,9.84,9.886778642049068,9.886778642049068,9.72305339487733,-1.0,-1.231,sl,17
2023-09-03 22:00:00,2023-09-04 02:10:00,S,9.835,9.92157114736514,9.92157114736514,9.61857213158715,-1.0,-1.125,sl,50
2023-09-04 02:25:00,2023-09-04 06:00:00,L,9.94,9.873613101794621,9.873613101794621,10.105967245513444,-1.0,-1.165,sl,43
2023-09-04 06:05:00,2023-09-04 14:05:00,S,9.88,9.855,9.971688970035043,9.650777574912397,0.273,0.154,time,96
2023-09-04 15:15:00,2023-09-04 15:35:00,S,9.81,9.8925318119802,9.8925318119802,9.6036704700495,-1.0,-1.131,sl,4
2023-09-04 19:15:00,2023-09-04 21:55:00,S,9.815,9.698946485891463,9.861421405643414,9.698946485891463,2.5,2.267,tp,32
2023-09-04 22:00:00,2023-09-05 06:00:00,S,9.715,9.785,9.833288580946531,9.41927854763367,-0.592,-0.682,time,96
2023-09-05 10:20:00,2023-09-05 18:20:00,L,9.87,9.905,9.793282010683372,10.061794973291567,0.456,0.315,time,96
2023-09-05 21:30:00,2023-09-06 05:30:00,L,9.945,9.875,9.838013340635687,10.212466648410784,-0.654,-0.757,time,96
2023-09-06 09:50:00,2023-09-06 14:00:00,L,9.925,9.878825915599736,9.878825915599736,10.040435211000663,-1.0,-1.236,sl,50
2023-09-06 15:20:00,2023-09-06 17:50:00,S,9.835,9.912556771254614,9.912556771254614,9.641108071863467,-1.0,-1.139,sl,30
2023-09-06 17:55:00,2023-09-07 01:55:00,L,9.945,9.95,9.731718455342438,10.478203861643905,0.023,-0.028,time,96
2023-09-07 04:05:00,2023-09-07 05:10:00,L,10.005,9.949062410845091,9.949062410845091,10.144843972887276,-1.0,-1.197,sl,13
2023-09-07 11:15:00,2023-09-07 16:35:00,S,9.9,9.961135936867226,9.961135936867226,9.747160157831935,-1.0,-1.178,sl,64
2023-09-07 16:50:00,2023-09-07 21:05:00,L,9.945,10.06182687969973,9.898269248120108,10.06182687969973,2.5,2.266,tp,51
2023-09-07 21:10:00,2023-09-08 05:10:00,L,10.06,10.08,9.962559065324209,10.30360233668948,0.205,0.092,time,96
2023-09-08 10:05:00,2023-09-08 18:05:00,S,9.93,9.9,10.057281998644246,9.611795003389384,0.236,0.15,time,96
2023-09-08 18:30:00,2023-09-08 19:30:00,S,9.87,9.906332916621398,9.906332916621398,9.7791677084465,-1.0,-1.299,sl,12
2023-09-09 00:55:00,2023-09-09 08:55:00,S,9.875,9.88,9.920710414200837,9.760723964497908,-0.109,-0.347,time,96
2023-09-09 13:10:00,2023-09-09 15:05:00,S,9.87,9.890601933708941,9.890601933708941,9.818495165727644,-1.0,-1.527,sl,23
2023-09-09 21:40:00,2023-09-10 00:15:00,S,9.855,9.80310604500426,9.875757581998297,9.80310604500426,2.5,1.978,tp,31
2023-09-10 00:20:00,2023-09-10 01:05:00,S,9.78,9.614555154063364,9.846177938374653,9.614555154063364,2.5,2.337,tp,9
2023-09-10 01:10:00,2023-09-10 04:20:00,S,9.66,9.237254492406432,9.829098203037427,9.237254492406432,2.5,2.437,tp,38
2023-09-10 04:25:00,2023-09-10 12:25:00,S,9.41,9.55,9.657567849440118,8.791080376399705,-0.566,-0.607,time,96
2023-09-10 15:05:00,2023-09-10 23:05:00,S,9.52,9.46,9.698578920994178,9.073552697514554,0.336,0.277,time,96
2023-09-11 00:45:00,2023-09-11 06:00:00,S,9.395,9.492796036868269,9.492796036868269,9.150509907829328,-1.0,-1.106,sl,63
2023-09-11 08:15:00,2023-09-11 10:20:00,S,9.405,9.175035500302629,9.496985799878948,9.175035500302629,2.5,2.388,tp,25
2023-09-11 10:25:00,2023-09-11 18:25:00,S,9.195,9.25,9.356467297234168,8.79133175691458,-0.341,-0.403,time,96
2023-09-11 19:25:00,2023-09-12 00:05:00,S,9.135,9.258166126639004,9.258166126639004,8.82708468340249,-1.0,-1.082,sl,56
2023-09-12 03:20:00,2023-09-12 11:20:00,L,9.395,9.455,9.20170630763323,9.878234230916922,0.31,0.257,time,96
2023-09-12 14:45:00,2023-09-12 16:30:00,S,9.33,9.42763122491066,9.42763122491066,9.085921937723349,-1.0,-1.105,sl,21
2023-09-12 17:00:00,2023-09-13 01:00:00,S,9.275,9.24,9.438739617597639,8.865650956005904,0.214,0.151,time,96
2023-09-13 03:45:00,2023-09-13 07:35:00,S,9.19,9.241407444332689,9.241407444332689,9.061481389168277,-1.0,-1.197,sl,46
2023-09-13 12:35:00,2023-09-13 14:35:00,S,9.2,9.272464006516731,9.272464006516731,9.018839983708169,-1.0,-1.14,sl,24
2023-09-13 18:35:00,2023-09-13 21:30:00,S,9.22,9.317048089685192,9.317048089685192,8.977379775787021,-1.0,-1.105,sl,35
2023-09-13 21:35:00,2023-09-14 00:50:00,L,9.32,9.435577214097629,9.273769114360949,9.435577214097629,2.5,2.278,tp,39
2023-09-14 00:55:00,2023-09-14 05:20:00,L,9.44,9.276587863263561,9.276587863263561,9.848530341841094,-1.0,-1.064,sl,53
2023-09-14 05:25:00,2023-09-14 07:40:00,S,9.27,9.336709669962998,9.336709669962998,9.103225825092505,-1.0,-1.153,sl,27
2023-09-14 07:45:00,2023-09-14 08:45:00,L,9.34,9.288500187790284,9.288500187790284,9.46874953052429,-1.0,-1.199,sl,12
2023-09-14 09:40:00,2023-09-14 11:00:00,S,9.27,9.30117433420048,9.30117433420048,9.192064164498799,-1.0,-1.327,sl,16
2023-09-14 11:55:00,2023-09-14 19:55:00,L,9.33,9.385,9.2684694763933,9.483826309016752,0.894,0.727,time,96
2023-09-15 02:05:00,2023-09-15 07:05:00,L,9.495,9.362567573037753,9.362567573037753,9.826081067405616,-1.0,-1.079,sl,60
2023-09-15 07:10:00,2023-09-15 15:10:00,S,9.355,9.21,9.441992495480902,9.137518761297748,1.667,1.549,time,96
2023-09-15 22:20:00,2023-09-16 02:05:00,L,9.35,9.554611788384832,9.268155284646067,9.554611788384832,2.5,2.374,tp,45
2023-09-16 02:10:00,2023-09-16 10:10:00,L,9.515,9.47,9.387164547153773,9.834588632115569,-0.352,-0.434,time,96
2023-09-16 17:45:00,2023-09-16 19:15:00,L,9.465,9.403554717962912,9.403554717962912,9.61861320509272,-1.0,-1.169,sl,18
2023-09-16 19:20:00,2023-09-17 00:15:00,S,9.395,9.266747495875933,9.446301001649626,9.266747495875933,2.5,2.299,tp,59
2023-09-17 00:20:00,2023-09-17 08:20:00,S,9.305,9.23,9.382161701560449,9.112095746098877,0.972,0.839,time,96
2023-09-17 12:50:00,2023-09-17 20:40:00,S,9.23,9.101649362839964,9.281340254864014,9.101649362839964,2.5,2.302,tp,94
2023-09-17 20:45:00,2023-09-18 01:20:00,S,9.075,8.80489966707276,9.183040133170895,8.80489966707276,2.5,2.408,tp,55
2023-09-18 01:25:00,2023-09-18 03:30:00,S,8.85,9.08394595230638,9.08394595230638,8.26513511923405,-1.0,-1.042,sl,25
2023-09-18 10:20:00,2023-09-18 17:25:00,L,9.225,9.137392784565975,9.137392784565975,9.44401803858506,-1.0,-1.116,sl,85
2023-09-18 17:35:00,2023-09-19 01:35:00,S,9.08,9.08,9.273818983184443,8.595452542038894,-0.0,-0.052,time,96
2023-09-19 06:00:00,2023-09-19 07:30:00,S,9.1,9.166172139433117,9.166172139433117,8.934569651417206,-1.0,-1.151,sl,18
2023-09-19 08:20:00,2023-09-19 09:25:00,L,9.18,9.28338551987795,9.13864579204882,9.28338551987795,2.5,2.256,tp,13
2023-09-19 09:30:00,2023-09-19 13:55:00,L,9.29,9.162627810571701,9.162627810571701,9.608430473570746,-1.0,-1.08,sl,53
2023-09-19 14:05:00,2023-09-19 15:30:00,S,9.11,9.222904185223237,9.222904185223237,8.827739536941905,-1.0,-1.089,sl,17
2023-09-19 15:55:00,2023-09-19 20:05:00,L,9.26,9.15184026999482,9.15184026999482,9.53039932501295,-1.0,-1.094,sl,50
2023-09-19 20:10:00,2023-09-19 21:50:00,S,9.15,9.206719073222908,9.206719073222908,9.00820231694273,-1.0,-1.177,sl,20
2023-09-19 21:55:00,2023-09-20 00:30:00,L,9.21,9.133144397958464,9.133144397958464,9.402139005103843,-1.0,-1.132,sl,31
2023-09-20 00:35:00,2023-09-20 08:35:00,S,9.125,9.085,9.23234259758779,8.856643506030526,0.373,0.279,time,96
2023-09-20 13:25:00,2023-09-20 14:35:00,S,8.995,9.087333191500292,9.087333191500292,8.764167021249268,-1.0,-1.107,sl,14
2023-09-20 18:05:00,2023-09-20 18:30:00,S,9.05,9.112370044126287,9.112370044126287,8.894074889684285,-1.0,-1.16,sl,5
2023-09-20 19:15:00,2023-09-21 03:15:00,S,9.01,9.02,9.12769462759505,8.715763431012375,-0.085,-0.169,time,96
2023-09-21 06:10:00,2023-09-21 10:50:00,S,9.0,8.820538678322785,9.071784528670886,8.820538678322785,2.5,2.362,tp,56
2023-09-21 10:55:00,2023-09-21 18:55:00,S,8.795,8.9,8.92370521577932,8.4732369605517,-0.816,-0.891,time,96
2023-09-21 20:10:00,2023-09-22 01:20:00,S,8.83,8.891437397855766,8.891437397855766,8.676406505360585,-1.0,-1.158,sl,62
2023-09-22 12:55:00,2023-09-22 16:40:00,S,8.88,8.801736040968173,8.911305583612732,8.801736040968173,2.5,2.188,tp,45
2023-09-22 16:45:00,2023-09-22 21:40:00,S,8.805,8.851690827160363,8.851690827160363,8.688272932099093,-1.0,-1.207,sl,59
2023-09-23 15:25:00,2023-09-23 23:25:00,S,8.905,8.87,8.956303892429013,8.776740268927465,0.682,0.491,time,96
2023-09-24 02:05:00,2023-09-24 10:05:00,L,8.925,8.945,8.868734394994828,9.065664012512933,0.355,0.181,time,96
2023-09-24 12:05:00,2023-09-24 19:15:00,L,9.0,8.912955120408634,8.912955120408634,9.217612198978415,-1.0,-1.114,sl,86
2023-09-24 19:20:00,2023-09-25 00:20:00,S,8.91,8.642120886525774,9.01715164538969,8.642120886525774,2.5,2.409,tp,60
2023-09-25 00:25:00,2023-09-25 07:40:00,S,8.69,8.869490648179186,8.869490648179186,8.241273379552034,-1.0,-1.053,sl,87
2023-09-25 11:35:00,2023-09-25 15:35:00,S,8.805,8.861389054172403,8.861389054172403,8.664027364568993,-1.0,-1.172,sl,48
2023-09-25 16:05:00,2023-09-26 00:05:00,L,8.89,8.96,8.792705081770734,9.133237295573167,0.719,0.619,time,96
2023-09-26 00:10:00,2023-09-26 00:20:00,L,8.96,8.928707592290344,8.928707592290344,9.038231019274143,-1.0,-1.315,sl,2
2023-09-26 01:15:00,2023-09-26 09:15:00,L,8.975,8.985,8.89326577222869,9.179335569428275,0.122,0.002,time,96
2023-09-26 09:45:00,2023-09-26 13:30:00,L,9.025,8.9635534064283,8.9635534064283,9.17861648392925,-1.0,-1.162,sl,45
2023-09-26 15:35:00,2023-09-26 16:35:00,S,8.94,8.976770598453822,8.976770598453822,8.848073503865443,-1.0,-1.267,sl,12
2023-09-26 20:00:00,2023-09-26 21:20:00,L,8.98,8.923563526987516,8.923563526987516,9.12109118253121,-1.0,-1.175,sl,16
2023-09-26 22:15:00,2023-09-27 06:15:00,L,9.0,9.01,8.848035399685315,9.379911500786712,0.066,0.001,time,96
2023-09-27 09:55:00,2023-09-27 14:15:00,L,9.055,8.968027439768818,8.968027439768818,9.272431400577954,-1.0,-1.115,sl,52
2023-09-27 14:20:00,2023-09-27 22:20:00,S,8.995,8.91,9.147984062676173,8.612539843309566,0.556,0.491,time,96
2023-09-28 01:30:00,2023-09-28 04:10:00,L,8.985,8.92791436576304,8.92791436576304,9.127714085592396,-1.0,-1.173,sl,32
2023-09-28 05:30:00,2023-09-28 13:30:00,L,9.02,9.15,8.93345155185385,9.236371120365375,1.502,1.387,time,96
2023-09-28 14:05:00,2023-09-28 17:35:00,L,9.18,9.334940171991114,9.118023931203554,9.334940171991114,2.5,2.337,tp,42
2023-09-28 17:40:00,2023-09-28 18:35:00,L,9.335,9.247650202174377,9.247650202174377,9.55337449456406,-1.0,-1.118,sl,11
2023-09-29 00:00:00,2023-09-29 08:00:00,L,9.265,9.33,9.21380973573022,9.392975660674454,1.27,1.071,time,96
2023-09-29 17:50:00,2023-09-29 19:55:00,S,9.155,9.076276219322141,9.186489512271143,9.076276219322141,2.5,2.18,tp,25
2023-09-29 20:00:00,2023-09-29 23:15:00,S,9.08,9.167032726796378,9.167032726796378,8.862418183009055,-1.0,-1.115,sl,39
2023-09-29 23:20:00,2023-09-30 02:00:00,L,9.17,9.113742220774833,9.113742220774833,9.310644448062916,-1.0,-1.179,sl,32
2023-09-30 02:05:00,2023-09-30 07:30:00,S,9.11,9.18163840571146,9.18163840571146,8.930903985721347,-1.0,-1.14,sl,65
2023-09-30 07:35:00,2023-09-30 12:45:00,L,9.175,9.148721951522367,9.148721951522367,9.240695121194086,-1.0,-1.384,sl,62
2023-09-30 13:55:00,2023-09-30 21:55:00,L,9.2,9.225,9.133245985761537,9.366885035596155,0.375,0.223,time,96
2023-10-01 02:00:00,2023-10-01 06:10:00,L,9.305,9.44584486684923,9.248662053260308,9.44584486684923,2.5,2.318,tp,50
2023-10-01 06:15:00,2023-10-01 14:15:00,L,9.44,9.625,9.312681427130256,9.758296432174358,1.453,1.371,time,96
2023-10-01 20:20:00,2023-10-01 22:15:00,L,9.525,9.706282386885631,9.452487045245748,9.706282386885631,2.5,2.356,tp,23
2023-10-01 22:35:00,2023-10-02 06:35:00,L,9.79,9.715,9.519282862664507,10.466792843338729,-0.277,-0.317,time,96
2023-10-02 07:40:00,2023-10-02 11:45:00,L,9.76,9.672174267798267,9.672174267798267,9.979564330504331,-1.0,-1.122,sl,49
2023-10-02 15:50:00,2023-10-02 21:45:00,S,9.5,9.178760088101125,9.62849596475955,9.178760088101125,2.5,2.419,tp,71
2023-10-02 21:50:00,2023-10-03 05:50:00,S,9.235,9.285,9.344069436102505,8.962326409743737,-0.458,-0.552,time,96
2023-10-03 14:50:00,2023-10-03 21:50:00,S,9.29,9.423282979197262,9.423282979197262,8.956792552006842,-1.0,-1.077,sl,84
2023-10-03 22:00:00,2023-10-04 00:25:00,L,9.43,9.332280179845126,9.332280179845126,9.674299550387182,-1.0,-1.106,sl,29
2023-10-04 00:40:00,2023-10-04 05:25:00,S,9.21,9.441148883642262,9.441148883642262,8.632127790894348,-1.0,-1.044,sl,57
2023-10-04 05:30:00,2023-10-04 13:30:00,L,9.445,9.69,9.286851644858551,9.840370887853624,1.549,1.483,time,96
2023-10-04 15:40:00,2023-10-04 22:45:00,L,9.775,10.272841533285213,9.575863386685915,10.272841533285213,2.5,2.446,tp,85
2023-10-04 22:50:00,2023-10-05 04:05:00,L,10.2,10.014233228731385,10.014233228731385,10.664416928171535,-1.0,-1.06,sl,63
2023-10-05 08:45:00,2023-10-05 12:25:00,L,10.06,9.951832378450211,9.951832378450211,10.330419053874474,-1.0,-1.102,sl,44
2023-10-05 18:20:00,2023-10-06 02:20:00,L,9.99,10.305,9.826203904683549,10.39949023829113,1.923,1.856,time,96
2023-10-06 02:25:00,2023-10-06 10:25:00,L,10.305,10.66,10.125969387747643,10.75257653063089,1.983,1.92,time,96
2023-10-06 10:35:00,2023-10-06 12:30:00,L,10.72,10.570359121212396,10.570359121212396,11.094102196969011,-1.0,-1.079,sl,23
2023-10-06 13:35:00,2023-10-06 21:35:00,L,10.79,10.72,10.508541212907815,11.49364696773046,-0.249,-0.291,time,96
2023-10-07 00:10:00,2023-10-07 04:20:00,L,10.755,11.101280842349423,10.616487663060232,11.101280842349423,2.5,2.415,tp,50
2023-10-07 04:25:00,2023-10-07 05:40:00,L,11.135,11.773435113939698,10.879625954424121,11.773435113939698,2.5,2.452,tp,15
2023-10-07 05:45:00,2023-10-07 06:15:00,L,11.535,11.022489827785746,11.022489827785746,12.816275430535637,-1.0,-1.025,sl,6
2023-10-07 12:05:00,2023-10-07 14:45:00,S,10.455,10.715542532381434,10.715542532381434,9.803643669046416,-1.0,-1.044,sl,32
2023-10-07 18:45:00,2023-10-08 00:55:00,S,10.32,10.42866435771592,10.42866435771592,10.0483391057102,-1.0,-1.104,sl,74
2023-10-08 03:55:00,2023-10-08 04:50:00,L,10.51,10.361991652142121,10.361991652142121,10.880020869644696,-1.0,-1.078,sl,11
2023-10-08 06:15:00,2023-10-08 10:25:00,S,10.3,10.041817109938897,10.403273156024442,10.041817109938897,2.5,2.39,tp,50
2023-10-08 10:30:00,2023-10-08 18:30:00,S,10.06,9.99,10.153463770455774,9.826340573860566,0.749,0.631,time,96
2023-10-09 00:10:00,2023-10-09 08:10:00,S,10.035,9.905,10.147233684966638,9.754415787583405,1.158,1.06,time,96
2023-10-09 08:35:00,2023-10-09 09:25:00,S,9.825,9.927778193851985,9.927778193851985,9.568054515370035,-1.0,-1.105,sl,10
2023-10-09 09:50:00,2023-10-09 17:50:00,S,9.705,9.48,9.956121522469152,9.07719619382712,0.896,0.853,time,96
2023-10-09 21:15:00,2023-10-09 23:10:00,S,9.415,9.50252819346334,9.50252819346334,9.196179516341648,-1.0,-1.118,sl,23
2023-10-10 12:10:00,2023-10-10 13:35:00,S,9.645,9.757806920119764,9.757806920119764,9.362982699700588,-1.0,-1.094,sl,17
2023-10-10 16:00:00,2023-10-11 00:00:00,S,9.6,9.53,9.769261432282606,9.176846419293483,0.414,0.351,time,96
2023-10-11 02:25:00,2023-10-11 10:25:00,S,9.44,9.4,9.517409442213207,9.246476394466981,0.517,0.383,time,96
2023-10-11 13:20:00,2023-10-11 14:00:00,S,9.35,9.457408771083697,9.457408771083697,9.081478072290755,-1.0,-1.096,sl,8
2023-10-11 15:30:00,2023-10-11 23:30:00,S,9.33,9.295,9.453859723930467,9.020350690173832,0.283,0.2,time,96
2023-10-12 00:45:00,2023-10-12 08:45:00,S,9.255,9.125,9.317177273001084,9.099556817497293,2.091,1.927,time,96
2023-10-12 09:00:00,2023-10-12 09:55:00,S,9.105,8.94938074975567,9.167247700097732,8.94938074975567,2.5,2.339,tp,11
2023-10-12 10:00:00,2023-10-12 18:00:00,S,8.995,9.065,9.128959487950697,8.660101280123255,-0.523,-0.596,time,96
2023-10-13 03:40:00,2023-10-13 07:25:00,S,9.11,9.166620944891235,9.166620944891235,8.96844763777191,-1.0,-1.177,sl,45
2023-10-13 10:00:00,2023-10-13 12:30:00,S,9.1,9.151502636692678,9.151502636692678,8.971243408268304,-1.0,-1.194,sl,30
2023-10-13 14:55:00,2023-10-13 19:10:00,S,9.095,9.171723537314408,9.171723537314408,8.903191156713982,-1.0,-1.13,sl,51
2023-10-13 20:55:00,2023-10-14 04:55:00,L,9.235,9.215,9.116966398677748,9.530084003305628,-0.169,-0.256,time,96
2023-10-14 06:40:00,2023-10-14 08:30:00,S,9.155,9.206214095409164,9.206214095409164,9.026964761477087,-1.0,-1.197,sl,22
2023-10-14 09:05:00,2023-10-14 12:05:00,L,9.21,9.178879016939465,9.178879016939465,9.28780245765134,-1.0,-1.326,sl,36
2023-10-14 12:15:00,2023-10-14 16:05:00,S,9.17,9.216057936057425,9.216057936057425,9.054855159856437,-1.0,-1.219,sl,46
2023-10-14 16:10:00,2023-10-14 19:10:00,L,9.215,9.148590778577507,9.148590778577507,9.381023053556232,-1.0,-1.153,sl,36
2023-10-14 22:40:00,2023-10-15 01:30:00,S,9.125,9.18157762362003,9.18157762362003,8.983555940949927,-1.0,-1.177,sl,34
2023-10-15 01:35:00,2023-10-15 09:35:00,L,9.175,9.135,9.113819748818035,9.327950627954916,-0.654,-0.819,time,96
2023-10-15 09:40:00,2023-10-15 17:40:00,S,9.135,9.155,9.222399209529968,8.91650197617508,-0.229,-0.344,time,96
2023-10-15 18:05:00,2023-10-16 01:30:00,L,9.165,9.268276538377659,9.123689384648936,9.268276538377659,2.5,2.256,tp,89
2023-10-16 01:35:00,2023-10-16 05:25:00,L,9.28,9.522607179061652,9.182957128375339,9.522607179061652,2.5,2.395,tp,46
2023-10-16 05:30:00,2023-10-16 13:30:00,L,9.52,9.7,9.341784255938043,9.965539360154892,1.01,0.951,time,96
2023-10-16 13:35:00,2023-10-16 13:40:00,L,9.7,9.488295974028892,9.488295974028892,10.229260064927768,-1.0,-1.05,sl,1
2023-10-16 18:55:00,2023-10-17 02:00:00,L,9.385,9.312975242790753,9.312975242790753,9.565061893023117,-1.0,-1.143,sl,85
2023-10-17 08:55:00,2023-10-17 09:05:00,L,9.35,9.308497742876341,9.308497742876341,9.453755642809146,-1.0,-1.248,sl,2
2023-10-17 12:35:00,2023-10-17 13:45:00,S,9.24,9.047905800053933,9.316837679978427,9.047905800053933,2.5,2.368,tp,14
2023-10-17 13:50:00,2023-10-17 21:50:00,S,9.105,9.14,9.249931487036381,8.742671282409049,-0.241,-0.311,time,96
2023-10-18 00:40:00,2023-10-18 04:55:00,S,9.05,9.116722621422001,9.116722621422001,8.883193446444999,-1.0,-1.149,sl,51
2023-10-18 10:00:00,2023-10-18 18:00:00,S,9.08,8.92,9.192433915482532,8.798915211293671,1.423,1.334,time,96
2023-10-18 19:30:00,2023-10-19 01:35:00,S,8.915,8.82319180396241,8.951723278415034,8.82319180396241,2.5,2.233,tp,73
2023-10-19 01:40:00,2023-10-19 05:00:00,S,8.77,8.897466580121856,8.897466580121856,8.45133354969536,-1.0,-1.076,sl,40
2023-10-19 09:10:00,2023-10-19 13:20:00,S,8.875,8.936599444525179,8.936599444525179,8.721001388687053,-1.0,-1.158,sl,50
2023-10-19 19:55:00,2023-10-20 03:55:00,L,9.07,9.225,8.973441891396368,9.311395271509081,1.605,1.502,time,96
2023-10-20 07:45:00,2023-10-20 10:40:00,L,9.235,9.37692602621177,9.178229589515292,9.37692602621177,2.5,2.321,tp,35
2023-10-20 10:45:00,2023-10-20 11:00:00,L,9.325,9.273472648939247,9.273472648939247,9.45381837765188,-1.0,-1.199,sl,3
2023-10-20 17:50:00,2023-10-21 01:50:00,L,9.185,9.22,9.042389550502673,9.54152612374332,0.245,0.175,time,96
2023-10-21 06:15:00,2023-10-21 07:15:00,L,9.275,9.428368500515305,9.213652599793878,9.428368500515305,2.5,2.334,tp,12
2023-10-21 07:20:00,2023-10-21 15:20:00,L,9.44,9.66,9.266829352903908,9.872926617740227,1.27,1.21,time,96
2023-10-21 16:00:00,2023-10-22 00:00:00,L,9.725,9.6,9.570862568993272,10.110343577516819,-0.811,-0.88,time,96
2023-10-22 00:50:00,2023-10-22 02:15:00,L,9.685,9.571791708533866,9.571791708533866,9.968020728665337,-1.0,-1.094,sl,17
2023-10-22 05:20:00,2023-10-22 05:55:00,L,9.695,9.988901129603311,9.577439548158676,9.988901129603311,2.5,2.409,tp,7
2023-10-22 06:00:00,2023-10-22 14:00:00,L,9.98,9.795,9.643660006757953,10.82084998310512,-0.55,-0.583,time,96
2023-10-22 17:45:00,2023-10-23 01:30:00,L,9.875,10.157090029185147,9.762163988325941,10.157090029185147,2.5,2.404,tp,93
2023-10-23 01:35:00,2023-10-23 03:45:00,L,10.075,10.305238150987872,9.98290473960485,10.305238150987872,2.5,2.38,tp,26
2023-10-23 03:50:00,2023-10-23 09:10:00,L,10.28,10.069196494805235,10.069196494805235,10.80700876298691,-1.0,-1.054,sl,64
2023-10-23 20:00:00,2023-10-23 22:40:00,L,10.2,10.522989513965513,10.070804194413794,10.522989513965513,2.5,2.413,tp,32
2023-10-23 22:45:00,2023-10-24 06:45:00,L,10.435,10.375,10.138216416812378,11.176958957969056,-0.202,-0.241,time,96
2023-10-24 09:15:00,2023-10-24 12:05:00,L,10.54,10.698839468175697,10.47646421272972,10.698839468175697,2.5,2.318,tp,34
2023-10-24 12:40:00,2023-10-24 14:20:00,L,10.75,10.545074719861251,10.545074719861251,11.262313200346872,-1.0,-1.058,sl,20
2023-10-24 15:25:00,2023-10-24 23:25:00,S,10.505,10.305,10.736887369801522,9.925281575496196,0.862,0.813,time,96
2023-10-25 01:05:00,2023-10-25 07:45:00,L,10.435,10.205245917863659,10.205245917863659,11.009385205340855,-1.0,-1.05,sl,80
2023-10-25 07:50:00,2023-10-25 15:30:00,S,10.22,10.576540755961076,10.576540755961076,9.328648110097312,-1.0,-1.032,sl,92
2023-10-25 15:35:00,2023-10-25 16:25:00,L,10.595,10.434798561605428,10.434798561605428,10.995503595986433,-1.0,-1.073,sl,10
2023-10-25 16:45:00,2023-10-26 00:45:00,S,10.365,10.505,10.647321668802215,9.659195827994463,-0.496,-0.536,time,96
2023-10-26 03:25:00,2023-10-26 11:25:00,L,10.875,11.17,10.624578113223183,11.501054716942042,1.178,1.13,time,96
2023-10-26 15:35:00,2023-10-26 21:50:00,S,10.495,10.894942734401127,10.894942734401127,9.49514316399718,-1.0,-1.029,sl,75
2023-10-26 21:55:00,2023-10-26 23:15:00,L,10.865,11.126020117588794,10.760591952964482,11.126020117588794,2.5,2.386,tp,16
2023-10-26 23:20:00,2023-10-27 00:25:00,L,11.125,10.915337839468782,10.915337839468782,11.649155401328045,-1.0,-1.058,sl,13
2023-10-27 01:05:00,2023-10-27 09:05:00,S,10.75,10.825,11.07592651725957,9.935183706851078,-0.23,-0.266,time,96
2023-10-27 09:10:00,2023-10-27 14:30:00,L,10.825,10.606218398215418,10.606218398215418,11.371954004461452,-1.0,-1.054,sl,64
2023-10-27 14:35:00,2023-10-27 22:35:00,S,10.615,10.53,10.830359659653352,10.07660085086662,0.395,0.34,time,96
2023-10-28 02:45:00,2023-10-28 05:20:00,L,10.66,10.878388109688942,10.572644756124424,10.878388109688942,2.5,2.366,tp,31
2023-10-28 05:25:00,2023-10-28 12:45:00,L,10.855,10.702213553395342,10.702213553395342,11.236966116511645,-1.0,-1.078,sl,88
2023-10-28 17:25:00,2023-10-29 01:25:00,L,10.915,10.905,10.776985439045252,11.260036402386868,-0.072,-0.159,time,96
2023-10-29 06:35:00,2023-10-29 14:30:00,L,10.92,11.163698159612245,10.822520736155102,11.163698159612245,2.5,2.377,tp,95
2023-10-29 14:35:00,2023-10-29 22:35:00,L,11.155,11.36,10.935393871591181,11.704015321022045,0.933,0.878,time,96
2023-10-30 07:15:00,2023-10-30 15:15:00,L,11.255,11.615,11.056728845478027,11.750677886304935,1.816,1.753,time,96
2023-10-31 06:15:00,2023-10-31 07:20:00,L,11.63,11.50652895421032,11.50652895421032,11.938677614474202,-1.0,-1.104,sl,13
2023-10-31 13:05:00,2023-10-31 21:05:00,S,11.475,11.28,11.715858657806955,10.872853355482611,0.81,0.757,time,96
2023-11-01 03:25:00,2023-11-01 06:00:00,S,11.23,10.960222229702449,11.337911108119021,10.960222229702449,2.5,2.386,tp,31
2023-11-01 06:05:00,2023-11-01 09:05:00,S,10.935,11.209337201032463,11.209337201032463,10.249156997418844,-1.0,-1.044,sl,36
2023-11-01 11:00:00,2023-11-01 12:55:00,S,11.02,11.178994651612431,11.178994651612431,10.622513370968921,-1.0,-1.076,sl,23
2023-11-01 18:05:00,2023-11-01 18:35:00,L,11.29,11.766119555931013,11.099552177627594,11.766119555931013,2.5,2.435,tp,6
2023-11-01 18:40:00,2023-11-02 02:40:00,L,11.72,12.295,11.104300991562518,13.259247521093709,0.934,0.913,time,96
2023-11-02 02:55:00,2023-11-02 05:05:00,L,12.385,12.123713667341537,12.123713667341537,13.038215831646156,-1.0,-1.052,sl,26
2023-11-02 15:10:00,2023-11-02 20:05:00,S,11.68,11.918226801638683,11.918226801638683,11.084432995903292,-1.0,-1.054,sl,59
2023-11-02 20:10:00,2023-11-03 00:25:00,L,11.955,11.74402564226333,11.74402564226333,12.482435894341677,-1.0,-1.062,sl,51
2023-11-03 00:40:00,2023-11-03 01:15:00,S,11.795,11.454635023615044,11.931145990553983,11.454635023615044,2.5,2.405,tp,7
2023-11-03 01:20:00,2023-11-03 06:25:00,S,11.485,11.879092163578715,11.879092163578715,10.49976959105321,-1.0,-1.032,sl,61
2023-11-03 06:30:00,2023-11-03 10:15:00,L,11.865,11.585283496221212,11.585283496221212,12.564291259446971,-1.0,-1.047,sl,45
2023-11-03 10:20:00,2023-11-03 13:00:00,S,11.56,11.835909542621472,11.835909542621472,10.87022614344632,-1.0,-1.046,sl,32
2023-11-03 13:05:00,2023-11-03 21:05:00,L,11.83,12.14,11.619835326555139,12.355411683612154,1.475,1.413,time,96
2023-11-04 02:05:00,2023-11-04 04:55:00,L,12.175,12.054666629716534,12.054666629716534,12.475833425708668,-1.0,-1.111,sl,34
2023-11-04 09:40:00,2023-11-04 10:00:00,L,12.17,12.046719909027205,12.046719909027205,12.478200227431987,-1.0,-1.109,sl,4
2023-11-04 23:05:00,2023-11-05 07:05:00,L,12.295,12.25,12.08656498017444,12.8160875495639,-0.216,-0.281,time,96
2023-11-05 08:05:00,2023-11-05 13:55:00,L,12.48,12.235751389071263,12.235751389071263,13.090621527321844,-1.0,-1.056,sl,70
2023-11-05 17:15:00,2023-11-05 21:10:00,L,12.47,12.280233470684655,12.280233470684655,12.944416323288365,-1.0,-1.072,sl,47
2023-11-05 21:15:00,2023-11-06 00:50:00,S,12.31,12.463819378685525,12.463819378685525,11.92545155328619,-1.0,-1.088,sl,43
2023-11-06 00:55:00,2023-11-06 05:20:00,L,12.44,12.295980649737748,12.295980649737748,12.800048375655628,-1.0,-1.095,sl,53
2023-11-06 07:00:00,2023-11-06 15:00:00,L,12.675,12.92,12.353014574928004,13.479963562679993,0.761,0.718,time,96
2023-11-06 19:35:00,2023-11-07 02:25:00,L,13.03,12.831271152428087,12.831271152428087,13.526822118929779,-1.0,-1.072,sl,82
2023-11-07 06:35:00,2023-11-07 09:30:00,L,12.99,12.81555339113038,12.81555339113038,13.426116522174052,-1.0,-1.082,sl,35
2023-11-07 10:55:00,2023-11-07 18:55:00,S,12.665,12.845,12.91192780218997,12.047680494525071,-0.729,-0.785,time,96
2023-11-07 19:15:00,2023-11-08 00:30:00,L,12.86,12.729074018555586,12.729074018555586,13.187314953611033,-1.0,-1.108,sl,63
2023-11-08 01:40:00,2023-11-08 09:40:00,L,12.845,12.805,12.666090901280011,13.292272746799974,-0.224,-0.303,time,96
2023-11-08 16:45:00,2023-11-09 00:45:00,L,12.88,13.055,12.711048550254185,13.30237862436454,1.036,0.952,time,96
2023-11-09 01:50:00,2023-11-09 09:50:00,L,13.145,13.395,13.000293557805048,13.50676610548738,1.728,1.628,time,96
2023-11-09 10:25:00,2023-11-09 16:10:00,L,13.675,13.341447964512932,13.341447964512932,14.508880088717671,-1.0,-1.045,sl,69
2023-11-09 16:15:00,2023-11-10 00:15:00,S,12.725,13.055,14.033563339618711,9.453591650953221,-0.252,-0.263,time,96
2023-11-10 00:20:00,2023-11-10 08:20:00,L,13.055,13.215,12.792631319502895,13.71092170124276,0.61,0.555,time,96
2023-11-10 10:10:00,2023-11-10 13:55:00,L,13.36,13.128862111722762,13.128862111722762,13.937844720693093,-1.0,-1.064,sl,45
2023-11-10 14:00:00,2023-11-10 16:10:00,S,13.16,13.524887776314824,13.524887776314824,12.247780559212941,-1.0,-1.04,sl,26
2023-11-10 16:15:00,2023-11-10 17:50:00,L,13.475,14.247218465502868,13.166112613798852,14.247218465502868,2.5,2.452,tp,19
2023-11-10 17:55:00,2023-11-11 01:55:00,L,14.265,14.485,13.785897383939126,15.462756540152187,0.459,0.426,time,96
2023-11-11 13:25:00,2023-11-11 14:20:00,L,14.48,15.118295044270209,14.224681982291917,15.118295044270209,2.5,2.438,tp,11
2023-11-11 14:25:00,2023-11-11 22:25:00,L,15.21,16.85,14.441382751692432,17.131543120768924,2.134,2.112,time,96
2023-11-12 05:45:00,2023-11-12 06:55:00,L,16.815,18.071404482873646,16.312438206850544,18.071404482873646,2.5,2.463,tp,14
2023-11-12 07:00:00,2023-11-12 15:00:00,L,18.195,18.155,16.6886014866951,21.960996283262254,-0.027,-0.04,time,96
2023-11-12 18:45:00,2023-11-12 23:00:00,L,18.27,19.6451498823253,17.71994004706988,19.6451498823253,2.5,2.463,tp,51
2023-11-12 23:05:00,2023-11-13 00:10:00,L,19.565,18.56839587475058,18.56839587475058,22.05651031312356,-1.0,-1.022,sl,13
2023-11-13 07:15:00,2023-11-13 10:35:00,L,18.495,17.868611539745448,17.868611539745448,20.060971150636384,-1.0,-1.032,sl,40
2023-11-13 13:05:00,2023-11-13 21:05:00,S,17.44,16.64,18.04507849397689,15.927303765057776,1.322,1.29,time,96
2023-11-13 21:15:00,2023-11-14 05:15:00,S,16.505,16.765,17.3388650651047,14.42033733723825,-0.312,-0.334,time,96
2023-11-14 06:05:00,2023-11-14 11:20:00,L,17.09,16.72594622057246,16.72594622057246,18.00013444856885,-1.0,-1.052,sl,63
2023-11-14 11:25:00,2023-11-14 13:30:00,S,16.66,17.19481179115297,17.19481179115297,15.32297052211758,-1.0,-1.034,sl,25
2023-11-14 13:35:00,2023-11-14 18:50:00,L,17.34,16.416908352062855,16.416908352062855,19.647729119842865,-1.0,-1.021,sl,63
2023-11-14 18:55:00,2023-11-15 00:20:00,S,16.485,17.356965696485545,17.356965696485545,14.305085758786134,-1.0,-1.021,sl,65
2023-11-15 01:20:00,2023-11-15 04:40:00,L,17.285,17.90237630928631,17.038049476285476,17.90237630928631,2.5,2.423,tp,40
2023-11-15 04:45:00,2023-11-15 08:55:00,L,17.855,19.196995523634286,17.318201790546286,19.196995523634286,2.5,2.463,tp,50
2023-11-15 09:00:00,2023-11-15 16:40:00,L,19.135,20.76584747041504,18.482661011833986,20.76584747041504,2.5,2.468,tp,92
2023-11-15 16:45:00,2023-11-16 00:45:00,L,20.73,20.825,19.794676534086992,23.06830866478252,0.102,0.077,time,96
2023-11-16 02:20:00,2023-11-16 06:45:00,L,21.04,23.053114007680918,20.23475439692763,23.053114007680918,2.5,2.471,tp,53
2023-11-16 06:50:00,2023-11-16 14:50:00,L,23.22,23.425,22.17909396155911,25.822265096102218,0.197,0.172,time,96
2023-11-16 15:10:00,2023-11-16 15:45:00,L,23.51,22.754587864311375,22.754587864311375,25.398530339221566,-1.0,-1.034,sl,7
2023-11-17 00:25:00,2023-11-17 08:25:00,L,22.405,22.54,21.147156140850367,25.549609647874085,0.107,0.088,time,96
2023-11-17 09:15:00,2023-11-17 15:25:00,S,22.16,20.39885427993253,22.864458288026988,20.39885427993253,2.5,2.465,tp,74
2023-11-17 15:30:00,2023-11-17 18:55:00,S,20.475,21.56433544297182,21.56433544297182,17.751661392570455,-1.0,-1.021,sl,41
2023-11-17 22:25:00,2023-11-18 01:50:00,L,21.8,21.261040937794444,21.261040937794444,23.147397655513892,-1.0,-1.044,sl,41
2023-11-18 01:55:00,2023-11-18 07:00:00,S,21.305,20.262700961628383,21.721919615348646,20.262700961628383,2.5,2.444,tp,61
2023-11-18 07:05:00,2023-11-18 07:30:00,S,20.205,20.95477147943131,20.95477147943131,18.330571301421713,-1.0,-1.03,sl,5
2023-11-18 14:35:00,2023-11-18 22:35:00,L,21.6,22.05,21.024134647515496,23.039663381211266,0.781,0.74,time,96
2023-11-19 00:40:00,2023-11-19 08:40:00,S,21.525,21.845,22.10925172511772,20.064370687205695,-0.548,-0.588,time,96
2023-11-19 09:30:00,2023-11-19 10:15:00,L,22.155,21.740049837362466,21.740049837362466,23.19237540659384,-1.0,-1.059,sl,9
2023-11-19 10:40:00,2023-11-19 18:40:00,S,21.635,21.965,22.145976075940457,20.357559810148864,-0.646,-0.692,time,96
2023-11-19 18:45:00,2023-11-19 23:40:00,L,21.965,22.98981497140592,21.555074011437632,22.98981497140592,2.5,2.441,tp,59
2023-11-19 23:45:00,2023-11-20 07:45:00,L,23.02,22.24,22.008140913672467,25.549647715818832,-0.771,-0.796,time,96
2023-11-20 09:35:00,2023-11-20 11:35:00,L,22.475,22.118766068401246,22.118766068401246,23.365584828996887,-1.0,-1.069,sl,24
2023-11-20 11:50:00,2023-11-20 19:50:00,S,21.92,21.27,22.498260989988253,20.474347525029373,1.124,1.082,time,96
2023-11-20 21:05:00,2023-11-21 05:05:00,S,21.045,20.86,21.454956856492792,20.020107858768025,0.451,0.395,time,96
2023-11-21 10:15:00,2023-11-21 14:10:00,L,21.27,20.953698459916286,20.953698459916286,22.060753850209284,-1.0,-1.074,sl,47
2023-11-21 14:15:00,2023-11-21 15:05:00,S,21.0,21.43070462232496,21.43070462232496,19.9232384441876,-1.0,-1.054,sl,10
2023-11-21 16:15:00,2023-11-21 17:40:00,L,21.88,20.476898196865463,20.476898196865463,25.38775450783634,-1.0,-1.017,sl,17
2023-11-21 17:45:00,2023-11-22 01:45:00,S,20.495,19.635,22.10122301033091,16.479442474172732,0.535,0.521,time,96
2023-11-22 14:55:00,2023-11-22 18:15:00,S,19.935,20.406294917446573,20.406294917446573,18.75676270638356,-1.0,-1.047,sl,40
2023-11-22 18:25:00,2023-11-23 02:25:00,L,20.575,21.19,19.93693190681085,22.17017023297287,0.964,0.928,time,96
2023-11-23 02:30:00,2023-11-23 03:00:00,L,21.19,20.994055960634025,20.994055960634025,21.67986009841494,-1.0,-1.119,sl,6
2023-11-23 06:50:00,2023-11-23 11:10:00,L,21.12,20.812481360971407,20.812481360971407,21.888796597571485,-1.0,-1.076,sl,52
2023-11-23 13:25:00,2023-11-23 21:25:00,S,20.65,20.72,21.193458474166732,19.291353814583164,-0.129,-0.171,time,96
2023-11-23 23:00:00,2023-11-23 23:45:00,L,20.815,20.64411211240895,20.64411211240895,21.242219718977626,-1.0,-1.134,sl,9
2023-11-24 00:55:00,2023-11-24 01:00:00,S,20.555,20.738936468824928,20.738936468824928,20.09515882793768,-1.0,-1.123,sl,1
2023-11-24 05:40:00,2023-11-24 13:40:00,L,20.88,21.4,20.501647320890967,21.82588169777258,1.374,1.314,time,96
2023-11-24 15:40:00,2023-11-24 17:50:00,L,21.635,21.09469975515059,21.09469975515059,22.98575061212353,-1.0,-1.044,sl,26
2023-11-24 22:15:00,2023-11-25 01:45:00,S,20.815,21.248861433334596,21.248861433334596,19.730346416663515,-1.0,-1.053,sl,42
2023-11-25 01:50:00,2023-11-25 09:50:00,L,21.245,21.055,20.766603109289324,22.440992226776693,-0.397,-0.446,time,96
2023-11-25 10:15:00,2023-11-25 10:40:00,S,21.045,20.806796563425326,21.140281374629872,20.806796563425326,2.5,2.257,tp,5
2023-11-25 10:45:00,2023-11-25 16:10:00,S,20.84,21.10109929179442,21.10109929179442,20.187251770513953,-1.0,-1.088,sl,65
2023-11-25 17:15:00,2023-11-26 01:15:00,L,21.13,21.145,20.970221813484113,21.529445466289715,0.094,-0.052,time,96
2023-11-26 01:20:00,2023-11-26 05:35:00,S,21.145,21.44212520547331,21.44212520547331,20.40218698631672,-1.0,-1.078,sl,51
2023-11-26 05:40:00,2023-11-26 12:05:00,L,21.45,21.013534307196853,21.013534307196853,22.541164232007866,-1.0,-1.054,sl,77
2023-11-26 14:25:00,2023-11-26 16:25:00,S,20.895,20.17263769869981,21.183944920520076,20.17263769869981,2.5,2.42,tp,24
2023-11-26 16:30:00,2023-11-26 20:00:00,S,20.345,20.980983370358327,20.980983370358327,18.755041574104176,-1.0,-1.035,sl,42
2023-11-26 20:05:00,2023-11-27 04:05:00,L,20.995,20.665,20.47590361990632,22.292740950234204,-0.636,-0.68,time,96
2023-11-27 07:05:00,2023-11-27 15:05:00,S,20.63,20.34,20.943958928243777,19.845102679390553,0.924,0.851,time,96
2023-11-27 19:10:00,2023-11-27 23:20:00,S,20.045,20.35812901771088,20.35812901771088,19.262177455722806,-1.0,-1.07,sl,50
2023-11-28 02:15:00,2023-11-28 05:20:00,S,20.2,19.748215349979162,20.380713860008335,19.748215349979162,2.5,2.377,tp,37
2023-11-28 05:25:00,2023-11-28 13:25:00,S,19.755,20.255,20.283592151282374,18.433519621794062,-0.946,-0.987,time,96
2023-11-28 13:30:00,2023-11-28 15:35:00,L,20.255,20.06373527591618,20.06373527591618,20.733161810209545,-1.0,-1.116,sl,25
2023-11-28 15:40:00,2023-11-28 16:00:00,S,20.105,20.43262357946748,20.43262357946748,19.2859410513313,-1.0,-1.068,sl,4
2023-11-28 16:45:00,2023-11-29 00:45:00,L,20.475,20.925,20.068919906122275,21.490200234694317,1.108,1.053,time,96
2023-11-29 06:50:00,2023-11-29 14:50:00,L,21.25,20.975,20.752400966960455,22.493997582598865,-0.553,-0.6,time,96
2023-11-29 16:00:00,2023-11-30 00:00:00,L,21.28,21.155,20.753782956417837,22.595542608955412,-0.238,-0.282,time,96
2023-11-30 02:50:00,2023-11-30 10:50:00,L,21.34,21.035,20.829781028214732,22.61554742946317,-0.598,-0.644,time,96
2023-11-30 12:00:00,2023-11-30 13:55:00,L,21.105,20.924916096500482,20.924916096500482,21.555209758748795,-1.0,-1.129,sl,23
2023-11-30 20:30:00,2023-12-01 01:25:00,L,21.215,21.651759734668808,21.040296106132477,21.651759734668808,2.5,2.366,tp,59
2023-12-01 01:30:00,2023-12-01 09:30:00,L,21.975,22.46,21.099160475548594,24.16459881112852,0.554,0.526,time,96
2023-12-01 10:05:00,2023-12-01 10:55:00,L,22.575,22.27209723326244,22.27209723326244,23.3322569168439,-1.0,-1.082,sl,10
2023-12-02 01:35:00,2023-12-02 07:10:00,L,21.925,22.27396084798792,21.785415660804833,22.27396084798792,2.5,2.327,tp,67
2023-12-02 07:15:00,2023-12-02 14:45:00,L,22.235,21.87214954195817,21.87214954195817,23.142126145104577,-1.0,-1.067,sl,90
2023-12-02 18:40:00,2023-12-03 00:55:00,L,22.165,22.716447499275265,21.944421000289893,22.716447499275265,2.5,2.389,tp,75
2023-12-03 01:00:00,2023-12-03 03:35:00,L,22.725,22.191847514595548,22.191847514595548,24.057881213511138,-1.0,-1.047,sl,31
2023-12-03 11:30:00,2023-12-03 19:30:00,S,21.95,21.74,22.15473997456154,21.438150063596147,1.026,0.908,time,96
2023-12-03 22:05:00,2023-12-04 06:05:00,L,21.98,22.275,21.75992668230871,22.53018329422823,1.34,1.231,time,96
2023-12-04 06:50:00,2023-12-04 11:10:00,L,22.615,22.239839858586212,22.239839858586212,23.552900353534465,-1.0,-1.066,sl,52
2023-12-04 11:15:00,2023-12-04 19:15:00,S,21.68,21.7,23.276052193185294,17.689869517036765,-0.013,-0.027,time,96
2023-12-04 22:30:00,2023-12-05 01:30:00,L,22.265,23.111267213183552,21.92649311472658,23.111267213183552,2.5,2.428,tp,36
2023-12-05 01:35:00,2023-12-05 06:45:00,L,23.085,22.403467085462776,22.403467085462776,24.788832286343066,-1.0,-1.037,sl,62
2023-12-05 07:10:00,2023-12-05 15:10:00,S,22.355,22.06,22.877188021472765,21.04952994631809,0.565,0.518,time,96
2023-12-05 15:35:00,2023-12-05 17:25:00,L,22.2,22.73064745832888,21.987741016668448,22.73064745832888,2.5,2.385,tp,22
2023-12-05 17:30:00,2023-12-05 18:10:00,L,22.67,23.7939582738651,22.220416690453963,23.7939582738651,2.5,2.445,tp,8
2023-12-05 18:15:00,2023-12-06 00:40:00,L,23.56,26.536904660086318,22.36923813596547,26.536904660086318,2.5,2.478,tp,77
2023-12-06 00:45:00,2023-12-06 08:45:00,L,26.96,26.27,24.197933337511092,33.86516665622227,-0.25,-0.261,time,96
2023-12-06 08:50:00,2023-12-06 11:05:00,L,26.27,25.675741549741275,25.675741549741275,27.755646125646813,-1.0,-1.049,sl,27
2023-12-06 13:05:00,2023-12-06 21:05:00,L,26.63,26.99,25.44335915300759,29.59660211748102,0.303,0.279,time,96
2023-12-07 04:45:00,2023-12-07 08:55:00,L,26.655,26.182350964154633,26.182350964154633,27.83662258961342,-1.0,-1.062,sl,50
2023-12-07 09:40:00,2023-12-07 14:15:00,L,27.135,26.05596759051543,26.05596759051543,29.832581023711434,-1.0,-1.028,sl,55
2023-12-07 16:05:00,2023-12-07 23:00:00,L,27.025,26.250633703521952,26.250633703521952,28.960915741195116,-1.0,-1.038,sl,83
2023-12-08 03:40:00,2023-12-08 11:40:00,L,26.655,27.7,26.03878142979198,28.19554642552005,1.696,1.648,time,96
2023-12-08 11:45:00,2023-12-08 13:00:00,L,27.7,27.10870454915914,27.10870454915914,29.17823862710215,-1.0,-1.052,sl,15
2023-12-08 14:25:00,2023-12-08 22:25:00,L,27.97,29.87,27.048540975814454,30.27364756046386,2.062,2.029,time,96
2023-12-08 22:30:00,2023-12-09 00:10:00,L,29.87,31.616380131787114,29.171447947285156,31.616380131787114,2.5,2.453,tp,20
2023-12-09 00:15:00,2023-12-09 08:15:00,L,31.69,33.77,30.187163602194804,35.44709099451299,1.384,1.361,time,96
2023-12-09 11:25:00,2023-12-09 14:40:00,L,34.01,32.821913543490375,32.821913543490375,36.980216141274056,-1.0,-1.031,sl,39
2023-12-10 00:15:00,2023-12-10 08:15:00,L,32.485,32.605,31.29559008000727,35.458524799981824,0.101,0.071,time,96
2023-12-10 12:20:00,2023-12-10 19:10:00,L,32.53,34.13306263198507,31.888774947205974,34.13306263198507,2.5,2.444,tp,82
2023-12-10 19:15:00,2023-12-11 02:10:00,L,34.74,33.19494583540977,33.19494583540977,38.60263541147559,-1.0,-1.025,sl,83
2023-12-11 03:50:00,2023-12-11 08:25:00,L,36.97,34.32580868373883,34.32580868373883,43.58047829065293,-1.0,-1.015,sl,55
2023-12-11 09:45:00,2023-12-11 14:25:00,L,36.21,34.924286552599234,34.924286552599234,39.42428361850192,-1.0,-1.031,sl,56
2023-12-11 16:45:00,2023-12-12 00:45:00,L,36.62,39.1,34.863144130758236,41.0121396731044,1.412,1.389,time,96
2023-12-12 01:10:00,2023-12-12 09:10:00,L,39.705,40.5,38.09565476682126,43.72836308294684,0.494,0.467,time,96
2023-12-12 17:25:00,2023-12-13 01:25:00,S,36.91,35.155,38.4572565591279,33.04185860218024,1.134,1.108,time,96
2023-12-13 01:30:00,2023-12-13 09:30:00,S,35.155,36.34,36.89784997112974,30.79787507217566,-0.68,-0.702,time,96
2023-12-13 12:40:00,2023-12-13 13:40:00,L,36.91,39.90839027372036,35.710643890511854,39.90839027372036,2.5,2.466,tp,12
2023-12-13 13:45:00,2023-12-13 21:45:00,L,40.08,40.54,36.55307546928652,48.897311326783694,0.13,0.118,time,96
2023-12-14 06:30:00,2023-12-14 07:15:00,L,39.085,38.20746021665157,38.20746021665157,41.278849458371084,-1.0,-1.049,sl,9
2023-12-14 11:05:00,2023-12-14 13:15:00,L,39.245,38.272852970712336,38.272852970712336,41.67536757321915,-1.0,-1.044,sl,26
2023-12-14 17:05:00,2023-12-15 01:05:00,L,39.345,38.8,38.221729503774334,42.153176240564164,-0.485,-0.524,time,96
2023-12-15 05:35:00,2023-12-15 06:55:00,L,40.05,38.98980673265341,38.98980673265341,42.70048316836646,-1.0,-1.042,sl,16
2023-12-15 09:10:00,2023-12-15 16:45:00,L,40.565,39.05524722651687,39.05524722651687,44.33938193370782,-1.0,-1.03,sl,91
2023-12-15 19:00:00,2023-12-15 23:30:00,L,40.945,39.87647296052958,39.87647296052958,43.61631759867605,-1.0,-1.042,sl,54
2023-12-16 00:05:00,2023-12-16 01:10:00,S,39.77,41.24520214170093,41.24520214170093,36.081994645747685,-1.0,-1.03,sl,13
2023-12-16 04:15:00,2023-12-16 11:40:00,L,41.29,42.96099628317992,40.62160148672803,42.96099628317992,2.5,2.432,tp,89
2023-12-16 11:45:00,2023-12-16 15:25:00,L,42.86,44.78013971689127,42.09194411324349,44.78013971689127,2.5,2.439,tp,44
2023-12-16 15:30:00,2023-12-16 18:25:00,L,44.62,43.17205664127003,43.17205664127003,48.239858396824914,-1.0,-1.034,sl,35
2023-12-17 00:30:00,2023-12-17 07:30:00,L,42.855,41.75111192417544,41.75111192417544,45.61472018956139,-1.0,-1.043,sl,84
2023-12-17 07:35:00,2023-12-17 15:35:00,S,41.675,41.82,42.79474343640889,38.875641408977756,-0.129,-0.17,time,96
2023-12-17 16:45:00,2023-12-17 22:30:00,L,42.28,41.47930507812344,41.47930507812344,44.281737304691404,-1.0,-1.058,sl,69
2023-12-17 22:45:00,2023-12-18 06:45:00,S,40.87,40.035,41.87807575575817,38.34981061060457,0.828,0.784,time,96
2023-12-18 07:45:00,2023-12-18 10:25:00,S,39.315,37.25117086422948,40.140531654308205,37.25117086422948,2.5,2.448,tp,32
2023-12-18 10:30:00,2023-12-18 13:20:00,S,37.215,38.53483493961547,38.53483493961547,33.91541265096133,-1.0,-1.031,sl,34
2023-12-18 21:10:00,2023-12-19 05:10:00,L,41.13,40.605,39.28964791958266,45.73088020104335,-0.285,-0.31,time,96
2023-12-19 12:20:00,2023-12-19 14:05:00,L,41.385,40.52309247678763,40.52309247678763,43.539768808030914,-1.0,-1.053,sl,21
2023-12-19 14:10:00,2023-12-19 22:10:00,S,40.39,40.08,41.22842126785462,38.29394683036345,0.37,0.317,time,96
2023-12-19 22:25:00,2023-12-20 04:15:00,S,39.715,40.45981714430107,40.45981714430107,37.85295713924734,-1.0,-1.059,sl,70
2023-12-20 04:20:00,2023-12-20 06:35:00,L,40.435,41.762287365270176,39.90408505389193,41.762287365270176,2.5,2.416,tp,27
2023-12-20 06:40:00,2023-12-20 14:40:00,L,41.955,42.97,40.621593869017225,45.288515327456935,0.761,0.727,time,96
2023-12-20 15:30:00,2023-12-20 16:10:00,L,43.355,42.63448321010834,42.63448321010834,45.15629197472913,-1.0,-1.066,sl,8
2023-12-20 17:45:00,2023-12-20 20:05:00,L,44.36,42.44580529344207,42.44580529344207,49.145486766394825,-1.0,-1.025,sl,28
2023-12-20 23:30:00,2023-12-21 02:20:00,L,43.41,45.014928510808566,42.76802859567657,45.014928510808566,2.5,2.426,tp,34
2023-12-21 02:25:00,2023-12-21 10:25:00,L,44.785,46.22,43.37259973927827,48.31600065180431,1.016,0.981,time,96
2023-12-21 16:20:00,2023-12-22 00:20:00,L,45.54,47.48,44.40881721886319,48.36795695284202,1.715,1.671,time,96
2023-12-22 00:25:00,2023-12-22 07:30:00,L,47.48,45.650285807215425,45.650285807215425,52.05428548196143,-1.0,-1.029,sl,85
2023-12-22 08:40:00,2023-12-22 16:40:00,S,45.23,44.675,46.23844873842378,42.708878153940546,0.55,0.501,time,96
2023-12-22 18:30:00,2023-12-22 19:45:00,L,45.49,44.8714574096013,44.8714574096013,47.03635647599676,-1.0,-1.081,sl,15
2023-12-22 23:00:00,2023-12-22 23:10:00,S,44.695,45.241998239285834,45.241998239285834,43.32750440178542,-1.0,-1.09,sl,2
2023-12-22 23:25:00,2023-12-23 00:30:00,L,45.41,44.493832871428275,44.493832871428275,47.7004178214293,-1.0,-1.055,sl,13
2023-12-23 00:35:00,2023-12-23 06:50:00,S,44.45,45.71136626121031,45.71136626121031,41.29658434697424,-1.0,-1.039,sl,75
2023-12-23 06:55:00,2023-12-23 14:55:00,L,45.48,45.415,44.33320246746283,48.34699383134291,-0.057,-0.1,time,96
2023-12-23 18:55:00,2023-12-24 02:55:00,L,45.68,47.3,44.3018317969118,49.125420507720506,1.175,1.139,time,96
2023-12-24 03:50:00,2023-12-24 05:40:00,L,48.065,46.97585263543789,46.97585263543789,50.78786841140527,-1.0,-1.049,sl,22
2023-12-24 16:50:00,2023-12-24 22:10:00,L,48.555,47.628304524727284,47.628304524727284,50.87173868818179,-1.0,-1.058,sl,64
2023-12-25 06:25:00,2023-12-25 07:05:00,L,47.88,47.36914616503436,47.36914616503436,49.15713458741411,-1.0,-1.103,sl,8
2023-12-25 08:05:00,2023-12-25 09:35:00,S,47.12,45.86995534113754,47.62001786354498,45.86995534113754,2.5,2.396,tp,18
2023-12-25 09:40:00,2023-12-25 12:45:00,S,46.06,46.96722604702239,46.96722604702239,43.791934882444025,-1.0,-1.056,sl,37
2023-12-25 13:00:00,2023-12-25 21:00:00,L,47.22,47.255,46.1533369263983,49.886657684004234,0.033,-0.016,time,96
2023-12-25 22:20:00,2023-12-26 01:40:00,L,48.32,47.117054979501425,47.117054979501425,51.32736255124644,-1.0,-1.044,sl,40
2023-12-26 02:35:00,2023-12-26 05:45:00,S,47.12,45.697548450802294,47.68898061967908,45.697548450802294,2.5,2.409,tp,38
2023-12-26 05:50:00,2023-12-26 13:50:00,S,46.46,46.21,47.57333090347913,43.67667274130217,0.225,0.179,time,96
2023-12-26 14:10:00,2023-12-26 17:35:00,S,45.865,43.889197811932156,46.65532087522714,43.889197811932156,2.5,2.436,tp,41
2023-12-26 17:40:00,2023-12-27 01:40:00,S,40.785,44.02,45.6297630924075,28.673092268981236,-0.668,-0.677,time,96
2023-12-27 02:30:00,2023-12-27 08:40:00,S,43.245,44.212587337505624,44.212587337505624,40.82603165623593,-1.0,-1.049,sl,74
2023-12-27 14:10:00,2023-12-27 17:25:00,S,43.885,41.9896360964482,44.64314556142072,41.9896360964482,2.5,2.436,tp,39
2023-12-27 17:30:00,2023-12-27 20:40:00,S,42.04,43.24524880707797,43.24524880707797,39.026877982305066,-1.0,-1.038,sl,38
2023-12-27 22:45:00,2023-12-28 00:30:00,S,42.385,43.343778768102126,43.343778768102126,39.988053079744674,-1.0,-1.049,sl,21
2023-12-28 02:15:00,2023-12-28 10:15:00,S,42.24,42.04,43.1540754276574,39.954811430856495,0.219,0.168,time,96
2023-12-28 12:40:00,2023-12-28 20:40:00,S,41.395,39.83,42.44353683100217,38.773657922494586,1.493,1.449,time,96
2023-12-29 00:55:00,2023-12-29 02:30:00,S,39.195,40.26531573738139,40.26531573738139,36.51921065654652,-1.0,-1.04,sl,19
2023-12-29 07:40:00,2023-12-29 09:20:00,S,41.005,41.796061774020195,41.796061774020195,39.02734556494952,-1.0,-1.057,sl,20
2023-12-29 09:25:00,2023-12-29 15:15:00,L,42.05,40.624816882301154,40.624816882301154,45.61295779424711,-1.0,-1.032,sl,70
2023-12-29 15:20:00,2023-12-29 23:20:00,S,40.565,40.34,41.700564515336154,37.72608871165961,0.198,0.159,time,96
2023-12-30 02:55:00,2023-12-30 09:40:00,S,39.725,38.26901287667161,40.30739484933136,38.26901287667161,2.5,2.425,tp,81
2023-12-30 09:45:00,2023-12-30 11:00:00,S,38.23,38.94427520068057,38.94427520068057,36.44431199829856,-1.0,-1.059,sl,15
2023-12-30 21:00:00,2023-12-31 05:00:00,S,39.655,39.465,40.151401172654865,38.413997068362846,0.383,0.295,time,96
2023-12-31 07:25:00,2023-12-31 13:05:00,L,39.955,39.52331883806544,39.52331883806544,41.03420290483639,-1.0,-1.102,sl,68
2023-12-31 13:10:00,2023-12-31 21:10:00,S,39.79,39.535,40.37725521248906,38.32186196877734,0.434,0.36,time,96
2023-12-31 22:40:00,2023-12-31 22:50:00,S,39.09,37.602242281564614,39.68510308737416,37.602242281564614,2.5,2.428,tp,2
2023-12-31 22:55:00,2024-01-01 01:35:00,S,38.35,39.5427408838403,39.5427408838403,35.36814779039925,-1.0,-1.035,sl,32
2024-01-01 03:45:00,2024-01-01 09:35:00,S,38.58,39.21886016877719,39.21886016877719,36.982849578057014,-1.0,-1.066,sl,70
2024-01-01 09:40:00,2024-01-01 17:40:00,L,39.47,39.95,38.5327066989864,41.81323325253399,0.512,0.466,time,96
2024-01-01 18:15:00,2024-01-01 23:35:00,L,40.485,41.93102403961695,39.90659038415322,41.93102403961695,2.5,2.423,tp,64
2024-01-01 23:40:00,2024-01-02 07:40:00,L,42.04,43.075,41.1410578991857,44.28735525203575,1.151,1.1,time,96
2024-01-02 07:45:00,2024-01-02 11:35:00,L,43.075,42.34114087981234,42.34114087981234,44.90964780046915,-1.0,-1.065,sl,46
2024-01-02 19:30:00,2024-01-03 03:30:00,S,40.77,40.675,41.35825896282447,39.29935259293883,0.161,0.085,time,96
2024-01-03 06:35:00,2024-01-03 07:45:00,L,41.11,40.75800004025091,40.75800004025091,41.98999989937272,-1.0,-1.128,sl,14
2024-01-03 07:55:00,2024-01-03 09:50:00,S,40.635,41.33610034115718,41.33610034115718,38.882249147107046,-1.0,-1.064,sl,23
2024-01-03 09:55:00,2024-01-03 11:05:00,L,41.265,40.80505165949718,40.80505165949718,42.41487085125705,-1.0,-1.099,sl,14
2024-01-03 11:15:00,2024-01-03 12:00:00,S,40.105,36.53904507331045,41.53138197067582,36.53904507331045,2.5,2.469,tp,9
2024-01-03 12:05:00,2024-01-03 12:10:00,S,37.95,29.971862117860585,41.14125515285577,29.971862117860585,2.5,2.487,tp,1
2024-01-03 12:15:00,2024-01-03 20:15:00,S,33.81,36.395,40.92302275925611,16.027443101859724,-0.363,-0.369,time,96
2024-01-04 01:25:00,2024-01-04 05:35:00,S,36.24,37.22622931594066,37.22622931594066,33.77442671014836,-1.0,-1.04,sl,50
2024-01-04 07:50:00,2024-01-04 12:55:00,S,36.76,37.40193138571665,37.40193138571665,35.15517153570836,-1.0,-1.063,sl,61
2024-01-04 15:05:00,2024-01-04 23:05:00,L,37.795,38.645,37.00637260038381,39.766568499040474,1.078,1.025,time,96
2024-01-05 01:50:00,2024-01-05 09:50:00,S,37.315,37.38,38.87810105811488,33.407247354712794,-0.042,-0.068,time,96
2024-01-05 11:00:00,2024-01-05 19:00:00,S,36.75,35.465,37.52893482975158,34.80266292562106,1.65,1.598,time,96
2024-01-06 01:15:00,2024-01-06 05:20:00,S,35.985,34.62394053316913,36.529423786732345,34.62394053316913,2.5,2.427,tp,49
2024-01-06 05:25:00,2024-01-06 13:25:00,S,34.605,34.66,35.699386877123736,31.86903280719065,-0.05,-0.085,time,96
2024-01-06 19:20:00,2024-01-07 00:50:00,S,34.68,35.32573630254246,35.32573630254246,33.06565924364385,-1.0,-1.059,sl,66
2024-01-07 09:00:00,2024-01-07 13:30:00,S,34.625,35.36133066310533,35.36133066310533,32.784173342236684,-1.0,-1.052,sl,54
2024-01-07 13:35:00,2024-01-07 15:40:00,L,35.42,34.67224959634112,34.67224959634112,37.28937600914721,-1.0,-1.052,sl,25
2024-01-07 15:45:00,2024-01-07 18:20:00,S,34.66,35.481659530128454,35.481659530128454,32.605851174678854,-1.0,-1.046,sl,31
2024-01-07 21:40:00,2024-01-08 01:15:00,S,34.445,33.0372513533713,35.00809945865148,33.0372513533713,2.5,2.433,tp,43
2024-01-08 01:20:00,2024-01-08 03:25:00,S,33.205,31.19734596632054,34.00806161347178,31.19734596632054,2.5,2.455,tp,25
2024-01-08 03:30:00,2024-01-08 06:20:00,S,31.41,32.995292695871036,32.995292695871036,27.446768260322408,-1.0,-1.022,sl,34
2024-01-08 12:05:00,2024-01-08 20:05:00,L,34.36,35.875,33.10637299048251,37.49406752379372,1.208,1.178,time,96
2024-01-09 04:05:00,2024-01-09 12:05:00,L,36.235,36.455,35.50640775899355,38.05648060251613,0.302,0.247,time,96
2024-01-09 17:45:00,2024-01-09 21:10:00,S,35.115,35.55784062933403,35.55784062933403,34.00789842666493,-1.0,-1.087,sl,41
2024-01-09 22:00:00,2024-01-10 06:00:00,S,33.83,34.575,35.8383174870076,28.809206282480993,-0.371,-0.389,time,96
2024-01-10 07:50:00,2024-01-10 09:40:00,S,34.155,34.60551716169363,34.60551716169363,33.028707095765924,-1.0,-1.083,sl,22
2024-01-10 10:05:00,2024-01-10 12:45:00,L,34.775,33.83313541065869,33.83313541065869,37.129661473353266,-1.0,-1.041,sl,32
2024-01-10 12:50:00,2024-01-10 16:45:00,S,34.045,35.0454030137314,35.0454030137314,31.5439924656715,-1.0,-1.037,sl,47
2024-01-10 17:45:00,2024-01-10 20:10:00,L,35.4,34.59546902211727,34.59546902211727,37.411327444706814,-1.0,-1.048,sl,29
2024-01-10 21:10:00,2024-01-11 05:10:00,L,36.065,39.095,34.355469639429245,40.33882590142688,1.772,1.749,time,96
2024-01-11 09:00:00,2024-01-11 13:05:00,L,38.83,40.4558125253338,38.17967498986648,40.4558125253338,2.5,2.434,tp,49
2024-01-11 13:10:00,2024-01-11 13:30:00,L,40.09,39.13317921433487,39.13317921433487,42.48205196416285,-1.0,-1.046,sl,4
2024-01-11 14:00:00,2024-01-11 15:50:00,L,40.285,39.01999638439128,39.01999638439128,43.447509039021796,-1.0,-1.035,sl,22
2024-01-11 20:15:00,2024-01-11 20:50:00,L,40.375,39.26666215276058,39.26666215276058,43.14584461809855,-1.0,-1.04,sl,7
2024-01-12 05:35:00,2024-01-12 07:50:00,L,39.17,38.56785821310056,38.56785821310056,40.67535446724861,-1.0,-1.072,sl,27
2024-01-12 15:30:00,2024-01-12 22:20:00,S,37.785,35.133491438924075,38.845603424430365,35.133491438924075,2.5,2.461,tp,82
2024-01-12 22:25:00,2024-01-13 06:25:00,S,35.11,35.925,36.81085986284388,30.857850342890305,-0.479,-0.502,time,96
2024-01-13 10:15:00,2024-01-13 10:30:00,S,35.65,35.856967905342216,35.856967905342216,35.13258023664446,-1.0,-1.189,sl,3
2024-01-14 00:30:00,2024-01-14 05:45:00,S,36.23,36.6122255476582,36.6122255476582,35.2744361308545,-1.0,-1.104,sl,63
2024-01-14 06:05:00,2024-01-14 14:05:00,L,37.095,36.625,35.854400583347804,40.19649854163049,-0.379,-0.412,time,96
2024-01-14 15:05:00,2024-01-14 16:20:00,L,36.77,37.575220895606435,36.44791164175743,37.575220895606435,2.5,2.374,tp,15
2024-01-14 16:25:00,2024-01-14 18:25:00,L,37.62,36.610657895447886,36.610657895447886,40.14335526138028,-1.0,-1.041,sl,24
2024-01-14 19:35:00,2024-01-15 00:00:00,S,36.455,35.22460159916125,36.9471593603355,35.22460159916125,2.5,2.419,tp,53
2024-01-15 00:05:00,2024-01-15 02:35:00,S,35.515,36.16315088126894,36.16315088126894,33.89462279682765,-1.0,-1.06,sl,30
2024-01-15 05:40:00,2024-01-15 09:55:00,S,35.965,36.43653644390289,36.43653644390289,34.78615889024279,-1.0,-1.084,sl,51
2024-01-15 14:35:00,2024-01-15 18:25:00,S,35.88,36.49520752529688,36.49520752529688,34.34198118675782,-1.0,-1.064,sl,46
2024-01-15 18:30:00,2024-01-15 20:45:00,L,36.585,36.02561532889613,36.02561532889613,37.98346167775968,-1.0,-1.072,sl,27
2024-01-15 20:50:00,2024-01-16 04:50:00,S,35.97,36.125,36.54622737063988,34.52943157340029,-0.269,-0.338,time,96
2024-01-16 06:15:00,2024-01-16 09:05:00,S,35.76,36.22350858300766,36.22350858300766,34.601228542480854,-1.0,-1.085,sl,34
2024-01-16 09:10:00,2024-01-16 11:25:00,L,36.24,35.693135324673044,35.693135324673044,37.6071616883174,-1.0,-1.073,sl,27
2024-01-16 11:30:00,2024-01-16 12:50:00,S,35.67,36.150317236445154,36.150317236445154,34.46920690888712,-1.0,-1.082,sl,16
2024-01-16 13:35:00,2024-01-16 21:35:00,S,35.645,36.145,36.272420709723434,34.07644822569142,-0.797,-0.859,time,96
2024-01-16 21:40:00,2024-01-16 23:45:00,L,36.145,35.60521808761078,35.60521808761078,37.49445478097306,-1.0,-1.074,sl,25
2024-01-16 23:50:00,2024-01-17 01:25:00,S,35.585,36.07899348675155,36.07899348675155,34.35001628312113,-1.0,-1.079,sl,19
2024-01-17 01:35:00,2024-01-17 07:50:00,L,36.115,35.48993456883092,35.48993456883092,37.677663577922715,-1.0,-1.064,sl,75
2024-01-17 08:00:00,2024-01-17 09:20:00,S,35.44,35.795368825160324,35.795368825160324,34.55157793709918,-1.0,-1.11,sl,16
2024-01-17 10:30:00,2024-01-17 16:00:00,L,36.075,35.69600306756968,35.69600306756968,37.02249233107582,-1.0,-1.105,sl,66
2024-01-17 16:05:00,2024-01-17 20:45:00,S,35.73,36.42211162108149,36.42211162108149,33.99972094729626,-1.0,-1.057,sl,56
2024-01-17 20:50:00,2024-01-17 22:25:00,L,36.435,35.77868196536981,35.77868196536981,38.075795086575475,-1.0,-1.061,sl,19
2024-01-18 09:20:00,2024-01-18 16:45:00,S,35.45,34.25960566734043,35.92615773306383,34.25960566734043,2.5,2.418,tp,89
2024-01-18 16:50:00,2024-01-19 00:50:00,S,34.245,33.435,35.28683324065261,31.64041689836846,0.777,0.741,time,96
2024-01-19 01:20:00,2024-01-19 06:35:00,S,33.225,33.56639766811938,33.56639766811938,32.37150582970156,-1.0,-1.107,sl,63
2024-01-19 12:30:00,2024-01-19 15:05:00,S,33.44,32.6467516796903,33.75729932812388,32.6467516796903,2.5,2.384,tp,31
2024-01-19 15:10:00,2024-01-19 23:10:00,S,32.685,32.7,33.62369990929815,30.338250226754624,-0.016,-0.054,time,96
2024-01-20 08:25:00,2024-01-20 16:25:00,S,32.56,32.59,32.91422490269974,31.67443774325065,-0.085,-0.186,time,96
2024-01-21 00:15:00,2024-01-21 02:50:00,S,32.605,32.93613594608515,32.93613594608515,31.77716013478711,-1.0,-1.108,sl,31
2024-01-21 03:05:00,2024-01-21 11:05:00,L,33.085,33.35,32.549814240252914,34.422964399367714,0.495,0.427,time,96
2024-01-21 12:45:00,2024-01-21 15:15:00,L,33.42,33.18786017355786,33.18786017355786,34.000349566105356,-1.0,-1.158,sl,30
2024-01-21 15:40:00,2024-01-21 23:40:00,S,32.955,32.585,33.386484309737476,31.876289225656304,0.858,0.773,time,96
2024-01-21 23:55:00,2024-01-22 05:00:00,S,32.495,31.69463773897361,32.81514490441055,31.69463773897361,2.5,2.388,tp,61
2024-01-22 05:05:00,2024-01-22 06:30:00,S,31.805,32.259720355905465,32.259720355905465,30.668199110236337,-1.0,-1.077,sl,17
2024-01-22 08:30:00,2024-01-22 14:20:00,S,31.75,30.6464016165513,32.19143935337948,30.6464016165513,2.5,2.421,tp,70
2024-01-22 14:25:00,2024-01-22 22:25:00,S,30.685,29.99,31.671474226556484,28.218814433608784,0.705,0.67,time,96
2024-01-22 23:55:00,2024-01-23 02:20:00,S,29.495,30.03390386819957,30.03390386819957,28.14774032950108,-1.0,-1.06,sl,29
2024-01-23 07:30:00,2024-01-23 08:35:00,S,29.69,28.388950779702107,30.21041968811916,28.388950779702107,2.5,2.437,tp,13
2024-01-23 08:40:00,2024-01-23 16:40:00,S,28.42,28.895,29.806919668779237,24.952700828051913,-0.342,-0.365,time,96
2024-01-23 23:05:00,2024-01-24 07:05:00,L,30.025,30.335,29.039206111615957,32.4894847209601,0.314,0.281,time,96
2024-01-24 07:20:00,2024-01-24 15:20:00,L,30.52,30.71,29.717605098503512,32.52598725374122,0.237,0.195,time,96
2024-01-24 20:25:00,2024-01-24 23:20:00,S,30.475,30.951239453124153,30.951239453124153,29.284401367189623,-1.0,-1.07,sl,35
2024-01-24 23:25:00,2024-01-25 07:25:00,L,30.92,30.59,30.17836378752307,32.77409053119233,-0.445,-0.491,time,96
2024-01-25 10:05:00,2024-01-25 11:30:00,S,30.21,30.54451357081115,30.54451357081115,29.373716072972123,-1.0,-1.099,sl,17
2024-01-25 12:35:00,2024-01-25 18:15:00,S,29.82,30.619228178105814,30.619228178105814,27.821929554735465,-1.0,-1.041,sl,68
2024-01-26 02:35:00,2024-01-26 10:35:00,L,30.63,31.24,30.307684689363096,31.435788276592255,1.893,1.788,time,96
2024-01-26 10:45:00,2024-01-26 18:45:00,L,31.49,32.86,30.819836152378507,33.165409619053726,2.044,1.993,time,96
2024-01-27 02:05:00,2024-01-27 05:50:00,L,32.7,32.31145725030472,32.31145725030472,33.671356874238214,-1.0,-1.093,sl,45
2024-01-27 10:15:00,2024-01-27 18:15:00,L,32.335,32.45,31.94557245789928,33.3085688552518,0.295,0.204,time,96
2024-01-27 19:45:00,2024-01-28 00:10:00,L,32.8,33.446963432223725,32.541214627110506,33.446963432223725,2.5,2.361,tp,53
2024-01-28 00:15:00,2024-01-28 03:15:00,L,33.525,34.99764970199996,32.93594011920001,34.99764970199996,2.5,2.437,tp,36
2024-01-28 03:20:00,2024-01-28 11:20:00,L,35.13,36.235,33.842141715089674,38.34964571227582,0.858,0.828,time,96
2024-01-29 01:25:00,2024-01-29 09:25:00,L,35.34,35.23,34.52031341886255,37.38921645284364,-0.134,-0.182,time,96
2024-01-29 15:25:00,2024-01-29 23:25:00,L,35.115,35.96,34.28471677584724,37.190708060381915,1.018,0.971,time,96
2024-01-30 01:35:00,2024-01-30 06:30:00,L,36.25,35.60556738555789,35.60556738555789,37.861081536105274,-1.0,-1.062,sl,59
2024-01-30 08:25:00,2024-01-30 16:25:00,L,36.62,35.98,35.48683754183129,39.452906145421764,-0.565,-0.6,time,96
2024-01-30 22:10:00,2024-01-30 23:35:00,S,35.855,35.10159494859239,36.15636202056304,35.10159494859239,2.5,2.369,tp,17
2024-01-30 23:40:00,2024-01-31 07:40:00,S,35.11,34.905,35.788385315158926,33.414036712102686,0.302,0.245,time,96
2024-01-31 09:10:00,2024-01-31 13:35:00,S,34.5,34.93211787143659,34.93211787143659,33.41970532140853,-1.0,-1.088,sl,53
2024-01-31 19:30:00,2024-02-01 00:35:00,S,34.775,33.0341457546418,35.47134169814328,33.0341457546418,2.5,2.445,tp,61
2024-02-01 00:40:00,2024-02-01 07:45:00,S,33.0,33.45314253175626,33.45314253175626,31.86714367060936,-1.0,-1.08,sl,85
2024-02-01 11:20:00,2024-02-01 14:35:00,S,33.115,33.42346497327477,33.42346497327477,32.343837566813086,-1.0,-1.118,sl,39
2024-02-02 00:20:00,2024-02-02 08:20:00,L,34.185,34.955,33.66162046938118,35.493448826547066,1.471,1.399,time,96
2024-02-02 08:30:00,2024-02-02 10:55:00,L,34.915,36.10076979393014,34.440692082427944,36.10076979393014,2.5,2.419,tp,29
2024-02-02 11:00:00,2024-02-02 19:00:00,L,36.025,36.11,34.99208059172109,38.60729852069727,0.082,0.044,time,96
2024-02-02 22:50:00,2024-02-03 03:55:00,L,36.535,36.062292047985075,36.062292047985075,37.716769880037305,-1.0,-1.085,sl,61
2024-02-03 16:35:00,2024-02-03 17:50:00,L,35.925,36.52377867578507,35.68548852968597,36.52377867578507,2.5,2.335,tp,15
2024-02-03 17:55:00,2024-02-04 00:10:00,L,36.455,35.759875925277875,35.759875925277875,38.1928101868053,-1.0,-1.058,sl,75
2024-02-04 00:55:00,2024-02-04 04:25:00,L,36.17,35.70105913761468,35.70105913761468,37.34235215596331,-1.0,-1.085,sl,42
2024-02-04 07:25:00,2024-02-04 11:40:00,S,35.65,36.04643554286633,36.04643554286633,34.65891114283418,-1.0,-1.099,sl,51
2024-02-04 11:45:00,2024-02-04 17:20:00,L,36.09,35.51490720312978,35.51490720312978,37.52773199217556,-1.0,-1.069,sl,67
2024-02-04 17:25:00,2024-02-04 20:25:00,S,35.585,35.06350779579698,35.79359688168121,35.06350779579698,2.5,2.312,tp,36
2024-02-04 20:30:00,2024-02-05 04:30:00,S,35.17,35.045,35.60549683089378,34.08125792276556,0.287,0.198,time,96
2024-02-05 07:05:00,2024-02-05 15:05:00,L,35.38,35.19,34.86906911497959,36.65732721255104,-0.372,-0.448,time,96
2024-02-05 15:20:00,2024-02-05 23:20:00,S,34.87,34.475,35.745650237727475,32.68087440568131,0.451,0.407,time,96
2024-02-06 04:45:00,2024-02-06 10:45:00,S,34.315,33.730878745591006,34.548648501763594,33.730878745591006,2.5,2.338,tp,72
2024-02-06 10:50:00,2024-02-06 16:00:00,S,33.915,34.33099705210901,34.33099705210901,32.87500736972747,-1.0,-1.09,sl,62
2024-02-07 04:00:00,2024-02-07 05:50:00,S,33.88,34.23224931158664,34.23224931158664,32.9993767210334,-1.0,-1.106,sl,22
2024-02-07 16:20:00,2024-02-08 00:20:00,L,34.815,35.435,34.254356655054764,36.21660836236308,1.106,1.038,time,96
2024-02-08 00:40:00,2024-02-08 04:35:00,L,35.44,35.226613223836,35.226613223836,35.97346694041,-1.0,-1.183,sl,47
2024-02-08 08:25:00,2024-02-08 12:50:00,L,35.435,35.196748009114195,35.196748009114195,36.03062997721452,-1.0,-1.164,sl,53
2024-02-08 13:55:00,2024-02-08 21:55:00,L,35.605,35.54,35.155865787909114,36.7278355302272,-0.145,-0.232,time,96
2024-02-09 02:00:00,2024-02-09 02:55:00,L,35.75,36.254085198672485,35.548365920531005,36.254085198672485,2.5,2.305,tp,11
2024-02-09 03:00:00,2024-02-09 11:00:00,L,36.245,36.205,35.675151745174,37.669620637064995,-0.07,-0.14,time,96
2024-02-09 11:55:00,2024-02-09 13:40:00,L,36.415,37.415816287639856,36.014673484944055,37.415816287639856,2.5,2.4,tp,21
2024-02-09 13:45:00,2024-02-09 14:25:00,L,37.33,36.59258259318226,36.59258259318226,39.17354351704435,-1.0,-1.056,sl,8
2024-02-09 15:40:00,2024-02-09 23:40:00,L,37.47,38.135,36.66238792335306,39.489030191617346,0.823,0.772,time,96
2024-02-10 00:40:00,2024-02-10 04:45:00,L,38.425,39.65758926408713,37.931964294365144,39.65758926408713,2.5,2.414,tp,49
2024-02-10 04:50:00,2024-02-10 06:40:00,L,39.6,39.13675939244043,39.13675939244043,40.758101518898926,-1.0,-1.094,sl,22
2024-02-10 14:20:00,2024-02-10 20:45:00,L,38.73,39.94136047376756,38.24545581049297,39.94136047376756,2.5,2.412,tp,77
2024-02-10 20:50:00,2024-02-11 04:50:00,L,39.83,40.27,39.13915075122422,41.55712312193944,0.637,0.573,time,96
2024-02-11 07:30:00,2024-02-11 10:45:00,L,40.74,40.30323849106013,40.30323849106013,41.83190377234969,-1.0,-1.103,sl,39
2024-02-11 17:15:00,2024-02-11 20:50:00,L,40.07,39.482810281924124,39.482810281924124,41.53797429518969,-1.0,-1.075,sl,43
2024-02-12 01:40:00,2024-02-12 09:40:00,S,39.465,38.755,40.139279701106716,37.77930074723322,1.053,0.989,time,96
2024-02-12 11:35:00,2024-02-12 14:35:00,S,38.465,39.01155986219196,39.01155986219196,37.098600344520115,-1.0,-1.077,sl,36
2024-02-12 14:40:00,2024-02-12 16:05:00,L,39.13,40.55630568553808,38.559477725784774,40.55630568553808,2.5,2.425,tp,17
2024-02-12 16:10:00,2024-02-13 00:10:00,L,40.505,41.145,39.26165610725508,43.61335973186232,0.515,0.479,time,96
2024-02-13 00:15:00,2024-02-13 03:45:00,L,41.145,40.811665661220594,40.811665661220594,41.978335846948525,-1.0,-1.136,sl,42
2024-02-13 08:55:00,2024-02-13 10:40:00,L,41.525,41.02285443722688,41.02285443722688,42.78036390693279,-1.0,-1.091,sl,21
2024-02-13 13:15:00,2024-02-13 13:35:00,S,40.72,39.79064994875494,41.09174002049802,39.79064994875494,2.5,2.38,tp,4
2024-02-13 13:40:00,2024-02-13 21:40:00,S,40.155,39.89,40.92798503167839,38.22253742080403,0.343,0.286,time,96
2024-02-14 00:25:00,2024-02-14 07:00:00,S,39.39,39.81076913809023,39.81076913809023,38.338077154774425,-1.0,-1.103,sl,79
2024-02-14 07:05:00,2024-02-14 08:55:00,L,39.835,40.40275798633758,39.60789680546497,40.40275798633758,2.5,2.307,tp,22
2024-02-14 09:00:00,2024-02-14 17:00:00,L,40.63,41.34,39.764306922706496,42.794232693233766,0.82,0.769,time,96
2024-02-14 20:10:00,2024-02-15 04:10:00,L,41.955,42.1,41.349375541676835,43.469061145807906,0.239,0.163,time,96
2024-02-15 07:35:00,2024-02-15 10:15:00,L,42.165,43.5568678156822,41.60825287372712,43.5568678156822,2.5,2.417,tp,32
2024-02-15 10:20:00,2024-02-15 12:05:00,L,43.425,42.6248574292181,42.6248574292181,45.425356426954735,-1.0,-1.06,sl,21
2024-02-15 14:35:00,2024-02-15 15:25:00,L,43.195,42.35315014916563,42.35315014916563,45.29962462708593,-1.0,-1.056,sl,10
2024-02-15 20:20:00,2024-02-16 04:20:00,S,41.565,41.66,41.92710746994164,40.6597313251459,-0.262,-0.389,time,96
2024-02-16 07:10:00,2024-02-16 15:10:00,S,41.105,39.675,41.784587487432134,39.40603128141966,2.104,2.038,time,96
2024-02-16 15:15:00,2024-02-16 23:15:00,S,39.675,40.185,40.86278195936138,36.70554510159654,-0.429,-0.466,time,96
2024-02-17 01:40:00,2024-02-17 04:50:00,S,39.875,40.35076584170463,40.35076584170463,38.68558539573843,-1.0,-1.092,sl,38
2024-02-17 08:25:00,2024-02-17 10:00:00,S,40.1,39.45350895206,40.358596419176,39.45350895206,2.5,2.329,tp,19
2024-02-17 10:05:00,2024-02-17 14:30:00,S,39.575,38.53240039025359,39.99203984389857,38.53240039025359,2.5,2.396,tp,53
2024-02-17 14:35:00,2024-02-17 16:50:00,S,38.695,39.397564056796305,39.397564056796305,36.93858985800924,-1.0,-1.061,sl,27
2024-02-18 02:00:00,2024-02-18 05:10:00,S,39.28,39.85554294902699,39.85554294902699,37.84114262743253,-1.0,-1.075,sl,38
2024-02-18 05:15:00,2024-02-18 13:15:00,L,39.865,40.05,39.43031659643645,40.95170850890889,0.426,0.325,time,96
2024-02-18 13:35:00,2024-02-18 14:35:00,S,39.965,40.38236914583565,40.38236914583565,38.92157713541088,-1.0,-1.105,sl,12
2024-02-18 17:30:00,2024-02-18 18:40:00,L,40.56,40.048123975973645,40.048123975973645,41.83969006006589,-1.0,-1.087,sl,14
2024-02-18 22:30:00,2024-02-18 23:45:00,L,40.59,40.16247166005296,40.16247166005296,41.65882084986762,-1.0,-1.104,sl,15
2024-02-19 04:10:00,2024-02-19 06:20:00,S,39.94,40.35823890783263,40.35823890783263,38.89440273041842,-1.0,-1.105,sl,26
2024-02-19 06:25:00,2024-02-19 10:25:00,L,40.405,39.723299540858974,39.723299540858974,42.10925114785257,-1.0,-1.065,sl,48
2024-02-19 10:30:00,2024-02-19 13:15:00,S,39.725,40.311145980680145,40.311145980680145,38.25963504829964,-1.0,-1.075,sl,33
2024-02-19 14:50:00,2024-02-19 22:50:00,S,39.585,39.765,40.09600635674258,38.307484108143555,-0.352,-0.437,time,96
2024-02-20 00:40:00,2024-02-20 08:40:00,S,39.315,39.135,39.692785693035425,38.370535767411425,0.476,0.362,time,96
2024-02-20 09:20:00,2024-02-20 11:05:00,S,38.745,39.208632442312044,39.208632442312044,37.58591889421988,-1.0,-1.092,sl,21
2024-02-20 13:40:00,2024-02-20 14:10:00,L,39.56,38.77737483552017,38.77737483552017,41.516562911199586,-1.0,-1.056,sl,6
2024-02-20 14:15:00,2024-02-20 15:25:00,S,39.125,37.454059322966756,39.7933762708133,37.454059322966756,2.5,2.436,tp,14
2024-02-20 15:30:00,2024-02-20 23:30:00,S,37.095,38.55,39.183261784081935,31.874345539795158,-0.697,-0.716,time,96
2024-02-21 01:05:00,2024-02-21 04:35:00,S,38.325,37.66442278943551,38.5892308842258,37.66442278943551,2.5,2.34,tp,42
2024-02-21 04:40:00,2024-02-21 09:25:00,S,37.78,36.87668532840668,38.14132586863733,36.87668532840668,2.5,2.385,tp,57
2024-02-21 09:30:00,2024-02-21 17:30:00,S,36.885,36.57,37.59546986729865,35.10882533175338,0.443,0.386,time,96
2024-02-21 17:55:00,2024-02-21 21:20:00,S,36.38,36.95881288709303,36.95881288709303,34.932967782267426,-1.0,-1.069,sl,41
2024-02-22 01:45:00,2024-02-22 07:30:00,S,37.17,37.658034831894575,37.658034831894575,35.94991292026357,-1.0,-1.084,sl,69
2024-02-22 07:35:00,2024-02-22 13:10:00,L,37.69,37.14242708919695,37.14242708919695,39.058932277007614,-1.0,-1.076,sl,67
2024-02-22 13:15:00,2024-02-22 18:45:00,S,37.195,37.67128791717116,37.67128791717116,36.00428020707209,-1.0,-1.086,sl,66
2024-02-22 21:25:00,2024-02-23 05:25:00,S,37.245,36.615,37.819454092763635,35.8088647680909,1.097,1.025,time,96
2024-02-23 07:50:00,2024-02-23 10:45:00,S,36.38,36.789271837967355,36.789271837967355,35.35682040508162,-1.0,-1.098,sl,35
2024-02-23 13:20:00,2024-02-23 14:30:00,S,36.21,36.703350374596816,36.703350374596816,34.97662406350796,-1.0,-1.081,sl,14
2024-02-23 16:05:00,2024-02-24 00:05:00,S,35.415,35.865,36.60698917471661,32.43502706320847,-0.378,-0.41,time,96
2024-02-24 01:45:00,2024-02-24 04:40:00,S,35.415,36.186738221697695,36.186738221697695,33.485654445755756,-1.0,-1.05,sl,35
2024-02-24 11:35:00,2024-02-24 14:35:00,L,36.655,36.418312246577834,36.418312246577834,37.246719383555416,-1.0,-1.17,sl,36
2024-02-24 17:05:00,2024-02-25 01:05:00,L,36.61,36.81,36.342130626061284,37.279673434846785,0.747,0.596,time,96
2024-02-25 02:15:00,2024-02-25 03:05:00,L,36.995,36.676231050552424,36.676231050552424,37.79192237361893,-1.0,-1.128,sl,10
2024-02-25 06:15:00,2024-02-25 14:15:00,L,36.905,36.93,36.49589286136257,37.92776784659358,0.061,-0.038,time,96
2024-02-25 14:45:00,2024-02-25 16:05:00,L,37.125,36.754683258595236,36.754683258595236,38.05079185351191,-1.0,-1.11,sl,16
2024-02-25 19:50:00,2024-02-26 03:50:00,L,37.08,36.985,36.7298503936586,37.955374015853494,-0.271,-0.388,time,96
2024-02-26 06:05:00,2024-02-26 07:35:00,L,37.32,36.91192050825506,36.91192050825506,38.340198729362356,-1.0,-1.101,sl,18
2024-02-26 07:40:00,2024-02-26 14:10:00,S,36.865,37.39618351728065,37.39618351728065,35.53704120679839,-1.0,-1.076,sl,78
2024-02-26 14:15:00,2024-02-26 16:40:00,L,37.4,38.832947075826524,36.82682116966939,38.832947075826524,2.5,2.428,tp,29
2024-02-26 16:45:00,2024-02-27 00:45:00,L,38.915,39.225,38.00936548854978,41.17908627862554,0.342,0.295,time,96
2024-02-27 01:20:00,2024-02-27 09:20:00,L,39.57,39.36,38.98297905591288,41.0375523602178,-0.358,-0.432,time,96
2024-02-27 11:00:00,2024-02-27 13:00:00,L,39.64,39.33171378083513,39.33171378083513,40.410715547912176,-1.0,-1.141,sl,24
2024-02-28 04:30:00,2024-02-28 11:00:00,L,39.51,40.69527956202815,39.03588817518874,40.69527956202815,2.5,2.408,tp,78
2024-02-28 11:05:00,2024-02-28 11:50:00,L,40.61,40.02365181858126,40.02365181858126,42.075870453546855,-1.0,-1.076,sl,9
2024-02-28 16:15:00,2024-02-28 17:30:00,L,40.435,39.4521530437557,39.4521530437557,42.89211739061076,-1.0,-1.045,sl,15
2024-02-28 21:30:00,2024-02-29 05:30:00,L,39.49,41.66,38.2672608449313,42.54684788767176,1.775,1.739,time,96
2024-02-29 06:15:00,2024-02-29 07:20:00,L,41.86,41.196615143759836,41.196615143759836,43.518462140600406,-1.0,-1.069,sl,13
2024-02-29 08:20:00,2024-02-29 16:20:00,L,42.24,42.51,41.01884645998646,45.292883850033846,0.221,0.183,time,96
2024-02-29 22:25:00,2024-03-01 00:55:00,S,40.56,41.8246297532198,41.8246297532198,37.398425616950504,-1.0,-1.035,sl,30
2024-03-01 01:00:00,2024-03-01 09:00:00,L,41.98,42.52,40.82936180297936,44.85659549255158,0.469,0.429,time,96
2024-03-01 15:40:00,2024-03-01 20:00:00,S,41.74,42.16610884931375,42.16610884931375,40.67472787671563,-1.0,-1.108,sl,52
2024-03-01 22:25:00,2024-03-02 06:25:00,L,42.49,43.255,41.9403800041717,43.86404998957076,1.392,1.307,time,96
2024-03-02 22:05:00,2024-03-02 22:25:00,L,42.95,43.44671173912566,42.75131530434974,43.44671173912566,2.5,2.262,tp,4
2024-03-02 22:30:00,2024-03-03 06:30:00,L,43.47,43.4,42.788954557655785,45.17261360586053,-0.103,-0.173,time,96
2024-03-03 07:10:00,2024-03-03 07:25:00,S,42.9,41.10978400958225,43.6160863961671,41.10978400958225,2.5,2.434,tp,3
2024-03-03 07:30:00,2024-03-03 15:30:00,S,41.705,42.665,43.64865051972205,36.84587370069488,-0.494,-0.518,time,96
2024-03-04 00:25:00,2024-03-04 00:45:00,L,43.15,42.41622736990468,42.41622736990468,44.98443157523829,-1.0,-1.065,sl,4
2024-03-04 04:10:00,2024-03-04 07:00:00,S,42.155,42.70585461464235,42.70585461464235,40.777863463394134,-1.0,-1.084,sl,34
2024-03-04 07:05:00,2024-03-04 15:05:00,L,42.7,43.445,42.13570676199268,44.11073309501831,1.32,1.237,time,96
2024-03-04 17:10:00,2024-03-05 01:10:00,S,42.26,42.375,43.655792998168145,38.77051750457963,-0.082,-0.116,time,96
2024-03-05 02:20:00,2024-03-05 04:10:00,S,42.125,42.65362513417434,42.65362513417434,40.803437164564144,-1.0,-1.088,sl,22
2024-03-05 14:45:00,2024-03-05 15:30:00,L,43.205,42.21698245899501,42.21698245899501,45.67504385251246,-1.0,-1.048,sl,9
2024-03-05 15:45:00,2024-03-05 16:05:00,L,44.605,41.84581882120608,41.84581882120608,51.50295294698479,-1.0,-1.018,sl,4
2024-03-05 16:10:00,2024-03-05 19:55:00,S,42.375,34.60063641343893,45.48474543462443,34.60063641343893,2.5,2.485,tp,45
2024-03-05 20:00:00,2024-03-06 04:00:00,S,37.5,38.845,41.889399337503306,26.526501656241734,-0.306,-0.316,time,96
2024-03-06 12:25:00,2024-03-06 20:25:00,S,40.485,40.875,41.20049261280936,38.696268467976594,-0.545,-0.607,time,96
2024-03-06 21:25:00,2024-03-07 02:10:00,L,41.64,43.858917238029974,40.75243310478801,43.858917238029974,2.5,2.448,tp,57
2024-03-07 02:15:00,2024-03-07 04:55:00,L,43.895,42.397085634854704,42.397085634854704,47.639785912863246,-1.0,-1.032,sl,32
2024-03-07 14:05:00,2024-03-07 22:05:00,L,43.705,43.645,42.49347045778974,46.73382385552564,-0.05,-0.089,time,96
2024-03-08 06:30:00,2024-03-08 14:30:00,L,43.095,43.85,42.688524994431205,44.11118751392198,1.857,1.741,time,96
2024-03-08 14:35:00,2024-03-08 15:20:00,L,43.85,43.117462341682995,43.117462341682995,45.68134414579252,-1.0,-1.066,sl,9
2024-03-08 15:25:00,2024-03-08 23:25:00,S,42.93,42.795,44.07230237048992,40.07424407377519,0.118,0.077,time,96
2024-03-09 02:35:00,2024-03-09 04:25:00,S,42.4,42.913691135760445,42.913691135760445,41.11577216059888,-1.0,-1.091,sl,22
2024-03-09 04:40:00,2024-03-09 10:20:00,L,42.925,42.54151565884233,42.54151565884233,43.88371085289417,-1.0,-1.123,sl,68
2024-03-09 12:10:00,2024-03-09 16:40:00,L,43.305,42.86831666179915,42.86831666179915,44.39670834550213,-1.0,-1.109,sl,54
2024-03-09 18:15:00,2024-03-10 02:15:00,L,43.435,43.03,42.53975996756254,45.673100081093665,-0.452,-0.506,time,96
2024-03-10 07:45:00,2024-03-10 09:20:00,L,43.64,43.22004654436002,43.22004654436002,44.68988363909996,-1.0,-1.114,sl,19
2024-03-10 09:25:00,2024-03-10 14:40:00,S,43.205,41.621992166239615,43.83820313350415,41.621992166239615,2.5,2.425,tp,63
2024-03-10 14:45:00,2024-03-10 22:45:00,S,41.485,41.495,42.581839662131465,38.74290084467134,-0.009,-0.051,time,96
2024-03-10 23:00:00,2024-03-10 23:45:00,S,41.295,41.96825210479077,41.96825210479077,39.611869738023074,-1.0,-1.067,sl,9
2024-03-11 00:55:00,2024-03-11 07:00:00,S,40.885,42.27032741046862,42.27032741046862,37.42168147382845,-1.0,-1.032,sl,73
2024-03-11 07:15:00,2024-03-11 09:45:00,L,42.35,44.88484259838338,41.33606296064665,44.88484259838338,2.5,2.454,tp,30
2024-03-11 09:50:00,2024-03-11 14:20:00,L,44.94,48.39486303322712,43.55805478670915,48.39486303322712,2.5,2.464,tp,54
2024-03-11 14:25:00,2024-03-11 22:25:00,L,48.505,48.535,45.97447663719261,54.83130840701848,0.012,-0.009,time,96
2024-03-12 00:45:00,2024-03-12 00:50:00,L,49.5,48.40922488157648,48.40922488157648,52.226937796058806,-1.0,-1.05,sl,1
2024-03-12 01:30:00,2024-03-12 03:55:00,L,49.505,47.99608482023946,47.99608482023946,53.277287949401355,-1.0,-1.036,sl,29
2024-03-12 11:20:00,2024-03-12 12:20:00,L,48.01,47.26017567704241,47.26017567704241,49.88456080739397,-1.0,-1.07,sl,12
2024-03-12 12:35:00,2024-03-12 13:30:00,L,48.165,50.941506722340314,47.05439731106387,50.941506722340314,2.5,2.452,tp,11
2024-03-12 13:35:00,2024-03-12 21:35:00,L,51.27,55.375,47.14187895223827,61.590302619404326,0.994,0.981,time,96
2024-03-13 06:10:00,2024-03-13 14:10:00,L,53.815,53.67,52.839897546773216,56.25275613306695,-0.149,-0.209,time,96
2024-03-13 19:00:00,2024-03-13 19:25:00,L,54.85,53.64275478493465,53.64275478493465,57.86811303766338,-1.0,-1.05,sl,5
2024-03-13 21:55:00,2024-03-14 02:25:00,L,54.94,58.87356553412655,53.36657378634938,58.87356553412655,2.5,2.462,tp,54
2024-03-14 02:30:00,2024-03-14 03:20:00,L,58.93,56.99182886761532,56.99182886761532,63.7754278309617,-1.0,-1.033,sl,10
2024-03-14 08:20:00,2024-03-14 12:20:00,L,56.41,55.61409472059231,55.61409472059231,58.39976319851921,-1.0,-1.078,sl,48
2024-03-14 15:25:00,2024-03-14 23:25:00,S,53.395,54.275,55.200648444079114,48.880878889802226,-0.487,-0.52,time,96
2024-03-14 23:30:00,2024-03-15 01:20:00,L,54.275,55.41705903162066,53.818176387351734,55.41705903162066,2.5,2.369,tp,22
2024-03-15 01:25:00,2024-03-15 02:35:00,L,55.28,54.23955257597898,54.23955257597898,57.88111856005254,-1.0,-1.058,sl,14
2024-03-15 08:50:00,2024-03-15 13:50:00,S,51.18,54.283259730080964,54.283259730080964,43.42185067479759,-1.0,-1.018,sl,60
2024-03-15 13:55:00,2024-03-15 21:55:00,L,54.275,55.48,50.73069090966645,63.135772725833874,0.34,0.323,time,96
2024-03-15 23:10:00,2024-03-16 07:10:00,L,57.335,61.01,55.002454023654934,63.166364940862664,1.576,1.548,time,96
2024-03-16 07:15:00,2024-03-16 13:40:00,L,61.01,57.301506188304266,57.301506188304266,70.28123452923933,-1.0,-1.018,sl,77
2024-03-16 17:20:00,2024-03-17 01:20:00,S,55.885,53.215,57.97029270157827,50.67176824605431,1.28,1.251,time,96
2024-03-17 06:35:00,2024-03-17 08:30:00,S,52.01,52.80863928985352,52.80863928985352,50.013401775366205,-1.0,-1.072,sl,23
2024-03-17 08:40:00,2024-03-17 16:40:00,L,53.25,55.74,50.41512430220619,60.337189244484534,0.878,0.858,time,96
2024-03-17 19:40:00,2024-03-18 01:00:00,L,57.325,55.44830841249668,55.44830841249668,62.016728968758315,-1.0,-1.034,sl,64
2024-03-18 02:15:00,2024-03-18 10:15:00,L,58.575,61.995,55.515815702144735,66.22296074463817,1.118,1.097,time,96
2024-03-18 10:50:00,2024-03-18 15:15:00,L,62.215,60.18477559544285,60.18477559544285,67.29056101139288,-1.0,-1.034,sl,53
2024-03-18 16:20:00,2024-03-19 00:20:00,L,64.105,61.475,59.79132576634619,74.88918558413454,-0.61,-0.626,time,96
2024-03-19 01:05:00,2024-03-19 09:05:00,S,59.185,55.715,62.075306441792954,51.95923389551763,1.201,1.178,time,96
2024-03-19 09:15:00,2024-03-19 12:05:00,S,56.84,59.13776669964438,59.13776669964438,51.095583250889064,-1.0,-1.027,sl,34
2024-03-19 12:10:00,2024-03-19 20:10:00,L,59.065,57.855,55.01282037265505,69.19544906836236,-0.299,-0.315,time,96
2024-03-19 20:15:00,2024-03-20 01:25:00,S,57.855,51.853285141647454,60.255685943341014,51.853285141647454,2.5,2.473,tp,62
2024-03-20 01:30:00,2024-03-20 09:30:00,S,52.715,53.095,54.725874057954925,47.6878148551127,-0.189,-0.218,time,96
2024-03-20 14:05:00,2024-03-20 18:05:00,S,52.775,54.139799463113675,54.139799463113675,49.36300134221581,-1.0,-1.043,sl,48
2024-03-20 18:10:00,2024-03-21 02:10:00,L,54.23,56.445,51.14888336972992,61.93279157567518,0.719,0.7,time,96
2024-03-21 04:40:00,2024-03-21 12:40:00,S,55.155,55.005,57.41593183280426,49.50267041798935,0.066,0.04,time,96
2024-03-21 17:00:00,2024-03-21 17:35:00,L,56.195,54.15746255329418,54.15746255329418,61.28884361676455,-1.0,-1.03,sl,7
2024-03-21 17:40:00,2024-03-22 01:40:00,S,54.17,53.855,56.508423818699576,48.32394045325107,0.135,0.109,time,96
2024-03-22 03:35:00,2024-03-22 11:35:00,L,54.71,55.085,52.805925702285904,59.470185744285246,0.197,0.165,time,96
2024-03-22 12:20:00,2024-03-22 14:05:00,L,56.055,54.41192788485759,54.41192788485759,60.16268028785602,-1.0,-1.038,sl,21
2024-03-22 14:10:00,2024-03-22 22:10:00,S,54.465,52.09,57.03258106763041,48.04604733092398,0.925,0.902,time,96
2024-03-22 22:20:00,2024-03-22 23:20:00,S,51.67,52.7256527766325,52.7256527766325,49.030868058418754,-1.0,-1.054,sl,12
2024-03-23 03:40:00,2024-03-23 07:15:00,S,52.885,54.36220155490761,54.36220155490761,49.191996112730976,-1.0,-1.039,sl,43
2024-03-23 07:20:00,2024-03-23 15:20:00,L,54.625,54.52,53.06660381400053,58.520990464998675,-0.067,-0.106,time,96
2024-03-23 20:45:00,2024-03-24 04:45:00,S,54.475,53.195,55.045634727329706,53.04841318167574,2.243,2.138,time,96
2024-03-24 17:10:00,2024-03-24 19:00:00,S,52.68,53.86503091066587,53.86503091066587,49.71742272333532,-1.0,-1.049,sl,22
2024-03-24 20:15:00,2024-03-24 22:30:00,L,54.155,55.4294355484695,53.6452257806122,55.4294355484695,2.5,2.383,tp,27
2024-03-24 22:35:00,2024-03-25 06:35:00,L,55.265,56.02,54.59542492584977,56.93893768537558,1.128,1.037,time,96
2024-03-25 07:15:00,2024-03-25 07:55:00,L,56.955,55.970817103727775,55.970817103727775,59.41545724068055,-1.0,-1.064,sl,8
2024-03-25 09:50:00,2024-03-25 14:20:00,L,56.995,59.02983222247467,56.18106711101013,59.02983222247467,2.5,2.423,tp,54
2024-03-25 14:25:00,2024-03-25 21:25:00,L,58.96,57.39077608699783,57.39077608699783,62.88305978250543,-1.0,-1.041,sl,84
2024-03-26 00:40:00,2024-03-26 08:40:00,L,58.67,58.22,57.4209081660866,61.792729584783515,-0.36,-0.412,time,96
2024-03-26 13:05:00,2024-03-26 14:20:00,L,58.065,56.90581929755887,56.90581929755887,60.96295175610281,-1.0,-1.055,sl,15
2024-03-26 16:25:00,2024-03-27 00:25:00,S,56.02,56.185,57.14999510911917,53.19501222720209,-0.146,-0.201,time,96
2024-03-27 07:20:00,2024-03-27 14:00:00,S,55.48,53.640900616812615,56.21563975327495,53.640900616812615,2.5,2.417,tp,80
2024-03-27 14:05:00,2024-03-27 22:05:00,S,53.555,54.305,55.57546522657402,48.503836933564955,-0.371,-0.4,time,96
2024-03-28 01:20:00,2024-03-28 06:40:00,S,53.61,54.576028466747424,54.576028466747424,51.19492883313144,-1.0,-1.061,sl,64
2024-03-28 10:10:00,2024-03-28 18:10:00,S,54.535,54.665,55.0828591154117,53.16535221147073,-0.237,-0.347,time,96
2024-03-28 22:10:00,2024-03-28 23:20:00,S,54.26,54.93698968686991,54.93698968686991,52.56752578282523,-1.0,-1.088,sl,14
2024-03-29 00:45:00,2024-03-29 08:45:00,S,54.215,53.795,54.80581999561149,52.737950010971275,0.711,0.61,time,96
2024-03-29 15:40:00,2024-03-29 23:40:00,S,52.94,53.43,54.24238310772317,49.684042230692064,-0.376,-0.421,time,96
2024-03-30 04:50:00,2024-03-30 12:50:00,L,54.235,54.23,53.24804502835838,56.702387429104036,-0.005,-0.066,time,96
2024-03-30 14:45:00,2024-03-30 22:45:00,S,53.76,53.1,54.188077245633494,52.689806885916255,1.542,1.404,time,96
2024-03-30 23:30:00,2024-03-31 01:05:00,S,52.815,53.315169761168626,53.315169761168626,51.56457559707843,-1.0,-1.116,sl,19
2024-03-31 05:05:00,2024-03-31 13:05:00,L,53.605,53.71,53.10403216546216,54.85741958634459,0.21,0.092,time,96
2024-03-31 14:00:00,2024-03-31 18:40:00,S,53.57,53.81448301624536,53.81448301624536,52.9587924593866,-1.0,-1.241,sl,56
2024-03-31 18:45:00,2024-04-01 02:45:00,L,53.865,54.095,53.23895746466359,55.43010633834103,0.367,0.273,time,96
2024-04-01 05:25:00,2024-04-01 05:45:00,S,53.39,51.726657525154295,54.05533698993828,51.726657525154295,2.5,2.412,tp,4
2024-04-01 05:50:00,2024-04-01 13:50:00,S,51.91,52.94,53.72712385449238,47.367190363769026,-0.567,-0.598,time,96
2024-04-01 14:40:00,2024-04-01 22:40:00,S,52.12,51.65,53.44077824114533,48.81805439713666,0.356,0.312,time,96
2024-04-02 00:20:00,2024-04-02 02:25:00,S,50.965,49.344591500379735,51.61316339984811,49.344591500379735,2.5,2.414,tp,25
2024-04-02 02:30:00,2024-04-02 10:30:00,S,49.175,47.24,50.884793022328836,44.9005174441779,1.132,1.1,time,96
2024-04-02 10:50:00,2024-04-02 12:20:00,S,47.01,47.672106835404385,47.672106835404385,45.35473291148903,-1.0,-1.078,sl,18
2024-04-02 13:30:00,2024-04-02 14:20:00,S,46.465,47.69566838702792,47.69566838702792,43.38832903243021,-1.0,-1.042,sl,10
2024-04-02 21:25:00,2024-04-03 00:35:00,S,46.97,45.214543592609104,47.67218256295636,45.214543592609104,2.5,2.426,tp,38
2024-04-03 00:40:00,2024-04-03 01:30:00,S,45.56,47.07774272149204,47.07774272149204,41.76564319626992,-1.0,-1.033,sl,10
2024-04-03 10:55:00,2024-04-03 18:10:00,S,47.53,45.49537200900687,48.34385119639725,45.49537200900687,2.5,2.436,tp,87
2024-04-03 18:15:00,2024-04-04 00:40:00,S,45.62,46.58460085038258,46.58460085038258,43.208497874043545,-1.0,-1.052,sl,77
2024-04-04 02:35:00,2024-04-04 06:05:00,S,46.095,46.78706645844685,46.78706645844685,44.36483385388287,-1.0,-1.073,sl,42
2024-04-04 13:15:00,2024-04-04 19:45:00,L,47.515,47.0491019591413,47.0491019591413,48.67974510214676,-1.0,-1.112,sl,78
2024-04-04 19:50:00,2024-04-05 02:15:00,S,47.165,45.610784805043,47.7866860779828,45.610784805043,2.5,2.417,tp,77
2024-04-05 02:20:00,2024-04-05 10:20:00,S,45.785,44.65,46.38813383776901,44.27716540557746,1.882,1.798,time,96
2024-04-05 10:30:00,2024-04-05 13:40:00,S,44.525,45.068010501899145,45.068010501899145,43.16747374525213,-1.0,-1.09,sl,38
2024-04-06 03:55:00,2024-04-06 11:55:00,L,46.565,46.935,45.851384384639765,48.349039038400576,0.518,0.447,time,96
2024-04-06 14:20:00,2024-04-06 15:55:00,L,47.055,48.304716414418195,46.55511343423272,48.304716414418195,2.5,2.396,tp,19
2024-04-06 16:00:00,2024-04-07 00:00:00,L,48.145,48.16,47.094872870238056,50.77031782440487,0.014,-0.036,time,96
2024-04-07 01:40:00,2024-04-07 09:40:00,L,48.795,48.375,48.248977860769486,50.16005534807629,-0.769,-0.868,time,96
2024-04-07 16:35:00,2024-04-07 18:05:00,L,48.995,48.1871650750389,48.1871650750389,51.014587312402746,-1.0,-1.067,sl,18
2024-04-07 23:30:00,2024-04-08 07:30:00,L,48.57,49.16,48.12848427703408,49.67378930741479,1.336,1.215,time,96
2024-04-08 07:40:00,2024-04-08 15:40:00,L,49.505,49.775,48.32085363892103,52.465365902697435,0.228,0.182,time,96
2024-04-08 18:35:00,2024-04-09 00:50:00,L,50.115,49.61837915943549,49.61837915943549,51.35655210141128,-1.0,-1.111,sl,75
2024-04-09 03:40:00,2024-04-09 08:05:00,S,49.155,48.20424136227324,49.535303455090705,48.20424136227324,2.5,2.358,tp,53
2024-04-09 08:10:00,2024-04-09 16:10:00,S,47.8,47.39,48.910172974368805,45.02456756407798,0.369,0.322,time,96
2024-04-09 21:25:00,2024-04-10 02:50:00,S,47.04,45.81728074503049,47.529087701987805,45.81728074503049,2.5,2.394,tp,65
2024-04-10 02:55:00,2024-04-10 04:25:00,S,45.78,47.085916323216196,47.085916323216196,42.515209191959514,-1.0,-1.039,sl,18
2024-04-10 08:10:00,2024-04-10 12:35:00,S,47.14,45.645504225835346,47.73779830966586,45.645504225835346,2.5,2.413,tp,53
2024-04-10 12:40:00,2024-04-10 17:20:00,S,45.4,47.74077646784547,47.74077646784547,39.54805883038632,-1.0,-1.021,sl,56
2024-04-11 00:25:00,2024-04-11 08:25:00,S,46.995,47.25,47.57457298850921,45.546067528726965,-0.44,-0.529,time,96
2024-04-11 09:40:00,2024-04-11 17:40:00,S,46.785,46.205,47.533698318193366,44.913254204516576,0.775,0.706,time,96
2024-04-12 06:30:00,2024-04-12 12:30:00,S,46.535,45.588766346005464,46.91349346159781,45.588766346005464,2.5,2.365,tp,72
2024-04-12 12:35:00,2024-04-12 17:20:00,S,45.47,43.19001012583034,46.38199594966786,43.19001012583034,2.5,2.445,tp,57
2024-04-12 17:25:00,2024-04-12 17:25:00,S,43.01,40.44339821719505,44.036640713121976,40.44339821719505,2.5,2.454,tp,0
2024-04-12 17:30:00,2024-04-12 18:35:00,S,40.98,33.233611788235706,44.078555284705715,33.233611788235706,2.5,2.485,tp,13
2024-04-12 18:40:00,2024-04-13 02:40:00,S,36.75,38.17,42.15621367734064,23.234465806648405,-0.263,-0.27,time,96
2024-04-13 07:50:00,2024-04-13 11:05:00,S,38.135,38.785662608518656,38.785662608518656,36.50834347870335,-1.0,-1.064,sl,39
2024-04-13 14:40:00,2024-04-13 15:25:00,S,38.205,38.71095319015297,38.71095319015297,36.940117024617564,-1.0,-1.083,sl,9
2024-04-13 16:10:00,2024-04-13 18:05:00,S,37.865,34.98207644396565,39.01816942241374,34.98207644396565,2.5,2.464,tp,23
2024-04-13 18:10:00,2024-04-13 20:05:00,S,35.0,30.1058588911439,36.95765644354244,30.1058588911439,2.5,2.48,tp,23
2024-04-13 20:10:00,2024-04-14 04:10:00,S,29.82,33.765,36.41243455044645,13.33891362388388,-0.598,-0.603,time,96
2024-04-14 11:25:00,2024-04-14 19:25:00,S,36.075,35.645,37.21295798903749,33.23010502740628,0.378,0.343,time,96
2024-04-14 22:10:00,2024-04-15 06:10:00,L,36.755,37.04,35.04241067628829,41.03647330927928,0.166,0.143,time,96
2024-04-15 06:15:00,2024-04-15 14:15:00,L,37.04,37.985,35.77209911270974,40.209752218225645,0.745,0.713,time,96
2024-04-15 14:20:00,2024-04-15 15:00:00,S,37.985,36.431937688811715,38.60622492447531,36.431937688811715,2.5,2.433,tp,8
2024-04-15 15:05:00,2024-04-15 23:05:00,S,36.73,35.355,38.307883495637185,32.78529126090703,0.871,0.846,time,96
2024-04-16 00:30:00,2024-04-16 01:30:00,S,34.59,35.243214959325165,35.243214959325165,32.956962601687096,-1.0,-1.058,sl,12
2024-04-16 04:40:00,2024-04-16 06:00:00,S,34.16,34.90947478698749,34.90947478698749,32.28631303253127,-1.0,-1.05,sl,16
2024-04-16 10:10:00,2024-04-16 15:30:00,S,35.035,33.417798823350296,35.68188047065988,33.417798823350296,2.5,2.44,tp,64
2024-04-16 15:35:00,2024-04-16 17:15:00,S,33.46,34.266481967878256,34.266481967878256,31.443795080304362,-1.0,-1.046,sl,20
2024-04-17 01:15:00,2024-04-17 04:35:00,S,34.26,35.08492837342037,35.08492837342037,32.19767906644907,-1.0,-1.046,sl,40
2024-04-17 10:40:00,2024-04-17 15:25:00,S,34.35,32.671272672401415,35.02149093103944,32.671272672401415,2.5,2.444,tp,57
2024-04-17 15:30:00,2024-04-17 17:55:00,S,32.595,33.735281528764475,33.735281528764475,29.74429617808881,-1.0,-1.031,sl,29
2024-04-18 00:05:00,2024-04-18 01:25:00,S,33.685,34.08121248664589,34.08121248664589,32.69446878338529,-1.0,-1.094,sl,16
2024-04-18 06:20:00,2024-04-18 11:05:00,S,33.925,34.805137726610084,34.805137726610084,31.72465568347478,-1.0,-1.042,sl,57
2024-04-18 11:10:00,2024-04-18 13:35:00,L,34.87,33.96691914636127,33.96691914636127,37.127702134096815,-1.0,-1.042,sl,29
2024-04-18 13:40:00,2024-04-18 14:05:00,S,33.84,34.50915818752613,34.50915818752613,32.16710453118468,-1.0,-1.056,sl,5
2024-04-18 15:10:00,2024-04-18 18:10:00,L,35.535,34.13884075691476,34.13884075691476,39.02539810771309,-1.0,-1.028,sl,36
2024-04-18 20:20:00,2024-04-19 00:10:00,L,34.84,34.55933146882638,34.55933146882638,35.54167132793407,-1.0,-1.137,sl,46
2024-04-19 00:30:00,2024-04-19 01:25:00,S,34.5,33.52317845263873,34.89072861894451,33.52317845263873,2.5,2.403,tp,11
2024-04-19 01:30:00,2024-04-19 06:40:00,S,33.575,34.75745547451962,34.75745547451962,30.618861313700968,-1.0,-1.031,sl,62
2024-04-19 06:45:00,2024-04-19 14:45:00,L,34.835,35.445,33.50321412976692,38.16446467558271,0.458,0.429,time,96
2024-04-19 22:15:00,2024-04-19 22:40:00,L,35.375,34.96130844212135,34.96130844212135,36.409228894696625,-1.0,-1.094,sl,5
2024-04-19 23:05:00,2024-04-20 04:30:00,S,34.34,35.398329033348894,35.398329033348894,31.694177416627777,-1.0,-1.036,sl,65
2024-04-20 04:35:00,2024-04-20 12:20:00,L,35.445,34.856391322701896,34.856391322701896,36.91652169324526,-1.0,-1.066,sl,93
2024-04-20 15:45:00,2024-04-20 18:00:00,L,35.9,37.649542284177016,35.20018308632919,37.649542284177016,2.5,2.444,tp,27
2024-04-20 18:05:00,2024-04-21 02:05:00,L,37.68,37.9,36.58480650213605,40.41798374465988,0.201,0.163,time,96
2024-04-21 03:05:00,2024-04-21 07:25:00,L,38.475,37.87449343503887,37.87449343503887,39.97626641240282,-1.0,-1.07,sl,52
2024-04-22 03:35:00,2024-04-22 11:35:00,L,37.69,39.37,36.864559125901195,39.753602185247004,2.035,1.985,time,96
2024-04-22 16:15:00,2024-04-23 00:15:00,L,39.235,39.25,38.353081361113844,41.43979659721539,0.017,-0.032,time,96
2024-04-23 00:35:00,2024-04-23 02:50:00,L,39.74,39.083159202341285,39.083159202341285,41.382101994146794,-1.0,-1.067,sl,27
2024-04-23 07:25:00,2024-04-23 14:10:00,S,38.455,38.95639888761957,38.95639888761957,37.20150278095107,-1.0,-1.084,sl,81
2024-04-23 14:15:00,2024-04-23 20:20:00,L,38.87,38.06457550722381,38.06457550722381,40.883561231940476,-1.0,-1.053,sl,73
2024-04-23 23:10:00,2024-04-24 00:05:00,S,38.115,38.52167789876215,38.52167789876215,37.09830525309464,-1.0,-1.103,sl,11
2024-04-24 00:10:00,2024-04-24 08:10:00,L,38.505,39.24,37.97334092725428,39.834147681864316,1.382,1.303,time,96
2024-04-24 13:05:00,2024-04-24 15:40:00,S,38.62,36.807707214727415,39.34491711410903,36.807707214727415,2.5,2.441,tp,31
2024-04-24 15:45:00,2024-04-24 23:45:00,S,36.815,36.345,37.65722637035625,34.70943407410937,0.558,0.51,time,96
2024-04-25 02:00:00,2024-04-25 10:00:00,S,35.945,35.125,36.75049240426587,33.93126898933532,1.018,0.969,time,96
2024-04-25 10:10:00,2024-04-25 14:25:00,S,34.955,35.5727532760782,35.5727532760782,33.41061680980449,-1.0,-1.062,sl,51
2024-04-25 22:40:00,2024-04-26 06:40:00,S,35.68,35.39,36.379255348250496,33.931861629373756,0.415,0.359,time,96
2024-04-26 13:15:00,2024-04-26 13:45:00,S,34.85,35.46140672332949,35.46140672332949,33.32148319167628,-1.0,-1.063,sl,6
2024-04-26 22:30:00,2024-04-27 01:15:00,S,34.47,33.081400803012556,35.025439678794974,33.081400803012556,2.5,2.432,tp,33
2024-04-27 01:20:00,2024-04-27 09:20:00,S,33.48,34.11,34.64546133311795,30.566346667205114,-0.541,-0.572,time,96
2024-04-27 10:45:00,2024-04-27 13:20:00,S,33.89,34.23829774134147,34.23829774134147,33.01925564664633,-1.0,-1.107,sl,31
2024-04-27 15:45:00,2024-04-27 17:40:00,S,34.06,34.3299919249497,34.3299919249497,33.385020187625756,-1.0,-1.139,sl,23
2024-04-28 01:05:00,2024-04-28 09:05:00,L,34.805,34.835,34.35311776437568,35.9347055890608,0.066,-0.018,time,96
2024-04-28 09:40:00,2024-04-28 15:55:00,S,34.725,34.906547831315,34.906547831315,34.2711304217125,-1.0,-1.21,sl,75
2024-04-28 16:40:00,2024-04-28 22:10:00,L,34.89,34.59009446692991,34.59009446692991,35.63976383267522,-1.0,-1.128,sl,66
2024-04-28 22:15:00,2024-04-29 03:00:00,S,34.575,33.52693146967968,34.99422741212813,33.52693146967968,2.5,2.409,tp,57
2024-04-29 03:05:00,2024-04-29 11:05:00,S,33.515,33.245,34.29281962436347,31.570450939091334,0.347,0.3,time,96
2024-04-29 14:20:00,2024-04-29 22:20:00,L,34.115,34.625,33.53692581658205,35.560185458544886,0.882,0.817,time,96
2024-04-29 22:35:00,2024-04-30 06:35:00,L,35.0,34.815,34.08027118570535,37.29932203573662,-0.201,-0.243,time,96
2024-04-30 07:15:00,2024-04-30 07:45:00,L,34.975,34.716996595684165,34.716996595684165,35.62000851078959,-1.0,-1.149,sl,6
2024-04-30 08:25:00,2024-04-30 12:10:00,S,34.305,32.63242669635515,34.97402932145794,32.63242669635515,2.5,2.444,tp,45
2024-04-30 12:15:00,2024-04-30 20:15:00,S,32.95,32.455,33.52748666822698,31.506283329432566,0.857,0.794,time,96
2024-05-01 00:40:00,2024-05-01 07:25:00,S,32.345,31.01921406984288,32.875314372062846,31.01921406984288,2.5,2.433,tp,81
2024-05-01 07:30:00,2024-05-01 12:35:00,S,31.295,32.32125146717411,32.32125146717411,28.729371332064737,-1.0,-1.034,sl,61
2024-05-01 16:50:00,2024-05-01 18:00:00,S,31.94,32.58463244368785,32.58463244368785,30.328418890780377,-1.0,-1.055,sl,14
2024-05-01 18:10:00,2024-05-02 02:10:00,L,32.96,32.775,31.725471021911506,36.046322445221236,-0.15,-0.179,time,96
2024-05-02 05:25:00,2024-05-02 08:30:00,S,32.575,32.970370564916315,32.970370564916315,31.58657358770922,-1.0,-1.091,sl,37
2024-05-02 08:35:00,2024-05-02 11:25:00,L,32.83,33.509267842702556,32.558292862918975,33.509267842702556,2.5,2.367,tp,34
2024-05-02 11:30:00,2024-05-02 19:30:00,L,33.515,33.6,32.6463631438064,35.68659214048401,0.098,0.055,time,96
2024-05-02 22:10:00,2024-05-03 00:25:00,L,33.89,33.50369841036364,33.50369841036364,34.8557539740909,-1.0,-1.097,sl,27
2024-05-03 01:15:00,2024-05-03 09:15:00,L,33.97,33.61,33.3797919469504,35.445520132624,-0.61,-0.673,time,96
2024-05-03 09:50:00,2024-05-03 10:35:00,L,33.86,33.5624647970356,33.5624647970356,34.60383800741099,-1.0,-1.125,sl,9
2024-05-03 12:35:00,2024-05-03 20:35:00,L,34.195,35.8,33.37848882246604,36.23627794383491,1.966,1.92,time,96
2024-05-03 20:40:00,2024-05-04 04:40:00,L,35.8,35.655,35.13421442437013,37.46446393907467,-0.218,-0.277,time,96
2024-05-04 04:50:00,2024-05-04 07:35:00,L,35.67,35.43579735980769,35.43579735980769,36.255506600480786,-1.0,-1.168,sl,33
2024-05-04 10:45:00,2024-05-04 18:30:00,L,35.81,36.9843143794991,35.340274248200366,36.9843143794991,2.5,2.416,tp,93
2024-05-04 18:35:00,2024-05-05 02:35:00,L,37.045,37.445,36.25936825587456,39.0090793603136,0.509,0.457,time,96
2024-05-05 03:20:00,2024-05-05 04:15:00,L,37.85,37.27942927182473,37.27942927182473,39.276426820438175,-1.0,-1.073,sl,11
2024-05-05 14:00:00,2024-05-05 22:00:00,L,37.3,37.315,36.64030573483276,38.9492356629181,0.023,-0.039,time,96
2024-05-05 22:05:00,2024-05-06 06:05:00,L,37.315,37.805,36.89665478305267,38.36086304236832,1.171,1.073,time,96
2024-05-06 06:15:00,2024-05-06 08:25:00,L,37.89,39.18454195172279,37.372183219310884,39.18454195172279,2.5,2.42,tp,26
2024-05-06 08:30:00,2024-05-06 12:35:00,L,39.22,37.83915544495974,37.83915544495974,42.67211138760065,-1.0,-1.031,sl,49
2024-05-06 17:45:00,2024-05-06 20:25:00,S,36.88,37.62674441346135,37.62674441346135,35.01313896634663,-1.0,-1.054,sl,32
2024-05-06 20:30:00,2024-05-07 00:20:00,L,37.69,36.76115730473729,36.76115730473729,40.012106738156774,-1.0,-1.045,sl,46
2024-05-07 00:25:00,2024-05-07 01:45:00,S,36.89,37.34114412819043,37.34114412819043,35.762139679523926,-1.0,-1.09,sl,16
2024-05-07 02:15:00,2024-05-07 03:20:00,L,37.515,37.0227426200982,37.0227426200982,38.7456434497545,-1.0,-1.084,sl,13
2024-05-07 03:30:00,2024-05-07 11:30:00,S,36.46,36.89,37.598134341032896,33.61466414741776,-0.378,-0.413,time,96
2024-05-07 11:45:00,2024-05-07 14:55:00,S,36.63,37.07733744610578,37.07733744610578,35.51165638473556,-1.0,-1.09,sl,38
2024-05-07 15:00:00,2024-05-07 18:30:00,L,37.1,36.27638560568681,36.27638560568681,39.15903598578298,-1.0,-1.05,sl,42
2024-05-07 18:35:00,2024-05-08 02:35:00,S,36.3,35.375,36.91199311321836,34.770017216954095,1.511,1.446,time,96
2024-05-08 04:45:00,2024-05-08 12:45:00,S,34.99,34.15,35.426159921793776,33.89960019551557,1.926,1.838,time,96
2024-05-08 12:50:00,2024-05-08 13:15:00,S,34.15,34.58250642974854,34.58250642974854,33.06873392562864,-1.0,-1.087,sl,5
2024-05-08 20:20:00,2024-05-09 04:20:00,S,33.815,34.305,34.583145219801565,31.89463695049608,-0.638,-0.686,time,96
2024-05-09 08:15:00,2024-05-09 15:10:00,S,34.175,34.4760444068405,34.4760444068405,33.42238898289874,-1.0,-1.125,sl,83
2024-05-09 22:20:00,2024-05-10 02:15:00,L,34.755,35.460648691724955,34.47274052331002,35.460648691724955,2.5,2.365,tp,47
2024-05-10 02:20:00,2024-05-10 10:20:00,L,35.405,35.665,34.97437567000847,36.48156082497883,0.604,0.513,time,96
2024-05-10 12:05:00,2024-05-10 14:10:00,L,35.855,35.40213329363859,35.40213329363859,36.98716676590351,-1.0,-1.087,sl,25
2024-05-10 14:15:00,2024-05-10 14:50:00,S,35.355,34.095400031653455,35.85883998733861,34.095400031653455,2.5,2.423,tp,7
2024-05-10 14:55:00,2024-05-10 22:55:00,S,34.23,33.265,35.87076459900366,30.128088502490847,0.588,0.565,time,96
2024-05-10 23:00:00,2024-05-11 00:00:00,S,33.265,33.81062792302451,33.81062792302451,31.90093019243872,-1.0,-1.067,sl,12
2024-05-11 08:30:00,2024-05-11 15:10:00,S,33.34,33.69818526450067,33.69818526450067,32.444536838748334,-1.0,-1.102,sl,80
2024-05-11 22:00:00,2024-05-12 05:55:00,S,33.555,33.7347341015164,33.7347341015164,33.105664746208994,-1.0,-1.205,sl,95
2024-05-12 07:20:00,2024-05-12 10:15:00,S,33.375,33.707136011834976,33.707136011834976,32.54465997041256,-1.0,-1.111,sl,35
2024-05-12 14:35:00,2024-05-12 16:20:00,S,33.61,33.86722172775451,33.86722172775451,32.96694568061372,-1.0,-1.144,sl,21
2024-05-12 18:45:00,2024-05-12 21:25:00,S,33.475,32.83572874949822,33.73070850020071,32.83572874949822,2.5,2.356,tp,32
2024-05-12 21:30:00,2024-05-13 03:10:00,S,33.035,31.938409249633803,33.473636300146474,31.938409249633803,2.5,2.417,tp,68
2024-05-13 03:15:00,2024-05-13 06:45:00,S,31.9,32.81521453358363,32.81521453358363,29.611963666040925,-1.0,-1.038,sl,42
2024-05-13 07:05:00,2024-05-13 15:05:00,L,32.93,32.975,32.05140025882086,35.126499352947846,0.051,0.01,time,96
2024-05-13 15:15:00,2024-05-13 23:15:00,S,33.09,32.495,33.493987553222894,32.08003111694278,1.473,1.383,time,96
2024-05-14 00:10:00,2024-05-14 00:40:00,S,32.355,32.57711445192308,32.57711445192308,31.79971387019229,-1.0,-1.16,sl,6
2024-05-14 00:50:00,2024-05-14 07:50:00,S,32.3,32.610998261119605,32.610998261119605,31.52250434720098,-1.0,-1.114,sl,84
2024-05-14 14:15:00,2024-05-14 22:15:00,S,31.96,31.695,32.772871648501834,29.92782087874542,0.326,0.283,time,96
2024-05-14 22:25:00,2024-05-15 00:30:00,S,31.61,31.82687636825677,31.82687636825677,31.067809079358074,-1.0,-1.16,sl,25
2024-05-15 00:50:00,2024-05-15 02:00:00,S,31.445,31.840791879426057,31.840791879426057,30.45552030143486,-1.0,-1.087,sl,14
2024-05-15 06:55:00,2024-05-15 10:25:00,L,32.46,33.20474783926316,32.162100864294736,33.20474783926316,2.5,2.38,tp,42
2024-05-15 10:30:00,2024-05-15 18:30:00,L,33.15,34.045,32.424914055646454,34.962714860883864,1.234,1.184,time,96
2024-05-15 20:05:00,2024-05-16 04:05:00,L,34.25,34.93,33.78911726220365,35.40220684449086,1.475,1.394,time,96
2024-05-16 08:10:00,2024-05-16 08:15:00,L,34.85,34.71330254284239,34.71330254284239,35.191743642894025,-1.0,-1.28,sl,1
2024-05-16 10:00:00,2024-05-16 11:10:00,L,34.915,34.45074764539786,34.45074764539786,36.075630886505344,-1.0,-1.083,sl,14
2024-05-16 13:55:00,2024-05-16 14:20:00,L,34.675,34.093229174486595,34.093229174486595,36.1294270637835,-1.0,-1.066,sl,5
2024-05-16 19:45:00,2024-05-17 03:45:00,L,34.345,34.805,33.99524269921274,35.21939325196815,1.315,1.207,time,96
2024-05-17 03:50:00,2024-05-17 06:55:00,L,34.805,35.7555230500019,34.42479077999924,35.7555230500019,2.5,2.399,tp,37
2024-05-17 07:00:00,2024-05-17 15:00:00,L,35.89,36.645,34.83320131425682,38.53199671435796,0.714,0.677,time,96
2024-05-17 15:25:00,2024-05-17 18:00:00,L,37.015,36.54015649017956,36.54015649017956,38.20210877455109,-1.0,-1.086,sl,31
2024-05-18 01:40:00,2024-05-18 03:55:00,L,36.825,37.60202313334271,36.51419074666292,37.60202313334271,2.5,2.37,tp,27
2024-05-18 04:00:00,2024-05-18 12:00:00,L,37.595,37.475,37.07602170369431,38.892445740764224,-0.231,-0.311,time,96
2024-05-18 20:55:00,2024-05-19 04:55:00,L,37.205,37.22,36.93842913300441,37.87142716748896,0.056,-0.097,time,96
2024-05-19 09:15:00,2024-05-19 10:40:00,S,36.61,36.88200701873384,36.88200701873384,35.92998245316541,-1.0,-1.148,sl,17
2024-05-19 11:05:00,2024-05-19 19:05:00,S,36.39,35.61,36.91242892982382,35.08392767544046,1.493,1.416,time,96
2024-05-20 00:35:00,2024-05-20 00:35:00,S,35.45,35.717147352011615,35.717147352011615,34.78213161997097,-1.0,-1.146,sl,0
2024-05-20 01:20:00,2024-05-20 02:15:00,S,35.37,35.812855890175875,35.812855890175875,34.2628602745603,-1.0,-1.088,sl,11
2024-05-20 05:05:00,2024-05-20 06:50:00,L,36.405,35.55413692296509,35.55413692296509,38.532157692587276,-1.0,-1.047,sl,21
2024-05-20 06:55:00,2024-05-20 14:55:00,S,35.51,35.85,36.53078022171304,32.9580494457174,-0.333,-0.371,time,96
2024-05-20 15:20:00,2024-05-20 19:20:00,L,36.135,37.33890033327046,35.65343986669181,37.33890033327046,2.5,2.417,tp,48
2024-05-20 19:25:00,2024-05-20 23:20:00,L,37.585,39.52035234781468,36.81085906087413,39.52035234781468,2.5,2.447,tp,47
2024-05-20 23:25:00,2024-05-21 00:45:00,L,39.645,40.90543629023708,39.140825483905175,40.90543629023708,2.5,2.414,tp,16
2024-05-21 00:50:00,2024-05-21 01:20:00,L,40.955,39.912674826720036,39.912674826720036,43.560812933199905,-1.0,-1.043,sl,6
2024-05-21 05:15:00,2024-05-21 13:15:00,L,40.8,40.655,39.823582110099636,43.2410447247509,-0.149,-0.194,time,96
2024-05-21 13:35:00,2024-05-21 15:50:00,L,41.08,40.38614293109885,40.38614293109885,42.81464267225286,-1.0,-1.065,sl,27
2024-05-21 22:20:00,2024-05-22 04:35:00,L,41.105,40.49600500214942,40.49600500214942,42.62748749462645,-1.0,-1.074,sl,75
2024-05-22 05:45:00,2024-05-22 12:30:00,L,41.35,40.20355749831241,40.20355749831241,44.21610625421897,-1.0,-1.04,sl,81
2024-05-22 12:35:00,2024-05-22 20:35:00,S,40.085,40.0,40.89596613844488,38.057584653887815,0.105,0.05,time,96
2024-05-23 00:40:00,2024-05-23 01:05:00,L,40.325,39.91479441902233,39.91479441902233,41.35051395244419,-1.0,-1.108,sl,5
2024-05-23 06:20:00,2024-05-23 06:50:00,S,39.59,40.01930869488541,40.01930869488541,38.516728262786486,-1.0,-1.101,sl,6
2024-05-23 07:40:00,2024-05-23 09:40:00,L,40.22,39.67659124275314,39.67659124275314,41.57852189311714,-1.0,-1.081,sl,24
2024-05-23 13:00:00,2024-05-23 20:00:00,S,39.49,36.85702553937848,40.54318978424861,36.85702553937848,2.5,2.459,tp,84
2024-05-23 20:05:00,2024-05-23 21:05:00,S,36.805,38.22208615531414,38.22208615531414,33.262284611714655,-1.0,-1.029,sl,12
2024-05-24 05:15:00,2024-05-24 13:15:00,S,38.39,37.795,39.00793134950075,36.845171626248124,0.963,0.895,time,96
2024-05-24 14:10:00,2024-05-24 14:20:00,S,37.695,37.93529392582711,37.93529392582711,37.09426518543222,-1.0,-1.173,sl,2
2024-05-24 21:50:00,2024-05-25 03:55:00,S,37.93,38.24990196717896,38.24990196717896,37.13024508205261,-1.0,-1.13,sl,73
2024-05-25 04:05:00,2024-05-25 12:05:00,L,38.32,38.2,38.08794282968175,38.90014292579562,-0.517,-0.699,time,96
2024-05-25 12:10:00,2024-05-25 20:10:00,S,38.2,38.05,38.72080894923714,36.89797762690716,0.288,0.207,time,96
2024-05-25 20:40:00,2024-05-25 22:20:00,S,37.895,38.147148928460716,38.147148928460716,37.26462767884822,-1.0,-1.165,sl,20
2024-05-26 02:10:00,2024-05-26 09:40:00,S,37.97,37.1775459786356,38.28698160854576,37.1775459786356,2.5,2.368,tp,90
2024-05-26 09:45:00,2024-05-26 17:45:00,S,37.185,36.745,37.51415004844835,36.36212487887913,1.337,1.213,time,96
2024-05-26 21:05:00,2024-05-26 22:25:00,S,36.685,36.99130261300958,36.99130261300958,35.91924346747606,-1.0,-1.132,sl,16
2024-05-27 05:20:00,2024-05-27 11:10:00,S,37.03,37.478082363942505,37.478082363942505,35.90979409014374,-1.0,-1.091,sl,70
2024-05-27 13:55:00,2024-05-27 16:05:00,L,37.745,38.69368742527945,37.36552502988822,38.69368742527945,2.5,2.391,tp,26
2024-05-27 16:10:00,2024-05-27 19:50:00,L,38.88,37.83759646836596,37.83759646836596,41.48600882908511,-1.0,-1.041,sl,44
2024-05-28 01:50:00,2024-05-28 09:50:00,S,37.835,37.15,38.44690413737528,36.30523965656181,1.119,1.051,time,96
2024-05-28 14:00:00,2024-05-28 22:00:00,S,36.89,37.205,37.43983224269833,35.51541939325418,-0.573,-0.647,time,96
2024-05-29 00:30:00,2024-05-29 03:15:00,S,36.95,37.201862441586044,37.201862441586044,36.3203438960349,-1.0,-1.161,sl,33
2024-05-29 04:30:00,2024-05-29 07:10:00,L,37.445,37.059450783003754,37.059450783003754,38.40887304249061,-1.0,-1.107,sl,32
2024-05-29 07:15:00,2024-05-29 15:15:00,S,37.105,36.93,37.54887133435499,35.99532166411251,0.394,0.302,time,96
2024-05-29 16:00:00,2024-05-30 00:00:00,S,36.645,36.27,37.028275391331306,35.68681152167174,0.978,0.873,time,96
2024-05-30 00:40:00,2024-05-30 02:20:00,S,36.16,36.49619723995235,36.49619723995235,35.31950690011911,-1.0,-1.118,sl,20
2024-05-30 06:10:00,2024-05-30 07:55:00,S,36.455,35.481548283855986,36.844380686457605,35.481548283855986,2.5,2.397,tp,21
2024-05-30 08:00:00,2024-05-30 08:55:00,S,35.585,36.11376752263749,36.11376752263749,34.26308119340628,-1.0,-1.074,sl,11
2024-05-30 13:20:00,2024-05-30 14:40:00,L,36.95,36.595585134774936,36.595585134774936,37.83603716306267,-1.0,-1.115,sl,16
2024-05-30 14:55:00,2024-05-30 17:20:00,S,36.45,37.0483151599625,37.0483151599625,34.95421210009376,-1.0,-1.067,sl,29
2024-05-30 17:30:00,2024-05-30 19:25:00,L,37.08,36.77455794093426,36.77455794093426,37.84360514766435,-1.0,-1.134,sl,23
2024-05-30 19:50:00,2024-05-31 03:50:00,S,36.51,36.15,36.99127435510882,35.30681411222794,0.748,0.665,time,96
2024-05-31 05:30:00,2024-05-31 06:25:00,S,35.895,36.26061185316545,36.26061185316545,34.980970367086385,-1.0,-1.108,sl,11
2024-05-31 12:05:00,2024-05-31 13:55:00,L,36.4,36.0771059572484,36.0771059572484,37.207235106879,-1.0,-1.124,sl,22
2024-05-31 14:05:00,2024-05-31 22:05:00,S,36.02,36.32,36.6869943185843,34.35251420353927,-0.45,-0.509,time,96
2024-05-31 23:25:00,2024-06-01 07:25:00,S,36.09,35.985,36.34734736551888,35.44663158620281,0.408,0.254,time,96
2024-06-01 16:00:00,2024-06-02 00:00:00,S,35.98,35.76,36.23560459269551,35.34098851826121,0.861,0.706,time,96
2024-06-02 04:55:00,2024-06-02 07:20:00,L,36.185,35.93447289259026,35.93447289259026,36.81131776852436,-1.0,-1.159,sl,29
2024-06-02 07:25:00,2024-06-02 15:25:00,S,35.93,35.825,36.18267012358787,35.29832469103033,0.416,0.259,time,96
2024-06-02 16:45:00,2024-06-03 00:35:00,S,35.575,34.59345961633157,35.967616153467375,34.59345961633157,2.5,2.4,tp,94
2024-06-03 00:40:00,2024-06-03 01:10:00,S,34.69,35.09014312456129,35.09014312456129,33.68964218859678,-1.0,-1.095,sl,6
2024-06-03 06:15:00,2024-06-03 07:05:00,L,35.52,36.20345034078849,35.24661986368461,36.20345034078849,2.5,2.357,tp,10
2024-06-03 07:10:00,2024-06-03 14:40:00,L,36.22,35.41430059887001,35.41430059887001,38.23424850282498,-1.0,-1.049,sl,90
2024-06-03 14:45:00,2024-06-03 22:45:00,S,35.49,35.45,36.282017998832046,33.509955002919895,0.051,0.001,time,96
2024-06-03 23:15:00,2024-06-04 07:15:00,S,35.21,34.79,35.60400057857234,34.22499855356915,1.066,0.968,time,96
2024-06-04 09:20:00,2024-06-04 11:00:00,S,34.71,34.97901755345264,34.97901755345264,34.037456116368396,-1.0,-1.142,sl,20
2024-06-04 15:05:00,2024-06-04 18:20:00,L,35.335,36.20323734666947,34.987705061332214,36.20323734666947,2.5,2.388,tp,39
2024-06-04 18:25:00,2024-06-04 19:20:00,L,36.275,35.74497429614786,35.74497429614786,37.600064259630344,-1.0,-1.075,sl,11
2024-06-04 22:55:00,2024-06-05 01:35:00,L,35.965,36.331551401716325,35.818379439313475,36.331551401716325,2.5,2.23,tp,32
2024-06-05 01:40:00,2024-06-05 09:40:00,L,36.305,36.285,36.03490797229373,36.98023006926567,-0.074,-0.222,time,96
2024-06-05 15:45:00,2024-06-05 23:45:00,L,36.475,36.535,35.98859725086743,37.69100687283144,0.123,0.041,time,96
2024-06-06 08:25:00,2024-06-06 09:05:00,L,36.38,36.85837549315096,36.18864980273962,36.85837549315096,2.5,2.291,tp,8
2024-06-06 09:10:00,2024-06-06 17:10:00,L,36.87,36.67,36.25610121339896,38.404746966502586,-0.326,-0.392,time,96
2024-06-06 19:10:00,2024-06-06 19:50:00,S,36.465,35.98869636140331,36.65552145543868,35.98869636140331,2.5,2.289,tp,8
2024-06-06 19:55:00,2024-06-07 03:55:00,S,36.075,35.875,36.59013775271952,34.78715561820121,0.388,0.311,time,96
2024-06-07 04:05:00,2024-06-07 04:30:00,S,35.74,35.94340661991574,35.94340661991574,35.23148345021065,-1.0,-1.193,sl,5
2024-06-07 11:50:00,2024-06-07 12:35:00,L,36.325,35.941421012737436,35.941421012737436,37.28394746815642,-1.0,-1.104,sl,9
2024-06-07 12:40:00,2024-06-07 14:40:00,S,35.96,36.86983342997141,36.86983342997141,33.68541642507148,-1.0,-1.043,sl,24
2024-06-07 14:45:00,2024-06-07 15:20:00,L,36.825,36.37774930320646,36.37774930320646,37.94312674198387,-1.0,-1.091,sl,7
2024-06-07 16:50:00,2024-06-07 17:55:00,S,36.03,35.126164187582404,36.39153432496704,35.126164187582404,2.5,2.39,tp,13
2024-06-07 18:00:00,2024-06-07 18:00:00,S,35.105,32.86361143417355,36.001555426330576,32.86361143417355,2.5,2.457,tp,0
2024-06-07 18:05:00,2024-06-08 02:05:00,S,31.2,33.625,35.978481369486495,19.25379657628376,-0.507,-0.515,time,96
2024-06-08 09:00:00,2024-06-08 11:40:00,S,33.39,32.78914399834709,33.63034240066116,32.78914399834709,2.5,2.347,tp,32
2024-06-08 11:45:00,2024-06-08 19:45:00,S,32.765,32.33,33.1841950783007,31.71701230424826,1.038,0.952,time,96
2024-06-08 20:40:00,2024-06-09 01:35:00,S,32.13,32.40233720512583,32.40233720512583,31.44915698718543,-1.0,-1.13,sl,59
2024-06-09 02:45:00,2024-06-09 06:10:00,S,32.1,32.50304775397963,32.50304775397963,31.09238061505093,-1.0,-1.088,sl,41
2024-06-09 10:35:00,2024-06-09 12:45:00,S,32.42,32.55889461865478,32.55889461865478,32.07276345336305,-1.0,-1.257,sl,26
2024-06-10 01:25:00,2024-06-10 05:05:00,L,33.145,32.776951877322894,32.776951877322894,34.065120306692776,-1.0,-1.099,sl,44
2024-06-10 05:10:00,2024-06-10 06:45:00,S,32.83,32.424329880803406,32.992268047678635,32.424329880803406,2.5,2.277,tp,19
2024-06-10 06:50:00,2024-06-10 10:05:00,S,32.445,32.79538855058098,32.79538855058098,31.56902862354755,-1.0,-1.102,sl,39
2024-06-10 15:15:00,2024-06-10 20:10:00,L,32.73,32.360793400076496,32.360793400076496,33.65301649980875,-1.0,-1.098,sl,59
2024-06-10 20:15:00,2024-06-11 04:15:00,S,32.315,32.17,32.72649252715762,31.28626868210595,0.352,0.266,time,96
2024-06-11 07:00:00,2024-06-11 08:30:00,S,32.005,32.3571037883453,32.3571037883453,31.124740529136762,-1.0,-1.1,sl,18
2024-06-11 09:25:00,2024-06-11 17:25:00,S,31.815,30.705,32.38530910128596,30.389227246785097,1.946,1.885,time,96
2024-06-11 17:30:00,2024-06-11 18:40:00,S,30.705,31.451048138310117,31.451048138310117,28.839879654224703,-1.0,-1.045,sl,14
2024-06-12 00:55:00,2024-06-12 03:50:00,S,31.3,31.612531661213083,31.612531661213083,30.518670846967296,-1.0,-1.11,sl,35
2024-06-12 07:20:00,2024-06-12 12:30:00,L,32.07,32.725016206373674,31.80799351745053,32.725016206373674,2.5,2.365,tp,62
2024-06-12 12:35:00,2024-06-12 20:35:00,L,33.03,33.17,31.840228191992853,36.00442952001787,0.118,0.087,time,96
2024-06-13 03:05:00,2024-06-13 11:05:00,S,32.55,32.015,33.0827223237843,31.218194190539233,1.004,0.937,time,96
2024-06-13 12:55:00,2024-06-13 20:55:00,S,31.81,31.24,32.370261620343555,30.409345949141105,1.017,0.955,time,96
2024-06-13 21:00:00,2024-06-14 05:00:00,S,31.24,31.38,31.542600607232636,30.483498481918403,-0.463,-0.576,time,96
2024-06-14 08:15:00,2024-06-14 12:50:00,L,32.025,31.50412534163413,31.50412534163413,33.32718664591467,-1.0,-1.068,sl,55
2024-06-14 12:55:00,2024-06-14 15:45:00,S,31.585,30.649716307860313,31.959113476855876,30.649716307860313,2.5,2.407,tp,34
2024-06-14 15:50:00,2024-06-14 19:50:00,S,30.66,29.27006958077412,31.215972167690353,29.27006958077412,2.5,2.439,tp,48
2024-06-14 19:55:00,2024-06-14 20:20:00,S,29.35,29.61641769601736,29.61641769601736,28.683955759956604,-1.0,-1.121,sl,5
2024-06-15 02:05:00,2024-06-15 05:40:00,S,30.165,30.43236196185972,30.43236196185972,29.4965950953507,-1.0,-1.124,sl,43
2024-06-15 09:45:00,2024-06-15 15:15:00,S,30.245,30.435036295284206,30.435036295284206,29.769909261789486,-1.0,-1.175,sl,66
2024-06-15 17:10:00,2024-06-16 01:10:00,S,30.11,30.07,30.396142776807537,29.394643057981156,0.14,0.024,time,96
2024-06-16 04:25:00,2024-06-16 05:05:00,S,29.85,30.067165733198674,30.067165733198674,29.30708566700332,-1.0,-1.151,sl,8
2024-06-16 08:50:00,2024-06-16 16:50:00,S,30.085,30.03,30.42063694327368,29.245907641815798,0.164,0.065,time,96
2024-06-16 18:15:00,2024-06-16 22:05:00,S,29.86,30.1107694978145,30.1107694978145,29.23307625546375,-1.0,-1.131,sl,46
2024-06-17 01:20:00,2024-06-17 09:20:00,S,29.83,29.06,30.33173736012394,28.57565659969014,1.535,1.469,time,96
2024-06-17 09:50:00,2024-06-17 15:50:00,S,28.81,28.004048376618012,29.132380649352793,28.004048376618012,2.5,2.402,tp,72
2024-06-17 15:55:00,2024-06-17 17:35:00,S,28.0,28.47820425945497,28.47820425945497,26.804489351362577,-1.0,-1.064,sl,20
2024-06-17 21:10:00,2024-06-18 01:20:00,S,28.455,27.39023561404043,28.880905754383825,27.39023561404043,2.5,2.427,tp,50
2024-06-18 01:25:00,2024-06-18 09:25:00,S,27.315,26.385,28.40168198172343,24.598295045691426,0.856,0.828,time,96
2024-06-18 10:15:00,2024-06-18 18:15:00,S,26.21,25.995,26.582671220700785,25.278321948248042,0.577,0.5,time,96
2024-06-18 19:05:00,2024-06-18 19:55:00,S,25.63,26.095984083266412,26.095984083266412,24.465039791833966,-1.0,-1.061,sl,10
2024-06-19 08:45:00,2024-06-19 10:50:00,S,27.1,27.382783331000677,27.382783331000677,26.393041672498313,-1.0,-1.105,sl,25
2024-06-19 10:55:00,2024-06-19 11:30:00,L,27.355,27.05197900200708,27.05197900200708,28.112552494982303,-1.0,-1.099,sl,7
2024-06-19 14:35:00,2024-06-19 17:20:00,S,27.01,27.47551544908559,27.47551544908559,25.846211377286025,-1.0,-1.064,sl,33
2024-06-19 20:15:00,2024-06-19 21:15:00,S,26.905,27.217321124903687,27.217321124903687,26.124197187740783,-1.0,-1.095,sl,12
2024-06-19 23:35:00,2024-06-20 01:10:00,S,26.81,27.091778586851962,27.091778586851962,26.10555353287009,-1.0,-1.105,sl,19
2024-06-20 05:05:00,2024-06-20 13:05:00,L,27.32,27.935,26.699638902805905,28.870902742985237,0.991,0.943,time,96
2024-06-20 14:05:00,2024-06-20 22:05:00,S,27.32,27.77,28.096879236521143,25.377801908697144,-0.579,-0.618,time,96
2024-06-21 01:40:00,2024-06-21 08:55:00,L,27.76,27.279432376399797,27.279432376399797,28.961419059000512,-1.0,-1.064,sl,87
2024-06-21 09:00:00,2024-06-21 09:30:00,S,27.36,27.842984425662813,27.842984425662813,26.152538935842966,-1.0,-1.062,sl,6
2024-06-21 09:35:00,2024-06-21 13:20:00,L,27.78,27.213685229631455,27.213685229631455,29.195786925921368,-1.0,-1.054,sl,45
2024-06-21 13:25:00,2024-06-21 14:20:00,S,27.24,27.686880645393718,27.686880645393718,26.1227983865157,-1.0,-1.067,sl,11
2024-06-21 17:25:00,2024-06-21 18:55:00,S,27.0,27.50097842989252,27.50097842989252,25.7475539252687,-1.0,-1.059,sl,18
2024-06-21 19:00:00,2024-06-22 03:00:00,L,27.6,27.15,26.97711471709774,29.15721320725565,-0.722,-0.771,time,96
2024-06-22 03:10:00,2024-06-22 05:05:00,S,27.035,25.952597232431813,27.467961107027275,25.952597232431813,2.5,2.431,tp,23
2024-06-22 05:10:00,2024-06-22 13:10:00,S,25.905,25.805,26.49499025692464,24.430024357688403,0.169,0.121,time,96
2024-06-22 18:30:00,2024-06-23 02:30:00,S,25.775,25.79,26.067290662825304,25.044273342936734,-0.051,-0.148,time,96
2024-06-23 06:25:00,2024-06-23 08:00:00,S,25.68,25.844284390449108,25.844284390449108,25.269289023877228,-1.0,-1.172,sl,19
2024-06-23 09:50:00,2024-06-23 10:30:00,S,25.77,25.493131452808598,25.88074741887656,25.493131452808598,2.5,2.244,tp,8
2024-06-23 10:35:00,2024-06-23 13:25:00,S,25.465,24.582666645564267,25.817933341774292,24.582666645564267,2.5,2.421,tp,34
2024-06-23 13:30:00,2024-06-23 18:35:00,S,24.76,25.3577181796364,25.3577181796364,23.265704550909007,-1.0,-1.046,sl,61
2024-06-24 05:20:00,2024-06-24 12:25:00,S,24.41,24.891154816970996,24.891154816970996,23.207112957572512,-1.0,-1.056,sl,85
2024-06-24 15:05:00,2024-06-24 23:05:00,S,24.27,24.795,24.976628066633495,22.503429833416263,-0.743,-0.781,time,96
2024-06-25 02:05:00,2024-06-25 10:05:00,L,24.94,25.24,24.654894649186303,25.652763377034248,1.052,0.956,time,96
2024-06-25 13:30:00,2024-06-25 21:30:00,L,25.31,25.435,25.087187568073936,25.867031079815156,0.561,0.436,time,96
2024-06-26 01:45:00,2024-06-26 09:45:00,L,25.58,26.025,25.250836136872394,26.40290965781901,1.352,1.266,time,96
2024-06-26 19:20:00,2024-06-26 23:35:00,L,26.22,25.865326795069674,25.865326795069674,27.10668301232581,-1.0,-1.081,sl,51
2024-06-27 01:05:00,2024-06-27 06:45:00,S,25.575,25.867798650712658,25.867798650712658,24.84300337321835,-1.0,-1.096,sl,68
2024-06-27 06:50:00,2024-06-27 12:20:00,L,25.865,26.877916720564073,25.459833311774368,26.877916720564073,2.5,2.43,tp,66
2024-06-27 12:25:00,2024-06-27 14:25:00,L,26.855,27.718170988355666,26.509731604657734,27.718170988355666,2.5,2.414,tp,24
2024-06-27 14:30:00,2024-06-27 22:30:00,L,27.78,27.97,27.043419036107554,29.62145240973112,0.258,0.216,time,96
2024-06-28 01:40:00,2024-06-28 09:40:00,L,28.095,28.185,27.62828618440679,29.261784538983022,0.193,0.127,time,96
2024-06-28 09:50:00,2024-06-28 17:50:00,L,28.28,28.14,27.880549449781363,29.278626375546597,-0.35,-0.428,time,96
2024-06-29 00:25:00,2024-06-29 08:25:00,L,28.14,28.275,27.877640594804202,28.795898512989496,0.515,0.397,time,96
2024-06-29 12:45:00,2024-06-29 20:45:00,S,27.915,27.795,28.11489005425572,27.415274864360697,0.6,0.447,time,96
2024-06-30 00:15:00,2024-06-30 00:30:00,S,27.66,27.880512079206024,27.880512079206024,27.10871980198494,-1.0,-1.138,sl,3
2024-06-30 01:20:00,2024-06-30 06:05:00,S,27.595,27.927405561110746,27.927405561110746,26.763986097223132,-1.0,-1.091,sl,57
2024-06-30 06:10:00,2024-06-30 07:05:00,L,27.945,28.508700636692524,27.71951974532299,28.508700636692524,2.5,2.364,tp,11
2024-06-30 07:10:00,2024-06-30 15:10:00,L,28.59,27.99,27.862305349002565,30.409236627493588,-0.825,-0.868,time,96
2024-06-30 19:00:00,2024-06-30 22:25:00,L,28.29,29.195507580888496,27.9277969676446,29.195507580888496,2.5,2.414,tp,41
2024-06-30 22:30:00,2024-07-01 06:30:00,L,29.18,29.65,28.286943674406594,31.412640813983515,0.526,0.49,time,96
2024-07-01 22:10:00,2024-07-02 05:35:00,S,29.195,28.441794194934147,29.496282322026342,28.441794194934147,2.5,2.393,tp,89
2024-07-02 06:30:00,2024-07-02 14:30:00,S,28.3,28.28,28.56619279693968,27.634518007650797,0.075,-0.042,time,96
2024-07-02 21:30:00,2024-07-02 23:20:00,S,28.5,28.791774831878868,28.791774831878868,27.77056292030283,-1.0,-1.107,sl,22
2024-07-02 23:25:00,2024-07-03 02:10:00,L,28.775,28.28749403989733,28.28749403989733,29.99376490025667,-1.0,-1.065,sl,33
2024-07-03 02:15:00,2024-07-03 10:15:00,S,28.355,27.325,28.901738586345317,26.988153534136707,1.884,1.827,time,96
2024-07-03 10:20:00,2024-07-03 18:20:00,S,27.325,26.85,27.775229117129502,26.199427207176242,1.055,0.988,time,96
2024-07-03 19:50:00,2024-07-04 01:55:00,S,26.605,25.52611494013187,27.036554023947254,25.52611494013187,2.5,2.432,tp,73
2024-07-04 02:00:00,2024-07-04 10:00:00,S,25.73,25.895,26.62130327719382,23.50174180701545,-0.185,-0.217,time,96
2024-07-04 12:30:00,2024-07-04 20:30:00,S,25.54,25.43,25.923236183048218,24.581909542379453,0.287,0.214,time,96
2024-07-04 22:40:00,2024-07-05 00:00:00,S,25.095,24.15269362010572,25.47192255195771,24.15269362010572,2.5,2.427,tp,16
2024-07-05 00:05:00,2024-07-05 08:05:00,S,23.845,23.065,24.98436987290641,20.99657531773397,0.685,0.662,time,96
2024-07-05 21:15:00,2024-07-06 01:15:00,L,25.265,24.931469729981284,24.931469729981284,26.09882567504679,-1.0,-1.083,sl,48
2024-07-06 01:20:00,2024-07-06 06:30:00,S,24.98,25.75117279959613,25.75117279959613,23.052068001009676,-1.0,-1.036,sl,62
2024-07-06 06:35:00,2024-07-06 14:35:00,L,25.735,25.7,25.24010362374544,26.972240940636397,-0.071,-0.128,time,96
2024-07-06 15:35:00,2024-07-06 21:10:00,L,26.12,27.51382956035239,25.562468175859046,27.51382956035239,2.5,2.448,tp,67
2024-07-06 21:15:00,2024-07-07 00:40:00,L,27.485,27.160273857198074,27.160273857198074,28.29681535700481,-1.0,-1.093,sl,41
2024-07-07 13:10:00,2024-07-07 21:10:00,S,26.135,25.7,26.448704886903858,25.35073778274036,1.387,1.295,time,96
2024-07-07 21:15:00,2024-07-08 05:15:00,S,25.7,25.67,26.183529367701396,24.491176580746504,0.062,0.004,time,96
2024-07-08 08:10:00,2024-07-08 16:10:00,L,25.97,25.995,25.450206797670646,27.269483005823382,0.048,-0.007,time,96
2024-07-08 19:35:00,2024-07-09 02:00:00,S,25.47,24.68360374719348,25.784558501122607,24.68360374719348,2.5,2.411,tp,77
2024-07-09 02:05:00,2024-07-09 04:30:00,S,24.765,25.46949772218143,25.46949772218143,23.003755694546427,-1.0,-1.039,sl,29
2024-07-09 06:10:00,2024-07-09 13:50:00,L,25.615,25.30225519944013,25.30225519944013,26.396862001399672,-1.0,-1.09,sl,92
2024-07-09 18:40:00,2024-07-10 02:40:00,L,25.825,26.455,25.405872567536367,26.87281858115908,1.503,1.435,time,96
2024-07-10 03:05:00,2024-07-10 11:05:00,L,26.615,26.89,26.119761939426407,27.853095151433976,0.555,0.496,time,96
2024-07-10 14:15:00,2024-07-10 22:15:00,S,26.16,25.62,26.648332944239847,24.93916763940038,1.106,1.047,time,96
2024-07-11 00:20:00,2024-07-11 01:50:00,S,25.57,25.84123360545293,25.84123360545293,24.89191598636767,-1.0,-1.104,sl,18
2024-07-11 03:20:00,2024-07-11 05:55:00,S,25.21,25.706084448668594,25.706084448668594,23.969788878328515,-1.0,-1.056,sl,31
2024-07-11 10:15:00,2024-07-11 11:40:00,S,25.6,25.77774704644692,25.77774704644692,25.155632383882708,-1.0,-1.158,sl,17
2024-07-11 12:30:00,2024-07-11 14:20:00,L,25.87,25.589510185411378,25.589510185411378,26.57122453647156,-1.0,-1.101,sl,22
2024-07-11 14:25:00,2024-07-11 22:25:00,S,25.435,25.255,26.12216769942781,23.717080751430473,0.262,0.221,time,96
2024-07-12 01:20:00,2024-07-12 02:20:00,S,24.935,25.4419599516608,25.4419599516608,23.667600120848,-1.0,-1.054,sl,12
2024-07-12 07:40:00,2024-07-12 13:15:00,S,25.145,25.467236051392494,25.467236051392494,24.339409871518765,-1.0,-1.086,sl,67
2024-07-12 13:20:00,2024-07-12 21:20:00,L,25.495,25.58,24.990073340507124,26.757316648732193,0.168,0.113,time,96
2024-07-12 22:20:00,2024-07-13 06:20:00,L,25.82,25.795,25.51731025572862,26.576724360678448,-0.083,-0.176,time,96
2024-07-13 08:10:00,2024-07-13 16:10:00,L,26.07,26.195,25.634527191190983,27.158682022022543,0.287,0.221,time,96
2024-07-13 22:45:00,2024-07-14 06:45:00,L,25.755,26.065,25.500136901921632,26.392157745195917,1.216,1.105,time,96
2024-07-14 09:40:00,2024-07-14 10:45:00,L,26.325,26.0667013598063,26.0667013598063,26.97074660048425,-1.0,-1.112,sl,13
2024-07-14 12:05:00,2024-07-14 13:50:00,S,25.86,25.98616905714094,25.98616905714094,25.544577357147645,-1.0,-1.225,sl,21
2024-07-14 19:35:00,2024-07-14 20:35:00,S,25.685,25.8236045475639,25.8236045475639,25.338488631090247,-1.0,-1.204,sl,12
2024-07-14 21:10:00,2024-07-14 23:10:00,L,25.895,26.473192031525024,25.66372318738999,26.473192031525024,2.5,2.377,tp,24
2024-07-14 23:15:00,2024-07-15 07:15:00,L,26.47,27.055,26.163031248211315,27.23742187947171,1.906,1.811,time,96
2024-07-15 07:20:00,2024-07-15 09:10:00,L,27.055,26.765257392416963,26.765257392416963,27.77935651895759,-1.0,-1.103,sl,22
2024-07-15 15:05:00,2024-07-15 23:05:00,L,27.15,27.69,26.77471516907814,28.088212077304647,1.439,1.359,time,96
2024-07-16 00:05:00,2024-07-16 05:20:00,L,27.895,27.544578199386073,27.544578199386073,28.771054501534813,-1.0,-1.088,sl,63
2024-07-16 06:55:00,2024-07-16 13:30:00,S,26.71,27.33481399612928,27.33481399612928,25.147965009676803,-1.0,-1.047,sl,79
2024-07-16 13:35:00,2024-07-16 15:20:00,L,27.335,28.21149046804635,26.984403812781462,28.21149046804635,2.5,2.414,tp,21
2024-07-16 15:25:00,2024-07-16 23:25:00,L,27.985,28.06,27.322206868542626,29.641982828643435,0.113,0.067,time,96
2024-07-17 00:20:00,2024-07-17 08:20:00,L,28.475,28.495,27.87072977738711,29.985675556532236,0.033,-0.019,time,96
2024-07-17 16:10:00,2024-07-18 00:10:00,S,27.895,27.235,28.485582386871524,26.41854403282119,1.118,1.066,time,96
2024-07-18 10:30:00,2024-07-18 12:35:00,S,27.32,27.722722363201484,27.722722363201484,26.31319409199629,-1.0,-1.075,sl,25
2024-07-18 14:35:00,2024-07-18 22:35:00,S,27.355,27.205,27.691388035641868,26.51402991089533,0.446,0.356,time,96
2024-07-19 01:05:00,2024-07-19 03:15:00,S,26.92,27.203487607322757,27.203487607322757,26.211280981693115,-1.0,-1.104,sl,26
2024-07-19 07:15:00,2024-07-19 14:20:00,S,27.08,27.50624727686469,27.50624727686469,26.014381807838266,-1.0,-1.07,sl,85
2024-07-19 14:25:00,2024-07-19 22:25:00,L,27.51,28.16,26.72287863317908,29.477803417052307,0.826,0.787,time,96
2024-07-20 01:10:00,2024-07-20 09:10:00,L,28.155,28.135,27.920566860174983,28.741082849562545,-0.085,-0.217,time,96
2024-07-20 14:35:00,2024-07-20 18:50:00,L,28.11,28.89067984895421,27.797728060418315,28.89067984895421,2.5,2.401,tp,51
2024-07-20 18:55:00,2024-07-20 19:40:00,L,28.96,28.61025501362731,28.61025501362731,29.83436246593173,-1.0,-1.091,sl,9
2024-07-20 22:20:00,2024-07-21 06:20:00,L,29.08,28.81,28.66212714304505,30.124682142387364,-0.646,-0.723,time,96
2024-07-21 09:10:00,2024-07-21 14:15:00,L,29.045,29.660943031750627,28.798622787299752,29.660943031750627,2.5,2.37,tp,61
2024-07-21 14:30:00,2024-07-21 20:10:00,L,29.87,32.04982607548552,28.998069569805793,32.04982607548552,2.5,2.462,tp,68
2024-07-21 20:15:00,2024-07-22 04:15:00,L,31.985,32.62,30.942817360819678,34.590456597950805,0.609,0.576,time,96
2024-07-22 04:25:00,2024-07-22 05:45:00,L,32.735,32.14503884254437,32.14503884254437,34.20990289363907,-1.0,-1.061,sl,16
2024-07-22 10:20:00,2024-07-22 13:45:00,L,32.3,31.776483256406713,31.776483256406713,33.60879185898321,-1.0,-1.068,sl,41
2024-07-22 17:35:00,2024-07-22 23:05:00,L,32.125,31.73336062911804,31.73336062911804,33.1040984272049,-1.0,-1.09,sl,66
2024-07-23 00:40:00,2024-07-23 04:35:00,L,32.16,31.76185288195726,31.76185288195726,33.15536779510684,-1.0,-1.089,sl,47
2024-07-23 05:05:00,2024-07-23 13:05:00,S,31.36,30.29,32.16906912837041,29.337327179073974,1.323,1.28,time,96
2024-07-23 13:15:00,2024-07-23 14:35:00,S,30.155,30.607844825040914,30.607844825040914,29.02288793739772,-1.0,-1.073,sl,16
2024-07-23 16:45:00,2024-07-24 00:45:00,S,29.705,29.34,30.367444198920843,28.048889502697886,0.551,0.502,time,96
2024-07-24 00:55:00,2024-07-24 08:55:00,S,29.25,29.94148376628708,29.94148376628708,27.521290584282298,-1.0,-1.047,sl,96
2024-07-24 12:30:00,2024-07-24 13:45:00,S,29.955,30.29075077341505,30.29075077341505,29.115623066462373,-1.0,-1.098,sl,15
2024-07-24 14:05:00,2024-07-24 21:30:00,S,29.775,28.42735339177298,30.314058643290807,28.42735339177298,2.5,2.439,tp,89
2024-07-24 21:35:00,2024-07-25 01:05:00,S,28.69,27.877211895939787,29.015115241624088,27.877211895939787,2.5,2.403,tp,42
2024-07-25 01:10:00,2024-07-25 09:10:00,S,27.585,27.445,28.581317730488173,25.09420567377957,0.141,0.11,time,96
2024-07-25 10:35:00,2024-07-25 18:35:00,S,27.2,26.795,27.512589606382203,26.41852598404449,1.296,1.2,time,96
2024-07-25 18:45:00,2024-07-25 21:10:00,S,26.655,27.201186452010628,27.201186452010628,25.289533869973432,-1.0,-1.054,sl,29
2024-07-26 05:25:00,2024-07-26 13:10:00,L,28.065,27.710200950140166,27.710200950140166,28.95199762464959,-1.0,-1.087,sl,93
2024-07-26 13:40:00,2024-07-26 21:40:00,L,28.025,28.47,27.609054951414052,29.064862621464865,1.07,0.996,time,96
2024-07-26 21:55:00,2024-07-27 05:55:00,L,28.535,28.43,28.29112798234986,29.14468004412535,-0.431,-0.559,time,96
2024-07-27 07:35:00,2024-07-27 08:35:00,L,28.72,28.523126991018394,28.523126991018394,29.21218252245401,-1.0,-1.16,sl,12
2024-07-27 12:15:00,2024-07-27 16:55:00,L,28.935,28.527400548301713,28.527400548301713,29.95399862924571,-1.0,-1.078,sl,56
2024-07-27 17:35:00,2024-07-28 01:35:00,S,28.475,28.035,28.982381358872118,27.20654660281971,0.867,0.805,time,96
2024-07-28 03:55:00,2024-07-28 11:55:00,S,27.765,27.625,28.010638384987082,27.150904037532296,0.57,0.446,time,96
2024-07-28 12:05:00,2024-07-28 20:05:00,S,27.485,27.46,27.81462563710897,26.660935907227568,0.076,-0.016,time,96
2024-07-28 21:15:00,2024-07-29 00:10:00,S,27.23,27.5212585425547,27.5212585425547,26.50185364361325,-1.0,-1.103,sl,35
2024-07-29 02:20:00,2024-07-29 05:35:00,L,27.775,28.439261178436563,27.509295528625373,28.439261178436563,2.5,2.385,tp,39
2024-07-29 05:40:00,2024-07-29 13:40:00,L,28.46,28.5,28.106565910889888,29.343585222775282,0.113,0.025,time,96
2024-07-29 14:05:00,2024-07-29 22:05:00,S,28.115,27.345,28.72481062724721,26.590473431881975,1.263,1.212,time,96
2024-07-29 23:15:00,2024-07-30 07:15:00,S,27.165,27.18,27.49146201473579,26.348844963160516,-0.046,-0.137,time,96
2024-07-30 10:10:00,2024-07-30 14:55:00,S,26.985,26.531948103499648,27.16622075860014,26.531948103499648,2.5,2.336,tp,57
2024-07-30 19:15:00,2024-07-31 03:15:00,S,26.39,26.4,26.68919633256051,25.642009168598726,-0.033,-0.13,time,96
2024-07-31 04:25:00,2024-07-31 12:25:00,S,26.19,26.255,26.544668231986353,25.30332942003412,-0.183,-0.264,time,96
2024-07-31 18:30:00,2024-07-31 20:15:00,S,26.47,25.518550109045343,26.85057995638186,25.518550109045343,2.5,2.423,tp,21
2024-07-31 20:20:00,2024-08-01 04:20:00,S,25.555,25.295,26.720039088361794,22.642402279095514,0.223,0.199,time,96
2024-08-01 04:25:00,2024-08-01 12:10:00,S,25.295,25.562962187661796,25.562962187661796,24.625094530845516,-1.0,-1.104,sl,93
2024-08-01 14:30:00,2024-08-01 16:00:00,S,25.2,24.2372046695429,25.58511813218284,24.2372046695429,2.5,2.428,tp,18
2024-08-01 16:05:00,2024-08-01 20:35:00,S,24.46,24.93694002001538,24.93694002001538,23.26764994996155,-1.0,-1.056,sl,54
2024-08-02 01:30:00,2024-08-02 06:25:00,S,25.455,24.634899774484175,25.783040090206327,24.634899774484175,2.5,2.415,tp,59
2024-08-02 06:30:00,2024-08-02 09:05:00,S,24.655,25.27034810161417,25.27034810161417,23.116629745964573,-1.0,-1.044,sl,31
2024-08-02 14:40:00,2024-08-02 22:40:00,S,24.575,23.585,25.348280199255342,22.64179950186164,1.28,1.245,time,96
2024-08-03 01:00:00,2024-08-03 05:05:00,S,23.465,23.746195881237426,23.746195881237426,22.762010296906432,-1.0,-1.092,sl,49
2024-08-03 08:45:00,2024-08-03 10:40:00,S,23.535,23.816825960124763,23.816825960124763,22.830435099688092,-1.0,-1.092,sl,23
2024-08-03 15:00:00,2024-08-03 16:05:00,S,23.845,23.189626656051708,24.107149337579315,23.189626656051708,2.5,2.4,tp,13
2024-08-03 16:10:00,2024-08-04 00:10:00,S,23.175,22.595,23.89165219381343,21.383369515466423,0.809,0.774,time,96
2024-08-04 07:50:00,2024-08-04 14:50:00,S,22.585,21.84227538759361,22.882089844962557,21.84227538759361,2.5,2.416,tp,84
2024-08-04 14:55:00,2024-08-04 22:55:00,S,21.945,21.56,22.582624113591116,20.35093971602221,0.604,0.566,time,96
2024-08-04 23:45:00,2024-08-05 00:55:00,S,21.295,20.285720202933337,21.698711918826667,20.285720202933337,2.5,2.442,tp,14
2024-08-05 01:00:00,2024-08-05 06:20:00,S,20.255,17.395480483063217,21.398807806774713,17.395480483063217,2.5,2.481,tp,64
2024-08-05 06:25:00,2024-08-05 14:05:00,S,17.53,19.330469506504624,19.330469506504624,13.028826233738444,-1.0,-1.011,sl,92
2024-08-05 18:50:00,2024-08-06 00:15:00,S,19.47,20.09268660632483,20.09268660632483,17.91328348418792,-1.0,-1.034,sl,65
2024-08-06 01:05:00,2024-08-06 09:05:00,L,20.615,20.43,19.48057446725101,23.451063831872467,-0.163,-0.183,time,96
2024-08-06 09:35:00,2024-08-06 14:05:00,S,20.38,20.713577454179422,20.713577454179422,19.54605636455144,-1.0,-1.067,sl,54
2024-08-06 14:15:00,2024-08-06 22:15:00,L,20.9,21.325,19.984987792541695,23.187530518645758,0.464,0.439,time,96
2024-08-06 22:20:00,2024-08-06 22:25:00,L,21.325,20.951173136084932,20.951173136084932,22.259567159787665,-1.0,-1.063,sl,1
2024-08-07 01:55:00,2024-08-07 09:55:00,L,21.105,21.275,20.529776898670182,22.543057753324547,0.296,0.255,time,96
2024-08-07 14:15:00,2024-08-07 18:30:00,S,20.81,20.02919412662646,21.122322349349414,20.02919412662646,2.5,2.427,tp,51
2024-08-07 18:35:00,2024-08-08 01:40:00,S,19.99,20.37298299506962,20.37298299506962,19.032542512325946,-1.0,-1.057,sl,85
2024-08-08 02:05:00,2024-08-08 10:05:00,L,20.63,20.495,19.804058294248048,22.694854264379877,-0.163,-0.191,time,96
2024-08-08 13:50:00,2024-08-08 14:25:00,S,20.5,20.98522840437198,20.98522840437198,19.28692898907005,-1.0,-1.046,sl,7
2024-08-08 14:40:00,2024-08-08 22:40:00,L,21.14,22.275,20.36534888075502,23.076627798112455,1.465,1.435,time,96
2024-08-08 22:45:00,2024-08-09 04:30:00,L,22.275,21.83945056702527,21.83945056702527,23.363873582436817,-1.0,-1.056,sl,69
2024-08-09 14:05:00,2024-08-09 14:30:00,L,21.925,21.362816430699414,21.362816430699414,23.330458923251467,-1.0,-1.043,sl,5
2024-08-10 00:20:00,2024-08-10 01:35:00,L,21.795,21.532349431925848,21.532349431925848,22.451626420185384,-1.0,-1.091,sl,15
2024-08-10 05:10:00,2024-08-10 06:40:00,S,21.415,21.580888334061274,21.580888334061274,21.00027916484681,-1.0,-1.142,sl,18
2024-08-10 07:15:00,2024-08-10 15:15:00,L,21.63,21.735,21.470170997256567,22.029572506858578,0.657,0.508,time,96
2024-08-10 15:20:00,2024-08-10 23:15:00,L,21.735,21.518771956589998,21.518771956589998,22.275570108525002,-1.0,-1.111,sl,95
2024-08-11 02:30:00,2024-08-11 08:45:00,L,21.71,22.195782815184238,21.515686873926306,22.195782815184238,2.5,2.377,tp,75
2024-08-11 08:50:00,2024-08-11 09:50:00,L,22.175,22.018717213530316,22.018717213530316,22.56570696617421,-1.0,-1.156,sl,12
2024-08-11 12:10:00,2024-08-11 19:25:00,S,21.67,20.875991122422523,21.987603551030993,20.875991122422523,2.5,2.425,tp,87
2024-08-11 19:30:00,2024-08-12 03:30:00,S,20.855,20.715,21.192308349685163,20.01172912578709,0.415,0.347,time,96
2024-08-12 11:15:00,2024-08-12 13:45:00,L,21.435,20.890632634377507,20.890632634377507,22.795918414056228,-1.0,-1.043,sl,30
2024-08-12 13:50:00,2024-08-12 14:35:00,S,20.955,21.609258708898935,21.609258708898935,19.319353227752657,-1.0,-1.035,sl,9
2024-08-12 14:40:00,2024-08-12 22:40:00,L,21.61,20.93,20.55874331347014,24.23814171632465,-0.647,-0.669,time,96
2024-08-13 03:15:00,2024-08-13 11:15:00,S,21.01,20.745,21.212799885821273,20.503000285446824,1.307,1.193,time,96
2024-08-13 16:20:00,2024-08-14 00:20:00,L,21.255,21.325,20.87723661640524,22.199408458986895,0.185,0.123,time,96
2024-08-14 03:50:00,2024-08-14 03:55:00,L,21.43,21.295558678907195,21.295558678907195,21.766103302732013,-1.0,-1.175,sl,1
2024-08-14 10:05:00,2024-08-14 13:45:00,L,21.445,21.234609325768968,21.234609325768968,21.970976685577583,-1.0,-1.112,sl,44
2024-08-14 13:55:00,2024-08-14 21:55:00,S,21.175,20.93,21.729522772108425,19.788693069728943,0.442,0.4,time,96
2024-08-14 22:00:00,2024-08-15 00:30:00,S,20.93,21.06860413034643,21.06860413034643,20.583489674133926,-1.0,-1.166,sl,30
2024-08-15 02:10:00,2024-08-15 10:10:00,S,20.77,20.875,21.068040591658658,20.024898520853355,-0.352,-0.429,time,96
2024-08-15 11:35:00,2024-08-15 12:10:00,L,21.07,20.76370249122527,20.76370249122527,21.835743771936826,-1.0,-1.076,sl,7
2024-08-15 12:15:00,2024-08-15 14:00:00,S,20.815,21.134029546466234,21.134029546466234,20.01742613383442,-1.0,-1.072,sl,21
2024-08-15 17:15:00,2024-08-15 18:00:00,S,20.665,19.92352710980969,20.961589156076123,19.92352710980969,2.5,2.423,tp,9
2024-08-15 18:05:00,2024-08-16 02:05:00,S,20.02,20.015,20.794656384068524,18.083359039828686,0.006,-0.022,time,96
2024-08-16 11:10:00,2024-08-16 12:30:00,S,20.315,20.043206473441185,20.423717410623528,20.043206473441185,2.5,2.294,tp,16
2024-08-16 12:35:00,2024-08-16 13:15:00,S,19.905,20.383417974581274,20.383417974581274,18.708955063546817,-1.0,-1.046,sl,8
2024-08-16 15:40:00,2024-08-16 16:00:00,S,19.885,20.130040754452548,20.130040754452548,19.272398113868636,-1.0,-1.089,sl,4
2024-08-16 20:10:00,2024-08-17 00:00:00,L,20.445,20.339190217364415,20.339190217364415,20.709524456588966,-1.0,-1.213,sl,46
2024-08-17 00:05:00,2024-08-17 01:40:00,S,20.32,20.458504676140883,20.458504676140883,19.973738309647793,-1.0,-1.161,sl,19
2024-08-17 05:30:00,2024-08-17 10:55:00,L,20.53,20.4116329835981,20.4116329835981,20.825917541004756,-1.0,-1.191,sl,65
2024-08-17 12:30:00,2024-08-17 13:05:00,S,20.4,20.515623729411903,20.515623729411903,20.110940676470236,-1.0,-1.194,sl,7
2024-08-17 17:50:00,2024-08-17 18:20:00,L,20.65,20.504758752959447,20.504758752959447,21.01310311760138,-1.0,-1.156,sl,6
2024-08-17 22:10:00,2024-08-18 06:10:00,L,20.615,20.835,20.481480217528603,20.948799456178488,1.648,1.478,time,96
2024-08-18 06:20:00,2024-08-18 14:20:00,L,20.895,21.25,20.634768591519148,21.54557852120213,1.364,1.276,time,96
2024-08-18 19:15:00,2024-08-18 23:10:00,L,21.305,21.08973281626355,21.08973281626355,21.843167959341127,-1.0,-1.109,sl,47
2024-08-18 23:15:00,2024-08-19 05:30:00,S,21.12,20.580960292170445,21.335615883131823,20.580960292170445,2.5,2.392,tp,75
2024-08-19 05:35:00,2024-08-19 09:20:00,S,20.58,20.80030442007607,20.80030442007607,20.029238949809816,-1.0,-1.103,sl,45
2024-08-19 10:00:00,2024-08-19 17:30:00,S,20.59,20.845953969394458,20.845953969394458,19.950115076513853,-1.0,-1.088,sl,90
2024-08-19 17:35:00,2024-08-20 01:35:00,L,20.99,21.605,20.409408719829138,22.44147820042715,1.059,1.019,time,96
2024-08-20 01:45:00,2024-08-20 09:45:00,L,21.69,22.07,21.37645779222263,22.473855519443426,1.212,1.136,time,96
2024-08-20 10:05:00,2024-08-20 14:25:00,L,22.135,21.8951287418814,21.8951287418814,22.734678145296506,-1.0,-1.102,sl,52
2024-08-20 17:35:00,2024-08-20 20:05:00,L,22.08,22.673060065015523,21.84277597399379,22.673060065015523,2.5,2.398,tp,30
2024-08-20 20:10:00,2024-08-20 21:00:00,L,22.665,22.432132302166277,22.432132302166277,23.247169244584306,-1.0,-1.107,sl,10
2024-08-21 03:05:00,2024-08-21 04:05:00,L,22.715,23.279864152847672,22.48905433886093,23.279864152847672,2.5,2.389,tp,12
2024-08-21 04:10:00,2024-08-21 12:10:00,L,23.235,22.875,22.694741892271537,24.585645269321155,-0.666,-0.714,time,96
2024-08-21 12:45:00,2024-08-21 15:05:00,L,23.065,22.80671001795393,22.80671001795393,23.710724955115182,-1.0,-1.098,sl,28
2024-08-21 17:25:00,2024-08-22 01:25:00,L,23.475,23.49,22.975653477783485,24.72336630554129,0.03,-0.022,time,96
2024-08-22 11:00:00,2024-08-22 13:00:00,L,23.505,24.07879815795085,23.27548073681966,24.07879815795085,2.5,2.387,tp,24
2024-08-22 13:05:00,2024-08-22 21:05:00,L,24.42,24.695,23.47925568888508,26.77186077778731,0.292,0.264,time,96
2024-08-22 22:30:00,2024-08-22 23:40:00,L,24.755,25.12328205512717,24.60768717794913,25.12328205512717,2.5,2.315,tp,14
2024-08-22 23:45:00,2024-08-23 01:25:00,L,25.15,26.082065179335267,24.777173928265892,26.082065179335267,2.5,2.426,tp,20
2024-08-23 01:30:00,2024-08-23 09:30:00,L,25.95,26.11,25.569545974592536,26.90113506351866,0.421,0.346,time,96
2024-08-23 09:35:00,2024-08-23 17:35:00,L,26.11,26.18,25.80644208553079,26.868894786173023,0.231,0.136,time,96
2024-08-23 18:25:00,2024-08-24 02:25:00,L,26.605,26.38,26.05005035360082,27.99237411599795,-0.405,-0.458,time,96
2024-08-24 07:55:00,2024-08-24 11:25:00,L,26.595,27.526640812526523,26.22234367498939,27.526640812526523,2.5,2.421,tp,42
2024-08-24 11:30:00,2024-08-24 19:30:00,L,27.555,27.69,27.153619115115923,28.55845221221019,0.336,0.261,time,96
2024-08-25 07:15:00,2024-08-25 13:20:00,S,26.5,26.894923601158983,26.894923601158983,25.512690997102546,-1.0,-1.074,sl,73
2024-08-25 13:25:00,2024-08-25 21:25:00,L,26.89,27.17,26.461221193537114,27.961947016157218,0.653,0.584,time,96
2024-08-25 21:40:00,2024-08-26 00:35:00,L,27.425,26.838420586801053,26.838420586801053,28.89144853299737,-1.0,-1.051,sl,35
2024-08-26 01:10:00,2024-08-26 09:10:00,S,26.595,26.71,27.192817150325798,25.100457124185503,-0.192,-0.241,time,96
2024-08-26 10:30:00,2024-08-26 12:35:00,L,27.025,26.53023041938175,26.53023041938175,28.261923951545626,-1.0,-1.06,sl,25
2024-08-26 12:40:00,2024-08-26 20:40:00,S,26.535,26.43,27.028687698839953,25.300780752900117,0.213,0.154,time,96
2024-08-26 21:25:00,2024-08-27 05:00:00,S,26.05,26.464924135587985,26.464924135587985,25.012689661030038,-1.0,-1.069,sl,91
2024-08-27 05:05:00,2024-08-27 08:30:00,L,26.46,26.158372721062175,26.158372721062175,27.214068197344567,-1.0,-1.096,sl,41
2024-08-27 08:35:00,2024-08-27 16:35:00,S,26.125,25.41,26.671397432548442,24.759006418628893,1.309,1.256,time,96
2024-08-27 21:00:00,2024-08-27 21:35:00,S,25.34,24.773978842115902,25.56640846315364,24.773978842115902,2.5,2.377,tp,7
2024-08-27 21:40:00,2024-08-28 05:40:00,S,24.9,24.145,25.468798686016427,23.478003284958927,1.327,1.279,time,96
2024-08-28 07:05:00,2024-08-28 09:25:00,S,23.94,24.13724629043661,24.13724629043661,23.446884273908477,-1.0,-1.134,sl,28
2024-08-28 13:40:00,2024-08-28 16:15:00,S,24.375,23.404533224686432,24.763186710125428,23.404533224686432,2.5,2.431,tp,31
2024-08-28 16:20:00,2024-08-28 18:50:00,S,23.37,23.92628954395616,23.92628954395616,21.979276140109604,-1.0,-1.046,sl,30
2024-08-28 22:00:00,2024-08-29 06:00:00,S,23.54,23.82,23.864283049669613,22.729292375825963,-0.863,-0.943,time,96
2024-08-29 10:45:00,2024-08-29 12:50:00,S,23.505,23.847417222861413,23.847417222861413,22.648956942846464,-1.0,-1.076,sl,25
2024-08-29 15:10:00,2024-08-29 16:50:00,L,24.36,24.02374232523559,24.02374232523559,25.20064418691102,-1.0,-1.08,sl,20
2024-08-29 18:05:00,2024-08-29 18:20:00,S,23.945,23.426417313847544,24.152433074460983,23.426417313847544,2.5,2.373,tp,3
2024-08-29 18:25:00,2024-08-30 02:25:00,S,23.575,23.075,24.102942637820842,22.255143405447892,0.947,0.898,time,96
2024-08-30 11:45:00,2024-08-30 12:30:00,S,23.25,23.436335928297936,23.436335928297936,22.78416017925516,-1.0,-1.137,sl,9
2024-08-30 13:50:00,2024-08-30 21:50:00,S,23.075,23.18,23.455570651841306,22.123573370396734,-0.276,-0.343,time,96
2024-08-31 02:15:00,2024-08-31 04:25:00,S,23.165,23.304761039188385,23.304761039188385,22.815597402029034,-1.0,-1.182,sl,26
2024-08-31 05:55:00,2024-08-31 09:00:00,S,23.145,22.7748436105649,23.29306255577404,22.7748436105649,2.5,2.328,tp,37
2024-08-31 09:05:00,2024-08-31 13:35:00,S,22.915,23.107288358333015,23.107288358333015,22.43427910416746,-1.0,-1.131,sl,54
2024-08-31 17:05:00,2024-09-01 01:05:00,S,22.775,22.685,23.040977872096736,22.110055319758153,0.338,0.244,time,96
2024-09-01 02:00:00,2024-09-01 05:50:00,S,22.53,21.905320502294394,22.779871799082244,21.905320502294394,2.5,2.401,tp,46
2024-09-01 05:55:00,2024-09-01 09:30:00,S,21.91,22.42388568419123,22.42388568419123,20.625285789521925,-1.0,-1.047,sl,43
2024-09-01 14:10:00,2024-09-01 15:45:00,S,22.045,22.386650207463024,22.386650207463024,21.190874481342448,-1.0,-1.071,sl,19
2024-09-01 17:35:00,2024-09-01 18:25:00,S,21.755,22.326008698467636,22.326008698467636,20.327478253830908,-1.0,-1.042,sl,10
2024-09-01 22:05:00,2024-09-02 06:05:00,S,21.835,21.885,22.151630899881805,21.04342275029549,-0.158,-0.234,time,96
2024-09-02 10:05:00,2024-09-02 18:05:00,L,22.145,22.07,21.754618344805436,23.12095413798641,-0.192,-0.255,time,96
2024-09-02 20:15:00,2024-09-03 02:00:00,L,22.21,22.611811855784012,22.049275257686396,22.611811855784012,2.5,2.348,tp,69
2024-09-03 02:05:00,2024-09-03 04:25:00,L,22.55,22.358268279604673,22.358268279604673,23.029329300988323,-1.0,-1.129,sl,28
2024-09-03 07:00:00,2024-09-03 07:40:00,S,22.27,22.49533121740575,22.49533121740575,21.70667195648563,-1.0,-1.109,sl,8
2024-09-03 07:45:00,2024-09-03 08:35:00,L,22.51,22.253611357003045,22.253611357003045,23.150971607492394,-1.0,-1.097,sl,10
2024-09-03 08:40:00,2024-09-03 16:40:00,S,22.215,21.605,22.53678455016572,21.410538624585698,1.896,1.82,time,96
2024-09-03 21:30:00,2024-09-04 01:00:00,S,21.52,21.005369993912034,21.725852002435186,21.005369993912034,2.5,2.385,tp,42
2024-09-04 01:05:00,2024-09-04 07:35:00,S,20.5,21.604175304106644,21.604175304106644,17.73956173973339,-1.0,-1.02,sl,78
2024-09-04 16:00:00,2024-09-05 00:00:00,L,22.02,21.84,21.74500374964114,22.70749062589715,-0.655,-0.743,time,96
2024-09-05 01:45:00,2024-09-05 03:05:00,L,22.145,21.8234889764497,21.8234889764497,22.94877755887575,-1.0,-1.076,sl,16
2024-09-05 03:10:00,2024-09-05 11:10:00,S,21.73,21.61,22.097692933666075,20.810767665834817,0.326,0.261,time,96
2024-09-05 13:40:00,2024-09-05 14:50:00,L,21.85,21.581032280951565,21.581032280951565,22.52241929762109,-1.0,-1.089,sl,14
2024-09-05 14:55:00,2024-09-05 22:55:00,S,21.505,21.43,22.042034970530157,20.162412573674604,0.14,0.096,time,96
2024-09-06 02:10:00,2024-09-06 10:10:00,L,21.61,21.45,21.26240083524222,22.478997911894446,-0.46,-0.529,time,96
2024-09-06 12:55:00,2024-09-06 14:10:00,L,21.87,21.35742686222051,21.35742686222051,23.151432844448728,-1.0,-1.047,sl,15
2024-09-06 14:15:00,2024-09-06 22:15:00,S,21.45,21.1,22.202231131019026,19.569422172452434,0.465,0.434,time,96
2024-09-07 05:10:00,2024-09-07 13:10:00,L,21.48,21.685,21.203953817125512,22.17011545718622,0.743,0.657,time,96
2024-09-07 15:05:00,2024-09-07 17:50:00,L,21.855,21.6390412894867,21.6390412894867,22.394896776283254,-1.0,-1.111,sl,33
2024-09-07 23:55:00,2024-09-08 03:15:00,L,21.79,22.32585845249544,21.575656619001823,22.32585845249544,2.5,2.388,tp,40
2024-09-08 03:20:00,2024-09-08 11:20:00,L,22.275,22.915,21.896691697832043,23.220770755419885,1.692,1.627,time,96
2024-09-08 17:20:00,2024-09-09 01:20:00,L,22.76,23.365,22.35734117913169,23.76664705217078,1.503,1.44,time,96
2024-09-09 03:05:00,2024-09-09 05:45:00,L,23.475,23.20093840914961,23.20093840914961,24.16015397712598,-1.0,-1.094,sl,32
2024-09-09 07:40:00,2024-09-09 08:55:00,L,23.64,24.281530899492633,23.383387640202947,24.281530899492633,2.5,2.399,tp,15
2024-09-09 09:00:00,2024-09-09 12:10:00,L,24.195,23.602274509661562,23.602274509661562,25.676813725846095,-1.0,-1.045,sl,38
2024-09-09 16:15:00,2024-09-10 00:15:00,L,23.82,23.78,23.367627250658508,24.95093187335373,-0.088,-0.146,time,96
2024-09-10 07:50:00,2024-09-10 15:50:00,L,23.785,23.78,23.55928363702582,24.349290907435446,-0.022,-0.138,time,96
2024-09-10 18:20:00,2024-09-11 01:30:00,L,24.14,23.89767730142517,23.89767730142517,24.74580674643708,-1.0,-1.11,sl,86
2024-09-11 04:05:00,2024-09-11 12:05:00,S,23.7,23.605,23.9669611699363,23.032597075159245,0.356,0.258,time,96
2024-09-11 12:50:00,2024-09-11 13:00:00,S,23.415,23.650683738705293,23.650683738705293,22.825790653236766,-1.0,-1.109,sl,2
2024-09-11 13:55:00,2024-09-11 21:55:00,S,23.125,23.385,23.769087709606424,21.51478072598394,-0.404,-0.443,time,96
2024-09-11 23:05:00,2024-09-12 00:35:00,S,23.32,23.4343923762521,23.4343923762521,23.034019059369754,-1.0,-1.224,sl,18
2024-09-12 01:05:00,2024-09-12 09:05:00,L,23.52,23.645,23.231357749872465,24.241605625318833,0.433,0.343,time,96
2024-09-12 18:30:00,2024-09-12 20:10:00,L,23.85,23.719562619535584,23.719562619535584,24.176093451161044,-1.0,-1.201,sl,20
2024-09-12 22:35:00,2024-09-13 03:30:00,L,23.935,23.72466965962959,23.72466965962959,24.46082585092602,-1.0,-1.125,sl,59
2024-09-13 04:05:00,2024-09-13 05:40:00,S,23.715,23.83482165081335,23.83482165081335,23.415445872966625,-1.0,-1.218,sl,19
2024-09-13 10:40:00,2024-09-13 12:25:00,L,23.87,23.694582376549388,23.694582376549388,24.308544058626534,-1.0,-1.15,sl,21
2024-09-13 14:25:00,2024-09-13 22:25:00,L,24.26,24.985,23.734587318913025,25.573531702717442,1.38,1.329,time,96
2024-09-13 22:50:00,2024-09-13 23:05:00,L,25.075,24.919233926907005,24.919233926907005,25.464415182732488,-1.0,-1.177,sl,3
2024-09-14 02:35:00,2024-09-14 06:00:00,L,24.975,24.850901032776168,24.850901032776168,25.285247418059583,-1.0,-1.221,sl,41
2024-09-14 13:30:00,2024-09-14 15:15:00,L,24.87,25.359184725511295,24.674326109795484,25.359184725511295,2.5,2.36,tp,21
2024-09-14 15:20:00,2024-09-14 23:20:00,L,25.385,25.245,24.85024711315757,26.721882217106078,-0.262,-0.314,time,96
2024-09-15 08:40:00,2024-09-15 13:40:00,S,24.73,24.87535808091227,24.87535808091227,24.366604797719326,-1.0,-1.187,sl,60
2024-09-15 16:45:00,2024-09-15 21:00:00,S,24.545,24.005673950914666,24.760730419634136,24.005673950914666,2.5,2.375,tp,51
2024-09-15 21:05:00,2024-09-16 05:05:00,S,23.915,23.62,24.389697483677338,22.72825629080665,0.621,0.566,time,96
2024-09-16 10:45:00,2024-09-16 10:45:00,S,23.88,23.996378651632334,23.996378651632334,23.58905337091916,-1.0,-1.226,sl,0
2024-09-16 13:05:00,2024-09-16 17:05:00,S,23.71,23.254846254665594,23.892061498133764,23.254846254665594,2.5,2.357,tp,48
2024-09-16 17:10:00,2024-09-16 17:50:00,S,23.275,23.502707123344244,23.502707123344244,22.705732191639385,-1.0,-1.112,sl,8
2024-09-17 00:55:00,2024-09-17 04:25:00,S,23.235,23.53493238481252,23.53493238481252,22.485169037968696,-1.0,-1.085,sl,42
2024-09-17 05:05:00,2024-09-17 13:05:00,L,23.665,23.88,23.44554768719311,24.213630782017226,0.98,0.861,time,96
2024-09-17 14:00:00,2024-09-17 14:10:00,S,23.63,23.93666633671407,23.93666633671407,22.863334158214826,-1.0,-1.085,sl,2
2024-09-17 14:20:00,2024-09-17 22:20:00,L,24.085,23.795,23.599270553226855,25.299323616932867,-0.597,-0.652,time,96
2024-09-17 23:25:00,2024-09-18 03:00:00,S,23.7,23.854719390544865,23.854719390544865,23.313201523637836,-1.0,-1.168,sl,43
2024-09-18 04:55:00,2024-09-18 12:55:00,S,23.6,23.285,23.859794754084025,22.950513114789942,1.212,1.113,time,96
2024-09-18 13:50:00,2024-09-18 18:00:00,S,23.015,23.361757388264355,23.361757388264355,22.148106529339117,-1.0,-1.073,sl,50
2024-09-18 22:05:00,2024-09-18 23:25:00,L,23.77,24.23558602261097,23.58376559095561,24.23558602261097,2.5,2.36,tp,16
2024-09-18 23:30:00,2024-09-19 00:05:00,L,24.235,25.22554976091181,23.838780095635276,25.22554976091181,2.5,2.433,tp,7
2024-09-19 00:10:00,2024-09-19 08:10:00,L,25.27,25.995,23.9902866667968,28.469283333008,0.567,0.545,time,96
2024-09-19 08:15:00,2024-09-19 16:15:00,L,25.995,26.45,25.657486244024753,26.83878438993812,1.348,1.263,time,96
2024-09-19 16:40:00,2024-09-19 21:40:00,L,26.5,26.239242675419245,26.239242675419245,27.151893311451886,-1.0,-1.112,sl,60
2024-09-19 22:40:00,2024-09-20 05:05:00,L,26.67,28.13571754695801,26.0837129812168,28.13571754695801,2.5,2.45,tp,77
2024-09-20 05:10:00,2024-09-20 13:10:00,L,28.11,27.71,27.652258516390635,29.254353709023412,-0.874,-0.941,time,96
2024-09-20 20:50:00,2024-09-21 04:20:00,L,27.27,27.067960472792844,27.067960472792844,27.775098818017888,-1.0,-1.148,sl,90
2024-09-21 08:45:00,2024-09-21 14:00:00,L,27.34,27.831499306636864,27.143400277345254,27.831499306636864,2.5,2.347,tp,63
2024-09-21 14:05:00,2024-09-21 17:25:00,L,27.86,27.427077874441547,27.427077874441547,28.942305313896128,-1.0,-1.071,sl,40
2024-09-21 22:40:00,2024-09-22 01:50:00,L,27.605,27.313822077168748,27.313822077168748,28.332944807078132,-1.0,-1.104,sl,38
2024-09-22 02:15:00,2024-09-22 10:15:00,S,27.205,27.035,27.649461098343064,26.093847254142332,0.382,0.315,time,96
2024-09-22 10:25:00,2024-09-22 18:25:00,S,27.005,27.045,27.220598137796618,26.466004655508453,-0.186,-0.323,time,96
2024-09-22 20:05:00,2024-09-22 21:55:00,L,27.115,26.81762698908362,26.81762698908362,27.858432527290944,-1.0,-1.1,sl,22
2024-09-22 22:00:00,2024-09-22 22:40:00,S,26.705,27.249529294930188,27.249529294930188,25.343676762674527,-1.0,-1.054,sl,8
2024-09-22 22:45:00,2024-09-23 06:45:00,L,27.215,27.765,26.408502513092735,29.231243717268164,0.682,0.645,time,96
2024-09-23 14:20:00,2024-09-23 16:20:00,L,27.655,27.235286880261086,27.235286880261086,28.70428279934729,-1.0,-1.072,sl,24
2024-09-24 01:05:00,2024-09-24 07:20:00,S,27.015,27.406129911959827,27.406129911959827,26.037175220100437,-1.0,-1.076,sl,75
2024-09-24 07:25:00,2024-09-24 14:25:00,L,27.385,27.169530999620974,27.169530999620974,27.923672500947568,-1.0,-1.14,sl,84
2024-09-24 14:30:00,2024-09-24 19:55:00,S,27.02,27.700808779931354,27.700808779931354,25.317978050171615,-1.0,-1.044,sl,65
2024-09-24 20:05:00,2024-09-25 04:05:00,L,27.71,27.885,27.31175499752134,28.70561250619665,0.439,0.363,time,96
2024-09-25 06:20:00,2024-09-25 11:35:00,S,27.55,27.776789845921503,27.776789845921503,26.983025385196246,-1.0,-1.134,sl,63
2024-09-25 12:10:00,2024-09-25 13:10:00,L,27.785,27.53288204980634,27.53288204980634,28.41529487548415,-1.0,-1.121,sl,12
2024-09-25 14:10:00,2024-09-25 16:00:00,L,27.89,27.479131089296075,27.479131089296075,28.917172276759814,-1.0,-1.075,sl,22
2024-09-25 17:10:00,2024-09-26 01:10:00,S,27.44,27.125,27.715945475884826,26.75013631028794,1.142,1.032,time,96
2024-09-26 01:40:00,2024-09-26 01:55:00,S,27.0,27.28453333223824,27.28453333223824,26.2886666694044,-1.0,-1.104,sl,3
2024-09-26 03:05:00,2024-09-26 06:15:00,L,27.45,27.864458342646202,27.284216662941517,27.864458342646202,2.5,2.318,tp,38
2024-09-26 06:20:00,2024-09-26 13:05:00,L,27.895,28.709167065319715,27.569333173872113,28.709167065319715,2.5,2.406,tp,81
2024-09-26 13:10:00,2024-09-26 21:10:00,L,28.795,28.995,28.270044148549538,30.107389628626162,0.381,0.321,time,96
2024-09-26 22:05:00,2024-09-27 06:05:00,L,29.165,29.59,28.74158731321471,30.223531716963226,1.004,0.928,time,96
2024-09-27 06:15:00,2024-09-27 14:15:00,L,29.63,30.135,29.27654121737522,30.513646956561942,1.429,1.337,time,96
2024-09-27 14:25:00,2024-09-27 22:25:00,L,30.37,30.455,29.819711486153594,31.745721284616017,0.154,0.094,time,96
2024-09-27 22:30:00,2024-09-28 03:20:00,L,30.455,30.198148248217368,30.198148248217368,31.097129379456575,-1.0,-1.13,sl,58
2024-09-28 08:05:00,2024-09-28 10:30:00,S,29.35,29.577733290660184,29.577733290660184,28.780666773349544,-1.0,-1.142,sl,29
2024-09-28 10:35:00,2024-09-28 12:40:00,L,29.635,29.246980640791925,29.246980640791925,30.605048398020195,-1.0,-1.084,sl,25
2024-09-28 13:05:00,2024-09-28 14:20:00,S,29.215,29.502626945031285,29.502626945031285,28.495932637421788,-1.0,-1.112,sl,15
2024-09-28 14:30:00,2024-09-28 16:00:00,L,29.55,29.18243398901049,29.18243398901049,30.468915027473777,-1.0,-1.088,sl,18
2024-09-28 16:55:00,2024-09-28 18:25:00,S,29.16,29.462188853496748,29.462188853496748,28.404527866258128,-1.0,-1.106,sl,18
2024-09-28 21:25:00,2024-09-29 00:15:00,S,29.145,29.39528005454217,29.39528005454217,28.519299863644576,-1.0,-1.128,sl,34
2024-09-29 01:20:00,2024-09-29 09:20:00,S,29.14,28.755,29.462352051536126,28.334119871159686,1.194,1.095,time,96
2024-09-29 12:35:00,2024-09-29 15:30:00,S,28.535,28.720410667542815,28.720410667542815,28.07147333114296,-1.0,-1.169,sl,35
2024-09-29 20:00:00,2024-09-29 23:25:00,L,29.26,28.94920693658837,28.94920693658837,30.036982658529077,-1.0,-1.104,sl,41
2024-09-30 00:30:00,2024-09-30 08:30:00,S,28.75,28.79,29.111536648104806,27.846158379737986,-0.111,-0.198,time,96
2024-09-30 09:50:00,2024-09-30 17:50:00,S,28.395,28.15,28.987298948902012,26.91425262774497,0.414,0.361,time,96
2024-09-30 20:00:00,2024-09-30 20:20:00,S,27.93,28.222937478850575,28.222937478850575,27.19765630287356,-1.0,-1.105,sl,4
2024-09-30 22:30:00,2024-10-01 03:10:00,S,27.87,28.243732095747287,28.243732095747287,26.935669760631786,-1.0,-1.082,sl,56
2024-10-01 04:10:00,2024-10-01 12:10:00,L,28.35,28.705,28.133036628858914,28.892408427852722,1.636,1.492,time,96
2024-10-01 13:05:00,2024-10-01 13:35:00,S,28.535,27.966054281345208,28.762578287461917,27.966054281345208,2.5,2.362,tp,6
2024-10-01 13:40:00,2024-10-01 15:10:00,S,27.95,26.01656505865371,28.723373976538515,26.01656505865371,2.5,2.46,tp,18
2024-10-01 15:15:00,2024-10-01 23:15:00,S,26.49,25.95,27.993346299581834,22.73163425104541,0.359,0.34,time,96
2024-10-02 00:20:00,2024-10-02 00:35:00,S,25.785,26.026004353645394,26.026004353645394,25.182489115886515,-1.0,-1.118,sl,3
2024-10-02 05:55:00,2024-10-02 06:30:00,S,26.06,26.34792149111214,26.34792149111214,25.34019627221965,-1.0,-1.1,sl,7
2024-10-02 09:45:00,2024-10-02 17:45:00,S,26.11,25.86,26.724921906446486,24.572695233883785,0.407,0.36,time,96
2024-10-02 18:10:00,2024-10-03 02:10:00,S,25.69,25.515,26.0310571055858,24.83735723603551,0.513,0.43,time,96
2024-10-03 07:45:00,2024-10-03 09:05:00,S,25.165,24.179455193615446,25.55921792255382,24.179455193615446,2.5,2.43,tp,16
2024-10-03 09:10:00,2024-10-03 10:55:00,S,24.225,24.957353858006105,24.957353858006105,22.39411535498474,-1.0,-1.036,sl,21
2024-10-03 13:10:00,2024-10-03 14:05:00,S,24.175,24.619650030649815,24.619650030649815,23.063374923375463,-1.0,-1.06,sl,11
2024-10-03 15:15:00,2024-10-03 20:05:00,S,24.03,24.800487179024607,24.800487179024607,22.103782052438486,-1.0,-1.034,sl,58
2024-10-04 00:40:00,2024-10-04 01:15:00,S,24.46,24.705226069014333,24.705226069014333,23.846934827464167,-1.0,-1.11,sl,7
2024-10-04 08:10:00,2024-10-04 16:10:00,L,25.355,26.015,24.92320681434463,26.434482964138425,1.529,1.464,time,96
2024-10-04 16:25:00,2024-10-05 00:25:00,L,26.175,26.22,25.75788223738684,27.2177944065329,0.108,0.039,time,96
2024-10-05 00:55:00,2024-10-05 01:30:00,L,26.315,26.163751627171084,26.163751627171084,26.693120932072294,-1.0,-1.191,sl,7
2024-10-05 05:35:00,2024-10-05 10:30:00,L,26.175,25.923169899243845,25.923169899243845,26.80457525189039,-1.0,-1.114,sl,59
2024-10-05 13:45:00,2024-10-05 21:45:00,S,25.67,25.41,25.95127622541447,24.966809436463826,0.924,0.824,time,96
2024-10-06 01:30:00,2024-10-06 09:30:00,L,25.775,26.125,25.478454941308918,26.5163626467277,1.18,1.085,time,96
2024-10-06 10:05:00,2024-10-06 13:00:00,L,26.2,26.66584744546129,26.013661021815484,26.66584744546129,2.5,2.345,tp,35
2024-10-06 13:05:00,2024-10-06 21:05:00,L,26.74,26.85,26.32553523735538,27.77616190661155,0.265,0.194,time,96
2024-10-06 23:45:00,2024-10-07 07:45:00,L,26.97,27.19,26.707517950155925,27.626205124610184,0.838,0.725,time,96
2024-10-07 12:30:00,2024-10-07 20:30:00,L,27.205,26.905,26.758924358923984,28.320189102690033,-0.673,-0.74,time,96
2024-10-07 22:55:00,2024-10-08 02:55:00,S,26.845,27.138758110796108,27.138758110796108,26.11060472300973,-1.0,-1.101,sl,48
2024-10-08 03:05:00,2024-10-08 04:45:00,L,27.105,26.841626731979463,26.841626731979463,27.763433170051343,-1.0,-1.113,sl,20
2024-10-08 05:10:00,2024-10-08 13:10:00,S,26.745,26.215,27.117610940443,25.8134726488925,1.422,1.343,time,96
2024-10-08 14:00:00,2024-10-08 15:30:00,L,26.755,26.11028269289724,26.11028269289724,28.366793267756897,-1.0,-1.046,sl,18
2024-10-08 23:10:00,2024-10-09 01:30:00,S,26.345,26.65605314349335,26.65605314349335,25.567367141266622,-1.0,-1.093,sl,28
2024-10-09 03:10:00,2024-10-09 05:55:00,S,26.19,26.513094422185322,26.513094422185322,25.3822639445367,-1.0,-1.089,sl,33
2024-10-09 12:35:00,2024-10-09 14:45:00,S,26.235,25.66922495382599,26.461310018469604,25.66922495382599,2.5,2.372,tp,26
2024-10-09 14:50:00,2024-10-09 15:10:00,S,25.78,25.982219730897082,25.982219730897082,25.274450672757297,-1.0,-1.14,sl,4
2024-10-09 21:05:00,2024-10-10 05:05:00,S,25.83,25.89,26.1573052280437,25.011736929890745,-0.183,-0.27,time,96
2024-10-10 06:15:00,2024-10-10 09:00:00,L,26.145,25.869257627384222,25.869257627384222,26.83435593153944,-1.0,-1.104,sl,33
2024-10-10 09:05:00,2024-10-10 11:30:00,S,25.835,26.20841762678023,26.20841762678023,24.901455933049434,-1.0,-1.076,sl,29
2024-10-10 13:45:00,2024-10-10 21:45:00,S,25.78,25.66,26.142382118400253,24.874044703999374,0.331,0.253,time,96
2024-10-11 02:00:00,2024-10-11 10:00:00,L,26.055,26.565,25.727156115795395,26.87460971051151,1.556,1.468,time,96
2024-10-11 12:35:00,2024-10-11 13:15:00,L,26.59,26.368598338912264,26.368598338912264,27.143504152719338,-1.0,-1.132,sl,8
2024-10-11 14:10:00,2024-10-11 18:00:00,L,26.505,26.964808207185012,26.321076717125994,26.964808207185012,2.5,2.341,tp,46
2024-10-11 18:05:00,2024-10-12 00:55:00,L,26.965,27.732578585957693,26.657968565616923,27.732578585957693,2.5,2.403,tp,82
2024-10-12 01:00:00,2024-10-12 09:00:00,L,27.845,28.14,27.37174138040614,29.02814654898465,0.623,0.559,time,96
2024-10-12 10:25:00,2024-10-12 13:20:00,L,28.4,28.80054482794388,28.239782068822446,28.80054482794388,2.5,2.305,tp,35
2024-10-12 13:25:00,2024-10-12 21:25:00,L,28.805,28.725,28.51990936298295,29.517726592542623,-0.281,-0.392,time,96
2024-10-13 02:25:00,2024-10-13 10:25:00,L,28.88,29.255,28.426659045314224,30.013352386714438,0.827,0.757,time,96
2024-10-13 22:00:00,2024-10-14 06:00:00,L,28.82,29.42,28.407148051940805,29.85212987014799,1.453,1.377,time,96
2024-10-14 13:50:00,2024-10-14 16:50:00,L,29.39,29.039282128783974,29.039282128783974,30.266794678040068,-1.0,-1.092,sl,36
2024-10-14 23:00:00,2024-10-15 00:10:00,L,29.395,28.921691242635337,28.921691242635337,30.578271893411657,-1.0,-1.068,sl,14
2024-10-15 01:40:00,2024-10-15 08:35:00,S,28.73,29.06896595225629,29.06896595225629,27.88258511935928,-1.0,-1.093,sl,83
2024-10-15 08:40:00,2024-10-15 11:15:00,L,29.05,28.724071531633083,28.724071531633083,29.864821170917295,-1.0,-1.098,sl,31
2024-10-15 11:20:00,2024-10-15 13:50:00,S,28.765,29.357276210936,29.357276210936,27.284309472660002,-1.0,-1.053,sl,30
2024-10-15 13:55:00,2024-10-15 14:35:00,L,29.38,28.502168859970567,28.502168859970567,31.57457785007358,-1.0,-1.037,sl,8
2024-10-15 14:45:00,2024-10-15 22:45:00,S,28.395,28.005,29.63129340062112,25.304266498447195,0.315,0.29,time,96
2024-10-16 04:00:00,2024-10-16 12:00:00,S,27.64,27.92,28.002582240088216,26.73354439977946,-0.772,-0.856,time,96
2024-10-16 14:45:00,2024-10-16 22:40:00,S,27.59,28.172665062195925,28.172665062195925,26.13333734451019,-1.0,-1.052,sl,95
2024-10-16 22:45:00,2024-10-17 04:55:00,L,28.135,27.80368555698335,27.80368555698335,28.96328610754163,-1.0,-1.093,sl,74
2024-10-17 05:00:00,2024-10-17 13:00:00,S,27.785,27.565,28.076806163834124,27.05548459041469,0.754,0.649,time,96
2024-10-17 17:25:00,2024-10-18 01:25:00,S,27.285,27.41,27.64097315376646,26.39506711558385,-0.351,-0.435,time,96
2024-10-18 09:50:00,2024-10-18 14:05:00,S,27.545,27.711257189953606,27.711257189953606,27.12935702511599,-1.0,-1.182,sl,51
2024-10-18 15:45:00,2024-10-18 23:45:00,L,27.83,28.09,27.531091763142467,28.577270592143826,0.87,0.767,time,96
2024-10-18 23:50:00,2024-10-19 07:50:00,L,28.09,28.085,27.931641415959028,28.48589646010243,-0.032,-0.227,time,96
2024-10-19 11:05:00,2024-10-19 14:15:00,S,27.9,28.03506998177709,28.03506998177709,27.562325045557266,-1.0,-1.227,sl,38
2024-10-19 14:20:00,2024-10-19 22:20:00,L,28.055,28.06,27.78500840541619,28.72997898645953,0.019,-0.096,time,96
2024-10-20 01:05:00,2024-10-20 09:05:00,S,27.95,27.915,28.22017280706273,27.27456798234317,0.13,0.016,time,96
2024-10-20 10:05:00,2024-10-20 13:00:00,L,28.07,27.86116622285403,27.86116622285403,28.592084442864923,-1.0,-1.148,sl,35
2024-10-20 14:05:00,2024-10-20 22:05:00,L,28.25,28.67,27.815967515490957,29.33508121127261,0.968,0.896,time,96
2024-10-20 22:10:00,2024-10-21 06:10:00,L,28.67,28.905,28.386735317342612,29.378161706643475,0.83,0.718,time,96
2024-10-21 06:20:00,2024-10-21 06:55:00,L,28.995,28.788293960235624,28.788293960235624,29.511765099410944,-1.0,-1.154,sl,7
2024-10-21 11:00:00,2024-10-21 13:50:00,S,28.315,27.63163557363722,28.588345770545114,27.63163557363722,2.5,2.386,tp,34
2024-10-21 13:55:00,2024-10-21 21:55:00,S,27.59,27.935,28.173530382583287,26.131174043541783,-0.591,-0.643,time,96
2024-10-21 23:35:00,2024-10-22 01:50:00,S,27.78,27.985339819648182,27.985339819648182,27.26665045087955,-1.0,-1.149,sl,27
2024-10-22 08:30:00,2024-10-22 16:30:00,S,27.805,27.67,28.153175741788687,26.934560645528283,0.388,0.3,time,96
2024-10-23 00:15:00,2024-10-23 07:40:00,S,27.53,27.088767045476104,27.70649318180956,27.088767045476104,2.5,2.328,tp,89
2024-10-23 07:45:00,2024-10-23 15:45:00,S,27.065,26.455,27.388678888697296,26.255802778256765,1.885,1.793,time,96
2024-10-23 16:30:00,2024-10-23 19:40:00,S,26.33,26.523810563442563,26.523810563442563,25.845473591393585,-1.0,-1.149,sl,38
2024-10-24 07:30:00,2024-10-24 09:05:00,S,26.96,26.43416120581128,27.17033551767549,26.43416120581128,2.5,2.359,tp,19
2024-10-24 09:10:00,2024-10-24 17:10:00,S,26.58,26.74,26.935266371669826,25.69183407082543,-0.45,-0.533,time,96
2024-10-24 19:40:00,2024-10-24 23:10:00,L,27.0,26.78956117934195,26.78956117934195,27.52609705164513,-1.0,-1.141,sl,42
2024-10-24 23:15:00,2024-10-25 04:20:00,S,26.825,26.198713949687,27.0755144201252,26.198713949687,2.5,2.382,tp,61
2024-10-25 04:25:00,2024-10-25 12:25:00,S,26.22,26.55,26.702422334915916,25.013944162710207,-0.684,-0.744,time,96
2024-10-25 13:45:00,2024-10-25 13:55:00,S,26.305,26.552214454346544,26.552214454346544,25.686963864133638,-1.0,-1.117,sl,2
2024-10-25 15:55:00,2024-10-25 23:20:00,S,26.065,24.471945137460594,26.702221945015765,24.471945137460594,2.5,2.455,tp,89
2024-10-25 23:25:00,2024-10-26 07:25:00,S,24.3,25.475,25.969086179180056,20.12728455204986,-0.704,-0.72,time,96
2024-10-26 13:20:00,2024-10-26 14:55:00,S,25.47,24.9705290194974,25.66978839220104,24.9705290194974,2.5,2.36,tp,19
2024-10-26 15:00:00,2024-10-26 19:00:00,S,24.94,25.350125363156977,25.350125363156977,23.914686592107564,-1.0,-1.067,sl,48
2024-10-26 22:35:00,2024-10-27 02:05:00,S,25.3,25.448960628181553,25.448960628181553,24.927598429546123,-1.0,-1.187,sl,42
2024-10-27 06:50:00,2024-10-27 13:00:00,S,25.46,25.56275013531433,25.56275013531433,25.203124661714174,-1.0,-1.273,sl,74
2024-10-27 13:05:00,2024-10-27 21:05:00,L,25.55,25.605,25.345264643307257,26.06183839173186,0.269,0.131,time,96
2024-10-27 21:45:00,2024-10-28 02:05:00,L,25.75,25.575728775526528,25.575728775526528,26.18567806118368,-1.0,-1.163,sl,52
2024-10-28 02:10:00,2024-10-28 03:45:00,S,25.655,25.240694773218443,25.820722090712625,25.240694773218443,2.5,2.33,tp,19
2024-10-28 03:50:00,2024-10-28 07:10:00,S,25.205,25.54302995912549,25.54302995912549,24.359925102186267,-1.0,-1.082,sl,40
2024-10-28 07:15:00,2024-10-28 15:15:00,L,25.715,25.76,25.21168279779942,26.973293005501453,0.089,0.033,time,96
2024-10-28 15:45:00,2024-10-28 19:20:00,S,25.67,25.97378489767835,25.97378489767835,24.910537755804132,-1.0,-1.093,sl,43
2024-10-28 19:25:00,2024-10-29 03:25:00,L,25.99,26.885,25.44423257087713,27.35441857280717,1.64,1.588,time,96
2024-10-29 11:35:00,2024-10-29 14:20:00,L,26.765,26.514444524893936,26.514444524893936,27.391388687765165,-1.0,-1.118,sl,33
2024-10-29 16:05:00,2024-10-29 20:20:00,L,26.805,26.386193173027145,26.386193173027145,27.852017067432136,-1.0,-1.07,sl,51
2024-10-30 06:20:00,2024-10-30 07:00:00,L,26.68,26.483764915552722,26.483764915552722,27.170587711118195,-1.0,-1.15,sl,8
2024-10-30 08:30:00,2024-10-30 16:30:00,S,26.48,26.16,26.70272521193365,25.923186970165876,1.437,1.306,time,96
2024-10-31 00:55:00,2024-10-31 07:05:00,S,26.085,25.74722140036278,26.22011143985489,25.74722140036278,2.5,2.288,tp,74
2024-10-31 07:10:00,2024-10-31 14:00:00,S,25.825,25.3345527670742,26.02117889317032,25.3345527670742,2.5,2.355,tp,82
2024-10-31 14:05:00,2024-10-31 22:05:00,S,25.145,24.96,25.771679256705298,23.578301858236756,0.295,0.251,time,96
2024-11-01 01:25:00,2024-11-01 09:25:00,S,24.83,24.825,25.0260597969631,24.339850507592246,0.026,-0.114,time,96
2024-11-01 13:35:00,2024-11-01 15:35:00,L,25.41,25.11215462162514,25.11215462162514,26.154613445937148,-1.0,-1.094,sl,24
2024-11-01 15:40:00,2024-11-01 23:40:00,S,25.08,24.785,25.597503243771776,23.786241890570555,0.57,0.517,time,96
2024-11-02 03:55:00,2024-11-02 05:45:00,S,24.795,24.93852387149663,24.93852387149663,24.43619032125843,-1.0,-1.19,sl,22
2024-11-02 08:40:00,2024-11-02 12:50:00,S,24.72,24.221585352007388,24.919365859197043,24.221585352007388,2.5,2.364,tp,50
2024-11-02 12:55:00,2024-11-02 20:55:00,S,24.25,24.23,24.716001735830577,23.08499566042356,0.043,-0.014,time,96
2024-11-02 23:05:00,2024-11-03 02:35:00,S,24.015,23.50476971840576,24.219092112637696,23.50476971840576,2.5,2.371,tp,42
2024-11-03 02:40:00,2024-11-03 10:40:00,S,23.455,23.435,24.042613323315553,21.985966691711113,0.034,-0.01,time,96
2024-11-03 13:20:00,2024-11-03 19:40:00,S,23.005,23.297816154698356,23.297816154698356,22.272959613254105,-1.0,-1.086,sl,76
2024-11-04 00:40:00,2024-11-04 01:15:00,S,23.33,23.60206262117187,23.60206262117187,22.649843447070317,-1.0,-1.094,sl,7
2024-11-04 05:15:00,2024-11-04 13:15:00,S,23.605,23.77,23.839969183414606,23.017577041463486,-0.702,-0.813,time,96
2024-11-04 14:00:00,2024-11-04 21:20:00,S,23.465,22.634645760260305,23.797141695895878,22.634645760260305,2.5,2.422,tp,88
2024-11-04 21:25:00,2024-11-05 05:25:00,S,22.72,23.035,23.517070703273426,20.727323241816432,-0.395,-0.427,time,96
2024-11-05 12:45:00,2024-11-05 14:30:00,L,23.405,23.845241053210756,23.2289035787157,23.845241053210756,2.5,2.354,tp,21
2024-11-05 14:35:00,2024-11-05 22:35:00,L,23.82,23.915,23.319797968867423,25.07050507783144,0.19,0.138,time,96
2024-11-05 23:30:00,2024-11-06 02:15:00,L,24.085,24.914782155852066,23.753087137659175,24.914782155852066,2.5,2.42,tp,33
2024-11-06 02:20:00,2024-11-06 03:05:00,L,24.965,26.334595484483586,24.417161806206565,26.334595484483586,2.5,2.45,tp,9
2024-11-06 03:10:00,2024-11-06 11:10:00,L,26.22,26.2,24.562173522698746,30.364566193253133,-0.012,-0.029,time,96
2024-11-06 11:35:00,2024-11-06 14:55:00,L,26.285,26.01211971368559,26.01211971368559,26.967200715786028,-1.0,-1.106,sl,40
2024-11-06 22:45:00,2024-11-07 01:35:00,L,26.935,27.796685009729977,26.590325996108007,27.796685009729977,2.5,2.414,tp,34
2024-11-07 01:40:00,2024-11-07 06:10:00,L,27.89,27.02593999740418,27.02593999740418,30.050150006489552,-1.0,-1.036,sl,54
2024-11-07 12:50:00,2024-11-07 14:45:00,L,26.925,26.638210595496254,26.638210595496254,27.641973511259366,-1.0,-1.103,sl,23
2024-11-07 16:05:00,2024-11-08 00:05:00,L,27.26,27.655,26.722434876700614,28.60391280824847,0.735,0.679,time,96
2024-11-08 00:20:00,2024-11-08 02:55:00,L,27.72,27.14942956443645,27.14942956443645,29.146426088908875,-1.0,-1.053,sl,31
2024-11-08 05:35:00,2024-11-08 07:10:00,L,27.44,27.217805697269203,27.217805697269203,27.995485756826998,-1.0,-1.136,sl,19
2024-11-08 07:50:00,2024-11-08 14:35:00,L,27.57,28.579689037580604,27.16612438496776,28.579689037580604,2.5,2.425,tp,81
2024-11-08 14:40:00,2024-11-08 14:55:00,L,28.465,28.01645047964961,28.01645047964961,29.586373800875975,-1.0,-1.07,sl,3
2024-11-08 19:15:00,2024-11-09 00:25:00,L,28.34,29.372596503877308,27.926961398449077,29.372596503877308,2.5,2.425,tp,62
2024-11-09 00:30:00,2024-11-09 08:30:00,L,29.47,29.515,28.48070562168945,31.943235945776372,0.045,0.013,time,96
2024-11-09 09:20:00,2024-11-09 11:25:00,L,29.645,29.364910040483377,29.364910040483377,30.345224898791557,-1.0,-1.116,sl,25
2024-11-09 19:05:00,2024-11-09 22:55:00,L,29.08,29.787916946477612,28.796833221408953,29.787916946477612,2.5,2.387,tp,46
2024-11-09 23:00:00,2024-11-10 04:30:00,L,29.775,31.18071137925633,29.212715448297466,31.18071137925633,2.5,2.442,tp,66
2024-11-10 04:35:00,2024-11-10 12:35:00,L,31.21,31.945,30.327998510610982,33.41500372347255,0.833,0.794,time,96
2024-11-10 12:45:00,2024-11-10 20:05:00,L,32.32,31.539175861170747,31.539175861170747,34.272060347073136,-1.0,-1.046,sl,88
2024-11-11 02:40:00,2024-11-11 04:20:00,L,32.55,31.967435850407732,31.967435850407732,34.00641037398066,-1.0,-1.061,sl,20
2024-11-11 11:30:00,2024-11-11 16:20:00,L,31.995,33.178841163100685,31.52146353475973,33.178841163100685,2.5,2.426,tp,58
2024-11-11 16:30:00,2024-11-11 23:00:00,L,33.165,35.338967325706506,32.2954130697174,35.338967325706506,2.5,2.458,tp,78
2024-11-11 23:20:00,2024-11-12 07:20:00,L,35.49,36.98,33.787671638130334,39.745820904674176,0.875,0.852,time,96
2024-11-12 08:40:00,2024-11-12 09:45:00,L,37.41,36.067705762296576,36.067705762296576,40.765735594258544,-1.0,-1.031,sl,13
2024-11-12 19:40:00,2024-11-12 20:15:00,L,34.43,34.04006934907162,34.04006934907162,35.40482662732094,-1.0,-1.097,sl,7
2024-11-12 22:40:00,2024-11-12 23:55:00,L,34.825,33.998300040255856,33.998300040255856,36.89174989936037,-1.0,-1.046,sl,15
2024-11-13 02:20:00,2024-11-13 10:20:00,S,33.285,31.985,34.36256223785801,30.59109440535497,1.206,1.172,time,96
2024-11-13 13:45:00,2024-11-13 20:00:00,L,33.115,32.13274625582944,32.13274625582944,35.57063436042641,-1.0,-1.037,sl,75
2024-11-13 20:05:00,2024-11-14 04:05:00,S,32.04,33.445,34.4913828729722,25.91154281756949,-0.573,-0.588,time,96
2024-11-14 05:00:00,2024-11-14 10:55:00,L,33.57,32.93851093130638,32.93851093130638,35.14872267173405,-1.0,-1.058,sl,71
2024-11-14 11:00:00,2024-11-14 19:00:00,S,32.71,32.345,33.86055711745553,29.833607206361183,0.317,0.286,time,96
2024-11-14 21:00:00,2024-11-15 05:00:00,S,31.83,31.12,32.394981537523265,30.417546156191833,1.257,1.195,time,96
2024-11-15 15:25:00,2024-11-15 19:35:00,S,31.505,32.5658116313098,32.5658116313098,28.8529709217255,-1.0,-1.033,sl,50
2024-11-15 20:20:00,2024-11-16 04:20:00,L,32.935,34.58,32.111462977540675,34.99384255614832,1.997,1.953,time,96
2024-11-16 04:30:00,2024-11-16 12:30:00,L,34.625,34.91,33.83179192249463,36.60802019376342,0.359,0.311,time,96
2024-11-16 18:55:00,2024-11-16 19:20:00,L,35.395,34.991995597606746,34.991995597606746,36.40251100598314,-1.0,-1.097,sl,5
2024-11-17 04:25:00,2024-11-17 12:25:00,L,35.795,36.435,33.88185851877558,40.57785370306105,0.335,0.314,time,96
2024-11-17 22:00:00,2024-11-18 02:45:00,S,34.785,35.564293804799846,35.564293804799846,32.836765488000374,-1.0,-1.049,sl,57
2024-11-18 04:05:00,2024-11-18 11:35:00,L,35.67,34.92855641260208,34.92855641260208,37.52360896849481,-1.0,-1.053,sl,90
2024-11-18 11:40:00,2024-11-18 16:30:00,S,34.935,35.851773203733515,35.851773203733515,32.64306699066622,-1.0,-1.042,sl,58
2024-11-18 16:35:00,2024-11-18 19:10:00,L,35.86,34.996570213687505,34.996570213687505,38.018574465781235,-1.0,-1.046,sl,31
2024-11-18 19:15:00,2024-11-19 03:15:00,S,35.085,35.16,35.852661003716165,33.165847490709595,-0.098,-0.148,time,96
2024-11-19 08:30:00,2024-11-19 12:30:00,S,34.8,35.468237060239055,35.468237060239055,33.129407349402356,-1.0,-1.057,sl,48
2024-11-19 12:35:00,2024-11-19 13:30:00,L,35.305,34.65990891052742,34.65990891052742,36.91772772368145,-1.0,-1.06,sl,11
2024-11-19 13:40:00,2024-11-19 21:40:00,S,34.57,33.97,35.453593306716165,32.36101673320959,0.679,0.636,time,96
2024-11-19 22:35:00,2024-11-19 23:35:00,S,33.72,34.29913073031355,34.29913073031355,32.27217317421612,-1.0,-1.064,sl,12
2024-11-20 02:05:00,2024-11-20 08:15:00,S,33.655,34.23624979471259,34.23624979471259,32.201875513218525,-1.0,-1.064,sl,74
2024-11-20 08:20:00,2024-11-20 09:40:00,L,34.275,35.4405710144524,33.80877159421904,35.4405710144524,2.5,2.419,tp,16
2024-11-20 09:45:00,2024-11-20 11:10:00,L,35.46,34.590154022378,34.590154022378,37.634614944055,-1.0,-1.045,sl,17
2024-11-20 12:35:00,2024-11-20 13:45:00,S,34.465,35.09034273049893,35.09034273049893,32.90164317375268,-1.0,-1.061,sl,14
2024-11-20 14:10:00,2024-11-20 15:10:00,L,35.49,34.377891877540506,34.377891877540506,38.270270306148745,-1.0,-1.035,sl,12
2024-11-20 16:25:00,2024-11-21 00:25:00,S,34.18,33.93,35.06457009808381,31.968574754790467,0.283,0.24,time,96
2024-11-21 02:15:00,2024-11-21 04:30:00,S,33.105,33.930394582867805,33.930394582867805,31.041513542830476,-1.0,-1.044,sl,27
2024-11-21 10:25:00,2024-11-21 12:00:00,S,33.56,34.17905176376995,34.17905176376995,32.01237059057514,-1.0,-1.06,sl,19
2024-11-21 12:10:00,2024-11-21 20:10:00,L,34.61,36.02,33.604960209327885,37.122599476680286,1.403,1.365,time,96
2024-11-22 02:25:00,2024-11-22 10:25:00,L,35.965,36.995,35.314849570117445,37.5903760747064,1.584,1.523,time,96
2024-11-22 10:30:00,2024-11-22 12:50:00,L,36.995,39.482516810560654,35.999993275775736,39.482516810560654,2.5,2.459,tp,28
2024-11-22 12:55:00,2024-11-22 13:25:00,L,39.4,37.69338620070998,37.69338620070998,43.66653449822505,-1.0,-1.025,sl,6
2024-11-22 16:00:00,2024-11-22 23:20:00,L,39.54,43.36099494405234,38.011602022379066,43.36099494405234,2.5,2.472,tp,88
2024-11-22 23:25:00,2024-11-23 07:25:00,L,43.5,43.25,41.14271419955871,49.39321450110322,-0.106,-0.126,time,96
2024-11-23 12:40:00,2024-11-23 16:20:00,L,42.895,42.206138577142795,42.206138577142795,44.61715355714303,-1.0,-1.068,sl,44
2024-11-24 00:15:00,2024-11-24 08:15:00,L,42.25,42.24,41.120542640660034,45.073643398349915,-0.009,-0.05,time,96
2024-11-24 11:05:00,2024-11-24 12:40:00,S,40.975,38.59713365941472,41.926146536234114,38.59713365941472,2.5,2.453,tp,19
2024-11-24 12:45:00,2024-11-24 20:45:00,S,38.63,40.52,40.91064686875603,32.92838282810993,-0.829,-0.847,time,96
2024-11-24 21:00:00,2024-11-25 05:00:00,L,40.78,41.615,40.02098204984641,42.67754487538398,1.1,1.041,time,96
2024-11-25 06:20:00,2024-11-25 08:35:00,L,42.63,45.64063881741596,41.42574447303362,45.64063881741596,2.5,2.461,tp,27
2024-11-25 08:40:00,2024-11-25 14:45:00,L,45.63,43.53618032774982,43.53618032774982,50.86454918062546,-1.0,-1.024,sl,73
2024-11-25 17:25:00,2024-11-26 01:25:00,S,41.965,42.13,43.48558077736715,38.163548056582144,-0.109,-0.139,time,96
2024-11-26 04:10:00,2024-11-26 05:45:00,S,41.31,42.36260097073452,42.36260097073452,38.67849757316371,-1.0,-1.043,sl,19
2024-11-26 07:15:00,2024-11-26 11:25:00,S,41.26,38.85191647598207,42.22323340960717,38.85191647598207,2.5,2.453,tp,50
2024-11-26 11:30:00,2024-11-26 12:05:00,S,38.71,40.468838811776806,40.468838811776806,34.312902970557985,-1.0,-1.024,sl,7
2024-11-26 12:20:00,2024-11-26 20:20:00,L,40.785,41.465,38.478835736935245,46.55041065766187,0.295,0.275,time,96
2024-11-26 22:05:00,2024-11-27 06:05:00,L,42.72,42.89,41.49622129264104,45.7794467683974,0.139,0.101,time,96
2024-11-27 10:25:00,2024-11-27 12:05:00,L,43.965,42.9129657308884,42.9129657308884,46.59508567277901,-1.0,-1.046,sl,20
2024-11-27 14:40:00,2024-11-27 16:55:00,L,43.66,42.69909068575245,42.69909068575245,46.06227328561886,-1.0,-1.05,sl,27
2024-11-27 20:20:00,2024-11-27 21:25:00,L,43.71,43.03772352713221,43.03772352713221,45.39069118216948,-1.0,-1.072,sl,13
2024-11-27 22:40:00,2024-11-28 00:20:00,L,43.965,43.2161870607126,43.2161870607126,45.837032348218514,-1.0,-1.065,sl,20
2024-11-28 08:00:00,2024-11-28 16:00:00,S,42.685,41.935,43.30726591347797,41.12933521630508,1.205,1.13,time,96
2024-11-28 22:40:00,2024-11-29 06:40:00,L,42.935,43.115,42.21510183607839,44.734745409804034,0.25,0.184,time,96
2024-11-29 10:40:00,2024-11-29 14:20:00,L,43.58,44.20579651833417,43.32968139266633,44.20579651833417,2.5,2.308,tp,44
2024-11-29 15:15:00,2024-11-29 15:35:00,L,44.325,43.79369130002571,43.79369130002571,45.653271749935726,-1.0,-1.092,sl,4
2024-11-29 23:10:00,2024-11-30 00:10:00,L,44.985,44.29091695692995,44.29091695692995,46.72020760767513,-1.0,-1.071,sl,12
2024-11-30 06:25:00,2024-11-30 14:25:00,L,44.955,46.24,44.13910680916067,46.99473297709831,1.575,1.514,time,96
2024-11-30 14:30:00,2024-11-30 16:25:00,L,46.24,45.23280643296551,45.23280643296551,48.75798391758623,-1.0,-1.051,sl,23
2024-12-01 01:05:00,2024-12-01 09:05:00,S,44.53,44.245,45.77168118675932,41.425797033101716,0.23,0.19,time,96
2024-12-01 12:35:00,2024-12-01 13:20:00,S,43.96,44.37699541120605,44.37699541120605,42.91751147198487,-1.0,-1.116,sl,9
2024-12-01 14:15:00,2024-12-01 15:35:00,L,44.375,45.02527613955014,44.114889544179945,45.02527613955014,2.5,2.312,tp,16
2024-12-01 15:40:00,2024-12-01 20:25:00,L,44.93,44.25814219203833,44.25814219203833,46.60964451990418,-1.0,-1.074,sl,57
2024-12-01 23:30:00,2024-12-02 03:20:00,L,45.76,48.427022300314235,44.6931910798743,48.427022300314235,2.5,2.453,tp,46
2024-12-02 03:25:00,2024-12-02 11:10:00,L,49.18,45.15578129591296,45.15578129591296,59.2405467602176,-1.0,-1.013,sl,93
2024-12-02 13:05:00,2024-12-02 21:05:00,L,47.44,48.38,45.99479140635956,51.053021484101095,0.65,0.614,time,96
2024-12-02 21:15:00,2024-12-02 21:45:00,L,49.035,51.52866676157295,48.037533295370814,51.52866676157295,2.5,2.446,tp,6
2024-12-02 21:50:00,2024-12-03 05:50:00,L,51.615,51.975,48.009316040373214,60.62920989906697,0.1,0.084,time,96
2024-12-03 13:20:00,2024-12-03 13:40:00,L,53.15,51.00051549022329,51.00051549022329,58.523711274441766,-1.0,-1.027,sl,4
2024-12-03 21:20:00,2024-12-04 05:20:00,L,51.58,52.7,50.283861197278796,54.820347006803004,0.864,0.82,time,96
2024-12-04 05:25:00,2024-12-04 06:20:00,L,52.7,54.14181501187223,52.12327399525111,54.14181501187223,2.5,2.399,tp,11
2024-12-04 06:25:00,2024-12-04 14:25:00,L,54.02,54.555,52.45835189854473,57.92412025363819,0.343,0.305,time,96
2024-12-04 14:35:00,2024-12-04 16:15:00,L,55.2,53.70097731473549,53.70097731473549,58.94755671316129,-1.0,-1.041,sl,20
2024-12-04 19:35:00,2024-12-04 20:50:00,L,54.7,53.707080193703675,53.707080193703675,57.18229951574082,-1.0,-1.061,sl,15
2024-12-05 00:25:00,2024-12-05 08:25:00,S,51.99,52.32,52.947693884473026,49.59576528881745,-0.345,-0.404,time,96
2024-12-05 08:30:00,2024-12-05 12:55:00,L,52.32,53.374432920971316,51.898226831611474,53.374432920971316,2.5,2.364,tp,53
2024-12-05 13:00:00,2024-12-05 13:50:00,L,53.155,52.68542115622789,52.68542115622789,54.32894710943028,-1.0,-1.125,sl,10
2024-12-05 17:50:00,2024-12-05 19:40:00,L,53.155,52.513026373240436,52.513026373240436,54.759934066898914,-1.0,-1.091,sl,22
2024-12-05 20:00:00,2024-12-06 04:00:00,S,51.775,51.77,53.34930880233335,47.83922799416663,0.003,-0.033,time,96
2024-12-06 04:40:00,2024-12-06 10:05:00,L,51.975,51.199790747840844,51.199790747840844,53.913023130397896,-1.0,-1.074,sl,65
2024-12-06 10:10:00,2024-12-06 17:10:00,S,51.29,52.401123429493055,52.401123429493055,48.512191426267364,-1.0,-1.051,sl,84
2024-12-06 17:15:00,2024-12-07 01:15:00,L,52.49,52.145,51.46181873019472,55.0604531745132,-0.336,-0.392,time,96
2024-12-07 01:35:00,2024-12-07 09:35:00,S,51.99,51.975,52.45945933736835,50.81635165657913,0.032,-0.09,time,96
2024-12-07 15:05:00,2024-12-07 23:00:00,L,52.595,51.589320257799024,51.589320257799024,55.10919935550244,-1.0,-1.058,sl,95
2024-12-07 23:05:00,2024-12-07 23:30:00,S,51.755,52.07830940919173,52.07830940919173,50.946726477020675,-1.0,-1.176,sl,5
2024-12-08 00:05:00,2024-12-08 04:15:00,S,51.615,52.1152851362424,52.1152851362424,50.36428715939401,-1.0,-1.113,sl,50
2024-12-08 05:10:00,2024-12-08 13:10:00,S,51.38,52.02,52.20282339438034,49.32294151404916,-0.778,-0.846,time,96
2024-12-08 13:15:00,2024-12-08 15:05:00,L,52.02,51.09265552887856,51.09265552887856,54.33836117780361,-1.0,-1.062,sl,22
2024-12-08 15:25:00,2024-12-08 23:25:00,L,52.295,53.875,51.030827067712096,55.455432330719766,1.25,1.204,time,96
2024-12-09 02:05:00,2024-12-09 09:15:00,S,52.56,50.145672706319274,53.525730917472295,50.145672706319274,2.5,2.44,tp,86
2024-12-09 09:20:00,2024-12-09 17:20:00,S,50.18,49.27,51.38728810288431,47.16177974278922,0.754,0.708,time,96
2024-12-09 18:00:00,2024-12-09 20:35:00,S,48.795,46.77947913109126,49.6012083475635,46.77947913109126,2.5,2.433,tp,31
2024-12-09 20:40:00,2024-12-10 04:40:00,S,46.41,44.515,49.25131331427993,39.30671671430015,0.667,0.649,time,96
2024-12-10 12:20:00,2024-12-10 16:00:00,S,45.275,42.20722286048618,46.502110855805526,42.20722286048618,2.5,2.459,tp,44
2024-12-10 16:05:00,2024-12-10 21:30:00,S,42.56,45.23641796746393,45.23641796746393,35.86895508134019,-1.0,-1.017,sl,65
2024-12-11 00:35:00,2024-12-11 08:30:00,S,44.075,44.90805518714596,44.90805518714596,41.992362032135105,-1.0,-1.058,sl,95
2024-12-11 13:15:00,2024-12-11 15:25:00,L,46.125,48.30728783973789,45.252084864104845,48.30728783973789,2.5,2.442,tp,26
2024-12-11 15:30:00,2024-12-11 23:30:00,L,48.145,48.29,46.59161142315792,52.02847144210521,0.093,0.059,time,96
2024-12-11 23:35:00,2024-12-12 01:10:00,L,48.29,49.149551367832174,47.94617945286713,49.149551367832174,2.5,2.346,tp,19
2024-12-12 01:15:00,2024-12-12 09:15:00,L,49.19,51.135,48.30365198862562,51.40587002843595,2.194,2.133,time,96
2024-12-12 09:55:00,2024-12-12 10:05:00,L,51.295,50.636513860918356,50.636513860918356,52.941215347704116,-1.0,-1.086,sl,2
2024-12-12 13:25:00,2024-12-12 21:25:00,L,52.405,53.075,49.55169107745685,59.538272306357875,0.235,0.215,time,96
2024-12-13 20:25:00,2024-12-14 00:15:00,L,51.71,53.25028853384927,51.09388458646029,53.25028853384927,2.5,2.408,tp,46
2024-12-14 00:20:00,2024-12-14 08:20:00,L,53.395,52.755,51.98827885414326,56.91180286464186,-0.455,-0.497,time,96
2024-12-14 08:30:00,2024-12-14 12:30:00,L,52.9,52.4100798680754,52.4100798680754,54.12480032981149,-1.0,-1.119,sl,48
2024-12-14 12:35:00,2024-12-14 20:35:00,S,52.15,49.7,53.32085863039453,49.222853424013664,2.092,2.043,time,96
2024-12-14 20:55:00,2024-12-15 01:45:00,S,49.555,50.320753214855685,50.320753214855685,47.64061696286079,-1.0,-1.071,sl,58
2024-12-15 06:55:00,2024-12-15 12:05:00,S,48.94,49.773031936904474,49.773031936904474,46.85742015773881,-1.0,-1.065,sl,62
2024-12-15 14:20:00,2024-12-15 21:15:00,L,50.74,49.65690905150503,49.65690905150503,53.44772737123743,-1.0,-1.052,sl,83
2024-12-15 21:25:00,2024-12-15 23:25:00,S,49.245,50.45846081328605,50.45846081328605,46.21134796678486,-1.0,-1.045,sl,24
2024-12-15 23:30:00,2024-12-16 07:30:00,L,50.765,49.99,48.56038634670515,56.27653413323712,-0.352,-0.377,time,96
2024-12-16 08:00:00,2024-12-16 09:05:00,S,49.855,49.007534783738805,50.193986086504474,49.007534783738805,2.5,2.338,tp,13
2024-12-16 09:10:00,2024-12-16 17:05:00,S,49.15,49.75590686111239,49.75590686111239,47.635232847219015,-1.0,-1.089,sl,95
2024-12-16 19:00:00,2024-12-16 20:45:00,L,50.87,49.63113565401005,49.63113565401005,53.96716086497486,-1.0,-1.045,sl,21
2024-12-16 23:25:00,2024-12-17 07:25:00,S,49.275,49.04,50.06497987810371,47.30005030474071,0.297,0.229,time,96
2024-12-17 09:10:00,2024-12-17 15:15:00,L,49.415,48.795796571100965,48.795796571100965,50.96300857224759,-1.0,-1.088,sl,73
2024-12-17 15:20:00,2024-12-17 23:20:00,S,48.64,48.045,50.6119471513021,43.71013212174476,0.302,0.275,time,96
2024-12-18 00:35:00,2024-12-18 08:35:00,S,47.535,46.305,48.21703216799748,45.82991958000629,1.803,1.727,time,96
2024-12-18 12:35:00,2024-12-18 18:55:00,S,46.435,47.374501532565205,47.374501532565205,44.086246168586996,-1.0,-1.054,sl,76
2024-12-18 19:55:00,2024-12-19 02:05:00,S,45.77,41.147389533141066,47.61904418674358,41.147389533141066,2.5,2.473,tp,74
2024-12-19 02:10:00,2024-12-19 07:35:00,S,41.195,43.070928453217626,43.070928453217626,36.50517886695594,-1.0,-1.024,sl,65
2024-12-19 08:55:00,2024-12-19 10:25:00,S,42.245,43.07836909032309,43.07836909032309,40.161577274192254,-1.0,-1.056,sl,18
2024-12-19 13:00:00,2024-12-19 17:45:00,S,42.465,40.26899388563208,43.343402445747174,40.26899388563208,2.5,2.447,tp,57
2024-12-19 17:50:00,2024-12-20 01:50:00,S,40.205,39.075,42.46531795229829,34.55420511925426,0.5,0.48,time,96
2024-12-20 05:50:00,2024-12-20 08:30:00,S,39.1,37.28537891311815,39.82584843475274,37.28537891311815,2.5,2.441,tp,32
2024-12-20 08:35:00,2024-12-20 16:35:00,S,37.47,38.425,39.65972414299486,31.995689642512843,-0.436,-0.455,time,96
2024-12-20 21:15:00,2024-12-20 22:20:00,S,37.995,39.36419854042231,39.36419854042231,34.57200364894422,-1.0,-1.031,sl,13
2024-12-21 04:45:00,2024-12-21 07:35:00,L,40.27,42.211510710715736,39.49339571571371,42.211510710715736,2.5,2.443,tp,34
2024-12-21 07:40:00,2024-12-21 08:20:00,L,42.22,41.406403492949,41.406403492949,44.253991267627484,-1.0,-1.057,sl,8
2024-12-21 12:10:00,2024-12-21 13:30:00,S,40.055,37.80936450295494,40.95325419881802,37.80936450295494,2.5,2.451,tp,16
2024-12-21 13:35:00,2024-12-21 21:35:00,S,38.335,37.175,39.93196258568087,34.342593535797825,0.726,0.7,time,96
2024-12-21 23:10:00,2024-12-22 00:35:00,S,36.99,37.6269683564507,37.6269683564507,35.397579108873245,-1.0,-1.064,sl,17
2024-12-22 03:15:00,2024-12-22 03:20:00,S,37.1,37.596676692706325,37.596676692706325,35.8583082682342,-1.0,-1.082,sl,1
2024-12-22 04:55:00,2024-12-22 07:00:00,S,36.825,37.62552297148355,37.62552297148355,34.82369257129114,-1.0,-1.051,sl,25
2024-12-22 12:15:00,2024-12-22 12:30:00,S,37.885,38.153291065867684,38.153291065867684,37.21427233533078,-1.0,-1.155,sl,3
2024-12-22 13:10:00,2024-12-22 19:30:00,S,37.845,36.545050235517536,38.364979905792985,36.545050235517536,2.5,2.42,tp,76
2024-12-22 19:35:00,2024-12-23 03:25:00,S,36.52,37.65009244199237,37.65009244199237,33.69476889501908,-1.0,-1.036,sl,94
2024-12-23 06:35:00,2024-12-23 09:00:00,S,36.08,37.17329418295387,37.17329418295387,33.346764542615325,-1.0,-1.036,sl,29
2024-12-23 13:10:00,2024-12-23 16:50:00,S,36.805,37.26208676994177,37.26208676994177,35.66228307514558,-1.0,-1.089,sl,44
2024-12-23 20:30:00,2024-12-24 04:30:00,L,37.66,38.68,36.78410148242777,39.84974629393056,1.165,1.117,time,96
2024-12-24 04:35:00,2024-12-24 07:00:00,L,38.68,38.32094842118159,38.32094842118159,39.57762894704602,-1.0,-1.119,sl,29
2024-12-24 11:45:00,2024-12-24 16:15:00,L,39.3,41.58679764275355,38.385280942898575,41.58679764275355,2.5,2.453,tp,54
2024-12-24 16:20:00,2024-12-25 00:20:00,L,41.66,41.015,40.182250053805234,45.3543748654869,-0.436,-0.467,time,96
2024-12-26 04:05:00,2024-12-26 08:15:00,S,39.325,38.226043367077736,39.76458265316891,38.226043367077736,2.5,2.402,tp,50
2024-12-26 08:20:00,2024-12-26 16:20:00,S,38.16,37.625,38.983310884384714,36.101722789038206,0.65,0.599,time,96
2024-12-26 21:15:00,2024-12-26 22:05:00,S,37.15,37.56395514774836,37.56395514774836,36.1151121306291,-1.0,-1.099,sl,10
2024-12-27 05:15:00,2024-12-27 06:40:00,S,37.21,37.86298592859931,37.86298592859931,35.57753517850173,-1.0,-1.063,sl,17
2024-12-27 07:40:00,2024-12-27 09:00:00,S,37.11,38.10290730303406,38.10290730303406,34.62773174241485,-1.0,-1.041,sl,16
2024-12-27 09:05:00,2024-12-27 14:45:00,L,38.12,37.13848505917265,37.13848505917265,40.573787352068365,-1.0,-1.043,sl,68
2024-12-27 14:50:00,2024-12-27 22:50:00,S,37.185,36.4,38.114228504572694,34.861928738568274,0.845,0.801,time,96
2024-12-27 22:55:00,2024-12-28 05:00:00,S,36.4,36.84162212498751,36.84162212498751,35.29594468753122,-1.0,-1.091,sl,73
2024-12-28 06:50:00,2024-12-28 13:35:00,S,36.535,36.98969541938339,36.98969541938339,35.398261451541515,-1.0,-1.088,sl,81
2024-12-28 17:05:00,2024-12-29 01:05:00,L,37.47,37.355,36.94100170028062,38.79249574929844,-0.217,-0.295,time,96
2024-12-29 01:20:00,2024-12-29 07:45:00,S,37.28,37.62622101708525,37.62622101708525,36.41444745728688,-1.0,-1.118,sl,77
2024-12-29 07:50:00,2024-12-29 09:00:00,L,37.58,37.24546273334118,37.24546273334118,38.41634316664705,-1.0,-1.124,sl,14
2024-12-29 11:30:00,2024-12-29 16:15:00,S,37.105,36.25926210112901,37.44329515954839,36.25926210112901,2.5,2.379,tp,57
2024-12-29 16:20:00,2024-12-30 00:20:00,S,36.28,36.09,36.75171308646357,35.100717283841085,0.403,0.318,time,96
2024-12-30 04:50:00,2024-12-30 06:15:00,S,36.23,36.64114472802032,36.64114472802032,35.20213817994919,-1.0,-1.097,sl,17
2024-12-30 06:25:00,2024-12-30 13:30:00,L,36.945,36.05783193562599,36.05783193562599,39.16292016093502,-1.0,-1.046,sl,85
2024-12-30 13:35:00,2024-12-30 20:00:00,S,36.015,37.02072288622605,37.02072288622605,33.50069278443489,-1.0,-1.039,sl,77
2024-12-30 20:05:00,2024-12-30 21:30:00,L,36.95,36.53709096644982,36.53709096644982,37.98227258387547,-1.0,-1.098,sl,17
2024-12-30 21:40:00,2024-12-31 05:40:00,S,36.16,35.19,36.93050857325141,34.23372856687146,1.259,1.207,time,96
2024-12-31 09:40:00,2024-12-31 17:35:00,L,36.34,35.77421434842949,35.77421434842949,37.75446412892629,-1.0,-1.071,sl,95
2024-12-31 17:40:00,2025-01-01 01:40:00,S,35.7,35.855,36.752547027840656,33.06863243039837,-0.147,-0.185,time,96
2025-01-01 04:10:00,2025-01-01 12:10:00,S,35.505,35.54,35.76716837202217,34.84957906994458,-0.134,-0.282,time,96
2025-01-01 12:25:00,2025-01-01 19:00:00,L,35.74,36.9301080013539,35.26395679945844,36.9301080013539,2.5,2.417,tp,79
2025-01-01 19:05:00,2025-01-02 03:05:00,L,36.98,38.41,36.12041024999877,39.12897437500307,1.664,1.616,time,96
2025-01-02 04:20:00,2025-01-02 04:40:00,L,38.605,39.19141571171996,38.37043371531201,39.19141571171996,2.5,2.319,tp,4
2025-01-02 04:45:00,2025-01-02 12:45:00,L,39.115,39.98,38.431673005378556,40.82331748655362,1.266,1.203,time,96
2025-01-03 01:55:00,2025-01-03 09:55:00,L,39.41,40.6,38.87057415197277,40.75856462006807,2.206,2.126,time,96
2025-01-03 10:10:00,2025-01-03 14:35:00,L,40.62,41.62031989190535,40.21987204323786,41.62031989190535,2.5,2.388,tp,53
2025-01-03 14:40:00,2025-01-03 22:40:00,L,41.6,41.905,40.91935926974835,43.301601825629135,0.448,0.381,time,96
2025-01-04 02:00:00,2025-01-04 09:45:00,L,42.1,41.44070741289304,41.44070741289304,43.748231467767404,-1.0,-1.07,sl,93
2025-01-04 12:30:00,2025-01-04 15:30:00,L,41.715,41.28842555298489,41.28842555298489,42.78143611753779,-1.0,-1.108,sl,36
2025-01-04 19:35:00,2025-01-05 03:35:00,L,41.865,42.165,41.418044085499034,42.982389786252426,0.671,0.568,time,96
2025-01-05 04:30:00,2025-01-05 08:05:00,L,42.635,41.9603782895217,41.9603782895217,44.32155427619574,-1.0,-1.07,sl,43
2025-01-05 18:50:00,2025-01-06 02:00:00,L,42.13,43.256805069472605,41.67927797221096,43.256805069472605,2.5,2.397,tp,86
2025-01-06 02:05:00,2025-01-06 10:05:00,L,43.225,43.6,41.97830928343153,46.34172679142118,0.301,0.263,time,96
2025-01-06 11:25:00,2025-01-06 14:15:00,L,44.37,43.54941348554448,43.54941348554448,46.421466286138795,-1.0,-1.059,sl,34
2025-01-06 15:10:00,2025-01-06 23:10:00,L,44.62,43.725,43.33423242175737,47.834418945606565,-0.696,-0.734,time,96
2025-01-07 00:20:00,2025-01-07 02:25:00,L,44.42,43.689235778317894,43.689235778317894,46.24691055420527,-1.0,-1.067,sl,25
2025-01-07 07:05:00,2025-01-07 07:20:00,L,44.1,43.82902680868245,43.82902680868245,44.77743297829388,-1.0,-1.179,sl,3
2025-01-07 11:25:00,2025-01-07 14:30:00,S,43.43,42.76797518871739,43.694809924513045,42.76797518871739,2.5,2.32,tp,37
2025-01-07 14:35:00,2025-01-07 15:05:00,S,42.775,41.76228932465129,43.18008427013948,41.76228932465129,2.5,2.384,tp,6
2025-01-07 15:10:00,2025-01-07 23:10:00,S,41.4,39.425,43.19519171343264,36.91202071641839,1.1,1.075,time,96
2025-01-07 23:50:00,2025-01-08 00:40:00,S,39.31,39.82456939556775,39.82456939556775,38.023576511080634,-1.0,-1.084,sl,10
2025-01-08 01:55:00,2025-01-08 09:55:00,S,39.15,38.385,39.859134788605104,37.37716302848723,1.079,1.018,time,96
2025-01-08 11:15:00,2025-01-08 17:10:00,S,38.265,36.948673577871446,38.79153056885142,36.948673577871446,2.5,2.42,tp,71
2025-01-08 17:15:00,2025-01-09 01:15:00,S,36.705,37.71,38.23846707990297,32.87133230024257,-0.655,-0.682,time,96
2025-01-09 02:10:00,2025-01-09 10:10:00,S,37.085,36.745,37.93191608646449,34.96770978383878,0.401,0.353,time,96
2025-01-09 13:50:00,2025-01-09 15:25:00,S,35.875,36.77029890365644,36.77029890365644,33.6367527408589,-1.0,-1.044,sl,19
2025-01-09 19:45:00,2025-01-10 02:00:00,S,36.045,36.712461030758035,36.712461030758035,34.37634742310492,-1.0,-1.059,sl,75
2025-01-10 07:05:00,2025-01-10 13:30:00,L,37.245,36.931850867399994,36.931850867399994,38.027872831500005,-1.0,-1.131,sl,77
2025-01-10 13:35:00,2025-01-10 21:35:00,S,36.755,36.705,37.749084174131546,34.26978956467114,0.05,0.01,time,96
2025-01-11 02:25:00,2025-01-11 06:00:00,S,36.24,36.539732873332426,36.539732873332426,35.490667816668946,-1.0,-1.133,sl,43
2025-01-11 08:55:00,2025-01-11 10:45:00,S,36.185,36.59960780470913,36.59960780470913,35.14848048822718,-1.0,-1.096,sl,22
2025-01-11 13:40:00,2025-01-11 20:35:00,S,36.3,36.70445420185039,36.70445420185039,35.288864495374014,-1.0,-1.099,sl,83
2025-01-11 20:50:00,2025-01-12 04:50:00,L,36.97,37.07,36.28237998057125,38.68905004857187,0.145,0.086,time,96
2025-01-12 07:00:00,2025-01-12 13:45:00,S,36.655,37.06372643120455,37.06372643120455,35.63318392198863,-1.0,-1.099,sl,81
2025-01-12 13:50:00,2025-01-12 20:45:00,L,37.1,36.67503155453296,36.67503155453296,38.16242111366761,-1.0,-1.096,sl,83
2025-01-12 20:50:00,2025-01-13 00:25:00,S,36.66,36.963098652215436,36.963098652215436,35.9022533694614,-1.0,-1.133,sl,43
2025-01-13 00:30:00,2025-01-13 02:00:00,L,36.93,36.25496642088061,36.25496642088061,38.617583947798465,-1.0,-1.06,sl,18
2025-01-13 02:10:00,2025-01-13 10:10:00,S,36.115,34.19,36.93787217344808,34.05781956637981,2.339,2.291,time,96
2025-01-13 10:25:00,2025-01-13 15:15:00,S,34.005,34.5923551490833,34.5923551490833,32.53661212729175,-1.0,-1.064,sl,58
2025-01-13 18:20:00,2025-01-13 20:35:00,S,33.34,34.01176637906212,34.01176637906212,31.66058405234472,-1.0,-1.055,sl,27
2025-01-14 04:55:00,2025-01-14 12:55:00,L,35.495,35.7,35.13682007055874,36.390449823603134,0.572,0.463,time,96
2025-01-14 14:35:00,2025-01-14 22:35:00,L,36.315,36.595,35.719099693776094,37.80475076555976,0.47,0.403,time,96
2025-01-14 23:00:00,2025-01-15 07:00:00,L,36.575,36.985,36.22298029195455,37.45504927011363,1.165,1.05,time,96
2025-01-15 07:15:00,2025-01-15 09:45:00,L,37.105,36.6716163753973,36.6716163753973,38.18845906150674,-1.0,-1.094,sl,30
2025-01-15 13:25:00,2025-01-15 13:50:00,L,37.315,38.91978632125824,36.6730854714967,38.91978632125824,2.5,2.436,tp,5
2025-01-15 13:55:00,2025-01-15 21:55:00,L,38.915,39.12,36.729276372243795,44.37930906939051,0.094,0.074,time,96
2025-01-15 23:50:00,2025-01-16 00:35:00,L,39.78,39.273641212125064,39.273641212125064,41.04589696968735,-1.0,-1.086,sl,9
2025-01-16 11:55:00,2025-01-16 19:55:00,L,39.295,40.225,38.38416225473923,41.57209436315193,1.021,0.974,time,96
2025-01-16 20:05:00,2025-01-16 22:30:00,L,40.16,39.67560065059851,39.67560065059851,41.37099837350371,-1.0,-1.091,sl,29
2025-01-17 00:10:00,2025-01-17 07:40:00,L,40.15,41.52240447344285,39.60103821062286,41.52240447344285,2.5,2.42,tp,90
2025-01-17 07:45:00,2025-01-17 13:35:00,L,41.585,40.77668469664817,40.77668469664817,43.60578825837958,-1.0,-1.057,sl,70
2025-01-17 20:30:00,2025-01-18 03:35:00,L,41.455,40.8027017746691,40.8027017746691,43.08574556332724,-1.0,-1.07,sl,85
2025-01-18 05:15:00,2025-01-18 13:15:00,S,40.28,39.01,41.02503565823061,38.41741085442349,1.705,1.645,time,96
2025-01-18 16:20:00,2025-01-19 00:20:00,S,38.595,39.295,39.55914152069151,36.18464619827122,-0.726,-0.77,time,96
2025-01-19 01:15:00,2025-01-19 05:15:00,L,39.555,39.0287796124955,39.0287796124955,40.87055096876125,-1.0,-1.083,sl,48
2025-01-19 05:20:00,2025-01-19 08:20:00,S,39.11,37.79336467641914,39.636654129432344,37.79336467641914,2.5,2.418,tp,36
2025-01-19 08:25:00,2025-01-19 15:05:00,S,37.93,38.819144233554226,38.819144233554226,35.70713941611443,-1.0,-1.047,sl,80
2025-01-19 21:05:00,2025-01-19 22:45:00,S,38.135,35.8841663665639,39.035333453374434,35.8841663665639,2.5,2.453,tp,20
2025-01-19 22:50:00,2025-01-20 06:45:00,S,35.745,37.39896912141522,37.39896912141522,31.61007719646194,-1.0,-1.024,sl,95
2025-01-20 07:05:00,2025-01-20 15:05:00,L,38.71,37.995,35.78153206604082,46.03116983489796,-0.244,-0.259,time,96
2025-01-20 16:15:00,2025-01-21 00:15:00,S,36.93,35.7,38.13874861030145,33.90812847424638,1.018,0.984,time,96
2025-01-21 00:30:00,2025-01-21 08:30:00,S,35.525,35.285,36.38231414667684,33.381714633307894,0.28,0.234,time,96
2025-01-21 14:45:00,2025-01-21 16:10:00,S,36.31,36.813450088943085,36.813450088943085,35.051374777642295,-1.0,-1.079,sl,17
2025-01-21 18:00:00,2025-01-22 02:00:00,L,37.15,36.72,36.30319056616003,39.26702358459991,-0.508,-0.556,time,96
2025-01-22 03:45:00,2025-01-22 04:40:00,L,37.27,36.931188426847754,36.931188426847754,38.11702893288063,-1.0,-1.121,sl,11
2025-01-22 05:10:00,2025-01-22 06:00:00,L,37.335,36.88295835650637,36.88295835650637,38.465104108734074,-1.0,-1.091,sl,10
2025-01-22 08:15:00,2025-01-22 10:50:00,S,36.75,37.05609518687267,37.05609518687267,35.98476203281833,-1.0,-1.132,sl,31
2025-01-22 10:55:00,2025-01-22 14:00:00,L,37.09,36.60454476515871,36.60454476515871,38.303638087103245,-1.0,-1.084,sl,37
2025-01-23 01:50:00,2025-01-23 09:50:00,S,36.185,35.015,36.735703725824294,34.80824068543927,2.125,2.052,time,96
2025-01-23 09:55:00,2025-01-23 13:45:00,S,35.015,35.41736326434106,35.41736326434106,34.009091839147345,-1.0,-1.096,sl,46
2025-01-23 19:05:00,2025-01-24 03:05:00,S,35.155,34.87,35.97886425384909,33.095339365377285,0.346,0.299,time,96
2025-01-24 03:25:00,2025-01-24 03:30:00,S,34.54,35.04121846232511,35.04121846232511,33.28695384418722,-1.0,-1.076,sl,1
2025-01-24 05:10:00,2025-01-24 13:10:00,L,35.6,36.425,34.784074900658176,37.639812748354565,1.011,0.963,time,96
2025-01-24 18:30:00,2025-01-24 19:55:00,L,36.715,36.22189380568106,36.22189380568106,37.947765485797355,-1.0,-1.082,sl,17
2025-01-24 20:25:00,2025-01-25 04:25:00,S,35.995,35.735,36.69307947325415,34.24980131686461,0.372,0.316,time,96
2025-01-25 06:50:00,2025-01-25 14:50:00,S,35.375,35.28,35.67889789641328,34.6152552589668,0.313,0.185,time,96
2025-01-25 15:15:00,2025-01-25 16:15:00,L,35.65,37.00303419051555,35.10878632379378,37.00303419051555,2.5,2.428,tp,12
2025-01-25 16:20:00,2025-01-26 00:20:00,L,36.775,36.78,35.561135679815536,39.80966080046116,0.004,-0.029,time,96
2025-01-26 01:30:00,2025-01-26 09:30:00,L,37.2,37.24,36.742217971438116,38.344455071404724,0.087,-0.002,time,96
2025-01-26 12:40:00,2025-01-26 14:10:00,L,37.67,37.43059525412003,37.43059525412003,38.26851186469993,-1.0,-1.173,sl,18
2025-01-26 17:30:00,2025-01-26 21:30:00,L,37.605,37.28705491606304,37.28705491606304,38.39986270984238,-1.0,-1.13,sl,48
2025-01-26 23:05:00,2025-01-26 23:50:00,S,36.84,35.80899513071816,37.25240194771274,35.80899513071816,2.5,2.402,tp,9
2025-01-26 23:55:00,2025-01-27 07:55:00,S,35.885,33.79,37.20766451436702,32.57833871408245,1.584,1.554,time,96
2025-01-27 12:25:00,2025-01-27 12:50:00,S,32.95,33.50992100953809,33.50992100953809,31.550197476154786,-1.0,-1.065,sl,5
2025-01-27 18:30:00,2025-01-27 20:20:00,S,33.12,33.5929530251271,33.5929530251271,31.937617437182237,-1.0,-1.077,sl,22
2025-01-28 01:10:00,2025-01-28 09:10:00,S,33.715,33.97,34.517162523386794,31.709593691533026,-0.318,-0.364,time,96
2025-01-28 09:30:00,2025-01-28 15:30:00,S,33.8,34.15591327919552,34.15591327919552,32.9102168020112,-1.0,-1.104,sl,72
2025-01-28 16:10:00,2025-01-29 00:10:00,S,33.445,32.36,34.20449867944752,31.546253301381206,1.429,1.38,time,96
2025-01-29 10:05:00,2025-01-29 10:20:00,S,33.085,33.349104998572734,33.349104998572734,32.42473750356817,-1.0,-1.138,sl,3
2025-01-29 12:40:00,2025-01-29 19:15:00,S,32.95,31.967429907933326,33.343028036826674,31.967429907933326,2.5,2.408,tp,79
2025-01-29 19:20:00,2025-01-29 19:40:00,S,31.98,33.04007879686648,33.04007879686648,29.329803007833796,-1.0,-1.033,sl,4
2025-01-29 23:55:00,2025-01-30 01:25:00,S,32.75,33.27280841877788,33.27280841877788,31.442978953055306,-1.0,-1.069,sl,18
2025-01-30 02:35:00,2025-01-30 10:35:00,L,33.43,33.915,33.08688189984582,34.28779525038544,1.414,1.306,time,96
2025-01-30 10:50:00,2025-01-30 12:45:00,L,33.975,33.756521609925656,33.756521609925656,34.52119597518586,-1.0,-1.171,sl,23
2025-01-30 13:20:00,2025-01-30 21:20:00,L,34.105,34.41,33.73465243400475,35.03086891498811,0.824,0.722,time,96
2025-01-31 04:10:00,2025-01-31 05:15:00,S,33.905,34.07336318623816,34.07336318623816,33.4840920344046,-1.0,-1.222,sl,13
2025-01-31 05:55:00,2025-01-31 13:55:00,L,34.385,35.34,33.76589073493529,35.93277316266177,1.543,1.481,time,96
2025-01-31 14:25:00,2025-01-31 18:30:00,L,35.37,35.052897655491726,35.052897655491726,36.162755861270675,-1.0,-1.123,sl,49
2025-01-31 21:25:00,2025-01-31 22:35:00,S,34.17,34.54951358226406,34.54951358226406,33.221216044339855,-1.0,-1.099,sl,14
2025-02-01 01:30:00,2025-02-01 08:25:00,L,34.85,34.26592905235676,34.26592905235676,36.310177369108104,-1.0,-1.066,sl,83
2025-02-01 08:30:00,2025-02-01 11:00:00,S,34.25,33.59200028807329,34.513199884770685,33.59200028807329,2.5,2.357,tp,30
2025-02-01 11:05:00,2025-02-01 12:30:00,S,33.625,33.96564140139076,33.96564140139076,32.77339649652309,-1.0,-1.109,sl,17
2025-02-01 14:05:00,2025-02-01 19:20:00,S,33.735,33.108796949829994,33.985481220068,33.108796949829994,2.5,2.352,tp,63
2025-02-01 19:25:00,2025-02-02 03:10:00,S,33.065,31.42296803417702,33.72181278632919,31.42296803417702,2.5,2.445,tp,93
2025-02-02 03:15:00,2025-02-02 11:15:00,S,31.37,30.96,32.283556509438256,29.086108726404362,0.449,0.411,time,96
2025-02-02 11:40:00,2025-02-02 17:25:00,S,30.645,29.122692954592786,31.253922818162884,29.122692954592786,2.5,2.445,tp,69
2025-02-02 17:30:00,2025-02-02 22:40:00,S,29.21,26.035713280822442,30.479714687671024,26.035713280822442,2.5,2.475,tp,62
2025-02-02 22:45:00,2025-02-03 02:05:00,S,26.62,22.281809075266416,28.355276369893435,22.281809075266416,2.5,2.483,tp,40
2025-02-03 02:10:00,2025-02-03 10:10:00,S,22.295,24.89,26.91639240696226,10.741518982594357,-0.562,-0.567,time,96
2025-02-03 14:05:00,2025-02-03 14:30:00,S,24.585,25.278820312101782,25.278820312101782,22.85044921974555,-1.0,-1.039,sl,5
2025-02-03 21:40:00,2025-02-04 05:00:00,L,28.075,27.15458133926194,27.15458133926194,30.376046651845144,-1.0,-1.034,sl,88
2025-02-04 05:05:00,2025-02-04 13:05:00,S,27.065,26.99,27.776655625505256,25.285860936236865,0.105,0.064,time,96
2025-02-04 20:00:00,2025-02-05 04:00:00,S,26.785,26.69,27.955513146529817,23.858717133675455,0.081,0.056,time,96
2025-02-05 11:05:00,2025-02-05 14:55:00,L,27.07,26.698148840106978,26.698148840106978,27.99962789973256,-1.0,-1.08,sl,46
2025-02-05 15:05:00,2025-02-05 23:05:00,S,26.5,25.925,27.163239025304282,24.841902436739296,0.867,0.823,time,96
2025-02-06 06:20:00,2025-02-06 11:30:00,L,26.495,26.165119870017293,26.165119870017293,27.31970032495677,-1.0,-1.088,sl,62
2025-02-06 11:35:00,2025-02-06 18:00:00,S,26.16,24.604246849993658,26.782301260002537,24.604246849993658,2.5,2.454,tp,77
2025-02-06 18:05:00,2025-02-07 02:05:00,S,24.775,25.085,25.217083336585322,23.66979165853669,-0.701,-0.763,time,96
2025-02-07 06:25:00,2025-02-07 07:15:00,S,24.735,24.98502110000879,24.98502110000879,24.10994724997802,-1.0,-1.109,sl,10
2025-02-07 13:45:00,2025-02-07 16:50:00,L,25.565,25.108126207299833,25.108126207299833,26.707184481750424,-1.0,-1.062,sl,37
2025-02-07 16:55:00,2025-02-07 22:00:00,S,25.13,23.715006294154122,25.69599748233835,23.715006294154122,2.5,2.451,tp,61
2025-02-07 22:05:00,2025-02-07 23:35:00,S,23.72,24.21507944305955,24.21507944305955,22.48230139235112,-1.0,-1.053,sl,18
2025-02-08 04:20:00,2025-02-08 07:45:00,S,24.2,24.410950973379553,24.410950973379553,23.672622566551116,-1.0,-1.126,sl,41
2025-02-08 11:05:00,2025-02-08 13:25:00,S,23.985,24.23759057055498,24.23759057055498,23.353523573612552,-1.0,-1.104,sl,28
2025-02-09 01:30:00,2025-02-09 08:55:00,L,24.76,25.467036964347198,24.477185214261123,25.467036964347198,2.5,2.404,tp,89
2025-02-09 09:00:00,2025-02-09 09:20:00,L,25.505,25.210265587676826,25.210265587676826,26.24183603080793,-1.0,-1.095,sl,4
2025-02-09 13:20:00,2025-02-09 15:20:00,S,24.835,25.104251116188127,25.104251116188127,24.161872209529683,-1.0,-1.101,sl,24
2025-02-09 15:25:00,2025-02-09 19:45:00,L,25.19,24.63371861134924,24.63371861134924,26.5807034716269,-1.0,-1.05,sl,52
2025-02-09 19:50:00,2025-02-09 20:35:00,S,24.69,24.993089325694307,24.993089325694307,23.932276685764236,-1.0,-1.09,sl,9
2025-02-09 21:30:00,2025-02-09 22:00:00,S,24.65,23.661880210385846,25.04524791584566,23.661880210385846,2.5,2.431,tp,6
2025-02-09 22:05:00,2025-02-10 00:00:00,S,23.785,24.98475039816607,24.98475039816607,20.785624004584825,-1.0,-1.022,sl,23
2025-02-10 00:05:00,2025-02-10 01:40:00,L,25.07,24.41091740759131,24.41091740759131,26.71770648102173,-1.0,-1.042,sl,19
2025-02-10 02:05:00,2025-02-10 03:35:00,S,24.075,25.090366350630294,25.090366350630294,21.536584123424262,-1.0,-1.026,sl,18
2025-02-10 04:20:00,2025-02-10 12:20:00,L,25.11,25.375,24.102747730221513,27.62813067444622,0.263,0.236,time,96
2025-02-10 13:45:00,2025-02-10 21:45:00,L,25.595,25.39,25.154001555047806,26.69749611238048,-0.465,-0.529,time,96
2025-02-11 00:15:00,2025-02-11 04:55:00,L,25.735,26.53092505736568,25.416629977053727,26.53092505736568,2.5,2.411,tp,56
2025-02-11 05:00:00,2025-02-11 13:00:00,L,26.53,26.47,26.06905026894866,27.682374327628352,-0.13,-0.193,time,96
2025-02-11 17:40:00,2025-02-12 01:40:00,S,25.59,25.41,25.990839030740762,24.587902423148094,0.449,0.379,time,96
2025-02-12 03:10:00,2025-02-12 11:10:00,S,25.045,25.145,25.461192330975067,24.00451917256234,-0.24,-0.306,time,96
2025-02-12 13:35:00,2025-02-12 17:00:00,S,24.63,25.69427876232692,25.69427876232692,21.969303094182695,-1.0,-1.025,sl,41
2025-02-12 17:05:00,2025-02-13 01:05:00,L,25.58,26.48,24.647061426966044,27.912346432584883,0.965,0.935,time,96
2025-02-13 06:35:00,2025-02-13 14:35:00,S,25.725,25.18,26.023332857888775,24.979167855278067,1.827,1.732,time,96
2025-02-14 02:10:00,2025-02-14 10:10:00,L,25.76,26.315,25.359817228474515,26.760456928813717,1.387,1.316,time,96
2025-02-14 14:10:00,2025-02-14 17:45:00,L,26.205,27.03205393475138,25.874178426099444,27.03205393475138,2.5,2.413,tp,43
2025-02-14 17:50:00,2025-02-14 19:50:00,L,27.19,26.490542255661094,26.490542255661094,28.93864436084727,-1.0,-1.043,sl,24
2025-02-15 01:30:00,2025-02-15 09:30:00,L,26.61,26.18784972876779,26.18784972876779,27.665375678080522,-1.0,-1.069,sl,96
2025-02-15 11:25:00,2025-02-15 19:25:00,S,26.02,25.78,26.28732399359949,25.351690016001275,0.898,0.791,time,96
2025-02-15 20:00:00,2025-02-16 04:00:00,S,25.545,25.5,25.850355859303384,24.781610351741545,0.147,0.055,time,96
2025-02-16 07:10:00,2025-02-16 15:10:00,S,25.265,25.105,25.4761686390375,24.737078402406254,0.758,0.626,time,96
2025-02-16 18:00:00,2025-02-17 02:00:00,S,24.985,25.175,25.226265362979756,24.381836592550606,-0.788,-0.901,time,96
2025-02-17 04:20:00,2025-02-17 06:00:00,S,24.845,25.046398712112406,25.046398712112406,24.34150321971898,-1.0,-1.136,sl,20
2025-02-17 09:10:00,2025-02-17 16:25:00,L,25.235,24.81527795169599,24.81527795169599,26.284305120760024,-1.0,-1.066,sl,87
2025-02-17 16:30:00,2025-02-18 00:30:00,S,24.85,24.87,25.68691418279901,22.75771454300248,-0.024,-0.057,time,96
2025-02-18 00:40:00,2025-02-18 06:00:00,S,24.805,24.021114732448837,25.118554107020465,24.021114732448837,2.5,2.413,tp,64
2025-02-18 06:05:00,2025-02-18 14:05:00,S,23.9,24.095,24.567148011332982,22.23212997166754,-0.292,-0.332,time,96
2025-02-18 15:20:00,2025-02-18 23:20:00,S,23.55,23.43,24.315572529050876,21.636068677372812,0.157,0.123,time,96
2025-02-19 01:15:00,2025-02-19 02:50:00,S,23.19,23.582458714266117,23.582458714266117,22.20885321433471,-1.0,-1.065,sl,19
2025-02-19 05:00:00,2025-02-19 07:05:00,S,23.0,23.53838411509514,23.53838411509514,21.654039712262147,-1.0,-1.047,sl,25
2025-02-19 13:00:00,2025-02-19 21:00:00,S,23.65,23.555,24.012210426281413,22.74447393429646,0.262,0.19,time,96
2025-02-19 22:15:00,2025-02-19 23:00:00,S,23.43,23.76783642705794,23.76783642705794,22.58540893235515,-1.0,-1.076,sl,9
2025-02-20 00:45:00,2025-02-20 08:45:00,L,23.91,24.08,23.6774301398683,24.49142465032925,0.731,0.618,time,96
2025-02-20 09:15:00,2025-02-20 14:05:00,L,24.2,24.801387448639282,23.959445020544287,24.801387448639282,2.5,2.389,tp,58
2025-02-20 14:10:00,2025-02-20 14:55:00,L,24.85,24.47466698526102,24.47466698526102,25.788332536847456,-1.0,-1.073,sl,9
2025-02-20 18:05:00,2025-02-21 02:05:00,L,24.93,24.91,24.436130974461292,26.164672563846768,-0.04,-0.096,time,96
2025-02-21 04:45:00,2025-02-21 09:15:00,L,25.085,25.775962332634567,24.808615066946174,25.775962332634567,2.5,2.4,tp,54
2025-02-21 09:20:00,2025-02-21 15:40:00,L,25.85,25.134260607939037,25.134260607939037,27.639348480152414,-1.0,-1.04,sl,76
2025-02-21 17:35:00,2025-02-22 01:35:00,S,24.96,25.3,25.70873510739881,23.08816223150298,-0.454,-0.491,time,96
2025-02-22 09:20:00,2025-02-22 17:20:00,L,25.24,25.885,24.881276635052746,26.13680841236813,1.798,1.721,time,96
2025-02-22 17:35:00,2025-02-23 00:25:00,L,26.0,25.696097566681527,25.696097566681527,26.759756083296182,-1.0,-1.094,sl,82
2025-02-23 07:35:00,2025-02-23 09:05:00,L,25.825,25.55894960800141,25.55894960800141,26.490125979996474,-1.0,-1.107,sl,18
2025-02-23 11:05:00,2025-02-23 11:45:00,S,25.36,25.147419682313576,25.44503212707457,25.147419682313576,2.5,2.172,tp,8
2025-02-23 11:50:00,2025-02-23 17:05:00,S,25.15,24.410867809655212,25.445652876137913,24.410867809655212,2.5,2.406,tp,63
2025-02-23 17:10:00,2025-02-23 17:50:00,S,24.44,24.682905327667868,24.682905327667868,23.832736680830337,-1.0,-1.111,sl,8
2025-02-24 01:45:00,2025-02-24 09:45:00,S,24.55,23.79,25.03572715585988,23.335682110350298,1.565,1.509,time,96
2025-02-24 10:35:00,2025-02-24 18:35:00,S,23.475,23.25,24.046337453767954,22.04665636558012,0.394,0.349,time,96
2025-02-24 19:35:00,2025-02-24 22:00:00,S,23.005,22.27877332165781,23.295490671336875,22.27877332165781,2.5,2.413,tp,29
2025-02-24 22:05:00,2025-02-25 06:05:00,S,22.27,21.675,23.196165138468615,19.954587153828463,0.642,0.616,time,96
2025-02-25 07:10:00,2025-02-25 15:10:00,S,21.115,20.71,21.78606144191732,19.437346395206696,0.604,0.569,time,96
2025-02-26 00:55:00,2025-02-26 01:55:00,S,21.62,21.988280237121565,21.988280237121565,20.699299407196094,-1.0,-1.065,sl,12
2025-02-26 09:40:00,2025-02-26 12:20:00,L,22.365,21.90624740443545,21.90624740443545,23.511881488911367,-1.0,-1.054,sl,32
2025-02-26 12:25:00,2025-02-26 16:30:00,S,21.91,22.419868629211695,22.419868629211695,20.635328426970762,-1.0,-1.047,sl,49
2025-02-26 18:30:00,2025-02-26 22:00:00,S,21.43,22.216068686237662,22.216068686237662,19.464828284405844,-1.0,-1.03,sl,42
2025-02-27 05:55:00,2025-02-27 07:35:00,L,22.515,23.14787321123351,22.261850715506597,23.14787321123351,2.5,2.402,tp,20
2025-02-27 07:40:00,2025-02-27 15:00:00,L,23.1,22.64009894143873,22.64009894143873,24.24975264640318,-1.0,-1.055,sl,88
2025-02-27 19:40:00,2025-02-28 01:50:00,S,22.26,21.121122184954118,22.715551126018354,21.121122184954118,2.5,2.446,tp,74
2025-02-28 01:55:00,2025-02-28 09:55:00,S,21.115,21.425,22.19649977312196,18.411250567195093,-0.287,-0.308,time,96
2025-02-28 16:45:00,2025-03-01 00:45:00,L,21.93,22.11,21.50720678492529,22.98698303768677,0.426,0.369,time,96
2025-03-01 01:55:00,2025-03-01 06:30:00,L,22.415,22.000539190802144,22.000539190802144,23.451152022994638,-1.0,-1.059,sl,55
2025-03-01 07:10:00,2025-03-01 12:25:00,S,21.97,21.354811430852248,22.2160754276591,21.354811430852248,2.5,2.402,tp,63
2025-03-01 12:30:00,2025-03-01 18:45:00,S,21.355,21.553083597234913,21.553083597234913,20.85979100691272,-1.0,-1.119,sl,75
2025-03-01 21:35:00,2025-03-02 05:35:00,L,21.76,22.025,21.53287722659652,22.32780693350871,1.167,1.061,time,96
2025-03-02 14:10:00,2025-03-02 15:25:00,S,21.85,22.030631642265682,22.030631642265682,21.3984208943358,-1.0,-1.133,sl,15
2025-03-02 15:30:00,2025-03-02 16:35:00,L,22.25,24.009954737736564,21.546018104905375,24.009954737736564,2.5,2.465,tp,13
2025-03-02 16:40:00,2025-03-03 00:40:00,L,24.485,24.99,22.238559188425086,30.101102028937284,0.225,0.213,time,96
2025-03-03 04:50:00,2025-03-03 06:25:00,L,24.645,24.26013010796233,24.26013010796233,25.607174730094176,-1.0,-1.07,sl,19
2025-03-03 13:45:00,2025-03-03 14:20:00,L,23.955,23.50721727273616,23.50721727273616,25.074456818159597,-1.0,-1.059,sl,7
2025-03-03 15:00:00,2025-03-03 21:55:00,S,22.98,20.575587958466947,23.941764816613222,20.575587958466947,2.5,2.474,tp,83
2025-03-03 22:00:00,2025-03-04 06:00:00,S,20.63,20.165,21.310669553627264,18.92832611593184,0.683,0.65,time,96
2025-03-04 13:25:00,2025-03-04 14:35:00,S,19.555,20.058867069528684,20.058867069528684,18.29533232617829,-1.0,-1.043,sl,14
2025-03-04 16:40:00,2025-03-04 17:25:00,S,19.075,19.99899220958223,19.99899220958223,16.765019476044422,-1.0,-1.023,sl,9
2025-03-05 00:35:00,2025-03-05 01:35:00,S,19.84,20.074712380105797,20.074712380105797,19.253219049735506,-1.0,-1.093,sl,12
2025-03-05 04:35:00,2025-03-05 06:55:00,S,19.745,20.094096579630392,20.094096579630392,18.872258550924023,-1.0,-1.062,sl,28
2025-03-05 09:05:00,2025-03-05 16:25:00,L,20.52,20.11542343855667,20.11542343855667,21.53144140360832,-1.0,-1.056,sl,88
2025-03-05 16:30:00,2025-03-05 17:10:00,S,20.165,20.600055186768486,20.600055186768486,19.07736203307878,-1.0,-1.051,sl,8
2025-03-05 19:15:00,2025-03-06 03:15:00,L,21.035,22.245,20.42753734563048,22.5536566359238,1.992,1.954,time,96
2025-03-06 04:00:00,2025-03-06 06:40:00,L,22.36,21.971716575402183,21.971716575402183,23.33070856149454,-1.0,-1.063,sl,32
2025-03-06 10:30:00,2025-03-06 12:15:00,L,22.165,21.72386396096893,21.72386396096893,23.26784009757767,-1.0,-1.055,sl,21
2025-03-06 15:40:00,2025-03-06 17:35:00,L,22.035,21.172776809537684,21.172776809537684,24.19055797615579,-1.0,-1.028,sl,23
2025-03-06 17:40:00,2025-03-07 01:40:00,S,21.095,20.595,21.844779836495075,19.220550408762307,0.667,0.636,time,96
2025-03-07 12:45:00,2025-03-07 13:30:00,S,20.445,20.82057102487846,20.82057102487846,19.506072437803848,-1.0,-1.06,sl,9
2025-03-07 16:50:00,2025-03-07 18:35:00,S,20.16,20.896592047499837,20.896592047499837,18.31851988125041,-1.0,-1.03,sl,21
2025-03-07 18:40:00,2025-03-07 21:05:00,L,20.99,20.33445412907895,20.33445412907895,22.628864677302623,-1.0,-1.035,sl,29
2025-03-07 21:10:00,2025-03-08 05:10:00,S,20.205,19.915,20.976827747729143,18.275430630677135,0.376,0.347,time,96
2025-03-08 08:55:00,2025-03-08 13:25:00,S,19.66,19.84172163212058,19.84172163212058,19.20569591969855,-1.0,-1.119,sl,54
2025-03-08 19:30:00,2025-03-08 22:10:00,L,20.73,20.42213392481585,20.42213392481585,21.499665187960378,-1.0,-1.074,sl,32
2025-03-09 01:50:00,2025-03-09 09:50:00,S,20.37,19.96,20.63582794248182,19.70543014379545,1.542,1.458,time,96
2025-03-09 10:20:00,2025-03-09 13:50:00,S,19.875,19.40792089514541,20.061831641941836,19.40792089514541,2.5,2.383,tp,42
2025-03-09 13:55:00,2025-03-09 16:35:00,S,19.472,18.873233918747715,19.711506432500915,18.873233918747715,2.5,2.411,tp,32
2025-03-09 16:40:00,2025-03-09 18:15:00,S,18.918,17.79488866042442,19.36724453583023,17.79488866042442,2.5,2.454,tp,19
2025-03-09 18:20:00,2025-03-10 02:20:00,S,17.8,18.311,18.76975992378246,15.375600190543855,-0.527,-0.547,time,96
2025-03-10 13:55:00,2025-03-10 18:55:00,S,18.171,16.31158098402585,18.91476760638966,16.31158098402585,2.5,2.473,tp,60
2025-03-10 19:00:00,2025-03-11 03:00:00,S,16.242,16.426,17.131574508177074,14.018063729557317,-0.207,-0.227,time,96
2025-03-11 12:15:00,2025-03-11 13:25:00,S,17.043,17.45536949907331,17.45536949907331,16.012076252316724,-1.0,-1.045,sl,14
2025-03-11 14:30:00,2025-03-11 16:25:00,S,16.815,17.49143772863857,17.49143772863857,15.123905678403581,-1.0,-1.027,sl,23
2025-03-11 18:15:00,2025-03-12 02:15:00,L,17.649,17.637,16.92858011376813,19.450049715579674,-0.017,-0.044,time,96
2025-03-12 03:05:00,2025-03-12 08:10:00,S,17.31,17.72740361985716,17.72740361985716,16.266490950357095,-1.0,-1.046,sl,61
2025-03-12 08:15:00,2025-03-12 12:35:00,L,17.75,18.775625746075782,17.339749701569687,18.775625746075782,2.5,2.452,tp,52
2025-03-12 12:40:00,2025-03-12 14:30:00,L,18.514,18.036605952904978,18.036605952904978,19.707485117737555,-1.0,-1.043,sl,22
2025-03-12 18:55:00,2025-03-13 02:55:00,L,18.509,18.997,18.040079186573433,19.681302033566418,1.041,0.997,time,96
2025-03-13 09:40:00,2025-03-13 13:35:00,L,19.078,18.59169983523794,18.59169983523794,20.29375041190515,-1.0,-1.043,sl,47
2025-03-13 16:10:00,2025-03-13 21:10:00,S,18.339,17.865211439655795,18.52851542413768,17.865211439655795,2.5,2.394,tp,60
2025-03-13 21:15:00,2025-03-13 22:35:00,S,17.847,18.22018143780818,18.22018143780818,16.914046405479557,-1.0,-1.053,sl,16
2025-03-13 22:50:00,2025-03-14 06:50:00,L,18.371,18.553,17.899500783842292,19.549748040394263,0.386,0.343,time,96
2025-03-14 08:10:00,2025-03-14 16:10:00,L,18.749,18.905,18.467719835054254,19.452200412364363,0.555,0.481,time,96
2025-03-14 19:15:00,2025-03-14 20:15:00,L,19.204,18.766851362130545,18.766851362130545,20.29687159467364,-1.0,-1.048,sl,12
2025-03-14 23:50:00,2025-03-15 07:50:00,S,18.569,18.666,18.93777463238679,17.647063419033017,-0.263,-0.318,time,96
2025-03-15 20:20:00,2025-03-16 03:20:00,L,18.773,19.56931869550199,18.454472521799204,19.56931869550199,2.5,2.435,tp,84
2025-03-16 03:25:00,2025-03-16 10:00:00,L,19.595,18.97149626306972,18.97149626306972,21.153759342325692,-1.0,-1.035,sl,79
2025-03-16 10:05:00,2025-03-16 11:30:00,S,19.066,18.44175449492679,19.31569820202928,18.44175449492679,2.5,2.416,tp,17
2025-03-16 11:35:00,2025-03-16 16:05:00,S,18.463,18.84682400016183,18.84682400016183,17.503439999595425,-1.0,-1.053,sl,54
2025-03-16 19:20:00,2025-03-17 03:20:00,S,18.263,18.625,18.78130082634748,16.967247934131308,-0.698,-0.737,time,96
2025-03-17 05:20:00,2025-03-17 11:20:00,S,18.538,18.724845782082113,18.724845782082113,18.07088554479472,-1.0,-1.109,sl,72
2025-03-17 17:40:00,2025-03-18 01:40:00,L,18.701,18.574,18.360794061512667,19.551514846218332,-0.373,-0.434,time,96
2025-03-18 05:40:00,2025-03-18 06:40:00,L,18.922,18.552050031955964,18.552050031955964,19.84687492011009,-1.0,-1.056,sl,12
2025-03-18 08:35:00,2025-03-18 12:30:00,L,19.109,18.67682463101211,18.67682463101211,20.18943842246973,-1.0,-1.049,sl,47
2025-03-18 13:55:00,2025-03-18 21:55:00,S,18.463,18.506,18.80043099068357,17.619422523291078,-0.127,-0.188,time,96
2025-03-18 22:55:00,2025-03-19 06:55:00,L,18.771,19.149,18.435442026016624,19.609894934958444,1.126,1.065,time,96
2025-03-19 11:15:00,2025-03-19 19:15:00,L,19.417,19.87,19.00613117957348,20.444172051066307,1.103,1.051,time,96
2025-03-19 23:40:00,2025-03-20 00:45:00,L,19.686,19.482774579723547,19.482774579723547,20.194063550691133,-1.0,-1.107,sl,13
2025-03-20 06:45:00,2025-03-20 08:35:00,S,19.121,19.287988447960128,19.287988447960128,18.703528880099675,-1.0,-1.126,sl,22
2025-03-20 10:00:00,2025-03-20 16:40:00,S,19.085,18.49263972166259,19.321944111334965,18.49263972166259,2.5,2.411,tp,80
2025-03-20 16:45:00,2025-03-21 00:10:00,S,18.506,18.88293954474152,18.88293954474152,17.5636511381462,-1.0,-1.054,sl,89
2025-03-21 01:05:00,2025-03-21 07:20:00,L,19.009,18.70848795488753,18.70848795488753,19.760280112781174,-1.0,-1.07,sl,75
2025-03-21 07:25:00,2025-03-21 15:25:00,S,18.742,18.515,19.00774554019713,18.077636149507175,0.854,0.777,time,96
2025-03-21 19:30:00,2025-03-21 21:15:00,L,18.869,19.415731350666746,18.650307459733302,19.415731350666746,2.5,2.405,tp,21
2025-03-21 21:20:00,2025-03-22 05:20:00,L,19.39,19.443,18.901419046615008,20.611452383462485,0.108,0.065,time,96
2025-03-22 07:10:00,2025-03-22 07:55:00,L,19.444,19.335702986739303,19.335702986739303,19.71474253315174,-1.0,-1.197,sl,9
2025-03-22 09:25:00,2025-03-22 13:35:00,L,19.544,19.30690426856428,19.30690426856428,20.1367393285893,-1.0,-1.091,sl,50
2025-03-22 15:45:00,2025-03-22 23:45:00,L,19.473,19.384,19.25305508531656,20.022862286708595,-0.405,-0.502,time,96
2025-03-23 02:35:00,2025-03-23 10:35:00,L,19.646,19.501,19.448431133584982,20.139922166037547,-0.734,-0.843,time,96
2025-03-23 11:10:00,2025-03-23 13:05:00,L,19.682,19.46698702719017,19.46698702719017,20.219532432024565,-1.0,-1.101,sl,23
2025-03-23 22:20:00,2025-03-24 02:30:00,L,19.61,20.32738411588238,19.323046353647047,20.32738411588238,2.5,2.425,tp,50
2025-03-24 02:35:00,2025-03-24 03:35:00,L,20.265,21.03588818822042,19.956644724711833,21.03588818822042,2.5,2.428,tp,12
2025-03-24 03:40:00,2025-03-24 11:40:00,L,21.1,21.657,20.250807101350027,23.222982246624937,0.656,0.629,time,96
2025-03-24 13:00:00,2025-03-24 15:30:00,L,21.883,21.509505145441665,21.509505145441665,22.816737136395837,-1.0,-1.064,sl,30
2025-03-25 00:20:00,2025-03-25 08:20:00,L,21.585,21.95,21.257529037522225,22.40367740619444,1.115,1.042,time,96
2025-03-25 08:30:00,2025-03-25 12:20:00,L,21.913,22.392039496023184,21.721384201590727,22.392039496023184,2.5,2.374,tp,46
2025-03-25 12:25:00,2025-03-25 12:50:00,L,22.39,22.194499892780698,22.194499892780698,22.878750268048258,-1.0,-1.126,sl,5
2025-03-25 13:25:00,2025-03-25 20:15:00,L,22.455,23.297192883231943,22.11812284670722,23.297192883231943,2.5,2.427,tp,82
2025-03-25 20:20:00,2025-03-25 22:20:00,L,23.285,22.883827637009578,22.883827637009578,24.287930907476056,-1.0,-1.064,sl,24
2025-03-26 00:50:00,2025-03-26 02:30:00,L,23.175,22.81212599871505,22.81212599871505,24.082185003212377,-1.0,-1.07,sl,20
2025-03-26 08:05:00,2025-03-26 12:30:00,L,22.843,22.602057172741617,22.602057172741617,23.44535706814596,-1.0,-1.104,sl,53
2025-03-26 19:00:00,2025-03-26 20:05:00,S,21.965,22.149104125308906,22.149104125308906,21.504739686727735,-1.0,-1.131,sl,13
2025-03-27 02:55:00,2025-03-27 04:00:00,L,22.29,22.11170677440339,22.11170677440339,22.735733063991518,-1.0,-1.138,sl,13
2025-03-27 04:50:00,2025-03-27 12:50:00,S,22.031,21.956,22.23323092905255,21.525422677368624,0.371,0.251,time,96
2025-03-27 13:35:00,2025-03-27 14:30:00,S,21.719,22.04644375199248,22.04644375199248,20.900390620018804,-1.0,-1.073,sl,11
2025-03-27 14:35:00,2025-03-27 22:35:00,L,22.069,22.062,21.6057923099248,23.227019225187995,-0.015,-0.068,time,96
2025-03-28 02:55:00,2025-03-28 07:10:00,S,21.806,20.98959155609431,22.132563377562278,20.98959155609431,2.5,2.427,tp,51
2025-03-28 07:15:00,2025-03-28 11:25:00,S,20.982,20.18004918677949,21.302780325288204,20.18004918677949,2.5,2.428,tp,50
2025-03-28 11:30:00,2025-03-28 12:30:00,S,20.273,20.58840118065085,20.58840118065085,19.48449704837288,-1.0,-1.071,sl,12
2025-03-28 14:00:00,2025-03-28 22:00:00,S,20.14,20.223,20.457894524135288,19.345263689661785,-0.261,-0.331,time,96
2025-03-29 01:55:00,2025-03-29 03:40:00,S,20.248,20.4266083364761,20.4266083364761,19.801479158809755,-1.0,-1.125,sl,21
2025-03-29 06:20:00,2025-03-29 13:00:00,S,20.033,20.29218040943368,20.29218040943368,19.385048976415803,-1.0,-1.085,sl,80
2025-03-29 16:10:00,2025-03-29 23:00:00,S,19.934,19.439658845431197,20.131736461827522,19.439658845431197,2.5,2.389,tp,82
2025-03-29 23:05:00,2025-03-29 23:50:00,S,19.445,19.678211526177424,19.678211526177424,18.861971184556438,-1.0,-1.092,sl,9
2025-03-30 00:30:00,2025-03-30 01:00:00,S,19.435,19.70896055367459,19.70896055367459,18.75009861581352,-1.0,-1.078,sl,6
2025-03-30 05:55:00,2025-03-30 13:55:00,S,19.474,19.065,19.699418796482487,18.910453008793784,1.814,1.719,time,96
2025-03-30 14:05:00,2025-03-30 15:00:00,S,19.133,19.37842650133825,19.37842650133825,18.51943374665437,-1.0,-1.086,sl,11
2025-03-30 17:00:00,2025-03-31 01:00:00,S,19.03,18.762,19.39137549431749,18.12656126420628,0.742,0.684,time,96
2025-03-31 09:35:00,2025-03-31 11:50:00,S,18.267,18.66561961265504,18.66561961265504,17.2704509683624,-1.0,-1.05,sl,27
2025-03-31 17:50:00,2025-03-31 18:40:00,S,18.693,18.95371811459948,18.95371811459948,18.04120471350131,-1.0,-1.079,sl,10
2025-03-31 22:25:00,2025-03-31 23:15:00,S,18.613,18.831322931266993,18.831322931266993,18.067192671832515,-1.0,-1.094,sl,10
2025-04-01 02:45:00,2025-04-01 09:00:00,L,18.946,19.586679667801924,18.68972813287923,19.586679667801924,2.5,2.419,tp,75
2025-04-01 09:05:00,2025-04-01 14:10:00,L,19.599,19.099283908670866,19.099283908670866,20.848290228322835,-1.0,-1.043,sl,61
2025-04-01 15:00:00,2025-04-01 23:00:00,L,19.458,19.61,18.949804201149863,20.728489497125338,0.299,0.257,time,96
2025-04-01 23:35:00,2025-04-02 00:25:00,L,19.696,19.545213439326762,19.545213439326762,20.0729664016831,-1.0,-1.144,sl,10
2025-04-02 02:10:00,2025-04-02 07:30:00,S,19.256,19.532214648780553,19.532214648780553,18.56546337804862,-1.0,-1.077,sl,64
2025-04-02 12:10:00,2025-04-02 13:50:00,S,19.114,19.409018361131896,19.409018361131896,18.376454097170264,-1.0,-1.071,sl,20
2025-04-02 15:20:00,2025-04-02 20:10:00,L,19.458,19.06508471429979,19.06508471429979,20.440288214250522,-1.0,-1.054,sl,58
2025-04-02 20:20:00,2025-04-02 20:35:00,L,19.759,19.011985128153583,19.011985128153583,21.626537179616044,-1.0,-1.029,sl,3
2025-04-02 22:05:00,2025-04-03 06:05:00,S,18.713,18.689,19.393440956601594,17.011897608496017,0.035,0.005,time,96
2025-04-03 06:20:00,2025-04-03 11:00:00,S,18.637,17.9650013924727,18.90579944301092,17.9650013924727,2.5,2.424,tp,56
2025-04-03 11:05:00,2025-04-03 19:05:00,S,17.985,18.154,18.35720208487594,17.05449478781015,-0.454,-0.507,time,96
2025-04-04 07:10:00,2025-04-04 10:10:00,L,18.488,18.327162557222156,18.327162557222156,18.89009360694461,-1.0,-1.126,sl,36
2025-04-04 10:15:00,2025-04-04 18:15:00,S,18.298,18.058,18.60717987932212,17.52505030169469,0.776,0.711,time,96
2025-04-05 04:10:00,2025-04-05 04:25:00,S,18.089,18.17444067371179,18.17444067371179,17.875398315720524,-1.0,-1.233,sl,3
2025-04-05 09:15:00,2025-04-05 12:45:00,L,18.258,18.11502672279321,18.11502672279321,18.61543319301697,-1.0,-1.14,sl,42
2025-04-05 12:50:00,2025-04-05 20:50:00,S,18.055,17.812,18.299481173166434,17.443797067083914,0.994,0.913,time,96
2025-04-06 02:05:00,2025-04-06 10:05:00,S,17.578,17.234,17.793680976957496,17.03879755760626,1.595,1.505,time,96
2025-04-06 11:35:00,2025-04-06 14:00:00,S,17.123,16.829373046532957,17.24045078138682,16.829373046532957,2.5,2.34,tp,29
2025-04-06 14:05:00,2025-04-06 14:55:00,S,16.892,17.12369586979955,17.12369586979955,16.31276032550112,-1.0,-1.08,sl,10
2025-04-06 17:45:00,2025-04-07 01:45:00,S,16.739,16.19,17.258473083832754,15.440317290418117,1.057,1.021,time,96
2025-04-07 03:40:00,2025-04-07 11:40:00,S,15.623,15.379,16.17497381951721,14.243065451206974,0.442,0.411,time,96
2025-04-07 17:45:00,2025-04-08 01:45:00,L,16.943,17.211,16.108006517645425,19.030483705886443,0.321,0.299,time,96
2025-04-08 01:50:00,2025-04-08 09:50:00,L,17.211,16.924,16.666263338364395,18.572841654089007,-0.527,-0.562,time,96
2025-04-08 11:40:00,2025-04-08 16:35:00,L,17.241,16.882547905263998,16.882547905263998,18.137130236840004,-1.0,-1.053,sl,59
2025-04-08 16:40:00,2025-04-09 00:40:00,S,16.813,16.15,17.296446605969646,15.604383485075882,1.371,1.333,time,96
2025-04-09 01:25:00,2025-04-09 02:00:00,S,15.672,16.262760950805866,16.262760950805866,14.195097622985337,-1.0,-1.029,sl,7
2025-04-09 07:05:00,2025-04-09 10:05:00,L,16.729,16.493611847919453,16.493611847919453,17.317470380201364,-1.0,-1.078,sl,36
2025-04-09 10:35:00,2025-04-09 14:20:00,S,16.308,16.633076481870994,16.633076481870994,15.495308795322515,-1.0,-1.055,sl,45
2025-04-09 14:25:00,2025-04-09 17:20:00,L,16.615,17.871197246999785,16.112521101200084,17.871197246999785,2.5,2.464,tp,35
2025-04-09 17:25:00,2025-04-10 01:25:00,L,18.023,18.22,16.90716081679399,20.812597958015026,0.177,0.159,time,96
2025-04-10 05:45:00,2025-04-10 07:35:00,L,18.286,18.01080997626461,18.01080997626461,18.97397505933848,-1.0,-1.073,sl,22
2025-04-10 12:30:00,2025-04-10 15:25:00,L,18.255,17.902755717368535,17.902755717368535,19.13561070657866,-1.0,-1.057,sl,35
2025-04-10 18:35:00,2025-04-11 02:35:00,L,18.135,18.505,17.781307284619015,19.01923178845247,1.046,0.99,time,96
2025-04-11 06:10:00,2025-04-11 09:05:00,L,18.624,18.425222634934784,18.425222634934784,19.12094341266304,-1.0,-1.103,sl,35
2025-04-11 09:35:00,2025-04-11 17:35:00,L,18.738,19.463,18.384676564571826,19.621308588570432,2.052,1.994,time,96
2025-04-11 18:05:00,2025-04-11 19:30:00,L,19.521,19.20311383326965,19.20311383326965,20.315715416825874,-1.0,-1.068,sl,17
2025-04-12 04:35:00,2025-04-12 12:35:00,L,18.989,19.251,18.842547759654583,19.355130600863546,1.789,1.646,time,96
2025-04-12 12:40:00,2025-04-12 14:20:00,L,19.251,19.800158289080308,19.03133668436788,19.800158289080308,2.5,2.404,tp,20
2025-04-12 14:25:00,2025-04-12 22:25:00,L,19.84,20.523,19.088986503226767,21.71753374193308,0.909,0.88,time,96
2025-04-13 09:45:00,2025-04-13 11:15:00,L,20.144,19.965563423422953,19.965563423422953,20.59009144144261,-1.0,-1.124,sl,18
2025-04-13 13:10:00,2025-04-13 17:05:00,S,19.861,20.02367969166128,20.02367969166128,19.454300770846807,-1.0,-1.134,sl,47
2025-04-13 17:10:00,2025-04-13 19:35:00,L,20.038,19.715866417519642,19.715866417519642,20.843333956200894,-1.0,-1.068,sl,29
2025-04-13 21:05:00,2025-04-14 00:20:00,S,19.444,19.96357406079829,19.96357406079829,18.14506484800427,-1.0,-1.041,sl,39
2025-04-14 00:25:00,2025-04-14 08:25:00,L,20.013,20.246,19.390770012618756,21.568574968453117,0.374,0.339,time,96
2025-04-14 08:35:00,2025-04-14 15:35:00,L,20.296,19.92265961805502,19.92265961805502,21.229350954862444,-1.0,-1.06,sl,84
2025-04-14 15:40:00,2025-04-14 23:40:00,S,19.879,20.064,20.549316898859157,18.203207752852112,-0.276,-0.309,time,96
2025-04-15 06:15:00,2025-04-15 09:20:00,S,19.86,20.12518471656861,20.12518471656861,19.19703820857847,-1.0,-1.082,sl,37
2025-04-15 11:05:00,2025-04-15 13:45:00,S,19.879,20.15063369514485,20.15063369514485,19.199915762137877,-1.0,-1.081,sl,32
2025-04-15 14:20:00,2025-04-15 22:20:00,S,19.692,19.156,20.253430752835108,18.28842311791223,0.955,0.916,time,96
2025-04-15 22:25:00,2025-04-16 06:25:00,S,19.156,18.802,19.429989229310205,18.471026926724484,1.292,1.215,time,96
2025-04-16 07:30:00,2025-04-16 08:35:00,S,18.678,18.871715037568432,18.871715037568432,18.193712406078923,-1.0,-1.106,sl,13
2025-04-16 13:20:00,2025-04-16 14:20:00,S,18.712,18.99504148576856,18.99504148576856,18.0043962855786,-1.0,-1.073,sl,12
2025-04-16 17:45:00,2025-04-17 01:45:00,S,18.846,18.869,19.289588006653428,17.73702998336643,-0.052,-0.099,time,96
2025-04-17 05:05:00,2025-04-17 13:05:00,L,19.124,19.329,18.92585177977968,19.619370550550794,1.035,0.928,time,96
2025-04-17 14:10:00,2025-04-17 16:20:00,S,19.041,19.37800045823706,19.37800045823706,18.198498854407347,-1.0,-1.062,sl,26
2025-04-17 16:30:00,2025-04-17 19:20:00,L,19.375,19.016887303164616,19.016887303164616,20.27028174208846,-1.0,-1.06,sl,34
2025-04-17 19:25:00,2025-04-18 03:25:00,S,19.091,18.954,19.48157650784615,18.11455873038463,0.351,0.297,time,96
2025-04-18 08:15:00,2025-04-18 10:55:00,L,19.25,18.986972419311225,18.986972419311225,19.907568951721935,-1.0,-1.081,sl,32
2025-04-18 11:00:00,2025-04-18 19:00:00,S,19.006,19.099,19.19147634858926,18.542309128526853,-0.501,-0.614,time,96
2025-04-18 19:20:00,2025-04-18 23:20:00,L,19.134,19.058764436367092,19.058764436367092,19.32208890908227,-1.0,-1.28,sl,48
2025-04-18 23:25:00,2025-04-19 02:10:00,S,19.059,19.230983491209027,19.230983491209027,18.629041271977435,-1.0,-1.122,sl,33
2025-04-19 02:15:00,2025-04-19 09:00:00,L,19.242,19.595793539888728,19.10048258404451,19.595793539888728,2.5,2.35,tp,81
2025-04-19 09:05:00,2025-04-19 17:05:00,L,19.577,19.658,19.412852903148803,19.987367742128,0.493,0.362,time,96
2025-04-19 17:30:00,2025-04-20 01:30:00,L,19.858,19.896,19.61487100874014,20.465822478149654,0.156,0.066,time,96
2025-04-20 10:45:00,2025-04-20 18:45:00,S,19.48,19.396,19.65879761007078,19.03300597482305,0.47,0.35,time,96
2025-04-20 20:10:00,2025-04-20 22:05:00,L,19.601,19.362613800153127,19.362613800153127,20.19696549961718,-1.0,-1.09,sl,23
2025-04-20 22:15:00,2025-04-21 00:00:00,S,19.395,19.542145797196323,19.542145797196323,19.02713550700919,-1.0,-1.145,sl,21
2025-04-21 00:15:00,2025-04-21 05:50:00,L,19.64,20.227186942510166,19.405125222995935,20.227186942510166,2.5,2.408,tp,67
2025-04-21 05:55:00,2025-04-21 13:55:00,L,20.228,20.304,19.925253144695112,20.984867138262224,0.251,0.178,time,96
2025-04-21 14:35:00,2025-04-21 16:50:00,L,20.581,20.236089453201885,20.236089453201885,21.443276366995285,-1.0,-1.066,sl,27
2025-04-21 21:20:00,2025-04-22 00:30:00,S,19.958,19.59054631464121,20.104981474143514,19.59054631464121,2.5,2.351,tp,38
2025-04-22 00:35:00,2025-04-22 01:20:00,S,19.568,19.967016570753778,19.967016570753778,18.57045857311556,-1.0,-1.054,sl,9
2025-04-22 01:25:00,2025-04-22 09:25:00,L,19.905,20.222,19.406981797194433,21.15004550701392,0.637,0.593,time,96
2025-04-22 11:15:00,2025-04-22 14:55:00,L,20.363,21.25282632901395,20.00706946839442,21.25282632901395,2.5,2.437,tp,44
2025-04-22 15:00:00,2025-04-22 23:00:00,L,21.345,22.125,20.49629698839911,23.466757529002223,0.919,0.891,time,96
2025-04-22 23:20:00,2025-04-23 02:45:00,L,22.058,22.513589431733465,21.875764227306615,22.513589431733465,2.5,2.367,tp,41
2025-04-23 02:50:00,2025-04-23 10:50:00,L,22.566,22.816,22.10332178302398,23.72269554244005,0.54,0.487,time,96
2025-04-23 13:35:00,2025-04-23 13:35:00,L,22.918,22.663379866928977,22.663379866928977,23.554550332677554,-1.0,-1.099,sl,0
2025-04-23 18:15:00,2025-04-23 19:20:00,L,22.512,22.179074808028805,22.179074808028805,23.34431297992799,-1.0,-1.074,sl,13
2025-04-23 22:50:00,2025-04-24 00:25:00,L,22.531,22.25369408818854,22.25369408818854,23.22426477952865,-1.0,-1.089,sl,19
2025-04-24 08:50:00,2025-04-24 09:25:00,S,21.634,21.98521403831546,21.98521403831546,20.755964904211353,-1.0,-1.068,sl,7
2025-04-24 14:45:00,2025-04-24 22:45:00,L,22.256,22.203,21.897257490368787,23.152856274078033,-0.148,-0.216,time,96
2025-04-25 00:45:00,2025-04-25 01:30:00,L,22.396,22.213473411359008,22.213473411359008,22.852316471602485,-1.0,-1.135,sl,9
2025-04-25 02:30:00,2025-04-25 06:30:00,S,22.014,22.339791869557015,22.339791869557015,21.19952032610746,-1.0,-1.074,sl,48
2025-04-25 06:35:00,2025-04-25 14:35:00,L,22.371,22.563,22.070453059334195,23.122367351664508,0.639,0.557,time,96
2025-04-25 14:50:00,2025-04-25 21:55:00,L,22.738,22.12768103450036,22.12768103450036,24.263797413749103,-1.0,-1.041,sl,85
2025-04-25 22:00:00,2025-04-26 01:20:00,S,22.167,22.49179317178809,22.49179317178809,21.355017070529783,-1.0,-1.075,sl,40
2025-04-26 01:25:00,2025-04-26 09:25:00,L,22.563,22.306,22.177292916996514,23.527267707508713,-0.666,-0.731,time,96
2025-04-26 09:35:00,2025-04-26 17:35:00,S,22.185,21.974,22.776741916581948,20.70564520854513,0.357,0.315,time,96
2025-04-26 22:15:00,2025-04-27 00:40:00,L,22.296,22.692055304277833,22.137577878288866,22.692055304277833,2.5,2.345,tp,29
2025-04-27 00:45:00,2025-04-27 01:30:00,L,22.709,22.334719292908783,22.334719292908783,23.64470176772804,-1.0,-1.067,sl,9
2025-04-27 01:35:00,2025-04-27 09:35:00,S,22.227,22.376,22.800492783378946,20.793268041552636,-0.26,-0.302,time,96
2025-04-27 09:45:00,2025-04-27 10:25:00,L,22.466,22.29479787960431,22.29479787960431,22.894005300989228,-1.0,-1.144,sl,8
2025-04-27 11:10:00,2025-04-27 19:10:00,S,22.172,21.973,22.41884939769882,21.55487650575295,0.806,0.707,time,96
2025-04-27 22:30:00,2025-04-28 01:30:00,S,21.856,21.176555888784467,22.127777644486216,21.176555888784467,2.5,2.412,tp,36
2025-04-28 01:35:00,2025-04-28 03:30:00,S,21.139,21.64822455291958,21.64822455291958,19.865938617701048,-1.0,-1.046,sl,23
2025-04-28 06:35:00,2025-04-28 13:30:00,L,22.082,21.753145426392543,21.753145426392543,22.904136434018646,-1.0,-1.074,sl,83
2025-04-28 13:35:00,2025-04-28 21:35:00,S,21.772,21.775,22.18463756629837,20.74040608425407,-0.007,-0.065,time,96
2025-04-29 02:55:00,2025-04-29 06:05:00,S,21.68,22.01743661758171,22.01743661758171,20.836408456045728,-1.0,-1.071,sl,38
2025-04-29 06:15:00,2025-04-29 14:15:00,L,21.984,22.085,21.6254723095378,22.88031922615551,0.282,0.214,time,96
2025-04-29 19:50:00,2025-04-29 23:20:00,S,21.895,21.257408014275285,22.150036794289885,21.257408014275285,2.5,2.406,tp,42
2025-04-29 23:25:00,2025-04-29 23:55:00,S,21.319,21.547905584547923,21.547905584547923,20.74673603863019,-1.0,-1.102,sl,6
2025-04-30 05:50:00,2025-04-30 12:45:00,S,21.636,21.02792585896894,21.879229656412424,21.02792585896894,2.5,2.402,tp,83
2025-04-30 12:50:00,2025-04-30 20:50:00,S,21.076,21.096,21.701348493283117,19.51262876679221,-0.032,-0.069,time,96
2025-05-01 04:00:00,2025-05-01 05:10:00,S,20.929,21.12490854581282,21.12490854581282,20.43922863546795,-1.0,-1.118,sl,14
2025-05-01 10:10:00,2025-05-01 13:40:00,L,21.339,21.219927685360048,21.219927685360048,21.636680786599875,-1.0,-1.197,sl,42
2025-05-01 13:45:00,2025-05-01 15:10:00,S,21.265,21.469763447771957,21.469763447771957,20.753091380570112,-1.0,-1.114,sl,17
2025-05-01 16:45:00,2025-05-01 17:40:00,L,21.557,21.27323455067556,21.27323455067556,22.266413623311095,-1.0,-1.084,sl,11
2025-05-01 18:45:00,2025-05-02 02:45:00,L,21.617,21.966,21.210543425607312,22.63314143598172,0.859,0.8,time,96
2025-05-02 03:05:00,2025-05-02 04:40:00,L,22.12,21.78240716448248,21.78240716448248,22.963982088793806,-1.0,-1.072,sl,19
2025-05-02 07:05:00,2025-05-02 15:05:00,S,21.425,21.565,21.69685543601847,20.745361409953826,-0.515,-0.602,time,96
2025-05-02 16:20:00,2025-05-02 18:20:00,L,21.654,21.29249554775028,21.29249554775028,22.557761130624296,-1.0,-1.066,sl,24
2025-05-02 18:25:00,2025-05-03 02:25:00,S,21.259,21.14,21.454459091242786,20.77035227189304,0.609,0.489,time,96
2025-05-03 06:05:00,2025-05-03 14:05:00,S,20.979,20.825,21.175267897479742,20.488330256300642,0.785,0.667,time,96
2025-05-03 16:15:00,2025-05-04 00:15:00,S,20.78,20.568,20.98304964176397,20.27237589559008,1.044,0.932,time,96
2025-05-04 00:40:00,2025-05-04 08:40:00,S,20.438,20.09,20.623694072187604,19.973764819530984,1.874,1.753,time,96
2025-05-04 08:45:00,2025-05-04 13:45:00,S,20.09,19.775226432331433,20.215909427067427,19.775226432331433,2.5,2.324,tp,60
2025-05-04 13:50:00,2025-05-04 21:50:00,S,19.856,20.177,20.194396659125864,19.010008352185345,-0.949,-1.013,time,96
2025-05-04 22:35:00,2025-05-05 02:35:00,S,19.88,20.187908602523454,20.187908602523454,19.110228493691363,-1.0,-1.071,sl,48
2025-05-05 07:15:00,2025-05-05 15:15:00,S,19.885,19.449,20.11420301032067,19.311992474198334,1.902,1.807,time,96
2025-05-05 15:50:00,2025-05-05 16:35:00,S,19.304,19.554301071715553,19.554301071715553,18.67824732071111,-1.0,-1.085,sl,9
2025-05-05 20:35:00,2025-05-05 21:50:00,S,19.382,19.713303072528443,19.713303072528443,18.553742318678896,-1.0,-1.064,sl,15
2025-05-06 02:25:00,2025-05-06 04:15:00,S,19.452,19.76642945560774,19.76642945560774,18.66592636098066,-1.0,-1.068,sl,22
2025-05-06 08:20:00,2025-05-06 16:20:00,S,19.543,19.58,19.804162580015145,18.890093549962135,-0.142,-0.224,time,96
2025-05-06 19:05:00,2025-05-06 20:35:00,L,19.792,19.5666189879634,19.5666189879634,20.35545253009151,-1.0,-1.097,sl,18
2025-05-06 20:40:00,2025-05-06 22:25:00,S,19.622,19.928642017072015,19.928642017072015,18.855394957319962,-1.0,-1.07,sl,21
2025-05-06 22:30:00,2025-05-07 06:30:00,L,19.955,19.685,19.354621016426904,21.455947458932734,-0.45,-0.486,time,96
2025-05-07 06:35:00,2025-05-07 07:30:00,S,19.685,19.881318682205364,19.881318682205364,19.194203294486584,-1.0,-1.11,sl,11
2025-05-07 08:05:00,2025-05-07 10:30:00,L,19.906,19.736999759992546,19.736999759992546,20.32850060001863,-1.0,-1.13,sl,29
2025-05-07 10:35:00,2025-05-07 14:50:00,S,19.781,19.39598460685665,19.935006157257337,19.39598460685665,2.5,2.359,tp,51
2025-05-07 14:55:00,2025-05-07 22:40:00,S,19.407,19.63692021430831,19.63692021430831,18.83219946422922,-1.0,-1.093,sl,93
2025-05-08 01:00:00,2025-05-08 03:55:00,L,19.697,20.27146321714944,19.467214713140223,20.27146321714944,2.5,2.406,tp,35
2025-05-08 04:00:00,2025-05-08 12:00:00,L,20.337,20.973,19.93123657747837,21.351408556304076,1.567,1.512,time,96
2025-05-08 15:25:00,2025-05-08 23:25:00,L,21.157,22.012,20.680425269010684,22.348436827473293,1.794,1.745,time,96
2025-05-09 00:00:00,2025-05-09 07:50:00,L,22.149,23.110728554279998,21.764308578288002,23.110728554279998,2.5,2.437,tp,94
2025-05-09 07:55:00,2025-05-09 15:55:00,L,23.081,23.136,22.52134275769337,24.48014310576658,0.098,0.053,time,96
2025-05-09 17:45:00,2025-05-10 01:45:00,L,23.34,23.37,22.773297805772373,24.756755485569066,0.053,0.008,time,96
2025-05-10 03:00:00,2025-05-10 10:20:00,L,23.597,24.671848292637684,23.16706068294493,24.671848292637684,2.5,2.44,tp,88
2025-05-10 10:25:00,2025-05-10 11:40:00,L,24.607,23.98960300030979,23.98960300030979,26.15049249922553,-1.0,-1.044,sl,15
2025-05-10 14:50:00,2025-05-10 15:35:00,L,24.732,24.350047660820202,24.350047660820202,25.686880847949492,-1.0,-1.071,sl,9
2025-05-10 17:40:00,2025-05-10 17:45:00,L,24.841,24.44167003062202,24.44167003062202,25.839324923444952,-1.0,-1.068,sl,1
2025-05-10 20:55:00,2025-05-11 04:55:00,L,24.929,25.411,24.31181216586492,26.47196958533769,0.781,0.737,time,96
2025-05-11 17:40:00,2025-05-12 01:40:00,L,24.648,24.641,24.26575080098253,25.603622997543674,-0.018,-0.089,time,96
2025-05-12 04:20:00,2025-05-12 07:10:00,L,25.221,26.181334763967712,24.836866094412915,26.181334763967712,2.5,2.428,tp,34
2025-05-12 07:15:00,2025-05-12 11:50:00,L,26.28,24.963203988462134,24.963203988462134,29.57199002884467,-1.0,-1.022,sl,55
2025-05-12 15:05:00,2025-05-12 23:05:00,S,24.642,24.929,25.71600678684374,21.95698303289065,-0.267,-0.292,time,96
2025-05-12 23:25:00,2025-05-13 00:00:00,L,25.011,24.769373993611158,24.769373993611158,25.615065015972103,-1.0,-1.114,sl,7
2025-05-13 00:20:00,2025-05-13 02:10:00,S,24.735,23.91049482111225,25.0648020715551,23.91049482111225,2.5,2.418,tp,22
2025-05-13 02:15:00,2025-05-13 07:05:00,S,23.852,24.382324009779026,24.382324009779026,22.526189975552434,-1.0,-1.049,sl,58
2025-05-13 12:45:00,2025-05-13 19:20:00,L,24.673,25.66009706836372,24.27816117265451,25.66009706836372,2.5,2.431,tp,79
2025-05-13 19:25:00,2025-05-14 03:25:00,L,25.699,25.919,25.205084964410414,26.93378758897397,0.445,0.388,time,96
2025-05-14 05:05:00,2025-05-14 08:10:00,L,26.47,25.861018529547273,25.861018529547273,27.992453676131813,-1.0,-1.048,sl,37
2025-05-14 17:15:00,2025-05-15 01:15:00,S,25.108,24.935,25.477117617606876,24.185205955982813,0.469,0.394,time,96
2025-05-15 01:35:00,2025-05-15 07:25:00,S,24.734,23.790514149525045,25.111394340189985,23.790514149525045,2.5,2.428,tp,70
2025-05-15 07:30:00,2025-05-15 15:30:00,S,23.731,23.59,24.398621691058334,22.06194577235417,0.211,0.172,time,96
2025-05-15 18:50:00,2025-05-16 02:50:00,S,23.336,23.834,24.10688272268213,21.40879319329467,-0.646,-0.679,time,96
2025-05-16 08:20:00,2025-05-16 11:00:00,S,23.614,23.925390902270077,23.925390902270077,22.83552274432481,-1.0,-1.083,sl,32
2025-05-16 13:05:00,2025-05-16 13:35:00,S,23.715,23.880928171139992,23.880928171139992,23.30017957215002,-1.0,-1.157,sl,6
2025-05-16 14:35:00,2025-05-16 22:35:00,S,23.593,22.93,23.960511911116615,22.67422022220846,1.804,1.733,time,96
2025-05-16 22:45:00,2025-05-17 06:45:00,S,22.843,22.87,23.373216140308323,21.517459649229195,-0.051,-0.098,time,96
2025-05-17 08:25:00,2025-05-17 16:25:00,S,22.738,22.305,23.009447009548534,22.05938247612866,1.595,1.503,time,96
2025-05-17 16:30:00,2025-05-18 00:30:00,S,22.305,22.113,22.66919894950279,21.394502626243025,0.527,0.46,time,96
2025-05-18 07:20:00,2025-05-18 15:20:00,L,22.953,23.619,22.641376753310638,23.7320581167234,2.137,2.056,time,96
2025-05-18 15:45:00,2025-05-18 16:50:00,L,23.704,23.435490825639643,23.435490825639643,24.375272935900895,-1.0,-1.097,sl,13
2025-05-18 17:40:00,2025-05-18 19:40:00,S,23.184,22.150652567347258,23.5973389730611,22.150652567347258,2.5,2.438,tp,24
2025-05-18 19:45:00,2025-05-18 22:55:00,S,22.245,22.607724259986753,22.607724259986753,21.33818935003312,-1.0,-1.067,sl,38
2025-05-18 23:35:00,2025-05-19 01:10:00,L,22.629,22.353764599480517,22.353764599480517,23.317088501298713,-1.0,-1.09,sl,19
2025-05-19 02:15:00,2025-05-19 10:15:00,S,22.107,21.602,22.496199104431273,21.134002238921816,1.298,1.235,time,96
2025-05-19 12:50:00,2025-05-19 13:30:00,S,21.432,21.7302727130901,21.7302727130901,20.68631821727475,-1.0,-1.079,sl,8
2025-05-19 16:35:00,2025-05-19 17:05:00,L,22.069,22.565615628699785,21.870353748520085,22.565615628699785,2.5,2.378,tp,6
2025-05-19 22:20:00,2025-05-19 23:40:00,S,22.014,22.221968290720607,22.221968290720607,21.49407927319848,-1.0,-1.116,sl,16
2025-05-20 02:00:00,2025-05-20 10:00:00,L,22.476,22.271,22.07721027167402,23.47297432081495,-0.514,-0.576,time,96
2025-05-20 11:20:00,2025-05-20 17:50:00,S,21.978,22.263926870603143,22.263926870603143,21.263182823492148,-1.0,-1.085,sl,78
2025-05-20 18:30:00,2025-05-20 19:50:00,S,21.984,22.311311899225817,22.311311899225817,21.16572025193546,-1.0,-1.074,sl,16
2025-05-20 19:55:00,2025-05-21 03:55:00,L,22.323,22.534,21.734446540259245,23.794383649351886,0.359,0.317,time,96
2025-05-21 04:45:00,2025-05-21 09:40:00,L,22.706,22.40791183372654,22.40791183372654,23.451220415683647,-1.0,-1.084,sl,59
2025-05-21 11:10:00,2025-05-21 16:30:00,L,22.701,23.544606075390796,22.36355756984368,23.544606075390796,2.5,2.426,tp,64
2025-05-21 16:35:00,2025-05-21 17:20:00,L,23.647,22.972800997175316,22.972800997175316,25.332497507061703,-1.0,-1.039,sl,9
2025-05-21 23:20:00,2025-05-22 05:25:00,L,23.065,24.09101151984299,22.654595392062806,24.09101151984299,2.5,2.438,tp,73
2025-05-22 05:30:00,2025-05-22 10:00:00,L,24.036,24.817542815519477,23.72338287379221,24.817542815519477,2.5,2.415,tp,54
2025-05-22 10:05:00,2025-05-22 18:05:00,L,24.766,25.157,24.221792153780054,26.12651961554986,0.718,0.668,time,96
2025-05-22 23:50:00,2025-05-23 07:50:00,L,25.176,25.093,24.872842417743858,25.93389395564035,-0.274,-0.365,time,96
2025-05-23 08:55:00,2025-05-23 11:45:00,L,25.536,25.000148959331696,25.000148959331696,26.875627601670764,-1.0,-1.052,sl,34
2025-05-23 11:50:00,2025-05-23 19:50:00,S,24.827,24.011,25.81550282902631,22.35574292743423,0.825,0.798,time,96
2025-05-23 19:55:00,2025-05-23 23:10:00,S,24.011,23.360948210386802,24.271020715845278,23.360948210386802,2.5,2.398,tp,39
2025-05-23 23:15:00,2025-05-24 07:15:00,S,23.428,23.191,23.87507360369848,22.310315990753807,0.53,0.472,time,96
2025-05-24 08:20:00,2025-05-24 10:30:00,S,22.926,23.25713368020894,23.25713368020894,22.09816579947764,-1.0,-1.076,sl,26
2025-05-24 13:50:00,2025-05-24 15:05:00,S,23.032,23.202342087374067,23.202342087374067,22.606144781564833,-1.0,-1.149,sl,15
2025-05-24 18:50:00,2025-05-25 00:25:00,S,22.891,23.110029508528644,23.110029508528644,22.343426228678382,-1.0,-1.115,sl,67
2025-05-25 00:45:00,2025-05-25 08:45:00,S,22.728,22.22,23.140994498955912,21.695513752610225,1.23,1.17,time,96
2025-05-25 08:50:00,2025-05-25 13:00:00,S,22.22,22.49121573977962,22.49121573977962,21.541960650550948,-1.0,-1.09,sl,50
2025-05-25 14:45:00,2025-05-25 22:05:00,S,22.249,22.560902304018274,22.560902304018274,21.46924423995431,-1.0,-1.078,sl,88
2025-05-25 22:15:00,2025-05-26 06:15:00,L,22.765,23.495,22.267146382607773,24.009634043480567,1.466,1.416,time,96
2025-05-26 06:30:00,2025-05-26 13:50:00,L,23.583,23.35390224746614,23.35390224746614,24.155744381334642,-1.0,-1.113,sl,88
2025-05-26 16:25:00,2025-05-27 00:25:00,S,23.141,22.997,23.659299718725887,21.84525070318528,0.278,0.229,time,96
2025-05-27 01:15:00,2025-05-27 04:10:00,S,22.699,23.19438271200368,23.19438271200368,21.460543219990804,-1.0,-1.05,sl,35
2025-05-27 04:15:00,2025-05-27 12:15:00,L,23.168,23.566,22.855680662837486,23.948798342906283,1.274,1.193,time,96
2025-05-27 12:30:00,2025-05-27 13:50:00,L,23.733,23.45588284097861,23.45588284097861,24.425792897553478,-1.0,-1.094,sl,16
2025-05-27 21:30:00,2025-05-28 00:55:00,S,23.329,23.56853993917323,23.56853993917323,22.730150152066926,-1.0,-1.107,sl,41
2025-05-28 01:00:00,2025-05-28 06:10:00,L,23.599,23.266419412755607,23.266419412755607,24.430451468110984,-1.0,-1.078,sl,62
2025-05-28 06:40:00,2025-05-28 08:45:00,S,23.215,23.506048428535,23.506048428535,22.4873789286625,-1.0,-1.088,sl,25
2025-05-28 11:10:00,2025-05-28 14:15:00,L,23.489,23.05073808663473,23.05073808663473,24.58465478341318,-1.0,-1.059,sl,37
2025-05-28 14:20:00,2025-05-28 22:20:00,S,23.04,23.076,23.624814654999003,21.577963362502487,-0.062,-0.105,time,96
2025-05-28 23:25:00,2025-05-29 01:00:00,L,23.272,23.965848427220177,22.994460629111927,23.965848427220177,2.5,2.408,tp,19
2025-05-29 01:05:00,2025-05-29 09:05:00,L,23.858,23.553,23.417942842638944,24.958142893402645,-0.693,-0.753,time,96
2025-05-29 12:10:00,2025-05-29 13:50:00,S,23.37,22.936724228310773,23.543310308675693,22.936724228310773,2.5,2.352,tp,20
2025-05-29 13:55:00,2025-05-29 19:15:00,S,23.054,22.43635009839335,23.301059960642657,22.43635009839335,2.5,2.397,tp,64
2025-05-29 19:20:00,2025-05-30 00:55:00,S,22.472,21.20118538980649,22.980325844077406,21.20118538980649,2.5,2.451,tp,67
2025-05-30 01:00:00,2025-05-30 09:00:00,S,21.411,21.451,22.355929440502575,19.048676398743567,-0.042,-0.067,time,96
2025-05-30 13:55:00,2025-05-30 21:55:00,S,21.459,21.055,21.878152561611664,20.41111859597084,0.964,0.908,time,96
2025-05-30 22:10:00,2025-05-30 22:55:00,S,21.06,20.56808899806836,21.256764400772653,20.56808899806836,2.5,2.382,tp,9
2025-05-30 23:00:00,2025-05-31 07:00:00,S,20.578,20.153,21.11406203598727,19.23784491003182,0.793,0.751,time,96
2025-05-31 23:05:00,2025-06-01 07:05:00,S,20.79,20.61,20.99175235324364,20.285619116890896,0.892,0.779,time,96
2025-06-01 07:10:00,2025-06-01 12:35:00,S,20.61,20.169458488030322,20.78621660478787,20.169458488030322,2.5,2.371,tp,65
2025-06-01 12:40:00,2025-06-01 13:45:00,S,20.241,20.47382504439723,20.47382504439723,19.658937389006923,-1.0,-1.096,sl,13
2025-06-01 18:25:00,2025-06-01 21:25:00,S,20.583,20.818912379750795,20.818912379750795,19.993219050623004,-1.0,-1.096,sl,36
2025-06-01 21:30:00,2025-06-02 02:15:00,L,20.778,20.63018870714354,20.63018870714354,21.14752823214115,-1.0,-1.155,sl,57
2025-06-02 02:20:00,2025-06-02 10:20:00,S,20.615,20.267,20.976637075029593,19.71090731242601,0.962,0.9,time,96
2025-06-02 10:25:00,2025-06-02 13:30:00,S,20.267,20.54400606782757,20.54400606782757,19.57448483043107,-1.0,-1.08,sl,37
2025-06-02 22:05:00,2025-06-03 06:05:00,L,21.013,21.373,20.67234033553356,21.86464916116611,1.057,0.989,time,96
2025-06-03 06:45:00,2025-06-03 08:10:00,L,21.376,21.259166631580673,21.259166631580673,21.668083421048323,-1.0,-1.201,sl,17
2025-06-03 13:30:00,2025-06-03 14:05:00,L,21.426,21.128495726970584,21.128495726970584,22.169760682573532,-1.0,-1.079,sl,7
2025-06-03 21:45:00,2025-06-04 01:00:00,S,21.046,21.31075560249859,21.31075560249859,20.384110993753527,-1.0,-1.087,sl,39
2025-06-04 01:05:00,2025-06-04 09:05:00,L,21.367,21.322,21.030157262754432,22.209106843113922,-0.134,-0.203,time,96
2025-06-04 11:30:00,2025-06-04 19:30:00,S,21.102,20.763,21.27872984431373,20.660175389215674,1.918,1.787,time,96
2025-06-04 19:50:00,2025-06-04 20:05:00,S,20.752,20.445172637673878,20.874730944930448,20.445172637673878,2.5,2.314,tp,3
2025-06-04 20:10:00,2025-06-05 04:10:00,S,20.437,20.261,20.852151599371034,19.399121001572418,0.424,0.37,time,96
2025-06-05 05:45:00,2025-06-05 12:15:00,S,20.091,20.34994279290147,20.34994279290147,19.443643017746332,-1.0,-1.085,sl,78
2025-06-05 14:00:00,2025-06-05 20:40:00,S,20.009,18.689358517255478,20.53685659309781,18.689358517255478,2.5,2.458,tp,80
2025-06-05 20:45:00,2025-06-06 04:45:00,S,18.59,19.318,19.491737641703185,16.335655895742036,-0.807,-0.83,time,96
2025-06-06 14:20:00,2025-06-06 18:25:00,L,19.73,19.46785955219299,19.46785955219299,20.385351119517523,-1.0,-1.083,sl,49
2025-06-06 18:50:00,2025-06-06 21:40:00,S,19.415,19.66570879560601,19.66570879560601,18.788228010984966,-1.0,-1.085,sl,34
2025-06-06 21:50:00,2025-06-07 05:50:00,L,19.693,20.286,19.406992876287823,20.408017809280445,2.073,1.998,time,96
2025-06-07 05:55:00,2025-06-07 10:25:00,L,20.286,20.869199681927334,20.05272012722907,20.869199681927334,2.5,2.404,tp,54
2025-06-07 10:30:00,2025-06-07 18:30:00,L,20.854,20.786,20.61640434004214,21.447989149894646,-0.286,-0.383,time,96
2025-06-08 08:50:00,2025-06-08 09:15:00,L,20.572,20.242315529949508,20.242315529949508,21.396211175126226,-1.0,-1.069,sl,5
2025-06-08 09:20:00,2025-06-08 13:35:00,S,20.27,20.66164889387544,20.66164889387544,19.290877765311397,-1.0,-1.057,sl,51
2025-06-08 13:40:00,2025-06-08 21:25:00,L,20.655,21.473748886025064,20.327500445589976,21.473748886025064,2.5,2.431,tp,93
2025-06-08 21:30:00,2025-06-08 22:00:00,L,21.43,21.29473428210873,21.29473428210873,21.768164294728173,-1.0,-1.174,sl,6
2025-06-09 04:25:00,2025-06-09 09:50:00,S,20.576,20.77783484880218,20.77783484880218,20.071412877994554,-1.0,-1.112,sl,65
2025-06-09 09:55:00,2025-06-09 17:55:00,L,20.718,21.364,20.341010954270022,21.660472614324945,1.714,1.653,time,96
2025-06-09 18:00:00,2025-06-09 22:00:00,L,21.364,21.902354854681,21.1486580581276,21.902354854681,2.5,2.391,tp,48
2025-06-09 22:05:00,2025-06-10 06:05:00,L,21.862,21.55,21.260032908491745,23.36691772877063,-0.518,-0.558,time,96
2025-06-10 11:35:00,2025-06-10 19:35:00,L,22.173,22.453,21.534010778772142,23.770473053069637,0.438,0.4,time,96
2025-06-10 19:40:00,2025-06-11 03:40:00,L,22.453,22.288,21.82770195427577,24.01624511431057,-0.264,-0.303,time,96
2025-06-11 12:45:00,2025-06-11 18:00:00,L,22.448,21.845896159604315,21.845896159604315,23.953259600989213,-1.0,-1.041,sl,63
2025-06-11 18:05:00,2025-06-12 02:05:00,S,21.866,21.498,22.4626894374959,20.37427640626025,0.617,0.576,time,96
2025-06-12 03:25:00,2025-06-12 11:25:00,S,21.208,20.776,21.487207515949137,20.50998121012715,1.547,1.464,time,96
2025-06-12 11:30:00,2025-06-12 12:30:00,S,20.776,20.955593849002984,20.955593849002984,20.32701537749254,-1.0,-1.127,sl,12
2025-06-12 15:55:00,2025-06-12 23:55:00,S,20.849,20.274,21.298379193881537,19.72555201529616,1.28,1.229,time,96
2025-06-13 00:05:00,2025-06-13 00:35:00,S,20.039,19.036527445942177,20.43998902162313,19.036527445942177,2.5,2.445,tp,6
2025-06-13 00:40:00,2025-06-13 08:40:00,S,19.17,19.224,20.401361281099927,16.09159679725019,-0.044,-0.061,time,96
2025-06-13 13:10:00,2025-06-13 15:20:00,S,18.989,19.326613531501014,19.326613531501014,18.144966171247468,-1.0,-1.062,sl,26
2025-06-13 18:20:00,2025-06-13 20:40:00,S,19.047,19.27345134425061,19.27345134425061,18.480871639373476,-1.0,-1.093,sl,28
2025-06-14 01:05:00,2025-06-14 09:05:00,S,19.17,19.138,19.43246397437028,18.51384006407431,0.122,0.042,time,96
2025-06-14 09:50:00,2025-06-14 16:45:00,S,19.065,18.703956200890183,19.209417519643928,18.703956200890183,2.5,2.355,tp,83
2025-06-14 16:50:00,2025-06-14 18:05:00,S,18.72,19.029244509718506,19.029244509718506,17.94688872570373,-1.0,-1.067,sl,15
2025-06-15 03:10:00,2025-06-15 04:30:00,S,18.905,19.049102913165402,19.049102913165402,18.5447427170865,-1.0,-1.144,sl,16
2025-06-15 07:35:00,2025-06-15 14:45:00,S,18.942,19.154420368760746,19.154420368760746,18.410949078098135,-1.0,-1.098,sl,86
2025-06-15 20:20:00,2025-06-16 01:40:00,S,18.903,19.17244960232775,19.17244960232775,18.22937599418062,-1.0,-1.077,sl,64
2025-06-16 01:50:00,2025-06-16 06:15:00,L,19.12,19.719887632587856,18.88004494696486,19.719887632587856,2.5,2.412,tp,53
2025-06-16 06:20:00,2025-06-16 14:20:00,L,19.729,19.722,19.35845833077901,20.655354173052476,-0.019,-0.077,time,96
2025-06-16 14:25:00,2025-06-16 22:25:00,L,19.722,19.866,19.461469271984736,20.373326820038166,0.553,0.469,time,96
2025-06-16 22:45:00,2025-06-17 06:45:00,S,19.265,19.077,19.943873778935345,17.567815552661642,0.277,0.246,time,96
2025-06-17 06:50:00,2025-06-17 14:50:00,S,19.077,18.819,19.2491682096469,18.646579475882756,1.499,1.377,time,96
2025-06-17 15:05:00,2025-06-17 23:05:00,S,18.66,18.46,19.050580656798306,17.683548358004234,0.512,0.46,time,96
2025-06-18 08:40:00,2025-06-18 16:40:00,S,18.574,18.191,18.824116822932723,17.9487079426682,1.531,1.45,time,96
2025-06-18 17:10:00,2025-06-18 17:40:00,S,18.196,18.31689883064927,18.31689883064927,17.893752923376834,-1.0,-1.166,sl,6
2025-06-19 01:40:00,2025-06-19 09:40:00,S,18.021,17.984,18.368810831478488,17.151472921303785,0.106,0.049,time,96
2025-06-19 11:45:00,2025-06-19 13:00:00,S,17.88,18.023430867149255,18.023430867149255,17.52142283212686,-1.0,-1.137,sl,15
2025-06-19 14:50:00,2025-06-19 17:35:00,S,17.683,17.894801667122362,17.894801667122362,17.153495832194096,-1.0,-1.092,sl,33
2025-06-20 03:50:00,2025-06-20 07:15:00,S,17.987,18.068978815662618,18.068978815662618,17.78205296084345,-1.0,-1.241,sl,41
2025-06-20 07:20:00,2025-06-20 14:40:00,L,18.096,17.937238020527285,17.937238020527285,18.492904948681787,-1.0,-1.125,sl,88
2025-06-20 14:45:00,2025-06-20 17:20:00,S,17.971,17.111850888414764,18.314659644634094,17.111850888414764,2.5,2.442,tp,31
2025-06-20 17:25:00,2025-06-20 20:15:00,S,17.138,17.634292164389922,17.634292164389922,15.8972695890252,-1.0,-1.038,sl,34
2025-06-20 22:20:00,2025-06-21 00:25:00,S,17.244,17.488641849268372,17.488641849268372,16.632395376829066,-1.0,-1.078,sl,25
2025-06-21 12:25:00,2025-06-21 14:25:00,S,17.467,17.07591519722245,17.62343392111102,17.07591519722245,2.5,2.377,tp,24
2025-06-21 14:30:00,2025-06-21 21:30:00,S,17.078,16.412186613208583,17.344325354716567,16.412186613208583,2.5,2.429,tp,84
2025-06-21 21:35:00,2025-06-22 05:35:00,S,16.456,16.824,17.12004059547021,14.79589851132447,-0.554,-0.581,time,96
2025-06-22 07:45:00,2025-06-22 13:15:00,S,16.824,16.39640967447236,16.99503613021106,16.39640967447236,2.5,2.392,tp,66
2025-06-22 13:25:00,2025-06-22 21:25:00,S,16.342,15.966,16.716920345892145,15.404699135269633,1.003,0.955,time,96
2025-06-23 05:15:00,2025-06-23 13:15:00,L,16.706,16.888,16.519588175495173,17.172029561262065,0.976,0.878,time,96
2025-06-23 13:45:00,2025-06-23 15:50:00,L,17.177,16.72380167991531,16.72380167991531,18.30999580021172,-1.0,-1.042,sl,25
2025-06-23 16:05:00,2025-06-23 18:00:00,S,16.728,17.060205482419853,17.060205482419853,15.897486293950372,-1.0,-1.055,sl,23
2025-06-23 18:05:00,2025-06-24 02:05:00,L,17.063,18.037,16.276455317291365,19.02936170677158,1.238,1.214,time,96
2025-06-24 05:35:00,2025-06-24 08:05:00,L,18.252,17.957761377068298,17.957761377068298,18.98759655732925,-1.0,-1.068,sl,30
2025-06-25 00:20:00,2025-06-25 04:40:00,L,18.271,18.076062635932274,18.076062635932274,18.758343410169317,-1.0,-1.103,sl,52
2025-06-25 09:40:00,2025-06-25 11:55:00,S,17.805,17.984124417788262,17.984124417788262,17.357188955529345,-1.0,-1.109,sl,27
2025-06-25 12:00:00,2025-06-25 14:15:00,L,17.981,17.808847897382076,17.808847897382076,18.411380256544817,-1.0,-1.115,sl,27
2025-06-25 14:20:00,2025-06-25 22:20:00,S,17.688,17.567,18.134986351349,16.570534121627496,0.271,0.227,time,96
2025-06-25 22:35:00,2025-06-26 01:30:00,S,17.501,17.65568020624426,17.65568020624426,17.114299484389356,-1.0,-1.124,sl,35
2025-06-26 02:55:00,2025-06-26 05:15:00,L,17.839,17.607158586528467,17.607158586528467,18.418603533678827,-1.0,-1.085,sl,28
2025-06-26 09:10:00,2025-06-26 17:10:00,S,17.534,17.162,17.790825938339538,16.891935154151152,1.448,1.373,time,96
2025-06-26 23:15:00,2025-06-27 01:25:00,S,17.165,17.32307279434096,17.32307279434096,16.7698180141476,-1.0,-1.119,sl,26
2025-06-27 04:40:00,2025-06-27 05:20:00,L,17.513,17.447631699448802,17.447631699448802,17.676420751378,-1.0,-1.295,sl,8
2025-06-27 17:50:00,2025-06-28 01:50:00,S,17.335,17.573,17.663093334291716,16.514766664270713,-0.725,-0.784,time,96
2025-06-28 02:25:00,2025-06-28 10:25:00,L,17.647,17.703,17.46887769831183,18.092305754220423,0.314,0.205,time,96
2025-06-28 15:05:00,2025-06-28 19:15:00,L,17.691,18.015543718823448,17.56118251247062,18.015543718823448,2.5,2.35,tp,50
2025-06-28 19:20:00,2025-06-28 20:15:00,L,18.047,17.89852509267449,17.89852509267449,18.41818726831378,-1.0,-1.134,sl,11
2025-06-28 22:50:00,2025-06-29 01:40:00,L,18.022,17.88265083833526,17.88265083833526,18.370372904161847,-1.0,-1.142,sl,34
2025-06-29 07:00:00,2025-06-29 15:00:00,L,17.943,17.856998465531056,17.856998465531056,18.158003836172362,-1.0,-1.229,sl,96
2025-06-29 18:40:00,2025-06-29 22:00:00,L,17.977,18.289023755844397,17.852190497662242,18.289023755844397,2.5,2.342,tp,40
2025-06-29 22:05:00,2025-06-30 06:05:00,L,18.291,18.234,17.91618040685898,19.22804898285255,-0.152,-0.206,time,96
2025-06-30 08:10:00,2025-06-30 09:40:00,L,18.238,18.05331681462545,18.05331681462545,18.699707963436374,-1.0,-1.109,sl,18
2025-06-30 12:45:00,2025-06-30 19:25:00,S,17.975,18.134221182009135,18.134221182009135,17.576947044977167,-1.0,-1.124,sl,80
2025-06-30 19:35:00,2025-07-01 00:30:00,L,18.152,17.851199180222174,17.851199180222174,18.904002049444568,-1.0,-1.066,sl,59
2025-07-01 02:20:00,2025-07-01 10:20:00,S,17.853,17.597,18.035445686732817,17.39688578316796,1.403,1.296,time,96
2025-07-01 12:20:00,2025-07-01 18:55:00,S,17.398,17.066697898492126,17.53052084060315,17.066697898492126,2.5,2.356,tp,79
2025-07-01 19:00:00,2025-07-02 03:00:00,S,17.09,17.153,17.27552612157914,16.62618469605215,-0.34,-0.441,time,96
2025-07-02 05:20:00,2025-07-02 13:20:00,L,17.496,17.515,17.23387605161291,18.151309870967722,0.072,-0.001,time,96
2025-07-02 13:50:00,2025-07-02 16:05:00,L,17.65,18.233985587749032,17.416405764900386,18.233985587749032,2.5,2.417,tp,27
2025-07-02 16:10:00,2025-07-03 00:10:00,L,18.309,18.591,17.855932585734994,19.44166853566252,0.622,0.578,time,96
2025-07-03 04:35:00,2025-07-03 06:20:00,L,18.665,19.01223026545884,18.526107893816462,19.01223026545884,2.5,2.352,tp,21
2025-07-03 06:25:00,2025-07-03 10:15:00,L,19.012,18.82299751578506,18.82299751578506,19.484506210537347,-1.0,-1.111,sl,46
2025-07-03 21:05:00,2025-07-03 23:15:00,L,18.644,18.518632337517886,18.518632337517886,18.95741915620528,-1.0,-1.164,sl,26
2025-07-04 01:55:00,2025-07-04 06:10:00,L,18.692,18.49909538547766,18.49909538547766,19.174261536305853,-1.0,-1.107,sl,51
2025-07-04 06:15:00,2025-07-04 14:15:00,S,18.484,17.807,18.876065134396214,17.50383716400947,1.727,1.675,time,96
2025-07-04 14:20:00,2025-07-04 22:20:00,S,17.807,17.84,18.07352831546023,17.140679211349422,-0.124,-0.197,time,96
2025-07-05 01:30:00,2025-07-05 03:05:00,S,17.729,17.841970448899577,17.841970448899577,17.446573877751057,-1.0,-1.173,sl,19
2025-07-05 08:45:00,2025-07-05 10:50:00,S,17.735,17.85216193538169,17.85216193538169,17.442095161545772,-1.0,-1.167,sl,25
2025-07-05 16:40:00,2025-07-05 21:00:00,S,17.733,17.88508337980215,17.88508337980215,17.352791550494626,-1.0,-1.128,sl,52
2025-07-06 01:15:00,2025-07-06 06:55:00,S,17.814,17.901666849040197,17.901666849040197,17.594832877399508,-1.0,-1.224,sl,68
2025-07-06 08:30:00,2025-07-06 12:00:00,S,17.756,17.880978334017904,17.880978334017904,17.44355416495524,-1.0,-1.156,sl,42
2025-07-06 12:05:00,2025-07-06 13:25:00,L,17.876,18.1096933799234,17.782522648030643,18.1096933799234,2.5,2.29,tp,16
2025-07-06 13:30:00,2025-07-06 21:30:00,L,18.133,18.418,17.860593200074018,18.814016999814953,1.046,0.973,time,96
2025-07-06 21:35:00,2025-07-07 05:35:00,L,18.418,18.299,18.182198171713388,19.007504570716527,-0.505,-0.591,time,96
2025-07-07 12:20:00,2025-07-07 13:55:00,S,18.066,18.21372649150881,18.21372649150881,17.696683771227967,-1.0,-1.135,sl,19
2025-07-07 14:00:00,2025-07-07 14:30:00,L,18.27,18.02249796613484,18.02249796613484,18.8887550846629,-1.0,-1.081,sl,6
2025-07-07 14:40:00,2025-07-07 22:40:00,S,17.981,17.895,18.2919433529123,17.20364161771926,0.277,0.213,time,96
2025-07-08 01:35:00,2025-07-08 09:35:00,S,17.849,17.866,18.081907894014673,17.266730264963318,-0.073,-0.157,time,96
2025-07-08 10:25:00,2025-07-08 18:15:00,L,18.0,18.432186545606406,17.827125381757437,18.432186545606406,2.5,2.385,tp,94
2025-07-08 18:20:00,2025-07-08 20:50:00,L,18.389,18.26048292250974,18.26048292250974,18.710292693725645,-1.0,-1.157,sl,30
2025-07-09 04:45:00,2025-07-09 05:45:00,L,18.213,18.537156492010276,18.08333740319589,18.537156492010276,2.5,2.345,tp,12
2025-07-09 05:50:00,2025-07-09 13:50:00,L,18.44,18.59,18.198304560006836,19.044238599982915,0.621,0.537,time,96
2025-07-09 16:55:00,2025-07-09 17:45:00,L,18.667,18.48993813596069,18.48993813596069,19.109654660098286,-1.0,-1.116,sl,10
2025-07-09 18:15:00,2025-07-09 20:35:00,L,18.714,19.321264382687232,18.471094246925105,19.321264382687232,2.5,2.415,tp,28
2025-07-09 20:40:00,2025-07-10 04:40:00,L,19.251,19.493,18.85392905026743,20.243677374331433,0.609,0.556,time,96
2025-07-10 07:35:00,2025-07-10 15:35:00,L,19.589,19.45,19.377592372303152,20.117519069242114,-0.657,-0.759,time,96
2025-07-10 16:30:00,2025-07-10 21:40:00,L,19.681,20.47538554123014,19.363245783507946,20.47538554123014,2.5,2.432,tp,62
2025-07-10 21:45:00,2025-07-11 05:45:00,L,20.473,21.191,19.854683768387286,22.01879057903178,1.161,1.125,time,96
2025-07-11 05:50:00,2025-07-11 06:40:00,L,21.191,20.8629706668097,20.8629706668097,22.01107333297574,-1.0,-1.071,sl,10
2025-07-11 09:40:00,2025-07-11 16:05:00,L,21.153,20.819836047061756,20.819836047061756,21.985909882345606,-1.0,-1.07,sl,77
2025-07-12 01:30:00,2025-07-12 09:30:00,L,20.855,20.843,20.360447177596374,22.091382056009067,-0.024,-0.071,time,96
2025-07-12 11:25:00,2025-07-12 12:35:00,L,21.042,20.792125154859885,20.792125154859885,21.66668711285029,-1.0,-1.093,sl,14
2025-07-12 15:20:00,2025-07-12 23:20:00,S,20.488,20.631,20.88192895497171,19.503177612570724,-0.363,-0.42,time,96
2025-07-13 00:30:00,2025-07-13 08:30:00,L,20.869,21.245,20.55612959303743,21.651176017406428,1.202,1.128,time,96
2025-07-13 09:15:00,2025-07-13 10:45:00,L,21.365,21.125792040270653,21.125792040270653,21.963019899323363,-1.0,-1.098,sl,18
2025-07-13 14:20:00,2025-07-13 16:50:00,L,21.504,21.135215696324718,21.135215696324718,22.42596075918821,-1.0,-1.064,sl,30
2025-07-13 18:45:00,2025-07-13 21:30:00,L,21.575,21.316842734910935,21.316842734910935,22.220393162722658,-1.0,-1.092,sl,33
2025-07-14 01:45:00,2025-07-14 09:45:00,L,21.415,21.842,21.151655020431015,22.07336244892246,1.621,1.532,time,96
2025-07-14 13:55:00,2025-07-14 15:05:00,L,21.955,21.569712653531628,21.569712653531628,22.918218366170926,-1.0,-1.063,sl,14
2025-07-14 18:40:00,2025-07-15 02:40:00,S,21.264,20.908,21.488717425058052,20.702206437354867,1.584,1.48,time,96
2025-07-15 03:05:00,2025-07-15 09:05:00,S,20.673,21.079999368114073,21.079999368114073,19.65550157971481,-1.0,-1.056,sl,72
2025-07-15 09:10:00,2025-07-15 17:10:00,L,21.141,21.352,20.581414303259304,22.539964241851735,0.377,0.336,time,96
2025-07-15 17:15:00,2025-07-15 18:00:00,L,21.352,21.85706665424378,21.149973338302487,21.85706665424378,2.5,2.384,tp,9
2025-07-15 18:05:00,2025-07-15 19:45:00,L,21.814,21.252023009005413,21.252023009005413,23.21894247748647,-1.0,-1.043,sl,20
2025-07-15 21:45:00,2025-07-16 05:45:00,L,21.882,21.869,21.50093076930851,22.834673076728727,-0.034,-0.097,time,96
2025-07-16 07:00:00,2025-07-16 15:00:00,L,22.004,22.34,21.775717053763458,22.574707365591358,1.472,1.366,time,96
2025-07-16 15:05:00,2025-07-16 15:35:00,L,22.34,21.906906492047842,21.906906492047842,23.422733769880395,-1.0,-1.057,sl,6
2025-07-16 16:35:00,2025-07-17 00:35:00,L,22.249,22.795,21.844435031642814,23.260412420892962,1.35,1.289,time,96
2025-07-17 05:45:00,2025-07-17 09:35:00,L,22.435,23.085642411423635,22.174743035430545,23.085642411423635,2.5,2.405,tp,46
2025-07-17 09:40:00,2025-07-17 13:40:00,L,23.134,22.592976529079472,22.592976529079472,24.48655867730132,-1.0,-1.047,sl,48
2025-07-17 19:15:00,2025-07-17 19:45:00,L,22.915,22.610966987667833,22.610966987667833,23.675082530830416,-1.0,-1.083,sl,6
2025-07-17 21:25:00,2025-07-18 05:25:00,L,22.952,24.756,22.16933847683321,24.908653807916977,2.305,2.273,time,96
2025-07-18 05:30:00,2025-07-18 07:55:00,L,24.756,24.314776523963264,24.314776523963264,25.859058690091842,-1.0,-1.062,sl,29
2025-07-18 13:00:00,2025-07-18 14:20:00,L,24.475,24.077010292957628,24.077010292957628,25.469974267605934,-1.0,-1.068,sl,16
2025-07-18 20:10:00,2025-07-19 03:40:00,S,23.494,23.764372118490297,23.764372118490297,22.818069703774256,-1.0,-1.096,sl,90
2025-07-19 03:45:00,2025-07-19 08:30:00,L,23.755,23.470833798186657,23.470833798186657,24.465415504533354,-1.0,-1.092,sl,57
2025-07-19 14:35:00,2025-07-19 16:20:00,S,23.48,23.741963481033803,23.741963481033803,22.825091297415494,-1.0,-1.099,sl,21
2025-07-19 16:35:00,2025-07-19 19:15:00,L,23.817,24.56777241084071,23.516691035663715,24.56777241084071,2.5,2.413,tp,32
2025-07-19 19:20:00,2025-07-20 03:20:00,L,24.687,24.486,23.837328873212147,26.811177816969636,-0.237,-0.269,time,96
2025-07-20 08:40:00,2025-07-20 16:10:00,L,24.893,25.529239878855428,24.63850404845783,25.529239878855428,2.5,2.392,tp,90
2025-07-20 16:15:00,2025-07-20 17:00:00,L,25.519,25.098672680177778,25.098672680177778,26.56981829955555,-1.0,-1.067,sl,9
2025-07-21 03:00:00,2025-07-21 06:05:00,L,25.256,25.760333811782534,25.054266475286987,25.760333811782534,2.5,2.362,tp,37
2025-07-21 06:10:00,2025-07-21 14:10:00,L,25.744,25.976,25.280277168509564,26.90330707872609,0.5,0.439,time,96
2025-07-21 15:15:00,2025-07-21 16:05:00,L,26.245,25.82803008557202,25.82803008557202,27.287424786069952,-1.0,-1.069,sl,10
2025-07-21 22:45:00,2025-07-22 01:00:00,L,25.592,25.320099602106005,25.320099602106005,26.271750994734983,-1.0,-1.104,sl,27
2025-07-22 01:45:00,2025-07-22 09:15:00,L,25.658,24.787680178638684,24.787680178638684,27.833799553403296,-1.0,-1.032,sl,90
2025-07-22 13:55:00,2025-07-22 21:55:00,S,25.121,25.368,25.711254764348663,23.645363089128338,-0.418,-0.465,time,96
2025-07-22 22:05:00,2025-07-23 06:05:00,L,25.463,25.587,25.15866742188223,26.223831445294422,0.407,0.315,time,96
2025-07-23 06:25:00,2025-07-23 13:15:00,S,25.385,24.353277828591757,25.7976888685633,24.353277828591757,2.5,2.432,tp,82
2025-07-23 13:20:00,2025-07-23 21:20:00,S,24.324,23.31,25.09639200770245,22.393019980743887,1.313,1.278,time,96
2025-07-23 21:30:00,2025-07-23 21:45:00,S,23.333,23.787408784680103,23.787408784680103,22.196978038299736,-1.0,-1.056,sl,3
2025-07-24 04:25:00,2025-07-24 06:40:00,S,23.851,22.96283131392879,24.206267474428483,22.96283131392879,2.5,2.426,tp,27
2025-07-24 06:45:00,2025-07-24 08:45:00,S,22.809,23.562631480386834,23.562631480386834,20.924921299032917,-1.0,-1.033,sl,24
2025-07-24 14:45:00,2025-07-24 22:45:00,L,24.032,23.94,23.44257381189083,25.50556547027292,-0.156,-0.201,time,96
2025-07-24 23:05:00,2025-07-25 03:30:00,S,23.75,22.98141228119423,24.057435087522308,22.98141228119423,2.5,2.415,tp,53
2025-07-25 03:35:00,2025-07-25 09:55:00,S,22.924,23.624824309952828,23.624824309952828,21.171939225117928,-1.0,-1.036,sl,76
2025-07-25 14:35:00,2025-07-25 20:45:00,S,23.31,23.820784786975246,23.820784786975246,22.033038032561883,-1.0,-1.05,sl,74
2025-07-25 20:50:00,2025-07-26 04:50:00,L,23.856,24.072,23.382959247645505,25.03860188088624,0.457,0.401,time,96
2025-07-26 05:40:00,2025-07-26 13:40:00,L,24.187,24.346,24.027418454067416,24.585953864831467,0.996,0.83,time,96
2025-07-26 14:10:00,2025-07-26 18:35:00,L,24.482,25.064626937835612,24.248949224865754,25.064626937835612,2.5,2.384,tp,53
2025-07-26 18:40:00,2025-07-27 02:40:00,L,25.066,24.966,24.515827988230313,26.44143002942421,-0.182,-0.232,time,96
2025-07-27 02:55:00,2025-07-27 03:20:00,L,25.08,24.877716985364458,24.877716985364458,25.58570753658885,-1.0,-1.136,sl,5
2025-07-27 05:40:00,2025-07-27 07:55:00,L,25.163,24.93464183843231,24.93464183843231,25.733895403919227,-1.0,-1.121,sl,27
2025-07-27 10:50:00,2025-07-27 18:50:00,L,25.125,25.4,24.72668494470569,26.12078763823578,0.69,0.621,time,96
2025-07-27 21:25:00,2025-07-27 22:45:00,L,25.62,26.24624221287802,25.369503114848794,26.24624221287802,2.5,2.387,tp,16
2025-07-27 22:50:00,2025-07-28 06:50:00,L,26.429,26.649,25.488368149805517,28.780579625486205,0.234,0.203,time,96
2025-07-28 06:55:00,2025-07-28 07:30:00,L,26.649,26.371993786662326,26.371993786662326,27.341515533344186,-1.0,-1.106,sl,7
2025-07-28 09:50:00,2025-07-28 14:15:00,L,27.02,26.51921123775364,26.51921123775364,28.271971905615896,-1.0,-1.059,sl,53
2025-07-28 18:05:00,2025-07-29 02:05:00,S,25.64,24.637,26.075949423041994,24.55012644239502,2.301,2.236,time,96
2025-07-29 02:20:00,2025-07-29 03:55:00,S,24.454,25.04672190886569,25.04672190886569,22.972195227835783,-1.0,-1.045,sl,19
2025-07-29 09:50:00,2025-07-29 16:15:00,S,25.01,24.16866281526027,25.346534873895894,24.16866281526027,2.5,2.418,tp,77
2025-07-29 16:20:00,2025-07-30 00:20:00,S,24.144,24.186,24.63784738163305,22.909381545917366,-0.085,-0.139,time,96
2025-07-30 01:20:00,2025-07-30 01:40:00,S,24.04,24.31600981589137,24.31600981589137,23.349975460271573,-1.0,-1.096,sl,4
2025-07-30 05:00:00,2025-07-30 11:50:00,S,24.077,23.33523332195731,24.37370667121708,23.33523332195731,2.5,2.411,tp,82
2025-07-30 11:55:00,2025-07-30 19:05:00,S,23.385,22.532762075336002,23.725895169865602,22.532762075336002,2.5,2.425,tp,86
2025-07-30 19:10:00,2025-07-31 03:10:00,S,22.499,23.576,23.646712141274996,19.629719646812504,-0.938,-0.96,time,96
2025-07-31 05:05:00,2025-07-31 11:50:00,L,23.933,23.624534288904417,23.624534288904417,24.704164277738954,-1.0,-1.085,sl,81
2025-07-31 11:55:00,2025-07-31 19:55:00,S,23.58,22.805,24.04179916816328,22.425502079591794,1.678,1.622,time,96
2025-07-31 20:05:00,2025-08-01 00:50:00,S,22.709,21.87331089918016,23.043275640327934,21.87331089918016,2.5,2.425,tp,57
2025-08-01 00:55:00,2025-08-01 03:20:00,S,22.114,22.532976608746242,22.532976608746242,21.066558478134397,-1.0,-1.058,sl,29
2025-08-01 05:00:00,2025-08-01 13:00:00,S,22.149,22.198,22.418519184195105,21.47520203951224,-0.182,-0.272,time,96
2025-08-01 13:50:00,2025-08-01 14:25:00,S,21.7,22.27366765997125,22.27366765997125,20.265830850071875,-1.0,-1.042,sl,7
2025-08-01 17:40:00,2025-08-02 01:40:00,S,21.699,21.668,22.114085070139666,20.661287324650843,0.075,0.017,time,96
2025-08-02 06:20:00,2025-08-02 14:20:00,S,21.477,21.491,21.793881908345554,20.684795229136114,-0.044,-0.119,time,96
2025-08-02 14:45:00,2025-08-02 22:45:00,S,21.315,21.04,21.65600606133327,20.462484846666833,0.806,0.738,time,96
2025-08-03 14:20:00,2025-08-03 16:50:00,S,21.258,21.44570244721142,21.44570244721142,20.788743881971445,-1.0,-1.125,sl,30
2025-08-04 00:40:00,2025-08-04 08:40:00,L,21.555,21.973,21.32165623985309,22.13835940036727,1.791,1.69,time,96
2025-08-04 14:00:00,2025-08-04 22:00:00,L,22.17,23.002,21.754156875793495,23.209607810516268,2.001,1.942,time,96
2025-08-04 22:05:00,2025-08-05 06:05:00,L,23.002,22.734,22.555123174464132,24.119192063839666,-0.6,-0.656,time,96
2025-08-05 10:00:00,2025-08-05 12:35:00,L,22.584,22.28545542532037,22.28545542532037,23.33036143669907,-1.0,-1.083,sl,31
2025-08-05 14:10:00,2025-08-05 21:50:00,S,22.207,21.585153143705774,22.455738742517692,21.585153143705774,2.5,2.402,tp,92
2025-08-05 22:05:00,2025-08-05 22:45:00,S,21.472,21.75921250821065,21.75921250821065,20.753968729473385,-1.0,-1.082,sl,8
2025-08-06 04:10:00,2025-08-06 05:05:00,S,21.584,21.765469149504263,21.765469149504263,21.130327126239344,-1.0,-1.131,sl,11
2025-08-06 05:20:00,2025-08-06 13:20:00,L,22.02,21.874,21.552334881385267,23.18916279653683,-0.312,-0.364,time,96
2025-08-06 15:05:00,2025-08-06 23:05:00,L,22.14,22.281,21.780157927063783,23.039605182340544,0.392,0.324,time,96
2025-08-06 23:10:00,2025-08-07 00:05:00,L,22.281,22.18242578525844,22.18242578525844,22.527435536853893,-1.0,-1.249,sl,11
2025-08-07 02:45:00,2025-08-07 06:05:00,S,22.034,22.27674246353152,22.27674246353152,21.427143841171198,-1.0,-1.1,sl,40
2025-08-07 06:10:00,2025-08-07 14:10:00,L,22.25,22.627,21.92916125821807,23.052096854454824,1.175,1.099,time,96
2025-08-07 19:45:00,2025-08-08 00:00:00,L,22.686,23.357925842399183,22.417229663040327,23.357925842399183,2.5,2.407,tp,51
2025-08-08 00:05:00,2025-08-08 00:05:00,L,23.27,23.172066126156082,23.172066126156082,23.514834684609795,-1.0,-1.261,sl,0
2025-08-08 00:40:00,2025-08-08 01:05:00,L,23.51,22.990857627579885,22.990857627579885,24.80785593105029,-1.0,-1.05,sl,5
2025-08-08 07:00:00,2025-08-08 15:00:00,L,23.406,23.275,23.0244150122459,24.359962469385245,-0.343,-0.411,time,96
2025-08-08 17:40:00,2025-08-09 01:40:00,L,23.638,23.994,23.138445747276158,24.886885631809612,0.713,0.661,time,96
2025-08-09 01:55:00,2025-08-09 09:55:00,L,24.03,24.659,23.765700273978034,24.69074931505492,2.38,2.28,time,96
2025-08-09 10:00:00,2025-08-09 13:45:00,L,24.659,24.378551058312645,24.378551058312645,25.360122354218383,-1.0,-1.097,sl,45
2025-08-09 18:55:00,2025-08-09 23:25:00,L,24.463,24.239181506115813,24.239181506115813,25.02254623471047,-1.0,-1.12,sl,54
2025-08-10 04:40:00,2025-08-10 05:25:00,L,24.508,24.19095234671719,24.19095234671719,25.30061913320702,-1.0,-1.085,sl,9
2025-08-10 06:05:00,2025-08-10 14:05:00,S,24.063,23.594,24.47032515823693,23.044687104407675,1.151,1.086,time,96
2025-08-10 15:30:00,2025-08-10 20:20:00,L,24.013,23.68591585317035,23.68591585317035,24.830710367074133,-1.0,-1.081,sl,58
2025-08-10 20:25:00,2025-08-11 00:30:00,S,23.666,23.96004438734262,23.96004438734262,22.930889031643453,-1.0,-1.089,sl,49
2025-08-11 02:05:00,2025-08-11 10:05:00,L,24.146,23.968,23.645616922099382,25.39695769475155,-0.356,-0.409,time,96
2025-08-11 10:20:00,2025-08-11 12:30:00,S,23.952,23.14845433306523,24.27341826677391,23.14845433306523,2.5,2.418,tp,26
2025-08-11 12:35:00,2025-08-11 14:00:00,S,23.329,23.600073947548974,23.600073947548974,22.651315131127568,-1.0,-1.095,sl,17
2025-08-11 18:05:00,2025-08-12 02:05:00,S,23.334,23.079,23.73293984120315,22.33665039699212,0.639,0.575,time,96
2025-08-12 05:25:00,2025-08-12 08:45:00,S,22.972,23.208631811885326,23.208631811885326,22.38042047028669,-1.0,-1.107,sl,40
2025-08-12 12:45:00,2025-08-12 20:45:00,L,23.595,24.779,22.857810448745077,25.437973878137303,1.606,1.571,time,96
2025-08-13 03:05:00,2025-08-13 11:05:00,L,24.888,25.186,24.369668587421565,26.183828531446096,0.575,0.522,time,96
2025-08-13 21:10:00,2025-08-13 21:50:00,L,25.545,25.2172761297006,25.2172761297006,26.364309675748505,-1.0,-1.086,sl,8
2025-08-13 22:50:00,2025-08-14 06:15:00,L,25.638,25.20691451714956,25.20691451714956,26.715713707126106,-1.0,-1.065,sl,89
2025-08-14 12:35:00,2025-08-14 20:35:00,S,23.626,23.484,25.160241563984346,19.79039609003914,0.093,0.076,time,96
2025-08-14 21:30:00,2025-08-14 23:25:00,S,23.328,23.63372834706726,23.63372834706726,22.563679132331842,-1.0,-1.084,sl,23
2025-08-15 03:10:00,2025-08-15 04:00:00,L,24.185,25.044628780337092,23.841148487865162,25.044628780337092,2.5,2.423,tp,10
2025-08-15 04:05:00,2025-08-15 12:05:00,L,25.035,24.592,23.908126749308412,27.85218312672897,-0.393,-0.418,time,96
2025-08-15 12:20:00,2025-08-15 12:30:00,S,24.485,24.719927330113048,24.719927330113048,23.897681674717376,-1.0,-1.115,sl,2
2025-08-15 12:35:00,2025-08-15 14:30:00,S,24.532,24.03554061935146,24.730583752259417,24.03554061935146,2.5,2.364,tp,23
2025-08-15 14:35:00,2025-08-15 22:35:00,S,24.058,23.868,24.51227167067762,22.92232082330595,0.418,0.36,time,96
2025-08-16 06:40:00,2025-08-16 07:15:00,S,23.657,23.79462971701992,23.79462971701992,23.3129257074502,-1.0,-1.189,sl,7
2025-08-16 10:05:00,2025-08-16 15:25:00,S,23.703,24.093788501658754,24.093788501658754,22.726028745853114,-1.0,-1.067,sl,64
2025-08-16 15:30:00,2025-08-16 23:30:00,L,24.074,24.17,23.715275437488714,24.970811406278223,0.268,0.194,time,96
2025-08-17 00:50:00,2025-08-17 02:55:00,S,24.07,24.311144861374952,24.311144861374952,23.467137846562622,-1.0,-1.11,sl,25
2025-08-17 03:00:00,2025-08-17 11:00:00,L,24.352,24.718,24.019311107502453,25.18372223124387,1.1,1.02,time,96
2025-08-17 14:30:00,2025-08-17 22:30:00,L,24.944,25.256,24.59491504070668,25.816712398233292,0.894,0.815,time,96
2025-08-18 00:50:00,2025-08-18 01:25:00,L,25.276,24.82424085980981,24.82424085980981,26.405397850475477,-1.0,-1.062,sl,7
2025-08-18 02:05:00,2025-08-18 10:05:00,S,24.571,23.685,25.25827658339481,22.852808541512978,1.289,1.25,time,96
2025-08-18 14:00:00,2025-08-18 22:00:00,S,23.548,24.011,24.180422680260985,21.96694329934753,-0.732,-0.773,time,96
2025-08-19 00:25:00,2025-08-19 00:50:00,S,23.57,23.853859257621142,23.853859257621142,22.860351855947144,-1.0,-1.091,sl,5
2025-08-19 03:25:00,2025-08-19 11:25:00,S,23.385,23.339,23.64720154856476,22.72949612858811,0.175,0.077,time,96
2025-08-19 13:45:00,2025-08-19 21:45:00,S,22.991,22.639,23.484414872947575,21.757462817631062,0.713,0.662,time,96
2025-08-19 23:40:00,2025-08-20 03:25:00,S,22.379,22.67929779893525,22.67929779893525,21.628255502661883,-1.0,-1.082,sl,45
2025-08-20 11:35:00,2025-08-20 12:00:00,S,22.681,22.994349912761482,22.994349912761482,21.897625218096298,-1.0,-1.08,sl,5
2025-08-20 14:10:00,2025-08-20 14:45:00,S,22.415,22.981401623843656,22.981401623843656,20.998995940390856,-1.0,-1.044,sl,7
2025-08-20 16:20:00,2025-08-20 18:25:00,L,23.353,23.002598073060756,23.002598073060756,24.229004817348113,-1.0,-1.073,sl,25
2025-08-20 19:25:00,2025-08-21 03:25:00,L,23.456,23.425,22.938977850925973,24.748555372685068,-0.06,-0.11,time,96
2025-08-21 08:55:00,2025-08-21 16:55:00,S,23.149,22.831,23.442134196899495,22.416164507751265,1.085,0.998,time,96
2025-08-21 17:00:00,2025-08-22 01:00:00,S,22.831,22.761,23.094106931264847,22.17323267183788,0.266,0.171,time,96
2025-08-22 10:35:00,2025-08-22 12:30:00,S,22.821,22.205785257496494,23.067085897001405,22.205785257496494,2.5,2.398,tp,23
2025-08-22 12:35:00,2025-08-22 13:40:00,S,22.285,22.67625269765229,22.67625269765229,21.306868255869272,-1.0,-1.063,sl,13
2025-08-22 14:05:00,2025-08-22 20:25:00,L,23.148,25.250205971377486,22.307117611449005,25.250205971377486,2.5,2.47,tp,76
2025-08-22 20:30:00,2025-08-23 01:15:00,L,25.208,24.93977165072361,24.93977165072361,25.878570873190966,-1.0,-1.103,sl,57
2025-08-23 04:50:00,2025-08-23 12:50:00,L,25.196,26.11,24.773933400561535,26.251166498596167,2.166,2.1,time,96
2025-08-23 13:05:00,2025-08-23 15:40:00,L,26.352,25.75437115953055,25.75437115953055,27.846072101173625,-1.0,-1.049,sl,31
2025-08-23 19:20:00,2025-08-24 03:20:00,L,25.879,25.898,25.630581691668223,26.50004577082945,0.076,-0.038,time,96
2025-08-24 10:20:00,2025-08-24 15:05:00,S,25.31,25.587099748089436,25.587099748089436,24.617250629776407,-1.0,-1.1,sl,57
2025-08-24 15:10:00,2025-08-24 23:10:00,L,25.664,25.823,25.008363802196627,27.30309049450844,0.243,0.199,time,96
2025-08-25 00:45:00,2025-08-25 08:45:00,S,25.237,24.309,26.004463630821874,23.31834092294531,1.209,1.173,time,96
2025-08-25 10:30:00,2025-08-25 13:25:00,S,24.065,24.36154903489846,24.36154903489846,23.323627412753858,-1.0,-1.089,sl,35
2025-08-25 17:10:00,2025-08-25 20:35:00,S,24.011,23.162756334793478,24.35029746608261,23.162756334793478,2.5,2.422,tp,41
2025-08-25 20:40:00,2025-08-26 04:40:00,S,23.152,23.462,23.760747828748073,21.63013042812982,-0.509,-0.551,time,96
2025-08-26 06:25:00,2025-08-26 10:45:00,S,23.248,23.561078688210447,23.561078688210447,22.465303279473886,-1.0,-1.082,sl,52
2025-08-26 19:25:00,2025-08-27 03:25:00,L,23.979,24.096,23.759839176190106,24.526902059524733,0.534,0.414,time,96
2025-08-27 03:40:00,2025-08-27 03:50:00,L,24.153,24.425737664197445,24.04390493432102,24.425737664197445,2.5,2.256,tp,2
2025-08-27 03:55:00,2025-08-27 11:55:00,L,24.41,24.503,24.041399567615787,25.331501080960532,0.252,0.179,time,96
2025-08-27 13:00:00,2025-08-27 20:05:00,L,24.71,24.445573610519382,24.445573610519382,25.371065973701548,-1.0,-1.103,sl,85
2025-08-28 01:35:00,2025-08-28 09:35:00,L,24.669,24.577,24.217354475894975,25.798113810262564,-0.204,-0.264,time,96
2025-08-28 11:20:00,2025-08-28 12:30:00,S,24.405,24.55095189418686,24.55095189418686,24.040120264532856,-1.0,-1.184,sl,14
2025-08-28 12:45:00,2025-08-28 16:55:00,L,24.597,24.36740195631257,24.36740195631257,25.17099510921858,-1.0,-1.118,sl,50
2025-08-28 19:55:00,2025-08-28 21:50:00,S,24.212,24.48487940425074,24.48487940425074,23.52980148937315,-1.0,-1.098,sl,23
2025-08-28 22:00:00,2025-08-29 06:00:00,L,24.49,24.968,24.197930956829723,25.22017260792569,1.637,1.544,time,96
2025-08-29 07:05:00,2025-08-29 09:00:00,S,24.608,23.557796499017577,25.02808140039297,23.557796499017577,2.5,2.436,tp,23
2025-08-29 09:05:00,2025-08-29 12:30:00,S,23.515,24.228873284849247,24.228873284849247,21.730316787876887,-1.0,-1.036,sl,41
2025-08-29 13:50:00,2025-08-29 21:50:00,S,23.687,23.55,24.27745288071339,22.210867798216526,0.232,0.188,time,96
2025-08-30 01:30:00,2025-08-30 03:20:00,S,23.311,23.52898678556173,23.52898678556173,22.76603303609567,-1.0,-1.118,sl,22
2025-08-30 09:10:00,2025-08-30 15:15:00,S,23.634,23.783207160645237,23.783207160645237,23.26098209838691,-1.0,-1.174,sl,73
2025-08-30 15:20:00,2025-08-30 23:20:00,L,23.767,23.768,23.413026962622638,24.651932593443405,0.003,-0.071,time,96
2025-08-31 00:25:00,2025-08-31 00:40:00,L,23.806,23.955674383926606,23.74613024642936,23.955674383926606,2.5,2.063,tp,3
2025-08-31 00:45:00,2025-08-31 08:45:00,L,23.968,24.156,23.748505106131056,24.516737234672362,0.857,0.736,time,96
2025-08-31 08:50:00,2025-08-31 10:45:00,L,24.156,23.8261958137219,23.8261958137219,24.980510465695247,-1.0,-1.081,sl,23
2025-08-31 13:05:00,2025-08-31 13:30:00,L,24.069,23.95908752178078,23.95908752178078,24.343781195548047,-1.0,-1.241,sl,5
2025-08-31 19:30:00,2025-09-01 00:00:00,S,23.84,23.35345615937287,24.034617536250853,23.35345615937287,2.5,2.365,tp,54
2025-09-01 00:05:00,2025-09-01 07:50:00,S,23.258,23.69612335521163,23.69612335521163,22.162691611970924,-1.0,-1.058,sl,93
2025-09-01 07:55:00,2025-09-01 15:55:00,L,23.716,23.648,22.943949070371655,25.646127324070868,-0.088,-0.122,time,96
2025-09-01 16:05:00,2025-09-01 21:40:00,S,23.573,22.8678715518828,23.85505137924688,22.8678715518828,2.5,2.408,tp,67
2025-09-01 21:45:00,2025-09-02 01:40:00,S,22.769,23.311752028056063,23.311752028056063,21.412119929859838,-1.0,-1.046,sl,47
2025-09-02 02:40:00,2025-09-02 06:20:00,L,23.346,24.097747119276605,23.04530115228936,24.097747119276605,2.5,2.415,tp,44
2025-09-02 06:25:00,2025-09-02 07:45:00,L,24.091,23.882082106724695,23.882082106724695,24.613294733188265,-1.0,-1.127,sl,16
2025-09-02 09:20:00,2025-09-02 12:40:00,L,24.161,23.806243037886127,23.806243037886127,25.04789240528469,-1.0,-1.075,sl,40
2025-09-02 12:45:00,2025-09-02 14:00:00,S,23.735,24.150828907043707,24.150828907043707,22.695427732390733,-1.0,-1.063,sl,15
2025-09-02 14:35:00,2025-09-02 22:35:00,L,24.169,24.389,23.48126894916262,25.888327627093453,0.32,0.281,time,96
2025-09-02 22:40:00,2025-09-03 06:40:00,L,24.389,24.588,24.197690173914207,24.86727456521448,1.04,0.9,time,96
2025-09-03 08:00:00,2025-09-03 08:15:00,L,24.742,25.41113329530272,24.474346681878913,25.41113329530272,2.5,2.398,tp,3
2025-09-03 08:20:00,2025-09-03 16:20:00,L,25.556,25.354,24.466018085553454,28.280954786116368,-0.185,-0.211,time,96
2025-09-04 02:05:00,2025-09-04 04:40:00,L,25.237,25.020337123636104,25.020337123636104,25.778657190909733,-1.0,-1.128,sl,31
2025-09-04 06:40:00,2025-09-04 08:05:00,S,24.744,24.886453651539217,24.886453651539217,24.38786587115196,-1.0,-1.191,sl,17
2025-09-04 10:35:00,2025-09-04 11:15:00,S,24.644,24.797599072464916,24.797599072464916,24.260002318837707,-1.0,-1.176,sl,8
2025-09-04 17:45:00,2025-09-05 00:45:00,S,24.431,23.890056522522407,24.64737739099104,23.890056522522407,2.5,2.376,tp,84
2025-09-05 00:50:00,2025-09-05 03:00:00,S,23.941,24.301237229389436,24.301237229389436,23.04040692652641,-1.0,-1.073,sl,26
2025-09-05 07:25:00,2025-09-05 14:35:00,L,24.614,24.322996395640196,24.322996395640196,25.341509010899514,-1.0,-1.093,sl,86
2025-09-05 14:40:00,2025-09-05 22:40:00,S,24.31,24.381,24.99813181809219,22.589670454769518,-0.103,-0.142,time,96
2025-09-06 02:30:00,2025-09-06 03:05:00,S,24.325,24.4234260544436,24.4234260544436,24.078934863891,-1.0,-1.272,sl,7
2025-09-06 04:20:00,2025-09-06 12:20:00,S,24.263,24.151,24.467766745508623,23.75108313622845,0.547,0.417,time,96
2025-09-06 16:40:00,2025-09-07 00:40:00,L,24.435,24.434,24.167896277440505,25.10275930639873,-0.004,-0.104,time,96
2025-09-07 01:35:00,2025-09-07 09:35:00,L,24.505,24.455,24.314962093972717,24.980094765068202,-0.263,-0.405,time,96
2025-09-07 13:55:00,2025-09-07 17:15:00,L,24.6,24.40930205384384,24.40930205384384,25.076744865390403,-1.0,-1.142,sl,40
2025-09-07 17:20:00,2025-09-07 19:40:00,S,24.375,24.56264506961522,24.56264506961522,23.905887325961956,-1.0,-1.143,sl,28
2025-09-07 19:45:00,2025-09-08 03:45:00,L,24.536,24.921,24.240918753724305,25.273703115689244,1.305,1.213,time,96
2025-09-08 07:10:00,2025-09-08 15:10:00,L,24.963,25.618,24.60518672495977,25.85753318760058,1.831,1.754,time,96
2025-09-08 15:15:00,2025-09-08 23:15:00,L,25.618,25.435,25.183789843632947,26.703525390917626,-0.421,-0.486,time,96
2025-09-09 04:55:00,2025-09-09 06:45:00,L,25.272,25.89197302001874,25.024010791992502,25.89197302001874,2.5,2.388,tp,22
2025-09-09 06:50:00,2025-09-09 14:50:00,L,25.913,25.833,25.20378855636885,27.68602860907788,-0.113,-0.153,time,96
2025-09-10 02:25:00,2025-09-10 10:25:00,L,26.197,26.444,25.812096695997653,27.159258260005863,0.642,0.567,time,96
2025-09-10 11:55:00,2025-09-10 12:30:00,L,26.894,27.515437048381983,26.645425180647205,27.515437048381983,2.5,2.381,tp,7
2025-09-10 12:35:00,2025-09-10 20:35:00,L,27.514,28.683,26.696888392834204,29.556779017914486,1.431,1.394,time,96
2025-09-10 21:10:00,2025-09-11 04:05:00,L,28.903,29.953018797724027,28.482992480910386,29.953018797724027,2.5,2.424,tp,83
2025-09-11 04:10:00,2025-09-11 05:50:00,L,29.583,28.79877204627424,28.79877204627424,31.543569884314394,-1.0,-1.041,sl,20
2025-09-11 10:10:00,2025-09-11 12:30:00,L,29.062,28.697121764206113,28.697121764206113,29.974195589484722,-1.0,-1.088,sl,28
2025-09-11 22:25:00,2025-09-12 03:20:00,L,29.076,28.78270731852788,28.78270731852788,29.809231703680304,-1.0,-1.109,sl,59
2025-09-12 06:00:00,2025-09-12 10:05:00,L,28.983,28.439127801418824,28.439127801418824,30.342680496452942,-1.0,-1.059,sl,49
2025-09-12 11:10:00,2025-09-12 11:20:00,S,28.427,28.51272633271152,28.51272633271152,28.2126841682212,-1.0,-1.365,sl,2
2025-09-12 11:50:00,2025-09-12 14:05:00,S,28.372,28.51867331257699,28.51867331257699,28.005316718557523,-1.0,-1.213,sl,27
2025-09-12 14:20:00,2025-09-12 22:20:00,L,28.601,28.697,28.346108333182606,29.23822916704348,0.377,0.253,time,96
2025-09-12 23:30:00,2025-09-13 02:40:00,L,28.783,29.18249422146883,28.62320231141247,29.18249422146883,2.5,2.302,tp,38
2025-09-13 02:45:00,2025-09-13 03:50:00,L,29.159,30.26080572320332,28.71827771071867,30.26080572320332,2.5,2.427,tp,13
2025-09-13 03:55:00,2025-09-13 11:55:00,L,30.224,30.475,29.4082194157844,32.263451460538995,0.308,0.267,time,96
2025-09-13 20:35:00,2025-09-14 00:10:00,L,29.766,30.205651923496426,29.590139230601427,30.205651923496426,2.5,2.314,tp,43
2025-09-14 00:15:00,2025-09-14 01:10:00,L,30.084,29.84246775624832,29.84246775624832,30.687830609379205,-1.0,-1.137,sl,11
2025-09-14 04:50:00,2025-09-14 12:40:00,L,30.245,29.605100768778307,29.605100768778307,31.844748078054238,-1.0,-1.052,sl,94
2025-09-14 12:45:00,2025-09-14 20:45:00,S,29.542,29.556,29.88031162742471,28.69622093143823,-0.041,-0.137,time,96
2025-09-14 21:15:00,2025-09-14 22:30:00,S,29.458,29.70908965909367,29.70908965909367,28.830275852265817,-1.0,-1.129,sl,15
2025-09-14 22:40:00,2025-09-15 01:20:00,L,29.818,29.301523355766182,29.301523355766182,31.10919161058455,-1.0,-1.064,sl,32
2025-09-15 01:25:00,2025-09-15 04:25:00,S,29.285,29.805253985099306,29.805253985099306,27.984365037251735,-1.0,-1.062,sl,36
2025-09-15 05:15:00,2025-09-15 06:35:00,L,29.907,29.54667619478194,29.54667619478194,30.807809513045147,-1.0,-1.091,sl,16
2025-09-15 06:40:00,2025-09-15 14:40:00,S,29.539,28.764,30.261259368992505,27.733351577518743,1.073,1.028,time,96
2025-09-15 15:35:00,2025-09-15 19:35:00,S,28.461,28.92273471959515,28.92273471959515,27.306663201012114,-1.0,-1.068,sl,48
2025-09-15 20:10:00,2025-09-16 04:10:00,L,29.381,29.269,28.708007883005447,31.063480292486382,-0.166,-0.214,time,96
2025-09-16 06:15:00,2025-09-16 08:00:00,L,29.797,30.70074102632879,29.435503589468485,30.70074102632879,2.5,2.409,tp,21
2025-09-16 08:05:00,2025-09-16 14:15:00,L,30.66,29.666761141197767,29.666761141197767,33.143097147005584,-1.0,-1.034,sl,74
2025-09-16 17:15:00,2025-09-17 01:15:00,L,30.35,30.071,29.86392352272141,31.565191193196476,-0.574,-0.643,time,96
2025-09-17 04:00:00,2025-09-17 06:35:00,S,29.706,30.11473612654199,30.11473612654199,28.68415968364502,-1.0,-1.08,sl,31
2025-09-17 06:40:00,2025-09-17 14:40:00,L,30.158,29.674,29.491799536722514,31.82350115819372,-0.727,-0.776,time,96
2025-09-17 14:55:00,2025-09-17 17:30:00,S,29.634,29.797140572536506,29.797140572536506,29.226148568658736,-1.0,-1.2,sl,31
2025-09-17 22:15:00,2025-09-17 22:55:00,L,30.351,31.81343304905557,29.76602678037777,31.81343304905557,2.5,2.443,tp,8
2025-09-17 23:00:00,2025-09-18 07:00:00,L,31.541,32.575,30.028931580170838,35.32117104957291,0.684,0.661,time,96
2025-09-18 08:25:00,2025-09-18 16:25:00,L,32.978,33.178,32.443663058070335,34.31384235482417,0.374,0.306,time,96
2025-09-18 17:10:00,2025-09-19 01:10:00,L,34.02,35.132,33.07814839359294,36.374629016017664,1.181,1.141,time,96
2025-09-19 01:25:00,2025-09-19 03:25:00,L,35.641,34.92067409912517,34.92067409912517,37.441814752187064,-1.0,-1.054,sl,24
2025-09-20 10:50:00,2025-09-20 14:55:00,S,33.229,33.797745153665836,33.797745153665836,31.807137115835406,-1.0,-1.064,sl,49
2025-09-20 15:00:00,2025-09-20 18:35:00,L,33.718,33.115220237000905,33.115220237000905,35.224949407497746,-1.0,-1.062,sl,43
2025-09-20 18:40:00,2025-09-21 02:40:00,S,33.111,32.943,33.52334185481941,32.08014536295147,0.407,0.319,time,96
2025-09-21 08:15:00,2025-09-21 09:40:00,S,32.875,33.043536549244706,33.043536549244706,32.453658626888235,-1.0,-1.215,sl,17
2025-09-21 17:20:00,2025-09-21 19:50:00,S,32.735,33.027879232879656,33.027879232879656,32.00280191780086,-1.0,-1.123,sl,30
2025-09-22 00:50:00,2025-09-22 08:50:00,S,31.991,30.915,33.15572484455408,29.0791878886148,0.924,0.894,time,96
2025-09-22 20:00:00,2025-09-22 20:30:00,S,31.362,31.904178322690502,31.904178322690502,30.00655419327374,-1.0,-1.064,sl,6
2025-09-22 21:05:00,2025-09-23 03:40:00,L,32.384,35.104492167059455,31.295803133176218,35.104492167059455,2.5,2.467,tp,79
2025-09-23 03:45:00,2025-09-23 11:45:00,L,35.09,34.405,32.70364502176968,41.055887445575806,-0.287,-0.303,time,96
2025-09-23 14:15:00,2025-09-23 19:45:00,L,34.894,34.00982491426924,34.00982491426924,37.1044377143269,-1.0,-1.043,sl,66
2025-09-24 00:40:00,2025-09-24 03:25:00,L,34.132,33.545225142548134,33.545225142548134,35.598937143629655,-1.0,-1.064,sl,33
2025-09-24 03:30:00,2025-09-24 06:25:00,S,33.394,34.18784418182953,34.18784418182953,31.409389545426162,-1.0,-1.046,sl,35
2025-09-24 06:30:00,2025-09-24 14:30:00,L,34.229,34.374,33.84592412838762,35.18668967903094,0.379,0.28,time,96
2025-09-24 15:50:00,2025-09-24 19:40:00,L,34.506,34.25817631030525,34.25817631030525,35.125559224236866,-1.0,-1.153,sl,46
2025-09-24 20:10:00,2025-09-24 21:45:00,S,34.173,33.10875029116111,34.59869988353556,33.10875029116111,2.5,2.412,tp,19
2025-09-24 21:50:00,2025-09-25 04:35:00,S,33.025,31.022119325239213,33.82615226990431,31.022119325239213,2.5,2.455,tp,81
2025-09-25 04:40:00,2025-09-25 12:40:00,S,30.972,30.539,31.95899153341945,28.50452116645138,0.439,0.404,time,96
2025-09-25 16:05:00,2025-09-25 17:55:00,S,30.025,29.21122859006359,30.35050856397456,29.21122859006359,2.5,2.399,tp,22
2025-09-25 18:00:00,2025-09-25 18:45:00,S,29.185,29.668065438545675,29.668065438545675,27.97733640363581,-1.0,-1.066,sl,9
2025-09-25 21:35:00,2025-09-26 05:35:00,S,28.922,28.063,29.37476258924152,27.7900935268962,1.897,1.827,time,96
2025-09-26 06:05:00,2025-09-26 08:05:00,S,27.884,28.439653150088123,28.439653150088123,26.494867124779695,-1.0,-1.055,sl,24
2025-09-26 09:45:00,2025-09-26 16:35:00,S,27.978,28.512176532654735,28.512176532654735,26.64255866836317,-1.0,-1.058,sl,82
2025-09-27 07:40:00,2025-09-27 14:35:00,S,28.639,28.819828962288582,28.819828962288582,28.186927594278544,-1.0,-1.174,sl,83
2025-09-28 02:45:00,2025-09-28 09:40:00,S,28.358,28.5284605288077,28.5284605288077,27.931848677980753,-1.0,-1.183,sl,83
2025-09-28 11:30:00,2025-09-28 13:20:00,S,28.108,28.39227967292553,28.39227967292553,27.39730081768618,-1.0,-1.109,sl,22
2025-09-28 13:25:00,2025-09-28 21:25:00,L,28.43,29.101,27.892084932922224,29.77478766769444,1.247,1.189,time,96
2025-09-28 22:10:00,2025-09-29 06:10:00,L,29.382,29.324,28.9352686245265,30.498828438683752,-0.13,-0.202,time,96
2025-09-29 07:50:00,2025-09-29 11:00:00,L,29.684,29.29452731190102,29.29452731190102,30.657681720247453,-1.0,-1.084,sl,38
2025-09-29 14:10:00,2025-09-29 22:10:00,L,29.874,30.543,29.134062201977617,31.723844495055953,0.904,0.86,time,96
2025-09-30 07:25:00,2025-09-30 15:15:00,S,29.573,28.87172255506684,29.853510977973265,28.87172255506684,2.5,2.384,tp,94
2025-09-30 15:20:00,2025-09-30 18:40:00,S,28.93,29.345075116058002,29.345075116058002,27.892312209854992,-1.0,-1.077,sl,40
2025-09-30 19:05:00,2025-10-01 03:05:00,L,29.581,29.919,28.8421026277436,31.428243430640997,0.457,0.413,time,96
2025-10-01 03:35:00,2025-10-01 04:30:00,S,29.778,30.014465263743237,30.014465263743237,29.186836840641902,-1.0,-1.139,sl,11
2025-10-01 07:40:00,2025-10-01 08:40:00,L,29.954,30.713410525450744,29.650235789819703,30.713410525450744,2.5,2.392,tp,12
2025-10-01 08:45:00,2025-10-01 16:45:00,L,30.732,30.49,29.940155326956337,32.71161168260916,-0.306,-0.348,time,96
2025-10-02 00:10:00,2025-10-02 00:55:00,L,30.843,30.492497792931626,30.492497792931626,31.719255517670934,-1.0,-1.097,sl,9
2025-10-02 02:45:00,2025-10-02 04:10:00,L,31.314,30.611695873202173,30.611695873202173,33.06976031699457,-1.0,-1.049,sl,17
2025-10-02 11:50:00,2025-10-02 12:00:00,L,30.607,30.48532084768412,30.48532084768412,30.911197880789693,-1.0,-1.277,sl,2
2025-10-02 12:45:00,2025-10-02 13:15:00,L,30.69,30.477413784983312,30.477413784983312,31.221465537541725,-1.0,-1.159,sl,6
2025-10-02 13:20:00,2025-10-02 18:55:00,S,30.038,30.750819316099808,30.750819316099808,28.255951709750484,-1.0,-1.046,sl,67
2025-10-02 19:00:00,2025-10-03 03:00:00,L,30.681,30.88,30.426084047228358,31.31828988192911,0.781,0.648,time,96
2025-10-03 03:25:00,2025-10-03 05:40:00,L,30.88,30.552270497188122,30.552270497188122,31.699323757029692,-1.0,-1.104,sl,27
2025-10-03 06:50:00,2025-10-03 13:30:00,S,30.416,30.600246046496867,30.600246046496867,29.955384883757834,-1.0,-1.182,sl,80
2025-10-03 15:35:00,2025-10-03 23:35:00,L,30.832,31.366,30.266420024265955,32.24594993933512,0.944,0.884,time,96
2025-10-04 04:05:00,2025-10-04 07:15:00,L,31.279,31.058481982638078,31.058481982638078,31.830295043404803,-1.0,-1.156,sl,38
2025-10-04 07:35:00,2025-10-04 14:45:00,S,30.902,30.133056845711923,31.209577261715232,30.133056845711923,2.5,2.389,tp,86
2025-10-04 14:50:00,2025-10-04 22:50:00,S,30.018,30.187,30.465268094275235,28.899829764311917,-0.378,-0.452,time,96
2025-10-05 01:00:00,2025-10-05 02:30:00,S,29.86,30.169557495904915,30.169557495904915,29.086106260237713,-1.0,-1.106,sl,18
2025-10-05 02:35:00,2025-10-05 10:35:00,L,30.324,30.416,29.84240083773399,31.527997905665032,0.191,0.122,time,96
2025-10-05 11:10:00,2025-10-05 19:10:00,S,30.159,29.799,30.639301807989774,28.95824548002556,0.75,0.68,time,96
2025-10-05 19:55:00,2025-10-05 23:55:00,S,29.732,30.02630450593069,30.02630450593069,28.996238735173275,-1.0,-1.111,sl,48
2025-10-06 09:15:00,2025-10-06 15:25:00,L,30.501,30.96452744132678,30.31558902346929,30.96452744132678,2.5,2.319,tp,74
2025-10-06 15:30:00,2025-10-06 21:20:00,L,30.964,30.522457957894307,30.522457957894307,32.06785510526423,-1.0,-1.077,sl,70
2025-10-07 01:20:00,2025-10-07 08:10:00,S,30.357,29.74665571328472,30.60113771468611,29.74665571328472,2.5,2.363,tp,82
2025-10-07 08:15:00,2025-10-07 15:05:00,S,29.728,28.5686713741691,30.191731450332362,28.5686713741691,2.5,2.429,tp,82
2025-10-07 15:10:00,2025-10-07 23:10:00,S,28.564,28.047,29.270828171825748,26.79692957043563,0.731,0.687,time,96
2025-10-07 23:35:00,2025-10-08 01:25:00,S,27.99,28.310091888954435,28.310091888954435,27.189770277613906,-1.0,-1.096,sl,22
2025-10-08 04:15:00,2025-10-08 04:35:00,S,28.05,28.21151594059094,28.21151594059094,27.646210148522655,-1.0,-1.191,sl,4
2025-10-08 13:45:00,2025-10-08 13:55:00,S,28.267,28.54331249557891,28.54331249557891,27.576218761052722,-1.0,-1.113,sl,2
2025-10-08 18:55:00,2025-10-08 21:10:00,L,29.426,28.84993932288075,28.84993932288075,30.86615169279812,-1.0,-1.056,sl,27
2025-10-08 21:15:00,2025-10-09 05:15:00,S,28.859,28.436,29.25072473644131,27.879688158896734,1.08,0.999,time,96
2025-10-09 08:45:00,2025-10-09 12:35:00,S,28.067,28.50263311027455,28.50263311027455,26.97791722431362,-1.0,-1.071,sl,46
2025-10-09 14:05:00,2025-10-09 22:05:00,S,28.145,28.174,28.67946709766832,26.808832255829202,-0.054,-0.112,time,96
2025-10-10 07:20:00,2025-10-10 15:00:00,S,28.332,27.709439471141437,28.581024211543426,27.709439471141437,2.5,2.375,tp,92
2025-10-10 15:05:00,2025-10-10 20:55:00,S,27.668,25.798052785101923,28.41597888595923,25.798052785101923,2.5,2.459,tp,70
2025-10-10 21:00:00,2025-10-10 21:15:00,S,24.966,20.586477862256118,26.717808855097555,20.586477862256118,2.5,2.484,tp,3
2025-10-10 21:20:00,2025-10-11 05:20:00,S,11.337,21.983,26.906495176502546,-27.586737941256363,-0.684,-0.685,time,96
2025-10-11 12:50:00,2025-10-11 13:45:00,S,22.354,22.792483208794714,22.792483208794714,21.257791978013213,-1.0,-1.056,sl,11
2025-10-11 19:00:00,2025-10-11 20:00:00,S,22.633,21.714324620242103,23.00047015190316,21.714324620242103,2.5,2.432,tp,12
2025-10-11 20:05:00,2025-10-12 04:05:00,S,21.697,21.166,22.65039237914808,19.3135190521298,0.557,0.532,time,96
2025-10-12 08:40:00,2025-10-12 09:05:00,S,21.313,20.967123697271816,21.45135052109127,20.967123697271816,2.5,2.331,tp,5
2025-10-12 09:10:00,2025-10-12 14:45:00,S,20.934,21.45302880220866,21.45302880220866,19.636427994478353,-1.0,-1.044,sl,67
2025-10-12 20:05:00,2025-10-12 21:30:00,L,23.0,22.559882473453285,22.559882473453285,24.100293816366786,-1.0,-1.057,sl,17
2025-10-12 21:35:00,2025-10-13 05:35:00,S,22.51,22.465,23.33585761035121,20.445355974121984,0.054,0.025,time,96
2025-10-13 07:15:00,2025-10-13 11:05:00,L,22.651,22.292335470340866,22.292335470340866,23.547661324147832,-1.0,-1.069,sl,46
2025-10-13 11:10:00,2025-10-13 16:55:00,S,22.422,23.06368252019502,23.06368252019502,20.817793699512453,-1.0,-1.038,sl,69
2025-10-13 17:00:00,2025-10-13 19:40:00,L,22.995,23.9859807230675,22.598607710773003,23.9859807230675,2.5,2.436,tp,32
2025-10-13 19:45:00,2025-10-14 02:50:00,L,24.019,23.333959397914306,23.333959397914306,25.73160150521423,-1.0,-1.039,sl,85
2025-10-14 04:10:00,2025-10-14 06:30:00,S,23.173,22.349665353154084,23.502333858738364,22.349665353154084,2.5,2.423,tp,28
2025-10-14 06:35:00,2025-10-14 14:35:00,S,22.36,22.297,23.106704137089483,20.49323965727629,0.084,0.051,time,96
2025-10-15 03:45:00,2025-10-15 05:00:00,S,22.451,22.787898868241076,22.787898868241076,21.60875282939731,-1.0,-1.073,sl,15
2025-10-15 07:15:00,2025-10-15 11:15:00,L,22.845,22.51031944101968,22.51031944101968,23.6817013974508,-1.0,-1.075,sl,48
2025-10-15 11:20:00,2025-10-15 19:20:00,S,22.445,22.077,22.85139962191805,21.42900094520488,0.906,0.845,time,96
2025-10-16 05:05:00,2025-10-16 09:30:00,S,21.853,21.26055638705025,22.0899774451799,21.26055638705025,2.5,2.399,tp,53
2025-10-16 09:35:00,2025-10-16 09:45:00,S,21.051,21.930029775038513,21.930029775038513,18.853425562403714,-1.0,-1.026,sl,2
2025-10-16 14:20:00,2025-10-16 22:20:00,S,21.716,20.845,22.227327135171006,20.43768216207249,1.703,1.657,time,96
2025-10-17 05:20:00,2025-10-17 06:45:00,S,20.66,19.976529980195913,20.933388007921636,19.976529980195913,2.5,2.417,tp,17
2025-10-17 06:50:00,2025-10-17 14:50:00,S,19.832,19.685,20.684542652359198,17.700643369102007,0.172,0.147,time,96
2025-10-17 23:35:00,2025-10-18 01:25:00,S,19.936,20.107986083532303,20.107986083532303,19.50603479116924,-1.0,-1.128,sl,22
2025-10-18 04:25:00,2025-10-18 05:45:00,S,19.92,20.10535685888929,20.10535685888929,19.456607852776777,-1.0,-1.118,sl,16
2025-10-18 13:05:00,2025-10-18 21:05:00,S,20.014,20.102,20.307670208118143,19.27982447970464,-0.3,-0.375,time,96
2025-10-19 00:35:00,2025-10-19 03:15:00,S,20.057,20.215910111550553,20.215910111550553,19.659724721123613,-1.0,-1.139,sl,32
2025-10-19 06:50:00,2025-10-19 09:45:00,S,19.985,20.20245861458256,20.20245861458256,19.441353463543596,-1.0,-1.101,sl,35
2025-10-19 10:25:00,2025-10-19 18:25:00,L,20.313,20.712,19.7193495259032,21.797126185241993,0.672,0.634,time,96
2025-10-20 00:05:00,2025-10-20 03:45:00,S,20.51,20.73433489648767,20.73433489648767,19.94916275878083,-1.0,-1.101,sl,44
2025-10-20 03:50:00,2025-10-20 11:50:00,L,20.723,20.741,20.361137574409163,21.62765606397709,0.05,-0.013,time,96
2025-10-20 17:45:00,2025-10-20 19:40:00,S,20.26,20.49860587816829,20.49860587816829,19.663485304579275,-1.0,-1.093,sl,23
2025-10-20 22:05:00,2025-10-21 04:00:00,S,20.343,19.63441272055355,20.62643491177858,19.63441272055355,2.5,2.421,tp,71
2025-10-21 04:05:00,2025-10-21 11:50:00,S,19.678,19.993040820442175,19.993040820442175,18.890397948894567,-1.0,-1.069,sl,93
2025-10-21 14:00:00,2025-10-21 14:05:00,S,19.86,20.064776176021425,20.064776176021425,19.348059559946435,-1.0,-1.107,sl,1
2025-10-21 14:15:00,2025-10-21 22:15:00,L,20.167,20.013,19.791432338157314,21.10591915460672,-0.41,-0.469,time,96
2025-10-21 22:35:00,2025-10-22 06:35:00,S,19.814,19.452,20.107495573670604,19.08026106582349,1.233,1.159,time,96
2025-10-22 10:45:00,2025-10-22 11:10:00,S,19.382,19.498301316575777,19.498301316575777,19.09124670856056,-1.0,-1.183,sl,5
2025-10-22 21:05:00,2025-10-23 01:10:00,S,18.783,19.125210407439695,19.125210407439695,17.927473981400766,-1.0,-1.06,sl,49
2025-10-23 06:05:00,2025-10-23 06:50:00,L,19.283,19.54659113703448,19.17756354518621,19.54659113703448,2.5,2.299,tp,9
2025-10-23 06:55:00,2025-10-23 12:05:00,L,19.511,19.238107087703582,19.238107087703582,20.193232280741043,-1.0,-1.079,sl,62
2025-10-23 12:10:00,2025-10-23 15:05:00,S,19.316,19.514047824652117,19.514047824652117,18.820880438369706,-1.0,-1.107,sl,35
2025-10-23 15:10:00,2025-10-23 20:45:00,L,19.521,19.25894858311329,19.25894858311329,20.176128542216773,-1.0,-1.082,sl,67
2025-10-23 20:50:00,2025-10-24 04:25:00,S,19.253,19.42814386769694,19.42814386769694,18.815140330757654,-1.0,-1.121,sl,91
2025-10-24 04:35:00,2025-10-24 12:35:00,L,19.573,19.677,19.13622860560513,20.664928485987176,0.238,0.189,time,96
2025-10-24 14:30:00,2025-10-24 22:30:00,S,19.329,19.61,19.65920574969429,18.503485625764277,-0.851,-0.915,time,96
2025-10-25 00:10:00,2025-10-25 08:10:00,S,19.466,19.371,19.537688572584926,19.286778568537688,1.325,1.026,time,96
2025-10-25 10:10:00,2025-10-25 12:20:00,S,19.265,19.438682848948684,19.438682848948684,18.83079287762829,-1.0,-1.122,sl,26
2025-10-25 12:40:00,2025-10-25 20:40:00,L,19.461,19.711,19.298891173274853,19.86627206681286,1.542,1.41,time,96
2025-10-26 00:40:00,2025-10-26 01:20:00,L,19.785,19.61581603950244,19.61581603950244,20.207959901243896,-1.0,-1.129,sl,8
2025-10-26 02:50:00,2025-10-26 05:35:00,S,19.402,19.60923282217774,19.60923282217774,18.883917944555648,-1.0,-1.103,sl,33
2025-10-26 05:40:00,2025-10-26 08:05:00,L,19.619,20.09325184457807,19.429299262168772,20.09325184457807,2.5,2.386,tp,29
2025-10-26 08:10:00,2025-10-26 16:10:00,L,19.997,20.316,19.655400588454334,20.850998528864164,0.934,0.869,time,96
2025-10-26 22:05:00,2025-10-27 06:05:00,L,20.548,20.849,20.044397571661534,21.807006070846157,0.598,0.553,time,96
2025-10-27 16:40:00,2025-10-27 21:20:00,L,20.705,20.406937993270336,20.406937993270336,21.450155016824155,-1.0,-1.076,sl,56
2025-10-27 22:45:00,2025-10-28 06:45:00,S,20.319,20.267,20.54947629661573,19.742809258460674,0.226,0.129,time,96
2025-10-28 08:35:00,2025-10-28 10:35:00,L,20.485,20.23089601109318,20.23089601109318,21.12025997226705,-1.0,-1.089,sl,24
2025-10-28 10:45:00,2025-10-28 11:15:00,S,20.216,20.336332256294746,20.336332256294746,19.91516935926314,-1.0,-1.185,sl,6
2025-10-28 14:45:00,2025-10-28 22:45:00,S,20.074,19.55,20.48211325675194,19.053716858120154,1.284,1.23,time,96
2025-10-29 14:05:00,2025-10-29 17:40:00,S,19.577,19.853152557416028,19.853152557416028,18.886618606459937,-1.0,-1.078,sl,43
2025-10-29 17:45:00,2025-10-29 18:35:00,L,19.859,19.469153261208575,19.469153261208575,20.83361684697857,-1.0,-1.056,sl,10
2025-10-29 23:35:00,2025-10-30 04:25:00,S,19.731,19.04706835412975,20.004572658348103,19.04706835412975,2.5,2.421,tp,58
2025-10-30 04:30:00,2025-10-30 12:30:00,S,19.186,19.008,19.948184279676177,17.280539300809558,0.234,0.206,time,96
2025-10-30 12:45:00,2025-10-30 20:45:00,S,18.695,17.828,19.32668763603818,17.11578090990455,1.373,1.34,time,96
2025-10-31 07:55:00,2025-10-31 11:50:00,S,18.251,18.460284113154838,18.460284113154838,17.72778971711291,-1.0,-1.096,sl,47
2025-10-31 16:45:00,2025-11-01 00:45:00,S,18.072,18.18,18.468537472762108,17.080656318094725,-0.272,-0.322,time,96
2025-11-01 08:05:00,2025-11-01 16:05:00,L,18.529,18.666,18.314220639499048,19.065948401252378,0.638,0.543,time,96
2025-11-01 16:50:00,2025-11-01 21:55:00,L,18.687,18.536420292672936,18.536420292672936,19.06344926831766,-1.0,-1.137,sl,61
2025-11-01 22:00:00,2025-11-01 23:55:00,S,18.504,18.693571405257465,18.693571405257465,18.030071486856343,-1.0,-1.107,sl,23
2025-11-02 00:00:00,2025-11-02 08:00:00,L,18.712,18.937,18.55505480170881,19.104362995727975,1.434,1.302,time,96
2025-11-02 13:25:00,2025-11-02 21:25:00,S,18.529,18.27,18.842171818869843,17.746070452825393,0.827,0.762,time,96
2025-11-02 23:05:00,2025-11-03 02:00:00,L,18.432,18.224581579684454,18.224581579684454,18.95054605078886,-1.0,-1.098,sl,35
2025-11-03 02:05:00,2025-11-03 06:45:00,S,18.19,17.15224734131499,18.605101063474006,17.15224734131499,2.5,2.452,tp,56
2025-11-03 06:50:00,2025-11-03 07:20:00,S,17.28,17.51505686892928,17.51505686892928,16.69235782767681,-1.0,-1.081,sl,6
2025-11-03 11:00:00,2025-11-03 11:15:00,S,17.242,17.43056751047583,17.43056751047583,16.77058122381043,-1.0,-1.101,sl,3
2025-11-03 15:20:00,2025-11-03 15:30:00,S,17.221,16.363784489770815,17.563886204091673,16.363784489770815,2.5,2.445,tp,2
2025-11-03 15:35:00,2025-11-03 23:35:00,S,16.436,16.68,17.553058545300562,13.643353636748595,-0.218,-0.235,time,96
2025-11-04 05:20:00,2025-11-04 13:20:00,S,16.607,16.424,16.98071615428195,15.672709614295123,0.49,0.441,time,96
2025-11-04 13:25:00,2025-11-04 14:40:00,S,16.424,16.639310322243215,16.639310322243215,15.88572419439196,-1.0,-1.084,sl,15
2025-11-04 16:25:00,2025-11-05 00:25:00,S,16.271,15.819,16.843211656873557,14.840470857816111,0.79,0.759,time,96
2025-11-05 01:25:00,2025-11-05 02:10:00,S,15.503,16.081044248301367,16.081044248301367,14.057889379246582,-1.0,-1.03,sl,9
2025-11-05 11:05:00,2025-11-05 11:15:00,S,16.273,16.449753531981386,16.449753531981386,15.831116170046533,-1.0,-1.101,sl,2
2025-11-05 12:25:00,2025-11-05 20:25:00,L,16.59,16.669,16.407526854849145,17.04618286287714,0.433,0.333,time,96
2025-11-05 21:05:00,2025-11-06 05:05:00,S,16.623,16.531,16.84349244842778,16.07176887893055,0.417,0.334,time,96
2025-11-06 05:40:00,2025-11-06 13:40:00,S,16.369,16.361,16.72756999240105,15.472575018997372,0.022,-0.028,time,96
2025-11-06 14:40:00,2025-11-06 22:40:00,S,16.102,16.014,16.420087129256274,15.306782176859317,0.277,0.221,time,96
2025-11-07 03:10:00,2025-11-07 11:10:00,L,16.492,16.388,16.124495733150006,17.41076066712499,-0.283,-0.332,time,96
2025-11-07 12:30:00,2025-11-07 14:45:00,S,16.27,16.534452899406304,16.534452899406304,15.608867751484238,-1.0,-1.068,sl,27
2025-11-07 15:15:00,2025-11-07 23:15:00,L,16.734,17.861,16.06112097906049,18.41619755234878,1.675,1.648,time,96
2025-11-08 02:35:00,2025-11-08 03:55:00,L,18.257,17.861156518436587,17.861156518436587,19.246608703908535,-1.0,-1.051,sl,16
2025-11-08 15:25:00,2025-11-08 22:50:00,S,17.152,17.44243250139637,17.44243250139637,16.425918746509076,-1.0,-1.065,sl,89
2025-11-08 22:55:00,2025-11-09 00:15:00,L,17.449,17.31408123847594,17.31408123847594,17.786296903810157,-1.0,-1.142,sl,16
2025-11-09 01:35:00,2025-11-09 09:35:00,S,17.205,17.055,17.419641871444423,16.668395321388935,0.699,0.611,time,96
2025-11-09 10:15:00,2025-11-09 10:55:00,S,16.891,17.170374475965595,17.170374475965595,16.192563810086007,-1.0,-1.067,sl,8
2025-11-09 11:05:00,2025-11-09 19:05:00,L,17.326,17.675,16.868646287145367,18.469384282136584,0.763,0.721,time,96
2025-11-09 19:50:00,2025-11-10 03:50:00,L,17.792,17.966,17.561778390833524,18.367554022916195,0.756,0.671,time,96
2025-11-10 09:35:00,2025-11-10 16:40:00,L,18.178,17.74542194021336,17.74542194021336,19.2594451494666,-1.0,-1.046,sl,85
2025-11-10 22:50:00,2025-11-11 05:55:00,L,18.246,17.782901750605784,17.782901750605784,19.403745623485534,-1.0,-1.043,sl,85
2025-11-11 06:00:00,2025-11-11 14:00:00,S,17.795,17.69,18.028278960300938,17.21180259924766,0.45,0.366,time,96
2025-11-11 16:35:00,2025-11-11 19:05:00,S,17.609,17.30289261695288,17.73144295321885,17.30289261695288,2.5,2.342,tp,30
2025-11-11 19:10:00,2025-11-12 03:10:00,S,17.313,17.06,17.539864954655595,16.745837613361008,1.115,1.031,time,96
2025-11-12 09:15:00,2025-11-12 15:35:00,L,17.493,17.165571416351064,17.165571416351064,18.311571459122334,-1.0,-1.059,sl,76
2025-11-12 15:40:00,2025-11-12 23:40:00,S,17.161,16.814,17.673583235247563,15.879541911881098,0.677,0.64,time,96
2025-11-13 03:30:00,2025-11-13 11:30:00,L,17.243,17.245,16.791334861493013,18.372162846267464,0.004,-0.038,time,96
2025-11-13 13:40:00,2025-11-13 17:35:00,S,17.186,16.56727596432082,17.43348961427167,16.56727596432082,2.5,2.424,tp,47
2025-11-13 17:40:00,2025-11-14 01:40:00,S,16.523,15.94,16.977150549214436,15.38762362696391,1.284,1.244,time,96
2025-11-14 03:50:00,2025-11-14 04:35:00,S,15.883,15.475413785622086,16.046034485751164,15.475413785622086,2.5,2.393,tp,9
2025-11-14 04:40:00,2025-11-14 06:55:00,S,15.397,15.97953298697541,15.97953298697541,13.940667532561474,-1.0,-1.029,sl,27
2025-11-14 09:35:00,2025-11-14 17:35:00,S,15.577,15.526,15.838253644833898,14.923865887915255,0.195,0.13,time,96
2025-11-14 20:40:00,2025-11-15 04:40:00,S,15.297,15.551,15.683030221249489,14.33192444687628,-0.658,-0.702,time,96
2025-11-15 08:25:00,2025-11-15 15:25:00,S,15.508,15.666706024482817,15.666706024482817,15.111234938792954,-1.0,-1.107,sl,84
2025-11-15 20:55:00,2025-11-16 04:55:00,S,15.556,15.637,15.71132456357683,15.167688591057921,-0.521,-0.632,time,96
2025-11-16 09:55:00,2025-11-16 11:15:00,L,15.784,15.618717800781008,15.618717800781008,16.19720549804748,-1.0,-1.105,sl,16
2025-11-16 11:25:00,2025-11-16 17:15:00,S,15.535,14.776025547134626,15.83858978114615,14.776025547134626,2.5,2.444,tp,70
2025-11-16 17:20:00,2025-11-16 18:10:00,S,14.754,15.079848613357413,15.079848613357413,13.939378466606467,-1.0,-1.05,sl,10
2025-11-17 02:50:00,2025-11-17 10:50:00,L,15.434,15.639,15.054860894707382,16.381847763231544,0.541,0.496,time,96
2025-11-17 13:20:00,2025-11-17 14:35:00,S,15.45,15.659258933714812,15.659258933714812,14.926852665712968,-1.0,-1.081,sl,15
2025-11-17 14:40:00,2025-11-17 16:05:00,L,15.691,15.0780500126701,15.0780500126701,17.22337496832475,-1.0,-1.028,sl,17
2025-11-17 16:10:00,2025-11-18 00:10:00,S,15.082,14.493,15.623416079711538,13.728459800721158,1.088,1.057,time,96
2025-11-18 00:45:00,2025-11-18 04:55:00,S,14.239,14.566149176673099,14.566149176673099,13.421127058317257,-1.0,-1.048,sl,50
2025-11-18 21:05:00,2025-11-19 04:35:00,S,14.654,14.30557170368764,14.793371318524944,14.30557170368764,2.5,2.384,tp,90
2025-11-19 04:40:00,2025-11-19 10:05:00,S,14.333,14.501141997178284,14.501141997178284,13.91264500705429,-1.0,-1.094,sl,65
2025-11-19 13:50:00,2025-11-19 17:35:00,S,14.35,13.774128796765929,14.580348481293628,13.774128796765929,2.5,2.431,tp,45
2025-11-19 17:40:00,2025-11-19 20:55:00,S,13.795,14.019589836473726,14.019589836473726,13.233525408815686,-1.0,-1.068,sl,39
2025-11-20 06:55:00,2025-11-20 07:25:00,S,14.261,14.311882065605568,14.311882065605568,14.133794835986077,-1.0,-1.308,sl,6
2025-11-20 10:10:00,2025-11-20 11:50:00,S,14.228,14.340988387252368,14.340988387252368,13.945529031869079,-1.0,-1.139,sl,20
2025-11-20 12:05:00,2025-11-20 15:50:00,L,14.428,14.24869682303501,14.24869682303501,14.87625794241248,-1.0,-1.089,sl,45
2025-11-20 15:55:00,2025-11-20 16:20:00,S,14.268,13.801645239950112,14.454541904019957,13.801645239950112,2.5,2.416,tp,5
2025-11-20 16:25:00,2025-11-21 00:25:00,S,13.881,13.908,14.404637673139153,12.57190581715212,-0.052,-0.081,time,96
2025-11-21 03:00:00,2025-11-21 07:30:00,S,13.699,13.0121836049918,13.97372655800328,13.0121836049918,2.5,2.445,tp,54
2025-11-21 07:35:00,2025-11-21 15:35:00,S,13.039,13.004,13.7824657833355,11.18033554166125,0.047,0.028,time,96
2025-11-21 16:05:00,2025-11-21 16:50:00,S,12.888,13.247674919406851,13.247674919406851,11.988812701482871,-1.0,-1.039,sl,9
2025-11-21 22:50:00,2025-11-22 06:50:00,S,13.211,13.31,13.355226488569432,12.85043377857642,-0.686,-0.787,time,96
2025-11-22 08:35:00,2025-11-22 09:35:00,S,13.169,13.297794640768487,13.297794640768487,12.847013398078785,-1.0,-1.112,sl,12
2025-11-22 12:45:00,2025-11-22 20:45:00,S,13.164,13.2,13.28442574730683,12.862935631732924,-0.299,-0.419,time,96
2025-11-23 07:25:00,2025-11-23 12:35:00,S,13.272,13.36987563288768,13.36987563288768,13.027310917780799,-1.0,-1.149,sl,62
2025-11-23 16:00:00,2025-11-24 00:00:00,L,13.406,13.255826759691255,13.255826759691255,13.781433100771865,-1.0,-1.098,sl,96
2025-11-24 00:05:00,2025-11-24 02:05:00,S,13.201,13.42443837001884,13.42443837001884,12.6424040749529,-1.0,-1.065,sl,24
2025-11-24 02:10:00,2025-11-24 10:10:00,L,13.375,13.297,13.161852966557896,13.90786758360526,-0.366,-0.435,time,96
2025-11-24 13:40:00,2025-11-24 14:50:00,L,13.416,13.287995011191619,13.287995011191619,13.736012472020954,-1.0,-1.115,sl,14
2025-11-24 16:30:00,2025-11-25 00:30:00,L,13.572,13.911,13.352956327128025,14.119609182179936,1.548,1.479,time,96
2025-11-25 03:10:00,2025-11-25 06:50:00,L,13.901,13.84966793207053,13.84966793207053,14.029330169823677,-1.0,-1.298,sl,44
2025-11-25 07:05:00,2025-11-25 09:25:00,L,13.904,13.811942265012824,13.811942265012824,14.134144337467939,-1.0,-1.166,sl,28
2025-11-25 10:35:00,2025-11-25 14:45:00,L,13.925,13.761478390179073,13.761478390179073,14.333804024552318,-1.0,-1.094,sl,50
2025-11-25 15:50:00,2025-11-25 23:50:00,L,13.888,14.162,13.685294827688924,14.394762930777688,1.352,1.276,time,96
2025-11-26 16:20:00,2025-11-26 17:45:00,L,14.054,14.431747504913435,13.902900998034626,14.431747504913435,2.5,2.398,tp,17
2025-11-26 17:50:00,2025-11-27 01:50:00,L,14.439,14.958,14.068445333397571,15.365386666506073,1.401,1.358,time,96
2025-11-27 02:30:00,2025-11-27 02:50:00,L,14.969,14.901675821126327,14.901675821126327,15.13731044718418,-1.0,-1.245,sl,4
2025-11-27 13:10:00,2025-11-27 16:20:00,L,14.951,15.11233146556157,14.886467413775373,15.11233146556157,2.5,2.245,tp,38
2025-11-27 16:25:00,2025-11-28 00:25:00,L,15.105,15.033,14.914526834413664,15.581182913965842,-0.378,-0.465,time,96
2025-11-28 05:10:00,2025-11-28 11:10:00,L,15.051,14.986195594255472,14.986195594255472,15.21301101436132,-1.0,-1.255,sl,72
2025-11-28 14:25:00,2025-11-28 16:05:00,L,15.097,15.012059936413918,15.012059936413918,15.309350158965204,-1.0,-1.196,sl,20
2025-11-28 22:15:00,2025-11-29 06:15:00,L,14.847,14.843,14.760750240066823,15.062624399832941,-0.046,-0.236,time,96
2025-11-29 06:35:00,2025-11-29 11:35:00,S,14.765,14.866517818568559,14.866517818568559,14.511205453578604,-1.0,-1.16,sl,60
2025-11-29 11:40:00,2025-11-29 14:05:00,L,14.878,14.80296875029194,14.80296875029194,15.06557812427015,-1.0,-1.218,sl,29
2025-11-29 14:10:00,2025-11-29 18:00:00,S,14.786,14.571240022466203,14.871903991013518,14.571240022466203,2.5,2.311,tp,46
2025-11-29 18:05:00,2025-11-30 02:05:00,S,14.61,14.305,14.814877270759032,14.097806823102417,1.489,1.41,time,96
2025-11-30 03:15:00,2025-11-30 11:15:00,S,14.158,14.051,14.30952569787949,13.779185755301274,0.706,0.603,time,96
2025-11-30 11:25:00,2025-11-30 12:15:00,S,14.056,14.128709186281922,14.128709186281922,13.874227034295192,-1.0,-1.213,sl,10
2025-11-30 18:20:00,2025-12-01 00:00:00,S,14.065,13.640186127983409,14.234925548806636,13.640186127983409,2.5,2.409,tp,68
2025-12-01 00:05:00,2025-12-01 03:25:00,S,13.658,12.99601956314332,13.922792174742671,12.99601956314332,2.5,2.443,tp,40
2025-12-01 03:30:00,2025-12-01 11:30:00,S,12.978,12.966,13.178690455942203,12.476273860144492,0.06,-0.011,time,96
2025-12-01 12:35:00,2025-12-01 15:45:00,S,12.884,12.618689055115919,12.990124377953633,12.618689055115919,2.5,2.366,tp,38
2025-12-01 15:50:00,2025-12-01 23:50:00,S,12.673,12.768,12.913316496052017,12.072208759869957,-0.395,-0.453,time,96
2025-12-02 11:40:00,2025-12-02 14:25:00,S,12.899,13.121770781920018,13.121770781920018,12.342073045199951,-1.0,-1.064,sl,33
2025-12-02 14:30:00,2025-12-02 15:40:00,L,13.142,13.620033481550434,12.950786607379825,13.620033481550434,2.5,2.424,tp,14
2025-12-02 15:45:00,2025-12-02 23:45:00,L,13.644,13.646,13.104530947810835,14.992672630472914,0.004,-0.024,time,96
2025-12-03 02:05:00,2025-12-03 06:00:00,L,13.755,14.093860044884572,13.619455982046173,14.093860044884572,2.5,2.388,tp,47
2025-12-03 06:05:00,2025-12-03 14:00:00,L,14.138,13.907844740308121,13.907844740308121,14.713388149229697,-1.0,-1.068,sl,95
2025-12-03 14:45:00,2025-12-03 22:45:00,L,14.231,14.84,13.858335658817571,15.162660852956071,1.634,1.592,time,96
2025-12-04 15:40:00,2025-12-04 17:35:00,L,14.846,14.618230977840035,14.618230977840035,15.415422555399912,-1.0,-1.072,sl,23
2025-12-05 01:30:00,2025-12-05 03:55:00,L,14.473,14.420108000004557,14.420108000004557,14.605229999988609,-1.0,-1.301,sl,29
2025-12-05 05:35:00,2025-12-05 08:40:00,S,14.351,14.14769052718708,14.432323789125169,14.14769052718708,2.5,2.306,tp,37
2025-12-05 08:45:00,2025-12-05 12:10:00,S,14.195,13.725202638188868,14.382918944724453,13.725202638188868,2.5,2.417,tp,41
2025-12-05 12:15:00,2025-12-05 20:15:00,S,13.715,13.37,13.967208823504906,13.084477941237733,1.368,1.308,time,96
2025-12-05 22:35:00,2025-12-06 01:20:00,S,13.19,13.349665819496892,13.349665819496892,12.79083545125777,-1.0,-1.091,sl,33
2025-12-06 06:50:00,2025-12-06 10:20:00,S,13.242,13.306002875000077,13.306002875000077,13.08199281249981,-1.0,-1.228,sl,42
2025-12-06 19:35:00,2025-12-07 00:35:00,S,13.28,13.46335124859632,13.46335124859632,12.821621878509198,-1.0,-1.08,sl,60
2025-12-07 04:55:00,2025-12-07 12:55:00,S,13.408,13.415,13.50770808230894,13.15872979422765,-0.07,-0.218,time,96
2025-12-07 13:25:00,2025-12-07 14:25:00,S,13.325,13.035129437380792,13.440948225047682,13.035129437380792,2.5,2.374,tp,12
2025-12-07 14:30:00,2025-12-07 15:55:00,S,13.07,13.369821745645828,13.369821745645828,12.32044563588543,-1.0,-1.048,sl,17
2025-12-07 17:05:00,2025-12-07 17:35:00,L,13.399,13.676469990408327,13.288012003836668,13.676469990408327,2.5,2.367,tp,6
2025-12-07 17:40:00,2025-12-07 22:05:00,L,13.638,13.287505096574005,13.287505096574005,14.514237258564986,-1.0,-1.043,sl,53
2025-12-07 22:10:00,2025-12-08 06:10:00,S,13.328,13.699,13.79910155929898,12.150246101752547,-0.788,-0.819,time,96
2025-12-08 06:20:00,2025-12-08 14:20:00,L,13.706,13.711,13.5804567984175,14.019858003956246,0.04,-0.08,time,96
2025-12-08 15:25:00,2025-12-08 23:25:00,S,13.563,13.623,13.826828975723933,12.90342756069017,-0.227,-0.284,time,96
2025-12-09 01:55:00,2025-12-09 02:45:00,S,13.543,13.63041822263998,13.63041822263998,13.324454443400047,-1.0,-1.17,sl,10
2025-12-09 03:55:00,2025-12-09 10:40:00,L,13.697,13.511673697522488,13.511673697522488,14.160315756193778,-1.0,-1.081,sl,81
2025-12-09 10:45:00,2025-12-09 12:20:00,S,13.549,13.622949776416622,13.622949776416622,13.364125558958444,-1.0,-1.202,sl,19
2025-12-09 13:30:00,2025-12-09 13:40:00,L,13.684,13.618175197776921,13.618175197776921,13.848562005557696,-1.0,-1.229,sl,2
2025-12-09 15:05:00,2025-12-09 16:00:00,L,13.727,14.214848826523205,13.531860469390718,14.214848826523205,2.5,2.423,tp,11
2025-12-09 16:05:00,2025-12-10 00:05:00,L,14.224,14.619,13.57985764294838,15.834355892629052,0.613,0.589,time,96
2025-12-10 08:05:00,2025-12-10 10:25:00,L,14.613,14.549096120371953,14.549096120371953,14.772759699070116,-1.0,-1.252,sl,28
2025-12-10 16:30:00,2025-12-10 20:10:00,L,14.344,14.730719163463293,14.189312334614682,14.730719163463293,2.5,2.398,tp,44
2025-12-10 20:15:00,2025-12-10 20:50:00,L,14.757,14.411381469139751,14.411381469139751,15.62104632715062,-1.0,-1.047,sl,7
2025-12-11 00:05:00,2025-12-11 02:10:00,S,14.058,13.48949916401088,14.285400334395648,13.48949916401088,2.5,2.432,tp,25
2025-12-11 02:15:00,2025-12-11 10:15:00,S,13.45,13.297,13.7587369295985,12.678157676003746,0.496,0.448,time,96
2025-12-11 10:40:00,2025-12-11 16:05:00,S,13.255,12.90330922718603,13.395676309125589,12.90330922718603,2.5,2.396,tp,65
2025-12-11 16:10:00,2025-12-11 18:40:00,S,12.894,13.219219614270735,13.219219614270735,12.080950964323165,-1.0,-1.044,sl,30
2025-12-12 01:00:00,2025-12-12 01:20:00,S,13.331,13.545276437303077,13.545276437303077,12.795308906742306,-1.0,-1.068,sl,4
2025-12-12 02:15:00,2025-12-12 10:15:00,L,13.631,13.614,13.418394591113529,14.162513522216178,-0.08,-0.15,time,96
2025-12-12 14:35:00,2025-12-12 15:25:00,S,13.519,13.242040474212335,13.629783810315066,13.242040474212335,2.5,2.366,tp,10
2025-12-12 15:30:00,2025-12-12 23:30:00,S,13.206,13.113,13.581131317437023,12.26817170640744,0.248,0.209,time,96
2025-12-13 10:45:00,2025-12-13 12:20:00,L,13.448,13.344696315161626,13.344696315161626,13.706259212095937,-1.0,-1.143,sl,19
2025-12-13 12:25:00,2025-12-13 20:25:00,S,13.347,13.37,13.415912887333722,13.174717781665695,-0.334,-0.547,time,96
2025-12-13 21:10:00,2025-12-14 01:15:00,S,13.304,13.39110050430123,13.39110050430123,13.086248739246926,-1.0,-1.168,sl,49
2025-12-14 04:45:00,2025-12-14 09:30:00,S,13.265,13.138343857812218,13.315662456875113,13.138343857812218,2.5,2.212,tp,57
2025-12-14 09:35:00,2025-12-14 11:40:00,S,13.165,13.002410296114409,13.230035881554235,13.002410296114409,2.5,2.277,tp,25
2025-12-14 11:45:00,2025-12-14 19:45:00,S,12.985,12.955,13.17499617797481,12.510009555062972,0.158,0.083,time,96
2025-12-14 21:50:00,2025-12-15 01:30:00,S,12.86,12.985189900886745,12.985189900886745,12.547025247783136,-1.0,-1.113,sl,44
2025-12-15 06:55:00,2025-12-15 07:15:00,L,13.268,13.155906368677885,13.155906368677885,13.548234078305292,-1.0,-1.13,sl,4
2025-12-15 10:30:00,2025-12-15 12:00:00,L,13.265,13.183093572220537,13.183093572220537,13.46976606944866,-1.0,-1.178,sl,18
2025-12-15 13:05:00,2025-12-15 14:50:00,S,13.137,12.938165260723526,13.21653389571059,12.938165260723526,2.5,2.318,tp,21
2025-12-15 14:55:00,2025-12-15 18:30:00,S,12.94,12.265420589080062,13.209831764367975,12.265420589080062,2.5,2.447,tp,43
2025-12-15 18:35:00,2025-12-15 19:00:00,S,12.263,12.393635347883643,12.393635347883643,11.936411630290891,-1.0,-1.103,sl,5
2025-12-16 00:20:00,2025-12-16 04:45:00,S,12.288,12.086321472955154,12.368671410817939,12.086321472955154,2.5,2.332,tp,53
2025-12-16 04:50:00,2025-12-16 06:40:00,S,12.096,12.280904836436648,12.280904836436648,11.633737908908381,-1.0,-1.072,sl,22
2025-12-16 13:35:00,2025-12-16 15:50:00,S,12.12,12.34265256275818,12.34265256275818,11.563368593104546,-1.0,-1.06,sl,27
2025-12-17 04:35:00,2025-12-17 12:35:00,S,12.179,12.157,12.323695213131574,11.817261967171067,0.152,0.059,time,96
2025-12-17 14:05:00,2025-12-17 14:45:00,L,12.283,12.132147431902771,12.132147431902771,12.66013142024307,-1.0,-1.09,sl,8
2025-12-17 14:55:00,2025-12-17 16:15:00,L,12.447,12.051458989250175,12.051458989250175,13.435852526874559,-1.0,-1.035,sl,16
2025-12-17 16:20:00,2025-12-18 00:20:00,S,11.995,11.824,12.6123767543206,10.451558114198498,0.277,0.256,time,96
2025-12-18 01:05:00,2025-12-18 02:15:00,S,11.763,11.87168977703035,11.87168977703035,11.491275557424126,-1.0,-1.119,sl,14
2025-12-18 03:30:00,2025-12-18 11:30:00,S,11.698,11.711,11.88035505016853,11.242112374578674,-0.071,-0.142,time,96
2025-12-18 13:05:00,2025-12-18 14:00:00,L,11.843,12.26477575943866,11.674289696224536,12.26477575943866,2.5,2.423,tp,11
2025-12-18 14:05:00,2025-12-18 17:05:00,L,12.238,11.747369658844265,11.747369658844265,13.464575852889336,-1.0,-1.027,sl,36
2025-12-18 17:10:00,2025-12-19 01:10:00,S,11.748,11.346,12.165344532933254,10.704638667666863,0.963,0.932,time,96
2025-12-19 01:25:00,2025-12-19 03:00:00,S,11.338,11.460581040963852,11.460581040963852,11.031547397590366,-1.0,-1.102,sl,19
2025-12-19 07:05:00,2025-12-19 15:05:00,L,11.854,12.154,11.640903035105516,12.386742412236206,1.408,1.347,time,96
2025-12-19 15:20:00,2025-12-19 23:20:00,L,12.221,12.279,11.985578446348585,12.809553884128537,0.246,0.189,time,96
2025-12-20 03:40:00,2025-12-20 04:05:00,L,12.267,12.199127017526877,12.199127017526877,12.436682456182806,-1.0,-1.199,sl,5
2025-12-20 07:05:00,2025-12-20 07:15:00,L,12.286,12.23554584796628,12.23554584796628,12.412135380084298,-1.0,-1.268,sl,2
2025-12-20 07:35:00,2025-12-20 13:15:00,L,12.33,12.231559350086258,12.231559350086258,12.576101624784357,-1.0,-1.138,sl,68
2025-12-20 17:05:00,2025-12-20 17:10:00,L,12.298,12.259505508929717,12.259505508929717,12.394236227675709,-1.0,-1.351,sl,1
2025-12-21 02:30:00,2025-12-21 08:40:00,S,12.117,12.214357243562137,12.214357243562137,11.87360689109466,-1.0,-1.137,sl,74
2025-12-21 08:45:00,2025-12-21 13:05:00,L,12.205,12.08396737268093,12.08396737268093,12.507581568297677,-1.0,-1.111,sl,52
2025-12-21 13:10:00,2025-12-21 21:10:00,S,12.131,12.034,12.284298407952305,11.747753980119239,0.633,0.546,time,96
2025-12-21 21:45:00,2025-12-21 22:50:00,S,12.01,12.077745963398172,12.077745963398172,11.84063509150457,-1.0,-1.195,sl,13
2025-12-21 23:05:00,2025-12-22 07:05:00,L,12.182,12.182,11.97231178991438,12.70622052521405,0.0,-0.064,time,96
2025-12-22 08:35:00,2025-12-22 16:35:00,L,12.278,12.355,12.14912823041327,12.600179423966827,0.597,0.493,time,96
2025-12-22 19:10:00,2025-12-22 23:00:00,S,12.277,12.398250904017129,12.398250904017129,11.973872739957176,-1.0,-1.111,sl,46
2025-12-22 23:05:00,2025-12-23 05:30:00,L,12.349,12.264043887771981,12.264043887771981,12.561390280570048,-1.0,-1.16,sl,77
2025-12-23 06:15:00,2025-12-23 13:35:00,S,12.251,12.012067577650473,12.34657296893981,12.012067577650473,2.5,2.359,tp,88
2025-12-23 13:40:00,2025-12-23 20:40:00,S,12.073,12.219084835930463,12.219084835930463,11.707787910173844,-1.0,-1.091,sl,84
2025-12-23 20:45:00,2025-12-24 02:10:00,L,12.289,12.067346865817026,12.067346865817026,12.843132835457435,-1.0,-1.061,sl,65
2025-12-24 02:35:00,2025-12-24 10:35:00,S,12.063,12.081,12.228510283927745,11.649224290180639,-0.109,-0.189,time,96
2025-12-24 14:30:00,2025-12-24 22:15:00,S,12.016,12.106065789613243,12.106065789613243,11.79083552596689,-1.0,-1.147,sl,93
2025-12-24 22:20:00,2025-12-25 06:20:00,L,12.088,12.196,12.028963646986474,12.235590882533812,1.829,1.604,time,96
2025-12-25 08:10:00,2025-12-25 10:30:00,L,12.302,12.17524865706616,12.17524865706616,12.6188783573346,-1.0,-1.107,sl,28
2025-12-25 13:55:00,2025-12-25 14:25:00,L,12.25,12.162565936463068,12.162565936463068,12.46858515884233,-1.0,-1.154,sl,6
2025-12-25 15:45:00,2025-12-25 23:35:00,L,12.346,12.154008975821219,12.154008975821219,12.825977560446955,-1.0,-1.071,sl,94
2025-12-25 23:40:00,2025-12-26 02:10:00,S,12.095,12.384776963448575,12.384776963448575,11.370557591378565,-1.0,-1.046,sl,30
2025-12-26 02:15:00,2025-12-26 10:15:00,L,12.455,12.468,12.181570719320035,13.138573201699913,0.048,-0.003,time,96
2025-12-26 14:50:00,2025-12-26 22:50:00,S,12.322,12.341,12.49766940193832,11.882826495154198,-0.108,-0.185,time,96
2025-12-27 00:20:00,2025-12-27 08:20:00,L,12.377,12.447,12.321460785959234,12.515848035101918,1.26,1.015,time,96
2025-12-27 08:30:00,2025-12-27 09:40:00,L,12.475,12.432527093513029,12.432527093513029,12.581182266217427,-1.0,-1.323,sl,14
2025-12-27 12:10:00,2025-12-27 13:30:00,L,12.475,12.433791490121122,12.433791490121122,12.578021274697194,-1.0,-1.333,sl,16
2025-12-27 14:30:00,2025-12-27 22:30:00,L,12.515,12.574,12.4283062230131,12.73173444246725,0.681,0.522,time,96
2025-12-27 23:50:00,2025-12-28 07:50:00,L,12.677,12.78,12.5372574423228,13.026356394193002,0.737,0.637,time,96
2025-12-28 08:45:00,2025-12-28 09:35:00,L,12.817,12.758221759360067,12.758221759360067,12.963945601599832,-1.0,-1.24,sl,10
2025-12-28 14:45:00,2025-12-28 18:15:00,L,12.744,12.643629182106396,12.643629182106396,12.994927044734009,-1.0,-1.14,sl,42
2025-12-28 20:05:00,2025-12-28 22:50:00,S,12.536,12.63731963405321,12.63731963405321,12.282700914866975,-1.0,-1.136,sl,33
2025-12-28 22:55:00,2025-12-29 02:05:00,L,12.636,12.88072556898717,12.53810977240513,12.88072556898717,2.5,2.358,tp,38
2025-12-29 02:10:00,2025-12-29 10:10:00,L,12.866,12.733,12.614728709635827,13.494178225910431,-0.529,-0.586,time,96
2025-12-29 12:10:00,2025-12-29 20:10:00,S,12.607,12.512,12.742124637805864,12.269188405485338,0.703,0.6,time,96
2025-12-29 20:30:00,2025-12-30 04:30:00,S,12.467,12.416,12.555380125459838,12.246049686350407,0.577,0.422,time,96
2025-12-30 14:25:00,2025-12-30 22:25:00,L,12.507,12.557,12.431375111110269,12.696062222224327,0.661,0.479,time,96
2025-12-30 22:35:00,2025-12-31 06:35:00,L,12.554,12.549,12.474146064074219,12.753634839814453,-0.063,-0.236,time,96
2025-12-31 07:05:00,2025-12-31 08:05:00,S,12.523,12.566315238955452,12.566315238955452,12.41471190261137,-1.0,-1.318,sl,12
2025-12-31 08:40:00,2025-12-31 11:40:00,S,12.487,12.568817691630708,12.568817691630708,12.282455770923232,-1.0,-1.168,sl,36
2025-12-31 11:45:00,2025-12-31 15:10:00,L,12.566,12.480157525684668,12.480157525684668,12.780606185788333,-1.0,-1.161,sl,41
2025-12-31 15:15:00,2025-12-31 23:15:00,S,12.483,12.335,12.635506091557195,12.101734771107015,0.97,0.88,time,96
2026-01-01 04:15:00,2026-01-01 09:00:00,S,12.246,12.326500001566016,12.326500001566016,12.044749996084962,-1.0,-1.167,sl,57
2026-01-01 14:05:00,2026-01-01 17:30:00,L,12.425,12.641695629774368,12.338321748090253,12.641695629774368,2.5,2.342,tp,41
2026-01-01 17:35:00,2026-01-01 18:35:00,L,12.642,12.921049581122649,12.53038016755094,12.921049581122649,2.5,2.375,tp,12
2026-01-01 18:40:00,2026-01-01 19:40:00,L,12.882,13.496172243230744,12.636331102707702,13.496172243230744,2.5,2.442,tp,12
2026-01-01 19:45:00,2026-01-02 03:45:00,L,13.339,13.787,12.866525363840493,14.520186590398769,0.948,0.917,time,96
2026-01-02 09:50:00,2026-01-02 11:45:00,L,13.572,13.383539110205676,13.383539110205676,14.043152224485805,-1.0,-1.079,sl,23
2026-01-02 16:30:00,2026-01-03 00:30:00,L,13.422,13.895,13.089213565660978,14.253966085847555,1.421,1.377,time,96
2026-01-03 00:55:00,2026-01-03 07:15:00,L,13.966,13.759371841556852,13.759371841556852,14.482570396107867,-1.0,-1.074,sl,76
2026-01-03 12:20:00,2026-01-03 12:50:00,L,14.034,14.349605568987347,13.907757772405063,14.349605568987347,2.5,2.378,tp,6
2026-01-03 12:55:00,2026-01-03 15:05:00,L,14.333,13.940581637270071,13.940581637270071,15.314045906824823,-1.0,-1.04,sl,26
2026-01-03 21:35:00,2026-01-04 00:05:00,L,13.895,14.064275284204557,13.827289886318177,14.064275284204557,2.5,2.274,tp,30
2026-01-04 00:10:00,2026-01-04 01:30:00,L,14.014,13.920402352947837,13.920402352947837,14.247994117630405,-1.0,-1.165,sl,16
2026-01-04 04:15:00,2026-01-04 05:35:00,L,14.036,13.956862532670606,13.956862532670606,14.233843668323484,-1.0,-1.195,sl,16
2026-01-04 06:15:00,2026-01-04 06:45:00,L,14.078,13.942865160026626,13.942865160026626,14.415837099933434,-1.0,-1.115,sl,6
2026-01-04 11:50:00,2026-01-04 16:20:00,L,14.077,14.276342486679091,13.997263005328364,14.276342486679091,2.5,2.306,tp,54
2026-01-04 16:25:00,2026-01-04 18:35:00,L,14.239,14.060036373156102,14.060036373156102,14.686409067109748,-1.0,-1.088,sl,26
2026-01-04 21:15:00,2026-01-05 04:30:00,L,14.349,14.11177912862654,14.11177912862654,14.942052178433649,-1.0,-1.067,sl,87
2026-01-05 08:20:00,2026-01-05 08:55:00,L,14.299,14.2406903604605,14.2406903604605,14.44477409884875,-1.0,-1.27,sl,7
2026-01-05 14:50:00,2026-01-05 17:20:00,L,14.167,14.014665458310464,14.014665458310464,14.54783635422384,-1.0,-1.102,sl,30
2026-01-05 19:00:00,2026-01-05 22:15:00,L,14.277,14.64343256985748,14.130426972057007,14.64343256985748,2.5,2.393,tp,39
2026-01-05 22:20:00,2026-01-06 00:30:00,L,14.668,14.366556760530587,14.366556760530587,15.42160809867353,-1.0,-1.054,sl,26
2026-01-06 01:30:00,2026-01-06 02:35:00,L,14.723,14.325734675471471,14.325734675471471,15.716163311321324,-1.0,-1.041,sl,13
2026-01-06 10:50:00,2026-01-06 14:10:00,L,14.465,14.718336500365941,14.363665399853623,14.718336500365941,2.5,2.343,tp,40
2026-01-06 14:15:00,2026-01-06 15:10:00,L,14.738,14.55336091790679,14.55336091790679,15.199597705233023,-1.0,-1.088,sl,11
2026-01-06 21:20:00,2026-01-07 01:50:00,L,14.647,14.44428208115621,14.44428208115621,15.153794797109477,-1.0,-1.079,sl,54
2026-01-07 07:20:00,2026-01-07 09:20:00,L,14.513,14.455299496567594,14.455299496567594,14.657251258581013,-1.0,-1.277,sl,24
2026-01-07 13:10:00,2026-01-07 15:15:00,S,14.338,13.941170635125,14.49673174595,13.941170635125,2.5,2.401,tp,25
2026-01-07 15:20:00,2026-01-07 23:20:00,S,13.993,14.174,14.29914666057794,13.227633348555152,-0.591,-0.641,time,96
2026-01-08 06:10:00,2026-01-08 14:10:00,S,13.986,13.732,14.131526301900518,13.622184245248707,1.745,1.64,time,96
2026-01-08 14:30:00,2026-01-08 15:15:00,S,13.684,13.82554804640938,13.82554804640938,13.330129883976547,-1.0,-1.106,sl,9
2026-01-08 20:05:00,2026-01-08 21:35:00,S,13.762,13.93629032553638,13.93629032553638,13.326274186159052,-1.0,-1.087,sl,18
2026-01-09 08:05:00,2026-01-09 15:25:00,S,13.868,14.01007899609183,14.01007899609183,13.512802509770427,-1.0,-1.107,sl,88
2026-01-09 15:30:00,2026-01-09 23:30:00,L,14.034,13.812,13.589602797822035,15.144993005444913,-0.5,-0.534,time,96
2026-01-10 00:50:00,2026-01-10 07:10:00,S,13.721,13.801916383954344,13.801916383954344,13.518709040114139,-1.0,-1.187,sl,76
2026-01-10 15:00:00,2026-01-10 16:45:00,S,13.81,13.866586078566797,13.866586078566797,13.668534803583007,-1.0,-1.268,sl,21
2026-01-10 21:00:00,2026-01-10 22:20:00,S,13.828,13.699355298615366,13.879457880553852,13.699355298615366,2.5,2.204,tp,16
2026-01-10 22:25:00,2026-01-11 06:25:00,S,13.716,13.75,13.820326270949217,13.455184322626955,-0.326,-0.471,time,96
2026-01-11 10:10:00,2026-01-11 12:15:00,S,13.778,13.837915051276164,13.837915051276164,13.62821237180959,-1.0,-1.253,sl,25
2026-01-11 12:45:00,2026-01-11 15:45:00,L,13.846,13.783182191173937,13.783182191173937,14.003044522065156,-1.0,-1.242,sl,36
2026-01-11 15:50:00,2026-01-11 23:50:00,S,13.764,13.694,13.982381609738267,13.21804597565433,0.321,0.251,time,96
2026-01-12 01:05:00,2026-01-12 08:35:00,L,13.846,13.580478919725575,13.580478919725575,14.509802700686063,-1.0,-1.057,sl,90
2026-01-12 08:40:00,2026-01-12 15:35:00,S,13.601,13.814342684882803,13.814342684882803,13.067643287792997,-1.0,-1.07,sl,83
2026-01-12 15:40:00,2026-01-12 21:45:00,L,13.82,13.512101225402231,13.512101225402231,14.589746936494421,-1.0,-1.049,sl,73
2026-01-12 21:50:00,2026-01-13 04:10:00,S,13.53,13.65027574707221,13.65027574707221,13.229310632319475,-1.0,-1.124,sl,76
2026-01-13 05:05:00,2026-01-13 13:05:00,L,13.685,13.803,13.569633615141665,13.97341596214584,1.023,0.892,time,96
2026-01-13 13:35:00,2026-01-13 15:30:00,L,13.855,14.114189624775438,13.751324150089825,14.114189624775438,2.5,2.353,tp,23
2026-01-13 15:35:00,2026-01-13 22:10:00,L,14.168,14.854358654583773,13.89345653816649,14.854358654583773,2.5,2.443,tp,79
2026-01-13 22:15:00,2026-01-14 06:15:00,L,14.699,14.69,14.478806097913584,15.249484755216042,-0.041,-0.114,time,96
2026-01-14 14:50:00,2026-01-14 22:50:00,L,14.648,14.586,14.390490107325904,15.291774731685237,-0.241,-0.303,time,96
2026-01-15 02:20:00,2026-01-15 02:50:00,S,14.472,14.29421835071578,14.543112659713687,14.29421835071578,2.5,2.276,tp,6
2026-01-15 02:55:00,2026-01-15 10:55:00,S,14.31,14.372,14.486037027627892,13.86990743093027,-0.352,-0.442,time,96
2026-01-15 11:50:00,2026-01-15 13:25:00,S,14.294,14.396504850147297,14.396504850147297,14.037737874631759,-1.0,-1.153,sl,19
2026-01-15 14:35:00,2026-01-15 15:45:00,S,14.248,13.824195521027281,14.417521791589087,13.824195521027281,2.5,2.408,tp,14
2026-01-15 15:50:00,2026-01-15 23:50:00,S,13.823,13.824,14.253119128900252,12.747702177749371,-0.002,-0.038,time,96
2026-01-16 04:55:00,2026-01-16 05:35:00,S,13.689,13.783623421888281,13.783623421888281,13.452441445279298,-1.0,-1.159,sl,8
2026-01-16 10:05:00,2026-01-16 15:25:00,S,13.763,13.62419761535179,13.818520953859284,13.62419761535179,2.5,2.227,tp,64
2026-01-16 15:30:00,2026-01-16 23:30:00,S,13.624,13.592,13.807974784613405,13.16406303846649,0.174,0.092,time,96
2026-01-17 13:20:00,2026-01-17 14:35:00,L,13.715,13.832299350456651,13.668080259817339,13.832299350456651,2.5,2.178,tp,15
2026-01-17 14:40:00,2026-01-17 22:40:00,L,13.877,13.738,13.70583201297495,14.304919967562627,-0.812,-0.901,time,96
2026-01-18 01:15:00,2026-01-18 09:15:00,S,13.719,13.613,13.81993637057453,13.466659073563674,1.05,0.901,time,96
2026-01-18 11:05:00,2026-01-18 18:25:00,S,13.573,13.642557520066514,13.642557520066514,13.399106199833716,-1.0,-1.215,sl,88
2026-01-18 18:40:00,2026-01-18 23:20:00,L,13.686,13.537154807205964,13.537154807205964,14.05811298198509,-1.0,-1.101,sl,56
2026-01-18 23:25:00,2026-01-19 00:00:00,S,13.498,12.850811789833035,13.756875284066785,12.850811789833035,2.5,2.443,tp,7
2026-01-19 00:05:00,2026-01-19 08:05:00,S,12.637,12.653,13.756902651091199,9.837243372272004,-0.014,-0.027,time,96
2026-01-19 11:50:00,2026-01-19 14:20:00,S,12.696,12.758789738768254,12.758789738768254,12.539025653079364,-1.0,-1.222,sl,30
2026-01-19 22:15:00,2026-01-20 06:15:00,S,12.711,12.547,12.801606539587599,12.484483651031002,1.81,1.656,time,96
2026-01-20 06:20:00,2026-01-20 14:20:00,S,12.547,12.371,12.759718866146457,12.01520283463386,0.827,0.763,time,96
2026-01-20 15:10:00,2026-01-20 23:10:00,S,12.331,12.121,12.551447609188187,11.77988097702953,0.953,0.891,time,96
2026-01-21 06:50:00,2026-01-21 12:20:00,S,12.258,11.95722276220744,12.378310895117023,11.95722276220744,2.5,2.388,tp,66
2026-01-21 12:25:00,2026-01-21 14:10:00,S,11.999,12.225485917856341,12.225485917856341,11.43278520535915,-1.0,-1.058,sl,21
2026-01-21 16:45:00,2026-01-21 19:30:00,S,11.905,12.416144039821166,12.416144039821166,10.627139900447084,-1.0,-1.026,sl,33
2026-01-21 19:35:00,2026-01-22 03:35:00,L,12.423,12.452,12.018088322307355,13.435279194231613,0.072,0.038,time,96
2026-01-22 11:55:00,2026-01-22 15:25:00,S,12.342,12.05637385048894,12.456250459804425,12.05637385048894,2.5,2.381,tp,42
2026-01-22 15:30:00,2026-01-22 23:30:00,S,12.048,12.185,12.29303906007491,11.435402349812723,-0.559,-0.613,time,96
2026-01-23 04:10:00,2026-01-23 07:15:00,L,12.289,12.194910810888716,12.194910810888716,12.524222972778208,-1.0,-1.144,sl,37
2026-01-23 07:20:00,2026-01-23 15:20:00,S,12.211,12.111,12.319945025572958,11.938637436067607,0.918,0.795,time,96
2026-01-23 16:40:00,2026-01-23 19:30:00,L,12.299,12.11879617342995,12.11879617342995,12.749509566425125,-1.0,-1.075,sl,34
2026-01-23 19:35:00,2026-01-24 03:35:00,S,12.139,12.159,12.42126239747573,11.433344006310675,-0.071,-0.118,time,96
2026-01-24 09:20:00,2026-01-24 12:30:00,S,12.086,12.128190144250281,12.128190144250281,11.980524639374298,-1.0,-1.315,sl,38
2026-01-24 14:05:00,2026-01-24 16:15:00,S,12.081,11.956542786071328,12.130782885571469,11.956542786071328,2.5,2.233,tp,26
2026-01-24 16:20:00,2026-01-24 22:10:00,S,11.991,12.105447949013907,12.105447949013907,11.70488012746523,-1.0,-1.115,sl,70
2026-01-24 23:50:00,2026-01-25 03:20:00,S,12.063,11.96020622806618,12.104117508773529,11.96020622806618,2.5,2.177,tp,42
2026-01-25 03:25:00,2026-01-25 10:20:00,S,11.948,12.018974714555558,12.018974714555558,11.770563213611107,-1.0,-1.185,sl,83
2026-01-25 14:30:00,2026-01-25 16:15:00,S,11.856,11.580355231403864,11.966257907438454,11.580355231403864,2.5,2.382,tp,21
2026-01-25 16:20:00,2026-01-26 00:20:00,S,11.609,11.541,11.903080581868814,10.873798545327965,0.231,0.188,time,96
2026-01-26 14:40:00,2026-01-26 17:30:00,L,11.752,11.618955691104972,11.618955691104972,12.084610772237571,-1.0,-1.097,sl,34
2026-01-26 17:35:00,2026-01-26 18:30:00,S,11.635,11.789910675088063,11.789910675088063,11.247723312279842,-1.0,-1.083,sl,11
2026-01-26 21:00:00,2026-01-26 21:40:00,S,11.644,11.719302941137984,11.719302941137984,11.45574264715504,-1.0,-1.17,sl,8
2026-01-27 02:05:00,2026-01-27 09:15:00,L,11.824,11.678934138057146,11.678934138057146,12.186664654857134,-1.0,-1.09,sl,86
2026-01-27 10:50:00,2026-01-27 14:15:00,S,11.667,11.721604233782683,11.721604233782683,11.530489415543292,-1.0,-1.235,sl,41
2026-01-27 14:50:00,2026-01-27 16:00:00,S,11.619,11.743586795670337,11.743586795670337,11.307533010824155,-1.0,-1.103,sl,14
2026-01-27 16:05:00,2026-01-27 17:40:00,L,11.739,11.57984236379596,11.57984236379596,12.136894090510104,-1.0,-1.081,sl,19
2026-01-27 17:45:00,2026-01-27 20:15:00,S,11.588,11.94805523579724,11.94805523579724,10.687861910506898,-1.0,-1.035,sl,30
2026-01-27 20:20:00,2026-01-28 04:20:00,L,11.943,12.023,11.801190065970543,12.297524835073641,0.564,0.471,time,96
2026-01-28 06:05:00,2026-01-28 08:35:00,L,12.127,12.025351971397829,12.025351971397829,12.381120071505432,-1.0,-1.131,sl,30
2026-01-28 09:40:00,2026-01-28 15:10:00,L,12.129,12.013956807190855,12.013956807190855,12.41660798202286,-1.0,-1.116,sl,66
2026-01-28 17:55:00,2026-01-29 01:25:00,L,12.107,11.913071405615408,11.913071405615408,12.591821485961477,-1.0,-1.069,sl,90
2026-01-29 01:30:00,2026-01-29 02:30:00,S,11.967,11.777560041165362,12.042775983533856,11.777560041165362,2.5,2.326,tp,12
2026-01-29 02:35:00,2026-01-29 10:35:00,S,11.856,11.707,11.980823119548692,11.54394220112827,1.194,1.089,time,96
2026-01-29 11:20:00,2026-01-29 14:45:00,S,11.647,11.43632658175852,11.731269367296592,11.43632658175852,2.5,2.348,tp,41
2026-01-29 14:50:00,2026-01-29 18:50:00,S,11.382,10.81420990725703,11.609116037097188,10.81420990725703,2.5,2.445,tp,48
2026-01-29 18:55:00,2026-01-29 21:00:00,S,10.814,11.044623591577436,11.044623591577436,10.237441021056412,-1.0,-1.052,sl,25
2026-01-30 01:45:00,2026-01-30 09:45:00,S,10.814,10.831,11.093086508408993,10.116283728977518,-0.061,-0.104,time,96
2026-01-31 00:50:00,2026-01-31 06:25:00,S,10.847,10.699399768757917,10.906040092496832,10.699399768757917,2.5,2.298,tp,67
2026-01-31 06:30:00,2026-01-31 14:10:00,S,10.695,10.378066275201569,10.821773489919373,10.378066275201569,2.5,2.407,tp,92
2026-01-31 14:15:00,2026-01-31 17:10:00,S,10.393,9.96447136927398,10.56441145229041,9.96447136927398,2.5,2.433,tp,35
2026-01-31 17:15:00,2026-02-01 01:15:00,S,9.769,10.105,10.303468303506346,8.432829241234135,-0.629,-0.649,time,96
2026-02-01 07:10:00,2026-02-01 07:40:00,S,10.161,10.222322060558025,10.222322060558025,10.007694848604938,-1.0,-1.182,sl,6
2026-02-01 10:45:00,2026-02-01 18:45:00,S,10.055,9.953,10.209121670731209,9.669695823171978,0.662,0.59,time,96
2026-02-02 03:20:00,2026-02-02 11:20:00,S,9.755,9.986,10.085820577431583,8.927948556421043,-0.698,-0.731,time,96
2026-02-02 14:35:00,2026-02-02 22:35:00,L,10.143,10.17,10.013189605218857,10.467525986952861,0.208,0.122,time,96
2026-02-03 02:35:00,2026-02-03 03:55:00,S,10.044,10.12699404470218,10.12699404470218,9.836514888244553,-1.0,-1.133,sl,16
2026-02-03 04:00:00,2026-02-03 12:00:00,L,10.13,10.049,9.935268874867894,10.616827812830266,-0.416,-0.473,time,96
2026-02-03 12:30:00,2026-02-03 14:35:00,L,10.142,10.04191311016525,10.04191311016525,10.392217224586872,-1.0,-1.111,sl,25
2026-02-03 14:40:00,2026-02-03 15:50:00,S,10.033,10.169927213238365,10.169927213238365,9.690681966904085,-1.0,-1.081,sl,14
2026-02-03 15:55:00,2026-02-03 17:05:00,L,10.138,9.896180039243006,9.896180039243006,10.742549901892485,-1.0,-1.046,sl,14
2026-02-03 17:10:00,2026-02-03 20:30:00,S,9.882,10.129689995405252,10.129689995405252,9.262775011486868,-1.0,-1.044,sl,40
2026-02-03 20:35:00,2026-02-04 04:35:00,L,10.191,10.102,9.835894501795751,11.078763745510624,-0.251,-0.282,time,96
2026-02-04 11:05:00,2026-02-04 14:55:00,S,9.984,9.749886822039546,10.077645271184181,9.749886822039546,2.5,2.383,tp,46
2026-02-04 15:00:00,2026-02-04 19:55:00,S,9.722,9.942229882416385,9.942229882416385,9.171425293959036,-1.0,-1.049,sl,59
2026-02-04 21:55:00,2026-02-05 05:55:00,S,9.652,9.557,9.869933505086506,9.107166237283733,0.436,0.387,time,96
2026-02-05 06:10:00,2026-02-05 14:10:00,S,9.489,9.26,9.677471679750498,9.017820800623756,1.215,1.16,time,96
2026-02-05 15:05:00,2026-02-05 23:05:00,S,9.014,8.537,9.451632688427516,7.919918278931208,1.09,1.067,time,96
2026-02-06 00:15:00,2026-02-06 05:50:00,S,7.762,8.573455703557464,8.573455703557464,5.733360741106338,-1.0,-1.011,sl,67
2026-02-06 15:40:00,2026-02-06 17:30:00,L,9.023,9.42433647196086,8.862465411215656,9.42433647196086,2.5,2.438,tp,22
2026-02-06 17:35:00,2026-02-06 18:05:00,L,9.42,9.18574539116099,9.18574539116099,10.005636522097523,-1.0,-1.044,sl,6
2026-02-06 23:05:00,2026-02-07 00:25:00,L,9.354,9.174181358986912,9.174181358986912,9.803546602532716,-1.0,-1.057,sl,16
2026-02-07 04:05:00,2026-02-07 06:50:00,L,9.3,9.201031277357771,9.201031277357771,9.547421806605575,-1.0,-1.103,sl,33
2026-02-07 07:10:00,2026-02-07 15:10:00,S,9.035,9.111,9.32814716737133,8.302132081571674,-0.259,-0.293,time,96
2026-02-07 16:10:00,2026-02-08 00:10:00,L,9.249,9.218,9.068735447023812,9.699661382440471,-0.172,-0.228,time,96
2026-02-08 07:10:00,2026-02-08 08:00:00,S,9.09,9.142614912449073,9.142614912449073,8.958462718877318,-1.0,-1.19,sl,10
2026-02-08 08:05:00,2026-02-08 16:05:00,L,9.164,9.168,9.066841769554497,9.406895576113758,0.041,-0.063,time,96
2026-02-08 16:40:00,2026-02-08 18:35:00,S,9.114,9.201716019830553,9.201716019830553,8.894709950423621,-1.0,-1.114,sl,23
2026-02-08 21:35:00,2026-02-08 23:00:00,S,9.064,9.15123618470849,9.15123618470849,8.845909538228778,-1.0,-1.114,sl,17
2026-02-08 23:40:00,2026-02-09 07:40:00,S,9.031,9.031,9.263301643567669,8.45024589108083,-0.0,-0.043,time,96
2026-02-09 07:50:00,2026-02-09 08:30:00,S,9.027,8.891230416616935,9.081307833353225,8.891230416616935,2.5,2.317,tp,8
2026-02-09 08:35:00,2026-02-09 16:35:00,S,8.88,8.963,9.069567910584809,8.40608022353798,-0.438,-0.489,time,96
2026-02-09 16:45:00,2026-02-10 00:45:00,L,9.064,9.006,8.909231642361664,9.45092089409584,-0.375,-0.439,time,96
2026-02-10 03:10:00,2026-02-10 11:10:00,S,8.981,8.817,9.08693675466077,8.716158113348072,1.548,1.455,time,96
2026-02-10 13:05:00,2026-02-10 14:15:00,S,8.761,8.82452321905077,8.82452321905077,8.602191952373072,-1.0,-1.152,sl,14
2026-02-10 14:45:00,2026-02-10 22:45:00,S,8.762,8.722,8.875233810655569,8.478915473361079,0.353,0.268,time,96
2026-02-11 04:40:00,2026-02-11 12:40:00,S,8.755,8.581,8.974456808401856,8.206357978995364,0.793,0.749,time,96
2026-02-11 15:00:00,2026-02-11 23:00:00,S,8.546,8.666,8.89657508715908,7.669562282102297,-0.342,-0.369,time,96
2026-02-11 23:25:00,2026-02-12 00:35:00,S,8.598,8.73094309828781,8.73094309828781,8.265642254280479,-1.0,-1.071,sl,14
2026-02-12 06:30:00,2026-02-12 14:30:00,L,8.835,8.958,8.712796903907028,9.140507740232433,1.007,0.927,time,96
2026-02-12 14:35:00,2026-02-12 15:50:00,L,8.958,8.811920388995942,8.811920388995942,9.323199027510146,-1.0,-1.067,sl,15
2026-02-12 16:05:00,2026-02-13 00:05:00,S,8.803,8.904,8.95322799413329,8.427430014666779,-0.672,-0.737,time,96
2026-02-13 07:25:00,2026-02-13 15:25:00,L,8.86,9.19003522666454,8.727985909334183,9.19003522666454,2.5,2.426,tp,96
2026-02-13 15:30:00,2026-02-13 23:30:00,L,9.179,9.159,8.88847602938261,9.905309926543474,-0.069,-0.104,time,96
2026-02-14 07:20:00,2026-02-14 11:50:00,L,9.199,9.364622678302585,9.132750928678966,9.364622678302585,2.5,2.347,tp,54
2026-02-14 11:55:00,2026-02-14 19:55:00,L,9.372,9.627,9.229764950010965,9.727587624972585,1.793,1.72,time,96
2026-02-14 20:00:00,2026-02-15 03:35:00,L,9.627,9.484365808090605,9.484365808090605,9.983585479773492,-1.0,-1.074,sl,91
2026-02-15 05:50:00,2026-02-15 08:30:00,L,9.687,9.597085579245807,9.597085579245807,9.911786051885482,-1.0,-1.119,sl,32
2026-02-15 12:10:00,2026-02-15 13:40:00,S,9.495,9.310171642106843,9.568931343157262,9.310171642106843,2.5,2.359,tp,18
2026-02-15 13:45:00,2026-02-15 21:45:00,S,9.318,9.226,9.494626305656686,8.876434235858284,0.521,0.463,time,96
2026-02-16 05:25:00,2026-02-16 09:35:00,S,9.207,9.33031182762145,9.33031182762145,8.898720430946376,-1.0,-1.082,sl,50
2026-02-16 09:40:00,2026-02-16 11:05:00,L,9.334,9.252953824255984,9.252953824255984,9.536615439360038,-1.0,-1.127,sl,17
2026-02-16 11:15:00,2026-02-16 12:25:00,S,9.212,9.318312391652746,9.318312391652746,8.946219020868133,-1.0,-1.095,sl,14
2026-02-16 12:30:00,2026-02-16 14:25:00,L,9.344,9.17405746579908,9.17405746579908,9.768856335502296,-1.0,-1.06,sl,23
2026-02-16 14:30:00,2026-02-16 22:30:00,S,9.171,9.269,9.31202574697327,8.818435632566825,-0.695,-0.766,time,96
2026-02-17 02:15:00,2026-02-17 05:20:00,L,9.267,9.173381249974103,9.173381249974103,9.501046875064741,-1.0,-1.109,sl,37
2026-02-17 05:25:00,2026-02-17 13:25:00,S,9.163,9.183,9.248933243724412,8.94816689068897,-0.233,-0.35,time,96
2026-02-17 14:45:00,2026-02-17 16:35:00,S,9.083,9.22826360559924,9.22826360559924,8.7198409860019,-1.0,-1.069,sl,22
2026-02-18 00:50:00,2026-02-18 02:05:00,S,9.112,9.14770609658897,9.14770609658897,9.022734758527577,-1.0,-1.281,sl,15
2026-02-18 11:10:00,2026-02-18 15:35:00,S,9.015,9.146431475565555,9.146431475565555,8.686421311086114,-1.0,-1.075,sl,53
2026-02-18 18:25:00,2026-02-19 02:25:00,S,8.949,8.915,9.074103217353391,8.636241956616521,0.272,0.193,time,96
2026-02-19 05:25:00,2026-02-19 06:30:00,S,8.846,8.92475016780005,8.92475016780005,8.649124580499873,-1.0,-1.124,sl,13
2026-02-19 08:35:00,2026-02-19 16:35:00,S,8.811,8.87,8.921041489033458,8.535896277416356,-0.536,-0.624,time,96
2026-02-20 00:20:00,2026-02-20 04:20:00,L,8.912,8.8836260450962,8.8836260450962,8.982934887259503,-1.0,-1.345,sl,48
2026-02-20 04:25:00,2026-02-20 05:30:00,S,8.889,8.962629963588578,8.962629963588578,8.704925091028553,-1.0,-1.133,sl,13
2026-02-20 05:35:00,2026-02-20 07:30:00,L,8.988,9.25381800725458,8.881672797098167,9.25381800725458,2.5,2.407,tp,23
2026-02-20 07:35:00,2026-02-20 13:30:00,L,9.247,8.98226494820696,8.98226494820696,9.908837629482598,-1.0,-1.038,sl,71
2026-02-20 13:35:00,2026-02-20 15:00:00,S,8.97,9.126671865505726,9.126671865505726,8.578320336235688,-1.0,-1.063,sl,17
2026-02-20 15:05:00,2026-02-20 23:05:00,L,9.109,9.147,8.963061992570402,9.473845018573993,0.26,0.192,time,96
2026-02-21 02:25:00,2026-02-21 10:25:00,L,9.179,9.26,9.114857955209404,9.339355111976491,1.263,1.105,time,96
2026-02-21 10:40:00,2026-02-21 14:20:00,L,9.275,9.403545306511457,9.223581877395418,9.403545306511457,2.5,2.302,tp,44
2026-02-21 14:25:00,2026-02-21 15:25:00,L,9.42,9.284306191598283,9.284306191598283,9.759234521004291,-1.0,-1.076,sl,12
2026-02-21 18:55:00,2026-02-21 19:50:00,L,9.299,9.257611437544105,9.257611437544105,9.402471406139735,-1.0,-1.247,sl,11
2026-02-21 20:45:00,2026-02-22 03:15:00,S,9.203,9.003374026736733,9.282850389305306,9.003374026736733,2.5,2.373,tp,78
2026-02-22 03:20:00,2026-02-22 11:20:00,S,9.014,9.01,9.08888601414353,8.826784964641174,0.053,-0.079,time,96
2026-02-22 12:10:00,2026-02-22 20:10:00,S,8.948,8.792,9.030643829589748,8.741390426025632,1.888,1.769,time,96
2026-02-22 20:55:00,2026-02-22 21:45:00,S,8.789,8.82017013724169,8.82017013724169,8.711074656895775,-1.0,-1.31,sl,10
2026-02-23 01:00:00,2026-02-23 01:05:00,S,8.777,8.496700213138087,8.889119914744764,8.496700213138087,2.5,2.414,tp,1
2026-02-23 01:10:00,2026-02-23 09:10:00,S,8.529,8.557,8.8912642915194,7.623339271201499,-0.077,-0.103,time,96
2026-02-23 14:30:00,2026-02-23 20:10:00,S,8.619,8.306516125244556,8.743993549902177,8.306516125244556,2.5,2.424,tp,68
2026-02-23 20:15:00,2026-02-23 22:15:00,S,8.285,8.43615648927298,8.43615648927298,7.907108776817551,-1.0,-1.06,sl,24
2026-02-24 01:15:00,2026-02-24 01:30:00,S,8.325,8.432279179934067,8.432279179934067,8.05680205016483,-1.0,-1.085,sl,3
2026-02-24 05:25:00,2026-02-24 11:25:00,S,8.209,8.318941322298274,8.318941322298274,7.934146694254314,-1.0,-1.082,sl,72
2026-02-24 13:30:00,2026-02-24 14:50:00,S,8.252,8.35790777018182,8.35790777018182,7.987230574545453,-1.0,-1.086,sl,16
2026-02-25 01:10:00,2026-02-25 01:20:00,L,8.369,8.65419700036787,8.254921199852852,8.65419700036787,2.5,2.419,tp,2
2026-02-25 01:25:00,2026-02-25 09:25:00,L,8.637,8.683,8.258163578096804,9.584091054757991,0.121,0.096,time,96
2026-02-25 09:55:00,2026-02-25 11:20:00,L,8.695,8.94720474647503,8.594118101409988,8.94720474647503,2.5,2.405,tp,17
2026-02-25 11:25:00,2026-02-25 12:50:00,L,8.912,9.317713186489058,8.749714725404377,9.317713186489058,2.5,2.44,tp,17
2026-02-25 12:55:00,2026-02-25 20:55:00,L,9.295,9.682,8.929035186734136,10.20991203316466,1.057,1.03,time,96
2026-02-26 04:45:00,2026-02-26 05:10:00,L,9.518,9.433634811769355,9.433634811769355,9.728912970576614,-1.0,-1.124,sl,5
2026-02-26 13:50:00,2026-02-26 14:30:00,L,9.361,9.307955057395443,9.307955057395443,9.493612356511395,-1.0,-1.194,sl,8
2026-02-26 14:40:00,2026-02-26 14:45:00,L,9.336,9.280139289801227,9.280139289801227,9.475651775496935,-1.0,-1.184,sl,1
2026-02-26 17:00:00,2026-02-26 19:00:00,S,9.108,9.325522468346385,9.325522468346385,8.56419382913404,-1.0,-1.046,sl,24
2026-02-26 19:05:00,2026-02-27 03:05:00,L,9.32,9.345,9.081481669155716,9.916295827110712,0.105,0.062,time,96
2026-02-27 03:55:00,2026-02-27 09:35:00,L,9.383,9.318027572469576,9.318027572469576,9.545431068826055,-1.0,-1.159,sl,68
2026-02-27 10:10:00,2026-02-27 17:30:00,S,9.24,8.865273114025875,9.38989075438965,8.865273114025875,2.5,2.432,tp,88
2026-02-27 17:35:00,2026-02-28 01:35:00,S,8.881,8.907,8.994101850120503,8.598245374698745,-0.23,-0.316,time,96
2026-02-28 03:40:00,2026-02-28 06:15:00,S,8.881,8.750001633594783,8.933399346562087,8.750001633594783,2.5,2.314,tp,31
2026-02-28 06:20:00,2026-02-28 08:50:00,S,8.778,8.479090964043284,8.897563614382687,8.479090964043284,2.5,2.419,tp,30
2026-02-28 08:55:00,2026-02-28 13:45:00,S,8.495,8.66442066823074,8.66442066823074,8.071448329423148,-1.0,-1.055,sl,58
2026-02-28 18:35:00,2026-02-28 21:00:00,L,8.785,9.18011900883712,8.626952396465152,9.18011900883712,2.5,2.439,tp,29
2026-02-28 21:05:00,2026-03-01 05:05:00,L,9.124,9.281,8.907351005339951,9.665622486650125,0.725,0.678,time,96
2026-03-01 13:55:00,2026-03-01 16:45:00,L,9.185,9.018869674069922,9.018869674069922,9.600325814825197,-1.0,-1.061,sl,34
2026-03-01 16:50:00,2026-03-02 00:50:00,S,9.022,9.092,9.19386075837168,8.592348104070803,-0.407,-0.465,time,96
2026-03-02 01:10:00,2026-03-02 06:15:00,L,9.148,8.997339225558637,8.997339225558637,9.524651936103407,-1.0,-1.067,sl,61
2026-03-02 06:20:00,2026-03-02 14:20:00,S,8.963,8.926,9.112774114015094,8.588564714962262,0.247,0.181,time,96
2026-03-02 14:35:00,2026-03-02 15:20:00,L,9.023,9.355153482176274,8.89013860712949,9.355153482176274,2.5,2.425,tp,9
2026-03-02 15:25:00,2026-03-02 23:25:00,L,9.354,9.18,8.899462419334029,10.490343951664926,-0.383,-0.405,time,96
2026-03-03 05:50:00,2026-03-03 13:50:00,S,9.078,8.959,9.19390461874533,8.788238453136671,1.027,0.941,time,96
2026-03-03 14:05:00,2026-03-03 14:30:00,S,8.977,9.060383562421054,9.060383562421054,8.768541093947366,-1.0,-1.118,sl,5
2026-03-03 14:45:00,2026-03-03 15:35:00,S,8.935,9.0716050503159,9.0716050503159,8.59348737421025,-1.0,-1.072,sl,10
2026-03-03 15:45:00,2026-03-03 23:45:00,L,9.073,9.184,8.88386392920029,9.545840176999278,0.587,0.534,time,96
2026-03-04 04:35:00,2026-03-04 08:00:00,S,9.074,9.196438604900173,9.196438604900173,8.767903487749567,-1.0,-1.082,sl,41
2026-03-04 08:05:00,2026-03-04 14:30:00,L,9.178,9.518679561663909,9.041728175334438,9.518679561663909,2.5,2.426,tp,77
2026-03-04 14:35:00,2026-03-04 22:35:00,L,9.489,9.551,9.323898966511985,9.90175258372004,0.376,0.312,time,96
2026-03-05 09:15:00,2026-03-05 15:25:00,L,9.482,9.359428015268614,9.359428015268614,9.788429961828463,-1.0,-1.085,sl,74
2026-03-05 16:15:00,2026-03-05 19:20:00,S,9.306,9.437725784063696,9.437725784063696,8.976685539840757,-1.0,-1.078,sl,37
2026-03-05 19:25:00,2026-03-06 03:25:00,L,9.423,9.404,9.297190026187435,9.737524934531413,-0.151,-0.233,time,96
2026-03-06 05:40:00,2026-03-06 07:20:00,S,9.319,9.40004716993672,9.40004716993672,9.116382075158203,-1.0,-1.126,sl,20
2026-03-06 07:35:00,2026-03-06 09:10:00,L,9.434,9.33562412392931,9.33562412392931,9.67993969017672,-1.0,-1.105,sl,19
2026-03-06 09:20:00,2026-03-06 14:00:00,S,9.323,9.041145366610252,9.4357418533559,9.041145366610252,2.5,2.409,tp,56
2026-03-06 14:05:00,2026-03-06 22:05:00,S,9.078,9.018,9.239510547766445,8.674223630583885,0.371,0.31,time,96
2026-03-07 04:10:00,2026-03-07 12:10:00,S,8.978,9.008,9.074704358791227,8.736239103021934,-0.31,-0.412,time,96
2026-03-07 18:05:00,2026-03-08 02:05:00,S,8.952,8.883,9.011862513919974,8.802343715200065,1.153,0.988,time,96
2026-03-08 02:30:00,2026-03-08 09:15:00,S,8.866,8.909114912063544,8.909114912063544,8.75821271984114,-1.0,-1.226,sl,81
2026-03-08 12:15:00,2026-03-08 12:25:00,S,8.862,8.92841276577441,8.92841276577441,8.695968085563972,-1.0,-1.147,sl,2
2026-03-08 13:30:00,2026-03-08 21:30:00,S,8.891,8.89,9.021574714800007,8.564563212999982,0.008,-0.067,time,96
2026-03-08 22:05:00,2026-03-09 00:35:00,S,8.713,8.94024326301519,8.94024326301519,8.14489184246202,-1.0,-1.042,sl,30
2026-03-09 03:10:00,2026-03-09 11:10:00,L,8.985,9.054,8.802203052258017,9.441992369354956,0.377,0.323,time,96
2026-03-09 13:15:00,2026-03-09 19:25:00,L,9.168,9.406899437874081,9.072440224850366,9.406899437874081,2.5,2.394,tp,74
2026-03-09 19:30:00,2026-03-09 23:45:00,L,9.473,9.224316601497678,9.224316601497678,10.094708496255807,-1.0,-1.042,sl,51
2026-03-10 01:55:00,2026-03-10 02:40:00,L,9.348,9.469600465527822,9.299359813788872,9.469600465527822,2.5,2.289,tp,9
2026-03-10 02:45:00,2026-03-10 10:45:00,L,9.477,9.511,9.302333457635118,9.913666355912206,0.195,0.135,time,96
2026-03-10 15:00:00,2026-03-10 23:00:00,L,9.644,9.519,9.29955647953756,10.505108801156098,-0.363,-0.394,time,96
2026-03-11 04:40:00,2026-03-11 05:40:00,L,9.637,9.518803106695854,9.518803106695854,9.932492233260366,-1.0,-1.09,sl,12
2026-03-11 11:10:00,2026-03-11 12:05:00,L,9.609,9.515858625748676,9.515858625748676,9.84185343562831,-1.0,-1.113,sl,11
2026-03-11 13:15:00,2026-03-11 15:30:00,L,9.683,9.52363581541,9.52363581541,10.081410461475,-1.0,-1.067,sl,27
2026-03-12 01:05:00,2026-03-12 07:30:00,S,9.508,9.558986726107177,9.558986726107177,9.380533184732055,-1.0,-1.205,sl,77
2026-03-12 07:35:00,2026-03-12 14:30:00,L,9.559,9.50004355196088,9.50004355196088,9.706391120097797,-1.0,-1.178,sl,83
2026-03-12 22:00:00,2026-03-13 00:15:00,L,9.651,9.79521034996027,9.593315860015892,9.79521034996027,2.5,2.316,tp,27
2026-03-13 00:20:00,2026-03-13 08:20:00,L,9.762,9.838,9.64528366189871,10.053790845253229,0.651,0.559,time,96
2026-03-13 10:05:00,2026-03-13 17:35:00,L,9.984,9.805911111827573,9.805911111827573,10.429222220431068,-1.0,-1.062,sl,90
2026-03-13 21:10:00,2026-03-13 21:25:00,L,9.812,9.75132290336181,9.75132290336181,9.963692741595473,-1.0,-1.178,sl,3
2026-03-13 22:05:00,2026-03-14 06:05:00,S,9.705,9.657,9.819767996105677,9.418080009735808,0.418,0.325,time,96
2026-03-14 06:25:00,2026-03-14 14:25:00,S,9.628,9.567,9.687532360147717,9.479169099630708,1.025,0.847,time,96
2026-03-14 14:45:00,2026-03-14 16:25:00,S,9.541,9.578408636204546,9.578408636204546,9.447478409488635,-1.0,-1.281,sl,20
2026-03-14 23:05:00,2026-03-15 07:05:00,L,9.673,9.706,9.59942893467146,9.85692766332135,0.449,0.304,time,96
2026-03-15 08:25:00,2026-03-15 16:15:00,L,9.755,9.690671852837795,9.690671852837795,9.915820367905514,-1.0,-1.167,sl,94
2026-03-15 16:20:00,2026-03-15 17:50:00,S,9.703,9.74482490206314,9.74482490206314,9.598437744842148,-1.0,-1.255,sl,18
2026-03-15 17:55:00,2026-03-15 18:50:00,L,9.778,9.672502530450183,9.672502530450183,10.041743673874544,-1.0,-1.102,sl,11
2026-03-15 18:55:00,2026-03-15 20:30:00,S,9.681,9.793526207718871,9.793526207718871,9.399684480702819,-1.0,-1.095,sl,19
2026-03-15 20:35:00,2026-03-15 22:40:00,L,9.781,9.934463472617338,9.719614610953066,9.934463472617338,2.5,2.325,tp,25
2026-03-15 22:45:00,2026-03-16 03:30:00,L,9.929,10.308976113132044,9.777009554747183,10.308976113132044,2.5,2.428,tp,57
2026-03-16 03:35:00,2026-03-16 11:35:00,L,10.361,10.21,9.891121341490019,11.535696646274957,-0.321,-0.346,time,96
2026-03-16 17:40:00,2026-03-16 22:10:00,L,10.262,10.47535155566575,10.176659377733701,10.47535155566575,2.5,2.368,tp,54
2026-03-16 22:15:00,2026-03-17 03:40:00,L,10.449,10.310063398707248,10.310063398707248,10.79634150323188,-1.0,-1.083,sl,65
2026-03-17 07:20:00,2026-03-17 08:55:00,L,10.377,10.271868743272325,10.271868743272325,10.63982814181919,-1.0,-1.109,sl,19
2026-03-17 13:35:00,2026-03-17 21:35:00,L,10.269,10.313,10.194585263092321,10.455036842269198,0.591,0.439,time,96
2026-03-17 22:05:00,2026-03-17 22:30:00,L,10.328,10.263087631135278,10.263087631135278,10.490280922161803,-1.0,-1.175,sl,5
2026-03-17 23:45:00,2026-03-18 02:30:00,S,10.187,10.260191023835967,10.260191023835967,10.00402244041008,-1.0,-1.153,sl,33
2026-03-18 02:35:00,2026-03-18 10:35:00,L,10.271,10.221,10.201051647601185,10.445870880997042,-0.715,-0.876,time,96
2026-03-18 11:30:00,2026-03-18 12:30:00,S,10.13,9.848995437123566,10.242401825150575,9.848995437123566,2.5,2.401,tp,12
2026-03-18 12:35:00,2026-03-18 20:35:00,S,9.763,9.664,10.155504890496688,8.781737773758278,0.252,0.225,time,96
2026-03-19 02:50:00,2026-03-19 03:15:00,S,9.618,9.68076171204809,9.68076171204809,9.461095719879776,-1.0,-1.169,sl,5
2026-03-19 04:50:00,2026-03-19 07:20:00,S,9.619,9.467029319751955,9.679788272099218,9.467029319751955,2.5,2.326,tp,30
2026-03-19 07:25:00,2026-03-19 15:25:00,S,9.453,9.362,9.62422302208655,9.024942444783623,0.531,0.471,time,96
2026-03-19 15:40:00,2026-03-19 19:00:00,S,9.365,9.48129897212197,9.48129897212197,9.074252569695076,-1.0,-1.089,sl,40
2026-03-19 22:40:00,2026-03-20 01:00:00,S,9.426,9.518929524484973,9.518929524484973,9.193676188787569,-1.0,-1.112,sl,28
2026-03-20 11:40:00,2026-03-20 19:40:00,S,9.488,9.488,9.585242788847282,9.244893027881794,-0.0,-0.107,time,96
2026-03-21 06:30:00,2026-03-21 07:45:00,L,9.617,9.572784771293854,9.572784771293854,9.727538071765368,-1.0,-1.239,sl,15
2026-03-21 08:25:00,2026-03-21 16:25:00,S,9.553,9.508,9.62525458031319,9.37236354921703,0.623,0.477,time,96
2026-03-21 23:10:00,2026-03-21 23:50:00,S,9.475,9.38233553223387,9.512065787106451,9.38233553223387,2.5,2.219,tp,8
2026-03-21 23:55:00,2026-03-22 07:55:00,S,9.236,9.188,9.49878328173072,8.579041795673202,0.183,0.144,time,96
2026-03-22 08:00:00,2026-03-22 16:00:00,S,9.188,9.087,9.250592553466248,9.031518616334381,1.614,1.452,time,96
2026-03-22 19:15:00,2026-03-22 22:25:00,S,8.984,9.077243272259091,9.077243272259091,8.750891819352272,-1.0,-1.106,sl,38
2026-03-23 06:40:00,2026-03-23 11:05:00,S,9.051,9.16237481810242,9.16237481810242,8.772562954743952,-1.0,-1.089,sl,53
2026-03-23 11:10:00,2026-03-23 19:10:00,L,9.461,9.513,8.967630270553826,10.694424323615436,0.105,0.084,time,96
2026-03-23 22:05:00,2026-03-24 00:35:00,L,9.518,9.48081824660708,9.48081824660708,9.610954383482301,-1.0,-1.282,sl,30
2026-03-24 08:00:00,2026-03-24 11:15:00,L,9.6,9.514496462960732,9.514496462960732,9.813758842598169,-1.0,-1.124,sl,39
2026-03-24 17:05:00,2026-03-24 20:20:00,S,9.372,9.470566956563179,9.470566956563179,9.125582608592053,-1.0,-1.105,sl,39
2026-03-24 20:30:00,2026-03-25 04:30:00,L,9.519,9.609,9.37152113591619,9.887697160209527,0.61,0.539,time,96
2026-03-25 05:00:00,2026-03-25 11:30:00,L,9.644,9.752510803282025,9.60059567868719,9.752510803282025,2.5,2.256,tp,78
2026-03-25 11:35:00,2026-03-25 12:20:00,L,9.768,9.68897514001379,9.68897514001379,9.965562149965528,-1.0,-1.136,sl,9
2026-03-25 22:45:00,2026-03-26 02:05:00,L,9.69,9.628916739301603,9.628916739301603,9.84270815174599,-1.0,-1.174,sl,40
2026-03-26 03:25:00,2026-03-26 05:55:00,S,9.56,9.439952809276058,9.608018876289577,9.439952809276058,2.5,2.281,tp,30
2026-03-26 06:00:00,2026-03-26 14:00:00,S,9.442,9.298,9.555370112532502,9.158574718668746,1.27,1.179,time,96
2026-03-26 15:10:00,2026-03-26 23:10:00,S,9.186,9.109,9.316308683565996,8.86022829108501,0.591,0.513,time,96
2026-03-27 04:05:00,2026-03-27 10:35:00,S,9.023,8.77324714367127,9.122901142531491,8.77324714367127,2.5,2.401,tp,78
2026-03-27 10:40:00,2026-03-27 18:40:00,S,8.792,8.704,8.952967145927733,8.389582135180667,0.547,0.487,time,96
2026-03-28 01:40:00,2026-03-28 06:15:00,S,8.71,8.782556945689945,8.782556945689945,8.528607635775138,-1.0,-1.132,sl,55
2026-03-28 17:55:00,2026-03-29 01:55:00,S,8.866,8.756,8.933464383917215,8.69733904020696,1.63,1.486,time,96
2026-03-29 07:10:00,2026-03-29 15:10:00,S,8.723,8.686,8.782251381829418,8.574871545426458,0.624,0.463,time,96
2026-03-29 17:20:00,2026-03-29 22:45:00,S,8.599,8.401843831023807,8.677862467590478,8.401843831023807,2.5,2.38,tp,65
2026-03-29 22:50:00,2026-03-30 00:15:00,S,8.406,8.668572954372618,8.668572954372618,7.749567614068458,-1.0,-1.035,sl,17
2026-03-30 02:10:00,2026-03-30 08:15:00,L,8.752,8.962025062873444,8.667989974850624,8.962025062873444,2.5,2.385,tp,73
2026-03-30 08:20:00,2026-03-30 16:20:00,L,8.964,8.924,8.817700966754446,9.329747583113887,-0.273,-0.341,time,96
2026-03-30 18:10:00,2026-03-31 01:20:00,S,8.808,8.91833945071076,8.91833945071076,8.532151373223098,-1.0,-1.088,sl,86
2026-03-31 01:25:00,2026-03-31 09:10:00,L,8.953,8.785133915114956,8.785133915114956,9.372665212212606,-1.0,-1.059,sl,93
2026-03-31 09:15:00,2026-03-31 14:15:00,S,8.795,8.918451854517544,8.918451854517544,8.48637036370614,-1.0,-1.078,sl,60
2026-03-31 16:00:00,2026-03-31 16:40:00,S,8.737,8.87637866538071,8.87637866538071,8.388553336548227,-1.0,-1.069,sl,8
2026-04-01 00:55:00,2026-04-01 01:30:00,L,8.953,8.891732495873727,8.891732495873727,9.10616876031568,-1.0,-1.161,sl,7
2026-04-01 03:10:00,2026-04-01 06:05:00,L,8.972,9.248119516113618,8.861552193554552,9.248119516113618,2.5,2.411,tp,35
2026-04-01 06:10:00,2026-04-01 14:10:00,L,9.229,9.176,8.942962541158746,9.944093647103132,-0.185,-0.221,time,96
2026-04-01 17:05:00,2026-04-01 18:00:00,L,9.292,9.156781669743278,9.156781669743278,9.630045825641805,-1.0,-1.076,sl,11
2026-04-01 21:30:00,2026-04-02 01:05:00,L,9.188,9.081544871263977,9.081544871263977,9.454137821840058,-1.0,-1.095,sl,43
2026-04-02 01:10:00,2026-04-02 01:25:00,S,9.127,8.97469599066068,9.18792160373573,8.97469599066068,2.5,2.335,tp,3
2026-04-02 01:30:00,2026-04-02 09:30:00,S,8.99,8.661,9.189520891344122,8.491197771639696,1.649,1.599,time,96
2026-04-02 10:15:00,2026-04-02 10:40:00,S,8.645,8.676011097497662,8.676011097497662,8.567472256255844,-1.0,-1.307,sl,5
2026-04-02 13:15:00,2026-04-02 14:10:00,S,8.626,8.691138762962119,8.691138762962119,8.463153092594702,-1.0,-1.146,sl,11
2026-04-02 18:00:00,2026-04-03 00:55:00,S,8.641,8.777604940729702,8.777604940729702,8.299487648175745,-1.0,-1.07,sl,83
2026-04-03 05:30:00,2026-04-03 13:30:00,L,8.854,8.956,8.765792209999429,9.074519475001425,1.156,1.046,time,96
2026-04-03 16:20:00,2026-04-03 18:25:00,L,9.059,8.991673780000982,8.991673780000982,9.227315549997543,-1.0,-1.148,sl,25
2026-04-04 00:55:00,2026-04-04 08:55:00,S,8.874,8.85,8.915971017264225,8.76907245683944,0.572,0.339,time,96
2026-04-04 09:00:00,2026-04-04 10:40:00,S,8.85,8.884098403614818,8.884098403614818,8.764753990962955,-1.0,-1.285,sl,20
2026-04-04 10:55:00,2026-04-04 14:35:00,L,8.892,8.84282460273132,8.84282460273132,9.0149384931717,-1.0,-1.199,sl,44
2026-04-04 14:40:00,2026-04-04 15:00:00,S,8.843,8.897264994898531,8.897264994898531,8.707337512753671,-1.0,-1.179,sl,4
2026-04-04 15:05:00,2026-04-04 23:05:00,L,8.909,8.979,8.829340538270472,9.108148654323823,0.879,0.756,time,96
2026-04-05 04:15:00,2026-04-05 06:10:00,S,8.931,8.806003061659542,8.980998775336182,8.806003061659542,2.5,2.304,tp,23
2026-04-05 06:15:00,2026-04-05 14:15:00,S,8.803,8.812,8.924886067765433,8.498284830586421,-0.074,-0.153,time,96
2026-04-05 22:50:00,2026-04-06 00:25:00,L,8.931,9.246030830267262,8.804987667893094,9.246030830267262,2.5,2.422,tp,19
2026-04-06 00:30:00,2026-04-06 08:30:00,L,9.262,9.416,9.007243625378026,9.898890936554938,0.604,0.565,time,96
2026-04-06 22:05:00,2026-04-06 23:00:00,S,9.251,9.051993473750434,9.330602610499826,9.051993473750434,2.5,2.372,tp,11
2026-04-06 23:05:00,2026-04-07 07:05:00,S,8.961,8.594,9.27787253495902,8.168818662602451,1.158,1.127,time,96
2026-04-07 10:55:00,2026-04-07 18:55:00,S,8.624,8.635,8.704369106300984,8.423077234247543,-0.137,-0.255,time,96
2026-04-07 21:15:00,2026-04-07 22:55:00,L,8.895,9.306668221651574,8.73033271133937,9.306668221651574,2.5,2.441,tp,20
2026-04-07 23:00:00,2026-04-08 07:00:00,L,9.351,9.392,9.015508242726032,10.189729393184923,0.122,0.092,time,96
2026-04-08 13:10:00,2026-04-08 14:05:00,L,9.421,9.259039257828102,9.259039257828102,9.825901855429745,-1.0,-1.064,sl,11
2026-04-08 22:30:00,2026-04-09 06:30:00,S,9.118,9.034,9.215291610976498,8.874770972558755,0.863,0.76,time,96
2026-04-09 08:30:00,2026-04-09 11:30:00,L,9.087,9.045550540653784,9.045550540653784,9.190623648365541,-1.0,-1.241,sl,36
2026-04-09 11:35:00,2026-04-09 14:45:00,S,9.059,9.132847317625153,9.132847317625153,8.874381705937115,-1.0,-1.135,sl,38
2026-04-09 15:15:00,2026-04-09 22:15:00,L,9.194,9.578113994131474,9.040354402347411,9.578113994131474,2.5,2.434,tp,84
2026-04-09 22:20:00,2026-04-10 00:15:00,L,9.564,9.315042437440749,9.315042437440749,10.186393906398129,-1.0,-1.042,sl,23
2026-04-10 05:10:00,2026-04-10 06:45:00,L,9.381,9.294223163994689,9.294223163994689,9.59794209001328,-1.0,-1.119,sl,19
2026-04-10 11:50:00,2026-04-10 15:20:00,L,9.323,9.497747156577319,9.253101137369073,9.497747156577319,2.5,2.353,tp,42
2026-04-10 15:25:00,2026-04-10 15:40:00,L,9.495,9.392912128965756,9.392912128965756,9.750219677585607,-1.0,-1.102,sl,3
2026-04-10 18:50:00,2026-04-11 00:45:00,L,9.502,9.35828876060765,9.35828876060765,9.861278098480877,-1.0,-1.073,sl,71
2026-04-11 04:20:00,2026-04-11 12:20:00,S,9.297,9.265,9.366695855090343,9.122760362274143,0.459,0.312,time,96
2026-04-11 13:05:00,2026-04-11 15:15:00,S,9.247,9.295407035038803,9.295407035038803,9.125982412402992,-1.0,-1.21,sl,26
2026-04-11 16:05:00,2026-04-11 19:30:00,L,9.349,9.575161928101458,9.258535228759417,9.575161928101458,2.5,2.386,tp,41
2026-04-11 19:35:00,2026-04-11 22:50:00,L,9.58,9.389728816848947,9.389728816848947,10.05567795787763,-1.0,-1.055,sl,39
2026-04-12 01:35:00,2026-04-12 07:25:00,S,9.276,9.003108849836906,9.385156460065238,9.003108849836906,2.5,2.407,tp,70
2026-04-12 07:30:00,2026-04-12 15:30:00,S,9.008,8.948,9.076591181140143,8.83652204714964,0.875,0.73,time,96
2026-04-12 15:35:00,2026-04-12 16:40:00,S,8.948,8.994771187538063,8.994771187538063,8.831072031154843,-1.0,-1.21,sl,13
2026-04-12 22:05:00,2026-04-13 06:05:00,S,9.04,9.095,9.169153884802746,8.717115287993131,-0.426,-0.503,time,96
2026-04-13 06:10:00,2026-04-13 10:50:00,L,9.095,9.005691552028257,9.005691552028257,9.31827111992936,-1.0,-1.112,sl,56
2026-04-13 10:55:00,2026-04-13 12:40:00,S,8.996,9.081833559181343,9.081833559181343,8.781416102046645,-1.0,-1.115,sl,21
2026-04-13 12:55:00,2026-04-13 20:55:00,L,9.173,9.287,9.029011675271907,9.532970811820235,0.792,0.722,time,96
2026-04-13 22:20:00,2026-04-14 06:20:00,L,9.486,9.413,9.271216199653848,10.022959500865383,-0.34,-0.388,time,96
2026-04-14 13:40:00,2026-04-14 15:05:00,L,9.418,9.345568390202383,9.345568390202383,9.599079024494042,-1.0,-1.143,sl,17
2026-04-14 18:40:00,2026-04-15 02:40:00,S,9.279,9.293,9.400055604991357,8.976360987521609,-0.116,-0.2,time,96
2026-04-15 04:05:00,2026-04-15 07:05:00,L,9.38,9.282413148082004,9.282413148082004,9.623967129794995,-1.0,-1.106,sl,36
2026-04-15 07:10:00,2026-04-15 08:20:00,S,9.29,9.331481078085178,9.331481078085178,9.186297304787054,-1.0,-1.246,sl,14
2026-04-15 11:50:00,2026-04-15 15:30:00,L,9.43,9.327136316731721,9.327136316731721,9.687159208170696,-1.0,-1.101,sl,44
2026-04-15 19:40:00,2026-04-15 21:15:00,L,9.534,9.44436129173423,9.44436129173423,9.758096770664427,-1.0,-1.117,sl,19
2026-04-16 01:10:00,2026-04-16 02:25:00,S,9.363,9.420479298906146,9.420479298906146,9.219301752734633,-1.0,-1.179,sl,15
2026-04-16 02:45:00,2026-04-16 10:15:00,L,9.481,9.34309773162742,9.34309773162742,9.82575567093145,-1.0,-1.076,sl,90
2026-04-16 10:20:00,2026-04-16 12:00:00,S,9.34,9.50670547068028,9.50670547068028,8.923236323299298,-1.0,-1.062,sl,20
2026-04-16 12:05:00,2026-04-16 13:50:00,L,9.509,9.3736635899532,9.3736635899532,9.847341025117002,-1.0,-1.077,sl,21
2026-04-16 13:55:00,2026-04-16 16:00:00,S,9.325,9.616999226473053,9.616999226473053,8.595001933817365,-1.0,-1.035,sl,25
2026-04-16 16:05:00,2026-04-17 00:05:00,L,9.615,9.695,9.378063038754895,10.207342403112762,0.338,0.293,time,96
2026-04-17 05:05:00,2026-04-17 07:05:00,S,9.498,9.584601281732622,9.584601281732622,9.281496795668442,-1.0,-1.121,sl,24
2026-04-17 07:10:00,2026-04-17 14:35:00,L,9.589,9.957602658392403,9.44155893664304,9.957602658392403,2.5,2.428,tp,89
2026-04-17 14:40:00,2026-04-17 15:30:00,L,9.957,9.813249776802031,9.813249776802031,10.316375557994924,-1.0,-1.076,sl,10
2026-04-18 08:30:00,2026-04-18 16:30:00,S,9.569,9.398,9.732281925081345,9.160795187296639,1.047,0.983,time,96
2026-04-18 17:15:00,2026-04-19 01:15:00,S,9.363,9.277,9.435391738943162,9.182020652642095,1.188,1.046,time,96
2026-04-19 01:25:00,2026-04-19 03:45:00,S,9.274,9.324790556664798,9.324790556664798,9.147023608338003,-1.0,-1.201,sl,28
2026-04-19 07:20:00,2026-04-19 13:15:00,S,9.184,9.30226379982242,9.30226379982242,8.888340500443949,-1.0,-1.085,sl,71
2026-04-19 15:35:00,2026-04-19 23:35:00,S,9.235,8.99,9.355089488615114,8.934776278462213,2.04,1.956,time,96
2026-04-20 05:25:00,2026-04-20 06:40:00,S,9.066,9.146694058916964,9.146694058916964,8.864264852707592,-1.0,-1.124,sl,15
2026-04-20 18:05:00,2026-04-21 02:05:00,L,9.287,9.286,9.159245315137426,9.60638671215644,-0.008,-0.088,time,96
2026-04-21 05:10:00,2026-04-21 13:10:00,L,9.36,9.357,9.25297897833543,9.627552554161426,-0.028,-0.124,time,96
2026-04-21 23:45:00,2026-04-22 03:05:00,L,9.362,9.596325664167425,9.26826973433303,9.596325664167425,2.5,2.39,tp,40
2026-04-22 03:10:00,2026-04-22 11:10:00,L,9.601,9.581,9.387988579189587,10.133528552026036,-0.094,-0.143,time,96
2026-04-22 22:50:00,2026-04-23 00:15:00,S,9.416,9.24978552545016,9.482485789819936,9.24978552545016,2.5,2.344,tp,17
2026-04-23 00:20:00,2026-04-23 08:20:00,S,9.333,9.268,9.425956011778286,9.100609970554284,0.699,0.589,time,96
2026-04-23 09:10:00,2026-04-23 11:45:00,S,9.237,9.284928135313681,9.284928135313681,9.117179661715799,-1.0,-1.212,sl,31
2026-04-23 15:05:00,2026-04-23 17:30:00,L,9.352,9.23380497871251,9.23380497871251,9.647487553218728,-1.0,-1.087,sl,29
2026-04-23 17:35:00,2026-04-23 23:45:00,S,9.257,9.394980006752574,9.394980006752574,8.912049983118564,-1.0,-1.074,sl,74
2026-04-24 00:10:00,2026-04-24 03:20:00,L,9.396,9.32628177059952,9.32628177059952,9.570295573501202,-1.0,-1.148,sl,38
2026-04-24 03:25:00,2026-04-24 10:55:00,S,9.31,9.408803794286808,9.408803794286808,9.062990514282983,-1.0,-1.104,sl,90
2026-04-24 11:00:00,2026-04-24 19:00:00,L,9.393,9.434,9.3304115076298,9.549471230925505,0.655,0.49,time,96
2026-04-24 21:00:00,2026-04-24 22:35:00,L,9.454,9.390500267049088,9.390500267049088,9.612749332377282,-1.0,-1.164,sl,19
2026-04-25 01:50:00,2026-04-25 05:15:00,L,9.444,9.384818755868825,9.384818755868825,9.591953110327943,-1.0,-1.176,sl,41
2026-04-25 11:40:00,2026-04-25 19:40:00,S,9.408,9.296,9.478226450122689,9.232433874693276,1.595,1.447,time,96
2026-04-26 01:50:00,2026-04-26 02:10:00,S,9.316,9.349950589634172,9.349950589634172,9.231123525914573,-1.0,-1.302,sl,4
2026-04-26 05:15:00,2026-04-26 13:15:00,L,9.412,9.425,9.315008064840042,9.654479837899899,0.134,0.027,time,96
2026-04-26 18:25:00,2026-04-26 21:40:00,L,9.475,9.391345836274501,9.391345836274501,9.684135409313745,-1.0,-1.125,sl,39
2026-04-27 03:15:00,2026-04-27 04:00:00,L,9.546,9.498095378634373,9.498095378634373,9.665761553414065,-1.0,-1.219,sl,9
2026-04-27 05:10:00,2026-04-27 06:30:00,S,9.434,9.203642121458849,9.52614315141646,9.203642121458849,2.5,2.387,tp,16
2026-04-27 06:35:00,2026-04-27 14:35:00,S,9.224,9.308962491180433,9.308962491180433,9.011593772048919,-1.0,-1.119,sl,96
2026-04-27 15:20:00,2026-04-27 23:20:00,S,9.154,9.238,9.314315164322524,8.753212089193688,-0.524,-0.587,time,96
2026-04-28 02:40:00,2026-04-28 10:40:00,S,9.199,9.191,9.27176091116399,9.017097722090027,0.11,-0.029,time,96
2026-04-28 11:20:00,2026-04-28 19:20:00,S,9.122,9.153,9.2238207147255,8.86744821318625,-0.304,-0.403,time,96
2026-04-28 23:05:00,2026-04-29 03:00:00,S,9.157,9.187692654296365,9.187692654296365,9.080268364259087,-1.0,-1.328,sl,47
2026-04-29 03:20:00,2026-04-29 11:20:00,L,9.236,9.343,9.15347665119736,9.4423083720066,1.297,1.173,time,96
2026-04-29 13:35:00,2026-04-29 18:05:00,S,9.185,8.969356971549615,9.271257211380155,8.969356971549615,2.5,2.383,tp,54
2026-04-29 18:10:00,2026-04-30 00:50:00,S,8.963,9.198791186600875,9.198791186600875,8.37352203349781,-1.0,-1.042,sl,80
2026-04-30 00:55:00,2026-04-30 02:35:00,L,9.199,9.109873686068696,9.109873686068696,9.421815784828262,-1.0,-1.114,sl,20
2026-04-30 02:50:00,2026-04-30 10:50:00,S,9.089,9.135,9.223414564091781,8.752963589770548,-0.342,-0.417,time,96
2026-04-30 13:35:00,2026-04-30 21:35:00,S,9.104,9.094,9.162373395543643,8.95806651114089,0.171,-0.0,time,96
2026-04-30 22:40:00,2026-05-01 00:00:00,S,9.067,9.10106840776506,9.10106840776506,8.981828980587348,-1.0,-1.293,sl,16
2026-05-01 03:20:00,2026-05-01 06:35:00,L,9.182,9.087131927882703,9.087131927882703,9.419170180293243,-1.0,-1.106,sl,39
2026-05-01 06:40:00,2026-05-01 08:15:00,S,9.09,9.123076247880663,9.123076247880663,9.007309380298341,-1.0,-1.302,sl,19
2026-05-01 12:15:00,2026-05-01 13:50:00,L,9.128,9.226523229343158,9.088590708262737,9.226523229343158,2.5,2.245,tp,19
2026-05-01 13:55:00,2026-05-01 15:50:00,L,9.233,9.151729260551816,9.151729260551816,9.436176848620462,-1.0,-1.125,sl,23
2026-05-01 20:20:00,2026-05-02 04:20:00,S,9.12,9.097,9.178099593481761,8.974751016295595,0.396,0.223,time,96
2026-05-02 04:45:00,2026-05-02 12:45:00,S,9.086,9.086,9.12784328705615,8.981391782359626,-0.0,-0.239,time,96
2026-05-02 13:00:00,2026-05-02 13:10:00,S,9.076,9.0968145977444,9.0968145977444,9.023963505639003,-1.0,-1.48,sl,2
2026-05-02 14:30:00,2026-05-02 21:35:00,L,9.121,9.210638616285832,9.085144553485668,9.210638616285832,2.5,2.22,tp,85
2026-05-02 21:40:00,2026-05-03 00:10:00,L,9.213,9.149305479589234,9.149305479589234,9.372236301026913,-1.0,-1.159,sl,30
2026-05-03 00:20:00,2026-05-03 06:05:00,S,9.142,8.996174475353921,9.20033020985843,8.996174475353921,2.5,2.328,tp,69
2026-05-03 06:10:00,2026-05-03 06:50:00,S,9.015,9.045128926979915,9.045128926979915,8.939677682550215,-1.0,-1.329,sl,8
2026-05-03 09:20:00,2026-05-03 09:45:00,S,9.007,9.06437194892471,9.06437194892471,8.863570127688222,-1.0,-1.173,sl,5
2026-05-03 19:35:00,2026-05-03 21:40:00,L,9.129,9.094889564128254,9.094889564128254,9.214276089679364,-1.0,-1.294,sl,25
2026-05-03 21:45:00,2026-05-03 22:10:00,S,9.07,9.152760656138062,9.152760656138062,8.863098359654845,-1.0,-1.121,sl,5
2026-05-03 22:20:00,2026-05-04 00:00:00,L,9.157,9.045236053314545,9.045236053314545,9.436409866713639,-1.0,-1.09,sl,20
2026-05-04 00:05:00,2026-05-04 01:55:00,S,9.052,9.182856054641107,9.182856054641107,8.724859863397231,-1.0,-1.076,sl,22
2026-05-04 02:00:00,2026-05-04 10:00:00,L,9.196,9.165,9.00431101335304,9.675222466617397,-0.162,-0.214,time,96
2026-05-04 10:10:00,2026-05-04 18:10:00,S,9.1,9.277,9.314911442262632,8.562721394343418,-0.824,-0.87,time,96
2026-05-04 20:40:00,2026-05-04 21:45:00,S,9.139,9.23810691758829,9.23810691758829,8.891232706029273,-1.0,-1.101,sl,13
2026-05-05 01:55:00,2026-05-05 07:20:00,L,9.239,9.358367577269647,9.191252969092142,9.358367577269647,2.5,2.287,tp,65
2026-05-05 07:25:00,2026-05-05 15:25:00,L,9.355,9.427,9.266364887964427,9.576587780088936,0.812,0.696,time,96
2026-05-05 19:35:00,2026-05-05 22:40:00,L,9.413,9.374539589586464,9.374539589586464,9.509151026033841,-1.0,-1.269,sl,37
2026-05-06 01:45:00,2026-05-06 09:45:00,L,9.472,9.71,9.359351071012474,9.753622322468813,2.113,2.02,time,96
2026-05-06 10:00:00,2026-05-06 13:05:00,L,9.728,9.670301727200815,9.670301727200815,9.87224568199796,-1.0,-1.185,sl,37
2026-05-06 21:40:00,2026-05-06 23:00:00,L,9.655,9.556897252325452,9.556897252325452,9.900256869186368,-1.0,-1.108,sl,16
2026-05-07 04:35:00,2026-05-07 12:35:00,L,9.543,9.627,9.453787967292984,9.76603008176754,0.942,0.824,time,96
2026-05-07 12:45:00,2026-05-07 13:45:00,L,9.632,9.550048535079647,9.550048535079647,9.836878662300883,-1.0,-1.129,sl,12
2026-05-07 14:35:00,2026-05-07 22:35:00,S,9.444,9.441,9.622588603007022,8.997528492482447,0.017,-0.041,time,96
2026-05-08 08:05:00,2026-05-08 15:00:00,L,9.52,9.732263432702965,9.435094626918813,9.732263432702965,2.5,2.377,tp,83
2026-05-08 15:05:00,2026-05-08 23:05:00,L,9.696,9.912,9.538552487712375,10.089618780719062,1.372,1.304,time,96
2026-05-09 01:05:00,2026-05-09 09:05:00,L,10.011,9.957,9.889967828631386,10.313580428421531,-0.446,-0.537,time,96
2026-05-09 17:25:00,2026-05-10 01:25:00,L,9.913,9.862,9.82719722102347,10.127506947441326,-0.594,-0.721,time,96
2026-05-10 06:45:00,2026-05-10 08:20:00,L,9.937,10.038856164539855,9.896257534184057,10.038856164539855,2.5,2.232,tp,19
2026-05-10 08:25:00,2026-05-10 16:25:00,L,10.039,10.218,9.906747721118215,10.36963069720446,1.353,1.27,time,96
2026-05-10 16:30:00,2026-05-10 20:45:00,L,10.218,10.082173553504475,10.082173553504475,10.557566116238812,-1.0,-1.083,sl,51
2026-05-11 05:35:00,2026-05-11 13:35:00,L,10.102,10.058,9.998639539659061,10.360401150852347,-0.426,-0.533,time,96
2026-05-11 15:35:00,2026-05-11 23:35:00,L,10.212,10.15,9.986392799478558,10.776018001303603,-0.275,-0.325,time,96
2026-05-12 01:15:00,2026-05-12 09:05:00,S,10.097,9.921532746298958,10.167186901480417,9.921532746298958,2.5,2.342,tp,94
2026-05-12 09:10:00,2026-05-12 13:55:00,S,9.939,9.76240160007572,10.009639359969713,9.76240160007572,2.5,2.345,tp,57
2026-05-12 14:00:00,2026-05-12 22:00:00,S,9.783,9.886,9.902397609825604,9.484505975435988,-0.863,-0.953,time,96
2026-05-13 00:05:00,2026-05-13 01:00:00,S,9.826,9.881233815503366,9.881233815503366,9.687915461241587,-1.0,-1.196,sl,11
2026-05-13 02:25:00,2026-05-13 10:25:00,L,9.985,10.082,9.913848859206466,10.162877851983833,1.363,1.209,time,96
2026-05-13 11:50:00,2026-05-13 14:00:00,S,9.969,9.699955358454504,10.076617856618197,9.699955358454504,2.5,2.398,tp,26
2026-05-13 14:05:00,2026-05-13 22:05:00,S,9.744,9.703,9.912097801498655,9.323755496253362,0.244,0.18,time,96
2026-05-13 22:10:00,2026-05-13 22:50:00,S,9.703,9.760781380327847,9.760781380327847,9.558546549180381,-1.0,-1.185,sl,8
2026-05-14 02:55:00,2026-05-14 10:55:00,S,9.743,9.706,9.810099372575847,9.575251568560384,0.551,0.392,time,96
2026-05-14 14:20:00,2026-05-14 15:50:00,L,9.826,10.059819505826002,9.7324721976696,10.059819505826002,2.5,2.384,tp,18
2026-05-14 15:55:00,2026-05-14 16:50:00,L,10.058,9.970311290608242,9.970311290608242,10.277221773479393,-1.0,-1.126,sl,11
2026-05-15 04:55:00,2026-05-15 05:35:00,S,9.823,9.675701599857499,9.881919360057001,9.675701599857499,2.5,2.317,tp,8
2026-05-15 05:40:00,2026-05-15 13:40:00,S,9.702,9.541,9.860124043447835,9.306689891380413,1.018,0.951,time,96
2026-05-15 13:45:00,2026-05-15 21:45:00,S,9.541,9.515,9.742294991534974,9.037762521162566,0.129,0.077,time,96
2026-05-16 04:35:00,2026-05-16 12:35:00,S,9.435,9.272,9.54082910374377,9.170427240640578,1.54,1.442,time,96
2026-05-16 23:05:00,2026-05-17 01:35:00,S,9.287,9.207507821809777,9.31879687127609,9.207507821809777,2.5,2.179,tp,30
2026-05-17 01:40:00,2026-05-17 03:45:00,S,9.217,9.28090760585412,9.28090760585412,9.057230985364702,-1.0,-1.159,sl,25
2026-05-17 08:20:00,2026-05-17 09:50:00,S,9.298,9.347264095903206,9.347264095903206,9.174839760241984,-1.0,-1.208,sl,18
2026-05-17 13:15:00,2026-05-17 21:15:00,S,9.316,9.3,9.38538854169339,9.142528645766529,0.231,0.083,time,96
2026-05-17 22:15:00,2026-05-17 23:40:00,S,9.267,9.081097965209551,9.341360813916179,9.081097965209551,2.5,2.363,tp,17
2026-05-17 23:45:00,2026-05-18 07:45:00,S,9.063,9.094,9.265462376925637,8.556844057685911,-0.153,-0.202,time,96
2026-05-18 10:05:00,2026-05-18 11:35:00,S,9.062,9.136719999208038,9.136719999208038,8.875200001979902,-1.0,-1.133,sl,18
2026-05-18 14:35:00,2026-05-18 19:40:00,S,9.054,9.163469535360655,9.163469535360655,8.780326161598364,-1.0,-1.091,sl,61
2026-05-18 21:30:00,2026-05-19 05:30:00,L,9.211,9.228,9.144015028641203,9.378462428396993,0.254,0.103,time,96
2026-05-19 10:40:00,2026-05-19 11:40:00,S,9.171,9.091526918240145,9.20278923270394,9.091526918240145,2.5,2.183,tp,12
2026-05-19 11:45:00,2026-05-19 17:00:00,S,9.081,9.17269176245994,9.17269176245994,8.851770593850151,-1.0,-1.109,sl,63
2026-05-19 22:20:00,2026-05-20 05:05:00,S,9.094,9.14416106129515,9.14416106129515,8.96859734676212,-1.0,-1.199,sl,81
2026-05-20 05:15:00,2026-05-20 13:15:00,L,9.179,9.227,9.087340727024742,9.408148182438147,0.524,0.414,time,96
2026-05-20 14:35:00,2026-05-20 22:35:00,L,9.265,9.241,9.143007355576922,9.569981611057699,-0.197,-0.28,time,96
2026-05-21 00:20:00,2026-05-21 07:55:00,L,9.304,9.467472407569172,9.238611036972332,9.467472407569172,2.5,2.343,tp,91
2026-05-21 08:00:00,2026-05-21 10:10:00,L,9.466,9.363910740575232,9.363910740575232,9.721223148561918,-1.0,-1.102,sl,26
2026-05-21 14:00:00,2026-05-21 22:00:00,L,9.323,9.47,9.237785528860824,9.53603617784794,1.725,1.605,time,96
2026-05-22 02:05:00,2026-05-22 10:05:00,L,9.461,9.482,9.378020787055762,9.668448032360596,0.253,0.128,time,96
2026-05-22 12:20:00,2026-05-22 14:05:00,L,9.537,9.459117862742495,9.459117862742495,9.731705343143766,-1.0,-1.135,sl,21
2026-05-22 18:35:00,2026-05-23 02:35:00,S,9.342,9.178,9.462385143526957,9.04103714118261,1.362,1.277,time,96
2026-05-23 05:20:00,2026-05-23 07:45:00,S,9.137,9.031543897701773,9.179182440919291,9.031543897701773,2.5,2.262,tp,29
2026-05-23 07:50:00,2026-05-23 15:05:00,S,8.98,9.121732943195747,9.121732943195747,8.625667642010633,-1.0,-1.07,sl,87
2026-05-23 18:15:00,2026-05-23 20:35:00,L,9.189,9.388858433380577,9.109056626647769,9.388858433380577,2.5,2.374,tp,28
2026-05-23 20:40:00,2026-05-24 04:40:00,L,9.46,9.349,9.256390996340947,9.969022509147635,-0.545,-0.596,time,96
2026-05-24 06:55:00,2026-05-24 08:15:00,L,9.355,9.313449023373405,9.313449023373405,9.45887744156649,-1.0,-1.248,sl,16
2026-05-24 13:55:00,2026-05-24 14:15:00,S,9.273,9.131517651109458,9.329592939556216,9.131517651109458,2.5,2.32,tp,4
2026-05-24 14:20:00,2026-05-24 22:20:00,S,9.172,9.195,9.328515848831797,8.78071037792051,-0.147,-0.211,time,96
2026-05-25 04:50:00,2026-05-25 10:15:00,L,9.226,9.41197416779007,9.151610332883973,9.41197416779007,2.5,2.364,tp,65
2026-05-25 10:20:00,2026-05-25 18:20:00,L,9.415,9.433,9.334316362775212,9.616709093061967,0.223,0.095,time,96
2026-05-25 22:05:00,2026-05-26 01:35:00,S,9.319,9.18276891899815,9.373492432400742,9.18276891899815,2.5,2.312,tp,42
2026-05-26 01:40:00,2026-05-26 05:35:00,S,9.188,9.29452872046234,9.29452872046234,8.921678198844152,-1.0,-1.095,sl,47
2026-05-26 05:40:00,2026-05-26 07:15:00,L,9.308,9.234337369062658,9.234337369062658,9.492156577343355,-1.0,-1.139,sl,19
2026-05-26 10:35:00,2026-05-26 15:30:00,L,9.432,9.260018024035574,9.260018024035574,9.861954939911065,-1.0,-1.06,sl,59
2026-05-26 15:35:00,2026-05-26 23:35:00,S,9.277,9.149,9.479868435543137,8.769828911142154,0.631,0.581,time,96
2026-05-27 02:20:00,2026-05-27 06:30:00,S,9.115,9.184050278517821,9.184050278517821,8.942374303705448,-1.0,-1.145,sl,50
2026-05-27 09:20:00,2026-05-27 12:20:00,S,9.135,9.22359453264756,9.22359453264756,8.9135136683811,-1.0,-1.113,sl,36
2026-05-27 13:35:00,2026-05-27 15:10:00,S,9.134,9.22749260619618,9.22749260619618,8.900268484509553,-1.0,-1.107,sl,19
2026-05-27 15:20:00,2026-05-27 18:10:00,L,9.251,9.079988197156311,9.079988197156311,9.678529507109221,-1.0,-1.06,sl,34
2026-05-27 18:15:00,2026-05-27 19:00:00,S,9.088,9.170497292798938,9.170497292798938,8.881756768002653,-1.0,-1.121,sl,9
2026-05-27 21:45:00,2026-05-28 05:45:00,S,9.054,8.773,9.212959695819169,8.65660076045208,1.768,1.705,time,96
2026-05-28 12:20:00,2026-05-28 12:35:00,S,8.788,8.827477900550639,8.827477900550639,8.689305248623405,-1.0,-1.245,sl,3
2026-05-28 20:05:00,2026-05-29 04:05:00,S,8.911,8.84,8.987890893637593,8.718772765906017,0.923,0.796,time,96
2026-05-29 04:10:00,2026-05-29 06:00:00,S,8.84,8.9358186344751,8.9358186344751,8.60045341381225,-1.0,-1.101,sl,22
2026-05-29 11:30:00,2026-05-29 13:10:00,S,8.892,8.79127268789203,8.932290924843187,8.79127268789203,2.5,2.257,tp,20
2026-05-29 13:15:00,2026-05-29 14:40:00,S,8.804,8.65149674918679,8.865001300325284,8.65149674918679,2.5,2.341,tp,17
2026-05-29 14:45:00,2026-05-29 15:15:00,S,8.663,8.85306397374648,8.85306397374648,8.187840065633802,-1.0,-1.05,sl,6
2026-05-29 18:55:00,2026-05-30 01:30:00,S,8.828,8.950309135630071,8.950309135630071,8.52222716092482,-1.0,-1.079,sl,79
2026-05-30 01:35:00,2026-05-30 04:30:00,L,8.93,8.826899369180238,8.826899369180238,9.187751577049404,-1.0,-1.095,sl,35
