exit_time,net_R,cum_net_R,drawdown_R
2022-01-01 05:20:00,-1.122,-1.122,0.0
2022-01-01 15:05:00,-1.131,-2.253,-1.131
2022-01-01 23:35:00,-0.21,-2.463,-1.341
2022-01-02 09:20:00,-1.097,-3.56,-2.438
2022-01-02 17:25:00,0.768,-2.792,-1.67
2022-01-03 00:55:00,-1.171,-3.963,-2.841
2022-01-03 11:05:00,-1.153,-5.116,-3.994
2022-01-03 14:05:00,-1.169,-6.285,-5.163
2022-01-03 16:15:00,2.359,-3.926,-2.804
2022-01-04 00:20:00,-0.32,-4.246,-3.124
2022-01-04 15:05:00,0.685,-3.561,-2.439
2022-01-05 02:30:00,-0.04,-3.601,-2.479
2022-01-05 14:40:00,-1.201,-4.802,-3.68
2022-01-05 19:45:00,2.404,-2.398,-1.276
2022-01-06 03:50:00,0.207,-2.191,-1.069
2022-01-06 06:20:00,-1.069,-3.26,-2.138
2022-01-06 10:30:00,-1.103,-4.363,-3.241
2022-01-07 04:15:00,2.441,-1.922,-0.8
2022-01-07 12:20:00,-0.75,-2.672,-1.55
2022-01-07 21:40:00,-0.545,-3.217,-2.095
2022-01-08 15:00:00,2.361,-0.856,0.0
2022-01-08 23:05:00,0.307,-0.549,0.0
2022-01-09 16:55:00,-1.086,-1.635,-1.086
2022-01-09 22:50:00,-1.083,-2.718,-2.169
2022-01-10 06:55:00,-0.327,-3.045,-2.496
2022-01-10 12:50:00,2.393,-0.652,-0.103
2022-01-10 14:15:00,2.439,1.787,0.0
2022-01-10 22:20:00,-0.457,1.33,-0.457
2022-01-11 00:45:00,-1.108,0.222,-1.565
2022-01-11 08:05:00,-1.172,-0.95,-2.737
2022-01-11 11:25:00,-1.081,-2.031,-3.818
2022-01-11 19:30:00,-0.145,-2.176,-3.963
2022-01-12 01:15:00,-1.054,-3.23,-5.017
2022-01-12 07:15:00,-1.164,-4.394,-6.181
2022-01-12 11:40:00,2.408,-1.986,-3.773
2022-01-12 19:45:00,1.433,-0.553,-2.34
2022-01-12 23:55:00,2.329,1.776,-0.011
2022-01-13 04:40:00,2.437,4.213,0.0
2022-01-13 12:45:00,0.122,4.335,0.0
2022-01-13 15:15:00,-1.043,3.292,-1.043
2022-01-14 04:05:00,1.35,4.642,0.0
2022-01-14 06:15:00,2.478,7.12,0.0
2022-01-14 11:05:00,-1.012,6.108,-1.012
2022-01-14 22:35:00,-1.058,5.05,-2.07
2022-01-15 10:25:00,0.608,5.658,-1.462
2022-01-15 18:50:00,-1.06,4.598,-2.522
2022-01-16 08:25:00,-1.084,3.514,-3.606
2022-01-16 11:10:00,2.326,5.84,-1.28
2022-01-16 19:15:00,0.188,6.028,-1.092
2022-01-16 22:05:00,-1.146,4.882,-2.238
2022-01-17 09:50:00,1.342,6.224,-0.896
2022-01-17 13:10:00,-1.112,5.112,-2.008
2022-01-17 19:50:00,-1.081,4.031,-3.089
2022-01-18 00:15:00,-1.025,3.006,-4.114
2022-01-18 07:00:00,-1.061,1.945,-5.175
2022-01-18 16:25:00,1.319,3.264,-3.856
2022-01-19 11:50:00,0.114,3.378,-3.742
2022-01-19 23:45:00,0.472,3.85,-3.27
2022-01-20 20:25:00,-1.085,2.765,-4.355
2022-01-20 21:45:00,2.407,5.172,-1.948
2022-01-21 05:50:00,1.133,6.305,-0.815
2022-01-21 20:15:00,0.549,6.854,-0.266
2022-01-22 05:35:00,1.141,7.995,0.0
2022-01-22 10:05:00,2.476,10.471,0.0
2022-01-22 12:50:00,-1.011,9.46,-1.011
2022-01-22 20:10:00,-1.027,8.433,-2.038
2022-01-23 11:20:00,-1.053,7.38,-3.091
2022-01-23 13:55:00,-1.05,6.33,-4.141
2022-01-23 14:40:00,-1.038,5.292,-5.179
2022-01-23 22:50:00,-0.295,4.997,-5.474
2022-01-24 05:00:00,-1.039,3.958,-6.513
2022-01-24 10:05:00,2.449,6.407,-4.064
2022-01-24 18:10:00,-0.892,5.515,-4.956
2022-01-25 04:35:00,-0.418,5.097,-5.374
2022-01-25 10:05:00,-1.072,4.025,-6.446
2022-01-25 12:30:00,2.443,6.468,-4.003
2022-01-25 20:35:00,-0.021,6.447,-4.024
2022-01-26 00:50:00,-1.062,5.385,-5.086
2022-01-26 06:45:00,-1.091,4.294,-6.177
2022-01-26 18:05:00,-0.526,3.768,-6.703
2022-01-26 20:05:00,-1.029,2.739,-7.732
2022-01-27 05:35:00,0.827,3.566,-6.905
2022-01-27 08:55:00,-1.083,2.483,-7.988
2022-01-27 14:30:00,2.349,4.832,-5.639
2022-01-27 16:05:00,-1.057,3.775,-6.696
2022-01-28 00:10:00,-0.061,3.714,-6.757
2022-01-28 15:05:00,0.316,4.03,-6.441
2022-01-29 04:50:00,0.295,4.325,-6.146
2022-01-29 09:00:00,-1.169,3.156,-7.315
2022-01-29 14:50:00,-1.11,2.046,-8.425
2022-01-29 20:30:00,-1.058,0.988,-9.483
2022-01-30 13:00:00,-0.701,0.287,-10.184
2022-01-30 22:20:00,1.425,1.712,-8.759
2022-01-31 08:10:00,0.396,2.108,-8.363
2022-01-31 23:05:00,1.069,3.177,-7.294
2022-02-01 00:00:00,-1.401,1.776,-8.695
2022-02-01 01:00:00,-1.152,0.624,-9.847
2022-02-01 11:10:00,0.14,0.764,-9.707
2022-02-01 14:45:00,-1.138,-0.374,-10.845
2022-02-02 14:30:00,-1.119,-1.493,-11.964
2022-02-02 21:35:00,2.428,0.935,-9.536
2022-02-03 05:40:00,-0.546,0.389,-10.082
2022-02-03 10:15:00,2.336,2.725,-7.746
2022-02-03 16:10:00,-1.056,1.669,-8.802
2022-02-03 21:00:00,-1.182,0.487,-9.984
2022-02-04 13:20:00,0.306,0.793,-9.678
2022-02-04 15:05:00,-1.065,-0.272,-10.743
2022-02-04 23:10:00,1.764,1.492,-8.979
2022-02-05 00:30:00,2.327,3.819,-6.652
2022-02-05 08:35:00,-0.278,3.541,-6.93
2022-02-06 09:40:00,-0.525,3.016,-7.455
2022-02-06 19:45:00,-1.039,1.977,-8.494
2022-02-06 20:15:00,2.436,4.413,-6.058
2022-02-07 04:20:00,0.314,4.727,-5.744
2022-02-07 16:05:00,2.419,7.146,-3.325
2022-02-08 00:10:00,-0.26,6.886,-3.585
2022-02-08 08:05:00,-1.064,5.822,-4.649
2022-02-08 20:40:00,-0.283,5.539,-4.932
2022-02-09 04:45:00,-0.239,5.3,-5.171
2022-02-09 15:00:00,2.379,7.679,-2.792
2022-02-09 23:05:00,-0.328,7.351,-3.12
2022-02-10 11:00:00,-0.497,6.854,-3.617
2022-02-10 12:40:00,-1.236,5.618,-4.853
2022-02-10 21:35:00,0.14,5.758,-4.713
2022-02-11 07:35:00,-0.145,5.613,-4.858
2022-02-11 19:00:00,2.366,7.979,-2.492
2022-02-12 03:05:00,0.408,8.387,-2.084
2022-02-12 06:45:00,2.389,10.776,0.0
2022-02-12 14:50:00,-0.17,10.606,-0.17
2022-02-13 04:05:00,-0.364,10.242,-0.534
2022-02-13 13:50:00,2.456,12.698,0.0
2022-02-13 18:50:00,-1.029,11.669,-1.029
2022-02-13 23:05:00,-1.078,10.591,-2.107
2022-02-14 07:25:00,1.253,11.844,-0.854
2022-02-14 13:00:00,-1.057,10.787,-1.911
2022-02-15 01:30:00,-1.048,9.739,-2.959
2022-02-15 09:35:00,0.851,10.59,-2.108
2022-02-15 11:10:00,-1.146,9.444,-3.254
2022-02-15 18:00:00,-1.078,8.366,-4.332
2022-02-16 04:15:00,-1.147,7.219,-5.479
2022-02-16 10:00:00,-1.161,6.058,-6.64
2022-02-16 19:20:00,-1.113,4.945,-7.753
2022-02-17 03:25:00,-0.217,4.728,-7.97
2022-02-17 04:00:00,2.302,7.03,-5.668
2022-02-17 07:40:00,-1.055,5.975,-6.723
2022-02-17 08:30:00,-1.085,4.89,-7.808
2022-02-17 16:40:00,1.074,5.964,-6.734
2022-02-17 21:10:00,2.415,8.379,-4.319
2022-02-18 01:35:00,-1.092,7.287,-5.411
2022-02-18 11:40:00,2.286,9.573,-3.125
2022-02-18 19:45:00,0.487,10.06,-2.638
2022-02-19 06:20:00,2.4,12.46,-0.238
2022-02-19 11:30:00,-1.041,11.419,-1.279
2022-02-19 19:35:00,-0.401,11.018,-1.68
2022-02-19 23:50:00,-1.166,9.852,-2.846
2022-02-20 06:10:00,2.393,12.245,-0.453
2022-02-20 14:15:00,0.018,12.263,-0.435
2022-02-20 22:50:00,-1.288,10.975,-1.723
2022-02-21 01:05:00,-1.061,9.914,-2.784
2022-02-21 03:35:00,-1.212,8.702,-3.996
2022-02-21 09:55:00,-1.116,7.586,-5.112
2022-02-21 18:25:00,1.977,9.563,-3.135
2022-02-22 02:30:00,1.825,11.388,-1.31
2022-02-22 10:25:00,-1.047,10.341,-2.357
2022-02-22 18:40:00,-1.114,9.227,-3.471
2022-02-23 13:05:00,2.37,11.597,-1.101
2022-02-23 14:05:00,-1.132,10.465,-2.233
2022-02-23 20:00:00,2.411,12.876,0.0
2022-02-24 03:05:00,2.452,15.328,0.0
2022-02-24 11:10:00,1.594,16.922,0.0
2022-02-24 11:45:00,-1.055,15.867,-1.055
2022-02-25 04:05:00,-0.356,15.511,-1.411
2022-02-25 07:00:00,-1.057,14.454,-2.468
2022-02-25 09:55:00,-1.08,13.374,-3.548
2022-02-25 19:40:00,0.073,13.447,-3.475
2022-02-26 00:35:00,2.389,15.836,-1.086
2022-02-26 05:45:00,-1.051,14.785,-2.137
2022-02-26 23:00:00,-1.114,13.671,-3.251
2022-02-27 08:35:00,-0.054,13.617,-3.305
2022-02-27 13:45:00,-1.085,12.532,-4.39
2022-02-27 21:50:00,0.598,13.13,-3.792
2022-02-28 22:30:00,2.436,15.566,-1.356
2022-03-01 06:35:00,0.12,15.686,-1.236
2022-03-01 09:35:00,-1.282,14.404,-2.518
2022-03-01 16:30:00,-1.043,13.361,-3.561
2022-03-02 00:30:00,-1.096,12.265,-4.657
2022-03-02 09:10:00,-0.531,11.734,-5.188
2022-03-02 13:15:00,-1.044,10.69,-6.232
2022-03-02 21:20:00,-0.225,10.465,-6.457
2022-03-03 02:05:00,-1.081,9.384,-7.538
2022-03-03 10:45:00,-1.116,8.268,-8.654
2022-03-03 14:45:00,-1.176,7.092,-9.83
2022-03-03 22:50:00,0.717,7.809,-9.113
2022-03-04 08:50:00,-0.12,7.689,-9.233
2022-03-05 03:05:00,1.145,8.834,-8.088
2022-03-05 11:05:00,-1.131,7.703,-9.219
2022-03-05 16:10:00,-1.109,6.594,-10.328
2022-03-06 00:55:00,-1.166,5.428,-11.494
2022-03-06 01:30:00,-1.192,4.236,-12.686
2022-03-06 10:00:00,2.378,6.614,-10.308
2022-03-06 16:10:00,-1.081,5.533,-11.389
2022-03-06 21:10:00,-1.129,4.404,-12.518
2022-03-07 07:20:00,0.771,5.175,-11.747
2022-03-07 19:30:00,2.419,7.594,-9.328
2022-03-08 02:15:00,-1.05,6.544,-10.378
2022-03-08 07:40:00,-1.139,5.405,-11.517
2022-03-08 12:10:00,-1.127,4.278,-12.644
2022-03-08 21:15:00,0.789,5.067,-11.855
2022-03-08 23:30:00,-1.112,3.955,-12.967
2022-03-09 04:25:00,2.384,6.339,-10.583
2022-03-09 12:30:00,0.439,6.778,-10.144
2022-03-09 23:30:00,-1.129,5.649,-11.273
2022-03-10 05:00:00,2.419,8.068,-8.854
2022-03-10 13:05:00,-0.011,8.057,-8.865
2022-03-10 21:45:00,-0.599,7.458,-9.464
2022-03-11 07:25:00,-1.153,6.305,-10.617
2022-03-11 15:20:00,-1.089,5.216,-11.706
2022-03-11 23:25:00,-0.016,5.2,-11.722
2022-03-12 09:15:00,-0.382,4.818,-12.104
2022-03-13 01:15:00,-1.245,3.573,-13.349
2022-03-13 12:20:00,2.295,5.868,-11.054
2022-03-13 20:25:00,-0.19,5.678,-11.244
2022-03-14 04:10:00,-1.05,4.628,-12.294
2022-03-14 12:15:00,-0.166,4.462,-12.46
2022-03-14 15:45:00,2.33,6.792,-10.13
2022-03-14 23:50:00,-0.685,6.107,-10.815
2022-03-15 09:20:00,0.274,6.381,-10.541
2022-03-15 14:30:00,-1.092,5.289,-11.633
2022-03-16 00:20:00,-1.151,4.138,-12.784
2022-03-16 03:40:00,-1.094,3.044,-13.878
2022-03-16 08:35:00,2.203,5.247,-11.675
2022-03-16 16:40:00,-0.184,5.063,-11.859
2022-03-17 03:20:00,0.484,5.547,-11.375
2022-03-17 10:05:00,-1.058,4.489,-12.433
2022-03-17 17:10:00,-1.097,3.392,-13.53
2022-03-18 00:00:00,-1.157,2.235,-14.687
2022-03-18 08:10:00,0.73,2.965,-13.957
2022-03-18 14:00:00,-1.241,1.724,-15.198
2022-03-18 19:15:00,2.346,4.07,-12.852
2022-03-19 00:30:00,2.343,6.413,-10.509
2022-03-19 02:05:00,-1.1,5.313,-11.609
2022-03-19 17:15:00,0.963,6.276,-10.646
2022-03-19 22:15:00,-1.102,5.174,-11.748
2022-03-20 17:40:00,2.383,7.557,-9.365
2022-03-20 20:10:00,-1.084,6.473,-10.449
2022-03-21 05:45:00,-1.055,5.418,-11.504
2022-03-21 12:40:00,-1.159,4.259,-12.663
2022-03-21 20:45:00,-0.091,4.168,-12.754
2022-03-22 00:55:00,-1.307,2.861,-14.061
2022-03-22 08:40:00,2.401,5.262,-11.66
2022-03-22 16:45:00,-0.753,4.509,-12.413
2022-03-23 15:20:00,2.369,6.878,-10.044
2022-03-23 16:55:00,2.444,9.322,-7.6
2022-03-24 01:00:00,-0.154,9.168,-7.754
2022-03-24 09:10:00,1.491,10.659,-6.263
2022-03-24 12:40:00,-1.032,9.627,-7.295
2022-03-25 07:50:00,-1.053,8.574,-8.348
2022-03-25 14:15:00,-1.07,7.504,-9.418
2022-03-25 17:05:00,2.431,9.935,-6.987
2022-03-26 01:10:00,-0.335,9.6,-7.322
2022-03-26 14:10:00,-0.361,9.239,-7.683
2022-03-27 01:30:00,2.033,11.272,-5.65
2022-03-27 11:40:00,0.065,11.337,-5.585
2022-03-27 16:00:00,2.387,13.724,-3.198
2022-03-28 00:05:00,0.511,14.235,-2.687
2022-03-28 03:10:00,2.42,16.655,-0.267
2022-03-28 11:15:00,-0.159,16.496,-0.426
2022-03-28 16:20:00,-1.039,15.457,-1.465
2022-03-29 07:20:00,-0.404,15.053,-1.869
2022-03-29 13:45:00,-1.12,13.933,-2.989
2022-03-29 23:55:00,-0.17,13.763,-3.159
2022-03-30 07:20:00,-1.066,12.697,-4.225
2022-03-30 17:50:00,-1.073,11.624,-5.298
2022-03-30 19:00:00,-1.091,10.533,-6.389
2022-03-31 01:50:00,-1.051,9.482,-7.44
2022-03-31 10:00:00,0.301,9.783,-7.139
2022-03-31 21:35:00,1.493,11.276,-5.646
2022-04-01 00:35:00,-1.133,10.143,-6.779
2022-04-01 09:55:00,-0.074,10.069,-6.853
2022-04-02 01:40:00,0.565,10.634,-6.288
2022-04-02 05:40:00,-1.252,9.382,-7.54
2022-04-02 15:10:00,-1.053,8.329,-8.593
2022-04-02 23:15:00,0.18,8.509,-8.413
2022-04-03 04:55:00,-1.093,7.416,-9.506
2022-04-03 08:50:00,-1.136,6.28,-10.642
2022-04-03 12:15:00,-1.108,5.172,-11.75
2022-04-03 14:10:00,2.405,7.577,-9.345
2022-04-03 22:15:00,0.28,7.857,-9.065
2022-04-03 23:05:00,-1.092,6.765,-10.157
2022-04-04 10:45:00,-1.101,5.664,-11.258
2022-04-04 17:40:00,-1.026,4.638,-12.284
2022-04-04 20:25:00,-1.043,3.595,-13.327
2022-04-05 00:50:00,2.418,6.013,-10.909
2022-04-05 08:55:00,-0.126,5.887,-11.035
2022-04-05 16:15:00,2.462,8.349,-8.573
2022-04-05 17:10:00,2.466,10.815,-6.107
2022-04-05 19:10:00,-1.013,9.802,-7.12
2022-04-05 23:40:00,2.432,12.234,-4.688
2022-04-06 00:10:00,-1.031,11.203,-5.719
2022-04-06 08:10:00,-1.047,10.156,-6.766
2022-04-06 18:20:00,1.854,12.01,-4.912
2022-04-07 02:25:00,0.312,12.322,-4.6
2022-04-07 21:30:00,0.302,12.624,-4.298
2022-04-08 10:30:00,-0.519,12.105,-4.817
2022-04-08 15:15:00,-1.056,11.049,-5.873
2022-04-09 01:20:00,0.23,11.279,-5.643
2022-04-09 04:15:00,-1.084,10.195,-6.727
2022-04-09 16:30:00,-1.116,9.079,-7.843
2022-04-10 08:50:00,0.256,9.335,-7.587
2022-04-10 09:50:00,-1.076,8.259,-8.663
2022-04-10 21:50:00,0.272,8.531,-8.391
2022-04-11 08:00:00,0.583,9.114,-7.808
2022-04-11 11:20:00,2.409,11.523,-5.399
2022-04-11 19:25:00,0.3,11.823,-5.099
2022-04-12 03:35:00,0.667,12.49,-4.432
2022-04-12 14:25:00,-1.054,11.436,-5.486
2022-04-12 22:30:00,0.171,11.607,-5.315
2022-04-13 09:35:00,-0.406,11.201,-5.721
2022-04-13 18:10:00,-0.601,10.6,-6.322
2022-04-14 02:50:00,0.029,10.629,-6.293
2022-04-14 09:25:00,2.363,12.992,-3.93
2022-04-14 10:10:00,-1.067,11.925,-4.997
2022-04-14 18:15:00,-0.3,11.625,-5.297
2022-04-15 05:35:00,0.883,12.508,-4.414
2022-04-15 13:40:00,0.278,12.786,-4.136
2022-04-16 06:40:00,-0.815,11.971,-4.951
2022-04-16 20:00:00,1.295,13.266,-3.656
2022-04-17 01:45:00,-1.216,12.05,-4.872
2022-04-17 05:45:00,-1.127,10.923,-5.999
2022-04-17 14:00:00,-0.739,10.184,-6.738
2022-04-17 21:10:00,-1.118,9.066,-7.856
2022-04-18 04:15:00,2.439,11.505,-5.417
2022-04-18 12:20:00,-0.295,11.21,-5.712
2022-04-18 17:05:00,-1.097,10.113,-6.809
2022-04-19 05:25:00,0.281,10.394,-6.528
2022-04-19 08:30:00,-1.165,9.229,-7.693
2022-04-19 14:00:00,2.314,11.543,-5.379
2022-04-19 22:05:00,0.021,11.564,-5.358
2022-04-20 00:20:00,-1.189,10.375,-6.547
2022-04-20 04:25:00,2.375,12.75,-4.172
2022-04-20 12:30:00,-0.112,12.638,-4.284
2022-04-20 23:05:00,0.131,12.769,-4.153
2022-04-21 05:50:00,2.288,15.057,-1.865
2022-04-21 10:15:00,-1.071,13.986,-2.936
2022-04-21 14:40:00,-1.137,12.849,-4.073
2022-04-21 19:00:00,2.376,15.225,-1.697
2022-04-22 03:05:00,0.668,15.893,-1.029
2022-04-22 15:25:00,0.85,16.743,-0.179
2022-04-22 18:15:00,-1.102,15.641,-1.281
2022-04-23 04:20:00,2.261,17.902,0.0
2022-04-23 08:45:00,-1.095,16.807,-1.095
2022-04-23 16:10:00,-1.18,15.627,-2.275
2022-04-23 23:35:00,2.294,17.921,0.0
2022-04-24 07:40:00,-0.395,17.526,-0.395
2022-04-24 13:35:00,2.263,19.789,0.0
2022-04-24 14:50:00,-1.1,18.689,-1.1
2022-04-25 00:20:00,2.426,21.115,0.0
2022-04-25 08:25:00,0.381,21.496,0.0
2022-04-25 11:30:00,2.435,23.931,0.0
2022-04-25 19:05:00,2.485,26.416,0.0
2022-04-26 01:45:00,-1.012,25.404,-1.012
2022-04-26 12:45:00,-0.055,25.349,-1.067
2022-04-26 23:05:00,1.841,27.19,0.0
2022-04-27 06:45:00,-1.022,26.168,-1.022
2022-04-27 10:45:00,-1.048,25.12,-2.07
2022-04-27 13:50:00,-1.063,24.057,-3.133
2022-04-27 22:20:00,-0.257,23.8,-3.39
2022-04-28 11:55:00,-0.515,23.285,-3.905
2022-04-28 21:00:00,0.218,23.503,-3.687
2022-04-29 01:30:00,-1.082,22.421,-4.769
2022-04-29 03:45:00,-1.07,21.351,-5.839
2022-04-29 10:45:00,-1.045,20.306,-6.884
2022-04-29 11:50:00,-1.054,19.252,-7.938
2022-04-29 14:40:00,-1.092,18.16,-9.03
2022-04-30 02:25:00,0.175,18.335,-8.855
2022-04-30 14:55:00,2.388,20.723,-6.467
2022-04-30 16:30:00,-1.061,19.662,-7.528
2022-04-30 23:05:00,2.441,22.103,-5.087
2022-05-01 05:15:00,-1.022,21.081,-6.109
2022-05-01 15:20:00,-1.082,19.999,-7.191
2022-05-01 18:50:00,-1.065,18.934,-8.256
2022-05-01 23:25:00,-1.074,17.86,-9.33
2022-05-02 01:45:00,-1.109,16.751,-10.439
2022-05-02 08:20:00,-1.102,15.649,-11.541
2022-05-02 13:35:00,2.372,18.021,-9.169
2022-05-02 21:40:00,-0.615,17.406,-9.784
2022-05-03 01:45:00,-1.197,16.209,-10.981
2022-05-03 16:30:00,2.301,18.51,-8.68
2022-05-04 00:35:00,-0.51,18.0,-9.19
2022-05-04 06:05:00,-1.272,16.728,-10.462
2022-05-04 10:45:00,2.373,19.101,-8.089
2022-05-04 13:50:00,-1.053,18.048,-9.142
2022-05-04 16:20:00,-1.154,16.894,-10.296
2022-05-04 17:15:00,-1.088,15.806,-11.384
2022-05-05 02:55:00,0.402,16.208,-10.982
2022-05-05 05:20:00,-1.122,15.086,-12.104
2022-05-05 13:15:00,2.357,17.443,-9.747
2022-05-05 22:00:00,0.887,18.33,-8.86
2022-05-06 04:50:00,-1.076,17.254,-9.936
2022-05-06 15:40:00,-0.377,16.877,-10.313
2022-05-06 19:35:00,-1.149,15.728,-11.462
2022-05-07 02:10:00,-1.096,14.632,-12.558
2022-05-07 08:00:00,-1.166,13.466,-13.724
2022-05-07 21:10:00,-1.073,12.393,-14.797
2022-05-08 05:15:00,1.366,13.759,-13.431
2022-05-08 10:45:00,-1.122,12.637,-14.553
2022-05-08 14:35:00,-1.111,11.526,-15.664
2022-05-09 01:05:00,-0.429,11.097,-16.093
2022-05-09 10:10:00,1.769,12.866,-14.324
2022-05-09 10:30:00,2.414,15.28,-11.91
2022-05-09 16:50:00,2.471,17.751,-9.439
2022-05-10 00:55:00,0.07,17.821,-9.369
2022-05-10 11:20:00,-1.048,16.773,-10.417
2022-05-10 13:35:00,-1.052,15.721,-11.469
2022-05-10 21:50:00,2.458,18.179,-9.011
2022-05-11 00:20:00,-1.026,17.153,-10.037
2022-05-11 11:55:00,2.457,19.61,-7.58
2022-05-11 12:45:00,2.481,22.091,-5.099
2022-05-11 20:50:00,0.096,22.187,-5.003
2022-05-11 23:05:00,-1.017,21.17,-6.02
2022-05-12 05:05:00,2.481,23.651,-3.539
2022-05-12 08:15:00,-1.01,22.641,-4.549
2022-05-12 21:10:00,-1.023,21.618,-5.572
2022-05-12 23:40:00,-1.023,20.595,-6.595
2022-05-13 10:25:00,-0.203,20.392,-6.798
2022-05-13 15:45:00,-1.025,19.367,-7.823
2022-05-13 20:20:00,-1.035,18.332,-8.858
2022-05-14 01:20:00,-1.031,17.301,-9.889
2022-05-14 04:30:00,-1.042,16.259,-10.931
2022-05-14 05:10:00,-1.063,15.196,-11.994
2022-05-14 09:15:00,-1.067,14.129,-13.061
2022-05-14 14:50:00,2.45,16.579,-10.611
2022-05-14 16:15:00,-1.049,15.53,-11.66
2022-05-14 22:55:00,2.355,17.885,-9.305
2022-05-15 02:15:00,-1.053,16.832,-10.358
2022-05-15 07:05:00,-1.071,15.761,-11.429
2022-05-15 10:50:00,-1.066,14.695,-12.495
2022-05-15 19:30:00,0.104,14.799,-12.391
2022-05-16 03:10:00,-1.069,13.73,-13.46
2022-05-16 14:10:00,0.394,14.124,-13.066
2022-05-16 15:55:00,-1.112,13.012,-14.178
2022-05-17 00:05:00,-1.115,11.897,-15.293
2022-05-17 08:45:00,0.422,12.319,-14.871
2022-05-17 14:30:00,-1.065,11.254,-15.936
2022-05-17 19:05:00,-1.052,10.202,-16.988
2022-05-18 03:10:00,-0.225,9.977,-17.213
2022-05-18 11:20:00,0.537,10.514,-16.676
2022-05-18 15:05:00,2.415,12.929,-14.261
2022-05-18 23:10:00,0.003,12.932,-14.258
2022-05-19 07:30:00,-0.376,12.556,-14.634
2022-05-19 11:40:00,-1.09,11.466,-15.724
2022-05-19 23:20:00,-0.07,11.396,-15.794
2022-05-20 07:35:00,-0.488,10.908,-16.282
2022-05-20 12:45:00,-1.133,9.775,-17.415
2022-05-20 16:05:00,2.429,12.204,-14.986
2022-05-20 19:45:00,-1.068,11.136,-16.054
2022-05-21 03:55:00,-1.052,10.084,-17.106
2022-05-21 23:10:00,-0.406,9.678,-17.512
2022-05-22 09:10:00,-1.113,8.565,-18.625
2022-05-22 09:55:00,2.318,10.883,-16.307
2022-05-22 16:10:00,-1.058,9.825,-17.365
2022-05-23 06:05:00,0.251,10.076,-17.114
2022-05-23 07:30:00,2.368,12.444,-14.746
2022-05-23 14:00:00,-1.059,11.385,-15.805
2022-05-23 19:00:00,2.319,13.704,-13.486
2022-05-24 03:05:00,0.59,14.294,-12.896
2022-05-24 13:55:00,2.388,16.682,-10.508
2022-05-24 22:00:00,-0.885,15.797,-11.393
2022-05-25 02:20:00,-1.089,14.708,-12.482
2022-05-25 06:15:00,-1.07,13.638,-13.552
2022-05-25 14:20:00,-0.726,12.912,-14.278
2022-05-25 23:20:00,-1.179,11.733,-15.457
2022-05-26 05:35:00,2.374,14.107,-13.083
2022-05-26 13:40:00,1.436,15.543,-11.647
2022-05-26 23:10:00,-1.077,14.466,-12.724
2022-05-27 07:50:00,0.134,14.6,-12.59
2022-05-27 23:30:00,-0.379,14.221,-12.969
2022-05-28 09:30:00,-1.109,13.112,-14.078
2022-05-28 21:20:00,-0.742,12.37,-14.82
2022-05-29 09:30:00,-0.434,11.936,-15.254
2022-05-29 20:10:00,-0.768,11.168,-16.022
2022-05-30 01:30:00,2.213,13.381,-13.809
2022-05-30 09:40:00,1.126,14.507,-12.683
2022-05-30 12:20:00,-1.13,13.377,-13.813
2022-05-31 05:20:00,0.307,13.684,-13.506
2022-05-31 17:55:00,-1.053,12.631,-14.559
2022-06-01 02:00:00,0.63,13.261,-13.929
2022-06-01 09:40:00,-1.114,12.147,-15.043
2022-06-01 14:30:00,-1.055,11.092,-16.098
2022-06-01 20:25:00,2.46,13.552,-13.638
2022-06-02 04:30:00,-0.385,13.167,-14.023
2022-06-02 10:45:00,-1.211,11.956,-15.234
2022-06-02 15:20:00,-1.046,10.91,-16.28
2022-06-03 10:35:00,2.327,13.237,-13.953
2022-06-03 18:40:00,0.302,13.539,-13.651
2022-06-04 05:05:00,-1.107,12.432,-14.758
2022-06-04 13:10:00,-0.446,11.986,-15.204
2022-06-04 22:35:00,-0.168,11.818,-15.372
2022-06-05 09:05:00,-0.72,11.098,-16.092
2022-06-05 22:35:00,0.02,11.118,-16.072
2022-06-06 00:50:00,-1.172,9.946,-17.244
2022-06-06 08:55:00,1.215,11.161,-16.029
2022-06-06 11:45:00,-1.148,10.013,-17.177
2022-06-07 00:25:00,1.655,11.668,-15.522
2022-06-07 08:30:00,0.183,11.851,-15.339
2022-06-07 14:35:00,-1.095,10.756,-16.434
2022-06-07 22:45:00,-1.108,9.648,-17.542
2022-06-08 06:50:00,-0.134,9.514,-17.676
2022-06-08 13:35:00,-1.141,8.373,-18.817
2022-06-09 02:35:00,-0.522,7.851,-19.339
2022-06-09 11:55:00,-1.172,6.679,-20.511
2022-06-09 20:00:00,1.382,8.061,-19.129
2022-06-09 21:10:00,-1.167,6.894,-20.296
2022-06-10 03:00:00,-1.07,5.824,-21.366
2022-06-10 12:30:00,2.332,8.156,-19.034
2022-06-10 20:35:00,0.495,8.651,-18.539
2022-06-11 04:20:00,-1.067,7.584,-19.606
2022-06-11 11:35:00,2.419,10.003,-17.187
2022-06-11 19:40:00,0.573,10.576,-16.614
2022-06-12 02:25:00,2.442,13.018,-14.172
2022-06-12 10:30:00,-0.228,12.79,-14.4
2022-06-12 12:25:00,-1.087,11.703,-15.487
2022-06-12 14:30:00,-1.05,10.653,-16.537
2022-06-13 00:00:00,2.436,13.089,-14.101
2022-06-13 00:30:00,-1.032,12.057,-15.133
2022-06-13 08:55:00,1.982,14.039,-13.151
2022-06-13 17:00:00,-0.465,13.574,-13.616
2022-06-14 01:25:00,2.461,16.035,-11.155
2022-06-14 03:25:00,-1.019,15.016,-12.174
2022-06-14 15:40:00,-1.059,13.957,-13.233
2022-06-15 02:05:00,-0.321,13.636,-13.554
2022-06-15 05:20:00,2.447,16.083,-11.107
2022-06-15 11:20:00,-1.037,15.046,-12.144
2022-06-15 18:00:00,-1.052,13.994,-13.196
2022-06-15 18:05:00,-1.05,12.944,-14.246
2022-06-16 02:45:00,0.665,13.609,-13.581
2022-06-16 16:45:00,-1.047,12.562,-14.628
2022-06-16 19:35:00,-1.023,11.539,-15.651
2022-06-17 03:40:00,-0.237,11.302,-15.888
2022-06-17 13:35:00,-0.284,11.018,-16.172
2022-06-17 22:25:00,-0.42,10.598,-16.592
2022-06-18 01:40:00,-1.087,9.511,-17.679
2022-06-18 07:15:00,2.457,11.968,-15.222
2022-06-18 15:20:00,-0.037,11.931,-15.259
2022-06-18 19:55:00,2.444,14.375,-12.815
2022-06-18 21:25:00,-1.041,13.334,-13.856
2022-06-19 06:15:00,-1.047,12.287,-14.903
2022-06-19 15:15:00,0.136,12.423,-14.767
2022-06-19 18:55:00,2.439,14.862,-12.328
2022-06-20 03:00:00,-0.78,14.082,-13.108
2022-06-20 04:55:00,-1.089,12.993,-14.197
2022-06-20 16:15:00,0.582,13.575,-13.615
2022-06-21 00:30:00,-1.059,12.516,-14.674
2022-06-21 10:30:00,2.461,14.977,-12.213
2022-06-21 18:35:00,-0.113,14.864,-12.326
2022-06-21 19:50:00,-1.029,13.835,-13.355
2022-06-22 06:15:00,-1.043,12.792,-14.398
2022-06-22 14:05:00,-1.028,11.764,-15.426
2022-06-22 16:00:00,-1.033,10.731,-16.459
2022-06-23 00:25:00,-1.047,9.684,-17.506
2022-06-23 08:30:00,0.446,10.13,-17.06
2022-06-23 19:25:00,-1.083,9.047,-18.143
2022-06-24 01:15:00,2.444,11.491,-15.699
2022-06-24 09:20:00,-0.155,11.336,-15.854
2022-06-24 19:00:00,0.396,11.732,-15.458
2022-06-25 04:00:00,0.123,11.855,-15.335
2022-06-25 12:10:00,-1.061,10.794,-16.396
2022-06-25 17:35:00,-1.047,9.747,-17.443
2022-06-26 02:45:00,-0.072,9.675,-17.515
2022-06-26 07:35:00,2.419,12.094,-15.096
2022-06-26 15:40:00,1.065,13.159,-14.031
2022-06-26 18:15:00,-1.047,12.112,-15.078
2022-06-27 05:05:00,0.789,12.901,-14.289
2022-06-27 13:10:00,-0.432,12.469,-14.721
2022-06-27 23:20:00,-0.566,11.903,-15.287
2022-06-28 08:45:00,-0.716,11.187,-16.003
2022-06-28 11:05:00,-1.059,10.128,-17.062
2022-06-28 12:15:00,-1.076,9.052,-18.138
2022-06-28 22:35:00,1.501,10.553,-16.637
2022-06-29 07:05:00,0.526,11.079,-16.111
2022-06-30 01:20:00,-0.326,10.753,-16.437
2022-06-30 13:10:00,1.387,12.14,-15.05
2022-06-30 15:25:00,-1.027,11.113,-16.077
2022-06-30 23:45:00,-1.052,10.061,-17.129
2022-07-01 07:50:00,0.377,10.438,-16.752
2022-07-01 13:40:00,-1.086,9.352,-17.838
2022-07-02 00:55:00,-0.472,8.88,-18.31
2022-07-02 01:45:00,-1.039,7.841,-19.349
2022-07-02 09:25:00,-1.118,6.723,-20.467
2022-07-02 23:25:00,-1.118,5.605,-21.585
2022-07-03 05:00:00,-1.088,4.517,-22.673
2022-07-03 16:55:00,-0.602,3.915,-23.275
2022-07-03 20:45:00,2.359,6.274,-20.916
2022-07-04 02:45:00,-1.09,5.184,-22.006
2022-07-04 10:50:00,-0.331,4.853,-22.337
2022-07-04 15:05:00,2.398,7.251,-19.939
2022-07-04 23:10:00,0.295,7.546,-19.644
2022-07-05 02:30:00,-1.092,6.454,-20.736
2022-07-05 07:05:00,-1.083,5.371,-21.819
2022-07-05 16:10:00,1.321,6.692,-20.498
2022-07-06 00:20:00,-1.081,5.611,-21.579
2022-07-06 04:10:00,-1.045,4.566,-22.624
2022-07-06 13:45:00,-1.142,3.424,-23.766
2022-07-07 00:20:00,-0.075,3.349,-23.841
2022-07-07 11:15:00,2.318,5.667,-21.523
2022-07-07 19:20:00,1.373,7.04,-20.15
2022-07-07 21:50:00,-1.125,5.915,-21.275
2022-07-08 05:50:00,-1.052,4.863,-22.327
2022-07-08 16:45:00,0.025,4.888,-22.302
2022-07-08 21:40:00,-1.108,3.78,-23.41
2022-07-09 05:45:00,-0.062,3.718,-23.472
2022-07-09 11:55:00,-1.185,2.533,-24.657
2022-07-09 20:00:00,-0.602,1.931,-25.259
2022-07-10 08:15:00,1.33,3.261,-23.929
2022-07-10 12:35:00,-1.178,2.083,-25.107
2022-07-10 21:35:00,0.041,2.124,-25.066
2022-07-11 08:20:00,1.438,3.562,-23.628
2022-07-11 20:00:00,0.402,3.964,-23.226
2022-07-11 22:35:00,2.403,6.367,-20.823
2022-07-12 06:40:00,-0.279,6.088,-21.102
2022-07-12 15:05:00,-0.164,5.924,-21.266
2022-07-13 03:00:00,0.407,6.331,-20.859
2022-07-13 20:35:00,-0.143,6.188,-21.002
2022-07-14 06:30:00,-1.055,5.133,-22.057
2022-07-14 14:35:00,0.84,5.973,-21.217
2022-07-14 23:05:00,1.228,7.201,-19.989
2022-07-15 07:25:00,0.322,7.523,-19.667
2022-07-15 08:30:00,2.367,9.89,-17.3
2022-07-15 16:20:00,-1.062,8.828,-18.362
2022-07-16 00:30:00,-1.057,7.771,-19.419
2022-07-16 08:35:00,0.159,7.93,-19.26
2022-07-16 16:05:00,2.366,10.296,-16.894
2022-07-17 00:10:00,1.248,11.544,-15.646
2022-07-17 07:10:00,2.273,13.817,-13.373
2022-07-17 08:20:00,-1.1,12.717,-14.473
2022-07-17 23:45:00,-1.069,11.648,-15.542
2022-07-18 02:40:00,-1.068,10.58,-16.61
2022-07-18 08:20:00,2.423,13.003,-14.187
2022-07-18 12:20:00,-1.088,11.915,-15.275
2022-07-18 18:55:00,-1.056,10.859,-16.331
2022-07-19 04:05:00,-1.079,9.78,-17.41
2022-07-19 16:00:00,2.42,12.2,-14.99
2022-07-20 00:05:00,-0.275,11.925,-15.265
2022-07-20 05:55:00,2.407,14.332,-12.858
2022-07-20 07:00:00,2.406,16.738,-10.452
2022-07-20 15:05:00,0.125,16.863,-10.327
2022-07-20 21:40:00,-1.034,15.829,-11.361
2022-07-21 02:55:00,-1.014,14.815,-12.375
2022-07-21 11:00:00,-0.593,14.222,-12.968
2022-07-21 16:15:00,-1.081,13.141,-14.049
2022-07-22 00:20:00,0.645,13.786,-13.404
2022-07-22 03:25:00,-1.069,12.717,-14.473
2022-07-22 05:30:00,-1.146,11.571,-15.619
2022-07-22 13:55:00,-0.369,11.202,-15.988
2022-07-22 22:00:00,1.551,12.753,-14.437
2022-07-23 17:00:00,0.732,13.485,-13.705
2022-07-23 22:20:00,-1.071,12.414,-14.776
2022-07-24 05:15:00,-1.09,11.324,-15.866
2022-07-24 13:25:00,-0.731,10.593,-16.597
2022-07-24 18:35:00,-1.092,9.501,-17.689
2022-07-24 22:50:00,-1.236,8.265,-18.925
2022-07-25 01:50:00,2.434,10.699,-16.491
2022-07-25 09:55:00,0.272,10.971,-16.219
2022-07-25 20:10:00,0.031,11.002,-16.188
2022-07-26 00:00:00,2.403,13.405,-13.785
2022-07-26 08:05:00,0.309,13.714,-13.476
2022-07-26 12:10:00,-1.187,12.527,-14.663
2022-07-26 21:15:00,-0.729,11.798,-15.392
2022-07-27 05:10:00,-1.165,10.633,-16.557
2022-07-27 12:45:00,-1.133,9.5,-17.69
2022-07-27 18:00:00,2.389,11.889,-15.301
2022-07-28 02:05:00,0.378,12.267,-14.923
2022-07-28 09:20:00,-1.052,11.215,-15.975
2022-07-28 23:30:00,0.823,12.038,-15.152
2022-07-29 11:25:00,-1.04,10.998,-16.192
2022-07-29 20:25:00,-0.455,10.543,-16.647
2022-07-29 21:35:00,-1.074,9.469,-17.721
2022-07-29 23:50:00,-1.047,8.422,-18.768
2022-07-30 08:50:00,2.425,10.847,-16.343
2022-07-30 16:55:00,-0.077,10.77,-16.42
2022-07-31 04:00:00,-1.083,9.687,-17.503
2022-07-31 08:15:00,-1.094,8.593,-18.597
2022-07-31 16:20:00,-0.712,7.881,-19.309
2022-08-01 02:05:00,-1.063,6.818,-20.372
2022-08-01 13:50:00,0.725,7.543,-19.647
2022-08-01 17:45:00,-1.072,6.471,-20.719
2022-08-02 09:50:00,1.069,7.54,-19.65
2022-08-02 23:50:00,-1.066,6.474,-20.716
2022-08-03 06:05:00,-1.055,5.419,-21.771
2022-08-03 16:40:00,0.396,5.815,-21.375
2022-08-03 22:40:00,2.322,8.137,-19.053
2022-08-04 06:45:00,-0.191,7.946,-19.244
2022-08-05 03:50:00,2.381,10.327,-16.863
2022-08-05 05:00:00,-1.238,9.089,-18.101
2022-08-05 14:05:00,0.518,9.607,-17.583
2022-08-06 01:40:00,2.317,11.924,-15.266
2022-08-06 09:45:00,-0.732,11.192,-15.998
2022-08-07 00:55:00,2.355,13.547,-13.643
2022-08-07 09:00:00,-0.469,13.078,-14.112
2022-08-07 20:05:00,0.688,13.766,-13.424
2022-08-07 22:25:00,-1.184,12.582,-14.608
2022-08-08 00:25:00,-1.082,11.5,-15.69
2022-08-08 08:45:00,2.393,13.893,-13.297
2022-08-08 13:25:00,-1.085,12.808,-14.382
2022-08-08 15:35:00,-1.039,11.769,-15.421
2022-08-08 22:40:00,-1.149,10.62,-16.57
2022-08-09 06:30:00,2.374,12.994,-14.196
2022-08-09 10:35:00,-1.026,11.968,-15.222
2022-08-09 13:55:00,2.378,14.346,-12.844
2022-08-09 22:00:00,0.092,14.438,-12.752
2022-08-10 00:40:00,2.409,16.847,-10.343
2022-08-10 08:45:00,-0.601,16.246,-10.944
2022-08-10 12:30:00,2.355,18.601,-8.589
2022-08-10 20:35:00,0.184,18.785,-8.405
2022-08-11 05:20:00,1.332,20.117,-7.073
2022-08-11 12:50:00,2.39,22.507,-4.683
2022-08-11 14:40:00,-1.026,21.481,-5.709
2022-08-12 07:00:00,-0.108,21.373,-5.817
2022-08-12 10:00:00,2.311,23.684,-3.506
2022-08-12 18:55:00,-0.6,23.084,-4.106
2022-08-13 03:00:00,1.353,24.437,-2.753
2022-08-13 11:40:00,-1.071,23.366,-3.824
2022-08-13 16:25:00,2.345,25.711,-1.479
2022-08-14 05:20:00,2.412,28.123,0.0
2022-08-14 13:25:00,0.128,28.251,0.0
2022-08-14 16:30:00,2.45,30.701,0.0
2022-08-14 17:00:00,-1.021,29.68,-1.021
2022-08-15 04:05:00,-1.035,28.645,-2.056
2022-08-15 12:55:00,2.444,31.089,0.0
2022-08-15 13:15:00,-1.072,30.017,-1.072
2022-08-15 23:00:00,-1.055,28.962,-2.127
2022-08-16 00:35:00,-1.045,27.917,-3.172
2022-08-16 08:30:00,2.466,30.383,-0.706
2022-08-16 16:35:00,-0.332,30.051,-1.038
2022-08-16 18:35:00,-1.075,28.976,-2.113
2022-08-16 22:15:00,-1.076,27.9,-3.189
2022-08-17 01:10:00,-1.047,26.853,-4.236
2022-08-17 07:40:00,-1.049,25.804,-5.285
2022-08-17 21:55:00,1.088,26.892,-4.197
2022-08-18 05:45:00,-1.121,25.771,-5.318
2022-08-18 16:05:00,-1.12,24.651,-6.438
2022-08-19 00:20:00,2.463,27.114,-3.975
2022-08-19 06:35:00,2.451,29.565,-1.524
2022-08-19 14:40:00,0.196,29.761,-1.328
2022-08-19 19:20:00,-1.073,28.688,-2.401
2022-08-20 00:40:00,-1.043,27.645,-3.444
2022-08-20 15:20:00,2.317,29.962,-1.127
2022-08-20 21:40:00,-1.067,28.895,-2.194
2022-08-21 08:10:00,-1.073,27.822,-3.267
2022-08-21 20:50:00,-1.074,26.748,-4.341
2022-08-21 22:05:00,-1.054,25.694,-5.395
2022-08-22 06:10:00,0.647,26.341,-4.748
2022-08-22 14:40:00,0.297,26.638,-4.451
2022-08-22 20:00:00,-1.14,25.498,-5.591
2022-08-23 05:30:00,-1.103,24.395,-6.694
2022-08-23 08:10:00,-1.056,23.339,-7.75
2022-08-23 16:15:00,-0.407,22.932,-8.157
2022-08-24 00:40:00,-1.082,21.85,-9.239
2022-08-24 08:45:00,-0.168,21.682,-9.407
2022-08-24 23:25:00,-0.798,20.884,-10.205
2022-08-25 01:30:00,-1.143,19.741,-11.348
2022-08-25 10:30:00,2.394,22.135,-8.954
2022-08-25 15:15:00,-1.038,21.097,-9.992
2022-08-25 23:20:00,-0.356,20.741,-10.348
2022-08-26 02:20:00,-1.066,19.675,-11.414
2022-08-26 05:20:00,-1.075,18.6,-12.489
2022-08-26 09:25:00,-1.066,17.534,-13.555
2022-08-26 12:30:00,-1.045,16.489,-14.6
2022-08-26 14:00:00,-1.036,15.453,-15.636
2022-08-26 23:05:00,0.532,15.985,-15.104
2022-08-27 07:15:00,0.112,16.097,-14.992
2022-08-27 23:30:00,-0.616,15.481,-15.608
2022-08-28 06:05:00,-1.135,14.346,-16.743
2022-08-28 16:10:00,-1.085,13.261,-17.828
2022-08-28 23:25:00,2.387,15.648,-15.441
2022-08-29 07:30:00,0.15,15.798,-15.291
2022-08-29 21:40:00,0.696,16.494,-14.595
2022-08-30 07:30:00,0.694,17.188,-13.901
2022-08-30 16:40:00,2.405,19.593,-11.496
2022-08-30 19:15:00,-1.036,18.557,-12.532
2022-08-31 10:15:00,-0.205,18.352,-12.737
2022-08-31 14:35:00,-1.075,17.277,-13.812
2022-08-31 23:05:00,-0.055,17.222,-13.867
2022-09-01 07:15:00,1.623,18.845,-12.244
2022-09-01 10:35:00,-1.091,17.754,-13.335
2022-09-01 14:25:00,-1.054,16.7,-14.389
2022-09-02 04:55:00,0.213,16.913,-14.176
2022-09-02 12:35:00,-1.164,15.749,-15.34
2022-09-02 17:30:00,-1.048,14.701,-16.388
2022-09-03 01:35:00,-0.358,14.343,-16.746
2022-09-03 05:35:00,2.389,16.732,-14.357
2022-09-03 07:50:00,-1.027,15.705,-15.384
2022-09-03 12:10:00,-1.051,14.654,-16.435
2022-09-03 19:10:00,-1.083,13.571,-17.518
2022-09-04 06:20:00,0.1,13.671,-17.418
2022-09-04 09:40:00,-1.133,12.538,-18.551
2022-09-04 17:45:00,0.033,12.571,-18.518
2022-09-05 05:05:00,-1.085,11.486,-19.603
2022-09-05 10:45:00,2.388,13.874,-17.215
2022-09-05 14:55:00,-1.081,12.793,-18.296
2022-09-05 21:10:00,-1.164,11.629,-19.46
2022-09-05 23:35:00,2.178,13.807,-17.282
2022-09-06 00:35:00,2.367,16.174,-14.915
2022-09-06 02:05:00,-1.035,15.139,-15.95
2022-09-06 09:20:00,-1.134,14.005,-17.084
2022-09-06 17:05:00,2.405,16.41,-14.679
2022-09-07 01:10:00,1.228,17.638,-13.451
2022-09-07 06:05:00,-1.048,16.59,-14.499
2022-09-08 01:45:00,0.557,17.147,-13.942
2022-09-08 15:25:00,-0.771,16.376,-14.713
2022-09-09 04:10:00,1.63,18.006,-13.083
2022-09-09 08:45:00,2.369,20.375,-10.714
2022-09-09 16:50:00,-0.463,19.912,-11.177
2022-09-09 23:20:00,-1.136,18.776,-12.313
2022-09-10 04:50:00,-1.111,17.665,-13.424
2022-09-10 13:20:00,-1.208,16.457,-14.632
2022-09-11 01:35:00,0.592,17.049,-14.04
2022-09-11 12:25:00,-1.169,15.88,-15.209
2022-09-11 14:25:00,-1.087,14.793,-16.296
2022-09-11 17:55:00,-1.169,13.624,-17.465
2022-09-12 01:45:00,-1.052,12.572,-18.517
2022-09-12 03:30:00,-1.049,11.523,-19.566
2022-09-12 07:10:00,-1.083,10.44,-20.649
2022-09-12 09:55:00,2.332,12.772,-18.317
2022-09-12 10:05:00,-1.168,11.604,-19.485
2022-09-12 14:35:00,-1.136,10.468,-20.621
2022-09-12 23:05:00,0.041,10.509,-20.58
2022-09-13 02:55:00,-1.133,9.376,-21.713
2022-09-13 12:30:00,-1.114,8.262,-22.827
2022-09-13 20:35:00,0.441,8.703,-22.386
2022-09-14 07:00:00,-1.038,7.665,-23.424
2022-09-14 15:50:00,-0.677,6.988,-24.101
2022-09-14 22:45:00,-1.054,5.934,-25.155
2022-09-15 08:40:00,0.379,6.313,-24.776
2022-09-15 22:40:00,0.475,6.788,-24.301
2022-09-16 04:20:00,-1.09,5.698,-25.391
2022-09-16 09:50:00,-1.158,4.54,-26.549
2022-09-16 16:25:00,2.269,6.809,-24.28
2022-09-16 20:30:00,-1.07,5.739,-25.35
2022-09-16 23:10:00,2.191,7.93,-23.159
2022-09-17 07:15:00,-0.232,7.698,-23.391
2022-09-17 14:35:00,2.37,10.068,-21.021
2022-09-17 22:40:00,-0.271,9.797,-21.292
2022-09-18 01:05:00,-1.164,8.633,-22.456
2022-09-18 06:55:00,-1.388,7.245,-23.844
2022-09-18 16:10:00,2.337,9.582,-21.507
2022-09-18 21:10:00,2.429,12.011,-19.078
2022-09-19 05:15:00,0.093,12.104,-18.985
2022-09-19 12:40:00,-1.075,11.029,-20.06
2022-09-19 18:55:00,-1.151,9.878,-21.211
2022-09-20 00:10:00,-1.204,8.674,-22.415
2022-09-20 07:05:00,-1.123,7.551,-23.538
2022-09-20 15:30:00,-1.07,6.481,-24.608
2022-09-20 23:35:00,-0.836,5.645,-25.444
2022-09-21 06:30:00,-1.089,4.556,-26.533
2022-09-21 14:35:00,-0.435,4.121,-26.968
2022-09-21 17:35:00,-1.078,3.043,-28.046
2022-09-21 18:00:00,-1.103,1.94,-29.149
2022-09-21 18:40:00,2.421,4.361,-26.728
2022-09-21 21:05:00,-1.023,3.338,-27.751
2022-09-22 05:10:00,-0.055,3.283,-27.806
2022-09-22 11:45:00,2.376,5.659,-25.43
2022-09-22 13:35:00,-1.125,4.534,-26.555
2022-09-23 04:30:00,2.42,6.954,-24.135
2022-09-23 07:40:00,-1.037,5.917,-25.172
2022-09-23 13:55:00,-1.091,4.826,-26.263
2022-09-24 01:05:00,2.456,7.282,-23.807
2022-09-24 09:10:00,0.01,7.292,-23.797
2022-09-24 11:50:00,-1.07,6.222,-24.867
2022-09-25 06:15:00,-0.126,6.096,-24.993
2022-09-25 12:05:00,-1.216,4.88,-26.209
2022-09-25 13:35:00,-1.166,3.714,-27.375
2022-09-25 21:40:00,0.872,4.586,-26.503
2022-09-26 00:10:00,-1.046,3.54,-27.549
2022-09-26 08:50:00,-1.093,2.447,-28.642
2022-09-26 13:35:00,-1.092,1.355,-29.734
2022-09-26 19:50:00,-1.08,0.275,-30.814
2022-09-26 23:15:00,-1.108,-0.833,-31.922
2022-09-27 09:10:00,0.182,-0.651,-31.74
2022-09-27 13:05:00,-1.111,-1.762,-32.851
2022-09-28 00:15:00,0.217,-1.545,-32.634
2022-09-28 09:30:00,0.774,-0.771,-31.86
2022-09-28 17:45:00,-1.16,-1.931,-33.02
2022-09-28 22:25:00,-1.13,-3.061,-34.15
2022-09-29 05:20:00,-1.129,-4.19,-35.279
2022-09-29 14:15:00,1.021,-3.169,-34.258
2022-09-30 04:25:00,0.26,-2.909,-33.998
2022-09-30 10:50:00,-1.162,-4.071,-35.16
2022-09-30 14:45:00,-1.108,-5.179,-36.268
2022-09-30 17:50:00,-1.06,-6.239,-37.328
2022-10-01 05:35:00,-0.06,-6.299,-37.388
2022-10-01 15:10:00,-1.215,-7.514,-38.603
2022-10-02 00:25:00,0.046,-7.468,-38.557
2022-10-02 10:10:00,2.287,-5.181,-36.27
2022-10-02 18:15:00,0.642,-4.539,-35.628
2022-10-03 05:20:00,0.8,-3.739,-34.828
2022-10-03 13:30:00,-1.21,-4.949,-36.038
2022-10-03 21:35:00,-0.702,-5.651,-36.74
2022-10-04 01:45:00,-1.16,-6.811,-37.9
2022-10-04 03:15:00,-1.159,-7.97,-39.059
2022-10-04 14:35:00,0.803,-7.167,-38.256
2022-10-05 00:10:00,0.336,-6.831,-37.92
2022-10-05 02:05:00,-1.05,-7.881,-38.97
2022-10-06 00:15:00,0.277,-7.604,-38.693
2022-10-06 08:20:00,-0.557,-8.161,-39.25
2022-10-06 13:05:00,-1.1,-9.261,-40.35
2022-10-07 00:10:00,0.248,-9.013,-40.102
2022-10-07 03:05:00,-1.219,-10.232,-41.321
2022-10-07 12:30:00,2.287,-7.945,-39.034
2022-10-07 20:35:00,0.565,-7.38,-38.469
2022-10-08 12:55:00,-0.599,-7.979,-39.068
2022-10-08 15:55:00,-1.217,-9.196,-40.285
2022-10-09 03:45:00,1.046,-8.15,-39.239
2022-10-09 06:45:00,-1.413,-9.563,-40.652
2022-10-09 20:35:00,-1.163,-10.726,-41.815
2022-10-09 22:50:00,-1.166,-11.892,-42.981
2022-10-10 08:05:00,2.186,-9.706,-40.795
2022-10-10 08:40:00,2.39,-7.316,-38.405
2022-10-10 16:45:00,-0.096,-7.412,-38.501
2022-10-10 22:05:00,2.289,-5.123,-36.212
2022-10-11 06:10:00,0.353,-4.77,-35.859
2022-10-11 15:30:00,-1.079,-5.849,-36.938
2022-10-11 23:05:00,-1.21,-7.059,-38.148
2022-10-12 03:05:00,-1.128,-8.187,-39.276
2022-10-12 11:15:00,-0.554,-8.741,-39.83
2022-10-12 12:30:00,2.288,-6.453,-37.542
2022-10-12 20:35:00,-0.445,-6.898,-37.987
2022-10-13 01:55:00,2.189,-4.709,-35.798
2022-10-13 07:10:00,2.394,-2.315,-33.404
2022-10-13 10:25:00,2.423,0.108,-30.981
2022-10-13 12:25:00,-1.038,-0.93,-32.019
2022-10-13 15:15:00,-1.031,-1.961,-33.05
2022-10-14 01:15:00,0.739,-1.222,-32.311
2022-10-14 09:25:00,-0.399,-1.621,-32.71
2022-10-14 11:40:00,-1.16,-2.781,-33.87
2022-10-14 14:10:00,-1.072,-3.853,-34.942
2022-10-14 22:15:00,0.854,-2.999,-34.088
2022-10-15 12:20:00,-1.207,-4.206,-35.295
2022-10-16 00:40:00,-1.09,-5.296,-36.385
2022-10-16 08:45:00,-0.18,-5.476,-36.565
2022-10-16 18:35:00,1.075,-4.401,-35.49
2022-10-16 19:30:00,-1.38,-5.781,-36.87
2022-10-17 03:35:00,-0.815,-6.596,-37.685
2022-10-17 06:50:00,-1.309,-7.905,-38.994
2022-10-17 15:45:00,1.54,-6.365,-37.454
2022-10-18 01:35:00,-1.309,-7.674,-38.763
2022-10-18 08:25:00,-1.161,-8.835,-39.924
2022-10-18 08:40:00,2.159,-6.676,-37.765
2022-10-18 16:45:00,1.037,-5.639,-36.728
2022-10-18 19:00:00,-1.08,-6.719,-37.808
2022-10-19 01:40:00,-1.049,-7.768,-38.857
2022-10-19 06:25:00,-1.107,-8.875,-39.964
2022-10-19 14:30:00,1.268,-7.607,-38.696
2022-10-19 22:35:00,-1.08,-8.687,-39.776
2022-10-20 04:20:00,-1.057,-9.744,-40.833
2022-10-20 12:25:00,0.325,-9.419,-40.508
2022-10-20 17:05:00,-1.107,-10.526,-41.615
2022-10-21 04:50:00,2.293,-8.233,-39.322
2022-10-21 08:35:00,2.291,-5.942,-37.031
2022-10-21 14:05:00,-1.056,-6.998,-38.087
2022-10-22 03:45:00,0.085,-6.913,-38.002
2022-10-22 09:45:00,-1.21,-8.123,-39.212
2022-10-22 12:25:00,-1.211,-9.334,-40.423
2022-10-22 21:20:00,-0.16,-9.494,-40.583
2022-10-23 17:50:00,-1.126,-10.62,-41.709
2022-10-24 00:15:00,2.342,-8.278,-39.367
2022-10-24 03:10:00,-1.129,-9.407,-40.496
2022-10-24 12:05:00,0.083,-9.324,-40.413
2022-10-24 13:35:00,-1.308,-10.632,-41.721
2022-10-24 18:45:00,-1.125,-11.757,-42.846
2022-10-25 10:55:00,-0.128,-11.885,-42.974
2022-10-25 16:40:00,2.392,-9.493,-40.582
2022-10-25 17:35:00,2.419,-7.074,-38.163
2022-10-26 01:40:00,-0.025,-7.099,-38.188
2022-10-26 03:10:00,2.415,-4.684,-35.773
2022-10-26 11:15:00,0.903,-3.781,-34.87
2022-10-26 19:35:00,2.457,-1.324,-32.413
2022-10-27 03:40:00,1.012,-0.312,-31.401
2022-10-27 11:45:00,-0.727,-1.039,-32.128
2022-10-27 19:30:00,2.466,1.427,-29.662
2022-10-27 22:35:00,-1.014,0.413,-30.676
2022-10-28 04:40:00,-1.035,-0.622,-31.711
2022-10-28 07:30:00,-1.04,-1.662,-32.751
2022-10-28 09:30:00,2.47,0.808,-30.281
2022-10-28 17:35:00,0.474,1.282,-29.807
2022-10-29 03:45:00,-1.046,0.236,-30.853
2022-10-29 08:25:00,2.48,2.716,-28.373
2022-10-29 15:35:00,2.492,5.208,-25.881
2022-10-29 23:40:00,-0.594,4.614,-26.475
2022-10-30 05:50:00,2.474,7.088,-24.001
2022-10-30 07:30:00,-1.015,6.073,-25.016
2022-10-30 22:10:00,-1.032,5.041,-26.048
2022-10-31 08:10:00,-0.708,4.333,-26.756
2022-10-31 13:55:00,-1.024,3.309,-27.78
2022-10-31 14:45:00,-1.018,2.291,-28.798
2022-10-31 22:50:00,0.479,2.77,-28.319
2022-11-01 04:20:00,2.46,5.23,-25.859
2022-11-01 12:25:00,0.037,5.267,-25.822
2022-11-01 16:20:00,-1.03,4.237,-26.852
2022-11-02 02:00:00,-1.05,3.187,-27.902
2022-11-02 05:20:00,-1.023,2.164,-28.925
2022-11-02 17:35:00,-0.006,2.158,-28.931
2022-11-03 02:40:00,-1.023,1.135,-29.954
2022-11-03 07:25:00,-1.037,0.098,-30.991
2022-11-03 09:35:00,-1.041,-0.943,-32.032
2022-11-03 11:35:00,-1.04,-1.983,-33.072
2022-11-03 19:45:00,0.512,-1.471,-32.56
2022-11-04 00:10:00,2.455,0.984,-30.105
2022-11-04 06:10:00,-1.036,-0.052,-31.141
2022-11-04 13:00:00,-1.033,-1.085,-32.174
2022-11-04 15:55:00,-1.046,-2.131,-33.22
2022-11-05 00:10:00,-1.056,-3.187,-34.276
2022-11-05 04:30:00,-1.052,-4.239,-35.328
2022-11-05 04:55:00,2.453,-1.786,-32.875
2022-11-05 13:00:00,-0.57,-2.356,-33.445
2022-11-06 14:15:00,-1.073,-3.429,-34.518
2022-11-06 23:10:00,2.465,-0.964,-32.053
2022-11-07 07:15:00,-0.348,-1.312,-32.401
2022-11-07 12:55:00,-1.058,-2.37,-33.459
2022-11-07 20:00:00,-1.046,-3.416,-34.505
2022-11-08 03:40:00,2.464,-0.952,-32.041
2022-11-08 11:45:00,0.354,-0.598,-31.687
2022-11-08 16:05:00,-1.03,-1.628,-32.717
2022-11-09 02:10:00,0.461,-1.167,-32.256
2022-11-09 05:30:00,-1.029,-2.196,-33.285
2022-11-09 12:00:00,-1.027,-3.223,-34.312
2022-11-09 21:20:00,2.481,-0.742,-31.831
2022-11-10 05:25:00,-0.728,-1.47,-32.559
2022-11-10 09:15:00,-1.017,-2.487,-33.576
2022-11-10 21:35:00,-0.195,-2.682,-33.771
2022-11-11 10:00:00,-0.032,-2.714,-33.803
2022-11-11 22:05:00,0.49,-2.224,-33.313
2022-11-12 07:20:00,-1.039,-3.263,-34.352
2022-11-12 15:25:00,0.533,-2.73,-33.819
2022-11-12 23:00:00,-1.058,-3.788,-34.877
2022-11-13 06:25:00,-1.039,-4.827,-35.916
2022-11-13 14:30:00,0.391,-4.436,-35.525
2022-11-14 00:20:00,2.447,-1.989,-33.078
2022-11-14 06:40:00,-1.016,-3.005,-34.094
2022-11-14 14:45:00,0.263,-2.742,-33.831
2022-11-14 23:30:00,-0.958,-3.7,-34.789
2022-11-15 09:30:00,0.002,-3.698,-34.787
2022-11-15 14:45:00,-1.067,-4.765,-35.854
2022-11-16 02:30:00,-0.46,-5.225,-36.314
2022-11-16 07:00:00,2.422,-2.803,-33.892
2022-11-16 08:30:00,-1.035,-3.838,-34.927
2022-11-16 14:00:00,2.409,-1.429,-32.518
2022-11-16 22:05:00,-0.457,-1.886,-32.975
2022-11-17 03:55:00,-1.092,-2.978,-34.067
2022-11-17 08:00:00,-1.113,-4.091,-35.18
2022-11-17 13:20:00,2.4,-1.691,-32.78
2022-11-17 15:20:00,-1.044,-2.735,-33.824
2022-11-18 00:10:00,-1.082,-3.817,-34.906
2022-11-18 08:15:00,-0.433,-4.25,-35.339
2022-11-18 11:40:00,-1.292,-5.542,-36.631
2022-11-18 18:15:00,2.35,-3.192,-34.281
2022-11-18 19:00:00,-1.147,-4.339,-35.428
2022-11-19 10:35:00,-0.112,-4.451,-35.54
2022-11-19 15:00:00,-1.178,-5.629,-36.718
2022-11-20 08:10:00,-1.15,-6.779,-37.868
2022-11-20 08:40:00,2.35,-4.429,-35.518
2022-11-20 16:45:00,0.93,-3.499,-34.588
2022-11-20 18:00:00,2.376,-1.123,-32.212
2022-11-21 02:05:00,2.457,1.334,-29.755
2022-11-21 05:35:00,-1.032,0.302,-30.787
2022-11-21 13:05:00,-1.067,-0.765,-31.854
2022-11-21 18:15:00,2.421,1.656,-29.433
2022-11-22 00:05:00,-1.03,0.626,-30.463
2022-11-22 13:05:00,-1.089,-0.463,-31.552
2022-11-22 21:10:00,1.155,0.692,-30.397
2022-11-23 02:55:00,2.407,3.099,-27.99
2022-11-23 11:00:00,0.494,3.593,-27.496
2022-11-24 01:50:00,2.405,5.998,-25.091
2022-11-24 09:55:00,-0.691,5.307,-25.782
2022-11-24 14:15:00,-1.17,4.137,-26.952
2022-11-25 00:10:00,-1.171,2.966,-28.123
2022-11-25 02:00:00,-1.063,1.903,-29.186
2022-11-25 08:35:00,-1.172,0.731,-30.358
2022-11-25 11:15:00,2.465,3.196,-27.893
2022-11-25 19:20:00,-0.115,3.081,-28.008
2022-11-25 20:30:00,-1.064,2.017,-29.072
2022-11-26 00:30:00,2.431,4.448,-26.641
2022-11-26 08:35:00,-0.333,4.115,-26.974
2022-11-26 14:40:00,2.335,6.45,-24.639
2022-11-26 14:50:00,-1.12,5.33,-25.759
2022-11-27 04:15:00,-1.087,4.243,-26.846
2022-11-27 09:45:00,2.466,6.709,-24.38
2022-11-27 11:25:00,2.463,9.172,-21.917
2022-11-27 19:30:00,-0.275,8.897,-22.192
2022-11-27 23:20:00,-1.058,7.839,-23.25
2022-11-28 01:35:00,2.449,10.288,-20.801
2022-11-28 09:40:00,-0.284,10.004,-21.085
2022-11-28 16:55:00,-1.033,8.971,-22.118
2022-11-29 01:05:00,-0.344,8.627,-22.462
2022-11-29 02:00:00,2.455,11.082,-20.007
2022-11-29 10:05:00,0.203,11.285,-19.804
2022-11-29 14:15:00,-1.043,10.242,-20.847
2022-11-30 00:35:00,2.423,12.665,-18.424
2022-11-30 08:40:00,-0.263,12.402,-18.687
2022-11-30 15:00:00,-1.069,11.333,-19.756
2022-11-30 19:10:00,-1.061,10.272,-20.817
2022-12-01 03:15:00,0.075,10.347,-20.742
2022-12-01 12:00:00,-1.067,9.28,-21.809
2022-12-01 13:45:00,-1.051,8.229,-22.86
2022-12-01 22:25:00,0.103,8.332,-22.757
2022-12-02 01:45:00,-1.068,7.264,-23.825
2022-12-02 09:50:00,0.615,7.879,-23.21
2022-12-02 11:35:00,-1.14,6.739,-24.35
2022-12-02 21:35:00,-0.727,6.012,-25.077
2022-12-03 06:05:00,-1.091,4.921,-26.168
2022-12-03 14:00:00,-1.052,3.869,-27.22
2022-12-03 22:05:00,-0.151,3.718,-27.371
2022-12-04 00:15:00,-1.077,2.641,-28.448
2022-12-04 08:20:00,0.591,3.232,-27.857
2022-12-04 13:50:00,-1.046,2.186,-28.903
2022-12-04 22:50:00,0.208,2.394,-28.695
2022-12-05 07:35:00,-0.555,1.839,-29.25
2022-12-05 13:15:00,-1.022,0.817,-30.272
2022-12-05 19:15:00,2.407,3.224,-27.865
2022-12-06 03:20:00,-0.779,2.445,-28.644
2022-12-06 12:20:00,0.515,2.96,-28.129
2022-12-06 23:05:00,0.691,3.651,-27.438
2022-12-07 07:10:00,2.444,6.095,-24.994
2022-12-07 15:15:00,-0.217,5.878,-25.211
2022-12-07 20:30:00,-1.099,4.779,-26.31
2022-12-08 07:00:00,-1.117,3.662,-27.427
2022-12-08 15:00:00,-1.112,2.55,-28.539
2022-12-09 02:40:00,0.083,2.633,-28.456
2022-12-09 11:05:00,-1.215,1.418,-29.671
2022-12-09 21:25:00,2.151,3.569,-27.52
2022-12-09 23:30:00,-1.128,2.441,-28.648
2022-12-10 10:45:00,-0.15,2.291,-28.798
2022-12-10 17:55:00,-1.164,1.127,-29.962
2022-12-11 06:00:00,-0.627,0.5,-30.589
2022-12-11 07:10:00,-1.484,-0.984,-32.073
2022-12-11 16:45:00,-1.237,-2.221,-33.31
2022-12-12 02:50:00,2.442,0.221,-30.868
2022-12-12 10:55:00,-0.475,-0.254,-31.343
2022-12-13 06:40:00,2.299,2.045,-29.044
2022-12-13 10:05:00,-1.092,0.953,-30.136
2022-12-13 17:45:00,-1.054,-0.101,-31.19
2022-12-14 01:50:00,-0.586,-0.687,-31.776
2022-12-14 04:35:00,-1.214,-1.901,-32.99
2022-12-14 09:35:00,-1.253,-3.154,-34.243
2022-12-14 14:40:00,-1.129,-4.283,-35.372
2022-12-14 18:55:00,-1.097,-5.38,-36.469
2022-12-14 19:00:00,2.425,-2.955,-34.044
2022-12-15 03:05:00,0.542,-2.413,-33.502
2022-12-15 09:20:00,-1.193,-3.606,-34.695
2022-12-15 13:30:00,-1.18,-4.786,-35.875
2022-12-15 18:45:00,2.366,-2.42,-33.509
2022-12-16 02:25:00,-1.075,-3.495,-34.584
2022-12-16 07:00:00,-1.136,-4.631,-35.72
2022-12-16 16:55:00,2.077,-2.554,-33.643
2022-12-16 23:20:00,2.457,-0.097,-31.186
2022-12-17 07:25:00,-0.369,-0.466,-31.555
2022-12-17 10:55:00,-1.128,-1.594,-32.683
2022-12-17 14:05:00,-1.151,-2.745,-33.834
2022-12-17 19:05:00,-1.106,-3.851,-34.94
2022-12-18 09:25:00,2.264,-1.587,-32.676
2022-12-18 17:30:00,-0.135,-1.722,-32.811
2022-12-19 08:00:00,0.44,-1.282,-32.371
2022-12-19 18:35:00,2.431,1.149,-29.94
2022-12-20 02:40:00,-0.599,0.55,-30.539
2022-12-20 11:20:00,-1.125,-0.575,-31.664
2022-12-20 14:55:00,-1.151,-1.726,-32.815
2022-12-21 04:55:00,2.405,0.679,-30.41
2022-12-21 08:40:00,-1.079,-0.4,-31.489
2022-12-21 23:00:00,0.101,-0.299,-31.388
2022-12-22 01:50:00,-1.122,-1.421,-32.51
2022-12-22 08:00:00,-1.201,-2.622,-33.711
2022-12-22 11:30:00,2.317,-0.305,-31.394
2022-12-22 19:35:00,0.097,-0.208,-31.297
2022-12-22 23:00:00,2.351,2.143,-28.946
2022-12-23 00:25:00,2.358,4.501,-26.588
2022-12-23 08:30:00,0.374,4.875,-26.214
2022-12-23 21:40:00,-0.602,4.273,-26.816
2022-12-24 15:40:00,-0.626,3.647,-27.442
2022-12-24 19:35:00,2.141,5.788,-25.301
2022-12-24 21:50:00,-1.229,4.559,-26.53
2022-12-25 14:30:00,2.354,6.913,-24.176
2022-12-25 19:25:00,-1.027,5.886,-25.203
2022-12-26 08:10:00,2.151,8.037,-23.052
2022-12-26 10:30:00,-1.175,6.862,-24.227
2022-12-26 21:15:00,0.339,7.201,-23.888
2022-12-26 23:35:00,-1.114,6.087,-25.002
2022-12-27 11:20:00,-0.048,6.039,-25.05
2022-12-27 14:35:00,2.253,8.292,-22.797
2022-12-27 19:40:00,2.358,10.65,-20.439
2022-12-27 22:55:00,-1.146,9.504,-21.585
2022-12-28 03:10:00,2.398,11.902,-19.187
2022-12-28 11:15:00,-0.076,11.826,-19.263
2022-12-29 00:55:00,-0.024,11.802,-19.287
2022-12-29 07:50:00,-1.075,10.727,-20.362
2022-12-29 09:20:00,-1.104,9.623,-21.466
2022-12-29 20:35:00,2.345,11.968,-19.121
2022-12-29 23:30:00,-1.057,10.911,-20.178
2022-12-30 07:20:00,2.404,13.315,-17.774
2022-12-30 15:25:00,-0.073,13.242,-17.847
2022-12-31 02:50:00,-1.162,12.08,-19.009
2022-12-31 16:30:00,0.139,12.219,-18.87
2022-12-31 21:50:00,-1.278,10.941,-20.148
2023-01-01 04:15:00,-1.119,9.822,-21.267
2023-01-01 11:05:00,-1.18,8.642,-22.447
2023-01-01 14:15:00,-1.266,7.376,-23.713
2023-01-01 18:30:00,2.282,9.658,-21.431
2023-01-02 00:40:00,-1.098,8.56,-22.529
2023-01-02 06:05:00,-1.127,7.433,-23.656
2023-01-02 07:15:00,2.328,9.761,-21.328
2023-01-02 15:20:00,0.016,9.777,-21.312
2023-01-02 23:00:00,-1.141,8.636,-22.453
2023-01-03 11:45:00,-1.111,7.525,-23.564
2023-01-03 16:55:00,2.367,9.892,-21.197
2023-01-04 01:00:00,-0.528,9.364,-21.725
2023-01-04 09:20:00,1.001,10.365,-20.724
2023-01-04 12:50:00,-1.155,9.21,-21.879
2023-01-05 00:15:00,1.325,10.535,-20.554
2023-01-05 08:20:00,-0.453,10.082,-21.007
2023-01-06 00:25:00,0.116,10.198,-20.891
2023-01-06 11:05:00,2.338,12.536,-18.553
2023-01-06 13:30:00,-1.092,11.444,-19.645
2023-01-07 02:10:00,1.337,12.781,-18.308
2023-01-07 11:10:00,-1.154,11.627,-19.462
2023-01-07 16:05:00,-1.215,10.412,-20.677
2023-01-08 06:35:00,0.193,10.605,-20.484
2023-01-08 09:25:00,-1.284,9.321,-21.768
2023-01-08 14:15:00,-1.332,7.989,-23.1
2023-01-08 15:45:00,2.243,10.232,-20.857
2023-01-08 16:25:00,-1.134,9.098,-21.991
2023-01-08 23:55:00,2.37,11.468,-19.621
2023-01-09 02:40:00,2.388,13.856,-17.233
2023-01-09 10:45:00,1.071,14.927,-16.162
2023-01-09 13:50:00,-1.046,13.881,-17.208
2023-01-09 18:40:00,-1.071,12.81,-18.279
2023-01-10 02:35:00,-1.076,11.734,-19.355
2023-01-10 12:25:00,-1.113,10.621,-20.468
2023-01-11 01:15:00,2.364,12.985,-18.104
2023-01-11 02:05:00,-1.095,11.89,-19.199
2023-01-11 13:35:00,-1.125,10.765,-20.324
2023-01-11 15:35:00,2.344,13.109,-17.98
2023-01-11 18:10:00,-1.068,12.041,-19.048
2023-01-12 00:50:00,2.422,14.463,-16.626
2023-01-12 08:55:00,-0.415,14.048,-17.041
2023-01-12 21:55:00,0.118,14.166,-16.923
2023-01-13 01:00:00,-1.095,13.071,-18.018
2023-01-13 07:20:00,-1.1,11.971,-19.118
2023-01-13 21:35:00,2.408,14.379,-16.71
2023-01-14 00:35:00,2.456,16.835,-14.254
2023-01-14 08:40:00,1.2,18.035,-13.054
2023-01-14 09:15:00,-1.039,16.996,-14.093
2023-01-14 14:40:00,-1.05,15.946,-15.143
2023-01-15 00:30:00,-1.133,14.813,-16.276
2023-01-15 13:35:00,-1.081,13.732,-17.357
2023-01-15 21:40:00,0.555,14.287,-16.802
2023-01-16 06:45:00,0.148,14.435,-16.654
2023-01-16 16:10:00,-0.193,14.242,-16.847
2023-01-17 05:20:00,0.159,14.401,-16.688
2023-01-17 10:25:00,-1.251,13.15,-17.939
2023-01-17 14:20:00,-1.124,12.026,-19.063
2023-01-17 22:35:00,-0.106,11.92,-19.169
2023-01-18 01:00:00,-1.178,10.742,-20.347
2023-01-18 02:05:00,2.43,13.172,-17.917
2023-01-18 10:10:00,-0.265,12.907,-18.182
2023-01-18 15:25:00,2.403,15.31,-15.779
2023-01-18 23:55:00,0.525,15.835,-15.254
2023-01-19 10:10:00,-1.118,14.717,-16.372
2023-01-19 15:15:00,-1.1,13.617,-17.472
2023-01-20 01:25:00,-1.171,12.446,-18.643
2023-01-20 13:00:00,-0.507,11.939,-19.15
2023-01-20 17:50:00,2.262,14.201,-16.888
2023-01-20 20:05:00,2.357,16.558,-14.531
2023-01-21 04:10:00,0.379,16.937,-14.152
2023-01-21 10:25:00,-1.062,15.875,-15.214
2023-01-21 23:20:00,-1.115,14.76,-16.329
2023-01-22 07:25:00,-0.11,14.65,-16.439
2023-01-22 15:00:00,2.373,17.023,-14.066
2023-01-22 15:20:00,-1.058,15.965,-15.124
2023-01-23 00:25:00,-0.175,15.79,-15.299
2023-01-23 08:00:00,-1.101,14.689,-16.4
2023-01-23 12:10:00,-1.124,13.565,-17.524
2023-01-23 23:00:00,-0.718,12.847,-18.242
2023-01-24 08:30:00,0.427,13.274,-17.815
2023-01-24 21:40:00,-0.143,13.131,-17.958
2023-01-25 05:55:00,0.674,13.805,-17.284
2023-01-25 12:40:00,-1.12,12.685,-18.404
2023-01-25 17:55:00,-1.081,11.604,-19.485
2023-01-26 04:05:00,0.231,11.835,-19.254
2023-01-26 06:20:00,-1.154,10.681,-20.408
2023-01-26 13:55:00,-1.143,9.538,-21.551
2023-01-26 22:00:00,-0.357,9.181,-21.908
2023-01-27 08:55:00,-0.127,9.054,-22.035
2023-01-27 15:05:00,-1.143,7.911,-23.178
2023-01-28 01:20:00,0.982,8.893,-22.196
2023-01-28 02:10:00,-1.146,7.747,-23.342
2023-01-28 05:05:00,2.424,10.171,-20.918
2023-01-28 13:00:00,-1.025,9.146,-21.943
2023-01-28 17:05:00,-1.226,7.92,-23.169
2023-01-29 00:30:00,-1.121,6.799,-24.29
2023-01-29 08:35:00,0.332,7.131,-23.958
2023-01-29 10:40:00,2.353,9.484,-21.605
2023-01-29 16:30:00,-1.053,8.431,-22.658
2023-01-30 01:35:00,-1.081,7.35,-23.739
2023-01-30 09:00:00,2.318,9.668,-21.421
2023-01-30 17:05:00,0.153,9.821,-21.268
2023-01-31 00:05:00,-1.033,8.788,-22.301
2023-01-31 08:10:00,1.575,10.363,-20.726
2023-02-01 01:00:00,-0.329,10.034,-21.055
2023-02-01 16:30:00,0.471,10.505,-20.584
2023-02-01 19:00:00,-1.105,9.4,-21.689
2023-02-02 03:40:00,1.187,10.587,-20.502
2023-02-02 13:30:00,-1.097,9.49,-21.599
2023-02-02 18:15:00,-1.09,8.4,-22.689
2023-02-02 19:10:00,-1.082,7.318,-23.771
2023-02-03 03:25:00,0.781,8.099,-22.99
2023-02-03 10:40:00,-1.149,6.95,-24.139
2023-02-03 16:00:00,-1.088,5.862,-25.227
2023-02-03 19:35:00,-1.084,4.778,-26.311
2023-02-03 22:00:00,-1.068,3.71,-27.379
2023-02-04 06:05:00,-0.008,3.702,-27.387
2023-02-04 16:20:00,-1.099,2.603,-28.486
2023-02-04 17:35:00,2.427,5.03,-26.059
2023-02-05 01:40:00,-0.813,4.217,-26.872
2023-02-05 04:50:00,-1.118,3.099,-27.99
2023-02-05 12:40:00,-1.136,1.963,-29.126
2023-02-05 12:55:00,2.404,4.367,-26.722
2023-02-05 21:00:00,0.363,4.73,-26.359
2023-02-06 07:45:00,-1.131,3.599,-27.49
2023-02-06 10:35:00,-1.075,2.524,-28.565
2023-02-06 16:05:00,-1.132,1.392,-29.697
2023-02-06 23:00:00,2.299,3.691,-27.398
2023-02-07 07:05:00,-0.772,2.919,-28.17
2023-02-07 17:45:00,-1.159,1.76,-29.329
2023-02-07 18:25:00,-1.074,0.686,-30.403
2023-02-07 22:45:00,-1.043,-0.357,-31.446
2023-02-08 06:50:00,-0.608,-0.965,-32.054
2023-02-08 13:10:00,-1.17,-2.135,-33.224
2023-02-08 14:15:00,-1.143,-3.278,-34.367
2023-02-08 16:10:00,2.347,-0.931,-32.02
2023-02-09 00:15:00,-0.119,-1.05,-32.139
2023-02-09 03:05:00,2.417,1.367,-29.722
2023-02-09 11:10:00,-0.383,0.984,-30.105
2023-02-09 19:00:00,2.385,3.369,-27.72
2023-02-09 19:25:00,2.41,5.779,-25.31
2023-02-10 03:30:00,0.403,6.182,-24.907
2023-02-10 05:35:00,-1.117,5.065,-26.024
2023-02-10 07:40:00,-1.177,3.888,-27.201
2023-02-10 14:10:00,-1.172,2.716,-28.373
2023-02-10 19:30:00,-1.068,1.648,-29.441
2023-02-11 05:35:00,-0.348,1.3,-29.789
2023-02-11 12:15:00,-1.171,0.129,-30.96
2023-02-11 21:45:00,-1.159,-1.03,-32.119
2023-02-12 09:00:00,-1.321,-2.351,-33.44
2023-02-12 09:20:00,2.389,0.038,-31.051
2023-02-12 17:25:00,-0.085,-0.047,-31.136
2023-02-12 22:05:00,2.402,2.355,-28.734
2023-02-13 04:20:00,-1.035,1.32,-29.769
2023-02-13 09:00:00,-1.024,0.296,-30.793
2023-02-13 17:05:00,0.345,0.641,-30.448
2023-02-13 18:45:00,-1.076,-0.435,-31.524
2023-02-14 09:50:00,-1.131,-1.566,-32.655
2023-02-14 22:55:00,0.16,-1.406,-32.495
2023-02-15 00:35:00,-1.152,-2.558,-33.647
2023-02-15 11:20:00,-0.215,-2.773,-33.862
2023-02-15 14:15:00,-1.109,-3.882,-34.971
2023-02-15 19:50:00,2.318,-1.564,-32.653
2023-02-16 03:55:00,1.418,-0.146,-31.235
2023-02-16 16:05:00,-1.062,-1.208,-32.297
2023-02-16 20:25:00,-1.041,-2.249,-33.338
2023-02-17 05:25:00,1.008,-1.241,-32.33
2023-02-17 13:20:00,-1.212,-2.453,-33.542
2023-02-17 14:20:00,-1.168,-3.621,-34.71
2023-02-17 17:10:00,-1.075,-4.696,-35.785
2023-02-17 22:00:00,-1.103,-5.799,-36.888
2023-02-18 03:10:00,-1.172,-6.971,-38.06
2023-02-18 13:20:00,-1.17,-8.141,-39.23
2023-02-18 14:00:00,-1.299,-9.44,-40.529
2023-02-18 16:30:00,2.384,-7.056,-38.145
2023-02-18 19:40:00,-1.038,-8.094,-39.183
2023-02-19 06:30:00,-0.396,-8.49,-39.579
2023-02-19 15:25:00,-1.17,-9.66,-40.749
2023-02-20 00:55:00,0.277,-9.383,-40.472
2023-02-20 03:55:00,-1.088,-10.471,-41.56
2023-02-20 12:15:00,0.986,-9.485,-40.574
2023-02-21 00:05:00,-1.123,-10.608,-41.697
2023-02-21 04:30:00,-1.145,-11.753,-42.842
2023-02-21 16:45:00,0.891,-10.862,-41.951
2023-02-21 21:20:00,2.337,-8.525,-39.614
2023-02-22 05:25:00,0.407,-8.118,-39.207
2023-02-22 09:25:00,-1.108,-9.226,-40.315
2023-02-22 17:30:00,-0.545,-9.771,-40.86
2023-02-23 10:10:00,-0.723,-10.494,-41.583
2023-02-23 19:30:00,-0.339,-10.833,-41.922
2023-02-24 00:15:00,-1.151,-11.984,-43.073
2023-02-24 06:45:00,-1.287,-13.271,-44.36
2023-02-24 14:00:00,2.263,-11.008,-42.097
2023-02-24 15:40:00,2.382,-8.626,-39.715
2023-02-24 23:45:00,0.245,-8.381,-39.47
2023-02-25 06:30:00,-1.172,-9.553,-40.642
2023-02-25 12:45:00,2.26,-7.293,-38.382
2023-02-25 13:30:00,-1.181,-8.474,-39.563
2023-02-26 03:05:00,-0.874,-9.348,-40.437
2023-02-26 09:45:00,-1.241,-10.589,-41.678
2023-02-26 13:55:00,-1.309,-11.898,-42.987
2023-02-26 18:10:00,-1.235,-13.133,-44.222
2023-02-27 02:40:00,0.375,-12.758,-43.847
2023-02-27 12:45:00,1.024,-11.734,-42.823
2023-02-27 16:15:00,-1.1,-12.834,-43.923
2023-02-28 00:20:00,-0.541,-13.375,-44.464
2023-02-28 00:55:00,2.277,-11.098,-42.187
2023-02-28 07:45:00,-1.063,-12.161,-43.25
2023-02-28 15:50:00,-0.668,-12.829,-43.918
2023-02-28 19:25:00,-1.086,-13.915,-45.004
2023-03-01 03:30:00,-0.404,-14.319,-45.408
2023-03-01 11:35:00,0.191,-14.128,-45.217
2023-03-02 01:35:00,-1.099,-15.227,-46.316
2023-03-02 09:40:00,0.155,-15.072,-46.161
2023-03-02 14:15:00,2.225,-12.847,-43.936
2023-03-02 18:35:00,-1.135,-13.982,-45.071
2023-03-03 01:15:00,2.281,-11.701,-42.79
2023-03-03 01:25:00,2.428,-9.273,-40.362
2023-03-03 09:30:00,0.348,-8.925,-40.014
2023-03-03 23:05:00,-1.144,-10.069,-41.158
2023-03-04 12:50:00,0.171,-9.898,-40.987
2023-03-04 18:05:00,2.174,-7.724,-38.813
2023-03-04 20:45:00,2.387,-5.337,-36.426
2023-03-05 01:10:00,-1.041,-6.378,-37.467
2023-03-05 09:15:00,-1.323,-7.701,-38.79
2023-03-05 20:15:00,-1.269,-8.97,-40.059
2023-03-06 05:45:00,1.322,-7.648,-38.737
2023-03-07 00:30:00,-1.119,-8.767,-39.856
2023-03-07 08:35:00,-0.722,-9.489,-40.578
2023-03-07 10:55:00,2.244,-7.245,-38.334
2023-03-07 15:05:00,2.356,-4.889,-35.978
2023-03-07 15:20:00,-1.049,-5.938,-37.027
2023-03-08 00:00:00,-1.106,-7.044,-38.133
2023-03-08 08:00:00,2.304,-4.74,-35.829
2023-03-08 08:50:00,-1.168,-5.908,-36.997
2023-03-08 15:30:00,-1.115,-7.023,-38.112
2023-03-08 22:45:00,2.415,-4.608,-35.697
2023-03-09 06:50:00,-0.869,-5.477,-36.566
2023-03-09 14:15:00,-1.156,-6.633,-37.722
2023-03-09 19:00:00,2.391,-4.242,-35.331
2023-03-09 20:45:00,2.457,-1.785,-32.874
2023-03-10 04:50:00,-0.173,-1.958,-33.047
2023-03-10 10:25:00,2.402,0.444,-30.645
2023-03-10 13:30:00,-1.038,-0.594,-31.683
2023-03-10 22:00:00,-1.079,-1.673,-32.762
2023-03-11 01:55:00,2.402,0.729,-30.36
2023-03-11 04:10:00,-1.037,-0.308,-31.397
2023-03-11 07:40:00,2.413,2.105,-28.984
2023-03-11 15:45:00,-0.222,1.883,-29.206
2023-03-11 16:45:00,-1.087,0.796,-30.293
2023-03-12 17:25:00,-1.119,-0.323,-31.412
2023-03-12 22:15:00,2.442,2.119,-28.97
2023-03-13 06:20:00,0.058,2.177,-28.912
2023-03-13 08:25:00,-1.126,1.051,-30.038
2023-03-13 15:05:00,2.442,3.493,-27.596
2023-03-13 23:10:00,0.014,3.507,-27.582
2023-03-14 12:30:00,-1.113,2.394,-28.695
2023-03-14 20:35:00,0.148,2.542,-28.547
2023-03-15 09:15:00,-0.292,2.25,-28.839
2023-03-15 16:40:00,2.455,4.705,-26.384
2023-03-16 00:45:00,-0.666,4.039,-27.05
2023-03-16 02:25:00,-1.054,2.985,-28.104
2023-03-16 09:40:00,-1.1,1.885,-29.204
2023-03-16 15:55:00,-1.06,0.825,-30.264
2023-03-16 18:55:00,-1.237,-0.412,-31.501
2023-03-16 22:00:00,-1.062,-1.474,-32.563
2023-03-17 06:05:00,1.402,-0.072,-31.161
2023-03-17 14:15:00,0.344,0.272,-30.817
2023-03-17 22:35:00,2.412,2.684,-28.405
2023-03-18 06:40:00,0.484,3.168,-27.921
2023-03-18 13:30:00,-1.062,2.106,-28.983
2023-03-18 16:30:00,2.419,4.525,-26.564
2023-03-19 00:35:00,-0.324,4.201,-26.888
2023-03-19 12:05:00,-1.084,3.117,-27.972
2023-03-19 20:35:00,-1.092,2.025,-29.064
2023-03-20 08:00:00,-0.549,1.476,-29.613
2023-03-20 18:55:00,1.041,2.517,-28.572
2023-03-21 00:45:00,-1.046,1.471,-29.618
2023-03-21 10:20:00,-1.09,0.381,-30.708
2023-03-21 12:40:00,2.227,2.608,-28.481
2023-03-21 13:25:00,2.406,5.014,-26.075
2023-03-21 21:30:00,0.45,5.464,-25.625
2023-03-22 06:30:00,-1.079,4.385,-26.704
2023-03-22 18:35:00,-1.079,3.306,-27.783
2023-03-23 03:05:00,-0.033,3.273,-27.816
2023-03-23 09:50:00,2.432,5.705,-25.384
2023-03-23 17:55:00,-0.14,5.565,-25.524
2023-03-24 02:50:00,-1.11,4.455,-26.634
2023-03-24 11:45:00,2.414,6.869,-24.22
2023-03-24 14:30:00,-1.056,5.813,-25.276
2023-03-24 19:15:00,-1.067,4.746,-26.343
2023-03-25 06:15:00,-1.105,3.641,-27.448
2023-03-25 14:20:00,-0.62,3.021,-28.068
2023-03-25 17:30:00,-1.106,1.915,-29.174
2023-03-26 02:05:00,0.069,1.984,-29.105
2023-03-26 10:30:00,0.598,2.582,-28.507
2023-03-26 14:30:00,-1.232,1.35,-29.739
2023-03-26 22:35:00,0.154,1.504,-29.585
2023-03-27 09:20:00,0.155,1.659,-29.43
2023-03-27 12:15:00,2.308,3.967,-27.122
2023-03-27 14:55:00,-1.049,2.918,-28.171
2023-03-27 23:00:00,0.095,3.013,-28.076
2023-03-28 04:55:00,-1.187,1.826,-29.263
2023-03-28 11:50:00,-1.116,0.71,-30.379
2023-03-29 03:00:00,0.621,1.331,-29.758
2023-03-29 08:10:00,2.394,3.725,-27.364
2023-03-29 14:25:00,-1.065,2.66,-28.429
2023-03-29 22:00:00,-1.156,1.504,-29.585
2023-03-30 03:05:00,-1.054,0.45,-30.639
2023-03-30 17:30:00,2.24,2.69,-28.399
2023-03-30 20:55:00,-1.076,1.614,-29.475
2023-03-30 21:55:00,-1.144,0.47,-30.619
2023-03-31 01:00:00,-1.148,-0.678,-31.767
2023-03-31 07:20:00,-1.088,-1.766,-32.855
2023-03-31 12:10:00,-1.086,-2.852,-33.941
2023-03-31 20:35:00,0.58,-2.272,-33.361
2023-04-01 03:25:00,2.38,0.108,-30.981
2023-04-01 06:25:00,-1.073,-0.965,-32.054
2023-04-01 16:50:00,-1.123,-2.088,-33.177
2023-04-01 19:00:00,2.447,0.359,-30.73
2023-04-02 03:05:00,0.609,0.968,-30.121
2023-04-02 21:10:00,0.829,1.797,-29.292
2023-04-03 06:20:00,-0.157,1.64,-29.449
2023-04-03 17:35:00,-1.083,0.557,-30.532
2023-04-03 18:50:00,2.488,3.045,-28.044
2023-04-04 02:55:00,-0.279,2.766,-28.323
2023-04-04 14:30:00,-0.414,2.352,-28.737
2023-04-04 21:25:00,-1.092,1.26,-29.829
2023-04-05 09:25:00,0.11,1.37,-29.719
2023-04-05 12:30:00,-1.06,0.31,-30.779
2023-04-06 00:20:00,1.03,1.34,-29.749
2023-04-06 08:45:00,-0.24,1.1,-29.989
2023-04-06 18:00:00,0.404,1.504,-29.585
2023-04-06 19:25:00,-1.097,0.407,-30.682
2023-04-07 04:50:00,0.33,0.737,-30.352
2023-04-07 13:35:00,0.321,1.058,-30.031
2023-04-08 15:40:00,-0.004,1.054,-30.035
2023-04-08 17:40:00,2.171,3.225,-27.864
2023-04-08 18:50:00,2.356,5.581,-25.508
2023-04-09 02:55:00,-0.535,5.046,-26.043
2023-04-09 14:05:00,-0.62,4.426,-26.663
2023-04-09 23:15:00,0.299,4.725,-26.364
2023-04-10 03:40:00,-1.09,3.635,-27.454
2023-04-10 11:45:00,-0.71,2.925,-28.164
2023-04-10 15:40:00,-1.228,1.697,-29.392
2023-04-10 23:05:00,2.373,4.07,-27.019
2023-04-11 01:15:00,-1.098,2.972,-28.117
2023-04-11 15:00:00,-0.674,2.298,-28.791
2023-04-11 19:40:00,-1.286,1.012,-30.077
2023-04-12 00:00:00,-1.12,-0.108,-31.197
2023-04-12 02:15:00,2.389,2.281,-28.808
2023-04-12 10:20:00,-0.152,2.129,-28.96
2023-04-12 17:50:00,-1.076,1.053,-30.036
2023-04-13 10:00:00,2.334,3.387,-27.702
2023-04-13 10:25:00,2.433,5.82,-25.269
2023-04-13 18:30:00,-0.201,5.619,-25.47
2023-04-14 01:05:00,2.34,7.959,-23.13
2023-04-14 09:10:00,0.519,8.478,-22.611
2023-04-14 23:05:00,-0.759,7.719,-23.37
2023-04-15 13:25:00,0.634,8.353,-22.736
2023-04-15 20:55:00,-1.074,7.279,-23.81
2023-04-16 01:10:00,-1.115,6.164,-24.925
2023-04-16 11:40:00,-1.106,5.058,-26.031
2023-04-16 16:55:00,-1.072,3.986,-27.103
2023-04-16 20:00:00,-1.105,2.881,-28.208
2023-04-17 00:25:00,-1.049,1.832,-29.257
2023-04-17 07:15:00,-1.067,0.765,-30.324
2023-04-17 15:25:00,-0.6,0.165,-30.924
2023-04-17 19:35:00,-1.065,-0.9,-31.989
2023-04-18 00:35:00,-1.093,-1.993,-33.082
2023-04-18 04:50:00,-1.1,-3.093,-34.182
2023-04-18 12:25:00,2.393,-0.7,-31.789
2023-04-18 14:30:00,-1.073,-1.773,-32.862
2023-04-18 16:30:00,-1.075,-2.848,-33.937
2023-04-19 02:05:00,-1.115,-3.963,-35.052
2023-04-19 08:20:00,2.43,-1.533,-32.622
2023-04-19 16:25:00,-0.627,-2.16,-33.249
2023-04-20 00:45:00,-1.033,-3.193,-34.282
2023-04-20 08:50:00,0.075,-3.118,-34.207
2023-04-20 21:40:00,0.693,-2.425,-33.514
2023-04-21 13:30:00,-1.101,-3.526,-34.615
2023-04-21 17:15:00,2.283,-1.243,-32.332
2023-04-21 19:05:00,2.436,1.193,-29.896
2023-04-22 03:10:00,0.199,1.392,-29.697
2023-04-23 02:35:00,0.058,1.45,-29.639
2023-04-23 18:20:00,2.38,3.83,-27.259
2023-04-24 00:50:00,-1.055,2.775,-28.314
2023-04-24 11:55:00,-1.182,1.593,-29.496
2023-04-24 22:40:00,0.236,1.829,-29.26
2023-04-25 05:45:00,-1.218,0.611,-30.478
2023-04-25 12:15:00,-1.118,-0.507,-31.596
2023-04-25 20:00:00,-1.117,-1.624,-32.713
2023-04-26 04:05:00,0.897,-0.727,-31.816
2023-04-26 06:25:00,-1.386,-2.113,-33.202
2023-04-26 11:00:00,2.365,0.252,-30.837
2023-04-26 19:05:00,-0.066,0.186,-30.903
2023-04-26 19:25:00,2.308,2.494,-28.595
2023-04-26 19:45:00,2.449,4.943,-26.146
2023-04-27 03:50:00,-0.538,4.405,-26.684
2023-04-27 14:15:00,0.092,4.497,-26.592
2023-04-27 19:10:00,-1.147,3.35,-27.739
2023-04-28 02:15:00,-1.236,2.114,-28.975
2023-04-28 08:40:00,-1.261,0.853,-30.236
2023-04-28 19:00:00,-1.171,-0.318,-31.407
2023-04-29 09:40:00,-0.068,-0.386,-31.475
2023-04-29 16:45:00,2.129,1.743,-29.346
2023-04-29 17:30:00,-1.084,0.659,-30.43
2023-04-29 22:35:00,-1.217,-0.558,-31.647
2023-04-30 04:50:00,-1.216,-1.774,-32.863
2023-04-30 10:45:00,-1.25,-3.024,-34.113
2023-04-30 15:00:00,-1.167,-4.191,-35.28
2023-04-30 19:05:00,-1.129,-5.32,-36.409
2023-05-01 01:35:00,2.368,-2.952,-34.041
2023-05-01 09:40:00,-0.278,-3.23,-34.319
2023-05-01 19:15:00,2.316,-0.914,-32.003
2023-05-01 21:30:00,-1.071,-1.985,-33.074
2023-05-02 09:50:00,0.285,-1.7,-32.789
2023-05-02 14:25:00,-1.141,-2.841,-33.93
2023-05-03 08:15:00,0.465,-2.376,-33.465
2023-05-03 18:00:00,-1.213,-3.589,-34.678
2023-05-04 05:40:00,0.18,-3.409,-34.498
2023-05-04 11:50:00,-1.213,-4.622,-35.711
2023-05-04 13:55:00,2.283,-2.339,-33.428
2023-05-04 18:00:00,-1.095,-3.434,-34.523
2023-05-05 02:20:00,-0.573,-4.007,-35.096
2023-05-05 22:10:00,2.381,-1.626,-32.715
2023-05-06 02:00:00,-1.058,-2.684,-33.773
2023-05-06 10:10:00,1.048,-1.636,-32.725
2023-05-06 14:05:00,2.284,0.648,-30.441
2023-05-06 22:10:00,-0.519,0.129,-30.96
2023-05-07 04:15:00,-1.226,-1.097,-32.186
2023-05-07 10:45:00,-1.329,-2.426,-33.515
2023-05-07 14:05:00,-1.352,-3.778,-34.867
2023-05-08 01:45:00,2.43,-1.348,-32.437
2023-05-08 09:50:00,-0.169,-1.517,-32.606
2023-05-08 17:35:00,2.343,0.826,-30.263
2023-05-09 01:40:00,-0.006,0.82,-30.269
2023-05-09 05:10:00,-1.113,-0.293,-31.382
2023-05-09 07:55:00,-1.141,-1.434,-32.523
2023-05-10 07:15:00,-1.381,-2.815,-33.904
2023-05-10 12:30:00,-1.19,-4.005,-35.094
2023-05-10 17:15:00,-1.074,-5.079,-36.168
2023-05-11 01:20:00,-0.437,-5.516,-36.605
2023-05-11 04:35:00,-1.237,-6.753,-37.842
2023-05-11 08:25:00,2.266,-4.487,-35.576
2023-05-11 16:30:00,0.289,-4.198,-35.287
2023-05-11 22:00:00,-1.052,-5.25,-36.339
2023-05-12 02:55:00,-1.074,-6.324,-37.413
2023-05-12 04:55:00,-1.101,-7.425,-38.514
2023-05-12 10:05:00,-1.066,-8.491,-39.58
2023-05-12 18:10:00,-0.19,-8.681,-39.77
2023-05-12 20:05:00,-1.115,-9.796,-40.885
2023-05-13 05:05:00,0.449,-9.347,-40.436
2023-05-13 10:25:00,-1.42,-10.767,-41.856
2023-05-13 18:45:00,-1.126,-11.893,-42.982
2023-05-14 03:35:00,-1.232,-13.125,-44.214
2023-05-14 11:40:00,-0.25,-13.375,-44.464
2023-05-14 18:05:00,-1.193,-14.568,-45.657
2023-05-15 01:35:00,-1.198,-15.766,-46.855
2023-05-15 09:40:00,0.381,-15.385,-46.474
2023-05-15 19:25:00,-1.134,-16.519,-47.608
2023-05-15 21:55:00,-1.314,-17.833,-48.922
2023-05-15 22:35:00,-1.35,-19.183,-50.272
2023-05-16 00:50:00,2.119,-17.064,-48.153
2023-05-16 01:25:00,2.287,-14.777,-45.866
2023-05-16 07:45:00,-1.064,-15.841,-46.93
2023-05-16 10:55:00,-1.257,-17.098,-48.187
2023-05-16 12:30:00,-1.331,-18.429,-49.518
2023-05-16 16:50:00,-1.172,-19.601,-50.69
2023-05-17 01:25:00,2.29,-17.311,-48.4
2023-05-17 07:45:00,-1.106,-18.417,-49.506
2023-05-17 17:10:00,1.276,-17.141,-48.23
2023-05-18 01:20:00,0.172,-16.969,-48.058
2023-05-18 13:00:00,-1.216,-18.185,-49.274
2023-05-18 22:10:00,-1.08,-19.265,-50.354
2023-05-19 06:15:00,-0.517,-19.782,-50.871
2023-05-19 15:15:00,-1.193,-20.975,-52.064
2023-05-19 15:30:00,-1.141,-22.116,-53.205
2023-05-20 03:30:00,-0.262,-22.378,-53.467
2023-05-20 15:30:00,-1.341,-23.719,-54.808
2023-05-20 19:00:00,-1.371,-25.09,-56.179
2023-05-21 08:00:00,-1.221,-26.311,-57.4
2023-05-21 15:40:00,2.244,-24.067,-55.156
2023-05-21 23:45:00,-0.158,-24.225,-55.314
2023-05-22 08:35:00,-0.559,-24.784,-55.873
2023-05-22 09:55:00,2.134,-22.65,-53.739
2023-05-22 18:00:00,0.074,-22.576,-53.665
2023-05-23 02:25:00,0.402,-22.174,-53.263
2023-05-23 03:20:00,2.049,-20.125,-51.214
2023-05-23 06:35:00,-1.144,-21.269,-52.358
2023-05-23 21:30:00,-0.001,-21.27,-52.359
2023-05-24 03:30:00,2.211,-19.059,-50.148
2023-05-24 11:35:00,0.713,-18.346,-49.435
2023-05-24 13:50:00,2.306,-16.04,-47.129
2023-05-24 21:55:00,-0.657,-16.697,-47.786
2023-05-25 08:45:00,-0.29,-16.987,-48.076
2023-05-25 19:05:00,-1.163,-18.15,-49.239
2023-05-26 01:15:00,-1.21,-19.36,-50.449
2023-05-26 10:15:00,-0.518,-19.878,-50.967
2023-05-26 16:30:00,-1.244,-21.122,-52.211
2023-05-27 00:35:00,-0.46,-21.582,-52.671
2023-05-27 09:05:00,0.409,-21.173,-52.262
2023-05-27 18:30:00,-1.158,-22.331,-53.42
2023-05-27 22:25:00,2.203,-20.128,-51.217
2023-05-28 06:30:00,-0.137,-20.265,-51.354
2023-05-29 02:25:00,0.451,-19.814,-50.903
2023-05-29 14:35:00,-1.29,-21.104,-52.193
2023-05-30 04:10:00,-1.152,-22.256,-53.345
2023-05-30 10:35:00,-1.084,-23.34,-54.429
2023-05-30 13:50:00,-1.136,-24.476,-55.565
2023-05-30 21:55:00,0.369,-24.107,-55.196
2023-05-31 00:40:00,-1.258,-25.365,-56.454
2023-05-31 10:10:00,0.354,-25.011,-56.1
2023-05-31 14:15:00,2.234,-22.777,-53.866
2023-05-31 17:35:00,-1.109,-23.886,-54.975
2023-05-31 22:50:00,-1.32,-25.206,-56.295
2023-06-01 05:30:00,-1.097,-26.303,-57.392
2023-06-01 13:35:00,-1.308,-27.611,-58.7
2023-06-01 16:55:00,-1.265,-28.876,-59.965
2023-06-01 19:30:00,-1.145,-30.021,-61.11
2023-06-02 00:35:00,2.138,-27.883,-58.972
2023-06-02 01:00:00,-1.197,-29.08,-60.169
2023-06-02 10:20:00,0.516,-28.564,-59.653
2023-06-03 00:00:00,0.502,-28.062,-59.151
2023-06-03 12:15:00,1.305,-26.757,-57.846
2023-06-03 17:35:00,-1.371,-28.128,-59.217
2023-06-04 07:10:00,0.657,-27.471,-58.56
2023-06-04 11:25:00,-1.6,-29.071,-60.16
2023-06-04 23:25:00,-1.225,-30.296,-61.385
2023-06-05 07:30:00,1.093,-29.203,-60.292
2023-06-05 15:00:00,2.154,-27.049,-58.138
2023-06-05 15:50:00,2.333,-24.716,-55.805
2023-06-05 16:00:00,2.445,-22.271,-53.36
2023-06-06 00:05:00,-0.354,-22.625,-53.714
2023-06-06 13:50:00,-1.086,-23.711,-54.8
2023-06-06 18:15:00,2.406,-21.305,-52.394
2023-06-07 02:20:00,-0.666,-21.971,-53.06
2023-06-07 09:30:00,1.863,-20.108,-51.197
2023-06-07 09:55:00,2.27,-17.838,-48.927
2023-06-07 18:00:00,0.291,-17.547,-48.636
2023-06-08 00:50:00,-1.155,-18.702,-49.791
2023-06-08 04:55:00,-1.106,-19.808,-50.897
2023-06-08 10:40:00,-1.241,-21.049,-52.138
2023-06-08 16:15:00,-1.162,-22.211,-53.3
2023-06-09 00:50:00,-0.468,-22.679,-53.768
2023-06-09 01:30:00,-1.225,-23.904,-54.993
2023-06-09 10:25:00,-0.815,-24.719,-55.808
2023-06-09 13:00:00,2.386,-22.333,-53.422
2023-06-09 21:05:00,-0.722,-23.055,-54.144
2023-06-10 00:15:00,2.357,-20.698,-51.787
2023-06-10 01:50:00,-1.059,-21.757,-52.846
2023-06-10 04:20:00,2.457,-19.3,-50.389
2023-06-10 12:25:00,0.037,-19.263,-50.352
2023-06-10 14:00:00,-1.057,-20.32,-51.409
2023-06-11 04:35:00,-1.15,-21.47,-52.559
2023-06-11 17:35:00,-1.123,-22.593,-53.682
2023-06-12 02:20:00,2.351,-20.242,-51.331
2023-06-12 09:05:00,-1.054,-21.296,-52.385
2023-06-12 16:40:00,-1.158,-22.454,-53.543
2023-06-12 17:40:00,-1.134,-23.588,-54.677
2023-06-13 01:25:00,-1.137,-24.725,-55.814
2023-06-13 10:40:00,-0.685,-25.41,-56.499
2023-06-13 11:05:00,-1.458,-26.868,-57.957
2023-06-13 20:45:00,-0.033,-26.901,-57.99
2023-06-14 08:05:00,-0.391,-27.292,-58.381
2023-06-14 13:30:00,-1.187,-28.479,-59.568
2023-06-14 18:05:00,2.295,-26.184,-57.273
2023-06-14 20:05:00,2.399,-23.785,-54.874
2023-06-15 04:10:00,0.019,-23.766,-54.855
2023-06-15 07:30:00,-1.15,-24.916,-56.005
2023-06-15 16:00:00,-1.101,-26.017,-57.106
2023-06-15 18:10:00,-1.277,-27.294,-58.383
2023-06-16 02:50:00,0.68,-26.614,-57.703
2023-06-16 10:10:00,-1.331,-27.945,-59.034
2023-06-16 23:00:00,0.347,-27.598,-58.687
2023-06-17 13:45:00,-0.543,-28.141,-59.23
2023-06-18 08:25:00,-0.875,-29.016,-60.105
2023-06-18 16:35:00,0.44,-28.576,-59.665
2023-06-18 20:10:00,2.142,-26.434,-57.523
2023-06-19 04:15:00,0.078,-26.356,-57.445
2023-06-19 12:20:00,-1.189,-27.545,-58.634
2023-06-19 14:05:00,-1.203,-28.748,-59.837
2023-06-19 18:00:00,-1.138,-29.886,-60.975
2023-06-20 02:05:00,-1.216,-31.102,-62.191
2023-06-20 13:50:00,1.553,-29.549,-60.638
2023-06-20 17:45:00,-1.176,-30.725,-61.814
2023-06-21 01:00:00,2.401,-28.324,-59.413
2023-06-21 09:05:00,0.299,-28.025,-59.114
2023-06-21 16:10:00,2.376,-25.649,-56.738
2023-06-22 00:15:00,0.143,-25.506,-56.595
2023-06-22 01:30:00,2.391,-23.115,-54.204
2023-06-22 09:35:00,-0.096,-23.211,-54.3
2023-06-22 21:15:00,-1.123,-24.334,-55.423
2023-06-23 03:20:00,-1.14,-25.474,-56.563
2023-06-23 07:15:00,-1.323,-26.797,-57.886
2023-06-23 15:05:00,-1.124,-27.921,-59.01
2023-06-23 17:25:00,2.423,-25.498,-56.587
2023-06-24 00:40:00,-1.035,-26.533,-57.622
2023-06-24 07:40:00,-1.251,-27.784,-58.873
2023-06-24 23:20:00,-0.042,-27.826,-58.915
2023-06-25 02:05:00,-1.137,-28.963,-60.052
2023-06-25 11:05:00,0.676,-28.287,-59.376
2023-06-25 23:00:00,-0.251,-28.538,-59.627
2023-06-26 01:10:00,2.335,-26.203,-57.292
2023-06-26 09:15:00,-0.487,-26.69,-57.779
2023-06-26 14:40:00,-1.145,-27.835,-58.924
2023-06-26 22:45:00,1.04,-26.795,-57.884
2023-06-27 07:10:00,-1.159,-27.954,-59.043
2023-06-27 14:00:00,-1.154,-29.108,-60.197
2023-06-27 23:15:00,-0.551,-29.659,-60.748
2023-06-27 23:45:00,-1.566,-31.225,-62.314
2023-06-28 00:20:00,2.235,-28.99,-60.079
2023-06-28 06:15:00,-1.081,-30.071,-61.16
2023-06-28 15:35:00,-0.32,-30.391,-61.48
2023-06-28 19:30:00,2.421,-27.97,-59.059
2023-06-29 03:35:00,-0.437,-28.407,-59.496
2023-06-29 22:00:00,0.146,-28.261,-59.35
2023-06-30 04:45:00,2.416,-25.845,-56.934
2023-06-30 05:50:00,-1.068,-26.913,-58.002
2023-06-30 13:35:00,-1.076,-27.989,-59.078
2023-06-30 21:40:00,-0.622,-28.611,-59.7
2023-07-01 01:10:00,2.408,-26.203,-57.292
2023-07-01 09:15:00,-0.61,-26.813,-57.902
2023-07-02 00:10:00,-0.335,-27.148,-58.237
2023-07-02 13:25:00,-1.177,-28.325,-59.414
2023-07-02 15:20:00,-1.165,-29.49,-60.579
2023-07-02 17:35:00,-1.066,-30.556,-61.645
2023-07-03 01:40:00,0.143,-30.413,-61.502
2023-07-03 06:30:00,-1.111,-31.524,-62.613
2023-07-03 16:05:00,-1.163,-32.687,-63.776
2023-07-04 01:20:00,-0.256,-32.943,-64.032
2023-07-04 09:05:00,-1.053,-33.996,-65.085
2023-07-04 12:55:00,2.172,-31.824,-62.913
2023-07-04 13:40:00,2.388,-29.436,-60.525
2023-07-04 19:05:00,-1.046,-30.482,-61.571
2023-07-05 09:50:00,2.284,-28.198,-59.287
2023-07-05 10:35:00,2.393,-25.805,-56.894
2023-07-05 18:40:00,-0.102,-25.907,-56.996
2023-07-06 02:05:00,-1.148,-27.055,-58.144
2023-07-06 05:35:00,-1.2,-28.255,-59.344
2023-07-06 11:50:00,-1.096,-29.351,-60.44
2023-07-06 19:55:00,0.837,-28.514,-59.603
2023-07-07 05:45:00,-0.098,-28.612,-59.701
2023-07-07 12:30:00,-1.138,-29.75,-60.839
2023-07-08 02:10:00,-1.237,-30.987,-62.076
2023-07-08 08:15:00,-1.206,-32.193,-63.282
2023-07-08 16:45:00,-1.163,-33.356,-64.445
2023-07-08 22:45:00,-1.165,-34.521,-65.61
2023-07-09 06:30:00,-1.139,-35.66,-66.749
2023-07-09 14:35:00,-0.472,-36.132,-67.221
2023-07-09 20:30:00,1.757,-34.375,-65.464
2023-07-09 21:00:00,-1.218,-35.593,-66.682
2023-07-10 00:10:00,2.288,-33.305,-64.394
2023-07-10 08:15:00,0.014,-33.291,-64.38
2023-07-10 09:20:00,-1.123,-34.414,-65.503
2023-07-11 02:35:00,0.259,-34.155,-65.244
2023-07-11 17:25:00,-0.078,-34.233,-65.322
2023-07-12 06:05:00,1.053,-33.18,-64.269
2023-07-12 08:05:00,-1.333,-34.513,-65.602
2023-07-12 12:15:00,-1.413,-35.926,-67.015
2023-07-12 13:35:00,-1.328,-37.254,-68.343
2023-07-12 19:30:00,2.326,-34.928,-66.017
2023-07-12 23:40:00,-1.068,-35.996,-67.085
2023-07-13 07:45:00,-0.309,-36.305,-67.394
2023-07-13 15:30:00,2.288,-34.017,-65.106
2023-07-13 16:15:00,2.407,-31.61,-62.699
2023-07-14 00:20:00,0.354,-31.256,-62.345
2023-07-14 07:55:00,-1.084,-32.34,-63.429
2023-07-14 15:25:00,2.357,-29.983,-61.072
2023-07-14 16:30:00,-1.041,-31.024,-62.113
2023-07-15 02:05:00,1.046,-29.978,-61.067
2023-07-15 07:05:00,2.413,-27.565,-58.654
2023-07-15 15:10:00,0.195,-27.37,-58.459
2023-07-15 21:10:00,-1.069,-28.439,-59.528
2023-07-16 15:15:00,0.125,-28.314,-59.403
2023-07-17 02:40:00,-0.157,-28.471,-59.56
2023-07-17 17:50:00,0.678,-27.793,-58.882
2023-07-18 04:10:00,-1.229,-29.022,-60.111
2023-07-18 06:40:00,2.315,-26.707,-57.796
2023-07-18 14:45:00,0.234,-26.473,-57.562
2023-07-19 00:30:00,-1.066,-27.539,-58.628
2023-07-19 08:40:00,-0.141,-27.68,-58.769
2023-07-19 11:40:00,-1.149,-28.829,-59.918
2023-07-19 13:15:00,-1.217,-30.046,-61.135
2023-07-19 15:45:00,-1.081,-31.127,-62.216
2023-07-19 23:50:00,-0.216,-31.343,-62.432
2023-07-20 04:20:00,-1.11,-32.453,-63.542
2023-07-20 09:40:00,2.411,-30.042,-61.131
2023-07-20 14:35:00,-1.035,-31.077,-62.166
2023-07-20 21:40:00,-1.089,-32.166,-63.255
2023-07-21 05:45:00,1.389,-30.777,-61.866
2023-07-21 12:30:00,2.206,-28.571,-59.66
2023-07-21 13:05:00,2.422,-26.149,-57.238
2023-07-21 19:10:00,-1.024,-27.173,-58.262
2023-07-22 05:20:00,-1.135,-28.308,-59.397
2023-07-22 09:50:00,-1.156,-29.464,-60.553
2023-07-22 17:55:00,0.069,-29.395,-60.484
2023-07-22 23:15:00,2.344,-27.051,-58.14
2023-07-23 04:10:00,-1.07,-28.121,-59.21
2023-07-23 08:05:00,2.331,-25.79,-56.879
2023-07-23 16:10:00,0.028,-25.762,-56.851
2023-07-23 19:35:00,-1.132,-26.894,-57.983
2023-07-24 05:25:00,-0.1,-26.994,-58.083
2023-07-24 07:35:00,2.414,-24.58,-55.669
2023-07-24 15:40:00,0.096,-24.484,-55.573
2023-07-24 22:00:00,-1.084,-25.568,-56.657
2023-07-25 05:35:00,2.439,-23.129,-54.218
2023-07-25 08:30:00,-1.053,-24.182,-55.271
2023-07-26 01:55:00,-0.457,-24.639,-55.728
2023-07-26 13:30:00,-1.099,-25.738,-56.827
2023-07-26 19:05:00,-1.036,-26.774,-57.863
2023-07-27 04:55:00,-1.071,-27.845,-58.934
2023-07-27 06:30:00,-1.163,-29.008,-60.097
2023-07-27 16:15:00,-0.393,-29.401,-60.49
2023-07-28 01:20:00,0.644,-28.757,-59.846
2023-07-28 05:40:00,2.355,-26.402,-57.491
2023-07-28 13:45:00,-0.661,-27.063,-58.152
2023-07-28 19:00:00,-1.128,-28.191,-59.28
2023-07-28 23:50:00,-1.193,-29.384,-60.473
2023-07-29 01:35:00,-1.149,-30.533,-61.622
2023-07-29 09:45:00,-0.985,-31.518,-62.607
2023-07-29 13:40:00,-1.243,-32.761,-63.85
2023-07-29 18:55:00,2.409,-30.352,-61.441
2023-07-30 03:00:00,-0.393,-30.745,-61.834
2023-07-31 03:50:00,-0.462,-31.207,-62.296
2023-07-31 07:30:00,-1.153,-32.36,-63.449
2023-07-31 13:50:00,-1.23,-33.59,-64.679
2023-07-31 21:55:00,1.034,-32.556,-63.645
2023-08-01 09:55:00,0.202,-32.354,-63.443
2023-08-01 16:10:00,-1.121,-33.475,-64.564
2023-08-02 06:25:00,-1.09,-34.565,-65.654
2023-08-02 08:00:00,2.226,-32.339,-63.428
2023-08-02 14:25:00,2.349,-29.99,-61.079
2023-08-02 22:30:00,0.48,-29.51,-60.599
2023-08-03 07:15:00,-0.28,-29.79,-60.879
2023-08-03 08:20:00,2.374,-27.416,-58.505
2023-08-03 14:45:00,-1.062,-28.478,-59.567
2023-08-04 02:15:00,-0.331,-28.809,-59.898
2023-08-04 08:05:00,-1.147,-29.956,-61.045
2023-08-04 12:30:00,-1.338,-31.294,-62.383
2023-08-04 18:00:00,-1.194,-32.488,-63.577
2023-08-04 18:45:00,2.367,-30.121,-61.21
2023-08-05 02:50:00,-0.249,-30.37,-61.459
2023-08-05 04:35:00,2.248,-28.122,-59.211
2023-08-05 12:40:00,0.881,-27.241,-58.33
2023-08-05 15:15:00,-1.117,-28.358,-59.447
2023-08-05 20:50:00,-1.126,-29.484,-60.573
2023-08-06 05:35:00,-1.082,-30.566,-61.655
2023-08-06 10:30:00,-1.141,-31.707,-62.796
2023-08-06 18:40:00,-0.68,-32.387,-63.476
2023-08-06 23:05:00,-1.107,-33.494,-64.583
2023-08-07 01:25:00,-1.114,-34.608,-65.697
2023-08-07 09:30:00,-0.466,-35.074,-66.163
2023-08-07 16:10:00,2.326,-32.748,-63.837
2023-08-08 00:15:00,-0.542,-33.29,-64.379
2023-08-08 02:40:00,-1.212,-34.502,-65.591
2023-08-08 10:45:00,-1.353,-35.855,-66.944
2023-08-08 13:15:00,2.24,-33.615,-64.704
2023-08-09 00:35:00,0.508,-33.107,-64.196
2023-08-09 13:20:00,2.299,-30.808,-61.897
2023-08-09 14:50:00,-1.125,-31.933,-63.022
2023-08-09 23:30:00,-1.169,-33.102,-64.191
2023-08-10 07:35:00,0.172,-32.93,-64.019
2023-08-10 20:35:00,0.264,-32.666,-63.755
2023-08-11 01:40:00,-1.444,-34.11,-65.199
2023-08-11 10:40:00,0.219,-33.891,-64.98
2023-08-11 15:15:00,-1.411,-35.302,-66.391
2023-08-11 23:20:00,-0.601,-35.903,-66.992
2023-08-12 07:45:00,1.134,-34.769,-65.858
2023-08-12 09:55:00,2.294,-32.475,-63.564
2023-08-12 18:00:00,-0.609,-33.084,-64.173
2023-08-12 20:35:00,-1.143,-34.227,-65.316
2023-08-12 23:45:00,-1.142,-35.369,-66.458
2023-08-13 13:20:00,0.268,-35.101,-66.19
2023-08-13 22:35:00,2.319,-32.782,-63.871
2023-08-14 06:40:00,-0.859,-33.641,-64.73
2023-08-14 15:25:00,-1.319,-34.96,-66.049
2023-08-14 20:00:00,-1.174,-36.134,-67.223
2023-08-15 11:50:00,0.824,-35.31,-66.399
2023-08-15 18:05:00,2.274,-33.036,-64.125
2023-08-15 19:05:00,2.387,-30.649,-61.738
2023-08-16 03:10:00,-0.38,-31.029,-62.118
2023-08-16 09:05:00,2.284,-28.745,-59.834
2023-08-16 17:10:00,0.995,-27.75,-58.839
2023-08-16 20:25:00,2.277,-25.473,-56.562
2023-08-17 04:30:00,-0.477,-25.95,-57.039
2023-08-17 10:05:00,2.21,-23.74,-54.829
2023-08-17 15:35:00,2.372,-21.368,-52.457
2023-08-17 21:40:00,2.456,-18.912,-50.001
2023-08-18 05:45:00,-0.627,-19.539,-50.628
2023-08-19 08:15:00,-1.239,-20.778,-51.867
2023-08-19 15:45:00,-1.212,-21.99,-53.079
2023-08-19 20:15:00,-1.086,-23.076,-54.165
2023-08-19 23:25:00,-1.154,-24.23,-55.319
2023-08-20 08:05:00,0.973,-23.257,-54.346
2023-08-20 11:40:00,-1.198,-24.455,-55.544
2023-08-20 20:35:00,-1.165,-25.62,-56.709
2023-08-20 21:35:00,-1.147,-26.767,-57.856
2023-08-21 05:40:00,-0.274,-27.041,-58.13
2023-08-21 10:50:00,2.361,-24.68,-55.769
2023-08-21 18:55:00,-0.044,-24.724,-55.813
2023-08-22 16:20:00,2.314,-22.41,-53.499
2023-08-22 22:35:00,-1.067,-23.477,-54.566
2023-08-23 03:40:00,-1.182,-24.659,-55.748
2023-08-23 06:45:00,-1.15,-25.809,-56.898
2023-08-23 07:45:00,2.369,-23.44,-54.529
2023-08-23 15:50:00,-0.368,-23.808,-54.897
2023-08-23 16:20:00,2.223,-21.585,-52.674
2023-08-23 21:45:00,-1.072,-22.657,-53.746
2023-08-24 06:00:00,-1.299,-23.956,-55.045
2023-08-24 20:50:00,2.303,-21.653,-52.742
2023-08-24 22:30:00,-1.107,-22.76,-53.849
2023-08-25 11:30:00,-0.381,-23.141,-54.23
2023-08-25 14:15:00,-1.144,-24.285,-55.374
2023-08-25 18:45:00,-1.07,-25.355,-56.444
2023-08-26 02:50:00,0.083,-25.272,-56.361
2023-08-26 08:30:00,-1.207,-26.479,-57.568
2023-08-26 14:55:00,-1.281,-27.76,-58.849
2023-08-26 16:30:00,-1.283,-29.043,-60.132
2023-08-26 22:05:00,-1.294,-30.337,-61.426
2023-08-26 23:15:00,-1.423,-31.76,-62.849
2023-08-27 04:55:00,-1.374,-33.134,-64.223
2023-08-27 07:10:00,2.048,-31.086,-62.175
2023-08-27 15:15:00,-0.331,-31.417,-62.506
2023-08-28 01:40:00,1.046,-30.371,-61.46
2023-08-28 12:10:00,-1.17,-31.541,-62.63
2023-08-28 20:30:00,0.573,-30.968,-62.057
2023-08-29 02:35:00,-1.324,-32.292,-63.381
2023-08-29 10:35:00,2.229,-30.063,-61.152
2023-08-29 14:00:00,-1.134,-31.197,-62.286
2023-08-29 14:20:00,2.331,-28.866,-59.955
2023-08-29 15:10:00,2.439,-26.427,-57.516
2023-08-29 23:15:00,0.02,-26.407,-57.496
2023-08-30 14:40:00,-1.141,-27.548,-58.637
2023-08-30 17:30:00,-1.091,-28.639,-59.728
2023-08-31 01:35:00,-0.293,-28.932,-60.021
2023-08-31 05:55:00,2.035,-26.897,-57.986
2023-08-31 11:40:00,2.297,-24.6,-55.689
2023-08-31 12:00:00,-1.114,-25.714,-56.803
2023-08-31 16:50:00,2.363,-23.351,-54.44
2023-09-01 00:55:00,0.317,-23.034,-54.123
2023-09-01 06:35:00,1.816,-21.218,-52.307
2023-09-01 09:30:00,-1.2,-22.418,-53.507
2023-09-01 17:10:00,2.342,-20.076,-51.165
2023-09-01 20:20:00,-1.049,-21.125,-52.214
2023-09-02 14:40:00,-1.238,-22.363,-53.452
2023-09-02 17:50:00,-1.067,-23.43,-54.519
2023-09-03 01:55:00,-0.52,-23.95,-55.039
2023-09-03 07:30:00,-1.451,-25.401,-56.49
2023-09-03 16:25:00,0.506,-24.895,-55.984
2023-09-03 18:20:00,-1.137,-26.032,-57.121
2023-09-04 02:40:00,-1.162,-27.194,-58.283
2023-09-04 13:45:00,-0.603,-27.797,-58.886
2023-09-04 23:15:00,-0.401,-28.198,-59.287
2023-09-05 07:10:00,2.334,-25.864,-56.953
2023-09-05 08:45:00,-1.115,-26.979,-58.068
2023-09-05 14:00:00,-1.156,-28.135,-59.224
2023-09-05 23:20:00,-0.417,-28.552,-59.641
2023-09-06 04:55:00,-1.149,-29.701,-60.79
2023-09-06 10:50:00,-1.328,-31.029,-62.118
2023-09-06 17:55:00,-1.097,-32.126,-63.215
2023-09-07 02:00:00,-0.061,-32.187,-63.276
2023-09-07 12:00:00,2.236,-29.951,-61.04
2023-09-07 13:40:00,-1.318,-31.269,-62.358
2023-09-07 21:00:00,-1.188,-32.457,-63.546
2023-09-08 08:45:00,-0.78,-33.237,-64.326
2023-09-08 10:00:00,2.126,-31.111,-62.2
2023-09-08 18:05:00,-0.184,-31.295,-62.384
2023-09-08 23:20:00,2.081,-29.214,-60.303
2023-09-09 05:45:00,-1.197,-30.411,-61.5
2023-09-09 11:30:00,-1.199,-31.61,-62.699
2023-09-09 13:10:00,-1.378,-32.988,-64.077
2023-09-09 21:15:00,-0.746,-33.734,-64.823
2023-09-10 00:20:00,2.14,-31.594,-62.683
2023-09-10 04:20:00,2.33,-29.264,-60.353
2023-09-10 12:25:00,-0.36,-29.624,-60.713
2023-09-10 22:35:00,-0.099,-29.723,-60.812
2023-09-11 10:20:00,2.344,-27.379,-58.468
2023-09-11 18:25:00,-0.086,-27.465,-58.554
2023-09-11 21:00:00,-1.107,-28.572,-59.661
2023-09-12 03:20:00,2.329,-26.243,-57.332
2023-09-12 11:25:00,-0.229,-26.472,-57.561
2023-09-13 01:05:00,0.222,-26.25,-57.339
2023-09-13 07:35:00,-1.192,-27.442,-58.531
2023-09-13 17:55:00,-1.149,-28.591,-59.68
2023-09-14 00:10:00,-1.125,-29.716,-60.805
2023-09-14 02:25:00,-1.227,-30.943,-62.032
2023-09-14 13:15:00,2.137,-28.806,-59.895
2023-09-14 21:20:00,0.784,-28.022,-59.111
2023-09-14 23:40:00,-1.168,-29.19,-60.279
2023-09-15 16:50:00,-1.298,-30.488,-61.577
2023-09-15 23:05:00,2.3,-28.188,-59.277
2023-09-16 03:50:00,-1.129,-29.317,-60.406
2023-09-16 10:00:00,-1.239,-30.556,-61.645
2023-09-16 22:55:00,-0.274,-30.83,-61.919
2023-09-17 04:50:00,-1.114,-31.944,-63.033
2023-09-17 13:10:00,-0.349,-32.293,-63.382
2023-09-17 16:35:00,2.086,-30.207,-61.296
2023-09-18 00:40:00,1.063,-29.144,-60.233
2023-09-18 10:50:00,2.233,-26.911,-58.0
2023-09-18 17:25:00,-1.126,-28.037,-59.126
2023-09-19 01:30:00,-0.371,-28.408,-59.497
2023-09-19 09:40:00,2.233,-26.175,-57.264
2023-09-19 17:45:00,-0.092,-26.267,-57.356
2023-09-20 03:50:00,-1.292,-27.559,-58.648
2023-09-20 09:45:00,1.965,-25.594,-56.683
2023-09-20 17:50:00,-0.903,-26.497,-57.586
2023-09-21 05:20:00,-0.083,-26.58,-57.669
2023-09-21 10:50:00,2.337,-24.243,-55.332
2023-09-21 18:55:00,-0.14,-24.383,-55.472
2023-09-22 00:25:00,2.156,-22.227,-53.316
2023-09-22 00:50:00,-1.143,-23.37,-54.459
2023-09-22 14:05:00,-1.3,-24.67,-55.759
2023-09-22 19:00:00,-1.212,-25.882,-56.971
2023-09-23 11:05:00,-0.655,-26.537,-57.626
2023-09-23 11:55:00,-1.654,-28.191,-59.28
2023-09-23 14:25:00,-1.302,-29.493,-60.582
2023-09-23 23:25:00,-0.256,-29.749,-60.838
2023-09-24 08:25:00,-1.939,-31.688,-62.777
2023-09-24 10:50:00,-1.417,-33.105,-64.194
2023-09-24 13:00:00,-1.416,-34.521,-65.61
2023-09-24 18:20:00,-1.442,-35.963,-67.052
2023-09-25 02:25:00,0.481,-35.482,-66.571
2023-09-25 13:25:00,-0.315,-35.797,-66.886
2023-09-25 20:15:00,-1.361,-37.158,-68.247
2023-09-26 13:30:00,2.092,-35.066,-66.155
2023-09-26 15:30:00,1.93,-33.136,-64.225
2023-09-26 16:35:00,-1.422,-34.558,-65.647
2023-09-26 21:20:00,2.337,-32.221,-63.31
2023-09-26 21:45:00,-1.112,-33.333,-64.422
2023-09-27 05:15:00,-1.312,-34.645,-65.734
2023-09-27 08:50:00,-1.495,-36.14,-67.229
2023-09-27 11:15:00,2.097,-34.043,-65.132
2023-09-27 14:15:00,-1.297,-35.34,-66.429
2023-09-27 22:20:00,0.61,-34.73,-65.819
2023-09-28 08:20:00,0.199,-34.531,-65.62
2023-09-28 18:35:00,0.437,-34.094,-65.183
2023-09-29 07:35:00,2.185,-31.909,-62.998
2023-09-29 09:00:00,-1.167,-33.076,-64.165
2023-09-29 12:25:00,2.248,-30.828,-61.917
2023-09-29 14:05:00,-1.098,-31.926,-63.015
2023-09-30 03:00:00,-0.164,-32.09,-63.179
2023-09-30 16:25:00,2.085,-30.005,-61.094
2023-10-01 00:30:00,-0.947,-30.952,-62.041
2023-10-01 10:05:00,2.164,-28.788,-59.877
2023-10-01 17:30:00,-1.146,-29.934,-61.023
2023-10-01 22:15:00,-1.289,-31.223,-62.312
2023-10-02 06:20:00,0.325,-30.898,-61.987
2023-10-02 13:50:00,-1.189,-32.087,-63.176
2023-10-02 18:35:00,2.402,-29.685,-60.774
2023-10-03 02:40:00,-0.651,-30.336,-61.425
2023-10-03 15:55:00,1.274,-29.062,-60.151
2023-10-03 23:00:00,-1.311,-30.373,-61.462
2023-10-04 00:40:00,2.324,-28.049,-59.138
2023-10-04 08:45:00,-0.834,-28.883,-59.972
2023-10-04 19:05:00,-1.193,-30.076,-61.165
2023-10-05 00:45:00,1.848,-28.228,-59.317
2023-10-05 01:35:00,-1.244,-29.472,-60.561
2023-10-05 09:40:00,0.245,-29.227,-60.316
2023-10-05 13:10:00,-1.363,-30.59,-61.679
2023-10-05 23:35:00,-0.361,-30.951,-62.04
2023-10-06 01:35:00,-1.384,-32.335,-63.424
2023-10-06 07:40:00,-1.347,-33.682,-64.771
2023-10-06 15:30:00,-1.286,-34.968,-66.057
2023-10-06 23:55:00,0.159,-34.809,-65.898
2023-10-07 08:15:00,-0.973,-35.782,-66.871
2023-10-07 21:30:00,-1.469,-37.251,-68.34
2023-10-08 05:30:00,-1.289,-38.54,-69.629
2023-10-08 13:35:00,-0.372,-38.912,-70.001
2023-10-09 02:20:00,-0.254,-39.166,-70.255
2023-10-09 07:20:00,2.09,-37.076,-68.165
2023-10-09 09:45:00,2.368,-34.708,-65.797
2023-10-09 17:50:00,0.122,-34.586,-65.675
2023-10-10 02:50:00,-1.299,-35.885,-66.974
2023-10-10 12:50:00,2.106,-33.779,-64.868
2023-10-10 14:00:00,-1.328,-35.107,-66.196
2023-10-10 22:30:00,-1.25,-36.357,-67.446
2023-10-11 02:30:00,-1.234,-37.591,-68.68
2023-10-11 10:35:00,-0.776,-38.367,-69.456
2023-10-11 15:15:00,2.187,-36.18,-67.269
2023-10-11 23:20:00,-0.563,-36.743,-67.832
2023-10-12 06:30:00,-1.166,-37.909,-68.998
2023-10-12 09:35:00,1.984,-35.925,-67.014
2023-10-12 17:40:00,0.635,-35.29,-66.379
2023-10-13 07:20:00,-1.389,-36.679,-67.768
2023-10-13 19:45:00,-0.77,-37.449,-68.538
2023-10-14 04:55:00,0.205,-37.244,-68.333
2023-10-14 11:50:00,1.927,-35.317,-66.406
2023-10-14 12:25:00,2.149,-33.168,-64.257
2023-10-14 20:30:00,-0.087,-33.255,-64.344
2023-10-14 23:00:00,2.015,-31.24,-62.329
2023-10-15 00:25:00,-1.174,-32.414,-63.503
2023-10-15 10:00:00,-1.581,-33.995,-65.084
2023-10-16 00:05:00,-0.353,-34.348,-65.437
2023-10-16 13:20:00,0.627,-33.721,-64.81
2023-10-16 13:40:00,-1.052,-34.773,-65.862
2023-10-16 21:05:00,-1.202,-35.975,-67.064
2023-10-17 00:25:00,-1.216,-37.191,-68.28
2023-10-17 12:35:00,-1.191,-38.382,-69.471
2023-10-17 13:45:00,2.312,-36.07,-67.159
2023-10-17 21:50:00,-0.314,-36.384,-67.473
2023-10-18 04:55:00,-1.298,-37.682,-68.771
2023-10-18 16:05:00,0.999,-36.683,-67.772
2023-10-19 01:40:00,2.276,-34.407,-65.496
2023-10-19 09:45:00,-0.308,-34.715,-65.804
2023-10-20 02:45:00,2.243,-32.472,-63.561
2023-10-20 10:40:00,2.373,-30.099,-61.188
2023-10-20 10:50:00,-1.304,-31.403,-62.492
2023-10-21 06:30:00,1.862,-29.541,-60.63
2023-10-21 13:30:00,2.27,-27.271,-58.36
2023-10-21 21:35:00,0.61,-26.661,-57.75
2023-10-21 22:35:00,-1.272,-27.933,-59.022
2023-10-22 07:30:00,-1.109,-29.042,-60.131
2023-10-23 00:35:00,1.343,-27.699,-58.788
2023-10-23 04:50:00,2.368,-25.331,-56.42
2023-10-23 07:00:00,-1.158,-26.489,-57.578
2023-10-23 16:45:00,0.405,-26.084,-57.173
2023-10-23 23:30:00,2.433,-23.651,-54.74
2023-10-24 07:35:00,-0.702,-24.353,-55.442
2023-10-24 12:40:00,2.394,-21.959,-53.048
2023-10-24 14:20:00,-1.03,-22.989,-54.078
2023-10-25 03:25:00,-0.503,-23.492,-54.581
2023-10-25 07:20:00,-1.107,-24.599,-55.688
2023-10-25 13:20:00,-1.065,-25.664,-56.753
2023-10-25 15:05:00,2.416,-23.248,-54.337
2023-10-25 17:00:00,-1.031,-24.279,-55.368
2023-10-26 02:10:00,2.437,-21.842,-52.931
2023-10-26 10:15:00,1.002,-20.84,-51.929
2023-10-26 14:20:00,-1.047,-21.887,-52.976
2023-10-27 01:05:00,-1.101,-22.988,-54.077
2023-10-27 14:30:00,-1.078,-24.066,-55.155
2023-10-27 22:35:00,1.476,-22.59,-53.679
2023-10-28 20:35:00,0.005,-22.585,-53.674
2023-10-29 00:55:00,-1.217,-23.802,-54.891
2023-10-29 01:20:00,2.349,-21.453,-52.542
2023-10-29 09:25:00,-0.937,-22.39,-53.479
2023-10-29 20:50:00,1.051,-21.339,-52.428
2023-10-29 23:45:00,-1.092,-22.431,-53.52
2023-10-30 08:10:00,0.899,-21.532,-52.621
2023-10-30 14:20:00,2.346,-19.186,-50.275
2023-10-30 16:15:00,-1.112,-20.298,-51.387
2023-10-30 21:40:00,-1.056,-21.354,-52.443
2023-10-31 02:45:00,-1.142,-22.496,-53.585
2023-10-31 11:15:00,-1.132,-23.628,-54.717
2023-10-31 13:40:00,-1.075,-24.703,-55.792
2023-10-31 15:15:00,2.443,-22.26,-53.349
2023-10-31 23:20:00,-0.452,-22.712,-53.801
2023-11-01 10:35:00,2.336,-20.376,-51.465
2023-11-01 12:50:00,-1.092,-21.468,-52.557
2023-11-01 18:10:00,-1.068,-22.536,-53.625
2023-11-02 03:05:00,0.946,-21.59,-52.679
2023-11-02 04:50:00,-1.093,-22.683,-53.772
2023-11-02 13:05:00,-1.094,-23.777,-54.866
2023-11-02 16:30:00,2.411,-21.366,-52.455
2023-11-02 17:55:00,-1.081,-22.447,-53.536
2023-11-02 23:45:00,-1.229,-23.676,-54.765
2023-11-03 08:30:00,-0.311,-23.987,-55.076
2023-11-03 13:55:00,-1.125,-25.112,-56.201
2023-11-04 05:30:00,0.21,-24.902,-55.991
2023-11-04 13:50:00,-1.151,-26.053,-57.142
2023-11-04 23:00:00,2.167,-23.886,-54.975
2023-11-05 07:05:00,0.155,-23.731,-54.82
2023-11-05 13:55:00,-1.091,-24.822,-55.911
2023-11-05 21:50:00,-1.097,-25.919,-57.008
2023-11-06 05:20:00,-1.079,-26.998,-58.087
2023-11-06 10:25:00,2.329,-24.669,-55.758
2023-11-06 15:15:00,2.407,-22.262,-53.351
2023-11-06 23:20:00,0.313,-21.949,-53.038
2023-11-07 00:30:00,-1.089,-23.038,-54.127
2023-11-07 09:25:00,-1.085,-24.123,-55.212
2023-11-07 18:10:00,-1.062,-25.185,-56.274
2023-11-08 02:15:00,0.063,-25.122,-56.211
2023-11-08 15:10:00,-1.073,-26.195,-57.284
2023-11-08 17:45:00,2.404,-23.791,-54.88
2023-11-09 01:50:00,-0.158,-23.949,-55.038
2023-11-09 10:15:00,-0.317,-24.266,-55.355
2023-11-09 16:05:00,-1.055,-25.321,-56.41
2023-11-09 16:10:00,2.472,-22.849,-53.938
2023-11-10 00:15:00,-0.493,-23.342,-54.431
2023-11-10 08:10:00,-1.1,-24.442,-55.531
2023-11-10 16:15:00,-0.327,-24.769,-55.858
2023-11-11 05:05:00,2.43,-22.339,-53.428
2023-11-11 13:10:00,0.708,-21.631,-52.72
2023-11-12 07:15:00,-1.041,-22.672,-53.761
2023-11-12 12:25:00,-1.104,-23.776,-54.865
2023-11-12 21:25:00,-1.101,-24.877,-55.966
2023-11-13 03:40:00,-1.051,-25.928,-57.017
2023-11-13 11:45:00,0.14,-25.788,-56.877
2023-11-13 19:50:00,0.189,-25.599,-56.688
2023-11-14 05:10:00,0.226,-25.373,-56.462
2023-11-14 18:05:00,1.151,-24.222,-55.311
2023-11-15 02:15:00,-0.264,-24.486,-55.575
2023-11-15 19:05:00,2.338,-22.148,-53.237
2023-11-16 03:10:00,0.905,-21.243,-52.332
2023-11-16 07:45:00,2.395,-18.848,-49.937
2023-11-16 15:45:00,-1.028,-19.876,-50.965
2023-11-16 19:20:00,-1.062,-20.938,-52.027
2023-11-17 04:05:00,-0.129,-21.067,-52.156
2023-11-17 09:05:00,2.444,-18.623,-49.712
2023-11-17 12:45:00,-1.02,-19.643,-50.732
2023-11-18 01:35:00,0.907,-18.736,-49.825
2023-11-18 12:55:00,-1.049,-19.785,-50.874
2023-11-18 21:10:00,0.584,-19.201,-50.29
2023-11-19 00:40:00,2.385,-16.816,-47.905
2023-11-19 08:45:00,-0.181,-16.997,-48.086
2023-11-19 18:20:00,-0.785,-17.782,-48.871
2023-11-20 03:10:00,-0.012,-17.794,-48.883
2023-11-20 12:40:00,0.806,-16.988,-48.077
2023-11-20 21:15:00,2.431,-14.557,-45.646
2023-11-21 05:20:00,0.12,-14.437,-45.526
2023-11-21 10:20:00,-1.09,-15.527,-46.616
2023-11-21 15:10:00,2.366,-13.161,-44.25
2023-11-21 16:10:00,-1.044,-14.205,-45.294
2023-11-22 01:50:00,0.451,-13.754,-44.843
2023-11-22 17:15:00,-1.08,-14.834,-45.923
2023-11-23 03:10:00,-0.276,-15.11,-46.199
2023-11-23 11:15:00,-1.167,-16.277,-47.366
2023-11-23 19:20:00,-0.122,-16.399,-47.488
2023-11-24 05:25:00,1.16,-15.239,-46.328
2023-11-24 14:25:00,-1.14,-16.379,-47.468
2023-11-24 23:30:00,0.02,-16.359,-47.448
2023-11-25 08:35:00,0.299,-16.06,-47.149
2023-11-25 23:55:00,0.538,-15.522,-46.611
2023-11-26 06:35:00,-1.202,-16.724,-47.813
2023-11-26 14:30:00,2.214,-14.51,-45.599
2023-11-26 22:35:00,-0.654,-15.164,-46.253
2023-11-27 00:40:00,2.378,-12.786,-43.875
2023-11-27 02:25:00,-1.054,-13.84,-44.929
2023-11-27 06:20:00,2.404,-11.436,-42.525
2023-11-27 10:30:00,-1.04,-12.476,-43.565
2023-11-27 22:25:00,0.234,-12.242,-43.331
2023-11-28 05:00:00,-1.115,-13.357,-44.446
2023-11-28 13:05:00,-0.179,-13.536,-44.625
2023-11-28 14:50:00,2.388,-11.148,-42.237
2023-11-28 22:55:00,-0.055,-11.203,-42.292
2023-11-29 20:00:00,-0.077,-11.28,-42.369
2023-11-30 08:30:00,2.353,-8.927,-40.016
2023-11-30 17:40:00,2.371,-6.556,-37.645
2023-11-30 21:15:00,-1.084,-7.64,-38.729
2023-12-01 09:50:00,0.178,-7.462,-38.551
2023-12-01 17:35:00,-1.096,-8.558,-39.647
2023-12-02 06:20:00,0.994,-7.564,-38.653
2023-12-02 14:45:00,-1.244,-8.808,-39.897
2023-12-02 19:05:00,2.275,-6.533,-37.622
2023-12-03 03:10:00,0.165,-6.368,-37.457
2023-12-03 19:50:00,-1.164,-7.532,-38.621
2023-12-04 03:55:00,0.771,-6.761,-37.85
2023-12-04 05:15:00,2.371,-4.39,-35.479
2023-12-04 11:10:00,-1.051,-5.441,-36.53
2023-12-04 23:10:00,2.417,-3.024,-34.113
2023-12-05 06:40:00,-1.055,-4.079,-35.168
2023-12-05 16:40:00,2.425,-1.654,-32.743
2023-12-06 00:45:00,1.223,-0.431,-31.52
2023-12-06 06:40:00,2.458,2.027,-29.062
2023-12-06 14:45:00,-0.246,1.781,-29.308
2023-12-07 03:10:00,-1.049,0.732,-30.357
2023-12-07 06:20:00,-1.119,-0.387,-31.476
2023-12-07 17:00:00,-0.44,-0.827,-31.916
2023-12-08 02:40:00,-0.563,-1.39,-32.479
2023-12-08 12:20:00,1.035,-0.355,-31.444
2023-12-08 13:30:00,-1.108,-1.463,-32.552
2023-12-08 19:35:00,2.334,0.871,-30.218
2023-12-09 03:40:00,0.746,1.617,-29.472
2023-12-09 08:35:00,-1.098,0.519,-30.57
2023-12-09 17:05:00,-1.054,-0.535,-31.624
2023-12-10 02:00:00,-0.604,-1.139,-32.228
2023-12-10 07:20:00,-1.144,-2.283,-33.372
2023-12-10 12:25:00,-1.114,-3.397,-34.486
2023-12-10 20:30:00,1.06,-2.337,-33.426
2023-12-10 23:15:00,-1.134,-3.471,-34.56
2023-12-11 02:10:00,-1.03,-4.501,-35.59
2023-12-11 10:15:00,-0.272,-4.773,-35.862
2023-12-11 15:45:00,2.427,-2.346,-33.435
2023-12-11 18:20:00,2.419,0.073,-31.016
2023-12-11 20:45:00,-1.047,-0.974,-32.063
2023-12-12 07:45:00,-1.083,-2.057,-33.146
2023-12-12 13:05:00,-1.222,-3.279,-34.368
2023-12-12 22:55:00,1.147,-2.132,-33.221
2023-12-13 10:00:00,-0.41,-2.542,-33.631
2023-12-13 15:05:00,-1.1,-3.642,-34.731
2023-12-14 03:15:00,0.835,-2.807,-33.896
2023-12-14 13:25:00,-1.094,-3.901,-34.99
2023-12-15 00:25:00,1.099,-2.802,-33.891
2023-12-15 13:00:00,2.362,-0.44,-31.529
2023-12-15 21:05:00,-0.21,-0.65,-31.739
2023-12-15 22:20:00,2.192,1.542,-29.547
2023-12-16 06:25:00,-0.347,1.195,-29.894
2023-12-16 08:05:00,-1.231,-0.036,-31.125
2023-12-16 16:40:00,-1.093,-1.129,-32.218
2023-12-16 20:00:00,-1.103,-2.232,-33.321
2023-12-17 04:15:00,-0.098,-2.33,-33.419
2023-12-17 13:45:00,0.502,-1.828,-32.917
2023-12-17 15:50:00,-1.127,-2.955,-34.044
2023-12-17 22:30:00,-1.089,-4.044,-35.133
2023-12-18 06:35:00,1.244,-2.8,-33.889
2023-12-18 09:20:00,2.406,-0.394,-31.483
2023-12-18 17:25:00,-0.454,-0.848,-31.937
2023-12-19 10:00:00,-0.762,-1.61,-32.699
2023-12-19 14:10:00,2.355,0.745,-30.344
2023-12-19 22:15:00,-0.041,0.704,-30.385
2023-12-20 00:40:00,-1.119,-0.415,-31.504
2023-12-20 04:15:00,-1.074,-1.489,-32.578
2023-12-20 13:05:00,-1.136,-2.625,-33.714
2023-12-20 20:05:00,-1.057,-3.682,-34.771
2023-12-21 04:10:00,-0.389,-4.071,-35.16
2023-12-21 14:55:00,-1.119,-5.19,-36.279
2023-12-21 19:35:00,-1.056,-6.246,-37.335
2023-12-21 20:05:00,2.432,-3.814,-34.903
2023-12-22 04:10:00,-0.703,-4.517,-35.606
2023-12-22 15:05:00,-0.534,-5.051,-36.14
2023-12-23 00:30:00,-1.132,-6.183,-37.272
2023-12-23 09:15:00,1.088,-5.095,-36.184
2023-12-23 12:05:00,-1.162,-6.257,-37.346
2023-12-23 23:05:00,-1.169,-7.426,-38.515
2023-12-24 05:35:00,-1.162,-8.588,-39.677
2023-12-24 09:30:00,-1.073,-9.661,-40.75
2023-12-24 10:40:00,-1.093,-10.754,-41.843
2023-12-24 19:05:00,-1.341,-12.095,-43.184
2023-12-24 20:35:00,-1.171,-13.266,-44.355
2023-12-24 22:15:00,2.414,-10.852,-41.941
2023-12-25 06:20:00,-0.762,-11.614,-42.703
2023-12-25 21:05:00,-0.349,-11.963,-43.052
2023-12-26 01:05:00,-1.088,-13.051,-44.14
2023-12-26 05:35:00,2.362,-10.689,-41.778
2023-12-26 13:40:00,-0.636,-11.325,-42.414
2023-12-26 17:30:00,2.33,-8.995,-40.084
2023-12-26 17:35:00,2.43,-6.565,-37.654
2023-12-27 01:40:00,-0.828,-7.393,-38.482
2023-12-27 06:40:00,-1.099,-8.492,-39.581
2023-12-27 16:30:00,2.347,-6.145,-37.234
2023-12-28 05:25:00,-1.073,-7.218,-38.307
2023-12-28 12:20:00,-1.157,-8.375,-39.464
2023-12-28 20:30:00,1.867,-6.508,-37.597
2023-12-28 23:35:00,-1.127,-7.635,-38.724
2023-12-29 03:35:00,-1.083,-8.718,-39.807
2023-12-29 09:10:00,-1.116,-9.834,-40.923
2023-12-29 15:40:00,-1.226,-11.06,-42.149
2023-12-29 22:20:00,2.406,-8.654,-39.743
2023-12-30 00:10:00,-1.071,-9.725,-40.814
2023-12-30 10:45:00,0.545,-9.18,-40.269
2023-12-31 02:50:00,2.259,-6.921,-38.01
2023-12-31 05:20:00,-1.13,-8.051,-39.14
2023-12-31 12:50:00,-1.158,-9.209,-40.298
2023-12-31 17:55:00,-1.127,-10.336,-41.425
2023-12-31 22:50:00,2.29,-8.046,-39.135
2024-01-01 06:55:00,-0.454,-8.5,-39.589
2024-01-01 18:15:00,2.309,-6.191,-37.28
2024-01-02 02:20:00,1.029,-5.162,-36.251
2024-01-02 06:00:00,-1.232,-6.394,-37.483
2024-01-02 09:50:00,-1.145,-7.539,-38.628
2024-01-02 22:35:00,0.781,-6.758,-37.847
2024-01-03 05:15:00,-1.323,-8.081,-39.17
2024-01-03 10:40:00,-1.177,-9.258,-40.347
2024-01-03 12:00:00,2.425,-6.833,-37.922
2024-01-03 12:10:00,2.48,-4.353,-35.442
2024-01-03 20:15:00,-0.173,-4.526,-35.615
2024-01-04 00:05:00,-1.147,-5.673,-36.762
2024-01-04 05:35:00,-1.055,-6.728,-37.817
2024-01-04 09:35:00,-1.083,-7.811,-38.9
2024-01-04 13:50:00,-1.058,-8.869,-39.958
2024-01-05 01:45:00,2.423,-6.446,-37.535
2024-01-05 09:50:00,-0.708,-7.154,-38.243
2024-01-05 19:00:00,0.91,-6.244,-37.333
2024-01-06 02:35:00,-1.201,-7.445,-38.534
2024-01-06 05:25:00,2.365,-5.08,-36.169
2024-01-06 13:30:00,-0.238,-5.318,-36.407
2024-01-07 03:45:00,-0.083,-5.401,-36.49
2024-01-07 16:55:00,1.33,-4.071,-35.16
2024-01-07 22:05:00,2.252,-1.819,-32.908
2024-01-08 02:50:00,2.423,0.604,-30.485
2024-01-08 06:20:00,-1.032,-0.428,-31.517
2024-01-08 10:20:00,-1.122,-1.55,-32.639
2024-01-09 01:50:00,0.038,-1.512,-32.601
2024-01-09 08:40:00,-1.122,-2.634,-33.723
2024-01-09 12:55:00,2.401,-0.233,-31.322
2024-01-09 17:10:00,-1.042,-1.275,-32.364
2024-01-09 17:25:00,2.403,1.128,-29.961
2024-01-09 21:30:00,-1.02,0.108,-30.981
2024-01-09 22:15:00,-1.038,-0.93,-32.019
2024-01-10 12:45:00,2.403,1.473,-29.616
2024-01-10 20:50:00,-0.531,0.942,-30.147
2024-01-11 05:00:00,1.82,2.762,-28.327
2024-01-11 11:50:00,2.361,5.123,-25.966
2024-01-11 15:50:00,-1.054,4.069,-27.02
2024-01-12 08:35:00,-1.074,2.995,-28.094
2024-01-12 15:20:00,-1.093,1.902,-29.187
2024-01-12 17:20:00,2.441,4.343,-26.746
2024-01-13 01:25:00,0.307,4.65,-26.439
2024-01-13 15:25:00,-1.098,3.552,-27.537
2024-01-13 22:55:00,-1.237,2.315,-28.774
2024-01-14 03:05:00,-1.141,1.174,-29.915
2024-01-14 07:45:00,2.299,3.473,-27.616
2024-01-14 15:50:00,-0.197,3.276,-27.813
2024-01-15 02:30:00,0.011,3.287,-27.802
2024-01-15 10:35:00,-1.21,2.077,-29.012
2024-01-15 12:45:00,-1.185,0.892,-30.197
2024-01-15 18:30:00,-1.151,-0.259,-31.348
2024-01-15 23:05:00,-1.16,-1.419,-32.508
2024-01-16 04:10:00,-1.294,-2.713,-33.802
2024-01-16 08:20:00,-1.149,-3.862,-34.951
2024-01-16 09:00:00,2.355,-1.507,-32.596
2024-01-16 13:50:00,-1.07,-2.577,-33.666
2024-01-16 21:55:00,-0.655,-3.232,-34.321
2024-01-17 12:30:00,0.673,-2.559,-33.648
2024-01-17 14:45:00,-1.155,-3.714,-34.803
2024-01-17 23:05:00,0.138,-3.576,-34.665
2024-01-18 05:40:00,-1.25,-4.826,-35.915
2024-01-18 16:45:00,2.365,-2.461,-33.55
2024-01-19 00:50:00,0.232,-2.229,-33.318
2024-01-19 06:30:00,-1.137,-3.366,-34.455
2024-01-19 16:35:00,2.398,-0.968,-32.057
2024-01-19 18:45:00,-1.039,-2.007,-33.096
2024-01-20 05:45:00,-1.128,-3.135,-34.224
2024-01-20 06:15:00,-1.179,-4.314,-35.403
2024-01-20 14:20:00,0.628,-3.686,-34.775
2024-01-20 19:55:00,2.402,-1.284,-32.373
2024-01-20 23:15:00,2.469,1.185,-29.904
2024-01-21 07:20:00,-0.763,0.422,-30.667
2024-01-21 13:40:00,2.391,2.813,-28.276
2024-01-21 16:20:00,-1.059,1.754,-29.335
2024-01-22 09:15:00,0.325,2.079,-29.01
2024-01-22 11:50:00,-1.048,1.031,-30.058
2024-01-22 18:45:00,-1.066,-0.035,-31.124
2024-01-23 03:35:00,0.088,0.053,-31.036
2024-01-23 08:10:00,2.371,2.424,-28.665
2024-01-23 16:15:00,1.325,3.749,-27.34
2024-01-23 22:55:00,-1.088,2.661,-28.428
2024-01-24 04:05:00,-1.122,1.539,-29.55
2024-01-24 14:25:00,-0.524,1.015,-30.074
2024-01-25 02:20:00,-0.2,0.815,-30.274
2024-01-25 10:40:00,0.287,1.102,-29.987
2024-01-25 20:35:00,-0.615,0.487,-30.602
2024-01-26 02:10:00,-1.202,-0.715,-31.804
2024-01-26 09:45:00,-1.155,-1.87,-32.959
2024-01-26 16:45:00,2.352,0.482,-30.607
2024-01-27 00:50:00,-0.472,0.01,-31.079
2024-01-27 17:50:00,-0.749,-0.739,-31.828
2024-01-28 04:05:00,1.612,0.873,-30.216
2024-01-28 06:40:00,-1.165,-0.292,-31.381
2024-01-28 20:10:00,1.901,1.609,-29.48
2024-01-29 09:30:00,-1.24,0.369,-30.72
2024-01-29 17:35:00,0.096,0.465,-30.624
2024-01-30 06:30:00,-1.12,-0.655,-31.744
2024-01-30 12:45:00,-1.149,-1.804,-32.893
2024-01-31 06:30:00,0.68,-1.124,-32.213
2024-01-31 14:55:00,0.568,-0.556,-31.645
2024-01-31 15:30:00,-1.142,-1.698,-32.787
2024-02-01 05:25:00,-0.312,-2.01,-33.099
2024-02-01 13:35:00,-1.276,-3.286,-34.375
2024-02-02 01:05:00,0.093,-3.193,-34.282
2024-02-02 10:45:00,-0.341,-3.534,-34.623
2024-02-02 21:20:00,0.029,-3.505,-34.594
2024-02-03 14:25:00,0.228,-3.277,-34.366
2024-02-03 15:50:00,-1.233,-4.51,-35.599
2024-02-03 21:25:00,-1.386,-5.896,-36.985
2024-02-04 03:35:00,-1.42,-7.316,-38.405
2024-02-04 11:25:00,-1.348,-8.664,-39.753
2024-02-04 19:05:00,-1.124,-9.788,-40.877
2024-02-05 06:30:00,0.534,-9.254,-40.343
2024-02-05 11:05:00,2.349,-6.905,-37.994
2024-02-05 15:15:00,-1.073,-7.978,-39.067
2024-02-05 23:20:00,0.62,-7.358,-38.447
2024-02-06 07:50:00,-1.414,-8.772,-39.861
2024-02-06 10:45:00,-1.235,-10.007,-41.096
2024-02-06 16:20:00,-1.176,-11.183,-42.272
2024-02-07 00:25:00,-0.094,-11.277,-42.366
2024-02-07 03:35:00,-1.4,-12.677,-43.766
2024-02-07 11:45:00,0.442,-12.235,-43.324
2024-02-07 17:10:00,2.243,-9.992,-41.081
2024-02-08 01:15:00,1.07,-8.922,-40.011
2024-02-08 06:40:00,-1.215,-10.137,-41.226
2024-02-08 11:30:00,-1.253,-11.39,-42.479
2024-02-08 16:50:00,-1.166,-12.556,-43.645
2024-02-09 02:45:00,2.074,-10.482,-41.571
2024-02-09 10:50:00,0.971,-9.511,-40.6
2024-02-09 14:20:00,-1.132,-10.643,-41.732
2024-02-09 19:10:00,-1.144,-11.787,-42.876
2024-02-10 04:40:00,-1.353,-13.14,-44.229
2024-02-10 18:05:00,-0.088,-13.228,-44.317
2024-02-11 04:55:00,0.751,-12.477,-43.566
2024-02-11 07:50:00,2.329,-10.148,-41.237
2024-02-11 10:50:00,-1.127,-11.275,-42.364
2024-02-11 18:30:00,-1.16,-12.435,-43.524
2024-02-12 04:55:00,0.574,-11.861,-42.95
2024-02-12 06:45:00,2.131,-9.73,-40.819
2024-02-12 07:15:00,-1.17,-10.9,-41.989
2024-02-12 14:05:00,-1.206,-12.106,-43.195
2024-02-12 23:10:00,1.595,-10.511,-41.6
2024-02-13 03:30:00,-1.137,-11.648,-42.737
2024-02-13 10:55:00,-1.239,-12.887,-43.976
2024-02-13 13:35:00,2.297,-10.59,-41.679
2024-02-13 21:40:00,-0.124,-10.714,-41.803
2024-02-14 04:00:00,-1.296,-12.01,-43.099
2024-02-14 08:50:00,2.269,-9.741,-40.83
2024-02-14 16:55:00,1.947,-7.794,-38.883
2024-02-15 01:10:00,0.264,-7.53,-38.619
2024-02-15 05:55:00,-1.076,-8.606,-39.695
2024-02-15 15:30:00,-1.117,-9.723,-40.812
2024-02-15 20:15:00,-1.214,-10.937,-42.026
2024-02-16 07:45:00,-1.167,-12.104,-43.193
2024-02-16 14:50:00,-1.113,-13.217,-44.306
2024-02-16 22:55:00,-0.426,-13.643,-44.732
2024-02-17 01:10:00,-1.225,-14.868,-45.957
2024-02-17 09:15:00,0.608,-14.26,-45.349
2024-02-17 14:30:00,2.318,-11.942,-43.031
2024-02-17 21:20:00,-1.07,-13.012,-44.101
2024-02-18 01:10:00,-1.207,-14.219,-45.308
2024-02-18 05:10:00,-1.136,-15.355,-46.444
2024-02-18 09:00:00,-1.09,-16.445,-47.534
2024-02-18 11:15:00,-1.2,-17.645,-48.734
2024-02-18 17:00:00,-1.255,-18.9,-49.989
2024-02-19 01:20:00,0.935,-17.965,-49.054
2024-02-19 10:25:00,-0.111,-18.076,-49.165
2024-02-19 20:00:00,2.41,-15.666,-46.755
2024-02-20 04:05:00,-1.052,-16.718,-47.807
2024-02-20 10:25:00,-1.076,-17.794,-48.883
2024-02-20 12:40:00,-1.179,-18.973,-50.062
2024-02-20 14:10:00,-1.068,-20.041,-51.13
2024-02-20 15:25:00,2.417,-17.624,-48.713
2024-02-20 23:30:00,-0.72,-18.344,-49.433
2024-02-21 08:55:00,0.941,-17.403,-48.492
2024-02-21 17:15:00,0.795,-16.608,-47.697
2024-02-21 21:30:00,-1.09,-17.698,-48.787
2024-02-22 06:30:00,-1.119,-18.817,-49.906
2024-02-22 13:15:00,-1.168,-19.985,-51.074
2024-02-22 18:45:00,-1.084,-21.069,-52.158
2024-02-23 02:55:00,2.292,-18.777,-49.866
2024-02-23 11:00:00,-0.327,-19.104,-50.193
2024-02-23 14:20:00,-1.131,-20.235,-51.324
2024-02-23 22:40:00,-1.116,-21.351,-52.44
2024-02-24 04:45:00,-1.107,-22.458,-53.547
2024-02-24 15:30:00,2.268,-20.19,-51.279
2024-02-24 23:35:00,0.122,-20.068,-51.157
2024-02-25 03:05:00,-1.171,-21.239,-52.328
2024-02-25 12:10:00,-0.293,-21.532,-52.621
2024-02-25 15:40:00,-1.145,-22.677,-53.766
2024-02-26 00:00:00,-1.189,-23.866,-54.955
2024-02-26 09:15:00,1.389,-22.477,-53.566
2024-02-26 15:05:00,-1.094,-23.571,-54.66
2024-02-26 19:40:00,2.394,-21.177,-52.266
2024-02-27 03:45:00,1.25,-19.927,-51.016
2024-02-27 09:10:00,2.407,-17.52,-48.609
2024-02-27 13:35:00,2.444,-15.076,-46.165
2024-02-27 21:55:00,0.001,-15.075,-46.164
2024-02-28 15:45:00,1.277,-13.798,-44.887
2024-02-28 17:00:00,2.484,-11.314,-42.403
2024-02-29 01:05:00,-0.362,-11.676,-42.765
2024-02-29 06:40:00,2.48,-9.196,-40.285
2024-02-29 08:05:00,-1.028,-10.224,-41.313
2024-02-29 16:25:00,-1.023,-11.247,-42.336
2024-03-01 16:50:00,1.527,-9.72,-40.809
2024-03-01 22:05:00,2.474,-7.246,-38.335
2024-03-02 06:10:00,-0.013,-7.259,-38.348
2024-03-02 09:30:00,-1.031,-8.29,-39.379
2024-03-03 02:30:00,-0.796,-9.086,-40.175
2024-03-03 06:05:00,-1.038,-10.124,-41.213
2024-03-03 07:25:00,2.452,-7.672,-38.761
2024-03-03 11:45:00,-1.016,-8.688,-39.777
2024-03-03 19:50:00,1.208,-7.48,-38.569
2024-03-04 00:45:00,-1.021,-8.501,-39.59
2024-03-04 08:40:00,2.465,-6.036,-37.125
2024-03-04 10:00:00,-1.019,-7.055,-38.144
2024-03-04 22:45:00,0.968,-6.087,-37.176
2024-03-05 02:00:00,2.478,-3.609,-34.698
2024-03-05 02:30:00,-1.019,-4.628,-35.717
2024-03-05 15:25:00,-1.021,-5.649,-36.738
2024-03-06 00:05:00,0.675,-4.974,-36.063
2024-03-06 04:45:00,-1.031,-6.005,-37.094
2024-03-06 13:25:00,-0.179,-6.184,-37.273
2024-03-06 23:10:00,-0.191,-6.375,-37.464
2024-03-07 11:40:00,-0.004,-6.379,-37.468
2024-03-07 14:15:00,-1.034,-7.413,-38.502
2024-03-07 16:35:00,-1.033,-8.446,-39.535
2024-03-08 08:55:00,0.629,-7.817,-38.906
2024-03-08 15:30:00,-1.044,-8.861,-39.95
2024-03-08 21:50:00,-1.031,-9.892,-40.981
2024-03-09 06:15:00,-1.095,-10.987,-42.076
2024-03-09 17:15:00,2.448,-8.539,-39.628
2024-03-10 01:20:00,-0.071,-8.61,-39.699
2024-03-10 22:00:00,-0.191,-8.801,-39.89
2024-03-11 00:50:00,2.444,-6.357,-37.446
2024-03-11 07:00:00,-1.026,-7.383,-38.472
2024-03-11 15:05:00,0.727,-6.656,-37.745
2024-03-12 03:50:00,-1.03,-7.686,-38.775
2024-03-12 14:15:00,1.038,-6.648,-37.737
2024-03-13 01:10:00,-0.761,-7.409,-38.498
2024-03-13 10:05:00,0.066,-7.343,-38.432
2024-03-13 13:55:00,2.414,-4.929,-36.018
2024-03-13 16:35:00,-1.043,-5.972,-37.061
2024-03-14 03:00:00,-1.084,-7.056,-38.145
2024-03-14 04:00:00,2.435,-4.621,-35.71
2024-03-14 12:05:00,-0.009,-4.63,-35.719
2024-03-14 13:35:00,-1.04,-5.67,-36.759
2024-03-14 23:30:00,-0.499,-6.169,-37.258
2024-03-15 09:10:00,2.477,-3.692,-34.781
2024-03-15 17:15:00,-0.502,-4.194,-35.283
2024-03-16 04:10:00,-0.314,-4.508,-35.597
2024-03-16 07:55:00,-1.078,-5.586,-36.675
2024-03-16 12:30:00,2.412,-3.174,-34.263
2024-03-16 18:10:00,2.457,-0.717,-31.806
2024-03-17 02:15:00,0.101,-0.616,-31.705
2024-03-17 07:15:00,2.424,1.808,-29.281
2024-03-17 08:35:00,-1.026,0.782,-30.307
2024-03-17 13:50:00,-1.055,-0.273,-31.362
2024-03-18 00:45:00,-1.036,-1.309,-32.398
2024-03-18 08:50:00,0.62,-0.689,-31.778
2024-03-18 11:25:00,-1.082,-1.771,-32.86
2024-03-18 21:25:00,0.147,-1.624,-32.713
2024-03-19 07:10:00,2.468,0.844,-30.245
2024-03-19 15:15:00,-0.711,0.133,-30.956
2024-03-20 04:20:00,1.282,1.415,-29.674
2024-03-20 07:25:00,-1.022,0.393,-30.696
2024-03-20 18:10:00,-1.036,-0.643,-31.732
2024-03-20 20:25:00,2.475,1.832,-29.257
2024-03-21 04:30:00,-0.181,1.651,-29.438
2024-03-21 15:40:00,0.234,1.885,-29.204
2024-03-21 17:50:00,-1.031,0.854,-30.235
2024-03-22 00:50:00,-1.054,-0.2,-31.289
2024-03-22 11:40:00,-0.228,-0.428,-31.517
2024-03-22 14:40:00,2.447,2.019,-29.07
2024-03-22 15:30:00,-1.031,0.988,-30.101
2024-03-23 01:15:00,1.069,2.057,-29.032
2024-03-23 09:25:00,0.733,2.79,-28.299
2024-03-23 17:10:00,2.446,5.236,-25.853
2024-03-23 22:15:00,-1.023,4.213,-26.876
2024-03-24 06:15:00,2.427,6.64,-24.449
2024-03-24 14:20:00,-0.132,6.508,-24.581
2024-03-24 16:50:00,-1.047,5.461,-25.628
2024-03-25 00:35:00,-1.055,4.406,-26.683
2024-03-25 06:30:00,-1.079,3.327,-27.762
2024-03-25 11:25:00,-1.082,2.245,-28.844
2024-03-25 15:00:00,2.458,4.703,-26.386
2024-03-25 23:05:00,-0.693,4.01,-27.079
2024-03-26 03:10:00,-1.168,2.842,-28.247
2024-03-26 09:25:00,2.428,5.27,-25.819
2024-03-26 14:20:00,-1.031,4.239,-26.85
2024-03-27 05:20:00,0.904,5.143,-25.946
2024-03-27 07:25:00,-1.047,4.096,-26.993
2024-03-27 14:00:00,-1.075,3.021,-28.068
2024-03-27 18:10:00,-1.038,1.983,-29.106
2024-03-28 00:50:00,2.464,4.447,-26.642
2024-03-28 08:55:00,-0.203,4.244,-26.845
2024-03-28 10:40:00,2.432,6.676,-24.413
2024-03-28 18:45:00,0.638,7.314,-23.775
2024-03-28 21:05:00,-1.055,6.259,-24.83
2024-03-29 01:50:00,-1.047,5.212,-25.877
2024-03-29 12:05:00,-1.086,4.126,-26.963
2024-03-29 21:15:00,-1.035,3.091,-27.998
2024-03-30 03:50:00,-1.069,2.022,-29.067
2024-03-30 10:50:00,-1.053,0.969,-30.12
2024-03-30 13:00:00,-1.146,-0.177,-31.266
2024-03-30 16:15:00,2.401,2.224,-28.865
2024-03-31 00:20:00,-0.4,1.824,-29.265
2024-03-31 14:00:00,-0.064,1.76,-29.329
2024-03-31 23:00:00,1.369,3.129,-27.96
2024-04-01 05:45:00,2.426,5.555,-25.534
2024-04-01 05:50:00,2.476,8.031,-23.058
2024-04-01 13:55:00,-0.394,7.637,-23.452
2024-04-01 22:30:00,-0.163,7.474,-23.615
2024-04-02 02:35:00,2.431,9.905,-21.184
2024-04-02 10:40:00,0.476,10.381,-20.708
2024-04-03 00:35:00,2.457,12.838,-18.251
2024-04-03 01:55:00,-1.017,11.821,-19.268
2024-04-03 18:25:00,2.446,14.267,-16.822
2024-04-04 00:25:00,-1.053,13.214,-17.875
2024-04-04 07:15:00,-1.034,12.18,-18.909
2024-04-04 14:00:00,-1.036,11.144,-19.945
2024-04-04 21:35:00,2.421,13.565,-17.524
2024-04-05 00:55:00,-1.043,12.522,-18.567
2024-04-05 10:20:00,1.416,13.938,-17.151
2024-04-06 04:30:00,0.306,14.244,-16.845
2024-04-06 09:10:00,2.38,16.624,-14.465
2024-04-06 09:30:00,-1.108,15.516,-15.573
2024-04-06 23:05:00,2.391,17.907,-13.182
2024-04-07 02:25:00,2.446,20.353,-10.736
2024-04-07 10:30:00,-0.527,19.826,-11.263
2024-04-07 19:25:00,0.004,19.83,-11.259
2024-04-08 00:15:00,-1.062,18.768,-12.321
2024-04-08 13:20:00,0.668,19.436,-11.653
2024-04-08 19:35:00,-1.078,18.358,-12.731
2024-04-09 00:25:00,-1.1,17.258,-13.831
2024-04-09 15:10:00,2.446,19.704,-11.385
2024-04-09 23:15:00,-0.075,19.629,-11.46
2024-04-10 00:10:00,-1.078,18.551,-12.538
2024-04-10 02:00:00,-1.047,17.504,-13.585
2024-04-10 10:55:00,-0.437,17.067,-14.022
2024-04-10 14:20:00,-1.028,16.039,-15.05
2024-04-11 00:05:00,0.828,16.867,-14.222
2024-04-11 11:00:00,-1.069,15.798,-15.291
2024-04-11 19:05:00,1.551,17.349,-13.74
2024-04-12 04:25:00,0.568,17.917,-13.172
2024-04-12 12:35:00,-1.095,16.822,-14.267
2024-04-12 17:25:00,2.451,19.273,-11.816
2024-04-13 01:30:00,0.946,20.219,-10.87
2024-04-13 04:40:00,-1.043,19.176,-11.913
2024-04-13 11:05:00,-1.076,18.1,-12.989
2024-04-13 15:30:00,-1.076,17.024,-14.065
2024-04-13 17:25:00,2.451,19.475,-11.614
2024-04-13 20:05:00,2.479,21.954,-9.135
2024-04-14 04:10:00,-0.523,21.431,-9.658
2024-04-14 17:20:00,2.447,23.878,-7.211
2024-04-14 22:05:00,-1.014,22.864,-8.225
2024-04-15 06:10:00,0.559,23.423,-7.666
2024-04-15 14:15:00,-1.037,22.386,-8.703
2024-04-15 19:20:00,-1.042,21.344,-9.745
2024-04-16 00:35:00,-1.037,20.307,-10.782
2024-04-16 01:30:00,-1.037,19.27,-11.819
2024-04-16 10:30:00,0.701,19.971,-11.118
2024-04-16 18:35:00,-0.501,19.47,-11.619
2024-04-17 04:35:00,-1.058,18.412,-12.677
2024-04-17 08:25:00,-1.077,17.335,-13.754
2024-04-17 10:45:00,-1.05,16.285,-14.804
2024-04-17 14:20:00,2.445,18.73,-12.359
2024-04-17 22:25:00,0.019,18.749,-12.34
2024-04-18 11:20:00,-1.045,17.704,-13.385
2024-04-18 22:15:00,0.045,17.749,-13.34
2024-04-19 02:20:00,2.456,20.205,-10.884
2024-04-19 04:10:00,-1.025,19.18,-11.909
2024-04-19 14:45:00,0.03,19.21,-11.879
2024-04-19 23:00:00,-1.058,18.152,-12.937
2024-04-20 08:00:00,-0.411,17.741,-13.348
2024-04-20 15:30:00,-1.068,16.673,-14.416
2024-04-20 23:45:00,1.668,18.341,-12.748
2024-04-21 10:05:00,-1.07,17.271,-13.818
2024-04-22 00:10:00,-0.622,16.649,-14.44
2024-04-22 11:50:00,-0.579,16.07,-15.019
2024-04-22 17:30:00,-1.059,15.011,-16.078
2024-04-23 01:35:00,-0.029,14.982,-16.107
2024-04-23 04:45:00,2.33,17.312,-13.777
2024-04-23 12:50:00,-0.486,16.826,-14.263
2024-04-23 22:10:00,-0.01,16.816,-14.273
2024-04-24 09:05:00,-0.207,16.609,-14.48
2024-04-24 16:30:00,2.451,19.06,-12.029
2024-04-24 17:30:00,-1.081,17.979,-13.11
2024-04-25 06:50:00,-0.192,17.787,-13.302
2024-04-25 15:50:00,-1.106,16.681,-14.408
2024-04-26 01:20:00,2.402,19.083,-12.006
2024-04-26 02:15:00,-1.059,18.024,-13.065
2024-04-26 12:30:00,-1.224,16.8,-14.289
2024-04-26 14:10:00,-1.076,15.724,-15.365
2024-04-26 23:25:00,-0.293,15.431,-15.658
2024-04-27 08:45:00,0.303,15.734,-15.355
2024-04-27 09:30:00,-1.189,14.545,-16.544
2024-04-27 13:10:00,-1.146,13.399,-17.69
2024-04-28 01:50:00,0.094,13.493,-17.596
2024-04-28 09:55:00,-0.029,13.464,-17.625
2024-04-28 20:55:00,0.817,14.281,-16.808
2024-04-28 23:05:00,2.338,16.619,-14.47
2024-04-29 06:30:00,2.429,19.048,-12.041
2024-04-29 14:35:00,-0.362,18.686,-12.403
2024-04-29 22:25:00,-1.086,17.6,-13.489
2024-04-30 01:55:00,-1.066,16.534,-14.555
2024-04-30 10:00:00,1.134,17.668,-13.421
2024-04-30 11:05:00,2.368,20.036,-11.053
2024-04-30 19:10:00,1.982,22.018,-9.071
2024-04-30 22:25:00,-1.056,20.962,-10.127
2024-05-01 07:05:00,2.427,23.389,-7.7
2024-05-01 15:10:00,0.932,24.321,-6.768
2024-05-01 17:25:00,-1.051,23.27,-7.819
2024-05-02 08:50:00,-0.152,23.118,-7.971
2024-05-02 19:05:00,1.024,24.142,-6.947
2024-05-03 00:25:00,-1.076,23.066,-8.023
2024-05-03 09:25:00,-0.463,22.603,-8.486
2024-05-03 10:35:00,-1.105,21.498,-9.591
2024-05-03 20:25:00,2.454,23.952,-7.137
2024-05-04 00:45:00,2.448,26.4,-4.689
2024-05-04 08:50:00,0.034,26.434,-4.655
2024-05-04 11:00:00,2.424,28.858,-2.231
2024-05-04 19:05:00,0.484,29.342,-1.747
2024-05-04 21:30:00,-1.086,28.256,-2.833
2024-05-05 12:50:00,0.002,28.258,-2.831
2024-05-05 21:10:00,-1.098,27.16,-3.929
2024-05-06 02:05:00,2.385,29.545,-1.544
2024-05-06 02:55:00,-1.05,28.495,-2.594
2024-05-06 08:25:00,2.401,30.896,-0.193
2024-05-06 10:35:00,-1.037,29.859,-1.23
2024-05-06 20:35:00,0.896,30.755,-0.334
2024-05-07 00:30:00,-1.158,29.597,-1.492
2024-05-07 08:15:00,-1.073,28.524,-2.565
2024-05-07 10:20:00,-1.06,27.464,-3.625
2024-05-07 19:45:00,1.381,28.845,-2.244
2024-05-08 05:50:00,0.637,29.482,-1.607
2024-05-08 14:15:00,-0.313,29.169,-1.92
2024-05-09 03:25:00,-0.2,28.969,-2.12
2024-05-09 14:05:00,-1.086,27.883,-3.206
2024-05-09 22:40:00,2.323,30.206,-0.883
2024-05-10 01:10:00,-1.062,29.144,-1.945
2024-05-10 12:30:00,-0.589,28.555,-2.534
2024-05-10 14:50:00,2.401,30.956,-0.133
2024-05-10 22:55:00,0.092,31.048,-0.041
2024-05-11 15:10:00,-1.132,29.916,-1.173
2024-05-12 05:35:00,-0.435,29.481,-1.608
2024-05-12 07:15:00,2.284,31.765,0.0
2024-05-12 10:30:00,-1.052,30.713,-1.052
2024-05-13 01:05:00,0.033,30.746,-1.019
2024-05-13 07:50:00,-1.062,29.684,-2.081
2024-05-13 14:05:00,2.441,32.125,0.0
2024-05-13 22:10:00,-0.45,31.675,-0.45
2024-05-14 06:10:00,-1.084,30.591,-1.534
2024-05-14 14:05:00,-1.048,29.543,-2.582
2024-05-15 00:55:00,0.014,29.557,-2.568
2024-05-15 12:30:00,2.415,31.972,-0.153
2024-05-15 21:25:00,2.382,34.354,0.0
2024-05-16 01:10:00,-1.062,33.292,-1.062
2024-05-16 08:30:00,-1.077,32.215,-2.139
2024-05-16 22:25:00,0.47,32.685,-1.669
2024-05-17 06:45:00,-1.105,31.58,-2.774
2024-05-17 15:05:00,0.585,32.165,-2.189
2024-05-17 23:20:00,0.713,32.878,-1.476
2024-05-18 10:15:00,-0.387,32.491,-1.863
2024-05-18 12:15:00,-1.147,31.344,-3.01
2024-05-18 21:05:00,-0.184,31.16,-3.194
2024-05-19 00:25:00,-1.207,29.953,-4.401
2024-05-19 08:40:00,-1.125,28.828,-5.526
2024-05-19 16:45:00,1.384,30.212,-4.142
2024-05-20 02:05:00,-1.114,29.098,-5.256
2024-05-20 06:50:00,-1.109,27.989,-6.365
2024-05-20 10:40:00,-1.052,26.937,-7.417
2024-05-20 15:15:00,-1.112,25.825,-8.529
2024-05-20 19:35:00,2.41,28.235,-6.119
2024-05-21 03:40:00,1.546,29.781,-4.573
2024-05-21 12:55:00,2.397,32.178,-2.176
2024-05-21 19:30:00,-1.029,31.149,-3.205
2024-05-22 06:20:00,-0.022,31.127,-3.227
2024-05-22 15:35:00,-1.055,30.072,-4.282
2024-05-22 18:20:00,-1.033,29.039,-5.315
2024-05-23 01:10:00,-1.051,27.988,-6.366
2024-05-23 10:30:00,-1.092,26.896,-7.458
2024-05-23 11:50:00,-1.067,25.829,-8.525
2024-05-23 12:55:00,-1.056,24.773,-9.581
2024-05-23 21:00:00,0.998,25.771,-8.583
2024-05-24 07:00:00,-1.018,24.753,-9.601
2024-05-24 15:05:00,-1.015,23.738,-10.616
2024-05-24 23:10:00,-0.812,22.926,-11.428
2024-05-25 04:05:00,-1.102,21.824,-12.53
2024-05-25 09:30:00,2.376,24.2,-10.154
2024-05-25 13:35:00,-1.071,23.129,-11.225
2024-05-25 23:15:00,0.675,23.804,-10.55
2024-05-26 07:35:00,0.449,24.253,-10.101
2024-05-26 08:35:00,-1.142,23.111,-11.243
2024-05-26 21:10:00,1.02,24.131,-10.223
2024-05-27 01:45:00,-1.097,23.034,-11.32
2024-05-27 11:35:00,-0.256,22.778,-11.576
2024-05-27 14:20:00,2.405,25.183,-9.171
2024-05-27 19:45:00,-1.044,24.139,-10.215
2024-05-28 03:50:00,0.51,24.649,-9.705
2024-05-28 09:45:00,-1.062,23.587,-10.767
2024-05-28 18:35:00,2.36,25.947,-8.407
2024-05-29 01:10:00,2.296,28.243,-6.111
2024-05-29 08:05:00,-1.086,27.157,-7.197
2024-05-29 16:10:00,0.73,27.887,-6.467
2024-05-29 18:45:00,-1.046,26.841,-7.513
2024-05-30 05:10:00,-0.248,26.593,-7.761
2024-05-30 07:50:00,2.415,29.008,-5.346
2024-05-30 12:45:00,-1.059,27.949,-6.405
2024-05-30 20:05:00,-1.077,26.872,-7.482
2024-05-31 04:10:00,-0.29,26.582,-7.772
2024-05-31 11:20:00,-1.104,25.478,-8.876
2024-05-31 22:05:00,-0.426,25.052,-9.302
2024-06-01 07:25:00,-0.417,24.635,-9.719
2024-06-01 21:10:00,0.434,25.069,-9.285
2024-06-01 21:50:00,-1.355,23.714,-10.64
2024-06-02 07:20:00,0.881,24.595,-9.759
2024-06-02 15:35:00,0.027,24.622,-9.732
2024-06-02 17:55:00,2.302,26.924,-7.43
2024-06-03 01:10:00,-1.083,25.841,-8.513
2024-06-03 09:15:00,1.298,27.139,-7.215
2024-06-03 11:45:00,-1.146,25.993,-8.361
2024-06-03 14:30:00,-1.097,24.896,-9.458
2024-06-03 22:35:00,0.622,25.518,-8.836
2024-06-04 00:45:00,-1.232,24.286,-10.068
2024-06-04 12:30:00,-0.64,23.646,-10.708
2024-06-04 22:10:00,0.804,24.45,-9.904
2024-06-05 09:40:00,-0.421,24.029,-10.325
2024-06-05 23:05:00,-0.072,23.957,-10.397
2024-06-06 11:00:00,-1.201,22.756,-11.598
2024-06-06 16:40:00,-1.123,21.633,-12.721
2024-06-07 00:45:00,0.693,22.326,-12.028
2024-06-07 07:30:00,-1.219,21.107,-13.247
2024-06-07 12:30:00,-1.19,19.917,-14.437
2024-06-07 18:00:00,2.435,22.352,-12.002
2024-06-08 02:05:00,-0.475,21.877,-12.477
2024-06-08 11:50:00,2.23,24.107,-10.247
2024-06-08 19:55:00,-0.434,23.673,-10.681
2024-06-09 11:00:00,-0.149,23.524,-10.83
2024-06-09 11:40:00,-1.283,22.241,-12.113
2024-06-10 04:40:00,0.812,23.053,-11.301
2024-06-10 07:05:00,2.286,25.339,-9.015
2024-06-10 10:00:00,-1.086,24.253,-10.101
2024-06-10 14:35:00,-1.165,23.088,-11.266
2024-06-10 20:00:00,-1.097,21.991,-12.363
2024-06-11 04:05:00,1.138,23.129,-11.225
2024-06-11 09:05:00,-1.127,22.002,-12.352
2024-06-11 15:35:00,2.382,24.384,-9.97
2024-06-11 23:40:00,-0.286,24.098,-10.256
2024-06-12 01:40:00,2.327,26.425,-7.929
2024-06-12 02:15:00,-1.059,25.366,-8.988
2024-06-12 12:30:00,-1.136,24.23,-10.124
2024-06-12 20:35:00,0.518,24.748,-9.606
2024-06-13 10:05:00,-0.089,24.659,-9.695
2024-06-13 20:55:00,0.552,25.211,-9.143
2024-06-14 01:50:00,-1.103,24.108,-10.246
2024-06-14 10:00:00,-1.241,22.867,-11.487
2024-06-14 14:25:00,2.304,25.171,-9.183
2024-06-14 16:05:00,2.428,27.599,-6.755
2024-06-15 00:10:00,-0.103,27.496,-6.858
2024-06-15 11:25:00,-1.176,26.32,-8.034
2024-06-15 15:15:00,-1.17,25.15,-9.204
2024-06-15 19:30:00,-1.229,23.921,-10.433
2024-06-16 06:50:00,-1.224,22.697,-11.657
2024-06-16 10:50:00,-1.157,21.54,-12.814
2024-06-17 02:00:00,-1.084,20.456,-13.898
2024-06-17 10:05:00,2.399,22.855,-11.499
2024-06-17 16:15:00,2.434,25.289,-9.065
2024-06-17 18:45:00,-1.02,24.269,-10.085
2024-06-18 01:40:00,2.46,26.729,-7.625
2024-06-18 09:45:00,-0.566,26.163,-8.191
2024-06-18 14:05:00,2.407,28.57,-5.784
2024-06-18 20:50:00,-1.038,27.532,-6.822
2024-06-19 10:50:00,-1.129,26.403,-7.951
2024-06-19 11:20:00,-1.156,25.247,-9.107
2024-06-19 19:25:00,0.498,25.745,-8.609
2024-06-20 01:30:00,-1.113,24.632,-9.722
2024-06-20 11:05:00,2.418,27.05,-7.304
2024-06-20 13:00:00,-1.042,26.008,-8.346
2024-06-20 21:20:00,-0.222,25.786,-8.568
2024-06-21 00:35:00,-1.128,24.658,-9.696
2024-06-21 03:30:00,-1.077,23.581,-10.773
2024-06-21 09:35:00,-1.13,22.451,-11.903
2024-06-21 13:50:00,-1.051,21.4,-12.954
2024-06-21 14:15:00,-1.071,20.329,-14.025
2024-06-22 02:40:00,0.489,20.818,-13.536
2024-06-22 08:15:00,-1.126,19.692,-14.662
2024-06-22 10:15:00,-1.201,18.491,-15.863
2024-06-22 18:50:00,-0.325,18.166,-16.188
2024-06-23 00:45:00,-1.382,16.784,-17.57
2024-06-23 08:50:00,0.356,17.14,-17.214
2024-06-23 10:35:00,-1.318,15.822,-18.532
2024-06-23 16:55:00,2.339,18.161,-16.193
2024-06-23 19:50:00,-1.112,17.049,-17.305
2024-06-24 02:40:00,-1.045,16.004,-18.35
2024-06-24 10:55:00,0.752,16.756,-17.598
2024-06-24 23:25:00,-1.087,15.669,-18.685
2024-06-25 03:30:00,2.405,18.074,-16.28
2024-06-25 11:35:00,-0.291,17.783,-16.571
2024-06-25 22:30:00,0.363,18.146,-16.208
2024-06-26 04:55:00,-1.141,17.005,-17.349
2024-06-26 13:45:00,-1.159,15.846,-18.508
2024-06-26 15:10:00,-1.1,14.746,-19.608
2024-06-26 23:15:00,-0.154,14.592,-19.762
2024-06-27 03:20:00,-1.141,13.451,-20.903
2024-06-27 09:30:00,-1.161,12.29,-22.064
2024-06-27 17:35:00,1.659,13.949,-20.405
2024-06-27 23:00:00,2.345,16.294,-18.06
2024-06-28 05:20:00,-1.049,15.245,-19.109
2024-06-28 14:15:00,-1.129,14.116,-20.238
2024-06-29 00:50:00,0.276,14.392,-19.962
2024-06-29 07:25:00,-1.208,13.184,-21.17
2024-06-29 21:10:00,1.681,14.865,-19.489
2024-06-30 04:20:00,2.299,17.164,-17.19
2024-06-30 06:25:00,-1.189,15.975,-18.379
2024-06-30 16:05:00,-0.338,15.637,-18.717
2024-06-30 22:35:00,2.346,17.983,-16.371
2024-07-01 06:40:00,0.23,18.213,-16.141
2024-07-01 13:30:00,-1.203,17.01,-17.344
2024-07-01 16:10:00,-1.1,15.91,-18.444
2024-07-01 22:20:00,-1.098,14.812,-19.542
2024-07-02 06:25:00,0.019,14.831,-19.523
2024-07-02 11:35:00,-1.176,13.655,-20.699
2024-07-02 13:55:00,-1.354,12.301,-22.053
2024-07-02 18:20:00,-1.121,11.18,-23.174
2024-07-03 02:25:00,-0.791,10.389,-23.965
2024-07-03 10:30:00,2.421,12.81,-21.544
2024-07-03 18:35:00,0.28,13.09,-21.264
2024-07-04 01:55:00,2.414,15.504,-18.85
2024-07-04 10:00:00,0.5,16.004,-18.35
2024-07-04 13:25:00,2.423,18.427,-15.927
2024-07-04 21:30:00,-0.701,17.726,-16.628
2024-07-05 00:35:00,2.449,20.175,-14.179
2024-07-05 08:40:00,1.548,21.723,-12.631
2024-07-05 09:35:00,-1.051,20.672,-13.682
2024-07-06 08:25:00,1.385,22.057,-12.297
2024-07-06 14:15:00,-1.06,20.997,-13.357
2024-07-06 17:30:00,2.424,23.421,-10.933
2024-07-07 01:35:00,-0.737,22.684,-11.67
2024-07-07 11:25:00,-1.102,21.582,-12.772
2024-07-07 21:10:00,1.716,23.298,-11.056
2024-07-08 00:45:00,2.442,25.74,-8.614
2024-07-08 05:00:00,-1.03,24.71,-9.644
2024-07-08 09:00:00,2.443,27.153,-7.201
2024-07-08 14:30:00,-1.018,26.135,-8.219
2024-07-09 00:30:00,-1.084,25.051,-9.303
2024-07-09 01:10:00,-1.085,23.966,-10.388
2024-07-09 06:05:00,-1.048,22.918,-11.436
2024-07-09 11:10:00,-1.089,21.829,-12.525
2024-07-09 22:50:00,-1.138,20.691,-13.663
2024-07-10 03:20:00,-1.076,19.615,-14.739
2024-07-10 11:25:00,0.627,20.242,-14.112
2024-07-10 12:30:00,-1.13,19.112,-15.242
2024-07-11 03:15:00,0.588,19.7,-14.654
2024-07-11 07:15:00,-1.065,18.635,-15.719
2024-07-11 12:30:00,2.327,20.962,-13.392
2024-07-11 14:15:00,-1.044,19.918,-14.436
2024-07-11 23:20:00,2.094,22.012,-12.342
2024-07-12 09:15:00,-0.035,21.977,-12.377
2024-07-12 13:15:00,-1.09,20.887,-13.467
2024-07-12 20:15:00,-1.124,19.763,-14.591
2024-07-13 00:50:00,-1.104,18.659,-15.695
2024-07-13 08:55:00,1.195,19.854,-14.5
2024-07-13 17:35:00,1.021,20.875,-13.479
2024-07-14 02:05:00,0.808,21.683,-12.671
2024-07-14 11:00:00,-1.1,20.583,-13.771
2024-07-14 21:25:00,2.343,22.926,-11.428
2024-07-15 02:25:00,2.412,25.338,-9.016
2024-07-15 10:30:00,-0.157,25.181,-9.173
2024-07-15 13:30:00,-1.184,23.997,-10.357
2024-07-15 23:05:00,1.762,25.759,-8.595
2024-07-16 05:35:00,-1.065,24.694,-9.66
2024-07-16 15:50:00,2.396,27.09,-7.264
2024-07-16 23:55:00,-0.269,26.821,-7.533
2024-07-17 08:15:00,-1.098,25.723,-8.631
2024-07-17 23:50:00,0.855,26.578,-7.776
2024-07-18 05:15:00,-1.098,25.48,-8.874
2024-07-18 13:20:00,-0.76,24.72,-9.634
2024-07-18 22:20:00,0.809,25.529,-8.825
2024-07-19 03:15:00,-1.085,24.444,-9.91
2024-07-19 13:55:00,-1.094,23.35,-11.004
2024-07-19 22:00:00,1.891,25.241,-9.113
2024-07-20 00:25:00,-1.158,24.083,-10.271
2024-07-20 06:25:00,2.359,26.442,-7.912
2024-07-20 13:15:00,-1.055,25.387,-8.967
2024-07-20 15:10:00,2.431,27.818,-6.536
2024-07-20 23:15:00,0.234,28.052,-6.302
2024-07-21 16:20:00,-0.599,27.453,-6.901
2024-07-21 19:45:00,-1.047,26.406,-7.948
2024-07-22 03:50:00,1.782,28.188,-6.166
2024-07-22 05:40:00,-1.119,27.069,-7.285
2024-07-22 18:25:00,1.084,28.153,-6.201
2024-07-22 21:10:00,-1.08,27.073,-7.281
2024-07-23 12:45:00,0.328,27.401,-6.953
2024-07-23 14:00:00,2.403,29.804,-4.55
2024-07-23 14:35:00,-1.049,28.755,-5.599
2024-07-24 00:55:00,-0.183,28.572,-5.782
2024-07-24 15:45:00,-1.107,27.465,-6.889
2024-07-24 23:50:00,1.32,28.785,-5.569
2024-07-25 09:05:00,0.796,29.581,-4.773
2024-07-25 14:45:00,-1.07,28.511,-5.843
2024-07-25 21:20:00,-1.072,27.439,-6.915
2024-07-26 09:05:00,1.027,28.466,-5.888
2024-07-26 10:15:00,-1.162,27.304,-7.05
2024-07-26 22:15:00,1.847,29.151,-5.203
2024-07-27 00:05:00,-1.109,28.042,-6.312
2024-07-27 05:40:00,-1.22,26.822,-7.532
2024-07-27 15:45:00,-1.075,25.747,-8.607
2024-07-27 20:25:00,-1.029,24.718,-9.636
2024-07-28 08:00:00,0.521,25.239,-9.115
2024-07-28 22:25:00,-0.086,25.153,-9.201
2024-07-29 10:20:00,1.616,26.769,-7.585
2024-07-29 22:05:00,1.329,28.098,-6.256
2024-07-30 14:45:00,2.303,30.401,-3.953
2024-07-30 19:10:00,2.363,32.764,-1.59
2024-07-31 03:15:00,-0.287,32.477,-1.877
2024-07-31 05:50:00,-1.09,31.387,-2.967
2024-07-31 13:15:00,-1.129,30.258,-4.096
2024-07-31 17:45:00,-1.096,29.162,-5.192
2024-08-01 02:25:00,1.575,30.737,-3.617
2024-08-01 05:00:00,2.362,33.099,-1.255
2024-08-01 09:10:00,-1.042,32.057,-2.297
2024-08-01 15:00:00,2.408,34.465,0.0
2024-08-01 23:05:00,-0.838,33.627,-0.838
2024-08-02 09:15:00,0.441,34.068,-0.397
2024-08-02 22:40:00,1.675,35.743,0.0
2024-08-03 03:10:00,-1.066,34.677,-1.066
2024-08-03 16:40:00,1.297,35.974,0.0
2024-08-04 01:05:00,0.15,36.124,0.0
2024-08-04 14:35:00,2.393,38.517,0.0
2024-08-04 22:40:00,-0.472,38.045,-0.472
2024-08-05 00:40:00,2.43,40.475,0.0
2024-08-05 01:10:00,2.476,42.951,0.0
2024-08-05 09:15:00,0.538,43.489,0.0
2024-08-05 13:35:00,-1.029,42.46,-1.029
2024-08-06 00:15:00,-1.027,41.433,-2.056
2024-08-06 08:20:00,0.038,41.471,-2.018
2024-08-06 16:35:00,-0.262,41.209,-2.28
2024-08-07 02:25:00,-1.045,40.164,-3.325
2024-08-07 10:30:00,0.858,41.022,-2.467
2024-08-07 22:20:00,1.081,42.103,-1.386
2024-08-08 09:45:00,0.356,42.459,-1.03
2024-08-08 12:30:00,2.337,44.796,0.0
2024-08-08 13:45:00,-1.038,43.758,-1.038
2024-08-08 19:55:00,-1.062,42.696,-2.1
2024-08-08 22:50:00,2.397,45.093,0.0
2024-08-09 06:55:00,-0.712,44.381,-0.712
2024-08-09 09:40:00,-1.127,43.254,-1.839
2024-08-09 14:30:00,-1.042,42.212,-2.881
2024-08-09 21:20:00,-1.124,41.088,-4.005
2024-08-10 04:50:00,-1.091,39.997,-5.096
2024-08-10 14:00:00,-1.115,38.882,-6.211
2024-08-10 23:15:00,0.246,39.128,-5.965
2024-08-11 02:45:00,2.406,41.534,-3.559
2024-08-11 10:50:00,-0.214,41.32,-3.773
2024-08-11 22:55:00,1.624,42.944,-2.149
2024-08-12 07:25:00,-1.158,41.786,-3.307
2024-08-12 13:55:00,-1.072,40.714,-4.379
2024-08-12 14:35:00,-1.033,39.681,-5.412
2024-08-12 23:05:00,-0.145,39.536,-5.557
2024-08-13 03:10:00,-1.091,38.445,-6.648
2024-08-13 11:15:00,0.929,39.374,-5.719
2024-08-13 14:30:00,-1.118,38.256,-6.837
2024-08-13 23:00:00,0.694,38.95,-6.143
2024-08-14 01:15:00,-1.12,37.83,-7.263
2024-08-14 11:05:00,-1.134,36.696,-8.397
2024-08-14 21:45:00,0.357,37.053,-8.04
2024-08-15 05:35:00,-1.141,35.912,-9.181
2024-08-15 06:15:00,-1.133,34.779,-10.314
2024-08-15 08:55:00,-1.133,33.646,-11.447
2024-08-15 17:55:00,-1.081,32.565,-12.528
2024-08-16 02:00:00,0.747,33.312,-11.781
2024-08-16 11:20:00,-1.219,32.093,-13.0
2024-08-16 18:00:00,-1.085,31.008,-14.085
2024-08-17 01:00:00,-1.205,29.803,-15.29
2024-08-17 22:55:00,0.546,30.349,-14.744
2024-08-18 04:30:00,-1.081,29.268,-15.825
2024-08-18 17:25:00,-1.136,28.132,-16.961
2024-08-19 01:30:00,1.107,29.239,-15.854
2024-08-19 13:15:00,-1.065,28.174,-16.919
2024-08-20 01:55:00,2.404,30.578,-14.515
2024-08-20 10:00:00,0.635,31.213,-13.88
2024-08-20 22:25:00,-0.269,30.944,-14.149
2024-08-21 02:10:00,-1.134,29.81,-15.283
2024-08-21 10:15:00,0.289,30.099,-14.994
2024-08-21 22:05:00,0.946,31.045,-14.048
2024-08-22 10:55:00,2.251,33.296,-11.797
2024-08-22 12:30:00,-1.113,32.183,-12.91
2024-08-23 00:05:00,-1.156,31.027,-14.066
2024-08-23 08:30:00,2.121,33.148,-11.945
2024-08-23 20:50:00,1.497,34.645,-10.448
2024-08-24 01:15:00,-1.088,33.557,-11.536
2024-08-24 12:45:00,-1.151,32.406,-12.687
2024-08-24 21:35:00,-1.045,31.361,-13.732
2024-08-25 09:35:00,0.853,32.214,-12.879
2024-08-25 23:45:00,-1.145,31.069,-14.024
2024-08-26 07:50:00,0.331,31.4,-13.693
2024-08-26 17:50:00,2.403,33.803,-11.29
2024-08-27 01:55:00,-0.392,33.411,-11.682
2024-08-27 16:35:00,1.178,34.589,-10.504
2024-08-27 18:15:00,-1.139,33.45,-11.643
2024-08-27 21:35:00,2.384,35.834,-9.259
2024-08-28 05:40:00,0.506,36.34,-8.753
2024-08-28 09:20:00,-1.181,35.159,-9.934
2024-08-28 19:00:00,-1.057,34.102,-10.991
2024-08-29 17:10:00,-1.105,32.997,-12.096
2024-08-30 01:15:00,0.465,33.462,-11.631
2024-08-30 10:10:00,2.295,35.757,-9.336
2024-08-30 11:45:00,-1.097,34.66,-10.433
2024-08-30 13:40:00,-1.116,33.544,-11.549
2024-08-30 22:25:00,-0.691,32.853,-12.24
2024-08-31 06:55:00,-0.016,32.837,-12.256
2024-08-31 10:45:00,-1.378,31.459,-13.634
2024-08-31 18:50:00,0.213,31.672,-13.421
2024-09-01 05:35:00,2.322,33.994,-11.099
2024-09-01 13:40:00,0.557,34.551,-10.542
2024-09-01 19:15:00,-1.134,33.417,-11.676
2024-09-01 22:55:00,2.408,35.825,-9.268
2024-09-02 07:00:00,-0.267,35.558,-9.535
2024-09-02 14:30:00,-1.136,34.422,-10.671
2024-09-02 21:00:00,2.344,36.766,-8.327
2024-09-03 05:05:00,-0.253,36.513,-8.58
2024-09-03 13:30:00,-1.149,35.364,-9.729
2024-09-03 21:40:00,0.915,36.279,-8.814
2024-09-04 01:00:00,2.366,38.645,-6.448
2024-09-04 09:05:00,-0.86,37.785,-7.308
2024-09-04 14:40:00,-1.084,36.701,-8.392
2024-09-04 22:45:00,0.626,37.327,-7.766
2024-09-05 10:15:00,0.203,37.53,-7.563
2024-09-05 15:25:00,-1.095,36.435,-8.658
2024-09-05 18:05:00,-1.053,35.382,-9.711
2024-09-05 19:15:00,-1.097,34.285,-10.808
2024-09-06 06:50:00,0.057,34.342,-10.751
2024-09-06 13:40:00,2.399,36.741,-8.352
2024-09-06 17:35:00,2.447,39.188,-5.905
2024-09-07 01:40:00,-0.405,38.783,-6.31
2024-09-07 20:20:00,-0.115,38.668,-6.425
2024-09-08 03:00:00,2.274,40.942,-4.151
2024-09-08 05:45:00,-1.086,39.856,-5.237
2024-09-08 12:25:00,-1.258,38.598,-6.495
2024-09-08 20:35:00,0.02,38.618,-6.475
2024-09-09 01:50:00,2.355,40.973,-4.12
2024-09-09 15:40:00,1.659,42.632,-2.461
2024-09-09 16:25:00,2.429,45.061,-0.032
2024-09-10 00:30:00,0.167,45.228,0.0
2024-09-10 13:00:00,-0.673,44.555,-0.673
2024-09-11 01:20:00,-0.548,44.007,-1.221
2024-09-11 11:05:00,1.076,45.083,-0.145
2024-09-11 17:05:00,-1.054,44.029,-1.199
2024-09-12 01:10:00,0.235,44.264,-0.964
2024-09-12 10:00:00,-0.606,43.658,-1.57
2024-09-12 14:15:00,-1.126,42.532,-2.696
2024-09-12 15:25:00,-1.081,41.451,-3.777
2024-09-12 22:25:00,-1.053,40.398,-4.83
2024-09-13 06:30:00,-0.197,40.201,-5.027
2024-09-13 14:35:00,2.4,42.601,-2.627
2024-09-13 22:40:00,0.147,42.748,-2.48
2024-09-14 17:05:00,-1.108,41.64,-3.588
2024-09-14 20:25:00,-1.134,40.506,-4.722
2024-09-15 00:25:00,2.082,42.588,-2.64
2024-09-15 04:25:00,-1.246,41.342,-3.886
2024-09-15 12:30:00,0.138,41.48,-3.748
2024-09-15 17:10:00,-1.159,40.321,-4.907
2024-09-16 01:45:00,2.407,42.728,-2.5
2024-09-16 08:20:00,-1.065,41.663,-3.565
2024-09-16 18:10:00,1.643,43.306,-1.922
2024-09-16 23:30:00,-1.095,42.211,-3.017
2024-09-17 04:40:00,-1.092,41.119,-4.109
2024-09-17 14:15:00,-1.149,39.97,-5.258
2024-09-17 19:45:00,-1.058,38.912,-6.316
2024-09-18 03:50:00,-0.815,38.097,-7.131
2024-09-18 09:10:00,-1.191,36.906,-8.322
2024-09-18 17:20:00,0.239,37.145,-8.083
2024-09-19 02:05:00,1.083,38.228,-7.0
2024-09-19 11:05:00,-1.171,37.057,-8.171
2024-09-19 20:20:00,0.848,37.905,-7.323
2024-09-20 05:20:00,2.375,40.28,-4.948
2024-09-20 08:35:00,-1.095,39.185,-6.043
2024-09-20 11:20:00,-1.237,37.948,-7.28
2024-09-20 18:55:00,-1.145,36.803,-8.425
2024-09-20 21:10:00,2.187,38.99,-6.238
2024-09-21 01:15:00,-1.104,37.886,-7.342
2024-09-21 07:45:00,-1.118,36.768,-8.46
2024-09-21 13:40:00,2.305,39.073,-6.155
2024-09-21 21:45:00,0.476,39.549,-5.679
2024-09-22 02:30:00,-1.114,38.435,-6.793
2024-09-22 18:25:00,0.625,39.06,-6.168
2024-09-22 22:40:00,-1.06,38.0,-7.228
2024-09-23 06:50:00,0.622,38.622,-6.606
2024-09-23 16:05:00,-0.422,38.2,-7.028
2024-09-24 06:20:00,-0.299,37.901,-7.327
2024-09-24 14:25:00,-1.131,36.77,-8.458
2024-09-25 01:40:00,0.761,37.531,-7.697
2024-09-25 05:40:00,-1.111,36.42,-8.808
2024-09-25 13:40:00,-1.136,35.284,-9.944
2024-09-25 22:05:00,-1.162,34.122,-11.106
2024-09-26 05:30:00,-1.093,33.029,-12.199
2024-09-26 06:35:00,2.41,35.439,-9.789
2024-09-26 14:40:00,0.354,35.793,-9.435
2024-09-26 16:55:00,2.416,38.209,-7.019
2024-09-26 20:55:00,-1.043,37.166,-8.062
2024-09-27 06:00:00,2.425,39.591,-5.637
2024-09-27 14:05:00,1.411,41.002,-4.226
2024-09-27 22:05:00,-1.063,39.939,-5.289
2024-09-28 05:50:00,-1.06,38.879,-6.349
2024-09-28 14:15:00,2.421,41.3,-3.928
2024-09-28 22:20:00,0.208,41.508,-3.72
2024-09-29 06:20:00,-1.056,40.452,-4.776
2024-09-29 23:25:00,-1.087,39.365,-5.863
2024-09-30 07:30:00,0.809,40.174,-5.054
2024-09-30 14:15:00,2.386,42.56,-2.668
2024-09-30 22:20:00,0.946,43.506,-1.722
2024-10-01 04:35:00,-1.049,42.457,-2.771
2024-10-01 13:40:00,2.404,44.861,-0.367
2024-10-01 17:10:00,2.46,47.321,0.0
2024-10-02 01:15:00,-0.244,47.077,-0.244
2024-10-02 06:30:00,-1.118,45.959,-1.362
2024-10-02 17:35:00,0.867,46.826,-0.495
2024-10-03 01:25:00,-1.079,45.747,-1.574
2024-10-03 06:30:00,-1.171,44.576,-2.745
2024-10-03 16:05:00,0.266,44.842,-2.479
2024-10-04 09:25:00,0.845,45.687,-1.634
2024-10-04 14:05:00,-1.092,44.595,-2.726
2024-10-05 00:40:00,0.349,44.944,-2.377
2024-10-05 02:10:00,-1.121,43.823,-3.498
2024-10-05 07:00:00,-1.095,42.728,-4.593
2024-10-05 15:05:00,-0.417,42.311,-5.01
2024-10-05 16:50:00,-1.191,41.12,-6.201
2024-10-05 22:15:00,-1.173,39.947,-7.374
2024-10-06 06:20:00,-0.099,39.848,-7.473
2024-10-06 14:25:00,2.26,42.108,-5.213
2024-10-06 22:30:00,-0.368,41.74,-5.581
2024-10-07 07:05:00,1.527,43.267,-4.054
2024-10-07 14:20:00,2.385,45.652,-1.669
2024-10-07 18:15:00,-1.041,44.611,-2.71
2024-10-08 02:50:00,0.135,44.746,-2.575
2024-10-08 13:30:00,0.26,45.006,-2.315
2024-10-08 22:35:00,-0.515,44.491,-2.83
2024-10-09 00:40:00,-1.126,43.365,-3.956
2024-10-09 13:35:00,-1.136,42.229,-5.092
2024-10-09 15:10:00,-1.078,41.151,-6.17
2024-10-09 20:15:00,-1.041,40.11,-7.211
2024-10-10 04:20:00,-0.15,39.96,-7.361
2024-10-10 13:50:00,2.344,42.304,-5.017
2024-10-10 21:55:00,-0.583,41.721,-5.6
2024-10-11 10:45:00,0.66,42.381,-4.94
2024-10-11 13:15:00,-1.192,41.189,-6.132
2024-10-11 22:10:00,2.154,43.343,-3.978
2024-10-12 14:40:00,0.915,44.258,-3.063
2024-10-12 22:00:00,-1.236,43.022,-4.299
2024-10-13 11:40:00,-1.102,41.92,-5.401
2024-10-13 14:05:00,-1.33,40.59,-6.731
2024-10-13 22:50:00,-0.529,40.061,-7.26
2024-10-14 03:25:00,-1.083,38.978,-8.343
2024-10-14 11:30:00,0.6,39.578,-7.743
2024-10-14 22:05:00,1.183,40.761,-6.56
2024-10-15 06:20:00,-0.362,40.399,-6.922
2024-10-15 13:45:00,-1.085,39.314,-8.007
2024-10-15 14:35:00,-1.043,38.271,-9.05
2024-10-15 22:50:00,-0.351,37.92,-9.401
2024-10-16 06:55:00,1.29,39.21,-8.111
2024-10-16 09:40:00,2.457,41.667,-5.654
2024-10-16 17:45:00,-0.107,41.56,-5.761
2024-10-16 21:20:00,-1.047,40.513,-6.808
2024-10-17 15:35:00,-1.092,39.421,-7.9
2024-10-18 00:25:00,2.459,41.88,-5.441
2024-10-18 08:30:00,0.003,41.883,-5.438
2024-10-18 22:50:00,0.726,42.609,-4.712
2024-10-19 09:35:00,1.167,43.776,-3.545
2024-10-19 11:35:00,-1.107,42.669,-4.652
2024-10-19 15:35:00,-1.08,41.589,-5.732
2024-10-19 23:15:00,2.357,43.946,-3.375
2024-10-20 02:20:00,-1.056,42.89,-4.431
2024-10-20 12:35:00,-1.061,41.829,-5.492
2024-10-20 20:40:00,-0.34,41.489,-5.832
2024-10-21 05:00:00,2.44,43.929,-3.392
2024-10-21 09:30:00,-1.034,42.895,-4.426
2024-10-21 19:50:00,-1.055,41.84,-5.481
2024-10-22 00:30:00,-1.075,40.765,-6.556
2024-10-22 09:35:00,-0.771,39.994,-7.327
2024-10-22 17:40:00,1.174,41.168,-6.153
2024-10-23 07:50:00,-0.267,40.901,-6.42
2024-10-23 14:10:00,-1.049,39.852,-7.469
2024-10-23 23:40:00,-1.056,38.796,-8.525
2024-10-24 07:25:00,-1.09,37.706,-9.615
2024-10-24 12:20:00,-1.106,36.6,-10.721
2024-10-24 20:25:00,0.599,37.199,-10.122
2024-10-25 00:35:00,-1.081,36.118,-11.203
2024-10-25 09:10:00,0.947,37.065,-10.256
2024-10-25 18:00:00,2.405,39.47,-7.851
2024-10-26 02:05:00,0.891,40.361,-6.96
2024-10-26 16:45:00,-1.11,39.251,-8.07
2024-10-27 01:20:00,0.134,39.385,-7.936
2024-10-27 10:00:00,-0.51,38.875,-8.446
2024-10-27 11:15:00,-1.201,37.674,-9.647
2024-10-27 16:00:00,2.399,40.073,-7.248
2024-10-28 00:05:00,0.347,40.42,-6.901
2024-10-28 11:00:00,-0.236,40.184,-7.137
2024-10-28 13:20:00,2.375,42.559,-4.762
2024-10-28 14:00:00,-1.07,41.489,-5.832
2024-10-28 19:45:00,2.458,43.947,-3.374
2024-10-29 03:50:00,0.641,44.588,-2.733
2024-10-29 16:15:00,2.448,47.036,-0.285
2024-10-30 00:20:00,-0.015,47.021,-0.3
2024-10-30 00:40:00,-1.071,45.95,-1.371
2024-10-30 07:45:00,-1.038,44.912,-2.409
2024-10-30 15:10:00,-1.094,43.818,-3.503
2024-10-30 21:45:00,-1.036,42.782,-4.539
2024-10-31 00:40:00,-1.072,41.71,-5.611
2024-10-31 06:45:00,-1.087,40.623,-6.698
2024-10-31 12:05:00,-1.076,39.547,-7.774
2024-10-31 20:45:00,2.455,42.002,-5.319
2024-10-31 22:45:00,-1.038,40.964,-6.357
2024-11-01 07:05:00,2.437,43.401,-3.92
2024-11-01 10:15:00,-1.03,42.371,-4.95
2024-11-01 15:40:00,-1.073,41.298,-6.023
2024-11-01 23:45:00,0.208,41.506,-5.815
2024-11-02 05:35:00,-1.153,40.353,-6.968
2024-11-02 16:40:00,0.653,41.006,-6.315
2024-11-02 23:55:00,-1.099,39.907,-7.414
2024-11-03 02:30:00,2.43,42.337,-4.984
2024-11-03 10:35:00,0.067,42.404,-4.917
2024-11-03 15:45:00,2.436,44.84,-2.481
2024-11-03 16:00:00,-1.058,43.782,-3.539
2024-11-04 01:20:00,-1.058,42.724,-4.597
2024-11-04 10:00:00,-1.066,41.658,-5.663
2024-11-04 18:10:00,0.409,42.067,-5.254
2024-11-04 21:20:00,-1.058,41.009,-6.312
2024-11-05 00:00:00,-1.031,39.978,-7.343
2024-11-05 00:45:00,2.437,42.415,-4.906
2024-11-05 08:50:00,0.197,42.612,-4.709
2024-11-05 10:05:00,-1.06,41.552,-5.769
2024-11-05 19:35:00,0.384,41.936,-5.385
2024-11-06 02:25:00,2.469,44.405,-2.916
2024-11-06 03:05:00,2.479,46.884,-0.437
2024-11-06 11:10:00,-0.219,46.665,-0.656
2024-11-06 14:15:00,-1.031,45.634,-1.687
2024-11-07 02:15:00,1.072,46.706,-0.615
2024-11-07 15:45:00,-1.047,45.659,-1.662
2024-11-07 23:50:00,0.05,45.709,-1.612
2024-11-08 08:10:00,0.281,45.99,-1.331
2024-11-08 22:05:00,2.422,48.412,0.0
2024-11-09 06:10:00,0.214,48.626,0.0
2024-11-09 14:15:00,0.069,48.695,0.0
2024-11-10 00:40:00,2.464,51.159,0.0
2024-11-10 08:45:00,1.028,52.187,0.0
2024-11-10 12:45:00,2.443,54.63,0.0
2024-11-10 14:40:00,-1.033,53.597,-1.033
2024-11-10 17:50:00,2.469,56.066,0.0
2024-11-10 21:00:00,-1.015,55.051,-1.015
2024-11-11 06:25:00,-0.077,54.974,-1.092
2024-11-11 16:10:00,2.477,57.451,0.0
2024-11-12 00:15:00,0.071,57.522,0.0
2024-11-12 08:55:00,2.115,59.637,0.0
2024-11-12 09:45:00,-1.016,58.621,-1.016
2024-11-13 02:30:00,-0.438,58.183,-1.454
2024-11-13 14:30:00,2.468,60.651,0.0
2024-11-13 19:15:00,-1.015,59.636,-1.015
2024-11-14 03:05:00,-1.033,58.603,-2.048
2024-11-14 15:00:00,-1.027,57.576,-3.075
2024-11-14 23:30:00,2.456,60.032,-0.619
2024-11-15 07:35:00,-0.443,59.589,-1.062
2024-11-15 19:40:00,-1.044,58.545,-2.106
2024-11-16 04:20:00,0.211,58.756,-1.895
2024-11-16 09:20:00,-1.036,57.72,-2.931
2024-11-16 17:25:00,0.287,58.007,-2.644
2024-11-17 02:05:00,2.45,60.457,-0.194
2024-11-17 09:00:00,-1.018,59.439,-1.212
2024-11-17 12:45:00,-1.044,58.395,-2.256
2024-11-17 14:25:00,-1.038,57.357,-3.294
2024-11-17 16:45:00,-1.056,56.301,-4.35
2024-11-18 01:20:00,-1.047,55.254,-5.397
2024-11-18 10:00:00,0.338,55.592,-5.059
2024-11-18 15:40:00,-1.075,54.517,-6.134
2024-11-18 23:55:00,-0.422,54.095,-6.556
2024-11-19 04:20:00,2.423,56.518,-4.133
2024-11-19 12:25:00,0.04,56.558,-4.093
2024-11-19 18:15:00,2.442,59.0,-1.651
2024-11-19 20:30:00,-1.039,57.961,-2.69
2024-11-20 12:45:00,-1.076,56.885,-3.766
2024-11-20 13:15:00,-1.049,55.836,-4.815
2024-11-20 16:10:00,-1.037,54.799,-5.852
2024-11-21 00:30:00,-0.342,54.457,-6.194
2024-11-21 02:15:00,-1.048,53.409,-7.242
2024-11-21 04:30:00,-1.051,52.358,-8.293
2024-11-21 12:35:00,0.459,52.817,-7.834
2024-11-21 14:40:00,-1.044,51.773,-8.878
2024-11-21 23:30:00,-0.506,51.267,-9.384
2024-11-22 10:30:00,-0.284,50.983,-9.668
2024-11-22 20:00:00,0.545,51.528,-9.123
2024-11-23 04:00:00,2.463,53.991,-6.66
2024-11-23 12:05:00,0.735,54.726,-5.925
2024-11-24 05:45:00,-0.094,54.632,-6.019
2024-11-24 12:35:00,2.456,57.088,-3.563
2024-11-24 18:40:00,-1.026,56.062,-4.589
2024-11-25 00:35:00,-1.049,55.013,-5.638
2024-11-25 08:05:00,-1.038,53.975,-6.676
2024-11-25 11:40:00,-1.06,52.915,-7.736
2024-11-25 14:50:00,2.438,55.353,-5.298
2024-11-25 16:15:00,-1.032,54.321,-6.33
2024-11-25 19:30:00,-1.068,53.253,-7.398
2024-11-26 02:50:00,-1.042,52.211,-8.44
2024-11-26 11:00:00,2.455,54.666,-5.985
2024-11-26 19:05:00,-0.097,54.569,-6.082
2024-11-27 04:20:00,-1.044,53.525,-7.126
2024-11-27 09:05:00,-1.107,52.418,-8.233
2024-11-27 14:40:00,-1.049,51.369,-9.282
2024-11-27 22:45:00,0.463,51.832,-8.819
2024-11-28 09:00:00,-0.338,51.494,-9.157
2024-11-28 22:55:00,-1.048,50.446,-10.205
2024-11-29 00:30:00,-1.102,49.344,-11.307
2024-11-29 07:50:00,-1.082,48.262,-12.389
2024-11-29 09:35:00,-1.066,47.196,-13.455
2024-11-29 16:30:00,2.43,49.626,-11.025
2024-11-30 02:10:00,-0.666,48.96,-11.691
2024-11-30 11:55:00,-0.142,48.818,-11.833
2024-12-01 00:25:00,-0.213,48.605,-12.046
2024-12-01 02:30:00,-1.049,47.556,-13.095
2024-12-01 10:35:00,-0.099,47.457,-13.194
2024-12-01 16:10:00,2.413,49.87,-10.781
2024-12-02 00:15:00,0.61,50.48,-10.171
2024-12-02 03:55:00,-1.045,49.435,-11.216
2024-12-02 08:40:00,2.458,51.893,-8.758
2024-12-02 15:40:00,-1.019,50.874,-9.777
2024-12-02 16:40:00,-1.026,49.848,-10.803
2024-12-03 00:45:00,-0.07,49.778,-10.873
2024-12-03 15:20:00,0.332,50.11,-10.541
2024-12-04 00:10:00,-1.077,49.033,-11.618
2024-12-04 12:10:00,-1.139,47.894,-12.757
2024-12-04 20:15:00,-1.07,46.824,-13.827
2024-12-04 21:20:00,2.428,49.252,-11.399
2024-12-05 01:10:00,-1.027,48.225,-12.426
2024-12-05 03:05:00,-1.018,47.207,-13.444
2024-12-05 11:10:00,0.447,47.654,-12.997
2024-12-05 15:20:00,-1.092,46.562,-14.089
2024-12-06 08:55:00,-0.137,46.425,-14.226
2024-12-06 17:15:00,-0.483,45.942,-14.709
2024-12-06 21:55:00,-1.083,44.859,-15.792
2024-12-07 03:20:00,-1.063,43.796,-16.855
2024-12-07 06:45:00,-1.126,42.67,-17.981
2024-12-07 14:50:00,1.216,43.886,-16.765
2024-12-07 23:15:00,-0.031,43.855,-16.796
2024-12-08 09:15:00,-0.419,43.436,-17.215
2024-12-08 11:25:00,-1.059,42.377,-18.274
2024-12-08 19:45:00,0.775,43.152,-17.499
2024-12-09 08:50:00,2.435,45.587,-15.064
2024-12-09 14:50:00,-1.034,44.553,-16.098
2024-12-09 20:25:00,2.394,46.947,-13.704
2024-12-09 21:00:00,2.471,49.418,-11.233
2024-12-10 05:05:00,-0.515,48.903,-11.748
2024-12-10 15:55:00,2.46,51.363,-9.288
2024-12-11 00:00:00,-0.795,50.568,-10.083
2024-12-11 08:40:00,-1.031,49.537,-11.114
2024-12-11 21:35:00,1.241,50.778,-9.873
2024-12-11 23:50:00,-1.102,49.676,-10.975
2024-12-12 11:00:00,-0.794,48.882,-11.769
2024-12-12 13:35:00,-1.076,47.806,-12.845
2024-12-13 03:40:00,-0.44,47.366,-13.285
2024-12-13 14:30:00,-1.073,46.293,-14.358
2024-12-13 15:50:00,-1.07,45.223,-15.428
2024-12-13 23:55:00,-0.652,44.571,-16.08
2024-12-14 08:00:00,0.111,44.682,-15.969
2024-12-14 13:15:00,2.369,47.051,-13.6
2024-12-14 21:20:00,0.918,47.969,-12.682
2024-12-15 09:40:00,-1.071,46.898,-13.753
2024-12-15 20:05:00,0.084,46.982,-13.669
2024-12-15 21:25:00,2.198,49.18,-11.471
2024-12-15 23:05:00,-1.078,48.102,-12.549
2024-12-16 00:45:00,2.415,50.517,-10.134
2024-12-16 03:45:00,-1.04,49.477,-11.174
2024-12-16 11:50:00,2.375,51.852,-8.799
2024-12-16 14:45:00,-1.071,50.781,-9.87
2024-12-17 00:10:00,-0.556,50.225,-10.426
2024-12-17 08:15:00,-0.082,50.143,-10.508
2024-12-17 15:15:00,-1.086,49.057,-11.594
2024-12-17 23:20:00,0.309,49.366,-11.285
2024-12-18 06:40:00,2.419,51.785,-8.866
2024-12-18 09:30:00,-1.05,50.735,-9.916
2024-12-18 20:05:00,2.434,53.169,-7.482
2024-12-19 04:10:00,-0.108,53.061,-7.59
2024-12-19 10:35:00,-1.072,51.989,-8.662
2024-12-19 17:50:00,2.461,54.45,-6.201
2024-12-20 01:55:00,0.18,54.63,-6.021
2024-12-20 08:55:00,2.452,57.082,-3.569
2024-12-20 17:00:00,-0.518,56.564,-4.087
2024-12-20 22:20:00,-1.031,55.533,-5.118
2024-12-21 05:55:00,2.409,57.942,-2.709
2024-12-21 12:35:00,-1.026,56.916,-3.735
2024-12-21 20:40:00,0.373,57.289,-3.362
2024-12-22 09:45:00,-1.042,56.247,-4.404
2024-12-22 22:25:00,0.908,57.155,-3.496
2024-12-23 01:35:00,-1.06,56.095,-4.556
2024-12-23 11:15:00,-0.034,56.061,-4.59
2024-12-23 19:30:00,-1.046,55.015,-5.636
2024-12-24 03:35:00,0.624,55.639,-5.012
2024-12-24 15:30:00,2.434,58.073,-2.578
2024-12-24 20:00:00,-1.058,57.015,-3.636
2024-12-25 03:20:00,-1.067,55.948,-4.703
2024-12-25 11:55:00,-1.045,54.903,-5.748
2024-12-25 21:15:00,-1.136,53.767,-6.884
2024-12-26 01:40:00,-1.094,52.673,-7.978
2024-12-26 08:20:00,2.425,55.098,-5.553
2024-12-26 16:25:00,0.165,55.263,-5.388
2024-12-26 22:15:00,-1.082,54.181,-6.47
2024-12-27 06:55:00,-1.071,53.11,-7.541
2024-12-27 09:00:00,-1.052,52.058,-8.593
2024-12-27 15:15:00,-1.043,51.015,-9.636
2024-12-27 23:20:00,-0.153,50.862,-9.789
2024-12-28 17:05:00,1.36,52.222,-8.429
2024-12-29 01:10:00,-0.063,52.159,-8.492
2024-12-29 11:30:00,0.723,52.882,-7.769
2024-12-29 20:30:00,2.407,55.289,-5.362
2024-12-29 21:00:00,-1.102,54.187,-6.464
2024-12-30 00:15:00,-1.096,53.091,-7.56
2024-12-30 09:25:00,0.656,53.747,-6.904
2024-12-30 10:50:00,-1.125,52.622,-8.029
2024-12-30 13:10:00,-1.14,51.482,-9.169
2024-12-30 21:25:00,-0.17,51.312,-9.339
2024-12-31 05:35:00,0.96,52.272,-8.379
2024-12-31 16:30:00,0.579,52.851,-7.8
2025-01-01 00:30:00,-1.124,51.727,-8.924
2025-01-01 08:25:00,-1.073,50.654,-9.997
2025-01-01 12:20:00,-1.135,49.519,-11.132
2025-01-01 18:45:00,2.373,51.892,-8.759
2025-01-02 00:40:00,2.437,54.329,-6.322
2025-01-02 08:45:00,0.018,54.347,-6.304
2025-01-02 10:25:00,2.391,56.738,-3.913
2025-01-02 14:00:00,-1.049,55.689,-4.962
2025-01-03 10:10:00,-0.272,55.417,-5.234
2025-01-03 11:55:00,2.36,57.777,-2.874
2025-01-03 16:20:00,2.458,60.235,-0.416
2025-01-04 00:25:00,0.333,60.568,-0.083
2025-01-04 11:15:00,-0.071,60.497,-0.154
2025-01-04 15:25:00,-1.116,59.381,-1.27
2025-01-04 21:25:00,2.346,61.727,0.0
2025-01-05 05:30:00,-0.4,61.327,-0.4
2025-01-05 23:40:00,-0.326,61.001,-0.726
2025-01-06 01:50:00,-1.1,59.901,-1.826
2025-01-06 10:10:00,-0.218,59.683,-2.044
2025-01-06 13:10:00,-1.141,58.542,-3.185
2025-01-06 22:50:00,-0.203,58.339,-3.388
2025-01-07 08:40:00,1.191,59.53,-2.197
2025-01-07 11:25:00,-1.079,58.451,-3.276
2025-01-07 15:10:00,2.447,60.898,-0.829
2025-01-07 23:15:00,1.068,61.966,0.0
2025-01-08 14:35:00,-1.073,60.893,-1.073
2025-01-09 01:05:00,-0.777,60.116,-1.85
2025-01-09 10:10:00,0.596,60.712,-1.254
2025-01-09 15:50:00,-1.059,59.653,-2.313
2025-01-10 00:50:00,-1.047,58.606,-3.36
2025-01-10 17:55:00,-1.026,57.58,-4.386
2025-01-11 02:00:00,-0.296,57.284,-4.682
2025-01-11 06:00:00,-1.145,56.139,-5.827
2025-01-11 18:50:00,-0.283,55.856,-6.11
2025-01-11 21:05:00,2.37,58.226,-3.74
2025-01-12 05:10:00,-0.384,57.842,-4.124
2025-01-12 15:20:00,-1.087,56.755,-5.211
2025-01-12 21:10:00,-1.106,55.649,-6.317
2025-01-13 00:25:00,-1.117,54.532,-7.434
2025-01-13 02:30:00,-1.059,53.473,-8.493
2025-01-13 10:35:00,1.803,55.276,-6.69
2025-01-13 15:15:00,-1.056,54.22,-7.746
2025-01-14 00:20:00,2.426,56.646,-5.32
2025-01-14 05:05:00,2.366,59.012,-2.954
2025-01-14 06:00:00,-1.11,57.902,-4.064
2025-01-14 09:35:00,2.348,60.25,-1.716
2025-01-14 17:40:00,0.245,60.495,-1.471
2025-01-15 02:10:00,0.811,61.306,-0.66
2025-01-15 05:05:00,-1.083,60.223,-1.743
2025-01-15 21:35:00,0.463,60.686,-1.28
2025-01-16 00:35:00,-1.095,59.591,-2.375
2025-01-16 14:40:00,-1.04,58.551,-3.415
2025-01-16 21:00:00,-1.07,57.481,-4.485
2025-01-17 08:15:00,2.448,59.929,-2.037
2025-01-17 16:20:00,0.512,60.441,-1.525
2025-01-18 00:35:00,1.096,61.537,-0.429
2025-01-18 03:35:00,-1.034,60.503,-1.463
2025-01-18 13:35:00,-0.099,60.404,-1.562
2025-01-19 00:50:00,-1.038,59.366,-2.6
2025-01-19 04:15:00,-1.074,58.292,-3.674
2025-01-19 09:05:00,2.457,60.749,-1.217
2025-01-19 15:05:00,-1.021,59.728,-2.238
2025-01-19 20:50:00,-1.087,58.641,-3.325
2025-01-20 05:30:00,1.187,59.828,-2.138
2025-01-20 17:25:00,-1.03,58.798,-3.168
2025-01-21 01:40:00,0.325,59.123,-2.843
2025-01-21 11:25:00,-1.032,58.091,-3.875
2025-01-21 19:30:00,0.345,58.436,-3.53
2025-01-22 03:15:00,-1.069,57.367,-4.599
2025-01-22 04:30:00,-1.099,56.268,-5.698
2025-01-22 08:15:00,2.343,58.611,-3.355
2025-01-22 12:10:00,-1.085,57.526,-4.44
2025-01-22 21:40:00,0.341,57.867,-4.099
2025-01-23 07:15:00,0.372,58.239,-3.727
2025-01-23 13:40:00,-1.09,57.149,-4.817
2025-01-23 20:20:00,-1.051,56.098,-5.868
2025-01-24 05:20:00,-0.756,55.342,-6.624
2025-01-24 13:35:00,0.588,55.93,-6.036
2025-01-25 04:25:00,0.596,56.526,-5.44
2025-01-25 11:45:00,-1.228,55.298,-6.668
2025-01-25 23:05:00,0.644,55.942,-6.024
2025-01-26 07:20:00,0.179,56.121,-5.845
2025-01-26 17:10:00,0.139,56.26,-5.706
2025-01-26 22:05:00,2.357,58.617,-3.349
2025-01-27 02:00:00,2.445,61.062,-0.904
2025-01-27 06:35:00,2.432,63.494,0.0
2025-01-27 13:05:00,-1.042,62.452,-1.042
2025-01-27 20:15:00,-1.069,61.383,-2.111
2025-01-28 09:25:00,-1.107,60.276,-3.218
2025-01-28 14:45:00,-1.076,59.2,-4.294
2025-01-29 00:55:00,0.528,59.728,-3.766
2025-01-29 10:00:00,-1.1,58.628,-4.866
2025-01-29 18:05:00,0.357,58.985,-4.509
2025-01-29 19:40:00,-1.053,57.932,-5.562
2025-01-30 04:30:00,-0.1,57.832,-5.662
2025-01-30 06:55:00,-1.174,56.658,-6.836
2025-01-30 17:40:00,-0.086,56.572,-6.922
2025-01-31 10:30:00,0.672,57.244,-6.25
2025-01-31 13:10:00,2.382,59.626,-3.868
2025-01-31 14:50:00,-1.072,58.554,-4.94
2025-01-31 18:20:00,-1.047,57.507,-5.987
2025-02-01 02:25:00,-0.004,57.503,-5.991
2025-02-01 11:35:00,0.925,58.428,-5.066
2025-02-01 20:05:00,2.409,60.837,-2.657
2025-02-02 03:55:00,2.442,63.279,-0.215
2025-02-02 12:00:00,0.523,63.802,0.0
2025-02-02 17:35:00,2.453,66.255,0.0
2025-02-03 00:40:00,2.475,68.73,0.0
2025-02-03 08:45:00,-0.108,68.622,-0.108
2025-02-03 14:35:00,-1.027,67.595,-1.135
2025-02-03 22:05:00,2.451,70.046,0.0
2025-02-04 05:00:00,-1.022,69.024,-1.022
2025-02-04 13:05:00,0.003,69.027,-1.019
2025-02-04 23:20:00,0.19,69.217,-0.829
2025-02-05 23:00:00,1.865,71.082,0.0
2025-02-06 11:15:00,-1.098,69.984,-1.098
2025-02-06 15:15:00,2.411,72.395,0.0
2025-02-06 23:20:00,0.937,73.332,0.0
2025-02-07 07:15:00,-1.115,72.217,-1.115
2025-02-07 17:05:00,-1.057,71.16,-2.172
2025-02-07 20:35:00,2.403,73.563,0.0
2025-02-08 04:40:00,-0.003,73.56,-0.003
2025-02-08 06:25:00,-1.114,72.446,-1.117
2025-02-09 01:05:00,0.443,72.889,-0.674
2025-02-09 09:15:00,0.543,73.432,-0.131
2025-02-09 21:20:00,1.249,74.681,0.0
2025-02-09 22:00:00,2.426,77.107,0.0
2025-02-10 00:05:00,-1.024,76.083,-1.024
2025-02-10 08:10:00,-1.031,75.052,-2.055
2025-02-10 21:55:00,0.111,75.163,-1.944
2025-02-11 05:35:00,2.42,77.583,0.0
2025-02-11 13:40:00,-0.895,76.688,-0.895
2025-02-11 21:45:00,1.097,77.785,0.0
2025-02-12 01:50:00,-1.15,76.635,-1.15
2025-02-12 07:30:00,-1.073,75.562,-2.223
2025-02-12 13:30:00,-1.101,74.461,-3.324
2025-02-12 17:00:00,-1.034,73.427,-4.358
2025-02-13 01:05:00,0.534,73.961,-3.824
2025-02-13 14:35:00,1.391,75.352,-2.433
2025-02-14 05:45:00,-0.002,75.35,-2.435
2025-02-14 09:40:00,2.387,77.737,-0.048
2025-02-14 17:45:00,2.449,80.186,0.0
2025-02-14 22:35:00,-1.02,79.166,-1.02
2025-02-15 09:40:00,0.027,79.193,-0.993
2025-02-16 04:25:00,-0.241,78.952,-1.234
2025-02-16 15:15:00,0.748,79.7,-0.486
2025-02-17 01:50:00,-1.101,78.599,-1.587
2025-02-17 11:10:00,0.148,78.747,-1.439
2025-02-17 15:30:00,-1.069,77.678,-2.508
2025-02-17 23:35:00,1.26,78.938,-1.248
2025-02-18 07:00:00,2.413,81.351,0.0
2025-02-18 09:55:00,-1.077,80.274,-1.077
2025-02-18 22:50:00,0.194,80.468,-0.883
2025-02-19 07:00:00,-1.08,79.388,-1.963
2025-02-19 12:50:00,-1.179,78.209,-3.142
2025-02-19 14:35:00,-1.136,77.073,-4.278
2025-02-19 22:45:00,-0.285,76.788,-4.563
2025-02-20 07:05:00,-0.216,76.572,-4.779
2025-02-20 15:00:00,-1.109,75.463,-5.888
2025-02-20 23:05:00,-0.008,75.455,-5.896
2025-02-21 05:45:00,-1.154,74.301,-7.05
2025-02-21 06:15:00,-1.226,73.075,-8.276
2025-02-21 15:35:00,-1.056,72.019,-9.332
2025-02-21 23:40:00,1.44,73.459,-7.892
2025-02-22 15:25:00,-1.139,72.32,-9.031
2025-02-23 01:20:00,-1.12,71.2,-10.151
2025-02-23 07:35:00,-1.14,70.06,-11.291
2025-02-23 11:45:00,-1.112,68.948,-12.403
2025-02-23 15:45:00,2.31,71.258,-10.093
2025-02-23 23:50:00,-0.725,70.533,-10.818
2025-02-24 03:25:00,2.435,72.968,-8.383
2025-02-24 11:30:00,-0.094,72.874,-8.477
2025-02-24 22:00:00,2.438,75.312,-6.039
2025-02-25 06:05:00,-0.009,75.303,-6.048
2025-02-25 15:25:00,0.297,75.6,-5.751
2025-02-25 16:45:00,-1.03,74.57,-6.781
2025-02-26 02:50:00,-1.079,73.491,-7.86
2025-02-26 13:40:00,0.752,74.243,-7.108
2025-02-26 14:45:00,-1.12,73.123,-8.228
2025-02-26 22:00:00,-1.041,72.082,-9.269
2025-02-27 13:50:00,-1.102,70.98,-10.371
2025-02-27 16:05:00,-1.094,69.886,-11.465
2025-02-28 01:50:00,2.447,72.333,-9.018
2025-02-28 09:55:00,0.554,72.887,-8.464
2025-03-01 02:35:00,1.586,74.473,-6.878
2025-03-01 06:15:00,-1.121,73.352,-7.999
2025-03-01 10:20:00,-1.084,72.268,-9.083
2025-03-01 16:10:00,-1.104,71.164,-10.187
2025-03-02 00:15:00,0.462,71.626,-9.725
2025-03-02 13:15:00,-1.083,70.543,-10.808
2025-03-02 15:25:00,-1.084,69.459,-11.892
2025-03-02 16:25:00,2.462,71.921,-9.43
2025-03-03 00:30:00,0.209,72.13,-9.221
2025-03-03 14:35:00,-1.068,71.062,-10.289
2025-03-03 19:10:00,2.461,73.523,-7.828
2025-03-04 03:15:00,1.02,74.543,-6.808
2025-03-04 14:35:00,-1.047,73.496,-7.855
2025-03-04 19:00:00,-1.019,72.477,-8.874
2025-03-05 01:25:00,-1.075,71.402,-9.949
2025-03-05 04:25:00,-1.058,70.344,-11.007
2025-03-05 09:20:00,-1.031,69.313,-12.038
2025-03-05 13:40:00,-1.065,68.248,-13.103
2025-03-05 21:45:00,-0.813,67.435,-13.916
2025-03-06 00:05:00,-1.198,66.237,-15.114
2025-03-06 05:00:00,2.422,68.659,-12.692
2025-03-06 07:55:00,-1.031,67.628,-13.723
2025-03-06 15:15:00,-1.117,66.511,-14.84
2025-03-07 00:50:00,2.452,68.963,-12.388
2025-03-07 08:55:00,-0.727,68.236,-13.115
2025-03-07 16:20:00,-1.101,67.135,-14.216
2025-03-07 18:50:00,-1.035,66.1,-15.251
2025-03-07 21:05:00,-1.056,65.044,-16.307
2025-03-08 05:10:00,0.353,65.397,-15.954
2025-03-08 15:50:00,0.704,66.101,-15.25
2025-03-09 00:25:00,-0.372,65.729,-15.622
2025-03-09 10:00:00,1.157,66.886,-14.465
2025-03-09 13:35:00,2.407,69.293,-12.058
2025-03-09 15:45:00,2.41,71.703,-9.648
2025-03-09 18:15:00,2.454,74.157,-7.194
2025-03-09 20:15:00,-1.026,73.131,-8.22
2025-03-10 00:45:00,-1.082,72.049,-9.302
2025-03-10 17:00:00,2.457,74.506,-6.845
2025-03-11 01:05:00,2.133,76.639,-4.712
2025-03-11 13:25:00,-1.056,75.583,-5.768
2025-03-11 16:25:00,-1.024,74.559,-6.792
2025-03-12 02:15:00,-0.014,74.545,-6.806
2025-03-12 08:45:00,-1.036,73.509,-7.842
2025-03-12 15:00:00,-1.04,72.469,-8.882
2025-03-12 16:10:00,-1.044,71.425,-9.926
2025-03-13 02:45:00,0.776,72.201,-9.15
2025-03-13 12:55:00,-1.086,71.115,-10.236
2025-03-13 22:00:00,0.457,71.572,-9.779
2025-03-14 09:35:00,0.909,72.481,-8.87
2025-03-14 20:20:00,-1.038,71.443,-9.908
2025-03-15 06:35:00,0.735,72.178,-9.173
2025-03-15 13:35:00,2.299,74.477,-6.874
2025-03-15 19:05:00,-1.076,73.401,-7.95
2025-03-16 00:05:00,-1.158,72.243,-9.108
2025-03-16 07:05:00,-1.223,71.02,-10.331
2025-03-16 11:00:00,2.346,73.366,-7.985
2025-03-16 19:05:00,0.005,73.371,-7.98
2025-03-17 00:30:00,-1.068,72.303,-9.048
2025-03-17 06:30:00,-1.118,71.185,-10.166
2025-03-17 07:45:00,-1.062,70.123,-11.228
2025-03-17 12:20:00,-1.099,69.024,-12.327
2025-03-18 00:45:00,-1.058,67.966,-13.385
2025-03-18 08:50:00,1.07,69.036,-12.315
2025-03-18 13:45:00,2.368,71.404,-9.947
2025-03-18 21:15:00,-1.051,70.353,-10.998
2025-03-19 03:15:00,-1.1,69.253,-12.098
2025-03-19 19:25:00,0.991,70.244,-11.107
2025-03-20 00:00:00,2.35,72.594,-8.757
2025-03-20 00:50:00,-1.075,71.519,-9.832
2025-03-20 16:45:00,2.423,73.942,-7.409
2025-03-21 00:50:00,-0.959,72.983,-8.368
2025-03-21 03:15:00,-1.098,71.885,-9.466
2025-03-21 11:20:00,1.016,72.901,-8.45
2025-03-21 17:45:00,-1.082,71.819,-9.532
2025-03-22 06:15:00,-0.769,71.05,-10.301
2025-03-22 17:45:00,-1.181,69.869,-11.482
2025-03-22 21:00:00,-1.174,68.695,-12.656
2025-03-23 05:05:00,-0.074,68.621,-12.73
2025-03-23 14:40:00,1.536,70.157,-11.194
2025-03-23 16:35:00,-1.155,69.002,-12.349
2025-03-24 04:05:00,2.366,71.368,-9.983
2025-03-24 12:10:00,1.134,72.502,-8.849
2025-03-24 13:05:00,-1.147,71.355,-9.996
2025-03-24 14:15:00,2.419,73.774,-7.577
2025-03-24 22:20:00,0.169,73.943,-7.408
2025-03-25 03:40:00,-1.053,72.89,-8.461
2025-03-25 14:55:00,2.419,75.309,-6.042
2025-03-25 23:00:00,-0.503,74.806,-6.545
2025-03-26 07:45:00,2.442,77.248,-4.103
2025-03-26 15:50:00,-0.685,76.563,-4.788
2025-03-26 21:35:00,-1.065,75.498,-5.853
2025-03-27 10:35:00,-0.374,75.124,-6.227
2025-03-27 19:20:00,0.782,75.906,-5.445
2025-03-28 01:35:00,-1.11,74.796,-6.555
2025-03-28 04:40:00,2.324,77.12,-4.231
2025-03-28 12:45:00,0.569,77.689,-3.662
2025-03-28 22:55:00,-1.091,76.598,-4.753
2025-03-29 07:45:00,2.402,79.0,-2.351
2025-03-29 15:50:00,1.413,80.413,-0.938
2025-03-30 00:00:00,-0.016,80.397,-0.954
2025-03-30 14:15:00,1.087,81.484,0.0
2025-03-30 18:05:00,-1.133,80.351,-1.133
2025-03-31 05:55:00,0.268,80.619,-0.865
2025-03-31 12:50:00,-1.056,79.563,-1.921
2025-03-31 15:00:00,-1.034,78.529,-2.955
2025-03-31 23:15:00,-1.113,77.416,-4.068
2025-04-01 08:20:00,2.41,79.826,-1.658
2025-04-01 14:05:00,-1.052,78.774,-2.71
2025-04-01 23:05:00,0.213,78.987,-2.497
2025-04-02 00:10:00,-1.112,77.875,-3.609
2025-04-02 09:10:00,-1.063,76.812,-4.672
2025-04-02 17:15:00,0.243,77.055,-4.429
2025-04-02 20:35:00,-1.025,76.03,-5.454
2025-04-03 06:10:00,0.215,76.245,-5.239
2025-04-03 10:25:00,2.378,78.623,-2.861
2025-04-03 18:30:00,1.13,79.753,-1.731
2025-04-04 05:20:00,-1.069,78.684,-2.8
2025-04-04 10:20:00,-1.13,77.554,-3.93
2025-04-04 14:20:00,-1.056,76.498,-4.986
2025-04-04 22:25:00,1.25,77.748,-3.736
2025-04-05 12:40:00,-1.168,76.58,-4.904
2025-04-05 21:20:00,-0.137,76.443,-5.041
2025-04-06 02:10:00,-1.183,75.26,-6.224
2025-04-06 10:50:00,1.915,77.175,-4.309
2025-04-06 13:35:00,2.303,79.478,-2.006
2025-04-06 18:20:00,2.439,81.917,0.0
2025-04-07 02:25:00,1.026,82.943,0.0
2025-04-07 06:35:00,2.464,85.407,0.0
2025-04-07 12:55:00,-1.02,84.387,-1.02
2025-04-08 01:25:00,-1.057,83.33,-2.077
2025-04-08 09:40:00,-0.242,83.088,-2.319
2025-04-08 15:10:00,-1.067,82.021,-3.386
2025-04-08 23:15:00,1.839,83.86,-1.547
2025-04-09 05:20:00,-1.041,82.819,-2.588
2025-04-09 13:30:00,-1.033,81.786,-3.621
2025-04-09 17:55:00,2.462,84.248,-1.159
2025-04-10 02:00:00,-0.272,83.976,-1.431
2025-04-10 07:30:00,-1.083,82.893,-2.514
2025-04-10 13:35:00,-1.074,81.819,-3.588
2025-04-10 23:25:00,-0.16,81.659,-3.748
2025-04-11 09:50:00,1.15,82.809,-2.598
2025-04-11 17:55:00,0.434,83.243,-2.164
2025-04-12 01:25:00,-1.086,82.157,-3.25
2025-04-12 12:55:00,0.857,83.014,-2.393
2025-04-12 14:05:00,2.337,85.351,-0.056
2025-04-12 22:10:00,0.584,85.935,0.0
2025-04-12 23:20:00,-1.152,84.783,-1.152
2025-04-13 13:35:00,-1.091,83.692,-2.243
2025-04-13 17:15:00,-1.109,82.583,-3.352
2025-04-13 19:35:00,-1.061,81.522,-4.413
2025-04-14 02:30:00,-1.031,80.491,-5.444
2025-04-14 06:25:00,-1.045,79.446,-6.489
2025-04-14 13:45:00,-1.071,78.375,-7.56
2025-04-14 21:50:00,1.008,79.383,-6.552
2025-04-15 13:45:00,-1.077,78.306,-7.629
2025-04-15 22:20:00,0.472,78.778,-7.157
2025-04-16 06:50:00,-0.249,78.529,-7.406
2025-04-16 14:25:00,-1.106,77.423,-8.512
2025-04-16 20:15:00,-1.047,76.376,-9.559
2025-04-17 01:30:00,-1.103,75.273,-10.662
2025-04-17 04:50:00,-1.08,74.193,-11.742
2025-04-17 13:05:00,-0.263,73.93,-12.005
2025-04-17 16:15:00,-1.095,72.835,-13.1
2025-04-18 00:25:00,-0.78,72.055,-13.88
2025-04-18 08:40:00,-1.124,70.931,-15.004
2025-04-18 20:50:00,1.281,72.212,-13.723
2025-04-19 11:10:00,-0.87,71.342,-14.593
2025-04-20 00:35:00,-0.336,71.006,-14.929
2025-04-20 07:10:00,-1.111,69.895,-16.04
2025-04-20 15:15:00,1.599,71.494,-14.441
2025-04-20 19:50:00,-1.101,70.393,-15.542
2025-04-21 00:15:00,-1.065,69.328,-16.607
2025-04-21 01:45:00,2.395,71.723,-14.212
2025-04-21 09:50:00,0.809,72.532,-13.403
2025-04-21 16:25:00,-1.065,71.467,-14.468
2025-04-22 00:50:00,0.335,71.802,-14.133
2025-04-22 09:25:00,0.636,72.438,-13.497
2025-04-22 10:20:00,-1.11,71.328,-14.607
2025-04-22 14:45:00,2.424,73.752,-12.183
2025-04-22 22:50:00,1.304,75.056,-10.879
2025-04-23 08:20:00,0.249,75.305,-10.63
2025-04-23 10:00:00,-1.122,74.183,-11.752
2025-04-23 13:55:00,-1.069,73.114,-12.821
2025-04-23 19:20:00,-1.085,72.029,-13.906
2025-04-24 10:50:00,0.058,72.087,-13.848
2025-04-24 16:30:00,2.417,74.504,-11.431
2025-04-24 17:40:00,-1.056,73.448,-12.487
2025-04-25 02:25:00,-1.054,72.394,-13.541
2025-04-25 13:25:00,-1.098,71.296,-14.639
2025-04-25 19:35:00,-1.036,70.26,-15.675
2025-04-26 02:00:00,2.436,72.696,-13.239
2025-04-26 04:35:00,-1.03,71.666,-14.269
2025-04-26 08:10:00,-1.109,70.557,-15.378
2025-04-26 19:40:00,0.218,70.775,-15.16
2025-04-27 09:25:00,-0.621,70.154,-15.781
2025-04-27 11:05:00,-1.111,69.043,-16.892
2025-04-27 12:45:00,-1.265,67.778,-18.157
2025-04-27 15:25:00,-1.076,66.702,-19.233
2025-04-27 18:40:00,-1.099,65.603,-20.332
2025-04-27 22:30:00,-1.111,64.492,-21.443
2025-04-28 06:35:00,-0.379,64.113,-21.822
2025-04-28 13:30:00,-1.073,63.04,-22.895
2025-04-28 21:55:00,-0.17,62.87,-23.065
2025-04-29 02:00:00,-1.194,61.676,-24.259
2025-04-29 10:10:00,-0.678,60.998,-24.937
2025-04-29 23:10:00,2.387,63.385,-22.55
2025-04-30 00:05:00,-1.078,62.307,-23.628
2025-04-30 11:05:00,-1.149,61.158,-24.777
2025-04-30 13:15:00,2.4,63.558,-22.377
2025-04-30 21:20:00,-0.481,63.077,-22.858
2025-05-01 10:15:00,2.351,65.428,-20.507
2025-05-01 18:20:00,1.02,66.448,-19.487
2025-05-02 00:05:00,-1.108,65.34,-20.595
2025-05-02 07:35:00,-1.104,64.236,-21.699
2025-05-02 19:15:00,-1.106,63.13,-22.805
2025-05-03 01:30:00,-1.096,62.034,-23.901
2025-05-03 14:25:00,0.313,62.347,-23.588
2025-05-04 00:10:00,1.141,63.488,-22.447
2025-05-04 02:00:00,-1.147,62.341,-23.594
2025-05-04 05:45:00,-1.124,61.217,-24.718
2025-05-04 16:35:00,1.252,62.469,-23.466
2025-05-05 00:45:00,0.394,62.863,-23.072
2025-05-05 04:35:00,-1.069,61.794,-24.141
2025-05-05 18:20:00,0.754,62.548,-23.387
2025-05-05 22:40:00,-1.052,61.496,-24.439
2025-05-06 09:55:00,0.584,62.08,-23.855
2025-05-06 14:20:00,-1.124,60.956,-24.979
2025-05-06 22:00:00,-1.116,59.84,-26.095
2025-05-07 06:05:00,0.611,60.451,-25.484
2025-05-07 13:25:00,-1.128,59.323,-26.612
2025-05-07 23:05:00,-0.894,58.429,-27.506
2025-05-08 01:30:00,2.336,60.765,-25.17
2025-05-08 09:35:00,2.068,62.833,-23.102
2025-05-08 15:10:00,2.369,65.202,-20.733
2025-05-08 23:15:00,1.869,67.071,-18.864
2025-05-09 03:55:00,-1.055,66.016,-19.919
2025-05-09 07:15:00,2.39,68.406,-17.529
2025-05-09 15:20:00,-0.302,68.104,-17.831
2025-05-10 01:50:00,-0.223,67.881,-18.054
2025-05-10 05:55:00,2.409,70.29,-15.645
2025-05-10 14:00:00,1.448,71.738,-14.197
2025-05-10 22:55:00,2.455,74.193,-11.742
2025-05-11 02:50:00,-1.035,73.158,-12.777
2025-05-12 02:50:00,0.723,73.881,-12.054
2025-05-12 12:15:00,0.145,74.026,-11.909
2025-05-12 23:05:00,-0.122,73.904,-12.031
2025-05-13 08:20:00,1.02,74.924,-11.011
2025-05-13 15:35:00,-1.065,73.859,-12.076
2025-05-13 23:45:00,1.121,74.98,-10.955
2025-05-14 07:30:00,-1.038,73.942,-11.993
2025-05-14 16:05:00,0.984,74.926,-11.009
2025-05-14 18:20:00,-1.072,73.854,-12.081
2025-05-14 21:10:00,-1.096,72.758,-13.177
2025-05-15 00:00:00,-1.169,71.589,-14.346
2025-05-15 01:35:00,-1.054,70.535,-15.4
2025-05-15 09:40:00,0.931,71.466,-14.469
2025-05-15 11:30:00,-1.064,70.402,-15.533
2025-05-15 17:20:00,-1.033,69.369,-16.566
2025-05-16 02:50:00,-0.579,68.79,-17.145
2025-05-16 09:40:00,-1.057,67.733,-18.202
2025-05-16 17:45:00,-0.315,67.418,-18.517
2025-05-17 04:45:00,0.689,68.107,-17.828
2025-05-17 16:15:00,0.542,68.649,-17.286
2025-05-17 20:50:00,-1.047,67.602,-18.333
2025-05-18 03:00:00,-1.061,66.541,-19.394
2025-05-18 08:00:00,2.379,68.92,-17.015
2025-05-18 14:50:00,2.433,71.353,-14.582
2025-05-18 19:30:00,-1.042,70.311,-15.624
2025-05-18 23:25:00,-1.053,69.258,-16.677
2025-05-19 02:05:00,-1.045,68.213,-17.722
2025-05-19 06:55:00,2.438,70.651,-15.284
2025-05-19 14:15:00,-1.042,69.609,-16.326
2025-05-19 23:05:00,0.583,70.192,-15.743
2025-05-20 07:05:00,-1.084,69.108,-16.827
2025-05-20 08:10:00,2.331,71.439,-14.496
2025-05-20 16:15:00,0.18,71.619,-14.316
2025-05-20 18:45:00,-1.08,70.539,-15.396
2025-05-20 19:30:00,-1.049,69.49,-16.445
2025-05-21 03:35:00,0.808,70.298,-15.637
2025-05-21 07:15:00,-1.096,69.202,-16.733
2025-05-21 16:30:00,2.418,71.62,-14.315
2025-05-21 17:15:00,-1.044,70.576,-15.359
2025-05-22 00:30:00,-1.018,69.558,-16.377
2025-05-22 08:35:00,1.284,70.842,-15.093
2025-05-23 02:35:00,2.436,73.278,-12.657
2025-05-23 04:25:00,-1.046,72.232,-13.703
2025-05-23 11:20:00,-1.084,71.148,-14.787
2025-05-23 11:50:00,2.402,73.55,-12.385
2025-05-23 19:55:00,0.367,73.917,-12.018
2025-05-23 23:35:00,2.415,76.332,-9.603
2025-05-24 07:40:00,-0.428,75.904,-10.031
2025-05-24 10:30:00,-1.09,74.814,-11.121
2025-05-24 15:05:00,-1.162,73.652,-12.283
2025-05-25 00:15:00,0.431,74.083,-11.852
2025-05-25 08:50:00,0.866,74.949,-10.986
2025-05-25 16:55:00,-0.163,74.786,-11.149
2025-05-26 07:05:00,0.889,75.675,-10.26
2025-05-26 08:35:00,-1.147,74.528,-11.407
2025-05-26 13:50:00,-1.095,73.433,-12.502
2025-05-26 15:30:00,-1.077,72.356,-13.579
2025-05-26 17:35:00,-1.059,71.297,-14.638
2025-05-26 20:35:00,-1.142,70.155,-15.78
2025-05-27 01:00:00,-1.093,69.062,-16.873
2025-05-27 07:30:00,-1.061,68.001,-17.934
2025-05-27 14:30:00,-1.111,66.89,-19.045
2025-05-28 05:40:00,0.95,67.84,-18.095
2025-05-28 12:40:00,-1.121,66.719,-19.216
2025-05-28 21:50:00,0.206,66.925,-19.01
2025-05-29 02:30:00,2.353,69.278,-16.657
2025-05-29 04:45:00,-1.077,68.201,-17.734
2025-05-29 14:15:00,2.372,70.573,-15.362
2025-05-29 22:20:00,-0.012,70.561,-15.374
2025-05-30 00:50:00,2.425,72.986,-12.949
2025-05-30 08:55:00,0.36,73.346,-12.589
2025-05-30 11:05:00,-1.066,72.28,-13.655
2025-05-30 16:30:00,2.428,74.708,-11.227
2025-05-31 00:35:00,0.123,74.831,-11.104
2025-05-31 09:35:00,-0.159,74.672,-11.263
2025-05-31 12:45:00,-1.098,73.574,-12.361
2025-06-01 01:35:00,2.365,75.939,-9.996
2025-06-01 04:45:00,-1.108,74.831,-11.104
2025-06-01 14:10:00,-1.143,73.688,-12.247
2025-06-01 22:00:00,-1.064,72.624,-13.311
2025-06-02 10:15:00,0.486,73.11,-12.825
2025-06-02 20:10:00,-1.065,72.045,-13.89
2025-06-03 02:00:00,2.412,74.457,-11.478
2025-06-03 03:00:00,-1.056,73.401,-12.534
2025-06-03 13:35:00,-1.17,72.231,-13.704
2025-06-03 20:25:00,-1.055,71.176,-14.759
2025-06-04 04:30:00,-0.575,70.601,-15.334
2025-06-04 11:15:00,-1.203,69.398,-16.537
2025-06-04 14:05:00,2.375,71.773,-14.162
2025-06-04 15:15:00,-1.071,70.702,-15.233
2025-06-04 20:15:00,2.304,73.006,-12.929
2025-06-05 02:35:00,-1.075,71.931,-14.004
2025-06-05 12:15:00,-1.11,70.821,-15.114
2025-06-05 14:15:00,-1.06,69.761,-16.174
2025-06-05 19:15:00,2.457,72.218,-13.717
2025-06-06 03:20:00,-0.179,72.039,-13.896
2025-06-06 17:05:00,-1.059,70.98,-14.955
2025-06-07 01:10:00,-0.394,70.586,-15.349
2025-06-07 07:20:00,2.387,72.973,-12.962
2025-06-07 15:25:00,0.381,73.354,-12.581
2025-06-07 21:05:00,-1.1,72.254,-13.681
2025-06-08 00:25:00,-1.164,71.09,-14.845
2025-06-08 07:40:00,-1.192,69.898,-16.037
2025-06-08 09:25:00,2.316,72.214,-13.721
2025-06-08 11:20:00,-1.089,71.125,-14.81
2025-06-08 19:25:00,1.152,72.277,-13.658
2025-06-08 22:05:00,-1.219,71.058,-14.877
2025-06-09 05:35:00,2.331,73.389,-12.546
2025-06-09 08:50:00,-1.149,72.24,-13.695
2025-06-09 10:30:00,2.369,74.609,-11.326
2025-06-09 13:55:00,-1.064,73.545,-12.39
2025-06-09 15:10:00,-1.073,72.472,-13.463
2025-06-09 21:10:00,2.396,74.868,-11.067
2025-06-10 05:15:00,0.602,75.47,-10.465
2025-06-10 12:25:00,2.392,77.862,-8.073
2025-06-10 13:40:00,-1.063,76.799,-9.136
2025-06-11 03:05:00,0.608,77.407,-8.528
2025-06-11 15:20:00,-0.281,77.126,-8.809
2025-06-12 03:05:00,0.798,77.924,-8.011
2025-06-12 11:25:00,1.745,79.669,-6.266
2025-06-12 14:05:00,-1.102,78.567,-7.368
2025-06-12 17:30:00,-1.063,77.504,-8.431
2025-06-13 00:10:00,2.438,79.942,-5.993
2025-06-13 08:15:00,-0.026,79.916,-6.019
2025-06-14 09:05:00,0.504,80.42,-5.515
2025-06-14 21:55:00,-1.119,79.301,-6.634
2025-06-15 13:25:00,0.323,79.624,-6.311
2025-06-15 22:25:00,-1.082,78.542,-7.393
2025-06-16 01:55:00,-1.075,77.467,-8.468
2025-06-16 11:20:00,-1.159,76.308,-9.627
2025-06-16 13:55:00,-1.091,75.217,-10.718
2025-06-16 18:55:00,2.321,77.538,-8.397
2025-06-16 22:35:00,-1.134,76.404,-9.531
2025-06-17 06:45:00,0.321,76.725,-9.21
2025-06-17 15:20:00,2.385,79.11,-6.825
2025-06-17 23:25:00,-0.449,78.661,-7.274
2025-06-18 08:10:00,-1.143,77.518,-8.417
2025-06-18 13:15:00,2.384,79.902,-6.033
2025-06-18 14:10:00,-1.055,78.847,-7.088
2025-06-18 17:40:00,-1.093,77.754,-8.181
2025-06-18 20:40:00,-1.052,76.702,-9.233
2025-06-19 02:15:00,-1.106,75.596,-10.339
2025-06-19 06:20:00,-1.154,74.442,-11.493
2025-06-19 18:05:00,-1.113,73.329,-12.606
2025-06-20 02:30:00,-1.119,72.21,-13.725
2025-06-20 07:50:00,-1.178,71.032,-14.903
2025-06-20 14:40:00,-1.071,69.961,-15.974
2025-06-20 22:45:00,1.651,71.612,-14.323
2025-06-21 01:30:00,-1.089,70.523,-15.412
2025-06-21 13:40:00,2.285,72.808,-13.127
2025-06-21 21:20:00,2.417,75.225,-10.71
2025-06-22 05:25:00,-0.569,74.656,-11.279
2025-06-22 14:20:00,2.448,77.104,-8.831
2025-06-22 22:25:00,-0.406,76.698,-9.237
2025-06-23 12:55:00,-1.154,75.544,-10.391
2025-06-23 16:15:00,-1.041,74.503,-11.432
2025-06-23 17:30:00,-1.046,73.457,-12.478
2025-06-24 02:05:00,0.977,74.434,-11.501
2025-06-24 07:45:00,-1.099,73.335,-12.6
2025-06-24 22:45:00,0.179,73.514,-12.421
2025-06-25 04:35:00,-1.13,72.384,-13.551
2025-06-25 09:40:00,-1.103,71.281,-14.654
2025-06-25 14:15:00,-1.079,70.202,-15.733
2025-06-25 17:20:00,-1.065,69.137,-16.798
2025-06-26 09:05:00,-1.091,68.046,-17.889
2025-06-26 13:55:00,2.413,70.459,-15.476
2025-06-26 14:45:00,-1.079,69.38,-16.555
2025-06-27 05:40:00,-0.211,69.169,-16.766
2025-06-27 14:10:00,0.66,69.829,-16.106
2025-06-27 21:25:00,-1.098,68.731,-17.204
2025-06-28 10:05:00,0.354,69.085,-16.85
2025-06-28 14:20:00,-1.408,67.677,-18.258
2025-06-28 23:05:00,1.363,69.04,-16.895
2025-06-29 14:00:00,0.791,69.831,-16.104
2025-06-29 21:00:00,-1.154,68.677,-17.258
2025-06-30 06:05:00,0.4,69.077,-16.858
2025-06-30 18:00:00,-1.138,67.939,-17.996
2025-07-01 02:50:00,-1.092,66.847,-19.088
2025-07-01 10:55:00,1.498,68.345,-17.59
2025-07-01 18:20:00,2.328,70.673,-15.262
2025-07-02 03:00:00,-0.394,70.279,-15.656
2025-07-02 14:05:00,1.254,71.533,-14.402
2025-07-02 16:00:00,2.387,73.92,-12.015
2025-07-03 00:05:00,0.862,74.782,-11.153
2025-07-03 05:30:00,2.373,77.155,-8.78
2025-07-03 13:35:00,-0.141,77.014,-8.921
2025-07-04 00:50:00,-1.292,75.722,-10.213
2025-07-04 07:50:00,2.331,78.053,-7.882
2025-07-04 15:55:00,1.291,79.344,-6.591
2025-07-05 00:05:00,-0.322,79.022,-6.913
2025-07-05 02:45:00,-1.215,77.807,-8.128
2025-07-05 17:10:00,0.238,78.045,-7.89
2025-07-06 08:15:00,0.419,78.464,-7.471
2025-07-06 13:30:00,2.391,80.855,-5.08
2025-07-06 21:35:00,0.681,81.536,-4.399
2025-07-07 01:05:00,-1.072,80.464,-5.471
2025-07-07 10:15:00,-0.579,79.885,-6.05
2025-07-07 22:35:00,0.602,80.487,-5.448
2025-07-08 03:25:00,-1.169,79.318,-6.617
2025-07-08 14:55:00,-1.143,78.175,-7.76
2025-07-09 09:10:00,-0.26,77.915,-8.02
2025-07-09 18:45:00,0.502,78.417,-7.518
2025-07-09 20:35:00,2.41,80.827,-5.108
2025-07-10 04:40:00,-0.238,80.589,-5.346
2025-07-10 12:10:00,-1.101,79.488,-6.447
2025-07-10 23:05:00,2.457,81.945,-3.99
2025-07-11 00:25:00,-1.046,80.899,-5.036
2025-07-11 10:15:00,0.191,81.09,-4.845
2025-07-11 11:10:00,-1.107,79.983,-5.952
2025-07-11 14:15:00,2.404,82.387,-3.548
2025-07-11 22:20:00,-1.035,81.352,-4.583
2025-07-12 09:35:00,-0.131,81.221,-4.714
2025-07-12 15:35:00,2.42,83.641,-2.294
2025-07-12 18:00:00,-1.043,82.598,-3.337
2025-07-12 20:55:00,-1.072,81.526,-4.409
2025-07-12 23:45:00,-1.062,80.464,-5.471
2025-07-13 08:40:00,-1.146,79.318,-6.617
2025-07-13 20:05:00,0.803,80.121,-5.814
2025-07-14 02:25:00,-1.112,79.009,-6.926
2025-07-14 10:30:00,1.199,80.208,-5.727
2025-07-14 23:10:00,0.566,80.774,-5.161
2025-07-15 08:50:00,1.191,81.965,-3.97
2025-07-15 17:25:00,-1.035,80.93,-5.005
2025-07-15 18:35:00,-1.053,79.877,-6.058
2025-07-15 21:35:00,-1.055,78.822,-7.113
2025-07-16 07:05:00,-0.064,78.758,-7.177
2025-07-16 14:45:00,2.374,81.132,-4.803
2025-07-16 21:20:00,2.455,83.587,-2.348
2025-07-17 01:45:00,-1.029,82.558,-3.377
2025-07-17 14:30:00,0.219,82.777,-3.158
2025-07-17 20:05:00,-1.04,81.737,-4.198
2025-07-18 03:40:00,2.472,84.209,-1.726
2025-07-18 11:45:00,0.333,84.542,-1.393
2025-07-18 15:10:00,-1.03,83.512,-2.423
2025-07-18 23:05:00,-1.057,82.455,-3.48
2025-07-19 03:35:00,2.452,84.907,-1.028
2025-07-19 11:40:00,-0.329,84.578,-1.357
2025-07-20 08:50:00,1.26,85.838,-0.097
2025-07-20 09:55:00,-1.074,84.764,-1.171
2025-07-21 00:05:00,1.128,85.892,-0.043
2025-07-21 09:35:00,-1.072,84.82,-1.115
2025-07-21 19:20:00,-1.035,83.785,-2.15
2025-07-22 01:00:00,-1.093,82.692,-3.243
2025-07-22 07:20:00,-1.033,81.659,-4.276
2025-07-22 15:10:00,-1.054,80.605,-5.33
2025-07-22 19:45:00,-1.041,79.564,-6.371
2025-07-22 22:20:00,-1.036,78.528,-7.407
2025-07-23 06:15:00,-1.056,77.472,-8.463
2025-07-23 12:55:00,2.442,79.914,-6.021
2025-07-23 21:00:00,1.43,81.344,-4.591
2025-07-24 00:15:00,-1.029,80.315,-5.62
2025-07-24 06:40:00,2.453,82.768,-3.167
2025-07-24 09:00:00,-1.02,81.748,-4.187
2025-07-25 06:10:00,1.661,83.409,-2.526
2025-07-25 20:50:00,-1.036,82.373,-3.562
2025-07-26 06:05:00,0.792,83.165,-2.77
2025-07-26 11:20:00,-1.14,82.025,-3.91
2025-07-26 14:35:00,-1.163,80.862,-5.073
2025-07-26 23:05:00,-1.078,79.784,-6.151
2025-07-27 01:15:00,-1.1,78.684,-7.251
2025-07-27 06:50:00,-1.091,77.593,-8.342
2025-07-27 15:05:00,0.666,78.259,-7.676
2025-07-27 16:10:00,-1.088,77.171,-8.764
2025-07-28 00:15:00,0.865,78.036,-7.899
2025-07-28 01:25:00,-1.056,76.98,-8.955
2025-07-28 10:40:00,-0.516,76.464,-9.471
2025-07-28 18:00:00,2.435,78.899,-7.036
2025-07-29 02:05:00,1.062,79.961,-5.974
2025-07-29 14:05:00,2.377,82.338,-3.597
2025-07-29 22:10:00,0.414,82.752,-3.183
2025-07-30 10:55:00,2.37,85.122,-0.813
2025-07-30 14:50:00,-1.071,84.051,-1.884
2025-07-31 03:00:00,-0.737,83.314,-2.621
2025-07-31 10:25:00,-1.168,82.146,-3.789
2025-07-31 14:10:00,2.39,84.536,-1.399
2025-07-31 16:30:00,-1.125,83.411,-2.524
2025-08-01 02:10:00,1.102,84.513,-1.422
2025-08-01 12:05:00,-1.097,83.416,-2.519
2025-08-01 14:20:00,-1.044,82.372,-3.563
2025-08-02 01:40:00,0.872,83.244,-2.691
2025-08-02 14:20:00,0.684,83.928,-2.007
2025-08-02 18:25:00,2.418,86.346,0.0
2025-08-03 02:30:00,-0.724,85.622,-0.724
2025-08-03 15:40:00,-1.122,84.5,-1.846
2025-08-04 08:30:00,0.899,85.399,-0.947
2025-08-04 21:45:00,2.063,87.462,0.0
2025-08-05 04:00:00,-1.068,86.394,-1.068
2025-08-05 10:25:00,-1.068,85.326,-2.136
2025-08-05 12:35:00,-1.063,84.263,-3.199
2025-08-05 20:40:00,0.93,85.193,-2.269
2025-08-05 22:50:00,-1.081,84.112,-3.35
2025-08-06 05:15:00,-1.105,83.007,-4.455
2025-08-06 08:45:00,-1.085,81.922,-5.54
2025-08-06 09:15:00,-1.084,80.838,-6.624
2025-08-06 23:55:00,0.205,81.043,-6.419
2025-08-07 10:10:00,2.345,83.388,-4.074
2025-08-07 18:15:00,0.679,84.067,-3.395
2025-08-07 22:45:00,2.417,86.484,-0.978
2025-08-08 06:50:00,0.07,86.554,-0.908
2025-08-08 15:20:00,-0.497,86.057,-1.405
2025-08-09 01:40:00,0.713,86.77,-0.692
2025-08-09 09:55:00,1.349,88.119,0.0
2025-08-09 10:30:00,-1.134,86.985,-1.134
2025-08-09 14:00:00,-1.053,85.932,-2.187
2025-08-10 00:20:00,-0.359,85.573,-2.546
2025-08-10 08:00:00,2.356,87.929,-0.19
2025-08-10 14:30:00,-1.087,86.842,-1.277
2025-08-10 22:40:00,-0.123,86.719,-1.4
2025-08-11 08:00:00,-1.051,85.668,-2.451
2025-08-11 19:05:00,0.276,85.944,-2.175
2025-08-12 03:55:00,0.331,86.275,-1.844
2025-08-12 12:30:00,-1.095,85.18,-2.939
2025-08-12 20:15:00,2.434,87.614,-0.505
2025-08-13 01:10:00,-1.068,86.546,-1.573
2025-08-13 11:40:00,1.144,87.69,-0.429
2025-08-14 08:35:00,-1.043,86.647,-1.472
2025-08-14 12:30:00,2.405,89.052,0.0
2025-08-14 20:35:00,-0.155,88.897,-0.155
2025-08-14 23:30:00,-1.067,87.83,-1.222
2025-08-15 12:30:00,-1.101,86.729,-2.323
2025-08-15 14:45:00,2.387,89.116,0.0
2025-08-15 21:50:00,-1.07,88.046,-1.07
2025-08-16 00:45:00,2.413,90.459,0.0
2025-08-16 08:50:00,-0.322,90.137,-0.322
2025-08-16 09:55:00,-1.112,89.025,-1.434
2025-08-16 18:25:00,0.384,89.409,-1.05
2025-08-17 01:15:00,-1.174,88.235,-2.224
2025-08-17 09:45:00,0.692,88.927,-1.532
2025-08-17 15:50:00,2.398,91.325,0.0
2025-08-17 18:50:00,-1.038,90.287,-1.038
2025-08-18 01:05:00,-1.11,89.177,-2.148
2025-08-18 03:15:00,2.425,91.602,0.0
2025-08-18 11:20:00,0.454,92.056,0.0
2025-08-18 17:30:00,-1.06,90.996,-1.06
2025-08-19 07:50:00,0.881,91.877,-0.179
2025-08-19 22:35:00,0.465,92.342,0.0
2025-08-20 04:25:00,-1.085,91.257,-1.085
2025-08-20 12:00:00,-1.086,90.171,-2.171
2025-08-20 15:00:00,-1.052,89.119,-3.223
2025-08-21 00:20:00,0.543,89.662,-2.68
2025-08-21 08:55:00,-1.058,88.604,-3.738
2025-08-21 17:05:00,1.093,89.697,-2.645
2025-08-22 12:30:00,2.414,92.111,-0.231
2025-08-22 13:40:00,-1.056,91.055,-1.287
2025-08-22 22:05:00,2.024,93.079,0.0
2025-08-23 13:20:00,-0.123,92.956,-0.123
2025-08-24 03:00:00,-1.217,91.739,-1.34
2025-08-24 14:20:00,0.909,92.648,-0.431
2025-08-24 19:35:00,-1.051,91.597,-1.482
2025-08-25 04:10:00,0.022,91.619,-1.46
2025-08-25 08:05:00,2.428,94.047,0.0
2025-08-25 16:10:00,0.046,94.093,0.0
2025-08-25 20:10:00,2.405,96.498,0.0
2025-08-26 04:15:00,0.121,96.619,0.0
2025-08-26 07:35:00,-1.084,95.535,-1.084
2025-08-26 12:30:00,-1.142,94.393,-2.226
2025-08-27 03:20:00,0.247,94.64,-1.979
2025-08-27 08:45:00,-1.081,93.559,-3.06
2025-08-27 19:05:00,-1.097,92.462,-4.157
2025-08-27 22:05:00,-1.051,91.411,-5.208
2025-08-28 01:30:00,-1.056,90.355,-6.264
2025-08-28 12:20:00,0.553,90.908,-5.711
2025-08-29 01:10:00,-1.105,89.803,-6.816
2025-08-29 09:00:00,2.436,92.239,-4.38
2025-08-29 10:25:00,-1.07,91.169,-5.45
2025-08-29 21:50:00,0.389,91.558,-5.061
2025-08-30 02:30:00,-1.069,90.489,-6.13
2025-08-30 11:10:00,-0.287,90.202,-6.417
2025-08-30 11:55:00,-1.298,88.904,-7.715
2025-08-30 15:35:00,-1.145,87.759,-8.86
2025-08-31 00:55:00,2.226,89.985,-6.634
2025-08-31 09:00:00,0.104,90.089,-6.53
2025-08-31 18:20:00,-0.773,89.316,-7.303
2025-09-01 02:45:00,2.405,91.721,-4.898
2025-09-01 07:30:00,-1.044,90.677,-5.942
2025-09-01 15:35:00,-0.038,90.639,-5.98
2025-09-01 20:40:00,2.401,93.04,-3.579
2025-09-02 02:55:00,-1.04,92.0,-4.619
2025-09-02 07:45:00,-1.268,90.732,-5.887
2025-09-02 12:45:00,2.386,93.118,-3.501
2025-09-02 13:45:00,-1.042,92.076,-4.543
2025-09-03 04:40:00,0.272,92.348,-4.271
2025-09-03 14:50:00,1.297,93.645,-2.974
2025-09-04 01:35:00,-0.266,93.379,-3.24
2025-09-04 11:05:00,0.551,93.93,-2.689
2025-09-04 18:30:00,2.359,96.289,-0.33
2025-09-04 22:30:00,-1.115,95.174,-1.445
2025-09-05 12:30:00,2.362,97.536,0.0
2025-09-05 14:15:00,-1.082,96.454,-1.082
2025-09-05 22:20:00,-0.302,96.152,-1.384
2025-09-06 13:05:00,0.68,96.832,-0.704
2025-09-06 22:15:00,-1.127,95.705,-1.831
2025-09-07 06:20:00,0.345,96.05,-1.486
2025-09-07 14:10:00,2.298,98.348,0.0
2025-09-07 22:15:00,0.876,99.224,0.0
2025-09-08 02:50:00,2.367,101.591,0.0
2025-09-08 10:55:00,1.211,102.802,0.0
2025-09-08 21:05:00,1.324,104.126,0.0
2025-09-09 01:25:00,-1.06,103.066,-1.06
2025-09-09 12:20:00,2.422,105.488,0.0
2025-09-09 14:30:00,-1.032,104.456,-1.032
2025-09-09 22:05:00,-1.109,103.347,-2.141
2025-09-10 10:40:00,-0.289,103.058,-2.43
2025-09-10 19:35:00,-1.071,101.987,-3.501
2025-09-11 01:05:00,2.293,104.28,-1.208
2025-09-11 09:10:00,0.507,104.787,-0.701
2025-09-11 12:25:00,2.217,107.004,0.0
2025-09-11 12:30:00,-1.061,105.943,-1.061
2025-09-11 20:35:00,0.976,106.919,-0.085
2025-09-12 00:35:00,2.394,109.313,0.0
2025-09-12 08:40:00,-0.076,109.237,-0.076
2025-09-12 20:55:00,1.744,110.981,0.0
2025-09-13 06:20:00,1.327,112.308,0.0
2025-09-13 09:45:00,2.416,114.724,0.0
2025-09-13 17:10:00,-1.033,113.691,-1.033
2025-09-14 00:20:00,-1.092,112.599,-2.125
2025-09-14 10:15:00,-0.376,112.223,-2.501
2025-09-14 22:35:00,-0.391,111.832,-2.892
2025-09-15 02:20:00,-1.054,110.778,-3.946
2025-09-15 07:40:00,2.425,113.203,-1.521
2025-09-15 15:45:00,0.748,113.951,-0.773
2025-09-16 01:20:00,-1.119,112.832,-1.892
2025-09-16 13:45:00,2.355,115.187,0.0
2025-09-16 16:30:00,-1.044,114.143,-1.044
2025-09-17 02:05:00,-1.157,112.986,-2.201
2025-09-17 07:15:00,-1.093,111.893,-3.294
2025-09-17 17:30:00,-1.094,110.799,-4.388
2025-09-17 19:40:00,-1.026,109.773,-5.414
2025-09-18 03:45:00,0.715,110.488,-4.699
2025-09-18 05:15:00,-1.198,109.29,-5.897
2025-09-18 10:25:00,-1.09,108.2,-6.987
2025-09-18 13:45:00,-1.08,107.12,-8.067
2025-09-18 21:05:00,-1.054,106.066,-9.121
2025-09-19 03:25:00,-1.07,104.996,-10.191
2025-09-19 11:45:00,1.831,106.827,-8.36
2025-09-19 13:50:00,-1.155,105.672,-9.515
2025-09-19 22:50:00,0.53,106.202,-8.985
2025-09-20 07:25:00,-0.506,105.696,-9.491
2025-09-20 13:35:00,-1.117,104.579,-10.608
2025-09-20 21:35:00,-1.143,103.436,-11.751
2025-09-21 16:15:00,1.529,104.965,-10.222
2025-09-22 00:25:00,1.553,106.518,-8.669
2025-09-22 02:30:00,2.437,108.955,-6.232
2025-09-22 06:00:00,2.438,111.393,-3.794
2025-09-22 14:05:00,-0.549,110.844,-4.343
2025-09-22 23:35:00,-0.59,110.254,-4.933
2025-09-23 06:30:00,-1.073,109.181,-6.006
2025-09-23 12:05:00,-1.166,108.015,-7.172
2025-09-23 19:15:00,-1.109,106.906,-8.281
2025-09-24 05:40:00,-1.083,105.823,-9.364
2025-09-24 14:15:00,2.311,108.134,-7.053
2025-09-24 19:40:00,-1.059,107.075,-8.112
2025-09-25 03:25:00,2.408,109.483,-5.704
2025-09-25 11:30:00,0.491,109.974,-5.213
2025-09-25 12:25:00,2.34,112.314,-2.873
2025-09-25 13:25:00,-1.046,111.268,-3.919
2025-09-26 00:50:00,0.533,111.801,-3.386
2025-09-26 12:35:00,-1.076,110.725,-4.462
2025-09-27 01:25:00,0.384,111.109,-4.078
2025-09-27 05:25:00,-1.145,109.964,-5.223
2025-09-27 09:25:00,2.256,112.22,-2.967
2025-09-27 10:35:00,-1.129,111.091,-4.096
2025-09-27 22:00:00,-1.185,109.906,-5.281
2025-09-28 00:10:00,-1.183,108.723,-6.464
2025-09-28 09:10:00,0.891,109.614,-5.573
2025-09-28 14:20:00,-1.102,108.512,-6.675
2025-09-28 22:05:00,2.377,110.889,-4.298
2025-09-29 06:10:00,-1.061,109.828,-5.359
2025-09-29 12:30:00,-1.158,108.67,-6.517
2025-09-29 13:40:00,-1.086,107.584,-7.603
2025-09-29 21:45:00,0.76,108.344,-6.843
2025-09-30 13:50:00,1.664,110.008,-5.179
2025-10-01 03:05:00,0.471,110.479,-4.708
2025-10-01 04:30:00,-1.1,109.379,-5.808
2025-10-01 08:35:00,2.345,111.724,-3.463
2025-10-01 16:40:00,1.336,113.06,-2.127
2025-10-01 17:10:00,-1.208,111.852,-3.335
2025-10-02 02:45:00,2.423,114.275,-0.912
2025-10-02 10:50:00,0.619,114.894,-0.293
2025-10-03 00:15:00,0.62,115.514,0.0
2025-10-03 11:00:00,-1.321,114.193,-1.321
2025-10-03 14:10:00,-1.086,113.107,-2.407
2025-10-03 22:55:00,0.189,113.296,-2.218
2025-10-04 10:15:00,0.919,114.215,-1.299
2025-10-04 18:40:00,1.138,115.353,-0.161
2025-10-05 01:50:00,-1.171,114.182,-1.332
2025-10-05 03:00:00,2.365,116.547,0.0
2025-10-05 11:05:00,0.096,116.643,0.0
2025-10-06 02:10:00,0.134,116.777,0.0
2025-10-06 14:15:00,1.979,118.756,0.0
2025-10-06 22:30:00,1.131,119.887,0.0
2025-10-07 04:05:00,-1.112,118.775,-1.112
2025-10-07 14:30:00,1.007,119.782,-0.105
2025-10-07 22:40:00,0.647,120.429,0.0
2025-10-08 03:25:00,2.345,122.774,0.0
2025-10-08 11:30:00,-0.839,121.935,-0.839
2025-10-09 00:10:00,-1.059,120.876,-1.898
2025-10-09 02:40:00,2.394,123.27,0.0
2025-10-09 10:45:00,0.333,123.603,0.0
2025-10-09 22:05:00,-0.787,122.816,-0.787
2025-10-10 07:15:00,-1.054,121.762,-1.841
2025-10-10 13:25:00,-1.056,120.706,-2.897
2025-10-10 14:25:00,-1.098,119.608,-3.995
2025-10-10 15:30:00,2.442,122.05,-1.553
2025-10-10 21:10:00,2.481,124.531,0.0
2025-10-10 21:15:00,2.494,127.025,0.0
2025-10-11 05:20:00,-0.662,126.363,-0.662
2025-10-11 20:55:00,2.448,128.811,0.0
2025-10-11 22:05:00,-1.057,127.754,-1.057
2025-10-12 14:45:00,-1.071,126.683,-2.128
2025-10-12 23:05:00,0.471,127.154,-1.657
2025-10-13 10:00:00,0.38,127.534,-1.277
2025-10-13 21:35:00,1.124,128.658,-0.153
2025-10-14 06:45:00,2.453,131.111,0.0
2025-10-14 14:50:00,-0.187,130.924,-0.187
2025-10-15 03:40:00,-1.055,129.869,-1.242
2025-10-15 08:15:00,-1.062,128.807,-2.304
2025-10-15 09:30:00,-1.101,127.706,-3.405
2025-10-15 13:00:00,2.318,130.024,-1.087
2025-10-15 14:10:00,-1.097,128.927,-2.184
2025-10-16 01:15:00,-0.221,128.706,-2.405
2025-10-16 06:30:00,-1.107,127.599,-3.512
2025-10-16 09:45:00,-1.029,126.57,-4.541
2025-10-16 19:35:00,2.448,129.018,-2.093
2025-10-17 03:40:00,-0.663,128.355,-2.756
2025-10-17 07:05:00,2.424,130.779,-0.332
2025-10-17 15:10:00,-0.134,130.645,-0.466
2025-10-18 00:40:00,-1.125,129.52,-1.591
2025-10-18 06:05:00,-1.127,128.393,-2.718
2025-10-18 17:25:00,-1.124,127.269,-3.842
2025-10-19 01:30:00,-0.23,127.039,-4.072
2025-10-19 08:25:00,-1.139,125.9,-5.211
2025-10-19 09:45:00,-1.088,124.812,-6.299
2025-10-19 17:50:00,0.96,125.772,-5.339
2025-10-20 05:50:00,2.398,128.17,-2.941
2025-10-20 08:20:00,-1.121,127.049,-4.062
2025-10-20 10:50:00,-1.098,125.951,-5.16
2025-10-20 21:40:00,-1.135,124.816,-6.295
2025-10-21 10:10:00,1.015,125.831,-5.28
2025-10-21 22:15:00,-0.002,125.829,-5.282
2025-10-22 06:40:00,0.758,126.587,-4.524
2025-10-22 11:00:00,2.363,128.95,-2.161
2025-10-22 11:15:00,-1.07,127.88,-3.231
2025-10-23 01:10:00,-1.084,126.796,-4.315
2025-10-23 14:20:00,0.11,126.906,-4.205
2025-10-23 19:00:00,-1.107,125.799,-5.312
2025-10-24 04:15:00,-0.742,125.057,-6.054
2025-10-24 12:30:00,1.01,126.067,-5.044
2025-10-24 22:20:00,-0.903,125.164,-5.947
2025-10-24 23:05:00,-1.206,123.958,-7.153
2025-10-25 09:30:00,-0.848,123.11,-8.001
2025-10-25 18:25:00,-1.219,121.891,-9.22
2025-10-25 20:35:00,-1.239,120.652,-10.459
2025-10-26 02:50:00,2.253,122.905,-8.206
2025-10-26 06:25:00,-1.156,121.749,-9.362
2025-10-26 09:20:00,2.183,123.932,-7.179
2025-10-26 17:25:00,1.334,125.266,-5.845
2025-10-27 06:05:00,0.284,125.55,-5.561
2025-10-27 20:00:00,-1.139,124.411,-6.7
2025-10-28 04:05:00,1.112,125.523,-5.588
2025-10-28 06:45:00,-1.172,124.351,-6.76
2025-10-28 14:40:00,-1.088,123.263,-7.848
2025-10-28 22:45:00,1.04,124.303,-6.808
2025-10-29 10:25:00,-1.165,123.138,-7.973
2025-10-29 22:00:00,-0.566,122.572,-8.539
2025-10-30 04:25:00,2.412,124.984,-6.127
2025-10-30 12:30:00,0.111,125.095,-6.016
2025-10-30 20:45:00,0.614,125.709,-5.402
2025-10-31 15:05:00,-1.086,124.623,-6.488
2025-10-31 19:30:00,-1.089,123.534,-7.577
2025-11-01 03:35:00,-0.126,123.408,-7.703
2025-11-01 06:40:00,-1.145,122.263,-8.848
2025-11-01 07:20:00,-1.183,121.08,-10.031
2025-11-01 14:15:00,-1.138,119.942,-11.169
2025-11-01 15:05:00,-1.126,118.816,-12.295
2025-11-01 23:10:00,-0.37,118.446,-12.665
2025-11-02 04:40:00,-1.215,117.231,-13.88
2025-11-02 10:05:00,-1.15,116.081,-15.03
2025-11-02 16:05:00,2.364,118.445,-12.666
2025-11-02 23:00:00,-1.122,117.323,-13.788
2025-11-03 01:35:00,-1.12,116.203,-14.908
2025-11-03 03:30:00,2.423,118.626,-12.485
2025-11-03 11:35:00,0.272,118.898,-12.213
2025-11-03 23:30:00,0.141,119.039,-12.072
2025-11-04 13:20:00,1.584,120.623,-10.488
2025-11-04 14:45:00,-1.06,119.563,-11.548
2025-11-05 00:50:00,-0.152,119.411,-11.7
2025-11-05 02:45:00,-1.027,118.384,-12.727
2025-11-05 13:40:00,-1.12,117.264,-13.847
2025-11-06 00:00:00,-0.38,116.884,-14.227
2025-11-06 02:40:00,-1.117,115.767,-15.344
2025-11-06 13:20:00,0.503,116.27,-14.841
2025-11-06 22:35:00,-0.13,116.14,-14.971
2025-11-07 11:10:00,-1.079,115.061,-16.05
2025-11-07 14:55:00,-1.065,113.996,-17.115
2025-11-07 23:15:00,1.677,115.673,-15.438
2025-11-08 03:55:00,-1.078,114.595,-16.516
2025-11-09 00:15:00,-1.139,113.456,-17.655
2025-11-09 10:35:00,-0.156,113.3,-17.811
2025-11-09 19:05:00,1.241,114.541,-16.57
2025-11-10 03:30:00,0.661,115.202,-15.909
2025-11-10 14:45:00,-1.056,114.146,-16.965
2025-11-10 19:40:00,-1.066,113.08,-18.031
2025-11-10 21:45:00,-1.089,111.991,-19.12
2025-11-11 05:35:00,-1.043,110.948,-20.163
2025-11-11 13:40:00,0.275,111.223,-19.888
2025-11-12 01:45:00,1.131,112.354,-18.757
2025-11-12 08:25:00,-1.109,111.245,-19.866
2025-11-12 14:45:00,-1.112,110.133,-20.978
2025-11-12 22:50:00,0.78,110.913,-20.198
2025-11-13 11:40:00,0.391,111.304,-19.807
2025-11-13 15:45:00,-1.054,110.25,-20.861
2025-11-13 23:50:00,1.521,111.771,-19.34
2025-11-14 06:55:00,-1.062,110.709,-20.402
2025-11-14 14:50:00,-1.081,109.628,-21.483
2025-11-15 04:45:00,-0.838,108.79,-22.321
2025-11-15 13:20:00,-1.103,107.687,-23.424
2025-11-15 17:20:00,-1.119,106.568,-24.543
2025-11-15 21:50:00,-1.077,105.491,-25.62
2025-11-15 23:20:00,-1.103,104.388,-26.723
2025-11-16 03:15:00,-1.085,103.303,-27.808
2025-11-16 11:20:00,-0.785,102.518,-28.593
2025-11-16 17:45:00,2.441,104.959,-26.152
2025-11-16 18:10:00,-1.059,103.9,-27.211
2025-11-17 13:10:00,-1.135,102.765,-28.346
2025-11-17 14:35:00,-1.099,101.666,-29.445
2025-11-17 16:00:00,-1.028,100.638,-30.473
2025-11-18 00:05:00,0.693,101.331,-29.78
2025-11-18 00:50:00,-1.064,100.267,-30.844
2025-11-18 23:30:00,0.36,100.627,-30.484
2025-11-19 12:35:00,0.288,100.915,-30.196
2025-11-19 15:05:00,-1.075,99.84,-31.271
2025-11-19 23:35:00,0.252,100.092,-31.019
2025-11-20 10:05:00,-0.183,99.909,-31.202
2025-11-20 14:00:00,-1.167,98.742,-32.369
2025-11-21 00:15:00,0.559,99.301,-31.81
2025-11-21 07:30:00,2.433,101.734,-29.377
2025-11-21 15:35:00,-0.099,101.635,-29.476
2025-11-21 17:00:00,-1.032,100.603,-30.508
2025-11-22 04:25:00,0.293,100.896,-30.215
2025-11-22 07:20:00,-1.042,99.854,-31.257
2025-11-22 09:35:00,-1.037,98.817,-32.294
2025-11-22 14:05:00,-1.087,97.73,-33.381
2025-11-23 10:30:00,0.486,98.216,-32.895
2025-11-23 15:35:00,2.352,100.568,-30.543
2025-11-23 23:40:00,-0.635,99.933,-31.178
2025-11-24 10:10:00,-0.783,99.15,-31.961
2025-11-24 14:40:00,-1.066,98.084,-33.027
2025-11-24 17:55:00,2.403,100.487,-30.624
2025-11-25 02:00:00,-0.186,100.301,-30.81
2025-11-25 13:35:00,-1.109,99.192,-31.919
2025-11-25 16:25:00,-1.078,98.114,-32.997
2025-11-26 00:30:00,0.752,98.866,-32.245
2025-11-26 09:05:00,-1.133,97.733,-33.378
2025-11-26 13:35:00,-1.12,96.613,-34.498
2025-11-26 17:45:00,2.414,99.027,-32.084
2025-11-27 01:50:00,-0.257,98.77,-32.341
2025-11-27 02:55:00,-1.264,97.506,-33.605
2025-11-27 13:30:00,-1.371,96.135,-34.976
2025-11-27 22:45:00,-1.239,94.896,-36.215
2025-11-28 06:50:00,1.409,96.305,-34.806
2025-11-28 15:20:00,2.378,98.683,-32.428
2025-11-28 16:20:00,-1.055,97.628,-33.483
2025-11-29 01:00:00,-0.025,97.603,-33.508
2025-11-29 03:20:00,-1.297,96.306,-34.805
2025-11-29 11:40:00,-1.213,95.093,-36.018
2025-11-29 15:15:00,-1.22,93.873,-37.238
2025-11-30 01:05:00,-1.111,92.762,-38.349
2025-11-30 03:40:00,-1.119,91.643,-39.468
2025-11-30 15:05:00,-1.138,90.505,-40.606
2025-12-01 00:05:00,2.402,92.907,-38.204
2025-12-01 08:10:00,0.777,93.684,-37.427
2025-12-01 12:45:00,2.185,95.869,-35.242
2025-12-01 20:50:00,0.263,96.132,-34.979
2025-12-02 10:05:00,-1.188,94.944,-36.167
2025-12-02 15:00:00,2.417,97.361,-33.75
2025-12-02 23:05:00,0.78,98.141,-32.97
2025-12-02 23:50:00,-1.173,96.968,-34.143
2025-12-03 05:05:00,2.373,99.341,-31.77
2025-12-03 13:10:00,-0.183,99.158,-31.953
2025-12-03 22:45:00,0.516,99.674,-31.437
2025-12-04 00:10:00,-1.128,98.546,-32.565
2025-12-04 15:35:00,-1.121,97.425,-33.686
2025-12-04 19:10:00,-1.049,96.376,-34.735
2025-12-05 03:15:00,-0.503,95.873,-35.238
2025-12-05 09:40:00,2.349,98.222,-32.889
2025-12-05 16:40:00,2.432,100.654,-30.457
2025-12-06 00:45:00,-0.28,100.374,-30.737
2025-12-06 13:35:00,-1.2,99.174,-31.937
2025-12-06 23:20:00,-0.235,98.939,-32.172
2025-12-07 00:00:00,-1.189,97.75,-33.361
2025-12-07 14:15:00,2.344,100.094,-31.017
2025-12-07 15:55:00,-1.091,99.003,-32.108
2025-12-07 22:05:00,-1.078,97.925,-33.186
2025-12-08 06:10:00,-0.936,96.989,-34.122
2025-12-08 09:05:00,2.347,99.336,-31.775
2025-12-08 16:00:00,-1.072,98.264,-32.847
2025-12-09 08:55:00,0.448,98.712,-32.399
2025-12-09 11:50:00,-1.243,97.469,-33.642
2025-12-09 15:00:00,2.357,99.826,-31.285
2025-12-09 16:10:00,2.439,102.265,-28.846
2025-12-10 00:15:00,-0.312,101.953,-29.158
2025-12-10 07:05:00,-1.134,100.819,-30.292
2025-12-10 10:55:00,-1.105,99.714,-31.397
2025-12-10 20:15:00,2.388,102.102,-29.009
2025-12-10 20:50:00,-1.081,101.021,-30.09
2025-12-11 05:10:00,1.428,102.449,-28.662
2025-12-11 16:35:00,-0.031,102.418,-28.693
2025-12-12 05:05:00,-0.072,102.346,-28.765
2025-12-12 15:00:00,-1.131,101.215,-29.896
2025-12-12 15:55:00,2.402,103.617,-27.494
2025-12-13 00:00:00,-0.345,103.272,-27.839
2025-12-13 18:25:00,0.352,103.624,-27.487
2025-12-13 22:40:00,-1.224,102.4,-28.711
2025-12-14 04:40:00,-1.181,101.219,-29.892
2025-12-14 11:30:00,2.271,103.49,-27.621
2025-12-14 17:10:00,2.307,105.797,-25.314
2025-12-15 01:15:00,-0.487,105.31,-25.801
2025-12-15 13:35:00,-1.179,104.131,-26.98
2025-12-15 23:00:00,1.069,105.2,-25.911
2025-12-16 06:05:00,-1.085,104.115,-26.996
2025-12-16 15:50:00,-1.047,103.068,-28.043
2025-12-17 01:05:00,-1.313,101.755,-29.356
2025-12-17 10:20:00,0.825,102.58,-28.531
2025-12-17 14:45:00,-1.088,101.492,-29.619
2025-12-17 16:10:00,-1.034,100.458,-30.653
2025-12-18 00:15:00,0.327,100.785,-30.326
2025-12-18 02:15:00,-1.108,99.677,-31.434
2025-12-18 09:50:00,-1.081,98.596,-32.515
2025-12-18 17:05:00,-1.089,97.507,-33.604
2025-12-19 01:10:00,0.925,98.432,-32.679
2025-12-19 03:00:00,-1.152,97.28,-33.831
2025-12-19 14:40:00,2.379,99.659,-31.452
2025-12-19 22:45:00,0.935,100.594,-30.517
2025-12-20 16:05:00,0.708,101.302,-29.809
2025-12-20 22:10:00,-1.261,100.041,-31.07
2025-12-21 13:00:00,-1.193,98.848,-32.263
2025-12-21 21:05:00,0.145,98.993,-32.118
2025-12-22 07:05:00,0.585,99.578,-31.533
2025-12-22 16:35:00,0.766,100.344,-30.767
2025-12-23 00:50:00,-1.085,99.259,-31.852
2025-12-23 02:35:00,-1.146,98.113,-32.998
2025-12-23 13:35:00,0.354,98.467,-32.644
2025-12-23 16:50:00,-1.128,97.339,-33.772
2025-12-24 10:30:00,0.985,98.324,-32.787
2025-12-24 14:50:00,-1.108,97.216,-33.895
2025-12-25 00:30:00,-1.194,96.022,-35.089
2025-12-25 02:25:00,-1.507,94.515,-36.596
2025-12-25 08:20:00,2.168,96.683,-34.428
2025-12-25 16:25:00,-0.616,96.067,-35.044
2025-12-25 22:45:00,2.355,98.422,-32.689
2025-12-26 02:25:00,-1.042,97.38,-33.731
2025-12-26 15:00:00,2.4,99.78,-31.331
2025-12-26 23:05:00,0.044,99.824,-31.287
2025-12-27 11:20:00,-1.261,98.563,-32.548
2025-12-28 07:50:00,-0.238,98.325,-32.786
2025-12-28 18:00:00,-1.366,96.959,-34.152
2025-12-29 00:20:00,-1.18,95.779,-35.332
2025-12-29 03:40:00,2.388,98.167,-32.944
2025-12-29 09:30:00,-1.094,97.073,-34.038
2025-12-29 20:10:00,0.253,97.326,-33.785
2025-12-30 03:40:00,-1.156,96.17,-34.941
2025-12-30 14:00:00,-1.116,95.054,-36.057
2025-12-30 18:50:00,-1.07,93.984,-37.127
2025-12-31 02:55:00,-0.594,93.39,-37.721
2025-12-31 05:25:00,-1.484,91.906,-39.205
2025-12-31 15:30:00,2.349,94.255,-36.856
2025-12-31 23:35:00,1.197,95.452,-35.659
2026-01-01 15:15:00,-1.184,94.268,-36.843
2026-01-01 15:40:00,2.323,96.591,-34.52
2026-01-01 23:45:00,1.129,97.72,-33.391
2026-01-02 03:40:00,2.304,100.024,-31.087
2026-01-02 09:45:00,2.424,102.448,-28.663
2026-01-02 17:50:00,0.671,103.119,-27.992
2026-01-02 18:50:00,-1.112,102.007,-29.104
2026-01-02 22:10:00,2.406,104.413,-26.698
2026-01-03 06:15:00,0.086,104.499,-26.612
2026-01-04 00:15:00,2.361,106.86,-24.251
2026-01-04 03:20:00,2.413,109.273,-21.838
2026-01-04 11:25:00,1.037,110.31,-20.801
2026-01-04 14:30:00,-1.067,109.243,-21.868
2026-01-04 19:05:00,-1.083,108.16,-22.951
2026-01-05 04:30:00,-1.061,107.099,-24.012
2026-01-05 16:35:00,-1.075,106.024,-25.087
2026-01-06 00:40:00,-0.432,105.592,-25.519
2026-01-06 09:05:00,-0.755,104.837,-26.274
2026-01-06 14:25:00,2.404,107.241,-23.87
2026-01-06 15:35:00,-1.039,106.202,-24.909
2026-01-07 00:10:00,-0.447,105.755,-25.356
2026-01-07 08:05:00,-1.071,104.684,-26.427
2026-01-07 10:25:00,-1.054,103.63,-27.481
2026-01-07 18:30:00,0.245,103.875,-27.236
2026-01-08 00:50:00,-1.098,102.777,-28.334
2026-01-08 07:00:00,2.4,105.177,-25.934
2026-01-08 15:05:00,0.633,105.81,-25.301
2026-01-09 08:50:00,2.373,108.183,-22.928
2026-01-09 15:25:00,-1.046,107.137,-23.974
2026-01-09 21:30:00,-1.093,106.044,-25.067
2026-01-10 08:50:00,0.603,106.647,-24.464
2026-01-11 07:40:00,-1.169,105.478,-25.633
2026-01-11 15:40:00,-1.12,104.358,-26.753
2026-01-11 23:45:00,0.706,105.064,-26.047
2026-01-12 07:30:00,-1.118,103.946,-27.165
2026-01-12 15:35:00,0.026,103.972,-27.139
2026-01-12 21:40:00,-1.057,102.915,-28.196
2026-01-13 04:10:00,-1.127,101.788,-29.323
2026-01-13 13:05:00,0.945,102.733,-28.378
2026-01-13 22:05:00,2.431,105.164,-25.947
2026-01-14 06:10:00,-0.205,104.959,-26.152
2026-01-14 22:40:00,-0.579,104.38,-26.731
2026-01-15 09:25:00,0.617,104.997,-26.114
2026-01-15 22:40:00,1.27,106.267,-24.844
2026-01-16 10:15:00,0.08,106.347,-24.764
2026-01-16 15:15:00,2.32,108.667,-22.444
2026-01-16 23:20:00,-0.916,107.751,-23.36
2026-01-17 10:30:00,-0.223,107.528,-23.583
2026-01-17 22:30:00,-1.152,106.376,-24.735
2026-01-18 06:35:00,0.427,106.803,-24.308
2026-01-18 08:40:00,-1.274,105.529,-25.582
2026-01-18 12:40:00,-1.452,104.077,-27.034
2026-01-18 14:15:00,-1.244,102.833,-28.278
2026-01-18 23:05:00,0.523,103.356,-27.755
2026-01-19 00:00:00,2.43,105.786,-25.325
2026-01-19 08:05:00,-0.039,105.747,-25.364
2026-01-19 12:35:00,-1.222,104.525,-26.586
2026-01-20 06:15:00,1.541,106.066,-25.045
2026-01-20 14:20:00,0.73,106.796,-24.315
2026-01-20 23:10:00,0.371,107.167,-23.944
2026-01-21 12:10:00,2.366,109.533,-21.578
2026-01-21 14:10:00,-1.056,108.477,-22.634
2026-01-21 19:35:00,-1.025,107.452,-23.659
2026-01-22 03:40:00,-0.028,107.424,-23.687
2026-01-22 09:35:00,-1.162,106.262,-24.849
2026-01-22 12:25:00,-1.103,105.159,-25.952
2026-01-22 13:25:00,-1.475,103.684,-27.427
2026-01-22 21:45:00,0.762,104.446,-26.665
2026-01-23 06:25:00,-1.19,103.256,-27.855
2026-01-23 10:10:00,-1.141,102.115,-28.996
2026-01-23 14:30:00,2.301,104.416,-26.695
2026-01-23 16:00:00,-1.073,103.343,-27.768
2026-01-23 20:35:00,-1.05,102.293,-28.818
2026-01-23 22:55:00,-1.082,101.211,-29.9
2026-01-24 16:00:00,2.118,103.329,-27.782
2026-01-24 20:05:00,-1.166,102.163,-28.948
2026-01-25 07:15:00,2.245,104.408,-26.703
2026-01-25 09:45:00,-1.178,103.23,-27.881
2026-01-25 16:00:00,2.282,105.512,-25.599
2026-01-25 18:40:00,2.36,107.872,-23.239
2026-01-26 01:00:00,-1.085,106.787,-24.324
2026-01-26 14:35:00,-1.093,105.694,-25.417
2026-01-26 22:40:00,0.011,105.705,-25.406
2026-01-27 09:05:00,-1.168,104.537,-26.574
2026-01-27 11:45:00,-1.25,103.287,-27.824
2026-01-27 13:45:00,-1.148,102.139,-28.972
2026-01-27 14:10:00,-1.191,100.948,-30.163
2026-01-28 00:05:00,1.458,102.406,-28.705
2026-01-28 10:00:00,2.359,104.765,-26.346
2026-01-28 14:15:00,-1.069,103.696,-27.415
2026-01-29 04:10:00,2.342,106.038,-25.073
2026-01-29 12:15:00,0.298,106.336,-24.775
2026-01-29 15:00:00,2.352,108.688,-22.423
2026-01-29 23:05:00,0.27,108.958,-22.153
2026-01-30 01:40:00,2.396,111.354,-19.757
2026-01-30 09:45:00,0.133,111.487,-19.624
2026-01-31 07:30:00,2.336,113.823,-17.288
2026-01-31 14:10:00,2.398,116.221,-14.89
2026-01-31 14:25:00,2.401,118.622,-12.489
2026-01-31 18:40:00,2.473,121.095,-10.016
2026-01-31 23:15:00,-1.045,120.05,-11.061
2026-02-01 07:40:00,-1.136,118.914,-12.197
2026-02-01 13:10:00,-1.058,117.856,-13.255
2026-02-01 14:50:00,-1.05,116.806,-14.305
2026-02-01 23:30:00,-0.6,116.206,-14.905
2026-02-02 11:15:00,-0.86,115.346,-15.765
2026-02-02 14:10:00,-1.144,114.202,-16.909
2026-02-02 15:35:00,2.411,116.613,-14.498
2026-02-02 20:35:00,-1.039,115.574,-15.537
2026-02-03 00:00:00,-1.151,114.423,-16.688
2026-02-03 04:40:00,-1.144,113.279,-17.832
2026-02-03 05:50:00,-1.09,112.189,-18.922
2026-02-03 14:50:00,-1.062,111.127,-19.984
2026-02-03 15:30:00,-1.05,110.077,-21.034
2026-02-03 17:15:00,-1.036,109.041,-22.07
2026-02-03 20:30:00,-1.032,108.009,-23.102
2026-02-04 04:35:00,-0.093,107.916,-23.195
2026-02-04 17:35:00,2.431,110.347,-20.764
2026-02-04 18:35:00,-1.051,109.296,-21.815
2026-02-05 06:05:00,0.295,109.591,-21.52
2026-02-05 14:25:00,0.761,110.352,-20.759
2026-02-05 18:15:00,2.461,112.813,-18.298
2026-02-06 00:10:00,2.466,115.279,-15.832
2026-02-06 04:25:00,-1.01,114.269,-16.842
2026-02-06 09:25:00,-1.091,113.178,-17.933
2026-02-06 16:50:00,2.442,115.62,-15.491
2026-02-07 00:55:00,-0.551,115.069,-16.042
2026-02-07 04:25:00,-1.164,113.905,-17.206
2026-02-07 15:10:00,-0.129,113.776,-17.335
2026-02-08 00:10:00,0.479,114.255,-16.856
2026-02-08 07:20:00,2.239,116.494,-14.617
2026-02-08 08:00:00,-1.173,115.321,-15.79
2026-02-08 10:25:00,-1.071,114.25,-16.861
2026-02-08 11:30:00,-1.055,113.195,-17.916
2026-02-08 15:20:00,-1.156,112.039,-19.072
2026-02-08 23:05:00,-1.07,110.969,-20.142
2026-02-09 10:15:00,2.38,113.349,-17.762
2026-02-09 13:10:00,-1.101,112.248,-18.863
2026-02-10 01:40:00,-0.055,112.193,-18.918
2026-02-10 11:25:00,1.582,113.775,-17.336
2026-02-10 13:30:00,-1.295,112.48,-18.631
2026-02-10 17:20:00,-1.079,111.401,-19.71
2026-02-11 02:50:00,-0.478,110.923,-20.188
2026-02-11 11:20:00,1.482,112.405,-18.706
2026-02-11 23:00:00,-0.615,111.79,-19.321
2026-02-12 09:55:00,2.342,114.132,-16.979
2026-02-12 16:10:00,-1.105,113.027,-18.084
2026-02-13 00:20:00,-0.266,112.761,-18.35
2026-02-13 07:00:00,-1.146,111.615,-19.496
2026-02-13 15:15:00,0.852,112.467,-18.644
2026-02-13 23:30:00,0.226,112.693,-18.418
2026-02-14 11:10:00,2.358,115.051,-16.06
2026-02-14 14:50:00,2.416,117.467,-13.644
2026-02-14 20:45:00,2.459,119.926,-11.185
2026-02-14 22:30:00,2.406,122.332,-8.779
2026-02-15 06:35:00,0.564,122.896,-8.215
2026-02-15 17:45:00,2.395,125.291,-5.82
2026-02-16 01:50:00,0.448,125.739,-5.372
2026-02-16 04:00:00,-1.136,124.603,-6.508
2026-02-16 13:25:00,0.312,124.915,-6.196
2026-02-16 21:30:00,-0.048,124.867,-6.244
2026-02-17 02:10:00,-1.14,123.727,-7.384
2026-02-17 13:25:00,-0.537,123.19,-7.921
2026-02-17 16:00:00,-1.052,122.138,-8.973
2026-02-18 00:05:00,-0.368,121.77,-9.341
2026-02-18 10:30:00,-1.118,120.652,-10.459
2026-02-18 15:35:00,-1.102,119.55,-11.561
2026-02-18 18:15:00,-1.042,118.508,-12.603
2026-02-19 02:20:00,0.286,118.794,-12.317
2026-02-19 04:00:00,-1.114,117.68,-13.431
2026-02-19 13:25:00,-0.102,117.578,-13.533
2026-02-19 14:45:00,-1.088,116.49,-14.621
2026-02-19 19:05:00,-1.05,115.44,-15.671
2026-02-20 03:50:00,-1.28,114.16,-16.951
2026-02-20 05:30:00,-1.187,112.973,-18.138
2026-02-20 12:55:00,-1.076,111.897,-19.214
2026-02-20 13:25:00,2.285,114.182,-16.929
2026-02-20 15:00:00,-1.093,113.089,-18.022
2026-02-20 23:05:00,0.207,113.296,-17.815
2026-02-21 11:30:00,-1.327,111.969,-19.142
2026-02-22 00:05:00,0.934,112.903,-18.208
2026-02-22 08:20:00,1.487,114.39,-16.721
2026-02-22 20:15:00,1.919,116.309,-14.802
2026-02-22 21:35:00,-1.268,115.041,-16.07
2026-02-23 01:00:00,2.365,117.406,-13.705
2026-02-23 09:05:00,-0.576,116.83,-14.281
2026-02-23 16:00:00,-1.065,115.765,-15.346
2026-02-24 00:05:00,0.451,116.216,-14.895
2026-02-24 01:30:00,-1.105,115.111,-16.0
2026-02-24 13:25:00,-0.191,114.92,-16.191
2026-02-24 14:45:00,-1.158,113.762,-17.349
2026-02-25 01:10:00,-1.142,112.62,-18.491
2026-02-25 09:15:00,-0.079,112.541,-18.57
2026-02-25 12:15:00,2.173,114.714,-16.397
2026-02-25 13:35:00,2.385,117.099,-14.012
2026-02-25 14:55:00,2.433,119.532,-11.579
2026-02-25 23:00:00,0.518,120.05,-11.061
2026-02-27 01:00:00,-0.326,119.724,-11.387
2026-02-27 10:10:00,-1.063,118.661,-12.45
2026-02-27 18:15:00,1.325,119.986,-11.125
2026-02-28 03:10:00,-0.774,119.212,-11.899
2026-02-28 06:15:00,2.312,121.524,-9.587
2026-02-28 14:20:00,-0.111,121.413,-9.698
2026-03-01 04:15:00,1.192,122.605,-8.506
2026-03-01 13:20:00,2.346,124.951,-6.16
2026-03-01 16:50:00,-1.045,123.906,-7.205
2026-03-02 00:55:00,-0.202,123.704,-7.407
2026-03-02 14:25:00,0.295,123.999,-7.112
2026-03-02 15:20:00,2.438,126.437,-4.674
2026-03-02 23:25:00,-0.488,125.949,-5.162
2026-03-03 07:30:00,1.12,127.069,-4.042
2026-03-03 14:40:00,2.381,129.45,-1.661
2026-03-03 16:05:00,-1.053,128.397,-2.714
2026-03-03 22:00:00,-1.107,127.29,-3.821
2026-03-04 14:00:00,2.429,129.719,-1.392
2026-03-04 15:50:00,2.44,132.159,0.0
2026-03-04 23:55:00,0.012,132.171,0.0
2026-03-05 11:40:00,-1.076,131.095,-1.076
2026-03-05 16:05:00,2.384,133.479,0.0
2026-03-06 00:10:00,-0.381,133.098,-0.381
2026-03-06 01:30:00,-1.215,131.883,-1.596
2026-03-06 10:20:00,-1.126,130.757,-2.722
2026-03-06 13:55:00,2.329,133.086,-0.393
2026-03-06 22:00:00,0.16,133.246,-0.233
2026-03-07 03:10:00,-1.207,132.039,-1.44
2026-03-07 11:40:00,0.444,132.483,-0.996
2026-03-07 17:20:00,-1.141,131.342,-2.137
2026-03-08 02:05:00,-0.056,131.286,-2.193
2026-03-08 05:20:00,-1.149,130.137,-3.342
2026-03-08 08:40:00,-1.459,128.678,-4.801
2026-03-08 20:10:00,-0.319,128.359,-5.12
2026-03-09 00:10:00,-1.033,127.326,-6.153
2026-03-09 11:15:00,-0.668,126.658,-6.821
2026-03-09 21:30:00,-0.22,126.438,-7.041
2026-03-10 00:25:00,-1.168,125.27,-8.209
2026-03-10 09:20:00,2.417,127.687,-5.792
2026-03-10 14:55:00,2.445,130.132,-3.347
2026-03-10 18:15:00,-1.024,129.108,-4.371
2026-03-11 10:20:00,1.172,130.28,-3.199
2026-03-11 15:30:00,-1.058,129.222,-4.257
2026-03-11 18:20:00,-1.043,128.179,-5.3
2026-03-11 20:25:00,-1.109,127.07,-6.409
2026-03-12 08:10:00,0.241,127.311,-6.168
2026-03-12 16:20:00,0.811,128.122,-5.357
2026-03-13 00:15:00,2.363,130.485,-2.994
2026-03-13 08:20:00,0.149,130.634,-2.845
2026-03-13 12:45:00,2.434,133.068,-0.411
2026-03-13 14:35:00,-1.045,132.023,-1.456
2026-03-13 21:35:00,-1.138,130.885,-2.594
2026-03-14 03:30:00,-1.322,129.563,-3.916
2026-03-14 13:40:00,0.097,129.66,-3.819
2026-03-14 22:45:00,-0.538,129.122,-4.357
2026-03-15 02:45:00,2.349,131.471,-2.008
2026-03-15 10:50:00,-0.635,130.836,-2.643
2026-03-15 21:40:00,-0.605,130.231,-3.248
2026-03-16 03:20:00,2.411,132.642,-0.837
2026-03-16 11:25:00,-0.086,132.556,-0.923
2026-03-16 21:40:00,0.407,132.963,-0.516
2026-03-17 03:40:00,-1.061,131.902,-1.577
2026-03-17 09:05:00,-1.135,130.767,-2.712
2026-03-17 13:20:00,2.293,133.06,-0.419
2026-03-17 15:00:00,-1.077,131.983,-1.496
2026-03-18 01:55:00,-0.338,131.645,-1.834
2026-03-18 04:30:00,-1.12,130.525,-2.954
2026-03-18 12:45:00,2.427,132.952,-0.527
2026-03-18 20:50:00,0.447,133.399,-0.08
2026-03-19 09:20:00,-1.182,132.217,-1.262
2026-03-19 19:05:00,0.435,132.652,-0.827
2026-03-20 00:10:00,-1.162,131.49,-1.989
2026-03-20 08:10:00,-1.105,130.385,-3.094
2026-03-20 10:40:00,-1.156,129.229,-4.25
2026-03-20 14:30:00,-1.135,128.094,-5.385
2026-03-20 19:50:00,-1.145,126.949,-6.53
2026-03-21 10:45:00,-1.098,125.851,-7.628
2026-03-21 15:50:00,-1.235,124.616,-8.863
2026-03-21 23:45:00,-1.118,123.498,-9.981
2026-03-22 00:00:00,2.409,125.907,-7.572
2026-03-22 08:05:00,-0.187,125.72,-7.759
2026-03-22 12:25:00,-1.099,124.621,-8.858
2026-03-23 02:35:00,-0.371,124.25,-9.229
2026-03-23 11:05:00,-1.127,123.123,-10.356
2026-03-23 19:10:00,0.2,123.323,-10.156
2026-03-24 14:20:00,-1.099,122.224,-11.255
2026-03-24 20:20:00,-1.094,121.13,-12.349
2026-03-25 04:30:00,0.373,121.503,-11.976
2026-03-25 06:20:00,2.327,123.83,-9.649
2026-03-25 14:25:00,0.314,124.144,-9.335
2026-03-26 05:05:00,2.33,126.474,-7.005
2026-03-26 06:25:00,2.333,128.807,-4.672
2026-03-26 14:30:00,0.357,129.164,-4.315
2026-03-26 20:10:00,-1.099,128.065,-5.414
2026-03-27 10:35:00,2.374,130.439,-3.04
2026-03-27 18:40:00,-0.083,130.356,-3.123
2026-03-28 05:45:00,-1.253,129.103,-4.376
2026-03-28 22:10:00,-0.811,128.292,-5.187
2026-03-28 23:10:00,2.307,130.599,-2.88
2026-03-29 07:15:00,-0.438,130.161,-3.318
2026-03-29 17:35:00,1.321,131.482,-1.997
2026-03-29 22:00:00,-1.248,130.234,-3.245
2026-03-30 00:15:00,-1.051,129.183,-4.296
2026-03-30 08:20:00,0.753,129.936,-3.543
2026-03-30 09:40:00,-1.095,128.841,-4.638
2026-03-31 01:25:00,-0.14,128.701,-4.778
2026-03-31 08:45:00,-1.082,127.619,-5.86
2026-03-31 09:25:00,2.328,129.947,-3.532
2026-03-31 13:50:00,-1.07,128.877,-4.602
2026-03-31 16:40:00,-1.064,127.813,-5.666
2026-04-01 01:15:00,-0.076,127.737,-5.742
2026-04-01 06:05:00,2.279,130.016,-3.463
2026-04-01 09:15:00,-1.059,128.957,-4.522
2026-04-01 18:00:00,-1.062,127.895,-5.584
2026-04-01 23:50:00,-1.128,126.767,-6.712
2026-04-02 00:40:00,-1.243,125.524,-7.955
2026-04-02 09:05:00,1.544,127.068,-6.411
2026-04-02 13:35:00,2.178,129.246,-4.233
2026-04-02 14:05:00,-1.116,128.13,-5.349
2026-04-03 02:10:00,-0.527,127.603,-5.876
2026-04-03 05:25:00,-1.166,126.437,-7.042
2026-04-03 09:25:00,-1.195,125.242,-8.237
2026-04-03 13:05:00,-1.166,124.076,-9.403
2026-04-03 19:00:00,-1.183,122.893,-10.586
2026-04-04 09:05:00,0.232,123.125,-10.354
2026-04-04 11:40:00,-1.403,121.722,-11.757
2026-04-04 23:25:00,0.195,121.917,-11.562
2026-04-05 05:20:00,1.936,123.853,-9.626
2026-04-05 05:50:00,1.871,125.724,-7.755
2026-04-05 13:55:00,0.612,126.336,-7.143
2026-04-06 00:00:00,2.369,128.705,-4.774
2026-04-06 08:05:00,-0.45,128.255,-5.224
2026-04-06 14:00:00,-1.117,127.138,-6.341
2026-04-06 22:30:00,2.195,129.333,-4.146
2026-04-07 06:35:00,0.31,129.643,-3.836
2026-04-07 17:35:00,-1.12,128.523,-4.956
2026-04-07 22:50:00,2.411,130.934,-2.545
2026-04-08 06:55:00,0.025,130.959,-2.52
2026-04-08 18:45:00,-1.138,129.821,-3.658
2026-04-09 07:05:00,0.536,130.357,-3.122
2026-04-09 15:10:00,-1.228,129.129,-4.35
2026-04-09 20:25:00,2.391,131.52,-1.959
2026-04-09 23:10:00,-1.088,130.432,-3.047
2026-04-10 07:15:00,0.267,130.699,-2.78
2026-04-10 12:30:00,-1.142,129.557,-3.922
2026-04-10 22:30:00,0.023,129.58,-3.899
2026-04-11 05:10:00,-1.179,128.401,-5.078
2026-04-11 14:05:00,0.037,128.438,-5.041
2026-04-11 18:35:00,2.239,130.677,-2.802
2026-04-12 00:00:00,-1.091,129.586,-3.893
2026-04-12 01:40:00,2.389,131.975,-1.504
2026-04-12 09:45:00,-0.043,131.932,-1.547
2026-04-12 12:40:00,-1.484,130.448,-3.031
2026-04-12 20:40:00,-1.247,129.201,-4.278
2026-04-13 06:05:00,-0.705,128.496,-4.983
2026-04-13 12:50:00,-1.183,127.313,-6.166
2026-04-13 13:25:00,-1.114,126.199,-7.28
2026-04-13 22:05:00,0.872,127.071,-6.408
2026-04-14 06:15:00,-0.331,126.74,-6.739
2026-04-14 09:05:00,2.263,129.003,-4.476
2026-04-14 17:10:00,0.189,129.192,-4.287
2026-04-15 02:25:00,0.396,129.588,-3.891
2026-04-15 05:40:00,-1.17,128.418,-5.061
2026-04-15 18:00:00,2.339,130.757,-2.722
2026-04-16 02:05:00,-0.182,130.575,-2.904
2026-04-16 10:30:00,-0.21,130.365,-3.114
2026-04-16 13:50:00,-1.099,129.266,-4.213
2026-04-17 00:10:00,0.285,129.551,-3.928
2026-04-17 13:15:00,2.421,131.972,-1.507
2026-04-17 21:20:00,-0.466,131.506,-1.973
2026-04-18 11:40:00,2.393,133.899,0.0
2026-04-18 19:45:00,0.715,134.614,0.0
2026-04-19 12:20:00,-1.077,133.537,-1.077
2026-04-19 23:40:00,1.109,134.646,0.0
2026-04-20 07:20:00,-1.099,133.547,-1.099
2026-04-20 23:30:00,-0.309,133.238,-1.408
2026-04-21 05:05:00,-1.252,131.986,-2.66
2026-04-21 12:35:00,-1.259,130.727,-3.919
2026-04-21 20:40:00,0.137,130.864,-3.782
2026-04-22 03:10:00,2.363,133.227,-1.419
2026-04-22 11:15:00,0.886,134.113,-0.533
2026-04-22 12:20:00,-1.138,132.975,-1.671
2026-04-23 07:05:00,0.235,133.21,-1.436
2026-04-23 11:50:00,-1.14,132.07,-2.576
2026-04-23 15:20:00,2.347,134.417,-0.229
2026-04-23 17:30:00,-1.072,133.345,-1.301
2026-04-23 21:40:00,-1.122,132.223,-2.423
2026-04-24 05:45:00,-0.498,131.725,-2.921
2026-04-24 09:50:00,-1.116,130.609,-4.037
2026-04-24 19:05:00,0.189,130.798,-3.848
2026-04-24 22:30:00,-1.11,129.688,-4.958
2026-04-25 09:20:00,-0.535,129.153,-5.493
2026-04-25 16:10:00,-1.262,127.891,-6.755
2026-04-25 21:00:00,-1.215,126.676,-7.97
2026-04-26 00:20:00,-1.27,125.406,-9.24
2026-04-26 13:15:00,-0.236,125.17,-9.476
2026-04-26 16:45:00,-1.446,123.724,-10.922
2026-04-26 20:55:00,-1.225,122.499,-12.147
2026-04-27 05:15:00,-1.084,121.415,-13.231
2026-04-27 13:20:00,0.264,121.679,-12.967
2026-04-27 15:15:00,-1.086,120.593,-14.053
2026-04-27 23:20:00,-0.883,119.71,-14.936
2026-04-28 04:15:00,2.359,122.069,-12.577
2026-04-28 07:15:00,-1.089,120.98,-13.666
2026-04-28 15:55:00,-1.228,119.752,-14.894
2026-04-29 00:00:00,-0.164,119.588,-15.058
2026-04-29 07:30:00,2.394,121.982,-12.664
2026-04-29 09:45:00,2.458,124.44,-10.206
2026-04-29 14:50:00,-1.02,123.42,-11.226
2026-04-30 00:30:00,2.414,125.834,-8.812
2026-04-30 08:35:00,0.118,125.952,-8.694
2026-04-30 10:25:00,-1.155,124.797,-9.849
2026-05-01 01:05:00,2.32,127.117,-7.529
2026-05-01 09:10:00,-0.244,126.873,-7.773
2026-05-01 19:25:00,0.028,126.901,-7.745
2026-05-02 21:55:00,0.249,127.15,-7.496
2026-05-03 00:15:00,-1.122,126.028,-8.618
2026-05-03 09:40:00,-0.935,125.093,-9.553
2026-05-03 19:45:00,-0.05,125.043,-9.603
2026-05-03 20:35:00,2.065,127.108,-7.538
2026-05-03 21:25:00,-1.236,125.872,-8.774
2026-05-03 22:10:00,-1.095,124.777,-9.869
2026-05-04 06:15:00,1.195,125.972,-8.674
2026-05-04 15:15:00,-1.063,124.909,-9.737
2026-05-05 09:25:00,-0.022,124.887,-9.759
2026-05-05 17:15:00,2.293,127.18,-7.466
2026-05-06 01:25:00,0.556,127.736,-6.91
2026-05-06 13:00:00,-1.17,126.566,-8.08
2026-05-06 21:10:00,1.504,128.07,-6.576
2026-05-07 07:05:00,0.66,128.73,-5.916
2026-05-07 15:25:00,2.387,131.117,-3.529
2026-05-07 23:30:00,-0.02,131.097,-3.549
2026-05-08 08:55:00,-0.225,130.872,-3.774
2026-05-08 14:35:00,-1.107,129.765,-4.881
2026-05-09 01:50:00,2.329,132.094,-2.552
2026-05-09 09:55:00,-0.71,131.384,-3.262
2026-05-09 18:15:00,-1.233,130.151,-4.495
2026-05-09 21:45:00,-1.221,128.93,-5.716
2026-05-10 01:00:00,2.194,131.124,-3.522
2026-05-10 08:10:00,-1.178,129.946,-4.7
2026-05-10 16:00:00,-1.111,128.835,-5.811
2026-05-10 20:45:00,-1.113,127.722,-6.924
2026-05-10 22:55:00,-1.024,126.698,-7.948
2026-05-11 07:00:00,-0.684,126.014,-8.632
2026-05-11 10:15:00,-1.098,124.916,-9.73
2026-05-12 00:10:00,-0.082,124.834,-9.812
2026-05-12 07:05:00,-1.105,123.729,-10.917
2026-05-12 16:05:00,0.977,124.706,-9.94
2026-05-12 17:35:00,-1.094,123.612,-11.034
2026-05-13 01:10:00,2.317,125.929,-8.717
2026-05-13 09:15:00,1.037,126.966,-7.68
2026-05-13 12:30:00,-1.07,125.896,-8.75
2026-05-13 17:00:00,-1.083,124.813,-9.833
2026-05-14 01:05:00,0.722,125.535,-9.111
2026-05-14 13:40:00,-0.069,125.466,-9.18
2026-05-14 20:25:00,-1.039,124.427,-10.219
2026-05-15 04:30:00,-1.074,123.353,-11.293
2026-05-15 13:05:00,0.575,123.928,-10.718
2026-05-15 13:50:00,2.344,126.272,-8.374
2026-05-15 21:55:00,-0.453,125.819,-8.827
2026-05-16 04:30:00,2.307,128.126,-6.52
2026-05-16 12:35:00,1.347,129.473,-5.173
2026-05-16 14:30:00,-1.132,128.341,-6.305
2026-05-17 02:00:00,2.247,130.588,-4.058
2026-05-17 03:30:00,-1.117,129.471,-5.175
2026-05-17 10:20:00,2.297,131.768,-2.878
2026-05-17 15:15:00,-1.095,130.673,-3.973
2026-05-17 21:55:00,-1.153,129.52,-5.126
2026-05-17 22:10:00,-1.132,128.388,-6.258
2026-05-17 23:40:00,2.413,130.801,-3.845
2026-05-18 07:45:00,1.138,131.939,-2.707
2026-05-18 22:15:00,-1.13,130.809,-3.837
2026-05-19 04:50:00,-1.095,129.714,-4.932
2026-05-19 13:35:00,-1.191,128.523,-6.123
2026-05-19 22:20:00,0.372,128.895,-5.751
2026-05-20 06:20:00,-1.129,127.766,-6.88
2026-05-20 14:15:00,-1.094,126.672,-7.974
2026-05-21 00:45:00,-1.188,125.484,-9.162
2026-05-21 08:50:00,1.233,126.717,-7.929
2026-05-21 17:20:00,-1.081,125.636,-9.01
2026-05-22 01:30:00,-0.469,125.167,-9.479
2026-05-22 07:00:00,-1.123,124.044,-10.602
2026-05-22 14:15:00,-1.136,122.908,-11.738
2026-05-22 23:45:00,2.412,125.32,-9.326
2026-05-23 07:50:00,2.438,127.758,-6.888
2026-05-23 14:55:00,-1.044,126.714,-7.932
2026-05-23 20:40:00,2.319,129.033,-5.613
2026-05-24 04:45:00,-0.572,128.461,-6.185
2026-05-24 10:05:00,-1.216,127.245,-7.401
2026-05-24 13:55:00,-1.202,126.043,-8.603
2026-05-24 22:15:00,0.057,126.1,-8.546
2026-05-25 04:40:00,-1.204,124.896,-9.75
2026-05-25 12:55:00,0.172,125.068,-9.578
2026-05-25 19:45:00,-1.267,123.801,-10.845
2026-05-26 00:35:00,2.245,126.046,-8.6
2026-05-26 08:40:00,0.096,126.142,-8.504
2026-05-26 17:20:00,-1.096,125.046,-9.6
2026-05-27 01:25:00,-0.8,124.246,-10.4
2026-05-27 05:00:00,-1.14,123.106,-11.54
2026-05-27 12:00:00,-1.137,121.969,-12.677
2026-05-27 13:35:00,-1.133,120.836,-13.81
2026-05-27 15:15:00,-1.085,119.751,-14.895
2026-05-27 21:40:00,-1.065,118.686,-15.96
2026-05-28 05:45:00,1.906,120.592,-14.054
2026-05-28 16:20:00,-1.12,119.472,-15.174
2026-05-28 20:05:00,-1.093,118.379,-16.267
2026-05-29 06:20:00,-1.239,117.14,-17.506
2026-05-29 15:10:00,-1.124,116.016,-18.63
2026-05-29 23:15:00,-0.045,115.971,-18.675
